timestamp,fps,left_conf,center_conf,right_conf,lane_width_m,lateral_error_m,heading_error_deg,curvature,lookahead_m,target_speed,actual_speed,steer_raw,steer_filtered,tracking_state,reconstruction_method
1786986238.873,0.0,0.908,0.787,0.814,0.4927,-0.0041,7.45,-0.04096,0.196,0.180,0.000,-0.3063,-0.2732,TRACKING,L+C+R_fused
1786986238.954,0.0,0.909,0.788,0.753,0.4924,-0.0042,7.46,-0.03704,0.196,0.180,0.000,-0.3055,-0.3094,TRACKING,L+C+R_fused
1786986238.964,0.0,0.909,0.787,0.743,0.4912,-0.0040,7.60,-0.02815,0.197,0.180,0.000,-0.3038,-0.3136,TRACKING,L+C+R_fused
1786986238.985,0.0,0.909,0.787,0.919,0.4918,-0.0042,7.45,-0.03775,0.196,0.180,0.000,-0.3056,-0.3158,TRACKING,L+C+R_fused
1786986238.996,0.0,0.909,0.788,0.916,0.4919,-0.0042,7.48,-0.03653,0.196,0.180,0.000,-0.3059,-0.3163,TRACKING,L+C+R_fused
1786986239.011,0.0,0.909,0.787,0.913,0.4923,-0.0042,7.43,-0.03976,0.196,0.180,0.000,-0.3062,-0.3167,TRACKING,L+C+R_fused
1786986239.050,0.0,0.909,0.787,0.914,0.4916,-0.0042,7.43,-0.03954,0.196,0.180,0.000,-0.3056,-0.3162,TRACKING,L+C+R_fused
1786986239.059,0.0,0.909,0.789,0.915,0.4906,-0.0041,7.47,-0.03620,0.196,0.180,0.000,-0.3051,-0.3157,TRACKING,L+C+R_fused
1786986239.076,0.0,0.910,0.788,0.919,0.4904,-0.0042,7.42,-0.03940,0.196,0.180,0.000,-0.3057,-0.3162,TRACKING,L+C+R_fused
1786986239.092,0.0,0.910,0.787,0.916,0.4905,-0.0042,7.43,-0.03848,0.196,0.180,0.000,-0.3056,-0.3161,TRACKING,L+C+R_fused
1786986239.108,0.0,0.911,0.788,0.916,0.4898,-0.0042,7.44,-0.03695,0.196,0.180,0.000,-0.3052,-0.3158,TRACKING,L+C+R_fused
1786986239.123,0.0,0.910,0.788,0.919,0.4893,-0.0042,7.44,-0.03697,0.196,0.180,0.000,-0.3053,-0.3158,TRACKING,L+C+R_fused
1786986239.140,0.0,0.909,0.786,0.916,0.4919,-0.0042,7.43,-0.04172,0.196,0.180,0.000,-0.3068,-0.3171,TRACKING,L+C+R_fused
1786986239.166,0.0,0.910,0.786,0.916,0.4918,-0.0041,7.48,-0.03756,0.196,0.180,0.000,-0.3057,-0.3163,TRACKING,L+C+R_fused
1786986239.180,0.0,0.910,0.786,0.916,0.4918,-0.0041,7.48,-0.03737,0.196,0.180,0.000,-0.3056,-0.3162,TRACKING,L+C+R_fused
1786986239.189,0.0,0.911,0.786,0.917,0.4908,-0.0042,7.43,-0.04039,0.196,0.180,0.000,-0.3066,-0.3170,TRACKING,L+C+R_fused
1786986239.203,0.0,0.910,0.786,0.927,0.4901,-0.0041,7.45,-0.03935,0.196,0.180,0.000,-0.3058,-0.3164,TRACKING,L+C+R_fused
1786986239.229,0.0,0.910,0.786,0.927,0.4901,-0.0041,7.48,-0.03799,0.196,0.180,0.000,-0.3054,-0.3160,TRACKING,L+C+R_fused
1786986239.235,0.0,0.910,0.785,0.927,0.4916,-0.0041,7.45,-0.03937,0.196,0.180,0.000,-0.3059,-0.3164,TRACKING,L+C+R_fused
1786986239.251,0.0,0.910,0.786,0.927,0.4916,-0.0041,7.47,-0.03758,0.196,0.180,0.000,-0.3056,-0.3162,TRACKING,L+C+R_fused
1786986239.291,0.0,0.910,0.785,0.927,0.4919,-0.0042,7.41,-0.04214,0.196,0.180,0.000,-0.3066,-0.3170,TRACKING,L+C+R_fused
1786986239.311,0.0,0.910,0.786,0.928,0.4919,-0.0041,7.51,-0.03424,0.197,0.180,0.000,-0.3053,-0.3161,TRACKING,L+C+R_fused
1786986239.333,0.0,0.913,0.786,0.928,0.4918,-0.0042,7.49,-0.03484,0.197,0.180,0.000,-0.3058,-0.3163,TRACKING,L+C+R_fused
1786986239.343,0.0,0.913,0.786,0.929,0.4918,-0.0042,7.48,-0.03539,0.196,0.180,0.000,-0.3058,-0.3164,TRACKING,L+C+R_fused
1786986239.367,0.0,0.913,0.786,0.929,0.4918,-0.0034,5.99,-0.02831,0.196,0.180,0.000,-0.3058,-0.3164,TRACKING,prediction
1786986239.381,0.0,0.913,0.786,0.929,0.4918,-0.0027,4.79,-0.02265,0.196,0.180,0.000,-0.3058,-0.3164,TRACKING,prediction
1786986239.402,0.0,0.913,0.786,0.929,0.4918,-0.0022,3.83,-0.01812,0.196,0.180,0.000,-0.3058,-0.3164,TRACKING,prediction
1786986239.408,0.0,0.913,0.786,0.929,0.4918,-0.0017,3.06,-0.01449,0.196,0.180,0.000,-0.3058,-0.3164,TRACKING,prediction
1786986239.423,0.0,0.913,0.786,0.929,0.4918,-0.0014,2.45,-0.01160,0.196,0.180,0.000,-0.3058,-0.3164,TRACKING,prediction
1786986239.444,0.0,0.913,0.786,0.929,0.4918,-0.0011,1.96,-0.00928,0.196,0.180,0.000,-0.3058,-0.3164,TRACKING,prediction
1786986239.465,0.0,0.913,0.786,0.929,0.4918,-0.0009,1.57,-0.00742,0.196,0.180,0.000,-0.3058,-0.3164,TRACKING,prediction
1786986239.471,0.0,0.913,0.786,0.929,0.4918,-0.0007,1.26,-0.00594,0.196,0.180,0.000,-0.3058,-0.3164,TRACKING,prediction
1786986239.492,0.0,0.913,0.786,0.929,0.4918,-0.0006,1.00,-0.00475,0.196,0.180,0.000,-0.3058,-0.3164,TRACKING,prediction
1786986239.506,0.0,0.913,0.786,0.929,0.4918,-0.0005,0.80,-0.00380,0.196,0.180,0.000,-0.3058,-0.3164,TRACKING,prediction
1786986239.527,0.0,0.913,0.786,0.929,0.4918,-0.0004,0.64,-0.00304,0.196,0.180,0.000,-0.3058,-0.3164,TRACKING,prediction
1786986239.544,0.0,0.913,0.786,0.929,0.4918,-0.0003,0.51,-0.00243,0.196,0.180,0.000,-0.3058,-0.3164,TRACKING,prediction
1786986239.555,0.0,0.909,0.789,0.935,0.4903,-0.0034,7.53,-0.02978,0.197,0.180,0.000,-0.2963,-0.3081,TRACKING,L+C+R_fused
1786986239.576,0.0,0.911,0.788,0.935,0.4900,-0.0034,7.47,-0.03340,0.197,0.180,0.000,-0.2967,-0.3072,TRACKING,L+C+R_fused
1786986239.590,0.0,0.908,0.787,0.935,0.4888,-0.0035,7.47,-0.03311,0.197,0.180,0.000,-0.2968,-0.3073,TRACKING,L+C+R_fused
1786986239.599,0.0,0.906,0.790,0.938,0.4886,-0.0035,7.45,-0.03598,0.196,0.180,0.000,-0.2977,-0.3080,TRACKING,L+C+R_fused
1786986239.623,0.0,0.906,0.789,0.938,0.4891,-0.0035,7.42,-0.03888,0.196,0.180,0.000,-0.2979,-0.3083,TRACKING,L+C+R_fused
1786986239.641,0.0,0.906,0.789,0.938,0.4891,-0.0035,7.42,-0.03857,0.196,0.180,0.000,-0.2979,-0.3083,TRACKING,L+C+R_fused
1786986239.667,0.0,0.906,0.790,0.938,0.4891,-0.0035,7.46,-0.03592,0.196,0.180,0.000,-0.2978,-0.3083,TRACKING,L+C+R_fused
1786986239.686,0.0,0.905,0.789,0.938,0.4894,-0.0034,7.51,-0.03240,0.197,0.180,0.000,-0.2973,-0.3079,TRACKING,L+C+R_fused
1786986239.700,0.0,0.905,0.789,0.938,0.4893,-0.0037,7.41,-0.03745,0.196,0.180,0.000,-0.2992,-0.3094,TRACKING,L+C+R_fused
1786986239.721,0.0,0.907,0.790,0.938,0.4894,-0.0038,7.44,-0.03402,0.197,0.180,0.000,-0.2992,-0.3096,TRACKING,L+C+R_fused
1786986239.733,0.0,0.900,0.791,0.934,0.4922,-0.0040,7.49,-0.03113,0.197,0.180,0.000,-0.3018,-0.3119,TRACKING,L+C+R_fused
1786986239.756,0.0,0.907,0.790,0.936,0.4906,-0.0043,7.60,-0.01896,0.198,0.180,0.000,-0.3026,-0.3130,TRACKING,L+C+R_fused
1786986239.763,0.0,0.904,0.786,0.913,0.4945,-0.0044,7.53,-0.01880,0.198,0.180,0.000,-0.3015,-0.3122,TRACKING,L+C+R_fused
1786986239.789,0.0,0.896,0.787,0.918,0.4980,-0.0054,7.44,-0.02049,0.198,0.180,0.000,-0.3085,-0.3181,TRACKING,L+C+R_fused
1786986239.795,0.0,0.896,0.787,0.918,0.4980,-0.0043,5.95,-0.01639,0.198,0.180,0.000,-0.3085,-0.3190,TRACKING,prediction
1786986239.811,0.0,0.896,0.791,0.344,0.5005,-0.0066,7.48,-0.01107,0.199,0.180,0.000,-0.3171,-0.3266,TRACKING,L+C+R_fused
1786986239.827,52.6,0.893,0.790,0.640,0.5010,-0.0073,7.68,0.00958,0.199,0.180,0.000,-0.3260,-0.3354,TRACKING,L+C+R_fused
1786986239.853,52.6,0.888,0.788,0.924,0.5034,-0.0092,7.52,0.00545,0.199,0.700,0.000,-0.3375,-0.3466,TRACKING,L+C+R_fused
1786986239.859,52.6,0.888,0.788,0.924,0.5034,-0.0073,6.01,0.00436,0.199,0.700,0.000,-0.3375,-0.2441,TRACKING,prediction
1786986239.875,52.6,0.874,0.789,0.913,0.5021,-0.0125,7.22,-0.00176,0.200,0.700,0.000,-0.3589,-0.2416,TRACKING,L+C+R_fused
1786986239.891,52.6,0.880,0.785,0.702,0.5097,-0.0139,7.36,0.02198,0.198,0.700,0.000,-0.3792,-0.2524,TRACKING,L+C+R_fused
1786986239.909,52.6,0.902,0.785,0.848,0.5125,-0.0158,7.13,0.00543,0.199,0.700,0.000,-0.3868,-0.2584,TRACKING,L+C+R_fused
1786986239.930,52.6,0.889,0.789,0.938,0.5211,-0.0182,6.75,-0.01135,0.199,0.700,0.000,-0.4019,-0.2678,TRACKING,L+C+R_fused
1786986239.938,52.6,0.907,0.791,0.936,0.5189,-0.0200,6.59,-0.01514,0.198,0.700,0.000,-0.4150,-0.2765,TRACKING,L+C+R_fused
1786986239.964,52.6,0.914,0.789,0.913,0.5216,-0.0213,6.92,0.01754,0.198,0.700,0.000,-0.4320,-0.2873,TRACKING,L+C+R_fused
1786986239.981,52.6,0.906,0.791,0.914,0.5180,-0.0224,6.78,0.01569,0.198,0.700,0.000,-0.4376,-0.2921,TRACKING,L+C+R_fused
1786986239.992,52.6,0.903,0.790,0.930,0.5165,-0.0231,6.48,0.00961,0.199,0.700,0.000,-0.4330,-0.2902,TRACKING,L+C+R_fused
1786986240.008,52.6,0.909,0.789,0.932,0.5198,-0.0224,6.54,0.03115,0.197,0.700,0.000,-0.4340,-0.2902,TRACKING,L+C+R_fused
1786986240.034,52.6,0.908,0.789,0.914,0.5165,-0.0209,5.99,0.00463,0.200,0.700,0.000,-0.3971,-0.2696,TRACKING,L+C+R_fused
1786986240.040,52.6,0.897,0.788,0.740,0.5149,-0.0179,5.80,0.00811,0.199,0.700,0.000,-0.3647,-0.2482,TRACKING,L+C+R_fused
1786986240.055,52.6,0.887,0.792,0.922,0.5196,-0.0149,5.61,0.00596,0.199,0.700,0.000,-0.3306,-0.2258,TRACKING,L+C+R_fused
1786986240.080,52.6,0.886,0.794,0.928,0.5189,-0.0140,5.35,0.00134,0.200,0.700,0.000,-0.3133,-0.2127,TRACKING,L+C+R_fused
1786986240.087,52.6,0.900,0.790,0.922,0.5170,-0.0145,5.31,0.01585,0.198,0.700,0.000,-0.3186,-0.2137,TRACKING,L+C+R_fused
1786986240.104,52.6,0.896,0.790,0.924,0.5173,-0.0158,5.17,0.01317,0.199,0.700,0.000,-0.3256,-0.2178,TRACKING,L+C+R_fused
1786986240.128,52.6,0.899,0.790,0.928,0.5139,-0.0172,5.06,0.01261,0.199,0.700,0.000,-0.3357,-0.2241,TRACKING,L+C+R_fused
1786986240.136,52.6,0.911,0.792,0.785,0.5148,-0.0185,4.83,0.00341,0.200,0.700,0.000,-0.3391,-0.2270,TRACKING,L+C+R_fused
1786986240.152,52.6,0.902,0.795,0.761,0.5140,-0.0197,4.56,-0.01325,0.199,0.700,0.000,-0.3483,-0.2326,TRACKING,L+C+R_fused
1786986240.168,52.6,0.909,0.793,0.762,0.5137,-0.0219,4.20,-0.01975,0.198,0.700,0.000,-0.3605,-0.2402,TRACKING,L+C+R_fused
1786986240.193,52.6,0.911,0.791,0.791,0.5155,-0.0232,4.58,0.01839,0.198,0.700,0.000,-0.3775,-0.2509,TRACKING,L+C+R_fused
1786986240.200,52.6,0.914,0.795,0.756,0.5169,-0.0271,3.53,-0.04503,0.195,0.700,0.000,-0.4022,-0.2663,TRACKING,L+C+R_fused
1786986240.216,52.6,0.909,0.786,0.784,0.5166,-0.0292,3.92,-0.00984,0.199,0.700,0.000,-0.4139,-0.2754,TRACKING,L+C+R_fused
1786986240.233,52.6,0.909,0.786,0.784,0.5166,-0.0234,3.14,-0.00787,0.199,0.180,0.000,-0.4139,-0.2767,TRACKING,prediction
1786986240.251,52.6,0.909,0.786,0.784,0.5166,-0.0187,2.51,-0.00630,0.199,0.180,0.000,-0.4139,-0.4035,TRACKING,prediction
1786986240.272,52.6,0.909,0.786,0.784,0.5166,-0.0150,2.01,-0.00504,0.199,0.180,0.000,-0.4139,-0.4217,TRACKING,prediction
1786986240.291,52.6,0.911,0.746,0.832,0.5140,-0.0425,-1.26,-0.48851,0.151,0.180,0.000,-0.6953,-0.6605,TRACKING,L+C+R_fused
1786986240.306,52.6,0.917,0.749,0.774,0.5130,-0.0428,-2.51,-0.57122,0.150,0.700,0.000,-0.6787,-0.6820,TRACKING,L+C+R_fused
1786986240.328,52.6,0.924,0.740,0.916,0.5069,-0.0398,-2.38,-0.57377,0.150,0.700,0.000,-0.6434,-0.4633,TRACKING,L+C+R_fused
1786986240.348,52.6,0.924,0.740,0.916,0.5069,-0.0318,-1.90,-0.45901,0.150,0.700,0.000,-0.6434,-0.4310,TRACKING,prediction
1786986240.368,52.6,0.921,0.726,0.743,0.5119,-0.0362,-3.99,-0.71459,0.150,0.180,0.000,-0.5577,-0.3787,TRACKING,L+C+R_fused
1786986240.388,52.6,0.914,0.729,0.779,0.5009,-0.0369,-5.29,-0.82312,0.150,0.700,0.000,-0.5370,-0.5215,TRACKING,L+C+R_fused
1786986240.409,52.6,0.919,0.719,0.806,0.5032,-0.0387,-6.60,-0.92879,0.150,0.700,0.000,-0.5320,-0.3777,TRACKING,L+C+R_fused
1786986240.436,52.6,0.919,0.719,0.806,0.5032,-0.0310,-5.28,-0.74303,0.150,0.700,0.000,-0.5320,-0.3567,TRACKING,prediction
1786986240.451,52.6,0.923,0.717,0.751,0.5016,-0.0399,-7.00,-1.01022,0.150,0.700,0.000,-0.5473,-0.3624,TRACKING,L+C+R_fused
1786986240.470,52.6,0.931,0.715,0.916,0.4957,-0.0416,-7.36,-1.07839,0.150,0.700,0.000,-0.5693,-0.3756,TRACKING,L+C+R_fused
1786986240.491,52.6,0.927,0.720,0.809,0.5018,-0.0423,-8.09,-1.16293,0.150,0.700,0.000,-0.5675,-0.3768,TRACKING,L+C+R_fused
1786986240.512,52.6,0.937,0.723,0.819,0.4928,-0.0418,-8.58,-1.22528,0.150,0.700,0.000,-0.5514,-0.3681,TRACKING,L+C+R_fused
1786986240.533,52.6,0.927,0.729,0.729,0.5021,-0.0410,-10.18,-1.36254,0.150,0.700,0.000,-0.5036,-0.3405,TRACKING,L+C+R_fused
1786986240.553,52.6,0.933,0.718,0.717,0.5080,-0.0375,-10.42,-1.45245,0.150,0.700,0.000,-0.4559,-0.3103,TRACKING,L+C+R_fused
1786986240.583,52.6,0.924,0.727,0.713,0.4931,-0.0372,-11.29,-1.55544,0.150,0.700,0.000,-0.4353,-0.2946,TRACKING,L+C+R_fused
1786986240.595,52.6,0.757,0.739,0.792,0.4752,-0.0364,-10.56,-1.54467,0.150,0.700,0.000,-0.4490,-0.2999,TRACKING,L+C+R_fused
1786986240.616,52.6,0.000,0.733,0.688,0.4898,-0.0369,-10.90,-1.63478,0.150,0.700,0.000,-0.4601,-0.3072,TRACKING,R+C
1786986240.641,52.6,0.000,0.748,0.692,0.4801,-0.0341,-9.60,-1.59009,0.150,0.700,0.000,-0.4576,-0.3069,TRACKING,R+C
1786986240.658,52.6,0.000,0.757,0.737,0.4848,-0.0307,-9.37,-1.62492,0.150,0.700,0.000,-0.4189,-0.2856,TRACKING,R+C
1786986240.679,52.6,0.000,0.745,0.749,0.4788,-0.0211,-7.51,-1.58722,0.150,0.700,0.000,-0.3294,-0.2329,TRACKING,R+C
1786986240.708,52.6,0.000,0.738,0.752,0.4719,-0.0129,-7.88,-1.70544,0.150,0.700,0.000,-0.1972,-0.1520,TRACKING,R+C
1786986240.722,52.6,0.000,0.731,0.914,0.4889,-0.0052,-7.65,-1.76987,0.150,0.700,0.000,-0.0843,-0.0773,TRACKING,R+C
1786986240.739,52.6,0.000,0.740,0.735,0.4952,-0.0007,-6.95,-1.77976,0.150,0.700,0.000,-0.0354,-0.0392,TRACKING,R+C
1786986240.748,52.6,0.000,0.744,0.743,0.5157,0.0008,-5.40,-1.73980,0.150,0.700,0.000,-0.0694,-0.0528,TRACKING,R+C
1786986240.769,52.6,0.000,0.751,0.705,0.6346,0.0014,-4.06,-1.72216,0.150,0.700,0.000,-0.1132,-0.0795,TRACKING,R+C
1786986240.789,52.6,0.000,0.746,0.913,0.4925,0.0049,-1.91,-1.63187,0.150,0.700,0.000,-0.1285,-0.0921,TRACKING,R+C
1786986240.810,52.6,0.000,0.748,0.746,0.6383,0.0104,-0.20,-1.56185,0.150,0.700,0.000,-0.0930,-0.0743,TRACKING,R+C
1786986240.830,54.8,0.000,0.746,0.692,0.6540,0.0154,0.45,-1.57328,0.150,0.700,0.000,-0.0361,-0.0402,TRACKING,R+C
1786986240.850,54.8,0.000,0.750,0.721,0.5248,0.0193,1.37,-1.54959,0.150,0.700,0.000,-0.0043,-0.0175,TRACKING,R+C
1786986240.870,54.8,0.000,0.747,0.746,0.6232,0.0201,2.05,-1.52943,0.150,0.700,0.000,-0.0159,-0.0208,TRACKING,R+C
1786986240.894,54.8,0.000,0.745,0.670,0.5830,0.0186,2.92,-1.53112,0.150,0.700,0.000,-0.0822,-0.0587,TRACKING,R+C
1786986240.914,54.8,0.000,0.741,0.411,0.6302,0.0170,4.79,-1.40591,0.150,0.700,0.000,-0.1739,-0.1153,TRACKING,R+C
1786986240.935,54.8,0.000,0.740,0.573,0.6506,0.0138,5.71,-1.39270,0.150,0.700,0.000,-0.2668,-0.1756,TRACKING,R+C
1786986240.956,54.8,0.000,0.736,0.889,0.5346,0.0097,5.77,-1.46843,0.150,0.700,0.000,-0.3513,-0.2317,TRACKING,R+C
1786986240.976,54.8,0.000,0.737,0.903,0.5407,0.0057,6.73,-1.41843,0.150,0.700,0.000,-0.4480,-0.2935,TRACKING,R+C
1786986240.999,54.8,0.000,0.740,0.894,0.5557,-0.0002,6.94,-1.44673,0.150,0.700,0.000,-0.5502,-0.3593,TRACKING,R+C
1786986241.025,54.8,0.000,0.732,0.893,0.5733,-0.0051,8.74,-1.31079,0.150,0.700,0.000,-0.6637,-0.4315,TRACKING,R+C
1786986241.040,54.8,0.000,0.731,0.879,0.5827,-0.0129,8.98,-1.37521,0.150,0.700,0.000,-0.7784,-0.5054,TRACKING,R+C
1786986241.071,54.8,0.000,0.739,0.874,0.5936,-0.0205,9.96,-1.30789,0.150,0.700,0.000,-0.8825,-0.5734,TRACKING,R+C
1786986241.081,54.8,0.000,0.741,0.863,0.6024,-0.0275,10.87,-1.22862,0.150,0.700,0.000,-0.9661,-0.6290,TRACKING,R+C
1786986241.110,54.8,0.000,0.753,0.837,0.6071,-0.0340,10.02,-1.39664,0.150,0.700,0.000,-1.0000,-0.6562,TRACKING,R+C
1786986241.131,54.8,0.000,0.758,0.836,0.6123,-0.0362,10.60,-1.30697,0.150,0.700,0.000,-1.0000,-0.6603,TRACKING,R+C
1786986241.141,54.8,0.000,0.754,0.840,0.6135,-0.0344,11.47,-1.20142,0.150,0.700,0.000,-1.0000,-0.6608,TRACKING,R+C
1786986241.165,54.8,0.000,0.754,0.845,0.6144,-0.0335,11.78,-1.16854,0.150,0.700,0.000,-1.0000,-0.6608,TRACKING,R+C
1786986241.188,54.8,0.000,0.753,0.843,0.6147,-0.0337,11.66,-1.17411,0.150,0.700,0.000,-1.0000,-0.6608,TRACKING,R+C
1786986241.206,54.8,0.000,0.755,0.846,0.6177,-0.0380,11.01,-1.24532,0.150,0.700,0.000,-1.0000,-0.6611,TRACKING,R+C
1786986241.230,54.8,0.000,0.756,0.828,0.6242,-0.0435,11.74,-1.14983,0.150,0.700,0.000,-1.0000,-0.6615,TRACKING,R+C
1786986241.247,54.8,0.000,0.756,0.828,0.6242,-0.0348,9.39,-0.91986,0.150,0.700,0.000,-1.0000,-0.6615,TRACKING,prediction
1786986241.268,54.8,0.000,0.756,0.828,0.6242,-0.0278,7.51,-0.73589,0.150,0.700,0.000,-1.0000,-0.6615,TRACKING,prediction
1786986241.288,54.8,0.000,0.756,0.828,0.6242,-0.0223,6.01,-0.58871,0.150,0.700,0.000,-1.0000,-0.6615,TRACKING,prediction
1786986241.309,54.8,0.000,0.756,0.828,0.6242,-0.0178,4.81,-0.47097,0.150,0.700,0.000,-1.0000,-0.6615,TRACKING,prediction
1786986241.339,54.8,0.000,0.756,0.828,0.6242,-0.0143,3.85,-0.37678,0.150,0.700,0.000,-1.0000,-0.6615,TRACKING,prediction
1786986241.350,54.8,0.000,0.756,0.828,0.6242,-0.0114,3.08,-0.30142,0.150,0.700,0.000,-1.0000,-0.6615,TRACKING,prediction
1786986241.383,54.8,0.000,0.756,0.828,0.6242,-0.0091,2.46,-0.24114,0.150,0.700,0.000,-1.0000,-0.6615,TRACKING,prediction
1786986241.394,54.8,0.000,0.756,0.828,0.6242,-0.0073,1.97,-0.19291,0.150,0.700,0.000,-1.0000,-0.6615,TRACKING,prediction
1786986241.415,54.8,0.000,0.756,0.828,0.6242,-0.0058,1.58,-0.15433,0.150,0.699,0.000,-1.0000,-0.6615,TRACKING,prediction
1786986241.441,54.8,0.000,0.756,0.828,0.6242,-0.0047,1.26,-0.12346,0.150,0.664,0.000,-1.0000,-0.6623,TRACKING,prediction
1786986241.456,54.8,0.000,0.756,0.828,0.6242,-0.0037,1.01,-0.09877,0.150,0.631,0.000,-1.0000,-0.6822,TRACKING,prediction
1786986241.486,54.8,0.000,0.756,0.828,0.6242,-0.0030,0.81,-0.07902,0.150,0.599,0.000,-1.0000,-0.7040,TRACKING,prediction
1786986241.498,54.8,0.000,0.756,0.828,0.6242,-0.0024,0.65,-0.06321,0.150,0.569,0.000,-1.0000,-0.7249,TRACKING,prediction
1786986241.527,54.8,0.000,0.756,0.828,0.6242,-0.0019,0.52,-0.05057,0.150,0.490,0.000,-1.0000,-0.7449,UNCERTAIN,prediction
1786986241.547,54.8,0.000,0.771,0.849,0.6097,-0.0571,10.71,-0.91277,0.150,0.700,0.000,-1.0000,-0.7921,TRACKING,R+C
1786986241.558,54.8,0.000,0.789,0.855,0.6025,-0.0544,11.43,-0.79525,0.150,0.700,0.000,-1.0000,-0.6804,TRACKING,R+C
1786986241.583,54.8,0.000,0.775,0.851,0.5999,-0.0537,11.14,-0.81366,0.150,0.700,0.000,-1.0000,-0.6639,TRACKING,R+C
1786986241.603,54.8,0.000,0.737,0.841,0.5977,-0.0570,9.82,-0.91854,0.150,0.700,0.000,-1.0000,-0.6616,TRACKING,R+C
1786986241.623,54.8,0.000,0.791,0.841,0.5995,-0.0594,10.65,-0.79086,0.150,0.700,0.000,-1.0000,-0.6613,TRACKING,R+C
1786986241.654,54.8,0.000,0.791,0.841,0.5995,-0.0475,8.52,-0.63269,0.150,0.700,0.000,-1.0000,-0.6612,TRACKING,prediction
1786986241.664,54.8,0.000,0.791,0.841,0.5995,-0.0380,6.81,-0.50615,0.150,0.700,0.000,-1.0000,-0.6612,TRACKING,prediction
1786986241.693,54.8,0.000,0.726,0.846,0.6073,-0.0880,5.96,-1.16117,0.150,0.700,0.000,-1.0000,-0.6630,TRACKING,R+C
1786986241.706,54.8,0.000,0.726,0.846,0.6073,-0.0704,4.77,-0.92893,0.150,0.700,0.000,-1.0000,-0.6630,TRACKING,prediction
1786986241.727,54.8,0.000,0.726,0.846,0.6073,-0.0563,3.81,-0.74315,0.150,0.700,0.000,-1.0000,-0.6630,TRACKING,prediction
1786986241.749,54.8,0.000,0.812,0.831,0.6146,-0.0972,10.82,-0.66612,0.150,0.700,0.000,-1.0000,-0.6640,TRACKING,R+C
1786986241.769,54.8,0.000,0.819,0.820,0.6194,-0.1066,9.11,-0.81135,0.150,0.700,0.000,-1.0000,-0.6646,TRACKING,R+C
1786986241.798,54.8,0.000,0.819,0.820,0.6194,-0.0853,7.29,-0.64908,0.150,0.700,0.000,-1.0000,-0.6646,TRACKING,prediction
1786986241.819,54.8,0.000,0.819,0.820,0.6194,-0.0682,5.83,-0.51927,0.150,0.700,0.000,-1.0000,-0.6646,TRACKING,prediction
1786986241.831,47.9,0.000,0.819,0.820,0.6194,-0.0546,4.66,-0.41541,0.150,0.700,0.000,-1.0000,-0.6646,TRACKING,prediction
1786986241.855,47.9,0.000,0.819,0.820,0.6194,-0.0437,3.73,-0.33233,0.150,0.700,0.000,-1.0000,-0.6646,TRACKING,prediction
1786986241.883,47.9,0.000,0.819,0.820,0.6194,-0.0349,2.98,-0.26586,0.150,0.700,0.000,-1.0000,-0.6646,TRACKING,prediction
1786986241.897,47.9,0.000,0.819,0.820,0.6194,-0.0279,2.39,-0.21269,0.150,0.700,0.000,-1.0000,-0.6646,TRACKING,prediction
1786986241.914,47.9,0.000,0.819,0.820,0.6194,-0.0224,1.91,-0.17015,0.150,0.700,0.000,-1.0000,-0.6646,TRACKING,prediction
1786986241.944,47.9,0.000,0.819,0.820,0.6194,-0.0179,1.53,-0.13612,0.150,0.700,0.000,-1.0000,-0.6646,TRACKING,prediction
1786986241.964,47.9,0.000,0.850,0.821,0.5849,-0.1065,7.20,-0.67048,0.150,0.700,0.000,-1.0000,-0.6634,TRACKING,R+C
1786986241.975,47.9,0.000,0.850,0.821,0.5849,-0.0852,5.76,-0.53639,0.150,0.700,0.000,-1.0000,-0.6634,TRACKING,prediction
1786986241.996,47.9,0.000,0.848,0.832,0.5730,-0.1002,6.59,-0.66745,0.150,0.700,0.000,-1.0000,-0.6626,TRACKING,R+C
1786986242.016,47.9,0.000,0.850,0.837,0.5697,-0.0959,6.80,-0.61256,0.150,0.700,0.000,-1.0000,-0.6622,TRACKING,R+C
1786986242.044,47.9,0.000,0.845,0.836,0.5641,-0.0932,5.97,-0.65640,0.150,0.700,0.000,-1.0000,-0.6618,TRACKING,R+C
1786986242.058,47.9,0.000,0.842,0.843,0.5602,-0.0892,5.91,-0.62618,0.150,0.700,0.000,-1.0000,-0.6614,TRACKING,R+C
1786986242.078,47.9,0.000,0.839,0.850,0.5535,-0.0861,4.95,-0.67475,0.150,0.700,0.000,-1.0000,-0.6609,TRACKING,R+C
1786986242.098,47.9,0.000,0.825,0.853,0.5528,-0.0806,4.44,-0.71208,0.150,0.700,0.000,-1.0000,-0.6604,TRACKING,R+C
1786986242.133,47.9,0.000,0.825,0.853,0.5528,-0.0644,3.56,-0.56966,0.150,0.700,0.000,-1.0000,-0.6604,TRACKING,prediction
1786986242.143,47.9,0.000,0.821,0.874,0.5453,-0.0705,3.96,-0.70610,0.150,0.700,0.000,-1.0000,-0.6594,TRACKING,R+C
1786986242.167,47.9,0.000,0.825,0.882,0.5437,-0.0635,4.90,-0.58848,0.150,0.700,0.000,-1.0000,-0.6588,TRACKING,R+C
1786986242.184,47.9,0.000,0.823,0.882,0.5382,-0.0583,4.25,-0.64003,0.150,0.700,0.000,-1.0000,-0.6583,TRACKING,R+C
1786986242.205,47.9,0.000,0.810,0.890,0.5303,-0.0533,3.03,-0.73751,0.150,0.180,0.000,-0.9666,-0.6397,TRACKING,R+C
1786986242.226,47.9,0.000,0.811,0.890,0.5233,-0.0473,2.68,-0.74339,0.150,0.180,0.000,-0.9011,-0.8657,TRACKING,R+C
1786986242.247,47.9,0.000,0.811,0.890,0.5233,-0.0379,2.14,-0.59471,0.150,0.700,0.000,-0.9011,-0.8988,TRACKING,prediction
1786986242.270,47.9,0.000,0.811,0.890,0.5233,-0.0303,1.71,-0.47577,0.150,0.180,0.000,-0.9011,-0.6397,TRACKING,prediction
1786986242.288,47.9,0.000,0.811,0.890,0.5233,-0.0242,1.37,-0.38062,0.150,0.180,0.000,-0.9011,-0.8658,TRACKING,prediction
1786986242.320,47.9,0.000,0.811,0.890,0.5233,-0.0194,1.10,-0.30449,0.150,0.180,0.000,-0.9011,-0.8988,TRACKING,prediction
1786986242.332,47.9,0.363,0.804,0.927,0.4323,-0.0114,2.86,-0.69776,0.150,0.180,0.000,-0.4397,-0.5181,TRACKING,L+C+R_fused
1786986242.360,47.9,0.951,0.817,0.901,0.5007,-0.0048,2.86,-0.69155,0.150,0.180,0.000,-0.3325,-0.3703,TRACKING,L+C+R_fused
1786986242.383,47.9,0.954,0.817,0.907,0.5020,-0.0005,2.70,-0.70531,0.150,0.180,0.000,-0.2570,-0.2839,TRACKING,L+C+R_fused
1786986242.394,47.9,0.958,0.819,0.919,0.5002,0.0013,2.45,-0.72319,0.150,0.180,0.000,-0.2188,-0.2385,TRACKING,L+C+R_fused
1786986242.414,47.9,0.934,0.812,0.918,0.4942,0.0018,3.04,-0.68601,0.150,0.180,0.000,-0.2284,-0.2400,TRACKING,L+C+R_fused
1786986242.441,47.9,0.961,0.809,0.916,0.4989,-0.0005,3.42,-0.66815,0.150,0.180,0.000,-0.2809,-0.2851,TRACKING,L+C+R_fused
1786986242.456,47.9,0.960,0.809,0.908,0.4993,-0.0035,3.91,-0.64348,0.150,0.700,0.000,-0.3471,-0.3481,TRACKING,L+C+R_fused
1786986242.478,47.9,0.960,0.811,0.900,0.5017,-0.0061,4.11,-0.64530,0.150,0.700,0.000,-0.3983,-0.2787,TRACKING,L+C+R_fused
1786986242.505,47.9,0.962,0.810,0.901,0.5175,-0.0085,4.32,-0.63966,0.150,0.700,0.000,-0.4439,-0.2944,TRACKING,L+C+R_fused
1786986242.519,47.9,0.914,0.811,0.909,0.5133,-0.0100,4.09,-0.67448,0.150,0.180,0.000,-0.4631,-0.3075,TRACKING,L+C+R_fused
1786986242.540,47.9,0.904,0.811,0.900,0.5143,-0.0098,4.31,-0.66351,0.150,0.700,0.000,-0.4672,-0.4542,TRACKING,L+C+R_fused
1786986242.561,47.9,0.959,0.811,0.904,0.5284,-0.0086,4.25,-0.67649,0.150,0.180,0.000,-0.4482,-0.3224,TRACKING,L+C+R_fused
1786986242.582,47.9,0.959,0.811,0.903,0.5236,-0.0080,4.28,-0.68127,0.150,0.180,0.000,-0.4415,-0.4348,TRACKING,L+C+R_fused
1786986242.602,47.9,0.954,0.807,0.884,0.5267,-0.0124,3.09,-0.77528,0.150,0.180,0.000,-0.4781,-0.4818,TRACKING,L+C+R_fused
1786986242.623,47.9,0.949,0.799,0.890,0.5320,-0.0144,3.78,-0.74830,0.150,0.180,0.000,-0.5302,-0.5327,TRACKING,L+C+R_fused
1786986242.645,47.9,0.933,0.798,0.893,0.5230,-0.0187,3.64,-0.77723,0.150,0.700,0.000,-0.5914,-0.5919,TRACKING,L+C+R_fused
1786986242.673,47.9,0.953,0.809,0.894,0.4918,-0.0206,3.92,-0.77556,0.150,0.700,0.000,-0.6275,-0.4427,TRACKING,L+C+R_fused
1786986242.685,47.9,0.953,0.809,0.894,0.4918,-0.0165,3.14,-0.62045,0.150,0.700,0.000,-0.6275,-0.4210,TRACKING,prediction
1786986242.715,47.9,0.949,0.810,0.892,0.4992,-0.0185,4.37,-0.75715,0.150,0.700,0.000,-0.6111,-0.4087,TRACKING,L+C+R_fused
1786986242.737,47.9,0.954,0.806,0.892,0.5162,-0.0147,4.05,-0.79315,0.150,0.700,0.000,-0.5506,-0.3734,TRACKING,L+C+R_fused
1786986242.748,47.9,0.953,0.809,0.893,0.5206,-0.0133,2.79,-0.90483,0.150,0.700,0.000,-0.5001,-0.3403,TRACKING,L+C+R_fused
1786986242.777,47.9,0.953,0.809,0.893,0.5206,-0.0106,2.23,-0.72386,0.150,0.700,0.000,-0.5001,-0.3354,TRACKING,prediction
1786986242.798,47.9,0.953,0.809,0.893,0.5206,-0.0085,1.79,-0.57909,0.150,0.700,0.000,-0.5001,-0.3347,TRACKING,prediction
1786986242.808,47.9,0.957,0.806,0.892,0.4996,-0.0077,3.76,-0.88807,0.150,0.700,0.000,-0.4504,-0.3072,TRACKING,L+C+R_fused
1786986242.829,47.9,0.948,0.803,0.897,0.4874,-0.0035,3.71,-0.90915,0.150,0.700,0.000,-0.3837,-0.2661,TRACKING,L+C+R_fused
1786986242.849,48.1,0.957,0.788,0.895,0.4828,0.0019,3.12,-0.99607,0.150,0.700,0.000,-0.2856,-0.2056,TRACKING,L+C+R_fused
1786986242.873,48.1,0.950,0.787,0.894,0.4814,0.0081,2.75,-1.01678,0.150,0.700,0.000,-0.1662,-0.1301,TRACKING,L+C+R_fused
1786986242.904,48.1,0.953,0.800,0.905,0.4783,0.0144,2.65,-1.00457,0.150,0.700,0.000,-0.0484,-0.0529,TRACKING,L+C+R_fused
1786986242.914,48.1,0.950,0.792,0.904,0.4782,0.0243,4.05,-0.89736,0.150,0.700,0.000,0.0845,0.0335,TRACKING,L+C+R_fused
1786986242.935,48.1,0.946,0.783,0.915,0.4797,0.0312,3.20,-0.98959,0.150,0.700,0.000,0.2265,0.1263,TRACKING,L+C+R_fused
1786986242.956,48.1,0.944,0.785,0.918,0.4773,0.0392,3.20,-0.99181,0.150,0.700,0.000,0.3593,0.2152,TRACKING,L+C+R_fused
1786986242.977,48.1,0.935,0.787,0.864,0.4777,0.0458,2.97,-1.02998,0.150,0.700,0.000,0.4673,0.2894,TRACKING,L+C+R_fused
1786986243.001,48.1,0.927,0.792,0.828,0.4689,0.0505,3.01,-1.03592,0.150,0.700,0.000,0.5367,0.3397,TRACKING,L+C+R_fused
1786986243.019,48.1,0.927,0.794,0.744,0.4689,0.0534,3.06,-1.03493,0.150,0.700,0.000,0.5765,0.3696,TRACKING,L+C+R_fused
1786986243.040,48.1,0.939,0.792,0.892,0.4799,0.0550,3.09,-1.04423,0.150,0.700,0.000,0.5959,0.3849,TRACKING,L+C+R_fused
1786986243.071,48.1,0.930,0.781,0.343,0.5048,0.0591,3.31,-1.04330,0.150,0.700,0.000,0.6451,0.4148,TRACKING,L+C+R_fused
1786986243.082,48.1,0.916,0.770,0.845,0.4849,0.0663,3.73,-1.03428,0.150,0.700,0.000,0.7253,0.4642,TRACKING,L+C+R_fused
1786986243.102,48.1,0.907,0.770,0.920,0.4803,0.0733,3.75,-1.04759,0.150,0.700,0.000,0.8063,0.5168,TRACKING,L+C+R_fused
1786986243.134,48.1,0.921,0.776,0.927,0.4822,0.0797,4.31,-1.00182,0.150,0.700,0.000,0.8662,0.5582,TRACKING,L+C+R_fused
1786986243.145,48.1,0.924,0.784,0.665,0.4836,0.0828,4.44,-1.02109,0.150,0.180,0.000,0.8925,0.5789,TRACKING,L+C+R_fused
1786986243.165,48.1,0.919,0.781,0.842,0.4855,0.0835,4.85,-1.00983,0.150,0.700,0.000,0.8900,0.8445,TRACKING,L+C+R_fused
1786986243.194,48.1,0.922,0.767,0.718,0.4858,0.0796,4.38,-1.08147,0.150,0.700,0.000,0.8546,0.6004,TRACKING,L+C+R_fused
1786986243.215,48.1,0.905,0.771,0.904,0.4858,0.0751,3.93,-1.15842,0.150,0.700,0.000,0.8090,0.5382,TRACKING,L+C+R_fused
1786986243.225,48.1,0.920,0.762,0.855,0.4897,0.0739,4.59,-1.16965,0.150,0.700,0.000,0.7740,0.5092,TRACKING,L+C+R_fused
1786986243.246,48.1,0.904,0.760,0.774,0.4887,0.0712,5.32,-1.13596,0.150,0.700,0.000,0.7219,0.4756,TRACKING,L+C+R_fused
1786986243.275,48.1,0.899,0.758,0.680,0.4983,0.0680,5.42,-1.17979,0.150,0.700,0.000,0.6716,0.4421,TRACKING,L+C+R_fused
1786986243.290,48.1,0.899,0.758,0.680,0.4983,0.0544,4.34,-0.94383,0.150,0.700,0.000,0.6716,0.4372,TRACKING,prediction
1786986243.321,48.1,0.924,0.756,0.888,0.5013,0.0624,6.04,-1.18743,0.150,0.700,0.000,0.5722,0.3795,TRACKING,L+C+R_fused
1786986243.331,48.1,0.939,0.744,0.893,0.4956,0.0576,5.34,-1.30151,0.150,0.700,0.000,0.5114,0.3361,TRACKING,L+C+R_fused
1786986243.355,48.1,0.000,0.751,0.863,0.4688,0.0537,4.97,-1.36810,0.150,0.180,0.000,0.4558,0.2980,TRACKING,R+C
1786986243.373,48.1,0.000,0.754,0.865,0.4753,0.0528,7.24,-1.19935,0.150,0.180,0.000,0.3746,0.3535,TRACKING,R+C
1786986243.394,48.1,0.000,0.754,0.865,0.4859,0.0497,7.74,-1.18083,0.150,0.700,0.000,0.3060,0.3025,TRACKING,R+C
1786986243.417,48.1,0.000,0.761,0.868,0.4910,0.0476,8.32,-1.15416,0.150,0.700,0.000,0.2489,0.1769,TRACKING,R+C
1786986243.441,48.1,0.000,0.761,0.868,0.4910,0.0381,6.65,-0.92333,0.150,0.700,0.000,0.2489,0.1574,TRACKING,prediction
1786986243.457,48.1,0.000,0.756,0.866,0.4915,0.0471,7.46,-1.31781,0.150,0.700,0.000,0.2503,0.1545,TRACKING,R+C
1786986243.483,48.1,0.000,0.756,0.855,0.4964,0.0483,6.03,-1.47911,0.150,0.700,0.000,0.3053,0.1849,TRACKING,R+C
1786986243.498,48.1,0.000,0.755,0.856,0.4997,0.0545,7.53,-1.39054,0.150,0.180,0.000,0.3574,0.2188,TRACKING,R+C
1786986243.519,48.1,0.000,0.755,0.857,0.4911,0.0571,8.02,-1.35622,0.150,0.700,0.000,0.3835,0.3474,TRACKING,R+C
1786986243.543,48.1,0.000,0.747,0.861,0.4910,0.0560,8.25,-1.36757,0.150,0.700,0.000,0.3540,0.2418,TRACKING,R+C
1786986243.568,48.1,0.000,0.740,0.861,0.5050,0.0515,8.21,-1.42670,0.150,0.700,0.000,0.2706,0.1776,TRACKING,R+C
1786986243.582,48.1,0.000,0.736,0.853,0.5069,0.0465,8.45,-1.45483,0.150,0.700,0.000,0.1681,0.1098,TRACKING,R+C
1786986243.613,48.1,0.000,0.736,0.853,0.5069,0.0372,6.76,-1.16386,0.150,0.180,0.000,0.1681,0.0999,TRACKING,prediction
1786986243.631,48.1,0.000,0.736,0.853,0.5069,0.0298,5.41,-0.93109,0.150,0.180,0.000,0.1681,0.1402,TRACKING,prediction
1786986243.642,48.1,0.000,0.736,0.853,0.5069,0.0238,4.33,-0.74487,0.150,0.180,0.000,0.1681,0.1475,TRACKING,prediction
1786986243.665,48.1,0.000,0.739,0.837,0.5460,0.0291,10.77,-1.35622,0.150,0.180,0.000,-0.2311,-0.1957,TRACKING,R+C
1786986243.686,48.1,0.000,0.746,0.828,0.5512,0.0288,11.36,-1.31937,0.150,0.180,0.000,-0.2567,-0.2666,TRACKING,R+C
1786986243.706,48.1,0.000,0.731,0.818,0.5509,0.0269,9.82,-1.57632,0.150,0.180,0.000,-0.2640,-0.2846,TRACKING,R+C
1786986243.727,48.1,0.000,0.728,0.815,0.5587,0.0259,10.46,-1.52243,0.150,0.180,0.000,-0.3012,-0.3183,TRACKING,R+C
1786986243.749,48.1,0.000,0.733,0.818,0.5642,0.0217,11.44,-1.43232,0.150,0.180,0.000,-0.3985,-0.4046,TRACKING,R+C
1786986243.769,48.1,0.000,0.733,0.818,0.5642,0.0174,9.15,-1.14585,0.150,0.180,0.000,-0.3985,-0.4173,TRACKING,prediction
1786986243.790,48.1,0.000,0.733,0.818,0.5642,0.0139,7.32,-0.91668,0.150,0.180,0.000,-0.3985,-0.4192,TRACKING,prediction
1786986243.811,48.1,0.000,0.726,0.810,0.5883,0.0093,11.87,-1.59224,0.150,0.700,0.000,-0.6276,-0.6109,TRACKING,R+C
1786986243.838,48.1,0.000,0.733,0.812,0.5837,0.0104,12.94,-1.50872,0.150,0.700,0.000,-0.6412,-0.4573,TRACKING,R+C
1786986243.846,48.1,0.000,0.734,0.805,0.5854,0.0101,11.80,-1.65998,0.150,0.180,0.000,-0.6239,-0.4262,TRACKING,R+C
1786986243.866,48.2,0.000,0.734,0.805,0.5854,0.0081,9.44,-1.32798,0.150,0.180,0.000,-0.6239,-0.6101,TRACKING,prediction
1786986243.887,48.2,0.000,0.719,0.810,0.5961,0.0124,11.52,-1.84164,0.150,0.180,0.000,-0.6086,-0.6241,TRACKING,R+C
1786986243.908,48.2,0.000,0.717,0.822,0.6037,0.0092,12.14,-1.78692,0.150,0.180,0.000,-0.6677,-0.6747,TRACKING,R+C
1786986243.929,48.2,0.000,0.713,0.817,0.6146,0.0046,12.60,-1.78159,0.150,0.180,0.000,-0.7416,-0.7428,TRACKING,R+C
1786986243.950,48.2,0.000,0.720,0.820,0.6249,-0.0005,12.88,-1.76589,0.150,0.180,0.000,-0.8100,-0.8085,TRACKING,R+C
1786986243.981,48.2,0.000,0.720,0.820,0.6249,-0.0004,10.30,-1.41271,0.150,0.180,0.000,-0.8100,-0.8183,TRACKING,prediction
1786986243.991,48.2,0.000,0.720,0.820,0.6249,-0.0003,8.24,-1.13017,0.150,0.180,0.000,-0.8100,-0.8197,TRACKING,prediction
1786986244.020,48.2,0.000,0.720,0.820,0.6249,-0.0003,6.59,-0.90413,0.150,0.180,0.000,-0.8100,-0.8199,TRACKING,prediction
1786986244.041,48.2,0.000,0.720,0.820,0.6249,-0.0002,5.28,-0.72331,0.150,0.700,0.000,-0.8100,-0.8200,TRACKING,prediction
1786986244.062,48.2,0.000,0.720,0.820,0.6249,-0.0002,4.22,-0.57865,0.150,0.180,0.000,-0.8100,-0.5820,TRACKING,prediction
1786986244.075,48.2,0.000,0.727,0.821,0.6312,0.0065,22.16,-0.69907,0.150,0.180,0.000,-0.8958,-0.8547,TRACKING,R+C
1786986244.096,48.2,0.000,0.727,0.821,0.6312,0.0052,17.73,-0.55925,0.150,0.700,0.000,-0.8958,-0.8942,TRACKING,prediction
1786986244.116,48.2,0.000,0.734,0.815,0.6329,0.0078,24.46,-0.41017,0.159,0.700,0.000,-0.8448,-0.6115,TRACKING,R+C
1786986244.137,48.2,0.000,0.734,0.821,0.6304,0.0082,25.40,-0.26845,0.173,0.700,0.000,-0.7489,-0.5177,TRACKING,R+C
1786986244.158,48.2,0.000,0.741,0.815,0.6281,0.0084,26.28,-0.13241,0.187,0.700,0.000,-0.6686,-0.4602,TRACKING,R+C
1786986244.186,48.2,0.000,0.741,0.812,0.6363,0.0074,26.77,-0.03521,0.196,0.700,0.000,-0.8034,-0.5239,TRACKING,R+C
1786986244.199,48.2,0.000,0.737,0.810,0.6453,0.0044,26.54,0.01088,0.199,0.700,0.000,-0.7948,-0.5288,TRACKING,R+C
1786986244.227,48.2,0.000,0.737,0.810,0.6453,0.0035,21.24,0.00870,0.199,0.700,0.000,-0.7948,-0.5295,TRACKING,prediction
1786986244.239,48.2,0.000,0.742,0.803,0.6646,-0.0100,25.82,0.10512,0.189,0.700,0.000,-0.9115,-0.5929,TRACKING,R+C
1786986244.260,48.2,0.000,0.742,0.803,0.6646,-0.0080,20.66,0.08410,0.189,0.700,0.000,-0.9115,-0.6023,TRACKING,prediction
1786986244.290,48.2,0.000,0.742,0.803,0.6646,-0.0064,16.53,0.06728,0.189,0.700,0.000,-0.9115,-0.6037,TRACKING,prediction
1786986244.300,48.2,0.000,0.742,0.803,0.6646,-0.0051,13.22,0.05382,0.189,0.700,0.000,-0.9115,-0.6039,TRACKING,prediction
1786986244.335,48.2,0.000,0.742,0.803,0.6646,-0.0041,10.58,0.04306,0.189,0.700,0.000,-0.9115,-0.6040,TRACKING,prediction
1786986244.356,48.2,0.000,0.742,0.803,0.6646,-0.0033,8.46,0.03445,0.189,0.700,0.000,-0.9115,-0.6040,TRACKING,prediction
1786986244.366,48.2,0.000,0.742,0.803,0.6646,-0.0026,6.77,0.02756,0.189,0.700,0.000,-0.9115,-0.6040,TRACKING,prediction
1786986244.389,48.2,0.000,0.742,0.803,0.6646,-0.0021,5.42,0.02205,0.189,0.700,0.000,-0.9115,-0.6040,TRACKING,prediction
1786986244.408,48.2,0.000,0.742,0.803,0.6646,-0.0017,4.33,0.01764,0.189,0.700,0.000,-0.9115,-0.6040,TRACKING,prediction
1786986244.437,48.2,0.000,0.742,0.803,0.6646,-0.0013,3.47,0.01411,0.189,0.682,0.000,-0.9115,-0.6040,TRACKING,prediction
1786986244.458,48.2,0.000,0.742,0.803,0.6646,-0.0011,2.77,0.01129,0.189,0.648,0.000,-0.9115,-0.6134,TRACKING,prediction
1786986244.468,48.2,0.000,0.742,0.803,0.6646,-0.0009,2.22,0.00903,0.189,0.615,0.000,-0.9115,-0.6326,TRACKING,prediction
1786986244.496,48.2,0.000,0.852,0.785,0.6416,-0.0954,12.65,-0.00282,0.200,0.700,0.000,-1.0000,-0.7060,TRACKING,R+C
1786986244.516,48.2,0.000,0.852,0.785,0.6416,-0.0763,10.12,-0.00225,0.200,0.700,0.000,-1.0000,-0.6686,TRACKING,prediction
1786986244.537,48.2,0.000,0.852,0.785,0.6416,-0.0610,8.10,-0.00180,0.200,0.700,0.000,-1.0000,-0.6632,TRACKING,prediction
1786986244.557,48.2,0.000,0.852,0.785,0.6416,-0.0488,6.48,-0.00144,0.200,0.700,0.000,-1.0000,-0.6624,TRACKING,prediction
1786986244.567,48.2,0.000,0.852,0.785,0.6416,-0.0391,5.18,-0.00115,0.200,0.700,0.000,-1.0000,-0.6623,TRACKING,prediction
1786986244.589,48.2,0.000,0.807,0.791,0.6103,-0.1011,9.60,-0.04988,0.195,0.700,0.000,-1.0000,-0.6618,TRACKING,R+C
1786986244.617,48.2,0.000,0.809,0.800,0.6020,-0.0977,8.96,-0.02745,0.197,0.700,0.000,-1.0000,-0.6612,TRACKING,R+C
1786986244.641,48.2,0.000,0.809,0.800,0.6020,-0.0782,7.17,-0.02196,0.197,0.700,0.000,-1.0000,-0.6612,TRACKING,prediction
1786986244.651,48.2,0.000,0.796,0.810,0.5866,-0.0894,7.35,-0.06414,0.194,0.700,0.000,-0.9721,-0.6451,TRACKING,R+C
1786986244.672,48.2,0.000,0.793,0.813,0.5803,-0.0845,6.76,-0.07694,0.192,0.180,0.000,-0.9436,-0.6270,TRACKING,R+C
1786986244.702,48.2,0.000,0.799,0.816,0.5726,-0.0794,6.34,-0.07654,0.192,0.180,0.000,-0.9048,-0.8678,TRACKING,R+C
1786986244.714,48.2,0.000,0.779,0.822,0.5639,-0.0768,3.54,-0.32830,0.167,0.180,0.000,-0.9947,-0.9758,TRACKING,R+C
1786986244.736,48.2,0.000,0.779,0.822,0.5639,-0.0615,2.83,-0.26264,0.167,0.180,0.000,-0.9947,-0.9921,TRACKING,prediction
1786986244.756,48.2,0.000,0.779,0.833,0.5465,-0.0654,2.05,-0.39056,0.161,0.180,0.000,-0.9306,-0.9420,TRACKING,R+C
1786986244.776,48.2,0.000,0.754,0.835,0.5369,-0.0610,-0.39,-0.61107,0.150,0.700,0.000,-0.9454,-0.9465,TRACKING,R+C
1786986244.797,48.2,0.000,0.756,0.850,0.5284,-0.0543,-1.06,-0.66422,0.150,0.180,0.000,-0.8680,-0.6279,TRACKING,R+C
1786986244.818,48.2,0.000,0.740,0.849,0.5227,-0.0499,-2.85,-0.84686,0.150,0.700,0.000,-0.7910,-0.7723,TRACKING,R+C
1786986244.847,48.2,0.000,0.697,0.850,0.5140,-0.0521,-8.79,-1.36362,0.150,0.700,0.000,-0.7050,-0.5124,TRACKING,R+C
1786986244.870,47.8,0.000,0.722,0.866,0.5121,-0.0496,-8.40,-1.34309,0.150,0.700,0.000,-0.6817,-0.4610,TRACKING,R+C
1786986244.878,47.8,0.000,0.710,0.857,0.5125,-0.0480,-8.49,-1.40982,0.150,0.180,0.000,-0.6674,-0.4456,TRACKING,R+C
1786986244.901,47.8,0.000,0.718,0.859,0.5114,-0.0467,-8.66,-1.45559,0.150,0.700,0.000,-0.6512,-0.6296,TRACKING,R+C
1786986244.922,47.8,0.000,0.732,0.868,0.5119,-0.0445,-8.68,-1.48738,0.150,0.700,0.000,-0.6254,-0.4472,TRACKING,R+C
1786986244.943,47.8,0.000,0.734,0.867,0.5093,-0.0392,-8.87,-1.53578,0.150,0.700,0.000,-0.5525,-0.3803,TRACKING,R+C
1786986244.964,47.8,0.000,0.744,0.878,0.5061,-0.0348,-10.62,-1.69645,0.150,0.700,0.000,-0.4474,-0.3124,TRACKING,R+C
1786986244.985,47.8,0.000,0.751,0.879,0.5034,-0.0270,-9.45,-1.68230,0.150,0.700,0.000,-0.3658,-0.2571,TRACKING,R+C
1786986245.011,47.8,0.000,0.756,0.880,0.5017,-0.0229,-9.21,-1.75600,0.150,0.700,0.000,-0.3214,-0.2247,TRACKING,R+C
1786986245.030,47.8,0.000,0.765,0.884,0.5041,-0.0193,-8.25,-1.75478,0.150,0.700,0.000,-0.2996,-0.2079,TRACKING,R+C
1786986245.051,47.8,0.000,0.765,0.882,0.5034,-0.0152,-7.76,-1.80120,0.150,0.700,0.000,-0.2587,-0.1830,TRACKING,R+C
1786986245.071,47.8,0.000,0.769,0.879,0.5039,-0.0103,-6.35,-1.75677,0.150,0.700,0.000,-0.2254,-0.1608,TRACKING,R+C
1786986245.091,47.8,0.000,0.771,0.875,0.5040,-0.0084,-6.80,-1.85187,0.150,0.700,0.000,-0.1903,-0.1385,TRACKING,R+C
1786986245.119,47.8,0.000,0.764,0.875,0.5089,-0.0039,-4.08,-1.73456,0.150,0.700,0.000,-0.2075,-0.1448,TRACKING,R+C
1786986245.133,47.8,0.000,0.765,0.880,0.5138,-0.0033,-2.82,-1.72799,0.150,0.700,0.000,-0.2486,-0.1689,TRACKING,R+C
1786986245.156,47.8,0.000,0.764,0.876,0.5199,-0.0017,-1.32,-1.66552,0.150,0.700,0.000,-0.2741,-0.1867,TRACKING,R+C
1786986245.179,47.8,0.000,0.768,0.872,0.5185,0.0005,-0.18,-1.65066,0.150,0.700,0.000,-0.2832,-0.1947,TRACKING,R+C
1786986245.207,47.8,0.000,0.768,0.870,0.5261,0.0027,0.54,-1.65834,0.150,0.700,0.000,-0.2775,-0.1929,TRACKING,R+C
1786986245.227,47.8,0.000,0.770,0.874,0.5287,0.0040,1.07,-1.64955,0.150,0.700,0.000,-0.2765,-0.1922,TRACKING,R+C
1786986245.241,47.8,0.000,0.762,0.871,0.5333,0.0053,3.19,-1.52910,0.150,0.700,0.000,-0.3245,-0.2188,TRACKING,R+C
1786986245.270,47.8,0.000,0.764,0.863,0.5445,0.0036,4.44,-1.47980,0.150,0.700,0.000,-0.3964,-0.2627,TRACKING,R+C
1786986245.291,47.8,0.000,0.769,0.865,0.5501,0.0030,5.73,-1.41822,0.150,0.700,0.000,-0.4491,-0.2985,TRACKING,R+C
1786986245.308,47.8,0.000,0.767,0.863,0.5532,0.0019,6.64,-1.37646,0.150,0.700,0.000,-0.4955,-0.3294,TRACKING,R+C
1786986245.322,47.8,0.000,0.773,0.860,0.5594,0.0038,7.98,-1.28478,0.150,0.700,0.000,-0.5062,-0.3399,TRACKING,R+C
1786986245.347,47.8,0.000,0.766,0.852,0.5574,0.0085,8.86,-1.23577,0.150,0.700,0.000,-0.4614,-0.3167,TRACKING,R+C
1786986245.366,47.8,0.000,0.771,0.861,0.5507,0.0131,10.12,-1.11428,0.150,0.700,0.000,-0.4220,-0.2914,TRACKING,R+C
1786986245.387,47.8,0.000,0.772,0.866,0.5529,0.0154,10.83,-1.07825,0.150,0.700,0.000,-0.4111,-0.2817,TRACKING,R+C
1786986245.416,47.8,0.000,0.769,0.865,0.5523,0.0150,11.44,-1.02117,0.150,0.700,0.000,-0.4330,-0.2923,TRACKING,R+C
1786986245.429,47.8,0.000,0.757,0.861,0.5597,0.0101,9.50,-1.29838,0.150,0.700,0.000,-0.4741,-0.3173,TRACKING,R+C
1786986245.450,47.8,0.000,0.767,0.868,0.5671,0.0030,7.65,-1.48780,0.150,0.700,0.000,-0.5367,-0.3557,TRACKING,R+C
1786986245.470,47.8,0.000,0.773,0.861,0.5765,0.0024,8.49,-1.41389,0.150,0.700,0.000,-0.5667,-0.3778,TRACKING,R+C
1786986245.491,47.8,0.000,0.772,0.861,0.5812,0.0024,9.43,-1.34033,0.150,0.700,0.000,-0.5909,-0.3944,TRACKING,R+C
1786986245.512,47.8,0.000,0.767,0.859,0.5879,0.0011,10.19,-1.28520,0.150,0.700,0.000,-0.6304,-0.4186,TRACKING,R+C
1786986245.532,47.8,0.000,0.761,0.850,0.5937,-0.0030,10.82,-1.27971,0.150,0.700,0.000,-0.7051,-0.4634,TRACKING,R+C
1786986245.560,47.8,0.000,0.761,0.843,0.5994,-0.0101,11.63,-1.20068,0.150,0.700,0.000,-0.8077,-0.5262,TRACKING,R+C
1786986245.574,47.8,0.000,0.758,0.838,0.6168,-0.0198,11.55,-1.21471,0.150,0.700,0.000,-0.9094,-0.5912,TRACKING,R+C
1786986245.602,47.8,0.000,0.757,0.825,0.6263,-0.0278,12.87,-1.11576,0.150,0.180,0.000,-1.0000,-0.6503,TRACKING,R+C
1786986245.615,47.8,0.000,0.763,0.834,0.6363,-0.0372,13.52,-1.05887,0.150,0.700,0.000,-1.0000,-0.9490,TRACKING,R+C
1786986245.641,47.8,0.000,0.763,0.834,0.6363,-0.0298,10.82,-0.84709,0.150,0.700,0.000,-1.0000,-0.7044,TRACKING,prediction
1786986245.656,47.8,0.000,0.763,0.834,0.6363,-0.0238,8.65,-0.67768,0.150,0.700,0.000,-1.0000,-0.6679,TRACKING,prediction
1786986245.687,47.8,0.000,0.763,0.834,0.6363,-0.0190,6.92,-0.54214,0.150,0.700,0.000,-1.0000,-0.6624,TRACKING,prediction
1786986245.700,47.8,0.000,0.763,0.834,0.6363,-0.0152,5.54,-0.43371,0.150,0.700,0.000,-1.0000,-0.6616,TRACKING,prediction
1786986245.711,47.8,0.000,0.808,0.810,0.6594,-0.0658,15.25,-0.73153,0.150,0.700,0.000,-1.0000,-0.6634,TRACKING,R+C
1786986245.731,47.8,0.000,0.808,0.810,0.6594,-0.0526,12.20,-0.58522,0.150,0.700,0.000,-1.0000,-0.6634,TRACKING,prediction
1786986245.751,47.8,0.000,0.808,0.810,0.6594,-0.0421,9.76,-0.46818,0.150,0.700,0.000,-1.0000,-0.6634,TRACKING,prediction
1786986245.771,47.8,0.000,0.817,0.811,0.6569,-0.0688,14.35,-0.69550,0.150,0.700,0.000,-1.0000,-0.6631,TRACKING,R+C
1786986245.797,47.8,0.000,0.817,0.811,0.6569,-0.0550,11.48,-0.55640,0.150,0.700,0.000,-1.0000,-0.6631,TRACKING,prediction
1786986245.818,47.8,0.000,0.817,0.811,0.6569,-0.0440,9.19,-0.44512,0.150,0.700,0.000,-1.0000,-0.6631,TRACKING,prediction
1786986245.838,47.8,0.000,0.817,0.811,0.6569,-0.0352,7.35,-0.35609,0.150,0.700,0.000,-1.0000,-0.6631,TRACKING,prediction
1786986245.859,47.8,0.000,0.813,0.812,0.6360,-0.0638,12.82,-0.76375,0.150,0.700,0.000,-1.0000,-0.6623,TRACKING,R+C
1786986245.879,48.5,0.000,0.823,0.814,0.6325,-0.0639,12.66,-0.73515,0.150,0.700,0.000,-1.0000,-0.6622,TRACKING,R+C
1786986245.900,48.5,0.000,0.834,0.821,0.6324,-0.0659,12.69,-0.72969,0.150,0.700,0.000,-1.0000,-0.6623,TRACKING,R+C
1786986245.921,48.5,0.000,0.834,0.821,0.6324,-0.0527,10.15,-0.58375,0.150,0.700,0.000,-1.0000,-0.6623,TRACKING,prediction
1786986245.941,48.5,0.000,0.834,0.821,0.6324,-0.0421,8.12,-0.46700,0.150,0.700,0.000,-1.0000,-0.6623,TRACKING,prediction
1786986245.962,48.5,0.000,0.834,0.821,0.6324,-0.0337,6.50,-0.37360,0.150,0.700,0.000,-1.0000,-0.6623,TRACKING,prediction
1786986245.983,48.5,0.000,0.834,0.821,0.6324,-0.0270,5.20,-0.29888,0.150,0.700,0.000,-1.0000,-0.6623,TRACKING,prediction
1786986246.007,48.5,0.000,0.845,0.819,0.6456,-0.0997,12.60,-0.56865,0.150,0.700,0.000,-1.0000,-0.6645,TRACKING,R+C
1786986246.027,48.5,0.000,0.844,0.815,0.6454,-0.1019,12.20,-0.58651,0.150,0.700,0.000,-1.0000,-0.6646,TRACKING,R+C
1786986246.057,48.5,0.000,0.844,0.815,0.6454,-0.0815,9.76,-0.46921,0.150,0.700,0.000,-1.0000,-0.6646,TRACKING,prediction
1786986246.067,48.5,0.000,0.844,0.815,0.6454,-0.0652,7.81,-0.37537,0.150,0.700,0.000,-1.0000,-0.6646,TRACKING,prediction
1786986246.097,48.5,0.000,0.844,0.815,0.6454,-0.0521,6.25,-0.30029,0.150,0.700,0.000,-1.0000,-0.6646,TRACKING,prediction
1786986246.120,48.5,0.000,0.844,0.815,0.6454,-0.0417,5.00,-0.24023,0.150,0.700,0.000,-1.0000,-0.6646,TRACKING,prediction
1786986246.131,48.5,0.000,0.844,0.815,0.6454,-0.0334,4.00,-0.19219,0.150,0.700,0.000,-1.0000,-0.6646,TRACKING,prediction
1786986246.151,48.5,0.000,0.844,0.815,0.6454,-0.0267,3.20,-0.15375,0.150,0.700,0.000,-1.0000,-0.6646,TRACKING,prediction
1786986246.172,48.5,0.000,0.890,0.810,0.6284,-0.1266,10.75,-0.46195,0.154,0.700,0.000,-1.0000,-0.6657,TRACKING,R+C
1786986246.193,48.5,0.000,0.890,0.810,0.6284,-0.1013,8.60,-0.36956,0.154,0.700,0.000,-1.0000,-0.6657,TRACKING,prediction
1786986246.214,48.5,0.000,0.890,0.810,0.6284,-0.0810,6.88,-0.29565,0.154,0.700,0.000,-1.0000,-0.6657,TRACKING,prediction
1786986246.244,48.5,0.000,0.890,0.810,0.6284,-0.0648,5.50,-0.23652,0.154,0.700,0.000,-1.0000,-0.6657,TRACKING,prediction
1786986246.255,48.5,0.000,0.890,0.810,0.6284,-0.0518,4.40,-0.18921,0.154,0.700,0.000,-1.0000,-0.6657,TRACKING,prediction
1786986246.275,48.5,0.000,0.890,0.810,0.6284,-0.0415,3.52,-0.15137,0.154,0.700,0.000,-1.0000,-0.6657,TRACKING,prediction
1786986246.297,48.5,0.000,0.890,0.810,0.6284,-0.0332,2.82,-0.12110,0.154,0.700,0.000,-1.0000,-0.6657,TRACKING,prediction
1786986246.320,48.5,0.000,0.890,0.810,0.6284,-0.0265,2.25,-0.09688,0.154,0.700,0.000,-1.0000,-0.6657,TRACKING,prediction
1786986246.347,48.5,0.000,0.890,0.810,0.6284,-0.0212,1.80,-0.07750,0.154,0.700,0.000,-1.0000,-0.6657,TRACKING,prediction
1786986246.369,48.5,0.000,0.890,0.810,0.6284,-0.0170,1.44,-0.06200,0.154,0.700,0.000,-1.0000,-0.6657,TRACKING,prediction
1786986246.388,48.5,0.000,0.890,0.810,0.6284,-0.0136,1.15,-0.04960,0.154,0.700,0.000,-1.0000,-0.6657,TRACKING,prediction
1786986246.401,48.5,0.000,0.904,0.821,0.5887,-0.1440,6.18,-0.59206,0.150,0.700,0.000,-1.0000,-0.6659,TRACKING,R+C
1786986246.432,48.5,0.000,0.904,0.821,0.5887,-0.1152,4.95,-0.47365,0.150,0.700,0.000,-1.0000,-0.6659,TRACKING,prediction
1786986246.442,48.5,0.000,0.892,0.829,0.5833,-0.1366,6.05,-0.54849,0.150,0.700,0.000,-1.0000,-0.6651,TRACKING,R+C
1786986246.453,48.5,0.000,0.892,0.829,0.5833,-0.1093,4.84,-0.43879,0.150,0.700,0.000,-1.0000,-0.6651,TRACKING,prediction
1786986246.473,48.5,0.000,0.892,0.829,0.5833,-0.0875,3.87,-0.35103,0.150,0.700,0.000,-1.0000,-0.6651,TRACKING,prediction
1786986246.500,48.5,0.000,0.892,0.829,0.5833,-0.0700,3.10,-0.28083,0.150,0.700,0.000,-1.0000,-0.6651,TRACKING,prediction
1786986246.520,48.5,0.000,0.892,0.829,0.5833,-0.0560,2.48,-0.22466,0.150,0.700,0.000,-1.0000,-0.6651,TRACKING,prediction
1786986246.530,48.5,0.000,0.916,0.844,0.5673,-0.1203,4.71,-0.47826,0.152,0.700,0.000,-1.0000,-0.6630,TRACKING,R+C
1786986246.540,48.5,0.000,0.906,0.848,0.5633,-0.1181,3.51,-0.57658,0.150,0.700,0.000,-1.0000,-0.6627,TRACKING,R+C
1786986246.561,48.5,0.000,0.889,0.852,0.5563,-0.1147,2.51,-0.67931,0.150,0.700,0.000,-1.0000,-0.6624,TRACKING,R+C
1786986246.583,48.5,0.000,0.891,0.851,0.5537,-0.1121,3.15,-0.57136,0.150,0.700,0.000,-1.0000,-0.6621,TRACKING,R+C
1786986246.604,48.5,0.000,0.897,0.851,0.5517,-0.1112,2.74,-0.61503,0.150,0.700,0.000,-1.0000,-0.6620,TRACKING,R+C
1786986246.624,48.5,0.000,0.903,0.853,0.5505,-0.1118,3.16,-0.53863,0.150,0.700,0.000,-1.0000,-0.6620,TRACKING,R+C
1786986246.652,48.5,0.000,0.903,0.855,0.5502,-0.1136,2.98,-0.55704,0.150,0.700,0.000,-1.0000,-0.6621,TRACKING,R+C
1786986246.667,48.5,0.000,0.904,0.857,0.5495,-0.1149,2.74,-0.58641,0.150,0.700,0.000,-1.0000,-0.6622,TRACKING,R+C
1786986246.679,48.5,0.000,0.911,0.858,0.5451,-0.1162,1.16,-0.70035,0.150,0.700,0.000,-1.0000,-0.6621,TRACKING,R+C
1786986246.700,48.5,0.000,0.900,0.863,0.5449,-0.1132,1.99,-0.61840,0.150,0.700,0.000,-1.0000,-0.6619,TRACKING,R+C
1786986246.721,48.5,0.000,0.893,0.862,0.5419,-0.1114,1.96,-0.61948,0.150,0.700,0.000,-1.0000,-0.6618,TRACKING,R+C
1786986246.750,48.5,0.000,0.886,0.864,0.5412,-0.1126,1.61,-0.63734,0.150,0.700,0.000,-1.0000,-0.6618,TRACKING,R+C
1786986246.763,48.5,0.000,0.878,0.865,0.5432,-0.1137,1.89,-0.60312,0.150,0.700,0.000,-1.0000,-0.6619,TRACKING,R+C
1786986246.787,48.5,0.000,0.884,0.867,0.5444,-0.1146,1.86,-0.59252,0.150,0.700,0.000,-1.0000,-0.6619,TRACKING,R+C
1786986246.797,48.5,0.000,0.864,0.865,0.5437,-0.1154,0.58,-0.73000,0.150,0.700,0.000,-1.0000,-0.6620,TRACKING,R+C
1786986246.820,48.5,0.000,0.878,0.868,0.5433,-0.1137,1.25,-0.64538,0.150,0.700,0.000,-1.0000,-0.6618,TRACKING,R+C
1786986246.839,48.5,0.000,0.874,0.869,0.5428,-0.1144,0.65,-0.66896,0.150,0.700,0.000,-1.0000,-0.6617,TRACKING,R+C
1786986246.860,48.5,0.000,0.862,0.874,0.5423,-0.1150,1.46,-0.59513,0.150,0.700,0.000,-1.0000,-0.6618,TRACKING,R+C
1786986246.889,49.5,0.000,0.864,0.870,0.5422,-0.1172,1.37,-0.60798,0.150,0.700,0.000,-1.0000,-0.6620,TRACKING,R+C
1786986246.903,49.5,0.000,0.867,0.870,0.5443,-0.1188,0.91,-0.64571,0.150,0.700,0.000,-1.0000,-0.6621,TRACKING,R+C
1786986246.918,49.5,0.000,0.878,0.872,0.5423,-0.1173,1.04,-0.62859,0.150,0.700,0.000,-1.0000,-0.6620,TRACKING,R+C
1786986246.939,49.5,0.000,0.874,0.872,0.5377,-0.1132,1.18,-0.59313,0.150,0.700,0.000,-1.0000,-0.6616,TRACKING,R+C
1786986246.959,49.5,0.000,0.882,0.878,0.5349,-0.1076,1.14,-0.58166,0.150,0.700,0.000,-1.0000,-0.6611,TRACKING,R+C
1786986246.979,49.5,0.000,0.878,0.881,0.5266,-0.1011,0.69,-0.61583,0.150,0.700,0.000,-1.0000,-0.6605,TRACKING,R+C
1786986247.013,49.5,0.000,0.868,0.894,0.5243,-0.0951,0.24,-0.63847,0.150,0.700,0.000,-1.0000,-0.6599,TRACKING,R+C
1786986247.027,49.5,0.000,0.861,0.893,0.5188,-0.0877,0.30,-0.63179,0.150,0.700,0.000,-1.0000,-0.6593,TRACKING,R+C
1786986247.047,49.5,0.000,0.855,0.902,0.5138,-0.0812,-0.29,-0.69406,0.150,0.700,0.000,-1.0000,-0.6588,TRACKING,R+C
1786986247.078,49.5,0.000,0.868,0.908,0.5091,-0.0735,0.31,-0.61659,0.150,0.700,0.000,-1.0000,-0.6581,TRACKING,R+C
1786986247.090,49.5,0.000,0.868,0.910,0.5012,-0.0656,0.28,-0.63051,0.150,0.700,0.000,-1.0000,-0.6575,TRACKING,R+C
1786986247.117,49.5,0.000,0.857,0.915,0.4956,-0.0578,0.55,-0.60253,0.150,0.700,0.000,-0.9373,-0.6229,TRACKING,R+C
1786986247.131,49.5,0.660,0.865,0.926,0.4925,-0.0491,0.77,-0.59359,0.150,0.700,0.000,-0.8534,-0.5715,TRACKING,L+C+R_fused
1786986247.151,49.5,0.610,0.859,0.930,0.4583,-0.0418,-0.11,-0.66961,0.150,0.700,0.000,-0.7539,-0.5090,TRACKING,L+C+R_fused
1786986247.172,49.5,0.681,0.852,0.823,0.4978,-0.0332,0.06,-0.64937,0.150,0.700,0.000,-0.6475,-0.4407,TRACKING,L+C+R_fused
1786986247.193,49.5,0.730,0.847,0.734,0.4885,-0.0265,-0.06,-0.67164,0.150,0.700,0.000,-0.5536,-0.3785,TRACKING,L+C+R_fused
1786986247.214,49.5,0.845,0.846,0.634,0.4708,-0.0211,0.04,-0.66460,0.150,0.700,0.000,-0.4754,-0.3258,TRACKING,L+C+R_fused
1786986247.235,49.5,0.878,0.840,0.655,0.4954,-0.0175,0.11,-0.69025,0.150,0.700,0.000,-0.4255,-0.2903,TRACKING,L+C+R_fused
1786986247.257,49.5,0.370,0.846,0.666,0.4047,-0.0168,0.90,-0.62649,0.150,0.700,0.000,-0.4358,-0.2907,TRACKING,L+C+R_fused
1786986247.276,49.5,0.816,0.842,0.344,0.4915,-0.0191,0.48,-0.68266,0.150,0.700,0.000,-0.4642,-0.3067,TRACKING,L+C+R_fused
1786986247.306,49.5,0.956,0.846,0.854,0.5376,-0.0207,0.79,-0.67993,0.150,0.700,0.000,-0.5001,-0.3291,TRACKING,L+C+R_fused
1786986247.326,49.5,0.958,0.851,0.884,0.5305,-0.0232,1.06,-0.66077,0.150,0.700,0.000,-0.5448,-0.3573,TRACKING,L+C+R_fused
1786986247.336,49.5,0.955,0.854,0.853,0.4789,-0.0261,1.28,-0.65712,0.150,0.700,0.000,-0.5938,-0.3887,TRACKING,L+C+R_fused
1786986247.365,49.5,0.000,0.848,0.858,0.5066,-0.0288,1.48,-0.67236,0.150,0.700,0.000,-0.6396,-0.4189,TRACKING,R+C
1786986247.377,49.5,0.000,0.852,0.894,0.5117,-0.0325,1.79,-0.68068,0.150,0.700,0.000,-0.6991,-0.4564,TRACKING,R+C
1786986247.399,49.5,0.000,0.858,0.935,0.5136,-0.0357,2.79,-0.60479,0.150,0.700,0.000,-0.7611,-0.4962,TRACKING,R+C
1786986247.418,49.5,0.000,0.863,0.939,0.5183,-0.0386,3.79,-0.54711,0.150,0.700,0.000,-0.8169,-0.5329,TRACKING,R+C
1786986247.445,49.5,0.000,0.871,0.941,0.5216,-0.0430,3.47,-0.61172,0.150,0.700,0.000,-0.8632,-0.5640,TRACKING,R+C
1786986247.459,49.5,0.000,0.871,0.933,0.5243,-0.0484,3.08,-0.67802,0.150,0.700,0.000,-0.9155,-0.5976,TRACKING,R+C
1786986247.491,49.5,0.000,0.872,0.930,0.5299,-0.0554,2.42,-0.74298,0.150,0.700,0.000,-0.9720,-0.6337,TRACKING,R+C
1786986247.499,49.5,0.000,0.863,0.925,0.5379,-0.0588,4.09,-0.63201,0.150,0.700,0.000,-1.0000,-0.6546,TRACKING,R+C
1786986247.520,49.5,0.000,0.861,0.924,0.5390,-0.0647,4.20,-0.62959,0.150,0.700,0.000,-1.0000,-0.6582,TRACKING,R+C
1786986247.547,49.5,0.000,0.851,0.922,0.5462,-0.0697,4.82,-0.57609,0.150,0.700,0.000,-1.0000,-0.6591,TRACKING,R+C
1786986247.554,49.5,0.000,0.861,0.918,0.5535,-0.0760,4.77,-0.57358,0.150,0.700,0.000,-1.0000,-0.6597,TRACKING,R+C
1786986247.583,49.5,0.000,0.852,0.908,0.5611,-0.0798,6.35,-0.38086,0.162,0.700,0.000,-1.0000,-0.6600,TRACKING,R+C
1786986247.590,49.5,0.000,0.846,0.906,0.5637,-0.0839,6.06,-0.40129,0.160,0.700,0.000,-1.0000,-0.6603,TRACKING,R+C
1786986247.610,49.5,0.000,0.843,0.908,0.5664,-0.0885,3.57,-0.71417,0.150,0.700,0.000,-1.0000,-0.6608,TRACKING,R+C
1786986247.631,49.5,0.000,0.841,0.923,0.5729,-0.0882,4.16,-0.67932,0.150,0.700,0.000,-1.0000,-0.6608,TRACKING,R+C
1786986247.651,49.5,0.000,0.842,0.918,0.5744,-0.0906,4.26,-0.70084,0.150,0.700,0.000,-1.0000,-0.6611,TRACKING,R+C
1786986247.672,49.5,0.000,0.842,0.915,0.5798,-0.0945,4.04,-0.75401,0.150,0.700,0.000,-1.0000,-0.6615,TRACKING,R+C
1786986247.701,49.5,0.000,0.835,0.913,0.5769,-0.1000,3.26,-0.85528,0.150,0.700,0.000,-1.0000,-0.6620,TRACKING,R+C
1786986247.716,49.5,0.000,0.835,0.913,0.5769,-0.0800,2.61,-0.68422,0.150,0.700,0.000,-1.0000,-0.6620,TRACKING,prediction
1786986247.731,49.5,0.000,0.835,0.913,0.5769,-0.0640,2.09,-0.54738,0.150,0.700,0.000,-1.0000,-0.6620,TRACKING,prediction
1786986247.742,49.5,0.000,0.835,0.913,0.5769,-0.0512,1.67,-0.43790,0.150,0.700,0.000,-1.0000,-0.6620,TRACKING,prediction
1786986247.762,49.5,0.000,0.835,0.913,0.5769,-0.0410,1.34,-0.35032,0.150,0.700,0.000,-1.0000,-0.6620,TRACKING,prediction
1786986247.782,49.5,0.000,0.835,0.913,0.5769,-0.0328,1.07,-0.28026,0.150,0.700,0.000,-1.0000,-0.6620,TRACKING,prediction
1786986247.804,49.5,0.000,0.835,0.913,0.5769,-0.0262,0.86,-0.22421,0.150,0.700,0.000,-1.0000,-0.6620,TRACKING,prediction
1786986247.825,49.5,0.000,0.835,0.913,0.5769,-0.0210,0.68,-0.17936,0.150,0.700,0.000,-1.0000,-0.6620,TRACKING,prediction
1786986247.845,49.5,0.000,0.835,0.913,0.5769,-0.0168,0.55,-0.14349,0.150,0.700,0.000,-1.0000,-0.6620,TRACKING,prediction
1786986247.866,49.5,0.000,0.835,0.913,0.5769,-0.0134,0.44,-0.11479,0.150,0.700,0.000,-1.0000,-0.6620,TRACKING,prediction
1786986247.886,49.5,0.000,0.835,0.913,0.5769,-0.0107,0.35,-0.09183,0.150,0.700,0.000,-1.0000,-0.6620,TRACKING,prediction
1786986247.906,50.1,0.000,0.835,0.913,0.5769,-0.0086,0.28,-0.07347,0.150,0.696,0.000,-1.0000,-0.6620,TRACKING,prediction
1786986247.929,50.1,0.000,0.835,0.913,0.5769,-0.0069,0.22,-0.05877,0.150,0.661,0.000,-1.0000,-0.6643,TRACKING,prediction
1786986247.952,50.1,0.000,0.835,0.913,0.5769,-0.0055,0.18,-0.04702,0.150,0.628,0.000,-1.0000,-0.6844,TRACKING,prediction
1786986247.971,50.1,0.000,0.835,0.913,0.5769,-0.0044,0.14,-0.03762,0.150,0.597,0.000,-1.0000,-0.7060,TRACKING,prediction
1786986247.999,50.1,0.000,0.835,0.913,0.5769,-0.0035,0.11,-0.03009,0.150,0.567,0.000,-1.0000,-0.7269,TRACKING,prediction
1786986248.013,50.1,0.000,0.835,0.913,0.5769,-0.0028,0.09,-0.02407,0.150,0.490,0.000,-1.0000,-0.7468,UNCERTAIN,prediction
1786986248.034,50.1,0.000,0.835,0.913,0.5769,-0.0023,0.07,-0.01926,0.150,0.490,0.000,-1.0000,-0.7927,UNCERTAIN,prediction
1786986248.054,50.1,0.000,0.835,0.913,0.5769,-0.0018,0.06,-0.01541,0.150,0.486,0.000,-1.0000,-0.7995,UNCERTAIN,prediction
1786986248.075,50.1,0.000,0.835,0.913,0.5769,-0.0014,0.05,-0.01233,0.150,0.462,0.000,-1.0000,-0.8027,UNCERTAIN,prediction
1786986248.104,50.1,0.000,0.835,0.913,0.5769,-0.0012,0.04,-0.00986,0.150,0.439,0.000,-1.0000,-0.8167,UNCERTAIN,prediction
1786986248.125,50.1,0.000,0.835,0.913,0.5769,-0.0009,0.03,-0.00789,0.150,0.417,0.000,-1.0000,-0.8315,UNCERTAIN,prediction
1786986248.135,50.1,0.000,0.835,0.913,0.5769,-0.0007,0.02,-0.00631,0.150,0.396,0.000,-1.0000,-0.8458,UNCERTAIN,prediction
1786986248.156,50.1,0.000,0.835,0.913,0.5769,-0.0006,0.02,-0.00505,0.150,0.376,0.000,-1.0000,-0.8595,UNCERTAIN,prediction
1786986248.179,50.1,0.000,0.835,0.913,0.5769,-0.0005,0.02,-0.00404,0.150,0.357,0.000,-1.0000,-0.8724,UNCERTAIN,prediction
1786986248.203,50.1,0.000,0.835,0.913,0.5769,-0.0004,0.01,-0.00323,0.150,0.339,0.000,-1.0000,-0.8846,UNCERTAIN,prediction
1786986248.221,50.1,0.000,0.835,0.913,0.5769,-0.0003,0.01,-0.00258,0.150,0.322,0.000,-1.0000,-0.8962,UNCERTAIN,prediction
1786986248.243,50.1,0.000,0.835,0.913,0.5769,-0.0002,0.01,-0.00207,0.150,0.306,0.000,-1.0000,-0.9072,UNCERTAIN,prediction
1786986248.262,50.1,0.000,0.835,0.913,0.5769,-0.0002,0.01,-0.00165,0.150,0.291,0.000,-1.0000,-0.9177,UNCERTAIN,prediction
1786986248.283,50.1,0.000,0.835,0.913,0.5769,-0.0002,0.01,-0.00132,0.150,0.276,0.000,-1.0000,-0.9276,UNCERTAIN,prediction
1786986248.304,50.1,0.000,0.835,0.913,0.5769,-0.0001,0.00,-0.00106,0.150,0.263,0.000,-1.0000,-0.9370,UNCERTAIN,prediction
1786986248.327,50.1,0.000,0.835,0.913,0.5769,-0.0001,0.00,-0.00085,0.150,0.250,0.000,-1.0000,-0.9459,UNCERTAIN,prediction
1786986248.349,50.1,0.000,0.835,0.913,0.5769,-0.0001,0.00,-0.00068,0.150,0.237,0.000,-1.0000,-0.9544,UNCERTAIN,prediction
1786986248.367,50.1,0.000,0.835,0.913,0.5769,-0.0001,0.00,-0.00054,0.150,0.225,0.000,-1.0000,-0.9624,UNCERTAIN,prediction
1786986248.396,50.1,0.000,0.835,0.913,0.5769,-0.0001,0.00,-0.00043,0.150,0.214,0.000,-1.0000,-0.9700,UNCERTAIN,prediction
1786986248.409,50.1,0.000,0.804,0.844,0.6268,-0.1030,5.21,-1.57502,0.150,0.700,0.000,-1.0000,-0.9776,TRACKING,R+C
1786986248.428,50.1,0.000,0.804,0.844,0.6268,-0.0824,4.17,-1.26002,0.150,0.700,0.000,-1.0000,-0.7120,TRACKING,prediction
1786986248.460,50.1,0.000,0.804,0.844,0.6268,-0.0660,3.33,-1.00801,0.150,0.700,0.000,-1.0000,-0.6723,TRACKING,prediction
1786986248.470,50.1,0.000,0.804,0.844,0.6268,-0.0528,2.67,-0.80641,0.150,0.700,0.000,-1.0000,-0.6663,TRACKING,prediction
1786986248.500,50.1,0.000,0.804,0.844,0.6268,-0.0422,2.13,-0.64513,0.150,0.700,0.000,-1.0000,-0.6654,TRACKING,prediction
1786986248.521,50.1,0.000,0.823,0.820,0.6605,-0.1259,11.52,-0.94054,0.150,0.700,0.000,-1.0000,-0.6675,TRACKING,R+C
1786986248.544,50.1,0.000,0.823,0.820,0.6605,-0.1007,9.22,-0.75243,0.150,0.700,0.000,-1.0000,-0.6675,TRACKING,prediction
1786986248.555,50.1,0.845,0.697,0.000,0.6699,0.2759,43.88,0.80441,0.150,0.700,0.000,1.0000,-0.1952,TRACKING,L+C
1786986248.581,50.1,0.845,0.697,0.000,0.6699,0.2207,35.11,0.64353,0.150,0.700,0.000,1.0000,0.2239,TRACKING,prediction
1786986248.596,50.1,0.845,0.697,0.000,0.6699,0.1766,28.08,0.51482,0.150,0.700,0.000,1.0000,0.5950,TRACKING,prediction
1786986248.617,50.1,0.000,0.852,0.674,0.7071,-0.1456,14.90,-0.39836,0.160,0.700,0.000,-1.0000,0.1044,TRACKING,R+C
1786986248.641,50.1,0.000,0.852,0.677,0.7095,-0.1459,16.08,-0.19207,0.181,0.700,0.000,-1.0000,-0.3059,TRACKING,R+C
1786986248.662,50.1,0.000,0.852,0.677,0.7095,-0.1167,12.86,-0.15365,0.181,0.700,0.000,-1.0000,-0.6140,TRACKING,prediction
1786986248.689,50.1,0.000,0.852,0.677,0.7095,-0.0934,10.29,-0.12292,0.181,0.700,0.000,-1.0000,-0.6602,TRACKING,prediction
1786986248.700,50.1,0.000,0.852,0.677,0.7095,-0.0747,8.23,-0.09834,0.181,0.700,0.000,-1.0000,-0.6671,TRACKING,prediction
1786986248.719,50.1,0.000,0.852,0.677,0.7095,-0.0598,6.59,-0.07867,0.181,0.180,0.000,-1.0000,-0.6682,TRACKING,prediction
1786986248.750,50.1,0.000,0.852,0.677,0.7095,-0.0478,5.27,-0.06294,0.181,0.700,0.000,-1.0000,-0.9523,TRACKING,prediction
1786986248.771,50.1,0.000,0.852,0.677,0.7095,-0.0382,4.21,-0.05035,0.181,0.700,0.000,-1.0000,-0.7106,TRACKING,prediction
1786986248.792,50.1,0.000,0.852,0.677,0.7095,-0.0306,3.37,-0.04028,0.181,0.700,0.000,-1.0000,-0.6747,TRACKING,prediction
1786986248.812,50.1,0.000,0.852,0.677,0.7095,-0.0245,2.70,-0.03222,0.181,0.700,0.000,-1.0000,-0.6693,TRACKING,prediction
1786986248.833,50.1,0.000,0.852,0.677,0.7095,-0.0196,2.16,-0.02578,0.181,0.675,0.000,-1.0000,-0.6685,TRACKING,prediction
1786986248.853,50.1,0.000,0.852,0.677,0.7095,-0.0157,1.73,-0.02062,0.181,0.641,0.000,-1.0000,-0.6827,TRACKING,prediction
1786986248.874,50.1,0.000,0.852,0.677,0.7095,-0.0125,1.38,-0.01650,0.181,0.609,0.000,-1.0000,-0.7038,TRACKING,prediction
1786986248.895,50.1,0.000,0.852,0.677,0.7095,-0.0100,1.10,-0.01320,0.181,0.180,0.000,-1.0000,-0.7248,TRACKING,prediction
1786986248.915,47.6,0.000,0.852,0.677,0.7095,-0.0080,0.88,-0.01056,0.181,0.490,0.000,-1.0000,-0.9601,UNCERTAIN,prediction
1786986248.937,47.6,0.000,0.852,0.677,0.7095,-0.0064,0.71,-0.00845,0.181,0.180,0.000,-1.0000,-0.8286,UNCERTAIN,prediction
1786986248.958,47.6,0.000,0.852,0.677,0.7095,-0.0051,0.57,-0.00676,0.181,0.490,0.000,-1.0000,-0.9749,UNCERTAIN,prediction
1786986248.979,47.6,0.000,0.852,0.677,0.7095,-0.0041,0.45,-0.00541,0.181,0.471,0.000,-1.0000,-0.8309,UNCERTAIN,prediction
1786986248.989,47.6,0.000,0.852,0.677,0.7095,-0.0033,0.36,-0.00433,0.181,0.448,0.000,-1.0000,-0.8197,UNCERTAIN,prediction
1786986249.019,47.6,0.865,0.653,0.000,0.6677,0.1715,-1.06,-1.67237,0.150,0.700,0.000,1.0000,-0.1394,TRACKING,L+C
1786986249.042,47.6,0.865,0.653,0.000,0.6677,0.1372,-0.85,-1.33790,0.150,0.700,0.000,1.0000,0.2697,TRACKING,prediction
1786986249.065,47.6,0.865,0.653,0.000,0.6677,0.1097,-0.68,-1.07032,0.150,0.700,0.000,1.0000,0.6007,TRACKING,prediction
1786986249.083,47.6,0.854,0.645,0.000,0.6413,0.1770,1.61,-1.24312,0.150,0.700,0.000,1.0000,0.6513,TRACKING,L+C
1786986249.108,47.6,0.854,0.645,0.000,0.6413,0.1416,1.29,-0.99449,0.150,0.700,0.000,1.0000,0.6587,TRACKING,prediction
1786986249.138,47.6,0.000,0.788,0.639,0.6201,-0.1565,-1.74,-0.28505,0.171,0.700,0.000,-1.0000,0.1861,TRACKING,R+C
1786986249.159,47.6,0.000,0.786,0.640,0.6187,-0.1514,-2.13,-0.26868,0.173,0.700,0.000,-1.0000,-0.2300,TRACKING,R+C
1786986249.180,47.6,0.000,0.801,0.642,0.6135,-0.1450,-1.60,-0.16056,0.184,0.700,0.000,-1.0000,-0.5968,TRACKING,R+C
1786986249.197,47.6,0.000,0.766,0.642,0.5984,-0.1428,-4.80,-0.41315,0.159,0.700,0.000,-1.0000,-0.6516,TRACKING,R+C
1786986249.222,47.6,0.000,0.758,0.618,0.5901,-0.1408,-6.40,-0.50513,0.150,0.700,0.000,-1.0000,-0.6595,TRACKING,R+C
1786986249.242,47.6,0.000,0.753,0.617,0.5868,-0.1362,-6.02,-0.48036,0.152,0.700,0.000,-1.0000,-0.6604,TRACKING,R+C
1786986249.263,47.6,0.000,0.754,0.616,0.5843,-0.1353,-6.57,-0.51515,0.150,0.700,0.000,-1.0000,-0.6605,TRACKING,R+C
1786986249.295,47.6,0.000,0.720,0.618,0.5760,-0.1388,-9.42,-0.76672,0.150,0.700,0.000,-1.0000,-0.6606,TRACKING,R+C
1786986249.316,47.6,0.000,0.713,0.618,0.5801,-0.1412,-10.28,-0.82755,0.150,0.700,0.000,-1.0000,-0.6607,TRACKING,R+C
1786986249.336,47.6,0.000,0.733,0.618,0.5808,-0.1399,-9.88,-0.78181,0.150,0.700,0.000,-1.0000,-0.6606,TRACKING,R+C
1786986249.350,47.6,0.000,0.725,0.617,0.5765,-0.1385,-11.87,-0.91303,0.150,0.700,0.000,-1.0000,-0.6603,TRACKING,R+C
1786986249.367,47.6,0.000,0.718,0.617,0.5693,-0.1288,-11.54,-0.92587,0.150,0.700,0.000,-1.0000,-0.6596,TRACKING,R+C
1786986249.387,47.6,0.000,0.706,0.619,0.5608,-0.1205,-12.46,-0.99450,0.150,0.700,0.000,-1.0000,-0.6589,TRACKING,R+C
1786986249.415,47.6,0.688,0.707,0.626,0.4746,-0.1116,-13.21,-1.04764,0.150,0.700,0.000,-1.0000,-0.6581,TRACKING,L+C+R_fused
1786986249.431,47.6,0.925,0.702,0.636,0.5067,-0.1029,-14.56,-1.15720,0.150,0.700,0.000,-1.0000,-0.6574,TRACKING,L+C+R_fused
1786986249.445,47.6,0.934,0.705,0.620,0.5325,-0.0948,-15.51,-1.23675,0.150,0.700,0.000,-0.9716,-0.6413,TRACKING,L+C+R_fused
1786986249.465,47.6,0.931,0.710,0.624,0.5222,-0.0910,-17.61,-1.37491,0.150,0.700,0.000,-0.9006,-0.6000,TRACKING,L+C+R_fused
1786986249.488,47.6,0.932,0.722,0.644,0.5274,-0.0815,-15.31,-1.29860,0.150,0.700,0.000,-0.8519,-0.5669,TRACKING,L+C+R_fused
1786986249.512,47.6,0.933,0.723,0.649,0.5195,-0.0771,-15.98,-1.40946,0.150,0.700,0.000,-0.7995,-0.5334,TRACKING,L+C+R_fused
1786986249.525,47.6,0.936,0.716,0.653,0.5054,-0.0713,-16.78,-1.53176,0.150,0.700,0.000,-0.7237,-0.4867,TRACKING,L+C+R_fused
1786986249.538,47.6,0.928,0.716,0.673,0.5164,-0.0616,-16.58,-1.55795,0.150,0.700,0.000,-0.6066,-0.4150,TRACKING,L+C+R_fused
1786986249.558,47.6,0.928,0.725,0.658,0.5065,-0.0501,-16.38,-1.61095,0.150,0.700,0.000,-0.4534,-0.3195,TRACKING,L+C+R_fused
1786986249.590,47.6,0.934,0.730,0.649,0.5057,-0.0386,-15.61,-1.63200,0.150,0.700,0.000,-0.3025,-0.2215,TRACKING,L+C+R_fused
1786986249.600,47.6,0.932,0.740,0.482,0.5062,-0.0280,-14.34,-1.62893,0.150,0.700,0.000,-0.1732,-0.1350,TRACKING,L+C+R_fused
1786986249.620,47.6,0.932,0.742,0.700,0.5087,-0.0209,-13.27,-1.65078,0.150,0.700,0.000,-0.0982,-0.0806,TRACKING,L+C+R_fused
1786986249.642,47.6,0.932,0.757,0.735,0.5198,-0.0154,-11.31,-1.59332,0.150,0.700,0.000,-0.0725,-0.0583,TRACKING,L+C+R_fused
1786986249.670,47.6,0.940,0.746,0.717,0.5112,-0.0120,-10.71,-1.62983,0.150,0.700,0.000,-0.0462,-0.0406,TRACKING,L+C+R_fused
1786986249.689,47.6,0.938,0.751,0.688,0.5243,-0.0061,-9.40,-1.61463,0.150,0.700,0.000,0.0063,-0.0088,TRACKING,L+C+R_fused
1786986249.701,47.6,0.935,0.752,0.638,0.5198,0.0008,-7.86,-1.59364,0.150,0.700,0.000,0.0656,0.0292,TRACKING,L+C+R_fused
1786986249.721,47.6,0.935,0.758,0.605,0.5501,0.0066,-6.15,-1.54922,0.150,0.700,0.000,0.1026,0.0555,TRACKING,L+C+R_fused
1786986249.735,47.6,0.935,0.754,0.590,0.5477,0.0080,-5.38,-1.57917,0.150,0.700,0.000,0.0880,0.0507,TRACKING,L+C+R_fused
1786986249.764,47.6,0.754,0.745,0.698,0.5144,0.0074,-4.97,-1.65700,0.150,0.700,0.000,0.0456,0.0254,TRACKING,L+C+R_fused
1786986249.779,47.6,0.000,0.747,0.727,0.5591,0.0065,-4.26,-1.70388,0.150,0.700,0.000,-0.0109,-0.0107,TRACKING,R+C
1786986249.796,47.6,0.000,0.751,0.726,0.5499,0.0049,-2.94,-1.65161,0.150,0.700,0.000,-0.0876,-0.0589,TRACKING,R+C
1786986249.812,47.6,0.000,0.750,0.837,0.6151,0.0049,-0.46,-1.51579,0.150,0.700,0.000,-0.1701,-0.1121,TRACKING,R+C
1786986249.840,47.6,0.000,0.753,0.751,0.5540,0.0038,0.93,-1.46282,0.150,0.700,0.000,-0.2399,-0.1590,TRACKING,R+C
1786986249.850,47.6,0.000,0.753,0.901,0.5213,0.0021,2.39,-1.39234,0.150,0.700,0.000,-0.3201,-0.2106,TRACKING,R+C
1786986249.870,47.6,0.000,0.751,0.902,0.5294,-0.0009,3.08,-1.39397,0.150,0.700,0.000,-0.3971,-0.2612,TRACKING,R+C
1786986249.891,47.6,0.000,0.748,0.901,0.5366,-0.0044,3.41,-1.43114,0.150,0.700,0.000,-0.4721,-0.3104,TRACKING,R+C
1786986249.920,48.8,0.000,0.759,0.894,0.5446,-0.0076,4.09,-1.39110,0.150,0.700,0.000,-0.5407,-0.3556,TRACKING,R+C
1786986249.932,48.8,0.000,0.753,0.891,0.5515,-0.0086,5.23,-1.34936,0.150,0.700,0.000,-0.5905,-0.3899,TRACKING,R+C
1786986249.952,48.8,0.000,0.758,0.890,0.5592,-0.0085,6.46,-1.26509,0.150,0.700,0.000,-0.6222,-0.4125,TRACKING,R+C
1786986249.973,48.8,0.000,0.757,0.879,0.5584,-0.0063,6.96,-1.26034,0.150,0.700,0.000,-0.6097,-0.4090,TRACKING,R+C
1786986250.000,48.8,0.000,0.749,0.872,0.5555,-0.0039,5.75,-1.44213,0.150,0.700,0.000,-0.5567,-0.3796,TRACKING,R+C
1786986250.019,48.8,0.000,0.744,0.862,0.5475,-0.0008,6.21,-1.41418,0.150,0.700,0.000,-0.5251,-0.3578,TRACKING,R+C
1786986250.042,48.8,0.000,0.754,0.866,0.5393,0.0007,7.06,-1.33894,0.150,0.700,0.000,-0.5246,-0.3542,TRACKING,R+C
1786986250.058,48.8,0.000,0.748,0.873,0.5531,-0.0010,8.30,-1.25565,0.150,0.700,0.000,-0.5836,-0.3863,TRACKING,R+C
1786986250.080,48.8,0.000,0.756,0.868,0.5666,-0.0039,9.27,-1.17965,0.150,0.700,0.000,-0.6479,-0.4264,TRACKING,R+C
1786986250.103,48.8,0.000,0.754,0.864,0.5657,-0.0060,10.02,-1.10386,0.150,0.700,0.000,-0.6920,-0.4565,TRACKING,R+C
1786986250.118,48.8,0.000,0.759,0.861,0.5700,-0.0065,9.92,-1.13035,0.150,0.700,0.000,-0.6987,-0.4648,TRACKING,R+C
1786986250.146,48.8,0.000,0.761,0.864,0.5693,-0.0058,10.27,-1.09474,0.150,0.700,0.000,-0.6962,-0.4646,TRACKING,R+C
1786986250.167,48.8,0.000,0.764,0.877,0.5711,-0.0070,10.20,-1.10164,0.150,0.700,0.000,-0.7097,-0.4720,TRACKING,R+C
1786986250.187,48.8,0.000,0.764,0.877,0.5711,-0.0056,8.16,-0.88131,0.150,0.700,0.000,-0.7097,-0.4730,TRACKING,prediction
1786986250.198,48.8,0.000,0.764,0.877,0.5711,-0.0044,6.53,-0.70505,0.150,0.700,0.000,-0.7097,-0.4732,TRACKING,prediction
1786986250.218,48.8,0.000,0.764,0.877,0.5711,-0.0036,5.22,-0.56404,0.150,0.700,0.000,-0.7097,-0.4732,TRACKING,prediction
1786986250.243,48.8,0.000,0.764,0.877,0.5711,-0.0028,4.18,-0.45123,0.150,0.700,0.000,-0.7097,-0.4732,TRACKING,prediction
1786986250.259,48.8,0.000,0.764,0.877,0.5711,-0.0023,3.34,-0.36098,0.150,0.700,0.000,-0.7097,-0.4732,TRACKING,prediction
1786986250.288,48.8,0.000,0.764,0.877,0.5711,-0.0018,2.67,-0.28879,0.150,0.700,0.000,-0.7097,-0.4732,TRACKING,prediction
1786986250.307,48.8,0.000,0.764,0.877,0.5711,-0.0015,2.14,-0.23103,0.150,0.700,0.000,-0.7097,-0.4732,TRACKING,prediction
1786986250.324,48.8,0.000,0.764,0.877,0.5711,-0.0012,1.71,-0.18482,0.150,0.700,0.000,-0.7097,-0.4732,TRACKING,prediction
1786986250.347,48.8,0.000,0.764,0.877,0.5711,-0.0009,1.37,-0.14786,0.150,0.700,0.000,-0.7097,-0.4732,TRACKING,prediction
1786986250.362,48.8,0.000,0.764,0.877,0.5711,-0.0007,1.10,-0.11829,0.150,0.688,0.000,-0.7097,-0.4732,TRACKING,prediction
1786986250.383,48.8,0.000,0.764,0.877,0.5711,-0.0006,0.88,-0.09463,0.150,0.653,0.000,-0.7097,-0.4783,TRACKING,prediction
1786986250.403,48.8,0.000,0.764,0.877,0.5711,-0.0005,0.70,-0.07570,0.150,0.621,0.000,-0.7097,-0.4933,TRACKING,prediction
1786986250.428,48.8,0.000,0.764,0.877,0.5711,-0.0004,0.56,-0.06056,0.150,0.590,0.000,-0.7097,-0.5089,TRACKING,prediction
1786986250.445,48.8,0.000,0.764,0.877,0.5711,-0.0003,0.45,-0.04845,0.150,0.560,0.000,-0.7097,-0.5239,TRACKING,prediction
1786986250.472,48.8,0.000,0.784,0.851,0.5937,-0.0379,11.51,-0.83169,0.150,0.700,0.000,-1.0000,-0.7191,TRACKING,R+C
1786986250.489,48.8,0.000,0.784,0.851,0.5937,-0.0304,9.21,-0.66535,0.150,0.700,0.000,-1.0000,-0.6686,TRACKING,prediction
1786986250.499,48.8,0.000,0.732,0.861,0.5996,-0.0498,11.63,-0.78552,0.150,0.700,0.000,-1.0000,-0.6621,TRACKING,R+C
1786986250.520,48.8,0.000,0.795,0.851,0.6021,-0.0557,11.58,-0.76854,0.150,0.700,0.000,-1.0000,-0.6614,TRACKING,R+C
1786986250.541,48.8,0.000,0.795,0.851,0.6021,-0.0445,9.26,-0.61484,0.150,0.700,0.000,-1.0000,-0.6612,TRACKING,prediction
1786986250.571,48.8,0.000,0.795,0.851,0.6021,-0.0356,7.41,-0.49187,0.150,0.700,0.000,-1.0000,-0.6612,TRACKING,prediction
1786986250.593,48.8,0.000,0.795,0.851,0.6021,-0.0285,5.93,-0.39349,0.150,0.700,0.000,-1.0000,-0.6612,TRACKING,prediction
1786986250.613,48.8,0.000,0.795,0.851,0.6021,-0.0228,4.74,-0.31480,0.150,0.700,0.000,-1.0000,-0.6612,TRACKING,prediction
1786986250.632,48.8,0.000,0.795,0.851,0.6021,-0.0182,3.79,-0.25184,0.150,0.700,0.000,-1.0000,-0.6612,TRACKING,prediction
1786986250.649,48.8,0.000,0.795,0.851,0.6021,-0.0146,3.04,-0.20147,0.150,0.700,0.000,-1.0000,-0.6612,TRACKING,prediction
1786986250.669,48.8,0.000,0.795,0.851,0.6021,-0.0117,2.43,-0.16118,0.150,0.700,0.000,-1.0000,-0.6612,TRACKING,prediction
1786986250.696,48.8,0.000,0.808,0.855,0.5944,-0.0709,9.63,-0.76007,0.150,0.700,0.000,-1.0000,-0.6617,TRACKING,R+C
1786986250.711,48.8,0.000,0.808,0.855,0.5944,-0.0567,7.71,-0.60806,0.150,0.700,0.000,-1.0000,-0.6617,TRACKING,prediction
1786986250.737,48.8,0.000,0.814,0.845,0.5840,-0.0657,8.88,-0.77881,0.150,0.700,0.000,-1.0000,-0.6610,TRACKING,R+C
1786986250.760,48.8,0.000,0.814,0.845,0.5840,-0.0525,7.10,-0.62305,0.150,0.700,0.000,-1.0000,-0.6610,TRACKING,prediction
1786986250.771,48.8,0.000,0.824,0.850,0.5761,-0.0610,8.76,-0.72090,0.150,0.700,0.000,-1.0000,-0.6604,TRACKING,R+C
1786986250.799,48.8,0.000,0.832,0.854,0.5747,-0.0608,8.77,-0.69491,0.150,0.700,0.000,-1.0000,-0.6603,TRACKING,R+C
1786986250.812,48.8,0.000,0.837,0.862,0.5733,-0.0627,8.71,-0.67172,0.150,0.700,0.000,-1.0000,-0.6604,TRACKING,R+C
1786986250.833,48.8,0.000,0.834,0.863,0.5717,-0.0640,8.91,-0.63609,0.150,0.700,0.000,-1.0000,-0.6604,TRACKING,R+C
1786986250.853,48.8,0.000,0.834,0.863,0.5717,-0.0512,7.13,-0.50887,0.150,0.700,0.000,-1.0000,-0.6604,TRACKING,prediction
1786986250.874,48.8,0.000,0.831,0.855,0.5715,-0.0675,8.43,-0.64943,0.150,0.700,0.000,-1.0000,-0.6606,TRACKING,R+C
1786986250.895,48.8,0.000,0.833,0.854,0.5700,-0.0698,8.39,-0.62888,0.150,0.700,0.000,-1.0000,-0.6607,TRACKING,R+C
1786986250.918,48.8,0.000,0.833,0.858,0.5742,-0.0744,8.48,-0.59490,0.150,0.700,0.000,-1.0000,-0.6610,TRACKING,R+C
1786986250.943,48.8,0.000,0.832,0.856,0.5701,-0.0794,7.85,-0.64547,0.150,0.700,0.000,-1.0000,-0.6613,TRACKING,R+C
1786986250.957,48.8,0.000,0.841,0.847,0.5702,-0.0839,7.51,-0.64189,0.150,0.700,0.000,-1.0000,-0.6616,TRACKING,R+C
1786986250.986,48.8,0.000,0.830,0.853,0.5688,-0.0855,6.29,-0.76051,0.150,0.700,0.000,-1.0000,-0.6616,TRACKING,R+C
1786986251.008,48.8,0.000,0.833,0.855,0.5705,-0.0823,7.08,-0.65032,0.150,0.700,0.000,-1.0000,-0.6613,TRACKING,R+C
1786986251.020,48.8,0.000,0.828,0.850,0.5659,-0.0787,7.05,-0.62573,0.150,0.700,0.000,-1.0000,-0.6609,TRACKING,R+C
1786986251.041,48.8,0.000,0.821,0.857,0.5619,-0.0756,6.02,-0.70071,0.150,0.700,0.000,-1.0000,-0.6605,TRACKING,R+C
1786986251.069,48.8,0.000,0.823,0.876,0.5575,-0.0721,5.66,-0.71335,0.150,0.700,0.000,-1.0000,-0.6602,TRACKING,R+C
1786986251.083,48.8,0.000,0.822,0.880,0.5514,-0.0680,5.26,-0.72415,0.150,0.700,0.000,-1.0000,-0.6597,TRACKING,R+C
1786986251.103,48.8,0.000,0.815,0.889,0.5491,-0.0648,4.29,-0.77623,0.150,0.700,0.000,-1.0000,-0.6593,TRACKING,R+C
1786986251.132,48.8,0.000,0.814,0.891,0.5426,-0.0606,3.78,-0.77847,0.150,0.700,0.000,-1.0000,-0.6588,TRACKING,R+C
1786986251.145,48.8,0.000,0.812,0.898,0.5359,-0.0525,5.05,-0.65714,0.150,0.700,0.000,-0.9977,-0.6569,TRACKING,R+C
1786986251.165,48.8,0.000,0.806,0.905,0.5306,-0.0473,4.03,-0.72663,0.150,0.180,0.000,-0.9333,-0.6214,TRACKING,R+C
1786986251.185,48.8,0.000,0.811,0.904,0.5265,-0.0421,3.92,-0.72836,0.150,0.180,0.000,-0.8786,-0.8445,TRACKING,R+C
1786986251.206,48.8,0.000,0.820,0.913,0.5268,-0.0383,3.92,-0.70973,0.150,0.700,0.000,-0.8368,-0.8426,TRACKING,R+C
1786986251.227,48.8,0.000,0.822,0.895,0.5306,-0.0378,4.02,-0.69722,0.150,0.180,0.000,-0.8326,-0.5935,TRACKING,R+C
1786986251.250,48.8,0.000,0.822,0.895,0.5306,-0.0303,3.22,-0.55777,0.150,0.700,0.000,-0.8326,-0.8024,TRACKING,prediction
1786986251.278,48.8,0.000,0.822,0.895,0.5306,-0.0242,2.57,-0.44622,0.150,0.700,0.000,-0.8326,-0.5874,TRACKING,prediction
1786986251.290,48.8,0.000,0.822,0.895,0.5306,-0.0194,2.06,-0.35697,0.150,0.700,0.000,-0.8326,-0.5556,TRACKING,prediction
1786986251.314,48.8,0.000,0.811,0.912,0.5300,-0.0336,3.73,-0.71885,0.150,0.700,0.000,-0.7783,-0.5209,TRACKING,R+C
1786986251.333,48.8,0.952,0.813,0.907,0.5192,-0.0291,4.12,-0.67099,0.150,0.700,0.000,-0.7296,-0.4887,TRACKING,L+C+R_fused
1786986251.353,48.8,0.948,0.813,0.911,0.5153,-0.0256,4.22,-0.65949,0.150,0.700,0.000,-0.6878,-0.4609,TRACKING,L+C+R_fused
1786986251.374,48.8,0.950,0.816,0.909,0.5135,-0.0254,4.47,-0.63576,0.150,0.700,0.000,-0.6896,-0.4577,TRACKING,L+C+R_fused
1786986251.389,48.8,0.936,0.817,0.908,0.5388,-0.0264,4.78,-0.60907,0.150,0.700,0.000,-0.7092,-0.4680,TRACKING,L+C+R_fused
1786986251.410,48.8,0.934,0.817,0.900,0.5599,-0.0266,4.69,-0.62549,0.150,0.700,0.000,-0.7110,-0.4706,TRACKING,L+C+R_fused
1786986251.423,48.8,0.951,0.806,0.893,0.5686,-0.0241,4.17,-0.67772,0.150,0.700,0.000,-0.6690,-0.4478,TRACKING,L+C+R_fused
1786986251.444,48.8,0.962,0.799,0.900,0.5320,-0.0179,4.32,-0.66054,0.150,0.700,0.000,-0.5867,-0.3988,TRACKING,L+C+R_fused
1786986251.464,48.8,0.949,0.805,0.903,0.5285,-0.0118,3.28,-0.73632,0.150,0.180,0.000,-0.4697,-0.3267,TRACKING,L+C+R_fused
1786986251.474,48.8,0.947,0.805,0.909,0.5212,-0.0047,3.77,-0.70421,0.150,0.180,0.000,-0.3723,-0.3766,TRACKING,L+C+R_fused
1786986251.495,48.8,0.948,0.810,0.910,0.5173,-0.0002,4.26,-0.67073,0.150,0.700,0.000,-0.3127,-0.3327,TRACKING,L+C+R_fused
1786986251.518,48.8,0.948,0.816,0.913,0.5065,0.0006,4.39,-0.66260,0.150,0.700,0.000,-0.3031,-0.2235,TRACKING,L+C+R_fused
1786986251.536,48.8,0.950,0.811,0.914,0.5094,-0.0002,3.61,-0.77271,0.150,0.180,0.000,-0.3015,-0.2074,TRACKING,L+C+R_fused
1786986251.569,48.8,0.949,0.805,0.904,0.5070,-0.0001,3.72,-0.78590,0.150,0.700,0.000,-0.3067,-0.3039,TRACKING,L+C+R_fused
1786986251.583,48.8,0.947,0.810,0.903,0.5051,0.0024,3.78,-0.79815,0.150,0.700,0.000,-0.2703,-0.2013,TRACKING,L+C+R_fused
1786986251.600,48.8,0.949,0.810,0.903,0.4984,0.0059,4.07,-0.77868,0.150,0.700,0.000,-0.2189,-0.1581,TRACKING,L+C+R_fused
1786986251.620,48.8,0.951,0.815,0.895,0.4931,0.0079,3.79,-0.81996,0.150,0.700,0.000,-0.1804,-0.1304,TRACKING,L+C+R_fused
1786986251.642,48.8,0.952,0.813,0.906,0.4897,0.0080,4.01,-0.83407,0.150,0.700,0.000,-0.1908,-0.1322,TRACKING,L+C+R_fused
1786986251.669,48.8,0.952,0.806,0.915,0.4936,0.0050,3.66,-0.89613,0.150,0.700,0.000,-0.2378,-0.1589,TRACKING,L+C+R_fused
1786986251.686,48.8,0.952,0.811,0.908,0.4936,0.0026,4.41,-0.85506,0.150,0.700,0.000,-0.3049,-0.2003,TRACKING,L+C+R_fused
1786986251.701,48.8,0.958,0.801,0.900,0.4842,-0.0009,3.20,-1.01902,0.150,0.700,0.000,-0.3391,-0.2259,TRACKING,L+C+R_fused
1786986251.721,48.8,0.954,0.812,0.903,0.4868,0.0004,4.79,-0.85953,0.150,0.700,0.000,-0.3566,-0.2390,TRACKING,L+C+R_fused
1786986251.741,48.8,0.952,0.815,0.899,0.4885,0.0008,4.42,-0.89446,0.150,0.700,0.000,-0.3404,-0.2321,TRACKING,L+C+R_fused
1786986251.763,48.8,0.957,0.814,0.892,0.4931,0.0009,4.15,-0.91135,0.150,0.700,0.000,-0.3315,-0.2261,TRACKING,L+C+R_fused
1786986251.792,48.8,0.956,0.795,0.902,0.4901,-0.0015,3.35,-1.02202,0.150,0.700,0.000,-0.3554,-0.2388,TRACKING,L+C+R_fused
1786986251.813,48.8,0.632,0.793,0.891,0.4825,-0.0049,4.03,-0.96337,0.150,0.700,0.000,-0.4289,-0.2814,TRACKING,L+C+R_fused
1786986251.833,48.8,0.632,0.793,0.891,0.4825,-0.0039,3.22,-0.77070,0.150,0.700,0.000,-0.4289,-0.2877,TRACKING,prediction
1786986251.851,48.8,0.000,0.802,0.879,0.5108,-0.0107,4.83,-0.92462,0.150,0.700,0.000,-0.5415,-0.3512,TRACKING,R+C
1786986251.864,48.8,0.000,0.798,0.871,0.5113,-0.0111,4.92,-0.92417,0.150,0.700,0.000,-0.5507,-0.3656,TRACKING,R+C
1786986251.887,48.8,0.000,0.792,0.879,0.5080,-0.0089,4.44,-0.96137,0.150,0.700,0.000,-0.5062,-0.3431,TRACKING,R+C
1786986251.905,48.8,0.000,0.791,0.886,0.5076,-0.0036,4.04,-0.97742,0.150,0.700,0.000,-0.4103,-0.2865,TRACKING,R+C
1786986251.928,48.8,0.000,0.777,0.890,0.4985,0.0042,4.32,-0.97702,0.150,0.700,0.000,-0.2951,-0.2142,TRACKING,R+C
1786986251.961,49.1,0.788,0.774,0.868,0.4860,0.0099,3.63,-1.04768,0.150,0.700,0.000,-0.1798,-0.1394,TRACKING,L+C+R_fused
1786986251.980,49.1,0.950,0.776,0.885,0.4984,0.0147,3.70,-1.04956,0.150,0.700,0.000,-0.0980,-0.0826,TRACKING,L+C+R_fused
1786986251.995,49.1,0.950,0.782,0.880,0.4949,0.0177,4.41,-0.97974,0.150,0.700,0.000,-0.0658,-0.0561,TRACKING,L+C+R_fused
1786986252.013,49.1,0.787,0.778,0.896,0.4898,0.0178,4.61,-0.96951,0.150,0.700,0.000,-0.0710,-0.0552,TRACKING,L+C+R_fused
1786986252.034,49.1,0.652,0.774,0.888,0.4805,0.0186,4.29,-1.01926,0.150,0.700,0.000,-0.0509,-0.0439,TRACKING,L+C+R_fused
1786986252.055,49.1,0.691,0.775,0.897,0.4835,0.0205,3.52,-1.08855,0.150,0.700,0.000,0.0057,-0.0106,TRACKING,L+C+R_fused
1786986252.076,49.1,0.955,0.763,0.901,0.4943,0.0265,3.68,-1.09580,0.150,0.700,0.000,0.1033,0.0494,TRACKING,L+C+R_fused
1786986252.100,49.1,0.929,0.762,0.902,0.5033,0.0342,3.88,-1.09381,0.150,0.700,0.000,0.2295,0.1296,TRACKING,L+C+R_fused
1786986252.127,49.1,0.928,0.763,0.897,0.5088,0.0404,4.27,-1.07414,0.150,0.700,0.000,0.3197,0.1924,TRACKING,L+C+R_fused
1786986252.138,49.1,0.928,0.763,0.897,0.5088,0.0323,3.41,-0.85931,0.150,0.700,0.000,0.3197,0.2016,TRACKING,prediction
1786986252.167,49.1,0.933,0.772,0.900,0.5059,0.0456,4.60,-1.09383,0.150,0.700,0.000,0.3889,0.2420,TRACKING,L+C+R_fused
1786986252.179,49.1,0.938,0.758,0.899,0.4971,0.0429,3.62,-1.25157,0.150,0.180,0.000,0.3584,0.2300,TRACKING,L+C+R_fused
1786986252.209,49.1,0.693,0.754,0.870,0.4900,0.0373,2.14,-1.41027,0.150,0.700,0.000,0.3005,0.2800,TRACKING,L+C+R_fused
1786986252.230,49.1,0.000,0.756,0.877,0.4825,0.0373,4.28,-1.28182,0.150,0.700,0.000,0.2310,0.1641,TRACKING,R+C
1786986252.240,49.1,0.000,0.761,0.871,0.4847,0.0351,5.49,-1.20453,0.150,0.700,0.000,0.1515,0.1011,TRACKING,R+C
1786986252.261,49.1,0.000,0.761,0.875,0.4900,0.0321,6.26,-1.15726,0.150,0.700,0.000,0.0726,0.0472,TRACKING,R+C
1786986252.281,49.1,0.000,0.762,0.865,0.4978,0.0276,6.19,-1.21300,0.150,0.700,0.000,-0.0145,-0.0103,TRACKING,R+C
1786986252.309,49.1,0.000,0.757,0.856,0.5063,0.0229,5.96,-1.28089,0.150,0.700,0.000,-0.0998,-0.0667,TRACKING,R+C
1786986252.322,49.1,0.000,0.754,0.849,0.5187,0.0172,5.26,-1.39326,0.150,0.700,0.000,-0.1885,-0.1248,TRACKING,R+C
1786986252.350,49.1,0.000,0.765,0.848,0.5216,0.0124,5.25,-1.41304,0.150,0.700,0.000,-0.2740,-0.1809,TRACKING,R+C
1786986252.363,49.1,0.000,0.765,0.848,0.5216,0.0099,4.20,-1.13043,0.150,0.700,0.000,-0.2740,-0.1891,TRACKING,prediction
1786986252.387,49.1,0.000,0.757,0.825,0.5330,0.0101,6.53,-1.37183,0.150,0.700,0.000,-0.3607,-0.2387,TRACKING,R+C
1786986252.408,49.1,0.000,0.757,0.825,0.5330,0.0081,5.23,-1.09747,0.150,0.700,0.000,-0.3607,-0.2460,TRACKING,prediction
1786986252.428,49.1,0.000,0.757,0.825,0.5330,0.0065,4.18,-0.87797,0.150,0.700,0.000,-0.3607,-0.2471,TRACKING,prediction
1786986252.461,49.1,0.000,0.757,0.825,0.5330,0.0052,3.35,-0.70238,0.150,0.180,0.000,-0.3607,-0.2472,TRACKING,prediction
1786986252.481,49.1,0.000,0.757,0.825,0.5330,0.0041,2.68,-0.56190,0.150,0.700,0.000,-0.3607,-0.3609,TRACKING,prediction
1786986252.491,49.1,0.000,0.750,0.822,0.5293,0.0173,7.48,-1.40050,0.150,0.180,0.000,-0.2879,-0.2232,TRACKING,R+C
1786986252.519,49.1,0.000,0.740,0.824,0.5437,0.0134,7.82,-1.41366,0.150,0.180,0.000,-0.3709,-0.3670,TRACKING,R+C
1786986252.536,49.1,0.000,0.734,0.818,0.5581,0.0076,8.04,-1.43640,0.150,0.700,0.000,-0.4755,-0.4747,TRACKING,R+C
1786986252.548,49.1,0.000,0.734,0.818,0.5581,0.0060,6.43,-1.14912,0.150,0.180,0.000,-0.4755,-0.3442,TRACKING,prediction
1786986252.578,49.1,0.000,0.734,0.818,0.5581,0.0048,5.14,-0.91930,0.150,0.180,0.000,-0.4755,-0.4725,TRACKING,prediction
1786986252.591,49.1,0.000,0.744,0.804,0.5783,-0.0019,8.89,-1.47163,0.150,0.180,0.000,-0.6492,-0.6352,TRACKING,R+C
1786986252.618,49.1,0.000,0.741,0.803,0.5758,0.0024,9.63,-1.44304,0.150,0.700,0.000,-0.6150,-0.6308,TRACKING,R+C
1786986252.641,49.1,0.000,0.732,0.802,0.5745,0.0054,8.86,-1.57473,0.150,0.180,0.000,-0.5623,-0.4163,TRACKING,R+C
1786986252.650,49.1,0.000,0.729,0.807,0.5695,0.0080,8.30,-1.69268,0.150,0.180,0.000,-0.5213,-0.5227,TRACKING,R+C
1786986252.670,49.1,0.000,0.726,0.806,0.5691,0.0095,8.19,-1.74967,0.150,0.180,0.000,-0.5032,-0.5225,TRACKING,R+C
1786986252.690,49.1,0.000,0.732,0.814,0.5699,0.0088,9.30,-1.66025,0.150,0.180,0.000,-0.5444,-0.5566,TRACKING,R+C
1786986252.710,49.1,0.000,0.732,0.814,0.5699,0.0070,7.44,-1.32820,0.150,0.180,0.000,-0.5444,-0.5616,TRACKING,prediction
1786986252.739,49.1,0.000,0.730,0.815,0.5799,0.0034,8.24,-1.96079,0.150,0.180,0.000,-0.6249,-0.6300,TRACKING,R+C
1786986252.751,49.1,0.000,0.725,0.814,0.5841,0.0047,8.67,-1.97270,0.150,0.180,0.000,-0.6247,-0.6400,TRACKING,R+C
1786986252.772,49.1,0.000,0.730,0.812,0.5851,0.0073,9.43,-1.92391,0.150,0.180,0.000,-0.6113,-0.6304,TRACKING,R+C
1786986252.799,49.1,0.000,0.733,0.818,0.5861,0.0086,10.46,-1.80904,0.150,0.180,0.000,-0.6154,-0.6322,TRACKING,R+C
1786986252.816,49.1,0.000,0.731,0.813,0.5944,0.0081,11.45,-1.71516,0.150,0.180,0.000,-0.6458,-0.6574,TRACKING,R+C
1786986252.836,49.1,0.000,0.731,0.813,0.5944,0.0065,9.16,-1.37213,0.150,0.180,0.000,-0.6458,-0.6612,TRACKING,prediction
1786986252.856,49.1,0.000,0.731,0.813,0.5944,0.0052,7.33,-1.09770,0.150,0.180,0.000,-0.6458,-0.6617,TRACKING,prediction
1786986252.877,49.1,0.000,0.731,0.813,0.5944,0.0042,5.86,-0.87816,0.150,0.180,0.000,-0.6458,-0.6618,TRACKING,prediction
1786986252.898,49.1,0.000,0.731,0.813,0.5944,0.0033,4.69,-0.70253,0.150,0.180,0.000,-0.6458,-0.6618,TRACKING,prediction
1786986252.918,49.1,0.000,0.731,0.813,0.5944,0.0027,3.75,-0.56202,0.150,0.180,0.000,-0.6458,-0.6618,TRACKING,prediction
1786986252.939,49.1,0.000,0.746,0.803,0.6609,-0.0268,20.68,-0.77465,0.150,0.180,0.000,-1.0000,-0.9502,TRACKING,R+C
1786986252.970,48.5,0.000,0.746,0.803,0.6609,-0.0214,16.54,-0.61972,0.150,0.180,0.000,-1.0000,-0.9925,TRACKING,prediction
1786986252.981,48.5,0.000,0.746,0.803,0.6609,-0.0172,13.24,-0.49577,0.150,0.700,0.000,-1.0000,-0.9989,TRACKING,prediction
1786986253.001,48.5,0.000,0.746,0.803,0.6609,-0.0137,10.59,-0.39662,0.150,0.180,0.000,-1.0000,-0.7131,TRACKING,prediction
1786986253.028,48.5,0.000,0.746,0.803,0.6609,-0.0110,8.47,-0.31730,0.150,0.700,0.000,-1.0000,-0.9582,TRACKING,prediction
1786986253.049,48.5,0.000,0.746,0.803,0.6609,-0.0088,6.78,-0.25384,0.150,0.700,0.000,-1.0000,-0.7068,TRACKING,prediction
1786986253.069,48.5,0.000,0.746,0.803,0.6609,-0.0070,5.42,-0.20307,0.150,0.700,0.000,-1.0000,-0.6693,TRACKING,prediction
1786986253.082,48.5,0.000,0.746,0.803,0.6609,-0.0056,4.34,-0.16246,0.150,0.700,0.000,-1.0000,-0.6636,TRACKING,prediction
1786986253.103,48.5,0.000,0.746,0.803,0.6609,-0.0045,3.47,-0.12996,0.150,0.700,0.000,-1.0000,-0.6628,TRACKING,prediction
1786986253.134,48.5,0.000,0.746,0.803,0.6609,-0.0036,2.78,-0.10397,0.150,0.683,0.000,-1.0000,-0.6627,TRACKING,prediction
1786986253.144,48.5,0.000,0.746,0.803,0.6609,-0.0029,2.22,-0.08318,0.150,0.649,0.000,-1.0000,-0.6722,TRACKING,prediction
1786986253.165,48.5,0.000,0.746,0.803,0.6609,-0.0023,1.78,-0.06654,0.150,0.617,0.000,-1.0000,-0.6930,TRACKING,prediction
1786986253.197,48.5,0.000,0.746,0.803,0.6609,-0.0018,1.42,-0.05323,0.150,0.586,0.000,-1.0000,-0.7143,TRACKING,prediction
1786986253.218,48.5,0.000,0.746,0.803,0.6609,-0.0015,1.14,-0.04259,0.150,0.490,0.000,-1.0000,-0.7348,UNCERTAIN,prediction
1786986253.228,48.5,0.000,0.746,0.803,0.6609,-0.0012,0.91,-0.03407,0.150,0.490,0.000,-1.0000,-0.7914,UNCERTAIN,prediction
1786986253.250,48.5,0.000,0.746,0.803,0.6609,-0.0009,0.73,-0.02726,0.150,0.490,0.000,-1.0000,-0.7997,UNCERTAIN,prediction
1786986253.278,48.5,0.000,0.746,0.803,0.6609,-0.0008,0.58,-0.02180,0.150,0.477,0.000,-1.0000,-0.8009,UNCERTAIN,prediction
1786986253.300,48.5,0.000,0.746,0.803,0.6609,-0.0006,0.47,-0.01744,0.150,0.453,0.000,-1.0000,-0.8083,UNCERTAIN,prediction
1786986253.321,48.5,0.000,0.746,0.803,0.6609,-0.0005,0.37,-0.01395,0.150,0.431,0.000,-1.0000,-0.8226,UNCERTAIN,prediction
1786986253.343,48.5,0.000,0.746,0.803,0.6609,-0.0004,0.30,-0.01116,0.150,0.409,0.000,-1.0000,-0.8372,UNCERTAIN,prediction
1786986253.364,48.5,0.000,0.746,0.803,0.6609,-0.0003,0.24,-0.00893,0.150,0.389,0.000,-1.0000,-0.8513,UNCERTAIN,prediction
1786986253.385,48.5,0.000,0.746,0.803,0.6609,-0.0002,0.19,-0.00714,0.150,0.369,0.000,-1.0000,-0.8646,UNCERTAIN,prediction
1786986253.405,48.5,0.000,0.746,0.803,0.6609,-0.0002,0.15,-0.00572,0.150,0.351,0.000,-1.0000,-0.8772,UNCERTAIN,prediction
1786986253.418,48.5,0.000,0.811,0.801,0.6097,-0.0988,10.03,0.01057,0.199,0.700,0.000,-1.0000,-0.8887,TRACKING,R+C
1786986253.445,48.5,0.000,0.811,0.806,0.6002,-0.0957,9.23,-0.00387,0.200,0.700,0.000,-0.9938,-0.6916,TRACKING,R+C
1786986253.466,48.5,0.000,0.798,0.813,0.5957,-0.0924,8.59,-0.01539,0.198,0.180,0.000,-0.9744,-0.6515,TRACKING,R+C
1786986253.476,48.5,0.000,0.798,0.813,0.5957,-0.0739,6.87,-0.01231,0.198,0.180,0.000,-0.9744,-0.9283,TRACKING,prediction
1786986253.510,48.5,0.000,0.798,0.813,0.5957,-0.0591,5.50,-0.00985,0.198,0.180,0.000,-0.9744,-0.9686,TRACKING,prediction
1786986253.530,48.5,0.000,0.798,0.813,0.5957,-0.0473,4.40,-0.00788,0.198,0.180,0.000,-0.9744,-0.9747,TRACKING,prediction
1786986253.542,48.5,0.000,0.787,0.836,0.5623,-0.0738,4.64,-0.19017,0.181,0.700,0.000,-0.9216,-0.9323,TRACKING,R+C
1786986253.571,48.5,0.000,0.795,0.842,0.5567,-0.0666,4.89,-0.11811,0.188,0.700,0.000,-0.8202,-0.6013,TRACKING,R+C
1786986253.584,48.5,0.377,0.774,0.850,0.4691,-0.0609,2.84,-0.29459,0.171,0.700,0.000,-0.8692,-0.5776,TRACKING,L+C+R_fused
1786986253.604,48.5,0.946,0.777,0.853,0.5108,-0.0540,2.22,-0.31155,0.169,0.700,0.000,-0.8077,-0.5399,TRACKING,L+C+R_fused
1786986253.634,48.5,0.949,0.771,0.861,0.5211,-0.0491,0.26,-0.44635,0.155,0.700,0.000,-0.7806,-0.5187,TRACKING,L+C+R_fused
1786986253.646,48.5,0.946,0.772,0.858,0.5057,-0.0416,0.74,-0.40910,0.159,0.700,0.000,-0.6790,-0.4596,TRACKING,L+C+R_fused
1786986253.666,48.5,0.949,0.752,0.863,0.4991,-0.0398,-1.55,-0.62050,0.150,0.700,0.000,-0.6770,-0.4493,TRACKING,L+C+R_fused
1786986253.686,48.5,0.947,0.706,0.863,0.5050,-0.0411,-5.49,-1.02215,0.150,0.700,0.000,-0.6187,-0.4161,TRACKING,L+C+R_fused
1786986253.709,48.5,0.954,0.733,0.877,0.5030,-0.0401,-4.27,-0.90459,0.150,0.700,0.000,-0.6299,-0.4172,TRACKING,L+C+R_fused
1786986253.722,48.5,0.949,0.755,0.878,0.4832,-0.0404,-4.59,-0.92175,0.150,0.700,0.000,-0.6264,-0.4154,TRACKING,L+C+R_fused
1786986253.743,48.5,0.959,0.748,0.875,0.4788,-0.0395,-5.54,-1.03553,0.150,0.700,0.000,-0.5978,-0.3995,TRACKING,L+C+R_fused
1786986253.763,48.5,0.957,0.732,0.884,0.4786,-0.0355,-7.11,-1.22972,0.150,0.700,0.000,-0.5137,-0.3508,TRACKING,L+C+R_fused
1786986253.784,48.5,0.940,0.704,0.888,0.4902,-0.0287,-9.35,-1.47446,0.150,0.700,0.000,-0.3606,-0.2590,TRACKING,L+C+R_fused
1786986253.814,48.5,0.940,0.716,0.894,0.4923,-0.0212,-10.16,-1.56080,0.150,0.700,0.000,-0.2180,-0.1661,TRACKING,L+C+R_fused
1786986253.826,48.5,0.943,0.728,0.900,0.4941,-0.0142,-10.61,-1.61628,0.150,0.700,0.000,-0.0871,-0.0794,TRACKING,L+C+R_fused
1786986253.855,48.5,0.941,0.751,0.897,0.4939,-0.0112,-11.45,-1.68998,0.150,0.700,0.000,-0.0118,-0.0246,TRACKING,L+C+R_fused
1786986253.876,48.5,0.953,0.756,0.903,0.4989,-0.0062,-10.49,-1.69110,0.150,0.700,0.000,0.0362,0.0104,TRACKING,L+C+R_fused
1786986253.890,48.5,0.944,0.765,0.902,0.4911,-0.0021,-10.99,-1.79730,0.150,0.700,0.000,0.1092,0.0562,TRACKING,L+C+R_fused
1786986253.909,48.5,0.943,0.765,0.905,0.5046,0.0045,-10.90,-1.86574,0.150,0.700,0.000,0.2082,0.1186,TRACKING,L+C+R_fused
1786986253.930,48.5,0.944,0.764,0.904,0.4997,0.0125,-11.28,-1.95603,0.150,0.700,0.000,0.3413,0.2027,TRACKING,L+C+R_fused
1786986253.951,48.5,0.935,0.771,0.914,0.4980,0.0229,-10.28,-1.95702,0.150,0.700,0.000,0.4696,0.2876,TRACKING,L+C+R_fused
1786986253.972,48.9,0.935,0.785,0.916,0.4985,0.0318,-9.75,-1.98377,0.150,0.700,0.000,0.5778,0.3612,TRACKING,L+C+R_fused
1786986253.992,48.9,0.940,0.775,0.914,0.5001,0.0467,-5.62,-1.84694,0.150,0.700,0.000,0.6657,0.4218,TRACKING,L+C+R_fused
1786986254.002,48.9,0.937,0.782,0.915,0.4993,0.0542,-2.97,-1.72412,0.150,0.700,0.000,0.6958,0.4478,TRACKING,L+C+R_fused
1786986254.023,48.9,0.943,0.778,0.919,0.5011,0.0543,-3.15,-1.80880,0.150,0.700,0.000,0.6908,0.4482,TRACKING,L+C+R_fused
1786986254.053,48.9,0.939,0.777,0.919,0.5043,0.0540,-2.50,-1.82907,0.150,0.700,0.000,0.6631,0.4322,TRACKING,L+C+R_fused
1786986254.064,48.9,0.932,0.778,0.921,0.4934,0.0543,-1.18,-1.79543,0.150,0.700,0.000,0.6275,0.4094,TRACKING,L+C+R_fused
1786986254.092,48.9,0.000,0.782,0.906,0.4598,0.0564,0.06,-1.76086,0.150,0.700,0.000,0.6187,0.4008,TRACKING,R+C
1786986254.106,48.9,0.000,0.780,0.907,0.4681,0.0602,2.23,-1.64287,0.150,0.700,0.000,0.6130,0.3963,TRACKING,R+C
1786986254.136,48.9,0.000,0.785,0.906,0.4705,0.0609,2.11,-1.69550,0.150,0.700,0.000,0.6196,0.3991,TRACKING,R+C
1786986254.154,48.9,0.000,0.783,0.910,0.4747,0.0621,2.63,-1.69671,0.150,0.700,0.000,0.6176,0.3981,TRACKING,R+C
1786986254.167,48.9,0.000,0.777,0.882,0.4818,0.0616,3.44,-1.70205,0.150,0.700,0.000,0.5801,0.3763,TRACKING,R+C
1786986254.190,48.9,0.000,0.774,0.891,0.4895,0.0598,4.73,-1.64313,0.150,0.700,0.000,0.5149,0.3360,TRACKING,R+C
1786986254.215,48.9,0.000,0.768,0.900,0.4958,0.0591,7.11,-1.48635,0.150,0.700,0.000,0.4321,0.2830,TRACKING,R+C
1786986254.231,48.9,0.000,0.765,0.893,0.5193,0.0565,9.23,-1.35738,0.150,0.700,0.000,0.3204,0.2118,TRACKING,R+C
1786986254.258,48.9,0.000,0.763,0.884,0.5253,0.0523,10.87,-1.24782,0.150,0.700,0.000,0.1945,0.1301,TRACKING,R+C
1786986254.278,48.9,0.000,0.756,0.884,0.5318,0.0478,12.59,-1.11760,0.150,0.700,0.000,0.0565,0.0400,TRACKING,R+C
1786986254.291,48.9,0.000,0.750,0.887,0.5396,0.0406,11.83,-1.28388,0.150,0.700,0.000,-0.0669,-0.0433,TRACKING,R+C
1786986254.309,48.9,0.000,0.749,0.885,0.5612,0.0336,11.58,-1.37737,0.150,0.700,0.000,-0.1962,-0.1278,TRACKING,R+C
1786986254.330,48.9,0.000,0.752,0.878,0.5718,0.0286,13.34,-1.21975,0.150,0.700,0.000,-0.3342,-0.2164,TRACKING,R+C
1786986254.350,48.9,0.000,0.752,0.871,0.5845,0.0222,14.41,-1.13354,0.150,0.700,0.000,-0.4695,-0.3042,TRACKING,R+C
1786986254.371,48.9,0.000,0.752,0.871,0.5845,0.0178,11.53,-0.90684,0.150,0.700,0.000,-0.4695,-0.3172,TRACKING,prediction
1786986254.402,48.9,0.000,0.752,0.871,0.5845,0.0142,9.22,-0.72547,0.150,0.700,0.000,-0.4695,-0.3191,TRACKING,prediction
1786986254.412,48.9,0.000,0.759,0.841,0.6211,-0.0061,12.98,-1.30859,0.150,0.700,0.000,-0.8182,-0.5114,TRACKING,R+C
1786986254.433,48.9,0.000,0.759,0.841,0.6211,-0.0049,10.39,-1.04687,0.150,0.700,0.000,-0.8182,-0.5396,TRACKING,prediction
1786986254.444,48.9,0.000,0.759,0.841,0.6211,-0.0039,8.31,-0.83750,0.150,0.700,0.000,-0.8182,-0.5438,TRACKING,prediction
1786986254.464,48.9,0.000,0.759,0.841,0.6211,-0.0031,6.65,-0.67000,0.150,0.700,0.000,-0.8182,-0.5444,TRACKING,prediction
1786986254.485,48.9,0.000,0.769,0.847,0.6259,-0.0123,16.56,-0.88869,0.150,0.700,0.000,-0.9380,-0.6096,TRACKING,R+C
1786986254.506,48.9,0.000,0.772,0.850,0.6324,-0.0149,16.04,-0.93638,0.150,0.700,0.000,-0.9538,-0.6279,TRACKING,R+C
1786986254.527,48.9,0.000,0.772,0.850,0.6324,-0.0119,12.83,-0.74911,0.150,0.700,0.000,-0.9538,-0.6306,TRACKING,prediction
1786986254.558,48.9,0.000,0.772,0.850,0.6324,-0.0095,10.26,-0.59929,0.150,0.700,0.000,-0.9538,-0.6310,TRACKING,prediction
1786986254.575,48.9,0.000,0.774,0.836,0.6545,-0.0399,17.04,-0.77768,0.150,0.700,0.000,-1.0000,-0.6578,TRACKING,R+C
1786986254.590,48.9,0.000,0.776,0.835,0.6642,-0.0501,17.33,-0.72076,0.150,0.700,0.000,-1.0000,-0.6622,TRACKING,R+C
1786986254.612,48.9,0.000,0.776,0.835,0.6642,-0.0401,13.87,-0.57661,0.150,0.700,0.000,-1.0000,-0.6628,TRACKING,prediction
1786986254.641,48.9,0.000,0.776,0.835,0.6642,-0.0321,11.09,-0.46128,0.150,0.700,0.000,-1.0000,-0.6629,TRACKING,prediction
1786986254.663,48.9,0.000,0.776,0.835,0.6642,-0.0257,8.87,-0.36903,0.150,0.700,0.000,-1.0000,-0.6629,TRACKING,prediction
1786986254.681,48.9,0.000,0.776,0.835,0.6642,-0.0205,7.10,-0.29522,0.150,0.700,0.000,-1.0000,-0.6629,TRACKING,prediction
1786986254.692,48.9,0.000,0.776,0.835,0.6642,-0.0164,5.68,-0.23618,0.150,0.700,0.000,-1.0000,-0.6629,TRACKING,prediction
1786986254.715,48.9,0.000,0.776,0.835,0.6642,-0.0131,4.54,-0.18894,0.150,0.700,0.000,-1.0000,-0.6629,TRACKING,prediction
1786986254.736,48.9,0.000,0.861,0.781,0.6957,-0.1187,15.47,-0.66141,0.150,0.700,0.000,-1.0000,-0.6675,TRACKING,R+C
1786986254.756,48.9,0.000,0.861,0.781,0.6957,-0.0950,12.37,-0.52913,0.150,0.700,0.000,-1.0000,-0.6675,TRACKING,prediction
1786986254.777,48.9,0.862,0.782,0.000,0.6850,0.2784,26.77,-0.96888,0.150,0.700,0.000,1.0000,-0.2005,TRACKING,L+C
1786986254.798,48.9,0.862,0.782,0.000,0.6850,0.2227,21.42,-0.77510,0.150,0.700,0.000,1.0000,0.2196,TRACKING,prediction
1786986254.819,48.9,0.862,0.782,0.000,0.6850,0.1782,17.13,-0.62008,0.150,0.700,0.000,1.0000,0.5927,TRACKING,prediction
1786986254.840,48.9,0.862,0.782,0.000,0.6850,0.1426,13.71,-0.49607,0.150,0.700,0.000,1.0000,0.6487,TRACKING,prediction
1786986254.860,48.9,0.000,0.861,0.799,0.6586,-0.1250,13.88,-0.45371,0.155,0.700,0.000,-1.0000,0.1672,TRACKING,R+C
1786986254.892,48.9,0.000,0.861,0.799,0.6586,-0.1000,11.11,-0.36297,0.155,0.700,0.000,-1.0000,-0.2478,TRACKING,prediction
1786986254.903,48.9,0.000,0.861,0.799,0.6586,-0.0800,8.89,-0.29037,0.155,0.700,0.000,-1.0000,-0.6039,TRACKING,prediction
1786986254.922,48.9,0.000,0.861,0.799,0.6586,-0.0640,7.11,-0.23230,0.155,0.700,0.000,-1.0000,-0.6573,TRACKING,prediction
1786986254.936,48.9,0.000,0.861,0.799,0.6586,-0.0512,5.69,-0.18584,0.155,0.700,0.000,-1.0000,-0.6653,TRACKING,prediction
1786986254.943,48.9,0.000,0.861,0.799,0.6586,-0.0409,4.55,-0.14867,0.155,0.700,0.000,-1.0000,-0.6665,TRACKING,prediction
1786986254.963,48.9,0.000,0.861,0.799,0.6586,-0.0328,3.64,-0.11894,0.155,0.700,0.000,-1.0000,-0.6667,TRACKING,prediction
1786986254.975,50.8,0.000,0.884,0.810,0.6210,-0.1206,10.88,-0.42971,0.157,0.700,0.000,-1.0000,-0.6651,TRACKING,R+C
1786986254.994,50.8,0.000,0.884,0.810,0.6210,-0.0965,8.70,-0.34377,0.157,0.700,0.000,-1.0000,-0.6651,TRACKING,prediction
1786986255.016,50.8,0.000,0.891,0.825,0.6107,-0.1158,10.18,-0.42297,0.158,0.700,0.000,-1.0000,-0.6644,TRACKING,R+C
1786986255.042,50.8,0.000,0.893,0.826,0.6048,-0.1121,10.42,-0.37332,0.163,0.700,0.000,-1.0000,-0.6641,TRACKING,R+C
1786986255.063,50.8,0.000,0.888,0.829,0.6004,-0.1100,8.78,-0.51319,0.150,0.700,0.000,-1.0000,-0.6637,TRACKING,R+C
1786986255.073,50.8,0.000,0.879,0.830,0.5947,-0.1062,9.25,-0.42018,0.158,0.700,0.000,-1.0000,-0.6633,TRACKING,R+C
1786986255.103,50.8,0.000,0.879,0.830,0.5947,-0.0849,7.40,-0.33614,0.158,0.700,0.000,-1.0000,-0.6633,TRACKING,prediction
1786986255.114,50.8,0.000,0.873,0.843,0.5850,-0.1004,7.96,-0.48266,0.152,0.700,0.000,-1.0000,-0.6626,TRACKING,R+C
1786986255.134,50.8,0.000,0.873,0.843,0.5850,-0.0803,6.37,-0.38613,0.152,0.700,0.000,-1.0000,-0.6626,TRACKING,prediction
1786986255.155,50.8,0.000,0.873,0.843,0.5850,-0.0643,5.10,-0.30890,0.152,0.700,0.000,-1.0000,-0.6626,TRACKING,prediction
1786986255.183,50.8,0.000,0.873,0.843,0.5850,-0.0514,4.08,-0.24712,0.152,0.180,0.000,-1.0000,-0.6626,TRACKING,prediction
1786986255.196,50.8,0.000,0.873,0.843,0.5850,-0.0411,3.26,-0.19770,0.152,0.700,0.000,-1.0000,-0.9508,TRACKING,prediction
1786986255.227,50.8,0.000,0.873,0.843,0.5850,-0.0329,2.61,-0.15816,0.152,0.700,0.000,-1.0000,-0.7056,TRACKING,prediction
1786986255.238,50.8,0.000,0.873,0.843,0.5850,-0.0263,2.09,-0.12653,0.152,0.700,0.000,-1.0000,-0.6690,TRACKING,prediction
1786986255.258,50.8,0.000,0.873,0.843,0.5850,-0.0211,1.67,-0.10122,0.152,0.700,0.000,-1.0000,-0.6635,TRACKING,prediction
1786986255.286,50.8,0.000,0.873,0.843,0.5850,-0.0168,1.34,-0.08098,0.152,0.700,0.000,-1.0000,-0.6627,TRACKING,prediction
1786986255.305,50.8,0.000,0.902,0.840,0.5821,-0.1323,5.47,-0.63875,0.150,0.700,0.000,-1.0000,-0.6648,TRACKING,R+C
1786986255.319,50.8,0.000,0.902,0.840,0.5821,-0.1058,4.37,-0.51100,0.150,0.700,0.000,-1.0000,-0.6648,TRACKING,prediction
1786986255.347,50.8,0.000,0.902,0.840,0.5821,-0.0847,3.50,-0.40880,0.150,0.700,0.000,-1.0000,-0.6648,TRACKING,prediction
1786986255.361,50.8,0.000,0.902,0.840,0.5821,-0.0677,2.80,-0.32704,0.150,0.700,0.000,-1.0000,-0.6648,TRACKING,prediction
1786986255.382,50.8,0.000,0.902,0.840,0.5821,-0.0542,2.24,-0.26163,0.150,0.700,0.000,-1.0000,-0.6648,TRACKING,prediction
1786986255.403,50.8,0.923,0.822,0.000,0.5772,0.2066,23.42,-0.69437,0.150,0.700,0.000,1.0000,-0.2091,TRACKING,L+C
1786986255.423,50.8,0.910,0.823,0.000,0.5716,0.2064,23.89,-0.61280,0.150,0.700,0.000,1.0000,0.2129,TRACKING,L+C
1786986255.452,50.8,0.000,0.913,0.823,0.5655,-0.1506,5.36,-0.40876,0.159,0.700,0.000,-1.0000,-0.2594,TRACKING,R+C
1786986255.473,50.8,0.000,0.907,0.830,0.5634,-0.1476,5.42,-0.39249,0.161,0.700,0.000,-1.0000,-0.6043,TRACKING,R+C
1786986255.483,50.8,0.000,0.907,0.830,0.5634,-0.1181,4.33,-0.31399,0.161,0.700,0.000,-1.0000,-0.6561,TRACKING,prediction
1786986255.511,50.8,0.000,0.905,0.837,0.5550,-0.1419,3.41,-0.54901,0.150,0.700,0.000,-1.0000,-0.6632,TRACKING,R+C
1786986255.528,50.8,0.000,0.891,0.840,0.5515,-0.1400,1.47,-0.70961,0.150,0.700,0.000,-1.0000,-0.6640,TRACKING,R+C
1786986255.542,50.8,0.000,0.884,0.842,0.5480,-0.1344,2.49,-0.58552,0.150,0.700,0.000,-1.0000,-0.6637,TRACKING,R+C
1786986255.555,50.8,0.000,0.876,0.850,0.5457,-0.1296,2.11,-0.59000,0.150,0.700,0.000,-1.0000,-0.6632,TRACKING,R+C
1786986255.576,50.8,0.000,0.873,0.860,0.5415,-0.1242,1.64,-0.61055,0.150,0.700,0.000,-1.0000,-0.6627,TRACKING,R+C
1786986255.588,50.8,0.000,0.868,0.864,0.5396,-0.1187,1.36,-0.61480,0.150,0.700,0.000,-1.0000,-0.6622,TRACKING,R+C
1786986255.600,50.8,0.000,0.870,0.868,0.5381,-0.1129,1.15,-0.59110,0.150,0.700,0.000,-1.0000,-0.6615,TRACKING,R+C
1786986255.614,50.8,0.000,0.877,0.873,0.5398,-0.1090,1.17,-0.57377,0.150,0.700,0.000,-1.0000,-0.6612,TRACKING,R+C
1786986255.628,50.8,0.000,0.871,0.876,0.5400,-0.1074,0.42,-0.63330,0.150,0.700,0.000,-1.0000,-0.6610,TRACKING,R+C
1786986255.645,50.8,0.000,0.877,0.875,0.5372,-0.1081,0.10,-0.63482,0.150,0.700,0.000,-1.0000,-0.6609,TRACKING,R+C
1786986255.660,50.8,0.000,0.865,0.875,0.5393,-0.1101,1.14,-0.56333,0.150,0.700,0.000,-1.0000,-0.6612,TRACKING,R+C
1786986255.669,50.8,0.000,0.877,0.874,0.5413,-0.1142,1.71,-0.51810,0.150,0.700,0.000,-1.0000,-0.6616,TRACKING,R+C
1786986255.698,50.8,0.000,0.869,0.870,0.5398,-0.1202,0.62,-0.63190,0.150,0.700,0.000,-1.0000,-0.6621,TRACKING,R+C
1786986255.709,50.8,0.000,0.886,0.870,0.5408,-0.1247,0.93,-0.61122,0.150,0.700,0.000,-1.0000,-0.6625,TRACKING,R+C
1786986255.719,50.8,0.000,0.892,0.871,0.5414,-0.1277,0.88,-0.61829,0.150,0.700,0.000,-1.0000,-0.6627,TRACKING,R+C
1786986255.744,50.8,0.000,0.897,0.875,0.5419,-0.1295,0.97,-0.59889,0.150,0.700,0.000,-1.0000,-0.6629,TRACKING,R+C
1786986255.755,50.8,0.000,0.907,0.870,0.5384,-0.1297,0.54,-0.62404,0.150,0.700,0.000,-1.0000,-0.6628,TRACKING,R+C
1786986255.780,50.8,0.000,0.904,0.882,0.5343,-0.1265,0.12,-0.65758,0.150,0.700,0.000,-1.0000,-0.6625,TRACKING,R+C
1786986255.809,50.8,0.000,0.891,0.878,0.5314,-0.1210,0.66,-0.59130,0.150,0.700,0.000,-1.0000,-0.6620,TRACKING,R+C
1786986255.823,50.8,0.000,0.905,0.881,0.5282,-0.1176,0.38,-0.60122,0.150,0.700,0.000,-1.0000,-0.6617,TRACKING,R+C
1786986255.833,50.8,0.000,0.903,0.885,0.5289,-0.1162,0.62,-0.57698,0.150,0.700,0.000,-1.0000,-0.6616,TRACKING,R+C
1786986255.862,50.8,0.000,0.903,0.884,0.5283,-0.1172,0.87,-0.57846,0.150,0.700,0.000,-1.0000,-0.6617,TRACKING,R+C
1786986255.882,50.8,0.000,0.899,0.885,0.5265,-0.1194,0.62,-0.60954,0.150,0.700,0.000,-1.0000,-0.6619,TRACKING,R+C
1786986255.895,50.8,0.000,0.897,0.884,0.5243,-0.1212,0.02,-0.65734,0.150,0.700,0.000,-1.0000,-0.6620,TRACKING,R+C
1786986255.917,50.8,0.000,0.907,0.887,0.5226,-0.1204,0.38,-0.60510,0.150,0.700,0.000,-1.0000,-0.6619,TRACKING,R+C
1786986255.937,50.8,0.000,0.909,0.894,0.5229,-0.1168,0.07,-0.60501,0.150,0.700,0.000,-1.0000,-0.6615,TRACKING,R+C
1786986255.958,50.8,0.000,0.891,0.897,0.5252,-0.1114,-0.30,-0.64064,0.150,0.700,0.000,-1.0000,-0.6611,TRACKING,R+C
1786986255.979,52.8,0.000,0.893,0.908,0.5262,-0.1063,-0.12,-0.62075,0.150,0.700,0.000,-1.0000,-0.6606,TRACKING,R+C
1786986256.000,52.8,0.000,0.887,0.908,0.5290,-0.1027,-0.24,-0.61842,0.150,0.700,0.000,-1.0000,-0.6603,TRACKING,R+C
1786986256.021,52.8,0.000,0.872,0.914,0.5295,-0.0996,-0.81,-0.66650,0.150,0.700,0.000,-1.0000,-0.6600,TRACKING,R+C
1786986256.041,52.8,0.000,0.872,0.913,0.5297,-0.0955,-0.99,-0.68034,0.150,0.700,0.000,-1.0000,-0.6596,TRACKING,R+C
1786986256.062,52.8,0.000,0.875,0.928,0.5303,-0.0892,-0.81,-0.65600,0.150,0.700,0.000,-1.0000,-0.6591,TRACKING,R+C
1786986256.083,52.8,0.000,0.871,0.924,0.5284,-0.0829,-0.87,-0.63078,0.150,0.700,0.000,-1.0000,-0.6585,TRACKING,R+C
1786986256.104,52.8,0.000,0.873,0.925,0.5285,-0.0756,-0.64,-0.59382,0.150,0.700,0.000,-1.0000,-0.6579,TRACKING,R+C
1786986256.125,52.8,0.000,0.876,0.935,0.5264,-0.0659,-0.03,-0.56679,0.150,0.700,0.000,-0.9937,-0.6538,TRACKING,R+C
1786986256.145,52.8,0.000,0.863,0.940,0.5200,-0.0586,-1.02,-0.66461,0.150,0.700,0.000,-0.9125,-0.6086,TRACKING,R+C
1786986256.173,52.8,0.000,0.870,0.935,0.5126,-0.0511,-1.02,-0.68241,0.150,0.700,0.000,-0.8365,-0.5600,TRACKING,R+C
1786986256.196,52.8,0.000,0.866,0.939,0.5096,-0.0440,-0.12,-0.62124,0.150,0.700,0.000,-0.7749,-0.5187,TRACKING,R+C
1786986256.215,52.8,0.000,0.872,0.937,0.5060,-0.0387,-0.05,-0.64396,0.150,0.700,0.000,-0.7148,-0.4794,TRACKING,R+C
1786986256.226,52.8,0.000,0.869,0.929,0.5020,-0.0346,-0.04,-0.66122,0.150,0.700,0.000,-0.6644,-0.4457,TRACKING,R+C
1786986256.250,52.8,0.000,0.865,0.935,0.4964,-0.0304,-1.13,-0.76630,0.150,0.700,0.000,-0.5850,-0.3968,TRACKING,R+C
1786986256.271,52.8,0.370,0.856,0.930,0.4803,-0.0216,0.20,-0.69928,0.150,0.700,0.000,-0.4946,-0.3394,TRACKING,L+C+R_fused
1786986256.291,52.8,0.604,0.851,0.704,0.5113,-0.0159,0.71,-0.68483,0.150,0.700,0.000,-0.4231,-0.2911,TRACKING,L+C+R_fused
1786986256.312,52.8,0.368,0.852,0.353,0.4029,-0.0134,1.07,-0.66933,0.150,0.700,0.000,-0.3963,-0.2691,TRACKING,L+C+R_fused
1786986256.341,52.8,0.000,0.854,0.347,0.4617,-0.0137,1.80,-0.63263,0.150,0.700,0.000,-0.4237,-0.2811,TRACKING,R+C
1786986256.354,52.8,0.378,0.850,0.357,0.5969,-0.0155,2.23,-0.60335,0.150,0.700,0.000,-0.4635,-0.3050,TRACKING,L+C+R_fused
1786986256.375,52.8,0.000,0.856,0.348,0.4484,-0.0178,3.19,-0.52105,0.150,0.700,0.000,-0.5231,-0.3416,TRACKING,R+C
1786986256.402,52.8,0.000,0.857,0.601,0.4719,-0.0206,3.26,-0.55295,0.150,0.700,0.000,-0.5715,-0.3741,TRACKING,R+C
1786986256.416,52.8,0.000,0.853,0.324,0.4028,-0.0235,3.48,-0.54590,0.150,0.700,0.000,-0.6185,-0.4050,TRACKING,R+C
1786986256.441,52.8,0.000,0.850,0.355,0.5534,-0.0251,4.47,-0.47253,0.153,0.700,0.000,-0.6436,-0.4236,TRACKING,R+C
1786986256.458,52.8,0.000,0.844,0.350,0.5186,-0.0269,4.81,-0.46356,0.154,0.700,0.000,-0.6710,-0.4416,TRACKING,R+C
1786986256.479,52.8,0.000,0.835,0.707,0.5159,-0.0275,3.62,-0.64240,0.150,0.700,0.000,-0.6900,-0.4549,TRACKING,R+C
1786986256.500,52.8,0.000,0.836,0.348,0.4059,-0.0262,3.40,-0.70573,0.150,0.700,0.000,-0.6747,-0.4486,TRACKING,R+C
1786986256.520,52.8,0.000,0.834,0.348,0.5802,-0.0226,2.34,-0.91060,0.150,0.700,0.000,-0.6192,-0.4174,TRACKING,R+C
1786986256.541,52.8,0.000,0.833,0.611,0.5610,-0.0191,1.62,-0.96294,0.150,0.700,0.000,-0.5505,-0.3747,TRACKING,R+C
1786986256.563,52.8,0.000,0.843,0.351,0.5682,-0.0138,1.70,-0.98862,0.150,0.700,0.000,-0.4787,-0.3287,TRACKING,R+C
1786986256.584,52.8,0.000,0.833,0.354,0.4053,-0.0112,2.81,-0.93216,0.150,0.700,0.000,-0.4731,-0.3188,TRACKING,R+C
1786986256.598,52.8,0.000,0.833,0.356,0.5695,-0.0114,3.46,-0.88937,0.150,0.700,0.000,-0.4950,-0.3295,TRACKING,R+C
1786986256.619,52.8,0.000,0.824,0.000,0.5695,-0.0152,2.91,-0.98385,0.150,0.700,0.000,-0.5449,-0.3590,TRACKING,C_only
1786986256.638,52.8,0.000,0.814,0.000,0.5695,-0.0199,2.42,-1.08439,0.150,0.700,0.000,-0.6084,-0.3988,TRACKING,C_only
1786986256.656,52.8,0.000,0.810,0.375,0.4780,-0.0235,3.54,-1.00104,0.150,0.700,0.000,-0.6845,-0.4467,TRACKING,R+C
1786986256.673,52.8,0.000,0.811,0.345,0.4570,-0.0287,3.93,-0.96551,0.150,0.700,0.000,-0.7566,-0.4935,TRACKING,R+C
1786986256.694,52.8,0.000,0.811,0.341,0.5393,-0.0339,3.37,-1.07420,0.150,0.700,0.000,-0.8143,-0.5325,TRACKING,R+C
1786986256.704,52.8,0.000,0.789,0.373,0.5386,-0.0387,2.51,-1.24406,0.150,0.700,0.000,-0.8617,-0.5646,TRACKING,R+C
1786986256.729,52.8,0.799,0.317,0.356,0.4434,0.2764,15.63,-1.00748,0.150,0.699,0.000,1.0000,-0.0906,TRACKING,L+C+R_fused
1786986256.750,52.8,0.799,0.317,0.356,0.4434,0.2212,12.51,-0.80599,0.150,0.664,0.000,1.0000,0.3236,TRACKING,prediction
1786986256.771,52.8,0.799,0.317,0.356,0.4434,0.1769,10.01,-0.64479,0.150,0.631,0.000,1.0000,0.6330,TRACKING,prediction
1786986256.791,52.8,0.799,0.317,0.356,0.4434,0.1415,8.00,-0.51583,0.150,0.600,0.000,1.0000,0.6980,TRACKING,prediction
1786986256.812,52.8,0.799,0.317,0.356,0.4434,0.1132,6.40,-0.41267,0.150,0.570,0.000,1.0000,0.7254,TRACKING,prediction
1786986256.833,52.8,0.799,0.317,0.356,0.4434,0.0906,5.12,-0.33013,0.150,0.490,0.000,1.0000,0.7463,UNCERTAIN,prediction
1786986256.853,52.8,0.799,0.317,0.356,0.4434,0.0725,4.10,-0.26411,0.150,0.490,0.000,1.0000,0.7937,UNCERTAIN,prediction
1786986256.883,52.8,0.799,0.317,0.356,0.4434,0.0580,3.28,-0.21128,0.150,0.488,0.000,1.0000,0.8007,UNCERTAIN,prediction
1786986256.894,52.8,0.799,0.317,0.356,0.4434,0.0464,2.62,-0.16903,0.150,0.464,0.000,1.0000,0.8026,UNCERTAIN,prediction
1786986256.925,52.8,0.799,0.317,0.356,0.4434,0.0371,2.10,-0.13522,0.150,0.441,0.000,1.0000,0.8165,UNCERTAIN,prediction
1786986256.937,52.8,0.799,0.317,0.356,0.4434,0.0297,1.68,-0.10818,0.150,0.419,0.000,1.0000,0.8313,UNCERTAIN,prediction
1786986256.958,52.8,0.799,0.317,0.356,0.4434,0.0237,1.34,-0.08654,0.150,0.398,0.000,1.0000,0.8456,UNCERTAIN,prediction
1786986256.978,52.8,0.799,0.317,0.356,0.4434,0.0190,1.07,-0.06923,0.150,0.378,0.000,1.0000,0.8592,UNCERTAIN,prediction
1786986257.008,48.6,0.799,0.317,0.356,0.4434,0.0152,0.86,-0.05539,0.150,0.359,0.000,1.0000,0.8721,UNCERTAIN,prediction
1786986257.030,48.6,0.799,0.317,0.356,0.4434,0.0122,0.69,-0.04431,0.150,0.341,0.000,1.0000,0.8844,UNCERTAIN,prediction
1786986257.048,48.6,0.799,0.317,0.356,0.4434,0.0097,0.55,-0.03545,0.150,0.324,0.000,1.0000,0.8960,UNCERTAIN,prediction
1786986257.059,48.6,0.000,0.795,0.858,0.6150,-0.0843,4.86,-1.68886,0.150,0.700,0.000,-1.0000,0.0957,TRACKING,R+C
1786986257.091,48.6,0.000,0.795,0.858,0.6150,-0.0674,3.89,-1.35109,0.150,0.700,0.000,-1.0000,-0.2971,TRACKING,prediction
1786986257.112,48.6,0.000,0.795,0.858,0.6150,-0.0540,3.11,-1.08087,0.150,0.700,0.000,-1.0000,-0.6090,TRACKING,prediction
1786986257.125,48.6,0.000,0.795,0.858,0.6150,-0.0432,2.49,-0.86470,0.150,0.700,0.000,-1.0000,-0.6557,TRACKING,prediction
1786986257.155,48.6,0.000,0.795,0.858,0.6150,-0.0345,1.99,-0.69176,0.150,0.700,0.000,-1.0000,-0.6627,TRACKING,prediction
1786986257.170,48.6,0.000,0.795,0.858,0.6150,-0.0276,1.59,-0.55341,0.150,0.700,0.000,-1.0000,-0.6638,TRACKING,prediction
1786986257.184,48.6,0.000,0.795,0.858,0.6150,-0.0221,1.27,-0.44273,0.150,0.700,0.000,-1.0000,-0.6640,TRACKING,prediction
1786986257.199,48.6,0.000,0.795,0.858,0.6150,-0.0177,1.02,-0.35418,0.150,0.700,0.000,-1.0000,-0.6640,TRACKING,prediction
1786986257.211,48.6,0.000,0.795,0.858,0.6150,-0.0141,0.81,-0.28334,0.150,0.700,0.000,-1.0000,-0.6640,TRACKING,prediction
1786986257.224,48.6,0.000,0.793,0.838,0.6570,-0.0988,10.96,-1.21711,0.150,0.700,0.000,-1.0000,-0.6659,TRACKING,R+C
1786986257.242,48.6,0.000,0.793,0.838,0.6570,-0.0791,8.77,-0.97368,0.150,0.700,0.000,-1.0000,-0.6659,TRACKING,prediction
1786986257.260,48.6,0.000,0.793,0.838,0.6570,-0.0633,7.01,-0.77895,0.150,0.700,0.000,-1.0000,-0.6659,TRACKING,prediction
1786986257.271,48.6,0.000,0.793,0.838,0.6570,-0.0506,5.61,-0.62316,0.150,0.700,0.000,-1.0000,-0.6659,TRACKING,prediction
1786986257.290,48.6,0.000,0.793,0.838,0.6570,-0.0405,4.49,-0.49853,0.150,0.700,0.000,-1.0000,-0.6659,TRACKING,prediction
1786986257.301,48.6,0.000,0.822,0.709,0.6736,-0.1236,16.18,-0.51560,0.150,0.700,0.000,-1.0000,-0.6677,TRACKING,R+C
1786986257.316,48.6,0.000,0.822,0.709,0.6736,-0.0988,12.95,-0.41248,0.150,0.700,0.000,-1.0000,-0.6677,TRACKING,prediction
1786986257.331,48.6,0.000,0.822,0.709,0.6736,-0.0791,10.36,-0.32998,0.150,0.700,0.000,-1.0000,-0.6677,TRACKING,prediction
1786986257.346,48.6,0.000,0.822,0.709,0.6736,-0.0633,8.29,-0.26398,0.150,0.700,0.000,-1.0000,-0.6677,TRACKING,prediction
1786986257.357,48.6,0.000,0.822,0.709,0.6736,-0.0506,6.63,-0.21119,0.150,0.700,0.000,-1.0000,-0.6677,TRACKING,prediction
1786986257.382,48.6,0.000,0.822,0.709,0.6736,-0.0405,5.30,-0.16895,0.150,0.700,0.000,-1.0000,-0.6677,TRACKING,prediction
1786986257.396,48.6,0.000,0.822,0.709,0.6736,-0.0324,4.24,-0.13516,0.150,0.700,0.000,-1.0000,-0.6677,TRACKING,prediction
1786986257.412,48.6,0.000,0.822,0.709,0.6736,-0.0259,3.39,-0.10813,0.150,0.180,0.000,-1.0000,-0.6677,TRACKING,prediction
1786986257.425,48.6,0.000,0.822,0.709,0.6736,-0.0207,2.72,-0.08650,0.150,0.180,0.000,-1.0000,-0.9521,TRACKING,prediction
1786986257.440,48.6,0.000,0.822,0.709,0.6736,-0.0166,2.17,-0.06920,0.150,0.675,0.000,-1.0000,-0.9928,TRACKING,prediction
1786986257.454,48.6,0.000,0.822,0.709,0.6736,-0.0133,1.74,-0.05536,0.150,0.642,0.000,-1.0000,-0.7303,TRACKING,prediction
1786986257.469,48.6,0.000,0.822,0.709,0.6736,-0.0106,1.39,-0.04429,0.150,0.610,0.000,-1.0000,-0.7100,TRACKING,prediction
1786986257.482,48.6,0.000,0.822,0.709,0.6736,-0.0085,1.11,-0.03543,0.150,0.579,0.000,-1.0000,-0.7249,TRACKING,prediction
1786986257.498,48.6,0.000,0.822,0.709,0.6736,-0.0068,0.89,-0.02835,0.150,0.490,0.000,-1.0000,-0.7440,UNCERTAIN,prediction
1786986257.517,48.6,0.000,0.822,0.709,0.6736,-0.0054,0.71,-0.02268,0.150,0.490,0.000,-1.0000,-0.7962,UNCERTAIN,prediction
1786986257.531,48.6,0.000,0.822,0.709,0.6736,-0.0043,0.57,-0.01814,0.150,0.490,0.000,-1.0000,-0.8037,UNCERTAIN,prediction
1786986257.541,48.6,0.000,0.822,0.709,0.6736,-0.0035,0.46,-0.01451,0.150,0.472,0.000,-1.0000,-0.8049,UNCERTAIN,prediction
1786986257.563,48.6,0.000,0.822,0.709,0.6736,-0.0028,0.36,-0.01161,0.150,0.448,0.000,-1.0000,-0.8151,UNCERTAIN,prediction
1786986257.584,48.6,0.000,0.822,0.709,0.6736,-0.0022,0.29,-0.00929,0.150,0.426,0.000,-1.0000,-0.8295,UNCERTAIN,prediction
1786986257.614,48.6,0.000,0.822,0.709,0.6736,-0.0018,0.23,-0.00743,0.150,0.404,0.000,-1.0000,-0.8438,UNCERTAIN,prediction
1786986257.632,48.6,0.889,0.653,0.000,0.6734,0.1718,-0.40,-1.74061,0.150,0.700,0.000,1.0000,-0.1299,TRACKING,L+C
1786986257.655,48.6,0.889,0.653,0.000,0.6734,0.1374,-0.32,-1.39249,0.150,0.700,0.000,1.0000,0.2781,TRACKING,prediction
1786986257.667,48.6,0.889,0.653,0.000,0.6734,0.1099,-0.26,-1.11399,0.150,0.700,0.000,1.0000,0.6016,TRACKING,prediction
1786986257.696,48.6,0.857,0.645,0.000,0.6470,0.1762,2.61,-1.26715,0.150,0.700,0.000,1.0000,0.6510,TRACKING,L+C
1786986257.716,48.6,0.000,0.840,0.644,0.6399,-0.1658,1.93,-0.06455,0.194,0.700,0.000,-1.0000,0.1749,TRACKING,R+C
1786986257.726,48.6,0.000,0.833,0.642,0.6337,-0.1620,1.00,-0.09549,0.190,0.700,0.000,-1.0000,-0.2403,TRACKING,R+C
1786986257.746,48.6,0.000,0.824,0.641,0.6185,-0.1572,0.35,-0.10243,0.190,0.700,0.000,-1.0000,-0.5997,TRACKING,R+C
1786986257.771,48.6,0.000,0.802,0.642,0.6207,-0.1529,-1.46,-0.22538,0.177,0.700,0.000,-1.0000,-0.6532,TRACKING,R+C
1786986257.792,48.6,0.000,0.805,0.640,0.6102,-0.1469,-1.16,-0.14321,0.186,0.700,0.000,-1.0000,-0.6607,TRACKING,R+C
1786986257.816,48.6,0.000,0.785,0.620,0.5975,-0.1437,-4.01,-0.35093,0.165,0.700,0.000,-1.0000,-0.6613,TRACKING,R+C
1786986257.839,48.6,0.000,0.785,0.620,0.5975,-0.1150,-3.21,-0.28074,0.165,0.700,0.000,-1.0000,-0.6615,TRACKING,prediction
1786986257.858,48.6,0.000,0.754,0.621,0.5856,-0.1360,-6.22,-0.52576,0.150,0.700,0.000,-1.0000,-0.6607,TRACKING,R+C
1786986257.874,48.6,0.000,0.754,0.618,0.5860,-0.1356,-6.84,-0.56281,0.150,0.700,0.000,-1.0000,-0.6606,TRACKING,R+C
1786986257.886,48.6,0.000,0.754,0.619,0.5835,-0.1374,-7.54,-0.61634,0.150,0.700,0.000,-1.0000,-0.6607,TRACKING,R+C
1786986257.901,48.6,0.000,0.763,0.620,0.5802,-0.1404,-7.91,-0.63780,0.150,0.700,0.000,-1.0000,-0.6608,TRACKING,R+C
1786986257.912,48.6,0.000,0.745,0.620,0.5767,-0.1458,-10.80,-0.86576,0.150,0.700,0.000,-1.0000,-0.6611,TRACKING,R+C
1786986257.927,48.6,0.000,0.734,0.620,0.5818,-0.1440,-10.42,-0.87714,0.150,0.700,0.000,-1.0000,-0.6611,TRACKING,R+C
1786986257.941,48.6,0.000,0.732,0.621,0.5782,-0.1402,-10.80,-0.90707,0.150,0.700,0.000,-1.0000,-0.6608,TRACKING,R+C
1786986257.951,48.6,0.000,0.713,0.617,0.5753,-0.1352,-12.74,-1.08790,0.150,0.700,0.000,-1.0000,-0.6603,TRACKING,R+C
1786986257.973,48.6,0.000,0.709,0.618,0.5683,-0.1277,-13.67,-1.14933,0.150,0.700,0.000,-1.0000,-0.6596,TRACKING,R+C
1786986257.988,48.6,0.000,0.714,0.619,0.5626,-0.1203,-14.67,-1.22269,0.150,0.700,0.000,-1.0000,-0.6590,TRACKING,R+C
1786986258.002,48.6,0.000,0.713,0.629,0.5543,-0.1133,-16.43,-1.33525,0.150,0.700,0.000,-1.0000,-0.6583,TRACKING,R+C
1786986258.016,58.5,0.000,0.717,0.635,0.5480,-0.0997,-15.10,-1.29956,0.150,0.700,0.000,-1.0000,-0.6574,TRACKING,R+C
1786986258.029,58.5,0.947,0.708,0.616,0.5034,-0.0893,-16.21,-1.42021,0.150,0.700,0.000,-0.9238,-0.6154,TRACKING,L+C+R_fused
1786986258.044,58.5,0.930,0.722,0.666,0.5179,-0.0789,-16.32,-1.46380,0.150,0.700,0.000,-0.8173,-0.5505,TRACKING,L+C+R_fused
1786986258.057,58.5,0.932,0.731,0.641,0.5217,-0.0700,-15.99,-1.48038,0.150,0.700,0.000,-0.7245,-0.4897,TRACKING,L+C+R_fused
1786986258.087,58.5,0.934,0.742,0.642,0.5070,-0.0633,-15.76,-1.51593,0.150,0.700,0.000,-0.6501,-0.4395,TRACKING,L+C+R_fused
1786986258.108,58.5,0.941,0.754,0.609,0.5088,-0.0605,-15.94,-1.59721,0.150,0.700,0.000,-0.6197,-0.4156,TRACKING,L+C+R_fused
1786986258.123,58.5,0.948,0.757,0.645,0.4863,-0.0556,-13.71,-1.55252,0.150,0.700,0.000,-0.6203,-0.4125,TRACKING,L+C+R_fused
1786986258.137,58.5,0.646,0.750,0.647,0.4737,-0.0531,-14.01,-1.68933,0.150,0.700,0.000,-0.5967,-0.3995,TRACKING,L+C+R_fused
1786986258.153,58.5,0.000,0.747,0.676,0.4895,-0.0472,-12.43,-1.66677,0.150,0.700,0.000,-0.5628,-0.3788,TRACKING,R+C
1786986258.169,58.5,0.000,0.749,0.706,0.5046,-0.0388,-10.69,-1.61748,0.150,0.700,0.000,-0.4931,-0.3372,TRACKING,R+C
1786986258.186,58.5,0.625,0.745,0.771,0.4693,-0.0281,-10.15,-1.64485,0.150,0.700,0.000,-0.3501,-0.2518,TRACKING,L+C+R_fused
1786986258.203,58.5,0.945,0.746,0.913,0.5006,-0.0158,-8.67,-1.62042,0.150,0.700,0.000,-0.1975,-0.1543,TRACKING,L+C+R_fused
1786986258.217,58.5,0.928,0.747,0.719,0.5147,-0.0039,-7.09,-1.57464,0.150,0.700,0.000,-0.0479,-0.0563,TRACKING,L+C+R_fused
1786986258.231,58.5,0.924,0.747,0.713,0.5212,0.0046,-6.53,-1.60122,0.150,0.700,0.000,0.0730,0.0259,TRACKING,L+C+R_fused
1786986258.253,58.5,0.925,0.760,0.914,0.5165,0.0119,-5.02,-1.55821,0.150,0.700,0.000,0.1458,0.0790,TRACKING,L+C+R_fused
1786986258.275,58.5,0.934,0.764,0.912,0.5130,0.0160,-3.03,-1.44532,0.150,0.700,0.000,0.1517,0.0903,TRACKING,L+C+R_fused
1786986258.299,58.5,0.946,0.760,0.921,0.5066,0.0155,-3.25,-1.54605,0.150,0.700,0.000,0.1336,0.0811,TRACKING,L+C+R_fused
1786986258.320,58.5,0.000,0.760,0.910,0.4884,0.0164,-1.49,-1.47309,0.150,0.700,0.000,0.0858,0.0527,TRACKING,R+C
1786986258.339,58.5,0.000,0.761,0.923,0.4918,0.0160,-0.37,-1.46593,0.150,0.700,0.000,0.0308,0.0170,TRACKING,R+C
1786986258.364,58.5,0.000,0.753,0.918,0.5064,0.0143,0.94,-1.42204,0.150,0.700,0.000,-0.0502,-0.0340,TRACKING,R+C
1786986258.382,58.5,0.000,0.755,0.919,0.5118,0.0116,2.14,-1.39370,0.150,0.700,0.000,-0.1466,-0.0956,TRACKING,R+C
1786986258.411,58.5,0.000,0.758,0.912,0.5189,0.0084,2.66,-1.43737,0.150,0.700,0.000,-0.2334,-0.1534,TRACKING,R+C
1786986258.431,58.5,0.000,0.760,0.899,0.5194,0.0046,3.23,-1.43327,0.150,0.700,0.000,-0.3206,-0.2105,TRACKING,R+C
1786986258.448,58.5,0.000,0.760,0.890,0.5337,0.0021,4.80,-1.33716,0.150,0.700,0.000,-0.4113,-0.2692,TRACKING,R+C
1786986258.465,58.5,0.000,0.756,0.894,0.5435,-0.0011,5.67,-1.30763,0.150,0.700,0.000,-0.4914,-0.3224,TRACKING,R+C
1786986258.486,58.5,0.000,0.746,0.880,0.5529,-0.0066,5.49,-1.38224,0.150,0.700,0.000,-0.5774,-0.3780,TRACKING,R+C
1786986258.506,58.5,0.000,0.746,0.881,0.5639,-0.0123,6.19,-1.36465,0.150,0.700,0.000,-0.6770,-0.4412,TRACKING,R+C
1786986258.529,58.5,0.000,0.753,0.881,0.5731,-0.0185,6.78,-1.34423,0.150,0.700,0.000,-0.7708,-0.5021,TRACKING,R+C
1786986258.555,58.5,0.000,0.759,0.863,0.5813,-0.0247,7.34,-1.33290,0.150,0.700,0.000,-0.8565,-0.5582,TRACKING,R+C
1786986258.570,58.5,0.000,0.759,0.862,0.5899,-0.0274,9.05,-1.16789,0.150,0.700,0.000,-0.9119,-0.5967,TRACKING,R+C
1786986258.597,58.5,0.000,0.761,0.854,0.5948,-0.0310,8.95,-1.18999,0.150,0.700,0.000,-0.9468,-0.6216,TRACKING,R+C
1786986258.605,58.5,0.000,0.756,0.852,0.5951,-0.0311,8.69,-1.23740,0.150,0.700,0.000,-0.9460,-0.6249,TRACKING,R+C
1786986258.624,58.5,0.000,0.764,0.857,0.5940,-0.0289,8.99,-1.21842,0.150,0.700,0.000,-0.9304,-0.6169,TRACKING,R+C
1786986258.647,58.5,0.000,0.766,0.850,0.5936,-0.0276,9.73,-1.14131,0.150,0.700,0.000,-0.9289,-0.6148,TRACKING,R+C
1786986258.676,58.5,0.000,0.766,0.850,0.5936,-0.0221,7.78,-0.91305,0.150,0.700,0.000,-0.9289,-0.6145,TRACKING,prediction
1786986258.687,58.5,0.000,0.766,0.850,0.5936,-0.0176,6.22,-0.73044,0.150,0.700,0.000,-0.9289,-0.6145,TRACKING,prediction
1786986258.708,58.5,0.000,0.766,0.850,0.5936,-0.0141,4.98,-0.58435,0.150,0.700,0.000,-0.9289,-0.6145,TRACKING,prediction
1786986258.729,58.5,0.000,0.766,0.850,0.5936,-0.0113,3.98,-0.46748,0.150,0.700,0.000,-0.9289,-0.6145,TRACKING,prediction
1786986258.749,58.5,0.000,0.766,0.850,0.5936,-0.0090,3.19,-0.37399,0.150,0.700,0.000,-0.9289,-0.6145,TRACKING,prediction
1786986258.770,58.5,0.000,0.766,0.850,0.5936,-0.0072,2.55,-0.29919,0.150,0.700,0.000,-0.9289,-0.6145,TRACKING,prediction
1786986258.792,58.5,0.000,0.766,0.850,0.5936,-0.0058,2.04,-0.23935,0.150,0.700,0.000,-0.9289,-0.6145,TRACKING,prediction
1786986258.820,58.5,0.000,0.766,0.850,0.5936,-0.0046,1.63,-0.19148,0.150,0.700,0.000,-0.9289,-0.6145,TRACKING,prediction
1786986258.843,58.5,0.000,0.766,0.850,0.5936,-0.0037,1.31,-0.15318,0.150,0.700,0.000,-0.9289,-0.6145,TRACKING,prediction
1786986258.852,58.5,0.000,0.766,0.850,0.5936,-0.0030,1.04,-0.12255,0.150,0.678,0.000,-0.9289,-0.6145,TRACKING,prediction
1786986258.879,58.5,0.000,0.766,0.850,0.5936,-0.0024,0.84,-0.09804,0.150,0.644,0.000,-0.9289,-0.6264,TRACKING,prediction
1786986258.896,58.5,0.000,0.766,0.850,0.5936,-0.0019,0.67,-0.07843,0.150,0.611,0.000,-0.9289,-0.6461,TRACKING,prediction
1786986258.928,58.5,0.000,0.766,0.850,0.5936,-0.0015,0.53,-0.06274,0.150,0.581,0.000,-0.9289,-0.6660,TRACKING,prediction
1786986258.946,58.5,0.000,0.786,0.876,0.5905,-0.0382,10.44,-0.93174,0.150,0.700,0.000,-1.0000,-0.7282,TRACKING,R+C
1786986258.962,58.5,0.000,0.786,0.876,0.5905,-0.0306,8.35,-0.74539,0.150,0.700,0.000,-1.0000,-0.6699,TRACKING,prediction
1786986258.973,58.5,0.000,0.753,0.861,0.5836,-0.0351,10.54,-0.91279,0.150,0.700,0.000,-0.9951,-0.6585,TRACKING,R+C
1786986258.987,58.5,0.000,0.784,0.870,0.5769,-0.0327,10.38,-0.90106,0.150,0.700,0.000,-0.9687,-0.6423,TRACKING,R+C
1786986258.998,58.5,0.000,0.736,0.878,0.5733,-0.0309,10.16,-0.90035,0.150,0.700,0.000,-0.9468,-0.6278,TRACKING,R+C
1786986259.008,58.5,0.000,0.766,0.880,0.5696,-0.0286,9.28,-0.95200,0.150,0.700,0.000,-0.9071,-0.6039,TRACKING,R+C
1786986259.028,52.3,0.000,0.756,0.891,0.5662,-0.0261,8.89,-0.95386,0.150,0.700,0.000,-0.8714,-0.5808,TRACKING,R+C
1786986259.049,52.3,0.000,0.715,0.879,0.5626,-0.0251,7.81,-1.00438,0.150,0.700,0.000,-0.8357,-0.5577,TRACKING,R+C
1786986259.060,52.3,0.000,0.715,0.888,0.5558,-0.0241,6.00,-1.12515,0.150,0.700,0.000,-0.7852,-0.5265,TRACKING,R+C
1786986259.081,52.3,0.000,0.724,0.894,0.5485,-0.0183,6.57,-1.06910,0.150,0.700,0.000,-0.7273,-0.4899,TRACKING,R+C
1786986259.110,52.3,0.000,0.794,0.898,0.5462,-0.0070,10.78,-0.69807,0.150,0.700,0.000,-0.6733,-0.4545,TRACKING,R+C
1786986259.121,52.3,0.000,0.794,0.910,0.5399,-0.0027,10.60,-0.69380,0.150,0.700,0.000,-0.6088,-0.4136,TRACKING,R+C
1786986259.131,52.3,0.000,0.797,0.903,0.5356,-0.0005,9.90,-0.74617,0.150,0.700,0.000,-0.5591,-0.3801,TRACKING,R+C
1786986259.157,52.3,0.000,0.797,0.903,0.5356,-0.0004,7.92,-0.59694,0.150,0.700,0.000,-0.5591,-0.3751,TRACKING,prediction
1786986259.182,52.3,0.000,0.797,0.903,0.5356,-0.0003,6.33,-0.47755,0.150,0.700,0.000,-0.5591,-0.3744,TRACKING,prediction
1786986259.196,52.3,0.000,0.797,0.903,0.5356,-0.0003,5.07,-0.38204,0.150,0.700,0.000,-0.5591,-0.3743,TRACKING,prediction
1786986259.212,52.3,0.000,0.799,0.905,0.5422,-0.0089,9.99,-0.72809,0.150,0.700,0.000,-0.6747,-0.4381,TRACKING,R+C
1786986259.237,52.3,0.000,0.799,0.905,0.5422,-0.0071,7.99,-0.58247,0.150,0.700,0.000,-0.6747,-0.4475,TRACKING,prediction
1786986259.261,52.3,0.000,0.810,0.887,0.5544,-0.0239,10.31,-0.69525,0.150,0.700,0.000,-0.8588,-0.5503,TRACKING,R+C
1786986259.279,52.3,0.000,0.803,0.881,0.5584,-0.0325,10.12,-0.70176,0.150,0.700,0.000,-0.9411,-0.6107,TRACKING,R+C
1786986259.293,52.3,0.000,0.808,0.888,0.5643,-0.0391,10.05,-0.69549,0.150,0.700,0.000,-0.9978,-0.6506,TRACKING,R+C
1786986259.307,52.3,0.000,0.802,0.872,0.5673,-0.0450,10.05,-0.68358,0.150,0.700,0.000,-1.0000,-0.6582,TRACKING,R+C
1786986259.313,52.3,0.000,0.813,0.874,0.5704,-0.0495,10.12,-0.66765,0.150,0.700,0.000,-1.0000,-0.6596,TRACKING,R+C
1786986259.333,52.3,0.000,0.826,0.861,0.5729,-0.0522,10.00,-0.65428,0.150,0.700,0.000,-1.0000,-0.6599,TRACKING,R+C
1786986259.362,52.3,0.000,0.828,0.859,0.5698,-0.0508,10.44,-0.56861,0.150,0.700,0.000,-1.0000,-0.6597,TRACKING,R+C
1786986259.368,52.3,0.000,0.831,0.866,0.5617,-0.0475,10.12,-0.57745,0.150,0.700,0.000,-1.0000,-0.6593,TRACKING,R+C
1786986259.390,52.3,0.000,0.826,0.871,0.5534,-0.0440,8.98,-0.65458,0.150,0.700,0.000,-1.0000,-0.6589,TRACKING,R+C
1786986259.401,52.3,0.000,0.801,0.884,0.5472,-0.0400,7.46,-0.77498,0.150,0.700,0.000,-0.9527,-0.6329,TRACKING,R+C
1786986259.418,52.3,0.000,0.810,0.892,0.5465,-0.0327,8.39,-0.65898,0.150,0.700,0.000,-0.8929,-0.5960,TRACKING,R+C
1786986259.438,52.3,0.000,0.807,0.902,0.5418,-0.0270,8.31,-0.64770,0.150,0.700,0.000,-0.8295,-0.5557,TRACKING,R+C
1786986259.455,52.3,0.000,0.812,0.896,0.5358,-0.0220,8.17,-0.63775,0.150,0.700,0.000,-0.7672,-0.5153,TRACKING,R+C
1786986259.468,52.3,0.000,0.815,0.901,0.5272,-0.0182,7.44,-0.69780,0.150,0.700,0.000,-0.7040,-0.4745,TRACKING,R+C
1786986259.474,52.3,0.000,0.817,0.904,0.5212,-0.0139,7.11,-0.70149,0.150,0.180,0.000,-0.6372,-0.4315,TRACKING,R+C
1786986259.493,52.3,0.858,0.817,0.925,0.5110,-0.0119,6.17,-0.76032,0.150,0.700,0.000,-0.5835,-0.5714,TRACKING,L+C+R_fused
1786986259.523,52.3,0.957,0.818,0.926,0.5098,-0.0100,5.67,-0.77790,0.150,0.180,0.000,-0.5415,-0.3924,TRACKING,L+C+R_fused
1786986259.538,52.3,0.956,0.817,0.921,0.5086,-0.0081,6.30,-0.73109,0.150,0.180,0.000,-0.5291,-0.5199,TRACKING,L+C+R_fused
1786986259.550,52.3,0.956,0.817,0.921,0.5086,-0.0065,5.04,-0.58487,0.150,0.700,0.000,-0.5291,-0.5380,TRACKING,prediction
1786986259.569,52.3,0.956,0.817,0.921,0.5086,-0.0052,4.03,-0.46790,0.150,0.180,0.000,-0.5291,-0.3805,TRACKING,prediction
1786986259.590,52.3,0.000,0.817,0.912,0.5233,-0.0171,6.34,-0.72334,0.150,0.700,0.000,-0.6562,-0.6248,TRACKING,R+C
1786986259.604,52.3,0.000,0.817,0.917,0.5258,-0.0180,6.28,-0.71516,0.150,0.700,0.000,-0.6647,-0.4685,TRACKING,R+C
1786986259.620,52.3,0.000,0.812,0.920,0.5247,-0.0146,6.41,-0.70289,0.150,0.700,0.000,-0.6226,-0.4224,TRACKING,R+C
1786986259.635,52.3,0.916,0.805,0.926,0.5083,-0.0104,5.51,-0.75001,0.150,0.700,0.000,-0.5369,-0.3680,TRACKING,L+C+R_fused
1786986259.647,52.3,0.856,0.798,0.931,0.4901,-0.0023,6.00,-0.70391,0.150,0.700,0.000,-0.4243,-0.2974,TRACKING,L+C+R_fused
1786986259.662,52.3,0.957,0.800,0.925,0.5205,0.0050,5.88,-0.70081,0.150,0.180,0.000,-0.2995,-0.2175,TRACKING,L+C+R_fused
1786986259.675,52.3,0.956,0.799,0.923,0.5070,0.0126,6.22,-0.66400,0.150,0.180,0.000,-0.1784,-0.1961,TRACKING,L+C+R_fused
1786986259.690,52.3,0.950,0.811,0.892,0.5117,0.0173,6.24,-0.65383,0.150,0.700,0.000,-0.0956,-0.1213,TRACKING,L+C+R_fused
1786986259.703,52.3,0.952,0.814,0.933,0.5133,0.0208,6.22,-0.66841,0.150,0.700,0.000,-0.0354,-0.0430,TRACKING,L+C+R_fused
1786986259.725,52.3,0.952,0.820,0.713,0.5138,0.0227,6.80,-0.62464,0.150,0.700,0.000,-0.0186,-0.0227,TRACKING,L+C+R_fused
1786986259.740,52.3,0.953,0.812,0.344,0.5127,0.0206,6.40,-0.67096,0.150,0.700,0.000,-0.0476,-0.0361,TRACKING,L+C+R_fused
1786986259.754,52.3,0.950,0.806,0.815,0.5169,0.0190,6.44,-0.68036,0.150,0.700,0.000,-0.0793,-0.0559,TRACKING,L+C+R_fused
1786986259.766,52.3,0.943,0.809,0.913,0.5211,0.0184,6.40,-0.69294,0.150,0.180,0.000,-0.0900,-0.0649,TRACKING,L+C+R_fused
1786986259.780,52.3,0.949,0.811,0.912,0.5186,0.0180,6.08,-0.71020,0.150,0.700,0.000,-0.0847,-0.0938,TRACKING,L+C+R_fused
1786986259.794,52.3,0.947,0.806,0.749,0.5164,0.0186,6.58,-0.69142,0.150,0.700,0.000,-0.0946,-0.0723,TRACKING,L+C+R_fused
1786986259.808,52.3,0.954,0.803,0.917,0.5132,0.0165,6.38,-0.72383,0.150,0.700,0.000,-0.1291,-0.0893,TRACKING,L+C+R_fused
1786986259.822,52.3,0.954,0.801,0.916,0.5185,0.0133,6.30,-0.74204,0.150,0.700,0.000,-0.1849,-0.1231,TRACKING,L+C+R_fused
1786986259.839,52.3,0.953,0.808,0.904,0.5185,0.0103,6.70,-0.72635,0.150,0.700,0.000,-0.2509,-0.1650,TRACKING,L+C+R_fused
1786986259.855,52.3,0.953,0.802,0.904,0.5274,0.0082,6.42,-0.77526,0.150,0.700,0.000,-0.2827,-0.1890,TRACKING,L+C+R_fused
1786986259.870,52.3,0.953,0.802,0.904,0.5274,0.0066,5.14,-0.62021,0.150,0.700,0.000,-0.2827,-0.1926,TRACKING,prediction
1786986259.884,52.3,0.956,0.808,0.899,0.5011,0.0083,5.31,-0.89055,0.150,0.700,0.000,-0.2528,-0.1767,TRACKING,L+C+R_fused
1786986259.898,52.3,0.948,0.793,0.907,0.4990,0.0139,5.72,-0.88806,0.150,0.700,0.000,-0.1739,-0.1304,TRACKING,L+C+R_fused
1786986259.912,52.3,0.948,0.793,0.907,0.4990,0.0111,4.57,-0.71045,0.150,0.700,0.000,-0.1739,-0.1236,TRACKING,prediction
1786986259.925,52.3,0.950,0.808,0.919,0.4819,0.0257,6.66,-0.81910,0.150,0.700,0.000,0.0041,-0.0229,TRACKING,L+C+R_fused
1786986259.941,52.3,0.947,0.802,0.908,0.4762,0.0274,5.10,-1.00948,0.150,0.700,0.000,0.0706,0.0289,TRACKING,L+C+R_fused
1786986259.956,52.3,0.947,0.795,0.923,0.4768,0.0299,4.88,-1.03889,0.150,0.700,0.000,0.1193,0.0641,TRACKING,L+C+R_fused
1786986259.969,52.3,0.946,0.802,0.928,0.4774,0.0349,5.65,-0.93818,0.150,0.700,0.000,0.1898,0.1096,TRACKING,L+C+R_fused
1786986259.989,52.3,0.943,0.794,0.926,0.4789,0.0402,4.67,-1.03454,0.150,0.700,0.000,0.3068,0.1822,TRACKING,L+C+R_fused
1786986260.010,52.3,0.934,0.788,0.708,0.4782,0.0487,4.77,-1.03746,0.150,0.700,0.000,0.4407,0.2688,TRACKING,L+C+R_fused
1786986260.030,60.9,0.918,0.791,0.372,0.5318,0.0575,5.51,-0.95673,0.150,0.700,0.000,0.5560,0.3472,TRACKING,L+C+R_fused
1786986260.050,60.9,0.929,0.793,0.378,0.5244,0.0653,5.49,-0.95798,0.150,0.700,0.000,0.6654,0.4205,TRACKING,L+C+R_fused
1786986260.074,60.9,0.912,0.799,0.000,0.5219,0.0721,5.37,-0.96817,0.150,0.700,0.000,0.7533,0.4806,TRACKING,L+C
1786986260.099,60.9,0.919,0.798,0.379,0.5954,0.0776,5.15,-1.00280,0.150,0.700,0.000,0.8200,0.5268,TRACKING,L+C+R_fused
1786986260.118,60.9,0.913,0.803,0.000,0.5303,0.0804,5.26,-1.00031,0.150,0.700,0.000,0.8480,0.5493,TRACKING,L+C
1786986260.135,60.9,0.917,0.799,0.379,0.5943,0.0801,4.38,-1.09482,0.150,0.700,0.000,0.8582,0.5583,TRACKING,L+C+R_fused
1786986260.151,60.9,0.907,0.791,0.376,0.4411,0.0836,5.03,-1.07109,0.150,0.700,0.000,0.8801,0.5718,TRACKING,L+C+R_fused
1786986260.167,60.9,0.889,0.790,0.908,0.4864,0.0863,5.74,-1.04643,0.150,0.700,0.000,0.8915,0.5801,TRACKING,L+C+R_fused
1786986260.182,60.9,0.899,0.786,0.761,0.4954,0.0884,5.86,-1.05954,0.150,0.700,0.000,0.9080,0.5905,TRACKING,L+C+R_fused
1786986260.196,60.9,0.900,0.788,0.336,0.4921,0.0910,6.31,-1.03975,0.150,0.700,0.000,0.9236,0.6008,TRACKING,L+C+R_fused
1786986260.210,60.9,0.912,0.785,0.666,0.4895,0.0913,6.96,-1.00863,0.150,0.700,0.000,0.9139,0.5968,TRACKING,L+C+R_fused
1786986260.224,60.9,0.905,0.779,0.314,0.4904,0.0889,7.09,-1.01751,0.150,0.700,0.000,0.8849,0.5800,TRACKING,L+C+R_fused
1786986260.237,60.9,0.896,0.775,0.327,0.5090,0.0850,6.10,-1.12601,0.150,0.700,0.000,0.8597,0.5633,TRACKING,L+C+R_fused
1786986260.252,60.9,0.918,0.770,0.775,0.4980,0.0820,6.03,-1.16161,0.150,0.700,0.000,0.8252,0.5414,TRACKING,L+C+R_fused
1786986260.266,60.9,0.918,0.763,0.918,0.5003,0.0802,6.80,-1.13307,0.150,0.700,0.000,0.7846,0.5153,TRACKING,L+C+R_fused
1786986260.280,60.9,0.918,0.763,0.918,0.5003,0.0642,5.44,-0.90646,0.150,0.700,0.000,0.7846,0.5115,TRACKING,prediction
1786986260.296,60.9,0.931,0.760,0.713,0.5033,0.0739,7.54,-1.13647,0.150,0.700,0.000,0.6827,0.4531,TRACKING,L+C+R_fused
1786986260.320,60.9,0.952,0.757,0.724,0.5010,0.0707,7.96,-1.13617,0.150,0.700,0.000,0.6249,0.4115,TRACKING,L+C+R_fused
1786986260.335,60.9,0.000,0.761,0.899,0.4721,0.0673,8.75,-1.08665,0.150,0.700,0.000,0.5558,0.3661,TRACKING,R+C
1786986260.348,60.9,0.000,0.748,0.873,0.4696,0.0603,6.22,-1.37819,0.150,0.700,0.000,0.5057,0.3301,TRACKING,R+C
1786986260.367,60.9,0.000,0.750,0.874,0.4831,0.0586,7.92,-1.27592,0.150,0.700,0.000,0.4263,0.2798,TRACKING,R+C
1786986260.393,60.9,0.000,0.754,0.866,0.4826,0.0547,9.22,-1.17935,0.150,0.700,0.000,0.3228,0.2138,TRACKING,R+C
1786986260.397,60.9,0.000,0.755,0.879,0.4894,0.0488,9.97,-1.12988,0.150,0.700,0.000,0.1988,0.1339,TRACKING,R+C
1786986260.422,60.9,0.000,0.749,0.884,0.4969,0.0422,9.21,-1.28152,0.150,0.700,0.000,0.0897,0.0597,TRACKING,R+C
1786986260.436,60.9,0.000,0.749,0.884,0.4969,0.0338,7.37,-1.02522,0.150,0.700,0.000,0.0897,0.0489,TRACKING,prediction
1786986260.448,60.9,0.000,0.753,0.870,0.5104,0.0354,8.33,-1.42199,0.150,0.700,0.000,-0.0168,-0.0134,TRACKING,R+C
1786986260.462,60.9,0.000,0.753,0.871,0.5184,0.0367,8.70,-1.40106,0.150,0.700,0.000,-0.0066,-0.0168,TRACKING,R+C
1786986260.474,60.9,0.000,0.748,0.860,0.5208,0.0410,9.49,-1.34170,0.150,0.700,0.000,0.0428,0.0106,TRACKING,R+C
1786986260.489,60.9,0.000,0.750,0.852,0.5189,0.0438,9.44,-1.36001,0.150,0.700,0.000,0.0919,0.0423,TRACKING,R+C
1786986260.500,60.9,0.000,0.748,0.852,0.5139,0.0459,9.57,-1.37653,0.150,0.700,0.000,0.1199,0.0627,TRACKING,R+C
1786986260.517,60.9,0.000,0.748,0.852,0.5139,0.0367,7.65,-1.10123,0.150,0.700,0.000,0.1199,0.0657,TRACKING,prediction
1786986260.533,60.9,0.000,0.748,0.852,0.5139,0.0294,6.12,-0.88098,0.150,0.700,0.000,0.1199,0.0662,TRACKING,prediction
1786986260.549,60.9,0.000,0.735,0.836,0.5311,0.0327,8.28,-1.58711,0.150,0.700,0.000,-0.0935,-0.0547,TRACKING,R+C
1786986260.573,60.9,0.000,0.735,0.836,0.5311,0.0261,6.63,-1.26969,0.150,0.700,0.000,-0.0935,-0.0721,TRACKING,prediction
1786986260.613,60.9,0.000,0.735,0.836,0.5311,0.0209,5.30,-1.01575,0.150,0.700,0.000,-0.0935,-0.0747,TRACKING,prediction
1786986260.632,60.9,0.000,0.728,0.833,0.5640,0.0189,10.70,-1.50887,0.150,0.700,0.000,-0.4247,-0.2593,TRACKING,R+C
1786986260.649,60.9,0.000,0.731,0.826,0.5702,0.0160,10.72,-1.58073,0.150,0.180,0.000,-0.4826,-0.3185,TRACKING,R+C
1786986260.665,60.9,0.000,0.743,0.814,0.5758,0.0170,12.40,-1.39911,0.150,0.180,0.000,-0.5079,-0.4972,TRACKING,R+C
1786986260.680,60.9,0.000,0.744,0.820,0.5732,0.0155,11.35,-1.54444,0.150,0.180,0.000,-0.5095,-0.5241,TRACKING,R+C
1786986260.697,60.9,0.000,0.732,0.815,0.5754,0.0168,12.16,-1.49549,0.150,0.700,0.000,-0.5160,-0.5335,TRACKING,R+C
1786986260.713,60.9,0.000,0.727,0.815,0.5810,0.0146,12.08,-1.53618,0.150,0.180,0.000,-0.5526,-0.3970,TRACKING,R+C
1786986260.732,60.9,0.000,0.714,0.808,0.5938,0.0083,12.11,-1.59637,0.150,0.180,0.000,-0.6508,-0.6279,TRACKING,R+C
1786986260.753,60.9,0.000,0.717,0.809,0.6027,0.0011,13.16,-1.50294,0.150,0.180,0.000,-0.7654,-0.7546,TRACKING,R+C
1786986260.774,60.9,0.000,0.723,0.800,0.6126,-0.0060,12.83,-1.58896,0.150,0.180,0.000,-0.8470,-0.8400,TRACKING,R+C
1786986260.784,60.9,0.000,0.723,0.800,0.6126,-0.0048,10.26,-1.27117,0.150,0.180,0.000,-0.8470,-0.8527,TRACKING,prediction
1786986260.808,60.9,0.000,0.716,0.804,0.6253,-0.0101,11.87,-1.88995,0.150,0.180,0.000,-0.8959,-0.8945,TRACKING,R+C
1786986260.824,60.9,0.000,0.722,0.806,0.6255,-0.0091,12.62,-1.79647,0.150,0.180,0.000,-0.8974,-0.9018,TRACKING,R+C
1786986260.843,60.9,0.000,0.722,0.808,0.6313,-0.0096,12.77,-1.78612,0.150,0.180,0.000,-0.9051,-0.9091,TRACKING,R+C
1786986260.855,60.9,0.000,0.718,0.814,0.6370,-0.0137,12.87,-1.80967,0.150,0.180,0.000,-0.9501,-0.9465,TRACKING,R+C
1786986260.875,60.9,0.000,0.718,0.814,0.6370,-0.0110,10.29,-1.44774,0.150,0.180,0.000,-0.9501,-0.9520,TRACKING,prediction
1786986260.893,60.9,0.000,0.723,0.809,0.6613,-0.0277,15.03,-1.61439,0.150,0.180,0.000,-1.0000,-0.9929,TRACKING,R+C
1786986260.912,60.9,0.000,0.730,0.803,0.6696,-0.0342,16.77,-1.41288,0.150,0.180,0.000,-1.0000,-0.9989,TRACKING,R+C
1786986260.931,60.9,0.000,0.730,0.803,0.6696,-0.0274,13.42,-1.13031,0.150,0.180,0.000,-1.0000,-0.9998,TRACKING,prediction
1786986260.955,60.9,0.000,0.730,0.803,0.6696,-0.0219,10.74,-0.90424,0.150,0.700,0.000,-1.0000,-1.0000,TRACKING,prediction
1786986260.972,60.9,0.000,0.730,0.803,0.6696,-0.0175,8.59,-0.72340,0.150,0.700,0.000,-1.0000,-0.7141,TRACKING,prediction
1786986260.992,60.9,0.000,0.730,0.803,0.6696,-0.0140,6.87,-0.57872,0.150,0.180,0.000,-1.0000,-0.6712,TRACKING,prediction
1786986261.019,60.9,0.000,0.730,0.803,0.6696,-0.0112,5.50,-0.46297,0.150,0.700,0.000,-1.0000,-0.9522,TRACKING,prediction
1786986261.033,56.8,0.000,0.730,0.803,0.6696,-0.0090,4.40,-0.37038,0.150,0.700,0.000,-1.0000,-0.7067,TRACKING,prediction
1786986261.053,56.8,0.000,0.730,0.803,0.6696,-0.0072,3.52,-0.29630,0.150,0.700,0.000,-1.0000,-0.6701,TRACKING,prediction
1786986261.073,56.8,0.000,0.730,0.803,0.6696,-0.0057,2.81,-0.23704,0.150,0.700,0.000,-1.0000,-0.6646,TRACKING,prediction
1786986261.094,56.8,0.000,0.730,0.803,0.6696,-0.0046,2.25,-0.18963,0.150,0.676,0.000,-1.0000,-0.6638,TRACKING,prediction
1786986261.104,56.8,0.000,0.730,0.803,0.6696,-0.0037,1.80,-0.15171,0.150,0.642,0.000,-1.0000,-0.6772,TRACKING,prediction
1786986261.132,56.8,0.000,0.730,0.803,0.6696,-0.0029,1.44,-0.12137,0.150,0.610,0.000,-1.0000,-0.6983,TRACKING,prediction
1786986261.158,56.8,0.000,0.730,0.803,0.6696,-0.0024,1.15,-0.09709,0.150,0.180,0.000,-1.0000,-0.7195,TRACKING,prediction
1786986261.202,56.8,0.000,0.730,0.803,0.6696,-0.0019,0.92,-0.07767,0.150,0.490,0.000,-1.0000,-0.9590,UNCERTAIN,prediction
1786986261.222,56.8,0.000,0.730,0.803,0.6696,-0.0015,0.74,-0.06214,0.150,0.490,0.000,-1.0000,-0.8254,UNCERTAIN,prediction
1786986261.232,56.8,0.000,0.730,0.803,0.6696,-0.0012,0.59,-0.04971,0.150,0.490,0.000,-1.0000,-0.8055,UNCERTAIN,prediction
1786986261.258,56.8,0.000,0.730,0.803,0.6696,-0.0010,0.47,-0.03977,0.150,0.472,0.000,-1.0000,-0.8025,UNCERTAIN,prediction
1786986261.278,56.8,0.000,0.730,0.803,0.6696,-0.0008,0.38,-0.03182,0.150,0.449,0.000,-1.0000,-0.8118,UNCERTAIN,prediction
1786986261.299,56.8,0.000,0.730,0.803,0.6696,-0.0006,0.30,-0.02545,0.150,0.426,0.000,-1.0000,-0.8263,UNCERTAIN,prediction
1786986261.320,56.8,0.000,0.730,0.803,0.6696,-0.0005,0.24,-0.02036,0.150,0.405,0.000,-1.0000,-0.8408,UNCERTAIN,prediction
1786986261.341,56.8,0.000,0.730,0.803,0.6696,-0.0004,0.19,-0.01629,0.150,0.385,0.000,-1.0000,-0.8546,UNCERTAIN,prediction
1786986261.361,56.8,0.000,0.730,0.803,0.6696,-0.0003,0.15,-0.01303,0.150,0.365,0.000,-1.0000,-0.8678,UNCERTAIN,prediction
1786986261.382,56.8,0.000,0.730,0.803,0.6696,-0.0003,0.12,-0.01043,0.150,0.347,0.000,-1.0000,-0.8802,UNCERTAIN,prediction
1786986261.392,56.8,0.867,0.768,0.000,0.6487,0.2780,34.47,-0.14527,0.185,0.700,0.000,1.0000,-0.1232,TRACKING,L+C
1786986261.413,56.8,0.867,0.768,0.000,0.6487,0.2224,27.57,-0.11622,0.185,0.700,0.000,1.0000,0.2832,TRACKING,prediction
1786986261.433,56.8,0.857,0.774,0.000,0.6307,0.2684,32.54,-0.13274,0.187,0.700,0.000,1.0000,0.6025,TRACKING,L+C
1786986261.445,56.8,0.865,0.780,0.000,0.6256,0.2656,31.51,-0.13247,0.187,0.700,0.000,1.0000,0.6506,TRACKING,L+C
1786986261.465,56.8,0.865,0.780,0.000,0.6256,0.2125,25.20,-0.10597,0.187,0.700,0.000,1.0000,0.6578,TRACKING,prediction
1786986261.485,56.8,0.862,0.787,0.000,0.6098,0.2580,29.18,-0.16089,0.184,0.700,0.000,1.0000,0.6592,TRACKING,L+C
1786986261.495,56.8,0.862,0.787,0.000,0.6098,0.2064,23.34,-0.12871,0.184,0.700,0.000,1.0000,0.6594,TRACKING,prediction
1786986261.516,56.8,0.000,0.865,0.799,0.5943,-0.1319,4.14,-0.16263,0.184,0.700,0.000,-1.0000,0.1885,TRACKING,R+C
1786986261.526,56.8,0.000,0.865,0.798,0.5856,-0.1301,2.61,-0.23666,0.176,0.700,0.000,-1.0000,-0.2282,TRACKING,R+C
1786986261.541,56.8,0.000,0.867,0.805,0.5803,-0.1242,2.97,-0.16403,0.184,0.700,0.000,-1.0000,-0.5965,TRACKING,R+C
1786986261.553,56.8,0.000,0.862,0.810,0.5756,-0.1195,2.59,-0.14194,0.186,0.700,0.000,-1.0000,-0.6513,TRACKING,R+C
1786986261.586,56.8,0.000,0.862,0.810,0.5756,-0.0956,2.07,-0.11355,0.186,0.700,0.000,-1.0000,-0.6597,TRACKING,prediction
1786986261.601,56.8,0.000,0.810,0.826,0.5635,-0.1114,-0.97,-0.40399,0.160,0.700,0.000,-1.0000,-0.6599,TRACKING,R+C
1786986261.621,56.8,0.000,0.810,0.826,0.5635,-0.0891,-0.77,-0.32319,0.160,0.700,0.000,-1.0000,-0.6600,TRACKING,prediction
1786986261.633,56.8,0.000,0.797,0.838,0.5481,-0.1040,-5.88,-0.74006,0.150,0.700,0.000,-1.0000,-0.6589,TRACKING,R+C
1786986261.654,56.8,0.000,0.784,0.836,0.5423,-0.0947,-5.96,-0.76384,0.150,0.700,0.000,-1.0000,-0.6582,TRACKING,R+C
1786986261.660,56.8,0.000,0.801,0.857,0.5367,-0.0866,-6.17,-0.76246,0.150,0.700,0.000,-1.0000,-0.6574,TRACKING,R+C
1786986261.688,56.8,0.372,0.737,0.848,0.4788,-0.0883,-13.24,-1.27377,0.150,0.700,0.000,-0.9675,-0.6393,TRACKING,L+C+R_fused
1786986261.706,56.8,0.947,0.775,0.878,0.4905,-0.0786,-12.46,-1.19932,0.150,0.700,0.000,-0.8842,-0.5906,TRACKING,L+C+R_fused
1786986261.710,56.8,0.948,0.775,0.874,0.4954,-0.0664,-11.81,-1.18912,0.150,0.700,0.000,-0.7663,-0.5183,TRACKING,L+C+R_fused
1786986261.741,56.8,0.948,0.760,0.886,0.4957,-0.0536,-10.17,-1.14739,0.150,0.700,0.000,-0.6500,-0.4433,TRACKING,L+C+R_fused
1786986261.757,56.8,0.946,0.746,0.883,0.4921,-0.0452,-9.99,-1.23561,0.150,0.700,0.000,-0.5520,-0.3781,TRACKING,L+C+R_fused
1786986261.773,56.8,0.953,0.743,0.888,0.4928,-0.0421,-10.89,-1.36018,0.150,0.700,0.000,-0.4940,-0.3365,TRACKING,L+C+R_fused
1786986261.805,56.8,0.953,0.739,0.879,0.4908,-0.0411,-11.22,-1.44041,0.150,0.700,0.000,-0.4786,-0.3221,TRACKING,L+C+R_fused
1786986261.821,56.8,0.956,0.760,0.890,0.4863,-0.0419,-11.08,-1.47407,0.150,0.700,0.000,-0.5019,-0.3330,TRACKING,L+C+R_fused
1786986261.849,56.8,0.382,0.758,0.888,0.3966,-0.0452,-12.95,-1.65563,0.150,0.700,0.000,-0.5135,-0.3416,TRACKING,L+C+R_fused
1786986261.873,56.8,0.000,0.766,0.893,0.5036,-0.0437,-12.34,-1.68248,0.150,0.700,0.000,-0.5181,-0.3455,TRACKING,R+C
1786986261.892,56.8,0.000,0.786,0.891,0.5057,-0.0388,-10.12,-1.59811,0.150,0.700,0.000,-0.5112,-0.3423,TRACKING,R+C
1786986261.911,56.8,0.000,0.788,0.890,0.5081,-0.0346,-9.53,-1.65225,0.150,0.700,0.000,-0.4775,-0.3235,TRACKING,R+C
1786986261.934,56.8,0.000,0.778,0.885,0.5066,-0.0274,-9.25,-1.69851,0.150,0.700,0.000,-0.3831,-0.2685,TRACKING,R+C
1786986261.945,56.8,0.000,0.781,0.884,0.5031,-0.0170,-8.31,-1.69275,0.150,0.700,0.000,-0.2479,-0.1853,TRACKING,R+C
1786986261.966,56.8,0.000,0.785,0.895,0.4947,-0.0050,-6.92,-1.65218,0.150,0.700,0.000,-0.0887,-0.0842,TRACKING,R+C
1786986261.988,56.8,0.371,0.773,0.903,0.5070,0.0076,-5.95,-1.65455,0.150,0.700,0.000,0.0912,0.0316,TRACKING,L+C+R_fused
1786986262.007,56.8,0.946,0.776,0.906,0.4970,0.0197,-4.68,-1.62321,0.150,0.700,0.000,0.2542,0.1407,TRACKING,L+C+R_fused
1786986262.028,56.8,0.945,0.777,0.913,0.5143,0.0310,-3.98,-1.62798,0.150,0.700,0.000,0.4119,0.2459,TRACKING,L+C+R_fused
1786986262.049,51.2,0.938,0.783,0.913,0.5086,0.0402,-2.86,-1.60032,0.150,0.700,0.000,0.5156,0.3200,TRACKING,L+C+R_fused
1786986262.068,51.2,0.940,0.786,0.924,0.5054,0.0463,-2.18,-1.61945,0.150,0.700,0.000,0.5760,0.3649,TRACKING,L+C+R_fused
1786986262.085,51.2,0.942,0.789,0.921,0.5054,0.0487,-2.31,-1.71661,0.150,0.700,0.000,0.6014,0.3854,TRACKING,L+C+R_fused
1786986262.117,51.2,0.952,0.787,0.925,0.5068,0.0538,-0.25,-1.62313,0.150,0.700,0.000,0.6134,0.3952,TRACKING,L+C+R_fused
1786986262.139,51.2,0.944,0.787,0.930,0.5114,0.0568,1.04,-1.56458,0.150,0.700,0.000,0.6186,0.3995,TRACKING,L+C+R_fused
1786986262.149,51.2,0.948,0.788,0.774,0.5124,0.0608,2.47,-1.49973,0.150,0.700,0.000,0.6328,0.4080,TRACKING,L+C+R_fused
1786986262.165,51.2,0.927,0.791,0.902,0.5009,0.0639,3.32,-1.47482,0.150,0.700,0.000,0.6494,0.4186,TRACKING,L+C+R_fused
1786986262.181,51.2,0.000,0.783,0.900,0.4678,0.0641,3.98,-1.46621,0.150,0.700,0.000,0.6293,0.4085,TRACKING,R+C
1786986262.205,51.2,0.000,0.782,0.907,0.4849,0.0625,5.62,-1.37890,0.150,0.700,0.000,0.5604,0.3677,TRACKING,R+C
1786986262.212,51.2,0.000,0.773,0.898,0.4931,0.0611,7.26,-1.30028,0.150,0.700,0.000,0.4879,0.3204,TRACKING,R+C
1786986262.237,51.2,0.000,0.771,0.916,0.4957,0.0590,8.76,-1.20163,0.150,0.700,0.000,0.4105,0.2695,TRACKING,R+C
1786986262.251,51.2,0.000,0.770,0.912,0.5072,0.0564,9.57,-1.18790,0.150,0.700,0.000,0.3337,0.2182,TRACKING,R+C
1786986262.251,51.2,0.000,0.774,0.915,0.5043,0.0549,11.07,-1.06492,0.150,0.700,0.000,0.2629,0.1707,TRACKING,R+C
1786986262.267,51.2,0.000,0.771,0.906,0.5089,0.0556,12.34,-0.96697,0.150,0.700,0.000,0.2344,0.1477,TRACKING,R+C
1786986262.287,51.2,0.000,0.763,0.907,0.5168,0.0536,9.35,-1.39681,0.150,0.700,0.000,0.2589,0.1566,TRACKING,R+C
1786986262.299,51.2,0.000,0.763,0.891,0.5300,0.0584,11.32,-1.21392,0.150,0.700,0.000,0.2830,0.1721,TRACKING,R+C
1786986262.315,51.2,0.000,0.761,0.904,0.5208,0.0631,11.76,-1.18962,0.150,0.700,0.000,0.3460,0.2100,TRACKING,R+C
1786986262.342,51.2,0.000,0.772,0.905,0.5184,0.0662,12.39,-1.14315,0.150,0.700,0.000,0.3769,0.2330,TRACKING,R+C
1786986262.362,51.2,0.000,0.764,0.897,0.5040,0.0677,11.72,-1.23725,0.150,0.700,0.000,0.4139,0.2571,TRACKING,R+C
1786986262.379,51.2,0.000,0.771,0.901,0.5085,0.0658,11.77,-1.21291,0.150,0.700,0.000,0.3851,0.2445,TRACKING,R+C
1786986262.396,51.2,0.000,0.771,0.901,0.5085,0.0526,9.41,-0.97033,0.150,0.700,0.000,0.3851,0.2426,TRACKING,prediction
1786986262.404,51.2,0.000,0.758,0.905,0.5260,0.0565,13.40,-1.11606,0.150,0.700,0.000,0.1697,0.1202,TRACKING,R+C
1786986262.418,51.2,0.000,0.764,0.889,0.5279,0.0495,14.43,-1.01990,0.150,0.700,0.000,0.0138,0.0143,TRACKING,R+C
1786986262.441,51.2,0.000,0.760,0.891,0.5444,0.0425,15.24,-0.95614,0.150,0.700,0.000,-0.1378,-0.0859,TRACKING,R+C
1786986262.450,51.2,0.000,0.764,0.881,0.5776,0.0349,15.54,-0.95532,0.150,0.700,0.000,-0.2825,-0.1812,TRACKING,R+C
1786986262.465,51.2,0.000,0.764,0.881,0.5776,0.0280,12.43,-0.76426,0.150,0.700,0.000,-0.2825,-0.1952,TRACKING,prediction
1786986262.483,51.2,0.000,0.760,0.857,0.5893,0.0198,16.82,-0.80489,0.150,0.700,0.000,-0.5522,-0.3461,TRACKING,R+C
1786986262.497,51.2,0.000,0.760,0.857,0.5893,0.0158,13.46,-0.64391,0.150,0.700,0.000,-0.5522,-0.3683,TRACKING,prediction
1786986262.513,51.2,0.000,0.760,0.857,0.5893,0.0127,10.77,-0.51513,0.150,0.700,0.000,-0.5522,-0.3716,TRACKING,prediction
1786986262.543,51.2,0.000,0.760,0.857,0.5893,0.0101,8.61,-0.41210,0.150,0.180,0.000,-0.5522,-0.3721,TRACKING,prediction
1786986262.557,51.2,0.000,0.760,0.857,0.5893,0.0081,6.89,-0.32968,0.150,0.700,0.000,-0.5522,-0.5404,TRACKING,prediction
1786986262.574,51.2,0.000,0.760,0.857,0.5893,0.0065,5.51,-0.26375,0.150,0.700,0.000,-0.5522,-0.3963,TRACKING,prediction
1786986262.593,51.2,0.000,0.760,0.857,0.5893,0.0052,4.41,-0.21100,0.150,0.700,0.000,-0.5522,-0.3758,TRACKING,prediction
1786986262.603,51.2,0.000,0.802,0.828,0.6437,-0.0315,17.52,-0.63152,0.150,0.700,0.000,-1.0000,-0.6194,TRACKING,R+C
1786986262.624,51.2,0.000,0.811,0.831,0.6403,-0.0324,16.56,-0.69399,0.150,0.700,0.000,-1.0000,-0.6548,TRACKING,R+C
1786986262.645,51.2,0.000,0.807,0.838,0.6355,-0.0326,16.72,-0.62300,0.150,0.700,0.000,-1.0000,-0.6599,TRACKING,R+C
1786986262.656,51.2,0.000,0.807,0.838,0.6355,-0.0261,13.38,-0.49840,0.150,0.700,0.000,-1.0000,-0.6607,TRACKING,prediction
1786986262.675,51.2,0.000,0.807,0.838,0.6355,-0.0209,10.70,-0.39872,0.150,0.700,0.000,-1.0000,-0.6608,TRACKING,prediction
1786986262.702,51.2,0.000,0.807,0.838,0.6355,-0.0167,8.56,-0.31898,0.150,0.180,0.000,-1.0000,-0.6608,TRACKING,prediction
1786986262.721,51.2,0.000,0.807,0.838,0.6355,-0.0133,6.85,-0.25518,0.150,0.700,0.000,-1.0000,-0.9503,TRACKING,prediction
1786986262.730,51.2,0.000,0.807,0.838,0.6355,-0.0107,5.48,-0.20414,0.150,0.700,0.000,-1.0000,-0.7041,TRACKING,prediction
1786986262.756,51.2,0.000,0.807,0.838,0.6355,-0.0085,4.38,-0.16332,0.150,0.700,0.000,-1.0000,-0.6673,TRACKING,prediction
1786986262.773,51.2,0.000,0.807,0.838,0.6355,-0.0068,3.51,-0.13065,0.150,0.700,0.000,-1.0000,-0.6618,TRACKING,prediction
1786986262.790,51.2,0.000,0.807,0.838,0.6355,-0.0055,2.81,-0.10452,0.150,0.700,0.000,-1.0000,-0.6610,TRACKING,prediction
1786986262.811,51.2,0.000,0.807,0.838,0.6355,-0.0044,2.24,-0.08362,0.150,0.700,0.000,-1.0000,-0.6609,TRACKING,prediction
1786986262.821,51.2,0.000,0.807,0.838,0.6355,-0.0035,1.80,-0.06689,0.150,0.689,0.000,-1.0000,-0.6608,TRACKING,prediction
1786986262.842,51.2,0.000,0.849,0.823,0.6399,-0.0874,13.77,-0.57180,0.150,0.700,0.000,-1.0000,-0.6700,TRACKING,R+C
1786986262.862,51.2,0.000,0.849,0.823,0.6399,-0.0699,11.02,-0.45744,0.150,0.700,0.000,-1.0000,-0.6649,TRACKING,prediction
1786986262.877,51.2,0.000,0.869,0.812,0.6366,-0.0968,14.31,-0.39281,0.161,0.700,0.000,-1.0000,-0.6645,TRACKING,R+C
1786986262.896,51.2,0.000,0.869,0.812,0.6366,-0.0774,11.44,-0.31424,0.161,0.700,0.000,-1.0000,-0.6644,TRACKING,prediction
1786986262.911,51.2,0.000,0.887,0.806,0.6285,-0.1036,13.78,-0.34764,0.165,0.700,0.000,-1.0000,-0.6645,TRACKING,R+C
1786986262.918,51.2,0.000,0.889,0.813,0.6221,-0.1027,13.62,-0.30643,0.169,0.700,0.000,-1.0000,-0.6643,TRACKING,R+C
1786986262.938,51.2,0.000,0.889,0.813,0.6221,-0.0822,10.90,-0.24514,0.169,0.700,0.000,-1.0000,-0.6643,TRACKING,prediction
1786986262.959,51.2,0.000,0.889,0.813,0.6221,-0.0657,8.72,-0.19611,0.169,0.700,0.000,-1.0000,-0.6643,TRACKING,prediction
1786986262.979,51.2,0.000,0.889,0.813,0.6221,-0.0526,6.97,-0.15689,0.169,0.700,0.000,-1.0000,-0.6643,TRACKING,prediction
1786986262.998,51.2,0.000,0.889,0.813,0.6221,-0.0421,5.58,-0.12551,0.169,0.700,0.000,-1.0000,-0.6643,TRACKING,prediction
1786986263.014,51.2,0.000,0.889,0.813,0.6221,-0.0337,4.46,-0.10041,0.169,0.700,0.000,-1.0000,-0.6643,TRACKING,prediction
1786986263.021,51.2,0.000,0.889,0.813,0.6221,-0.0269,3.57,-0.08033,0.169,0.700,0.000,-1.0000,-0.6643,TRACKING,prediction
1786986263.049,58.0,0.000,0.889,0.813,0.6221,-0.0215,2.86,-0.06426,0.169,0.700,0.000,-1.0000,-0.6643,TRACKING,prediction
1786986263.067,58.0,0.000,0.889,0.813,0.6221,-0.0172,2.29,-0.05141,0.169,0.700,0.000,-1.0000,-0.6643,TRACKING,prediction
1786986263.074,58.0,0.000,0.889,0.813,0.6221,-0.0138,1.83,-0.04113,0.169,0.700,0.000,-1.0000,-0.6643,TRACKING,prediction
1786986263.087,58.0,0.000,0.889,0.813,0.6221,-0.0110,1.46,-0.03290,0.169,0.700,0.000,-1.0000,-0.6643,TRACKING,prediction
1786986263.106,58.0,0.000,0.889,0.813,0.6221,-0.0088,1.17,-0.02632,0.169,0.678,0.000,-1.0000,-0.6643,TRACKING,prediction
1786986263.119,58.0,0.000,0.889,0.813,0.6221,-0.0071,0.94,-0.02106,0.169,0.644,0.000,-1.0000,-0.6769,TRACKING,prediction
1786986263.135,58.0,0.000,0.889,0.813,0.6221,-0.0056,0.75,-0.01685,0.169,0.612,0.000,-1.0000,-0.6979,TRACKING,prediction
1786986263.166,58.0,0.000,0.889,0.813,0.6221,-0.0045,0.60,-0.01348,0.169,0.581,0.000,-1.0000,-0.7191,TRACKING,prediction
1786986263.184,58.0,0.000,0.889,0.813,0.6221,-0.0036,0.48,-0.01078,0.169,0.490,0.000,-1.0000,-0.7394,UNCERTAIN,prediction
1786986263.198,58.0,0.000,0.868,0.856,0.5707,-0.0920,7.21,-0.55401,0.150,0.700,0.000,-1.0000,-0.7912,TRACKING,R+C
1786986263.214,58.0,0.000,0.868,0.856,0.5707,-0.0736,5.77,-0.44321,0.150,0.700,0.000,-1.0000,-0.6809,TRACKING,prediction
1786986263.230,58.0,0.000,0.868,0.864,0.5609,-0.0867,6.79,-0.54057,0.150,0.700,0.000,-1.0000,-0.6641,TRACKING,R+C
1786986263.252,58.0,0.000,0.868,0.864,0.5609,-0.0694,5.43,-0.43246,0.150,0.700,0.000,-1.0000,-0.6616,TRACKING,prediction
1786986263.265,58.0,0.000,0.868,0.864,0.5609,-0.0555,4.34,-0.34597,0.150,0.700,0.000,-1.0000,-0.6613,TRACKING,prediction
1786986263.279,58.0,0.000,0.868,0.864,0.5609,-0.0444,3.48,-0.27677,0.150,0.700,0.000,-1.0000,-0.6612,TRACKING,prediction
1786986263.306,58.0,0.000,0.872,0.876,0.5405,-0.0681,5.23,-0.60166,0.150,0.700,0.000,-1.0000,-0.6593,TRACKING,R+C
1786986263.320,58.0,0.000,0.873,0.887,0.5373,-0.0658,4.95,-0.61069,0.150,0.700,0.000,-1.0000,-0.6591,TRACKING,R+C
1786986263.320,58.0,0.000,0.873,0.885,0.5324,-0.0639,4.84,-0.62777,0.150,0.700,0.000,-1.0000,-0.6589,TRACKING,R+C
1786986263.336,58.0,0.000,0.874,0.885,0.5316,-0.0647,4.63,-0.64918,0.150,0.700,0.000,-1.0000,-0.6590,TRACKING,R+C
1786986263.356,58.0,0.000,0.886,0.884,0.5368,-0.0685,4.70,-0.63536,0.150,0.700,0.000,-1.0000,-0.6593,TRACKING,R+C
1786986263.368,58.0,0.000,0.885,0.879,0.5422,-0.0730,4.89,-0.60997,0.150,0.700,0.000,-1.0000,-0.6596,TRACKING,R+C
1786986263.390,58.0,0.000,0.891,0.880,0.5445,-0.0765,4.44,-0.63712,0.150,0.700,0.000,-1.0000,-0.6598,TRACKING,R+C
1786986263.409,58.0,0.000,0.888,0.877,0.5454,-0.0795,3.88,-0.64922,0.150,0.700,0.000,-1.0000,-0.6599,TRACKING,R+C
1786986263.411,58.0,0.000,0.890,0.874,0.5457,-0.0773,5.02,-0.55904,0.150,0.700,0.000,-1.0000,-0.6599,TRACKING,R+C
1786986263.429,58.0,0.000,0.875,0.879,0.5426,-0.0731,4.41,-0.61129,0.150,0.700,0.000,-1.0000,-0.6595,TRACKING,R+C
1786986263.443,58.0,0.000,0.878,0.884,0.5384,-0.0681,4.15,-0.60995,0.150,0.700,0.000,-1.0000,-0.6590,TRACKING,R+C
1786986263.468,58.0,0.000,0.881,0.892,0.5335,-0.0636,3.70,-0.64155,0.150,0.700,0.000,-1.0000,-0.6585,TRACKING,R+C
1786986263.482,58.0,0.000,0.877,0.891,0.5301,-0.0607,3.42,-0.65015,0.150,0.700,0.000,-1.0000,-0.6582,TRACKING,R+C
1786986263.488,58.0,0.000,0.888,0.898,0.5290,-0.0594,4.24,-0.56956,0.150,0.700,0.000,-1.0000,-0.6582,TRACKING,R+C
1786986263.511,58.0,0.000,0.890,0.887,0.5248,-0.0638,2.24,-0.72401,0.150,0.700,0.000,-1.0000,-0.6583,TRACKING,R+C
1786986263.525,58.0,0.000,0.869,0.890,0.5198,-0.0633,2.50,-0.73629,0.150,0.700,0.000,-1.0000,-0.6584,TRACKING,R+C
1786986263.534,58.0,0.000,0.864,0.891,0.5167,-0.0604,3.09,-0.69971,0.150,0.700,0.000,-1.0000,-0.6582,TRACKING,R+C
1786986263.550,58.0,0.000,0.847,0.895,0.5106,-0.0560,2.37,-0.78512,0.150,0.700,0.000,-0.9797,-0.6469,TRACKING,R+C
1786986263.572,58.0,0.000,0.853,0.896,0.5055,-0.0509,3.02,-0.71037,0.150,0.700,0.000,-0.9413,-0.6241,TRACKING,R+C
1786986263.585,58.0,0.000,0.863,0.907,0.5027,-0.0471,3.27,-0.66824,0.150,0.700,0.000,-0.9061,-0.6013,TRACKING,R+C
1786986263.585,58.0,0.000,0.857,0.909,0.5024,-0.0446,3.37,-0.65842,0.150,0.700,0.000,-0.8823,-0.5848,TRACKING,R+C
1786986263.603,58.0,0.000,0.854,0.913,0.5000,-0.0436,3.35,-0.66471,0.150,0.700,0.000,-0.8727,-0.5770,TRACKING,R+C
1786986263.629,58.0,0.000,0.855,0.921,0.5005,-0.0421,2.79,-0.69535,0.150,0.700,0.000,-0.8450,-0.5606,TRACKING,R+C
1786986263.643,58.0,0.000,0.845,0.920,0.5030,-0.0371,2.78,-0.71302,0.150,0.700,0.000,-0.7904,-0.5281,TRACKING,R+C
1786986263.658,58.0,0.000,0.839,0.919,0.5005,-0.0316,2.67,-0.71135,0.150,0.700,0.000,-0.7202,-0.4845,TRACKING,R+C
1786986263.664,58.0,0.000,0.847,0.916,0.5004,-0.0268,3.23,-0.66477,0.150,0.700,0.000,-0.6704,-0.4504,TRACKING,R+C
1786986263.689,58.0,0.000,0.845,0.932,0.5057,-0.0247,3.43,-0.64089,0.150,0.700,0.000,-0.6467,-0.4322,TRACKING,R+C
1786986263.708,58.0,0.000,0.842,0.913,0.5075,-0.0266,2.93,-0.69628,0.150,0.700,0.000,-0.6623,-0.4383,TRACKING,R+C
1786986263.725,58.0,0.000,0.841,0.934,0.5121,-0.0300,3.03,-0.69986,0.150,0.700,0.000,-0.7105,-0.4658,TRACKING,R+C
1786986263.741,58.0,0.000,0.842,0.921,0.5185,-0.0354,3.07,-0.69548,0.150,0.700,0.000,-0.7764,-0.5064,TRACKING,R+C
1786986263.759,58.0,0.000,0.845,0.913,0.5244,-0.0403,3.52,-0.68746,0.150,0.700,0.000,-0.8444,-0.5499,TRACKING,R+C
1786986263.772,58.0,0.000,0.845,0.919,0.5285,-0.0471,3.96,-0.68145,0.150,0.700,0.000,-0.9247,-0.6007,TRACKING,R+C
1786986263.788,58.0,0.000,0.845,0.921,0.5362,-0.0572,4.41,-0.65587,0.150,0.700,0.000,-1.0000,-0.6498,TRACKING,R+C
1786986263.804,58.0,0.000,0.868,0.917,0.5477,-0.0701,4.68,-0.65441,0.150,0.700,0.000,-1.0000,-0.6582,TRACKING,R+C
1786986263.824,58.0,0.000,0.887,0.916,0.5590,-0.0835,5.35,-0.60578,0.150,0.700,0.000,-1.0000,-0.6604,TRACKING,R+C
1786986263.839,58.0,0.000,0.898,0.902,0.5658,-0.0974,6.12,-0.53482,0.150,0.700,0.000,-1.0000,-0.6618,TRACKING,R+C
1786986263.871,58.0,0.000,0.872,0.896,0.5735,-0.1106,5.74,-0.61112,0.150,0.700,0.000,-1.0000,-0.6630,TRACKING,R+C
1786986263.876,58.0,0.000,0.874,0.881,0.5774,-0.1191,5.80,-0.59851,0.150,0.700,0.000,-1.0000,-0.6637,TRACKING,R+C
1786986263.888,58.0,0.000,0.869,0.879,0.5793,-0.1244,6.60,-0.47394,0.153,0.700,0.000,-1.0000,-0.6640,TRACKING,R+C
1786986263.916,58.0,0.000,0.887,0.873,0.5790,-0.1278,6.61,-0.44699,0.155,0.700,0.000,-1.0000,-0.6642,TRACKING,R+C
1786986263.930,58.0,0.000,0.876,0.873,0.5808,-0.1298,6.95,-0.39119,0.161,0.700,0.000,-1.0000,-0.6643,TRACKING,R+C
1786986263.944,58.0,0.000,0.868,0.878,0.5847,-0.1318,6.22,-0.46840,0.153,0.700,0.000,-1.0000,-0.6645,TRACKING,R+C
1786986263.959,58.0,0.000,0.874,0.876,0.5896,-0.1351,6.02,-0.47620,0.152,0.700,0.000,-1.0000,-0.6647,TRACKING,R+C
1786986263.968,58.0,0.000,0.873,0.872,0.5860,-0.1411,5.21,-0.61311,0.150,0.700,0.000,-1.0000,-0.6653,TRACKING,R+C
1786986263.990,58.0,0.000,0.877,0.858,0.5824,-0.1494,4.04,-0.72362,0.150,0.700,0.000,-1.0000,-0.6660,TRACKING,R+C
1786986264.007,58.0,0.000,0.877,0.858,0.5824,-0.1195,3.23,-0.57889,0.150,0.700,0.000,-1.0000,-0.6660,TRACKING,prediction
1786986264.026,58.0,0.000,0.877,0.858,0.5824,-0.0956,2.59,-0.46312,0.150,0.700,0.000,-1.0000,-0.6660,TRACKING,prediction
1786986264.036,58.0,0.000,0.877,0.858,0.5824,-0.0765,2.07,-0.37049,0.150,0.700,0.000,-1.0000,-0.6660,TRACKING,prediction
1786986264.052,62.8,0.000,0.877,0.858,0.5824,-0.0612,1.65,-0.29639,0.150,0.700,0.000,-1.0000,-0.6660,TRACKING,prediction
1786986264.068,62.8,0.000,0.877,0.858,0.5824,-0.0490,1.32,-0.23712,0.150,0.700,0.000,-1.0000,-0.6660,TRACKING,prediction
1786986264.084,62.8,0.000,0.877,0.858,0.5824,-0.0392,1.06,-0.18969,0.150,0.700,0.000,-1.0000,-0.6660,TRACKING,prediction
1786986264.111,62.8,0.000,0.877,0.858,0.5824,-0.0313,0.85,-0.15175,0.150,0.700,0.000,-1.0000,-0.6660,TRACKING,prediction
1786986264.131,62.8,0.000,0.877,0.858,0.5824,-0.0251,0.68,-0.12140,0.150,0.700,0.000,-1.0000,-0.6660,TRACKING,prediction
1786986264.151,62.8,0.000,0.877,0.858,0.5824,-0.0201,0.54,-0.09712,0.150,0.700,0.000,-1.0000,-0.6660,TRACKING,prediction
1786986264.168,62.8,0.000,0.877,0.858,0.5824,-0.0160,0.43,-0.07770,0.150,0.700,0.000,-1.0000,-0.6660,TRACKING,prediction
1786986264.182,62.8,0.000,0.877,0.858,0.5824,-0.0128,0.35,-0.06216,0.150,0.691,0.000,-1.0000,-0.6660,TRACKING,prediction
1786986264.200,62.8,0.000,0.877,0.858,0.5824,-0.0103,0.28,-0.04973,0.150,0.656,0.000,-1.0000,-0.6712,TRACKING,prediction
1786986264.226,62.8,0.000,0.877,0.858,0.5824,-0.0082,0.22,-0.03978,0.150,0.623,0.000,-1.0000,-0.6915,TRACKING,prediction
1786986264.229,62.8,0.000,0.877,0.858,0.5824,-0.0066,0.18,-0.03183,0.150,0.592,0.000,-1.0000,-0.7129,TRACKING,prediction
1786986264.258,62.8,0.000,0.877,0.858,0.5824,-0.0053,0.14,-0.02546,0.150,0.563,0.000,-1.0000,-0.7336,TRACKING,prediction
1786986264.276,62.8,0.000,0.877,0.858,0.5824,-0.0042,0.11,-0.02037,0.150,0.490,0.000,-1.0000,-0.7531,UNCERTAIN,prediction
1786986264.296,62.8,0.000,0.877,0.858,0.5824,-0.0034,0.09,-0.01629,0.150,0.490,0.000,-1.0000,-0.7963,UNCERTAIN,prediction
1786986264.314,62.8,0.000,0.877,0.858,0.5824,-0.0027,0.07,-0.01304,0.150,0.482,0.000,-1.0000,-0.8026,UNCERTAIN,prediction
1786986264.328,62.8,0.000,0.877,0.858,0.5824,-0.0022,0.06,-0.01043,0.150,0.458,0.000,-1.0000,-0.8077,UNCERTAIN,prediction
1786986264.348,62.8,0.000,0.877,0.858,0.5824,-0.0017,0.05,-0.00834,0.150,0.435,0.000,-1.0000,-0.8217,UNCERTAIN,prediction
1786986264.379,62.8,0.000,0.877,0.858,0.5824,-0.0014,0.04,-0.00667,0.150,0.414,0.000,-1.0000,-0.8364,UNCERTAIN,prediction
1786986264.390,62.8,0.000,0.877,0.858,0.5824,-0.0011,0.03,-0.00534,0.150,0.393,0.000,-1.0000,-0.8504,UNCERTAIN,prediction
1786986264.408,62.8,0.000,0.877,0.858,0.5824,-0.0009,0.02,-0.00427,0.150,0.373,0.000,-1.0000,-0.8638,UNCERTAIN,prediction
1786986264.422,62.8,0.000,0.877,0.858,0.5824,-0.0007,0.02,-0.00342,0.150,0.355,0.000,-1.0000,-0.8764,UNCERTAIN,prediction
1786986264.452,62.8,0.000,0.877,0.858,0.5824,-0.0006,0.02,-0.00273,0.150,0.337,0.000,-1.0000,-0.8884,UNCERTAIN,prediction
1786986264.469,62.8,0.000,0.877,0.858,0.5824,-0.0005,0.01,-0.00219,0.150,0.320,0.000,-1.0000,-0.8997,UNCERTAIN,prediction
1786986264.489,62.8,0.000,0.822,0.869,0.5844,-0.1192,-0.63,-1.29285,0.150,0.700,0.000,-1.0000,-0.9095,TRACKING,R+C
1786986264.501,62.8,0.000,0.822,0.869,0.5844,-0.0953,-0.50,-1.03428,0.150,0.700,0.000,-1.0000,-0.7002,TRACKING,prediction
1786986264.516,62.8,0.000,0.822,0.869,0.5844,-0.0763,-0.40,-0.82743,0.150,0.700,0.000,-1.0000,-0.6691,TRACKING,prediction
1786986264.540,62.8,0.000,0.822,0.869,0.5844,-0.0610,-0.32,-0.66194,0.150,0.700,0.000,-1.0000,-0.6645,TRACKING,prediction
1786986264.557,62.8,0.000,0.822,0.869,0.5844,-0.0488,-0.26,-0.52955,0.150,0.700,0.000,-1.0000,-0.6638,TRACKING,prediction
1786986264.575,62.8,0.000,0.822,0.869,0.5844,-0.0390,-0.20,-0.42364,0.150,0.700,0.000,-1.0000,-0.6637,TRACKING,prediction
1786986264.583,62.8,0.000,0.822,0.869,0.5844,-0.0312,-0.16,-0.33891,0.150,0.700,0.000,-1.0000,-0.6636,TRACKING,prediction
1786986264.596,62.8,0.000,0.782,0.874,0.5732,-0.0864,-1.90,-1.69024,0.150,0.700,0.000,-1.0000,-0.6618,TRACKING,R+C
1786986264.627,62.8,0.000,0.782,0.874,0.5732,-0.0692,-1.52,-1.35219,0.150,0.700,0.000,-1.0000,-0.6618,TRACKING,prediction
1786986264.642,62.8,0.000,0.784,0.886,0.5652,-0.0772,-2.75,-1.83346,0.150,0.700,0.000,-1.0000,-0.6612,TRACKING,R+C
1786986264.657,62.8,0.000,0.781,0.893,0.5640,-0.0686,-0.92,-1.73109,0.150,0.700,0.000,-1.0000,-0.6608,TRACKING,R+C
1786986264.667,62.8,0.000,0.785,0.891,0.5660,-0.0629,0.10,-1.67420,0.150,0.700,0.000,-1.0000,-0.6605,TRACKING,R+C
1786986264.683,62.8,0.000,0.789,0.886,0.5677,-0.0588,0.93,-1.62108,0.150,0.700,0.000,-1.0000,-0.6603,TRACKING,R+C
1786986264.702,62.8,0.000,0.790,0.894,0.5739,-0.0570,2.16,-1.53177,0.150,0.700,0.000,-1.0000,-0.6603,TRACKING,R+C
1786986264.715,62.8,0.000,0.791,0.895,0.5818,-0.0593,3.25,-1.46439,0.150,0.700,0.000,-1.0000,-0.6606,TRACKING,R+C
1786986264.731,62.8,0.000,0.786,0.889,0.5902,-0.0640,4.09,-1.41424,0.150,0.700,0.000,-1.0000,-0.6612,TRACKING,R+C
1786986264.750,62.8,0.000,0.786,0.889,0.5902,-0.0512,3.27,-1.13139,0.150,0.700,0.000,-1.0000,-0.6612,TRACKING,prediction
1786986264.751,62.8,0.000,0.780,0.884,0.6124,-0.0755,7.37,-1.18575,0.150,0.700,0.000,-1.0000,-0.6626,TRACKING,R+C
1786986264.769,62.8,0.000,0.779,0.864,0.6210,-0.0834,9.11,-1.02591,0.150,0.700,0.000,-1.0000,-0.6634,TRACKING,R+C
1786986264.799,62.8,0.000,0.779,0.864,0.6210,-0.0667,7.29,-0.82072,0.150,0.700,0.000,-1.0000,-0.6634,TRACKING,prediction
1786986264.818,62.8,0.000,0.779,0.864,0.6210,-0.0533,5.83,-0.65658,0.150,0.700,0.000,-1.0000,-0.6634,TRACKING,prediction
1786986264.836,62.8,0.000,0.779,0.864,0.6210,-0.0427,4.66,-0.52526,0.150,0.700,0.000,-1.0000,-0.6634,TRACKING,prediction
1786986264.853,62.8,0.000,0.779,0.864,0.6210,-0.0341,3.73,-0.42021,0.150,0.700,0.000,-1.0000,-0.6634,TRACKING,prediction
1786986264.873,62.8,0.000,0.779,0.864,0.6210,-0.0273,2.98,-0.33617,0.150,0.700,0.000,-1.0000,-0.6634,TRACKING,prediction
1786986264.889,62.8,0.000,0.779,0.864,0.6210,-0.0219,2.39,-0.26894,0.150,0.700,0.000,-1.0000,-0.6634,TRACKING,prediction
1786986264.907,62.8,0.000,0.779,0.864,0.6210,-0.0175,1.91,-0.21515,0.150,0.700,0.000,-1.0000,-0.6634,TRACKING,prediction
1786986264.921,62.8,0.000,0.779,0.864,0.6210,-0.0140,1.53,-0.17212,0.150,0.700,0.000,-1.0000,-0.6634,TRACKING,prediction
1786986264.943,62.8,0.000,0.779,0.864,0.6210,-0.0112,1.22,-0.13769,0.150,0.700,0.000,-1.0000,-0.6634,TRACKING,prediction
1786986264.955,62.8,0.000,0.779,0.864,0.6210,-0.0089,0.98,-0.11016,0.150,0.688,0.000,-1.0000,-0.6634,TRACKING,prediction
1786986264.980,62.8,0.000,0.779,0.864,0.6210,-0.0072,0.78,-0.08812,0.150,0.654,0.000,-1.0000,-0.6700,TRACKING,prediction
1786986264.997,62.8,0.000,0.779,0.864,0.6210,-0.0057,0.63,-0.07050,0.150,0.621,0.000,-1.0000,-0.6905,TRACKING,prediction
1786986265.001,62.8,0.000,0.779,0.864,0.6210,-0.0046,0.50,-0.05640,0.150,0.590,0.000,-1.0000,-0.7119,TRACKING,prediction
1786986265.032,62.8,0.000,0.779,0.864,0.6210,-0.0037,0.40,-0.04512,0.150,0.561,0.000,-1.0000,-0.7326,TRACKING,prediction
1786986265.050,62.8,0.000,0.779,0.864,0.6210,-0.0029,0.32,-0.03610,0.150,0.490,0.000,-1.0000,-0.7521,UNCERTAIN,prediction
1786986265.065,56.2,0.000,0.779,0.864,0.6210,-0.0023,0.26,-0.02888,0.150,0.490,0.000,-1.0000,-0.7944,UNCERTAIN,prediction
1786986265.084,56.2,0.000,0.810,0.654,0.6460,-0.1017,10.95,0.05886,0.194,0.700,0.000,-1.0000,-0.7995,TRACKING,R+C
1786986265.092,56.2,0.000,0.810,0.654,0.6460,-0.0814,8.76,0.04709,0.194,0.700,0.000,-1.0000,-0.6823,TRACKING,prediction
1786986265.107,56.2,0.000,0.810,0.654,0.6460,-0.0651,7.01,0.03767,0.194,0.700,0.000,-1.0000,-0.6650,TRACKING,prediction
1786986265.141,56.2,0.000,0.810,0.654,0.6460,-0.0521,5.60,0.03014,0.194,0.700,0.000,-1.0000,-0.6624,TRACKING,prediction
1786986265.161,56.2,0.000,0.810,0.654,0.6460,-0.0417,4.48,0.02411,0.194,0.700,0.000,-1.0000,-0.6620,TRACKING,prediction
1786986265.175,56.2,0.000,0.799,0.729,0.5781,-0.0846,7.51,0.06356,0.194,0.700,0.000,-0.9350,-0.6244,TRACKING,R+C
1786986265.196,56.2,0.000,0.802,0.739,0.5697,-0.0795,6.72,0.03168,0.197,0.700,0.000,-0.8722,-0.5846,TRACKING,R+C
1786986265.210,56.2,0.000,0.797,0.665,0.5703,-0.0736,6.05,0.01829,0.198,0.180,0.000,-0.8147,-0.5469,TRACKING,R+C
1786986265.231,56.2,0.942,0.796,0.751,0.5691,-0.0679,5.44,0.01109,0.199,0.180,0.000,-0.7596,-0.7362,TRACKING,L+C+R_fused
1786986265.252,56.2,0.944,0.800,0.760,0.5458,-0.0635,5.12,0.02017,0.198,0.180,0.000,-0.7255,-0.7350,TRACKING,L+C+R_fused
1786986265.265,56.2,0.944,0.800,0.760,0.5458,-0.0508,4.10,0.01614,0.198,0.180,0.000,-0.7255,-0.7349,TRACKING,prediction
1786986265.286,56.2,0.944,0.800,0.760,0.5458,-0.0406,3.28,0.01291,0.198,0.180,0.000,-0.7255,-0.7349,TRACKING,prediction
1786986265.310,56.2,0.944,0.800,0.760,0.5458,-0.0325,2.62,0.01033,0.198,0.180,0.000,-0.7255,-0.7349,TRACKING,prediction
1786986265.332,56.2,0.944,0.800,0.760,0.5458,-0.0260,2.10,0.00826,0.198,0.180,0.000,-0.7255,-0.7349,TRACKING,prediction
1786986265.349,56.2,0.934,0.734,0.738,0.5334,-0.0775,-2.47,-0.58992,0.150,0.180,0.000,-1.0000,-0.9603,TRACKING,L+C+R_fused
1786986265.370,56.2,0.935,0.750,0.711,0.5227,-0.0812,-2.45,-0.56711,0.150,0.700,0.000,-1.0000,-0.9941,TRACKING,L+C+R_fused
1786986265.390,56.2,0.943,0.752,0.694,0.4748,-0.0826,-1.74,-0.51338,0.150,0.700,0.000,-1.0000,-0.7082,TRACKING,L+C+R_fused
1786986265.412,56.2,0.749,0.749,0.650,0.4494,-0.0858,-2.37,-0.56123,0.150,0.700,0.000,-1.0000,-0.6656,TRACKING,L+C+R_fused
1786986265.425,56.2,0.000,0.751,0.649,0.5476,-0.0870,-2.52,-0.55775,0.150,0.700,0.000,-1.0000,-0.6592,TRACKING,R+C
1786986265.446,56.2,0.000,0.727,0.628,0.5524,-0.0892,-5.15,-0.78841,0.150,0.700,0.000,-1.0000,-0.6582,TRACKING,R+C
1786986265.460,56.2,0.000,0.725,0.660,0.5407,-0.0862,-5.90,-0.83596,0.150,0.700,0.000,-1.0000,-0.6577,TRACKING,R+C
1786986265.480,56.2,0.640,0.711,0.719,0.4579,-0.0798,-7.20,-0.94406,0.150,0.700,0.000,-0.9937,-0.6537,TRACKING,L+C+R_fused
1786986265.500,56.2,0.938,0.712,0.694,0.4526,-0.0704,-6.92,-0.92723,0.150,0.700,0.000,-0.9109,-0.6075,TRACKING,L+C+R_fused
1786986265.517,56.2,0.919,0.711,0.750,0.4959,-0.0609,-7.31,-0.96538,0.150,0.700,0.000,-0.8040,-0.5417,TRACKING,L+C+R_fused
1786986265.533,56.2,0.919,0.711,0.732,0.4983,-0.0529,-8.53,-1.07281,0.150,0.700,0.000,-0.6832,-0.4652,TRACKING,L+C+R_fused
1786986265.549,56.2,0.925,0.713,0.808,0.4971,-0.0437,-9.66,-1.18534,0.150,0.700,0.000,-0.5345,-0.3715,TRACKING,L+C+R_fused
1786986265.565,56.2,0.917,0.723,0.828,0.4959,-0.0354,-10.62,-1.26248,0.150,0.700,0.000,-0.3811,-0.2723,TRACKING,L+C+R_fused
1786986265.589,56.2,0.913,0.731,0.710,0.4956,-0.0228,-9.65,-1.24210,0.150,0.700,0.000,-0.2075,-0.1607,TRACKING,L+C+R_fused
1786986265.606,56.2,0.912,0.733,0.695,0.4916,-0.0125,-10.33,-1.33828,0.150,0.700,0.000,-0.0139,-0.0360,TRACKING,L+C+R_fused
1786986265.613,56.2,0.911,0.739,0.754,0.4903,-0.0036,-10.53,-1.39923,0.150,0.700,0.000,0.1405,0.0693,TRACKING,L+C+R_fused
1786986265.641,56.2,0.914,0.739,0.758,0.4906,0.0032,-11.84,-1.57441,0.150,0.700,0.000,0.2799,0.1630,TRACKING,L+C+R_fused
1786986265.673,56.2,0.900,0.751,0.714,0.4883,0.0084,-11.85,-1.62677,0.150,0.180,0.000,0.3576,0.2206,TRACKING,L+C+R_fused
1786986265.689,56.2,0.905,0.761,0.775,0.4925,0.0109,-11.30,-1.64032,0.150,0.700,0.000,0.3735,0.3476,TRACKING,L+C+R_fused
1786986265.705,56.2,0.906,0.767,0.730,0.4932,0.0148,-9.33,-1.61167,0.150,0.700,0.000,0.3643,0.2515,TRACKING,L+C+R_fused
1786986265.723,56.2,0.911,0.758,0.671,0.5497,0.0159,-8.69,-1.64233,0.150,0.700,0.000,0.3517,0.2294,TRACKING,L+C+R_fused
1786986265.737,56.2,0.922,0.764,0.582,0.5580,0.0179,-8.20,-1.74312,0.150,0.700,0.000,0.3463,0.2223,TRACKING,L+C+R_fused
1786986265.752,56.2,0.925,0.760,0.650,0.5674,0.0193,-6.68,-1.70085,0.150,0.700,0.000,0.3159,0.2039,TRACKING,L+C+R_fused
1786986265.768,56.2,0.920,0.755,0.912,0.4986,0.0208,-5.28,-1.69334,0.150,0.700,0.000,0.2846,0.1831,TRACKING,L+C+R_fused
1786986265.784,56.2,0.370,0.759,0.915,0.5009,0.0207,-4.29,-1.69019,0.150,0.700,0.000,0.2432,0.1564,TRACKING,L+C+R_fused
1786986265.807,56.2,0.000,0.754,0.668,0.6343,0.0216,-1.96,-1.60371,0.150,0.700,0.000,0.1746,0.1134,TRACKING,R+C
1786986265.826,56.2,0.000,0.753,0.918,0.5154,0.0202,-0.51,-1.56506,0.150,0.700,0.000,0.0934,0.0608,TRACKING,R+C
1786986265.828,56.2,0.000,0.750,0.905,0.4936,0.0180,0.32,-1.57943,0.150,0.700,0.000,0.0150,0.0084,TRACKING,R+C
1786986265.860,56.2,0.000,0.748,0.865,0.5945,0.0157,1.31,-1.58916,0.150,0.700,0.000,-0.0716,-0.0483,TRACKING,R+C
1786986265.875,56.2,0.000,0.743,0.722,0.5387,0.0117,1.01,-1.69516,0.150,0.700,0.000,-0.1495,-0.1005,TRACKING,R+C
1786986265.892,56.2,0.000,0.747,0.900,0.5225,0.0090,2.21,-1.62956,0.150,0.700,0.000,-0.2379,-0.1573,TRACKING,R+C
1786986265.904,56.2,0.000,0.750,0.896,0.5241,0.0084,5.12,-1.40674,0.150,0.700,0.000,-0.3348,-0.2193,TRACKING,R+C
1786986265.919,56.2,0.000,0.740,0.647,0.6351,0.0045,5.50,-1.44845,0.150,0.700,0.000,-0.4201,-0.2761,TRACKING,R+C
1786986265.937,56.2,0.000,0.741,0.899,0.5439,-0.0006,5.67,-1.51617,0.150,0.700,0.000,-0.5166,-0.3381,TRACKING,R+C
1786986265.951,56.2,0.000,0.743,0.897,0.5572,-0.0054,6.87,-1.43052,0.150,0.700,0.000,-0.6174,-0.4028,TRACKING,R+C
1786986265.967,56.2,0.000,0.743,0.882,0.5724,-0.0119,6.91,-1.49709,0.150,0.700,0.000,-0.7142,-0.4659,TRACKING,R+C
1786986265.967,56.2,0.000,0.745,0.873,0.5832,-0.0177,8.08,-1.41115,0.150,0.700,0.000,-0.8103,-0.5279,TRACKING,R+C
1786986265.998,56.2,0.000,0.744,0.869,0.5944,-0.0235,9.23,-1.33136,0.150,0.700,0.000,-0.8958,-0.5839,TRACKING,R+C
1786986266.014,56.2,0.000,0.744,0.869,0.5944,-0.0188,7.38,-1.06509,0.150,0.700,0.000,-0.8958,-0.5921,TRACKING,prediction
1786986266.030,56.2,0.000,0.748,0.848,0.6145,-0.0401,9.77,-1.39625,0.150,0.700,0.000,-1.0000,-0.6512,TRACKING,R+C
1786986266.030,56.2,0.000,0.747,0.845,0.6252,-0.0493,10.91,-1.29522,0.150,0.700,0.000,-1.0000,-0.6607,TRACKING,R+C
1786986266.062,56.2,0.000,0.747,0.845,0.6252,-0.0394,8.72,-1.03617,0.150,0.700,0.000,-1.0000,-0.6619,TRACKING,prediction
1786986266.085,55.9,0.000,0.747,0.845,0.6252,-0.0316,6.98,-0.82894,0.150,0.700,0.000,-1.0000,-0.6621,TRACKING,prediction
1786986266.104,55.9,0.000,0.747,0.845,0.6252,-0.0252,5.58,-0.66315,0.150,0.700,0.000,-1.0000,-0.6622,TRACKING,prediction
1786986266.105,55.9,0.000,0.769,0.809,0.6585,-0.0824,11.46,-1.23322,0.150,0.700,0.000,-1.0000,-0.6649,TRACKING,R+C
1786986266.134,55.9,0.000,0.777,0.806,0.6630,-0.0853,12.12,-1.13201,0.150,0.700,0.000,-1.0000,-0.6651,TRACKING,R+C
1786986266.151,55.9,0.000,0.780,0.808,0.6645,-0.0859,12.21,-1.08497,0.150,0.700,0.000,-1.0000,-0.6650,TRACKING,R+C
1786986266.161,55.9,0.000,0.781,0.808,0.6640,-0.0880,10.66,-1.21614,0.150,0.700,0.000,-1.0000,-0.6650,TRACKING,R+C
1786986266.182,55.9,0.000,0.781,0.808,0.6640,-0.0704,8.53,-0.97291,0.150,0.700,0.000,-1.0000,-0.6650,TRACKING,prediction
1786986266.194,55.9,0.000,0.781,0.808,0.6640,-0.0563,6.82,-0.77833,0.150,0.700,0.000,-1.0000,-0.6650,TRACKING,prediction
1786986266.212,55.9,0.000,0.781,0.808,0.6640,-0.0451,5.46,-0.62266,0.150,0.700,0.000,-1.0000,-0.6650,TRACKING,prediction
1786986266.233,55.9,0.000,0.781,0.808,0.6640,-0.0360,4.37,-0.49813,0.150,0.700,0.000,-1.0000,-0.6650,TRACKING,prediction
1786986266.254,55.9,0.000,0.781,0.808,0.6640,-0.0288,3.49,-0.39851,0.150,0.700,0.000,-1.0000,-0.6650,TRACKING,prediction
1786986266.264,55.9,0.000,0.781,0.808,0.6640,-0.0231,2.79,-0.31880,0.150,0.700,0.000,-1.0000,-0.6650,TRACKING,prediction
1786986266.300,55.9,0.000,0.781,0.808,0.6640,-0.0185,2.24,-0.25504,0.150,0.700,0.000,-1.0000,-0.6650,TRACKING,prediction
1786986266.310,55.9,0.000,0.781,0.808,0.6640,-0.0148,1.79,-0.20403,0.150,0.180,0.000,-1.0000,-0.6650,TRACKING,prediction
1786986266.334,55.9,0.000,0.781,0.808,0.6640,-0.0118,1.43,-0.16323,0.150,0.700,0.000,-1.0000,-0.9514,TRACKING,prediction
1786986266.342,55.9,0.000,0.781,0.808,0.6640,-0.0095,1.14,-0.13058,0.150,0.180,0.000,-1.0000,-0.7077,TRACKING,prediction
1786986266.362,55.9,0.000,0.781,0.808,0.6640,-0.0076,0.92,-0.10447,0.150,0.633,0.000,-1.0000,-0.9576,TRACKING,prediction
1786986266.393,55.9,0.000,0.787,0.842,0.6135,-0.0669,9.45,-0.97966,0.150,0.700,0.000,-1.0000,-0.7440,TRACKING,R+C
1786986266.415,55.9,0.000,0.787,0.842,0.6135,-0.0535,7.56,-0.78373,0.150,0.700,0.000,-1.0000,-0.6742,TRACKING,prediction
1786986266.441,55.9,0.000,0.787,0.842,0.6135,-0.0428,6.05,-0.62698,0.150,0.700,0.000,-1.0000,-0.6638,TRACKING,prediction
1786986266.453,55.9,0.000,0.787,0.842,0.6135,-0.0342,4.84,-0.50159,0.150,0.700,0.000,-1.0000,-0.6623,TRACKING,prediction
1786986266.463,55.9,0.000,0.789,0.864,0.5926,-0.0580,9.21,-0.91054,0.150,0.700,0.000,-1.0000,-0.6610,TRACKING,R+C
1786986266.486,55.9,0.000,0.762,0.873,0.5897,-0.0551,9.32,-0.86742,0.150,0.700,0.000,-1.0000,-0.6606,TRACKING,R+C
1786986266.506,55.9,0.000,0.737,0.858,0.5856,-0.0556,8.33,-0.92680,0.150,0.700,0.000,-1.0000,-0.6605,TRACKING,R+C
1786986266.521,55.9,0.000,0.793,0.856,0.5832,-0.0551,8.20,-0.91778,0.150,0.700,0.000,-1.0000,-0.6604,TRACKING,R+C
1786986266.530,55.9,0.000,0.793,0.856,0.5832,-0.0441,6.56,-0.73422,0.150,0.700,0.000,-1.0000,-0.6604,TRACKING,prediction
1786986266.560,55.9,0.000,0.720,0.872,0.5887,-0.0643,7.26,-0.94197,0.150,0.700,0.000,-1.0000,-0.6608,TRACKING,R+C
1786986266.570,55.9,0.000,0.719,0.874,0.5872,-0.0705,5.73,-1.06445,0.150,0.700,0.000,-1.0000,-0.6612,TRACKING,R+C
1786986266.592,55.9,0.000,0.806,0.871,0.5901,-0.0650,9.64,-0.73374,0.150,0.700,0.000,-1.0000,-0.6611,TRACKING,R+C
1786986266.610,55.9,0.000,0.806,0.871,0.5901,-0.0520,7.71,-0.58700,0.150,0.700,0.000,-1.0000,-0.6611,TRACKING,prediction
1786986266.625,55.9,0.000,0.801,0.870,0.5827,-0.0630,8.39,-0.81510,0.150,0.700,0.000,-1.0000,-0.6607,TRACKING,R+C
1786986266.642,55.9,0.000,0.808,0.876,0.5771,-0.0615,7.46,-0.85937,0.150,0.700,0.000,-1.0000,-0.6604,TRACKING,R+C
1786986266.655,55.9,0.000,0.808,0.876,0.5771,-0.0492,5.97,-0.68750,0.150,0.700,0.000,-1.0000,-0.6604,TRACKING,prediction
1786986266.671,55.9,0.000,0.808,0.879,0.5661,-0.0528,8.05,-0.76995,0.150,0.700,0.000,-1.0000,-0.6596,TRACKING,R+C
1786986266.687,55.9,0.000,0.808,0.879,0.5661,-0.0423,6.44,-0.61596,0.150,0.700,0.000,-1.0000,-0.6596,TRACKING,prediction
1786986266.702,55.9,0.000,0.812,0.877,0.5546,-0.0434,7.55,-0.76822,0.150,0.700,0.000,-0.9853,-0.6507,TRACKING,R+C
1786986266.718,55.9,0.000,0.810,0.884,0.5496,-0.0378,7.57,-0.73592,0.150,0.700,0.000,-0.9303,-0.6193,TRACKING,R+C
1786986266.734,55.9,0.000,0.824,0.886,0.5434,-0.0325,7.38,-0.72740,0.150,0.700,0.000,-0.8719,-0.5825,TRACKING,R+C
1786986266.750,55.9,0.000,0.822,0.893,0.5367,-0.0270,7.06,-0.74203,0.150,0.700,0.000,-0.8043,-0.5398,TRACKING,R+C
1786986266.768,55.9,0.000,0.810,0.901,0.5272,-0.0199,7.15,-0.72437,0.150,0.700,0.000,-0.7191,-0.4865,TRACKING,R+C
1786986266.792,55.9,0.000,0.810,0.901,0.5231,-0.0131,7.53,-0.67073,0.150,0.700,0.000,-0.6372,-0.4332,TRACKING,R+C
1786986266.810,55.9,0.592,0.810,0.906,0.5198,-0.0071,7.29,-0.67236,0.150,0.700,0.000,-0.5430,-0.3731,TRACKING,L+C+R_fused
1786986266.827,55.9,0.620,0.811,0.903,0.4764,-0.0007,7.18,-0.66659,0.150,0.700,0.000,-0.4421,-0.3082,TRACKING,L+C+R_fused
1786986266.835,55.9,0.676,0.819,0.910,0.4950,0.0049,7.08,-0.67366,0.150,0.700,0.000,-0.3489,-0.2468,TRACKING,L+C+R_fused
1786986266.862,55.9,0.794,0.817,0.910,0.4770,0.0119,7.26,-0.65557,0.150,0.700,0.000,-0.2346,-0.1740,TRACKING,L+C+R_fused
1786986266.877,55.9,0.922,0.820,0.849,0.4846,0.0183,6.90,-0.66797,0.150,0.700,0.000,-0.1105,-0.0938,TRACKING,L+C+R_fused
1786986266.893,55.9,0.959,0.812,0.922,0.4837,0.0255,6.93,-0.65572,0.150,0.700,0.000,0.0192,-0.0092,TRACKING,L+C+R_fused
1786986266.908,55.9,0.953,0.815,0.915,0.4833,0.0333,7.16,-0.63386,0.150,0.700,0.000,0.1506,0.0777,TRACKING,L+C+R_fused
1786986266.936,55.9,0.952,0.815,0.604,0.4842,0.0390,7.33,-0.61408,0.150,0.700,0.000,0.2454,0.1442,TRACKING,L+C+R_fused
1786986266.954,55.9,0.951,0.818,0.373,0.4501,0.0434,7.22,-0.61832,0.150,0.700,0.000,0.3230,0.1979,TRACKING,L+C+R_fused
1786986266.960,55.9,0.949,0.825,0.361,0.4085,0.0449,7.23,-0.61723,0.150,0.700,0.000,0.3473,0.2196,TRACKING,L+C+R_fused
1786986266.975,55.9,0.944,0.816,0.000,0.5126,0.0427,6.67,-0.67116,0.150,0.180,0.000,0.3252,0.2102,TRACKING,L+C
1786986266.996,55.9,0.956,0.818,0.353,0.4894,0.0391,5.94,-0.74251,0.150,0.180,0.000,0.2848,0.2679,TRACKING,L+C+R_fused
1786986267.020,55.9,0.955,0.817,0.384,0.5367,0.0360,5.85,-0.75660,0.150,0.700,0.000,0.2338,0.2324,TRACKING,L+C+R_fused
1786986267.037,55.9,0.957,0.811,0.342,0.4685,0.0350,6.88,-0.69324,0.150,0.700,0.000,0.1810,0.1309,TRACKING,L+C+R_fused
1786986267.043,55.9,0.959,0.805,0.346,0.4489,0.0313,6.99,-0.68818,0.150,0.700,0.000,0.1124,0.0766,TRACKING,L+C+R_fused
1786986267.058,55.9,0.958,0.806,0.359,0.4420,0.0274,7.32,-0.67857,0.150,0.700,0.000,0.0301,0.0219,TRACKING,L+C+R_fused
1786986267.076,55.9,0.959,0.808,0.716,0.4975,0.0220,7.05,-0.72149,0.150,0.180,0.000,-0.0621,-0.0382,TRACKING,L+C+R_fused
1786986267.089,57.7,0.958,0.807,0.914,0.5057,0.0168,7.19,-0.71307,0.150,0.700,0.000,-0.1574,-0.1530,TRACKING,L+C+R_fused
1786986267.139,57.7,0.957,0.802,0.901,0.5135,0.0114,6.93,-0.74950,0.150,0.700,0.000,-0.2468,-0.1665,TRACKING,L+C+R_fused
1786986267.158,57.7,0.867,0.809,0.920,0.5085,0.0045,6.45,-0.78129,0.150,0.700,0.000,-0.3464,-0.2248,TRACKING,L+C+R_fused
1786986267.175,57.7,0.956,0.804,0.927,0.4960,0.0018,7.36,-0.71638,0.150,0.700,0.000,-0.4173,-0.2727,TRACKING,L+C+R_fused
1786986267.190,57.7,0.956,0.804,0.927,0.4960,0.0015,5.89,-0.57310,0.150,0.700,0.000,-0.4173,-0.2798,TRACKING,prediction
1786986267.218,57.7,0.000,0.809,0.910,0.5201,-0.0028,7.93,-0.66579,0.150,0.700,0.000,-0.5029,-0.3284,TRACKING,R+C
1786986267.231,57.7,0.000,0.809,0.917,0.5224,-0.0012,7.97,-0.65474,0.150,0.700,0.000,-0.4784,-0.3219,TRACKING,R+C
1786986267.247,57.7,0.000,0.809,0.917,0.5224,-0.0009,6.38,-0.52379,0.150,0.700,0.000,-0.4784,-0.3210,TRACKING,prediction
1786986267.267,57.7,0.958,0.797,0.913,0.5363,0.0095,7.40,-0.70118,0.150,0.700,0.000,-0.2902,-0.2162,TRACKING,L+C+R_fused
1786986267.283,57.7,0.952,0.796,0.809,0.5201,0.0168,7.08,-0.71600,0.150,0.700,0.000,-0.1543,-0.1249,TRACKING,L+C+R_fused
1786986267.286,57.7,0.956,0.799,0.864,0.5077,0.0238,7.24,-0.69616,0.150,0.700,0.000,-0.0332,-0.0435,TRACKING,L+C+R_fused
1786986267.301,57.7,0.951,0.798,0.923,0.5028,0.0296,6.35,-0.74812,0.150,0.700,0.000,0.1017,0.0446,TRACKING,L+C+R_fused
1786986267.333,57.7,0.943,0.803,0.343,0.5386,0.0366,6.69,-0.70626,0.150,0.700,0.000,0.2158,0.1223,TRACKING,L+C+R_fused
1786986267.349,57.7,0.934,0.806,0.919,0.5060,0.0402,6.66,-0.73238,0.150,0.180,0.000,0.2744,0.1668,TRACKING,L+C+R_fused
1786986267.365,57.7,0.939,0.814,0.791,0.4982,0.0411,7.15,-0.70898,0.150,0.700,0.000,0.2720,0.2498,TRACKING,L+C+R_fused
1786986267.381,57.7,0.948,0.809,0.777,0.4992,0.0393,6.81,-0.77041,0.150,0.700,0.000,0.2447,0.1691,TRACKING,L+C+R_fused
1786986267.411,57.7,0.951,0.804,0.700,0.4998,0.0388,7.13,-0.75767,0.150,0.700,0.000,0.2246,0.1452,TRACKING,L+C+R_fused
1786986267.419,57.7,0.947,0.809,0.734,0.4967,0.0384,7.17,-0.77249,0.150,0.700,0.000,0.2126,0.1347,TRACKING,L+C+R_fused
1786986267.441,57.7,0.949,0.809,0.791,0.4926,0.0402,7.07,-0.79092,0.150,0.700,0.000,0.2449,0.1514,TRACKING,L+C+R_fused
1786986267.452,57.7,0.944,0.802,0.318,0.4868,0.0454,6.81,-0.84081,0.150,0.700,0.000,0.3344,0.2044,TRACKING,L+C+R_fused
1786986267.465,57.7,0.931,0.799,0.358,0.5255,0.0513,6.81,-0.86090,0.150,0.700,0.000,0.4266,0.2643,TRACKING,L+C+R_fused
1786986267.497,57.7,0.936,0.795,0.351,0.5819,0.0558,6.48,-0.90099,0.150,0.700,0.000,0.5024,0.3160,TRACKING,L+C+R_fused
1786986267.513,57.7,0.938,0.807,0.632,0.4784,0.0580,6.83,-0.87970,0.150,0.700,0.000,0.5260,0.3370,TRACKING,L+C+R_fused
1786986267.529,57.7,0.940,0.804,0.682,0.4695,0.0559,6.38,-0.96913,0.150,0.700,0.000,0.4971,0.3233,TRACKING,L+C+R_fused
1786986267.549,57.7,0.939,0.803,0.677,0.4751,0.0553,6.55,-0.96157,0.150,0.700,0.000,0.4837,0.3137,TRACKING,L+C+R_fused
1786986267.567,57.7,0.932,0.801,0.913,0.4732,0.0546,5.71,-1.03940,0.150,0.700,0.000,0.4931,0.3175,TRACKING,L+C+R_fused
1786986267.584,57.7,0.932,0.802,0.609,0.4056,0.0591,6.47,-0.97600,0.150,0.700,0.000,0.5411,0.3454,TRACKING,L+C+R_fused
1786986267.599,57.7,0.932,0.789,0.627,0.4798,0.0648,5.99,-1.03693,0.150,0.700,0.000,0.6294,0.3996,TRACKING,L+C+R_fused
1786986267.615,57.7,0.926,0.794,0.585,0.4824,0.0718,6.39,-1.00818,0.150,0.700,0.000,0.7112,0.4536,TRACKING,L+C+R_fused
1786986267.633,57.7,0.923,0.795,0.373,0.4400,0.0790,6.72,-0.97930,0.150,0.700,0.000,0.7921,0.5070,TRACKING,L+C+R_fused
1786986267.648,57.7,0.916,0.794,0.373,0.4419,0.0857,6.63,-0.99209,0.150,0.700,0.000,0.8668,0.5567,TRACKING,L+C+R_fused
1786986267.663,57.7,0.901,0.798,0.000,0.5302,0.0916,6.72,-0.98648,0.150,0.700,0.000,0.9254,0.5968,TRACKING,L+C
1786986267.679,57.7,0.895,0.797,0.000,0.5350,0.0942,5.84,-1.07550,0.150,0.700,0.000,0.9622,0.6232,TRACKING,L+C
1786986267.711,57.7,0.894,0.795,0.000,0.5408,0.0964,5.40,-1.12958,0.150,0.700,0.000,0.9868,0.6409,TRACKING,L+C
1786986267.727,57.7,0.894,0.795,0.000,0.5408,0.0771,4.32,-0.90366,0.150,0.700,0.000,0.9868,0.6435,TRACKING,prediction
1786986267.746,57.7,0.894,0.795,0.000,0.5408,0.0617,3.45,-0.72293,0.150,0.700,0.000,0.9868,0.6439,TRACKING,prediction
1786986267.758,57.7,0.895,0.775,0.379,0.5306,0.0934,6.96,-1.07966,0.150,0.700,0.000,0.9272,0.6105,TRACKING,L+C+R_fused
1786986267.774,57.7,0.901,0.775,0.907,0.4879,0.0914,7.65,-1.04680,0.150,0.700,0.000,0.8921,0.5859,TRACKING,L+C+R_fused
1786986267.793,57.7,0.922,0.773,0.906,0.4932,0.0894,8.21,-1.01623,0.150,0.700,0.000,0.8592,0.5638,TRACKING,L+C+R_fused
1786986267.818,57.7,0.922,0.774,0.734,0.4952,0.0859,8.40,-1.01767,0.150,0.700,0.000,0.8161,0.5363,TRACKING,L+C+R_fused
1786986267.843,57.7,0.938,0.770,0.655,0.5005,0.0799,6.64,-1.18829,0.150,0.700,0.000,0.7794,0.5115,TRACKING,L+C+R_fused
1786986267.877,57.7,0.927,0.761,0.807,0.5056,0.0785,8.15,-1.09924,0.150,0.700,0.000,0.7258,0.4777,TRACKING,L+C+R_fused
1786986267.890,57.7,0.937,0.755,0.701,0.5006,0.0737,8.05,-1.17064,0.150,0.700,0.000,0.6573,0.4332,TRACKING,L+C+R_fused
1786986267.906,57.7,0.937,0.755,0.701,0.5006,0.0589,6.44,-0.93651,0.150,0.700,0.000,0.6573,0.4268,TRACKING,prediction
1786986267.922,57.7,0.937,0.755,0.701,0.5006,0.0471,5.15,-0.74921,0.150,0.700,0.000,0.6573,0.4258,TRACKING,prediction
1786986267.940,57.7,0.000,0.746,0.899,0.4948,0.0598,9.07,-1.17579,0.150,0.700,0.000,0.4143,0.2870,TRACKING,R+C
1786986267.960,57.7,0.000,0.740,0.895,0.4942,0.0529,7.79,-1.32976,0.150,0.180,0.000,0.3303,0.2188,TRACKING,R+C
1786986267.973,57.7,0.000,0.758,0.876,0.4932,0.0499,9.04,-1.21461,0.150,0.180,0.000,0.2444,0.2266,TRACKING,R+C
1786986267.989,57.7,0.000,0.748,0.872,0.5014,0.0461,10.07,-1.17189,0.150,0.180,0.000,0.1383,0.1359,TRACKING,R+C
1786986268.007,57.7,0.000,0.748,0.872,0.5014,0.0369,8.06,-0.93751,0.150,0.700,0.000,0.1383,0.1227,TRACKING,prediction
1786986268.020,57.7,0.000,0.748,0.872,0.5014,0.0295,6.45,-0.75001,0.150,0.700,0.000,0.1383,0.0872,TRACKING,prediction
1786986268.036,57.7,0.000,0.744,0.866,0.5270,0.0268,9.92,-1.29498,0.150,0.700,0.000,-0.2191,-0.1205,TRACKING,R+C
1786986268.052,57.7,0.000,0.740,0.857,0.5381,0.0195,9.33,-1.38796,0.150,0.700,0.000,-0.3326,-0.2139,TRACKING,R+C
1786986268.068,57.7,0.000,0.750,0.849,0.5492,0.0115,8.48,-1.47884,0.150,0.700,0.000,-0.4408,-0.2877,TRACKING,R+C
1786986268.084,57.7,0.000,0.740,0.838,0.5581,0.0077,10.44,-1.32099,0.150,0.700,0.000,-0.5525,-0.3601,TRACKING,R+C
1786986268.110,53.9,0.000,0.731,0.832,0.5726,-0.0007,9.65,-1.46280,0.150,0.700,0.000,-0.6601,-0.4304,TRACKING,R+C
1786986268.125,53.9,0.000,0.739,0.832,0.5860,-0.0079,10.05,-1.44923,0.150,0.700,0.000,-0.7626,-0.4970,TRACKING,R+C
1786986268.133,53.9,0.000,0.748,0.826,0.5951,-0.0131,10.86,-1.38288,0.150,0.700,0.000,-0.8388,-0.5486,TRACKING,R+C
1786986268.163,53.9,0.000,0.748,0.826,0.5951,-0.0105,8.69,-1.10630,0.150,0.700,0.000,-0.8388,-0.5562,TRACKING,prediction
1786986268.180,53.9,0.000,0.748,0.826,0.5951,-0.0084,6.95,-0.88504,0.150,0.700,0.000,-0.8388,-0.5573,TRACKING,prediction
1786986268.196,53.9,0.000,0.748,0.811,0.5973,-0.0142,11.52,-1.29854,0.150,0.180,0.000,-0.8603,-0.5692,TRACKING,R+C
1786986268.216,53.9,0.000,0.748,0.811,0.5973,-0.0113,9.22,-1.03883,0.150,0.700,0.000,-0.8603,-0.8236,TRACKING,prediction
1786986268.235,53.9,0.000,0.748,0.811,0.5973,-0.0091,7.37,-0.83106,0.150,0.700,0.000,-0.8603,-0.6085,TRACKING,prediction
1786986268.237,53.9,0.000,0.740,0.812,0.6015,-0.0108,9.99,-1.53591,0.150,0.700,0.000,-0.8049,-0.5469,TRACKING,R+C
1786986268.264,53.9,0.000,0.749,0.810,0.6025,-0.0118,10.89,-1.44838,0.150,0.700,0.000,-0.8338,-0.5534,TRACKING,R+C
1786986268.271,53.9,0.000,0.744,0.811,0.6099,-0.0177,9.91,-1.55020,0.150,0.700,0.000,-0.8799,-0.5797,TRACKING,R+C
1786986268.294,53.9,0.000,0.731,0.810,0.6168,-0.0225,10.63,-1.54561,0.150,0.180,0.000,-0.9462,-0.6198,TRACKING,R+C
1786986268.315,53.9,0.000,0.731,0.810,0.6168,-0.0180,8.50,-1.23649,0.150,0.180,0.000,-0.9462,-0.9010,TRACKING,prediction
1786986268.321,53.9,0.000,0.731,0.810,0.6168,-0.0144,6.80,-0.98919,0.150,0.700,0.000,-0.9462,-0.9418,TRACKING,prediction
1786986268.340,53.9,0.000,0.736,0.798,0.6363,-0.0348,10.90,-1.66691,0.150,0.700,0.000,-1.0000,-0.7040,TRACKING,R+C
1786986268.355,53.9,0.000,0.738,0.802,0.6375,-0.0363,10.93,-1.70859,0.150,0.700,0.000,-1.0000,-0.6687,TRACKING,R+C
1786986268.381,53.9,0.000,0.735,0.803,0.6388,-0.0402,8.56,-2.03831,0.150,0.700,0.000,-1.0000,-0.6638,TRACKING,R+C
1786986268.384,53.9,0.000,0.728,0.801,0.6410,-0.0406,9.70,-1.97695,0.150,0.700,0.000,-1.0000,-0.6632,TRACKING,R+C
1786986268.400,53.9,0.000,0.723,0.795,0.6499,-0.0456,10.32,-1.92216,0.150,0.180,0.000,-1.0000,-0.6636,TRACKING,R+C
1786986268.417,53.9,0.000,0.723,0.795,0.6646,-0.0532,11.37,-1.82847,0.150,0.180,0.000,-1.0000,-0.9512,TRACKING,R+C
1786986268.441,53.9,0.000,0.728,0.788,0.6820,-0.0632,11.25,-1.88828,0.150,0.180,0.000,-1.0000,-0.9927,TRACKING,R+C
1786986268.461,53.9,0.000,0.738,0.783,0.6896,-0.0727,11.43,-1.89644,0.150,0.180,0.000,-1.0000,-0.9989,TRACKING,R+C
1786986268.476,53.9,0.000,0.748,0.779,0.6973,-0.0807,11.77,-1.86310,0.150,0.180,0.000,-1.0000,-0.9998,TRACKING,R+C
1786986268.479,53.9,0.000,0.756,0.777,0.7034,-0.0842,13.09,-1.69577,0.150,0.700,0.000,-1.0000,-1.0000,TRACKING,R+C
1786986268.510,53.9,0.000,0.756,0.777,0.7034,-0.0673,10.47,-1.35661,0.150,0.700,0.000,-1.0000,-0.7167,TRACKING,prediction
1786986268.527,53.9,0.000,0.756,0.777,0.7034,-0.0539,8.38,-1.08529,0.150,0.700,0.000,-1.0000,-0.6742,TRACKING,prediction
1786986268.543,53.9,0.000,0.756,0.777,0.7034,-0.0431,6.70,-0.86823,0.150,0.180,0.000,-1.0000,-0.6678,TRACKING,prediction
1786986268.559,53.9,0.000,0.756,0.777,0.7034,-0.0345,5.36,-0.69459,0.150,0.180,0.000,-1.0000,-0.9520,TRACKING,prediction
1786986268.583,53.9,0.000,0.756,0.777,0.7034,-0.0276,4.29,-0.55567,0.150,0.700,0.000,-1.0000,-0.9928,TRACKING,prediction
1786986268.606,53.9,0.000,0.756,0.777,0.7034,-0.0221,3.43,-0.44453,0.150,0.180,0.000,-1.0000,-0.7155,TRACKING,prediction
1786986268.627,53.9,0.000,0.756,0.777,0.7034,-0.0176,2.74,-0.35563,0.150,0.180,0.000,-1.0000,-0.9589,TRACKING,prediction
1786986268.647,53.9,0.000,0.768,0.780,0.7143,-0.0865,21.77,-0.30806,0.169,0.180,0.000,-1.0000,-0.9938,TRACKING,R+C
1786986268.665,53.9,0.000,0.768,0.780,0.7143,-0.0692,17.41,-0.24645,0.169,0.180,0.000,-1.0000,-0.9991,TRACKING,prediction
1786986268.679,53.9,0.000,0.778,0.784,0.7131,-0.0916,21.47,-0.15618,0.184,0.700,0.000,-1.0000,-0.9999,TRACKING,R+C
1786986268.698,53.9,0.000,0.778,0.784,0.7131,-0.0733,17.18,-0.12494,0.184,0.180,0.000,-1.0000,-0.7160,TRACKING,prediction
1786986268.712,53.9,0.000,0.778,0.784,0.7131,-0.0586,13.74,-0.09995,0.184,0.180,0.000,-1.0000,-0.9589,TRACKING,prediction
1786986268.739,53.9,0.000,0.778,0.784,0.7131,-0.0469,10.99,-0.07996,0.184,0.700,0.000,-1.0000,-0.9938,TRACKING,prediction
1786986268.751,53.9,0.000,0.778,0.784,0.7131,-0.0375,8.80,-0.06397,0.184,0.700,0.000,-1.0000,-0.7150,TRACKING,prediction
1786986268.767,53.9,0.000,0.778,0.784,0.7131,-0.0300,7.04,-0.05118,0.184,0.700,0.000,-1.0000,-0.6733,TRACKING,prediction
1786986268.785,53.9,0.000,0.778,0.784,0.7131,-0.0240,5.63,-0.04094,0.184,0.700,0.000,-1.0000,-0.6670,TRACKING,prediction
1786986268.798,53.9,0.000,0.778,0.784,0.7131,-0.0192,4.50,-0.03275,0.184,0.700,0.000,-1.0000,-0.6661,TRACKING,prediction
1786986268.830,53.9,0.000,0.778,0.784,0.7131,-0.0154,3.60,-0.02620,0.184,0.700,0.000,-1.0000,-0.6659,TRACKING,prediction
1786986268.846,53.9,0.000,0.778,0.784,0.7131,-0.0123,2.88,-0.02096,0.184,0.689,0.000,-1.0000,-0.6659,TRACKING,prediction
1786986268.866,53.9,0.000,0.829,0.774,0.6590,-0.1099,13.87,0.05914,0.194,0.700,0.000,-1.0000,-0.6698,TRACKING,R+C
1786986268.884,53.9,0.000,0.829,0.774,0.6590,-0.0879,11.10,0.04731,0.194,0.700,0.000,-1.0000,-0.6646,TRACKING,prediction
1786986268.891,53.9,0.000,0.829,0.774,0.6590,-0.0703,8.88,0.03785,0.194,0.700,0.000,-1.0000,-0.6638,TRACKING,prediction
1786986268.910,53.9,0.000,0.829,0.774,0.6590,-0.0562,7.10,0.03028,0.194,0.700,0.000,-1.0000,-0.6637,TRACKING,prediction
1786986268.936,53.9,0.000,0.816,0.794,0.6218,-0.1052,10.94,0.05675,0.194,0.700,0.000,-1.0000,-0.6623,TRACKING,R+C
1786986268.939,53.9,0.000,0.816,0.800,0.6114,-0.1035,9.84,0.02778,0.197,0.700,0.000,-1.0000,-0.6618,TRACKING,R+C
1786986268.976,53.9,0.000,0.816,0.800,0.6114,-0.0828,7.88,0.02222,0.197,0.700,0.000,-1.0000,-0.6618,TRACKING,prediction
1786986268.989,53.9,0.000,0.816,0.800,0.6114,-0.0662,6.30,0.01778,0.197,0.700,0.000,-1.0000,-0.6618,TRACKING,prediction
1786986269.017,53.9,0.000,0.816,0.800,0.6114,-0.0530,5.04,0.01422,0.197,0.700,0.000,-1.0000,-0.6618,TRACKING,prediction
1786986269.030,53.9,0.000,0.823,0.823,0.5824,-0.0882,7.77,0.04574,0.195,0.700,0.000,-0.9504,-0.6331,TRACKING,R+C
1786986269.046,53.9,0.000,0.814,0.830,0.5756,-0.0835,7.03,0.02563,0.197,0.700,0.000,-0.8992,-0.6010,TRACKING,R+C
1786986269.061,53.9,0.000,0.796,0.833,0.5656,-0.0795,4.74,-0.14383,0.186,0.180,0.000,-0.9238,-0.6088,TRACKING,R+C
1786986269.077,53.9,0.704,0.800,0.839,0.4899,-0.0740,3.99,-0.14729,0.185,0.180,0.000,-0.8736,-0.8390,TRACKING,L+C+R_fused
1786986269.094,53.9,0.949,0.782,0.847,0.5289,-0.0677,2.59,-0.25970,0.174,0.180,0.000,-0.8864,-0.8827,TRACKING,L+C+R_fused
1786986269.109,53.9,0.944,0.778,0.850,0.5390,-0.0602,2.40,-0.23829,0.176,0.700,0.000,-0.8038,-0.8210,TRACKING,L+C+R_fused
1786986269.126,57.1,0.947,0.794,0.856,0.5331,-0.0520,2.68,-0.17860,0.182,0.700,0.000,-0.6942,-0.5139,TRACKING,L+C+R_fused
1786986269.157,57.1,0.951,0.788,0.870,0.5185,-0.0449,2.01,-0.20227,0.180,0.700,0.000,-0.6272,-0.4307,TRACKING,L+C+R_fused
1786986269.178,57.1,0.947,0.779,0.871,0.5075,-0.0393,-0.05,-0.36351,0.164,0.700,0.000,-0.5925,-0.3983,TRACKING,L+C+R_fused
1786986269.196,57.1,0.944,0.789,0.884,0.5024,-0.0326,-0.02,-0.35063,0.165,0.700,0.000,-0.5025,-0.3434,TRACKING,L+C+R_fused
1786986269.211,57.1,0.945,0.774,0.882,0.5007,-0.0284,-1.41,-0.48639,0.151,0.700,0.000,-0.4948,-0.3304,TRACKING,L+C+R_fused
1786986269.234,57.1,0.943,0.755,0.892,0.4968,-0.0271,-3.49,-0.70517,0.150,0.700,0.000,-0.4383,-0.2974,TRACKING,L+C+R_fused
1786986269.251,57.1,0.943,0.765,0.889,0.4942,-0.0261,-2.90,-0.64382,0.150,0.700,0.000,-0.4345,-0.2902,TRACKING,L+C+R_fused
1786986269.270,57.1,0.946,0.740,0.891,0.4915,-0.0290,-5.42,-0.92504,0.150,0.700,0.000,-0.4282,-0.2863,TRACKING,L+C+R_fused
1786986269.275,57.1,0.940,0.732,0.878,0.4909,-0.0337,-7.66,-1.13711,0.150,0.700,0.000,-0.4496,-0.2980,TRACKING,L+C+R_fused
1786986269.307,57.1,0.948,0.743,0.879,0.4874,-0.0338,-7.08,-1.11367,0.150,0.700,0.000,-0.4704,-0.3113,TRACKING,L+C+R_fused
1786986269.323,57.1,0.949,0.725,0.878,0.4919,-0.0356,-8.49,-1.30454,0.150,0.700,0.000,-0.4754,-0.3166,TRACKING,L+C+R_fused
1786986269.353,57.1,0.899,0.723,0.876,0.4726,-0.0368,-9.26,-1.41648,0.150,0.700,0.000,-0.4831,-0.3219,TRACKING,L+C+R_fused
1786986269.370,57.1,0.376,0.736,0.874,0.4682,-0.0360,-9.01,-1.40998,0.150,0.700,0.000,-0.4792,-0.3205,TRACKING,L+C+R_fused
1786986269.386,57.1,0.000,0.738,0.879,0.5019,-0.0345,-9.95,-1.55489,0.150,0.700,0.000,-0.4443,-0.3014,TRACKING,R+C
1786986269.391,57.1,0.000,0.762,0.890,0.4994,-0.0317,-11.29,-1.67694,0.150,0.700,0.000,-0.3689,-0.2569,TRACKING,R+C
1786986269.420,57.1,0.378,0.737,0.892,0.4906,-0.0222,-11.43,-1.79041,0.150,0.700,0.000,-0.2247,-0.1705,TRACKING,L+C+R_fused
1786986269.422,57.1,0.841,0.753,0.893,0.4697,-0.0098,-9.93,-1.75472,0.150,0.700,0.000,-0.0638,-0.0679,TRACKING,L+C+R_fused
1786986269.441,57.1,0.944,0.764,0.901,0.4635,0.0004,-9.71,-1.79561,0.150,0.700,0.000,0.0988,0.0385,TRACKING,L+C+R_fused
1786986269.471,57.1,0.949,0.773,0.898,0.5041,0.0091,-9.85,-1.85351,0.150,0.700,0.000,0.2462,0.1373,TRACKING,L+C+R_fused
1786986269.487,57.1,0.933,0.779,0.898,0.5028,0.0175,-9.58,-1.89686,0.150,0.700,0.000,0.3677,0.2204,TRACKING,L+C+R_fused
1786986269.501,57.1,0.936,0.786,0.909,0.5015,0.0225,-9.74,-1.95561,0.150,0.700,0.000,0.4437,0.2754,TRACKING,L+C+R_fused
1786986269.525,57.1,0.949,0.791,0.920,0.4998,0.0298,-6.36,-1.83118,0.150,0.700,0.000,0.4500,0.2868,TRACKING,L+C+R_fused
1786986269.540,57.1,0.943,0.787,0.918,0.4927,0.0339,-4.91,-1.80107,0.150,0.700,0.000,0.4635,0.2960,TRACKING,L+C+R_fused
1786986269.551,57.1,0.949,0.787,0.919,0.4983,0.0387,-3.24,-1.75092,0.150,0.700,0.000,0.4826,0.3079,TRACKING,L+C+R_fused
1786986269.571,57.1,0.805,0.787,0.911,0.4842,0.0419,-2.73,-1.76025,0.150,0.700,0.000,0.5109,0.3256,TRACKING,L+C+R_fused
1786986269.600,57.1,0.377,0.780,0.915,0.4927,0.0448,-2.37,-1.79952,0.150,0.700,0.000,0.5349,0.3415,TRACKING,L+C+R_fused
1786986269.614,57.1,0.000,0.775,0.910,0.4711,0.0485,-0.39,-1.73456,0.150,0.700,0.000,0.5268,0.3389,TRACKING,R+C
1786986269.631,57.1,0.000,0.779,0.913,0.4750,0.0501,1.53,-1.65320,0.150,0.700,0.000,0.4908,0.3179,TRACKING,R+C
1786986269.646,57.1,0.000,0.776,0.909,0.4837,0.0489,2.81,-1.61898,0.150,0.700,0.000,0.4271,0.2784,TRACKING,R+C
1786986269.655,57.1,0.000,0.779,0.909,0.4937,0.0475,4.20,-1.55733,0.150,0.700,0.000,0.3571,0.2328,TRACKING,R+C
1786986269.671,57.1,0.000,0.770,0.898,0.5029,0.0462,5.77,-1.47115,0.150,0.700,0.000,0.2817,0.1833,TRACKING,R+C
1786986269.691,57.1,0.000,0.769,0.900,0.5072,0.0427,7.14,-1.40283,0.150,0.700,0.000,0.1734,0.1145,TRACKING,R+C
1786986269.710,57.1,0.000,0.761,0.886,0.5240,0.0383,7.82,-1.42097,0.150,0.700,0.000,0.0595,0.0396,TRACKING,R+C
1786986269.727,57.1,0.000,0.760,0.884,0.5415,0.0356,10.19,-1.22459,0.150,0.700,0.000,-0.0647,-0.0410,TRACKING,R+C
1786986269.731,57.1,0.000,0.762,0.879,0.5428,0.0313,11.62,-1.12142,0.150,0.700,0.000,-0.1881,-0.1215,TRACKING,R+C
1786986269.757,57.1,0.000,0.760,0.884,0.5600,0.0257,12.77,-1.02250,0.150,0.700,0.000,-0.3192,-0.2060,TRACKING,R+C
1786986269.762,57.1,0.000,0.758,0.875,0.5646,0.0192,12.51,-1.12915,0.150,0.700,0.000,-0.4327,-0.2818,TRACKING,R+C
1786986269.778,57.1,0.000,0.757,0.871,0.5797,0.0101,11.17,-1.33647,0.150,0.700,0.000,-0.5489,-0.3576,TRACKING,R+C
1786986269.794,57.1,0.000,0.752,0.861,0.5880,0.0031,12.11,-1.27507,0.150,0.700,0.000,-0.6721,-0.4365,TRACKING,R+C
1786986269.810,57.1,0.000,0.766,0.858,0.6099,-0.0090,11.02,-1.37488,0.150,0.700,0.000,-0.7971,-0.5168,TRACKING,R+C
1786986269.826,57.1,0.000,0.764,0.854,0.6201,-0.0161,11.90,-1.32374,0.150,0.700,0.000,-0.8940,-0.5818,TRACKING,R+C
1786986269.853,57.1,0.000,0.760,0.845,0.6316,-0.0238,12.78,-1.26986,0.150,0.700,0.000,-0.9847,-0.6409,TRACKING,R+C
1786986269.869,57.1,0.000,0.760,0.845,0.6316,-0.0190,10.22,-1.01589,0.150,0.700,0.000,-0.9847,-0.6496,TRACKING,prediction
1786986269.885,57.1,0.000,0.764,0.831,0.6537,-0.0428,14.19,-1.09943,0.150,0.700,0.000,-1.0000,-0.6606,TRACKING,R+C
1786986269.903,57.1,0.000,0.764,0.831,0.6537,-0.0342,11.35,-0.87954,0.150,0.700,0.000,-1.0000,-0.6621,TRACKING,prediction
1786986269.916,57.1,0.000,0.770,0.810,0.6740,-0.0639,14.95,-1.03311,0.150,0.700,0.000,-1.0000,-0.6641,TRACKING,R+C
1786986269.940,57.1,0.000,0.770,0.810,0.6740,-0.0511,11.96,-0.82649,0.150,0.700,0.000,-1.0000,-0.6641,TRACKING,prediction
1786986269.958,57.1,0.000,0.770,0.810,0.6740,-0.0409,9.57,-0.66119,0.150,0.700,0.000,-1.0000,-0.6641,TRACKING,prediction
1786986269.972,57.1,0.000,0.818,0.803,0.6951,-0.0965,16.05,-0.83303,0.150,0.700,0.000,-1.0000,-0.6665,TRACKING,R+C
1786986269.988,57.1,0.000,0.818,0.803,0.6951,-0.0772,12.84,-0.66643,0.150,0.700,0.000,-1.0000,-0.6665,TRACKING,prediction
1786986270.007,57.1,0.000,0.818,0.803,0.6951,-0.0618,10.27,-0.53314,0.150,0.700,0.000,-1.0000,-0.6665,TRACKING,prediction
1786986270.024,57.1,0.000,0.818,0.803,0.6951,-0.0494,8.22,-0.42651,0.150,0.700,0.000,-1.0000,-0.6665,TRACKING,prediction
1786986270.029,57.1,0.000,0.818,0.803,0.6951,-0.0395,6.58,-0.34121,0.150,0.700,0.000,-1.0000,-0.6665,TRACKING,prediction
1786986270.057,57.1,0.000,0.818,0.803,0.6951,-0.0316,5.26,-0.27297,0.150,0.700,0.000,-1.0000,-0.6665,TRACKING,prediction
1786986270.072,57.1,0.000,0.818,0.803,0.6951,-0.0253,4.21,-0.21837,0.150,0.700,0.000,-1.0000,-0.6665,TRACKING,prediction
1786986270.096,57.1,0.847,0.751,0.000,0.7425,0.2430,31.42,-0.93024,0.150,0.700,0.000,1.0000,-0.2160,TRACKING,L+C
1786986270.105,57.1,0.847,0.751,0.000,0.7425,0.1944,25.14,-0.74420,0.150,0.700,0.000,1.0000,0.2072,TRACKING,prediction
1786986270.128,56.9,0.847,0.751,0.000,0.7425,0.1555,20.11,-0.59536,0.150,0.700,0.000,1.0000,0.5863,TRACKING,prediction
1786986270.135,56.9,0.847,0.751,0.000,0.7425,0.1244,16.09,-0.47628,0.150,0.700,0.000,1.0000,0.6431,TRACKING,prediction
1786986270.151,56.9,0.000,0.000,0.719,0.7425,-0.1738,37.63,-0.39825,0.160,0.490,0.000,-1.0000,0.1462,UNCERTAIN,R_only
1786986270.167,56.9,0.000,0.000,0.719,0.7425,-0.1391,30.10,-0.31860,0.160,0.478,0.000,-1.0000,-0.4369,UNCERTAIN,prediction
1786986270.189,56.9,0.000,0.000,0.719,0.7425,-0.1112,24.08,-0.25488,0.160,0.454,0.000,-1.0000,-0.7604,UNCERTAIN,prediction
1786986270.204,56.9,0.000,0.000,0.719,0.7425,-0.0890,19.27,-0.20390,0.160,0.432,0.000,-1.0000,-0.8217,UNCERTAIN,prediction
1786986270.210,56.9,0.000,0.000,0.719,0.7425,-0.0712,15.41,-0.16312,0.160,0.410,0.000,-1.0000,-0.8430,UNCERTAIN,prediction
1786986270.226,56.9,0.000,0.000,0.719,0.7425,-0.0570,12.33,-0.13050,0.160,0.390,0.000,-1.0000,-0.8576,UNCERTAIN,prediction
1786986270.244,56.9,0.000,0.719,0.000,0.7425,0.1429,33.35,-0.48024,0.152,0.700,0.000,0.6269,-0.1770,TRACKING,C_only
1786986270.260,56.9,0.000,0.719,0.000,0.7425,0.1373,33.17,-0.45161,0.155,0.700,0.000,0.5481,0.2497,TRACKING,C_only
1786986270.273,56.9,0.000,0.719,0.000,0.7425,0.1098,26.54,-0.36129,0.155,0.700,0.000,0.5481,0.3304,TRACKING,prediction
1786986270.289,56.9,0.000,0.000,0.734,0.7425,-0.2469,31.14,-0.53780,0.150,0.490,0.000,-1.0000,-0.1499,UNCERTAIN,R_only
1786986270.310,56.9,0.000,0.000,0.732,0.7425,-0.2518,30.53,-0.53815,0.150,0.490,0.000,-1.0000,-0.7101,UNCERTAIN,R_only
1786986270.324,56.9,0.000,0.000,0.736,0.7425,-0.2553,30.10,-0.52382,0.150,0.490,0.000,-1.0000,-0.7961,UNCERTAIN,R_only
1786986270.343,56.9,0.000,0.742,0.000,0.7425,0.1124,29.51,-0.51178,0.150,0.700,0.000,0.3920,-0.1914,TRACKING,C_only
1786986270.357,56.9,0.000,0.744,0.000,0.7425,0.1076,29.16,-0.48058,0.152,0.700,0.000,0.3345,0.1454,TRACKING,C_only
1786986270.372,56.9,0.000,0.751,0.000,0.7425,0.1041,29.24,-0.41900,0.158,0.700,0.000,0.2677,0.1588,TRACKING,C_only
1786986270.391,56.9,0.000,0.757,0.000,0.7425,0.1002,28.83,-0.39090,0.161,0.700,0.000,0.2279,0.1389,TRACKING,C_only
1786986270.404,56.9,0.000,0.761,0.000,0.7425,0.0975,28.74,-0.33263,0.167,0.700,0.000,0.1911,0.1158,TRACKING,C_only
1786986270.404,56.9,0.000,0.763,0.000,0.7425,0.0945,28.16,-0.33101,0.167,0.700,0.000,0.1768,0.1045,TRACKING,C_only
1786986270.419,56.9,0.000,0.770,0.000,0.7425,0.0909,27.52,-0.32982,0.167,0.700,0.000,0.1559,0.0913,TRACKING,C_only
1786986270.441,56.9,0.000,0.771,0.000,0.7425,0.0871,26.87,-0.33468,0.167,0.700,0.000,0.1331,0.0767,TRACKING,C_only
1786986270.453,56.9,0.000,0.778,0.000,0.7425,0.0851,26.13,-0.35770,0.164,0.700,0.000,0.1381,0.0775,TRACKING,C_only
1786986270.468,56.9,0.000,0.778,0.000,0.7425,0.0837,25.58,-0.34074,0.166,0.700,0.000,0.1444,0.0817,TRACKING,C_only
1786986270.468,56.9,0.000,0.785,0.000,0.7425,0.0831,24.96,-0.33988,0.166,0.700,0.000,0.1634,0.0934,TRACKING,C_only
1786986270.483,56.9,0.000,0.789,0.000,0.7425,0.0834,24.63,-0.31119,0.169,0.700,0.000,0.1823,0.1063,TRACKING,C_only
1786986270.499,56.9,0.000,0.793,0.000,0.7425,0.0843,23.86,-0.33070,0.167,0.700,0.000,0.2293,0.1350,TRACKING,C_only
1786986270.515,56.9,0.000,0.796,0.000,0.7425,0.0852,23.13,-0.33489,0.167,0.700,0.000,0.2738,0.1649,TRACKING,C_only
1786986270.532,56.9,0.620,0.796,0.000,0.4882,0.0867,22.07,-0.39240,0.161,0.700,0.000,0.3493,0.2119,TRACKING,L+C
1786986270.547,56.9,0.926,0.802,0.000,0.4983,0.0888,21.42,-0.40783,0.159,0.700,0.000,0.4115,0.2543,TRACKING,L+C
1786986270.547,56.9,0.945,0.803,0.000,0.5017,0.0922,21.13,-0.38384,0.162,0.700,0.000,0.4622,0.2900,TRACKING,L+C
1786986270.563,56.9,0.946,0.808,0.000,0.5116,0.0946,20.33,-0.41673,0.158,0.700,0.000,0.5382,0.3382,TRACKING,L+C
1786986270.585,56.9,0.946,0.809,0.000,0.5162,0.0960,19.42,-0.46227,0.154,0.700,0.000,0.6144,0.3884,TRACKING,L+C
1786986270.596,56.9,0.946,0.816,0.000,0.5147,0.0976,19.25,-0.42746,0.157,0.700,0.000,0.6231,0.4015,TRACKING,L+C
1786986270.622,56.9,0.945,0.824,0.000,0.5178,0.0995,18.11,-0.49064,0.151,0.700,0.000,0.7230,0.4596,TRACKING,L+C
1786986270.638,56.9,0.938,0.830,0.000,0.5172,0.1028,18.02,-0.48342,0.152,0.700,0.000,0.7609,0.4897,TRACKING,L+C
1786986270.652,56.9,0.933,0.835,0.000,0.5168,0.1056,17.72,-0.49516,0.150,0.700,0.000,0.8114,0.5225,TRACKING,L+C
1786986270.668,56.9,0.935,0.837,0.000,0.5188,0.1093,17.52,-0.47096,0.153,0.700,0.000,0.8406,0.5440,TRACKING,L+C
1786986270.669,56.9,0.932,0.834,0.000,0.5188,0.1134,17.42,-0.45509,0.154,0.700,0.000,0.8745,0.5664,TRACKING,L+C
1786986270.689,56.9,0.933,0.837,0.000,0.5195,0.1177,17.35,-0.43504,0.156,0.700,0.000,0.9041,0.5865,TRACKING,L+C
1786986270.701,56.9,0.934,0.839,0.000,0.5209,0.1225,17.00,-0.44550,0.155,0.700,0.000,0.9618,0.6217,TRACKING,L+C
1786986270.716,56.9,0.928,0.838,0.000,0.5199,0.1262,16.71,-0.43796,0.156,0.700,0.000,0.9944,0.6452,TRACKING,L+C
1786986270.732,56.9,0.918,0.844,0.000,0.5209,0.1320,16.77,-0.40566,0.159,0.700,0.000,1.0000,0.6523,TRACKING,L+C
1786986270.748,56.9,0.918,0.851,0.000,0.5219,0.1372,16.41,-0.42032,0.158,0.700,0.000,1.0000,0.6538,TRACKING,L+C
1786986270.764,56.9,0.914,0.852,0.000,0.5219,0.1420,16.17,-0.40800,0.159,0.700,0.000,1.0000,0.6544,TRACKING,L+C
1786986270.780,56.9,0.902,0.852,0.000,0.5203,0.1460,15.49,-0.46308,0.154,0.700,0.000,1.0000,0.6549,TRACKING,L+C
1786986270.796,56.9,0.914,0.857,0.000,0.5207,0.1508,15.16,-0.46429,0.154,0.700,0.000,1.0000,0.6554,TRACKING,L+C
1786986270.825,56.9,0.894,0.857,0.000,0.5196,0.1539,14.05,-0.58003,0.150,0.700,0.000,1.0000,0.6557,TRACKING,L+C
1786986270.840,56.9,0.895,0.864,0.000,0.5173,0.1560,13.74,-0.60582,0.150,0.700,0.000,1.0000,0.6559,TRACKING,L+C
1786986270.849,56.9,0.900,0.868,0.000,0.5175,0.1569,13.61,-0.61553,0.150,0.700,0.000,1.0000,0.6560,TRACKING,L+C
1786986270.865,56.9,0.894,0.869,0.000,0.5163,0.1555,13.87,-0.58885,0.150,0.700,0.000,1.0000,0.6558,TRACKING,L+C
1786986270.883,56.9,0.895,0.871,0.000,0.5133,0.1525,14.23,-0.58931,0.150,0.700,0.000,1.0000,0.6555,TRACKING,L+C
1786986270.901,56.9,0.897,0.875,0.000,0.5131,0.1494,14.39,-0.59757,0.150,0.700,0.000,1.0000,0.6551,TRACKING,L+C
1786986270.918,56.9,0.906,0.877,0.000,0.5154,0.1473,14.54,-0.59082,0.150,0.700,0.000,1.0000,0.6549,TRACKING,L+C
1786986270.933,56.9,0.907,0.883,0.000,0.5144,0.1447,14.33,-0.65079,0.150,0.700,0.000,1.0000,0.6546,TRACKING,L+C
1786986270.951,56.9,0.907,0.874,0.000,0.5158,0.1440,14.57,-0.64537,0.150,0.700,0.000,1.0000,0.6544,TRACKING,L+C
1786986270.967,56.9,0.906,0.874,0.000,0.5185,0.1442,14.80,-0.61226,0.150,0.700,0.000,1.0000,0.6545,TRACKING,L+C
1786986270.981,56.9,0.913,0.871,0.000,0.5202,0.1451,14.82,-0.61780,0.150,0.700,0.000,1.0000,0.6545,TRACKING,L+C
1786986270.981,56.9,0.912,0.869,0.000,0.5201,0.1478,15.10,-0.56957,0.150,0.700,0.000,1.0000,0.6548,TRACKING,L+C
1786986270.998,56.9,0.905,0.878,0.000,0.5202,0.1526,14.90,-0.57976,0.150,0.700,0.000,1.0000,0.6552,TRACKING,L+C
1786986271.014,56.9,0.909,0.881,0.000,0.5200,0.1586,15.08,-0.54262,0.150,0.700,0.000,1.0000,0.6558,TRACKING,L+C
1786986271.039,56.9,0.909,0.887,0.000,0.5185,0.1638,14.94,-0.52497,0.150,0.700,0.000,1.0000,0.6563,TRACKING,L+C
1786986271.050,56.9,0.000,0.900,0.890,0.5183,-0.1613,-6.01,-0.52808,0.150,0.700,0.000,-1.0000,0.1883,TRACKING,R+C
1786986271.066,56.9,0.000,0.895,0.888,0.5171,-0.1544,-5.99,-0.51704,0.150,0.700,0.000,-1.0000,-0.2280,TRACKING,R+C
1786986271.085,56.9,0.000,0.892,0.893,0.5149,-0.1467,-5.91,-0.50620,0.150,0.700,0.000,-1.0000,-0.5964,TRACKING,R+C
1786986271.099,56.9,0.000,0.880,0.896,0.5103,-0.1396,-6.58,-0.54630,0.150,0.700,0.000,-1.0000,-0.6511,TRACKING,R+C
1786986271.106,56.9,0.000,0.879,0.906,0.5052,-0.1315,-6.98,-0.59863,0.150,0.700,0.000,-1.0000,-0.6588,TRACKING,R+C
1786986271.122,56.9,0.000,0.887,0.908,0.5033,-0.1234,-6.13,-0.53237,0.150,0.700,0.000,-1.0000,-0.6595,TRACKING,R+C
1786986271.142,67.1,0.000,0.877,0.915,0.5008,-0.1186,-6.78,-0.60427,0.150,0.700,0.000,-1.0000,-0.6593,TRACKING,R+C
1786986271.154,67.1,0.000,0.886,0.916,0.5015,-0.1149,-6.40,-0.58767,0.150,0.700,0.000,-1.0000,-0.6591,TRACKING,R+C
1786986271.170,67.1,0.000,0.884,0.920,0.4999,-0.1134,-6.26,-0.59784,0.150,0.700,0.000,-1.0000,-0.6591,TRACKING,R+C
1786986271.186,67.1,0.000,0.866,0.914,0.4972,-0.1147,-7.15,-0.71306,0.150,0.700,0.000,-1.0000,-0.6592,TRACKING,R+C
1786986271.202,67.1,0.000,0.886,0.919,0.4958,-0.1133,-5.66,-0.59965,0.150,0.700,0.000,-1.0000,-0.6593,TRACKING,R+C
1786986271.202,67.1,0.000,0.889,0.920,0.5026,-0.1128,-5.49,-0.59038,0.150,0.700,0.000,-1.0000,-0.6592,TRACKING,R+C
1786986271.217,67.1,0.000,0.881,0.926,0.5070,-0.1107,-5.51,-0.59160,0.150,0.700,0.000,-1.0000,-0.6591,TRACKING,R+C
1786986271.234,67.1,0.000,0.866,0.928,0.5081,-0.1049,-5.22,-0.59120,0.150,0.700,0.000,-1.0000,-0.6587,TRACKING,R+C
1786986271.259,67.1,0.380,0.862,0.934,0.5400,-0.0968,-5.45,-0.60714,0.150,0.700,0.000,-1.0000,-0.6580,TRACKING,L+C+R_fused
1786986271.276,67.1,0.000,0.860,0.938,0.5076,-0.0875,-5.00,-0.58476,0.150,0.700,0.000,-1.0000,-0.6573,TRACKING,R+C
1786986271.287,67.1,0.374,0.864,0.946,0.4738,-0.0785,-4.80,-0.56423,0.150,0.700,0.000,-0.9993,-0.6562,TRACKING,L+C+R_fused
1786986271.303,67.1,0.000,0.874,0.935,0.5013,-0.0696,-4.87,-0.59390,0.150,0.700,0.000,-0.9189,-0.6118,TRACKING,R+C
1786986271.325,67.1,0.000,0.861,0.936,0.5009,-0.0640,-5.58,-0.67710,0.150,0.700,0.000,-0.8525,-0.5687,TRACKING,R+C
1786986271.334,67.1,0.000,0.870,0.946,0.5028,-0.0611,-5.53,-0.68344,0.150,0.700,0.000,-0.8222,-0.5455,TRACKING,R+C
1786986271.350,67.1,0.000,0.860,0.945,0.5034,-0.0598,-5.59,-0.70629,0.150,0.700,0.000,-0.8087,-0.5346,TRACKING,R+C
1786986271.366,67.1,0.000,0.861,0.935,0.5040,-0.0581,-4.96,-0.69645,0.150,0.700,0.000,-0.8065,-0.5319,TRACKING,R+C
1786986271.388,67.1,0.000,0.864,0.931,0.5039,-0.0557,-4.19,-0.66518,0.150,0.700,0.000,-0.7975,-0.5265,TRACKING,R+C
1786986271.397,67.1,0.000,0.867,0.938,0.5048,-0.0519,-3.31,-0.62617,0.150,0.700,0.000,-0.7738,-0.5126,TRACKING,R+C
1786986271.420,67.1,0.000,0.872,0.913,0.5040,-0.0476,-2.02,-0.54225,0.150,0.700,0.000,-0.7508,-0.4978,TRACKING,R+C
1786986271.429,67.1,0.000,0.874,0.863,0.5066,-0.0459,-1.43,-0.51909,0.150,0.700,0.000,-0.7446,-0.4922,TRACKING,R+C
1786986271.446,67.1,0.000,0.872,0.928,0.4969,-0.0467,-1.47,-0.55865,0.150,0.700,0.000,-0.7588,-0.4994,TRACKING,R+C
1786986271.463,67.1,0.000,0.862,0.930,0.5048,-0.0500,-2.02,-0.63019,0.150,0.700,0.000,-0.7903,-0.5180,TRACKING,R+C
1786986271.477,67.1,0.774,0.860,0.917,0.5435,-0.0504,-0.51,-0.52873,0.150,0.700,0.000,-0.8247,-0.5397,TRACKING,L+C+R_fused
1786986271.493,67.1,0.000,0.860,0.923,0.5148,-0.0523,0.33,-0.47289,0.153,0.700,0.000,-0.8409,-0.5521,TRACKING,R+C
1786986271.509,67.1,0.000,0.860,0.915,0.4962,-0.0552,1.24,-0.41355,0.159,0.700,0.000,-0.8403,-0.5540,TRACKING,R+C
1786986271.525,67.1,0.000,0.860,0.890,0.5078,-0.0594,0.96,-0.45781,0.154,0.700,0.000,-0.9135,-0.5944,TRACKING,R+C
1786986271.541,67.1,0.000,0.855,0.825,0.5180,-0.0623,1.63,-0.40930,0.159,0.700,0.000,-0.9114,-0.5997,TRACKING,R+C
1786986271.559,67.1,0.000,0.837,0.922,0.5272,-0.0676,-1.05,-0.80872,0.150,0.700,0.000,-1.0000,-0.6492,TRACKING,R+C
1786986271.577,67.1,0.000,0.848,0.804,0.5267,-0.0717,-1.44,-0.81544,0.150,0.700,0.000,-1.0000,-0.6567,TRACKING,R+C
1786986271.585,67.1,0.000,0.850,0.834,0.5844,-0.0733,-0.49,-0.77733,0.150,0.700,0.000,-1.0000,-0.6581,TRACKING,R+C
1786986271.603,67.1,0.000,0.855,0.822,0.5796,-0.0751,0.49,-0.71495,0.150,0.700,0.000,-1.0000,-0.6586,TRACKING,R+C
1786986271.631,67.1,0.000,0.841,0.917,0.5441,-0.0776,0.29,-0.78772,0.150,0.700,0.000,-1.0000,-0.6589,TRACKING,R+C
1786986271.645,67.1,0.000,0.850,0.924,0.5300,-0.0797,0.79,-0.77593,0.150,0.700,0.000,-1.0000,-0.6593,TRACKING,R+C
1786986271.654,67.1,0.000,0.850,0.924,0.5300,-0.0638,0.63,-0.62074,0.150,0.700,0.000,-1.0000,-0.6593,TRACKING,prediction
1786986271.665,67.1,0.000,0.831,0.926,0.5486,-0.0859,0.75,-0.83929,0.150,0.700,0.000,-1.0000,-0.6600,TRACKING,R+C
1786986271.681,67.1,0.000,0.831,0.926,0.5486,-0.0687,0.60,-0.67143,0.150,0.700,0.000,-1.0000,-0.6600,TRACKING,prediction
1786986271.696,67.1,0.000,0.831,0.926,0.5486,-0.0549,0.48,-0.53715,0.150,0.700,0.000,-1.0000,-0.6600,TRACKING,prediction
1786986271.712,67.1,0.000,0.831,0.926,0.5486,-0.0440,0.38,-0.42972,0.150,0.700,0.000,-1.0000,-0.6600,TRACKING,prediction
1786986271.728,67.1,0.000,0.831,0.926,0.5486,-0.0352,0.31,-0.34377,0.150,0.700,0.000,-1.0000,-0.6600,TRACKING,prediction
1786986271.747,67.1,0.000,0.831,0.926,0.5486,-0.0281,0.24,-0.27502,0.150,0.700,0.000,-1.0000,-0.6600,TRACKING,prediction
1786986271.760,67.1,0.000,0.831,0.926,0.5486,-0.0225,0.20,-0.22002,0.150,0.700,0.000,-1.0000,-0.6600,TRACKING,prediction
1786986271.792,67.1,0.000,0.831,0.926,0.5486,-0.0180,0.16,-0.17601,0.150,0.700,0.000,-1.0000,-0.6600,TRACKING,prediction
1786986271.808,67.1,0.000,0.831,0.926,0.5486,-0.0144,0.13,-0.14081,0.150,0.700,0.000,-1.0000,-0.6600,TRACKING,prediction
1786986271.824,67.1,0.000,0.831,0.926,0.5486,-0.0115,0.10,-0.11265,0.150,0.700,0.000,-1.0000,-0.6600,TRACKING,prediction
1786986271.839,67.1,0.000,0.831,0.926,0.5486,-0.0092,0.08,-0.09012,0.150,0.700,0.000,-1.0000,-0.6600,TRACKING,prediction
1786986271.856,67.1,0.000,0.831,0.926,0.5486,-0.0074,0.06,-0.07209,0.150,0.699,0.000,-1.0000,-0.6600,TRACKING,prediction
1786986271.872,67.1,0.000,0.831,0.926,0.5486,-0.0059,0.05,-0.05768,0.150,0.664,0.000,-1.0000,-0.6604,TRACKING,prediction
1786986271.899,67.1,0.000,0.831,0.926,0.5486,-0.0047,0.04,-0.04614,0.150,0.631,0.000,-1.0000,-0.6803,TRACKING,prediction
1786986271.912,67.1,0.000,0.831,0.926,0.5486,-0.0038,0.03,-0.03691,0.150,0.600,0.000,-1.0000,-0.7021,TRACKING,prediction
1786986271.934,67.1,0.000,0.831,0.926,0.5486,-0.0030,0.03,-0.02953,0.150,0.570,0.000,-1.0000,-0.7231,TRACKING,prediction
1786986271.944,67.1,0.000,0.831,0.926,0.5486,-0.0024,0.02,-0.02362,0.150,0.490,0.000,-1.0000,-0.7432,UNCERTAIN,prediction
1786986271.960,67.1,0.000,0.831,0.926,0.5486,-0.0019,0.02,-0.01890,0.150,0.490,0.000,-1.0000,-0.7908,UNCERTAIN,prediction
1786986271.976,67.1,0.000,0.831,0.926,0.5486,-0.0015,0.01,-0.01512,0.150,0.488,0.000,-1.0000,-0.7978,UNCERTAIN,prediction
1786986271.991,67.1,0.000,0.831,0.926,0.5486,-0.0012,0.01,-0.01210,0.150,0.464,0.000,-1.0000,-0.7998,UNCERTAIN,prediction
1786986272.023,67.1,0.000,0.831,0.926,0.5486,-0.0010,0.01,-0.00968,0.150,0.441,0.000,-1.0000,-0.8137,UNCERTAIN,prediction
1786986272.039,67.1,0.000,0.831,0.926,0.5486,-0.0008,0.01,-0.00774,0.150,0.419,0.000,-1.0000,-0.8287,UNCERTAIN,prediction
1786986272.059,67.1,0.000,0.831,0.926,0.5486,-0.0006,0.01,-0.00619,0.150,0.398,0.000,-1.0000,-0.8432,UNCERTAIN,prediction
1786986272.078,67.1,0.000,0.831,0.926,0.5486,-0.0005,0.00,-0.00495,0.150,0.378,0.000,-1.0000,-0.8570,UNCERTAIN,prediction
1786986272.096,67.1,0.000,0.831,0.926,0.5486,-0.0004,0.00,-0.00396,0.150,0.359,0.000,-1.0000,-0.8701,UNCERTAIN,prediction
1786986272.102,67.1,0.000,0.831,0.926,0.5486,-0.0003,0.00,-0.00317,0.150,0.341,0.000,-1.0000,-0.8825,UNCERTAIN,prediction
1786986272.118,67.1,0.000,0.831,0.926,0.5486,-0.0003,0.00,-0.00254,0.150,0.324,0.000,-1.0000,-0.8942,UNCERTAIN,prediction
1786986272.147,60.7,0.000,0.886,0.843,0.6096,-0.1551,3.50,-1.09253,0.150,0.700,0.000,-1.0000,-0.9086,TRACKING,R+C
1786986272.161,60.7,0.000,0.886,0.838,0.6110,-0.1572,4.63,-1.00630,0.150,0.700,0.000,-1.0000,-0.7035,TRACKING,R+C
1786986272.161,60.7,0.000,0.869,0.828,0.6148,-0.1625,1.00,-1.47302,0.150,0.700,0.000,-1.0000,-0.6736,TRACKING,R+C
1786986272.177,60.7,0.000,0.863,0.827,0.6157,-0.1593,2.54,-1.37853,0.150,0.700,0.000,-1.0000,-0.6691,TRACKING,R+C
1786986272.208,60.7,0.000,0.863,0.827,0.6157,-0.1275,2.03,-1.10282,0.150,0.700,0.000,-1.0000,-0.6684,TRACKING,prediction
1786986272.208,60.7,0.000,0.870,0.821,0.6179,-0.1552,3.47,-1.29563,0.150,0.700,0.000,-1.0000,-0.6680,TRACKING,R+C
1786986272.240,60.7,0.000,0.864,0.822,0.6207,-0.1545,3.94,-1.25417,0.150,0.700,0.000,-1.0000,-0.6680,TRACKING,R+C
1786986272.258,60.7,0.000,0.864,0.822,0.6207,-0.1236,3.15,-1.00333,0.150,0.700,0.000,-1.0000,-0.6680,TRACKING,prediction
1786986272.266,60.7,0.000,0.873,0.814,0.6216,-0.1557,3.57,-1.38341,0.150,0.700,0.000,-1.0000,-0.6683,TRACKING,R+C
1786986272.284,60.7,0.000,0.873,0.814,0.6216,-0.1246,2.85,-1.10672,0.150,0.700,0.000,-1.0000,-0.6683,TRACKING,prediction
1786986272.304,60.7,0.864,0.820,0.000,0.6266,0.2065,15.46,-1.51745,0.150,0.700,0.000,1.0000,-0.2075,TRACKING,L+C
1786986272.314,60.7,0.864,0.820,0.000,0.6266,0.1652,12.36,-1.21396,0.150,0.700,0.000,1.0000,0.2140,TRACKING,prediction
1786986272.339,60.7,0.864,0.820,0.000,0.6266,0.1322,9.89,-0.97117,0.150,0.700,0.000,1.0000,0.5898,TRACKING,prediction
1786986272.360,60.7,0.864,0.820,0.000,0.6266,0.1057,7.91,-0.77694,0.150,0.700,0.000,1.0000,0.6462,TRACKING,prediction
1786986272.362,60.7,0.000,0.843,0.674,0.6556,-0.1401,8.79,-0.72832,0.150,0.700,0.000,-1.0000,0.1665,TRACKING,R+C
1786986272.378,60.7,0.000,0.850,0.669,0.6631,-0.1369,9.90,-0.58811,0.150,0.700,0.000,-1.0000,-0.2476,TRACKING,R+C
1786986272.410,60.7,0.000,0.850,0.669,0.6631,-0.1095,7.92,-0.47048,0.150,0.700,0.000,-1.0000,-0.6038,TRACKING,prediction
1786986272.441,60.7,0.000,0.844,0.676,0.6769,-0.1323,10.73,-0.43615,0.156,0.700,0.000,-1.0000,-0.6566,TRACKING,R+C
1786986272.453,60.7,0.000,0.842,0.669,0.6958,-0.1312,11.10,-0.34559,0.165,0.180,0.000,-1.0000,-0.6644,TRACKING,R+C
1786986272.470,60.7,0.000,0.841,0.670,0.7059,-0.1310,11.58,-0.27578,0.172,0.700,0.000,-1.0000,-0.9514,TRACKING,R+C
1786986272.488,60.7,0.000,0.841,0.670,0.7059,-0.1048,9.26,-0.22062,0.172,0.700,0.000,-1.0000,-0.7083,TRACKING,prediction
1786986272.501,60.7,0.000,0.841,0.670,0.7059,-0.0838,7.41,-0.17650,0.172,0.700,0.000,-1.0000,-0.6721,TRACKING,prediction
1786986272.517,60.7,0.000,0.841,0.670,0.7059,-0.0671,5.93,-0.14120,0.172,0.700,0.000,-1.0000,-0.6667,TRACKING,prediction
1786986272.532,60.7,0.000,0.841,0.670,0.7059,-0.0536,4.74,-0.11296,0.172,0.700,0.000,-1.0000,-0.6659,TRACKING,prediction
1786986272.548,60.7,0.000,0.841,0.670,0.7059,-0.0429,3.79,-0.09037,0.172,0.700,0.000,-1.0000,-0.6657,TRACKING,prediction
1786986272.565,60.7,0.000,0.861,0.634,0.6932,-0.1507,11.72,0.09751,0.190,0.700,0.000,-1.0000,-0.6661,TRACKING,R+C
1786986272.584,60.7,0.000,0.861,0.634,0.6932,-0.1205,9.38,0.07800,0.190,0.700,0.000,-1.0000,-0.6661,TRACKING,prediction
1786986272.611,60.7,0.000,0.845,0.646,0.6856,-0.1472,10.50,0.12157,0.188,0.700,0.000,-1.0000,-0.6653,TRACKING,R+C
1786986272.626,60.7,0.000,0.843,0.652,0.6809,-0.1454,9.58,0.11190,0.189,0.700,0.000,-1.0000,-0.6649,TRACKING,R+C
1786986272.643,60.7,0.000,0.843,0.652,0.6809,-0.1163,7.67,0.08952,0.189,0.700,0.000,-1.0000,-0.6649,TRACKING,prediction
1786986272.665,60.7,0.000,0.847,0.645,0.6634,-0.1403,7.85,0.08838,0.191,0.700,0.000,-1.0000,-0.6639,TRACKING,R+C
1786986272.676,60.7,0.000,0.847,0.645,0.6634,-0.1123,6.28,0.07070,0.191,0.700,0.000,-1.0000,-0.6639,TRACKING,prediction
1786986272.691,60.7,0.000,0.847,0.645,0.6634,-0.0898,5.02,0.05656,0.191,0.700,0.000,-1.0000,-0.6639,TRACKING,prediction
1786986272.723,60.7,0.000,0.838,0.638,0.6274,-0.1318,5.73,0.07923,0.192,0.700,0.000,-1.0000,-0.6625,TRACKING,R+C
1786986272.739,60.7,0.000,0.831,0.636,0.6199,-0.1284,4.96,0.06105,0.194,0.700,0.000,-1.0000,-0.6621,TRACKING,R+C
1786986272.755,60.7,0.000,0.815,0.627,0.5996,-0.1244,3.87,0.01021,0.199,0.700,0.000,-1.0000,-0.6615,TRACKING,R+C
1786986272.771,60.7,0.000,0.811,0.647,0.5819,-0.1202,2.99,-0.01783,0.198,0.180,0.000,-1.0000,-0.6609,TRACKING,R+C
1786986272.786,60.7,0.000,0.802,0.641,0.5831,-0.1150,2.05,-0.06003,0.194,0.180,0.000,-1.0000,-0.9502,TRACKING,R+C
1786986272.808,60.7,0.807,0.787,0.621,0.6104,-0.1099,0.89,-0.11824,0.188,0.180,0.000,-1.0000,-0.9925,TRACKING,L+C+R_fused
1786986272.829,60.7,0.950,0.783,0.636,0.5247,-0.1040,0.21,-0.13651,0.186,0.180,0.000,-0.9740,-0.9778,TRACKING,L+C+R_fused
1786986272.851,60.7,0.943,0.772,0.640,0.5611,-0.0995,-0.88,-0.20515,0.179,0.180,0.000,-0.9795,-0.9800,TRACKING,L+C+R_fused
1786986272.870,60.7,0.938,0.773,0.653,0.5494,-0.0950,-1.39,-0.23032,0.177,0.180,0.000,-0.9607,-0.9649,TRACKING,L+C+R_fused
1786986272.886,60.7,0.935,0.777,0.640,0.5354,-0.0926,-1.72,-0.23334,0.177,0.180,0.000,-0.9395,-0.9453,TRACKING,L+C+R_fused
1786986272.910,60.7,0.926,0.779,0.660,0.5348,-0.0931,-2.20,-0.25732,0.174,0.700,0.000,-0.9516,-0.9522,TRACKING,L+C+R_fused
1786986272.920,60.7,0.936,0.762,0.648,0.5194,-0.0953,-3.43,-0.36252,0.164,0.700,0.000,-1.0000,-0.7018,TRACKING,L+C+R_fused
1786986272.949,60.7,0.939,0.759,0.646,0.5292,-0.0971,-4.51,-0.43645,0.156,0.700,0.000,-1.0000,-0.6644,TRACKING,L+C+R_fused
1786986272.970,60.7,0.936,0.759,0.634,0.5261,-0.0951,-4.05,-0.39503,0.160,0.700,0.000,-1.0000,-0.6587,TRACKING,L+C+R_fused
1786986272.989,60.7,0.937,0.743,0.636,0.5370,-0.0921,-5.35,-0.50647,0.150,0.700,0.000,-1.0000,-0.6575,TRACKING,L+C+R_fused
1786986273.002,60.7,0.930,0.732,0.641,0.5040,-0.0856,-6.42,-0.60071,0.150,0.700,0.000,-1.0000,-0.6568,TRACKING,L+C+R_fused
1786986273.018,60.7,0.928,0.716,0.666,0.5083,-0.0781,-7.83,-0.71618,0.150,0.700,0.000,-0.9415,-0.6243,TRACKING,L+C+R_fused
1786986273.034,60.7,0.911,0.710,0.641,0.5065,-0.0706,-9.51,-0.84799,0.150,0.700,0.000,-0.8367,-0.5617,TRACKING,L+C+R_fused
1786986273.050,60.7,0.916,0.708,0.720,0.5034,-0.0617,-10.81,-0.93452,0.150,0.700,0.000,-0.7043,-0.4790,TRACKING,L+C+R_fused
1786986273.081,60.7,0.918,0.708,0.761,0.5002,-0.0498,-10.58,-0.95242,0.150,0.700,0.000,-0.5531,-0.3828,TRACKING,L+C+R_fused
1786986273.098,60.7,0.907,0.706,0.697,0.4986,-0.0414,-10.87,-0.99485,0.150,0.700,0.000,-0.4208,-0.2949,TRACKING,L+C+R_fused
1786986273.120,60.7,0.903,0.713,0.737,0.4953,-0.0344,-11.48,-1.06892,0.150,0.700,0.000,-0.2957,-0.2122,TRACKING,L+C+R_fused
1786986273.130,60.7,0.897,0.721,0.732,0.4971,-0.0303,-12.01,-1.13408,0.150,0.700,0.000,-0.2150,-0.1550,TRACKING,L+C+R_fused
1786986273.146,60.7,0.909,0.731,0.690,0.4973,-0.0273,-11.79,-1.14828,0.150,0.700,0.000,-0.1747,-0.1240,TRACKING,L+C+R_fused
1786986273.173,55.6,0.870,0.742,0.659,0.4942,-0.0292,-13.82,-1.30819,0.150,0.700,0.000,-0.1511,-0.1066,TRACKING,L+C+R_fused
1786986273.193,55.6,0.907,0.726,0.681,0.4936,-0.0263,-13.60,-1.39317,0.150,0.700,0.000,-0.1267,-0.0909,TRACKING,L+C+R_fused
1786986273.209,55.6,0.915,0.746,0.716,0.4937,-0.0242,-12.73,-1.38595,0.150,0.700,0.000,-0.1275,-0.0891,TRACKING,L+C+R_fused
1786986273.225,55.6,0.909,0.749,0.707,0.4933,-0.0235,-12.75,-1.46221,0.150,0.700,0.000,-0.1289,-0.0901,TRACKING,L+C+R_fused
1786986273.241,55.6,0.927,0.750,0.753,0.4955,-0.0225,-12.04,-1.49218,0.150,0.700,0.000,-0.1472,-0.1008,TRACKING,L+C+R_fused
1786986273.257,55.6,0.931,0.748,0.655,0.5077,-0.0237,-13.03,-1.63377,0.150,0.700,0.000,-0.1537,-0.1066,TRACKING,L+C+R_fused
1786986273.273,55.6,0.932,0.749,0.706,0.5073,-0.0232,-12.72,-1.70674,0.150,0.700,0.000,-0.1731,-0.1188,TRACKING,L+C+R_fused
1786986273.305,55.6,0.932,0.747,0.706,0.4892,-0.0205,-10.85,-1.67519,0.150,0.700,0.000,-0.1984,-0.1349,TRACKING,L+C+R_fused
1786986273.324,55.6,0.371,0.746,0.680,0.6585,-0.0199,-10.50,-1.75195,0.150,0.700,0.000,-0.2173,-0.1484,TRACKING,L+C+R_fused
1786986273.343,55.6,0.000,0.749,0.687,0.4716,-0.0191,-9.48,-1.77404,0.150,0.700,0.000,-0.2490,-0.1683,TRACKING,R+C
1786986273.372,55.6,0.000,0.755,0.667,0.4734,-0.0186,-7.88,-1.74598,0.150,0.700,0.000,-0.3013,-0.2006,TRACKING,R+C
1786986273.382,55.6,0.000,0.760,0.675,0.5147,-0.0180,-6.05,-1.67202,0.150,0.700,0.000,-0.3531,-0.2342,TRACKING,R+C
1786986273.402,55.6,0.000,0.752,0.732,0.4962,-0.0175,-4.27,-1.58922,0.150,0.700,0.000,-0.4002,-0.2654,TRACKING,R+C
1786986273.424,55.6,0.000,0.750,0.680,0.5041,-0.0175,-2.58,-1.53113,0.150,0.700,0.000,-0.4570,-0.3016,TRACKING,R+C
1786986273.428,55.6,0.000,0.752,0.644,0.5204,-0.0187,-1.65,-1.53612,0.150,0.700,0.000,-0.5109,-0.3371,TRACKING,R+C
1786986273.444,55.6,0.000,0.750,0.670,0.5233,-0.0207,-1.07,-1.57722,0.150,0.700,0.000,-0.5686,-0.3745,TRACKING,R+C
1786986273.460,55.6,0.000,0.750,0.694,0.5608,-0.0230,-0.02,-1.56235,0.150,0.700,0.000,-0.6355,-0.4172,TRACKING,R+C
1786986273.486,55.6,0.000,0.747,0.683,0.5733,-0.0276,-0.10,-1.65339,0.150,0.700,0.000,-0.7053,-0.4622,TRACKING,R+C
1786986273.502,55.6,0.000,0.756,0.683,0.5807,-0.0294,2.49,-1.48121,0.150,0.700,0.000,-0.7850,-0.5126,TRACKING,R+C
1786986273.515,55.6,0.000,0.750,0.684,0.5939,-0.0344,2.64,-1.55152,0.150,0.700,0.000,-0.8529,-0.5576,TRACKING,R+C
1786986273.533,55.6,0.000,0.748,0.746,0.5744,-0.0387,2.96,-1.59259,0.150,0.700,0.000,-0.9108,-0.5961,TRACKING,R+C
1786986273.561,55.6,0.000,0.757,0.753,0.5806,-0.0404,4.17,-1.51449,0.150,0.700,0.000,-0.9494,-0.6229,TRACKING,R+C
1786986273.565,55.6,0.000,0.760,0.807,0.5840,-0.0408,4.93,-1.46696,0.150,0.700,0.000,-0.9660,-0.6360,TRACKING,R+C
1786986273.597,55.6,0.000,0.760,0.807,0.5840,-0.0326,3.95,-1.17357,0.150,0.700,0.000,-0.9660,-0.6379,TRACKING,prediction
1786986273.612,55.6,0.000,0.755,0.863,0.5805,-0.0336,6.11,-1.41553,0.150,0.700,0.000,-0.9229,-0.6147,TRACKING,R+C
1786986273.616,55.6,0.000,0.756,0.857,0.5808,-0.0293,6.52,-1.39690,0.150,0.700,0.000,-0.8889,-0.5927,TRACKING,R+C
1786986273.644,55.6,0.000,0.756,0.858,0.5815,-0.0260,7.00,-1.35315,0.150,0.700,0.000,-0.8622,-0.5747,TRACKING,R+C
1786986273.661,55.6,0.000,0.757,0.857,0.5820,-0.0245,7.27,-1.35004,0.150,0.700,0.000,-0.8536,-0.5674,TRACKING,R+C
1786986273.676,55.6,0.000,0.760,0.868,0.5830,-0.0244,7.73,-1.31772,0.150,0.700,0.000,-0.8618,-0.5708,TRACKING,R+C
1786986273.699,55.6,0.000,0.757,0.842,0.5824,-0.0234,7.64,-1.34842,0.150,0.700,0.000,-0.8528,-0.5665,TRACKING,R+C
1786986273.718,55.6,0.000,0.756,0.853,0.5801,-0.0192,8.49,-1.27516,0.150,0.700,0.000,-0.8231,-0.5495,TRACKING,R+C
1786986273.719,55.6,0.000,0.756,0.858,0.5771,-0.0149,8.82,-1.24044,0.150,0.700,0.000,-0.7795,-0.5230,TRACKING,R+C
1786986273.735,55.6,0.000,0.755,0.869,0.5594,-0.0109,9.13,-1.21795,0.150,0.700,0.000,-0.7391,-0.4969,TRACKING,R+C
1786986273.754,55.6,0.000,0.755,0.877,0.5579,-0.0087,9.78,-1.15258,0.150,0.700,0.000,-0.7241,-0.4848,TRACKING,R+C
1786986273.766,55.6,0.000,0.761,0.860,0.5746,-0.0085,9.53,-1.17363,0.150,0.700,0.000,-0.7164,-0.4788,TRACKING,R+C
1786986273.782,55.6,0.000,0.763,0.866,0.5662,-0.0090,9.49,-1.16914,0.150,0.700,0.000,-0.7206,-0.4802,TRACKING,R+C
1786986273.810,55.6,0.000,0.763,0.866,0.5662,-0.0072,7.59,-0.93531,0.150,0.700,0.000,-0.7206,-0.4804,TRACKING,prediction
1786986273.828,55.6,0.000,0.763,0.866,0.5662,-0.0058,6.07,-0.74825,0.150,0.700,0.000,-0.7206,-0.4804,TRACKING,prediction
1786986273.862,55.6,0.000,0.763,0.866,0.5662,-0.0046,4.86,-0.59860,0.150,0.700,0.000,-0.7206,-0.4804,TRACKING,prediction
1786986273.878,55.6,0.000,0.763,0.866,0.5662,-0.0037,3.89,-0.47888,0.150,0.700,0.000,-0.7206,-0.4804,TRACKING,prediction
1786986273.897,55.6,0.000,0.763,0.866,0.5662,-0.0030,3.11,-0.38310,0.150,0.700,0.000,-0.7206,-0.4804,TRACKING,prediction
1786986273.915,55.6,0.000,0.763,0.866,0.5662,-0.0024,2.49,-0.30648,0.150,0.700,0.000,-0.7206,-0.4804,TRACKING,prediction
1786986273.931,55.6,0.000,0.763,0.866,0.5662,-0.0019,1.99,-0.24519,0.150,0.700,0.000,-0.7206,-0.4804,TRACKING,prediction
1786986273.941,55.6,0.000,0.763,0.866,0.5662,-0.0015,1.59,-0.19615,0.150,0.700,0.000,-0.7206,-0.4804,TRACKING,prediction
1786986273.957,55.6,0.000,0.763,0.866,0.5662,-0.0012,1.27,-0.15692,0.150,0.700,0.000,-0.7206,-0.4804,TRACKING,prediction
1786986273.972,55.6,0.000,0.764,0.846,0.5070,0.0041,11.12,-0.99442,0.150,0.700,0.000,-0.5796,-0.4025,TRACKING,R+C
1786986273.988,55.6,0.000,0.764,0.846,0.5070,0.0033,8.90,-0.79554,0.150,0.700,0.000,-0.5796,-0.3910,TRACKING,prediction
1786986274.004,55.6,0.000,0.770,0.766,0.5783,-0.0114,11.02,-0.99725,0.150,0.700,0.000,-0.7771,-0.4981,TRACKING,R+C
1786986274.035,55.6,0.000,0.768,0.897,0.5787,-0.0140,11.52,-0.96909,0.150,0.700,0.000,-0.8195,-0.5371,TRACKING,R+C
1786986274.052,55.6,0.000,0.738,0.901,0.5786,-0.0143,13.15,-0.77670,0.150,0.700,0.000,-0.8484,-0.5585,TRACKING,R+C
1786986274.068,55.6,0.000,0.777,0.895,0.5769,-0.0152,12.06,-0.87935,0.150,0.700,0.000,-0.8376,-0.5559,TRACKING,R+C
1786986274.085,55.6,0.000,0.777,0.895,0.5769,-0.0122,9.65,-0.70348,0.150,0.700,0.000,-0.8376,-0.5555,TRACKING,prediction
1786986274.103,55.6,0.000,0.777,0.895,0.5769,-0.0097,7.72,-0.56278,0.150,0.700,0.000,-0.8376,-0.5554,TRACKING,prediction
1786986274.121,55.6,0.000,0.777,0.895,0.5769,-0.0078,6.17,-0.45023,0.150,0.700,0.000,-0.8376,-0.5554,TRACKING,prediction
1786986274.126,55.6,0.000,0.777,0.895,0.5769,-0.0062,4.94,-0.36018,0.150,0.700,0.000,-0.8376,-0.5554,TRACKING,prediction
1786986274.143,55.6,0.000,0.726,0.879,0.5958,-0.0518,7.36,-1.15218,0.150,0.700,0.000,-1.0000,-0.6452,TRACKING,R+C
1786986274.169,55.6,0.000,0.726,0.879,0.5958,-0.0415,5.89,-0.92174,0.150,0.700,0.000,-1.0000,-0.6582,TRACKING,prediction
1786986274.174,56.9,0.000,0.795,0.879,0.5942,-0.0426,12.28,-0.73015,0.150,0.700,0.000,-1.0000,-0.6599,TRACKING,R+C
1786986274.193,56.9,0.000,0.792,0.882,0.5878,-0.0400,11.83,-0.74441,0.150,0.700,0.000,-1.0000,-0.6599,TRACKING,R+C
1786986274.206,56.9,0.000,0.797,0.880,0.5817,-0.0373,11.67,-0.71609,0.150,0.700,0.000,-1.0000,-0.6595,TRACKING,R+C
1786986274.234,56.9,0.000,0.797,0.880,0.5817,-0.0298,9.33,-0.57287,0.150,0.700,0.000,-1.0000,-0.6595,TRACKING,prediction
1786986274.249,56.9,0.000,0.798,0.881,0.5691,-0.0324,10.74,-0.76118,0.150,0.700,0.000,-0.9616,-0.6383,TRACKING,R+C
1786986274.259,56.9,0.000,0.802,0.880,0.5683,-0.0308,11.25,-0.68299,0.150,0.700,0.000,-0.9510,-0.6292,TRACKING,R+C
1786986274.275,56.9,0.000,0.799,0.882,0.5703,-0.0329,11.09,-0.67835,0.150,0.700,0.000,-0.9663,-0.6363,TRACKING,R+C
1786986274.290,56.9,0.000,0.798,0.878,0.5746,-0.0392,10.41,-0.73870,0.150,0.700,0.000,-1.0000,-0.6559,TRACKING,R+C
1786986274.314,56.9,0.000,0.798,0.878,0.5746,-0.0313,8.33,-0.59096,0.150,0.700,0.000,-1.0000,-0.6588,TRACKING,prediction
1786986274.323,56.9,0.000,0.812,0.872,0.5834,-0.0551,11.07,-0.63069,0.150,0.700,0.000,-1.0000,-0.6604,TRACKING,R+C
1786986274.338,56.9,0.000,0.812,0.872,0.5834,-0.0441,8.86,-0.50455,0.150,0.700,0.000,-1.0000,-0.6605,TRACKING,prediction
1786986274.366,56.9,0.000,0.824,0.854,0.5868,-0.0677,10.95,-0.60708,0.150,0.700,0.000,-1.0000,-0.6614,TRACKING,R+C
1786986274.382,56.9,0.000,0.832,0.848,0.5862,-0.0699,10.87,-0.58212,0.150,0.700,0.000,-1.0000,-0.6615,TRACKING,R+C
1786986274.400,56.9,0.000,0.832,0.849,0.5841,-0.0691,10.26,-0.60740,0.150,0.700,0.000,-1.0000,-0.6613,TRACKING,R+C
1786986274.412,56.9,0.000,0.832,0.844,0.5787,-0.0666,9.87,-0.60982,0.150,0.700,0.000,-1.0000,-0.6609,TRACKING,R+C
1786986274.430,56.9,0.000,0.830,0.856,0.5713,-0.0624,9.76,-0.58122,0.150,0.700,0.000,-1.0000,-0.6604,TRACKING,R+C
1786986274.447,56.9,0.000,0.830,0.867,0.5637,-0.0579,9.68,-0.55985,0.150,0.700,0.000,-1.0000,-0.6600,TRACKING,R+C
1786986274.454,56.9,0.000,0.826,0.870,0.5560,-0.0534,9.18,-0.57035,0.150,0.700,0.000,-1.0000,-0.6594,TRACKING,R+C
1786986274.476,56.9,0.000,0.818,0.871,0.5537,-0.0485,8.31,-0.63764,0.150,0.700,0.000,-1.0000,-0.6589,TRACKING,R+C
1786986274.488,56.9,0.000,0.814,0.880,0.5511,-0.0438,8.00,-0.63558,0.150,0.700,0.000,-0.9860,-0.6509,TRACKING,R+C
1786986274.501,56.9,0.000,0.818,0.877,0.5487,-0.0391,7.53,-0.66121,0.150,0.700,0.000,-0.9345,-0.6214,TRACKING,R+C
1786986274.517,56.9,0.000,0.818,0.895,0.5423,-0.0345,7.52,-0.63324,0.150,0.700,0.000,-0.8859,-0.5903,TRACKING,R+C
1786986274.533,56.9,0.000,0.823,0.889,0.5353,-0.0300,7.17,-0.65101,0.150,0.700,0.000,-0.8306,-0.5553,TRACKING,R+C
1786986274.549,56.9,0.000,0.823,0.889,0.5353,-0.0240,5.74,-0.52081,0.150,0.700,0.000,-0.8306,-0.5501,TRACKING,prediction
1786986274.565,56.9,0.000,0.811,0.909,0.5190,-0.0222,5.10,-0.77290,0.150,0.700,0.000,-0.6877,-0.4704,TRACKING,R+C
1786986274.587,56.9,0.591,0.804,0.924,0.4655,-0.0142,6.12,-0.68175,0.150,0.700,0.000,-0.6031,-0.4117,TRACKING,L+C+R_fused
1786986274.606,56.9,0.591,0.804,0.924,0.4655,-0.0114,4.90,-0.54540,0.150,0.700,0.000,-0.6031,-0.4031,TRACKING,prediction
1786986274.613,56.9,0.870,0.808,0.926,0.5276,-0.0036,5.76,-0.69251,0.150,0.180,0.000,-0.4331,-0.3073,TRACKING,L+C+R_fused
1786986274.629,56.9,0.870,0.808,0.926,0.5276,-0.0029,4.61,-0.55401,0.150,0.180,0.000,-0.4331,-0.4260,TRACKING,prediction
1786986274.658,56.9,0.832,0.814,0.645,0.5113,0.0009,5.39,-0.71938,0.150,0.180,0.000,-0.3494,-0.3720,TRACKING,L+C+R_fused
1786986274.670,56.9,0.860,0.809,0.921,0.5172,-0.0007,5.36,-0.72750,0.150,0.180,0.000,-0.3763,-0.3869,TRACKING,L+C+R_fused
1786986274.696,56.9,0.808,0.807,0.911,0.5261,-0.0046,5.23,-0.74439,0.150,0.700,0.000,-0.4368,-0.4404,TRACKING,L+C+R_fused
1786986274.716,56.9,0.962,0.808,0.895,0.5186,-0.0101,4.94,-0.76566,0.150,0.700,0.000,-0.5123,-0.3564,TRACKING,L+C+R_fused
1786986274.731,56.9,0.613,0.803,0.901,0.4160,-0.0137,5.73,-0.70089,0.150,0.700,0.000,-0.5856,-0.3852,TRACKING,L+C+R_fused
1786986274.750,56.9,0.000,0.806,0.901,0.5278,-0.0176,6.21,-0.67170,0.150,0.700,0.000,-0.6519,-0.4261,TRACKING,R+C
1786986274.753,56.9,0.000,0.806,0.901,0.5278,-0.0141,4.97,-0.53736,0.150,0.700,0.000,-0.6519,-0.4322,TRACKING,prediction
1786986274.770,56.9,0.000,0.805,0.896,0.5320,-0.0191,6.22,-0.67686,0.150,0.700,0.000,-0.6727,-0.4446,TRACKING,R+C
1786986274.801,56.9,0.000,0.805,0.896,0.5320,-0.0153,4.98,-0.54149,0.150,0.700,0.000,-0.6727,-0.4464,TRACKING,prediction
1786986274.817,56.9,0.000,0.805,0.896,0.5320,-0.0122,3.98,-0.43319,0.150,0.700,0.000,-0.6727,-0.4467,TRACKING,prediction
1786986274.833,56.9,0.956,0.796,0.879,0.5276,-0.0025,5.83,-0.68314,0.150,0.180,0.000,-0.4173,-0.3050,TRACKING,L+C+R_fused
1786986274.856,56.9,0.953,0.797,0.912,0.5267,0.0046,5.89,-0.66875,0.150,0.700,0.000,-0.3012,-0.3137,TRACKING,L+C+R_fused
1786986274.870,56.9,0.947,0.794,0.916,0.5105,0.0105,4.88,-0.74355,0.150,0.700,0.000,-0.1686,-0.1461,TRACKING,L+C+R_fused
1786986274.885,56.9,0.952,0.792,0.918,0.5088,0.0194,5.35,-0.71930,0.150,0.180,0.000,-0.0295,-0.0441,TRACKING,L+C+R_fused
1786986274.909,56.9,0.950,0.793,0.871,0.5012,0.0251,5.21,-0.73714,0.150,0.700,0.000,0.0756,0.0482,TRACKING,L+C+R_fused
1786986274.929,56.9,0.941,0.800,0.910,0.5025,0.0294,4.74,-0.79371,0.150,0.180,0.000,0.1607,0.0925,TRACKING,L+C+R_fused
1786986274.948,56.9,0.941,0.802,0.908,0.5031,0.0316,5.08,-0.77872,0.150,0.700,0.000,0.1881,0.1663,TRACKING,L+C+R_fused
1786986274.964,56.9,0.943,0.802,0.794,0.5015,0.0308,5.36,-0.77500,0.150,0.700,0.000,0.1609,0.1099,TRACKING,L+C+R_fused
1786986274.975,56.9,0.944,0.800,0.803,0.4981,0.0275,5.42,-0.79836,0.150,0.700,0.000,0.0972,0.0647,TRACKING,L+C+R_fused
1786986274.991,56.9,0.948,0.799,0.859,0.4973,0.0229,5.31,-0.82149,0.150,0.700,0.000,0.0151,0.0116,TRACKING,L+C+R_fused
1786986275.010,56.9,0.955,0.796,0.908,0.4958,0.0189,5.75,-0.81862,0.150,0.700,0.000,-0.0750,-0.0470,TRACKING,L+C+R_fused
1786986275.035,56.9,0.953,0.792,0.911,0.4949,0.0145,5.92,-0.83412,0.150,0.700,0.000,-0.1628,-0.1049,TRACKING,L+C+R_fused
1786986275.054,56.9,0.956,0.788,0.921,0.4934,0.0094,5.33,-0.93110,0.150,0.700,0.000,-0.2419,-0.1579,TRACKING,L+C+R_fused
1786986275.072,56.9,0.953,0.793,0.912,0.4760,0.0048,5.87,-0.90417,0.150,0.700,0.000,-0.3382,-0.2193,TRACKING,L+C+R_fused
1786986275.092,56.9,0.378,0.798,0.911,0.4965,-0.0007,6.32,-0.88122,0.150,0.700,0.000,-0.4414,-0.2858,TRACKING,L+C+R_fused
1786986275.105,56.9,0.000,0.797,0.905,0.4995,-0.0058,6.08,-0.92531,0.150,0.700,0.000,-0.5174,-0.3378,TRACKING,R+C
1786986275.121,56.9,0.000,0.804,0.902,0.5077,-0.0118,5.66,-0.94177,0.150,0.700,0.000,-0.5917,-0.3866,TRACKING,R+C
1786986275.137,56.9,0.000,0.799,0.872,0.5139,-0.0153,5.45,-0.99631,0.150,0.700,0.000,-0.6400,-0.4207,TRACKING,R+C
1786986275.141,56.9,0.000,0.805,0.881,0.5221,-0.0167,6.36,-0.89093,0.150,0.700,0.000,-0.6757,-0.4452,TRACKING,R+C
1786986275.156,56.9,0.000,0.805,0.890,0.5273,-0.0179,6.80,-0.84671,0.150,0.700,0.000,-0.6991,-0.4617,TRACKING,R+C
1786986275.183,58.5,0.000,0.794,0.886,0.5271,-0.0171,6.02,-0.91791,0.150,0.700,0.000,-0.6726,-0.4496,TRACKING,R+C
1786986275.199,58.5,0.000,0.784,0.879,0.5214,-0.0125,5.50,-0.98978,0.150,0.700,0.000,-0.6027,-0.4094,TRACKING,R+C
1786986275.204,58.5,0.000,0.787,0.892,0.5172,-0.0063,6.10,-0.90638,0.150,0.700,0.000,-0.5224,-0.3588,TRACKING,R+C
1786986275.228,58.5,0.000,0.771,0.893,0.5092,-0.0032,4.04,-1.08169,0.150,0.700,0.000,-0.4212,-0.2954,TRACKING,R+C
1786986275.238,58.5,0.000,0.778,0.899,0.5081,0.0020,4.11,-1.07462,0.150,0.700,0.000,-0.3389,-0.2402,TRACKING,R+C
1786986275.259,58.5,0.000,0.786,0.894,0.5056,0.0071,5.01,-0.99389,0.150,0.700,0.000,-0.2786,-0.1984,TRACKING,R+C
1786986275.275,58.5,0.000,0.780,0.887,0.5057,0.0072,5.07,-0.99667,0.150,0.700,0.000,-0.2802,-0.1932,TRACKING,R+C
1786986275.283,58.5,0.000,0.780,0.887,0.5083,0.0049,5.36,-0.98238,0.150,0.700,0.000,-0.3288,-0.2195,TRACKING,R+C
1786986275.308,58.5,0.000,0.780,0.887,0.5083,0.0039,4.29,-0.78590,0.150,0.700,0.000,-0.3288,-0.2233,TRACKING,prediction
1786986275.328,58.5,0.000,0.775,0.862,0.5096,0.0029,5.08,-1.03992,0.150,0.700,0.000,-0.3603,-0.2416,TRACKING,R+C
1786986275.349,58.5,0.000,0.774,0.867,0.5095,0.0048,5.28,-1.02541,0.150,0.700,0.000,-0.3344,-0.2299,TRACKING,R+C
1786986275.364,58.5,0.000,0.773,0.881,0.5053,0.0087,4.40,-1.09479,0.150,0.700,0.000,-0.2420,-0.1768,TRACKING,R+C
1786986275.391,58.5,0.000,0.773,0.881,0.5053,0.0070,3.52,-0.87583,0.150,0.700,0.000,-0.2420,-0.1690,TRACKING,prediction
1786986275.406,58.5,0.000,0.762,0.889,0.4982,0.0214,4.57,-1.10661,0.150,0.700,0.000,-0.0295,-0.0493,TRACKING,R+C
1786986275.421,58.5,0.000,0.762,0.887,0.4931,0.0267,4.76,-1.10338,0.150,0.700,0.000,0.0556,0.0162,TRACKING,R+C
1786986275.434,58.5,0.000,0.772,0.893,0.4887,0.0312,5.18,-1.07885,0.150,0.700,0.000,0.1215,0.0632,TRACKING,R+C
1786986275.452,58.5,0.000,0.757,0.885,0.4877,0.0337,3.89,-1.23901,0.150,0.700,0.000,0.1931,0.1101,TRACKING,R+C
1786986275.465,58.5,0.743,0.752,0.894,0.4880,0.0391,3.62,-1.27424,0.150,0.700,0.000,0.2917,0.1728,TRACKING,L+C+R_fused
1786986275.481,58.5,0.943,0.754,0.887,0.4916,0.0445,2.31,-1.41008,0.150,0.700,0.000,0.4119,0.2498,TRACKING,L+C+R_fused
1786986275.499,58.5,0.943,0.754,0.887,0.4916,0.0356,1.84,-1.12807,0.150,0.700,0.000,0.4119,0.2612,TRACKING,prediction
1786986275.529,58.5,0.918,0.754,0.901,0.4947,0.0560,4.08,-1.33168,0.150,0.700,0.000,0.5316,0.3306,TRACKING,L+C+R_fused
1786986275.545,58.5,0.924,0.771,0.873,0.4952,0.0590,5.34,-1.23474,0.150,0.180,0.000,0.5425,0.3471,TRACKING,L+C+R_fused
1786986275.560,58.5,0.953,0.761,0.880,0.4980,0.0574,4.63,-1.36245,0.150,0.700,0.000,0.5263,0.4937,TRACKING,L+C+R_fused
1786986275.583,58.5,0.000,0.747,0.883,0.4692,0.0548,4.08,-1.46440,0.150,0.700,0.000,0.4927,0.3427,TRACKING,R+C
1786986275.600,58.5,0.000,0.755,0.878,0.4770,0.0499,3.90,-1.50273,0.150,0.700,0.000,0.4168,0.2765,TRACKING,R+C
1786986275.615,58.5,0.000,0.753,0.872,0.4959,0.0478,5.66,-1.40350,0.150,0.700,0.000,0.3252,0.2148,TRACKING,R+C
1786986275.620,58.5,0.000,0.749,0.866,0.4969,0.0441,6.68,-1.34667,0.150,0.700,0.000,0.2284,0.1508,TRACKING,R+C
1786986275.643,58.5,0.000,0.753,0.856,0.5086,0.0400,7.57,-1.29526,0.150,0.700,0.000,0.1261,0.0835,TRACKING,R+C
1786986275.652,58.5,0.000,0.745,0.852,0.5202,0.0348,7.42,-1.37015,0.150,0.180,0.000,0.0260,0.0165,TRACKING,R+C
1786986275.667,58.5,0.000,0.739,0.858,0.5290,0.0292,7.29,-1.43306,0.150,0.180,0.000,-0.0783,-0.0845,TRACKING,R+C
1786986275.685,58.5,0.000,0.734,0.850,0.5321,0.0231,7.31,-1.47098,0.150,0.700,0.000,-0.1948,-0.1971,TRACKING,R+C
1786986275.699,58.5,0.000,0.737,0.831,0.5374,0.0146,6.34,-1.58285,0.150,0.180,0.000,-0.3159,-0.2147,TRACKING,R+C
1786986275.731,58.5,0.000,0.737,0.831,0.5374,0.0116,5.07,-1.26628,0.150,0.180,0.000,-0.3159,-0.3199,TRACKING,prediction
1786986275.753,58.5,0.000,0.737,0.831,0.5374,0.0093,4.06,-1.01302,0.150,0.700,0.000,-0.3159,-0.3341,TRACKING,prediction
1786986275.774,58.5,0.000,0.737,0.831,0.5374,0.0075,3.25,-0.81042,0.150,0.180,0.000,-0.3159,-0.2351,TRACKING,prediction
1786986275.788,58.5,0.000,0.733,0.807,0.5820,-0.0081,8.78,-1.58239,0.150,0.180,0.000,-0.7404,-0.6775,TRACKING,R+C
1786986275.807,58.5,0.000,0.746,0.802,0.5833,-0.0086,10.38,-1.42185,0.150,0.180,0.000,-0.7776,-0.7711,TRACKING,R+C
1786986275.824,58.5,0.000,0.753,0.804,0.5909,-0.0094,9.55,-1.52600,0.150,0.700,0.000,-0.7744,-0.7826,TRACKING,R+C
1786986275.842,58.5,0.000,0.753,0.804,0.5909,-0.0075,7.64,-1.22080,0.150,0.700,0.000,-0.7744,-0.5556,TRACKING,prediction
1786986275.855,58.5,0.000,0.732,0.806,0.5871,-0.0044,9.10,-1.70579,0.150,0.700,0.000,-0.7225,-0.4943,TRACKING,R+C
1786986275.871,58.5,0.000,0.729,0.799,0.5853,-0.0039,9.16,-1.73212,0.150,0.180,0.000,-0.7215,-0.4846,TRACKING,R+C
1786986275.888,58.5,0.000,0.733,0.803,0.5905,-0.0051,10.76,-1.55020,0.150,0.180,0.000,-0.7652,-0.7340,TRACKING,R+C
1786986275.925,58.5,0.000,0.725,0.808,0.6027,-0.0110,10.77,-1.58719,0.150,0.700,0.000,-0.8383,-0.8296,TRACKING,R+C
1786986275.939,58.5,0.000,0.725,0.808,0.6027,-0.0088,8.61,-1.26975,0.150,0.180,0.000,-0.8383,-0.5980,TRACKING,prediction
1786986275.970,58.5,0.000,0.720,0.806,0.6148,-0.0216,8.76,-2.01346,0.150,0.180,0.000,-0.9367,-0.8907,TRACKING,R+C
1786986275.988,58.5,0.000,0.728,0.801,0.6220,-0.0228,9.51,-1.96084,0.150,0.180,0.000,-0.9620,-0.9532,TRACKING,R+C
1786986276.002,58.5,0.000,0.736,0.798,0.6295,-0.0228,10.08,-1.93051,0.150,0.700,0.000,-0.9732,-0.9716,TRACKING,R+C
1786986276.017,58.5,0.000,0.740,0.802,0.6323,-0.0225,10.73,-1.86523,0.150,0.700,0.000,-0.9809,-0.6980,TRACKING,R+C
1786986276.045,58.5,0.000,0.740,0.802,0.6323,-0.0180,8.59,-1.49219,0.150,0.700,0.000,-0.9809,-0.6570,TRACKING,prediction
1786986276.062,58.5,0.000,0.740,0.802,0.6323,-0.0144,6.87,-1.19375,0.150,0.700,0.000,-0.9809,-0.6509,TRACKING,prediction
1786986276.072,58.5,0.000,0.735,0.819,0.6535,-0.0305,14.59,-1.45995,0.150,0.700,0.000,-1.0000,-0.6611,TRACKING,R+C
1786986276.087,58.5,0.000,0.735,0.819,0.6535,-0.0244,11.67,-1.16796,0.150,0.700,0.000,-1.0000,-0.6624,TRACKING,prediction
1786986276.119,58.5,0.000,0.746,0.816,0.6644,-0.0356,17.63,-1.09419,0.150,0.700,0.000,-1.0000,-0.6631,TRACKING,R+C
1786986276.135,58.5,0.000,0.753,0.808,0.6650,-0.0355,19.32,-0.87905,0.150,0.180,0.000,-1.0000,-0.6631,TRACKING,R+C
1786986276.155,58.5,0.000,0.753,0.808,0.6650,-0.0284,15.46,-0.70324,0.150,0.700,0.000,-1.0000,-0.9509,TRACKING,prediction
1786986276.173,58.5,0.000,0.753,0.808,0.6650,-0.0227,12.37,-0.56259,0.150,0.700,0.000,-1.0000,-0.7061,TRACKING,prediction
1786986276.191,55.6,0.000,0.753,0.808,0.6650,-0.0182,9.89,-0.45008,0.150,0.180,0.000,-1.0000,-0.6696,TRACKING,prediction
1786986276.207,55.6,0.000,0.749,0.806,0.6678,-0.0334,23.39,-0.29243,0.171,0.700,0.000,-1.0000,-0.9517,TRACKING,R+C
1786986276.223,55.6,0.000,0.749,0.806,0.6678,-0.0267,18.71,-0.23395,0.171,0.700,0.000,-1.0000,-0.7056,TRACKING,prediction
1786986276.248,55.6,0.000,0.749,0.806,0.6678,-0.0214,14.97,-0.18716,0.171,0.700,0.000,-1.0000,-0.6689,TRACKING,prediction
1786986276.267,55.6,0.000,0.749,0.806,0.6678,-0.0171,11.98,-0.14973,0.171,0.700,0.000,-1.0000,-0.6634,TRACKING,prediction
1786986276.273,55.6,0.000,0.749,0.806,0.6678,-0.0137,9.58,-0.11978,0.171,0.700,0.000,-1.0000,-0.6626,TRACKING,prediction
1786986276.304,55.6,0.000,0.749,0.806,0.6678,-0.0109,7.66,-0.09582,0.171,0.700,0.000,-1.0000,-0.6625,TRACKING,prediction
1786986276.321,55.6,0.000,0.749,0.806,0.6678,-0.0088,6.13,-0.07666,0.171,0.700,0.000,-1.0000,-0.6625,TRACKING,prediction
1786986276.336,55.6,0.000,0.749,0.806,0.6678,-0.0070,4.91,-0.06133,0.171,0.700,0.000,-1.0000,-0.6625,TRACKING,prediction
1786986276.352,55.6,0.000,0.749,0.806,0.6678,-0.0056,3.92,-0.04906,0.171,0.700,0.000,-1.0000,-0.6625,TRACKING,prediction
1786986276.376,55.6,0.000,0.749,0.806,0.6678,-0.0045,3.14,-0.03925,0.171,0.686,0.000,-1.0000,-0.6625,TRACKING,prediction
1786986276.384,55.6,0.000,0.749,0.806,0.6678,-0.0036,2.51,-0.03140,0.171,0.651,0.000,-1.0000,-0.6706,TRACKING,prediction
1786986276.412,55.6,0.000,0.749,0.806,0.6678,-0.0029,2.01,-0.02512,0.171,0.619,0.000,-1.0000,-0.6912,TRACKING,prediction
1786986276.418,55.6,0.000,0.749,0.806,0.6678,-0.0023,1.61,-0.02010,0.171,0.588,0.000,-1.0000,-0.7126,TRACKING,prediction
1786986276.448,55.6,0.000,0.749,0.806,0.6678,-0.0018,1.29,-0.01608,0.171,0.490,0.000,-1.0000,-0.7332,UNCERTAIN,prediction
1786986276.469,55.6,0.000,0.749,0.806,0.6678,-0.0015,1.03,-0.01286,0.171,0.490,0.000,-1.0000,-0.7910,UNCERTAIN,prediction
1786986276.488,55.6,0.000,0.749,0.806,0.6678,-0.0012,0.82,-0.01029,0.171,0.490,0.000,-1.0000,-0.7995,UNCERTAIN,prediction
1786986276.505,55.6,0.000,0.749,0.806,0.6678,-0.0009,0.66,-0.00823,0.171,0.479,0.000,-1.0000,-0.8008,UNCERTAIN,prediction
1786986276.525,55.6,0.000,0.749,0.806,0.6678,-0.0008,0.53,-0.00659,0.171,0.455,0.000,-1.0000,-0.8071,UNCERTAIN,prediction
1786986276.530,55.6,0.000,0.749,0.806,0.6678,-0.0006,0.42,-0.00527,0.171,0.432,0.000,-1.0000,-0.8214,UNCERTAIN,prediction
1786986276.546,55.6,0.000,0.833,0.788,0.6229,-0.1150,10.59,0.06489,0.194,0.700,0.000,-1.0000,-0.8363,TRACKING,R+C
1786986276.577,55.6,0.000,0.833,0.788,0.6229,-0.0920,8.47,0.05191,0.194,0.700,0.000,-1.0000,-0.6886,TRACKING,prediction
1786986276.600,55.6,0.000,0.844,0.798,0.6080,-0.1090,9.85,0.10799,0.189,0.700,0.000,-1.0000,-0.6659,TRACKING,R+C
1786986276.616,55.6,0.000,0.823,0.802,0.5989,-0.1074,7.77,-0.02901,0.197,0.180,0.000,-1.0000,-0.6622,TRACKING,R+C
1786986276.628,55.6,0.000,0.841,0.809,0.5909,-0.1018,8.65,0.11464,0.189,0.180,0.000,-1.0000,-0.9505,TRACKING,R+C
1786986276.643,55.6,0.000,0.802,0.814,0.5821,-0.1008,5.10,-0.16648,0.183,0.700,0.000,-1.0000,-0.9926,TRACKING,R+C
1786986276.662,55.6,0.000,0.824,0.819,0.5768,-0.0941,6.31,-0.00893,0.199,0.700,0.000,-0.9379,-0.6764,TRACKING,R+C
1786986276.675,55.6,0.000,0.818,0.825,0.5669,-0.0893,5.34,-0.04179,0.196,0.700,0.000,-0.9173,-0.6173,TRACKING,R+C
1786986276.693,55.6,0.000,0.815,0.833,0.5589,-0.0832,4.64,-0.07093,0.193,0.700,0.000,-0.8880,-0.5920,TRACKING,R+C
1786986276.715,55.6,0.000,0.823,0.837,0.5523,-0.0773,3.92,-0.10491,0.190,0.700,0.000,-0.8612,-0.5731,TRACKING,R+C
1786986276.731,55.6,0.000,0.813,0.848,0.5456,-0.0704,3.42,-0.11117,0.189,0.700,0.000,-0.8066,-0.5399,TRACKING,R+C
1786986276.739,55.6,0.370,0.761,0.848,0.4663,-0.0690,-2.11,-0.59813,0.150,0.700,0.000,-0.9779,-0.6272,TRACKING,L+C+R_fused
1786986276.772,55.6,0.946,0.779,0.849,0.5027,-0.0579,-0.30,-0.42924,0.157,0.700,0.000,-0.8425,-0.5660,TRACKING,L+C+R_fused
1786986276.789,55.6,0.948,0.764,0.854,0.5013,-0.0513,-2.05,-0.56901,0.150,0.700,0.000,-0.7966,-0.5311,TRACKING,L+C+R_fused
1786986276.804,55.6,0.945,0.738,0.867,0.5009,-0.0468,-4.45,-0.80072,0.150,0.700,0.000,-0.6990,-0.4722,TRACKING,L+C+R_fused
1786986276.820,55.6,0.943,0.772,0.866,0.4939,-0.0408,-3.18,-0.65579,0.150,0.700,0.000,-0.6419,-0.4315,TRACKING,L+C+R_fused
1786986276.828,55.6,0.949,0.759,0.879,0.5013,-0.0418,-5.98,-0.93193,0.150,0.700,0.000,-0.5993,-0.4023,TRACKING,L+C+R_fused
1786986276.858,55.6,0.947,0.704,0.869,0.5010,-0.0474,-11.15,-1.41447,0.150,0.700,0.000,-0.5708,-0.3830,TRACKING,L+C+R_fused
1786986276.878,55.6,0.953,0.721,0.879,0.4819,-0.0462,-9.92,-1.37998,0.150,0.700,0.000,-0.5907,-0.3912,TRACKING,L+C+R_fused
1786986276.885,55.6,0.000,0.723,0.877,0.5064,-0.0473,-10.05,-1.44732,0.150,0.700,0.000,-0.6129,-0.4049,TRACKING,R+C
1786986276.900,55.6,0.000,0.734,0.874,0.5097,-0.0486,-9.66,-1.45243,0.150,0.700,0.000,-0.6436,-0.4241,TRACKING,R+C
1786986276.926,55.6,0.000,0.746,0.873,0.5109,-0.0512,-10.74,-1.57831,0.150,0.700,0.000,-0.6619,-0.4373,TRACKING,R+C
1786986276.940,55.6,0.000,0.760,0.869,0.5143,-0.0531,-10.74,-1.62629,0.150,0.700,0.000,-0.6935,-0.4569,TRACKING,R+C
1786986276.955,55.6,0.000,0.769,0.866,0.5169,-0.0511,-9.93,-1.63638,0.150,0.700,0.000,-0.6945,-0.4604,TRACKING,R+C
1786986276.971,55.6,0.000,0.760,0.875,0.5199,-0.0479,-9.57,-1.68587,0.150,0.700,0.000,-0.6712,-0.4484,TRACKING,R+C
1786986277.003,55.6,0.000,0.773,0.874,0.5206,-0.0415,-9.06,-1.71554,0.150,0.700,0.000,-0.6056,-0.4105,TRACKING,R+C
1786986277.019,55.6,0.000,0.769,0.883,0.5169,-0.0304,-7.40,-1.66070,0.150,0.700,0.000,-0.4943,-0.3433,TRACKING,R+C
1786986277.035,55.6,0.000,0.773,0.881,0.5100,-0.0204,-6.99,-1.68401,0.150,0.700,0.000,-0.3563,-0.2569,TRACKING,R+C
1786986277.051,55.6,0.000,0.776,0.883,0.5032,-0.0096,-6.35,-1.70190,0.150,0.700,0.000,-0.2028,-0.1589,TRACKING,R+C
1786986277.066,55.6,0.000,0.764,0.877,0.4948,0.0008,-5.89,-1.74207,0.150,0.700,0.000,-0.0486,-0.0587,TRACKING,R+C
1786986277.082,55.6,0.000,0.771,0.884,0.4889,0.0121,-4.36,-1.69405,0.150,0.700,0.000,0.0953,0.0370,TRACKING,R+C
1786986277.106,55.6,0.000,0.769,0.904,0.4860,0.0233,-3.25,-1.67286,0.150,0.700,0.000,0.2472,0.1369,TRACKING,R+C
1786986277.143,55.6,0.865,0.771,0.901,0.4769,0.0335,-2.54,-1.67143,0.150,0.700,0.000,0.3869,0.2305,TRACKING,L+C+R_fused
1786986277.162,55.6,0.943,0.776,0.909,0.4991,0.0421,-1.89,-1.67764,0.150,0.700,0.000,0.4950,0.3053,TRACKING,L+C+R_fused
1786986277.175,55.6,0.930,0.781,0.907,0.5022,0.0478,-1.60,-1.69596,0.150,0.700,0.000,0.5667,0.3569,TRACKING,L+C+R_fused
1786986277.207,54.1,0.943,0.783,0.905,0.4997,0.0543,0.53,-1.58810,0.150,0.700,0.000,0.5985,0.3825,TRACKING,L+C+R_fused
1786986277.223,54.1,0.950,0.784,0.910,0.5122,0.0564,1.74,-1.55660,0.150,0.700,0.000,0.5894,0.3808,TRACKING,L+C+R_fused
1786986277.240,54.1,0.950,0.784,0.910,0.5122,0.0451,1.39,-1.24528,0.150,0.700,0.000,0.5894,0.3806,TRACKING,prediction
1786986277.260,54.1,0.000,0.780,0.910,0.4767,0.0547,4.26,-1.46814,0.150,0.700,0.000,0.4837,0.3200,TRACKING,R+C
1786986277.267,54.1,0.000,0.774,0.905,0.4835,0.0529,5.43,-1.41456,0.150,0.700,0.000,0.4167,0.2730,TRACKING,R+C
1786986277.291,54.1,0.000,0.771,0.900,0.4957,0.0501,6.36,-1.39482,0.150,0.700,0.000,0.3346,0.2193,TRACKING,R+C
1786986277.308,54.1,0.000,0.761,0.885,0.5074,0.0478,7.11,-1.40937,0.150,0.700,0.000,0.2611,0.1694,TRACKING,R+C
1786986277.326,54.1,0.000,0.767,0.888,0.5253,0.0454,9.35,-1.23045,0.150,0.700,0.000,0.1491,0.0989,TRACKING,R+C
1786986277.344,54.1,0.000,0.762,0.890,0.5352,0.0418,10.98,-1.10332,0.150,0.700,0.000,0.0322,0.0225,TRACKING,R+C
1786986277.356,54.1,0.000,0.757,0.889,0.5355,0.0364,11.47,-1.12154,0.150,0.700,0.000,-0.0922,-0.0588,TRACKING,R+C
1786986277.376,54.1,0.000,0.755,0.879,0.5533,0.0286,10.38,-1.32037,0.150,0.700,0.000,-0.2145,-0.1395,TRACKING,R+C
1786986277.393,54.1,0.000,0.757,0.890,0.5681,0.0218,10.84,-1.32558,0.150,0.700,0.000,-0.3512,-0.2273,TRACKING,R+C
1786986277.407,54.1,0.000,0.760,0.872,0.5796,0.0160,12.53,-1.18058,0.150,0.180,0.000,-0.4913,-0.3175,TRACKING,R+C
1786986277.412,54.1,0.000,0.765,0.864,0.5892,0.0049,10.85,-1.33729,0.150,0.700,0.000,-0.6099,-0.5810,TRACKING,R+C
1786986277.429,54.1,0.000,0.765,0.864,0.5892,0.0039,8.68,-1.06983,0.150,0.700,0.000,-0.6099,-0.4345,TRACKING,prediction
1786986277.457,54.1,0.000,0.763,0.856,0.6078,-0.0107,12.00,-1.27812,0.150,0.180,0.000,-0.8345,-0.5371,TRACKING,R+C
1786986277.474,54.1,0.000,0.761,0.843,0.6217,-0.0215,11.38,-1.35631,0.150,0.180,0.000,-0.9362,-0.8808,TRACKING,R+C
1786986277.490,54.1,0.000,0.754,0.832,0.6374,-0.0275,13.75,-1.12376,0.150,0.700,0.000,-1.0000,-0.9822,TRACKING,R+C
1786986277.507,54.1,0.000,0.762,0.828,0.6467,-0.0369,14.62,-1.02663,0.150,0.180,0.000,-1.0000,-0.7098,TRACKING,R+C
1786986277.521,54.1,0.000,0.765,0.824,0.6566,-0.0473,14.12,-1.10439,0.150,0.180,0.000,-1.0000,-0.9578,TRACKING,R+C
1786986277.546,54.1,0.000,0.765,0.824,0.6566,-0.0378,11.29,-0.88351,0.150,0.700,0.000,-1.0000,-0.9937,TRACKING,prediction
1786986277.565,54.1,0.000,0.765,0.824,0.6566,-0.0303,9.04,-0.70681,0.150,0.700,0.000,-1.0000,-0.7123,TRACKING,prediction
1786986277.587,54.1,0.000,0.765,0.824,0.6566,-0.0242,7.23,-0.56545,0.150,0.700,0.000,-1.0000,-0.6701,TRACKING,prediction
1786986277.604,54.1,0.000,0.765,0.824,0.6566,-0.0194,5.78,-0.45236,0.150,0.700,0.000,-1.0000,-0.6638,TRACKING,prediction
1786986277.608,54.1,0.000,0.765,0.824,0.6566,-0.0155,4.63,-0.36189,0.150,0.700,0.000,-1.0000,-0.6628,TRACKING,prediction
1786986277.624,54.1,0.000,0.765,0.824,0.6566,-0.0124,3.70,-0.28951,0.150,0.700,0.000,-1.0000,-0.6627,TRACKING,prediction
1786986277.657,54.1,0.000,0.765,0.824,0.6566,-0.0099,2.96,-0.23161,0.150,0.700,0.000,-1.0000,-0.6627,TRACKING,prediction
1786986277.672,54.1,0.000,0.765,0.824,0.6566,-0.0079,2.37,-0.18529,0.150,0.700,0.000,-1.0000,-0.6627,TRACKING,prediction
1786986277.688,54.1,0.000,0.765,0.824,0.6566,-0.0063,1.89,-0.14823,0.150,0.700,0.000,-1.0000,-0.6627,TRACKING,prediction
1786986277.709,54.1,0.000,0.765,0.824,0.6566,-0.0051,1.52,-0.11858,0.150,0.666,0.000,-1.0000,-0.6627,TRACKING,prediction
1786986277.731,54.1,0.000,0.765,0.824,0.6566,-0.0041,1.21,-0.09487,0.150,0.633,0.000,-1.0000,-0.6818,TRACKING,prediction
1786986277.751,54.1,0.000,0.765,0.824,0.6566,-0.0032,0.97,-0.07589,0.150,0.601,0.000,-1.0000,-0.7035,TRACKING,prediction
1786986277.767,54.1,0.000,0.765,0.824,0.6566,-0.0026,0.78,-0.06071,0.150,0.571,0.000,-1.0000,-0.7245,TRACKING,prediction
1786986277.783,54.1,0.000,0.858,0.778,0.6726,-0.1352,12.68,-0.66886,0.150,0.700,0.000,-1.0000,-0.7491,TRACKING,R+C
1786986277.804,54.1,0.000,0.864,0.778,0.6658,-0.1342,13.08,-0.57265,0.150,0.700,0.000,-1.0000,-0.6794,TRACKING,R+C
1786986277.814,54.1,0.000,0.864,0.778,0.6658,-0.1073,10.46,-0.45812,0.150,0.700,0.000,-1.0000,-0.6693,TRACKING,prediction
1786986277.845,54.1,0.000,0.864,0.778,0.6658,-0.0859,8.37,-0.36650,0.150,0.700,0.000,-1.0000,-0.6678,TRACKING,prediction
1786986277.861,54.1,0.000,0.881,0.787,0.6541,-0.1381,12.55,-0.48196,0.152,0.700,0.000,-1.0000,-0.6674,TRACKING,R+C
1786986277.877,54.1,0.000,0.889,0.790,0.6518,-0.1432,11.87,-0.52344,0.150,0.700,0.000,-1.0000,-0.6677,TRACKING,R+C
1786986277.893,54.1,0.000,0.910,0.790,0.6489,-0.1484,12.37,-0.35987,0.164,0.700,0.000,-1.0000,-0.6677,TRACKING,R+C
1786986277.909,54.1,0.000,0.910,0.791,0.6436,-0.1531,12.27,-0.33543,0.166,0.700,0.000,-1.0000,-0.6680,TRACKING,R+C
1786986277.925,54.1,0.000,0.910,0.791,0.6436,-0.1225,9.81,-0.26835,0.166,0.700,0.000,-1.0000,-0.6680,TRACKING,prediction
1786986277.943,54.1,0.000,0.899,0.787,0.6395,-0.1570,9.79,-0.59685,0.150,0.700,0.000,-1.0000,-0.6683,TRACKING,R+C
1786986277.959,54.1,0.892,0.790,0.000,0.6321,0.2297,25.49,-0.89078,0.150,0.700,0.000,1.0000,-0.2090,TRACKING,L+C
1786986277.974,54.1,0.000,0.897,0.794,0.6272,-0.1563,10.21,-0.44838,0.155,0.700,0.000,-1.0000,-0.6074,TRACKING,R+C
1786986277.992,54.1,0.000,0.897,0.794,0.6272,-0.1250,8.17,-0.35870,0.155,0.700,0.000,-1.0000,-0.6588,TRACKING,prediction
1786986277.996,54.1,0.000,0.897,0.794,0.6272,-0.1000,6.53,-0.28696,0.155,0.700,0.000,-1.0000,-0.6665,TRACKING,prediction
1786986278.011,54.1,0.000,0.895,0.802,0.6061,-0.1530,9.83,-0.24308,0.176,0.700,0.000,-1.0000,-0.6666,TRACKING,R+C
1786986278.040,54.1,0.884,0.810,0.000,0.6010,0.2206,25.10,-0.72127,0.150,0.700,0.000,1.0000,-0.2082,TRACKING,L+C
1786986278.056,54.1,0.884,0.810,0.000,0.6010,0.1765,20.08,-0.57702,0.150,0.700,0.000,1.0000,0.2134,TRACKING,prediction
1786986278.061,54.1,0.000,0.873,0.816,0.5907,-0.1458,8.16,-0.30502,0.169,0.700,0.000,-1.0000,-0.2598,TRACKING,R+C
1786986278.075,54.1,0.000,0.873,0.816,0.5907,-0.1167,6.53,-0.24401,0.169,0.700,0.000,-1.0000,-0.6049,TRACKING,prediction
1786986278.106,54.1,0.000,0.873,0.816,0.5907,-0.0933,5.22,-0.19521,0.169,0.700,0.000,-1.0000,-0.6567,TRACKING,prediction
1786986278.124,54.1,0.000,0.873,0.816,0.5907,-0.0747,4.18,-0.15617,0.169,0.700,0.000,-1.0000,-0.6644,TRACKING,prediction
1786986278.142,54.1,0.000,0.873,0.816,0.5907,-0.0597,3.34,-0.12493,0.169,0.700,0.000,-1.0000,-0.6656,TRACKING,prediction
1786986278.155,54.1,0.000,0.873,0.816,0.5907,-0.0478,2.67,-0.09995,0.169,0.700,0.000,-1.0000,-0.6658,TRACKING,prediction
1786986278.171,54.1,0.000,0.873,0.816,0.5907,-0.0382,2.14,-0.07996,0.169,0.700,0.000,-1.0000,-0.6658,TRACKING,prediction
1786986278.189,54.1,0.000,0.873,0.816,0.5907,-0.0306,1.71,-0.06397,0.169,0.700,0.000,-1.0000,-0.6658,TRACKING,prediction
1786986278.202,54.1,0.000,0.894,0.838,0.5696,-0.1214,4.99,-0.44008,0.156,0.700,0.000,-1.0000,-0.6631,TRACKING,R+C
1786986278.224,58.0,0.000,0.878,0.849,0.5655,-0.1170,4.42,-0.49853,0.150,0.700,0.000,-1.0000,-0.6627,TRACKING,R+C
1786986278.234,58.0,0.000,0.899,0.853,0.5612,-0.1134,3.49,-0.58115,0.150,0.700,0.000,-1.0000,-0.6624,TRACKING,R+C
1786986278.251,58.0,0.000,0.889,0.861,0.5570,-0.1092,3.15,-0.59280,0.150,0.700,0.000,-1.0000,-0.6619,TRACKING,R+C
1786986278.280,58.0,0.000,0.889,0.861,0.5570,-0.0874,2.52,-0.47424,0.150,0.700,0.000,-1.0000,-0.6619,TRACKING,prediction
1786986278.294,58.0,0.000,0.890,0.868,0.5505,-0.0983,3.12,-0.53951,0.150,0.700,0.000,-1.0000,-0.6609,TRACKING,R+C
1786986278.302,58.0,0.000,0.890,0.872,0.5454,-0.0933,2.56,-0.55558,0.150,0.700,0.000,-1.0000,-0.6603,TRACKING,R+C
1786986278.326,58.0,0.000,0.884,0.879,0.5415,-0.0876,2.20,-0.55996,0.150,0.700,0.000,-1.0000,-0.6597,TRACKING,R+C
1786986278.343,58.0,0.000,0.874,0.879,0.5376,-0.0819,1.77,-0.61393,0.150,0.700,0.000,-1.0000,-0.6593,TRACKING,R+C
1786986278.358,58.0,0.000,0.882,0.882,0.5356,-0.0774,2.19,-0.56012,0.150,0.700,0.000,-1.0000,-0.6589,TRACKING,R+C
1786986278.376,58.0,0.000,0.882,0.880,0.5315,-0.0755,2.26,-0.54990,0.150,0.700,0.000,-1.0000,-0.6587,TRACKING,R+C
1786986278.405,58.0,0.000,0.883,0.881,0.5299,-0.0752,2.30,-0.55647,0.150,0.700,0.000,-1.0000,-0.6587,TRACKING,R+C
1786986278.418,58.0,0.000,0.889,0.882,0.5313,-0.0766,2.62,-0.51406,0.150,0.700,0.000,-1.0000,-0.6588,TRACKING,R+C
1786986278.433,58.0,0.000,0.899,0.880,0.5305,-0.0770,2.94,-0.49944,0.150,0.700,0.000,-1.0000,-0.6589,TRACKING,R+C
1786986278.446,58.0,0.000,0.891,0.890,0.5280,-0.0767,1.72,-0.60911,0.150,0.700,0.000,-1.0000,-0.6588,TRACKING,R+C
1786986278.463,58.0,0.000,0.886,0.893,0.5223,-0.0718,1.14,-0.66917,0.150,0.700,0.000,-1.0000,-0.6584,TRACKING,R+C
1786986278.473,58.0,0.000,0.888,0.894,0.5181,-0.0650,2.57,-0.54297,0.150,0.700,0.000,-1.0000,-0.6579,TRACKING,R+C
1786986278.490,58.0,0.000,0.884,0.898,0.5131,-0.0622,1.30,-0.67013,0.150,0.700,0.000,-1.0000,-0.6577,TRACKING,R+C
1786986278.510,58.0,0.000,0.884,0.899,0.5115,-0.0598,1.26,-0.67317,0.150,0.700,0.000,-0.9786,-0.6459,TRACKING,R+C
1786986278.551,58.0,0.000,0.888,0.898,0.5121,-0.0570,1.68,-0.63186,0.150,0.700,0.000,-0.9592,-0.6334,TRACKING,R+C
1786986278.564,58.0,0.000,0.888,0.898,0.5121,-0.0456,1.34,-0.50549,0.150,0.700,0.000,-0.9592,-0.6316,TRACKING,prediction
1786986278.588,58.0,0.000,0.882,0.899,0.5112,-0.0494,0.86,-0.72737,0.150,0.700,0.000,-0.8737,-0.5843,TRACKING,R+C
1786986278.601,58.0,0.000,0.887,0.903,0.5065,-0.0448,-0.31,-0.79161,0.150,0.700,0.000,-0.7988,-0.5360,TRACKING,R+C
1786986278.615,58.0,0.000,0.884,0.909,0.5017,-0.0373,0.80,-0.71638,0.150,0.700,0.000,-0.7328,-0.4923,TRACKING,R+C
1786986278.630,58.0,0.000,0.875,0.917,0.4991,-0.0321,1.36,-0.68018,0.150,0.700,0.000,-0.6811,-0.4572,TRACKING,R+C
1786986278.648,58.0,0.000,0.884,0.917,0.4984,-0.0314,1.72,-0.63712,0.150,0.700,0.000,-0.6770,-0.4496,TRACKING,R+C
1786986278.656,58.0,0.000,0.885,0.919,0.4994,-0.0328,1.94,-0.63132,0.150,0.700,0.000,-0.7017,-0.4623,TRACKING,R+C
1786986278.672,58.0,0.375,0.890,0.920,0.4378,-0.0356,2.53,-0.59014,0.150,0.700,0.000,-0.7499,-0.4908,TRACKING,L+C+R_fused
1786986278.691,58.0,0.368,0.891,0.910,0.4061,-0.0393,2.91,-0.56989,0.150,0.700,0.000,-0.8020,-0.5238,TRACKING,L+C+R_fused
1786986278.706,58.0,0.000,0.892,0.907,0.5065,-0.0445,2.07,-0.65693,0.150,0.700,0.000,-0.8469,-0.5536,TRACKING,R+C
1786986278.719,58.0,0.000,0.889,0.904,0.5058,-0.0492,1.63,-0.70458,0.150,0.700,0.000,-0.8893,-0.5815,TRACKING,R+C
1786986278.735,58.0,0.000,0.875,0.901,0.5064,-0.0513,2.85,-0.62151,0.150,0.700,0.000,-0.9320,-0.6091,TRACKING,R+C
1786986278.758,58.0,0.000,0.855,0.899,0.5077,-0.0569,2.16,-0.72356,0.150,0.700,0.000,-0.9774,-0.6383,TRACKING,R+C
1786986278.767,58.0,0.000,0.857,0.900,0.5152,-0.0628,3.35,-0.60662,0.150,0.180,0.000,-1.0000,-0.6553,TRACKING,R+C
1786986278.783,58.0,0.000,0.850,0.896,0.5217,-0.0719,2.87,-0.68347,0.150,0.700,0.000,-1.0000,-0.9494,TRACKING,R+C
1786986278.810,58.0,0.000,0.850,0.893,0.5266,-0.0816,3.28,-0.65819,0.150,0.700,0.000,-1.0000,-0.7032,TRACKING,R+C
1786986278.825,58.0,0.000,0.855,0.894,0.5304,-0.0902,3.71,-0.64334,0.150,0.700,0.000,-1.0000,-0.6672,TRACKING,R+C
1786986278.839,58.0,0.000,0.877,0.889,0.5351,-0.0989,3.84,-0.61995,0.150,0.700,0.000,-1.0000,-0.6624,TRACKING,R+C
1786986278.853,58.0,0.000,0.890,0.890,0.5389,-0.1061,3.13,-0.69033,0.150,0.700,0.000,-1.0000,-0.6621,TRACKING,R+C
1786986278.867,58.0,0.000,0.887,0.890,0.5464,-0.1112,4.15,-0.59102,0.150,0.700,0.000,-1.0000,-0.6625,TRACKING,R+C
1786986278.881,58.0,0.000,0.899,0.886,0.5494,-0.1161,3.61,-0.63339,0.150,0.700,0.000,-1.0000,-0.6628,TRACKING,R+C
1786986278.894,58.0,0.000,0.898,0.886,0.5543,-0.1191,3.62,-0.62296,0.150,0.700,0.000,-1.0000,-0.6630,TRACKING,R+C
1786986278.909,58.0,0.000,0.898,0.882,0.5594,-0.1213,4.07,-0.55704,0.150,0.700,0.000,-1.0000,-0.6631,TRACKING,R+C
1786986278.916,58.0,0.000,0.888,0.885,0.5609,-0.1239,3.84,-0.56267,0.150,0.700,0.000,-1.0000,-0.6633,TRACKING,R+C
1786986278.930,58.0,0.000,0.885,0.889,0.5633,-0.1287,3.04,-0.63047,0.150,0.700,0.000,-1.0000,-0.6636,TRACKING,R+C
1786986278.955,58.0,0.000,0.889,0.885,0.5661,-0.1362,1.87,-0.70372,0.150,0.700,0.000,-1.0000,-0.6640,TRACKING,R+C
1786986278.970,58.0,0.000,0.893,0.886,0.5704,-0.1386,3.66,-0.54918,0.150,0.700,0.000,-1.0000,-0.6644,TRACKING,R+C
1786986278.984,58.0,0.000,0.890,0.884,0.5724,-0.1419,3.93,-0.51847,0.150,0.700,0.000,-1.0000,-0.6646,TRACKING,R+C
1786986278.999,58.0,0.000,0.888,0.882,0.5724,-0.1439,3.84,-0.51694,0.150,0.700,0.000,-1.0000,-0.6648,TRACKING,R+C
1786986279.005,58.0,0.000,0.887,0.879,0.5731,-0.1444,4.13,-0.45192,0.155,0.700,0.000,-1.0000,-0.6647,TRACKING,R+C
1786986279.017,58.0,0.000,0.880,0.878,0.5662,-0.1420,4.13,-0.41503,0.158,0.700,0.000,-1.0000,-0.6644,TRACKING,R+C
1786986279.044,58.0,0.000,0.883,0.887,0.5691,-0.1394,3.62,-0.44528,0.155,0.700,0.000,-1.0000,-0.6641,TRACKING,R+C
1786986279.051,58.0,0.000,0.879,0.889,0.5646,-0.1361,4.71,-0.29288,0.171,0.700,0.000,-1.0000,-0.6637,TRACKING,R+C
1786986279.067,58.0,0.000,0.876,0.882,0.5639,-0.1348,4.49,-0.26654,0.173,0.700,0.000,-1.0000,-0.6635,TRACKING,R+C
1786986279.085,58.0,0.000,0.871,0.888,0.5624,-0.1342,4.38,-0.30076,0.170,0.700,0.000,-1.0000,-0.6635,TRACKING,R+C
1786986279.115,58.0,0.000,0.872,0.897,0.5653,-0.1334,3.19,-0.46974,0.153,0.700,0.000,-1.0000,-0.6635,TRACKING,R+C
1786986279.131,58.0,0.000,0.864,0.899,0.5645,-0.1320,1.55,-0.66268,0.150,0.700,0.000,-1.0000,-0.6635,TRACKING,R+C
1786986279.133,58.0,0.000,0.864,0.899,0.5724,-0.1273,1.99,-0.58202,0.150,0.700,0.000,-1.0000,-0.6630,TRACKING,R+C
1786986279.179,58.0,0.000,0.864,0.899,0.5724,-0.1018,1.59,-0.46561,0.150,0.700,0.000,-1.0000,-0.6630,TRACKING,prediction
1786986279.193,58.0,0.000,0.854,0.910,0.5650,-0.1181,1.23,-0.63738,0.150,0.700,0.000,-1.0000,-0.6621,TRACKING,R+C
1786986279.197,58.0,0.000,0.854,0.910,0.5650,-0.0945,0.98,-0.50991,0.150,0.700,0.000,-1.0000,-0.6621,TRACKING,prediction
1786986279.226,59.9,0.000,0.853,0.910,0.5679,-0.1079,0.68,-0.67123,0.150,0.700,0.000,-1.0000,-0.6612,TRACKING,R+C
1786986279.241,59.9,0.000,0.843,0.909,0.5537,-0.1015,0.13,-0.74447,0.150,0.700,0.000,-1.0000,-0.6607,TRACKING,R+C
1786986279.256,59.9,0.000,0.843,0.915,0.5523,-0.0944,0.28,-0.73087,0.150,0.700,0.000,-1.0000,-0.6602,TRACKING,R+C
1786986279.259,59.9,0.000,0.843,0.921,0.5295,-0.0878,-0.01,-0.78119,0.150,0.700,0.000,-1.0000,-0.6597,TRACKING,R+C
1786986279.284,59.9,0.000,0.843,0.823,0.5146,-0.0817,-0.21,-0.82256,0.150,0.700,0.000,-1.0000,-0.6592,TRACKING,R+C
1786986279.302,59.9,0.000,0.843,0.823,0.5146,-0.0654,-0.17,-0.65805,0.150,0.700,0.000,-1.0000,-0.6592,TRACKING,prediction
1786986279.317,59.9,0.000,0.843,0.823,0.5146,-0.0523,-0.14,-0.52644,0.150,0.700,0.000,-1.0000,-0.6592,TRACKING,prediction
1786986279.332,59.9,0.000,0.843,0.823,0.5146,-0.0418,-0.11,-0.42115,0.150,0.700,0.000,-1.0000,-0.6592,TRACKING,prediction
1786986279.350,59.9,0.000,0.843,0.823,0.5146,-0.0335,-0.09,-0.33692,0.150,0.700,0.000,-1.0000,-0.6592,TRACKING,prediction
1786986279.365,59.9,0.000,0.843,0.823,0.5146,-0.0268,-0.07,-0.26954,0.150,0.700,0.000,-1.0000,-0.6592,TRACKING,prediction
1786986279.385,59.9,0.000,0.814,0.590,0.5462,-0.0703,-0.60,-0.99630,0.150,0.700,0.000,-1.0000,-0.6587,TRACKING,R+C
1786986279.400,59.9,0.000,0.814,0.590,0.5462,-0.0563,-0.48,-0.79704,0.150,0.700,0.000,-1.0000,-0.6587,TRACKING,prediction
1786986279.416,59.9,0.000,0.814,0.590,0.5462,-0.0450,-0.38,-0.63763,0.150,0.700,0.000,-1.0000,-0.6587,TRACKING,prediction
1786986279.432,59.9,0.000,0.825,0.593,0.5448,-0.0596,0.65,-0.92167,0.150,0.700,0.000,-0.9861,-0.6505,TRACKING,R+C
1786986279.448,59.9,0.000,0.825,0.593,0.5448,-0.0477,0.52,-0.73734,0.150,0.700,0.000,-0.9861,-0.6494,TRACKING,prediction
1786986279.461,59.9,0.000,0.809,0.680,0.5500,-0.0647,0.04,-1.08888,0.150,0.700,0.000,-1.0000,-0.6575,TRACKING,R+C
1786986279.475,59.9,0.000,0.809,0.680,0.5500,-0.0518,0.03,-0.87110,0.150,0.700,0.000,-1.0000,-0.6586,TRACKING,prediction
1786986279.491,59.9,0.000,0.809,0.680,0.5500,-0.0414,0.03,-0.69688,0.150,0.700,0.000,-1.0000,-0.6587,TRACKING,prediction
1786986279.507,59.9,0.000,0.809,0.680,0.5500,-0.0331,0.02,-0.55751,0.150,0.700,0.000,-1.0000,-0.6588,TRACKING,prediction
1786986279.525,59.9,0.000,0.809,0.680,0.5500,-0.0265,0.02,-0.44600,0.150,0.700,0.000,-1.0000,-0.6588,TRACKING,prediction
1786986279.538,59.9,0.000,0.809,0.680,0.5500,-0.0212,0.01,-0.35680,0.150,0.700,0.000,-1.0000,-0.6588,TRACKING,prediction
1786986279.567,59.9,0.000,0.809,0.680,0.5500,-0.0170,0.01,-0.28544,0.150,0.700,0.000,-1.0000,-0.6588,TRACKING,prediction
1786986279.583,59.9,0.000,0.788,0.697,0.5494,-0.0516,0.70,-1.28924,0.150,0.700,0.000,-0.9493,-0.6312,TRACKING,R+C
1786986279.597,59.9,0.000,0.782,0.933,0.5523,-0.0550,0.39,-1.39181,0.150,0.700,0.000,-0.9823,-0.6454,TRACKING,R+C
1786986279.617,59.9,0.000,0.771,0.822,0.5567,-0.0575,-0.48,-1.57277,0.150,0.700,0.000,-1.0000,-0.6575,TRACKING,R+C
1786986279.628,59.9,0.000,0.770,0.888,0.5619,-0.0577,-0.12,-1.59374,0.150,0.700,0.000,-1.0000,-0.6594,TRACKING,R+C
1786986279.644,59.9,0.000,0.772,0.894,0.5513,-0.0556,0.53,-1.56203,0.150,0.700,0.000,-1.0000,-0.6596,TRACKING,R+C
1786986279.660,59.9,0.000,0.772,0.894,0.5513,-0.0445,0.43,-1.24962,0.150,0.700,0.000,-1.0000,-0.6597,TRACKING,prediction
1786986279.676,59.9,0.000,0.772,0.894,0.5513,-0.0356,0.34,-0.99970,0.150,0.700,0.000,-1.0000,-0.6597,TRACKING,prediction
1786986279.693,59.9,0.000,0.772,0.894,0.5513,-0.0285,0.27,-0.79976,0.150,0.700,0.000,-1.0000,-0.6597,TRACKING,prediction
1786986279.710,59.9,0.000,0.772,0.894,0.5513,-0.0228,0.22,-0.63981,0.150,0.700,0.000,-1.0000,-0.6597,TRACKING,prediction
1786986279.723,59.9,0.000,0.772,0.894,0.5513,-0.0182,0.18,-0.51184,0.150,0.700,0.000,-1.0000,-0.6597,TRACKING,prediction
1786986279.753,59.9,0.000,0.772,0.894,0.5513,-0.0146,0.14,-0.40948,0.150,0.700,0.000,-1.0000,-0.6597,TRACKING,prediction
1786986279.755,59.9,0.000,0.779,0.873,0.5914,-0.0701,3.04,-1.68656,0.150,0.700,0.000,-1.0000,-0.6622,TRACKING,R+C
1786986279.785,59.9,0.000,0.783,0.883,0.5929,-0.0705,2.44,-1.84340,0.150,0.700,0.000,-1.0000,-0.6625,TRACKING,R+C
1786986279.800,59.9,0.000,0.780,0.874,0.5917,-0.0674,3.52,-1.79704,0.150,0.700,0.000,-1.0000,-0.6625,TRACKING,R+C
1786986279.803,59.9,0.000,0.784,0.864,0.5939,-0.0643,4.78,-1.70646,0.150,0.700,0.000,-1.0000,-0.6624,TRACKING,R+C
1786986279.819,59.9,0.000,0.786,0.879,0.5993,-0.0623,5.69,-1.64384,0.150,0.700,0.000,-1.0000,-0.6623,TRACKING,R+C
1786986279.843,59.9,0.000,0.782,0.870,0.6083,-0.0646,6.13,-1.60313,0.150,0.700,0.000,-1.0000,-0.6626,TRACKING,R+C
1786986279.863,59.9,0.000,0.782,0.870,0.6083,-0.0517,4.91,-1.28250,0.150,0.700,0.000,-1.0000,-0.6626,TRACKING,prediction
1786986279.884,59.9,0.000,0.782,0.870,0.6083,-0.0413,3.92,-1.02600,0.150,0.700,0.000,-1.0000,-0.6626,TRACKING,prediction
1786986279.902,59.9,0.000,0.782,0.867,0.6320,-0.0745,9.45,-1.30053,0.150,0.700,0.000,-1.0000,-0.6637,TRACKING,R+C
1786986279.918,59.9,0.000,0.786,0.869,0.6396,-0.0785,10.95,-1.14248,0.150,0.700,0.000,-1.0000,-0.6641,TRACKING,R+C
1786986279.941,59.9,0.000,0.783,0.851,0.6463,-0.0849,12.57,-0.97192,0.150,0.700,0.000,-1.0000,-0.6647,TRACKING,R+C
1786986279.959,59.9,0.000,0.797,0.711,0.6486,-0.0934,13.72,-0.84872,0.150,0.700,0.000,-1.0000,-0.6654,TRACKING,R+C
1786986279.975,59.9,0.000,0.797,0.711,0.6486,-0.0747,10.97,-0.67898,0.150,0.700,0.000,-1.0000,-0.6654,TRACKING,prediction
1786986279.993,59.9,0.000,0.797,0.711,0.6486,-0.0598,8.78,-0.54318,0.150,0.700,0.000,-1.0000,-0.6654,TRACKING,prediction
1786986280.009,59.9,0.000,0.797,0.711,0.6486,-0.0478,7.02,-0.43455,0.150,0.700,0.000,-1.0000,-0.6654,TRACKING,prediction
1786986280.024,59.9,0.000,0.797,0.711,0.6486,-0.0383,5.62,-0.34764,0.150,0.700,0.000,-1.0000,-0.6654,TRACKING,prediction
1786986280.044,59.9,0.000,0.797,0.711,0.6486,-0.0306,4.49,-0.27811,0.150,0.700,0.000,-1.0000,-0.6654,TRACKING,prediction
1786986280.061,59.9,0.000,0.797,0.711,0.6486,-0.0245,3.60,-0.22249,0.150,0.700,0.000,-1.0000,-0.6654,TRACKING,prediction
1786986280.082,59.9,0.000,0.797,0.711,0.6486,-0.0196,2.88,-0.17799,0.150,0.700,0.000,-1.0000,-0.6654,TRACKING,prediction
1786986280.100,59.9,0.000,0.797,0.711,0.6486,-0.0157,2.30,-0.14239,0.150,0.700,0.000,-1.0000,-0.6654,TRACKING,prediction
1786986280.114,59.9,0.000,0.797,0.711,0.6486,-0.0125,1.84,-0.11391,0.150,0.666,0.000,-1.0000,-0.6654,TRACKING,prediction
1786986280.129,59.9,0.000,0.797,0.711,0.6486,-0.0100,1.47,-0.09113,0.150,0.632,0.000,-1.0000,-0.6850,TRACKING,prediction
1786986280.155,59.9,0.000,0.797,0.711,0.6486,-0.0080,1.18,-0.07290,0.150,0.601,0.000,-1.0000,-0.7066,TRACKING,prediction
1786986280.161,59.9,0.000,0.797,0.711,0.6486,-0.0064,0.94,-0.05832,0.150,0.571,0.000,-1.0000,-0.7275,TRACKING,prediction
1786986280.190,59.9,0.000,0.797,0.711,0.6486,-0.0051,0.75,-0.04666,0.150,0.490,0.000,-1.0000,-0.7474,UNCERTAIN,prediction
1786986280.211,59.9,0.000,0.797,0.711,0.6486,-0.0041,0.60,-0.03733,0.150,0.490,0.000,-1.0000,-0.7951,UNCERTAIN,prediction
1786986280.233,58.6,0.000,0.797,0.711,0.6486,-0.0033,0.48,-0.02986,0.150,0.489,0.000,-1.0000,-0.8021,UNCERTAIN,prediction
1786986280.253,58.6,0.000,0.797,0.711,0.6486,-0.0026,0.39,-0.02389,0.150,0.465,0.000,-1.0000,-0.8035,UNCERTAIN,prediction
1786986280.271,58.6,0.000,0.797,0.711,0.6486,-0.0021,0.31,-0.01911,0.150,0.442,0.000,-1.0000,-0.8172,UNCERTAIN,prediction
1786986280.281,58.6,0.000,0.797,0.711,0.6486,-0.0017,0.25,-0.01529,0.150,0.419,0.000,-1.0000,-0.8320,UNCERTAIN,prediction
1786986280.315,58.6,0.000,0.797,0.711,0.6486,-0.0013,0.20,-0.01223,0.150,0.398,0.000,-1.0000,-0.8463,UNCERTAIN,prediction
1786986280.329,58.6,0.000,0.797,0.711,0.6486,-0.0011,0.16,-0.00979,0.150,0.379,0.000,-1.0000,-0.8598,UNCERTAIN,prediction
1786986280.351,58.6,0.000,0.797,0.711,0.6486,-0.0009,0.13,-0.00783,0.150,0.360,0.000,-1.0000,-0.8727,UNCERTAIN,prediction
1786986280.371,58.6,0.000,0.797,0.711,0.6486,-0.0007,0.10,-0.00626,0.150,0.342,0.000,-1.0000,-0.8849,UNCERTAIN,prediction
1786986280.383,58.6,0.000,0.812,0.644,0.6135,-0.1145,5.06,-0.04907,0.195,0.700,0.000,-1.0000,-0.8945,TRACKING,R+C
1786986280.399,58.6,0.000,0.812,0.644,0.6135,-0.0916,4.05,-0.03926,0.195,0.700,0.000,-1.0000,-0.6960,TRACKING,prediction
1786986280.423,58.6,0.000,0.795,0.662,0.5746,-0.1086,2.64,-0.17696,0.182,0.700,0.000,-1.0000,-0.6656,TRACKING,R+C
1786986280.438,58.6,0.000,0.778,0.686,0.5707,-0.1068,1.38,-0.26159,0.174,0.700,0.000,-1.0000,-0.6608,TRACKING,R+C
1786986280.455,58.6,0.000,0.773,0.641,0.5710,-0.1075,0.34,-0.31707,0.168,0.700,0.000,-1.0000,-0.6601,TRACKING,R+C
1786986280.470,58.6,0.000,0.765,0.634,0.5716,-0.1102,-0.44,-0.36481,0.164,0.700,0.000,-1.0000,-0.6601,TRACKING,R+C
1786986280.478,58.6,0.000,0.768,0.651,0.5635,-0.1140,-0.86,-0.37743,0.162,0.700,0.000,-1.0000,-0.6602,TRACKING,R+C
1786986280.506,58.6,0.000,0.768,0.651,0.5635,-0.0912,-0.69,-0.30194,0.162,0.700,0.000,-1.0000,-0.6602,TRACKING,prediction
1786986280.510,58.6,0.000,0.770,0.637,0.5686,-0.1172,-1.66,-0.39149,0.161,0.700,0.000,-1.0000,-0.6603,TRACKING,R+C
1786986280.541,58.6,0.000,0.770,0.637,0.5686,-0.0937,-1.33,-0.31319,0.161,0.700,0.000,-1.0000,-0.6603,TRACKING,prediction
1786986280.557,58.6,0.000,0.752,0.626,0.5626,-0.1092,-3.27,-0.50805,0.150,0.700,0.000,-1.0000,-0.6594,TRACKING,R+C
1786986280.573,58.6,0.000,0.741,0.643,0.5527,-0.1032,-4.68,-0.60712,0.150,0.700,0.000,-1.0000,-0.6588,TRACKING,R+C
1786986280.594,58.6,0.368,0.726,0.623,0.4889,-0.0971,-6.43,-0.74808,0.150,0.700,0.000,-1.0000,-0.6581,TRACKING,L+C+R_fused
1786986280.605,58.6,0.941,0.712,0.649,0.4475,-0.0914,-8.18,-0.88016,0.150,0.700,0.000,-1.0000,-0.6575,TRACKING,L+C+R_fused
1786986280.621,58.6,0.923,0.707,0.646,0.5170,-0.0846,-8.45,-0.91507,0.150,0.700,0.000,-1.0000,-0.6570,TRACKING,L+C+R_fused
1786986280.641,58.6,0.924,0.719,0.644,0.5369,-0.0793,-8.95,-0.94432,0.150,0.700,0.000,-0.9492,-0.6289,TRACKING,L+C+R_fused
1786986280.668,58.6,0.937,0.715,0.651,0.5216,-0.0780,-10.34,-1.07024,0.150,0.700,0.000,-0.9170,-0.6072,TRACKING,L+C+R_fused
1786986280.684,58.6,0.933,0.720,0.646,0.4866,-0.0775,-10.70,-1.11684,0.150,0.700,0.000,-0.9079,-0.5990,TRACKING,L+C+R_fused
1786986280.705,58.6,0.702,0.726,0.645,0.4628,-0.0783,-10.88,-1.17125,0.150,0.700,0.000,-0.9175,-0.6032,TRACKING,L+C+R_fused
1786986280.720,58.6,0.000,0.717,0.647,0.5298,-0.0828,-13.13,-1.35816,0.150,0.700,0.000,-0.9277,-0.6097,TRACKING,R+C
1786986280.738,58.6,0.000,0.724,0.632,0.5313,-0.0828,-12.46,-1.38320,0.150,0.700,0.000,-0.9460,-0.6209,TRACKING,R+C
1786986280.752,58.6,0.000,0.726,0.633,0.5347,-0.0848,-12.62,-1.43723,0.150,0.700,0.000,-0.9660,-0.6336,TRACKING,R+C
1786986280.768,58.6,0.000,0.734,0.635,0.5389,-0.0848,-12.58,-1.48690,0.150,0.700,0.000,-0.9718,-0.6388,TRACKING,R+C
1786986280.792,58.6,0.000,0.743,0.633,0.5418,-0.0834,-12.06,-1.48663,0.150,0.700,0.000,-0.9713,-0.6393,TRACKING,R+C
1786986280.805,58.6,0.000,0.726,0.626,0.5429,-0.0826,-13.96,-1.69924,0.150,0.700,0.000,-0.9426,-0.6240,TRACKING,R+C
1786986280.816,58.6,0.000,0.729,0.625,0.5357,-0.0761,-13.54,-1.71640,0.150,0.700,0.000,-0.8907,-0.5932,TRACKING,R+C
1786986280.842,58.6,0.000,0.725,0.635,0.5229,-0.0654,-12.06,-1.69473,0.150,0.700,0.000,-0.8125,-0.5457,TRACKING,R+C
1786986280.861,58.6,0.000,0.743,0.651,0.5102,-0.0535,-10.01,-1.60948,0.150,0.700,0.000,-0.7183,-0.4867,TRACKING,R+C
1786986280.864,58.6,0.000,0.741,0.673,0.5010,-0.0425,-9.13,-1.61290,0.150,0.700,0.000,-0.6010,-0.4132,TRACKING,R+C
1786986280.892,58.6,0.000,0.737,0.656,0.4859,-0.0321,-8.90,-1.68145,0.150,0.700,0.000,-0.4684,-0.3292,TRACKING,R+C
1786986280.895,58.6,0.000,0.736,0.741,0.4884,-0.0219,-8.21,-1.69373,0.150,0.700,0.000,-0.3332,-0.2418,TRACKING,R+C
1786986280.923,58.6,0.000,0.746,0.733,0.5088,-0.0136,-7.95,-1.71700,0.150,0.700,0.000,-0.2073,-0.1589,TRACKING,R+C
1786986280.927,58.6,0.000,0.744,0.737,0.5147,-0.0044,-6.05,-1.65844,0.150,0.700,0.000,-0.1170,-0.0964,TRACKING,R+C
1786986280.975,58.6,0.000,0.752,0.437,0.4806,0.0005,-4.31,-1.59059,0.150,0.700,0.000,-0.0937,-0.0743,TRACKING,R+C
1786986280.991,58.6,0.000,0.750,0.715,0.5457,0.0011,-3.28,-1.57980,0.150,0.700,0.000,-0.1259,-0.0893,TRACKING,R+C
1786986281.012,58.6,0.000,0.752,0.725,0.5486,0.0009,-1.40,-1.49678,0.150,0.700,0.000,-0.1955,-0.1304,TRACKING,R+C
1786986281.028,58.6,0.000,0.740,0.672,0.5911,-0.0027,-2.62,-1.70257,0.150,0.700,0.000,-0.2421,-0.1632,TRACKING,R+C
1786986281.068,58.6,0.000,0.752,0.705,0.5349,-0.0050,-1.54,-1.66438,0.150,0.700,0.000,-0.3206,-0.2117,TRACKING,R+C
1786986281.087,58.6,0.000,0.755,0.521,0.6247,-0.0040,1.96,-1.41012,0.150,0.700,0.000,-0.4047,-0.2652,TRACKING,R+C
1786986281.104,58.6,0.000,0.749,0.830,0.5356,-0.0068,3.00,-1.37773,0.150,0.700,0.000,-0.4840,-0.3173,TRACKING,R+C
1786986281.123,58.6,0.000,0.752,0.889,0.5421,-0.0105,3.34,-1.43534,0.150,0.700,0.000,-0.5608,-0.3678,TRACKING,R+C
1786986281.140,58.6,0.000,0.747,0.880,0.5502,-0.0153,3.40,-1.49646,0.150,0.700,0.000,-0.6397,-0.4190,TRACKING,R+C
1786986281.157,58.6,0.000,0.755,0.878,0.5606,-0.0188,4.64,-1.42875,0.150,0.700,0.000,-0.7172,-0.4692,TRACKING,R+C
1786986281.172,58.6,0.000,0.760,0.875,0.5673,-0.0207,5.80,-1.36007,0.150,0.700,0.000,-0.7686,-0.5049,TRACKING,R+C
1786986281.187,58.6,0.000,0.757,0.875,0.5701,-0.0201,6.81,-1.31527,0.150,0.700,0.000,-0.7867,-0.5202,TRACKING,R+C
1786986281.190,58.6,0.000,0.754,0.871,0.5697,-0.0174,7.28,-1.28587,0.150,0.700,0.000,-0.7662,-0.5112,TRACKING,R+C
1786986281.206,58.6,0.000,0.756,0.868,0.5691,-0.0149,7.34,-1.32240,0.150,0.700,0.000,-0.7429,-0.4973,TRACKING,R+C
1786986281.232,58.6,0.000,0.759,0.865,0.5698,-0.0136,7.85,-1.28291,0.150,0.700,0.000,-0.7375,-0.4921,TRACKING,R+C
1786986281.247,55.3,0.000,0.751,0.854,0.5713,-0.0171,6.82,-1.43076,0.150,0.700,0.000,-0.7668,-0.5078,TRACKING,R+C
1786986281.259,55.3,0.000,0.754,0.860,0.5818,-0.0214,8.11,-1.31418,0.150,0.700,0.000,-0.8399,-0.5501,TRACKING,R+C
1786986281.280,55.3,0.000,0.757,0.848,0.5935,-0.0264,9.75,-1.15602,0.150,0.700,0.000,-0.9201,-0.6001,TRACKING,R+C
1786986281.293,55.3,0.000,0.755,0.852,0.6017,-0.0346,9.16,-1.24505,0.150,0.700,0.000,-0.9902,-0.6460,TRACKING,R+C
1786986281.309,55.3,0.000,0.754,0.853,0.6115,-0.0419,9.71,-1.20513,0.150,0.700,0.000,-1.0000,-0.6587,TRACKING,R+C
1786986281.317,55.3,0.000,0.759,0.841,0.6201,-0.0500,10.09,-1.18859,0.150,0.700,0.000,-1.0000,-0.6612,TRACKING,R+C
1786986281.333,55.3,0.000,0.759,0.841,0.6201,-0.0400,8.07,-0.95087,0.150,0.700,0.000,-1.0000,-0.6615,TRACKING,prediction
1786986281.362,55.3,0.000,0.759,0.841,0.6201,-0.0320,6.46,-0.76070,0.150,0.700,0.000,-1.0000,-0.6615,TRACKING,prediction
1786986281.365,55.3,0.000,0.759,0.841,0.6201,-0.0256,5.17,-0.60856,0.150,0.700,0.000,-1.0000,-0.6616,TRACKING,prediction
1786986281.402,55.3,0.000,0.759,0.841,0.6201,-0.0205,4.13,-0.48684,0.150,0.700,0.000,-1.0000,-0.6616,TRACKING,prediction
1786986281.413,55.3,0.000,0.759,0.841,0.6201,-0.0164,3.31,-0.38948,0.150,0.700,0.000,-1.0000,-0.6616,TRACKING,prediction
1786986281.437,55.3,0.000,0.759,0.841,0.6201,-0.0131,2.65,-0.31158,0.150,0.700,0.000,-1.0000,-0.6616,TRACKING,prediction
1786986281.446,55.3,0.000,0.759,0.841,0.6201,-0.0105,2.12,-0.24926,0.150,0.700,0.000,-1.0000,-0.6616,TRACKING,prediction
1786986281.477,55.3,0.000,0.759,0.841,0.6201,-0.0084,1.69,-0.19941,0.150,0.700,0.000,-1.0000,-0.6616,TRACKING,prediction
1786986281.493,55.3,0.000,0.759,0.841,0.6201,-0.0067,1.35,-0.15953,0.150,0.700,0.000,-1.0000,-0.6616,TRACKING,prediction
1786986281.509,55.3,0.000,0.759,0.841,0.6201,-0.0054,1.08,-0.12762,0.150,0.671,0.000,-1.0000,-0.6616,TRACKING,prediction
1786986281.531,55.3,0.000,0.759,0.841,0.6201,-0.0043,0.87,-0.10210,0.150,0.637,0.000,-1.0000,-0.6783,TRACKING,prediction
1786986281.552,55.3,0.000,0.759,0.841,0.6201,-0.0034,0.69,-0.08168,0.150,0.605,0.000,-1.0000,-0.6997,TRACKING,prediction
1786986281.569,55.3,0.000,0.759,0.841,0.6201,-0.0028,0.55,-0.06534,0.150,0.575,0.000,-1.0000,-0.7209,TRACKING,prediction
1786986281.584,55.3,0.000,0.759,0.841,0.6201,-0.0022,0.44,-0.05227,0.150,0.490,0.000,-1.0000,-0.7410,UNCERTAIN,prediction
1786986281.601,55.3,0.000,0.799,0.831,0.6250,-0.1010,8.23,-1.01436,0.150,0.700,0.000,-1.0000,-0.7939,TRACKING,R+C
1786986281.616,55.3,0.000,0.799,0.831,0.6250,-0.0808,6.58,-0.81149,0.150,0.700,0.000,-1.0000,-0.6835,TRACKING,prediction
1786986281.649,55.3,0.000,0.799,0.831,0.6250,-0.0646,5.27,-0.64919,0.150,0.700,0.000,-1.0000,-0.6673,TRACKING,prediction
1786986281.667,55.3,0.000,0.799,0.831,0.6250,-0.0517,4.21,-0.51935,0.150,0.700,0.000,-1.0000,-0.6649,TRACKING,prediction
1786986281.684,55.3,0.000,0.799,0.831,0.6250,-0.0414,3.37,-0.41548,0.150,0.700,0.000,-1.0000,-0.6645,TRACKING,prediction
1786986281.696,55.3,0.000,0.805,0.836,0.6074,-0.0923,7.95,-0.86114,0.150,0.700,0.000,-1.0000,-0.6631,TRACKING,R+C
1786986281.713,55.3,0.000,0.805,0.836,0.6074,-0.0738,6.36,-0.68891,0.150,0.700,0.000,-1.0000,-0.6631,TRACKING,prediction
1786986281.731,55.3,0.000,0.805,0.836,0.6074,-0.0591,5.09,-0.55113,0.150,0.700,0.000,-1.0000,-0.6631,TRACKING,prediction
1786986281.747,55.3,0.000,0.805,0.836,0.6074,-0.0472,4.07,-0.44090,0.150,0.700,0.000,-1.0000,-0.6631,TRACKING,prediction
1786986281.767,55.3,0.000,0.805,0.836,0.6074,-0.0378,3.25,-0.35272,0.150,0.700,0.000,-1.0000,-0.6631,TRACKING,prediction
1786986281.782,55.3,0.000,0.826,0.841,0.6046,-0.1092,8.16,-0.72590,0.150,0.700,0.000,-1.0000,-0.6642,TRACKING,R+C
1786986281.795,55.3,0.000,0.833,0.836,0.6069,-0.1165,7.40,-0.79114,0.150,0.700,0.000,-1.0000,-0.6647,TRACKING,R+C
1786986281.817,55.3,0.000,0.833,0.836,0.6069,-0.0932,5.92,-0.63291,0.150,0.700,0.000,-1.0000,-0.6647,TRACKING,prediction
1786986281.836,55.3,0.000,0.833,0.836,0.6069,-0.0745,4.73,-0.50633,0.150,0.700,0.000,-1.0000,-0.6647,TRACKING,prediction
1786986281.851,55.3,0.000,0.833,0.836,0.6069,-0.0596,3.79,-0.40506,0.150,0.700,0.000,-1.0000,-0.6647,TRACKING,prediction
1786986281.879,55.3,0.000,0.833,0.836,0.6069,-0.0477,3.03,-0.32405,0.150,0.700,0.000,-1.0000,-0.6647,TRACKING,prediction
1786986281.899,55.3,0.000,0.833,0.836,0.6069,-0.0382,2.42,-0.25924,0.150,0.700,0.000,-1.0000,-0.6647,TRACKING,prediction
1786986281.915,55.3,0.000,0.862,0.828,0.5907,-0.1173,6.34,-0.71185,0.150,0.700,0.000,-1.0000,-0.6641,TRACKING,R+C
1786986281.930,55.3,0.000,0.853,0.833,0.5879,-0.1138,6.21,-0.68510,0.150,0.700,0.000,-1.0000,-0.6637,TRACKING,R+C
1786986281.946,55.3,0.000,0.850,0.835,0.5853,-0.1097,6.07,-0.65889,0.150,0.700,0.000,-1.0000,-0.6632,TRACKING,R+C
1786986281.962,55.3,0.000,0.852,0.840,0.5783,-0.1069,5.04,-0.71406,0.150,0.700,0.000,-1.0000,-0.6628,TRACKING,R+C
1786986281.976,55.3,0.000,0.849,0.844,0.5730,-0.1012,5.62,-0.63439,0.150,0.700,0.000,-1.0000,-0.6623,TRACKING,R+C
1786986281.989,55.3,0.000,0.862,0.846,0.5673,-0.0965,5.72,-0.60059,0.150,0.700,0.000,-1.0000,-0.6618,TRACKING,R+C
1786986282.006,55.3,0.000,0.860,0.860,0.5623,-0.0945,5.30,-0.63740,0.150,0.700,0.000,-1.0000,-0.6616,TRACKING,R+C
1786986282.025,55.3,0.000,0.852,0.858,0.5584,-0.0938,4.85,-0.64939,0.150,0.700,0.000,-1.0000,-0.6614,TRACKING,R+C
1786986282.038,55.3,0.000,0.859,0.859,0.5578,-0.0935,5.08,-0.60970,0.150,0.700,0.000,-1.0000,-0.6614,TRACKING,R+C
1786986282.052,55.3,0.000,0.858,0.857,0.5560,-0.0940,5.09,-0.58868,0.150,0.700,0.000,-1.0000,-0.6614,TRACKING,R+C
1786986282.073,55.3,0.000,0.863,0.855,0.5549,-0.0945,4.74,-0.60732,0.150,0.700,0.000,-1.0000,-0.6613,TRACKING,R+C
1786986282.092,55.3,0.000,0.839,0.860,0.5501,-0.0948,2.63,-0.78581,0.150,0.700,0.000,-1.0000,-0.6612,TRACKING,R+C
1786986282.107,55.3,0.000,0.836,0.865,0.5495,-0.0878,4.03,-0.63548,0.150,0.700,0.000,-1.0000,-0.6606,TRACKING,R+C
1786986282.122,55.3,0.000,0.837,0.874,0.5473,-0.0821,3.66,-0.65104,0.150,0.700,0.000,-1.0000,-0.6601,TRACKING,R+C
1786986282.139,55.3,0.000,0.838,0.883,0.5468,-0.0765,3.82,-0.61265,0.150,0.700,0.000,-1.0000,-0.6595,TRACKING,R+C
1786986282.157,55.3,0.000,0.834,0.879,0.5438,-0.0719,3.35,-0.63911,0.150,0.700,0.000,-1.0000,-0.6591,TRACKING,R+C
1786986282.170,55.3,0.000,0.831,0.879,0.5386,-0.0670,2.95,-0.66338,0.150,0.700,0.000,-1.0000,-0.6586,TRACKING,R+C
1786986282.188,55.3,0.000,0.824,0.892,0.5339,-0.0622,2.30,-0.70842,0.150,0.180,0.000,-1.0000,-0.6581,TRACKING,R+C
1786986282.203,55.3,0.000,0.830,0.896,0.5285,-0.0574,1.85,-0.72137,0.150,0.180,0.000,-0.9747,-0.9288,TRACKING,R+C
1786986282.207,55.3,0.000,0.830,0.903,0.5247,-0.0526,2.15,-0.69177,0.150,0.180,0.000,-0.9344,-0.9356,TRACKING,R+C
1786986282.230,55.3,0.000,0.829,0.911,0.5216,-0.0485,2.60,-0.64852,0.150,0.180,0.000,-0.9013,-0.9094,TRACKING,R+C
1786986282.239,55.3,0.000,0.834,0.911,0.5221,-0.0474,2.46,-0.66040,0.150,0.700,0.000,-0.8878,-0.8943,TRACKING,R+C
1786986282.257,58.4,0.000,0.835,0.910,0.5218,-0.0476,2.74,-0.63703,0.150,0.700,0.000,-0.8943,-0.6350,TRACKING,R+C
1786986282.268,58.4,0.000,0.835,0.910,0.5218,-0.0381,2.19,-0.50962,0.150,0.700,0.000,-0.8943,-0.5963,TRACKING,prediction
1786986282.282,58.4,0.000,0.830,0.905,0.5256,-0.0463,2.50,-0.66610,0.150,0.700,0.000,-0.8784,-0.5818,TRACKING,R+C
1786986282.305,58.4,0.000,0.824,0.915,0.5245,-0.0426,2.58,-0.65207,0.150,0.700,0.000,-0.8386,-0.5577,TRACKING,R+C
1786986282.314,58.4,0.368,0.826,0.894,0.5761,-0.0406,2.03,-0.68026,0.150,0.180,0.000,-0.8042,-0.5351,TRACKING,L+C+R_fused
1786986282.339,58.4,0.620,0.825,0.898,0.5610,-0.0393,2.32,-0.66757,0.150,0.700,0.000,-0.7970,-0.7639,TRACKING,L+C+R_fused
1786986282.362,58.4,0.000,0.824,0.912,0.5313,-0.0414,2.49,-0.65955,0.150,0.700,0.000,-0.8246,-0.5769,TRACKING,R+C
1786986282.372,58.4,0.000,0.824,0.912,0.5313,-0.0331,1.99,-0.52764,0.150,0.700,0.000,-0.8246,-0.5493,TRACKING,prediction
1786986282.394,58.4,0.000,0.828,0.904,0.5346,-0.0447,3.02,-0.63151,0.150,0.700,0.000,-0.8713,-0.5709,TRACKING,R+C
1786986282.407,58.4,0.375,0.821,0.895,0.5355,-0.0428,2.91,-0.64703,0.150,0.700,0.000,-0.8500,-0.5624,TRACKING,L+C+R_fused
1786986282.422,58.4,0.703,0.816,0.891,0.5161,-0.0367,3.01,-0.64347,0.150,0.700,0.000,-0.7839,-0.5246,TRACKING,L+C+R_fused
1786986282.437,58.4,0.594,0.805,0.904,0.4990,-0.0295,2.89,-0.65546,0.150,0.180,0.000,-0.6938,-0.4692,TRACKING,L+C+R_fused
1786986282.456,58.4,0.934,0.802,0.901,0.5233,-0.0220,2.45,-0.68523,0.150,0.180,0.000,-0.5817,-0.5741,TRACKING,L+C+R_fused
1786986282.474,58.4,0.952,0.805,0.906,0.5143,-0.0141,2.28,-0.69524,0.150,0.180,0.000,-0.4595,-0.4859,TRACKING,L+C+R_fused
1786986282.489,58.4,0.959,0.807,0.918,0.5063,-0.0059,2.15,-0.70221,0.150,0.700,0.000,-0.3236,-0.3575,TRACKING,L+C+R_fused
1786986282.503,58.4,0.959,0.799,0.922,0.5013,0.0038,2.30,-0.71116,0.150,0.700,0.000,-0.1650,-0.1498,TRACKING,L+C+R_fused
1786986282.517,58.4,0.948,0.798,0.909,0.4970,0.0126,2.14,-0.73082,0.150,0.180,0.000,-0.0073,-0.0311,TRACKING,L+C+R_fused
1786986282.529,58.4,0.947,0.802,0.914,0.4946,0.0225,2.46,-0.70921,0.150,0.700,0.000,0.1574,0.1238,TRACKING,L+C+R_fused
1786986282.546,58.4,0.943,0.806,0.826,0.4927,0.0304,2.23,-0.74749,0.150,0.700,0.000,0.2972,0.1819,TRACKING,L+C+R_fused
1786986282.559,58.4,0.932,0.808,0.617,0.5561,0.0374,2.61,-0.74508,0.150,0.700,0.000,0.3967,0.2462,TRACKING,L+C+R_fused
1786986282.583,58.4,0.928,0.821,0.372,0.5012,0.0417,2.83,-0.74837,0.150,0.700,0.000,0.4548,0.2884,TRACKING,L+C+R_fused
1786986282.600,58.4,0.937,0.823,0.376,0.4672,0.0419,2.50,-0.80027,0.150,0.700,0.000,0.4625,0.2988,TRACKING,L+C+R_fused
1786986282.616,58.4,0.937,0.816,0.355,0.4726,0.0414,3.08,-0.79947,0.150,0.700,0.000,0.4326,0.2832,TRACKING,L+C+R_fused
1786986282.632,58.4,0.940,0.808,0.359,0.4679,0.0393,3.18,-0.84268,0.150,0.700,0.000,0.3871,0.2549,TRACKING,L+C+R_fused
1786986282.645,58.4,0.932,0.808,0.696,0.4769,0.0370,3.20,-0.87969,0.150,0.700,0.000,0.3426,0.2253,TRACKING,L+C+R_fused
1786986282.658,58.4,0.936,0.806,0.915,0.4742,0.0343,3.06,-0.93635,0.150,0.700,0.000,0.2939,0.1931,TRACKING,L+C+R_fused
1786986282.672,58.4,0.937,0.808,0.929,0.4716,0.0315,2.94,-0.99872,0.150,0.700,0.000,0.2398,0.1574,TRACKING,L+C+R_fused
1786986282.686,58.4,0.939,0.802,0.932,0.4733,0.0283,3.00,-1.01773,0.150,0.700,0.000,0.1801,0.1183,TRACKING,L+C+R_fused
1786986282.700,58.4,0.946,0.811,0.922,0.4738,0.0255,3.58,-0.97083,0.150,0.700,0.000,0.1125,0.0744,TRACKING,L+C+R_fused
1786986282.714,58.4,0.942,0.806,0.913,0.4765,0.0246,3.67,-0.99135,0.150,0.700,0.000,0.0885,0.0541,TRACKING,L+C+R_fused
1786986282.728,58.4,0.935,0.803,0.916,0.4839,0.0253,4.15,-0.97412,0.150,0.700,0.000,0.0831,0.0480,TRACKING,L+C+R_fused
1786986282.744,58.4,0.938,0.796,0.916,0.4877,0.0294,4.45,-0.94372,0.150,0.700,0.000,0.1473,0.0836,TRACKING,L+C+R_fused
1786986282.762,58.4,0.935,0.788,0.912,0.4831,0.0358,4.22,-0.97728,0.150,0.700,0.000,0.2623,0.1537,TRACKING,L+C+R_fused
1786986282.782,58.4,0.928,0.792,0.921,0.4829,0.0430,3.99,-0.99943,0.150,0.700,0.000,0.3869,0.2346,TRACKING,L+C+R_fused
1786986282.803,58.4,0.915,0.792,0.917,0.4820,0.0510,4.17,-0.98448,0.150,0.700,0.000,0.5079,0.3152,TRACKING,L+C+R_fused
1786986282.831,58.4,0.912,0.785,0.351,0.5118,0.0566,3.24,-1.07601,0.150,0.700,0.000,0.6092,0.3842,TRACKING,L+C+R_fused
1786986282.844,58.4,0.912,0.791,0.353,0.4736,0.0627,3.70,-1.04190,0.150,0.180,0.000,0.6804,0.4344,TRACKING,L+C+R_fused
1786986282.873,58.4,0.904,0.786,0.914,0.4829,0.0665,3.77,-1.07349,0.150,0.180,0.000,0.7212,0.6793,TRACKING,L+C+R_fused
1786986282.885,58.4,0.909,0.784,0.933,0.4864,0.0681,3.89,-1.07977,0.150,0.180,0.000,0.7367,0.7290,TRACKING,L+C+R_fused
1786986282.914,58.4,0.906,0.782,0.919,0.4845,0.0705,4.37,-1.05930,0.150,0.180,0.000,0.7537,0.7509,TRACKING,L+C+R_fused
1786986282.936,58.4,0.894,0.780,0.780,0.4881,0.0753,4.80,-1.03813,0.150,0.180,0.000,0.7997,0.7935,TRACKING,L+C+R_fused
1786986282.951,58.4,0.876,0.782,0.646,0.4388,0.0829,5.51,-0.98851,0.150,0.180,0.000,0.8683,0.8582,TRACKING,L+C+R_fused
1786986282.968,58.4,0.890,0.781,0.584,0.4752,0.0880,4.56,-1.08337,0.150,0.180,0.000,0.9345,0.9237,TRACKING,L+C+R_fused
1786986282.989,58.4,0.872,0.785,0.367,0.5161,0.0913,3.22,-1.19556,0.150,0.700,0.000,0.9858,0.9767,TRACKING,L+C+R_fused
1786986283.010,58.4,0.875,0.780,0.331,0.4955,0.0965,4.26,-1.15372,0.150,0.180,0.000,1.0000,0.7013,TRACKING,L+C+R_fused
1786986283.041,58.4,0.876,0.777,0.336,0.5032,0.0985,4.59,-1.16447,0.150,0.180,0.000,1.0000,0.9555,TRACKING,L+C+R_fused
1786986283.052,58.4,0.867,0.772,0.371,0.4520,0.1015,4.63,-1.19191,0.150,0.180,0.000,1.0000,0.9933,TRACKING,L+C+R_fused
1786986283.062,58.4,0.871,0.775,0.369,0.4421,0.1073,5.04,-1.17654,0.150,0.180,0.000,1.0000,0.9990,TRACKING,L+C+R_fused
1786986283.083,58.4,0.854,0.775,0.356,0.3976,0.1138,4.89,-1.21156,0.150,0.180,0.000,1.0000,0.9999,TRACKING,L+C+R_fused
1786986283.115,58.4,0.789,0.771,0.906,0.4537,0.1201,4.46,-1.28303,0.150,0.180,0.000,1.0000,1.0000,TRACKING,L+C+R_fused
1786986283.138,58.4,0.790,0.773,0.909,0.4487,0.1241,3.27,-1.40602,0.150,0.180,0.000,1.0000,1.0000,TRACKING,L+C+R_fused
1786986283.150,58.4,0.814,0.764,0.582,0.4429,0.1281,3.93,-1.41803,0.150,0.180,0.000,1.0000,1.0000,TRACKING,L+C+R_fused
1786986283.175,58.4,0.805,0.771,0.594,0.4280,0.1292,4.94,-1.37145,0.150,0.180,0.000,1.0000,1.0000,TRACKING,L+C+R_fused
