timestamp,fps,left_conf,center_conf,right_conf,lane_width_m,lateral_error_m,heading_error_deg,curvature,lookahead_m,target_speed,actual_speed,steer_raw,steer_filtered,tracking_state,reconstruction_method
1786984395.608,0.0,0.813,0.761,0.619,0.4886,-0.0043,7.55,-0.02592,0.197,0.180,0.000,-0.3041,-0.2715,TRACKING,L+C+R_fused
1786984395.694,0.0,0.814,0.763,0.620,0.4891,-0.0043,7.49,-0.03361,0.197,0.180,0.000,-0.3062,-0.3097,TRACKING,L+C+R_fused
1786984395.710,0.0,0.816,0.763,0.620,0.4884,-0.0041,7.58,-0.02805,0.197,0.180,0.000,-0.3048,-0.3146,TRACKING,L+C+R_fused
1786984395.725,0.0,0.816,0.765,0.620,0.4883,-0.0043,7.50,-0.03323,0.197,0.180,0.000,-0.3057,-0.3160,TRACKING,L+C+R_fused
1786984395.741,0.0,0.814,0.765,0.619,0.4885,-0.0042,7.54,-0.03009,0.197,0.180,0.000,-0.3053,-0.3159,TRACKING,L+C+R_fused
1786984395.757,0.0,0.814,0.764,0.619,0.4887,-0.0043,7.49,-0.03242,0.197,0.180,0.000,-0.3054,-0.3159,TRACKING,L+C+R_fused
1786984395.773,0.0,0.814,0.763,0.619,0.4884,-0.0043,7.50,-0.03247,0.197,0.180,0.000,-0.3052,-0.3158,TRACKING,L+C+R_fused
1786984395.794,0.0,0.814,0.765,0.619,0.4882,-0.0042,7.58,-0.02703,0.197,0.180,0.000,-0.3045,-0.3152,TRACKING,L+C+R_fused
1786984395.821,0.0,0.814,0.765,0.620,0.4882,-0.0042,7.55,-0.02878,0.197,0.180,0.000,-0.3051,-0.3156,TRACKING,L+C+R_fused
1786984395.843,0.0,0.814,0.766,0.619,0.4881,-0.0042,7.54,-0.02937,0.197,0.180,0.000,-0.3052,-0.3158,TRACKING,L+C+R_fused
1786984395.860,0.0,0.814,0.766,0.619,0.4880,-0.0043,7.52,-0.03180,0.197,0.180,0.000,-0.3057,-0.3162,TRACKING,L+C+R_fused
1786984395.885,0.0,0.814,0.766,0.619,0.4881,-0.0043,7.50,-0.03294,0.197,0.180,0.000,-0.3059,-0.3164,TRACKING,L+C+R_fused
1786984395.905,0.0,0.814,0.765,0.619,0.4912,-0.0043,7.53,-0.03379,0.197,0.180,0.000,-0.3071,-0.3175,TRACKING,L+C+R_fused
1786984395.925,0.0,0.814,0.766,0.619,0.4905,-0.0042,7.56,-0.03194,0.197,0.180,0.000,-0.3069,-0.3175,TRACKING,L+C+R_fused
1786984395.941,0.0,0.811,0.766,0.619,0.4900,-0.0043,7.54,-0.03363,0.197,0.180,0.000,-0.3072,-0.3178,TRACKING,L+C+R_fused
1786984395.967,0.0,0.811,0.767,0.619,0.4898,-0.0043,7.54,-0.03294,0.197,0.180,0.000,-0.3072,-0.3178,TRACKING,L+C+R_fused
1786984395.990,0.0,0.811,0.766,0.619,0.4902,-0.0042,7.53,-0.03504,0.196,0.180,0.000,-0.3071,-0.3177,TRACKING,L+C+R_fused
1786984396.003,0.0,0.811,0.766,0.618,0.4903,-0.0042,7.55,-0.03378,0.197,0.180,0.000,-0.3068,-0.3175,TRACKING,L+C+R_fused
1786984396.021,0.0,0.813,0.766,0.618,0.4927,-0.0042,7.53,-0.03454,0.197,0.180,0.000,-0.3071,-0.3176,TRACKING,L+C+R_fused
1786984396.039,0.0,0.813,0.766,0.618,0.4927,-0.0042,7.54,-0.03470,0.197,0.180,0.000,-0.3070,-0.3176,TRACKING,L+C+R_fused
1786984396.071,0.0,0.814,0.765,0.618,0.4926,-0.0043,7.52,-0.03469,0.197,0.180,0.000,-0.3074,-0.3179,TRACKING,L+C+R_fused
1786984396.088,0.0,0.814,0.765,0.618,0.4926,-0.0043,7.54,-0.03250,0.197,0.180,0.000,-0.3073,-0.3179,TRACKING,L+C+R_fused
1786984396.114,0.0,0.815,0.765,0.618,0.4927,-0.0043,7.55,-0.03178,0.197,0.180,0.000,-0.3072,-0.3178,TRACKING,L+C+R_fused
1786984396.129,0.0,0.815,0.765,0.618,0.4926,-0.0043,7.52,-0.03365,0.197,0.180,0.000,-0.3073,-0.3179,TRACKING,L+C+R_fused
1786984396.145,0.0,0.815,0.767,0.619,0.4878,-0.0044,7.45,-0.03763,0.196,0.180,0.000,-0.3072,-0.3177,TRACKING,L+C+R_fused
1786984396.161,0.0,0.815,0.767,0.619,0.4875,-0.0043,7.49,-0.03495,0.197,0.180,0.000,-0.3069,-0.3175,TRACKING,L+C+R_fused
1786984396.185,0.0,0.818,0.765,0.619,0.4886,-0.0045,7.41,-0.03945,0.196,0.180,0.000,-0.3078,-0.3182,TRACKING,L+C+R_fused
1786984396.202,0.0,0.818,0.765,0.619,0.4888,-0.0044,7.43,-0.03868,0.196,0.180,0.000,-0.3075,-0.3181,TRACKING,L+C+R_fused
1786984396.218,0.0,0.818,0.765,0.619,0.4893,-0.0044,7.44,-0.03893,0.196,0.180,0.000,-0.3078,-0.3183,TRACKING,L+C+R_fused
1786984396.248,0.0,0.819,0.765,0.618,0.4892,-0.0044,7.43,-0.03992,0.196,0.180,0.000,-0.3080,-0.3185,TRACKING,L+C+R_fused
1786984396.268,0.0,0.818,0.764,0.618,0.4892,-0.0043,7.45,-0.03901,0.196,0.180,0.000,-0.3074,-0.3181,TRACKING,L+C+R_fused
1786984396.293,0.0,0.821,0.766,0.618,0.4905,-0.0045,7.39,-0.04150,0.196,0.180,0.000,-0.3087,-0.3190,TRACKING,L+C+R_fused
1786984396.315,0.0,0.821,0.765,0.618,0.4903,-0.0046,7.36,-0.04300,0.196,0.180,0.000,-0.3090,-0.3195,TRACKING,L+C+R_fused
1786984396.329,0.0,0.820,0.764,0.618,0.4898,-0.0044,7.41,-0.04144,0.196,0.180,0.000,-0.3080,-0.3187,TRACKING,L+C+R_fused
1786984396.348,0.0,0.820,0.765,0.618,0.4897,-0.0042,7.41,-0.04424,0.196,0.180,0.000,-0.3073,-0.3179,TRACKING,L+C+R_fused
1786984396.378,0.0,0.813,0.761,0.619,0.4890,-0.0037,7.44,-0.03275,0.197,0.180,0.000,-0.2979,-0.3098,TRACKING,L+C+R_fused
1786984396.393,0.0,0.808,0.766,0.619,0.4895,-0.0036,7.38,-0.04226,0.196,0.180,0.000,-0.2999,-0.3103,TRACKING,L+C+R_fused
1786984396.423,0.0,0.821,0.766,0.618,0.4890,-0.0037,7.33,-0.04588,0.195,0.180,0.000,-0.3003,-0.3107,TRACKING,L+C+R_fused
1786984396.450,0.0,0.825,0.764,0.618,0.4892,-0.0036,7.40,-0.04059,0.196,0.180,0.000,-0.2995,-0.3101,TRACKING,L+C+R_fused
1786984396.467,0.0,0.822,0.764,0.618,0.4899,-0.0037,7.38,-0.04111,0.196,0.180,0.000,-0.3003,-0.3107,TRACKING,L+C+R_fused
1786984396.484,0.0,0.822,0.764,0.618,0.4899,-0.0037,7.35,-0.04371,0.196,0.180,0.000,-0.3004,-0.3108,TRACKING,L+C+R_fused
1786984396.510,0.0,0.822,0.765,0.618,0.4900,-0.0037,7.38,-0.04226,0.196,0.180,0.000,-0.3001,-0.3106,TRACKING,L+C+R_fused
1786984396.526,0.0,0.822,0.765,0.618,0.4899,-0.0037,7.42,-0.03759,0.196,0.180,0.000,-0.2995,-0.3100,TRACKING,L+C+R_fused
1786984396.543,0.0,0.815,0.766,0.618,0.4911,-0.0037,7.44,-0.03467,0.197,0.180,0.000,-0.2990,-0.3095,TRACKING,L+C+R_fused
1786984396.572,44.4,0.815,0.766,0.618,0.4911,-0.0039,7.36,-0.03855,0.196,0.180,0.000,-0.3004,-0.3107,TRACKING,L+C+R_fused
1786984396.588,44.4,0.815,0.765,0.618,0.4912,-0.0040,7.45,-0.02961,0.197,0.180,0.000,-0.3000,-0.3105,TRACKING,L+C+R_fused
1786984396.607,44.4,0.814,0.766,0.618,0.4939,-0.0041,7.57,-0.02292,0.198,0.180,0.000,-0.3018,-0.3121,TRACKING,L+C+R_fused
1786984396.628,44.4,0.815,0.765,0.619,0.4925,-0.0044,7.64,-0.01388,0.199,0.180,0.000,-0.3025,-0.3130,TRACKING,L+C+R_fused
1786984396.644,44.4,0.811,0.764,0.620,0.4911,-0.0046,7.53,-0.01664,0.198,0.180,0.000,-0.3021,-0.3127,TRACKING,L+C+R_fused
1786984396.662,44.4,0.801,0.767,0.620,0.4973,-0.0054,7.51,-0.01511,0.198,0.180,0.000,-0.3084,-0.3181,TRACKING,L+C+R_fused
1786984396.682,44.4,0.799,0.766,0.619,0.4967,-0.0058,7.51,-0.01559,0.198,0.180,0.000,-0.3121,-0.3221,TRACKING,L+C+R_fused
1786984396.700,44.4,0.805,0.768,0.619,0.4998,-0.0069,7.41,-0.01594,0.198,0.180,0.000,-0.3196,-0.3292,TRACKING,L+C+R_fused
1786984396.717,44.4,0.801,0.766,0.620,0.5032,-0.0076,7.51,-0.00424,0.200,0.180,0.000,-0.3239,-0.3340,TRACKING,L+C+R_fused
1786984396.732,44.4,0.796,0.763,0.619,0.5050,-0.0091,7.59,0.01310,0.199,0.180,0.000,-0.3403,-0.3487,TRACKING,L+C+R_fused
1786984396.747,44.4,0.789,0.766,0.619,0.5003,-0.0108,7.47,0.01787,0.198,0.180,0.000,-0.3531,-0.3618,TRACKING,L+C+R_fused
1786984396.760,44.4,0.778,0.766,0.620,0.5045,-0.0125,7.46,0.01853,0.198,0.180,0.000,-0.3685,-0.3771,TRACKING,L+C+R_fused
1786984396.774,44.4,0.777,0.763,0.618,0.5082,-0.0143,7.18,0.00981,0.199,0.180,0.000,-0.3749,-0.3848,TRACKING,L+C+R_fused
1786984396.793,44.4,0.770,0.765,0.619,0.5051,-0.0160,7.17,0.01366,0.199,0.180,0.000,-0.3911,-0.3999,TRACKING,L+C+R_fused
1786984396.817,44.4,0.757,0.764,0.619,0.5050,-0.0179,7.04,0.01446,0.199,0.180,0.000,-0.4050,-0.4140,TRACKING,L+C+R_fused
1786984396.835,44.4,0.782,0.765,0.619,0.5074,-0.0200,6.75,0.00520,0.199,0.180,0.000,-0.4131,-0.4231,TRACKING,L+C+R_fused
1786984396.849,44.4,0.743,0.771,0.625,0.5371,-0.0215,6.96,0.02221,0.198,0.180,0.000,-0.4361,-0.4440,TRACKING,L+C+R_fused
1786984396.872,44.4,0.764,0.773,0.619,0.5291,-0.0225,6.88,0.02553,0.197,0.180,0.000,-0.4436,-0.4534,TRACKING,L+C+R_fused
1786984396.889,44.4,0.729,0.768,0.622,0.5353,-0.0230,6.57,0.01841,0.198,0.180,0.000,-0.4370,-0.4492,TRACKING,L+C+R_fused
1786984396.903,44.4,0.724,0.767,0.619,0.5256,-0.0229,6.30,0.01175,0.199,0.180,0.000,-0.4262,-0.4393,TRACKING,L+C+R_fused
1786984396.918,44.4,0.775,0.766,0.618,0.5236,-0.0211,5.94,0.00228,0.200,0.180,0.000,-0.3976,-0.4134,TRACKING,L+C+R_fused
1786984396.934,44.4,0.778,0.764,0.618,0.5241,-0.0180,5.65,-0.00903,0.199,0.180,0.000,-0.3644,-0.3809,TRACKING,L+C+R_fused
1786984396.949,44.4,0.795,0.760,0.617,0.5244,-0.0152,5.52,-0.00202,0.200,0.180,0.000,-0.3309,-0.3472,TRACKING,L+C+R_fused
1786984396.967,44.4,0.780,0.768,0.616,0.5220,-0.0147,4.94,-0.02940,0.197,0.180,0.000,-0.3204,-0.3330,TRACKING,L+C+R_fused
1786984396.981,44.4,0.782,0.762,0.615,0.5219,-0.0151,4.92,-0.01493,0.199,0.180,0.000,-0.3167,-0.3278,TRACKING,L+C+R_fused
1786984396.997,44.4,0.779,0.765,0.616,0.5219,-0.0163,4.76,-0.01753,0.198,0.180,0.000,-0.3244,-0.3336,TRACKING,L+C+R_fused
1786984397.011,44.4,0.781,0.768,0.616,0.5243,-0.0179,4.58,-0.02656,0.197,0.180,0.000,-0.3381,-0.3462,TRACKING,L+C+R_fused
1786984397.029,44.4,0.755,0.773,0.617,0.5264,-0.0191,4.40,-0.03344,0.197,0.180,0.000,-0.3470,-0.3557,TRACKING,L+C+R_fused
1786984397.042,44.4,0.790,0.771,0.617,0.5326,-0.0201,4.14,-0.05258,0.195,0.180,0.000,-0.3590,-0.3674,TRACKING,L+C+R_fused
1786984397.055,44.4,0.784,0.763,0.616,0.5354,-0.0224,3.84,-0.05884,0.194,0.180,0.000,-0.3744,-0.3823,TRACKING,L+C+R_fused
1786984397.069,44.4,0.789,0.764,0.617,0.5384,-0.0247,3.33,-0.09383,0.191,0.180,0.000,-0.3996,-0.4059,TRACKING,L+C+R_fused
1786984397.084,44.4,0.780,0.760,0.618,0.5368,-0.0278,2.53,-0.15717,0.184,0.180,0.000,-0.4424,-0.4456,TRACKING,L+C+R_fused
1786984397.097,44.4,0.761,0.755,0.617,0.5371,-0.0310,2.09,-0.18784,0.181,0.180,0.000,-0.4796,-0.4830,TRACKING,L+C+R_fused
1786984397.113,44.4,0.738,0.705,0.617,0.5347,-0.0353,0.13,-0.38265,0.162,0.180,0.000,-0.5644,-0.5600,TRACKING,L+C+R_fused
1786984397.135,44.4,0.702,0.705,0.618,0.5224,-0.0386,-0.77,-0.45168,0.155,0.180,0.000,-0.6300,-0.6264,TRACKING,L+C+R_fused
1786984397.149,44.4,0.694,0.723,0.617,0.5176,-0.0409,-0.98,-0.46265,0.154,0.180,0.000,-0.6620,-0.6631,TRACKING,L+C+R_fused
1786984397.177,44.4,0.694,0.716,0.617,0.5272,-0.0432,-1.75,-0.52241,0.150,0.180,0.000,-0.7013,-0.7014,TRACKING,L+C+R_fused
1786984397.191,44.4,0.704,0.712,0.617,0.5245,-0.0427,-2.70,-0.59172,0.150,0.180,0.000,-0.6740,-0.6842,TRACKING,L+C+R_fused
1786984397.207,44.4,0.750,0.702,0.618,0.5324,-0.0415,-3.62,-0.66593,0.150,0.180,0.000,-0.6368,-0.6504,TRACKING,L+C+R_fused
1786984397.237,44.4,0.748,0.695,0.618,0.5260,-0.0394,-4.41,-0.73761,0.150,0.180,0.000,-0.5914,-0.6073,TRACKING,L+C+R_fused
1786984397.253,44.4,0.708,0.693,0.617,0.5171,-0.0380,-5.41,-0.82469,0.150,0.180,0.000,-0.5493,-0.5654,TRACKING,L+C+R_fused
1786984397.269,44.4,0.700,0.688,0.618,0.4974,-0.0386,-6.86,-0.95628,0.150,0.180,0.000,-0.5248,-0.5387,TRACKING,L+C+R_fused
1786984397.284,44.4,0.711,0.693,0.618,0.5057,-0.0394,-7.30,-0.99106,0.150,0.180,0.000,-0.5260,-0.5357,TRACKING,L+C+R_fused
1786984397.300,44.4,0.781,0.685,0.619,0.5111,-0.0407,-8.25,-1.08478,0.150,0.180,0.000,-0.5250,-0.5347,TRACKING,L+C+R_fused
1786984397.322,44.4,0.762,0.685,0.623,0.5053,-0.0418,-8.63,-1.14020,0.150,0.180,0.000,-0.5362,-0.5442,TRACKING,L+C+R_fused
1786984397.351,44.4,0.744,0.682,0.625,0.4727,-0.0445,-9.85,-1.26715,0.150,0.180,0.000,-0.5515,-0.5589,TRACKING,L+C+R_fused
1786984397.364,44.4,0.755,0.684,0.631,0.4659,-0.0450,-10.23,-1.32282,0.150,0.180,0.000,-0.5540,-0.5633,TRACKING,L+C+R_fused
1786984397.377,44.4,0.728,0.685,0.628,0.4483,-0.0443,-11.02,-1.42571,0.150,0.180,0.000,-0.5329,-0.5465,TRACKING,L+C+R_fused
1786984397.394,44.4,0.763,0.684,0.631,0.4534,-0.0431,-12.53,-1.55551,0.150,0.180,0.000,-0.4806,-0.5002,TRACKING,L+C+R_fused
1786984397.413,44.4,0.776,0.685,0.627,0.4526,-0.0398,-12.26,-1.57404,0.150,0.180,0.000,-0.4423,-0.4611,TRACKING,L+C+R_fused
1786984397.444,44.4,0.794,0.687,0.628,0.4551,-0.0382,-12.26,-1.62192,0.150,0.180,0.000,-0.4258,-0.4417,TRACKING,L+C+R_fused
1786984397.472,44.4,0.856,0.686,0.638,0.4487,-0.0386,-12.14,-1.65064,0.150,0.180,0.000,-0.4412,-0.4520,TRACKING,L+C+R_fused
1786984397.494,44.4,0.000,0.698,0.641,0.5049,-0.0386,-12.14,-1.71263,0.150,0.180,0.000,-0.4527,-0.4636,TRACKING,R+C
1786984397.507,44.4,0.000,0.695,0.640,0.5072,-0.0362,-11.67,-1.74628,0.150,0.180,0.000,-0.4391,-0.4542,TRACKING,R+C
1786984397.523,44.4,0.000,0.697,0.642,0.5072,-0.0325,-11.45,-1.80527,0.150,0.180,0.000,-0.3987,-0.4190,TRACKING,R+C
1786984397.534,44.4,0.000,0.683,0.633,0.5080,-0.0236,-9.84,-1.78185,0.150,0.180,0.000,-0.3118,-0.3405,TRACKING,R+C
1786984397.558,44.4,0.000,0.682,0.640,0.5040,-0.0129,-7.73,-1.69045,0.150,0.180,0.000,-0.1997,-0.2337,TRACKING,R+C
1786984397.572,44.4,0.000,0.682,0.643,0.5050,-0.0056,-7.18,-1.69896,0.150,0.180,0.000,-0.0970,-0.1306,TRACKING,R+C
1786984397.588,57.1,0.000,0.681,0.641,0.5020,0.0005,-5.55,-1.64806,0.150,0.180,0.000,-0.0512,-0.0764,TRACKING,R+C
1786984397.605,57.1,0.000,0.683,0.637,0.5043,0.0004,-5.61,-1.75157,0.150,0.180,0.000,-0.0690,-0.0847,TRACKING,R+C
1786984397.621,57.1,0.000,0.680,0.629,0.4944,0.0015,-3.87,-1.69762,0.150,0.180,0.000,-0.1155,-0.1258,TRACKING,R+C
1786984397.634,57.1,0.000,0.683,0.645,0.5295,0.0034,-3.29,-1.75874,0.150,0.180,0.000,-0.1179,-0.1348,TRACKING,R+C
1786984397.651,57.1,0.000,0.682,0.641,0.5203,0.0100,-0.36,-1.56707,0.150,0.180,0.000,-0.0954,-0.1166,TRACKING,R+C
1786984397.668,57.1,0.000,0.678,0.646,0.5337,0.0177,2.89,-1.33869,0.150,0.180,0.000,-0.0630,-0.0859,TRACKING,R+C
1786984397.695,57.1,0.000,0.690,0.640,0.5238,0.0180,0.12,-1.68227,0.150,0.180,0.000,0.0047,-0.0254,TRACKING,R+C
1786984397.711,57.1,0.000,0.683,0.650,0.5605,0.0194,1.14,-1.62663,0.150,0.180,0.000,-0.0067,-0.0262,TRACKING,R+C
1786984397.724,57.1,0.000,0.678,0.652,0.5719,0.0173,1.75,-1.63365,0.150,0.180,0.000,-0.0723,-0.0828,TRACKING,R+C
1786984397.743,57.1,0.000,0.679,0.657,0.5766,0.0148,2.77,-1.61050,0.150,0.180,0.000,-0.1575,-0.1639,TRACKING,R+C
1786984397.759,57.1,0.000,0.677,0.694,0.5137,0.0128,5.00,-1.44899,0.150,0.180,0.000,-0.2631,-0.2651,TRACKING,R+C
1786984397.775,57.1,0.000,0.676,0.716,0.5227,0.0090,5.25,-1.50291,0.150,0.180,0.000,-0.3468,-0.3512,TRACKING,R+C
1786984397.792,57.1,0.000,0.677,0.763,0.5383,0.0042,5.76,-1.49118,0.150,0.180,0.000,-0.4437,-0.4452,TRACKING,R+C
1786984397.808,57.1,0.000,0.676,0.779,0.5535,-0.0004,7.28,-1.35951,0.150,0.180,0.000,-0.5524,-0.5497,TRACKING,R+C
1786984397.839,57.1,0.000,0.676,0.779,0.5535,-0.0004,5.82,-1.08761,0.150,0.180,0.000,-0.5524,-0.5652,TRACKING,prediction
1786984397.852,57.1,0.000,0.674,0.776,0.5800,-0.0137,8.49,-1.40665,0.150,0.180,0.000,-0.7762,-0.7533,TRACKING,R+C
1786984397.868,57.1,0.000,0.678,0.775,0.5921,-0.0207,9.68,-1.33330,0.150,0.180,0.000,-0.8800,-0.8659,TRACKING,R+C
1786984397.884,57.1,0.000,0.676,0.760,0.5989,-0.0284,9.72,-1.36228,0.150,0.180,0.000,-0.9588,-0.9467,TRACKING,R+C
1786984397.899,57.1,0.000,0.691,0.763,0.6057,-0.0353,8.91,-1.50775,0.150,0.180,0.000,-1.0000,-0.9920,TRACKING,R+C
1786984397.915,57.1,0.000,0.681,0.768,0.6132,-0.0354,11.42,-1.22478,0.150,0.180,0.000,-1.0000,-0.9988,TRACKING,R+C
1786984397.931,57.1,0.000,0.682,0.762,0.6122,-0.0356,10.23,-1.34904,0.150,0.180,0.000,-1.0000,-0.9998,TRACKING,R+C
1786984397.946,57.1,0.000,0.684,0.768,0.6117,-0.0359,9.46,-1.41321,0.150,0.180,0.000,-1.0000,-1.0000,TRACKING,R+C
1786984397.962,57.1,0.000,0.684,0.766,0.6119,-0.0361,9.45,-1.41038,0.150,0.180,0.000,-1.0000,-1.0000,TRACKING,R+C
1786984397.979,57.1,0.000,0.684,0.766,0.6119,-0.0289,7.56,-1.12830,0.150,0.180,0.000,-1.0000,-1.0000,TRACKING,prediction
1786984397.994,57.1,0.000,0.684,0.766,0.6119,-0.0231,6.05,-0.90264,0.150,0.180,0.000,-1.0000,-1.0000,TRACKING,prediction
1786984398.010,57.1,0.000,0.683,0.753,0.6300,-0.0515,10.01,-1.32620,0.150,0.180,0.000,-1.0000,-1.0000,TRACKING,R+C
1786984398.028,57.1,0.000,0.683,0.753,0.6300,-0.0412,8.01,-1.06096,0.150,0.180,0.000,-1.0000,-1.0000,TRACKING,prediction
1786984398.045,57.1,0.000,0.683,0.753,0.6300,-0.0330,6.41,-0.84877,0.150,0.180,0.000,-1.0000,-1.0000,TRACKING,prediction
1786984398.070,57.1,0.000,0.679,0.750,0.6371,-0.0574,10.80,-1.21217,0.150,0.180,0.000,-1.0000,-1.0000,TRACKING,R+C
1786984398.088,57.1,0.000,0.679,0.750,0.6371,-0.0459,8.64,-0.96974,0.150,0.180,0.000,-1.0000,-1.0000,TRACKING,prediction
1786984398.103,57.1,0.000,0.679,0.750,0.6371,-0.0367,6.91,-0.77579,0.150,0.180,0.000,-1.0000,-1.0000,TRACKING,prediction
1786984398.119,57.1,0.000,0.679,0.750,0.6371,-0.0294,5.53,-0.62063,0.150,0.180,0.000,-1.0000,-1.0000,TRACKING,prediction
1786984398.143,57.1,0.000,0.679,0.750,0.6371,-0.0235,4.43,-0.49651,0.150,0.180,0.000,-1.0000,-1.0000,TRACKING,prediction
1786984398.164,57.1,0.000,0.679,0.750,0.6371,-0.0188,3.54,-0.39720,0.150,0.180,0.000,-1.0000,-1.0000,TRACKING,prediction
1786984398.191,57.1,0.000,0.679,0.750,0.6371,-0.0151,2.83,-0.31776,0.150,0.180,0.000,-1.0000,-1.0000,TRACKING,prediction
1786984398.219,57.1,0.000,0.679,0.750,0.6371,-0.0120,2.27,-0.25421,0.150,0.180,0.000,-1.0000,-1.0000,TRACKING,prediction
1786984398.235,57.1,0.000,0.679,0.750,0.6371,-0.0096,1.81,-0.20337,0.150,0.180,0.000,-1.0000,-1.0000,TRACKING,prediction
1786984398.252,57.1,0.000,0.679,0.750,0.6371,-0.0077,1.45,-0.16269,0.150,0.631,0.000,-1.0000,-1.0000,TRACKING,prediction
1786984398.282,57.1,0.000,0.679,0.750,0.6371,-0.0062,1.16,-0.13016,0.150,0.599,0.000,-1.0000,-0.7523,TRACKING,prediction
1786984398.312,57.1,0.000,0.679,0.750,0.6371,-0.0049,0.93,-0.10412,0.150,0.569,0.000,-1.0000,-0.7329,TRACKING,prediction
1786984398.327,57.1,0.000,0.679,0.750,0.6371,-0.0039,0.74,-0.08330,0.150,0.490,0.000,-1.0000,-0.7468,UNCERTAIN,prediction
1786984398.352,57.1,0.000,0.679,0.750,0.6371,-0.0032,0.59,-0.06664,0.150,0.490,0.000,-1.0000,-0.7931,UNCERTAIN,prediction
1786984398.370,57.1,0.000,0.679,0.750,0.6371,-0.0025,0.48,-0.05331,0.150,0.488,0.000,-1.0000,-0.7999,UNCERTAIN,prediction
1786984398.386,57.1,0.000,0.679,0.750,0.6371,-0.0020,0.38,-0.04265,0.150,0.464,0.000,-1.0000,-0.8020,UNCERTAIN,prediction
1786984398.398,57.1,0.000,0.690,0.756,0.6027,-0.0770,5.77,-1.13616,0.150,0.700,0.000,-1.0000,-0.8154,TRACKING,R+C
1786984398.418,57.1,0.000,0.690,0.756,0.6027,-0.0616,4.61,-0.90893,0.150,0.700,0.000,-1.0000,-0.6846,TRACKING,prediction
1786984398.438,57.1,0.000,0.690,0.756,0.6027,-0.0493,3.69,-0.72714,0.150,0.700,0.000,-1.0000,-0.6654,TRACKING,prediction
1786984398.450,57.1,0.000,0.690,0.756,0.6027,-0.0394,2.95,-0.58171,0.150,0.700,0.000,-1.0000,-0.6625,TRACKING,prediction
1786984398.482,57.1,0.000,0.690,0.756,0.6027,-0.0315,2.36,-0.46537,0.150,0.180,0.000,-1.0000,-0.6620,TRACKING,prediction
1786984398.508,57.1,0.000,0.690,0.756,0.6027,-0.0252,1.89,-0.37230,0.150,0.180,0.000,-1.0000,-0.9506,TRACKING,prediction
1786984398.528,57.1,0.000,0.690,0.756,0.6027,-0.0202,1.51,-0.29784,0.150,0.700,0.000,-1.0000,-0.9926,TRACKING,prediction
1786984398.549,57.1,0.000,0.690,0.756,0.6027,-0.0161,1.21,-0.23827,0.150,0.180,0.000,-1.0000,-0.7115,TRACKING,prediction
1786984398.568,57.1,0.000,0.690,0.756,0.6027,-0.0129,0.97,-0.19062,0.150,0.180,0.000,-1.0000,-0.9579,TRACKING,prediction
1786984398.589,52.9,0.000,0.690,0.756,0.6027,-0.0103,0.77,-0.15249,0.150,0.180,0.000,-1.0000,-0.9937,TRACKING,prediction
1786984398.618,52.9,0.000,0.690,0.756,0.6027,-0.0083,0.62,-0.12199,0.150,0.180,0.000,-1.0000,-0.9991,TRACKING,prediction
1786984398.635,52.9,0.000,0.690,0.756,0.6027,-0.0066,0.50,-0.09760,0.150,0.180,0.000,-1.0000,-0.9999,TRACKING,prediction
1786984398.654,52.9,0.000,0.690,0.756,0.6027,-0.0053,0.40,-0.07808,0.150,0.180,0.000,-1.0000,-1.0000,UNCERTAIN,prediction
1786984398.666,52.9,0.000,0.690,0.756,0.6027,-0.0042,0.32,-0.06246,0.150,0.180,0.000,-1.0000,-1.0000,UNCERTAIN,prediction
1786984398.688,52.9,0.000,0.690,0.756,0.6027,-0.0034,0.25,-0.04997,0.150,0.180,0.000,-1.0000,-1.0000,UNCERTAIN,prediction
1786984398.704,52.9,0.000,0.690,0.756,0.6027,-0.0027,0.20,-0.03998,0.150,0.180,0.000,-1.0000,-1.0000,UNCERTAIN,prediction
1786984398.718,52.9,0.000,0.690,0.756,0.6027,-0.0022,0.16,-0.03198,0.150,0.180,0.000,-1.0000,-1.0000,UNCERTAIN,prediction
1786984398.728,52.9,0.000,0.690,0.756,0.6027,-0.0017,0.13,-0.02558,0.150,0.180,0.000,-1.0000,-1.0000,UNCERTAIN,prediction
1786984398.758,52.9,0.000,0.805,0.747,0.5668,-0.0983,4.56,-0.84107,0.150,0.180,0.000,-1.0000,-1.0000,TRACKING,R+C
1786984398.774,52.9,0.000,0.805,0.747,0.5668,-0.0786,3.65,-0.67285,0.150,0.180,0.000,-1.0000,-1.0000,TRACKING,prediction
1786984398.802,52.9,0.000,0.805,0.747,0.5668,-0.0629,2.92,-0.53828,0.150,0.180,0.000,-1.0000,-1.0000,TRACKING,prediction
1786984398.829,52.9,0.000,0.799,0.748,0.5504,-0.0880,3.20,-0.84651,0.150,0.180,0.000,-1.0000,-1.0000,TRACKING,R+C
1786984398.855,52.9,0.000,0.799,0.757,0.5507,-0.0815,3.58,-0.79684,0.150,0.180,0.000,-1.0000,-1.0000,TRACKING,R+C
1786984398.876,52.9,0.000,0.798,0.754,0.5479,-0.0763,3.69,-0.76052,0.150,0.180,0.000,-1.0000,-1.0000,TRACKING,R+C
1786984398.890,52.9,0.000,0.793,0.756,0.5438,-0.0713,3.36,-0.76513,0.150,0.180,0.000,-1.0000,-1.0000,TRACKING,R+C
1786984398.902,52.9,0.000,0.787,0.761,0.5414,-0.0653,3.36,-0.73887,0.150,0.180,0.000,-1.0000,-1.0000,TRACKING,R+C
1786984398.925,52.9,0.000,0.787,0.756,0.5365,-0.0594,3.29,-0.73273,0.150,0.180,0.000,-1.0000,-1.0000,TRACKING,R+C
1786984398.937,52.9,0.000,0.782,0.769,0.5292,-0.0535,2.92,-0.74496,0.150,0.180,0.000,-0.9666,-0.9727,TRACKING,R+C
1786984398.952,52.9,0.000,0.782,0.769,0.5292,-0.0428,2.34,-0.59596,0.150,0.180,0.000,-0.9666,-0.9686,TRACKING,prediction
1786984398.977,52.9,0.000,0.782,0.769,0.5292,-0.0343,1.87,-0.47677,0.150,0.180,0.000,-0.9666,-0.9680,TRACKING,prediction
1786984398.993,52.9,0.944,0.775,0.770,0.5241,-0.0326,3.33,-0.66184,0.150,0.180,0.000,-0.7470,-0.7865,TRACKING,L+C+R_fused
1786984399.018,52.9,0.947,0.778,0.760,0.5143,-0.0256,3.04,-0.68681,0.150,0.180,0.000,-0.6512,-0.6793,TRACKING,L+C+R_fused
1786984399.037,52.9,0.937,0.772,0.763,0.5130,-0.0189,2.78,-0.70127,0.150,0.180,0.000,-0.5516,-0.5796,TRACKING,L+C+R_fused
1786984399.065,52.9,0.937,0.772,0.763,0.5130,-0.0151,2.22,-0.56101,0.150,0.180,0.000,-0.5516,-0.5648,TRACKING,prediction
1786984399.079,52.9,0.923,0.789,0.778,0.5025,-0.0050,2.77,-0.69677,0.150,0.180,0.000,-0.3343,-0.3786,TRACKING,L+C+R_fused
1786984399.094,52.9,0.931,0.786,0.780,0.5044,-0.0006,2.67,-0.70612,0.150,0.180,0.000,-0.2571,-0.2852,TRACKING,L+C+R_fused
1786984399.113,52.9,0.926,0.790,0.771,0.5012,0.0011,2.39,-0.72982,0.150,0.180,0.000,-0.2196,-0.2394,TRACKING,L+C+R_fused
1786984399.134,52.9,0.928,0.784,0.783,0.5005,0.0011,2.67,-0.71541,0.150,0.180,0.000,-0.2293,-0.2410,TRACKING,L+C+R_fused
1786984399.149,52.9,0.931,0.779,0.778,0.5022,-0.0008,3.19,-0.68671,0.150,0.180,0.000,-0.2797,-0.2842,TRACKING,L+C+R_fused
1786984399.165,52.9,0.918,0.778,0.766,0.5116,-0.0045,3.17,-0.70636,0.150,0.180,0.000,-0.3426,-0.3444,TRACKING,L+C+R_fused
1786984399.191,52.9,0.920,0.780,0.773,0.5144,-0.0068,3.48,-0.70329,0.150,0.180,0.000,-0.3933,-0.3964,TRACKING,L+C+R_fused
1786984399.219,52.9,0.920,0.780,0.773,0.5144,-0.0054,2.79,-0.56263,0.150,0.180,0.000,-0.3933,-0.4040,TRACKING,prediction
1786984399.234,52.9,0.934,0.784,0.775,0.5255,-0.0101,3.99,-0.68480,0.150,0.180,0.000,-0.4633,-0.4645,TRACKING,L+C+R_fused
1786984399.249,52.9,0.934,0.784,0.775,0.5255,-0.0081,3.19,-0.54784,0.150,0.180,0.000,-0.4633,-0.4734,TRACKING,prediction
1786984399.265,52.9,0.937,0.785,0.767,0.5286,-0.0089,4.06,-0.69116,0.150,0.180,0.000,-0.4483,-0.4622,TRACKING,L+C+R_fused
1786984399.281,52.9,0.932,0.783,0.769,0.5276,-0.0086,3.90,-0.71502,0.150,0.180,0.000,-0.4409,-0.4543,TRACKING,L+C+R_fused
1786984399.296,52.9,0.925,0.782,0.761,0.5282,-0.0127,2.88,-0.79566,0.150,0.180,0.000,-0.4763,-0.4832,TRACKING,L+C+R_fused
1786984399.310,52.9,0.942,0.774,0.763,0.5320,-0.0147,3.61,-0.76421,0.150,0.180,0.000,-0.5301,-0.5329,TRACKING,L+C+R_fused
1786984399.327,52.9,0.938,0.772,0.774,0.5470,-0.0190,3.42,-0.79472,0.150,0.180,0.000,-0.5901,-0.5908,TRACKING,L+C+R_fused
1786984399.342,52.9,0.943,0.777,0.772,0.4862,-0.0214,3.24,-0.83689,0.150,0.180,0.000,-0.6238,-0.6277,TRACKING,L+C+R_fused
1786984399.357,52.9,0.949,0.780,0.779,0.4897,-0.0220,3.15,-0.85971,0.150,0.180,0.000,-0.6309,-0.6392,TRACKING,L+C+R_fused
1786984399.378,52.9,0.943,0.773,0.781,0.4913,-0.0201,3.02,-0.88391,0.150,0.180,0.000,-0.6035,-0.6180,TRACKING,L+C+R_fused
1786984399.394,52.9,0.929,0.767,0.784,0.5078,-0.0162,2.75,-0.91748,0.150,0.180,0.000,-0.5430,-0.5641,TRACKING,L+C+R_fused
1786984399.410,52.9,0.926,0.774,0.782,0.5059,-0.0147,1.73,-1.00109,0.150,0.180,0.000,-0.4953,-0.5162,TRACKING,L+C+R_fused
1786984399.433,52.9,0.931,0.770,0.788,0.5005,-0.0112,2.36,-0.97728,0.150,0.180,0.000,-0.4632,-0.4821,TRACKING,L+C+R_fused
1786984399.448,52.9,0.937,0.773,0.788,0.4954,-0.0108,2.54,-0.98437,0.150,0.180,0.000,-0.4644,-0.4781,TRACKING,L+C+R_fused
1786984399.464,52.9,0.937,0.769,0.788,0.4921,-0.0094,2.41,-1.01518,0.150,0.180,0.000,-0.4423,-0.4590,TRACKING,L+C+R_fused
1786984399.481,52.9,0.916,0.761,0.790,0.4941,-0.0050,2.26,-1.05266,0.150,0.180,0.000,-0.3734,-0.3981,TRACKING,L+C+R_fused
1786984399.495,52.9,0.897,0.754,0.790,0.4888,0.0006,1.95,-1.10607,0.150,0.180,0.000,-0.2758,-0.3066,TRACKING,L+C+R_fused
1786984399.517,52.9,0.901,0.753,0.797,0.4873,0.0071,1.80,-1.10547,0.150,0.180,0.000,-0.1583,-0.1929,TRACKING,L+C+R_fused
1786984399.536,52.9,0.871,0.755,0.794,0.4871,0.0127,1.00,-1.16806,0.150,0.180,0.000,-0.0351,-0.0707,TRACKING,L+C+R_fused
1786984399.560,52.9,0.869,0.743,0.803,0.4818,0.0220,1.75,-1.13008,0.150,0.180,0.000,0.1040,0.0681,TRACKING,L+C+R_fused
1786984399.578,52.9,0.863,0.743,0.806,0.4808,0.0299,1.89,-1.11709,0.150,0.180,0.000,0.2374,0.2052,TRACKING,L+C+R_fused
1786984399.601,53.4,0.870,0.745,0.806,0.4768,0.0377,1.90,-1.11406,0.150,0.180,0.000,0.3679,0.3394,TRACKING,L+C+R_fused
1786984399.616,53.4,0.846,0.750,0.812,0.4756,0.0445,1.93,-1.12561,0.150,0.180,0.000,0.4732,0.4510,TRACKING,L+C+R_fused
1786984399.631,53.4,0.838,0.756,0.813,0.4754,0.0497,2.38,-1.09160,0.150,0.180,0.000,0.5399,0.5261,TRACKING,L+C+R_fused
1786984399.646,53.4,0.838,0.760,0.818,0.4757,0.0529,2.60,-1.07888,0.150,0.180,0.000,0.5796,0.5717,TRACKING,L+C+R_fused
1786984399.662,53.4,0.861,0.759,0.812,0.4764,0.0542,2.49,-1.09746,0.150,0.180,0.000,0.5988,0.5949,TRACKING,L+C+R_fused
1786984399.680,53.4,0.823,0.743,0.813,0.4782,0.0583,2.71,-1.09749,0.150,0.180,0.000,0.6475,0.6402,TRACKING,L+C+R_fused
1786984399.704,53.4,0.802,0.743,0.815,0.4770,0.0661,3.65,-1.03705,0.150,0.180,0.000,0.7253,0.7137,TRACKING,L+C+R_fused
1786984399.732,53.4,0.707,0.742,0.811,0.4737,0.0731,3.57,-1.06169,0.150,0.180,0.000,0.8076,0.7947,TRACKING,L+C+R_fused
1786984399.760,53.4,0.683,0.741,0.818,0.4681,0.0789,3.63,-1.05874,0.150,0.180,0.000,0.8696,0.8594,TRACKING,L+C+R_fused
1786984399.775,53.4,0.677,0.750,0.826,0.4689,0.0822,4.06,-1.04854,0.150,0.180,0.000,0.8936,0.8894,TRACKING,L+C+R_fused
1786984399.794,53.4,0.689,0.744,0.822,0.4687,0.0825,4.10,-1.07436,0.150,0.180,0.000,0.8929,0.8932,TRACKING,L+C+R_fused
1786984399.810,53.4,0.665,0.733,0.806,0.4613,0.0790,3.86,-1.12621,0.150,0.700,0.000,0.8575,0.8638,TRACKING,L+C+R_fused
1786984399.826,53.4,0.646,0.700,0.812,0.4608,0.0756,4.36,-1.13056,0.150,0.700,0.000,0.8050,0.5755,TRACKING,L+C+R_fused
1786984399.851,53.4,0.647,0.699,0.807,0.4601,0.0749,5.66,-1.07706,0.150,0.700,0.000,0.7648,0.5097,TRACKING,L+C+R_fused
1786984399.870,53.4,0.647,0.699,0.807,0.4601,0.0599,4.53,-0.86165,0.150,0.700,0.000,0.7648,0.4999,TRACKING,prediction
1786984399.896,53.4,0.665,0.684,0.797,0.4584,0.0712,8.95,-0.81110,0.150,0.180,0.000,0.6443,0.4310,TRACKING,L+C+R_fused
1786984399.912,53.4,0.556,0.685,0.794,0.4657,0.0680,8.73,-0.86596,0.150,0.700,0.000,0.6001,0.5733,TRACKING,L+C+R_fused
1786984399.934,53.4,0.785,0.689,0.790,0.4484,0.0634,7.20,-1.06162,0.150,0.700,0.000,0.5613,0.3943,TRACKING,L+C+R_fused
1786984399.955,53.4,0.954,0.680,0.784,0.4948,0.0638,11.13,-0.72392,0.150,0.700,0.000,0.4669,0.3144,TRACKING,L+C+R_fused
1786984399.983,53.4,0.954,0.680,0.784,0.4948,0.0511,8.90,-0.57914,0.150,0.700,0.000,0.4669,0.3025,TRACKING,prediction
1786984400.002,53.4,0.954,0.680,0.784,0.4948,0.0408,7.12,-0.46331,0.150,0.700,0.000,0.4669,0.3007,TRACKING,prediction
1786984400.019,53.4,0.000,0.678,0.785,0.4816,0.0546,13.27,-0.54937,0.150,0.700,0.000,0.2542,0.1802,TRACKING,R+C
1786984400.042,53.4,0.000,0.678,0.785,0.4816,0.0437,10.61,-0.43949,0.150,0.700,0.000,0.2542,0.1625,TRACKING,prediction
1786984400.060,53.4,0.417,0.673,0.771,0.7507,0.0517,14.18,-0.53375,0.150,0.700,0.000,0.1625,0.1076,TRACKING,L+C+R_fused
1786984400.078,53.4,0.000,0.673,0.769,0.4878,0.0534,14.80,-0.44749,0.155,0.180,0.000,0.1688,0.1037,TRACKING,R+C
1786984400.107,53.4,0.000,0.673,0.769,0.4878,0.0427,11.84,-0.35799,0.155,0.180,0.000,0.1688,0.1482,TRACKING,prediction
1786984400.124,53.4,0.000,0.677,0.767,0.4891,0.0587,12.61,-0.74385,0.150,0.180,0.000,0.3161,0.2821,TRACKING,R+C
1786984400.141,53.4,0.000,0.670,0.762,0.4915,0.0670,18.83,-0.14184,0.186,0.180,0.000,-0.0175,0.0203,TRACKING,R+C
1786984400.156,53.4,0.000,0.682,0.767,0.4880,0.0578,11.00,-0.98197,0.150,0.180,0.000,0.3308,0.2737,TRACKING,R+C
1786984400.177,53.4,0.000,0.682,0.767,0.4880,0.0462,8.80,-0.78558,0.150,0.180,0.000,0.3308,0.3122,TRACKING,prediction
1786984400.192,53.4,0.000,0.682,0.767,0.4880,0.0370,7.04,-0.62846,0.150,0.180,0.000,0.3308,0.3180,TRACKING,prediction
1786984400.215,53.4,0.000,0.682,0.767,0.4880,0.0296,5.63,-0.50277,0.150,0.180,0.000,0.3308,0.3188,TRACKING,prediction
1786984400.244,53.4,0.000,0.682,0.767,0.4880,0.0237,4.50,-0.40222,0.150,0.180,0.000,0.3308,0.3190,TRACKING,prediction
1786984400.267,53.4,0.000,0.682,0.767,0.4880,0.0189,3.60,-0.32177,0.150,0.180,0.000,0.3308,0.3190,TRACKING,prediction
1786984400.294,53.4,0.000,0.680,0.750,0.5432,0.0268,9.56,-1.38920,0.150,0.180,0.000,-0.2196,-0.1615,TRACKING,R+C
1786984400.310,53.4,0.000,0.678,0.747,0.5518,0.0275,12.01,-1.14608,0.150,0.180,0.000,-0.2774,-0.2779,TRACKING,R+C
1786984400.336,53.4,0.000,0.679,0.745,0.5556,0.0327,15.86,-0.85435,0.150,0.180,0.000,-0.3158,-0.3274,TRACKING,R+C
1786984400.351,53.4,0.000,0.677,0.740,0.5606,0.0341,18.56,-0.59572,0.150,0.180,0.000,-0.3708,-0.3804,TRACKING,R+C
1786984400.369,53.4,0.000,0.673,0.740,0.5656,0.0299,19.36,-0.50569,0.150,0.180,0.000,-0.4578,-0.4610,TRACKING,R+C
1786984400.391,53.4,0.000,0.671,0.738,0.5748,0.0273,23.09,-0.14816,0.185,0.180,0.000,-0.6204,-0.6075,TRACKING,R+C
1786984400.404,53.4,0.000,0.669,0.742,0.5870,0.0245,25.32,0.02503,0.197,0.180,0.000,-0.6180,-0.6282,TRACKING,R+C
1786984400.426,53.4,0.000,0.670,0.738,0.5924,0.0223,25.13,-0.03440,0.197,0.180,0.000,-0.6464,-0.6551,TRACKING,R+C
1786984400.440,53.4,0.000,0.663,0.744,0.5903,0.0291,31.31,0.51129,0.150,0.180,0.000,-0.7723,-0.7613,TRACKING,R+C
1786984400.453,53.4,0.000,0.663,0.744,0.5903,0.0233,25.05,0.40903,0.150,0.180,0.000,-0.7723,-0.7774,TRACKING,prediction
1786984400.468,53.4,0.000,0.648,0.746,0.5934,0.0348,34.40,0.70438,0.150,0.180,0.000,-0.7819,-0.7874,TRACKING,R+C
1786984400.483,53.4,0.000,0.650,0.744,0.5990,0.0373,36.11,0.80268,0.150,0.180,0.000,-0.7957,-0.8001,TRACKING,R+C
1786984400.500,53.4,0.000,0.650,0.744,0.5990,0.0298,28.89,0.64215,0.150,0.180,0.000,-0.7957,-0.8020,TRACKING,prediction
1786984400.515,53.4,0.000,0.650,0.744,0.5990,0.0239,23.11,0.51372,0.150,0.180,0.000,-0.7957,-0.8023,TRACKING,prediction
1786984400.529,53.4,0.000,0.678,0.745,0.6236,0.0028,16.81,-1.22166,0.150,0.180,0.000,-0.8313,-0.8347,TRACKING,R+C
1786984400.545,53.4,0.000,0.678,0.745,0.6236,0.0022,13.45,-0.97733,0.150,0.180,0.000,-0.8313,-0.8390,TRACKING,prediction
1786984400.560,53.4,0.000,0.678,0.745,0.6236,0.0018,10.76,-0.78186,0.150,0.180,0.000,-0.8313,-0.8397,TRACKING,prediction
1786984400.575,53.4,0.000,0.653,0.755,0.6354,0.0189,34.76,0.56296,0.150,0.180,0.000,-0.9840,-0.9628,TRACKING,R+C
1786984400.594,53.4,0.000,0.653,0.755,0.6354,0.0151,27.81,0.45037,0.150,0.180,0.000,-0.9840,-0.9814,TRACKING,prediction
1786984400.621,52.0,0.000,0.694,0.750,0.6328,0.0061,21.40,-0.75779,0.150,0.180,0.000,-0.8836,-0.9034,TRACKING,R+C
1786984400.637,52.0,0.000,0.687,0.755,0.6321,0.0051,22.14,-0.64534,0.150,0.180,0.000,-0.9018,-0.9063,TRACKING,R+C
1786984400.655,52.0,0.000,0.687,0.755,0.6321,0.0041,17.71,-0.51627,0.150,0.180,0.000,-0.9018,-0.9067,TRACKING,prediction
1786984400.675,52.0,0.000,0.708,0.752,0.6325,0.0090,25.51,-0.29425,0.171,0.180,0.000,-0.7657,-0.7967,TRACKING,R+C
1786984400.693,52.0,0.000,0.708,0.752,0.6325,0.0072,20.41,-0.23540,0.171,0.700,0.000,-0.7657,-0.7802,TRACKING,prediction
1786984400.710,52.0,0.000,0.708,0.752,0.6325,0.0057,16.33,-0.18832,0.171,0.700,0.000,-0.7657,-0.5515,TRACKING,prediction
1786984400.737,52.0,0.000,0.708,0.752,0.6325,0.0046,13.06,-0.15066,0.171,0.700,0.000,-0.7657,-0.5179,TRACKING,prediction
1786984400.761,52.0,0.000,0.708,0.752,0.6325,0.0037,10.45,-0.12052,0.171,0.700,0.000,-0.7657,-0.5129,TRACKING,prediction
1786984400.780,52.0,0.000,0.708,0.752,0.6325,0.0029,8.36,-0.09642,0.171,0.700,0.000,-0.7657,-0.5121,TRACKING,prediction
1786984400.801,52.0,0.000,0.708,0.752,0.6325,0.0024,6.69,-0.07714,0.171,0.700,0.000,-0.7657,-0.5120,TRACKING,prediction
1786984400.825,52.0,0.000,0.708,0.752,0.6325,0.0019,5.35,-0.06171,0.171,0.700,0.000,-0.7657,-0.5120,TRACKING,prediction
1786984400.847,52.0,0.000,0.708,0.752,0.6325,0.0015,4.28,-0.04937,0.171,0.678,0.000,-0.7657,-0.5120,TRACKING,prediction
1786984400.863,52.0,0.000,0.708,0.752,0.6325,0.0012,3.42,-0.03949,0.171,0.644,0.000,-0.7657,-0.5219,TRACKING,prediction
1786984400.886,52.0,0.000,0.708,0.752,0.6325,0.0010,2.74,-0.03159,0.171,0.612,0.000,-0.7657,-0.5384,TRACKING,prediction
1786984400.908,52.0,0.000,0.708,0.752,0.6325,0.0008,2.19,-0.02528,0.171,0.581,0.000,-0.7657,-0.5551,TRACKING,prediction
1786984400.930,52.0,0.000,0.708,0.752,0.6325,0.0006,1.75,-0.02022,0.171,0.490,0.000,-0.7657,-0.5710,UNCERTAIN,prediction
1786984400.948,52.0,0.000,0.708,0.752,0.6325,0.0005,1.40,-0.01618,0.171,0.490,0.000,-0.7657,-0.6133,UNCERTAIN,prediction
1786984400.964,52.0,0.000,0.708,0.752,0.6325,0.0004,1.12,-0.01294,0.171,0.490,0.000,-0.7657,-0.6194,UNCERTAIN,prediction
1786984400.979,52.0,0.000,0.708,0.752,0.6325,0.0003,0.90,-0.01035,0.171,0.473,0.000,-0.7657,-0.6203,UNCERTAIN,prediction
1786984401.006,52.0,0.000,0.708,0.752,0.6325,0.0003,0.72,-0.00828,0.171,0.450,0.000,-0.7657,-0.6278,UNCERTAIN,prediction
1786984401.022,52.0,0.000,0.708,0.752,0.6325,0.0002,0.57,-0.00663,0.171,0.427,0.000,-0.7657,-0.6392,UNCERTAIN,prediction
1786984401.053,52.0,0.000,0.708,0.752,0.6325,0.0002,0.46,-0.00530,0.171,0.406,0.000,-0.7657,-0.6507,UNCERTAIN,prediction
1786984401.074,52.0,0.000,0.708,0.752,0.6325,0.0001,0.37,-0.00424,0.171,0.385,0.000,-0.7657,-0.6616,UNCERTAIN,prediction
1786984401.096,52.0,0.000,0.708,0.752,0.6325,0.0001,0.29,-0.00339,0.171,0.366,0.000,-0.7657,-0.6720,UNCERTAIN,prediction
1786984401.111,52.0,0.000,0.708,0.752,0.6325,0.0001,0.24,-0.00271,0.171,0.348,0.000,-0.7657,-0.6819,UNCERTAIN,prediction
1786984401.131,52.0,0.000,0.708,0.752,0.6325,0.0001,0.19,-0.00217,0.171,0.330,0.000,-0.7657,-0.6913,UNCERTAIN,prediction
1786984401.152,52.0,0.000,0.708,0.752,0.6325,0.0001,0.15,-0.00174,0.171,0.314,0.000,-0.7657,-0.7002,UNCERTAIN,prediction
1786984401.170,52.0,0.000,0.708,0.752,0.6325,0.0000,0.12,-0.00139,0.171,0.298,0.000,-0.7657,-0.7086,UNCERTAIN,prediction
1786984401.192,52.0,0.000,0.708,0.752,0.6325,0.0000,0.10,-0.00111,0.171,0.283,0.000,-0.7657,-0.7166,UNCERTAIN,prediction
1786984401.214,52.0,0.000,0.708,0.752,0.6325,0.0000,0.08,-0.00089,0.171,0.269,0.000,-0.7657,-0.7242,UNCERTAIN,prediction
1786984401.229,52.0,0.000,0.708,0.752,0.6325,0.0000,0.06,-0.00071,0.171,0.256,0.000,-0.7657,-0.7314,UNCERTAIN,prediction
1786984401.253,52.0,0.000,0.708,0.752,0.6325,0.0000,0.05,-0.00057,0.171,0.180,0.000,-0.7657,-0.7382,UNCERTAIN,prediction
1786984401.268,52.0,0.000,0.708,0.752,0.6325,0.0000,0.04,-0.00046,0.171,0.180,0.000,-0.7657,-0.7716,UNCERTAIN,prediction
1786984401.298,52.0,0.000,0.708,0.752,0.6325,0.0000,0.03,-0.00036,0.171,0.180,0.000,-0.7657,-0.7764,UNCERTAIN,prediction
1786984401.322,52.0,0.000,0.708,0.752,0.6325,0.0000,0.03,-0.00029,0.171,0.180,0.000,-0.7657,-0.7772,UNCERTAIN,prediction
1786984401.345,52.0,0.000,0.708,0.752,0.6325,0.0000,0.02,-0.00023,0.171,0.180,0.000,-0.7657,-0.7773,UNCERTAIN,prediction
1786984401.370,52.0,0.000,0.708,0.752,0.6325,0.0000,0.02,-0.00019,0.171,0.180,0.000,-0.7657,-0.7773,UNCERTAIN,prediction
1786984401.387,52.0,0.000,0.708,0.752,0.6325,0.0000,0.01,-0.00015,0.171,0.180,0.000,-0.7657,-0.7773,UNCERTAIN,prediction
1786984401.402,52.0,0.000,0.708,0.752,0.6325,0.0000,0.01,-0.00012,0.171,0.180,0.000,-0.7657,-0.7773,UNCERTAIN,prediction
1786984401.427,52.0,0.000,0.708,0.752,0.6325,0.0000,0.01,-0.00010,0.171,0.180,0.000,-0.7657,-0.7773,UNCERTAIN,prediction
1786984401.442,52.0,0.000,0.708,0.752,0.6325,0.0000,0.01,-0.00008,0.171,0.180,0.000,-0.7657,-0.7773,PREDICTING,prediction
1786984401.451,52.0,0.000,0.690,0.792,0.5096,-0.0491,-10.64,-1.60437,0.150,0.180,0.000,-0.6406,-0.6690,TRACKING,R+C
1786984401.482,52.0,0.000,0.690,0.789,0.5099,-0.0470,-10.90,-1.65745,0.150,0.180,0.000,-0.6120,-0.6297,TRACKING,R+C
1786984401.499,52.0,0.000,0.691,0.788,0.5076,-0.0417,-10.96,-1.70026,0.150,0.180,0.000,-0.5407,-0.5642,TRACKING,R+C
1786984401.522,52.0,0.000,0.700,0.792,0.5042,-0.0357,-11.65,-1.77546,0.150,0.180,0.000,-0.4364,-0.4670,TRACKING,R+C
1786984401.534,52.0,0.000,0.708,0.797,0.5015,-0.0287,-10.83,-1.78770,0.150,0.180,0.000,-0.3580,-0.3865,TRACKING,R+C
1786984401.561,52.0,0.000,0.714,0.804,0.4997,-0.0242,-10.50,-1.85834,0.150,0.180,0.000,-0.3094,-0.3341,TRACKING,R+C
1786984401.577,52.0,0.000,0.716,0.800,0.5015,-0.0213,-10.04,-1.89654,0.150,0.180,0.000,-0.2860,-0.3069,TRACKING,R+C
1786984401.600,52.0,0.000,0.717,0.800,0.5007,-0.0167,-9.14,-1.91128,0.150,0.180,0.000,-0.2473,-0.2705,TRACKING,R+C
1786984401.612,52.0,0.000,0.719,0.800,0.5012,-0.0121,-8.26,-1.91795,0.150,0.180,0.000,-0.2072,-0.2314,TRACKING,R+C
1786984401.628,49.6,0.000,0.725,0.796,0.5016,-0.0091,-7.99,-1.96276,0.150,0.180,0.000,-0.1739,-0.1977,TRACKING,R+C
1786984401.644,49.6,0.000,0.716,0.794,0.5054,-0.0061,-6.07,-1.90464,0.150,0.180,0.000,-0.1927,-0.2090,TRACKING,R+C
1786984401.660,49.6,0.000,0.716,0.796,0.5070,-0.0054,-4.98,-1.92275,0.150,0.180,0.000,-0.2292,-0.2423,TRACKING,R+C
1786984401.675,49.6,0.000,0.722,0.791,0.5155,-0.0033,-3.06,-1.83249,0.150,0.180,0.000,-0.2577,-0.2713,TRACKING,R+C
1786984401.689,49.6,0.000,0.731,0.792,0.5195,-0.0005,-0.93,-1.72197,0.150,0.180,0.000,-0.2793,-0.2939,TRACKING,R+C
1786984401.702,49.6,0.000,0.726,0.791,0.5227,0.0018,-0.19,-1.72742,0.150,0.180,0.000,-0.2733,-0.2925,TRACKING,R+C
1786984401.717,49.6,0.000,0.728,0.790,0.5253,0.0027,0.14,-1.73297,0.150,0.180,0.000,-0.2727,-0.2920,TRACKING,R+C
1786984401.733,49.6,0.000,0.722,0.785,0.5299,0.0039,2.05,-1.64342,0.150,0.180,0.000,-0.3181,-0.3305,TRACKING,R+C
1786984401.760,49.6,0.000,0.722,0.784,0.5419,0.0020,2.87,-1.65094,0.150,0.180,0.000,-0.3856,-0.3934,TRACKING,R+C
1786984401.776,49.6,0.000,0.717,0.786,0.5455,0.0002,3.10,-1.70595,0.150,0.180,0.000,-0.4321,-0.4420,TRACKING,R+C
1786984401.792,49.6,0.000,0.717,0.786,0.5455,0.0002,2.48,-1.36476,0.150,0.180,0.000,-0.4321,-0.4492,TRACKING,prediction
1786984401.807,49.6,0.000,0.726,0.782,0.5571,0.0006,4.81,-1.64151,0.150,0.180,0.000,-0.4849,-0.4946,TRACKING,R+C
1786984401.820,49.6,0.000,0.721,0.784,0.5546,0.0050,5.04,-1.67947,0.150,0.180,0.000,-0.4323,-0.4577,TRACKING,R+C
1786984401.839,49.6,0.000,0.720,0.791,0.5514,0.0095,6.15,-1.58254,0.150,0.700,0.000,-0.3895,-0.4162,TRACKING,R+C
1786984401.853,49.6,0.000,0.724,0.787,0.5492,0.0118,6.75,-1.56219,0.150,0.700,0.000,-0.3753,-0.2803,TRACKING,R+C
1786984401.871,49.6,0.000,0.724,0.787,0.5492,0.0094,5.40,-1.24975,0.150,0.700,0.000,-0.3753,-0.2611,TRACKING,prediction
1786984401.885,49.6,0.000,0.719,0.784,0.5613,0.0084,7.64,-1.50236,0.150,0.700,0.000,-0.4566,-0.3032,TRACKING,R+C
1786984401.902,49.6,0.000,0.719,0.784,0.5613,0.0067,6.11,-1.20189,0.150,0.700,0.000,-0.4566,-0.3094,TRACKING,prediction
1786984401.920,49.6,0.000,0.726,0.775,0.5763,0.0046,9.11,-1.39886,0.150,0.700,0.000,-0.5571,-0.3658,TRACKING,R+C
1786984401.939,49.6,0.000,0.726,0.775,0.5763,0.0037,7.29,-1.11909,0.150,0.700,0.000,-0.5571,-0.3741,TRACKING,prediction
1786984401.972,49.6,0.000,0.726,0.775,0.5763,0.0029,5.83,-0.89527,0.150,0.700,0.000,-0.5571,-0.3753,TRACKING,prediction
1786984401.999,49.6,0.000,0.713,0.766,0.5875,-0.0036,9.91,-1.37747,0.150,0.700,0.000,-0.6947,-0.4514,TRACKING,R+C
1786984402.025,49.6,0.000,0.715,0.755,0.5997,-0.0109,10.62,-1.31696,0.150,0.700,0.000,-0.7990,-0.5198,TRACKING,R+C
1786984402.044,49.6,0.000,0.715,0.755,0.5997,-0.0087,8.49,-1.05357,0.150,0.700,0.000,-0.7990,-0.5299,TRACKING,prediction
1786984402.066,49.6,0.000,0.715,0.755,0.5997,-0.0070,6.80,-0.84285,0.150,0.700,0.000,-0.7990,-0.5314,TRACKING,prediction
1786984402.093,49.6,0.000,0.715,0.755,0.5997,-0.0056,5.44,-0.67428,0.150,0.700,0.000,-0.7990,-0.5317,TRACKING,prediction
1786984402.110,49.6,0.000,0.715,0.755,0.5997,-0.0045,4.35,-0.53943,0.150,0.700,0.000,-0.7990,-0.5317,TRACKING,prediction
1786984402.133,49.6,0.000,0.715,0.755,0.5997,-0.0036,3.48,-0.43154,0.150,0.700,0.000,-0.7990,-0.5317,TRACKING,prediction
1786984402.149,49.6,0.000,0.715,0.755,0.5997,-0.0029,2.78,-0.34523,0.150,0.700,0.000,-0.7990,-0.5317,TRACKING,prediction
1786984402.164,49.6,0.000,0.715,0.755,0.5997,-0.0023,2.23,-0.27619,0.150,0.180,0.000,-0.7990,-0.5317,TRACKING,prediction
1786984402.179,49.6,0.000,0.715,0.755,0.5997,-0.0018,1.78,-0.22095,0.150,0.180,0.000,-0.7990,-0.7679,TRACKING,prediction
1786984402.202,49.6,0.000,0.715,0.755,0.5997,-0.0015,1.43,-0.17676,0.150,0.180,0.000,-0.7990,-0.8020,TRACKING,prediction
1786984402.227,49.6,0.000,0.715,0.755,0.5997,-0.0012,1.14,-0.14141,0.150,0.180,0.000,-0.7990,-0.8071,TRACKING,prediction
1786984402.243,49.6,0.000,0.715,0.755,0.5997,-0.0009,0.91,-0.11313,0.150,0.180,0.000,-0.7990,-0.8079,TRACKING,prediction
1786984402.266,49.6,0.000,0.766,0.748,0.6503,-0.0705,11.49,-1.03889,0.150,0.180,0.000,-1.0000,-0.9718,TRACKING,R+C
1786984402.283,49.6,0.000,0.766,0.748,0.6503,-0.0564,9.19,-0.83111,0.150,0.180,0.000,-1.0000,-0.9958,TRACKING,prediction
1786984402.300,49.6,0.000,0.766,0.748,0.6503,-0.0451,7.35,-0.66489,0.150,0.180,0.000,-1.0000,-0.9994,TRACKING,prediction
1786984402.313,49.6,0.000,0.769,0.750,0.6348,-0.0652,11.28,-0.94346,0.150,0.180,0.000,-1.0000,-0.9999,TRACKING,R+C
1786984402.327,49.6,0.000,0.760,0.749,0.6303,-0.0669,9.53,-1.09125,0.150,0.180,0.000,-1.0000,-1.0000,TRACKING,R+C
1786984402.341,49.6,0.000,0.768,0.748,0.6305,-0.0679,10.41,-0.99067,0.150,0.180,0.000,-1.0000,-1.0000,TRACKING,R+C
1786984402.357,49.6,0.000,0.768,0.748,0.6305,-0.0543,8.33,-0.79254,0.150,0.180,0.000,-1.0000,-1.0000,TRACKING,prediction
1786984402.375,49.6,0.000,0.774,0.745,0.6337,-0.0803,10.87,-0.86620,0.150,0.180,0.000,-1.0000,-1.0000,TRACKING,R+C
1786984402.392,49.6,0.000,0.782,0.752,0.6391,-0.0896,10.66,-0.86301,0.150,0.180,0.000,-1.0000,-1.0000,TRACKING,R+C
1786984402.404,49.6,0.000,0.785,0.754,0.6410,-0.0958,11.22,-0.77771,0.150,0.180,0.000,-1.0000,-1.0000,TRACKING,R+C
1786984402.427,49.6,0.000,0.790,0.759,0.6432,-0.1019,9.98,-0.89271,0.150,0.700,0.000,-1.0000,-1.0000,TRACKING,R+C
1786984402.445,49.6,0.000,0.790,0.759,0.6432,-0.0815,7.98,-0.71417,0.150,0.700,0.000,-1.0000,-0.7151,TRACKING,prediction
1786984402.460,49.6,0.000,0.790,0.759,0.6432,-0.0652,6.38,-0.57133,0.150,0.700,0.000,-1.0000,-0.6723,TRACKING,prediction
1786984402.476,49.6,0.000,0.806,0.761,0.6379,-0.1045,10.15,-0.74945,0.150,0.700,0.000,-1.0000,-0.6657,TRACKING,R+C
1786984402.492,49.6,0.000,0.806,0.761,0.6379,-0.0836,8.12,-0.59956,0.150,0.700,0.000,-1.0000,-0.6648,TRACKING,prediction
1786984402.509,49.6,0.000,0.806,0.761,0.6379,-0.0669,6.49,-0.47964,0.150,0.700,0.000,-1.0000,-0.6646,TRACKING,prediction
1786984402.523,49.6,0.000,0.806,0.761,0.6379,-0.0535,5.20,-0.38372,0.150,0.700,0.000,-1.0000,-0.6646,TRACKING,prediction
1786984402.543,49.6,0.000,0.806,0.761,0.6379,-0.0428,4.16,-0.30697,0.150,0.700,0.000,-1.0000,-0.6646,TRACKING,prediction
1786984402.564,49.6,0.000,0.812,0.761,0.6284,-0.1289,7.66,-0.87031,0.150,0.700,0.000,-1.0000,-0.6660,TRACKING,R+C
1786984402.577,49.6,0.000,0.831,0.760,0.6221,-0.1300,8.81,-0.70202,0.150,0.700,0.000,-1.0000,-0.6660,TRACKING,R+C
1786984402.594,49.6,0.000,0.831,0.760,0.6221,-0.1040,7.05,-0.56161,0.150,0.700,0.000,-1.0000,-0.6660,TRACKING,prediction
1786984402.609,49.6,0.000,0.808,0.762,0.6079,-0.1348,4.74,-1.05691,0.150,0.700,0.000,-1.0000,-0.6661,TRACKING,R+C
1786984402.627,49.6,0.000,0.808,0.762,0.6079,-0.1078,3.79,-0.84553,0.150,0.700,0.000,-1.0000,-0.6661,TRACKING,prediction
1786984402.649,55.8,0.000,0.813,0.758,0.6021,-0.1389,5.01,-0.96629,0.150,0.700,0.000,-1.0000,-0.6662,TRACKING,R+C
1786984402.667,55.8,0.000,0.824,0.761,0.6035,-0.1438,5.28,-0.88785,0.150,0.700,0.000,-1.0000,-0.6665,TRACKING,R+C
1786984402.688,55.8,0.000,0.824,0.761,0.6035,-0.1150,4.23,-0.71028,0.150,0.700,0.000,-1.0000,-0.6665,TRACKING,prediction
1786984402.701,55.8,0.000,0.837,0.759,0.5991,-0.1501,4.67,-0.91276,0.150,0.700,0.000,-1.0000,-0.6668,TRACKING,R+C
1786984402.727,55.8,0.000,0.837,0.759,0.5991,-0.1201,3.74,-0.73021,0.150,0.700,0.000,-1.0000,-0.6668,TRACKING,prediction
1786984402.744,55.8,0.000,0.834,0.760,0.5922,-0.1477,4.77,-0.79989,0.150,0.700,0.000,-1.0000,-0.6663,TRACKING,R+C
1786984402.760,55.8,0.000,0.834,0.760,0.5922,-0.1181,3.82,-0.63991,0.150,0.700,0.000,-1.0000,-0.6663,TRACKING,prediction
1786984402.775,55.8,0.000,0.834,0.760,0.5922,-0.0945,3.05,-0.51193,0.150,0.700,0.000,-1.0000,-0.6663,TRACKING,prediction
1786984402.790,55.8,0.000,0.823,0.770,0.5813,-0.1399,2.89,-0.85401,0.150,0.700,0.000,-1.0000,-0.6652,TRACKING,R+C
1786984402.805,55.8,0.000,0.819,0.771,0.5780,-0.1356,3.35,-0.78314,0.150,0.700,0.000,-1.0000,-0.6648,TRACKING,R+C
1786984402.822,55.8,0.000,0.829,0.773,0.5766,-0.1322,3.08,-0.76656,0.150,0.700,0.000,-1.0000,-0.6643,TRACKING,R+C
1786984402.843,55.8,0.000,0.829,0.773,0.5766,-0.1057,2.46,-0.61325,0.150,0.180,0.000,-1.0000,-0.6643,TRACKING,prediction
1786984402.857,55.8,0.000,0.829,0.773,0.5766,-0.0846,1.97,-0.49060,0.150,0.180,0.000,-1.0000,-0.9512,TRACKING,prediction
1786984402.870,55.8,0.000,0.813,0.778,0.5651,-0.1242,0.77,-0.90279,0.150,0.180,0.000,-1.0000,-0.9926,TRACKING,R+C
1786984402.898,55.8,0.000,0.813,0.778,0.5651,-0.0993,0.61,-0.72223,0.150,0.180,0.000,-1.0000,-0.9989,TRACKING,prediction
1786984402.918,55.8,0.000,0.813,0.778,0.5651,-0.0795,0.49,-0.57778,0.150,0.180,0.000,-1.0000,-0.9998,TRACKING,prediction
1786984402.933,55.8,0.000,0.813,0.778,0.5651,-0.0636,0.39,-0.46223,0.150,0.180,0.000,-1.0000,-1.0000,TRACKING,prediction
1786984402.960,55.8,0.000,0.798,0.790,0.5491,-0.1148,-0.79,-0.95606,0.150,0.180,0.000,-1.0000,-1.0000,TRACKING,R+C
1786984402.975,55.8,0.000,0.813,0.790,0.5488,-0.1148,-0.15,-0.87894,0.150,0.180,0.000,-1.0000,-1.0000,TRACKING,R+C
1786984402.999,55.8,0.000,0.812,0.788,0.5504,-0.1164,0.32,-0.82404,0.150,0.180,0.000,-1.0000,-1.0000,TRACKING,R+C
1786984403.016,55.8,0.000,0.803,0.792,0.5488,-0.1184,-0.58,-0.89354,0.150,0.180,0.000,-1.0000,-1.0000,TRACKING,R+C
1786984403.034,55.8,0.000,0.803,0.792,0.5488,-0.0947,-0.47,-0.71483,0.150,0.180,0.000,-1.0000,-1.0000,TRACKING,prediction
1786984403.057,55.8,0.000,0.811,0.795,0.5433,-0.1158,-0.86,-0.89985,0.150,0.180,0.000,-1.0000,-1.0000,TRACKING,R+C
1786984403.073,55.8,0.000,0.792,0.799,0.5403,-0.1145,-1.22,-0.94076,0.150,0.180,0.000,-1.0000,-1.0000,TRACKING,R+C
1786984403.090,55.8,0.000,0.785,0.804,0.5386,-0.1160,-1.80,-0.97593,0.150,0.180,0.000,-1.0000,-1.0000,TRACKING,R+C
1786984403.104,55.8,0.000,0.801,0.802,0.5397,-0.1168,-1.44,-0.92558,0.150,0.180,0.000,-1.0000,-1.0000,TRACKING,R+C
1786984403.118,55.8,0.000,0.789,0.803,0.5389,-0.1187,-2.50,-1.00796,0.150,0.180,0.000,-1.0000,-1.0000,TRACKING,R+C
1786984403.134,55.8,0.000,0.791,0.808,0.5398,-0.1184,-2.36,-0.99693,0.150,0.180,0.000,-1.0000,-1.0000,TRACKING,R+C
1786984403.150,55.8,0.000,0.794,0.808,0.5398,-0.1171,-2.00,-0.95917,0.150,0.180,0.000,-1.0000,-1.0000,TRACKING,R+C
1786984403.174,55.8,0.000,0.796,0.812,0.5389,-0.1184,-3.00,-1.00551,0.150,0.180,0.000,-1.0000,-1.0000,TRACKING,R+C
1786984403.189,55.8,0.000,0.788,0.807,0.5372,-0.1189,-2.58,-0.98022,0.150,0.180,0.000,-1.0000,-1.0000,TRACKING,R+C
1786984403.201,55.8,0.000,0.798,0.808,0.5395,-0.1202,-1.41,-0.86947,0.150,0.180,0.000,-1.0000,-1.0000,TRACKING,R+C
1786984403.224,55.8,0.000,0.799,0.809,0.5417,-0.1214,-1.64,-0.89162,0.150,0.180,0.000,-1.0000,-1.0000,TRACKING,R+C
1786984403.239,55.8,0.000,0.799,0.811,0.5407,-0.1202,-1.38,-0.86049,0.150,0.180,0.000,-1.0000,-1.0000,TRACKING,R+C
1786984403.249,55.8,0.000,0.802,0.818,0.5349,-0.1157,-1.60,-0.87528,0.150,0.180,0.000,-1.0000,-1.0000,TRACKING,R+C
1786984403.271,55.8,0.000,0.797,0.824,0.5330,-0.1111,-2.18,-0.90394,0.150,0.180,0.000,-1.0000,-1.0000,TRACKING,R+C
1786984403.297,55.8,0.000,0.801,0.825,0.5250,-0.1047,-2.47,-0.91749,0.150,0.180,0.000,-1.0000,-1.0000,TRACKING,R+C
1786984403.312,55.8,0.000,0.800,0.834,0.5214,-0.0992,-2.99,-0.92628,0.150,0.180,0.000,-1.0000,-1.0000,TRACKING,R+C
1786984403.326,55.8,0.000,0.799,0.840,0.5169,-0.0898,-1.82,-0.84455,0.150,0.700,0.000,-1.0000,-1.0000,TRACKING,R+C
1786984403.341,55.8,0.000,0.798,0.842,0.5135,-0.0829,-1.87,-0.85116,0.150,0.700,0.000,-1.0000,-0.7100,TRACKING,R+C
1786984403.355,55.8,0.000,0.797,0.847,0.5063,-0.0760,-2.35,-0.87267,0.150,0.700,0.000,-1.0000,-0.6659,TRACKING,R+C
1786984403.379,55.8,0.000,0.797,0.852,0.5001,-0.0679,-1.88,-0.84164,0.150,0.700,0.000,-0.9958,-0.6564,TRACKING,R+C
1786984403.395,55.8,0.921,0.795,0.862,0.4792,-0.0606,-2.15,-0.86585,0.150,0.180,0.000,-0.9248,-0.6161,TRACKING,L+C+R_fused
1786984403.412,55.8,0.909,0.790,0.867,0.5303,-0.0520,-2.08,-0.87610,0.150,0.700,0.000,-0.8391,-0.8106,TRACKING,L+C+R_fused
1786984403.428,55.8,0.901,0.789,0.863,0.5265,-0.0445,-2.54,-0.89650,0.150,0.180,0.000,-0.7414,-0.5378,TRACKING,L+C+R_fused
1786984403.441,55.8,0.917,0.790,0.872,0.5150,-0.0360,-2.54,-0.89406,0.150,0.180,0.000,-0.6316,-0.6258,TRACKING,L+C+R_fused
1786984403.457,55.8,0.902,0.792,0.885,0.5085,-0.0283,-2.00,-0.86481,0.150,0.180,0.000,-0.5377,-0.5593,TRACKING,L+C+R_fused
1786984403.482,55.8,0.895,0.797,0.879,0.5060,-0.0226,-1.64,-0.83256,0.150,0.180,0.000,-0.4608,-0.4844,TRACKING,L+C+R_fused
1786984403.497,55.8,0.904,0.796,0.875,0.5100,-0.0192,-1.37,-0.82672,0.150,0.180,0.000,-0.4162,-0.4355,TRACKING,L+C+R_fused
1786984403.523,55.8,0.906,0.794,0.873,0.5256,-0.0192,-1.16,-0.81236,0.150,0.180,0.000,-0.4223,-0.4335,TRACKING,L+C+R_fused
1786984403.538,55.8,0.914,0.796,0.878,0.5288,-0.0201,-0.73,-0.79939,0.150,0.180,0.000,-0.4513,-0.4579,TRACKING,L+C+R_fused
1786984403.557,55.8,0.903,0.797,0.873,0.5241,-0.0223,-0.52,-0.79710,0.150,0.180,0.000,-0.4934,-0.4971,TRACKING,L+C+R_fused
1786984403.571,55.8,0.896,0.794,0.871,0.5352,-0.0246,-0.27,-0.79154,0.150,0.180,0.000,-0.5361,-0.5391,TRACKING,L+C+R_fused
1786984403.586,55.8,0.918,0.797,0.864,0.4996,-0.0280,-0.41,-0.81563,0.150,0.180,0.000,-0.5838,-0.5856,TRACKING,L+C+R_fused
1786984403.600,55.8,0.950,0.785,0.866,0.5203,-0.0303,-0.18,-0.83454,0.150,0.180,0.000,-0.6262,-0.6282,TRACKING,L+C+R_fused
1786984403.626,55.8,0.000,0.783,0.864,0.5076,-0.0346,-0.19,-0.86850,0.150,0.180,0.000,-0.6875,-0.6860,TRACKING,R+C
1786984403.639,55.8,0.000,0.783,0.865,0.5099,-0.0383,0.09,-0.87989,0.150,0.700,0.000,-0.7451,-0.7428,TRACKING,R+C
1786984403.652,56.8,0.000,0.790,0.856,0.5151,-0.0417,0.70,-0.86207,0.150,0.700,0.000,-0.8002,-0.5605,TRACKING,R+C
1786984403.674,56.8,0.000,0.799,0.852,0.5187,-0.0455,1.23,-0.83561,0.150,0.700,0.000,-0.8545,-0.5636,TRACKING,R+C
1786984403.691,56.8,0.000,0.806,0.846,0.5220,-0.0499,1.72,-0.81287,0.150,0.180,0.000,-0.9100,-0.5946,TRACKING,R+C
1786984403.717,56.8,0.000,0.814,0.848,0.5272,-0.0558,1.89,-0.80442,0.150,0.700,0.000,-0.9692,-0.9151,TRACKING,R+C
1786984403.732,56.8,0.000,0.807,0.840,0.5343,-0.0595,3.34,-0.70941,0.150,0.700,0.000,-1.0000,-0.6966,TRACKING,R+C
1786984403.745,56.8,0.000,0.807,0.838,0.5386,-0.0647,4.01,-0.66406,0.150,0.700,0.000,-1.0000,-0.6645,TRACKING,R+C
1786984403.760,56.8,0.000,0.779,0.818,0.5444,-0.0730,1.42,-0.94725,0.150,0.700,0.000,-1.0000,-0.6603,TRACKING,R+C
1786984403.774,56.8,0.000,0.805,0.818,0.5555,-0.0765,4.55,-0.59941,0.150,0.700,0.000,-1.0000,-0.6599,TRACKING,R+C
1786984403.790,56.8,0.000,0.779,0.816,0.5597,-0.0839,1.01,-1.02740,0.150,0.700,0.000,-1.0000,-0.6605,TRACKING,R+C
1786984403.805,56.8,0.000,0.761,0.813,0.5625,-0.0895,-0.28,-1.14946,0.150,0.700,0.000,-1.0000,-0.6609,TRACKING,R+C
1786984403.822,56.8,0.000,0.774,0.815,0.5637,-0.0951,-2.45,-1.30750,0.150,0.700,0.000,-1.0000,-0.6611,TRACKING,R+C
1786984403.835,56.8,0.000,0.777,0.814,0.5647,-0.0923,-0.20,-1.15401,0.150,0.700,0.000,-1.0000,-0.6612,TRACKING,R+C
1786984403.850,56.8,0.000,0.751,0.813,0.5624,-0.0952,-1.11,-1.26727,0.150,0.700,0.000,-1.0000,-0.6614,TRACKING,R+C
1786984403.864,56.8,0.000,0.751,0.813,0.5624,-0.0762,-0.89,-1.01382,0.150,0.700,0.000,-1.0000,-0.6614,TRACKING,prediction
1786984403.880,56.8,0.000,0.751,0.813,0.5624,-0.0610,-0.71,-0.81106,0.150,0.700,0.000,-1.0000,-0.6614,TRACKING,prediction
1786984403.901,56.8,0.000,0.751,0.813,0.5624,-0.0488,-0.57,-0.64884,0.150,0.700,0.000,-1.0000,-0.6614,TRACKING,prediction
1786984403.916,56.8,0.000,0.751,0.813,0.5624,-0.0390,-0.45,-0.51908,0.150,0.700,0.000,-1.0000,-0.6614,TRACKING,prediction
1786984403.932,56.8,0.000,0.751,0.813,0.5624,-0.0312,-0.36,-0.41526,0.150,0.700,0.000,-1.0000,-0.6614,TRACKING,prediction
1786984403.947,56.8,0.000,0.751,0.813,0.5624,-0.0250,-0.29,-0.33221,0.150,0.700,0.000,-1.0000,-0.6614,TRACKING,prediction
1786984403.962,56.8,0.000,0.751,0.813,0.5624,-0.0200,-0.23,-0.26577,0.150,0.700,0.000,-1.0000,-0.6614,TRACKING,prediction
1786984403.977,56.8,0.000,0.751,0.813,0.5624,-0.0160,-0.19,-0.21261,0.150,0.700,0.000,-1.0000,-0.6614,TRACKING,prediction
1786984403.999,56.8,0.000,0.751,0.813,0.5624,-0.0128,-0.15,-0.17009,0.150,0.690,0.000,-1.0000,-0.6614,TRACKING,prediction
1786984404.024,56.8,0.000,0.751,0.813,0.5624,-0.0102,-0.12,-0.13607,0.150,0.656,0.000,-1.0000,-0.6670,TRACKING,prediction
1786984404.045,56.8,0.000,0.751,0.813,0.5624,-0.0082,-0.10,-0.10886,0.150,0.623,0.000,-1.0000,-0.6875,TRACKING,prediction
1786984404.065,56.8,0.000,0.751,0.813,0.5624,-0.0065,-0.08,-0.08709,0.150,0.592,0.000,-1.0000,-0.7090,TRACKING,prediction
1786984404.093,56.8,0.000,0.751,0.813,0.5624,-0.0052,-0.06,-0.06967,0.150,0.562,0.000,-1.0000,-0.7298,TRACKING,prediction
1786984404.109,56.8,0.000,0.751,0.813,0.5624,-0.0042,-0.05,-0.05574,0.150,0.490,0.000,-1.0000,-0.7495,UNCERTAIN,prediction
1786984404.136,56.8,0.000,0.751,0.813,0.5624,-0.0034,-0.04,-0.04459,0.150,0.490,0.000,-1.0000,-0.7927,UNCERTAIN,prediction
1786984404.152,56.8,0.000,0.751,0.813,0.5624,-0.0027,-0.03,-0.03567,0.150,0.482,0.000,-1.0000,-0.7991,UNCERTAIN,prediction
1786984404.178,56.8,0.000,0.751,0.813,0.5624,-0.0021,-0.02,-0.02854,0.150,0.458,0.000,-1.0000,-0.8045,UNCERTAIN,prediction
1786984404.192,56.8,0.000,0.749,0.783,0.5689,-0.0849,-1.43,-1.50557,0.150,0.180,0.000,-1.0000,-0.8186,TRACKING,R+C
1786984404.209,56.8,0.000,0.749,0.782,0.5658,-0.0830,-2.03,-1.55405,0.150,0.700,0.000,-1.0000,-0.9731,TRACKING,R+C
1786984404.224,56.8,0.000,0.756,0.778,0.5668,-0.0806,-1.42,-1.52692,0.150,0.700,0.000,-1.0000,-0.7077,TRACKING,R+C
1786984404.236,56.8,0.000,0.743,0.779,0.5705,-0.0816,-1.38,-1.56981,0.150,0.700,0.000,-1.0000,-0.6682,TRACKING,R+C
1786984404.251,56.8,0.000,0.740,0.772,0.5751,-0.0855,-1.25,-1.61957,0.150,0.700,0.000,-1.0000,-0.6628,TRACKING,R+C
1786984404.268,56.8,0.000,0.740,0.772,0.5751,-0.0684,-1.00,-1.29566,0.150,0.700,0.000,-1.0000,-0.6619,TRACKING,prediction
1786984404.284,56.8,0.000,0.740,0.772,0.5751,-0.0547,-0.80,-1.03653,0.150,0.180,0.000,-1.0000,-0.6617,TRACKING,prediction
1786984404.299,56.8,0.000,0.740,0.772,0.5751,-0.0438,-0.64,-0.82922,0.150,0.180,0.000,-1.0000,-0.9506,TRACKING,prediction
1786984404.314,56.8,0.000,0.740,0.772,0.5751,-0.0350,-0.51,-0.66338,0.150,0.180,0.000,-1.0000,-0.9926,TRACKING,prediction
1786984404.327,56.8,0.000,0.753,0.759,0.5996,-0.1022,-0.52,-1.85014,0.150,0.180,0.000,-1.0000,-0.9989,TRACKING,R+C
1786984404.350,56.8,0.000,0.776,0.690,0.5963,-0.1004,1.84,-1.62696,0.150,0.180,0.000,-1.0000,-0.9998,TRACKING,R+C
1786984404.369,56.8,0.000,0.752,0.683,0.5913,-0.1027,-0.35,-1.92969,0.150,0.180,0.000,-1.0000,-1.0000,TRACKING,R+C
1786984404.386,56.8,0.000,0.749,0.664,0.5910,-0.1047,-0.65,-2.00705,0.150,0.180,0.000,-1.0000,-1.0000,TRACKING,R+C
1786984404.402,56.8,0.000,0.758,0.677,0.5933,-0.1056,-0.08,-1.96745,0.150,0.180,0.000,-1.0000,-1.0000,TRACKING,R+C
1786984404.427,56.8,0.000,0.754,0.665,0.5960,-0.1059,-1.12,-2.09209,0.150,0.180,0.000,-1.0000,-1.0000,TRACKING,R+C
1786984404.443,56.8,0.000,0.754,0.665,0.5960,-0.0847,-0.89,-1.67367,0.150,0.180,0.000,-1.0000,-1.0000,TRACKING,prediction
1786984404.461,56.8,0.000,0.754,0.665,0.5960,-0.0678,-0.72,-1.33894,0.150,0.700,0.000,-1.0000,-1.0000,TRACKING,prediction
1786984404.477,56.8,0.000,0.754,0.665,0.5960,-0.0542,-0.57,-1.07115,0.150,0.700,0.000,-1.0000,-0.7152,TRACKING,prediction
1786984404.498,56.8,0.000,0.783,0.659,0.6205,-0.0980,4.60,-1.61823,0.150,0.700,0.000,-1.0000,-0.6723,TRACKING,R+C
1786984404.525,56.8,0.000,0.783,0.659,0.6205,-0.0784,3.68,-1.29458,0.150,0.180,0.000,-1.0000,-0.6659,TRACKING,prediction
1786984404.543,56.8,0.000,0.792,0.658,0.6389,-0.1069,7.58,-1.35188,0.150,0.180,0.000,-1.0000,-0.9518,TRACKING,R+C
1786984404.564,56.8,0.000,0.793,0.660,0.6464,-0.1111,8.49,-1.25298,0.150,0.180,0.000,-1.0000,-0.9928,TRACKING,R+C
1786984404.577,56.8,0.000,0.794,0.658,0.6570,-0.1140,10.16,-1.08887,0.150,0.700,0.000,-1.0000,-0.9989,TRACKING,R+C
1786984404.594,56.8,0.000,0.794,0.658,0.6570,-0.0912,8.12,-0.87110,0.150,0.180,0.000,-1.0000,-0.7163,TRACKING,prediction
1786984404.607,56.8,0.000,0.798,0.654,0.6774,-0.1248,12.86,-0.78534,0.150,0.180,0.000,-1.0000,-0.9592,TRACKING,R+C
1786984404.630,56.8,0.000,0.810,0.655,0.6813,-0.1318,13.88,-0.65156,0.150,0.180,0.000,-1.0000,-0.9939,TRACKING,R+C
1786984404.646,56.8,0.000,0.822,0.655,0.6863,-0.1376,15.37,-0.49078,0.151,0.180,0.000,-1.0000,-0.9991,TRACKING,R+C
1786984404.665,56.3,0.000,0.822,0.655,0.6863,-0.1101,12.29,-0.39263,0.151,0.180,0.000,-1.0000,-0.9999,TRACKING,prediction
1786984404.685,56.3,0.000,0.828,0.652,0.7014,-0.1436,16.24,-0.28193,0.172,0.180,0.000,-1.0000,-1.0000,TRACKING,R+C
1786984404.700,56.3,0.000,0.838,0.650,0.7089,-0.1441,16.72,-0.18043,0.182,0.180,0.000,-1.0000,-1.0000,TRACKING,R+C
1786984404.717,56.3,0.000,0.841,0.649,0.7128,-0.1453,16.81,-0.11294,0.189,0.180,0.000,-1.0000,-1.0000,TRACKING,R+C
1786984404.731,56.3,0.000,0.847,0.640,0.7119,-0.1477,16.88,-0.04247,0.196,0.180,0.000,-1.0000,-1.0000,TRACKING,R+C
1786984404.747,56.3,0.000,0.847,0.640,0.7119,-0.1182,13.50,-0.03397,0.196,0.180,0.000,-1.0000,-1.0000,TRACKING,prediction
1786984404.761,56.3,0.000,0.852,0.628,0.7212,-0.1547,16.11,0.02268,0.198,0.180,0.000,-1.0000,-1.0000,TRACKING,R+C
1786984404.778,56.3,0.000,0.852,0.628,0.7212,-0.1237,12.88,0.01815,0.198,0.180,0.000,-1.0000,-1.0000,TRACKING,prediction
1786984404.794,56.3,0.000,0.852,0.628,0.7212,-0.0990,10.31,0.01452,0.198,0.180,0.000,-1.0000,-1.0000,TRACKING,prediction
1786984404.817,56.3,0.000,0.844,0.630,0.7164,-0.1567,14.00,0.06071,0.194,0.180,0.000,-1.0000,-1.0000,TRACKING,R+C
1786984404.834,56.3,0.000,0.844,0.630,0.7164,-0.1253,11.20,0.04857,0.194,0.180,0.000,-1.0000,-1.0000,TRACKING,prediction
1786984404.850,56.3,0.000,0.844,0.630,0.7164,-0.1003,8.96,0.03885,0.194,0.180,0.000,-1.0000,-1.0000,TRACKING,prediction
1786984404.872,56.3,0.000,0.844,0.630,0.7164,-0.0802,7.17,0.03108,0.194,0.180,0.000,-1.0000,-1.0000,TRACKING,prediction
1786984404.902,56.3,0.000,0.844,0.630,0.7164,-0.0642,5.73,0.02487,0.194,0.180,0.000,-1.0000,-1.0000,TRACKING,prediction
1786984404.920,56.3,0.000,0.844,0.630,0.7164,-0.0513,4.59,0.01989,0.194,0.180,0.000,-1.0000,-1.0000,TRACKING,prediction
1786984404.949,56.3,0.000,0.844,0.630,0.7164,-0.0411,3.67,0.01591,0.194,0.180,0.000,-1.0000,-1.0000,TRACKING,prediction
1786984404.978,56.3,0.000,0.844,0.630,0.7164,-0.0329,2.94,0.01273,0.194,0.180,0.000,-1.0000,-1.0000,TRACKING,prediction
1786984404.998,56.3,0.000,0.844,0.630,0.7164,-0.0263,2.35,0.01019,0.194,0.180,0.000,-1.0000,-1.0000,TRACKING,prediction
1786984405.019,56.3,0.000,0.844,0.630,0.7164,-0.0210,1.88,0.00815,0.194,0.180,0.000,-1.0000,-1.0000,TRACKING,prediction
1786984405.040,56.3,0.000,0.844,0.630,0.7164,-0.0168,1.50,0.00652,0.194,0.180,0.000,-1.0000,-1.0000,TRACKING,prediction
1786984405.055,56.3,0.000,0.844,0.630,0.7164,-0.0135,1.20,0.00521,0.194,0.180,0.000,-1.0000,-1.0000,TRACKING,prediction
1786984405.071,56.3,0.000,0.844,0.630,0.7164,-0.0108,0.96,0.00417,0.194,0.180,0.000,-1.0000,-1.0000,UNCERTAIN,prediction
1786984405.093,56.3,0.789,0.650,0.000,0.6658,0.1698,-4.17,-1.83056,0.150,0.180,0.000,1.0000,-0.1025,TRACKING,L+C
1786984405.109,56.3,0.000,0.765,0.650,0.6563,-0.1729,-1.04,-0.37138,0.163,0.180,0.000,-1.0000,-0.8820,TRACKING,R+C
1786984405.136,56.3,0.000,0.762,0.650,0.6503,-0.1686,-1.52,-0.35569,0.164,0.180,0.000,-1.0000,-0.9822,TRACKING,R+C
1786984405.155,56.3,0.000,0.762,0.650,0.6503,-0.1349,-1.21,-0.28455,0.164,0.180,0.000,-1.0000,-0.9973,TRACKING,prediction
1786984405.168,56.3,0.000,0.723,0.650,0.6365,-0.1586,-3.71,-0.46755,0.153,0.180,0.000,-1.0000,-0.9996,TRACKING,R+C
1786984405.183,56.3,0.000,0.713,0.650,0.6330,-0.1539,-4.41,-0.48274,0.152,0.180,0.000,-1.0000,-0.9999,TRACKING,R+C
1786984405.199,56.3,0.000,0.704,0.651,0.6250,-0.1491,-5.51,-0.53245,0.150,0.180,0.000,-1.0000,-1.0000,TRACKING,R+C
1786984405.218,56.3,0.000,0.689,0.651,0.6136,-0.1460,-7.69,-0.68119,0.150,0.180,0.000,-1.0000,-1.0000,TRACKING,R+C
1786984405.232,56.3,0.000,0.687,0.648,0.6053,-0.1436,-8.87,-0.73134,0.150,0.180,0.000,-1.0000,-1.0000,TRACKING,R+C
1786984405.257,56.3,0.000,0.687,0.645,0.5945,-0.1397,-9.04,-0.74522,0.150,0.180,0.000,-1.0000,-1.0000,TRACKING,R+C
1786984405.272,56.3,0.000,0.683,0.646,0.5925,-0.1388,-9.87,-0.81513,0.150,0.180,0.000,-1.0000,-1.0000,TRACKING,R+C
1786984405.297,56.3,0.000,0.686,0.644,0.5889,-0.1405,-10.62,-0.86247,0.150,0.180,0.000,-1.0000,-1.0000,TRACKING,R+C
1786984405.312,56.3,0.000,0.683,0.644,0.5888,-0.1434,-12.01,-0.95936,0.150,0.180,0.000,-1.0000,-1.0000,TRACKING,R+C
1786984405.328,56.3,0.000,0.679,0.640,0.5839,-0.1436,-13.20,-1.05708,0.150,0.180,0.000,-1.0000,-1.0000,TRACKING,R+C
1786984405.342,56.3,0.000,0.676,0.639,0.5784,-0.1417,-14.67,-1.13742,0.150,0.180,0.000,-1.0000,-1.0000,TRACKING,R+C
1786984405.359,56.3,0.000,0.675,0.635,0.5707,-0.1323,-14.31,-1.14254,0.150,0.180,0.000,-1.0000,-1.0000,TRACKING,R+C
1786984405.380,56.3,0.000,0.674,0.629,0.5597,-0.1238,-15.09,-1.19483,0.150,0.180,0.000,-1.0000,-1.0000,TRACKING,R+C
1786984405.398,56.3,0.000,0.674,0.629,0.5597,-0.0991,-12.07,-0.95586,0.150,0.180,0.000,-1.0000,-1.0000,TRACKING,prediction
1786984405.414,56.3,0.000,0.674,0.629,0.5597,-0.0793,-9.66,-0.76469,0.150,0.180,0.000,-1.0000,-1.0000,TRACKING,prediction
1786984405.437,56.3,0.000,0.674,0.629,0.5597,-0.0634,-7.72,-0.61175,0.150,0.180,0.000,-1.0000,-1.0000,TRACKING,prediction
1786984405.454,56.3,0.705,0.680,0.628,0.4053,-0.0901,-17.23,-1.36819,0.150,0.180,0.000,-0.9001,-0.9177,TRACKING,L+C+R_fused
1786984405.470,56.3,0.698,0.681,0.630,0.4126,-0.0843,-17.56,-1.45939,0.150,0.180,0.000,-0.8423,-0.8576,TRACKING,L+C+R_fused
1786984405.487,56.3,0.750,0.684,0.639,0.4385,-0.0787,-17.03,-1.47208,0.150,0.180,0.000,-0.7969,-0.8109,TRACKING,L+C+R_fused
1786984405.507,56.3,0.779,0.682,0.641,0.4674,-0.0724,-17.26,-1.53835,0.150,0.180,0.000,-0.7232,-0.7426,TRACKING,L+C+R_fused
1786984405.530,56.3,0.785,0.679,0.641,0.4834,-0.0629,-17.57,-1.61273,0.150,0.180,0.000,-0.5998,-0.6292,TRACKING,L+C+R_fused
1786984405.552,56.3,0.774,0.678,0.640,0.4950,-0.0501,-16.05,-1.58381,0.150,0.180,0.000,-0.4618,-0.4960,TRACKING,L+C+R_fused
1786984405.573,56.3,0.759,0.680,0.636,0.5008,-0.0388,-15.52,-1.62347,0.150,0.180,0.000,-0.3071,-0.3452,TRACKING,L+C+R_fused
1786984405.590,56.3,0.729,0.682,0.643,0.4982,-0.0286,-14.45,-1.62666,0.150,0.180,0.000,-0.1785,-0.2135,TRACKING,L+C+R_fused
1786984405.613,56.3,0.774,0.691,0.642,0.4993,-0.0217,-13.66,-1.66361,0.150,0.180,0.000,-0.0972,-0.1249,TRACKING,L+C+R_fused
1786984405.634,56.3,0.769,0.693,0.640,0.4943,-0.0164,-12.02,-1.64208,0.150,0.180,0.000,-0.0695,-0.0884,TRACKING,L+C+R_fused
1786984405.655,56.3,0.820,0.696,0.642,0.4887,-0.0124,-11.13,-1.66580,0.150,0.180,0.000,-0.0413,-0.0593,TRACKING,L+C+R_fused
1786984405.685,52.0,0.800,0.696,0.642,0.4846,-0.0073,-10.30,-1.68186,0.150,0.180,0.000,0.0092,-0.0121,TRACKING,L+C+R_fused
1786984405.700,52.0,0.801,0.690,0.651,0.4881,-0.0002,-8.84,-1.67771,0.150,0.180,0.000,0.0748,0.0516,TRACKING,L+C+R_fused
1786984405.715,52.0,0.805,0.688,0.652,0.4834,0.0052,-7.14,-1.63028,0.150,0.180,0.000,0.1061,0.0879,TRACKING,L+C+R_fused
1786984405.747,52.0,0.791,0.682,0.654,0.4804,0.0072,-5.96,-1.62192,0.150,0.180,0.000,0.0908,0.0794,TRACKING,L+C+R_fused
1786984405.777,52.0,0.951,0.681,0.639,0.4936,0.0092,-2.97,-1.46420,0.150,0.180,0.000,0.0248,0.0206,TRACKING,L+C+R_fused
1786984405.805,52.0,0.000,0.677,0.653,0.5393,0.0106,-0.10,-1.31406,0.150,0.180,0.000,-0.0502,-0.0530,TRACKING,R+C
1786984405.822,52.0,0.000,0.676,0.654,0.5377,0.0090,0.87,-1.31440,0.150,0.180,0.000,-0.1202,-0.1243,TRACKING,R+C
1786984405.835,52.0,0.000,0.677,0.691,0.4943,0.0066,1.27,-1.35271,0.150,0.180,0.000,-0.1872,-0.1924,TRACKING,R+C
1786984405.850,52.0,0.000,0.681,0.728,0.5108,0.0035,0.85,-1.46945,0.150,0.180,0.000,-0.2429,-0.2505,TRACKING,R+C
1786984405.869,52.0,0.000,0.681,0.802,0.5190,0.0023,2.68,-1.36172,0.150,0.180,0.000,-0.3236,-0.3273,TRACKING,R+C
1786984405.887,52.0,0.000,0.679,0.799,0.5275,-0.0001,4.11,-1.28025,0.150,0.180,0.000,-0.4088,-0.4106,TRACKING,R+C
1786984405.902,52.0,0.000,0.681,0.801,0.5335,-0.0042,3.80,-1.37636,0.150,0.180,0.000,-0.4765,-0.4802,TRACKING,R+C
1786984405.917,52.0,0.000,0.683,0.792,0.5426,-0.0087,2.99,-1.49953,0.150,0.180,0.000,-0.5311,-0.5365,TRACKING,R+C
1786984405.933,52.0,0.000,0.691,0.787,0.5492,-0.0102,3.64,-1.50718,0.150,0.180,0.000,-0.5787,-0.5848,TRACKING,R+C
1786984405.950,52.0,0.000,0.691,0.787,0.5492,-0.0082,2.91,-1.20575,0.150,0.180,0.000,-0.5787,-0.5919,TRACKING,prediction
1786984405.968,52.0,0.000,0.690,0.787,0.5549,-0.0082,5.07,-1.45999,0.150,0.180,0.000,-0.5951,-0.6069,TRACKING,R+C
1786984405.982,52.0,0.000,0.681,0.796,0.5547,-0.0025,7.74,-1.17969,0.150,0.180,0.000,-0.5721,-0.5894,TRACKING,R+C
1786984405.995,52.0,0.000,0.681,0.796,0.5547,-0.0020,6.19,-0.94375,0.150,0.180,0.000,-0.5721,-0.5869,TRACKING,prediction
1786984406.013,52.0,0.000,0.681,0.796,0.5547,-0.0016,4.95,-0.75500,0.150,0.180,0.000,-0.5721,-0.5865,TRACKING,prediction
1786984406.035,52.0,0.000,0.678,0.787,0.5569,-0.0027,6.84,-1.38203,0.150,0.180,0.000,-0.5713,-0.5865,TRACKING,R+C
1786984406.059,52.0,0.000,0.680,0.783,0.5640,-0.0057,7.79,-1.31488,0.150,0.180,0.000,-0.6391,-0.6427,TRACKING,R+C
1786984406.077,52.0,0.000,0.680,0.782,0.5677,-0.0072,8.90,-1.21544,0.150,0.180,0.000,-0.6834,-0.6876,TRACKING,R+C
1786984406.090,52.0,0.000,0.681,0.779,0.5680,-0.0073,9.10,-1.21502,0.150,0.180,0.000,-0.6917,-0.7012,TRACKING,R+C
1786984406.105,52.0,0.000,0.683,0.780,0.5668,-0.0073,8.71,-1.26535,0.150,0.180,0.000,-0.6858,-0.6984,TRACKING,R+C
1786984406.118,52.0,0.000,0.687,0.785,0.5691,-0.0087,8.58,-1.27114,0.150,0.180,0.000,-0.7005,-0.7101,TRACKING,R+C
1786984406.137,52.0,0.000,0.687,0.785,0.5691,-0.0070,6.87,-1.01691,0.150,0.180,0.000,-0.7005,-0.7119,TRACKING,prediction
1786984406.153,52.0,0.000,0.687,0.785,0.5691,-0.0056,5.49,-0.81353,0.150,0.180,0.000,-0.7005,-0.7121,TRACKING,prediction
1786984406.167,52.0,0.000,0.687,0.785,0.5691,-0.0045,4.40,-0.65082,0.150,0.180,0.000,-0.7005,-0.7122,TRACKING,prediction
1786984406.183,52.0,0.000,0.687,0.785,0.5691,-0.0036,3.52,-0.52066,0.150,0.180,0.000,-0.7005,-0.7122,TRACKING,prediction
1786984406.199,52.0,0.000,0.687,0.785,0.5691,-0.0029,2.81,-0.41653,0.150,0.180,0.000,-0.7005,-0.7122,TRACKING,prediction
1786984406.227,52.0,0.000,0.687,0.785,0.5691,-0.0023,2.25,-0.33322,0.150,0.180,0.000,-0.7005,-0.7122,TRACKING,prediction
1786984406.247,52.0,0.000,0.687,0.785,0.5691,-0.0018,1.80,-0.26658,0.150,0.180,0.000,-0.7005,-0.7122,TRACKING,prediction
1786984406.263,52.0,0.000,0.687,0.785,0.5691,-0.0015,1.44,-0.21326,0.150,0.180,0.000,-0.7005,-0.7122,TRACKING,prediction
1786984406.280,52.0,0.000,0.687,0.785,0.5691,-0.0012,1.15,-0.17061,0.150,0.180,0.000,-0.7005,-0.7122,TRACKING,prediction
1786984406.309,52.0,0.000,0.687,0.785,0.5691,-0.0009,0.92,-0.13649,0.150,0.617,0.000,-0.7005,-0.7122,TRACKING,prediction
1786984406.324,52.0,0.000,0.687,0.785,0.5691,-0.0008,0.74,-0.10919,0.150,0.586,0.000,-0.7005,-0.5372,TRACKING,prediction
1786984406.351,52.0,0.000,0.687,0.785,0.5691,-0.0006,0.59,-0.08735,0.150,0.490,0.000,-0.7005,-0.5241,UNCERTAIN,prediction
1786984406.367,52.0,0.000,0.687,0.785,0.5691,-0.0005,0.47,-0.06988,0.150,0.490,0.000,-0.7005,-0.5611,UNCERTAIN,prediction
1786984406.386,52.0,0.000,0.687,0.785,0.5691,-0.0004,0.38,-0.05591,0.150,0.490,0.000,-0.7005,-0.5664,UNCERTAIN,prediction
1786984406.402,52.0,0.000,0.687,0.785,0.5691,-0.0003,0.30,-0.04472,0.150,0.478,0.000,-0.7005,-0.5672,UNCERTAIN,prediction
1786984406.429,52.0,0.000,0.687,0.785,0.5691,-0.0002,0.24,-0.03578,0.150,0.454,0.000,-0.7005,-0.5723,UNCERTAIN,prediction
1786984406.444,52.0,0.000,0.687,0.785,0.5691,-0.0002,0.19,-0.02862,0.150,0.431,0.000,-0.7005,-0.5826,UNCERTAIN,prediction
1786984406.462,52.0,0.000,0.687,0.785,0.5691,-0.0002,0.15,-0.02290,0.150,0.409,0.000,-0.7005,-0.5933,UNCERTAIN,prediction
1786984406.485,52.0,0.000,0.687,0.785,0.5691,-0.0001,0.12,-0.01832,0.150,0.389,0.000,-0.7005,-0.6035,UNCERTAIN,prediction
1786984406.505,52.0,0.000,0.687,0.785,0.5691,-0.0001,0.10,-0.01466,0.150,0.370,0.000,-0.7005,-0.6132,UNCERTAIN,prediction
1786984406.520,52.0,0.000,0.687,0.785,0.5691,-0.0001,0.08,-0.01172,0.150,0.351,0.000,-0.7005,-0.6224,UNCERTAIN,prediction
1786984406.535,52.0,0.000,0.687,0.785,0.5691,-0.0001,0.06,-0.00938,0.150,0.334,0.000,-0.7005,-0.6311,UNCERTAIN,prediction
1786984406.559,52.0,0.000,0.687,0.785,0.5691,-0.0001,0.05,-0.00750,0.150,0.317,0.000,-0.7005,-0.6394,UNCERTAIN,prediction
1786984406.579,52.0,0.000,0.687,0.785,0.5691,-0.0000,0.04,-0.00600,0.150,0.301,0.000,-0.7005,-0.6472,UNCERTAIN,prediction
1786984406.601,52.0,0.000,0.687,0.785,0.5691,-0.0000,0.03,-0.00480,0.150,0.286,0.000,-0.7005,-0.6547,UNCERTAIN,prediction
1786984406.627,52.0,0.000,0.746,0.763,0.5924,-0.0724,8.28,-0.88499,0.150,0.700,0.000,-1.0000,-0.8918,TRACKING,R+C
1786984406.644,52.0,0.000,0.746,0.763,0.5924,-0.0580,6.63,-0.70799,0.150,0.180,0.000,-1.0000,-0.6959,TRACKING,prediction
1786984406.661,52.0,0.000,0.775,0.761,0.5828,-0.0665,8.15,-0.84857,0.150,0.700,0.000,-1.0000,-0.9554,TRACKING,R+C
1786984406.687,52.9,0.000,0.775,0.761,0.5828,-0.0532,6.52,-0.67886,0.150,0.700,0.000,-1.0000,-0.7050,TRACKING,prediction
1786984406.711,52.9,0.000,0.775,0.761,0.5828,-0.0425,5.21,-0.54308,0.150,0.700,0.000,-1.0000,-0.6676,TRACKING,prediction
1786984406.725,52.9,0.000,0.791,0.761,0.5732,-0.0614,7.98,-0.77360,0.150,0.700,0.000,-1.0000,-0.6613,TRACKING,R+C
1786984406.741,52.9,0.000,0.789,0.762,0.5716,-0.0632,7.99,-0.75141,0.150,0.180,0.000,-1.0000,-0.6605,TRACKING,R+C
1786984406.758,52.9,0.000,0.789,0.762,0.5716,-0.0505,6.39,-0.60113,0.150,0.180,0.000,-1.0000,-0.9502,TRACKING,prediction
1786984406.772,52.9,0.000,0.789,0.762,0.5716,-0.0404,5.11,-0.48090,0.150,0.180,0.000,-1.0000,-0.9925,TRACKING,prediction
1786984406.785,52.9,0.000,0.790,0.762,0.5687,-0.0689,7.05,-0.78944,0.150,0.180,0.000,-1.0000,-0.9989,TRACKING,R+C
1786984406.802,52.9,0.000,0.788,0.763,0.5674,-0.0718,6.46,-0.82749,0.150,0.180,0.000,-1.0000,-0.9998,TRACKING,R+C
1786984406.817,52.9,0.000,0.785,0.765,0.5707,-0.0764,6.33,-0.82041,0.150,0.180,0.000,-1.0000,-1.0000,TRACKING,R+C
1786984406.833,52.9,0.000,0.786,0.765,0.5680,-0.0812,6.00,-0.83916,0.150,0.180,0.000,-1.0000,-1.0000,TRACKING,R+C
1786984406.848,52.9,0.000,0.797,0.761,0.5679,-0.0856,5.62,-0.84479,0.150,0.180,0.000,-1.0000,-1.0000,TRACKING,R+C
1786984406.864,52.9,0.000,0.798,0.763,0.5670,-0.0865,5.27,-0.86507,0.150,0.180,0.000,-1.0000,-1.0000,TRACKING,R+C
1786984406.882,52.9,0.000,0.790,0.759,0.5678,-0.0842,5.14,-0.85087,0.150,0.180,0.000,-1.0000,-1.0000,TRACKING,R+C
1786984406.897,52.9,0.000,0.788,0.758,0.5638,-0.0809,5.06,-0.82059,0.150,0.180,0.000,-1.0000,-1.0000,TRACKING,R+C
1786984406.913,52.9,0.000,0.788,0.758,0.5638,-0.0647,4.05,-0.65647,0.150,0.180,0.000,-1.0000,-1.0000,TRACKING,prediction
1786984406.934,52.9,0.000,0.788,0.758,0.5638,-0.0518,3.24,-0.52517,0.150,0.180,0.000,-1.0000,-1.0000,TRACKING,prediction
1786984406.949,52.9,0.000,0.785,0.770,0.5505,-0.0691,4.41,-0.80477,0.150,0.180,0.000,-1.0000,-1.0000,TRACKING,R+C
1786984406.964,52.9,0.000,0.784,0.774,0.5475,-0.0646,4.29,-0.78457,0.150,0.180,0.000,-1.0000,-1.0000,TRACKING,R+C
1786984406.982,52.9,0.000,0.784,0.774,0.5475,-0.0517,3.43,-0.62765,0.150,0.180,0.000,-1.0000,-1.0000,TRACKING,prediction
1786984407.000,52.9,0.000,0.775,0.784,0.5346,-0.0534,4.27,-0.73008,0.150,0.180,0.000,-0.9950,-0.9959,TRACKING,R+C
1786984407.018,52.9,0.000,0.775,0.780,0.5298,-0.0475,3.89,-0.74143,0.150,0.180,0.000,-0.9328,-0.9445,TRACKING,R+C
1786984407.038,52.9,0.000,0.775,0.780,0.5298,-0.0380,3.11,-0.59314,0.150,0.180,0.000,-0.9328,-0.9367,TRACKING,prediction
1786984407.052,52.9,0.000,0.791,0.795,0.5257,-0.0388,3.69,-0.72665,0.150,0.180,0.000,-0.8372,-0.8567,TRACKING,R+C
1786984407.069,52.9,0.000,0.796,0.795,0.5296,-0.0383,3.77,-0.71640,0.150,0.180,0.000,-0.8321,-0.8406,TRACKING,R+C
1786984407.085,52.9,0.000,0.789,0.790,0.5336,-0.0396,3.75,-0.71412,0.150,0.180,0.000,-0.8462,-0.8498,TRACKING,R+C
1786984407.108,52.9,0.000,0.791,0.786,0.5343,-0.0407,3.50,-0.73619,0.150,0.180,0.000,-0.8535,-0.8572,TRACKING,R+C
1786984407.127,52.9,0.000,0.786,0.786,0.5323,-0.0395,3.03,-0.77643,0.150,0.180,0.000,-0.8318,-0.8404,TRACKING,R+C
1786984407.151,52.9,0.943,0.776,0.790,0.5099,-0.0337,3.55,-0.73566,0.150,0.180,0.000,-0.7764,-0.7920,TRACKING,L+C+R_fused
1786984407.176,52.9,0.923,0.780,0.800,0.5195,-0.0296,3.58,-0.72462,0.150,0.180,0.000,-0.7266,-0.7432,TRACKING,L+C+R_fused
1786984407.191,52.9,0.917,0.779,0.795,0.5344,-0.0267,3.35,-0.73860,0.150,0.180,0.000,-0.6842,-0.7006,TRACKING,L+C+R_fused
1786984407.211,52.9,0.923,0.781,0.798,0.5376,-0.0267,3.45,-0.72846,0.150,0.180,0.000,-0.6861,-0.6958,TRACKING,L+C+R_fused
1786984407.239,52.9,0.932,0.781,0.799,0.5404,-0.0275,3.64,-0.72080,0.150,0.180,0.000,-0.7011,-0.7076,TRACKING,L+C+R_fused
1786984407.255,52.9,0.945,0.783,0.793,0.5112,-0.0274,3.92,-0.69989,0.150,0.180,0.000,-0.7065,-0.7139,TRACKING,L+C+R_fused
1786984407.270,52.9,0.927,0.776,0.797,0.5285,-0.0246,3.79,-0.71326,0.150,0.180,0.000,-0.6679,-0.6826,TRACKING,L+C+R_fused
1786984407.295,52.9,0.917,0.763,0.802,0.5492,-0.0184,3.74,-0.71903,0.150,0.180,0.000,-0.5824,-0.6063,TRACKING,L+C+R_fused
1786984407.311,52.9,0.922,0.772,0.784,0.5277,-0.0117,3.24,-0.74640,0.150,0.180,0.000,-0.4686,-0.4990,TRACKING,L+C+R_fused
1786984407.329,52.9,0.914,0.768,0.788,0.5204,-0.0048,3.64,-0.72317,0.150,0.180,0.000,-0.3709,-0.4005,TRACKING,L+C+R_fused
1786984407.343,52.9,0.917,0.774,0.792,0.5160,-0.0013,3.37,-0.75236,0.150,0.180,0.000,-0.3069,-0.3316,TRACKING,L+C+R_fused
1786984407.358,52.9,0.912,0.778,0.791,0.5158,-0.0005,3.28,-0.77360,0.150,0.180,0.000,-0.2927,-0.3094,TRACKING,L+C+R_fused
1786984407.373,52.9,0.919,0.776,0.794,0.5078,-0.0007,3.06,-0.82482,0.150,0.180,0.000,-0.2963,-0.3094,TRACKING,L+C+R_fused
1786984407.388,52.9,0.904,0.770,0.794,0.5134,-0.0008,2.99,-0.85435,0.150,0.180,0.000,-0.2998,-0.3125,TRACKING,L+C+R_fused
1786984407.402,52.9,0.901,0.768,0.798,0.5116,0.0011,2.65,-0.90499,0.150,0.180,0.000,-0.2627,-0.2816,TRACKING,L+C+R_fused
1786984407.428,52.9,0.916,0.766,0.796,0.4971,0.0041,2.41,-0.93692,0.150,0.180,0.000,-0.2067,-0.2295,TRACKING,L+C+R_fused
1786984407.444,52.9,0.895,0.770,0.806,0.4953,0.0063,2.34,-0.95832,0.150,0.180,0.000,-0.1681,-0.1889,TRACKING,L+C+R_fused
1786984407.461,52.9,0.909,0.766,0.802,0.4906,0.0064,2.53,-0.97710,0.150,0.180,0.000,-0.1796,-0.1931,TRACKING,L+C+R_fused
1786984407.476,52.9,0.918,0.764,0.802,0.4930,0.0036,2.34,-1.02307,0.150,0.180,0.000,-0.2275,-0.2348,TRACKING,L+C+R_fused
1786984407.492,52.9,0.921,0.761,0.802,0.4980,0.0003,2.28,-1.06800,0.150,0.180,0.000,-0.2879,-0.2927,TRACKING,L+C+R_fused
1786984407.508,52.9,0.911,0.768,0.793,0.4956,-0.0020,2.23,-1.11141,0.150,0.180,0.000,-0.3320,-0.3389,TRACKING,L+C+R_fused
1786984407.523,52.9,0.919,0.768,0.798,0.4869,-0.0020,2.38,-1.10359,0.150,0.180,0.000,-0.3372,-0.3500,TRACKING,L+C+R_fused
1786984407.538,52.9,0.918,0.764,0.796,0.4908,-0.0021,1.79,-1.15234,0.150,0.180,0.000,-0.3222,-0.3390,TRACKING,L+C+R_fused
1786984407.564,52.9,0.915,0.771,0.796,0.4952,-0.0015,1.85,-1.14084,0.150,0.180,0.000,-0.3124,-0.3291,TRACKING,L+C+R_fused
1786984407.579,52.9,0.927,0.759,0.795,0.4829,-0.0027,2.22,-1.13327,0.150,0.180,0.000,-0.3475,-0.3575,TRACKING,L+C+R_fused
1786984407.596,52.9,0.776,0.753,0.783,0.4804,-0.0066,2.43,-1.12419,0.150,0.180,0.000,-0.4177,-0.4211,TRACKING,L+C+R_fused
1786984407.607,52.9,0.000,0.752,0.789,0.5042,-0.0100,2.70,-1.12395,0.150,0.180,0.000,-0.4808,-0.4837,TRACKING,R+C
1786984407.624,52.9,0.000,0.758,0.785,0.5061,-0.0131,2.63,-1.14157,0.150,0.180,0.000,-0.5272,-0.5320,TRACKING,R+C
1786984407.641,52.9,0.000,0.758,0.785,0.5061,-0.0105,2.10,-0.91325,0.150,0.180,0.000,-0.5272,-0.5391,TRACKING,prediction
1786984407.662,52.9,0.000,0.752,0.785,0.5046,-0.0106,2.94,-1.10765,0.150,0.180,0.000,-0.4964,-0.5142,TRACKING,R+C
1786984407.676,52.9,0.000,0.752,0.788,0.5031,-0.0051,2.64,-1.11178,0.150,0.180,0.000,-0.4005,-0.4297,TRACKING,R+C
1786984407.691,57.8,0.000,0.740,0.789,0.4951,0.0031,3.29,-1.07924,0.150,0.180,0.000,-0.2871,-0.3212,TRACKING,R+C
1786984407.704,57.8,0.939,0.745,0.781,0.4848,0.0093,3.31,-1.06895,0.150,0.180,0.000,-0.1790,-0.2131,TRACKING,L+C+R_fused
1786984407.721,57.8,0.945,0.747,0.788,0.4902,0.0141,3.20,-1.09139,0.150,0.180,0.000,-0.0944,-0.1251,TRACKING,L+C+R_fused
1786984407.735,57.8,0.946,0.749,0.792,0.4867,0.0164,3.29,-1.08330,0.150,0.180,0.000,-0.0569,-0.0799,TRACKING,L+C+R_fused
1786984407.753,57.8,0.956,0.746,0.791,0.4956,0.0164,3.35,-1.09027,0.150,0.180,0.000,-0.0609,-0.0768,TRACKING,L+C+R_fused
1786984407.768,57.8,0.792,0.744,0.790,0.4822,0.0178,3.55,-1.08939,0.150,0.180,0.000,-0.0438,-0.0617,TRACKING,L+C+R_fused
1786984407.795,57.8,0.843,0.745,0.791,0.4835,0.0202,3.16,-1.12445,0.150,0.180,0.000,0.0090,-0.0143,TRACKING,L+C+R_fused
1786984407.811,57.8,0.949,0.733,0.792,0.4904,0.0259,3.28,-1.12649,0.150,0.180,0.000,0.1048,0.0763,TRACKING,L+C+R_fused
1786984407.837,57.8,0.908,0.735,0.798,0.4922,0.0336,3.40,-1.13468,0.150,0.180,0.000,0.2316,0.2001,TRACKING,L+C+R_fused
1786984407.851,57.8,0.892,0.735,0.788,0.4963,0.0394,3.32,-1.16477,0.150,0.180,0.000,0.3276,0.3019,TRACKING,L+C+R_fused
1786984407.867,57.8,0.891,0.739,0.801,0.5004,0.0435,3.31,-1.19261,0.150,0.180,0.000,0.3905,0.3716,TRACKING,L+C+R_fused
1786984407.885,57.8,0.902,0.726,0.800,0.4983,0.0443,3.27,-1.22524,0.150,0.700,0.000,0.4001,0.3900,TRACKING,L+C+R_fused
1786984407.899,57.8,0.926,0.724,0.787,0.4918,0.0422,3.12,-1.29350,0.150,0.700,0.000,0.3614,0.2543,TRACKING,L+C+R_fused
1786984407.928,57.8,0.890,0.695,0.787,0.4307,0.0389,3.63,-1.25607,0.150,0.700,0.000,0.2911,0.1939,TRACKING,L+C+R_fused
1786984407.939,57.8,0.000,0.694,0.780,0.4696,0.0368,4.12,-1.26467,0.150,0.700,0.000,0.2327,0.1516,TRACKING,R+C
1786984407.955,57.8,0.000,0.692,0.785,0.4781,0.0346,5.38,-1.19342,0.150,0.700,0.000,0.1511,0.0991,TRACKING,R+C
1786984407.973,57.8,0.000,0.714,0.784,0.4823,0.0298,3.81,-1.41704,0.150,0.700,0.000,0.0971,0.0601,TRACKING,R+C
1786984407.987,57.8,0.000,0.707,0.767,0.4883,0.0250,3.60,-1.47124,0.150,0.700,0.000,0.0112,0.0056,TRACKING,R+C
1786984408.003,57.8,0.000,0.707,0.770,0.4995,0.0206,3.79,-1.49268,0.150,0.700,0.000,-0.0792,-0.0532,TRACKING,R+C
1786984408.014,57.8,0.000,0.712,0.766,0.5124,0.0162,4.18,-1.50383,0.150,0.700,0.000,-0.1774,-0.1167,TRACKING,R+C
1786984408.029,57.8,0.000,0.727,0.770,0.5216,0.0115,4.30,-1.51039,0.150,0.180,0.000,-0.2647,-0.1747,TRACKING,R+C
1786984408.045,57.8,0.556,0.677,0.759,0.7559,0.0142,9.92,-0.86749,0.150,0.180,0.000,-0.3523,-0.3411,TRACKING,L+C+R_fused
1786984408.060,57.8,0.000,0.688,0.758,0.5334,0.0108,8.07,-1.12070,0.150,0.180,0.000,-0.3728,-0.3830,TRACKING,R+C
1786984408.077,57.8,0.000,0.690,0.758,0.5365,0.0128,8.68,-1.09771,0.150,0.180,0.000,-0.3627,-0.3807,TRACKING,R+C
1786984408.099,57.8,0.000,0.691,0.756,0.5318,0.0135,6.19,-1.42453,0.150,0.180,0.000,-0.2996,-0.3284,TRACKING,R+C
1786984408.118,57.8,0.000,0.691,0.756,0.5318,0.0108,4.96,-1.13962,0.150,0.180,0.000,-0.2996,-0.3206,TRACKING,prediction
1786984408.132,57.8,0.000,0.691,0.756,0.5318,0.0086,3.96,-0.91170,0.150,0.180,0.000,-0.2996,-0.3194,TRACKING,prediction
1786984408.147,57.8,0.000,0.691,0.756,0.5318,0.0069,3.17,-0.72936,0.150,0.180,0.000,-0.2996,-0.3192,TRACKING,prediction
1786984408.162,57.8,0.000,0.691,0.756,0.5318,0.0055,2.54,-0.58349,0.150,0.180,0.000,-0.2996,-0.3192,TRACKING,prediction
1786984408.184,57.8,0.000,0.685,0.745,0.5492,0.0059,7.69,-1.41530,0.150,0.180,0.000,-0.4831,-0.4740,TRACKING,R+C
1786984408.197,57.8,0.000,0.683,0.748,0.5636,0.0049,10.52,-1.20750,0.150,0.180,0.000,-0.5776,-0.5753,TRACKING,R+C
1786984408.211,57.8,0.000,0.682,0.743,0.5717,0.0024,12.06,-1.09141,0.150,0.180,0.000,-0.6526,-0.6525,TRACKING,R+C
1786984408.223,57.8,0.000,0.682,0.740,0.5776,0.0027,13.11,-1.01180,0.150,0.180,0.000,-0.6758,-0.6831,TRACKING,R+C
1786984408.242,57.8,0.000,0.672,0.739,0.5775,0.0123,20.12,-0.24979,0.175,0.180,0.000,-0.5335,-0.5700,TRACKING,R+C
1786984408.259,57.8,0.000,0.668,0.739,0.5745,0.0186,22.61,-0.02569,0.197,0.180,0.000,-0.5883,-0.5973,TRACKING,R+C
1786984408.273,57.8,0.000,0.661,0.742,0.5762,0.0256,25.97,0.21250,0.179,0.180,0.000,-0.4926,-0.5224,TRACKING,R+C
1786984408.285,57.8,0.000,0.655,0.743,0.5746,0.0295,27.71,0.32388,0.168,0.180,0.000,-0.5498,-0.5580,TRACKING,R+C
1786984408.305,57.8,0.000,0.655,0.743,0.5746,0.0236,22.17,0.25911,0.168,0.180,0.000,-0.5498,-0.5633,TRACKING,prediction
1786984408.328,57.8,0.000,0.648,0.750,0.5787,0.0318,32.50,0.67597,0.150,0.180,0.000,-0.7516,-0.7301,TRACKING,R+C
1786984408.343,57.8,0.000,0.645,0.752,0.5854,0.0296,34.22,0.80991,0.150,0.180,0.000,-0.8130,-0.8057,TRACKING,R+C
1786984408.356,57.8,0.000,0.645,0.752,0.5854,0.0237,27.37,0.64793,0.150,0.180,0.000,-0.8130,-0.8171,TRACKING,prediction
1786984408.377,57.8,0.000,0.656,0.747,0.5905,0.0285,31.45,0.56453,0.150,0.180,0.000,-0.7745,-0.7875,TRACKING,R+C
1786984408.394,57.8,0.000,0.642,0.744,0.5924,0.0318,34.24,0.79886,0.150,0.180,0.000,-0.7908,-0.7959,TRACKING,R+C
1786984408.414,57.8,0.000,0.642,0.744,0.5924,0.0254,27.39,0.63909,0.150,0.180,0.000,-0.7908,-0.7972,TRACKING,prediction
1786984408.433,57.8,0.000,0.634,0.743,0.6077,0.0288,36.76,0.98836,0.150,0.180,0.000,-0.8710,-0.8634,TRACKING,R+C
1786984408.451,57.8,0.000,0.634,0.743,0.6077,0.0230,29.41,0.79069,0.150,0.180,0.000,-0.8710,-0.8733,TRACKING,prediction
1786984408.467,57.8,0.000,0.634,0.743,0.6077,0.0184,23.52,0.63255,0.150,0.180,0.000,-0.8710,-0.8748,TRACKING,prediction
1786984408.496,57.8,0.000,0.634,0.743,0.6077,0.0147,18.82,0.50604,0.150,0.180,0.000,-0.8710,-0.8750,TRACKING,prediction
1786984408.518,57.8,0.000,0.691,0.753,0.6558,-0.0248,19.74,-0.83508,0.150,0.180,0.000,-1.0000,-0.9818,TRACKING,R+C
1786984408.545,57.8,0.000,0.691,0.753,0.6558,-0.0199,15.79,-0.66807,0.150,0.180,0.000,-1.0000,-0.9973,TRACKING,prediction
1786984408.558,57.8,0.000,0.716,0.753,0.6636,-0.0266,22.70,-0.51006,0.150,0.180,0.000,-1.0000,-0.9996,TRACKING,R+C
1786984408.572,57.8,0.000,0.716,0.753,0.6636,-0.0213,18.16,-0.40805,0.150,0.180,0.000,-1.0000,-0.9999,TRACKING,prediction
1786984408.587,57.8,0.000,0.702,0.751,0.6611,-0.0253,24.27,-0.27115,0.173,0.180,0.000,-0.9855,-0.9884,TRACKING,R+C
1786984408.607,57.8,0.000,0.702,0.751,0.6611,-0.0203,19.42,-0.21692,0.173,0.180,0.000,-0.9855,-0.9867,TRACKING,prediction
1786984408.631,57.8,0.000,0.702,0.751,0.6611,-0.0162,15.53,-0.17354,0.173,0.700,0.000,-0.9855,-0.9865,TRACKING,prediction
1786984408.647,57.8,0.000,0.702,0.751,0.6611,-0.0130,12.43,-0.13883,0.173,0.700,0.000,-0.9855,-0.7030,TRACKING,prediction
1786984408.662,57.8,0.000,0.702,0.751,0.6611,-0.0104,9.94,-0.11106,0.173,0.700,0.000,-0.9855,-0.6605,TRACKING,prediction
1786984408.685,57.8,0.000,0.702,0.751,0.6611,-0.0083,7.95,-0.08885,0.173,0.700,0.000,-0.9855,-0.6542,TRACKING,prediction
1786984408.701,57.4,0.000,0.702,0.751,0.6611,-0.0066,6.36,-0.07108,0.173,0.700,0.000,-0.9855,-0.6532,TRACKING,prediction
1786984408.727,57.4,0.000,0.702,0.751,0.6611,-0.0053,5.09,-0.05686,0.173,0.700,0.000,-0.9855,-0.6531,TRACKING,prediction
1786984408.747,57.4,0.000,0.702,0.751,0.6611,-0.0043,4.07,-0.04549,0.173,0.675,0.000,-0.9855,-0.6530,TRACKING,prediction
1786984408.764,57.4,0.000,0.702,0.751,0.6611,-0.0034,3.26,-0.03639,0.173,0.641,0.000,-0.9855,-0.6672,TRACKING,prediction
1786984408.785,57.4,0.000,0.702,0.751,0.6611,-0.0027,2.61,-0.02911,0.173,0.609,0.000,-0.9855,-0.6881,TRACKING,prediction
1786984408.813,57.4,0.000,0.702,0.751,0.6611,-0.0022,2.08,-0.02329,0.173,0.579,0.000,-0.9855,-0.7091,TRACKING,prediction
1786984408.831,57.4,0.000,0.702,0.751,0.6611,-0.0017,1.67,-0.01863,0.173,0.490,0.000,-0.9855,-0.7291,UNCERTAIN,prediction
1786984408.855,57.4,0.000,0.702,0.751,0.6611,-0.0014,1.33,-0.01491,0.173,0.490,0.000,-0.9855,-0.7809,UNCERTAIN,prediction
1786984408.879,57.4,0.000,0.702,0.751,0.6611,-0.0011,1.07,-0.01193,0.173,0.490,0.000,-0.9855,-0.7885,UNCERTAIN,prediction
1786984408.904,57.4,0.000,0.702,0.751,0.6611,-0.0009,0.85,-0.00954,0.173,0.471,0.000,-0.9855,-0.7896,UNCERTAIN,prediction
1786984408.935,57.4,0.000,0.702,0.751,0.6611,-0.0007,0.68,-0.00763,0.173,0.448,0.000,-0.9855,-0.8001,UNCERTAIN,prediction
1786984408.958,57.4,0.000,0.702,0.751,0.6611,-0.0006,0.55,-0.00611,0.173,0.425,0.000,-0.9855,-0.8145,UNCERTAIN,prediction
1786984408.980,57.4,0.000,0.702,0.751,0.6611,-0.0005,0.44,-0.00488,0.173,0.404,0.000,-0.9855,-0.8289,UNCERTAIN,prediction
1786984408.999,57.4,0.000,0.702,0.751,0.6611,-0.0004,0.35,-0.00391,0.173,0.384,0.000,-0.9855,-0.8426,UNCERTAIN,prediction
1786984409.028,57.4,0.000,0.702,0.751,0.6611,-0.0003,0.28,-0.00313,0.173,0.365,0.000,-0.9855,-0.8556,UNCERTAIN,prediction
1786984409.047,57.4,0.000,0.702,0.751,0.6611,-0.0002,0.22,-0.00250,0.173,0.346,0.000,-0.9855,-0.8679,UNCERTAIN,prediction
1786984409.077,57.4,0.000,0.702,0.751,0.6611,-0.0002,0.18,-0.00200,0.173,0.329,0.000,-0.9855,-0.8796,UNCERTAIN,prediction
1786984409.094,57.4,0.000,0.702,0.751,0.6611,-0.0001,0.14,-0.00160,0.173,0.313,0.000,-0.9855,-0.8907,UNCERTAIN,prediction
1786984409.109,57.4,0.000,0.702,0.751,0.6611,-0.0001,0.11,-0.00128,0.173,0.180,0.000,-0.9855,-0.9012,UNCERTAIN,prediction
1786984409.126,57.4,0.000,0.702,0.751,0.6611,-0.0001,0.09,-0.00102,0.173,0.180,0.000,-0.9855,-0.9737,UNCERTAIN,prediction
1786984409.141,57.4,0.000,0.702,0.751,0.6611,-0.0001,0.07,-0.00082,0.173,0.180,0.000,-0.9855,-0.9845,UNCERTAIN,prediction
1786984409.156,57.4,0.000,0.702,0.751,0.6611,-0.0001,0.06,-0.00066,0.173,0.180,0.000,-0.9855,-0.9861,UNCERTAIN,prediction
1786984409.179,57.4,0.000,0.702,0.751,0.6611,-0.0000,0.05,-0.00052,0.173,0.180,0.000,-0.9855,-0.9864,UNCERTAIN,prediction
1786984409.194,57.4,0.930,0.694,0.786,0.5001,-0.0596,-2.84,-0.78717,0.150,0.180,0.000,-0.8893,-0.9068,TRACKING,L+C+R_fused
1786984409.210,57.4,0.913,0.686,0.792,0.5115,-0.0542,-4.60,-0.91074,0.150,0.180,0.000,-0.7975,-0.8187,TRACKING,L+C+R_fused
1786984409.235,57.4,0.912,0.688,0.772,0.4999,-0.0473,-4.81,-0.94586,0.150,0.180,0.000,-0.7123,-0.7346,TRACKING,L+C+R_fused
1786984409.262,57.4,0.906,0.688,0.798,0.5042,-0.0431,-5.62,-1.03019,0.150,0.180,0.000,-0.6439,-0.6648,TRACKING,L+C+R_fused
1786984409.277,57.4,0.917,0.689,0.803,0.4989,-0.0425,-6.85,-1.14241,0.150,0.180,0.000,-0.6091,-0.6254,TRACKING,L+C+R_fused
1786984409.293,57.4,0.921,0.688,0.800,0.5047,-0.0435,-7.81,-1.22977,0.150,0.180,0.000,-0.6035,-0.6149,TRACKING,L+C+R_fused
1786984409.317,57.4,0.927,0.686,0.797,0.4742,-0.0451,-9.44,-1.36896,0.150,0.180,0.000,-0.5912,-0.6033,TRACKING,L+C+R_fused
1786984409.333,57.4,0.949,0.686,0.807,0.4731,-0.0438,-10.06,-1.45570,0.150,0.180,0.000,-0.5642,-0.5792,TRACKING,L+C+R_fused
1786984409.348,57.4,0.950,0.686,0.804,0.4718,-0.0386,-10.13,-1.49371,0.150,0.180,0.000,-0.4899,-0.5130,TRACKING,L+C+R_fused
1786984409.363,57.4,0.919,0.686,0.811,0.4804,-0.0299,-10.33,-1.54115,0.150,0.180,0.000,-0.3533,-0.3879,TRACKING,L+C+R_fused
1786984409.382,57.4,0.902,0.690,0.811,0.4850,-0.0222,-11.21,-1.63653,0.150,0.180,0.000,-0.2060,-0.2444,TRACKING,L+C+R_fused
1786984409.397,57.4,0.900,0.703,0.818,0.4881,-0.0142,-11.11,-1.66385,0.150,0.180,0.000,-0.0743,-0.1107,TRACKING,L+C+R_fused
1786984409.414,57.4,0.904,0.707,0.818,0.4846,-0.0115,-12.23,-1.75965,0.150,0.180,0.000,0.0033,-0.0248,TRACKING,L+C+R_fused
1786984409.428,57.4,0.907,0.712,0.821,0.4884,-0.0066,-11.43,-1.77627,0.150,0.180,0.000,0.0531,0.0308,TRACKING,L+C+R_fused
1786984409.443,57.4,0.903,0.715,0.813,0.4871,-0.0007,-10.65,-1.80419,0.150,0.180,0.000,0.1186,0.0956,TRACKING,L+C+R_fused
1786984409.466,57.4,0.890,0.718,0.827,0.4941,0.0061,-10.25,-1.84147,0.150,0.180,0.000,0.2138,0.1877,TRACKING,L+C+R_fused
1786984409.481,57.4,0.900,0.717,0.816,0.4939,0.0162,-9.63,-1.88126,0.150,0.180,0.000,0.3515,0.3208,TRACKING,L+C+R_fused
1786984409.495,57.4,0.882,0.719,0.826,0.4966,0.0264,-8.97,-1.91051,0.150,0.180,0.000,0.4830,0.4549,TRACKING,L+C+R_fused
1786984409.513,57.4,0.871,0.724,0.831,0.4975,0.0349,-8.64,-1.94821,0.150,0.180,0.000,0.5901,0.5680,TRACKING,L+C+R_fused
1786984409.528,57.4,0.868,0.726,0.841,0.4981,0.0471,-5.72,-1.86253,0.150,0.180,0.000,0.6724,0.6565,TRACKING,L+C+R_fused
1786984409.543,57.4,0.869,0.729,0.836,0.4980,0.0531,-4.27,-1.84379,0.150,0.180,0.000,0.7061,0.6985,TRACKING,L+C+R_fused
1786984409.559,57.4,0.878,0.725,0.833,0.4980,0.0553,-3.31,-1.85312,0.150,0.180,0.000,0.7028,0.7012,TRACKING,L+C+R_fused
1786984409.579,57.4,0.900,0.724,0.829,0.4974,0.0560,-2.24,-1.85064,0.150,0.180,0.000,0.6782,0.6793,TRACKING,L+C+R_fused
1786984409.594,57.4,0.952,0.723,0.829,0.4983,0.0561,-1.00,-1.81906,0.150,0.180,0.000,0.6426,0.6444,TRACKING,L+C+R_fused
1786984409.609,57.4,0.369,0.730,0.824,0.5770,0.0566,-0.38,-1.81864,0.150,0.180,0.000,0.6291,0.6272,TRACKING,L+C+R_fused
1786984409.627,57.4,0.000,0.725,0.820,0.4664,0.0607,1.73,-1.72235,0.150,0.180,0.000,0.6256,0.6213,TRACKING,R+C
1786984409.642,57.4,0.000,0.731,0.824,0.4720,0.0645,3.49,-1.62013,0.150,0.700,0.000,0.6304,0.6246,TRACKING,R+C
1786984409.658,57.4,0.000,0.723,0.812,0.4761,0.0655,3.72,-1.65544,0.150,0.700,0.000,0.6312,0.4399,TRACKING,R+C
1786984409.685,57.4,0.000,0.723,0.812,0.4761,0.0524,2.97,-1.32435,0.150,0.700,0.000,0.6312,0.4119,TRACKING,prediction
1786984409.710,51.5,0.000,0.723,0.809,0.4882,0.0610,4.34,-1.73574,0.150,0.700,0.000,0.5325,0.3507,TRACKING,R+C
1786984409.725,51.5,0.000,0.716,0.804,0.4979,0.0576,5.36,-1.68633,0.150,0.700,0.000,0.4488,0.2942,TRACKING,R+C
1786984409.737,51.5,0.000,0.715,0.809,0.5098,0.0556,7.69,-1.55566,0.150,0.700,0.000,0.3400,0.2240,TRACKING,R+C
1786984409.751,51.5,0.000,0.712,0.797,0.5201,0.0508,9.01,-1.47753,0.150,0.700,0.000,0.2131,0.1418,TRACKING,R+C
1786984409.768,51.5,0.000,0.712,0.797,0.5201,0.0407,7.21,-1.18203,0.150,0.700,0.000,0.2131,0.1298,TRACKING,prediction
1786984409.781,51.5,0.000,0.708,0.793,0.5406,0.0389,9.92,-1.50643,0.150,0.700,0.000,-0.0468,-0.0197,TRACKING,R+C
1786984409.799,51.5,0.000,0.708,0.793,0.5406,0.0311,7.93,-1.20514,0.150,0.180,0.000,-0.0468,-0.0412,TRACKING,prediction
1786984409.814,51.5,0.000,0.708,0.793,0.5406,0.0249,6.35,-0.96411,0.150,0.700,0.000,-0.0468,-0.0687,TRACKING,prediction
1786984409.828,51.5,0.000,0.715,0.786,0.5784,0.0211,13.44,-1.23319,0.150,0.700,0.000,-0.4621,-0.2771,TRACKING,R+C
1786984409.850,51.5,0.000,0.708,0.777,0.5897,0.0122,13.20,-1.30466,0.150,0.700,0.000,-0.5953,-0.3828,TRACKING,R+C
1786984409.864,51.5,0.000,0.708,0.777,0.5897,0.0097,10.56,-1.04373,0.150,0.180,0.000,-0.5953,-0.3984,TRACKING,prediction
1786984409.892,51.5,0.000,0.708,0.777,0.5897,0.0078,8.45,-0.83498,0.150,0.180,0.000,-0.5953,-0.5812,TRACKING,prediction
1786984409.912,51.5,0.000,0.708,0.777,0.5897,0.0062,6.76,-0.66799,0.150,0.180,0.000,-0.5953,-0.6070,TRACKING,prediction
1786984409.929,51.5,0.000,0.708,0.777,0.5897,0.0050,5.41,-0.53439,0.150,0.180,0.000,-0.5953,-0.6109,TRACKING,prediction
1786984409.954,51.5,0.000,0.708,0.777,0.5897,0.0040,4.33,-0.42751,0.150,0.180,0.000,-0.5953,-0.6115,TRACKING,prediction
1786984409.970,51.5,0.000,0.708,0.777,0.5897,0.0032,3.46,-0.34201,0.150,0.700,0.000,-0.5953,-0.6116,TRACKING,prediction
1786984409.986,51.5,0.000,0.708,0.777,0.5897,0.0026,2.77,-0.27361,0.150,0.180,0.000,-0.5953,-0.4316,TRACKING,prediction
1786984410.004,51.5,0.000,0.708,0.777,0.5897,0.0020,2.21,-0.21889,0.150,0.180,0.000,-0.5953,-0.5861,TRACKING,prediction
1786984410.033,51.5,0.000,0.708,0.777,0.5897,0.0016,1.77,-0.17511,0.150,0.180,0.000,-0.5953,-0.6078,TRACKING,prediction
1786984410.061,51.5,0.000,0.708,0.777,0.5897,0.0013,1.42,-0.14009,0.150,0.180,0.000,-0.5953,-0.6110,TRACKING,prediction
1786984410.079,51.5,0.000,0.708,0.777,0.5897,0.0010,1.13,-0.11207,0.150,0.180,0.000,-0.5953,-0.6115,TRACKING,prediction
1786984410.101,51.5,0.000,0.708,0.777,0.5897,0.0008,0.91,-0.08966,0.150,0.180,0.000,-0.5953,-0.6116,TRACKING,prediction
1786984410.130,51.5,0.000,0.708,0.777,0.5897,0.0007,0.73,-0.07172,0.150,0.180,0.000,-0.5953,-0.6116,UNCERTAIN,prediction
1786984410.147,51.5,0.000,0.708,0.777,0.5897,0.0005,0.58,-0.05738,0.150,0.180,0.000,-0.5953,-0.6116,UNCERTAIN,prediction
1786984410.165,51.5,0.000,0.708,0.777,0.5897,0.0004,0.46,-0.04590,0.150,0.180,0.000,-0.5953,-0.6116,UNCERTAIN,prediction
1786984410.183,51.5,0.000,0.708,0.777,0.5897,0.0003,0.37,-0.03672,0.150,0.180,0.000,-0.5953,-0.6116,UNCERTAIN,prediction
1786984410.202,51.5,0.000,0.708,0.777,0.5897,0.0003,0.30,-0.02938,0.150,0.180,0.000,-0.5953,-0.6116,UNCERTAIN,prediction
1786984410.230,51.5,0.000,0.788,0.733,0.6973,-0.1203,14.00,-0.86165,0.150,0.180,0.000,-1.0000,-0.9446,TRACKING,R+C
1786984410.245,51.5,0.000,0.788,0.733,0.6973,-0.0962,11.20,-0.68932,0.150,0.180,0.000,-1.0000,-0.9917,TRACKING,prediction
1786984410.261,51.5,0.000,0.788,0.733,0.6973,-0.0770,8.96,-0.55145,0.150,0.180,0.000,-1.0000,-0.9988,TRACKING,prediction
1786984410.274,51.5,0.000,0.787,0.733,0.6782,-0.1269,11.52,-0.94857,0.150,0.180,0.000,-1.0000,-0.9998,TRACKING,R+C
1786984410.292,51.5,0.000,0.787,0.733,0.6782,-0.1015,9.22,-0.75886,0.150,0.180,0.000,-1.0000,-1.0000,TRACKING,prediction
1786984410.306,51.5,0.000,0.787,0.733,0.6782,-0.0812,7.37,-0.60709,0.150,0.180,0.000,-1.0000,-1.0000,TRACKING,prediction
1786984410.329,51.5,0.000,0.787,0.733,0.6782,-0.0650,5.90,-0.48567,0.150,0.180,0.000,-1.0000,-1.0000,TRACKING,prediction
1786984410.344,51.5,0.000,0.787,0.733,0.6782,-0.0520,4.72,-0.38854,0.150,0.180,0.000,-1.0000,-1.0000,TRACKING,prediction
1786984410.359,51.5,0.000,0.787,0.733,0.6782,-0.0416,3.78,-0.31083,0.150,0.700,0.000,-1.0000,-1.0000,TRACKING,prediction
1786984410.376,51.5,0.000,0.814,0.758,0.6476,-0.1289,7.85,-1.01216,0.150,0.700,0.000,-1.0000,-0.7166,TRACKING,R+C
1786984410.393,51.5,0.000,0.801,0.756,0.6396,-0.1294,6.30,-1.12833,0.150,0.700,0.000,-1.0000,-0.6739,TRACKING,R+C
1786984410.410,51.5,0.000,0.801,0.756,0.6396,-0.1035,5.04,-0.90267,0.150,0.700,0.000,-1.0000,-0.6675,TRACKING,prediction
1786984410.435,51.5,0.000,0.801,0.756,0.6396,-0.0828,4.03,-0.72213,0.150,0.700,0.000,-1.0000,-0.6666,TRACKING,prediction
1786984410.450,51.5,0.000,0.806,0.763,0.6198,-0.1240,6.69,-0.96331,0.150,0.700,0.000,-1.0000,-0.6656,TRACKING,R+C
1786984410.467,51.5,0.000,0.806,0.763,0.6198,-0.0992,5.35,-0.77065,0.150,0.700,0.000,-1.0000,-0.6656,TRACKING,prediction
1786984410.481,51.5,0.000,0.806,0.763,0.6198,-0.0794,4.28,-0.61652,0.150,0.700,0.000,-1.0000,-0.6656,TRACKING,prediction
1786984410.496,51.5,0.000,0.806,0.763,0.6198,-0.0635,3.43,-0.49322,0.150,0.700,0.000,-1.0000,-0.6656,TRACKING,prediction
1786984410.520,51.5,0.000,0.806,0.763,0.6198,-0.0508,2.74,-0.39457,0.150,0.700,0.000,-1.0000,-0.6656,TRACKING,prediction
1786984410.532,51.5,0.000,0.831,0.771,0.5942,-0.1077,7.23,-0.67780,0.150,0.700,0.000,-1.0000,-0.6635,TRACKING,R+C
1786984410.559,51.5,0.000,0.831,0.771,0.5942,-0.0862,5.78,-0.54224,0.150,0.700,0.000,-1.0000,-0.6635,TRACKING,prediction
1786984410.580,51.5,0.000,0.831,0.771,0.5942,-0.0689,4.63,-0.43379,0.150,0.700,0.000,-1.0000,-0.6635,TRACKING,prediction
1786984410.608,51.5,0.000,0.831,0.771,0.5942,-0.0552,3.70,-0.34703,0.150,0.700,0.000,-1.0000,-0.6635,TRACKING,prediction
1786984410.621,51.5,0.000,0.831,0.771,0.5942,-0.0441,2.96,-0.27763,0.150,0.700,0.000,-1.0000,-0.6635,TRACKING,prediction
1786984410.635,51.5,0.000,0.820,0.787,0.5739,-0.0994,4.03,-0.85926,0.150,0.700,0.000,-1.0000,-0.6623,TRACKING,R+C
1786984410.652,51.5,0.000,0.820,0.787,0.5739,-0.0795,3.22,-0.68741,0.150,0.180,0.000,-1.0000,-0.6623,TRACKING,prediction
1786984410.670,51.5,0.000,0.820,0.787,0.5739,-0.0636,2.58,-0.54993,0.150,0.700,0.000,-1.0000,-0.9507,TRACKING,prediction
1786984410.684,51.5,0.000,0.820,0.787,0.5739,-0.0509,2.06,-0.43994,0.150,0.700,0.000,-1.0000,-0.7053,TRACKING,prediction
1786984410.697,51.5,0.000,0.818,0.775,0.5821,-0.1210,4.16,-0.78401,0.150,0.700,0.000,-1.0000,-0.6703,TRACKING,R+C
1786984410.712,54.9,0.000,0.818,0.775,0.5821,-0.0968,3.32,-0.62721,0.150,0.700,0.000,-1.0000,-0.6648,TRACKING,prediction
1786984410.727,54.9,0.000,0.811,0.766,0.5810,-0.1349,3.13,-0.86069,0.150,0.700,0.000,-1.0000,-0.6650,TRACKING,R+C
1786984410.742,54.9,0.000,0.846,0.766,0.5835,-0.1403,4.70,-0.67416,0.150,0.700,0.000,-1.0000,-0.6653,TRACKING,R+C
1786984410.750,54.9,0.000,0.846,0.766,0.5835,-0.1122,3.76,-0.53933,0.150,0.700,0.000,-1.0000,-0.6653,TRACKING,prediction
1786984410.785,54.9,0.000,0.846,0.766,0.5835,-0.0898,3.01,-0.43147,0.150,0.700,0.000,-1.0000,-0.6653,TRACKING,prediction
1786984410.809,54.9,0.000,0.834,0.765,0.5788,-0.1544,3.67,-0.73072,0.150,0.700,0.000,-1.0000,-0.6663,TRACKING,R+C
1786984410.826,54.9,0.000,0.834,0.765,0.5788,-0.1235,2.94,-0.58457,0.150,0.180,0.000,-1.0000,-0.6663,TRACKING,prediction
1786984410.852,54.9,0.000,0.834,0.765,0.5788,-0.0988,2.35,-0.46766,0.150,0.180,0.000,-1.0000,-0.9517,TRACKING,prediction
1786984410.879,54.9,0.000,0.834,0.765,0.5788,-0.0790,1.88,-0.37413,0.150,0.180,0.000,-1.0000,-0.9928,TRACKING,prediction
1786984410.892,54.9,0.813,0.765,0.000,0.5606,0.2039,22.10,-0.71466,0.150,0.180,0.000,1.0000,-0.1129,TRACKING,L+C
1786984410.904,54.9,0.814,0.769,0.000,0.5557,0.2031,21.34,-0.74344,0.150,0.180,0.000,1.0000,0.7167,TRACKING,L+C
1786984410.925,54.9,0.000,0.815,0.768,0.5553,-0.1443,1.07,-0.78884,0.150,0.180,0.000,-1.0000,-0.2049,TRACKING,R+C
1786984410.940,54.9,0.000,0.807,0.774,0.5516,-0.1428,-0.81,-0.91791,0.150,0.180,0.000,-1.0000,-0.8805,TRACKING,R+C
1786984410.960,54.9,0.000,0.799,0.779,0.5470,-0.1375,-0.76,-0.91980,0.150,0.180,0.000,-1.0000,-0.9820,TRACKING,R+C
1786984410.977,54.9,0.000,0.799,0.779,0.5470,-0.1100,-0.61,-0.73584,0.150,0.180,0.000,-1.0000,-0.9973,TRACKING,prediction
1786984410.995,54.9,0.000,0.798,0.796,0.5394,-0.1271,-1.23,-0.88988,0.150,0.180,0.000,-1.0000,-0.9996,TRACKING,R+C
1786984411.016,54.9,0.000,0.790,0.802,0.5374,-0.1213,-1.33,-0.88325,0.150,0.180,0.000,-1.0000,-0.9999,TRACKING,R+C
1786984411.031,54.9,0.000,0.790,0.802,0.5374,-0.0971,-1.06,-0.70660,0.150,0.180,0.000,-1.0000,-1.0000,TRACKING,prediction
1786984411.059,54.9,0.000,0.802,0.804,0.5372,-0.1114,-1.50,-0.84777,0.150,0.180,0.000,-1.0000,-1.0000,TRACKING,R+C
1786984411.072,54.9,0.000,0.793,0.814,0.5373,-0.1110,-2.71,-0.92427,0.150,0.180,0.000,-1.0000,-1.0000,TRACKING,R+C
1786984411.090,54.9,0.000,0.789,0.811,0.5345,-0.1123,-3.41,-0.96906,0.150,0.180,0.000,-1.0000,-1.0000,TRACKING,R+C
1786984411.105,54.9,0.000,0.793,0.813,0.5356,-0.1136,-2.34,-0.90545,0.150,0.180,0.000,-1.0000,-1.0000,TRACKING,R+C
1786984411.121,54.9,0.000,0.791,0.808,0.5375,-0.1179,-1.99,-0.88466,0.150,0.180,0.000,-1.0000,-1.0000,TRACKING,R+C
1786984411.135,54.9,0.000,0.797,0.805,0.5371,-0.1232,-2.20,-0.90791,0.150,0.180,0.000,-1.0000,-1.0000,TRACKING,R+C
1786984411.147,54.9,0.000,0.805,0.805,0.5384,-0.1273,-1.56,-0.85481,0.150,0.180,0.000,-1.0000,-1.0000,TRACKING,R+C
1786984411.162,54.9,0.000,0.814,0.808,0.5393,-0.1304,-1.60,-0.85491,0.150,0.180,0.000,-1.0000,-1.0000,TRACKING,R+C
1786984411.177,54.9,0.000,0.819,0.810,0.5403,-0.1319,-1.47,-0.84967,0.150,0.180,0.000,-1.0000,-1.0000,TRACKING,R+C
1786984411.190,54.9,0.000,0.842,0.812,0.5374,-0.1316,-1.29,-0.81085,0.150,0.180,0.000,-1.0000,-1.0000,TRACKING,R+C
1786984411.204,54.9,0.000,0.812,0.815,0.5318,-0.1305,-3.46,-0.98587,0.150,0.180,0.000,-1.0000,-1.0000,TRACKING,R+C
1786984411.225,54.9,0.000,0.818,0.821,0.5301,-0.1229,-1.50,-0.82257,0.150,0.700,0.000,-1.0000,-1.0000,TRACKING,R+C
1786984411.240,54.9,0.000,0.827,0.820,0.5279,-0.1196,-1.46,-0.80003,0.150,0.700,0.000,-1.0000,-0.7126,TRACKING,R+C
1786984411.257,54.9,0.000,0.823,0.823,0.5279,-0.1192,-2.14,-0.85165,0.150,0.700,0.000,-1.0000,-0.6693,TRACKING,R+C
1786984411.272,54.9,0.000,0.821,0.823,0.5269,-0.1204,-2.09,-0.86451,0.150,0.700,0.000,-1.0000,-0.6630,TRACKING,R+C
1786984411.287,54.9,0.000,0.835,0.823,0.5260,-0.1221,-1.95,-0.86196,0.150,0.700,0.000,-1.0000,-0.6622,TRACKING,R+C
1786984411.300,54.9,0.000,0.831,0.823,0.5246,-0.1235,-2.13,-0.87742,0.150,0.180,0.000,-1.0000,-0.6622,TRACKING,R+C
1786984411.317,54.9,0.000,0.836,0.825,0.5231,-0.1225,-1.91,-0.85038,0.150,0.700,0.000,-1.0000,-0.9507,TRACKING,R+C
1786984411.334,54.9,0.000,0.821,0.825,0.5219,-0.1196,-2.77,-0.90156,0.150,0.700,0.000,-1.0000,-0.7048,TRACKING,R+C
1786984411.358,54.9,0.000,0.797,0.831,0.5230,-0.1146,-3.82,-0.98851,0.150,0.180,0.000,-1.0000,-0.6677,TRACKING,R+C
1786984411.369,54.9,0.000,0.800,0.832,0.5236,-0.1098,-3.48,-0.94126,0.150,0.180,0.000,-1.0000,-0.9513,TRACKING,R+C
1786984411.391,54.9,0.000,0.805,0.840,0.5257,-0.1056,-3.08,-0.89474,0.150,0.180,0.000,-1.0000,-0.9927,TRACKING,R+C
1786984411.405,54.9,0.000,0.815,0.841,0.5286,-0.1018,-2.88,-0.85974,0.150,0.180,0.000,-1.0000,-0.9989,TRACKING,R+C
1786984411.418,54.9,0.000,0.809,0.839,0.5287,-0.0971,-2.63,-0.83364,0.150,0.180,0.000,-1.0000,-0.9998,TRACKING,R+C
1786984411.440,54.9,0.000,0.804,0.837,0.5276,-0.0911,-2.78,-0.83978,0.150,0.700,0.000,-1.0000,-1.0000,TRACKING,R+C
1786984411.457,54.9,0.000,0.802,0.842,0.5279,-0.0850,-2.80,-0.81326,0.150,0.180,0.000,-1.0000,-0.7098,TRACKING,R+C
1786984411.482,54.9,0.000,0.797,0.848,0.5274,-0.0784,-3.07,-0.81126,0.150,0.180,0.000,-1.0000,-0.9571,TRACKING,R+C
1786984411.494,54.9,0.000,0.794,0.848,0.5230,-0.0674,-1.49,-0.71835,0.150,0.700,0.000,-0.9886,-0.9842,TRACKING,R+C
1786984411.510,54.9,0.000,0.791,0.848,0.5162,-0.0598,-2.23,-0.78169,0.150,0.700,0.000,-0.9061,-0.6548,TRACKING,R+C
1786984411.526,54.9,0.000,0.801,0.860,0.5117,-0.0532,-2.57,-0.82098,0.150,0.700,0.000,-0.8325,-0.5649,TRACKING,R+C
1786984411.542,54.9,0.000,0.799,0.860,0.5077,-0.0452,-1.60,-0.77421,0.150,0.700,0.000,-0.7639,-0.5136,TRACKING,R+C
1786984411.558,54.9,0.927,0.803,0.863,0.5639,-0.0401,-1.18,-0.75061,0.150,0.700,0.000,-0.7103,-0.4763,TRACKING,L+C+R_fused
1786984411.573,54.9,0.934,0.806,0.867,0.5516,-0.0358,-1.11,-0.75961,0.150,0.700,0.000,-0.6588,-0.4423,TRACKING,L+C+R_fused
1786984411.602,54.9,0.917,0.797,0.868,0.5609,-0.0298,-1.19,-0.79692,0.150,0.700,0.000,-0.5780,-0.3925,TRACKING,L+C+R_fused
1786984411.618,54.9,0.932,0.802,0.862,0.5452,-0.0224,-0.71,-0.79041,0.150,0.700,0.000,-0.4856,-0.3338,TRACKING,L+C+R_fused
1786984411.644,54.9,0.934,0.802,0.868,0.5197,-0.0165,0.01,-0.75578,0.150,0.180,0.000,-0.4173,-0.2872,TRACKING,L+C+R_fused
1786984411.658,54.9,0.938,0.802,0.873,0.5179,-0.0137,0.59,-0.73017,0.150,0.180,0.000,-0.3915,-0.3860,TRACKING,L+C+R_fused
1786984411.677,54.9,0.946,0.795,0.876,0.5204,-0.0156,-0.08,-0.82318,0.150,0.180,0.000,-0.4095,-0.4157,TRACKING,L+C+R_fused
1786984411.692,54.9,0.950,0.800,0.875,0.5021,-0.0162,1.51,-0.68445,0.150,0.700,0.000,-0.4600,-0.4626,TRACKING,L+C+R_fused
1786984411.710,54.9,0.000,0.776,0.870,0.4994,-0.0211,-0.71,-0.93994,0.150,0.180,0.000,-0.4906,-0.3472,TRACKING,R+C
1786984411.725,57.2,0.000,0.771,0.870,0.5026,-0.0257,-1.93,-1.09175,0.150,0.700,0.000,-0.5369,-0.5192,TRACKING,R+C
1786984411.738,57.2,0.000,0.766,0.855,0.5042,-0.0293,-2.83,-1.20937,0.150,0.700,0.000,-0.5744,-0.4026,TRACKING,R+C
1786984411.757,57.2,0.000,0.768,0.849,0.5089,-0.0295,-1.16,-1.10153,0.150,0.700,0.000,-0.6198,-0.4109,TRACKING,R+C
1786984411.772,57.2,0.000,0.765,0.846,0.5120,-0.0319,-1.14,-1.14494,0.150,0.700,0.000,-0.6587,-0.4338,TRACKING,R+C
1786984411.788,57.2,0.000,0.765,0.828,0.5123,-0.0318,-1.17,-1.16012,0.150,0.700,0.000,-0.6587,-0.4371,TRACKING,R+C
1786984411.808,57.2,0.000,0.749,0.831,0.5088,-0.0309,-2.14,-1.30685,0.150,0.700,0.000,-0.6343,-0.4245,TRACKING,R+C
1786984411.823,57.2,0.000,0.749,0.831,0.5088,-0.0247,-1.71,-1.04548,0.150,0.700,0.000,-0.6343,-0.4226,TRACKING,prediction
1786984411.850,57.2,0.000,0.749,0.831,0.5088,-0.0198,-1.37,-0.83639,0.150,0.700,0.000,-0.6343,-0.4223,TRACKING,prediction
1786984411.870,57.2,0.000,0.749,0.831,0.5088,-0.0158,-1.10,-0.66911,0.150,0.700,0.000,-0.6343,-0.4223,TRACKING,prediction
1786984411.895,57.2,0.000,0.750,0.834,0.5024,-0.0147,-1.09,-1.34591,0.150,0.700,0.000,-0.4416,-0.3159,TRACKING,R+C
1786984411.912,57.2,0.000,0.747,0.832,0.5048,-0.0159,-1.21,-1.37319,0.150,0.700,0.000,-0.4599,-0.3104,TRACKING,R+C
1786984411.930,57.2,0.000,0.747,0.832,0.5048,-0.0127,-0.97,-1.09855,0.150,0.700,0.000,-0.4599,-0.3096,TRACKING,prediction
1786984411.944,57.2,0.000,0.747,0.832,0.5048,-0.0102,-0.78,-0.87884,0.150,0.700,0.000,-0.4599,-0.3094,TRACKING,prediction
1786984411.957,57.2,0.000,0.747,0.832,0.5048,-0.0081,-0.62,-0.70307,0.150,0.700,0.000,-0.4599,-0.3094,TRACKING,prediction
1786984411.981,57.2,0.000,0.747,0.832,0.5048,-0.0065,-0.50,-0.56246,0.150,0.700,0.000,-0.4599,-0.3094,TRACKING,prediction
1786984412.003,57.2,0.000,0.747,0.832,0.5048,-0.0052,-0.40,-0.44997,0.150,0.700,0.000,-0.4599,-0.3094,TRACKING,prediction
1786984412.018,57.2,0.000,0.747,0.832,0.5048,-0.0042,-0.32,-0.35997,0.150,0.700,0.000,-0.4599,-0.3094,TRACKING,prediction
1786984412.038,57.2,0.000,0.747,0.832,0.5048,-0.0033,-0.25,-0.28798,0.150,0.180,0.000,-0.4599,-0.3094,TRACKING,prediction
1786984412.056,57.2,0.000,0.747,0.832,0.5048,-0.0027,-0.20,-0.23038,0.150,0.180,0.000,-0.4599,-0.4505,TRACKING,prediction
1786984412.082,57.2,0.000,0.747,0.832,0.5048,-0.0021,-0.16,-0.18431,0.150,0.180,0.000,-0.4599,-0.4704,TRACKING,prediction
1786984412.100,57.2,0.000,0.747,0.832,0.5048,-0.0017,-0.13,-0.14745,0.150,0.180,0.000,-0.4599,-0.4734,TRACKING,prediction
1786984412.127,57.2,0.000,0.747,0.832,0.5048,-0.0014,-0.10,-0.11796,0.150,0.180,0.000,-0.4599,-0.4739,TRACKING,prediction
1786984412.143,57.2,0.000,0.747,0.832,0.5048,-0.0011,-0.08,-0.09436,0.150,0.180,0.000,-0.4599,-0.4740,TRACKING,prediction
1786984412.164,57.2,0.000,0.747,0.832,0.5048,-0.0009,-0.07,-0.07549,0.150,0.567,0.000,-0.4599,-0.4740,TRACKING,prediction
1786984412.177,57.2,0.000,0.747,0.832,0.5048,-0.0007,-0.05,-0.06039,0.150,0.180,0.000,-0.4599,-0.3694,UNCERTAIN,prediction
1786984412.199,57.2,0.000,0.747,0.832,0.5048,-0.0006,-0.04,-0.04831,0.150,0.490,0.000,-0.4599,-0.4591,UNCERTAIN,prediction
1786984412.219,57.2,0.000,0.747,0.832,0.5048,-0.0004,-0.03,-0.03865,0.150,0.486,0.000,-0.4599,-0.3882,UNCERTAIN,prediction
1786984412.232,57.2,0.000,0.745,0.774,0.5984,-0.0766,2.80,-1.67844,0.150,0.700,0.000,-1.0000,-0.7438,TRACKING,R+C
1786984412.247,57.2,0.000,0.745,0.774,0.5984,-0.0613,2.24,-1.34275,0.150,0.180,0.000,-1.0000,-0.6743,TRACKING,prediction
1786984412.261,57.2,0.000,0.735,0.760,0.6076,-0.0838,2.21,-1.87657,0.150,0.180,0.000,-1.0000,-0.9528,TRACKING,R+C
1786984412.278,57.2,0.000,0.735,0.760,0.6076,-0.0671,1.77,-1.50125,0.150,0.180,0.000,-1.0000,-0.9929,TRACKING,prediction
1786984412.303,57.2,0.000,0.746,0.673,0.6026,-0.0895,3.01,-1.87710,0.150,0.180,0.000,-1.0000,-0.9989,TRACKING,R+C
1786984412.320,57.2,0.000,0.746,0.673,0.6026,-0.0716,2.41,-1.50168,0.150,0.700,0.000,-1.0000,-0.9998,TRACKING,prediction
1786984412.335,57.2,0.000,0.746,0.676,0.6031,-0.0869,2.18,-1.99461,0.150,0.180,0.000,-1.0000,-0.7145,TRACKING,R+C
1786984412.358,57.2,0.000,0.763,0.674,0.6042,-0.0872,1.91,-2.04924,0.150,0.700,0.000,-1.0000,-0.9585,TRACKING,R+C
1786984412.376,57.2,0.000,0.755,0.674,0.6084,-0.0863,3.27,-1.97388,0.150,0.700,0.000,-1.0000,-0.7083,TRACKING,R+C
1786984412.393,57.2,0.000,0.766,0.668,0.6199,-0.0886,4.12,-1.93729,0.150,0.700,0.000,-1.0000,-0.6714,TRACKING,R+C
1786984412.413,57.2,0.000,0.766,0.668,0.6199,-0.0709,3.30,-1.54983,0.150,0.700,0.000,-1.0000,-0.6658,TRACKING,prediction
1786984412.436,57.2,0.000,0.766,0.668,0.6199,-0.0567,2.64,-1.23987,0.150,0.700,0.000,-1.0000,-0.6649,TRACKING,prediction
1786984412.464,57.2,0.000,0.766,0.668,0.6199,-0.0453,2.11,-0.99189,0.150,0.700,0.000,-1.0000,-0.6648,TRACKING,prediction
1786984412.479,57.2,0.000,0.766,0.668,0.6199,-0.0363,1.69,-0.79351,0.150,0.700,0.000,-1.0000,-0.6648,TRACKING,prediction
1786984412.496,57.2,0.000,0.766,0.668,0.6199,-0.0290,1.35,-0.63481,0.150,0.700,0.000,-1.0000,-0.6648,TRACKING,prediction
1786984412.518,57.2,0.000,0.771,0.655,0.6708,-0.0969,13.11,-0.96487,0.150,0.700,0.000,-1.0000,-0.6658,TRACKING,R+C
1786984412.532,57.2,0.000,0.780,0.654,0.6816,-0.1037,14.60,-0.80259,0.150,0.180,0.000,-1.0000,-0.6664,TRACKING,R+C
1786984412.550,57.2,0.000,0.792,0.652,0.6897,-0.1108,15.53,-0.69800,0.150,0.180,0.000,-1.0000,-0.9519,TRACKING,R+C
1786984412.568,57.2,0.000,0.792,0.652,0.6897,-0.0886,12.42,-0.55840,0.150,0.180,0.000,-1.0000,-0.9928,TRACKING,prediction
1786984412.595,57.2,0.000,0.792,0.652,0.6897,-0.0709,9.94,-0.44672,0.150,0.180,0.000,-1.0000,-0.9989,TRACKING,prediction
1786984412.611,57.2,0.000,0.792,0.652,0.6897,-0.0567,7.95,-0.35738,0.150,0.180,0.000,-1.0000,-0.9998,TRACKING,prediction
1786984412.624,57.2,0.000,0.792,0.652,0.6897,-0.0454,6.36,-0.28590,0.150,0.180,0.000,-1.0000,-1.0000,TRACKING,prediction
