timestamp,fps,left_conf,center_conf,right_conf,lane_width_m,lateral_error_m,heading_error_deg,curvature,lookahead_m,target_speed,actual_speed,steer_raw,steer_filtered,tracking_state,reconstruction_method
1786984415.543,0.0,0.907,0.787,0.814,0.4934,-0.0041,7.46,-0.03957,0.196,0.400,0.000,-0.3059,-0.3234,TRACKING,L+C+R_fused
1786984415.627,0.0,0.909,0.788,0.753,0.4929,-0.0042,7.47,-0.03609,0.196,0.400,0.000,-0.3053,-0.3227,TRACKING,L+C+R_fused
1786984415.641,0.0,0.909,0.787,0.743,0.4917,-0.0040,7.61,-0.02730,0.197,0.400,0.000,-0.3036,-0.3210,TRACKING,L+C+R_fused
1786984415.657,0.0,0.908,0.788,0.919,0.4922,-0.0042,7.46,-0.03681,0.196,0.400,0.000,-0.3054,-0.3228,TRACKING,L+C+R_fused
1786984415.671,0.0,0.908,0.788,0.916,0.4923,-0.0042,7.48,-0.03700,0.196,0.400,0.000,-0.3060,-0.3234,TRACKING,L+C+R_fused
1786984415.686,0.0,0.908,0.788,0.915,0.4928,-0.0042,7.43,-0.04023,0.196,0.400,0.000,-0.3063,-0.3237,TRACKING,L+C+R_fused
1786984415.701,0.0,0.908,0.788,0.915,0.4920,-0.0042,7.44,-0.03859,0.196,0.400,0.000,-0.3054,-0.3228,TRACKING,L+C+R_fused
1786984415.718,0.0,0.908,0.789,0.915,0.4911,-0.0041,7.48,-0.03529,0.196,0.400,0.000,-0.3049,-0.3223,TRACKING,L+C+R_fused
1786984415.740,0.0,0.909,0.788,0.919,0.4909,-0.0042,7.43,-0.03849,0.196,0.400,0.000,-0.3055,-0.3229,TRACKING,L+C+R_fused
1786984415.757,0.0,0.909,0.788,0.916,0.4909,-0.0042,7.44,-0.03759,0.196,0.400,0.000,-0.3054,-0.3228,TRACKING,L+C+R_fused
1786984415.782,0.0,0.910,0.788,0.916,0.4903,-0.0042,7.45,-0.03618,0.196,0.400,0.000,-0.3050,-0.3224,TRACKING,L+C+R_fused
1786984415.796,0.0,0.909,0.788,0.917,0.4898,-0.0042,7.45,-0.03620,0.196,0.400,0.000,-0.3051,-0.3225,TRACKING,L+C+R_fused
1786984415.813,0.0,0.909,0.786,0.920,0.4924,-0.0042,7.45,-0.03958,0.196,0.400,0.000,-0.3062,-0.3237,TRACKING,L+C+R_fused
1786984415.830,0.0,0.909,0.787,0.920,0.4922,-0.0041,7.50,-0.03553,0.196,0.400,0.000,-0.3052,-0.3226,TRACKING,L+C+R_fused
1786984415.849,0.0,0.909,0.786,0.920,0.4922,-0.0041,7.50,-0.03535,0.196,0.400,0.000,-0.3051,-0.3225,TRACKING,L+C+R_fused
1786984415.871,0.0,0.910,0.787,0.921,0.4913,-0.0042,7.45,-0.03834,0.196,0.400,0.000,-0.3061,-0.3236,TRACKING,L+C+R_fused
1786984415.896,0.0,0.910,0.786,0.923,0.4905,-0.0041,7.47,-0.03732,0.196,0.400,0.000,-0.3053,-0.3227,TRACKING,L+C+R_fused
1786984415.912,0.0,0.910,0.786,0.923,0.4905,-0.0040,7.50,-0.03596,0.196,0.400,0.000,-0.3049,-0.3223,TRACKING,L+C+R_fused
1786984415.935,0.0,0.909,0.786,0.923,0.4921,-0.0041,7.47,-0.03734,0.196,0.400,0.000,-0.3054,-0.3228,TRACKING,L+C+R_fused
1786984415.949,0.0,0.909,0.786,0.923,0.4921,-0.0041,7.50,-0.03552,0.196,0.400,0.000,-0.3051,-0.3226,TRACKING,L+C+R_fused
1786984415.979,0.0,0.909,0.786,0.923,0.4924,-0.0042,7.43,-0.04001,0.196,0.400,0.000,-0.3061,-0.3235,TRACKING,L+C+R_fused
1786984416.007,0.0,0.909,0.786,0.924,0.4923,-0.0041,7.53,-0.03226,0.197,0.400,0.000,-0.3049,-0.3223,TRACKING,L+C+R_fused
1786984416.023,0.0,0.912,0.786,0.924,0.4923,-0.0042,7.51,-0.03287,0.197,0.400,0.000,-0.3053,-0.3228,TRACKING,L+C+R_fused
1786984416.050,0.0,0.912,0.786,0.925,0.4923,-0.0042,7.50,-0.03341,0.197,0.400,0.000,-0.3054,-0.3228,TRACKING,L+C+R_fused
1786984416.075,0.0,0.912,0.786,0.925,0.4923,-0.0034,6.00,-0.02673,0.197,0.400,0.000,-0.3054,-0.3228,TRACKING,prediction
1786984416.092,0.0,0.912,0.786,0.925,0.4923,-0.0027,4.80,-0.02138,0.197,0.400,0.000,-0.3054,-0.3228,TRACKING,prediction
1786984416.108,0.0,0.912,0.786,0.925,0.4923,-0.0022,3.84,-0.01711,0.197,0.400,0.000,-0.3054,-0.3228,TRACKING,prediction
1786984416.123,0.0,0.912,0.786,0.925,0.4923,-0.0017,3.07,-0.01369,0.197,0.400,0.000,-0.3054,-0.3228,TRACKING,prediction
1786984416.151,0.0,0.912,0.786,0.925,0.4923,-0.0014,2.46,-0.01095,0.197,0.400,0.000,-0.3054,-0.3228,TRACKING,prediction
1786984416.168,0.0,0.912,0.786,0.925,0.4923,-0.0011,1.97,-0.00876,0.197,0.400,0.000,-0.3054,-0.3228,TRACKING,prediction
1786984416.190,0.0,0.912,0.786,0.925,0.4923,-0.0009,1.57,-0.00701,0.197,0.400,0.000,-0.3054,-0.3228,TRACKING,prediction
1786984416.210,0.0,0.912,0.786,0.925,0.4923,-0.0007,1.26,-0.00561,0.197,0.400,0.000,-0.3054,-0.3228,TRACKING,prediction
1786984416.230,0.0,0.912,0.786,0.925,0.4923,-0.0006,1.01,-0.00448,0.197,0.400,0.000,-0.3054,-0.3228,TRACKING,prediction
1786984416.250,0.0,0.912,0.786,0.925,0.4923,-0.0005,0.81,-0.00359,0.197,0.400,0.000,-0.3054,-0.3228,TRACKING,prediction
1786984416.283,0.0,0.912,0.786,0.925,0.4923,-0.0004,0.64,-0.00287,0.197,0.400,0.000,-0.3054,-0.3228,TRACKING,prediction
1786984416.312,0.0,0.912,0.786,0.925,0.4923,-0.0003,0.52,-0.00230,0.197,0.380,0.000,-0.3054,-0.3228,TRACKING,prediction
1786984416.335,0.0,0.906,0.789,0.935,0.4910,-0.0034,7.54,-0.02857,0.197,0.400,0.000,-0.2960,-0.3130,TRACKING,L+C+R_fused
1786984416.352,0.0,0.909,0.788,0.935,0.4907,-0.0034,7.48,-0.03220,0.197,0.400,0.000,-0.2964,-0.3134,TRACKING,L+C+R_fused
1786984416.381,0.0,0.906,0.787,0.935,0.4895,-0.0035,7.48,-0.03192,0.197,0.400,0.000,-0.2966,-0.3136,TRACKING,L+C+R_fused
1786984416.396,0.0,0.904,0.790,0.938,0.4893,-0.0035,7.46,-0.03467,0.197,0.400,0.000,-0.2974,-0.3144,TRACKING,L+C+R_fused
1786984416.413,0.0,0.904,0.789,0.938,0.4898,-0.0034,7.43,-0.03752,0.196,0.400,0.000,-0.2976,-0.3146,TRACKING,L+C+R_fused
1786984416.432,0.0,0.904,0.790,0.938,0.4898,-0.0034,7.44,-0.03722,0.196,0.400,0.000,-0.2975,-0.3146,TRACKING,L+C+R_fused
1786984416.455,0.0,0.904,0.790,0.938,0.4898,-0.0034,7.48,-0.03455,0.197,0.400,0.000,-0.2975,-0.3146,TRACKING,L+C+R_fused
1786984416.480,0.0,0.903,0.790,0.938,0.4900,-0.0034,7.52,-0.03105,0.197,0.400,0.000,-0.2970,-0.3141,TRACKING,L+C+R_fused
1786984416.498,45.0,0.903,0.790,0.938,0.4900,-0.0037,7.43,-0.03608,0.196,0.400,0.000,-0.2989,-0.3160,TRACKING,L+C+R_fused
1786984416.514,45.0,0.905,0.790,0.938,0.4901,-0.0038,7.45,-0.03271,0.197,0.400,0.000,-0.2989,-0.3160,TRACKING,L+C+R_fused
1786984416.530,45.0,0.898,0.791,0.921,0.4930,-0.0040,7.49,-0.03113,0.197,0.400,0.000,-0.3018,-0.3190,TRACKING,L+C+R_fused
1786984416.545,45.0,0.906,0.790,0.936,0.4912,-0.0043,7.60,-0.01896,0.198,0.400,0.000,-0.3026,-0.3200,TRACKING,L+C+R_fused
1786984416.561,45.0,0.903,0.786,0.913,0.4951,-0.0044,7.54,-0.01763,0.198,0.400,0.000,-0.3012,-0.3185,TRACKING,L+C+R_fused
1786984416.577,45.0,0.895,0.787,0.913,0.4987,-0.0054,7.44,-0.02049,0.198,0.400,0.000,-0.3085,-0.3261,TRACKING,L+C+R_fused
1786984416.606,45.0,0.895,0.787,0.913,0.4987,-0.0043,5.95,-0.01639,0.198,0.400,0.000,-0.3085,-0.3261,TRACKING,prediction
1786984416.622,45.0,0.894,0.791,0.344,0.5014,-0.0066,7.48,-0.01107,0.199,0.400,0.000,-0.3171,-0.3352,TRACKING,L+C+R_fused
1786984416.637,45.0,0.892,0.790,0.640,0.5019,-0.0073,7.68,0.00958,0.199,0.400,0.000,-0.3260,-0.3445,TRACKING,L+C+R_fused
1786984416.661,45.0,0.887,0.788,0.928,0.5040,-0.0092,7.51,0.00494,0.200,0.400,0.000,-0.3373,-0.3563,TRACKING,L+C+R_fused
1786984416.677,45.0,0.887,0.788,0.928,0.5040,-0.0073,6.01,0.00395,0.200,0.400,0.000,-0.3373,-0.3563,TRACKING,prediction
1786984416.702,45.0,0.874,0.790,0.906,0.5024,-0.0125,7.23,-0.00114,0.200,0.400,0.000,-0.3588,-0.3789,TRACKING,L+C+R_fused
1786984416.719,45.0,0.877,0.785,0.687,0.5107,-0.0139,7.36,0.02198,0.198,0.400,0.000,-0.3792,-0.3999,TRACKING,L+C+R_fused
1786984416.734,45.0,0.902,0.785,0.848,0.5125,-0.0158,7.13,0.00543,0.199,0.400,0.000,-0.3868,-0.4082,TRACKING,L+C+R_fused
1786984416.754,45.0,0.886,0.789,0.938,0.5222,-0.0182,6.75,-0.01135,0.199,0.400,0.000,-0.4019,-0.4240,TRACKING,L+C+R_fused
1786984416.769,45.0,0.907,0.791,0.936,0.5189,-0.0200,6.59,-0.01514,0.198,0.400,0.000,-0.4150,-0.4377,TRACKING,L+C+R_fused
1786984416.789,45.0,0.914,0.790,0.913,0.5216,-0.0213,6.92,0.01781,0.198,0.400,0.000,-0.4321,-0.4554,TRACKING,L+C+R_fused
1786984416.804,45.0,0.906,0.791,0.914,0.5180,-0.0224,6.78,0.01569,0.198,0.400,0.000,-0.4376,-0.4612,TRACKING,L+C+R_fused
1786984416.821,45.0,0.903,0.790,0.925,0.5165,-0.0231,6.48,0.00950,0.199,0.400,0.000,-0.4330,-0.4564,TRACKING,L+C+R_fused
1786984416.845,45.0,0.909,0.789,0.932,0.5198,-0.0224,6.54,0.03115,0.197,0.400,0.000,-0.4340,-0.4568,TRACKING,L+C+R_fused
1786984416.861,45.0,0.908,0.790,0.914,0.5165,-0.0209,5.98,0.00332,0.200,0.400,0.000,-0.3965,-0.4181,TRACKING,L+C+R_fused
1786984416.877,45.0,0.897,0.788,0.740,0.5149,-0.0179,5.80,0.00811,0.199,0.400,0.000,-0.3647,-0.3844,TRACKING,L+C+R_fused
1786984416.901,45.0,0.887,0.792,0.921,0.5197,-0.0149,5.61,0.00596,0.199,0.400,0.000,-0.3306,-0.3486,TRACKING,L+C+R_fused
1786984416.917,45.0,0.886,0.794,0.928,0.5189,-0.0140,5.35,0.00134,0.200,0.400,0.000,-0.3133,-0.3304,TRACKING,L+C+R_fused
1786984416.932,45.0,0.900,0.790,0.924,0.5170,-0.0145,5.31,0.01585,0.198,0.400,0.000,-0.3186,-0.3356,TRACKING,L+C+R_fused
1786984416.947,45.0,0.896,0.790,0.928,0.5173,-0.0158,5.17,0.01317,0.199,0.400,0.000,-0.3256,-0.3430,TRACKING,L+C+R_fused
1786984416.963,45.0,0.899,0.790,0.928,0.5139,-0.0172,5.06,0.01261,0.199,0.400,0.000,-0.3357,-0.3535,TRACKING,L+C+R_fused
1786984416.978,45.0,0.911,0.792,0.785,0.5148,-0.0185,4.83,0.00341,0.200,0.400,0.000,-0.3391,-0.3572,TRACKING,L+C+R_fused
1786984417.007,45.0,0.902,0.795,0.761,0.5140,-0.0197,4.56,-0.01325,0.199,0.400,0.000,-0.3483,-0.3668,TRACKING,L+C+R_fused
1786984417.021,45.0,0.909,0.793,0.762,0.5137,-0.0219,4.20,-0.01975,0.198,0.400,0.000,-0.3605,-0.3794,TRACKING,L+C+R_fused
1786984417.048,45.0,0.911,0.791,0.791,0.5155,-0.0232,4.58,0.01839,0.198,0.400,0.000,-0.3775,-0.3971,TRACKING,L+C+R_fused
1786984417.078,45.0,0.914,0.795,0.756,0.5169,-0.0271,3.53,-0.04503,0.195,0.400,0.000,-0.4022,-0.4227,TRACKING,L+C+R_fused
1786984417.094,45.0,0.909,0.786,0.784,0.5166,-0.0292,3.92,-0.00984,0.199,0.400,0.000,-0.4139,-0.4354,TRACKING,L+C+R_fused
1786984417.110,45.0,0.909,0.786,0.784,0.5166,-0.0234,3.14,-0.00787,0.199,0.400,0.000,-0.4139,-0.4354,TRACKING,prediction
1786984417.127,45.0,0.909,0.786,0.784,0.5166,-0.0187,2.51,-0.00630,0.199,0.400,0.000,-0.4139,-0.4354,TRACKING,prediction
1786984417.144,45.0,0.909,0.786,0.784,0.5166,-0.0150,2.01,-0.00504,0.199,0.400,0.000,-0.4139,-0.4354,TRACKING,prediction
1786984417.159,45.0,0.911,0.743,0.832,0.5140,-0.0427,-1.50,-0.51167,0.150,0.400,0.000,-0.7023,-0.7287,TRACKING,L+C+R_fused
1786984417.177,45.0,0.917,0.747,0.774,0.5130,-0.0430,-2.68,-0.58712,0.150,0.400,0.000,-0.6777,-0.7032,TRACKING,L+C+R_fused
1786984417.192,45.0,0.924,0.740,0.916,0.5069,-0.0398,-2.38,-0.57377,0.150,0.400,0.000,-0.6434,-0.6678,TRACKING,L+C+R_fused
1786984417.207,45.0,0.924,0.740,0.916,0.5069,-0.0318,-1.90,-0.45901,0.150,0.400,0.000,-0.6434,-0.6678,TRACKING,prediction
1786984417.235,45.0,0.921,0.720,0.743,0.5119,-0.0365,-4.33,-0.74601,0.150,0.400,0.000,-0.5550,-0.5772,TRACKING,L+C+R_fused
1786984417.254,45.0,0.914,0.729,0.779,0.5009,-0.0369,-5.29,-0.82312,0.150,0.400,0.000,-0.5370,-0.5589,TRACKING,L+C+R_fused
1786984417.269,45.0,0.919,0.719,0.806,0.5032,-0.0387,-6.60,-0.92879,0.150,0.400,0.000,-0.5320,-0.5542,TRACKING,L+C+R_fused
1786984417.288,45.0,0.919,0.719,0.806,0.5032,-0.0310,-5.28,-0.74303,0.150,0.400,0.000,-0.5320,-0.5542,TRACKING,prediction
1786984417.311,45.0,0.923,0.717,0.751,0.5016,-0.0399,-7.00,-1.01022,0.150,0.400,0.000,-0.5473,-0.5708,TRACKING,L+C+R_fused
1786984417.327,45.0,0.931,0.715,0.916,0.4957,-0.0416,-7.36,-1.07839,0.150,0.400,0.000,-0.5693,-0.5942,TRACKING,L+C+R_fused
1786984417.344,45.0,0.927,0.720,0.809,0.5018,-0.0423,-8.09,-1.16293,0.150,0.400,0.000,-0.5675,-0.5930,TRACKING,L+C+R_fused
1786984417.357,45.0,0.937,0.723,0.819,0.4928,-0.0418,-8.58,-1.22528,0.150,0.400,0.000,-0.5514,-0.5769,TRACKING,L+C+R_fused
1786984417.373,45.0,0.927,0.729,0.729,0.5021,-0.0410,-10.18,-1.36254,0.150,0.400,0.000,-0.5036,-0.5284,TRACKING,L+C+R_fused
1786984417.388,45.0,0.933,0.718,0.717,0.5080,-0.0375,-10.43,-1.45332,0.150,0.400,0.000,-0.4559,-0.4803,TRACKING,L+C+R_fused
1786984417.403,45.0,0.924,0.726,0.713,0.4931,-0.0372,-11.30,-1.55688,0.150,0.400,0.000,-0.4352,-0.4599,TRACKING,L+C+R_fused
1786984417.421,45.0,0.757,0.739,0.792,0.4752,-0.0364,-10.58,-1.54626,0.150,0.400,0.000,-0.4488,-0.4742,TRACKING,L+C+R_fused
1786984417.436,45.0,0.000,0.733,0.688,0.4898,-0.0369,-10.91,-1.63606,0.150,0.400,0.000,-0.4600,-0.4867,TRACKING,R+C
1786984417.452,45.0,0.000,0.746,0.692,0.4800,-0.0342,-9.73,-1.60126,0.150,0.400,0.000,-0.4565,-0.4834,TRACKING,R+C
1786984417.476,45.0,0.000,0.754,0.737,0.4847,-0.0310,-9.68,-1.65197,0.150,0.400,0.000,-0.4164,-0.4429,TRACKING,R+C
1786984417.491,45.0,0.000,0.741,0.749,0.4786,-0.0214,-7.89,-1.62252,0.150,0.400,0.000,-0.3259,-0.3505,TRACKING,R+C
1786984417.509,55.4,0.000,0.736,0.752,0.4719,-0.0131,-8.06,-1.72305,0.150,0.400,0.000,-0.1954,-0.2176,TRACKING,R+C
1786984417.523,55.4,0.000,0.731,0.914,0.4889,-0.0053,-7.71,-1.77658,0.150,0.400,0.000,-0.0838,-0.1039,TRACKING,R+C
1786984417.537,55.4,0.000,0.741,0.735,0.4952,-0.0007,-6.96,-1.78050,0.150,0.400,0.000,-0.0354,-0.0548,TRACKING,R+C
1786984417.554,55.4,0.000,0.742,0.743,0.5157,0.0006,-5.63,-1.76204,0.150,0.400,0.000,-0.0672,-0.0881,TRACKING,R+C
1786984417.568,55.4,0.000,0.747,0.705,0.6346,0.0008,-4.66,-1.77872,0.150,0.400,0.000,-0.1082,-0.1311,TRACKING,R+C
1786984417.586,55.4,0.000,0.742,0.913,0.4922,0.0044,-2.44,-1.68731,0.150,0.400,0.000,-0.1235,-0.1471,TRACKING,R+C
1786984417.600,55.4,0.000,0.744,0.746,0.6383,0.0099,-0.84,-1.63106,0.150,0.400,0.000,-0.0868,-0.1100,TRACKING,R+C
1786984417.613,55.4,0.000,0.745,0.692,0.6541,0.0152,0.20,-1.60112,0.150,0.400,0.000,-0.0337,-0.0559,TRACKING,R+C
1786984417.626,55.4,0.000,0.747,0.725,0.5329,0.0189,0.90,-1.60022,0.150,0.400,0.000,0.0000,-0.0218,TRACKING,R+C
1786984417.642,55.4,0.000,0.747,0.714,0.6132,0.0201,2.02,-1.53243,0.150,0.400,0.000,-0.0157,-0.0380,TRACKING,R+C
1786984417.658,55.4,0.000,0.744,0.670,0.5830,0.0186,2.89,-1.53427,0.150,0.400,0.000,-0.0820,-0.1068,TRACKING,R+C
1786984417.684,55.4,0.000,0.737,0.358,0.6430,0.0164,4.18,-1.47851,0.150,0.400,0.000,-0.1683,-0.1958,TRACKING,R+C
1786984417.700,55.4,0.000,0.736,0.573,0.6508,0.0133,5.15,-1.46088,0.150,0.400,0.000,-0.2620,-0.2926,TRACKING,R+C
1786984417.715,55.4,0.000,0.735,0.887,0.5391,0.0095,5.55,-1.49486,0.150,0.400,0.000,-0.3496,-0.3834,TRACKING,R+C
1786984417.731,55.4,0.000,0.737,0.902,0.5443,0.0056,6.69,-1.42446,0.150,0.400,0.000,-0.4477,-0.4845,TRACKING,R+C
1786984417.753,55.4,0.000,0.740,0.893,0.5556,-0.0003,6.90,-1.45184,0.150,0.400,0.000,-0.5500,-0.5905,TRACKING,R+C
1786984417.764,55.4,0.000,0.731,0.891,0.5731,-0.0053,8.50,-1.34262,0.150,0.400,0.000,-0.6622,-0.7065,TRACKING,R+C
1786984417.787,55.4,0.000,0.732,0.879,0.5827,-0.0129,8.99,-1.37647,0.150,0.400,0.000,-0.7784,-0.8281,TRACKING,R+C
1786984417.801,55.4,0.000,0.738,0.872,0.5935,-0.0207,9.65,-1.35071,0.150,0.400,0.000,-0.8809,-0.9352,TRACKING,R+C
1786984417.823,55.4,0.000,0.740,0.860,0.6023,-0.0277,10.59,-1.26654,0.150,0.400,0.000,-0.9648,-1.0000,TRACKING,R+C
1786984417.840,55.4,0.000,0.752,0.830,0.6069,-0.0346,9.38,-1.47973,0.150,0.400,0.000,-1.0000,-1.0000,TRACKING,R+C
1786984417.855,55.4,0.000,0.757,0.831,0.6120,-0.0368,9.98,-1.38854,0.150,0.400,0.000,-1.0000,-1.0000,TRACKING,R+C
1786984417.871,55.4,0.000,0.753,0.835,0.6133,-0.0347,11.11,-1.25018,0.150,0.400,0.000,-1.0000,-1.0000,TRACKING,R+C
1786984417.887,55.4,0.000,0.754,0.842,0.6144,-0.0335,11.73,-1.17591,0.150,0.400,0.000,-1.0000,-1.0000,TRACKING,R+C
1786984417.899,55.4,0.000,0.753,0.837,0.6145,-0.0338,11.64,-1.17662,0.150,0.400,0.000,-1.0000,-1.0000,TRACKING,R+C
1786984417.911,55.4,0.000,0.755,0.846,0.6178,-0.0380,10.99,-1.24789,0.150,0.400,0.000,-1.0000,-1.0000,TRACKING,R+C
1786984417.933,55.4,0.000,0.756,0.828,0.6242,-0.0436,11.62,-1.16580,0.150,0.400,0.000,-1.0000,-1.0000,TRACKING,R+C
1786984417.950,55.4,0.000,0.756,0.828,0.6242,-0.0349,9.30,-0.93264,0.150,0.400,0.000,-1.0000,-1.0000,TRACKING,prediction
1786984417.976,55.4,0.000,0.756,0.828,0.6242,-0.0279,7.44,-0.74611,0.150,0.400,0.000,-1.0000,-1.0000,TRACKING,prediction
1786984417.990,55.4,0.000,0.756,0.828,0.6242,-0.0223,5.95,-0.59689,0.150,0.400,0.000,-1.0000,-1.0000,TRACKING,prediction
1786984418.001,55.4,0.000,0.756,0.828,0.6242,-0.0179,4.76,-0.47751,0.150,0.400,0.000,-1.0000,-1.0000,TRACKING,prediction
1786984418.027,55.4,0.000,0.756,0.828,0.6242,-0.0143,3.81,-0.38201,0.150,0.400,0.000,-1.0000,-1.0000,TRACKING,prediction
1786984418.045,55.4,0.000,0.756,0.828,0.6242,-0.0114,3.05,-0.30561,0.150,0.400,0.000,-1.0000,-1.0000,TRACKING,prediction
1786984418.067,55.4,0.000,0.756,0.828,0.6242,-0.0091,2.44,-0.24449,0.150,0.400,0.000,-1.0000,-1.0000,TRACKING,prediction
1786984418.095,55.4,0.000,0.756,0.828,0.6242,-0.0073,1.95,-0.19559,0.150,0.400,0.000,-1.0000,-1.0000,TRACKING,prediction
1786984418.108,55.4,0.000,0.756,0.828,0.6242,-0.0059,1.56,-0.15647,0.150,0.400,0.000,-1.0000,-1.0000,TRACKING,prediction
1786984418.128,55.4,0.000,0.756,0.828,0.6242,-0.0047,1.25,-0.12518,0.150,0.380,0.000,-1.0000,-1.0000,TRACKING,prediction
1786984418.144,55.4,0.000,0.756,0.828,0.6242,-0.0037,1.00,-0.10014,0.150,0.361,0.000,-1.0000,-1.0000,TRACKING,prediction
1786984418.158,55.4,0.000,0.756,0.828,0.6242,-0.0030,0.80,-0.08011,0.150,0.343,0.000,-1.0000,-1.0000,TRACKING,prediction
1786984418.176,55.4,0.000,0.756,0.828,0.6242,-0.0024,0.64,-0.06409,0.150,0.325,0.000,-1.0000,-1.0000,TRACKING,prediction
1786984418.190,55.4,0.000,0.756,0.828,0.6242,-0.0019,0.51,-0.05127,0.150,0.280,0.000,-1.0000,-1.0000,UNCERTAIN,prediction
1786984418.204,55.4,0.000,0.761,0.832,0.6080,-0.0581,9.53,-1.04980,0.150,0.400,0.000,-1.0000,-1.0000,TRACKING,R+C
1786984418.219,55.4,0.000,0.789,0.830,0.6021,-0.0544,11.43,-0.79525,0.150,0.400,0.000,-1.0000,-1.0000,TRACKING,R+C
1786984418.235,55.4,0.000,0.745,0.831,0.6008,-0.0538,11.56,-0.76606,0.150,0.400,0.000,-1.0000,-1.0000,TRACKING,R+C
1786984418.251,55.4,0.000,0.759,0.816,0.5971,-0.0566,9.70,-0.93672,0.150,0.400,0.000,-1.0000,-1.0000,TRACKING,R+C
1786984418.274,55.4,0.000,0.726,0.818,0.6015,-0.0614,10.36,-0.78553,0.150,0.400,0.000,-1.0000,-1.0000,TRACKING,R+C
1786984418.300,55.4,0.000,0.726,0.818,0.6015,-0.0491,8.29,-0.62843,0.150,0.400,0.000,-1.0000,-1.0000,TRACKING,prediction
1786984418.315,55.4,0.000,0.726,0.818,0.6015,-0.0393,6.63,-0.50274,0.150,0.400,0.000,-1.0000,-1.0000,TRACKING,prediction
1786984418.329,55.4,0.000,0.726,0.834,0.6068,-0.0880,5.96,-1.16117,0.150,0.400,0.000,-1.0000,-1.0000,TRACKING,R+C
1786984418.347,55.4,0.000,0.726,0.834,0.6068,-0.0704,4.77,-0.92893,0.150,0.400,0.000,-1.0000,-1.0000,TRACKING,prediction
1786984418.363,55.4,0.000,0.726,0.834,0.6068,-0.0563,3.81,-0.74315,0.150,0.400,0.000,-1.0000,-1.0000,TRACKING,prediction
1786984418.376,55.4,0.000,0.812,0.811,0.6145,-0.0972,10.82,-0.66612,0.150,0.400,0.000,-1.0000,-1.0000,TRACKING,R+C
1786984418.399,55.4,0.000,0.819,0.808,0.6187,-0.1066,9.11,-0.81135,0.150,0.400,0.000,-1.0000,-1.0000,TRACKING,R+C
1786984418.414,55.4,0.000,0.819,0.808,0.6187,-0.0853,7.29,-0.64908,0.150,0.400,0.000,-1.0000,-1.0000,TRACKING,prediction
1786984418.427,55.4,0.000,0.819,0.808,0.6187,-0.0682,5.83,-0.51927,0.150,0.400,0.000,-1.0000,-1.0000,TRACKING,prediction
1786984418.446,55.4,0.000,0.819,0.808,0.6187,-0.0546,4.66,-0.41541,0.150,0.400,0.000,-1.0000,-1.0000,TRACKING,prediction
1786984418.462,55.4,0.000,0.819,0.808,0.6187,-0.0437,3.73,-0.33233,0.150,0.400,0.000,-1.0000,-1.0000,TRACKING,prediction
1786984418.476,55.4,0.000,0.819,0.808,0.6187,-0.0349,2.98,-0.26586,0.150,0.400,0.000,-1.0000,-1.0000,TRACKING,prediction
1786984418.493,55.4,0.000,0.819,0.808,0.6187,-0.0279,2.39,-0.21269,0.150,0.400,0.000,-1.0000,-1.0000,TRACKING,prediction
1786984418.509,59.0,0.000,0.819,0.808,0.6187,-0.0224,1.91,-0.17015,0.150,0.400,0.000,-1.0000,-1.0000,TRACKING,prediction
1786984418.523,59.0,0.000,0.819,0.808,0.6187,-0.0179,1.53,-0.13612,0.150,0.400,0.000,-1.0000,-1.0000,TRACKING,prediction
1786984418.538,59.0,0.000,0.850,0.817,0.5845,-0.1065,7.20,-0.67048,0.150,0.400,0.000,-1.0000,-1.0000,TRACKING,R+C
1786984418.563,59.0,0.000,0.850,0.817,0.5845,-0.0852,5.76,-0.53639,0.150,0.400,0.000,-1.0000,-1.0000,TRACKING,prediction
1786984418.590,59.0,0.000,0.848,0.830,0.5728,-0.1002,6.59,-0.66745,0.150,0.400,0.000,-1.0000,-1.0000,TRACKING,R+C
1786984418.605,59.0,0.000,0.850,0.835,0.5695,-0.0959,6.80,-0.61256,0.150,0.400,0.000,-1.0000,-1.0000,TRACKING,R+C
1786984418.621,59.0,0.000,0.845,0.835,0.5639,-0.0932,5.97,-0.65640,0.150,0.400,0.000,-1.0000,-1.0000,TRACKING,R+C
1786984418.637,59.0,0.000,0.842,0.845,0.5602,-0.0892,5.91,-0.62618,0.150,0.400,0.000,-1.0000,-1.0000,TRACKING,R+C
1786984418.653,59.0,0.000,0.839,0.848,0.5536,-0.0861,4.95,-0.67475,0.150,0.400,0.000,-1.0000,-1.0000,TRACKING,R+C
1786984418.669,59.0,0.000,0.825,0.852,0.5531,-0.0806,4.44,-0.71208,0.150,0.400,0.000,-1.0000,-1.0000,TRACKING,R+C
1786984418.686,59.0,0.000,0.825,0.852,0.5531,-0.0644,3.56,-0.56966,0.150,0.400,0.000,-1.0000,-1.0000,TRACKING,prediction
1786984418.700,59.0,0.000,0.821,0.873,0.5453,-0.0705,3.96,-0.70610,0.150,0.400,0.000,-1.0000,-1.0000,TRACKING,R+C
1786984418.726,59.0,0.000,0.825,0.878,0.5441,-0.0635,4.90,-0.58848,0.150,0.400,0.000,-1.0000,-1.0000,TRACKING,R+C
1786984418.738,59.0,0.000,0.823,0.880,0.5382,-0.0583,4.25,-0.64003,0.150,0.400,0.000,-1.0000,-1.0000,TRACKING,R+C
1786984418.762,59.0,0.000,0.808,0.889,0.5302,-0.0534,2.92,-0.74810,0.150,0.400,0.000,-0.9660,-1.0000,TRACKING,R+C
1786984418.774,59.0,0.000,0.811,0.890,0.5233,-0.0474,2.60,-0.75089,0.150,0.400,0.000,-0.9008,-0.9417,TRACKING,R+C
1786984418.796,59.0,0.000,0.811,0.890,0.5233,-0.0379,2.08,-0.60071,0.150,0.400,0.000,-0.9008,-0.9417,TRACKING,prediction
1786984418.819,59.0,0.000,0.811,0.890,0.5233,-0.0303,1.66,-0.48057,0.150,0.400,0.000,-0.9008,-0.9417,TRACKING,prediction
1786984418.839,59.0,0.000,0.811,0.890,0.5233,-0.0243,1.33,-0.38445,0.150,0.400,0.000,-0.9008,-0.9417,TRACKING,prediction
1786984418.864,59.0,0.000,0.811,0.890,0.5233,-0.0194,1.06,-0.30756,0.150,0.400,0.000,-0.9008,-0.9417,TRACKING,prediction
1786984418.880,59.0,0.363,0.804,0.927,0.4323,-0.0114,2.81,-0.70253,0.150,0.400,0.000,-0.4392,-0.4628,TRACKING,L+C+R_fused
1786984418.908,59.0,0.951,0.816,0.902,0.5007,-0.0049,2.77,-0.70045,0.150,0.400,0.000,-0.3317,-0.3521,TRACKING,L+C+R_fused
1786984418.931,59.0,0.954,0.816,0.907,0.5020,-0.0006,2.60,-0.71438,0.150,0.400,0.000,-0.2562,-0.2746,TRACKING,L+C+R_fused
1786984418.947,59.0,0.958,0.818,0.919,0.5002,0.0011,2.36,-0.73135,0.150,0.400,0.000,-0.2181,-0.2355,TRACKING,L+C+R_fused
1786984418.966,59.0,0.934,0.812,0.918,0.4942,0.0017,2.97,-0.69227,0.150,0.400,0.000,-0.2278,-0.2454,TRACKING,L+C+R_fused
1786984418.979,59.0,0.961,0.809,0.916,0.4989,-0.0005,3.39,-0.67060,0.150,0.400,0.000,-0.2806,-0.2997,TRACKING,L+C+R_fused
1786984419.003,59.0,0.960,0.809,0.908,0.4993,-0.0035,3.91,-0.64348,0.150,0.400,0.000,-0.3471,-0.3681,TRACKING,L+C+R_fused
1786984419.025,59.0,0.960,0.811,0.900,0.5017,-0.0061,4.11,-0.64530,0.150,0.400,0.000,-0.3983,-0.4210,TRACKING,L+C+R_fused
1786984419.042,59.0,0.962,0.810,0.901,0.5175,-0.0085,4.32,-0.63966,0.150,0.400,0.000,-0.4439,-0.4680,TRACKING,L+C+R_fused
1786984419.068,59.0,0.914,0.810,0.909,0.5133,-0.0100,4.01,-0.68215,0.150,0.400,0.000,-0.4624,-0.4874,TRACKING,L+C+R_fused
1786984419.095,59.0,0.904,0.810,0.900,0.5143,-0.0098,4.26,-0.66858,0.150,0.400,0.000,-0.4668,-0.4920,TRACKING,L+C+R_fused
1786984419.110,59.0,0.959,0.810,0.904,0.5284,-0.0086,4.19,-0.68186,0.150,0.400,0.000,-0.4477,-0.4725,TRACKING,L+C+R_fused
1786984419.129,59.0,0.959,0.810,0.903,0.5236,-0.0081,4.21,-0.68768,0.150,0.400,0.000,-0.4410,-0.4656,TRACKING,L+C+R_fused
1786984419.145,59.0,0.954,0.806,0.883,0.5267,-0.0126,2.94,-0.78848,0.150,0.400,0.000,-0.4772,-0.5032,TRACKING,L+C+R_fused
1786984419.161,59.0,0.949,0.799,0.890,0.5320,-0.0145,3.68,-0.75841,0.150,0.400,0.000,-0.5293,-0.5571,TRACKING,L+C+R_fused
1786984419.185,59.0,0.933,0.797,0.892,0.5230,-0.0188,3.59,-0.78238,0.150,0.400,0.000,-0.5910,-0.6211,TRACKING,L+C+R_fused
1786984419.205,59.0,0.953,0.809,0.894,0.4918,-0.0206,3.92,-0.77556,0.150,0.400,0.000,-0.6275,-0.6590,TRACKING,L+C+R_fused
1786984419.228,59.0,0.953,0.809,0.894,0.4918,-0.0165,3.14,-0.62045,0.150,0.400,0.000,-0.6275,-0.6590,TRACKING,prediction
1786984419.243,59.0,0.949,0.810,0.891,0.4992,-0.0185,4.37,-0.75715,0.150,0.400,0.000,-0.6111,-0.6421,TRACKING,L+C+R_fused
1786984419.270,59.0,0.954,0.806,0.892,0.5162,-0.0147,4.05,-0.79315,0.150,0.400,0.000,-0.5506,-0.5799,TRACKING,L+C+R_fused
1786984419.289,59.0,0.953,0.809,0.893,0.5206,-0.0133,2.79,-0.90483,0.150,0.400,0.000,-0.5001,-0.5282,TRACKING,L+C+R_fused
1786984419.302,59.0,0.953,0.809,0.893,0.5206,-0.0106,2.23,-0.72386,0.150,0.400,0.000,-0.5001,-0.5282,TRACKING,prediction
1786984419.319,59.0,0.953,0.809,0.893,0.5206,-0.0085,1.79,-0.57909,0.150,0.400,0.000,-0.5001,-0.5282,TRACKING,prediction
1786984419.332,59.0,0.957,0.806,0.891,0.4996,-0.0077,3.76,-0.88807,0.150,0.400,0.000,-0.4504,-0.4776,TRACKING,L+C+R_fused
1786984419.348,59.0,0.948,0.803,0.896,0.4874,-0.0035,3.71,-0.90915,0.150,0.400,0.000,-0.3837,-0.4092,TRACKING,L+C+R_fused
1786984419.364,59.0,0.957,0.788,0.894,0.4828,0.0019,3.12,-0.99607,0.150,0.400,0.000,-0.2856,-0.3089,TRACKING,L+C+R_fused
1786984419.380,59.0,0.950,0.787,0.894,0.4814,0.0081,2.75,-1.01678,0.150,0.400,0.000,-0.1662,-0.1862,TRACKING,L+C+R_fused
1786984419.394,59.0,0.953,0.800,0.905,0.4783,0.0144,2.65,-1.00457,0.150,0.400,0.000,-0.0484,-0.0650,TRACKING,L+C+R_fused
1786984419.414,59.0,0.950,0.792,0.904,0.4782,0.0243,4.05,-0.89736,0.150,0.400,0.000,0.0845,0.0716,TRACKING,L+C+R_fused
1786984419.429,59.0,0.946,0.783,0.915,0.4797,0.0312,3.20,-0.98959,0.150,0.400,0.000,0.2265,0.2169,TRACKING,L+C+R_fused
1786984419.444,59.0,0.944,0.785,0.918,0.4773,0.0392,3.20,-0.99181,0.150,0.400,0.000,0.3593,0.3533,TRACKING,L+C+R_fused
1786984419.462,59.0,0.935,0.787,0.864,0.4777,0.0458,2.97,-1.02998,0.150,0.400,0.000,0.4673,0.4642,TRACKING,L+C+R_fused
1786984419.478,59.0,0.927,0.791,0.828,0.4689,0.0504,2.89,-1.04769,0.150,0.400,0.000,0.5376,0.5366,TRACKING,L+C+R_fused
1786984419.493,59.0,0.927,0.793,0.744,0.4689,0.0533,2.94,-1.04656,0.150,0.400,0.000,0.5774,0.5776,TRACKING,L+C+R_fused
1786984419.519,53.5,0.939,0.790,0.892,0.4799,0.0547,2.87,-1.06497,0.150,0.400,0.000,0.5973,0.5980,TRACKING,L+C+R_fused
1786984419.538,53.5,0.930,0.781,0.343,0.5048,0.0591,3.28,-1.04631,0.150,0.400,0.000,0.6453,0.6475,TRACKING,L+C+R_fused
1786984419.560,53.5,0.916,0.769,0.845,0.4849,0.0662,3.69,-1.03821,0.150,0.400,0.000,0.7255,0.7305,TRACKING,L+C+R_fused
1786984419.574,53.5,0.907,0.769,0.919,0.4802,0.0732,3.64,-1.05912,0.150,0.400,0.000,0.8070,0.8149,TRACKING,L+C+R_fused
1786984419.595,53.5,0.921,0.776,0.927,0.4822,0.0797,4.31,-1.00182,0.150,0.400,0.000,0.8662,0.8768,TRACKING,L+C+R_fused
1786984419.611,53.5,0.924,0.778,0.665,0.4836,0.0823,3.93,-1.07104,0.150,0.400,0.000,0.8953,0.9067,TRACKING,L+C+R_fused
1786984419.628,53.5,0.919,0.779,0.808,0.4861,0.0833,4.67,-1.02764,0.150,0.400,0.000,0.8910,0.9021,TRACKING,L+C+R_fused
1786984419.643,53.5,0.922,0.765,0.718,0.4858,0.0795,4.26,-1.09377,0.150,0.400,0.000,0.8553,0.8642,TRACKING,L+C+R_fused
1786984419.658,53.5,0.905,0.771,0.905,0.4865,0.0751,3.90,-1.16184,0.150,0.400,0.000,0.8091,0.8155,TRACKING,L+C+R_fused
1786984419.674,53.5,0.920,0.761,0.900,0.4931,0.0738,4.48,-1.18136,0.150,0.400,0.000,0.7747,0.7789,TRACKING,L+C+R_fused
1786984419.689,53.5,0.904,0.760,0.891,0.4899,0.0712,5.35,-1.13262,0.150,0.400,0.000,0.7216,0.7237,TRACKING,L+C+R_fused
1786984419.704,53.5,0.899,0.758,0.680,0.4983,0.0680,5.42,-1.17948,0.150,0.400,0.000,0.6716,0.6712,TRACKING,L+C+R_fused
1786984419.728,53.5,0.899,0.758,0.680,0.4983,0.0544,4.34,-0.94358,0.150,0.400,0.000,0.6716,0.6712,TRACKING,prediction
1786984419.748,53.5,0.924,0.739,0.888,0.5013,0.0610,4.63,-1.33616,0.150,0.400,0.000,0.5828,0.5779,TRACKING,L+C+R_fused
1786984419.763,53.5,0.939,0.743,0.892,0.4956,0.0574,5.09,-1.32820,0.150,0.400,0.000,0.5132,0.5057,TRACKING,L+C+R_fused
1786984419.777,53.5,0.000,0.747,0.862,0.4686,0.0533,4.58,-1.40797,0.150,0.400,0.000,0.4588,0.4491,TRACKING,R+C
1786984419.788,53.5,0.000,0.731,0.864,0.4777,0.0510,5.36,-1.40535,0.150,0.400,0.000,0.3913,0.3789,TRACKING,R+C
1786984419.802,53.5,0.000,0.745,0.864,0.4864,0.0489,6.76,-1.29441,0.150,0.400,0.000,0.3149,0.3005,TRACKING,R+C
1786984419.827,53.5,0.000,0.748,0.866,0.4903,0.0463,6.83,-1.32663,0.150,0.400,0.000,0.2626,0.2463,TRACKING,R+C
1786984419.845,53.5,0.000,0.748,0.866,0.4903,0.0370,5.47,-1.06131,0.150,0.400,0.000,0.2626,0.2463,TRACKING,prediction
1786984419.866,53.5,0.000,0.753,0.865,0.4913,0.0468,7.13,-1.35661,0.150,0.400,0.000,0.2531,0.2359,TRACKING,R+C
1786984419.885,53.5,0.000,0.740,0.849,0.4953,0.0468,4.54,-1.64296,0.150,0.400,0.000,0.3167,0.2997,TRACKING,R+C
1786984419.904,53.5,0.000,0.739,0.855,0.4975,0.0530,5.81,-1.59365,0.150,0.400,0.000,0.3723,0.3565,TRACKING,R+C
1786984419.917,53.5,0.000,0.736,0.857,0.4912,0.0553,5.99,-1.59838,0.150,0.400,0.000,0.4011,0.3859,TRACKING,R+C
1786984419.935,53.5,0.000,0.741,0.859,0.4906,0.0553,7.41,-1.47189,0.150,0.400,0.000,0.3612,0.3452,TRACKING,R+C
1786984419.952,53.5,0.000,0.737,0.861,0.5054,0.0510,7.59,-1.50484,0.150,0.400,0.000,0.2760,0.2570,TRACKING,R+C
1786984419.965,53.5,0.000,0.736,0.851,0.5061,0.0465,8.39,-1.46572,0.150,0.400,0.000,0.1685,0.1464,TRACKING,R+C
1786984419.980,53.5,0.000,0.736,0.851,0.5061,0.0372,6.71,-1.17258,0.150,0.400,0.000,0.1685,0.1464,TRACKING,prediction
1786984420.005,53.5,0.000,0.736,0.851,0.5061,0.0297,5.37,-0.93806,0.150,0.400,0.000,0.1685,0.1464,TRACKING,prediction
1786984420.018,53.5,0.000,0.736,0.851,0.5061,0.0238,4.29,-0.75045,0.150,0.400,0.000,0.1685,0.1464,TRACKING,prediction
1786984420.035,53.5,0.000,0.734,0.832,0.5465,0.0284,9.84,-1.48104,0.150,0.400,0.000,-0.2228,-0.2570,TRACKING,R+C
1786984420.051,53.5,0.000,0.743,0.824,0.5537,0.0282,10.61,-1.42247,0.150,0.400,0.000,-0.2503,-0.2852,TRACKING,R+C
1786984420.066,53.5,0.000,0.726,0.812,0.5520,0.0263,9.06,-1.68126,0.150,0.400,0.000,-0.2578,-0.2950,TRACKING,R+C
1786984420.080,53.5,0.000,0.717,0.808,0.5601,0.0245,8.78,-1.74540,0.150,0.400,0.000,-0.2886,-0.3272,TRACKING,R+C
1786984420.095,53.5,0.000,0.719,0.810,0.5651,0.0195,8.78,-1.79260,0.150,0.400,0.000,-0.3784,-0.4202,TRACKING,R+C
1786984420.112,53.5,0.000,0.719,0.810,0.5651,0.0156,7.03,-1.43408,0.150,0.400,0.000,-0.3784,-0.4202,TRACKING,prediction
1786984420.130,53.5,0.000,0.719,0.810,0.5651,0.0125,5.62,-1.14727,0.150,0.400,0.000,-0.3784,-0.4202,TRACKING,prediction
1786984420.159,53.5,0.000,0.716,0.804,0.5867,0.0078,9.85,-1.88201,0.150,0.400,0.000,-0.6145,-0.6660,TRACKING,R+C
1786984420.185,53.5,0.000,0.713,0.802,0.5855,0.0077,9.55,-1.99712,0.150,0.400,0.000,-0.6210,-0.6740,TRACKING,R+C
1786984420.204,53.5,0.000,0.713,0.794,0.5877,0.0050,5.97,-2.45088,0.150,0.400,0.000,-0.5905,-0.6449,TRACKING,R+C
1786984420.221,53.5,0.000,0.713,0.794,0.5877,0.0040,4.78,-1.96071,0.150,0.400,0.000,-0.5905,-0.6449,TRACKING,prediction
1786984420.245,53.5,0.000,0.718,0.800,0.5964,0.0111,9.71,-2.10767,0.150,0.400,0.000,-0.5970,-0.6508,TRACKING,R+C
1786984420.267,53.5,0.000,0.718,0.806,0.6046,0.0080,10.46,-2.03912,0.150,0.400,0.000,-0.6578,-0.7135,TRACKING,R+C
1786984420.284,53.5,0.000,0.721,0.794,0.6136,0.0038,11.43,-1.96569,0.150,0.400,0.000,-0.7359,-0.7945,TRACKING,R+C
1786984420.300,53.5,0.000,0.726,0.797,0.6222,-0.0009,12.30,-1.87364,0.150,0.400,0.000,-0.8086,-0.8697,TRACKING,R+C
1786984420.325,53.5,0.000,0.726,0.797,0.6222,-0.0007,9.84,-1.49891,0.150,0.400,0.000,-0.8086,-0.8697,TRACKING,prediction
1786984420.354,53.5,0.000,0.726,0.797,0.6222,-0.0006,7.87,-1.19913,0.150,0.400,0.000,-0.8086,-0.8697,TRACKING,prediction
1786984420.377,53.5,0.000,0.726,0.797,0.6222,-0.0005,6.30,-0.95930,0.150,0.400,0.000,-0.8086,-0.8697,TRACKING,prediction
1786984420.394,53.5,0.000,0.726,0.797,0.6222,-0.0004,5.04,-0.76744,0.150,0.400,0.000,-0.8086,-0.8697,TRACKING,prediction
1786984420.411,53.5,0.000,0.726,0.797,0.6222,-0.0003,4.03,-0.61395,0.150,0.400,0.000,-0.8086,-0.8697,TRACKING,prediction
1786984420.424,53.5,0.000,0.723,0.797,0.6254,0.0070,22.52,-0.67621,0.150,0.400,0.000,-0.8994,-0.9584,TRACKING,R+C
1786984420.451,53.5,0.000,0.723,0.797,0.6254,0.0056,18.02,-0.54097,0.150,0.400,0.000,-0.8994,-0.9584,TRACKING,prediction
1786984420.476,53.5,0.000,0.730,0.796,0.6275,0.0080,24.66,-0.39749,0.160,0.400,0.000,-0.8373,-0.8949,TRACKING,R+C
1786984420.492,53.5,0.000,0.731,0.791,0.6293,0.0083,25.55,-0.25816,0.174,0.400,0.000,-0.7436,-0.7999,TRACKING,R+C
1786984420.510,53.5,0.000,0.739,0.795,0.6345,0.0086,26.43,-0.12133,0.188,0.400,0.000,-0.6635,-0.7186,TRACKING,R+C
1786984420.524,54.7,0.000,0.740,0.786,0.6447,0.0074,26.80,-0.03287,0.197,0.400,0.000,-0.8022,-0.8565,TRACKING,R+C
1786984420.538,54.7,0.000,0.737,0.786,0.6596,0.0044,26.59,0.01455,0.199,0.400,0.000,-0.7974,-0.8514,TRACKING,R+C
1786984420.554,54.7,0.000,0.737,0.786,0.6596,0.0035,21.27,0.01164,0.199,0.400,0.000,-0.7974,-0.8514,TRACKING,prediction
1786984420.568,54.7,0.000,0.742,0.778,0.6706,-0.0100,25.83,0.10530,0.189,0.400,0.000,-0.9116,-0.9682,TRACKING,R+C
1786984420.595,54.7,0.000,0.742,0.778,0.6706,-0.0080,20.66,0.08424,0.189,0.400,0.000,-0.9116,-0.9682,TRACKING,prediction
1786984420.610,54.7,0.000,0.742,0.778,0.6706,-0.0064,16.53,0.06739,0.189,0.400,0.000,-0.9116,-0.9682,TRACKING,prediction
1786984420.626,54.7,0.000,0.742,0.778,0.6706,-0.0051,13.22,0.05391,0.189,0.400,0.000,-0.9116,-0.9682,TRACKING,prediction
1786984420.643,54.7,0.000,0.742,0.778,0.6706,-0.0041,10.58,0.04313,0.189,0.400,0.000,-0.9116,-0.9682,TRACKING,prediction
1786984420.664,54.7,0.000,0.742,0.778,0.6706,-0.0033,8.46,0.03450,0.189,0.400,0.000,-0.9116,-0.9682,TRACKING,prediction
1786984420.682,54.7,0.000,0.742,0.778,0.6706,-0.0026,6.77,0.02760,0.189,0.400,0.000,-0.9116,-0.9682,TRACKING,prediction
1786984420.709,54.7,0.000,0.742,0.778,0.6706,-0.0021,5.42,0.02208,0.189,0.400,0.000,-0.9116,-0.9682,TRACKING,prediction
1786984420.724,54.7,0.000,0.742,0.778,0.6706,-0.0017,4.33,0.01767,0.189,0.400,0.000,-0.9116,-0.9682,TRACKING,prediction
1786984420.739,54.7,0.000,0.742,0.778,0.6706,-0.0013,3.47,0.01413,0.189,0.383,0.000,-0.9116,-0.9682,TRACKING,prediction
1786984420.757,54.7,0.000,0.742,0.778,0.6706,-0.0011,2.77,0.01131,0.189,0.364,0.000,-0.9116,-0.9682,TRACKING,prediction
1786984420.786,54.7,0.000,0.742,0.778,0.6706,-0.0009,2.22,0.00905,0.189,0.346,0.000,-0.9116,-0.9682,TRACKING,prediction
1786984420.801,54.7,0.000,0.850,0.783,0.6410,-0.0950,12.81,0.00742,0.199,0.400,0.000,-1.0000,-1.0000,TRACKING,R+C
1786984420.819,54.7,0.000,0.850,0.783,0.6410,-0.0760,10.25,0.00594,0.199,0.400,0.000,-1.0000,-1.0000,TRACKING,prediction
1786984420.834,54.7,0.000,0.850,0.783,0.6410,-0.0608,8.20,0.00475,0.199,0.400,0.000,-1.0000,-1.0000,TRACKING,prediction
1786984420.849,54.7,0.000,0.850,0.783,0.6410,-0.0486,6.56,0.00380,0.199,0.400,0.000,-1.0000,-1.0000,TRACKING,prediction
1786984420.864,54.7,0.000,0.850,0.783,0.6410,-0.0389,5.25,0.00304,0.199,0.400,0.000,-1.0000,-1.0000,TRACKING,prediction
1786984420.878,54.7,0.000,0.807,0.786,0.6100,-0.1011,9.60,-0.04988,0.195,0.400,0.000,-1.0000,-1.0000,TRACKING,R+C
1786984420.894,54.7,0.000,0.809,0.796,0.6018,-0.0977,8.96,-0.02745,0.197,0.400,0.000,-1.0000,-1.0000,TRACKING,R+C
1786984420.914,54.7,0.000,0.809,0.796,0.6018,-0.0782,7.17,-0.02196,0.197,0.400,0.000,-1.0000,-1.0000,TRACKING,prediction
1786984420.934,54.7,0.000,0.796,0.805,0.5868,-0.0894,7.35,-0.06414,0.194,0.400,0.000,-0.9721,-1.0000,TRACKING,R+C
1786984420.947,54.7,0.000,0.793,0.811,0.5804,-0.0845,6.76,-0.07694,0.192,0.400,0.000,-0.9436,-0.9980,TRACKING,R+C
1786984420.962,54.7,0.000,0.799,0.816,0.5726,-0.0794,6.34,-0.07654,0.192,0.400,0.000,-0.9048,-0.9560,TRACKING,R+C
1786984420.978,54.7,0.000,0.779,0.821,0.5639,-0.0768,3.54,-0.32830,0.167,0.400,0.000,-0.9947,-1.0000,TRACKING,R+C
1786984420.997,54.7,0.000,0.779,0.821,0.5639,-0.0615,2.83,-0.26264,0.167,0.400,0.000,-0.9947,-1.0000,TRACKING,prediction
1786984421.012,54.7,0.000,0.779,0.832,0.5465,-0.0654,2.05,-0.39056,0.161,0.400,0.000,-0.9306,-0.9723,TRACKING,R+C
1786984421.028,54.7,0.000,0.754,0.835,0.5369,-0.0610,-0.39,-0.61107,0.150,0.400,0.000,-0.9454,-0.9843,TRACKING,R+C
1786984421.044,54.7,0.000,0.756,0.847,0.5285,-0.0543,-1.06,-0.66422,0.150,0.400,0.000,-0.8680,-0.9033,TRACKING,R+C
1786984421.059,54.7,0.000,0.740,0.842,0.5228,-0.0499,-2.85,-0.84686,0.150,0.400,0.000,-0.7910,-0.8241,TRACKING,R+C
1786984421.072,54.7,0.000,0.691,0.849,0.5135,-0.0526,-9.27,-1.40442,0.150,0.400,0.000,-0.7020,-0.7346,TRACKING,R+C
1786984421.095,54.7,0.000,0.723,0.866,0.5122,-0.0495,-8.35,-1.33781,0.150,0.400,0.000,-0.6821,-0.7137,TRACKING,R+C
1786984421.110,54.7,0.000,0.713,0.857,0.5127,-0.0478,-8.30,-1.39161,0.150,0.400,0.000,-0.6689,-0.7007,TRACKING,R+C
1786984421.128,54.7,0.000,0.722,0.854,0.5117,-0.0465,-8.44,-1.43530,0.150,0.400,0.000,-0.6528,-0.6846,TRACKING,R+C
1786984421.151,54.7,0.000,0.731,0.866,0.5118,-0.0446,-8.79,-1.49796,0.150,0.400,0.000,-0.6246,-0.6561,TRACKING,R+C
1786984421.170,54.7,0.000,0.731,0.862,0.5090,-0.0395,-9.14,-1.56098,0.150,0.400,0.000,-0.5505,-0.5801,TRACKING,R+C
1786984421.184,54.7,0.000,0.741,0.878,0.5059,-0.0350,-10.84,-1.71490,0.150,0.400,0.000,-0.4458,-0.4733,TRACKING,R+C
1786984421.197,54.7,0.000,0.747,0.879,0.5030,-0.0273,-9.80,-1.71313,0.150,0.400,0.000,-0.3628,-0.3884,TRACKING,R+C
1786984421.211,54.7,0.000,0.755,0.880,0.5015,-0.0230,-9.37,-1.77157,0.150,0.400,0.000,-0.3200,-0.3455,TRACKING,R+C
1786984421.228,54.7,0.000,0.765,0.884,0.5040,-0.0194,-8.32,-1.76135,0.150,0.400,0.000,-0.2990,-0.3244,TRACKING,R+C
1786984421.246,54.7,0.000,0.762,0.880,0.5031,-0.0154,-8.02,-1.82553,0.150,0.400,0.000,-0.2562,-0.2815,TRACKING,R+C
1786984421.270,54.7,0.000,0.766,0.879,0.5036,-0.0106,-6.68,-1.78735,0.150,0.400,0.000,-0.2225,-0.2472,TRACKING,R+C
1786984421.282,54.7,0.000,0.765,0.874,0.5034,-0.0091,-7.50,-1.91240,0.150,0.400,0.000,-0.1850,-0.2098,TRACKING,R+C
1786984421.296,54.7,0.000,0.762,0.875,0.5085,-0.0043,-4.47,-1.77349,0.150,0.400,0.000,-0.2039,-0.2294,TRACKING,R+C
1786984421.316,54.7,0.000,0.763,0.880,0.5134,-0.0036,-3.18,-1.76539,0.150,0.400,0.000,-0.2451,-0.2726,TRACKING,R+C
1786984421.329,54.7,0.000,0.764,0.875,0.5193,-0.0017,-1.34,-1.66767,0.150,0.400,0.000,-0.2739,-0.3022,TRACKING,R+C
1786984421.345,54.7,0.000,0.768,0.871,0.5182,0.0005,-0.19,-1.65209,0.150,0.400,0.000,-0.2831,-0.3124,TRACKING,R+C
1786984421.362,54.7,0.000,0.767,0.870,0.5250,0.0026,0.48,-1.66576,0.150,0.400,0.000,-0.2770,-0.3068,TRACKING,R+C
1786984421.378,54.7,0.000,0.770,0.873,0.5289,0.0039,1.00,-1.65841,0.150,0.400,0.000,-0.2759,-0.3060,TRACKING,R+C
1786984421.393,54.7,0.000,0.760,0.869,0.5340,0.0051,2.97,-1.55699,0.150,0.400,0.000,-0.3227,-0.3544,TRACKING,R+C
1786984421.412,54.7,0.000,0.762,0.858,0.5443,0.0034,4.19,-1.51064,0.150,0.400,0.000,-0.3944,-0.4286,TRACKING,R+C
1786984421.427,54.7,0.000,0.768,0.860,0.5458,0.0029,5.61,-1.43264,0.150,0.400,0.000,-0.4482,-0.4842,TRACKING,R+C
1786984421.443,54.7,0.000,0.767,0.858,0.5532,0.0019,6.64,-1.37646,0.150,0.400,0.000,-0.4955,-0.5331,TRACKING,R+C
1786984421.460,54.7,0.000,0.773,0.858,0.5580,0.0038,7.97,-1.28586,0.150,0.400,0.000,-0.5062,-0.5441,TRACKING,R+C
1786984421.476,54.7,0.000,0.766,0.849,0.5522,0.0085,8.86,-1.23617,0.150,0.400,0.000,-0.4613,-0.4980,TRACKING,R+C
1786984421.492,54.7,0.000,0.771,0.859,0.5520,0.0131,10.12,-1.11428,0.150,0.400,0.000,-0.4220,-0.4571,TRACKING,R+C
1786984421.510,54.7,0.000,0.772,0.863,0.5559,0.0154,10.83,-1.07825,0.150,0.400,0.000,-0.4111,-0.4460,TRACKING,R+C
1786984421.525,58.9,0.000,0.769,0.865,0.5528,0.0150,11.44,-1.02117,0.150,0.400,0.000,-0.4330,-0.4684,TRACKING,R+C
1786984421.543,58.9,0.000,0.757,0.860,0.5598,0.0101,9.50,-1.29838,0.150,0.400,0.000,-0.4741,-0.5127,TRACKING,R+C
1786984421.561,58.9,0.000,0.767,0.868,0.5666,0.0030,7.62,-1.49110,0.150,0.400,0.000,-0.5366,-0.5779,TRACKING,R+C
1786984421.574,58.9,0.000,0.774,0.856,0.5765,0.0023,8.36,-1.42970,0.150,0.400,0.000,-0.5661,-0.6083,TRACKING,R+C
1786984421.601,58.9,0.000,0.772,0.861,0.5808,0.0022,9.23,-1.36723,0.150,0.400,0.000,-0.5899,-0.6328,TRACKING,R+C
1786984421.617,58.9,0.000,0.766,0.857,0.5871,0.0008,9.90,-1.32397,0.150,0.400,0.000,-0.6287,-0.6729,TRACKING,R+C
1786984421.633,58.9,0.000,0.761,0.847,0.5935,-0.0029,10.82,-1.28138,0.150,0.400,0.000,-0.7051,-0.7525,TRACKING,R+C
1786984421.648,58.9,0.000,0.761,0.828,0.5958,-0.0102,11.59,-1.20676,0.150,0.400,0.000,-0.8076,-0.8587,TRACKING,R+C
1786984421.664,58.9,0.000,0.758,0.833,0.6159,-0.0199,11.45,-1.22749,0.150,0.400,0.000,-0.9090,-0.9647,TRACKING,R+C
1786984421.687,58.9,0.000,0.756,0.812,0.6255,-0.0281,12.52,-1.16097,0.150,0.400,0.000,-1.0000,-1.0000,TRACKING,R+C
1786984421.715,58.9,0.000,0.761,0.819,0.6359,-0.0374,13.22,-1.09973,0.150,0.400,0.000,-1.0000,-1.0000,TRACKING,R+C
1786984421.730,58.9,0.000,0.761,0.819,0.6359,-0.0299,10.58,-0.87978,0.150,0.400,0.000,-1.0000,-1.0000,TRACKING,prediction
1786984421.757,58.9,0.000,0.761,0.819,0.6359,-0.0239,8.46,-0.70383,0.150,0.400,0.000,-1.0000,-1.0000,TRACKING,prediction
1786984421.783,58.9,0.000,0.761,0.819,0.6359,-0.0192,6.77,-0.56306,0.150,0.400,0.000,-1.0000,-1.0000,TRACKING,prediction
1786984421.803,58.9,0.000,0.761,0.819,0.6359,-0.0153,5.42,-0.45045,0.150,0.400,0.000,-1.0000,-1.0000,TRACKING,prediction
1786984421.817,58.9,0.000,0.808,0.795,0.6594,-0.0658,15.25,-0.73153,0.150,0.400,0.000,-1.0000,-1.0000,TRACKING,R+C
1786984421.834,58.9,0.000,0.808,0.795,0.6594,-0.0526,12.20,-0.58522,0.150,0.400,0.000,-1.0000,-1.0000,TRACKING,prediction
1786984421.861,58.9,0.000,0.808,0.795,0.6594,-0.0421,9.76,-0.46818,0.150,0.400,0.000,-1.0000,-1.0000,TRACKING,prediction
1786984421.886,58.9,0.000,0.817,0.793,0.6567,-0.0688,14.35,-0.69550,0.150,0.400,0.000,-1.0000,-1.0000,TRACKING,R+C
1786984421.901,58.9,0.000,0.817,0.793,0.6567,-0.0550,11.48,-0.55640,0.150,0.400,0.000,-1.0000,-1.0000,TRACKING,prediction
1786984421.921,58.9,0.000,0.817,0.793,0.6567,-0.0440,9.19,-0.44512,0.150,0.400,0.000,-1.0000,-1.0000,TRACKING,prediction
1786984421.935,58.9,0.000,0.817,0.793,0.6567,-0.0352,7.35,-0.35609,0.150,0.400,0.000,-1.0000,-1.0000,TRACKING,prediction
1786984421.947,58.9,0.000,0.813,0.805,0.6358,-0.0638,12.82,-0.76375,0.150,0.400,0.000,-1.0000,-1.0000,TRACKING,R+C
1786984421.962,58.9,0.000,0.823,0.804,0.6322,-0.0639,12.66,-0.73515,0.150,0.400,0.000,-1.0000,-1.0000,TRACKING,R+C
1786984421.978,58.9,0.000,0.834,0.811,0.6322,-0.0659,12.69,-0.72969,0.150,0.400,0.000,-1.0000,-1.0000,TRACKING,R+C
1786984421.998,58.9,0.000,0.834,0.811,0.6322,-0.0527,10.15,-0.58375,0.150,0.400,0.000,-1.0000,-1.0000,TRACKING,prediction
1786984422.027,58.9,0.000,0.834,0.811,0.6322,-0.0421,8.12,-0.46700,0.150,0.400,0.000,-1.0000,-1.0000,TRACKING,prediction
1786984422.040,58.9,0.000,0.834,0.811,0.6322,-0.0337,6.50,-0.37360,0.150,0.400,0.000,-1.0000,-1.0000,TRACKING,prediction
1786984422.067,58.9,0.000,0.834,0.811,0.6322,-0.0270,5.20,-0.29888,0.150,0.400,0.000,-1.0000,-1.0000,TRACKING,prediction
1786984422.081,58.9,0.000,0.845,0.807,0.6452,-0.0997,12.60,-0.56865,0.150,0.400,0.000,-1.0000,-1.0000,TRACKING,R+C
1786984422.097,58.9,0.000,0.844,0.807,0.6445,-0.1019,12.20,-0.58651,0.150,0.400,0.000,-1.0000,-1.0000,TRACKING,R+C
1786984422.121,58.9,0.000,0.844,0.807,0.6445,-0.0815,9.76,-0.46921,0.150,0.400,0.000,-1.0000,-1.0000,TRACKING,prediction
1786984422.135,58.9,0.000,0.844,0.807,0.6445,-0.0652,7.81,-0.37537,0.150,0.400,0.000,-1.0000,-1.0000,TRACKING,prediction
1786984422.152,58.9,0.000,0.844,0.807,0.6445,-0.0521,6.25,-0.30029,0.150,0.400,0.000,-1.0000,-1.0000,TRACKING,prediction
1786984422.167,58.9,0.000,0.844,0.807,0.6445,-0.0417,5.00,-0.24023,0.150,0.400,0.000,-1.0000,-1.0000,TRACKING,prediction
1786984422.183,58.9,0.000,0.844,0.807,0.6445,-0.0334,4.00,-0.19219,0.150,0.400,0.000,-1.0000,-1.0000,TRACKING,prediction
1786984422.197,58.9,0.000,0.844,0.807,0.6445,-0.0267,3.20,-0.15375,0.150,0.400,0.000,-1.0000,-1.0000,TRACKING,prediction
1786984422.210,58.9,0.000,0.890,0.811,0.6282,-0.1266,10.75,-0.46195,0.154,0.400,0.000,-1.0000,-1.0000,TRACKING,R+C
1786984422.229,58.9,0.000,0.890,0.811,0.6282,-0.1013,8.60,-0.36956,0.154,0.400,0.000,-1.0000,-1.0000,TRACKING,prediction
1786984422.255,58.9,0.000,0.890,0.811,0.6282,-0.0810,6.88,-0.29565,0.154,0.400,0.000,-1.0000,-1.0000,TRACKING,prediction
1786984422.270,58.9,0.000,0.890,0.811,0.6282,-0.0648,5.50,-0.23652,0.154,0.400,0.000,-1.0000,-1.0000,TRACKING,prediction
1786984422.287,58.9,0.000,0.890,0.811,0.6282,-0.0518,4.40,-0.18921,0.154,0.400,0.000,-1.0000,-1.0000,TRACKING,prediction
1786984422.303,58.9,0.000,0.890,0.811,0.6282,-0.0415,3.52,-0.15137,0.154,0.400,0.000,-1.0000,-1.0000,TRACKING,prediction
1786984422.330,58.9,0.000,0.890,0.811,0.6282,-0.0332,2.82,-0.12110,0.154,0.400,0.000,-1.0000,-1.0000,TRACKING,prediction
1786984422.347,58.9,0.000,0.890,0.811,0.6282,-0.0265,2.25,-0.09688,0.154,0.400,0.000,-1.0000,-1.0000,TRACKING,prediction
1786984422.371,58.9,0.000,0.890,0.811,0.6282,-0.0212,1.80,-0.07750,0.154,0.400,0.000,-1.0000,-1.0000,TRACKING,prediction
1786984422.394,58.9,0.000,0.890,0.811,0.6282,-0.0170,1.44,-0.06200,0.154,0.400,0.000,-1.0000,-1.0000,TRACKING,prediction
1786984422.411,58.9,0.000,0.890,0.811,0.6282,-0.0136,1.15,-0.04960,0.154,0.400,0.000,-1.0000,-1.0000,TRACKING,prediction
1786984422.425,58.9,0.000,0.904,0.816,0.5882,-0.1440,6.18,-0.59206,0.150,0.400,0.000,-1.0000,-1.0000,TRACKING,R+C
1786984422.441,58.9,0.000,0.904,0.816,0.5882,-0.1152,4.95,-0.47365,0.150,0.400,0.000,-1.0000,-1.0000,TRACKING,prediction
1786984422.460,58.9,0.000,0.892,0.827,0.5832,-0.1366,6.05,-0.54849,0.150,0.400,0.000,-1.0000,-1.0000,TRACKING,R+C
1786984422.478,58.9,0.000,0.892,0.827,0.5832,-0.1093,4.84,-0.43879,0.150,0.400,0.000,-1.0000,-1.0000,TRACKING,prediction
1786984422.495,58.9,0.000,0.892,0.827,0.5832,-0.0875,3.87,-0.35103,0.150,0.400,0.000,-1.0000,-1.0000,TRACKING,prediction
1786984422.525,53.0,0.000,0.892,0.827,0.5832,-0.0700,3.10,-0.28083,0.150,0.400,0.000,-1.0000,-1.0000,TRACKING,prediction
1786984422.545,53.0,0.000,0.892,0.827,0.5832,-0.0560,2.48,-0.22466,0.150,0.400,0.000,-1.0000,-1.0000,TRACKING,prediction
1786984422.560,53.0,0.000,0.916,0.843,0.5673,-0.1203,4.71,-0.47826,0.152,0.400,0.000,-1.0000,-1.0000,TRACKING,R+C
1786984422.578,53.0,0.000,0.906,0.847,0.5633,-0.1181,3.51,-0.57658,0.150,0.400,0.000,-1.0000,-1.0000,TRACKING,R+C
1786984422.595,53.0,0.000,0.889,0.852,0.5563,-0.1147,2.51,-0.67931,0.150,0.400,0.000,-1.0000,-1.0000,TRACKING,R+C
1786984422.607,53.0,0.000,0.891,0.851,0.5537,-0.1121,3.15,-0.57136,0.150,0.400,0.000,-1.0000,-1.0000,TRACKING,R+C
1786984422.624,53.0,0.000,0.897,0.851,0.5516,-0.1112,2.74,-0.61503,0.150,0.400,0.000,-1.0000,-1.0000,TRACKING,R+C
1786984422.649,53.0,0.000,0.903,0.853,0.5505,-0.1118,3.16,-0.53863,0.150,0.400,0.000,-1.0000,-1.0000,TRACKING,R+C
1786984422.662,53.0,0.000,0.903,0.855,0.5502,-0.1136,2.98,-0.55704,0.150,0.400,0.000,-1.0000,-1.0000,TRACKING,R+C
1786984422.687,53.0,0.000,0.904,0.857,0.5495,-0.1149,2.74,-0.58641,0.150,0.400,0.000,-1.0000,-1.0000,TRACKING,R+C
1786984422.710,53.0,0.000,0.911,0.858,0.5451,-0.1162,1.16,-0.70035,0.150,0.400,0.000,-1.0000,-1.0000,TRACKING,R+C
1786984422.725,53.0,0.000,0.900,0.863,0.5449,-0.1132,1.99,-0.61840,0.150,0.400,0.000,-1.0000,-1.0000,TRACKING,R+C
1786984422.739,53.0,0.000,0.893,0.862,0.5419,-0.1114,1.96,-0.61948,0.150,0.400,0.000,-1.0000,-1.0000,TRACKING,R+C
1786984422.765,53.0,0.000,0.886,0.864,0.5412,-0.1126,1.61,-0.63734,0.150,0.400,0.000,-1.0000,-1.0000,TRACKING,R+C
1786984422.781,53.0,0.000,0.878,0.865,0.5432,-0.1137,1.89,-0.60312,0.150,0.400,0.000,-1.0000,-1.0000,TRACKING,R+C
1786984422.795,53.0,0.000,0.884,0.867,0.5444,-0.1146,1.86,-0.59252,0.150,0.400,0.000,-1.0000,-1.0000,TRACKING,R+C
1786984422.810,53.0,0.000,0.864,0.865,0.5437,-0.1154,0.58,-0.73000,0.150,0.400,0.000,-1.0000,-1.0000,TRACKING,R+C
1786984422.829,53.0,0.000,0.878,0.868,0.5433,-0.1137,1.25,-0.64538,0.150,0.400,0.000,-1.0000,-1.0000,TRACKING,R+C
1786984422.852,53.0,0.000,0.874,0.869,0.5428,-0.1144,0.65,-0.66896,0.150,0.400,0.000,-1.0000,-1.0000,TRACKING,R+C
1786984422.868,53.0,0.000,0.862,0.874,0.5423,-0.1150,1.46,-0.59513,0.150,0.400,0.000,-1.0000,-1.0000,TRACKING,R+C
1786984422.895,53.0,0.000,0.864,0.870,0.5422,-0.1172,1.37,-0.60798,0.150,0.400,0.000,-1.0000,-1.0000,TRACKING,R+C
1786984422.921,53.0,0.000,0.867,0.870,0.5443,-0.1188,0.91,-0.64571,0.150,0.400,0.000,-1.0000,-1.0000,TRACKING,R+C
1786984422.934,53.0,0.000,0.878,0.872,0.5423,-0.1173,1.04,-0.62859,0.150,0.400,0.000,-1.0000,-1.0000,TRACKING,R+C
1786984422.947,53.0,0.000,0.874,0.872,0.5377,-0.1132,1.18,-0.59313,0.150,0.400,0.000,-1.0000,-1.0000,TRACKING,R+C
1786984422.960,53.0,0.000,0.882,0.878,0.5349,-0.1076,1.14,-0.58166,0.150,0.400,0.000,-1.0000,-1.0000,TRACKING,R+C
1786984422.982,53.0,0.000,0.878,0.881,0.5266,-0.1011,0.69,-0.61583,0.150,0.400,0.000,-1.0000,-1.0000,TRACKING,R+C
1786984422.995,53.0,0.000,0.868,0.894,0.5243,-0.0951,0.24,-0.63847,0.150,0.400,0.000,-1.0000,-1.0000,TRACKING,R+C
1786984423.006,53.0,0.000,0.861,0.893,0.5188,-0.0877,0.30,-0.63179,0.150,0.400,0.000,-1.0000,-1.0000,TRACKING,R+C
1786984423.021,53.0,0.000,0.855,0.902,0.5138,-0.0812,-0.29,-0.69406,0.150,0.400,0.000,-1.0000,-1.0000,TRACKING,R+C
1786984423.036,53.0,0.000,0.868,0.908,0.5091,-0.0735,0.31,-0.61659,0.150,0.400,0.000,-1.0000,-1.0000,TRACKING,R+C
1786984423.059,53.0,0.000,0.868,0.910,0.5012,-0.0656,0.28,-0.63051,0.150,0.400,0.000,-1.0000,-1.0000,TRACKING,R+C
1786984423.075,53.0,0.000,0.857,0.915,0.4956,-0.0578,0.55,-0.60253,0.150,0.400,0.000,-0.9373,-0.9764,TRACKING,R+C
1786984423.092,53.0,0.660,0.865,0.926,0.4925,-0.0491,0.77,-0.59359,0.150,0.400,0.000,-0.8534,-0.8886,TRACKING,L+C+R_fused
1786984423.108,53.0,0.610,0.859,0.930,0.4583,-0.0418,-0.11,-0.66961,0.150,0.400,0.000,-0.7539,-0.7854,TRACKING,L+C+R_fused
1786984423.122,53.0,0.681,0.852,0.823,0.4978,-0.0332,0.06,-0.64937,0.150,0.400,0.000,-0.6475,-0.6749,TRACKING,L+C+R_fused
1786984423.150,53.0,0.730,0.847,0.734,0.4885,-0.0265,-0.06,-0.67164,0.150,0.400,0.000,-0.5536,-0.5781,TRACKING,L+C+R_fused
1786984423.164,53.0,0.845,0.846,0.634,0.4708,-0.0211,0.04,-0.66460,0.150,0.400,0.000,-0.4754,-0.4974,TRACKING,L+C+R_fused
1786984423.185,53.0,0.878,0.840,0.655,0.4954,-0.0175,0.11,-0.69025,0.150,0.400,0.000,-0.4255,-0.4464,TRACKING,L+C+R_fused
1786984423.202,53.0,0.370,0.846,0.666,0.4047,-0.0168,0.90,-0.62649,0.150,0.400,0.000,-0.4358,-0.4568,TRACKING,L+C+R_fused
1786984423.228,53.0,0.816,0.842,0.344,0.4915,-0.0191,0.48,-0.68266,0.150,0.400,0.000,-0.4642,-0.4864,TRACKING,L+C+R_fused
1786984423.248,53.0,0.956,0.846,0.854,0.5376,-0.0207,0.79,-0.67993,0.150,0.400,0.000,-0.5001,-0.5236,TRACKING,L+C+R_fused
1786984423.264,53.0,0.958,0.851,0.884,0.5305,-0.0232,1.06,-0.66077,0.150,0.400,0.000,-0.5448,-0.5697,TRACKING,L+C+R_fused
1786984423.277,53.0,0.955,0.854,0.853,0.4789,-0.0261,1.28,-0.65712,0.150,0.400,0.000,-0.5938,-0.6204,TRACKING,L+C+R_fused
1786984423.293,53.0,0.000,0.848,0.858,0.5066,-0.0288,1.48,-0.67236,0.150,0.400,0.000,-0.6396,-0.6682,TRACKING,R+C
1786984423.309,53.0,0.000,0.852,0.894,0.5117,-0.0325,1.79,-0.68068,0.150,0.400,0.000,-0.6991,-0.7301,TRACKING,R+C
1786984423.323,53.0,0.000,0.858,0.935,0.5136,-0.0357,2.79,-0.60479,0.150,0.400,0.000,-0.7611,-0.7943,TRACKING,R+C
1786984423.339,53.0,0.000,0.863,0.939,0.5183,-0.0386,3.79,-0.54711,0.150,0.400,0.000,-0.8169,-0.8524,TRACKING,R+C
1786984423.355,53.0,0.000,0.871,0.941,0.5216,-0.0430,3.47,-0.61172,0.150,0.400,0.000,-0.8632,-0.9013,TRACKING,R+C
1786984423.370,53.0,0.000,0.871,0.933,0.5243,-0.0484,3.08,-0.67802,0.150,0.400,0.000,-0.9155,-0.9566,TRACKING,R+C
1786984423.393,53.0,0.000,0.872,0.930,0.5299,-0.0554,2.42,-0.74298,0.150,0.400,0.000,-0.9720,-1.0000,TRACKING,R+C
1786984423.408,53.0,0.000,0.863,0.925,0.5379,-0.0588,4.09,-0.63201,0.150,0.400,0.000,-1.0000,-1.0000,TRACKING,R+C
1786984423.421,53.0,0.000,0.861,0.924,0.5390,-0.0647,4.20,-0.62959,0.150,0.400,0.000,-1.0000,-1.0000,TRACKING,R+C
1786984423.435,53.0,0.000,0.851,0.922,0.5462,-0.0697,4.82,-0.57609,0.150,0.400,0.000,-1.0000,-1.0000,TRACKING,R+C
1786984423.453,53.0,0.000,0.861,0.918,0.5535,-0.0760,4.77,-0.57358,0.150,0.400,0.000,-1.0000,-1.0000,TRACKING,R+C
1786984423.468,53.0,0.000,0.852,0.908,0.5611,-0.0798,6.35,-0.38086,0.162,0.400,0.000,-1.0000,-1.0000,TRACKING,R+C
1786984423.482,53.0,0.000,0.846,0.906,0.5637,-0.0839,6.06,-0.40129,0.160,0.400,0.000,-1.0000,-1.0000,TRACKING,R+C
1786984423.498,53.0,0.000,0.843,0.908,0.5664,-0.0885,3.57,-0.71417,0.150,0.400,0.000,-1.0000,-1.0000,TRACKING,R+C
1786984423.515,53.0,0.000,0.841,0.923,0.5729,-0.0882,4.16,-0.67932,0.150,0.400,0.000,-1.0000,-1.0000,TRACKING,R+C
1786984423.530,57.7,0.000,0.842,0.918,0.5744,-0.0906,4.26,-0.70084,0.150,0.400,0.000,-1.0000,-1.0000,TRACKING,R+C
1786984423.543,57.7,0.000,0.842,0.915,0.5798,-0.0945,4.04,-0.75401,0.150,0.400,0.000,-1.0000,-1.0000,TRACKING,R+C
1786984423.568,57.7,0.000,0.835,0.913,0.5769,-0.1000,3.26,-0.85528,0.150,0.400,0.000,-1.0000,-1.0000,TRACKING,R+C
1786984423.584,57.7,0.000,0.835,0.913,0.5769,-0.0800,2.61,-0.68422,0.150,0.400,0.000,-1.0000,-1.0000,TRACKING,prediction
1786984423.595,57.7,0.000,0.835,0.913,0.5769,-0.0640,2.09,-0.54738,0.150,0.400,0.000,-1.0000,-1.0000,TRACKING,prediction
1786984423.615,57.7,0.000,0.835,0.913,0.5769,-0.0512,1.67,-0.43790,0.150,0.400,0.000,-1.0000,-1.0000,TRACKING,prediction
1786984423.626,57.7,0.000,0.835,0.913,0.5769,-0.0410,1.34,-0.35032,0.150,0.400,0.000,-1.0000,-1.0000,TRACKING,prediction
1786984423.651,57.7,0.000,0.835,0.913,0.5769,-0.0328,1.07,-0.28026,0.150,0.400,0.000,-1.0000,-1.0000,TRACKING,prediction
1786984423.673,57.7,0.000,0.835,0.913,0.5769,-0.0262,0.86,-0.22421,0.150,0.400,0.000,-1.0000,-1.0000,TRACKING,prediction
1786984423.690,57.7,0.000,0.835,0.913,0.5769,-0.0210,0.68,-0.17936,0.150,0.400,0.000,-1.0000,-1.0000,TRACKING,prediction
1786984423.705,57.7,0.000,0.835,0.913,0.5769,-0.0168,0.55,-0.14349,0.150,0.400,0.000,-1.0000,-1.0000,TRACKING,prediction
1786984423.728,57.7,0.000,0.835,0.913,0.5769,-0.0134,0.44,-0.11479,0.150,0.400,0.000,-1.0000,-1.0000,TRACKING,prediction
1786984423.742,57.7,0.000,0.835,0.913,0.5769,-0.0107,0.35,-0.09183,0.150,0.400,0.000,-1.0000,-1.0000,TRACKING,prediction
1786984423.763,57.7,0.000,0.835,0.913,0.5769,-0.0086,0.28,-0.07347,0.150,0.398,0.000,-1.0000,-1.0000,TRACKING,prediction
1786984423.777,57.7,0.000,0.835,0.913,0.5769,-0.0069,0.22,-0.05877,0.150,0.378,0.000,-1.0000,-1.0000,TRACKING,prediction
1786984423.804,57.7,0.000,0.835,0.913,0.5769,-0.0055,0.18,-0.04702,0.150,0.359,0.000,-1.0000,-1.0000,TRACKING,prediction
1786984423.828,57.7,0.000,0.835,0.913,0.5769,-0.0044,0.14,-0.03762,0.150,0.341,0.000,-1.0000,-1.0000,TRACKING,prediction
1786984423.853,57.7,0.000,0.835,0.913,0.5769,-0.0035,0.11,-0.03009,0.150,0.324,0.000,-1.0000,-1.0000,TRACKING,prediction
1786984423.870,57.7,0.000,0.835,0.913,0.5769,-0.0028,0.09,-0.02407,0.150,0.280,0.000,-1.0000,-1.0000,UNCERTAIN,prediction
1786984423.893,57.7,0.000,0.835,0.913,0.5769,-0.0023,0.07,-0.01926,0.150,0.280,0.000,-1.0000,-1.0000,UNCERTAIN,prediction
1786984423.911,57.7,0.000,0.835,0.913,0.5769,-0.0018,0.06,-0.01541,0.150,0.278,0.000,-1.0000,-1.0000,UNCERTAIN,prediction
1786984423.939,57.7,0.000,0.835,0.913,0.5769,-0.0014,0.05,-0.01233,0.150,0.264,0.000,-1.0000,-1.0000,UNCERTAIN,prediction
1786984423.956,57.7,0.000,0.835,0.913,0.5769,-0.0012,0.04,-0.00986,0.150,0.251,0.000,-1.0000,-1.0000,UNCERTAIN,prediction
1786984423.972,57.7,0.000,0.835,0.913,0.5769,-0.0009,0.03,-0.00789,0.150,0.238,0.000,-1.0000,-1.0000,UNCERTAIN,prediction
1786984423.988,57.7,0.000,0.835,0.913,0.5769,-0.0007,0.02,-0.00631,0.150,0.226,0.000,-1.0000,-1.0000,UNCERTAIN,prediction
1786984424.004,57.7,0.000,0.835,0.913,0.5769,-0.0006,0.02,-0.00505,0.150,0.215,0.000,-1.0000,-1.0000,UNCERTAIN,prediction
1786984424.025,57.7,0.000,0.835,0.913,0.5769,-0.0005,0.02,-0.00404,0.150,0.204,0.000,-1.0000,-1.0000,UNCERTAIN,prediction
1786984424.041,57.7,0.000,0.835,0.913,0.5769,-0.0004,0.01,-0.00323,0.150,0.194,0.000,-1.0000,-1.0000,UNCERTAIN,prediction
1786984424.057,57.7,0.000,0.835,0.913,0.5769,-0.0003,0.01,-0.00258,0.150,0.184,0.000,-1.0000,-1.0000,UNCERTAIN,prediction
1786984424.073,57.7,0.000,0.835,0.913,0.5769,-0.0002,0.01,-0.00207,0.150,0.180,0.000,-1.0000,-1.0000,UNCERTAIN,prediction
1786984424.088,57.7,0.000,0.835,0.913,0.5769,-0.0002,0.01,-0.00165,0.150,0.180,0.000,-1.0000,-1.0000,UNCERTAIN,prediction
1786984424.104,57.7,0.000,0.835,0.913,0.5769,-0.0002,0.01,-0.00132,0.150,0.180,0.000,-1.0000,-1.0000,UNCERTAIN,prediction
1786984424.123,57.7,0.000,0.835,0.913,0.5769,-0.0001,0.00,-0.00106,0.150,0.180,0.000,-1.0000,-1.0000,UNCERTAIN,prediction
1786984424.138,57.7,0.000,0.835,0.913,0.5769,-0.0001,0.00,-0.00085,0.150,0.180,0.000,-1.0000,-1.0000,UNCERTAIN,prediction
1786984424.150,57.7,0.000,0.835,0.913,0.5769,-0.0001,0.00,-0.00068,0.150,0.180,0.000,-1.0000,-1.0000,UNCERTAIN,prediction
1786984424.172,57.7,0.000,0.835,0.913,0.5769,-0.0001,0.00,-0.00054,0.150,0.180,0.000,-1.0000,-1.0000,UNCERTAIN,prediction
1786984424.187,57.7,0.000,0.835,0.913,0.5769,-0.0001,0.00,-0.00043,0.150,0.180,0.000,-1.0000,-1.0000,UNCERTAIN,prediction
1786984424.199,57.7,0.000,0.804,0.843,0.6269,-0.1030,5.21,-1.57530,0.150,0.400,0.000,-1.0000,-1.0000,TRACKING,R+C
1786984424.212,57.7,0.000,0.804,0.843,0.6269,-0.0824,4.17,-1.26024,0.150,0.400,0.000,-1.0000,-1.0000,TRACKING,prediction
1786984424.234,57.7,0.000,0.804,0.843,0.6269,-0.0660,3.33,-1.00819,0.150,0.400,0.000,-1.0000,-1.0000,TRACKING,prediction
1786984424.254,57.7,0.000,0.804,0.843,0.6269,-0.0528,2.67,-0.80656,0.150,0.400,0.000,-1.0000,-1.0000,TRACKING,prediction
1786984424.270,57.7,0.000,0.804,0.843,0.6269,-0.0422,2.13,-0.64524,0.150,0.400,0.000,-1.0000,-1.0000,TRACKING,prediction
1786984424.288,57.7,0.000,0.823,0.813,0.6605,-0.1259,11.52,-0.94054,0.150,0.400,0.000,-1.0000,-1.0000,TRACKING,R+C
1786984424.305,57.7,0.000,0.823,0.813,0.6605,-0.1007,9.22,-0.75243,0.150,0.400,0.000,-1.0000,-1.0000,TRACKING,prediction
1786984424.321,57.7,0.845,0.802,0.000,0.6672,0.2277,15.10,-2.04904,0.150,0.400,0.000,1.0000,0.0352,TRACKING,L+C
1786984424.335,57.7,0.000,0.844,0.800,0.6669,-0.1432,14.61,-0.50950,0.150,0.400,0.000,-1.0000,-1.0000,TRACKING,R+C
1786984424.361,57.7,0.000,0.844,0.800,0.6669,-0.1146,11.69,-0.40760,0.150,0.400,0.000,-1.0000,-1.0000,TRACKING,prediction
1786984424.381,57.7,0.000,0.852,0.705,0.6619,-0.1456,14.90,-0.39836,0.160,0.400,0.000,-1.0000,-1.0000,TRACKING,R+C
1786984424.394,57.7,0.000,0.852,0.699,0.6609,-0.1459,16.08,-0.19207,0.181,0.400,0.000,-1.0000,-1.0000,TRACKING,R+C
1786984424.413,57.7,0.000,0.852,0.699,0.6609,-0.1167,12.86,-0.15365,0.181,0.400,0.000,-1.0000,-1.0000,TRACKING,prediction
1786984424.438,57.7,0.000,0.852,0.699,0.6609,-0.0934,10.29,-0.12292,0.181,0.400,0.000,-1.0000,-1.0000,TRACKING,prediction
1786984424.457,57.7,0.000,0.852,0.699,0.6609,-0.0747,8.23,-0.09834,0.181,0.400,0.000,-1.0000,-1.0000,TRACKING,prediction
1786984424.474,57.7,0.000,0.852,0.699,0.6609,-0.0598,6.59,-0.07867,0.181,0.400,0.000,-1.0000,-1.0000,TRACKING,prediction
1786984424.488,57.7,0.000,0.852,0.699,0.6609,-0.0478,5.27,-0.06294,0.181,0.400,0.000,-1.0000,-1.0000,TRACKING,prediction
1786984424.505,57.7,0.000,0.852,0.699,0.6609,-0.0382,4.21,-0.05035,0.181,0.400,0.000,-1.0000,-1.0000,TRACKING,prediction
1786984424.520,57.7,0.000,0.852,0.699,0.6609,-0.0306,3.37,-0.04028,0.181,0.400,0.000,-1.0000,-1.0000,TRACKING,prediction
1786984424.536,55.7,0.000,0.852,0.699,0.6609,-0.0245,2.70,-0.03222,0.181,0.400,0.000,-1.0000,-1.0000,TRACKING,prediction
1786984424.554,55.7,0.000,0.852,0.699,0.6609,-0.0196,2.16,-0.02578,0.181,0.391,0.000,-1.0000,-1.0000,TRACKING,prediction
1786984424.581,55.7,0.000,0.852,0.699,0.6609,-0.0157,1.73,-0.02062,0.181,0.371,0.000,-1.0000,-1.0000,TRACKING,prediction
1786984424.611,55.7,0.000,0.852,0.699,0.6609,-0.0125,1.38,-0.01650,0.181,0.353,0.000,-1.0000,-1.0000,TRACKING,prediction
1786984424.638,55.7,0.000,0.852,0.699,0.6609,-0.0100,1.10,-0.01320,0.181,0.335,0.000,-1.0000,-1.0000,TRACKING,prediction
1786984424.654,55.7,0.000,0.852,0.699,0.6609,-0.0080,0.88,-0.01056,0.181,0.280,0.000,-1.0000,-1.0000,UNCERTAIN,prediction
1786984424.669,55.7,0.000,0.852,0.699,0.6609,-0.0064,0.71,-0.00845,0.181,0.280,0.000,-1.0000,-1.0000,UNCERTAIN,prediction
1786984424.686,55.7,0.000,0.852,0.699,0.6609,-0.0051,0.57,-0.00676,0.181,0.280,0.000,-1.0000,-1.0000,UNCERTAIN,prediction
1786984424.708,55.7,0.000,0.852,0.699,0.6609,-0.0041,0.45,-0.00541,0.181,0.273,0.000,-1.0000,-1.0000,UNCERTAIN,prediction
1786984424.725,55.7,0.000,0.852,0.699,0.6609,-0.0033,0.36,-0.00433,0.181,0.259,0.000,-1.0000,-1.0000,UNCERTAIN,prediction
1786984424.752,55.7,0.865,0.652,0.000,0.6667,0.1737,0.14,-1.60641,0.150,0.400,0.000,1.0000,0.0522,TRACKING,L+C
1786984424.771,55.7,0.865,0.652,0.000,0.6667,0.1390,0.11,-1.28513,0.150,0.400,0.000,1.0000,1.0000,TRACKING,prediction
1786984424.796,55.7,0.865,0.652,0.000,0.6667,0.1112,0.09,-1.02810,0.150,0.400,0.000,1.0000,1.0000,TRACKING,prediction
1786984424.818,55.7,0.854,0.641,0.000,0.6371,0.1812,4.55,-1.04057,0.150,0.400,0.000,1.0000,1.0000,TRACKING,L+C
1786984424.840,55.7,0.854,0.641,0.000,0.6371,0.1450,3.64,-0.83246,0.150,0.400,0.000,1.0000,1.0000,TRACKING,prediction
1786984424.864,55.7,0.000,0.788,0.634,0.6056,-0.1565,-1.74,-0.28505,0.171,0.400,0.000,-1.0000,-0.0751,TRACKING,R+C
1786984424.879,55.7,0.000,0.786,0.618,0.6063,-0.1514,-2.13,-0.26868,0.173,0.400,0.000,-1.0000,-1.0000,TRACKING,R+C
1786984424.901,55.7,0.000,0.801,0.615,0.6051,-0.1450,-1.60,-0.16056,0.184,0.400,0.000,-1.0000,-1.0000,TRACKING,R+C
1786984424.920,55.7,0.000,0.766,0.615,0.5923,-0.1428,-4.80,-0.41315,0.159,0.400,0.000,-1.0000,-1.0000,TRACKING,R+C
1786984424.936,55.7,0.000,0.758,0.616,0.5857,-0.1408,-6.40,-0.50513,0.150,0.400,0.000,-1.0000,-1.0000,TRACKING,R+C
1786984424.957,55.7,0.000,0.753,0.617,0.5845,-0.1362,-6.02,-0.48036,0.152,0.400,0.000,-1.0000,-1.0000,TRACKING,R+C
1786984424.986,55.7,0.000,0.754,0.616,0.5813,-0.1353,-6.57,-0.51515,0.150,0.400,0.000,-1.0000,-1.0000,TRACKING,R+C
1786984425.001,55.7,0.000,0.720,0.615,0.5749,-0.1388,-9.42,-0.76672,0.150,0.400,0.000,-1.0000,-1.0000,TRACKING,R+C
1786984425.027,55.7,0.000,0.713,0.615,0.5793,-0.1412,-10.28,-0.82755,0.150,0.400,0.000,-1.0000,-1.0000,TRACKING,R+C
1786984425.047,55.7,0.000,0.733,0.616,0.5809,-0.1399,-9.88,-0.78181,0.150,0.400,0.000,-1.0000,-1.0000,TRACKING,R+C
1786984425.061,55.7,0.000,0.725,0.618,0.5749,-0.1385,-11.87,-0.91303,0.150,0.400,0.000,-1.0000,-1.0000,TRACKING,R+C
1786984425.081,55.7,0.000,0.718,0.617,0.5691,-0.1288,-11.54,-0.92587,0.150,0.400,0.000,-1.0000,-1.0000,TRACKING,R+C
1786984425.102,55.7,0.000,0.706,0.619,0.5604,-0.1205,-12.46,-0.99450,0.150,0.400,0.000,-1.0000,-1.0000,TRACKING,R+C
1786984425.123,55.7,0.688,0.707,0.626,0.4746,-0.1116,-13.21,-1.04764,0.150,0.400,0.000,-1.0000,-1.0000,TRACKING,L+C+R_fused
1786984425.139,55.7,0.925,0.702,0.636,0.5067,-0.1029,-14.56,-1.15720,0.150,0.400,0.000,-1.0000,-1.0000,TRACKING,L+C+R_fused
1786984425.153,55.7,0.934,0.705,0.620,0.5325,-0.0948,-15.51,-1.23675,0.150,0.400,0.000,-0.9716,-1.0000,TRACKING,L+C+R_fused
1786984425.174,55.7,0.931,0.710,0.624,0.5222,-0.0910,-17.61,-1.37491,0.150,0.400,0.000,-0.9006,-0.9362,TRACKING,L+C+R_fused
1786984425.203,55.7,0.932,0.722,0.644,0.5274,-0.0815,-15.31,-1.29860,0.150,0.400,0.000,-0.8519,-0.8853,TRACKING,L+C+R_fused
1786984425.218,55.7,0.933,0.723,0.649,0.5195,-0.0771,-15.98,-1.40946,0.150,0.400,0.000,-0.7995,-0.8320,TRACKING,L+C+R_fused
1786984425.234,55.7,0.936,0.710,0.654,0.5054,-0.0717,-17.22,-1.56093,0.150,0.400,0.000,-0.7204,-0.7514,TRACKING,L+C+R_fused
1786984425.255,55.7,0.928,0.712,0.673,0.5164,-0.0620,-16.95,-1.58306,0.150,0.400,0.000,-0.6036,-0.6309,TRACKING,L+C+R_fused
1786984425.278,55.7,0.928,0.722,0.658,0.5065,-0.0504,-16.67,-1.62991,0.150,0.400,0.000,-0.4509,-0.4743,TRACKING,L+C+R_fused
1786984425.297,55.7,0.934,0.730,0.649,0.5057,-0.0386,-15.61,-1.63200,0.150,0.400,0.000,-0.3025,-0.3221,TRACKING,L+C+R_fused
1786984425.313,55.7,0.932,0.739,0.482,0.5062,-0.0282,-14.51,-1.64105,0.150,0.400,0.000,-0.1714,-0.1881,TRACKING,L+C+R_fused
1786984425.329,55.7,0.932,0.742,0.700,0.5087,-0.0210,-13.29,-1.65224,0.150,0.400,0.000,-0.0980,-0.1136,TRACKING,L+C+R_fused
1786984425.344,55.7,0.932,0.756,0.735,0.5198,-0.0154,-11.33,-1.59473,0.150,0.400,0.000,-0.0723,-0.0875,TRACKING,L+C+R_fused
1786984425.360,55.7,0.940,0.746,0.717,0.5112,-0.0121,-10.73,-1.63140,0.150,0.400,0.000,-0.0461,-0.0614,TRACKING,L+C+R_fused
1786984425.381,55.7,0.938,0.751,0.688,0.5243,-0.0061,-9.40,-1.61417,0.150,0.400,0.000,0.0062,-0.0083,TRACKING,L+C+R_fused
1786984425.397,55.7,0.935,0.752,0.707,0.5177,0.0008,-7.86,-1.59364,0.150,0.400,0.000,0.0656,0.0519,TRACKING,L+C+R_fused
1786984425.411,55.7,0.935,0.757,0.697,0.5291,0.0066,-6.20,-1.55475,0.150,0.400,0.000,0.1032,0.0899,TRACKING,L+C+R_fused
1786984425.436,55.7,0.935,0.747,0.702,0.5217,0.0072,-6.26,-1.65896,0.150,0.400,0.000,0.0966,0.0819,TRACKING,L+C+R_fused
1786984425.457,55.7,0.754,0.742,0.709,0.5030,0.0070,-5.41,-1.69738,0.150,0.400,0.000,0.0499,0.0328,TRACKING,L+C+R_fused
1786984425.471,55.7,0.000,0.747,0.744,0.5605,0.0064,-4.34,-1.71101,0.150,0.400,0.000,-0.0102,-0.0298,TRACKING,R+C
1786984425.485,55.7,0.000,0.752,0.913,0.4970,0.0050,-2.85,-1.64325,0.150,0.400,0.000,-0.0883,-0.1102,TRACKING,R+C
1786984425.503,55.7,0.000,0.748,0.837,0.6151,0.0047,-0.73,-1.54445,0.150,0.400,0.000,-0.1677,-0.1919,TRACKING,R+C
1786984425.519,55.7,0.000,0.751,0.734,0.5828,0.0036,0.60,-1.49822,0.150,0.400,0.000,-0.2369,-0.2635,TRACKING,R+C
1786984425.536,51.0,0.000,0.750,0.901,0.5209,0.0017,1.91,-1.44528,0.150,0.400,0.000,-0.3158,-0.3449,TRACKING,R+C
1786984425.552,51.0,0.000,0.752,0.902,0.5296,-0.0007,3.26,-1.37570,0.150,0.400,0.000,-0.3987,-0.4304,TRACKING,R+C
1786984425.567,51.0,0.000,0.745,0.901,0.5364,-0.0046,3.14,-1.46063,0.150,0.400,0.000,-0.4701,-0.5049,TRACKING,R+C
1786984425.580,51.0,0.000,0.759,0.894,0.5446,-0.0076,4.09,-1.39110,0.150,0.400,0.000,-0.5407,-0.5777,TRACKING,R+C
1786984425.595,51.0,0.000,0.750,0.890,0.5509,-0.0091,4.64,-1.41726,0.150,0.400,0.000,-0.5860,-0.6252,TRACKING,R+C
1786984425.611,51.0,0.000,0.758,0.890,0.5591,-0.0086,6.42,-1.26960,0.150,0.400,0.000,-0.6220,-0.6621,TRACKING,R+C
1786984425.627,51.0,0.000,0.756,0.879,0.5583,-0.0064,6.93,-1.26511,0.150,0.400,0.000,-0.6094,-0.6495,TRACKING,R+C
1786984425.643,51.0,0.000,0.754,0.871,0.5560,-0.0035,6.22,-1.39084,0.150,0.400,0.000,-0.5604,-0.5999,TRACKING,R+C
1786984425.658,51.0,0.000,0.750,0.862,0.5429,0.0000,7.10,-1.31643,0.150,0.400,0.000,-0.5319,-0.5702,TRACKING,R+C
1786984425.674,51.0,0.000,0.753,0.866,0.5393,0.0005,6.92,-1.35486,0.150,0.400,0.000,-0.5236,-0.5620,TRACKING,R+C
1786984425.689,51.0,0.000,0.747,0.873,0.5531,-0.0010,8.23,-1.26506,0.150,0.400,0.000,-0.5832,-0.6236,TRACKING,R+C
1786984425.704,51.0,0.000,0.755,0.868,0.5665,-0.0039,9.19,-1.19033,0.150,0.400,0.000,-0.6474,-0.6898,TRACKING,R+C
1786984425.719,51.0,0.000,0.753,0.864,0.5657,-0.0061,9.97,-1.10992,0.150,0.400,0.000,-0.6917,-0.7353,TRACKING,R+C
1786984425.736,51.0,0.000,0.759,0.861,0.5700,-0.0065,9.92,-1.13045,0.150,0.400,0.000,-0.6987,-0.7429,TRACKING,R+C
1786984425.753,51.0,0.000,0.761,0.864,0.5693,-0.0058,10.26,-1.09604,0.150,0.400,0.000,-0.6962,-0.7400,TRACKING,R+C
1786984425.776,51.0,0.000,0.764,0.877,0.5711,-0.0070,10.19,-1.10276,0.150,0.400,0.000,-0.7096,-0.7540,TRACKING,R+C
1786984425.793,51.0,0.000,0.764,0.877,0.5711,-0.0056,8.15,-0.88221,0.150,0.400,0.000,-0.7096,-0.7540,TRACKING,prediction
1786984425.808,51.0,0.000,0.764,0.877,0.5711,-0.0045,6.52,-0.70577,0.150,0.400,0.000,-0.7096,-0.7540,TRACKING,prediction
1786984425.823,51.0,0.000,0.764,0.877,0.5711,-0.0036,5.22,-0.56461,0.150,0.400,0.000,-0.7096,-0.7540,TRACKING,prediction
1786984425.839,51.0,0.000,0.764,0.877,0.5711,-0.0028,4.17,-0.45169,0.150,0.400,0.000,-0.7096,-0.7540,TRACKING,prediction
1786984425.854,51.0,0.000,0.764,0.877,0.5711,-0.0023,3.34,-0.36135,0.150,0.400,0.000,-0.7096,-0.7540,TRACKING,prediction
1786984425.869,51.0,0.000,0.764,0.877,0.5711,-0.0018,2.67,-0.28908,0.150,0.400,0.000,-0.7096,-0.7540,TRACKING,prediction
1786984425.895,51.0,0.000,0.764,0.877,0.5711,-0.0015,2.14,-0.23127,0.150,0.400,0.000,-0.7096,-0.7540,TRACKING,prediction
1786984425.911,51.0,0.000,0.764,0.877,0.5711,-0.0012,1.71,-0.18501,0.150,0.400,0.000,-0.7096,-0.7540,TRACKING,prediction
1786984425.937,51.0,0.000,0.764,0.877,0.5711,-0.0009,1.37,-0.14801,0.150,0.400,0.000,-0.7096,-0.7540,TRACKING,prediction
1786984425.953,51.0,0.000,0.764,0.877,0.5711,-0.0007,1.09,-0.11841,0.150,0.393,0.000,-0.7096,-0.7540,TRACKING,prediction
1786984425.977,51.0,0.000,0.764,0.877,0.5711,-0.0006,0.88,-0.09473,0.150,0.373,0.000,-0.7096,-0.7540,TRACKING,prediction
1786984426.001,51.0,0.000,0.764,0.877,0.5711,-0.0005,0.70,-0.07578,0.150,0.355,0.000,-0.7096,-0.7540,TRACKING,prediction
1786984426.016,51.0,0.000,0.764,0.877,0.5711,-0.0004,0.56,-0.06062,0.150,0.337,0.000,-0.7096,-0.7540,TRACKING,prediction
1786984426.032,51.0,0.000,0.764,0.877,0.5711,-0.0003,0.45,-0.04850,0.150,0.320,0.000,-0.7096,-0.7540,TRACKING,prediction
1786984426.044,51.0,0.000,0.777,0.839,0.5938,-0.0379,11.65,-0.81730,0.150,0.400,0.000,-1.0000,-1.0000,TRACKING,R+C
1786984426.062,51.0,0.000,0.777,0.839,0.5938,-0.0303,9.32,-0.65384,0.150,0.400,0.000,-1.0000,-1.0000,TRACKING,prediction
1786984426.086,51.0,0.000,0.750,0.852,0.5988,-0.0497,11.44,-0.81089,0.150,0.400,0.000,-1.0000,-1.0000,TRACKING,R+C
1786984426.102,51.0,0.000,0.734,0.841,0.6033,-0.0575,11.29,-0.76542,0.150,0.400,0.000,-1.0000,-1.0000,TRACKING,R+C
1786984426.116,51.0,0.000,0.734,0.841,0.6033,-0.0460,9.03,-0.61234,0.150,0.400,0.000,-1.0000,-1.0000,TRACKING,prediction
1786984426.132,51.0,0.000,0.734,0.841,0.6033,-0.0368,7.23,-0.48987,0.150,0.400,0.000,-1.0000,-1.0000,TRACKING,prediction
1786984426.149,51.0,0.000,0.734,0.841,0.6033,-0.0294,5.78,-0.39190,0.150,0.400,0.000,-1.0000,-1.0000,TRACKING,prediction
1786984426.171,51.0,0.000,0.734,0.841,0.6033,-0.0235,4.62,-0.31352,0.150,0.400,0.000,-1.0000,-1.0000,TRACKING,prediction
1786984426.187,51.0,0.000,0.734,0.841,0.6033,-0.0188,3.70,-0.25081,0.150,0.400,0.000,-1.0000,-1.0000,TRACKING,prediction
1786984426.203,51.0,0.000,0.734,0.841,0.6033,-0.0151,2.96,-0.20065,0.150,0.400,0.000,-1.0000,-1.0000,TRACKING,prediction
1786984426.220,51.0,0.000,0.734,0.841,0.6033,-0.0121,2.37,-0.16052,0.150,0.400,0.000,-1.0000,-1.0000,TRACKING,prediction
1786984426.233,51.0,0.000,0.808,0.847,0.5942,-0.0709,9.63,-0.76007,0.150,0.400,0.000,-1.0000,-1.0000,TRACKING,R+C
1786984426.248,51.0,0.000,0.808,0.847,0.5942,-0.0567,7.71,-0.60806,0.150,0.400,0.000,-1.0000,-1.0000,TRACKING,prediction
1786984426.261,51.0,0.000,0.814,0.837,0.5837,-0.0657,8.88,-0.77881,0.150,0.400,0.000,-1.0000,-1.0000,TRACKING,R+C
1786984426.275,51.0,0.000,0.814,0.837,0.5837,-0.0525,7.10,-0.62305,0.150,0.400,0.000,-1.0000,-1.0000,TRACKING,prediction
1786984426.303,51.0,0.000,0.824,0.847,0.5760,-0.0610,8.76,-0.72090,0.150,0.400,0.000,-1.0000,-1.0000,TRACKING,R+C
1786984426.318,51.0,0.000,0.832,0.849,0.5747,-0.0608,8.77,-0.69491,0.150,0.400,0.000,-1.0000,-1.0000,TRACKING,R+C
1786984426.336,51.0,0.000,0.837,0.860,0.5734,-0.0627,8.71,-0.67172,0.150,0.400,0.000,-1.0000,-1.0000,TRACKING,R+C
1786984426.358,51.0,0.000,0.834,0.861,0.5718,-0.0640,8.91,-0.63609,0.150,0.400,0.000,-1.0000,-1.0000,TRACKING,R+C
1786984426.373,51.0,0.000,0.834,0.861,0.5718,-0.0512,7.13,-0.50887,0.150,0.400,0.000,-1.0000,-1.0000,TRACKING,prediction
1786984426.387,51.0,0.000,0.831,0.856,0.5715,-0.0675,8.43,-0.64943,0.150,0.400,0.000,-1.0000,-1.0000,TRACKING,R+C
1786984426.403,51.0,0.000,0.833,0.855,0.5702,-0.0698,8.39,-0.62888,0.150,0.400,0.000,-1.0000,-1.0000,TRACKING,R+C
1786984426.420,51.0,0.000,0.833,0.858,0.5742,-0.0744,8.48,-0.59490,0.150,0.400,0.000,-1.0000,-1.0000,TRACKING,R+C
1786984426.442,51.0,0.000,0.832,0.855,0.5700,-0.0794,7.85,-0.64547,0.150,0.400,0.000,-1.0000,-1.0000,TRACKING,R+C
1786984426.455,51.0,0.000,0.841,0.848,0.5702,-0.0839,7.51,-0.64189,0.150,0.400,0.000,-1.0000,-1.0000,TRACKING,R+C
1786984426.485,51.0,0.000,0.830,0.850,0.5687,-0.0855,6.29,-0.76051,0.150,0.400,0.000,-1.0000,-1.0000,TRACKING,R+C
1786984426.499,51.0,0.000,0.833,0.854,0.5705,-0.0823,7.08,-0.65032,0.150,0.400,0.000,-1.0000,-1.0000,TRACKING,R+C
1786984426.515,51.0,0.000,0.828,0.850,0.5658,-0.0787,7.05,-0.62573,0.150,0.400,0.000,-1.0000,-1.0000,TRACKING,R+C
1786984426.532,51.0,0.000,0.821,0.857,0.5619,-0.0756,6.02,-0.70071,0.150,0.400,0.000,-1.0000,-1.0000,TRACKING,R+C
1786984426.545,58.5,0.000,0.823,0.876,0.5575,-0.0721,5.66,-0.71335,0.150,0.400,0.000,-1.0000,-1.0000,TRACKING,R+C
1786984426.557,58.5,0.000,0.822,0.880,0.5514,-0.0680,5.26,-0.72415,0.150,0.400,0.000,-1.0000,-1.0000,TRACKING,R+C
1786984426.573,58.5,0.000,0.815,0.891,0.5494,-0.0648,4.29,-0.77623,0.150,0.400,0.000,-1.0000,-1.0000,TRACKING,R+C
1786984426.588,58.5,0.000,0.814,0.891,0.5426,-0.0606,3.78,-0.77847,0.150,0.400,0.000,-1.0000,-1.0000,TRACKING,R+C
1786984426.605,58.5,0.000,0.812,0.898,0.5359,-0.0525,5.05,-0.65714,0.150,0.400,0.000,-0.9977,-1.0000,TRACKING,R+C
1786984426.628,58.5,0.000,0.805,0.905,0.5304,-0.0474,3.91,-0.73828,0.150,0.400,0.000,-0.9327,-0.9760,TRACKING,R+C
1786984426.643,58.5,0.000,0.810,0.904,0.5264,-0.0422,3.84,-0.73680,0.150,0.400,0.000,-0.8781,-0.9189,TRACKING,R+C
1786984426.657,58.5,0.000,0.820,0.913,0.5267,-0.0384,3.88,-0.71364,0.150,0.400,0.000,-0.8365,-0.8752,TRACKING,R+C
1786984426.673,58.5,0.000,0.822,0.895,0.5305,-0.0379,3.96,-0.70342,0.150,0.400,0.000,-0.8322,-0.8705,TRACKING,R+C
1786984426.689,58.5,0.000,0.822,0.895,0.5305,-0.0303,3.17,-0.56274,0.150,0.400,0.000,-0.8322,-0.8705,TRACKING,prediction
1786984426.714,58.5,0.000,0.822,0.895,0.5305,-0.0243,2.53,-0.45019,0.150,0.400,0.000,-0.8322,-0.8705,TRACKING,prediction
1786984426.729,58.5,0.000,0.822,0.895,0.5305,-0.0194,2.03,-0.36015,0.150,0.400,0.000,-0.8322,-0.8705,TRACKING,prediction
1786984426.747,58.5,0.000,0.811,0.912,0.5300,-0.0336,3.73,-0.71885,0.150,0.400,0.000,-0.7783,-0.8144,TRACKING,R+C
1786984426.764,58.5,0.952,0.813,0.907,0.5192,-0.0291,4.12,-0.67099,0.150,0.400,0.000,-0.7296,-0.7635,TRACKING,L+C+R_fused
1786984426.781,58.5,0.948,0.813,0.911,0.5153,-0.0256,4.22,-0.65949,0.150,0.400,0.000,-0.6878,-0.7201,TRACKING,L+C+R_fused
1786984426.806,58.5,0.950,0.816,0.909,0.5135,-0.0254,4.47,-0.63576,0.150,0.400,0.000,-0.6896,-0.7219,TRACKING,L+C+R_fused
1786984426.820,58.5,0.936,0.817,0.908,0.5388,-0.0264,4.78,-0.60907,0.150,0.400,0.000,-0.7092,-0.7421,TRACKING,L+C+R_fused
1786984426.839,58.5,0.934,0.817,0.900,0.5599,-0.0266,4.69,-0.62549,0.150,0.400,0.000,-0.7110,-0.7442,TRACKING,L+C+R_fused
1786984426.855,58.5,0.951,0.806,0.893,0.5686,-0.0241,4.17,-0.67772,0.150,0.400,0.000,-0.6690,-0.7008,TRACKING,L+C+R_fused
1786984426.870,58.5,0.962,0.799,0.900,0.5320,-0.0179,4.32,-0.66054,0.150,0.400,0.000,-0.5867,-0.6156,TRACKING,L+C+R_fused
1786984426.896,58.5,0.949,0.804,0.903,0.5285,-0.0119,3.18,-0.74564,0.150,0.400,0.000,-0.4691,-0.4944,TRACKING,L+C+R_fused
1786984426.910,58.5,0.947,0.804,0.909,0.5212,-0.0048,3.72,-0.70903,0.150,0.400,0.000,-0.3718,-0.3943,TRACKING,L+C+R_fused
1786984426.938,58.5,0.948,0.810,0.910,0.5173,-0.0002,4.26,-0.67073,0.150,0.400,0.000,-0.3127,-0.3334,TRACKING,L+C+R_fused
1786984426.963,58.5,0.948,0.816,0.913,0.5065,0.0006,4.39,-0.66260,0.150,0.400,0.000,-0.3031,-0.3235,TRACKING,L+C+R_fused
1786984426.979,58.5,0.950,0.811,0.914,0.5094,-0.0002,3.61,-0.77271,0.150,0.400,0.000,-0.3015,-0.3228,TRACKING,L+C+R_fused
1786984427.007,58.5,0.949,0.805,0.904,0.5070,-0.0001,3.72,-0.78590,0.150,0.400,0.000,-0.3067,-0.3284,TRACKING,L+C+R_fused
1786984427.023,58.5,0.947,0.810,0.903,0.5051,0.0024,3.78,-0.79815,0.150,0.400,0.000,-0.2703,-0.2911,TRACKING,L+C+R_fused
1786984427.039,58.5,0.949,0.810,0.903,0.4984,0.0059,4.07,-0.77868,0.150,0.400,0.000,-0.2189,-0.2383,TRACKING,L+C+R_fused
1786984427.054,58.5,0.951,0.815,0.895,0.4931,0.0079,3.79,-0.81996,0.150,0.400,0.000,-0.1804,-0.1991,TRACKING,L+C+R_fused
1786984427.070,58.5,0.952,0.813,0.906,0.4897,0.0080,4.01,-0.83407,0.150,0.400,0.000,-0.1908,-0.2101,TRACKING,L+C+R_fused
1786984427.089,58.5,0.952,0.806,0.915,0.4936,0.0050,3.66,-0.89613,0.150,0.400,0.000,-0.2378,-0.2589,TRACKING,L+C+R_fused
1786984427.104,58.5,0.952,0.811,0.908,0.4936,0.0026,4.41,-0.85506,0.150,0.400,0.000,-0.3049,-0.3280,TRACKING,L+C+R_fused
1786984427.123,58.5,0.958,0.801,0.900,0.4842,-0.0009,3.20,-1.01902,0.150,0.400,0.000,-0.3391,-0.3643,TRACKING,L+C+R_fused
1786984427.139,58.5,0.954,0.812,0.904,0.4868,0.0004,4.79,-0.85953,0.150,0.400,0.000,-0.3566,-0.3815,TRACKING,L+C+R_fused
1786984427.154,58.5,0.952,0.815,0.899,0.4885,0.0008,4.42,-0.89446,0.150,0.400,0.000,-0.3404,-0.3651,TRACKING,L+C+R_fused
1786984427.173,58.5,0.957,0.814,0.892,0.4931,0.0009,4.15,-0.91135,0.150,0.400,0.000,-0.3315,-0.3558,TRACKING,L+C+R_fused
1786984427.187,58.5,0.956,0.795,0.903,0.4901,-0.0015,3.35,-1.02202,0.150,0.400,0.000,-0.3554,-0.3812,TRACKING,L+C+R_fused
1786984427.203,58.5,0.632,0.793,0.888,0.4825,-0.0049,4.03,-0.96337,0.150,0.400,0.000,-0.4289,-0.4567,TRACKING,L+C+R_fused
1786984427.220,58.5,0.632,0.793,0.888,0.4825,-0.0039,3.22,-0.77070,0.150,0.400,0.000,-0.4289,-0.4567,TRACKING,prediction
1786984427.232,58.5,0.000,0.802,0.875,0.5108,-0.0107,4.83,-0.92462,0.150,0.400,0.000,-0.5415,-0.5729,TRACKING,R+C
1786984427.246,58.5,0.000,0.798,0.871,0.5113,-0.0111,4.90,-0.92567,0.150,0.400,0.000,-0.5506,-0.5823,TRACKING,R+C
1786984427.261,58.5,0.000,0.792,0.878,0.5081,-0.0089,4.44,-0.96137,0.150,0.400,0.000,-0.5062,-0.5366,TRACKING,R+C
1786984427.276,58.5,0.000,0.791,0.885,0.5076,-0.0036,4.04,-0.97742,0.150,0.400,0.000,-0.4103,-0.4377,TRACKING,R+C
1786984427.288,58.5,0.000,0.777,0.891,0.4985,0.0042,4.32,-0.97702,0.150,0.400,0.000,-0.2951,-0.3195,TRACKING,R+C
1786984427.313,58.5,0.788,0.774,0.867,0.4861,0.0099,3.63,-1.04768,0.150,0.400,0.000,-0.1798,-0.2013,TRACKING,L+C+R_fused
1786984427.342,58.5,0.950,0.776,0.884,0.4984,0.0147,3.70,-1.04956,0.150,0.400,0.000,-0.0980,-0.1174,TRACKING,L+C+R_fused
1786984427.357,58.5,0.950,0.782,0.877,0.4949,0.0177,4.41,-0.97974,0.150,0.400,0.000,-0.0658,-0.0840,TRACKING,L+C+R_fused
1786984427.373,58.5,0.787,0.778,0.894,0.4898,0.0178,4.61,-0.96951,0.150,0.400,0.000,-0.0710,-0.0895,TRACKING,L+C+R_fused
1786984427.395,58.5,0.652,0.774,0.885,0.4805,0.0186,4.28,-1.01988,0.150,0.400,0.000,-0.0508,-0.0691,TRACKING,L+C+R_fused
1786984427.412,58.5,0.691,0.775,0.895,0.4833,0.0205,3.50,-1.09065,0.150,0.400,0.000,0.0059,-0.0112,TRACKING,L+C+R_fused
1786984427.437,58.5,0.955,0.763,0.901,0.4943,0.0265,3.64,-1.09971,0.150,0.400,0.000,0.1036,0.0888,TRACKING,L+C+R_fused
1786984427.466,58.5,0.929,0.762,0.901,0.5033,0.0342,3.88,-1.09381,0.150,0.400,0.000,0.2295,0.2180,TRACKING,L+C+R_fused
1786984427.481,58.5,0.928,0.763,0.897,0.5088,0.0404,4.28,-1.07277,0.150,0.400,0.000,0.3196,0.3105,TRACKING,L+C+R_fused
1786984427.497,58.5,0.928,0.763,0.897,0.5088,0.0323,3.42,-0.85821,0.150,0.400,0.000,0.3196,0.3105,TRACKING,prediction
1786984427.513,58.5,0.933,0.770,0.900,0.5059,0.0455,4.45,-1.11025,0.150,0.400,0.000,0.3901,0.3824,TRACKING,L+C+R_fused
1786984427.528,58.5,0.938,0.757,0.899,0.4971,0.0428,3.56,-1.25872,0.150,0.400,0.000,0.3589,0.3491,TRACKING,L+C+R_fused
1786984427.543,58.5,0.693,0.754,0.868,0.4902,0.0373,2.14,-1.41020,0.150,0.400,0.000,0.3005,0.2882,TRACKING,L+C+R_fused
1786984427.567,55.8,0.000,0.758,0.875,0.4818,0.0375,4.41,-1.26870,0.150,0.400,0.000,0.2298,0.2156,TRACKING,R+C
1786984427.578,55.8,0.000,0.739,0.870,0.4851,0.0335,3.70,-1.39983,0.150,0.400,0.000,0.1687,0.1517,TRACKING,R+C
1786984427.599,55.8,0.000,0.748,0.870,0.4872,0.0310,5.02,-1.29810,0.150,0.400,0.000,0.0846,0.0655,TRACKING,R+C
1786984427.621,55.8,0.000,0.753,0.859,0.4940,0.0268,5.25,-1.32036,0.150,0.400,0.000,-0.0056,-0.0275,TRACKING,R+C
1786984427.645,55.8,0.000,0.755,0.852,0.5025,0.0226,5.60,-1.32228,0.150,0.400,0.000,-0.0965,-0.1212,TRACKING,R+C
1786984427.660,55.8,0.000,0.741,0.847,0.5145,0.0161,4.11,-1.51899,0.150,0.400,0.000,-0.1791,-0.2073,TRACKING,R+C
1786984427.675,55.8,0.000,0.760,0.843,0.5211,0.0118,4.63,-1.48223,0.150,0.400,0.000,-0.2689,-0.2995,TRACKING,R+C
1786984427.693,55.8,0.000,0.760,0.843,0.5211,0.0095,3.70,-1.18578,0.150,0.400,0.000,-0.2689,-0.2995,TRACKING,prediction
1786984427.703,55.8,0.000,0.753,0.820,0.5349,0.0097,5.99,-1.43847,0.150,0.400,0.000,-0.3560,-0.3897,TRACKING,R+C
1786984427.733,55.8,0.000,0.753,0.820,0.5349,0.0077,4.79,-1.15078,0.150,0.400,0.000,-0.3560,-0.3897,TRACKING,prediction
1786984427.748,55.8,0.000,0.753,0.820,0.5349,0.0062,3.83,-0.92062,0.150,0.400,0.000,-0.3560,-0.3897,TRACKING,prediction
1786984427.763,55.8,0.000,0.753,0.820,0.5349,0.0050,3.06,-0.73650,0.150,0.400,0.000,-0.3560,-0.3897,TRACKING,prediction
1786984427.784,55.8,0.000,0.753,0.820,0.5349,0.0040,2.45,-0.58920,0.150,0.400,0.000,-0.3560,-0.3897,TRACKING,prediction
1786984427.810,55.8,0.000,0.741,0.816,0.5297,0.0166,6.55,-1.51443,0.150,0.400,0.000,-0.2795,-0.3126,TRACKING,R+C
1786984427.826,55.8,0.000,0.729,0.820,0.5451,0.0121,6.27,-1.60528,0.150,0.400,0.000,-0.3573,-0.3936,TRACKING,R+C
1786984427.845,55.8,0.000,0.714,0.811,0.5573,0.0058,5.91,-1.69837,0.150,0.400,0.000,-0.4582,-0.4983,TRACKING,R+C
1786984427.863,55.8,0.000,0.714,0.811,0.5573,0.0046,4.73,-1.35869,0.150,0.400,0.000,-0.4582,-0.4983,TRACKING,prediction
1786984427.881,55.8,0.000,0.714,0.811,0.5573,0.0037,3.78,-1.08695,0.150,0.400,0.000,-0.4582,-0.4983,TRACKING,prediction
1786984427.900,55.8,0.000,0.734,0.797,0.5726,-0.0037,6.84,-1.73526,0.150,0.400,0.000,-0.6372,-0.6845,TRACKING,R+C
1786984427.918,55.8,0.000,0.722,0.796,0.5707,-0.0000,6.63,-1.83555,0.150,0.400,0.000,-0.5940,-0.6409,TRACKING,R+C
1786984427.934,55.8,0.000,0.709,0.796,0.5722,0.0028,5.50,-2.01272,0.150,0.400,0.000,-0.5373,-0.5837,TRACKING,R+C
1786984427.948,55.8,0.000,0.704,0.800,0.5681,0.0053,4.89,-2.13475,0.150,0.400,0.000,-0.4952,-0.5413,TRACKING,R+C
1786984427.968,55.8,0.000,0.718,0.802,0.5689,0.0086,7.05,-1.90491,0.150,0.400,0.000,-0.4950,-0.5400,TRACKING,R+C
1786984427.984,55.8,0.000,0.709,0.801,0.5709,0.0051,4.93,-2.22459,0.150,0.400,0.000,-0.5137,-0.5616,TRACKING,R+C
1786984427.998,55.8,0.000,0.709,0.801,0.5709,0.0041,3.94,-1.77967,0.150,0.400,0.000,-0.5137,-0.5616,TRACKING,prediction
1786984428.018,55.8,0.000,0.725,0.807,0.5820,0.0014,5.65,-2.30866,0.150,0.400,0.000,-0.6079,-0.6607,TRACKING,R+C
1786984428.031,55.8,0.000,0.727,0.800,0.5844,0.0034,6.95,-2.20769,0.150,0.400,0.000,-0.6134,-0.6664,TRACKING,R+C
1786984428.045,55.8,0.000,0.735,0.795,0.5835,0.0066,8.57,-2.04801,0.150,0.400,0.000,-0.6059,-0.6581,TRACKING,R+C
1786984428.061,55.8,0.000,0.737,0.808,0.5853,0.0081,9.76,-1.91761,0.150,0.400,0.000,-0.6115,-0.6633,TRACKING,R+C
1786984428.086,55.8,0.000,0.736,0.808,0.5935,0.0081,11.19,-1.77578,0.150,0.400,0.000,-0.6455,-0.6980,TRACKING,R+C
1786984428.115,55.8,0.000,0.736,0.808,0.5935,0.0064,8.95,-1.42062,0.150,0.400,0.000,-0.6455,-0.6980,TRACKING,prediction
1786984428.133,55.8,0.000,0.736,0.808,0.5935,0.0052,7.16,-1.13650,0.150,0.400,0.000,-0.6455,-0.6980,TRACKING,prediction
1786984428.152,55.8,0.000,0.736,0.808,0.5935,0.0041,5.73,-0.90920,0.150,0.400,0.000,-0.6455,-0.6980,TRACKING,prediction
1786984428.172,55.8,0.000,0.736,0.808,0.5935,0.0033,4.58,-0.72736,0.150,0.400,0.000,-0.6455,-0.6980,TRACKING,prediction
1786984428.188,55.8,0.000,0.736,0.808,0.5935,0.0026,3.67,-0.58189,0.150,0.400,0.000,-0.6455,-0.6980,TRACKING,prediction
1786984428.203,55.8,0.000,0.742,0.781,0.6546,-0.0266,20.84,-0.76786,0.150,0.400,0.000,-1.0000,-1.0000,TRACKING,R+C
1786984428.223,55.8,0.000,0.742,0.781,0.6546,-0.0213,16.67,-0.61429,0.150,0.400,0.000,-1.0000,-1.0000,TRACKING,prediction
1786984428.243,55.8,0.000,0.742,0.781,0.6546,-0.0170,13.33,-0.49143,0.150,0.400,0.000,-1.0000,-1.0000,TRACKING,prediction
1786984428.271,55.8,0.000,0.742,0.781,0.6546,-0.0136,10.67,-0.39315,0.150,0.400,0.000,-1.0000,-1.0000,TRACKING,prediction
1786984428.287,55.8,0.000,0.742,0.781,0.6546,-0.0109,8.53,-0.31452,0.150,0.400,0.000,-1.0000,-1.0000,TRACKING,prediction
1786984428.313,55.8,0.000,0.742,0.781,0.6546,-0.0087,6.83,-0.25161,0.150,0.400,0.000,-1.0000,-1.0000,TRACKING,prediction
1786984428.329,55.8,0.000,0.742,0.781,0.6546,-0.0070,5.46,-0.20129,0.150,0.400,0.000,-1.0000,-1.0000,TRACKING,prediction
1786984428.347,55.8,0.000,0.742,0.781,0.6546,-0.0056,4.37,-0.16103,0.150,0.400,0.000,-1.0000,-1.0000,TRACKING,prediction
1786984428.363,55.8,0.000,0.742,0.781,0.6546,-0.0045,3.50,-0.12883,0.150,0.400,0.000,-1.0000,-1.0000,TRACKING,prediction
1786984428.381,55.8,0.000,0.742,0.781,0.6546,-0.0036,2.80,-0.10306,0.150,0.384,0.000,-1.0000,-1.0000,TRACKING,prediction
1786984428.404,55.8,0.000,0.742,0.781,0.6546,-0.0029,2.24,-0.08245,0.150,0.365,0.000,-1.0000,-1.0000,TRACKING,prediction
1786984428.419,55.8,0.000,0.742,0.781,0.6546,-0.0023,1.79,-0.06596,0.150,0.347,0.000,-1.0000,-1.0000,TRACKING,prediction
1786984428.444,55.8,0.000,0.742,0.781,0.6546,-0.0018,1.43,-0.05277,0.150,0.329,0.000,-1.0000,-1.0000,TRACKING,prediction
1786984428.465,55.8,0.000,0.742,0.781,0.6546,-0.0015,1.15,-0.04221,0.150,0.280,0.000,-1.0000,-1.0000,UNCERTAIN,prediction
1786984428.484,55.8,0.000,0.742,0.781,0.6546,-0.0012,0.92,-0.03377,0.150,0.280,0.000,-1.0000,-1.0000,UNCERTAIN,prediction
1786984428.501,55.8,0.000,0.742,0.781,0.6546,-0.0009,0.73,-0.02702,0.150,0.280,0.000,-1.0000,-1.0000,UNCERTAIN,prediction
1786984428.527,55.8,0.000,0.742,0.781,0.6546,-0.0007,0.59,-0.02161,0.150,0.268,0.000,-1.0000,-1.0000,UNCERTAIN,prediction
1786984428.553,55.8,0.000,0.742,0.781,0.6546,-0.0006,0.47,-0.01729,0.150,0.255,0.000,-1.0000,-1.0000,UNCERTAIN,prediction
1786984428.568,52.9,0.000,0.742,0.781,0.6546,-0.0005,0.38,-0.01383,0.150,0.242,0.000,-1.0000,-1.0000,UNCERTAIN,prediction
1786984428.588,52.9,0.000,0.742,0.781,0.6546,-0.0004,0.30,-0.01107,0.150,0.230,0.000,-1.0000,-1.0000,UNCERTAIN,prediction
1786984428.620,52.9,0.000,0.742,0.781,0.6546,-0.0003,0.24,-0.00885,0.150,0.218,0.000,-1.0000,-1.0000,UNCERTAIN,prediction
1786984428.645,52.9,0.000,0.742,0.781,0.6546,-0.0002,0.19,-0.00708,0.150,0.208,0.000,-1.0000,-1.0000,UNCERTAIN,prediction
1786984428.660,52.9,0.000,0.742,0.781,0.6546,-0.0002,0.15,-0.00567,0.150,0.197,0.000,-1.0000,-1.0000,UNCERTAIN,prediction
1786984428.678,52.9,0.000,0.811,0.797,0.6099,-0.0988,10.03,0.01057,0.199,0.400,0.000,-1.0000,-1.0000,TRACKING,R+C
1786984428.692,52.9,0.000,0.811,0.803,0.6001,-0.0957,9.23,-0.00387,0.200,0.400,0.000,-0.9938,-1.0000,TRACKING,R+C
1786984428.708,52.9,0.000,0.798,0.810,0.5957,-0.0924,8.59,-0.01539,0.198,0.400,0.000,-0.9744,-1.0000,TRACKING,R+C
1786984428.737,52.9,0.000,0.798,0.810,0.5957,-0.0739,6.87,-0.01231,0.198,0.400,0.000,-0.9744,-1.0000,TRACKING,prediction
1786984428.764,52.9,0.000,0.798,0.810,0.5957,-0.0591,5.50,-0.00985,0.198,0.400,0.000,-0.9744,-1.0000,TRACKING,prediction
1786984428.780,52.9,0.000,0.798,0.810,0.5957,-0.0473,4.40,-0.00788,0.198,0.400,0.000,-0.9744,-1.0000,TRACKING,prediction
1786984428.805,52.9,0.000,0.787,0.836,0.5623,-0.0738,4.64,-0.19017,0.181,0.400,0.000,-0.9216,-0.9688,TRACKING,R+C
1786984428.823,52.9,0.000,0.795,0.842,0.5567,-0.0666,4.89,-0.11811,0.188,0.400,0.000,-0.8202,-0.8632,TRACKING,R+C
1786984428.844,52.9,0.377,0.774,0.850,0.4691,-0.0609,2.84,-0.29459,0.171,0.400,0.000,-0.8692,-0.9087,TRACKING,L+C+R_fused
1786984428.857,52.9,0.946,0.777,0.853,0.5108,-0.0540,2.22,-0.31155,0.169,0.400,0.000,-0.8077,-0.8430,TRACKING,L+C+R_fused
1786984428.882,52.9,0.949,0.771,0.861,0.5211,-0.0491,0.26,-0.44635,0.155,0.400,0.000,-0.7806,-0.8121,TRACKING,L+C+R_fused
1786984428.898,52.9,0.946,0.772,0.858,0.5057,-0.0416,0.74,-0.40910,0.159,0.400,0.000,-0.6790,-0.7073,TRACKING,L+C+R_fused
1786984428.915,52.9,0.949,0.752,0.863,0.4991,-0.0398,-1.55,-0.62050,0.150,0.400,0.000,-0.6770,-0.7038,TRACKING,L+C+R_fused
1786984428.930,52.9,0.947,0.689,0.860,0.5050,-0.0421,-6.56,-1.12122,0.150,0.400,0.000,-0.6103,-0.6377,TRACKING,L+C+R_fused
1786984428.947,52.9,0.954,0.726,0.877,0.5030,-0.0405,-4.71,-0.94722,0.150,0.400,0.000,-0.6267,-0.6537,TRACKING,L+C+R_fused
1786984428.963,52.9,0.949,0.739,0.878,0.4832,-0.0418,-5.99,-1.05391,0.150,0.400,0.000,-0.6171,-0.6442,TRACKING,L+C+R_fused
1786984428.977,52.9,0.959,0.758,0.875,0.4788,-0.0388,-4.70,-0.95262,0.150,0.400,0.000,-0.6040,-0.6302,TRACKING,L+C+R_fused
1786984428.991,52.9,0.957,0.733,0.884,0.4786,-0.0355,-7.03,-1.22282,0.150,0.400,0.000,-0.5143,-0.5396,TRACKING,L+C+R_fused
1786984429.007,52.9,0.940,0.705,0.888,0.4902,-0.0286,-9.26,-1.46632,0.150,0.400,0.000,-0.3614,-0.3839,TRACKING,L+C+R_fused
1786984429.032,52.9,0.940,0.715,0.894,0.4923,-0.0213,-10.22,-1.56619,0.150,0.400,0.000,-0.2174,-0.2368,TRACKING,L+C+R_fused
1786984429.055,52.9,0.943,0.727,0.900,0.4941,-0.0143,-10.63,-1.61832,0.150,0.400,0.000,-0.0869,-0.1032,TRACKING,L+C+R_fused
1786984429.072,52.9,0.941,0.750,0.897,0.4939,-0.0113,-11.54,-1.69767,0.150,0.400,0.000,-0.0110,-0.0259,TRACKING,L+C+R_fused
1786984429.098,52.9,0.953,0.752,0.903,0.4989,-0.0065,-10.81,-1.71809,0.150,0.400,0.000,0.0391,0.0248,TRACKING,L+C+R_fused
1786984429.113,52.9,0.944,0.763,0.902,0.4911,-0.0023,-11.20,-1.81554,0.150,0.400,0.000,0.1111,0.0976,TRACKING,L+C+R_fused
1786984429.129,52.9,0.943,0.765,0.904,0.5046,0.0045,-10.92,-1.86826,0.150,0.400,0.000,0.2084,0.1966,TRACKING,L+C+R_fused
1786984429.146,52.9,0.944,0.762,0.904,0.4997,0.0123,-11.43,-1.96718,0.150,0.400,0.000,0.3425,0.3333,TRACKING,L+C+R_fused
1786984429.160,52.9,0.935,0.764,0.914,0.4980,0.0222,-10.90,-2.00131,0.150,0.400,0.000,0.4733,0.4673,TRACKING,L+C+R_fused
1786984429.179,52.9,0.935,0.783,0.916,0.4985,0.0315,-9.97,-2.00061,0.150,0.400,0.000,0.5788,0.5756,TRACKING,L+C+R_fused
1786984429.193,52.9,0.940,0.769,0.914,0.5001,0.0460,-6.27,-1.90536,0.150,0.400,0.000,0.6698,0.6688,TRACKING,L+C+R_fused
1786984429.209,52.9,0.937,0.775,0.915,0.4993,0.0536,-3.65,-1.79125,0.150,0.400,0.000,0.7000,0.6998,TRACKING,L+C+R_fused
1786984429.234,52.9,0.943,0.777,0.919,0.5011,0.0541,-3.30,-1.82411,0.150,0.400,0.000,0.6915,0.6903,TRACKING,L+C+R_fused
1786984429.249,52.9,0.939,0.776,0.919,0.5043,0.0536,-2.79,-1.85479,0.150,0.400,0.000,0.6641,0.6611,TRACKING,L+C+R_fused
1786984429.263,52.9,0.932,0.778,0.921,0.4934,0.0543,-1.19,-1.79712,0.150,0.400,0.000,0.6276,0.6229,TRACKING,L+C+R_fused
1786984429.278,52.9,0.000,0.782,0.906,0.4598,0.0564,0.06,-1.76120,0.150,0.400,0.000,0.6187,0.6132,TRACKING,R+C
1786984429.295,52.9,0.000,0.779,0.907,0.4681,0.0602,2.16,-1.65220,0.150,0.400,0.000,0.6134,0.6075,TRACKING,R+C
1786984429.310,52.9,0.000,0.783,0.906,0.4705,0.0608,1.99,-1.70916,0.150,0.400,0.000,0.6201,0.6138,TRACKING,R+C
1786984429.323,52.9,0.000,0.782,0.910,0.4748,0.0620,2.48,-1.71301,0.150,0.400,0.000,0.6182,0.6113,TRACKING,R+C
1786984429.339,52.9,0.000,0.775,0.882,0.4819,0.0614,3.30,-1.71796,0.150,0.400,0.000,0.5805,0.5717,TRACKING,R+C
1786984429.353,52.9,0.000,0.773,0.891,0.4896,0.0595,4.47,-1.67211,0.150,0.400,0.000,0.5161,0.5048,TRACKING,R+C
1786984429.372,52.9,0.000,0.767,0.900,0.4959,0.0589,6.94,-1.50710,0.150,0.400,0.000,0.4331,0.4192,TRACKING,R+C
1786984429.386,52.9,0.000,0.764,0.890,0.5160,0.0563,9.07,-1.37813,0.150,0.400,0.000,0.3217,0.3043,TRACKING,R+C
1786984429.403,52.9,0.000,0.762,0.883,0.5253,0.0523,10.85,-1.25071,0.150,0.400,0.000,0.1946,0.1737,TRACKING,R+C
1786984429.417,52.9,0.000,0.755,0.884,0.5318,0.0478,12.55,-1.12415,0.150,0.400,0.000,0.0567,0.0322,TRACKING,R+C
1786984429.434,52.9,0.000,0.749,0.888,0.5395,0.0402,11.42,-1.33712,0.150,0.400,0.000,-0.0632,-0.0928,TRACKING,R+C
1786984429.448,52.9,0.000,0.749,0.882,0.5615,0.0335,11.55,-1.38169,0.150,0.400,0.000,-0.1959,-0.2298,TRACKING,R+C
1786984429.462,52.9,0.000,0.750,0.878,0.5733,0.0280,12.65,-1.31259,0.150,0.400,0.000,-0.3284,-0.3661,TRACKING,R+C
1786984429.479,52.9,0.000,0.751,0.867,0.5843,0.0211,13.04,-1.32044,0.150,0.400,0.000,-0.4589,-0.5009,TRACKING,R+C
1786984429.500,52.9,0.000,0.751,0.867,0.5843,0.0169,10.43,-1.05635,0.150,0.400,0.000,-0.4589,-0.5009,TRACKING,prediction
1786984429.518,52.9,0.000,0.751,0.867,0.5843,0.0135,8.34,-0.84508,0.150,0.400,0.000,-0.4589,-0.5009,TRACKING,prediction
1786984429.532,52.9,0.000,0.761,0.826,0.6117,-0.0061,12.95,-1.31429,0.150,0.400,0.000,-0.8181,-0.8725,TRACKING,R+C
1786984429.548,52.9,0.000,0.761,0.826,0.6117,-0.0049,10.36,-1.05144,0.150,0.400,0.000,-0.8181,-0.8725,TRACKING,prediction
1786984429.575,55.6,0.000,0.761,0.826,0.6117,-0.0039,8.29,-0.84115,0.150,0.400,0.000,-0.8181,-0.8725,TRACKING,prediction
1786984429.588,55.6,0.000,0.761,0.826,0.6117,-0.0031,6.63,-0.67292,0.150,0.400,0.000,-0.8181,-0.8725,TRACKING,prediction
1786984429.603,55.6,0.000,0.768,0.831,0.6187,-0.0125,16.33,-0.91985,0.150,0.400,0.000,-0.9369,-0.9946,TRACKING,R+C
1786984429.622,55.6,0.000,0.772,0.827,0.6325,-0.0150,15.98,-0.94538,0.150,0.400,0.000,-0.9536,-1.0000,TRACKING,R+C
1786984429.645,55.6,0.000,0.772,0.827,0.6325,-0.0120,12.78,-0.75630,0.150,0.400,0.000,-0.9536,-1.0000,TRACKING,prediction
1786984429.661,55.6,0.000,0.772,0.827,0.6325,-0.0096,10.22,-0.60504,0.150,0.400,0.000,-0.9536,-1.0000,TRACKING,prediction
1786984429.685,55.6,0.000,0.774,0.817,0.6545,-0.0399,17.04,-0.77768,0.150,0.400,0.000,-1.0000,-1.0000,TRACKING,R+C
1786984429.700,55.6,0.000,0.776,0.814,0.6642,-0.0501,17.33,-0.72076,0.150,0.400,0.000,-1.0000,-1.0000,TRACKING,R+C
1786984429.729,55.6,0.000,0.776,0.814,0.6642,-0.0401,13.87,-0.57661,0.150,0.400,0.000,-1.0000,-1.0000,TRACKING,prediction
1786984429.754,55.6,0.000,0.776,0.814,0.6642,-0.0321,11.09,-0.46128,0.150,0.400,0.000,-1.0000,-1.0000,TRACKING,prediction
1786984429.777,55.6,0.000,0.776,0.814,0.6642,-0.0257,8.87,-0.36903,0.150,0.400,0.000,-1.0000,-1.0000,TRACKING,prediction
1786984429.790,55.6,0.000,0.776,0.814,0.6642,-0.0205,7.10,-0.29522,0.150,0.400,0.000,-1.0000,-1.0000,TRACKING,prediction
1786984429.805,55.6,0.000,0.776,0.814,0.6642,-0.0164,5.68,-0.23618,0.150,0.400,0.000,-1.0000,-1.0000,TRACKING,prediction
1786984429.821,55.6,0.000,0.776,0.814,0.6642,-0.0131,4.54,-0.18894,0.150,0.400,0.000,-1.0000,-1.0000,TRACKING,prediction
1786984429.838,55.6,0.000,0.861,0.760,0.6950,-0.1187,15.47,-0.66141,0.150,0.400,0.000,-1.0000,-1.0000,TRACKING,R+C
1786984429.862,55.6,0.000,0.861,0.760,0.6950,-0.0950,12.37,-0.52913,0.150,0.400,0.000,-1.0000,-1.0000,TRACKING,prediction
1786984429.876,55.6,0.862,0.770,0.000,0.6854,0.2760,25.06,-1.19157,0.150,0.400,0.000,1.0000,0.0477,TRACKING,L+C
1786984429.891,55.6,0.862,0.770,0.000,0.6854,0.2208,20.05,-0.95326,0.150,0.400,0.000,1.0000,1.0000,TRACKING,prediction
1786984429.907,55.6,0.862,0.770,0.000,0.6854,0.1766,16.04,-0.76260,0.150,0.400,0.000,1.0000,1.0000,TRACKING,prediction
1786984429.922,55.6,0.862,0.770,0.000,0.6854,0.1413,12.83,-0.61008,0.150,0.400,0.000,1.0000,1.0000,TRACKING,prediction
1786984429.933,55.6,0.000,0.861,0.788,0.6575,-0.1250,13.88,-0.45371,0.155,0.400,0.000,-1.0000,-0.0954,TRACKING,R+C
1786984429.949,55.6,0.000,0.861,0.788,0.6575,-0.1000,11.11,-0.36297,0.155,0.400,0.000,-1.0000,-1.0000,TRACKING,prediction
1786984429.964,55.6,0.000,0.861,0.788,0.6575,-0.0800,8.89,-0.29037,0.155,0.400,0.000,-1.0000,-1.0000,TRACKING,prediction
1786984429.980,55.6,0.000,0.861,0.788,0.6575,-0.0640,7.11,-0.23230,0.155,0.400,0.000,-1.0000,-1.0000,TRACKING,prediction
1786984429.999,55.6,0.000,0.861,0.788,0.6575,-0.0512,5.69,-0.18584,0.155,0.400,0.000,-1.0000,-1.0000,TRACKING,prediction
1786984430.027,55.6,0.000,0.861,0.788,0.6575,-0.0409,4.55,-0.14867,0.155,0.400,0.000,-1.0000,-1.0000,TRACKING,prediction
1786984430.047,55.6,0.000,0.861,0.788,0.6575,-0.0328,3.64,-0.11894,0.155,0.400,0.000,-1.0000,-1.0000,TRACKING,prediction
1786984430.067,55.6,0.000,0.884,0.809,0.6207,-0.1206,10.88,-0.42971,0.157,0.400,0.000,-1.0000,-1.0000,TRACKING,R+C
1786984430.079,55.6,0.000,0.884,0.809,0.6207,-0.0965,8.70,-0.34377,0.157,0.400,0.000,-1.0000,-1.0000,TRACKING,prediction
1786984430.109,55.6,0.000,0.891,0.824,0.6100,-0.1158,10.18,-0.42297,0.158,0.400,0.000,-1.0000,-1.0000,TRACKING,R+C
1786984430.121,55.6,0.000,0.893,0.820,0.6040,-0.1121,10.42,-0.37332,0.163,0.400,0.000,-1.0000,-1.0000,TRACKING,R+C
1786984430.138,55.6,0.000,0.888,0.825,0.6001,-0.1100,8.78,-0.51319,0.150,0.400,0.000,-1.0000,-1.0000,TRACKING,R+C
1786984430.150,55.6,0.000,0.879,0.828,0.5949,-0.1062,9.25,-0.42018,0.158,0.400,0.000,-1.0000,-1.0000,TRACKING,R+C
1786984430.168,55.6,0.000,0.879,0.828,0.5949,-0.0849,7.40,-0.33614,0.158,0.400,0.000,-1.0000,-1.0000,TRACKING,prediction
1786984430.182,55.6,0.000,0.873,0.837,0.5853,-0.1004,7.96,-0.48266,0.152,0.400,0.000,-1.0000,-1.0000,TRACKING,R+C
1786984430.199,55.6,0.000,0.873,0.837,0.5853,-0.0803,6.37,-0.38613,0.152,0.400,0.000,-1.0000,-1.0000,TRACKING,prediction
1786984430.215,55.6,0.000,0.873,0.837,0.5853,-0.0643,5.10,-0.30890,0.152,0.400,0.000,-1.0000,-1.0000,TRACKING,prediction
1786984430.237,55.6,0.000,0.873,0.837,0.5853,-0.0514,4.08,-0.24712,0.152,0.400,0.000,-1.0000,-1.0000,TRACKING,prediction
1786984430.255,55.6,0.000,0.873,0.837,0.5853,-0.0411,3.26,-0.19770,0.152,0.400,0.000,-1.0000,-1.0000,TRACKING,prediction
1786984430.269,55.6,0.000,0.873,0.837,0.5853,-0.0329,2.61,-0.15816,0.152,0.400,0.000,-1.0000,-1.0000,TRACKING,prediction
1786984430.292,55.6,0.000,0.873,0.837,0.5853,-0.0263,2.09,-0.12653,0.152,0.400,0.000,-1.0000,-1.0000,TRACKING,prediction
1786984430.308,55.6,0.000,0.873,0.837,0.5853,-0.0211,1.67,-0.10122,0.152,0.400,0.000,-1.0000,-1.0000,TRACKING,prediction
1786984430.325,55.6,0.000,0.873,0.837,0.5853,-0.0168,1.34,-0.08098,0.152,0.400,0.000,-1.0000,-1.0000,TRACKING,prediction
1786984430.351,55.6,0.000,0.902,0.837,0.5820,-0.1323,5.47,-0.63875,0.150,0.400,0.000,-1.0000,-1.0000,TRACKING,R+C
1786984430.367,55.6,0.000,0.902,0.837,0.5820,-0.1058,4.37,-0.51100,0.150,0.400,0.000,-1.0000,-1.0000,TRACKING,prediction
1786984430.387,55.6,0.000,0.902,0.837,0.5820,-0.0847,3.50,-0.40880,0.150,0.400,0.000,-1.0000,-1.0000,TRACKING,prediction
1786984430.403,55.6,0.000,0.902,0.837,0.5820,-0.0677,2.80,-0.32704,0.150,0.400,0.000,-1.0000,-1.0000,TRACKING,prediction
1786984430.420,55.6,0.000,0.902,0.837,0.5820,-0.0542,2.24,-0.26163,0.150,0.400,0.000,-1.0000,-1.0000,TRACKING,prediction
1786984430.443,55.6,0.923,0.821,0.000,0.5769,0.2067,23.53,-0.68761,0.150,0.400,0.000,1.0000,0.0317,TRACKING,L+C
1786984430.463,55.6,0.910,0.820,0.000,0.5714,0.2063,23.83,-0.62684,0.150,0.400,0.000,1.0000,1.0000,TRACKING,L+C
1786984430.478,55.6,0.000,0.913,0.820,0.5656,-0.1506,5.36,-0.40876,0.159,0.400,0.000,-1.0000,-0.0887,TRACKING,R+C
1786984430.505,55.6,0.000,0.907,0.827,0.5637,-0.1476,5.42,-0.39249,0.161,0.400,0.000,-1.0000,-1.0000,TRACKING,R+C
1786984430.532,55.6,0.000,0.907,0.827,0.5637,-0.1181,4.33,-0.31399,0.161,0.400,0.000,-1.0000,-1.0000,TRACKING,prediction
1786984430.547,55.6,0.000,0.905,0.837,0.5551,-0.1419,3.41,-0.54901,0.150,0.400,0.000,-1.0000,-1.0000,TRACKING,R+C
1786984430.562,55.6,0.000,0.891,0.840,0.5515,-0.1400,1.47,-0.70961,0.150,0.400,0.000,-1.0000,-1.0000,TRACKING,R+C
1786984430.580,54.7,0.000,0.884,0.842,0.5480,-0.1344,2.49,-0.58552,0.150,0.400,0.000,-1.0000,-1.0000,TRACKING,R+C
1786984430.603,54.7,0.000,0.876,0.850,0.5457,-0.1296,2.11,-0.59000,0.150,0.400,0.000,-1.0000,-1.0000,TRACKING,R+C
1786984430.622,54.7,0.000,0.873,0.860,0.5415,-0.1242,1.64,-0.61055,0.150,0.400,0.000,-1.0000,-1.0000,TRACKING,R+C
1786984430.635,54.7,0.000,0.868,0.864,0.5396,-0.1187,1.36,-0.61480,0.150,0.400,0.000,-1.0000,-1.0000,TRACKING,R+C
1786984430.651,54.7,0.000,0.870,0.868,0.5381,-0.1129,1.15,-0.59110,0.150,0.400,0.000,-1.0000,-1.0000,TRACKING,R+C
1786984430.664,54.7,0.000,0.877,0.873,0.5398,-0.1090,1.17,-0.57377,0.150,0.400,0.000,-1.0000,-1.0000,TRACKING,R+C
1786984430.686,54.7,0.000,0.871,0.876,0.5400,-0.1074,0.42,-0.63330,0.150,0.400,0.000,-1.0000,-1.0000,TRACKING,R+C
1786984430.700,54.7,0.000,0.877,0.875,0.5372,-0.1081,0.10,-0.63482,0.150,0.400,0.000,-1.0000,-1.0000,TRACKING,R+C
1786984430.728,54.7,0.000,0.865,0.875,0.5393,-0.1101,1.14,-0.56333,0.150,0.400,0.000,-1.0000,-1.0000,TRACKING,R+C
1786984430.749,54.7,0.000,0.877,0.874,0.5413,-0.1142,1.71,-0.51810,0.150,0.400,0.000,-1.0000,-1.0000,TRACKING,R+C
1786984430.775,54.7,0.000,0.869,0.870,0.5398,-0.1202,0.62,-0.63190,0.150,0.400,0.000,-1.0000,-1.0000,TRACKING,R+C
1786984430.788,54.7,0.000,0.886,0.870,0.5408,-0.1247,0.93,-0.61122,0.150,0.400,0.000,-1.0000,-1.0000,TRACKING,R+C
1786984430.803,54.7,0.000,0.892,0.871,0.5414,-0.1277,0.88,-0.61829,0.150,0.400,0.000,-1.0000,-1.0000,TRACKING,R+C
1786984430.818,54.7,0.000,0.897,0.875,0.5419,-0.1295,0.97,-0.59889,0.150,0.400,0.000,-1.0000,-1.0000,TRACKING,R+C
1786984430.830,54.7,0.000,0.907,0.870,0.5384,-0.1297,0.54,-0.62404,0.150,0.400,0.000,-1.0000,-1.0000,TRACKING,R+C
1786984430.843,54.7,0.000,0.904,0.882,0.5343,-0.1265,0.12,-0.65758,0.150,0.400,0.000,-1.0000,-1.0000,TRACKING,R+C
1786984430.859,54.7,0.000,0.891,0.878,0.5314,-0.1210,0.66,-0.59130,0.150,0.400,0.000,-1.0000,-1.0000,TRACKING,R+C
1786984430.882,54.7,0.000,0.905,0.881,0.5282,-0.1176,0.38,-0.60122,0.150,0.400,0.000,-1.0000,-1.0000,TRACKING,R+C
1786984430.897,54.7,0.000,0.903,0.885,0.5289,-0.1162,0.62,-0.57698,0.150,0.400,0.000,-1.0000,-1.0000,TRACKING,R+C
1786984430.913,54.7,0.000,0.903,0.884,0.5283,-0.1172,0.87,-0.57846,0.150,0.400,0.000,-1.0000,-1.0000,TRACKING,R+C
1786984430.925,54.7,0.000,0.899,0.885,0.5265,-0.1194,0.62,-0.60954,0.150,0.400,0.000,-1.0000,-1.0000,TRACKING,R+C
1786984430.942,54.7,0.000,0.897,0.884,0.5243,-0.1212,0.02,-0.65734,0.150,0.400,0.000,-1.0000,-1.0000,TRACKING,R+C
1786984430.957,54.7,0.000,0.907,0.887,0.5226,-0.1204,0.38,-0.60510,0.150,0.400,0.000,-1.0000,-1.0000,TRACKING,R+C
1786984430.973,54.7,0.000,0.909,0.894,0.5229,-0.1168,0.07,-0.60501,0.150,0.400,0.000,-1.0000,-1.0000,TRACKING,R+C
1786984430.989,54.7,0.000,0.891,0.897,0.5252,-0.1114,-0.30,-0.64064,0.150,0.400,0.000,-1.0000,-1.0000,TRACKING,R+C
1786984431.005,54.7,0.000,0.893,0.908,0.5262,-0.1063,-0.12,-0.62075,0.150,0.400,0.000,-1.0000,-1.0000,TRACKING,R+C
1786984431.018,54.7,0.000,0.887,0.908,0.5290,-0.1027,-0.24,-0.61842,0.150,0.400,0.000,-1.0000,-1.0000,TRACKING,R+C
1786984431.034,54.7,0.000,0.872,0.914,0.5295,-0.0996,-0.81,-0.66650,0.150,0.400,0.000,-1.0000,-1.0000,TRACKING,R+C
1786984431.049,54.7,0.000,0.872,0.913,0.5297,-0.0955,-0.99,-0.68034,0.150,0.400,0.000,-1.0000,-1.0000,TRACKING,R+C
1786984431.076,54.7,0.000,0.875,0.928,0.5303,-0.0892,-0.81,-0.65600,0.150,0.400,0.000,-1.0000,-1.0000,TRACKING,R+C
1786984431.094,54.7,0.000,0.871,0.924,0.5284,-0.0829,-0.87,-0.63078,0.150,0.400,0.000,-1.0000,-1.0000,TRACKING,R+C
1786984431.108,54.7,0.000,0.873,0.925,0.5285,-0.0756,-0.64,-0.59382,0.150,0.400,0.000,-1.0000,-1.0000,TRACKING,R+C
1786984431.121,54.7,0.000,0.876,0.935,0.5264,-0.0659,-0.03,-0.56679,0.150,0.400,0.000,-0.9937,-1.0000,TRACKING,R+C
1786984431.145,54.7,0.000,0.863,0.940,0.5200,-0.0586,-1.02,-0.66461,0.150,0.400,0.000,-0.9125,-0.9499,TRACKING,R+C
1786984431.165,54.7,0.000,0.870,0.935,0.5126,-0.0511,-1.02,-0.68241,0.150,0.400,0.000,-0.8365,-0.8708,TRACKING,R+C
1786984431.186,54.7,0.000,0.866,0.939,0.5096,-0.0440,-0.12,-0.62124,0.150,0.400,0.000,-0.7749,-0.8065,TRACKING,R+C
1786984431.203,54.7,0.000,0.872,0.937,0.5060,-0.0387,-0.05,-0.64396,0.150,0.400,0.000,-0.7148,-0.7444,TRACKING,R+C
1786984431.217,54.7,0.000,0.869,0.929,0.5020,-0.0346,-0.04,-0.66122,0.150,0.400,0.000,-0.6644,-0.6925,TRACKING,R+C
1786984431.231,54.7,0.000,0.865,0.935,0.4964,-0.0304,-1.13,-0.76630,0.150,0.400,0.000,-0.5850,-0.6108,TRACKING,R+C
1786984431.249,54.7,0.370,0.856,0.930,0.4803,-0.0216,0.20,-0.69928,0.150,0.400,0.000,-0.4946,-0.5178,TRACKING,L+C+R_fused
1786984431.278,54.7,0.604,0.851,0.704,0.5113,-0.0159,0.71,-0.68483,0.150,0.400,0.000,-0.4231,-0.4443,TRACKING,L+C+R_fused
1786984431.305,54.7,0.368,0.852,0.353,0.4029,-0.0134,1.07,-0.66933,0.150,0.400,0.000,-0.3963,-0.4168,TRACKING,L+C+R_fused
1786984431.318,54.7,0.000,0.854,0.347,0.4617,-0.0137,1.80,-0.63263,0.150,0.400,0.000,-0.4237,-0.4451,TRACKING,R+C
1786984431.331,54.7,0.378,0.850,0.357,0.5969,-0.0155,2.23,-0.60335,0.150,0.400,0.000,-0.4635,-0.4860,TRACKING,L+C+R_fused
1786984431.356,54.7,0.000,0.856,0.348,0.4484,-0.0178,3.19,-0.52105,0.150,0.400,0.000,-0.5231,-0.5472,TRACKING,R+C
1786984431.370,54.7,0.000,0.857,0.601,0.4719,-0.0206,3.26,-0.55295,0.150,0.400,0.000,-0.5715,-0.5976,TRACKING,R+C
1786984431.395,54.7,0.000,0.853,0.324,0.4028,-0.0235,3.48,-0.54590,0.150,0.400,0.000,-0.6185,-0.6463,TRACKING,R+C
1786984431.410,54.7,0.000,0.850,0.355,0.5534,-0.0251,4.47,-0.47253,0.153,0.400,0.000,-0.6436,-0.6728,TRACKING,R+C
1786984431.435,54.7,0.000,0.844,0.350,0.5186,-0.0269,4.81,-0.46356,0.154,0.400,0.000,-0.6710,-0.7015,TRACKING,R+C
1786984431.450,54.7,0.000,0.835,0.707,0.5159,-0.0275,3.62,-0.64240,0.150,0.400,0.000,-0.6900,-0.7217,TRACKING,R+C
1786984431.477,54.7,0.000,0.836,0.348,0.4059,-0.0262,3.40,-0.70573,0.150,0.400,0.000,-0.6747,-0.7065,TRACKING,R+C
1786984431.490,54.7,0.000,0.834,0.348,0.5802,-0.0226,2.34,-0.91060,0.150,0.400,0.000,-0.6192,-0.6509,TRACKING,R+C
1786984431.503,54.7,0.000,0.833,0.611,0.5610,-0.0191,1.62,-0.96294,0.150,0.400,0.000,-0.5505,-0.5800,TRACKING,R+C
1786984431.519,54.7,0.000,0.843,0.351,0.5682,-0.0138,1.70,-0.98862,0.150,0.400,0.000,-0.4787,-0.5064,TRACKING,R+C
1786984431.535,54.7,0.000,0.833,0.354,0.4053,-0.0112,2.81,-0.93216,0.150,0.400,0.000,-0.4731,-0.5008,TRACKING,R+C
1786984431.552,54.7,0.000,0.833,0.356,0.5695,-0.0114,3.46,-0.88937,0.150,0.400,0.000,-0.4950,-0.5234,TRACKING,R+C
1786984431.564,54.7,0.000,0.824,0.000,0.5695,-0.0152,2.91,-0.98385,0.150,0.400,0.000,-0.5449,-0.5755,TRACKING,C_only
1786984431.579,54.7,0.000,0.814,0.000,0.5695,-0.0199,2.42,-1.08439,0.150,0.400,0.000,-0.6084,-0.6421,TRACKING,C_only
1786984431.596,57.1,0.000,0.810,0.375,0.4780,-0.0235,3.54,-1.00104,0.150,0.400,0.000,-0.6845,-0.7207,TRACKING,R+C
1786984431.611,57.1,0.000,0.811,0.345,0.4570,-0.0287,3.93,-0.96551,0.150,0.400,0.000,-0.7566,-0.7954,TRACKING,R+C
1786984431.627,57.1,0.000,0.811,0.341,0.5393,-0.0339,3.37,-1.07420,0.150,0.400,0.000,-0.8143,-0.8564,TRACKING,R+C
1786984431.643,57.1,0.000,0.789,0.373,0.5386,-0.0387,2.51,-1.24406,0.150,0.400,0.000,-0.8617,-0.9073,TRACKING,R+C
1786984431.659,57.1,0.799,0.317,0.356,0.4434,0.2764,15.63,-1.00748,0.150,0.400,0.000,1.0000,0.2160,TRACKING,L+C+R_fused
1786984431.673,57.1,0.799,0.317,0.356,0.4434,0.2212,12.51,-0.80599,0.150,0.380,0.000,1.0000,1.0000,TRACKING,prediction
1786984431.687,57.1,0.799,0.317,0.356,0.4434,0.1769,10.01,-0.64479,0.150,0.361,0.000,1.0000,1.0000,TRACKING,prediction
1786984431.712,57.1,0.799,0.317,0.356,0.4434,0.1415,8.00,-0.51583,0.150,0.343,0.000,1.0000,1.0000,TRACKING,prediction
1786984431.727,57.1,0.799,0.317,0.356,0.4434,0.1132,6.40,-0.41267,0.150,0.325,0.000,1.0000,1.0000,TRACKING,prediction
1786984431.744,57.1,0.799,0.317,0.356,0.4434,0.0906,5.12,-0.33013,0.150,0.280,0.000,1.0000,1.0000,UNCERTAIN,prediction
1786984431.760,57.1,0.799,0.317,0.356,0.4434,0.0725,4.10,-0.26411,0.150,0.280,0.000,1.0000,1.0000,UNCERTAIN,prediction
1786984431.775,57.1,0.799,0.317,0.356,0.4434,0.0580,3.28,-0.21128,0.150,0.279,0.000,1.0000,1.0000,UNCERTAIN,prediction
1786984431.790,57.1,0.799,0.317,0.356,0.4434,0.0464,2.62,-0.16903,0.150,0.265,0.000,1.0000,1.0000,UNCERTAIN,prediction
1786984431.806,57.1,0.799,0.317,0.356,0.4434,0.0371,2.10,-0.13522,0.150,0.252,0.000,1.0000,1.0000,UNCERTAIN,prediction
1786984431.825,57.1,0.799,0.317,0.356,0.4434,0.0297,1.68,-0.10818,0.150,0.239,0.000,1.0000,1.0000,UNCERTAIN,prediction
1786984431.846,57.1,0.799,0.317,0.356,0.4434,0.0237,1.34,-0.08654,0.150,0.227,0.000,1.0000,1.0000,UNCERTAIN,prediction
1786984431.875,57.1,0.799,0.317,0.356,0.4434,0.0190,1.07,-0.06923,0.150,0.216,0.000,1.0000,1.0000,UNCERTAIN,prediction
1786984431.893,57.1,0.799,0.317,0.356,0.4434,0.0152,0.86,-0.05539,0.150,0.205,0.000,1.0000,1.0000,UNCERTAIN,prediction
1786984431.908,57.1,0.799,0.317,0.356,0.4434,0.0122,0.69,-0.04431,0.150,0.195,0.000,1.0000,1.0000,UNCERTAIN,prediction
1786984431.923,57.1,0.799,0.317,0.356,0.4434,0.0097,0.55,-0.03545,0.150,0.185,0.000,1.0000,1.0000,UNCERTAIN,prediction
1786984431.938,57.1,0.000,0.792,0.848,0.6153,-0.0847,4.36,-1.75440,0.150,0.400,0.000,-1.0000,-0.0802,TRACKING,R+C
1786984431.963,57.1,0.000,0.792,0.848,0.6153,-0.0678,3.49,-1.40352,0.150,0.400,0.000,-1.0000,-1.0000,TRACKING,prediction
1786984431.985,57.1,0.000,0.792,0.848,0.6153,-0.0542,2.79,-1.12282,0.150,0.400,0.000,-1.0000,-1.0000,TRACKING,prediction
1786984432.007,57.1,0.000,0.792,0.848,0.6153,-0.0434,2.23,-0.89825,0.150,0.400,0.000,-1.0000,-1.0000,TRACKING,prediction
1786984432.023,57.1,0.000,0.792,0.848,0.6153,-0.0347,1.79,-0.71860,0.150,0.400,0.000,-1.0000,-1.0000,TRACKING,prediction
1786984432.037,57.1,0.000,0.792,0.848,0.6153,-0.0278,1.43,-0.57488,0.150,0.400,0.000,-1.0000,-1.0000,TRACKING,prediction
1786984432.062,57.1,0.000,0.792,0.848,0.6153,-0.0222,1.14,-0.45991,0.150,0.400,0.000,-1.0000,-1.0000,TRACKING,prediction
1786984432.077,57.1,0.000,0.792,0.848,0.6153,-0.0178,0.91,-0.36792,0.150,0.400,0.000,-1.0000,-1.0000,TRACKING,prediction
1786984432.104,57.1,0.000,0.792,0.848,0.6153,-0.0142,0.73,-0.29434,0.150,0.400,0.000,-1.0000,-1.0000,TRACKING,prediction
1786984432.128,57.1,0.000,0.792,0.829,0.6572,-0.0988,10.95,-1.21966,0.150,0.400,0.000,-1.0000,-1.0000,TRACKING,R+C
1786984432.147,57.1,0.000,0.792,0.829,0.6572,-0.0791,8.76,-0.97572,0.150,0.400,0.000,-1.0000,-1.0000,TRACKING,prediction
1786984432.173,57.1,0.000,0.792,0.829,0.6572,-0.0633,7.01,-0.78058,0.150,0.400,0.000,-1.0000,-1.0000,TRACKING,prediction
1786984432.186,57.1,0.000,0.792,0.829,0.6572,-0.0506,5.60,-0.62446,0.150,0.400,0.000,-1.0000,-1.0000,TRACKING,prediction
1786984432.204,57.1,0.000,0.792,0.829,0.6572,-0.0405,4.48,-0.49957,0.150,0.400,0.000,-1.0000,-1.0000,TRACKING,prediction
1786984432.219,57.1,0.000,0.822,0.803,0.6793,-0.1236,16.18,-0.51560,0.150,0.400,0.000,-1.0000,-1.0000,TRACKING,R+C
1786984432.234,57.1,0.000,0.822,0.803,0.6793,-0.0988,12.95,-0.41248,0.150,0.400,0.000,-1.0000,-1.0000,TRACKING,prediction
1786984432.248,57.1,0.000,0.822,0.803,0.6793,-0.0791,10.36,-0.32998,0.150,0.400,0.000,-1.0000,-1.0000,TRACKING,prediction
1786984432.272,57.1,0.000,0.822,0.803,0.6793,-0.0633,8.29,-0.26398,0.150,0.400,0.000,-1.0000,-1.0000,TRACKING,prediction
1786984432.288,57.1,0.000,0.822,0.803,0.6793,-0.0506,6.63,-0.21119,0.150,0.400,0.000,-1.0000,-1.0000,TRACKING,prediction
1786984432.302,57.1,0.000,0.822,0.803,0.6793,-0.0405,5.30,-0.16895,0.150,0.400,0.000,-1.0000,-1.0000,TRACKING,prediction
1786984432.318,57.1,0.000,0.822,0.803,0.6793,-0.0324,4.24,-0.13516,0.150,0.400,0.000,-1.0000,-1.0000,TRACKING,prediction
1786984432.334,57.1,0.000,0.822,0.803,0.6793,-0.0259,3.39,-0.10813,0.150,0.400,0.000,-1.0000,-1.0000,TRACKING,prediction
1786984432.357,57.1,0.000,0.822,0.803,0.6793,-0.0207,2.72,-0.08650,0.150,0.400,0.000,-1.0000,-1.0000,TRACKING,prediction
1786984432.375,57.1,0.000,0.822,0.803,0.6793,-0.0166,2.17,-0.06920,0.150,0.400,0.000,-1.0000,-1.0000,TRACKING,prediction
1786984432.390,57.1,0.000,0.822,0.803,0.6793,-0.0133,1.74,-0.05536,0.150,0.389,0.000,-1.0000,-1.0000,TRACKING,prediction
1786984432.405,57.1,0.000,0.822,0.803,0.6793,-0.0106,1.39,-0.04429,0.150,0.370,0.000,-1.0000,-1.0000,TRACKING,prediction
1786984432.422,57.1,0.000,0.822,0.803,0.6793,-0.0085,1.11,-0.03543,0.150,0.351,0.000,-1.0000,-1.0000,TRACKING,prediction
1786984432.444,57.1,0.000,0.822,0.803,0.6793,-0.0068,0.89,-0.02835,0.150,0.334,0.000,-1.0000,-1.0000,TRACKING,prediction
1786984432.465,57.1,0.000,0.822,0.803,0.6793,-0.0054,0.71,-0.02268,0.150,0.280,0.000,-1.0000,-1.0000,UNCERTAIN,prediction
1786984432.487,57.1,0.000,0.822,0.803,0.6793,-0.0043,0.57,-0.01814,0.150,0.280,0.000,-1.0000,-1.0000,UNCERTAIN,prediction
1786984432.514,57.1,0.000,0.822,0.803,0.6793,-0.0035,0.46,-0.01451,0.150,0.280,0.000,-1.0000,-1.0000,UNCERTAIN,prediction
1786984432.532,57.1,0.000,0.822,0.803,0.6793,-0.0028,0.36,-0.01161,0.150,0.272,0.000,-1.0000,-1.0000,UNCERTAIN,prediction
1786984432.568,57.1,0.000,0.822,0.803,0.6793,-0.0022,0.29,-0.00929,0.150,0.258,0.000,-1.0000,-1.0000,UNCERTAIN,prediction
1786984432.598,52.9,0.000,0.822,0.803,0.6793,-0.0018,0.23,-0.00743,0.150,0.245,0.000,-1.0000,-1.0000,UNCERTAIN,prediction
1786984432.623,52.9,0.889,0.653,0.000,0.6717,0.1737,0.83,-1.66656,0.150,0.400,0.000,1.0000,0.0497,TRACKING,L+C
1786984432.640,52.9,0.889,0.653,0.000,0.6717,0.1389,0.66,-1.33324,0.150,0.400,0.000,1.0000,1.0000,TRACKING,prediction
1786984432.655,52.9,0.889,0.653,0.000,0.6717,0.1111,0.53,-1.06660,0.150,0.400,0.000,1.0000,1.0000,TRACKING,prediction
1786984432.669,52.9,0.857,0.642,0.000,0.6441,0.1804,5.22,-1.09245,0.150,0.400,0.000,1.0000,1.0000,TRACKING,L+C
1786984432.686,52.9,0.000,0.840,0.640,0.6358,-0.1658,1.93,-0.06455,0.194,0.400,0.000,-1.0000,-0.0827,TRACKING,R+C
1786984432.700,52.9,0.000,0.833,0.640,0.6296,-0.1620,1.00,-0.09549,0.190,0.400,0.000,-1.0000,-1.0000,TRACKING,R+C
1786984432.717,52.9,0.000,0.824,0.626,0.6053,-0.1572,0.35,-0.10243,0.190,0.400,0.000,-1.0000,-1.0000,TRACKING,R+C
1786984432.732,52.9,0.000,0.802,0.616,0.6067,-0.1529,-1.46,-0.22538,0.177,0.400,0.000,-1.0000,-1.0000,TRACKING,R+C
1786984432.747,52.9,0.000,0.805,0.624,0.5987,-0.1469,-1.16,-0.14321,0.186,0.400,0.000,-1.0000,-1.0000,TRACKING,R+C
1786984432.764,52.9,0.000,0.785,0.619,0.5914,-0.1437,-4.01,-0.35093,0.165,0.400,0.000,-1.0000,-1.0000,TRACKING,R+C
1786984432.779,52.9,0.000,0.785,0.619,0.5914,-0.1150,-3.21,-0.28074,0.165,0.400,0.000,-1.0000,-1.0000,TRACKING,prediction
1786984432.797,52.9,0.000,0.754,0.616,0.5844,-0.1360,-6.22,-0.52576,0.150,0.400,0.000,-1.0000,-1.0000,TRACKING,R+C
1786984432.813,52.9,0.000,0.754,0.615,0.5839,-0.1356,-6.84,-0.56281,0.150,0.400,0.000,-1.0000,-1.0000,TRACKING,R+C
1786984432.831,52.9,0.000,0.754,0.617,0.5803,-0.1374,-7.54,-0.61634,0.150,0.400,0.000,-1.0000,-1.0000,TRACKING,R+C
1786984432.853,52.9,0.000,0.763,0.618,0.5786,-0.1404,-7.91,-0.63780,0.150,0.400,0.000,-1.0000,-1.0000,TRACKING,R+C
1786984432.882,52.9,0.000,0.745,0.618,0.5754,-0.1458,-10.80,-0.86576,0.150,0.400,0.000,-1.0000,-1.0000,TRACKING,R+C
1786984432.897,52.9,0.000,0.734,0.616,0.5814,-0.1440,-10.42,-0.87714,0.150,0.400,0.000,-1.0000,-1.0000,TRACKING,R+C
1786984432.912,52.9,0.000,0.732,0.617,0.5784,-0.1402,-10.80,-0.90707,0.150,0.400,0.000,-1.0000,-1.0000,TRACKING,R+C
1786984432.928,52.9,0.000,0.713,0.617,0.5752,-0.1352,-12.74,-1.08790,0.150,0.400,0.000,-1.0000,-1.0000,TRACKING,R+C
1786984432.941,52.9,0.000,0.709,0.621,0.5672,-0.1277,-13.67,-1.14933,0.150,0.400,0.000,-1.0000,-1.0000,TRACKING,R+C
1786984432.955,52.9,0.000,0.714,0.620,0.5624,-0.1203,-14.67,-1.22269,0.150,0.400,0.000,-1.0000,-1.0000,TRACKING,R+C
1786984432.978,52.9,0.000,0.713,0.630,0.5545,-0.1133,-16.43,-1.33525,0.150,0.400,0.000,-1.0000,-1.0000,TRACKING,R+C
1786984432.994,52.9,0.000,0.717,0.637,0.5481,-0.0997,-15.10,-1.29956,0.150,0.400,0.000,-1.0000,-1.0000,TRACKING,R+C
1786984433.023,52.9,0.947,0.708,0.619,0.5036,-0.0893,-16.21,-1.42021,0.150,0.400,0.000,-0.9238,-0.9619,TRACKING,L+C+R_fused
1786984433.052,52.9,0.930,0.722,0.665,0.5179,-0.0789,-16.32,-1.46380,0.150,0.400,0.000,-0.8173,-0.8511,TRACKING,L+C+R_fused
1786984433.076,52.9,0.932,0.731,0.641,0.5217,-0.0700,-15.99,-1.48038,0.150,0.400,0.000,-0.7245,-0.7551,TRACKING,L+C+R_fused
1786984433.091,52.9,0.934,0.742,0.642,0.5070,-0.0633,-15.76,-1.51593,0.150,0.400,0.000,-0.6501,-0.6786,TRACKING,L+C+R_fused
1786984433.107,52.9,0.941,0.748,0.609,0.5088,-0.0613,-16.59,-1.63993,0.150,0.400,0.000,-0.6151,-0.6439,TRACKING,L+C+R_fused
1786984433.124,52.9,0.948,0.757,0.645,0.4863,-0.0556,-13.71,-1.55252,0.150,0.400,0.000,-0.6203,-0.6495,TRACKING,L+C+R_fused
1786984433.152,52.9,0.646,0.750,0.647,0.4737,-0.0531,-14.01,-1.68933,0.150,0.400,0.000,-0.5967,-0.6269,TRACKING,L+C+R_fused
1786984433.171,52.9,0.000,0.747,0.676,0.4895,-0.0472,-12.46,-1.66913,0.150,0.400,0.000,-0.5626,-0.5922,TRACKING,R+C
1786984433.193,52.9,0.000,0.749,0.706,0.5046,-0.0388,-10.69,-1.61748,0.150,0.400,0.000,-0.4931,-0.5208,TRACKING,R+C
1786984433.211,52.9,0.625,0.745,0.771,0.4693,-0.0281,-10.15,-1.64485,0.150,0.400,0.000,-0.3501,-0.3743,TRACKING,L+C+R_fused
1786984433.225,52.9,0.945,0.746,0.913,0.5006,-0.0158,-8.69,-1.62215,0.150,0.400,0.000,-0.1973,-0.2178,TRACKING,L+C+R_fused
1786984433.243,52.9,0.928,0.742,0.723,0.5130,-0.0045,-7.71,-1.62963,0.150,0.400,0.000,-0.0415,-0.0586,TRACKING,L+C+R_fused
1786984433.262,52.9,0.924,0.741,0.799,0.5175,0.0039,-7.20,-1.66159,0.150,0.400,0.000,0.0799,0.0653,TRACKING,L+C+R_fused
1786984433.291,52.9,0.925,0.760,0.914,0.5165,0.0119,-5.06,-1.56280,0.150,0.400,0.000,0.1462,0.1332,TRACKING,L+C+R_fused
1786984433.319,52.9,0.934,0.763,0.912,0.5130,0.0159,-3.13,-1.45582,0.150,0.400,0.000,0.1526,0.1398,TRACKING,L+C+R_fused
1786984433.341,52.9,0.946,0.760,0.921,0.5066,0.0155,-3.19,-1.53991,0.150,0.400,0.000,0.1331,0.1187,TRACKING,L+C+R_fused
1786984433.360,52.9,0.000,0.760,0.910,0.4884,0.0164,-1.49,-1.47309,0.150,0.400,0.000,0.0858,0.0698,TRACKING,R+C
1786984433.380,52.9,0.000,0.759,0.923,0.4917,0.0158,-0.56,-1.48560,0.150,0.400,0.000,0.0326,0.0143,TRACKING,R+C
1786984433.395,52.9,0.000,0.748,0.918,0.5058,0.0138,0.37,-1.48470,0.150,0.400,0.000,-0.0448,-0.0658,TRACKING,R+C
1786984433.410,52.9,0.000,0.751,0.919,0.5113,0.0111,1.62,-1.45209,0.150,0.400,0.000,-0.1418,-0.1660,TRACKING,R+C
1786984433.425,52.9,0.000,0.758,0.912,0.5188,0.0083,2.56,-1.44842,0.150,0.400,0.000,-0.2325,-0.2599,TRACKING,R+C
1786984433.441,52.9,0.000,0.760,0.899,0.5194,0.0046,3.23,-1.43327,0.150,0.400,0.000,-0.3206,-0.3508,TRACKING,R+C
1786984433.457,52.9,0.000,0.760,0.890,0.5337,0.0021,4.79,-1.33875,0.150,0.400,0.000,-0.4112,-0.4441,TRACKING,R+C
1786984433.470,52.9,0.000,0.754,0.892,0.5432,-0.0014,5.34,-1.34646,0.150,0.400,0.000,-0.4886,-0.5245,TRACKING,R+C
1786984433.486,52.9,0.000,0.746,0.880,0.5526,-0.0069,5.12,-1.42504,0.150,0.400,0.000,-0.5745,-0.6139,TRACKING,R+C
1786984433.510,52.9,0.000,0.751,0.881,0.5648,-0.0115,7.02,-1.27166,0.150,0.400,0.000,-0.6830,-0.7258,TRACKING,R+C
1786984433.526,52.9,0.000,0.751,0.880,0.5728,-0.0187,6.49,-1.37723,0.150,0.400,0.000,-0.7690,-0.8160,TRACKING,R+C
1786984433.539,52.9,0.000,0.757,0.863,0.5808,-0.0253,6.76,-1.39855,0.150,0.400,0.000,-0.8536,-0.9046,TRACKING,R+C
1786984433.555,52.9,0.000,0.759,0.861,0.5899,-0.0274,8.97,-1.17817,0.150,0.400,0.000,-0.9115,-0.9642,TRACKING,R+C
1786984433.571,52.9,0.000,0.760,0.854,0.5947,-0.0311,8.80,-1.21081,0.150,0.400,0.000,-0.9461,-1.0000,TRACKING,R+C
1786984433.589,52.9,0.000,0.753,0.851,0.5948,-0.0314,8.29,-1.28742,0.150,0.400,0.000,-0.9440,-0.9991,TRACKING,R+C
1786984433.605,54.6,0.000,0.764,0.857,0.5941,-0.0289,8.97,-1.22138,0.150,0.400,0.000,-0.9304,-0.9846,TRACKING,R+C
1786984433.621,54.6,0.000,0.766,0.850,0.5936,-0.0276,9.73,-1.14131,0.150,0.400,0.000,-0.9289,-0.9827,TRACKING,R+C
1786984433.645,54.6,0.000,0.766,0.850,0.5936,-0.0221,7.78,-0.91305,0.150,0.400,0.000,-0.9289,-0.9827,TRACKING,prediction
1786984433.663,54.6,0.000,0.766,0.850,0.5936,-0.0176,6.22,-0.73044,0.150,0.400,0.000,-0.9289,-0.9827,TRACKING,prediction
1786984433.687,54.6,0.000,0.766,0.850,0.5936,-0.0141,4.98,-0.58435,0.150,0.400,0.000,-0.9289,-0.9827,TRACKING,prediction
1786984433.706,54.6,0.000,0.766,0.850,0.5936,-0.0113,3.98,-0.46748,0.150,0.400,0.000,-0.9289,-0.9827,TRACKING,prediction
1786984433.722,54.6,0.000,0.766,0.850,0.5936,-0.0090,3.19,-0.37399,0.150,0.400,0.000,-0.9289,-0.9827,TRACKING,prediction
1786984433.738,54.6,0.000,0.766,0.850,0.5936,-0.0072,2.55,-0.29919,0.150,0.400,0.000,-0.9289,-0.9827,TRACKING,prediction
1786984433.753,54.6,0.000,0.766,0.850,0.5936,-0.0058,2.04,-0.23935,0.150,0.400,0.000,-0.9289,-0.9827,TRACKING,prediction
1786984433.768,54.6,0.000,0.766,0.850,0.5936,-0.0046,1.63,-0.19148,0.150,0.400,0.000,-0.9289,-0.9827,TRACKING,prediction
1786984433.793,54.6,0.000,0.766,0.850,0.5936,-0.0037,1.31,-0.15318,0.150,0.400,0.000,-0.9289,-0.9827,TRACKING,prediction
1786984433.810,54.6,0.000,0.766,0.850,0.5936,-0.0030,1.04,-0.12255,0.150,0.387,0.000,-0.9289,-0.9827,TRACKING,prediction
1786984433.825,54.6,0.000,0.766,0.850,0.5936,-0.0024,0.84,-0.09804,0.150,0.368,0.000,-0.9289,-0.9827,TRACKING,prediction
1786984433.839,54.6,0.000,0.766,0.850,0.5936,-0.0019,0.67,-0.07843,0.150,0.349,0.000,-0.9289,-0.9827,TRACKING,prediction
1786984433.854,54.6,0.000,0.766,0.850,0.5936,-0.0015,0.53,-0.06274,0.150,0.332,0.000,-0.9289,-0.9827,TRACKING,prediction
1786984433.873,54.6,0.000,0.786,0.870,0.5900,-0.0382,10.44,-0.93174,0.150,0.400,0.000,-1.0000,-1.0000,TRACKING,R+C
1786984433.890,54.6,0.000,0.786,0.870,0.5900,-0.0306,8.35,-0.74539,0.150,0.400,0.000,-1.0000,-1.0000,TRACKING,prediction
1786984433.908,54.6,0.000,0.753,0.861,0.5830,-0.0355,10.07,-0.96536,0.150,0.400,0.000,-0.9925,-1.0000,TRACKING,R+C
1786984433.922,54.6,0.000,0.740,0.869,0.5787,-0.0330,10.71,-0.86639,0.150,0.400,0.000,-0.9762,-1.0000,TRACKING,R+C
1786984433.936,54.6,0.000,0.750,0.876,0.5727,-0.0307,10.04,-0.91737,0.150,0.400,0.000,-0.9435,-0.9952,TRACKING,R+C
1786984433.952,54.6,0.000,0.733,0.882,0.5707,-0.0296,9.15,-0.94886,0.150,0.400,0.000,-0.9135,-0.9634,TRACKING,R+C
1786984433.970,54.6,0.000,0.738,0.890,0.5667,-0.0268,8.73,-0.95925,0.150,0.400,0.000,-0.8747,-0.9225,TRACKING,R+C
1786984433.983,54.6,0.000,0.738,0.879,0.5621,-0.0229,8.57,-0.95976,0.150,0.400,0.000,-0.8291,-0.8747,TRACKING,R+C
1786984433.995,54.6,0.000,0.715,0.888,0.5558,-0.0241,6.00,-1.12515,0.150,0.400,0.000,-0.7852,-0.8290,TRACKING,R+C
1786984434.023,54.6,0.000,0.724,0.895,0.5485,-0.0183,6.57,-1.06910,0.150,0.400,0.000,-0.7273,-0.7685,TRACKING,R+C
1786984434.038,54.6,0.000,0.794,0.898,0.5462,-0.0070,10.78,-0.69807,0.150,0.400,0.000,-0.6733,-0.7114,TRACKING,R+C
1786984434.053,54.6,0.000,0.794,0.910,0.5399,-0.0027,10.60,-0.69380,0.150,0.400,0.000,-0.6088,-0.6444,TRACKING,R+C
1786984434.066,54.6,0.000,0.797,0.923,0.5357,-0.0005,9.90,-0.74617,0.150,0.400,0.000,-0.5591,-0.5931,TRACKING,R+C
1786984434.084,54.6,0.000,0.797,0.923,0.5357,-0.0004,7.92,-0.59694,0.150,0.400,0.000,-0.5591,-0.5931,TRACKING,prediction
1786984434.100,54.6,0.000,0.797,0.923,0.5357,-0.0003,6.33,-0.47755,0.150,0.400,0.000,-0.5591,-0.5931,TRACKING,prediction
1786984434.115,54.6,0.000,0.797,0.923,0.5357,-0.0003,5.07,-0.38204,0.150,0.400,0.000,-0.5591,-0.5931,TRACKING,prediction
1786984434.129,54.6,0.000,0.799,0.902,0.5422,-0.0089,9.99,-0.72809,0.150,0.400,0.000,-0.6747,-0.7125,TRACKING,R+C
1786984434.148,54.6,0.000,0.799,0.902,0.5422,-0.0071,7.99,-0.58247,0.150,0.400,0.000,-0.6747,-0.7125,TRACKING,prediction
1786984434.162,54.6,0.000,0.810,0.885,0.5544,-0.0239,10.31,-0.69525,0.150,0.400,0.000,-0.8588,-0.9037,TRACKING,R+C
1786984434.186,54.6,0.000,0.803,0.880,0.5584,-0.0325,10.12,-0.70176,0.150,0.400,0.000,-0.9411,-0.9898,TRACKING,R+C
1786984434.201,54.6,0.000,0.808,0.888,0.5644,-0.0391,10.05,-0.69549,0.150,0.400,0.000,-0.9978,-1.0000,TRACKING,R+C
1786984434.224,54.6,0.000,0.802,0.872,0.5673,-0.0450,10.05,-0.68358,0.150,0.400,0.000,-1.0000,-1.0000,TRACKING,R+C
1786984434.240,54.6,0.000,0.813,0.873,0.5703,-0.0495,10.12,-0.66765,0.150,0.400,0.000,-1.0000,-1.0000,TRACKING,R+C
1786984434.261,54.6,0.000,0.826,0.860,0.5728,-0.0522,10.00,-0.65428,0.150,0.400,0.000,-1.0000,-1.0000,TRACKING,R+C
1786984434.277,54.6,0.000,0.828,0.858,0.5698,-0.0508,10.44,-0.56861,0.150,0.400,0.000,-1.0000,-1.0000,TRACKING,R+C
1786984434.299,54.6,0.000,0.831,0.866,0.5617,-0.0475,10.12,-0.57745,0.150,0.400,0.000,-1.0000,-1.0000,TRACKING,R+C
1786984434.314,54.6,0.000,0.826,0.870,0.5533,-0.0440,8.98,-0.65458,0.150,0.400,0.000,-1.0000,-1.0000,TRACKING,R+C
1786984434.330,54.6,0.000,0.801,0.884,0.5472,-0.0400,7.46,-0.77498,0.150,0.400,0.000,-0.9527,-1.0000,TRACKING,R+C
1786984434.352,54.6,0.000,0.810,0.892,0.5465,-0.0327,8.39,-0.65898,0.150,0.400,0.000,-0.8929,-0.9371,TRACKING,R+C
1786984434.365,54.6,0.000,0.807,0.902,0.5418,-0.0270,8.31,-0.64770,0.150,0.400,0.000,-0.8295,-0.8707,TRACKING,R+C
1786984434.378,54.6,0.000,0.812,0.896,0.5358,-0.0220,8.17,-0.63775,0.150,0.400,0.000,-0.7672,-0.8056,TRACKING,R+C
1786984434.402,54.6,0.000,0.815,0.901,0.5272,-0.0182,7.44,-0.69780,0.150,0.400,0.000,-0.7040,-0.7401,TRACKING,R+C
1786984434.417,54.6,0.000,0.817,0.904,0.5212,-0.0139,7.11,-0.70149,0.150,0.400,0.000,-0.6372,-0.6707,TRACKING,R+C
1786984434.434,54.6,0.858,0.817,0.925,0.5110,-0.0119,6.12,-0.76492,0.150,0.400,0.000,-0.5832,-0.6149,TRACKING,L+C+R_fused
1786984434.450,54.6,0.957,0.817,0.926,0.5098,-0.0101,5.58,-0.78718,0.150,0.400,0.000,-0.5408,-0.5710,TRACKING,L+C+R_fused
1786984434.473,54.6,0.956,0.816,0.921,0.5086,-0.0082,6.20,-0.74010,0.150,0.400,0.000,-0.5283,-0.5580,TRACKING,L+C+R_fused
1786984434.487,54.6,0.956,0.816,0.921,0.5086,-0.0065,4.96,-0.59208,0.150,0.400,0.000,-0.5283,-0.5580,TRACKING,prediction
1786984434.505,54.6,0.956,0.816,0.921,0.5086,-0.0052,3.97,-0.47367,0.150,0.400,0.000,-0.5283,-0.5580,TRACKING,prediction
1786984434.527,54.6,0.000,0.817,0.911,0.5233,-0.0171,6.30,-0.72686,0.150,0.400,0.000,-0.6559,-0.6898,TRACKING,R+C
1786984434.539,54.6,0.000,0.817,0.917,0.5257,-0.0180,6.25,-0.71897,0.150,0.400,0.000,-0.6644,-0.6984,TRACKING,R+C
1786984434.553,54.6,0.000,0.812,0.920,0.5247,-0.0146,6.41,-0.70289,0.150,0.400,0.000,-0.6226,-0.6551,TRACKING,R+C
1786984434.570,54.6,0.916,0.805,0.926,0.5083,-0.0104,5.51,-0.75001,0.150,0.400,0.000,-0.5369,-0.5664,TRACKING,L+C+R_fused
1786984434.590,54.6,0.856,0.798,0.931,0.4901,-0.0023,6.00,-0.70391,0.150,0.400,0.000,-0.4243,-0.4501,TRACKING,L+C+R_fused
1786984434.604,54.6,0.957,0.800,0.925,0.5205,0.0050,5.88,-0.70081,0.150,0.400,0.000,-0.2995,-0.3216,TRACKING,L+C+R_fused
1786984434.620,58.1,0.956,0.799,0.923,0.5070,0.0126,6.22,-0.66400,0.150,0.400,0.000,-0.1784,-0.1969,TRACKING,L+C+R_fused
1786984434.639,58.1,0.950,0.811,0.892,0.5117,0.0173,6.24,-0.65383,0.150,0.400,0.000,-0.0956,-0.1119,TRACKING,L+C+R_fused
1786984434.661,58.1,0.952,0.814,0.933,0.5133,0.0208,6.22,-0.66841,0.150,0.400,0.000,-0.0354,-0.0503,TRACKING,L+C+R_fused
1786984434.688,58.1,0.952,0.820,0.713,0.5138,0.0227,6.80,-0.62464,0.150,0.400,0.000,-0.0186,-0.0329,TRACKING,L+C+R_fused
1786984434.714,58.1,0.953,0.812,0.344,0.5127,0.0206,6.40,-0.67096,0.150,0.400,0.000,-0.0476,-0.0630,TRACKING,L+C+R_fused
1786984434.729,58.1,0.950,0.806,0.815,0.5169,0.0190,6.44,-0.68036,0.150,0.400,0.000,-0.0793,-0.0957,TRACKING,L+C+R_fused
1786984434.757,58.1,0.943,0.809,0.913,0.5211,0.0184,6.40,-0.69294,0.150,0.400,0.000,-0.0900,-0.1068,TRACKING,L+C+R_fused
1786984434.773,58.1,0.949,0.811,0.912,0.5186,0.0180,6.08,-0.71020,0.150,0.400,0.000,-0.0847,-0.1013,TRACKING,L+C+R_fused
1786984434.789,58.1,0.947,0.806,0.749,0.5164,0.0186,6.58,-0.69142,0.150,0.400,0.000,-0.0946,-0.1117,TRACKING,L+C+R_fused
1786984434.812,58.1,0.954,0.803,0.917,0.5132,0.0165,6.38,-0.72383,0.150,0.400,0.000,-0.1291,-0.1473,TRACKING,L+C+R_fused
1786984434.832,58.1,0.954,0.801,0.916,0.5185,0.0133,6.30,-0.74204,0.150,0.400,0.000,-0.1849,-0.2048,TRACKING,L+C+R_fused
1786984434.854,58.1,0.953,0.808,0.904,0.5185,0.0103,6.70,-0.72635,0.150,0.400,0.000,-0.2509,-0.2727,TRACKING,L+C+R_fused
1786984434.867,58.1,0.953,0.802,0.904,0.5274,0.0082,6.42,-0.77526,0.150,0.400,0.000,-0.2827,-0.3058,TRACKING,L+C+R_fused
1786984434.884,58.1,0.953,0.802,0.904,0.5274,0.0066,5.14,-0.62021,0.150,0.400,0.000,-0.2827,-0.3058,TRACKING,prediction
1786984434.897,58.1,0.956,0.808,0.899,0.5011,0.0083,5.31,-0.89055,0.150,0.400,0.000,-0.2528,-0.2757,TRACKING,L+C+R_fused
1786984434.915,58.1,0.948,0.793,0.907,0.4990,0.0139,5.72,-0.88806,0.150,0.400,0.000,-0.1739,-0.1950,TRACKING,L+C+R_fused
1786984434.931,58.1,0.948,0.793,0.907,0.4990,0.0111,4.57,-0.71045,0.150,0.400,0.000,-0.1739,-0.1950,TRACKING,prediction
1786984434.957,58.1,0.950,0.808,0.922,0.4819,0.0257,6.66,-0.81910,0.150,0.400,0.000,0.0041,-0.0121,TRACKING,L+C+R_fused
1786984434.973,58.1,0.947,0.802,0.908,0.4762,0.0274,5.09,-1.01023,0.150,0.400,0.000,0.0707,0.0550,TRACKING,L+C+R_fused
1786984434.988,58.1,0.947,0.795,0.923,0.4768,0.0299,4.86,-1.04054,0.150,0.400,0.000,0.1194,0.1049,TRACKING,L+C+R_fused
1786984435.018,58.1,0.946,0.802,0.928,0.4774,0.0349,5.65,-0.93818,0.150,0.400,0.000,0.1898,0.1778,TRACKING,L+C+R_fused
1786984435.033,58.1,0.943,0.794,0.926,0.4789,0.0402,4.67,-1.03454,0.150,0.400,0.000,0.3068,0.2976,TRACKING,L+C+R_fused
1786984435.057,58.1,0.934,0.788,0.708,0.4782,0.0487,4.77,-1.03746,0.150,0.400,0.000,0.4407,0.4352,TRACKING,L+C+R_fused
1786984435.071,58.1,0.918,0.791,0.372,0.5318,0.0575,5.51,-0.95673,0.150,0.400,0.000,0.5560,0.5545,TRACKING,L+C+R_fused
1786984435.084,58.1,0.929,0.793,0.378,0.5244,0.0653,5.49,-0.95798,0.150,0.400,0.000,0.6654,0.6676,TRACKING,L+C+R_fused
1786984435.100,58.1,0.912,0.799,0.000,0.5219,0.0721,5.37,-0.96817,0.150,0.400,0.000,0.7533,0.7587,TRACKING,L+C
1786984435.117,58.1,0.919,0.794,0.379,0.5954,0.0773,4.79,-1.03978,0.150,0.400,0.000,0.8222,0.8300,TRACKING,L+C+R_fused
1786984435.128,58.1,0.913,0.800,0.000,0.5306,0.0801,4.96,-1.03049,0.150,0.400,0.000,0.8496,0.8586,TRACKING,L+C
1786984435.147,58.1,0.917,0.796,0.379,0.5943,0.0797,4.01,-1.12996,0.150,0.400,0.000,0.8599,0.8688,TRACKING,L+C+R_fused
1786984435.165,58.1,0.907,0.789,0.376,0.4411,0.0834,4.82,-1.09157,0.150,0.400,0.000,0.8813,0.8910,TRACKING,L+C+R_fused
1786984435.179,58.1,0.889,0.790,0.908,0.4864,0.0863,5.74,-1.04643,0.150,0.400,0.000,0.8915,0.9015,TRACKING,L+C+R_fused
1786984435.195,58.1,0.899,0.787,0.761,0.4954,0.0884,5.87,-1.05902,0.150,0.400,0.000,0.9080,0.9185,TRACKING,L+C+R_fused
1786984435.211,58.1,0.900,0.783,0.336,0.4921,0.0905,5.87,-1.08525,0.150,0.400,0.000,0.9261,0.9370,TRACKING,L+C+R_fused
1786984435.238,58.1,0.912,0.784,0.666,0.4895,0.0913,6.90,-1.01531,0.150,0.400,0.000,0.9142,0.9246,TRACKING,L+C+R_fused
1786984435.257,58.1,0.905,0.774,0.314,0.4904,0.0884,6.64,-1.06385,0.150,0.400,0.000,0.8872,0.8960,TRACKING,L+C+R_fused
1786984435.274,58.1,0.896,0.772,0.327,0.5090,0.0847,5.81,-1.15531,0.150,0.400,0.000,0.8611,0.8681,TRACKING,L+C+R_fused
1786984435.288,58.1,0.918,0.768,0.775,0.4980,0.0819,5.84,-1.18218,0.150,0.400,0.000,0.8263,0.8315,TRACKING,L+C+R_fused
1786984435.304,58.1,0.918,0.761,0.918,0.5003,0.0800,6.61,-1.15441,0.150,0.400,0.000,0.7859,0.7891,TRACKING,L+C+R_fused
1786984435.318,58.1,0.918,0.761,0.918,0.5003,0.0640,5.28,-0.92353,0.150,0.400,0.000,0.7859,0.7891,TRACKING,prediction
1786984435.331,58.1,0.931,0.755,0.663,0.5083,0.0735,7.15,-1.17753,0.150,0.400,0.000,0.6856,0.6841,TRACKING,L+C+R_fused
1786984435.348,58.1,0.952,0.740,0.774,0.4986,0.0692,6.39,-1.30571,0.150,0.400,0.000,0.6365,0.6323,TRACKING,L+C+R_fused
1786984435.361,58.1,0.000,0.745,0.899,0.4703,0.0657,7.05,-1.27178,0.150,0.400,0.000,0.5683,0.5616,TRACKING,R+C
1786984435.380,58.1,0.000,0.753,0.876,0.4726,0.0607,6.53,-1.34863,0.150,0.400,0.000,0.5036,0.4943,TRACKING,R+C
1786984435.394,58.1,0.000,0.727,0.874,0.4824,0.0570,6.23,-1.46162,0.150,0.400,0.000,0.4409,0.4285,TRACKING,R+C
1786984435.409,58.1,0.000,0.739,0.866,0.4828,0.0532,7.59,-1.36951,0.150,0.400,0.000,0.3377,0.3223,TRACKING,R+C
1786984435.435,58.1,0.000,0.737,0.877,0.4899,0.0471,7.95,-1.37084,0.150,0.400,0.000,0.2179,0.1987,TRACKING,R+C
1786984435.448,58.1,0.000,0.746,0.883,0.4980,0.0417,8.62,-1.35386,0.150,0.400,0.000,0.0952,0.0724,TRACKING,R+C
1786984435.464,58.1,0.000,0.746,0.883,0.4980,0.0334,6.90,-1.08309,0.150,0.400,0.000,0.0952,0.0724,TRACKING,prediction
1786984435.486,58.1,0.000,0.739,0.868,0.5105,0.0339,6.83,-1.59368,0.150,0.400,0.000,-0.0042,-0.0312,TRACKING,R+C
1786984435.503,58.1,0.000,0.744,0.865,0.5196,0.0357,7.51,-1.54362,0.150,0.400,0.000,0.0045,-0.0223,TRACKING,R+C
1786984435.527,58.1,0.000,0.737,0.854,0.5160,0.0399,8.18,-1.50309,0.150,0.400,0.000,0.0552,0.0297,TRACKING,R+C
1786984435.543,58.1,0.000,0.741,0.844,0.5144,0.0428,8.26,-1.50547,0.150,0.400,0.000,0.1030,0.0787,TRACKING,R+C
1786984435.558,58.1,0.000,0.742,0.847,0.5120,0.0452,8.64,-1.49254,0.150,0.400,0.000,0.1286,0.1047,TRACKING,R+C
1786984435.575,58.1,0.000,0.742,0.847,0.5120,0.0361,6.91,-1.19403,0.150,0.400,0.000,0.1286,0.1047,TRACKING,prediction
1786984435.590,58.1,0.000,0.742,0.847,0.5120,0.0289,5.53,-0.95522,0.150,0.400,0.000,0.1286,0.1047,TRACKING,prediction
1786984435.618,58.1,0.000,0.728,0.831,0.5322,0.0315,7.05,-1.73480,0.150,0.400,0.000,-0.0836,-0.1148,TRACKING,R+C
1786984435.632,55.3,0.000,0.728,0.831,0.5322,0.0252,5.64,-1.38784,0.150,0.400,0.000,-0.0836,-0.1148,TRACKING,prediction
1786984435.647,55.3,0.000,0.728,0.831,0.5322,0.0202,4.51,-1.11027,0.150,0.400,0.000,-0.0836,-0.1148,TRACKING,prediction
1786984435.660,55.3,0.000,0.717,0.831,0.5648,0.0178,9.29,-1.70193,0.150,0.400,0.000,-0.4134,-0.4554,TRACKING,R+C
1786984435.686,55.3,0.000,0.719,0.815,0.5728,0.0147,9.11,-1.79893,0.150,0.400,0.000,-0.4700,-0.5150,TRACKING,R+C
1786984435.699,55.3,0.000,0.726,0.811,0.5749,0.0148,9.79,-1.75358,0.150,0.400,0.000,-0.4898,-0.5354,TRACKING,R+C
1786984435.717,55.3,0.000,0.721,0.813,0.5751,0.0126,7.81,-2.02678,0.150,0.400,0.000,-0.4846,-0.5318,TRACKING,R+C
1786984435.731,55.3,0.000,0.708,0.811,0.5773,0.0142,8.74,-1.97315,0.150,0.400,0.000,-0.4905,-0.5380,TRACKING,R+C
1786984435.758,55.3,0.000,0.704,0.814,0.5844,0.0120,8.65,-2.01784,0.150,0.400,0.000,-0.5274,-0.5767,TRACKING,R+C
1786984435.773,55.3,0.000,0.693,0.806,0.5947,0.0056,8.64,-2.07571,0.150,0.400,0.000,-0.6270,-0.6803,TRACKING,R+C
1786984435.788,55.3,0.000,0.701,0.804,0.6029,-0.0013,9.99,-1.95798,0.150,0.400,0.000,-0.7481,-0.8056,TRACKING,R+C
1786984435.804,55.3,0.000,0.698,0.787,0.6145,-0.0113,6.74,-2.43377,0.150,0.400,0.000,-0.8195,-0.8826,TRACKING,R+C
1786984435.822,55.3,0.000,0.698,0.787,0.6145,-0.0090,5.39,-1.94701,0.150,0.400,0.000,-0.8195,-0.8826,TRACKING,prediction
1786984435.839,55.3,0.000,0.713,0.792,0.6242,-0.0118,9.59,-2.22296,0.150,0.400,0.000,-0.8850,-0.9508,TRACKING,R+C
1786984435.855,55.3,0.000,0.725,0.791,0.6266,-0.0109,10.29,-2.14210,0.150,0.400,0.000,-0.8864,-0.9520,TRACKING,R+C
1786984435.876,55.3,0.000,0.727,0.789,0.6308,-0.0107,11.23,-2.02673,0.150,0.400,0.000,-0.8989,-0.9646,TRACKING,R+C
1786984435.896,55.3,0.000,0.721,0.795,0.6361,-0.0140,12.32,-1.91565,0.150,0.400,0.000,-0.9493,-1.0000,TRACKING,R+C
1786984435.918,55.3,0.000,0.721,0.795,0.6361,-0.0112,9.86,-1.53252,0.150,0.400,0.000,-0.9493,-1.0000,TRACKING,prediction
1786984435.935,55.3,0.000,0.728,0.791,0.6580,-0.0272,15.52,-1.56838,0.150,0.400,0.000,-1.0000,-1.0000,TRACKING,R+C
1786984435.951,55.3,0.000,0.732,0.785,0.6671,-0.0337,17.20,-1.38684,0.150,0.400,0.000,-1.0000,-1.0000,TRACKING,R+C
1786984435.974,55.3,0.000,0.732,0.785,0.6671,-0.0270,13.76,-1.10947,0.150,0.400,0.000,-1.0000,-1.0000,TRACKING,prediction
1786984435.995,55.3,0.000,0.732,0.785,0.6671,-0.0216,11.01,-0.88757,0.150,0.400,0.000,-1.0000,-1.0000,TRACKING,prediction
1786984436.020,55.3,0.000,0.732,0.785,0.6671,-0.0173,8.81,-0.71006,0.150,0.400,0.000,-1.0000,-1.0000,TRACKING,prediction
1786984436.034,55.3,0.000,0.732,0.785,0.6671,-0.0138,7.05,-0.56805,0.150,0.400,0.000,-1.0000,-1.0000,TRACKING,prediction
1786984436.048,55.3,0.000,0.732,0.785,0.6671,-0.0110,5.64,-0.45444,0.150,0.400,0.000,-1.0000,-1.0000,TRACKING,prediction
1786984436.065,55.3,0.000,0.732,0.785,0.6671,-0.0088,4.51,-0.36355,0.150,0.400,0.000,-1.0000,-1.0000,TRACKING,prediction
1786984436.093,55.3,0.000,0.732,0.785,0.6671,-0.0071,3.61,-0.29084,0.150,0.400,0.000,-1.0000,-1.0000,TRACKING,prediction
1786984436.115,55.3,0.000,0.732,0.785,0.6671,-0.0057,2.89,-0.23267,0.150,0.400,0.000,-1.0000,-1.0000,TRACKING,prediction
1786984436.129,55.3,0.000,0.732,0.785,0.6671,-0.0045,2.31,-0.18614,0.150,0.382,0.000,-1.0000,-1.0000,TRACKING,prediction
1786984436.158,55.3,0.000,0.732,0.785,0.6671,-0.0036,1.85,-0.14891,0.150,0.363,0.000,-1.0000,-1.0000,TRACKING,prediction
1786984436.172,55.3,0.000,0.732,0.785,0.6671,-0.0029,1.48,-0.11913,0.150,0.345,0.000,-1.0000,-1.0000,TRACKING,prediction
1786984436.188,55.3,0.000,0.732,0.785,0.6671,-0.0023,1.18,-0.09530,0.150,0.328,0.000,-1.0000,-1.0000,TRACKING,prediction
1786984436.205,55.3,0.000,0.732,0.785,0.6671,-0.0019,0.95,-0.07624,0.150,0.280,0.000,-1.0000,-1.0000,UNCERTAIN,prediction
1786984436.235,55.3,0.000,0.732,0.785,0.6671,-0.0015,0.76,-0.06099,0.150,0.280,0.000,-1.0000,-1.0000,UNCERTAIN,prediction
1786984436.249,55.3,0.000,0.732,0.785,0.6671,-0.0012,0.61,-0.04879,0.150,0.280,0.000,-1.0000,-1.0000,UNCERTAIN,prediction
1786984436.263,55.3,0.000,0.732,0.785,0.6671,-0.0009,0.48,-0.03904,0.150,0.267,0.000,-1.0000,-1.0000,UNCERTAIN,prediction
1786984436.280,55.3,0.000,0.732,0.785,0.6671,-0.0008,0.39,-0.03123,0.150,0.254,0.000,-1.0000,-1.0000,UNCERTAIN,prediction
1786984436.308,55.3,0.000,0.732,0.785,0.6671,-0.0006,0.31,-0.02498,0.150,0.241,0.000,-1.0000,-1.0000,UNCERTAIN,prediction
1786984436.323,55.3,0.000,0.732,0.785,0.6671,-0.0005,0.25,-0.01999,0.150,0.229,0.000,-1.0000,-1.0000,UNCERTAIN,prediction
1786984436.340,55.3,0.000,0.732,0.785,0.6671,-0.0004,0.20,-0.01599,0.150,0.217,0.000,-1.0000,-1.0000,UNCERTAIN,prediction
1786984436.355,55.3,0.000,0.732,0.785,0.6671,-0.0003,0.16,-0.01279,0.150,0.207,0.000,-1.0000,-1.0000,UNCERTAIN,prediction
1786984436.371,55.3,0.000,0.732,0.785,0.6671,-0.0002,0.13,-0.01023,0.150,0.196,0.000,-1.0000,-1.0000,UNCERTAIN,prediction
1786984436.395,55.3,0.867,0.767,0.000,0.6469,0.2807,35.50,-0.09479,0.191,0.400,0.000,1.0000,0.0480,TRACKING,L+C
1786984436.414,55.3,0.867,0.767,0.000,0.6469,0.2246,28.40,-0.07583,0.191,0.400,0.000,1.0000,1.0000,TRACKING,prediction
1786984436.427,55.3,0.857,0.773,0.000,0.6295,0.2703,33.32,-0.09348,0.191,0.400,0.000,1.0000,1.0000,TRACKING,L+C
1786984436.442,55.3,0.865,0.778,0.000,0.6247,0.2670,32.06,-0.10649,0.189,0.400,0.000,1.0000,1.0000,TRACKING,L+C
1786984436.457,55.3,0.865,0.778,0.000,0.6247,0.2136,25.65,-0.08519,0.189,0.400,0.000,1.0000,1.0000,TRACKING,prediction
1786984436.473,55.3,0.862,0.782,0.000,0.6094,0.2584,29.32,-0.15705,0.184,0.400,0.000,1.0000,1.0000,TRACKING,L+C
1786984436.489,55.3,0.862,0.782,0.000,0.6094,0.2067,23.46,-0.12564,0.184,0.400,0.000,1.0000,1.0000,TRACKING,prediction
1786984436.505,55.3,0.000,0.865,0.796,0.5941,-0.1319,4.14,-0.16263,0.184,0.400,0.000,-1.0000,-0.0729,TRACKING,R+C
1786984436.520,55.3,0.000,0.865,0.795,0.5857,-0.1301,2.61,-0.23666,0.176,0.400,0.000,-1.0000,-1.0000,TRACKING,R+C
1786984436.536,55.3,0.000,0.867,0.804,0.5804,-0.1242,2.97,-0.16403,0.184,0.400,0.000,-1.0000,-1.0000,TRACKING,R+C
1786984436.551,55.3,0.000,0.862,0.809,0.5758,-0.1195,2.59,-0.14194,0.186,0.400,0.000,-1.0000,-1.0000,TRACKING,R+C
1786984436.565,55.3,0.000,0.862,0.809,0.5758,-0.0956,2.07,-0.11355,0.186,0.400,0.000,-1.0000,-1.0000,TRACKING,prediction
1786984436.580,55.3,0.000,0.810,0.822,0.5638,-0.1114,-0.97,-0.40399,0.160,0.400,0.000,-1.0000,-1.0000,TRACKING,R+C
1786984436.599,55.3,0.000,0.810,0.822,0.5638,-0.0891,-0.77,-0.32319,0.160,0.400,0.000,-1.0000,-1.0000,TRACKING,prediction
1786984436.630,55.3,0.000,0.797,0.838,0.5482,-0.1040,-5.88,-0.74006,0.150,0.400,0.000,-1.0000,-1.0000,TRACKING,R+C
1786984436.643,55.4,0.000,0.784,0.835,0.5423,-0.0947,-5.96,-0.76384,0.150,0.400,0.000,-1.0000,-1.0000,TRACKING,R+C
1786984436.659,55.4,0.000,0.801,0.857,0.5367,-0.0866,-6.17,-0.76246,0.150,0.400,0.000,-1.0000,-1.0000,TRACKING,R+C
1786984436.674,55.4,0.372,0.734,0.847,0.4788,-0.0886,-13.45,-1.28853,0.150,0.400,0.000,-0.9668,-1.0000,TRACKING,L+C+R_fused
1786984436.689,55.4,0.947,0.775,0.878,0.4905,-0.0786,-12.46,-1.19932,0.150,0.400,0.000,-0.8842,-0.9194,TRACKING,L+C+R_fused
1786984436.708,55.4,0.948,0.775,0.874,0.4954,-0.0664,-11.81,-1.18912,0.150,0.400,0.000,-0.7663,-0.7967,TRACKING,L+C+R_fused
1786984436.737,55.4,0.948,0.760,0.886,0.4957,-0.0536,-10.17,-1.14739,0.150,0.400,0.000,-0.6500,-0.6766,TRACKING,L+C+R_fused
1786984436.752,55.4,0.946,0.746,0.883,0.4921,-0.0452,-9.99,-1.23561,0.150,0.400,0.000,-0.5520,-0.5767,TRACKING,L+C+R_fused
1786984436.767,55.4,0.953,0.743,0.888,0.4928,-0.0421,-10.89,-1.36018,0.150,0.400,0.000,-0.4940,-0.5180,TRACKING,L+C+R_fused
1786984436.783,55.4,0.953,0.739,0.888,0.4908,-0.0411,-11.22,-1.44041,0.150,0.400,0.000,-0.4786,-0.5031,TRACKING,L+C+R_fused
1786984436.797,55.4,0.956,0.760,0.890,0.4863,-0.0419,-11.09,-1.47516,0.150,0.400,0.000,-0.5018,-0.5275,TRACKING,L+C+R_fused
1786984436.814,55.4,0.382,0.758,0.887,0.3966,-0.0452,-12.95,-1.65563,0.150,0.400,0.000,-0.5135,-0.5411,TRACKING,L+C+R_fused
1786984436.845,55.4,0.000,0.765,0.893,0.5036,-0.0438,-12.39,-1.68732,0.150,0.400,0.000,-0.5176,-0.5461,TRACKING,R+C
1786984436.859,55.4,0.000,0.783,0.890,0.5055,-0.0390,-10.31,-1.61582,0.150,0.400,0.000,-0.5096,-0.5380,TRACKING,R+C
1786984436.873,55.4,0.000,0.788,0.890,0.5081,-0.0346,-9.53,-1.65225,0.150,0.400,0.000,-0.4775,-0.5059,TRACKING,R+C
1786984436.888,55.4,0.000,0.776,0.883,0.5064,-0.0275,-9.38,-1.70937,0.150,0.400,0.000,-0.3820,-0.4084,TRACKING,R+C
1786984436.904,55.4,0.000,0.779,0.884,0.5029,-0.0172,-8.46,-1.70673,0.150,0.400,0.000,-0.2465,-0.2697,TRACKING,R+C
1786984436.922,55.4,0.000,0.784,0.895,0.4945,-0.0052,-7.14,-1.67073,0.150,0.400,0.000,-0.0870,-0.1062,TRACKING,R+C
1786984436.944,55.4,0.371,0.770,0.903,0.5070,0.0073,-6.30,-1.68787,0.150,0.400,0.000,0.0947,0.0795,TRACKING,L+C+R_fused
1786984436.957,55.4,0.946,0.773,0.906,0.4970,0.0194,-5.02,-1.65619,0.150,0.400,0.000,0.2574,0.2461,TRACKING,L+C+R_fused
1786984436.980,55.4,0.945,0.775,0.913,0.5143,0.0308,-4.23,-1.65332,0.150,0.400,0.000,0.4142,0.4068,TRACKING,L+C+R_fused
1786984436.995,55.4,0.938,0.783,0.913,0.5086,0.0402,-2.86,-1.60032,0.150,0.400,0.000,0.5156,0.5111,TRACKING,L+C+R_fused
1786984437.007,55.4,0.940,0.786,0.924,0.5054,0.0463,-2.18,-1.61945,0.150,0.400,0.000,0.5760,0.5727,TRACKING,L+C+R_fused
1786984437.021,55.4,0.942,0.789,0.921,0.5054,0.0487,-2.31,-1.71661,0.150,0.400,0.000,0.6014,0.5977,TRACKING,L+C+R_fused
1786984437.037,55.4,0.952,0.787,0.925,0.5068,0.0538,-0.26,-1.62471,0.150,0.400,0.000,0.6135,0.6099,TRACKING,L+C+R_fused
1786984437.061,55.4,0.944,0.787,0.930,0.5114,0.0568,1.01,-1.56714,0.150,0.400,0.000,0.6187,0.6150,TRACKING,L+C+R_fused
1786984437.078,55.4,0.948,0.788,0.774,0.5124,0.0608,2.43,-1.50472,0.150,0.400,0.000,0.6331,0.6295,TRACKING,L+C+R_fused
1786984437.103,55.4,0.927,0.791,0.902,0.5009,0.0639,3.29,-1.47854,0.150,0.400,0.000,0.6496,0.6462,TRACKING,L+C+R_fused
1786984437.117,55.4,0.000,0.783,0.900,0.4678,0.0640,3.94,-1.47035,0.150,0.400,0.000,0.6295,0.6250,TRACKING,R+C
1786984437.129,55.4,0.000,0.782,0.907,0.4849,0.0625,5.60,-1.38135,0.150,0.400,0.000,0.5605,0.5534,TRACKING,R+C
1786984437.145,55.4,0.000,0.773,0.898,0.4931,0.0611,7.26,-1.30028,0.150,0.400,0.000,0.4879,0.4782,TRACKING,R+C
1786984437.164,55.4,0.000,0.771,0.916,0.4957,0.0590,8.76,-1.20163,0.150,0.400,0.000,0.4105,0.3984,TRACKING,R+C
1786984437.186,55.4,0.000,0.770,0.912,0.5072,0.0564,9.57,-1.18826,0.150,0.400,0.000,0.3337,0.3188,TRACKING,R+C
1786984437.198,55.4,0.000,0.774,0.915,0.5043,0.0549,11.06,-1.06601,0.150,0.400,0.000,0.2629,0.2462,TRACKING,R+C
1786984437.221,55.4,0.000,0.771,0.906,0.5089,0.0556,12.34,-0.96697,0.150,0.400,0.000,0.2344,0.2171,TRACKING,R+C
1786984437.235,55.4,0.000,0.762,0.907,0.5169,0.0533,9.11,-1.42605,0.150,0.400,0.000,0.2609,0.2411,TRACKING,R+C
1786984437.248,55.4,0.000,0.761,0.891,0.5297,0.0581,11.00,-1.25365,0.150,0.400,0.000,0.2858,0.2672,TRACKING,R+C
1786984437.263,55.4,0.000,0.756,0.904,0.5199,0.0622,10.71,-1.32184,0.150,0.400,0.000,0.3553,0.3379,TRACKING,R+C
1786984437.278,55.4,0.000,0.765,0.905,0.5175,0.0652,11.27,-1.28164,0.150,0.400,0.000,0.3863,0.3699,TRACKING,R+C
1786984437.296,55.4,0.000,0.762,0.897,0.5041,0.0674,11.35,-1.28030,0.150,0.400,0.000,0.4168,0.4012,TRACKING,R+C
1786984437.312,55.4,0.000,0.769,0.901,0.5087,0.0654,11.41,-1.25440,0.150,0.400,0.000,0.3875,0.3714,TRACKING,R+C
1786984437.329,55.4,0.000,0.769,0.901,0.5087,0.0523,9.13,-1.00352,0.150,0.400,0.000,0.3875,0.3714,TRACKING,prediction
1786984437.353,55.4,0.000,0.756,0.905,0.5261,0.0562,13.07,-1.15576,0.150,0.400,0.000,0.1728,0.1504,TRACKING,R+C
1786984437.368,55.4,0.000,0.762,0.889,0.5280,0.0493,14.23,-1.04570,0.150,0.400,0.000,0.0156,-0.0106,TRACKING,R+C
1786984437.395,55.4,0.000,0.758,0.891,0.5443,0.0421,14.80,-1.00975,0.150,0.400,0.000,-0.1337,-0.1640,TRACKING,R+C
1786984437.410,55.4,0.000,0.763,0.872,0.5728,0.0349,15.49,-0.96317,0.150,0.400,0.000,-0.2824,-0.3167,TRACKING,R+C
1786984437.430,55.4,0.000,0.763,0.872,0.5728,0.0279,12.40,-0.77053,0.150,0.400,0.000,-0.2824,-0.3167,TRACKING,prediction
1786984437.441,55.4,0.000,0.760,0.853,0.5903,0.0197,16.74,-0.81585,0.150,0.400,0.000,-0.5516,-0.5930,TRACKING,R+C
1786984437.457,55.4,0.000,0.760,0.853,0.5903,0.0158,13.39,-0.65268,0.150,0.400,0.000,-0.5516,-0.5930,TRACKING,prediction
1786984437.471,55.4,0.000,0.760,0.853,0.5903,0.0126,10.71,-0.52215,0.150,0.400,0.000,-0.5516,-0.5930,TRACKING,prediction
1786984437.487,55.4,0.000,0.760,0.853,0.5903,0.0101,8.57,-0.41772,0.150,0.400,0.000,-0.5516,-0.5930,TRACKING,prediction
1786984437.514,55.4,0.000,0.760,0.853,0.5903,0.0081,6.86,-0.33417,0.150,0.400,0.000,-0.5516,-0.5930,TRACKING,prediction
1786984437.531,55.4,0.000,0.760,0.853,0.5903,0.0065,5.48,-0.26734,0.150,0.400,0.000,-0.5516,-0.5930,TRACKING,prediction
1786984437.554,55.4,0.000,0.760,0.853,0.5903,0.0052,4.39,-0.21387,0.150,0.400,0.000,-0.5516,-0.5930,TRACKING,prediction
1786984437.567,55.4,0.000,0.801,0.815,0.6429,-0.0319,16.99,-0.70715,0.150,0.400,0.000,-1.0000,-1.0000,TRACKING,R+C
1786984437.580,55.4,0.000,0.811,0.820,0.6399,-0.0324,16.56,-0.69399,0.150,0.400,0.000,-1.0000,-1.0000,TRACKING,R+C
1786984437.596,55.4,0.000,0.807,0.825,0.6355,-0.0326,16.72,-0.62300,0.150,0.400,0.000,-1.0000,-1.0000,TRACKING,R+C
1786984437.612,55.4,0.000,0.807,0.825,0.6355,-0.0261,13.38,-0.49840,0.150,0.400,0.000,-1.0000,-1.0000,TRACKING,prediction
1786984437.640,55.4,0.000,0.807,0.825,0.6355,-0.0209,10.70,-0.39872,0.150,0.400,0.000,-1.0000,-1.0000,TRACKING,prediction
1786984437.655,57.3,0.000,0.807,0.825,0.6355,-0.0167,8.56,-0.31898,0.150,0.400,0.000,-1.0000,-1.0000,TRACKING,prediction
1786984437.673,57.3,0.000,0.807,0.825,0.6355,-0.0133,6.85,-0.25518,0.150,0.400,0.000,-1.0000,-1.0000,TRACKING,prediction
1786984437.688,57.3,0.000,0.807,0.825,0.6355,-0.0107,5.48,-0.20414,0.150,0.400,0.000,-1.0000,-1.0000,TRACKING,prediction
1786984437.707,57.3,0.000,0.807,0.825,0.6355,-0.0085,4.38,-0.16332,0.150,0.400,0.000,-1.0000,-1.0000,TRACKING,prediction
1786984437.723,57.3,0.000,0.807,0.825,0.6355,-0.0068,3.51,-0.13065,0.150,0.400,0.000,-1.0000,-1.0000,TRACKING,prediction
1786984437.739,57.3,0.000,0.807,0.825,0.6355,-0.0055,2.81,-0.10452,0.150,0.400,0.000,-1.0000,-1.0000,TRACKING,prediction
1786984437.754,57.3,0.000,0.807,0.825,0.6355,-0.0044,2.24,-0.08362,0.150,0.400,0.000,-1.0000,-1.0000,TRACKING,prediction
1786984437.770,57.3,0.000,0.807,0.825,0.6355,-0.0035,1.80,-0.06689,0.150,0.391,0.000,-1.0000,-1.0000,TRACKING,prediction
1786984437.788,57.3,0.000,0.849,0.818,0.6390,-0.0874,13.77,-0.57180,0.150,0.400,0.000,-1.0000,-1.0000,TRACKING,R+C
1786984437.807,57.3,0.000,0.849,0.818,0.6390,-0.0699,11.02,-0.45744,0.150,0.400,0.000,-1.0000,-1.0000,TRACKING,prediction
1786984437.831,57.3,0.000,0.869,0.805,0.6354,-0.0968,14.31,-0.39281,0.161,0.400,0.000,-1.0000,-1.0000,TRACKING,R+C
1786984437.854,57.3,0.000,0.869,0.805,0.6354,-0.0774,11.44,-0.31424,0.161,0.400,0.000,-1.0000,-1.0000,TRACKING,prediction
1786984437.868,57.3,0.000,0.887,0.802,0.6274,-0.1036,13.78,-0.34764,0.165,0.400,0.000,-1.0000,-1.0000,TRACKING,R+C
1786984437.885,57.3,0.000,0.889,0.808,0.6211,-0.1027,13.62,-0.30643,0.169,0.400,0.000,-1.0000,-1.0000,TRACKING,R+C
1786984437.901,57.3,0.000,0.889,0.808,0.6211,-0.0822,10.90,-0.24514,0.169,0.400,0.000,-1.0000,-1.0000,TRACKING,prediction
1786984437.915,57.3,0.000,0.889,0.808,0.6211,-0.0657,8.72,-0.19611,0.169,0.400,0.000,-1.0000,-1.0000,TRACKING,prediction
1786984437.931,57.3,0.000,0.889,0.808,0.6211,-0.0526,6.97,-0.15689,0.169,0.400,0.000,-1.0000,-1.0000,TRACKING,prediction
1786984437.944,57.3,0.000,0.889,0.808,0.6211,-0.0421,5.58,-0.12551,0.169,0.400,0.000,-1.0000,-1.0000,TRACKING,prediction
1786984437.959,57.3,0.000,0.889,0.808,0.6211,-0.0337,4.46,-0.10041,0.169,0.400,0.000,-1.0000,-1.0000,TRACKING,prediction
1786984437.970,57.3,0.000,0.889,0.808,0.6211,-0.0269,3.57,-0.08033,0.169,0.400,0.000,-1.0000,-1.0000,TRACKING,prediction
1786984437.989,57.3,0.000,0.889,0.808,0.6211,-0.0215,2.86,-0.06426,0.169,0.400,0.000,-1.0000,-1.0000,TRACKING,prediction
1786984438.004,57.3,0.000,0.889,0.808,0.6211,-0.0172,2.29,-0.05141,0.169,0.400,0.000,-1.0000,-1.0000,TRACKING,prediction
1786984438.020,57.3,0.000,0.889,0.808,0.6211,-0.0138,1.83,-0.04113,0.169,0.400,0.000,-1.0000,-1.0000,TRACKING,prediction
1786984438.036,57.3,0.000,0.889,0.808,0.6211,-0.0110,1.46,-0.03290,0.169,0.400,0.000,-1.0000,-1.0000,TRACKING,prediction
1786984438.054,57.3,0.000,0.889,0.808,0.6211,-0.0088,1.17,-0.02632,0.169,0.386,0.000,-1.0000,-1.0000,TRACKING,prediction
1786984438.070,57.3,0.000,0.889,0.808,0.6211,-0.0071,0.94,-0.02106,0.169,0.367,0.000,-1.0000,-1.0000,TRACKING,prediction
1786984438.089,57.3,0.000,0.889,0.808,0.6211,-0.0056,0.75,-0.01685,0.169,0.348,0.000,-1.0000,-1.0000,TRACKING,prediction
1786984438.103,57.3,0.000,0.889,0.808,0.6211,-0.0045,0.60,-0.01348,0.169,0.331,0.000,-1.0000,-1.0000,TRACKING,prediction
1786984438.117,57.3,0.000,0.889,0.808,0.6211,-0.0036,0.48,-0.01078,0.169,0.280,0.000,-1.0000,-1.0000,UNCERTAIN,prediction
1786984438.137,57.3,0.000,0.868,0.853,0.5706,-0.0920,7.21,-0.55401,0.150,0.400,0.000,-1.0000,-1.0000,TRACKING,R+C
1786984438.152,57.3,0.000,0.868,0.853,0.5706,-0.0736,5.77,-0.44321,0.150,0.400,0.000,-1.0000,-1.0000,TRACKING,prediction
1786984438.167,57.3,0.000,0.868,0.862,0.5610,-0.0867,6.79,-0.54057,0.150,0.400,0.000,-1.0000,-1.0000,TRACKING,R+C
1786984438.185,57.3,0.000,0.868,0.862,0.5610,-0.0694,5.43,-0.43246,0.150,0.400,0.000,-1.0000,-1.0000,TRACKING,prediction
1786984438.199,57.3,0.000,0.868,0.862,0.5610,-0.0555,4.34,-0.34597,0.150,0.400,0.000,-1.0000,-1.0000,TRACKING,prediction
1786984438.213,57.3,0.000,0.868,0.862,0.5610,-0.0444,3.48,-0.27677,0.150,0.400,0.000,-1.0000,-1.0000,TRACKING,prediction
1786984438.228,57.3,0.000,0.872,0.876,0.5406,-0.0681,5.23,-0.60166,0.150,0.400,0.000,-1.0000,-1.0000,TRACKING,R+C
1786984438.245,57.3,0.000,0.873,0.885,0.5375,-0.0658,4.95,-0.61069,0.150,0.400,0.000,-1.0000,-1.0000,TRACKING,R+C
1786984438.271,57.3,0.000,0.873,0.885,0.5327,-0.0639,4.84,-0.62777,0.150,0.400,0.000,-1.0000,-1.0000,TRACKING,R+C
1786984438.282,57.3,0.000,0.874,0.885,0.5316,-0.0647,4.63,-0.64918,0.150,0.400,0.000,-1.0000,-1.0000,TRACKING,R+C
1786984438.294,57.3,0.000,0.886,0.884,0.5368,-0.0685,4.70,-0.63536,0.150,0.400,0.000,-1.0000,-1.0000,TRACKING,R+C
1786984438.319,57.3,0.000,0.885,0.878,0.5422,-0.0730,4.89,-0.60997,0.150,0.400,0.000,-1.0000,-1.0000,TRACKING,R+C
1786984438.333,57.3,0.000,0.891,0.880,0.5445,-0.0765,4.44,-0.63712,0.150,0.400,0.000,-1.0000,-1.0000,TRACKING,R+C
1786984438.348,57.3,0.000,0.888,0.877,0.5454,-0.0795,3.88,-0.64922,0.150,0.400,0.000,-1.0000,-1.0000,TRACKING,R+C
1786984438.364,57.3,0.000,0.890,0.874,0.5457,-0.0773,5.02,-0.55904,0.150,0.400,0.000,-1.0000,-1.0000,TRACKING,R+C
1786984438.379,57.3,0.000,0.875,0.879,0.5426,-0.0731,4.41,-0.61129,0.150,0.400,0.000,-1.0000,-1.0000,TRACKING,R+C
1786984438.396,57.3,0.000,0.878,0.884,0.5384,-0.0681,4.15,-0.60995,0.150,0.400,0.000,-1.0000,-1.0000,TRACKING,R+C
1786984438.407,57.3,0.000,0.881,0.892,0.5335,-0.0636,3.70,-0.64155,0.150,0.400,0.000,-1.0000,-1.0000,TRACKING,R+C
1786984438.421,57.3,0.000,0.877,0.891,0.5301,-0.0607,3.42,-0.65015,0.150,0.400,0.000,-1.0000,-1.0000,TRACKING,R+C
1786984438.436,57.3,0.000,0.888,0.898,0.5290,-0.0594,4.24,-0.56956,0.150,0.400,0.000,-1.0000,-1.0000,TRACKING,R+C
1786984438.448,57.3,0.000,0.890,0.887,0.5248,-0.0638,2.24,-0.72401,0.150,0.400,0.000,-1.0000,-1.0000,TRACKING,R+C
1786984438.472,57.3,0.000,0.869,0.890,0.5198,-0.0633,2.50,-0.73629,0.150,0.400,0.000,-1.0000,-1.0000,TRACKING,R+C
1786984438.487,57.3,0.000,0.864,0.891,0.5167,-0.0604,3.09,-0.69971,0.150,0.400,0.000,-1.0000,-1.0000,TRACKING,R+C
1786984438.498,57.3,0.000,0.847,0.895,0.5106,-0.0560,2.37,-0.78512,0.150,0.400,0.000,-0.9797,-1.0000,TRACKING,R+C
1786984438.512,57.3,0.000,0.853,0.896,0.5055,-0.0509,3.02,-0.71037,0.150,0.400,0.000,-0.9413,-0.9840,TRACKING,R+C
1786984438.526,57.3,0.000,0.863,0.907,0.5027,-0.0471,3.27,-0.66824,0.150,0.400,0.000,-0.9061,-0.9467,TRACKING,R+C
1786984438.540,57.3,0.000,0.857,0.909,0.5024,-0.0446,3.37,-0.65842,0.150,0.400,0.000,-0.8823,-0.9218,TRACKING,R+C
1786984438.555,57.3,0.000,0.854,0.913,0.5000,-0.0436,3.35,-0.66471,0.150,0.400,0.000,-0.8727,-0.9118,TRACKING,R+C
1786984438.572,57.3,0.000,0.855,0.921,0.5005,-0.0421,2.79,-0.69535,0.150,0.400,0.000,-0.8450,-0.8828,TRACKING,R+C
1786984438.588,57.3,0.000,0.845,0.920,0.5030,-0.0371,2.78,-0.71302,0.150,0.400,0.000,-0.7904,-0.8261,TRACKING,R+C
1786984438.604,57.3,0.000,0.839,0.919,0.5005,-0.0316,2.67,-0.71135,0.150,0.400,0.000,-0.7202,-0.7531,TRACKING,R+C
1786984438.619,57.3,0.000,0.847,0.916,0.5004,-0.0268,3.23,-0.66477,0.150,0.400,0.000,-0.6704,-0.7014,TRACKING,R+C
1786984438.635,57.3,0.000,0.845,0.932,0.5057,-0.0247,3.43,-0.64089,0.150,0.400,0.000,-0.6467,-0.6767,TRACKING,R+C
1786984438.650,57.3,0.000,0.842,0.913,0.5075,-0.0266,2.93,-0.69628,0.150,0.400,0.000,-0.6623,-0.6932,TRACKING,R+C
1786984438.670,62.1,0.000,0.841,0.934,0.5121,-0.0300,3.03,-0.69986,0.150,0.400,0.000,-0.7105,-0.7432,TRACKING,R+C
1786984438.692,62.1,0.000,0.842,0.921,0.5185,-0.0354,3.07,-0.69548,0.150,0.400,0.000,-0.7764,-0.8116,TRACKING,R+C
1786984438.713,62.1,0.000,0.845,0.913,0.5244,-0.0403,3.52,-0.68746,0.150,0.400,0.000,-0.8444,-0.8827,TRACKING,R+C
1786984438.729,62.1,0.000,0.845,0.919,0.5285,-0.0471,3.96,-0.68145,0.150,0.400,0.000,-0.9247,-0.9669,TRACKING,R+C
1786984438.749,62.1,0.000,0.845,0.921,0.5362,-0.0572,4.41,-0.65587,0.150,0.400,0.000,-1.0000,-1.0000,TRACKING,R+C
1786984438.769,62.1,0.000,0.868,0.917,0.5477,-0.0701,4.68,-0.65441,0.150,0.400,0.000,-1.0000,-1.0000,TRACKING,R+C
1786984438.783,62.1,0.000,0.887,0.916,0.5590,-0.0835,5.35,-0.60578,0.150,0.400,0.000,-1.0000,-1.0000,TRACKING,R+C
1786984438.800,62.1,0.000,0.898,0.902,0.5658,-0.0974,6.12,-0.53482,0.150,0.400,0.000,-1.0000,-1.0000,TRACKING,R+C
1786984438.817,62.1,0.000,0.872,0.896,0.5735,-0.1106,5.74,-0.61112,0.150,0.400,0.000,-1.0000,-1.0000,TRACKING,R+C
1786984438.831,62.1,0.000,0.874,0.881,0.5774,-0.1191,5.80,-0.59851,0.150,0.400,0.000,-1.0000,-1.0000,TRACKING,R+C
1786984438.853,62.1,0.000,0.869,0.879,0.5793,-0.1244,6.60,-0.47394,0.153,0.400,0.000,-1.0000,-1.0000,TRACKING,R+C
1786984438.868,62.1,0.000,0.887,0.873,0.5790,-0.1278,6.61,-0.44699,0.155,0.400,0.000,-1.0000,-1.0000,TRACKING,R+C
1786984438.883,62.1,0.000,0.876,0.873,0.5808,-0.1298,6.95,-0.39119,0.161,0.400,0.000,-1.0000,-1.0000,TRACKING,R+C
1786984438.898,62.1,0.000,0.868,0.878,0.5847,-0.1318,6.22,-0.46840,0.153,0.400,0.000,-1.0000,-1.0000,TRACKING,R+C
1786984438.914,62.1,0.000,0.874,0.876,0.5896,-0.1351,6.02,-0.47620,0.152,0.400,0.000,-1.0000,-1.0000,TRACKING,R+C
1786984438.930,62.1,0.000,0.873,0.872,0.5860,-0.1411,5.21,-0.61311,0.150,0.400,0.000,-1.0000,-1.0000,TRACKING,R+C
1786984438.946,62.1,0.000,0.877,0.858,0.5824,-0.1494,4.04,-0.72362,0.150,0.400,0.000,-1.0000,-1.0000,TRACKING,R+C
1786984438.964,62.1,0.000,0.877,0.858,0.5824,-0.1195,3.23,-0.57889,0.150,0.400,0.000,-1.0000,-1.0000,TRACKING,prediction
1786984438.979,62.1,0.000,0.877,0.858,0.5824,-0.0956,2.59,-0.46312,0.150,0.400,0.000,-1.0000,-1.0000,TRACKING,prediction
1786984438.994,62.1,0.000,0.877,0.858,0.5824,-0.0765,2.07,-0.37049,0.150,0.400,0.000,-1.0000,-1.0000,TRACKING,prediction
1786984439.012,62.1,0.000,0.877,0.858,0.5824,-0.0612,1.65,-0.29639,0.150,0.400,0.000,-1.0000,-1.0000,TRACKING,prediction
1786984439.027,62.1,0.000,0.877,0.858,0.5824,-0.0490,1.32,-0.23712,0.150,0.400,0.000,-1.0000,-1.0000,TRACKING,prediction
1786984439.040,62.1,0.000,0.877,0.858,0.5824,-0.0392,1.06,-0.18969,0.150,0.400,0.000,-1.0000,-1.0000,TRACKING,prediction
1786984439.059,62.1,0.000,0.877,0.858,0.5824,-0.0313,0.85,-0.15175,0.150,0.400,0.000,-1.0000,-1.0000,TRACKING,prediction
1786984439.075,62.1,0.000,0.877,0.858,0.5824,-0.0251,0.68,-0.12140,0.150,0.400,0.000,-1.0000,-1.0000,TRACKING,prediction
1786984439.090,62.1,0.000,0.877,0.858,0.5824,-0.0201,0.54,-0.09712,0.150,0.400,0.000,-1.0000,-1.0000,TRACKING,prediction
1786984439.105,62.1,0.000,0.877,0.858,0.5824,-0.0160,0.43,-0.07770,0.150,0.400,0.000,-1.0000,-1.0000,TRACKING,prediction
1786984439.122,62.1,0.000,0.877,0.858,0.5824,-0.0128,0.35,-0.06216,0.150,0.395,0.000,-1.0000,-1.0000,TRACKING,prediction
1786984439.137,62.1,0.000,0.877,0.858,0.5824,-0.0103,0.28,-0.04973,0.150,0.375,0.000,-1.0000,-1.0000,TRACKING,prediction
1786984439.151,62.1,0.000,0.877,0.858,0.5824,-0.0082,0.22,-0.03978,0.150,0.356,0.000,-1.0000,-1.0000,TRACKING,prediction
1786984439.165,62.1,0.000,0.877,0.858,0.5824,-0.0066,0.18,-0.03183,0.150,0.338,0.000,-1.0000,-1.0000,TRACKING,prediction
1786984439.182,62.1,0.000,0.877,0.858,0.5824,-0.0053,0.14,-0.02546,0.150,0.322,0.000,-1.0000,-1.0000,TRACKING,prediction
1786984439.197,62.1,0.000,0.877,0.858,0.5824,-0.0042,0.11,-0.02037,0.150,0.280,0.000,-1.0000,-1.0000,UNCERTAIN,prediction
1786984439.214,62.1,0.000,0.877,0.858,0.5824,-0.0034,0.09,-0.01629,0.150,0.280,0.000,-1.0000,-1.0000,UNCERTAIN,prediction
1786984439.230,62.1,0.000,0.877,0.858,0.5824,-0.0027,0.07,-0.01304,0.150,0.276,0.000,-1.0000,-1.0000,UNCERTAIN,prediction
1786984439.245,62.1,0.000,0.877,0.858,0.5824,-0.0022,0.06,-0.01043,0.150,0.262,0.000,-1.0000,-1.0000,UNCERTAIN,prediction
1786984439.272,62.1,0.000,0.877,0.858,0.5824,-0.0017,0.05,-0.00834,0.150,0.249,0.000,-1.0000,-1.0000,UNCERTAIN,prediction
1786984439.287,62.1,0.000,0.877,0.858,0.5824,-0.0014,0.04,-0.00667,0.150,0.236,0.000,-1.0000,-1.0000,UNCERTAIN,prediction
1786984439.314,62.1,0.000,0.877,0.858,0.5824,-0.0011,0.03,-0.00534,0.150,0.225,0.000,-1.0000,-1.0000,UNCERTAIN,prediction
1786984439.331,62.1,0.000,0.877,0.858,0.5824,-0.0009,0.02,-0.00427,0.150,0.213,0.000,-1.0000,-1.0000,UNCERTAIN,prediction
1786984439.354,62.1,0.000,0.877,0.858,0.5824,-0.0007,0.02,-0.00342,0.150,0.203,0.000,-1.0000,-1.0000,UNCERTAIN,prediction
1786984439.375,62.1,0.000,0.877,0.858,0.5824,-0.0006,0.02,-0.00273,0.150,0.193,0.000,-1.0000,-1.0000,UNCERTAIN,prediction
1786984439.404,62.1,0.000,0.877,0.858,0.5824,-0.0005,0.01,-0.00219,0.150,0.183,0.000,-1.0000,-1.0000,UNCERTAIN,prediction
1786984439.422,62.1,0.000,0.822,0.862,0.5848,-0.1192,-0.63,-1.29285,0.150,0.400,0.000,-1.0000,-1.0000,TRACKING,R+C
1786984439.437,62.1,0.000,0.822,0.862,0.5848,-0.0953,-0.50,-1.03428,0.150,0.400,0.000,-1.0000,-1.0000,TRACKING,prediction
1786984439.460,62.1,0.000,0.822,0.862,0.5848,-0.0763,-0.40,-0.82743,0.150,0.400,0.000,-1.0000,-1.0000,TRACKING,prediction
1786984439.484,62.1,0.000,0.822,0.862,0.5848,-0.0610,-0.32,-0.66194,0.150,0.400,0.000,-1.0000,-1.0000,TRACKING,prediction
1786984439.499,62.1,0.000,0.822,0.862,0.5848,-0.0488,-0.26,-0.52955,0.150,0.400,0.000,-1.0000,-1.0000,TRACKING,prediction
1786984439.513,62.1,0.000,0.822,0.862,0.5848,-0.0390,-0.20,-0.42364,0.150,0.400,0.000,-1.0000,-1.0000,TRACKING,prediction
1786984439.528,62.1,0.000,0.822,0.862,0.5848,-0.0312,-0.16,-0.33891,0.150,0.400,0.000,-1.0000,-1.0000,TRACKING,prediction
1786984439.545,62.1,0.000,0.779,0.873,0.5729,-0.0868,-2.33,-1.73842,0.150,0.400,0.000,-1.0000,-1.0000,TRACKING,R+C
1786984439.563,62.1,0.000,0.779,0.873,0.5729,-0.0694,-1.87,-1.39074,0.150,0.400,0.000,-1.0000,-1.0000,TRACKING,prediction
1786984439.580,62.1,0.000,0.783,0.886,0.5651,-0.0773,-2.87,-1.84717,0.150,0.400,0.000,-1.0000,-1.0000,TRACKING,R+C
1786984439.603,62.1,0.000,0.780,0.893,0.5640,-0.0686,-0.96,-1.73710,0.150,0.400,0.000,-1.0000,-1.0000,TRACKING,R+C
1786984439.615,62.1,0.000,0.785,0.891,0.5660,-0.0630,0.01,-1.68415,0.150,0.400,0.000,-1.0000,-1.0000,TRACKING,R+C
1786984439.629,62.1,0.000,0.789,0.886,0.5677,-0.0588,0.91,-1.62264,0.150,0.400,0.000,-1.0000,-1.0000,TRACKING,R+C
1786984439.645,62.1,0.000,0.790,0.894,0.5739,-0.0570,2.15,-1.53312,0.150,0.400,0.000,-1.0000,-1.0000,TRACKING,R+C
1786984439.661,62.1,0.000,0.791,0.895,0.5818,-0.0593,3.25,-1.46530,0.150,0.400,0.000,-1.0000,-1.0000,TRACKING,R+C
1786984439.677,57.6,0.000,0.786,0.889,0.5902,-0.0640,4.09,-1.41424,0.150,0.400,0.000,-1.0000,-1.0000,TRACKING,R+C
1786984439.693,57.6,0.000,0.786,0.889,0.5902,-0.0512,3.27,-1.13139,0.150,0.400,0.000,-1.0000,-1.0000,TRACKING,prediction
1786984439.707,57.6,0.000,0.780,0.884,0.6124,-0.0755,7.37,-1.18575,0.150,0.400,0.000,-1.0000,-1.0000,TRACKING,R+C
1786984439.720,57.6,0.000,0.779,0.863,0.6210,-0.0834,9.11,-1.02591,0.150,0.400,0.000,-1.0000,-1.0000,TRACKING,R+C
1786984439.737,57.6,0.000,0.779,0.863,0.6210,-0.0667,7.29,-0.82072,0.150,0.400,0.000,-1.0000,-1.0000,TRACKING,prediction
1786984439.765,57.6,0.000,0.779,0.863,0.6210,-0.0533,5.83,-0.65658,0.150,0.400,0.000,-1.0000,-1.0000,TRACKING,prediction
1786984439.779,57.6,0.000,0.779,0.863,0.6210,-0.0427,4.66,-0.52526,0.150,0.400,0.000,-1.0000,-1.0000,TRACKING,prediction
1786984439.806,57.6,0.000,0.779,0.863,0.6210,-0.0341,3.73,-0.42021,0.150,0.400,0.000,-1.0000,-1.0000,TRACKING,prediction
1786984439.819,57.6,0.000,0.779,0.863,0.6210,-0.0273,2.98,-0.33617,0.150,0.400,0.000,-1.0000,-1.0000,TRACKING,prediction
1786984439.833,57.6,0.000,0.779,0.863,0.6210,-0.0219,2.39,-0.26894,0.150,0.400,0.000,-1.0000,-1.0000,TRACKING,prediction
1786984439.862,57.6,0.000,0.779,0.863,0.6210,-0.0175,1.91,-0.21515,0.150,0.400,0.000,-1.0000,-1.0000,TRACKING,prediction
1786984439.881,57.6,0.000,0.779,0.863,0.6210,-0.0140,1.53,-0.17212,0.150,0.400,0.000,-1.0000,-1.0000,TRACKING,prediction
1786984439.897,57.6,0.000,0.779,0.863,0.6210,-0.0112,1.22,-0.13769,0.150,0.400,0.000,-1.0000,-1.0000,TRACKING,prediction
1786984439.916,57.6,0.000,0.779,0.863,0.6210,-0.0089,0.98,-0.11016,0.150,0.393,0.000,-1.0000,-1.0000,TRACKING,prediction
1786984439.932,57.6,0.000,0.779,0.863,0.6210,-0.0072,0.78,-0.08812,0.150,0.374,0.000,-1.0000,-1.0000,TRACKING,prediction
1786984439.957,57.6,0.000,0.779,0.863,0.6210,-0.0057,0.63,-0.07050,0.150,0.355,0.000,-1.0000,-1.0000,TRACKING,prediction
1786984439.974,57.6,0.000,0.779,0.863,0.6210,-0.0046,0.50,-0.05640,0.150,0.337,0.000,-1.0000,-1.0000,TRACKING,prediction
1786984439.989,57.6,0.000,0.779,0.863,0.6210,-0.0037,0.40,-0.04512,0.150,0.320,0.000,-1.0000,-1.0000,TRACKING,prediction
1786984440.004,57.6,0.000,0.779,0.863,0.6210,-0.0029,0.32,-0.03610,0.150,0.280,0.000,-1.0000,-1.0000,UNCERTAIN,prediction
1786984440.021,57.6,0.000,0.779,0.863,0.6210,-0.0023,0.26,-0.02888,0.150,0.280,0.000,-1.0000,-1.0000,UNCERTAIN,prediction
1786984440.034,57.6,0.000,0.810,0.616,0.6502,-0.1017,10.95,0.05886,0.194,0.400,0.000,-1.0000,-1.0000,TRACKING,R+C
1786984440.054,57.6,0.000,0.810,0.616,0.6502,-0.0814,8.76,0.04709,0.194,0.400,0.000,-1.0000,-1.0000,TRACKING,prediction
1786984440.072,57.6,0.000,0.810,0.616,0.6502,-0.0651,7.01,0.03767,0.194,0.400,0.000,-1.0000,-1.0000,TRACKING,prediction
1786984440.090,57.6,0.000,0.810,0.616,0.6502,-0.0521,5.60,0.03014,0.194,0.400,0.000,-1.0000,-1.0000,TRACKING,prediction
1786984440.105,57.6,0.000,0.810,0.616,0.6502,-0.0417,4.48,0.02411,0.194,0.400,0.000,-1.0000,-1.0000,TRACKING,prediction
1786984440.119,57.6,0.000,0.799,0.729,0.5777,-0.0846,7.51,0.06356,0.194,0.400,0.000,-0.9350,-0.9883,TRACKING,R+C
1786984440.135,57.6,0.000,0.802,0.739,0.5697,-0.0795,6.72,0.03168,0.197,0.400,0.000,-0.8722,-0.9222,TRACKING,R+C
1786984440.150,57.6,0.000,0.797,0.667,0.5700,-0.0736,6.05,0.01829,0.198,0.400,0.000,-0.8147,-0.8608,TRACKING,R+C
1786984440.172,57.6,0.942,0.796,0.751,0.5691,-0.0679,5.44,0.01109,0.199,0.400,0.000,-0.7596,-0.8019,TRACKING,L+C+R_fused
1786984440.201,57.6,0.944,0.800,0.760,0.5458,-0.0635,5.12,0.02017,0.198,0.400,0.000,-0.7255,-0.7650,TRACKING,L+C+R_fused
1786984440.215,57.6,0.944,0.800,0.760,0.5458,-0.0508,4.10,0.01614,0.198,0.400,0.000,-0.7255,-0.7650,TRACKING,prediction
1786984440.235,57.6,0.944,0.800,0.760,0.5458,-0.0406,3.28,0.01291,0.198,0.400,0.000,-0.7255,-0.7650,TRACKING,prediction
1786984440.254,57.6,0.944,0.800,0.760,0.5458,-0.0325,2.62,0.01033,0.198,0.400,0.000,-0.7255,-0.7650,TRACKING,prediction
1786984440.272,57.6,0.944,0.800,0.760,0.5458,-0.0260,2.10,0.00826,0.198,0.400,0.000,-0.7255,-0.7650,TRACKING,prediction
1786984440.288,57.6,0.934,0.732,0.738,0.5334,-0.0776,-2.64,-0.60518,0.150,0.400,0.000,-1.0000,-1.0000,TRACKING,L+C+R_fused
1786984440.303,57.6,0.935,0.750,0.711,0.5227,-0.0812,-2.45,-0.56711,0.150,0.400,0.000,-1.0000,-1.0000,TRACKING,L+C+R_fused
1786984440.318,57.6,0.943,0.752,0.694,0.4748,-0.0826,-1.74,-0.51338,0.150,0.400,0.000,-1.0000,-1.0000,TRACKING,L+C+R_fused
1786984440.334,57.6,0.749,0.749,0.650,0.4493,-0.0858,-2.37,-0.56123,0.150,0.400,0.000,-1.0000,-1.0000,TRACKING,L+C+R_fused
1786984440.360,57.6,0.000,0.751,0.650,0.5475,-0.0870,-2.52,-0.55775,0.150,0.400,0.000,-1.0000,-1.0000,TRACKING,R+C
1786984440.380,57.6,0.000,0.727,0.629,0.5520,-0.0892,-5.15,-0.78841,0.150,0.400,0.000,-1.0000,-1.0000,TRACKING,R+C
1786984440.396,57.6,0.000,0.725,0.660,0.5407,-0.0862,-5.90,-0.83596,0.150,0.400,0.000,-1.0000,-1.0000,TRACKING,R+C
1786984440.413,57.6,0.640,0.711,0.719,0.4579,-0.0798,-7.20,-0.94406,0.150,0.400,0.000,-0.9937,-1.0000,TRACKING,L+C+R_fused
1786984440.432,57.6,0.938,0.712,0.694,0.4526,-0.0704,-6.92,-0.92723,0.150,0.400,0.000,-0.9109,-0.9473,TRACKING,L+C+R_fused
1786984440.445,57.6,0.919,0.711,0.750,0.4959,-0.0609,-7.31,-0.96538,0.150,0.400,0.000,-0.8040,-0.8360,TRACKING,L+C+R_fused
1786984440.460,57.6,0.919,0.711,0.732,0.4983,-0.0529,-8.53,-1.07281,0.150,0.400,0.000,-0.6832,-0.7111,TRACKING,L+C+R_fused
1786984440.475,57.6,0.925,0.713,0.808,0.4971,-0.0437,-9.66,-1.18534,0.150,0.400,0.000,-0.5345,-0.5581,TRACKING,L+C+R_fused
1786984440.491,57.6,0.917,0.723,0.828,0.4959,-0.0354,-10.62,-1.26248,0.150,0.400,0.000,-0.3811,-0.4006,TRACKING,L+C+R_fused
1786984440.505,57.6,0.913,0.731,0.710,0.4956,-0.0228,-9.65,-1.24210,0.150,0.400,0.000,-0.2075,-0.2224,TRACKING,L+C+R_fused
1786984440.522,57.6,0.912,0.733,0.695,0.4916,-0.0125,-10.33,-1.33828,0.150,0.400,0.000,-0.0139,-0.0246,TRACKING,L+C+R_fused
1786984440.541,57.6,0.911,0.733,0.754,0.4903,-0.0042,-11.14,-1.44888,0.150,0.400,0.000,0.1470,0.1396,TRACKING,L+C+R_fused
1786984440.557,57.6,0.914,0.739,0.758,0.4906,0.0032,-11.84,-1.57441,0.150,0.400,0.000,0.2799,0.2747,TRACKING,L+C+R_fused
1786984440.573,57.6,0.900,0.749,0.714,0.4883,0.0082,-12.08,-1.64327,0.150,0.400,0.000,0.3598,0.3560,TRACKING,L+C+R_fused
1786984440.590,57.6,0.905,0.744,0.775,0.4925,0.0095,-12.65,-1.73839,0.150,0.400,0.000,0.3855,0.3814,TRACKING,L+C+R_fused
1786984440.604,57.6,0.906,0.752,0.730,0.4932,0.0137,-10.54,-1.71038,0.150,0.400,0.000,0.3760,0.3709,TRACKING,L+C+R_fused
1786984440.618,57.6,0.911,0.747,0.671,0.5497,0.0150,-9.74,-1.73043,0.150,0.400,0.000,0.3620,0.3557,TRACKING,L+C+R_fused
1786984440.639,57.6,0.922,0.763,0.582,0.5580,0.0179,-8.23,-1.74691,0.150,0.400,0.000,0.3467,0.3388,TRACKING,L+C+R_fused
1786984440.655,57.6,0.925,0.759,0.650,0.5674,0.0192,-6.76,-1.70915,0.150,0.400,0.000,0.3167,0.3076,TRACKING,L+C+R_fused
1786984440.670,57.6,0.920,0.755,0.912,0.4986,0.0208,-5.25,-1.69084,0.150,0.400,0.000,0.2844,0.2736,TRACKING,L+C+R_fused
1786984440.685,57.5,0.370,0.757,0.915,0.5009,0.0205,-4.50,-1.70972,0.150,0.400,0.000,0.2450,0.2323,TRACKING,L+C+R_fused
1786984440.700,57.5,0.000,0.752,0.668,0.6342,0.0213,-2.31,-1.63933,0.150,0.400,0.000,0.1780,0.1629,TRACKING,R+C
1786984440.713,57.5,0.000,0.749,0.918,0.5154,0.0196,-1.18,-1.63625,0.150,0.400,0.000,0.0998,0.0818,TRACKING,R+C
1786984440.730,57.5,0.000,0.749,0.905,0.4935,0.0178,0.10,-1.60349,0.150,0.400,0.000,0.0170,-0.0038,TRACKING,R+C
1786984440.745,57.5,0.000,0.748,0.865,0.5946,0.0157,1.30,-1.59064,0.150,0.400,0.000,-0.0716,-0.0955,TRACKING,R+C
1786984440.763,57.5,0.000,0.742,0.725,0.5358,0.0116,0.89,-1.70955,0.150,0.400,0.000,-0.1485,-0.1757,TRACKING,R+C
1786984440.775,57.5,0.000,0.738,0.900,0.5230,0.0079,1.19,-1.73744,0.150,0.400,0.000,-0.2300,-0.2601,TRACKING,R+C
1786984440.789,57.5,0.000,0.741,0.896,0.5237,0.0074,3.91,-1.54892,0.150,0.400,0.000,-0.3241,-0.3566,TRACKING,R+C
1786984440.804,57.5,0.000,0.736,0.813,0.5357,0.0038,4.58,-1.55876,0.150,0.400,0.000,-0.4124,-0.4481,TRACKING,R+C
1786984440.820,57.5,0.000,0.741,0.899,0.5439,-0.0006,5.60,-1.52533,0.150,0.400,0.000,-0.5162,-0.5555,TRACKING,R+C
1786984440.838,57.5,0.000,0.742,0.897,0.5572,-0.0054,6.80,-1.43967,0.150,0.400,0.000,-0.6170,-0.6595,TRACKING,R+C
1786984440.854,57.5,0.000,0.743,0.880,0.5686,-0.0120,6.79,-1.51304,0.150,0.400,0.000,-0.7135,-0.7604,TRACKING,R+C
1786984440.870,57.5,0.000,0.744,0.873,0.5830,-0.0180,7.71,-1.46039,0.150,0.400,0.000,-0.8084,-0.8592,TRACKING,R+C
1786984440.888,57.5,0.000,0.741,0.868,0.5940,-0.0239,8.65,-1.40988,0.150,0.400,0.000,-0.8929,-0.9477,TRACKING,R+C
1786984440.903,57.5,0.000,0.741,0.868,0.5940,-0.0191,6.92,-1.12791,0.150,0.400,0.000,-0.8929,-0.9477,TRACKING,prediction
1786984440.922,57.5,0.000,0.748,0.844,0.6143,-0.0402,9.66,-1.41221,0.150,0.400,0.000,-1.0000,-1.0000,TRACKING,R+C
1786984440.937,57.5,0.000,0.744,0.844,0.6247,-0.0499,10.12,-1.40130,0.150,0.400,0.000,-1.0000,-1.0000,TRACKING,R+C
1786984440.958,57.5,0.000,0.744,0.844,0.6247,-0.0400,8.09,-1.12104,0.150,0.400,0.000,-1.0000,-1.0000,TRACKING,prediction
1786984440.973,57.5,0.000,0.744,0.844,0.6247,-0.0320,6.47,-0.89683,0.150,0.400,0.000,-1.0000,-1.0000,TRACKING,prediction
1786984440.991,57.5,0.000,0.744,0.844,0.6247,-0.0256,5.18,-0.71747,0.150,0.400,0.000,-1.0000,-1.0000,TRACKING,prediction
1786984441.012,57.5,0.000,0.767,0.815,0.6582,-0.0827,11.18,-1.27131,0.150,0.400,0.000,-1.0000,-1.0000,TRACKING,R+C
1786984441.027,57.5,0.000,0.774,0.804,0.6619,-0.0856,11.72,-1.18674,0.150,0.400,0.000,-1.0000,-1.0000,TRACKING,R+C
1786984441.041,57.5,0.000,0.774,0.809,0.6633,-0.0867,11.26,-1.21127,0.150,0.400,0.000,-1.0000,-1.0000,TRACKING,R+C
1786984441.057,57.5,0.000,0.779,0.809,0.6635,-0.0885,10.15,-1.28116,0.150,0.400,0.000,-1.0000,-1.0000,TRACKING,R+C
1786984441.074,57.5,0.000,0.779,0.809,0.6635,-0.0708,8.12,-1.02493,0.150,0.400,0.000,-1.0000,-1.0000,TRACKING,prediction
1786984441.091,57.5,0.000,0.779,0.809,0.6635,-0.0566,6.49,-0.81994,0.150,0.400,0.000,-1.0000,-1.0000,TRACKING,prediction
1786984441.107,57.5,0.000,0.779,0.809,0.6635,-0.0453,5.20,-0.65595,0.150,0.400,0.000,-1.0000,-1.0000,TRACKING,prediction
1786984441.125,57.5,0.000,0.779,0.809,0.6635,-0.0362,4.16,-0.52476,0.150,0.400,0.000,-1.0000,-1.0000,TRACKING,prediction
1786984441.140,57.5,0.000,0.779,0.809,0.6635,-0.0290,3.33,-0.41981,0.150,0.400,0.000,-1.0000,-1.0000,TRACKING,prediction
1786984441.157,57.5,0.000,0.779,0.809,0.6635,-0.0232,2.66,-0.33585,0.150,0.400,0.000,-1.0000,-1.0000,TRACKING,prediction
1786984441.174,57.5,0.000,0.779,0.809,0.6635,-0.0186,2.13,-0.26868,0.150,0.400,0.000,-1.0000,-1.0000,TRACKING,prediction
1786984441.202,57.5,0.000,0.779,0.809,0.6635,-0.0148,1.70,-0.21494,0.150,0.400,0.000,-1.0000,-1.0000,TRACKING,prediction
1786984441.224,57.5,0.000,0.779,0.809,0.6635,-0.0119,1.36,-0.17195,0.150,0.400,0.000,-1.0000,-1.0000,TRACKING,prediction
1786984441.239,57.5,0.000,0.779,0.809,0.6635,-0.0095,1.09,-0.13756,0.150,0.380,0.000,-1.0000,-1.0000,TRACKING,prediction
1786984441.264,57.5,0.000,0.779,0.809,0.6635,-0.0076,0.87,-0.11005,0.150,0.361,0.000,-1.0000,-1.0000,TRACKING,prediction
1786984441.277,57.5,0.000,0.787,0.841,0.6132,-0.0669,9.45,-0.97966,0.150,0.400,0.000,-1.0000,-1.0000,TRACKING,R+C
1786984441.291,57.5,0.000,0.787,0.841,0.6132,-0.0535,7.56,-0.78373,0.150,0.400,0.000,-1.0000,-1.0000,TRACKING,prediction
1786984441.307,57.5,0.000,0.787,0.841,0.6132,-0.0428,6.05,-0.62698,0.150,0.400,0.000,-1.0000,-1.0000,TRACKING,prediction
1786984441.322,57.5,0.000,0.787,0.841,0.6132,-0.0342,4.84,-0.50159,0.150,0.400,0.000,-1.0000,-1.0000,TRACKING,prediction
1786984441.336,57.5,0.000,0.764,0.863,0.5939,-0.0579,9.64,-0.86522,0.150,0.400,0.000,-1.0000,-1.0000,TRACKING,R+C
1786984441.351,57.5,0.000,0.744,0.869,0.5903,-0.0552,9.54,-0.84137,0.150,0.400,0.000,-1.0000,-1.0000,TRACKING,R+C
1786984441.368,57.5,0.000,0.750,0.855,0.5853,-0.0553,8.28,-0.93579,0.150,0.400,0.000,-1.0000,-1.0000,TRACKING,R+C
1786984441.383,57.5,0.000,0.749,0.855,0.5843,-0.0564,7.97,-0.91924,0.150,0.400,0.000,-1.0000,-1.0000,TRACKING,R+C
1786984441.400,57.5,0.000,0.749,0.855,0.5843,-0.0452,6.38,-0.73539,0.150,0.400,0.000,-1.0000,-1.0000,TRACKING,prediction
1786984441.413,57.5,0.000,0.720,0.870,0.5889,-0.0643,7.26,-0.94197,0.150,0.400,0.000,-1.0000,-1.0000,TRACKING,R+C
1786984441.435,57.5,0.000,0.719,0.874,0.5873,-0.0705,5.73,-1.06445,0.150,0.400,0.000,-1.0000,-1.0000,TRACKING,R+C
1786984441.452,57.5,0.000,0.806,0.871,0.5900,-0.0650,9.64,-0.73374,0.150,0.400,0.000,-1.0000,-1.0000,TRACKING,R+C
1786984441.477,57.5,0.000,0.806,0.871,0.5900,-0.0520,7.71,-0.58700,0.150,0.400,0.000,-1.0000,-1.0000,TRACKING,prediction
1786984441.490,57.5,0.000,0.801,0.868,0.5827,-0.0630,8.39,-0.81510,0.150,0.400,0.000,-1.0000,-1.0000,TRACKING,R+C
1786984441.506,57.5,0.000,0.808,0.873,0.5772,-0.0615,7.46,-0.85937,0.150,0.400,0.000,-1.0000,-1.0000,TRACKING,R+C
1786984441.523,57.5,0.000,0.808,0.873,0.5772,-0.0492,5.97,-0.68750,0.150,0.400,0.000,-1.0000,-1.0000,TRACKING,prediction
1786984441.536,57.5,0.000,0.808,0.875,0.5664,-0.0528,8.05,-0.76995,0.150,0.400,0.000,-1.0000,-1.0000,TRACKING,R+C
1786984441.555,57.5,0.000,0.808,0.875,0.5664,-0.0423,6.44,-0.61596,0.150,0.400,0.000,-1.0000,-1.0000,TRACKING,prediction
1786984441.570,57.5,0.000,0.812,0.877,0.5547,-0.0434,7.55,-0.76822,0.150,0.400,0.000,-0.9853,-1.0000,TRACKING,R+C
1786984441.588,57.5,0.000,0.810,0.882,0.5497,-0.0378,7.57,-0.73592,0.150,0.400,0.000,-0.9303,-0.9767,TRACKING,R+C
1786984441.604,57.5,0.000,0.824,0.885,0.5435,-0.0325,7.38,-0.72740,0.150,0.400,0.000,-0.8719,-0.9152,TRACKING,R+C
1786984441.622,57.5,0.000,0.822,0.892,0.5368,-0.0270,7.06,-0.74203,0.150,0.400,0.000,-0.8043,-0.8446,TRACKING,R+C
1786984441.638,57.5,0.000,0.810,0.901,0.5272,-0.0199,7.15,-0.72437,0.150,0.400,0.000,-0.7191,-0.7560,TRACKING,R+C
1786984441.662,57.5,0.000,0.810,0.901,0.5231,-0.0131,7.53,-0.67073,0.150,0.400,0.000,-0.6372,-0.6707,TRACKING,R+C
1786984441.680,57.5,0.592,0.810,0.906,0.5198,-0.0071,7.29,-0.67236,0.150,0.400,0.000,-0.5430,-0.5732,TRACKING,L+C+R_fused
1786984441.699,59.2,0.620,0.811,0.903,0.4764,-0.0007,7.18,-0.66659,0.150,0.400,0.000,-0.4421,-0.4690,TRACKING,L+C+R_fused
1786984441.714,59.2,0.676,0.819,0.910,0.4950,0.0049,7.08,-0.67366,0.150,0.400,0.000,-0.3489,-0.3731,TRACKING,L+C+R_fused
1786984441.731,59.2,0.794,0.817,0.910,0.4770,0.0119,7.26,-0.65557,0.150,0.400,0.000,-0.2346,-0.2555,TRACKING,L+C+R_fused
1786984441.759,59.2,0.922,0.820,0.849,0.4846,0.0183,6.90,-0.66797,0.150,0.400,0.000,-0.1105,-0.1279,TRACKING,L+C+R_fused
1786984441.774,59.2,0.959,0.812,0.922,0.4837,0.0255,6.93,-0.65572,0.150,0.400,0.000,0.0192,0.0053,TRACKING,L+C+R_fused
1786984441.790,59.2,0.953,0.815,0.915,0.4833,0.0333,7.16,-0.63386,0.150,0.400,0.000,0.1506,0.1404,TRACKING,L+C+R_fused
1786984441.807,59.2,0.952,0.815,0.604,0.4842,0.0390,7.33,-0.61408,0.150,0.400,0.000,0.2454,0.2379,TRACKING,L+C+R_fused
1786984441.826,59.2,0.951,0.818,0.373,0.4501,0.0434,7.22,-0.61832,0.150,0.400,0.000,0.3230,0.3176,TRACKING,L+C+R_fused
1786984441.839,59.2,0.949,0.825,0.361,0.4085,0.0449,7.23,-0.61723,0.150,0.400,0.000,0.3473,0.3426,TRACKING,L+C+R_fused
1786984441.854,59.2,0.944,0.816,0.000,0.5126,0.0427,6.67,-0.67116,0.150,0.400,0.000,0.3252,0.3197,TRACKING,L+C
1786984441.871,59.2,0.956,0.818,0.353,0.4894,0.0390,5.85,-0.75063,0.150,0.400,0.000,0.2855,0.2784,TRACKING,L+C+R_fused
1786984441.895,59.2,0.955,0.817,0.384,0.5367,0.0360,5.82,-0.75958,0.150,0.400,0.000,0.2340,0.2255,TRACKING,L+C+R_fused
1786984441.912,59.2,0.957,0.811,0.342,0.4685,0.0350,6.88,-0.69324,0.150,0.400,0.000,0.1810,0.1710,TRACKING,L+C+R_fused
1786984441.930,59.2,0.959,0.805,0.346,0.4489,0.0313,6.99,-0.68818,0.150,0.400,0.000,0.1124,0.1005,TRACKING,L+C+R_fused
1786984441.945,59.2,0.958,0.806,0.359,0.4420,0.0274,7.32,-0.67857,0.150,0.400,0.000,0.0301,0.0159,TRACKING,L+C+R_fused
1786984441.964,59.2,0.959,0.807,0.716,0.4975,0.0218,6.90,-0.73705,0.150,0.400,0.000,-0.0606,-0.0776,TRACKING,L+C+R_fused
1786984441.978,59.2,0.958,0.807,0.914,0.5057,0.0168,7.15,-0.71768,0.150,0.400,0.000,-0.1570,-0.1765,TRACKING,L+C+R_fused
1786984442.003,59.2,0.957,0.802,0.900,0.5141,0.0113,6.87,-0.75528,0.150,0.400,0.000,-0.2463,-0.2685,TRACKING,L+C+R_fused
1786984442.018,59.2,0.867,0.809,0.920,0.5085,0.0045,6.45,-0.78129,0.150,0.400,0.000,-0.3464,-0.3714,TRACKING,L+C+R_fused
1786984442.033,59.2,0.956,0.804,0.927,0.4960,0.0018,7.36,-0.71638,0.150,0.400,0.000,-0.4173,-0.4442,TRACKING,L+C+R_fused
1786984442.048,59.2,0.956,0.804,0.927,0.4960,0.0015,5.89,-0.57310,0.150,0.400,0.000,-0.4173,-0.4442,TRACKING,prediction
1786984442.063,59.2,0.000,0.809,0.910,0.5201,-0.0028,7.93,-0.66579,0.150,0.400,0.000,-0.5029,-0.5323,TRACKING,R+C
1786984442.075,59.2,0.000,0.809,0.917,0.5224,-0.0012,7.97,-0.65474,0.150,0.400,0.000,-0.4784,-0.5069,TRACKING,R+C
1786984442.095,59.2,0.000,0.809,0.917,0.5224,-0.0009,6.38,-0.52379,0.150,0.400,0.000,-0.4784,-0.5069,TRACKING,prediction
1786984442.109,59.2,0.958,0.797,0.913,0.5363,0.0095,7.35,-0.70568,0.150,0.400,0.000,-0.2898,-0.3129,TRACKING,L+C+R_fused
1786984442.125,59.2,0.952,0.797,0.809,0.5201,0.0167,7.05,-0.71873,0.150,0.400,0.000,-0.1541,-0.1734,TRACKING,L+C+R_fused
1786984442.138,59.2,0.956,0.799,0.858,0.5077,0.0238,7.24,-0.69616,0.150,0.400,0.000,-0.0332,-0.0492,TRACKING,L+C+R_fused
1786984442.154,59.2,0.951,0.798,0.923,0.5028,0.0296,6.35,-0.74812,0.150,0.400,0.000,0.1017,0.0893,TRACKING,L+C+R_fused
1786984442.173,59.2,0.943,0.803,0.343,0.5386,0.0366,6.69,-0.70626,0.150,0.400,0.000,0.2158,0.2067,TRACKING,L+C+R_fused
1786984442.195,59.2,0.934,0.805,0.919,0.5060,0.0402,6.59,-0.73882,0.150,0.400,0.000,0.2751,0.2673,TRACKING,L+C+R_fused
1786984442.214,59.2,0.939,0.814,0.791,0.4982,0.0411,7.15,-0.70898,0.150,0.400,0.000,0.2720,0.2640,TRACKING,L+C+R_fused
1786984442.229,59.2,0.948,0.809,0.777,0.4992,0.0393,6.81,-0.77041,0.150,0.400,0.000,0.2447,0.2355,TRACKING,L+C+R_fused
1786984442.243,59.2,0.951,0.804,0.700,0.4998,0.0388,7.13,-0.75767,0.150,0.400,0.000,0.2246,0.2147,TRACKING,L+C+R_fused
1786984442.260,59.2,0.947,0.809,0.734,0.4967,0.0384,7.17,-0.77249,0.150,0.400,0.000,0.2126,0.2021,TRACKING,L+C+R_fused
1786984442.275,59.2,0.949,0.809,0.791,0.4926,0.0402,7.07,-0.79092,0.150,0.400,0.000,0.2449,0.2352,TRACKING,L+C+R_fused
1786984442.291,59.2,0.944,0.802,0.318,0.4868,0.0454,6.81,-0.84081,0.150,0.400,0.000,0.3344,0.3267,TRACKING,L+C+R_fused
1786984442.313,59.2,0.931,0.799,0.358,0.5255,0.0513,6.81,-0.86090,0.150,0.400,0.000,0.4266,0.4213,TRACKING,L+C+R_fused
1786984442.328,59.2,0.936,0.795,0.351,0.5819,0.0558,6.48,-0.90099,0.150,0.400,0.000,0.5024,0.4992,TRACKING,L+C+R_fused
1786984442.355,59.2,0.938,0.807,0.632,0.4784,0.0580,6.83,-0.87970,0.150,0.400,0.000,0.5260,0.5234,TRACKING,L+C+R_fused
1786984442.370,59.2,0.940,0.804,0.682,0.4695,0.0558,6.34,-0.97341,0.150,0.400,0.000,0.4974,0.4932,TRACKING,L+C+R_fused
1786984442.398,59.2,0.939,0.802,0.677,0.4751,0.0553,6.53,-0.96403,0.150,0.400,0.000,0.4839,0.4792,TRACKING,L+C+R_fused
1786984442.413,59.2,0.932,0.800,0.913,0.4732,0.0546,5.69,-1.04157,0.150,0.400,0.000,0.4932,0.4885,TRACKING,L+C+R_fused
1786984442.440,59.2,0.932,0.802,0.609,0.4056,0.0591,6.47,-0.97600,0.150,0.400,0.000,0.5411,0.5381,TRACKING,L+C+R_fused
1786984442.456,59.2,0.932,0.789,0.627,0.4798,0.0648,6.00,-1.03602,0.150,0.400,0.000,0.6294,0.6289,TRACKING,L+C+R_fused
1786984442.472,59.2,0.926,0.794,0.585,0.4824,0.0718,6.39,-1.00818,0.150,0.400,0.000,0.7112,0.7137,TRACKING,L+C+R_fused
1786984442.487,59.2,0.923,0.795,0.373,0.4400,0.0790,6.72,-0.97930,0.150,0.400,0.000,0.7921,0.7978,TRACKING,L+C+R_fused
1786984442.499,59.2,0.916,0.794,0.373,0.4419,0.0857,6.63,-0.99209,0.150,0.400,0.000,0.8668,0.8756,TRACKING,L+C+R_fused
1786984442.512,59.2,0.901,0.798,0.000,0.5302,0.0916,6.68,-0.99054,0.150,0.400,0.000,0.9255,0.9370,TRACKING,L+C
1786984442.528,59.2,0.895,0.792,0.000,0.5357,0.0936,5.26,-1.13227,0.150,0.400,0.000,0.9646,0.9773,TRACKING,L+C
1786984442.540,59.2,0.894,0.790,0.000,0.5413,0.0959,4.93,-1.17543,0.150,0.400,0.000,0.9888,1.0000,TRACKING,L+C
1786984442.559,59.2,0.894,0.790,0.000,0.5413,0.0767,3.95,-0.94035,0.150,0.400,0.000,0.9888,1.0000,TRACKING,prediction
1786984442.574,59.2,0.894,0.790,0.000,0.5413,0.0614,3.16,-0.75228,0.150,0.400,0.000,0.9888,1.0000,TRACKING,prediction
1786984442.590,59.2,0.895,0.775,0.379,0.5306,0.0935,6.97,-1.07763,0.150,0.400,0.000,0.9271,0.9372,TRACKING,L+C+R_fused
1786984442.605,59.2,0.901,0.768,0.907,0.4879,0.0908,7.04,-1.11085,0.150,0.400,0.000,0.8956,0.9037,TRACKING,L+C+R_fused
1786984442.621,59.2,0.922,0.763,0.906,0.4932,0.0885,7.29,-1.11194,0.150,0.400,0.000,0.8644,0.8709,TRACKING,L+C+R_fused
1786984442.647,59.2,0.922,0.765,0.734,0.4952,0.0850,7.47,-1.11504,0.150,0.400,0.000,0.8213,0.8257,TRACKING,L+C+R_fused
1786984442.662,59.2,0.938,0.765,0.655,0.5005,0.0793,6.12,-1.24141,0.150,0.400,0.000,0.7821,0.7844,TRACKING,L+C+R_fused
1786984442.687,59.2,0.927,0.760,0.807,0.5056,0.0785,8.10,-1.10579,0.150,0.400,0.000,0.7261,0.7262,TRACKING,L+C+R_fused
1786984442.699,58.0,0.937,0.756,0.701,0.5006,0.0737,8.09,-1.16662,0.150,0.400,0.000,0.6569,0.6538,TRACKING,L+C+R_fused
1786984442.740,58.0,0.937,0.756,0.701,0.5006,0.0590,6.47,-0.93329,0.150,0.400,0.000,0.6569,0.6538,TRACKING,prediction
1786984442.764,58.0,0.937,0.756,0.701,0.5006,0.0472,5.18,-0.74664,0.150,0.400,0.000,0.6569,0.6538,TRACKING,prediction
1786984442.777,58.0,0.000,0.751,0.897,0.4837,0.0601,9.32,-1.15167,0.150,0.400,0.000,0.4121,0.4002,TRACKING,R+C
1786984442.789,58.0,0.000,0.744,0.895,0.4946,0.0533,8.15,-1.29464,0.150,0.400,0.000,0.3276,0.3123,TRACKING,R+C
1786984442.808,58.0,0.000,0.755,0.873,0.4931,0.0496,8.67,-1.25579,0.150,0.400,0.000,0.2476,0.2302,TRACKING,R+C
1786984442.823,58.0,0.000,0.737,0.871,0.5017,0.0449,8.69,-1.33379,0.150,0.400,0.000,0.1519,0.1307,TRACKING,R+C
1786984442.841,58.0,0.000,0.737,0.871,0.5017,0.0359,6.95,-1.06703,0.150,0.400,0.000,0.1519,0.1307,TRACKING,prediction
1786984442.856,58.0,0.000,0.737,0.871,0.5017,0.0287,5.56,-0.85363,0.150,0.400,0.000,0.1519,0.1307,TRACKING,prediction
1786984442.870,58.0,0.000,0.735,0.862,0.5279,0.0261,9.08,-1.39704,0.150,0.400,0.000,-0.2114,-0.2434,TRACKING,R+C
1786984442.895,58.0,0.000,0.728,0.853,0.5381,0.0182,8.03,-1.54116,0.150,0.400,0.000,-0.3223,-0.3584,TRACKING,R+C
1786984442.907,58.0,0.000,0.741,0.843,0.5495,0.0101,7.00,-1.65573,0.150,0.400,0.000,-0.4299,-0.4696,TRACKING,R+C
1786984442.922,58.0,0.000,0.738,0.827,0.5560,0.0073,9.91,-1.39394,0.150,0.400,0.000,-0.5487,-0.5913,TRACKING,R+C
1786984442.936,58.0,0.000,0.728,0.822,0.5723,-0.0012,8.96,-1.55753,0.150,0.400,0.000,-0.6554,-0.7029,TRACKING,R+C
1786984442.950,58.0,0.000,0.734,0.815,0.5781,-0.0084,9.32,-1.54860,0.150,0.400,0.000,-0.7582,-0.8098,TRACKING,R+C
1786984442.963,58.0,0.000,0.740,0.803,0.5869,-0.0138,9.96,-1.50484,0.150,0.400,0.000,-0.8339,-0.8886,TRACKING,R+C
1786984442.980,58.0,0.000,0.740,0.803,0.5869,-0.0110,7.97,-1.20387,0.150,0.400,0.000,-0.8339,-0.8886,TRACKING,prediction
1786984442.996,58.0,0.000,0.740,0.803,0.5869,-0.0088,6.37,-0.96310,0.150,0.400,0.000,-0.8339,-0.8886,TRACKING,prediction
1786984443.009,58.0,0.000,0.740,0.796,0.5908,-0.0152,10.13,-1.48929,0.150,0.400,0.000,-0.8528,-0.9083,TRACKING,R+C
1786984443.028,58.0,0.000,0.740,0.796,0.5908,-0.0122,8.10,-1.19143,0.150,0.400,0.000,-0.8528,-0.9083,TRACKING,prediction
1786984443.041,58.0,0.000,0.740,0.796,0.5908,-0.0097,6.48,-0.95314,0.150,0.400,0.000,-0.8528,-0.9083,TRACKING,prediction
1786984443.057,58.0,0.000,0.726,0.798,0.5961,-0.0121,8.26,-1.77032,0.150,0.400,0.000,-0.7951,-0.8501,TRACKING,R+C
1786984443.080,58.0,0.000,0.738,0.802,0.5991,-0.0133,9.08,-1.69441,0.150,0.400,0.000,-0.8246,-0.8806,TRACKING,R+C
1786984443.096,58.0,0.000,0.728,0.803,0.6067,-0.0201,7.26,-1.89579,0.150,0.400,0.000,-0.8685,-0.9274,TRACKING,R+C
1786984443.112,58.0,0.000,0.706,0.802,0.6146,-0.0253,6.99,-2.04566,0.150,0.400,0.000,-0.9293,-0.9928,TRACKING,R+C
1786984443.128,58.0,0.000,0.706,0.802,0.6146,-0.0202,5.59,-1.63652,0.150,0.400,0.000,-0.9293,-0.9928,TRACKING,prediction
1786984443.145,58.0,0.000,0.706,0.802,0.6146,-0.0162,4.48,-1.30922,0.150,0.400,0.000,-0.9293,-0.9928,TRACKING,prediction
1786984443.158,58.0,0.000,0.714,0.785,0.6314,-0.0375,7.27,-2.18339,0.150,0.400,0.000,-1.0000,-1.0000,TRACKING,R+C
1786984443.172,58.0,0.000,0.719,0.789,0.6346,-0.0393,7.20,-2.23891,0.150,0.400,0.000,-1.0000,-1.0000,TRACKING,R+C
1786984443.187,58.0,0.000,0.728,0.783,0.6335,-0.0422,6.03,-2.39273,0.150,0.400,0.000,-1.0000,-1.0000,TRACKING,R+C
1786984443.200,58.0,0.000,0.724,0.787,0.6370,-0.0422,7.55,-2.28961,0.150,0.400,0.000,-1.0000,-1.0000,TRACKING,R+C
1786984443.215,58.0,0.000,0.723,0.776,0.6464,-0.0470,8.31,-2.22741,0.150,0.400,0.000,-1.0000,-1.0000,TRACKING,R+C
1786984443.231,58.0,0.000,0.729,0.780,0.6607,-0.0546,9.29,-2.15501,0.150,0.400,0.000,-1.0000,-1.0000,TRACKING,R+C
1786984443.248,58.0,0.000,0.733,0.770,0.6794,-0.0639,10.23,-2.05259,0.150,0.400,0.000,-1.0000,-1.0000,TRACKING,R+C
1786984443.264,58.0,0.000,0.742,0.774,0.6899,-0.0729,11.08,-1.95702,0.150,0.400,0.000,-1.0000,-1.0000,TRACKING,R+C
1786984443.278,58.0,0.000,0.750,0.768,0.6978,-0.0808,11.57,-1.90757,0.150,0.400,0.000,-1.0000,-1.0000,TRACKING,R+C
1786984443.289,58.0,0.000,0.756,0.763,0.7042,-0.0842,12.97,-1.73143,0.150,0.400,0.000,-1.0000,-1.0000,TRACKING,R+C
1786984443.308,58.0,0.000,0.756,0.763,0.7042,-0.0673,10.37,-1.38514,0.150,0.400,0.000,-1.0000,-1.0000,TRACKING,prediction
1786984443.323,58.0,0.000,0.756,0.763,0.7042,-0.0539,8.30,-1.10811,0.150,0.400,0.000,-1.0000,-1.0000,TRACKING,prediction
1786984443.349,58.0,0.000,0.756,0.763,0.7042,-0.0431,6.64,-0.88649,0.150,0.400,0.000,-1.0000,-1.0000,TRACKING,prediction
1786984443.365,58.0,0.000,0.756,0.763,0.7042,-0.0345,5.31,-0.70919,0.150,0.400,0.000,-1.0000,-1.0000,TRACKING,prediction
1786984443.382,58.0,0.000,0.756,0.763,0.7042,-0.0276,4.25,-0.56735,0.150,0.400,0.000,-1.0000,-1.0000,TRACKING,prediction
1786984443.399,58.0,0.000,0.756,0.763,0.7042,-0.0221,3.40,-0.45388,0.150,0.400,0.000,-1.0000,-1.0000,TRACKING,prediction
1786984443.419,58.0,0.000,0.756,0.763,0.7042,-0.0177,2.72,-0.36311,0.150,0.400,0.000,-1.0000,-1.0000,TRACKING,prediction
1786984443.448,58.0,0.000,0.768,0.761,0.7150,-0.0865,21.77,-0.30806,0.169,0.400,0.000,-1.0000,-1.0000,TRACKING,R+C
1786984443.465,58.0,0.000,0.768,0.761,0.7150,-0.0692,17.41,-0.24645,0.169,0.400,0.000,-1.0000,-1.0000,TRACKING,prediction
1786984443.478,58.0,0.000,0.778,0.761,0.7132,-0.0916,21.47,-0.15618,0.184,0.400,0.000,-1.0000,-1.0000,TRACKING,R+C
1786984443.493,58.0,0.000,0.778,0.761,0.7132,-0.0733,17.18,-0.12494,0.184,0.400,0.000,-1.0000,-1.0000,TRACKING,prediction
1786984443.507,58.0,0.000,0.778,0.761,0.7132,-0.0586,13.74,-0.09995,0.184,0.400,0.000,-1.0000,-1.0000,TRACKING,prediction
1786984443.524,58.0,0.000,0.778,0.761,0.7132,-0.0469,10.99,-0.07996,0.184,0.400,0.000,-1.0000,-1.0000,TRACKING,prediction
1786984443.553,58.0,0.000,0.778,0.761,0.7132,-0.0375,8.80,-0.06397,0.184,0.400,0.000,-1.0000,-1.0000,TRACKING,prediction
1786984443.567,58.0,0.000,0.778,0.761,0.7132,-0.0300,7.04,-0.05118,0.184,0.400,0.000,-1.0000,-1.0000,TRACKING,prediction
1786984443.582,58.0,0.000,0.778,0.761,0.7132,-0.0240,5.63,-0.04094,0.184,0.400,0.000,-1.0000,-1.0000,TRACKING,prediction
1786984443.606,58.0,0.000,0.778,0.761,0.7132,-0.0192,4.50,-0.03275,0.184,0.400,0.000,-1.0000,-1.0000,TRACKING,prediction
1786984443.626,58.0,0.000,0.778,0.761,0.7132,-0.0154,3.60,-0.02620,0.184,0.400,0.000,-1.0000,-1.0000,TRACKING,prediction
1786984443.647,58.0,0.000,0.778,0.761,0.7132,-0.0123,2.88,-0.02096,0.184,0.388,0.000,-1.0000,-1.0000,TRACKING,prediction
1786984443.674,58.0,0.000,0.829,0.773,0.6579,-0.1099,13.87,0.05914,0.194,0.400,0.000,-1.0000,-1.0000,TRACKING,R+C
1786984443.691,58.0,0.000,0.829,0.773,0.6579,-0.0879,11.10,0.04731,0.194,0.400,0.000,-1.0000,-1.0000,TRACKING,prediction
1786984443.709,57.5,0.000,0.829,0.773,0.6579,-0.0703,8.88,0.03785,0.194,0.400,0.000,-1.0000,-1.0000,TRACKING,prediction
1786984443.725,57.5,0.000,0.829,0.773,0.6579,-0.0562,7.10,0.03028,0.194,0.400,0.000,-1.0000,-1.0000,TRACKING,prediction
1786984443.738,57.5,0.000,0.816,0.791,0.6214,-0.1052,10.94,0.05675,0.194,0.400,0.000,-1.0000,-1.0000,TRACKING,R+C
1786984443.750,57.5,0.000,0.816,0.796,0.6110,-0.1035,9.84,0.02778,0.197,0.400,0.000,-1.0000,-1.0000,TRACKING,R+C
1786984443.777,57.5,0.000,0.816,0.796,0.6110,-0.0828,7.88,0.02222,0.197,0.400,0.000,-1.0000,-1.0000,TRACKING,prediction
1786984443.799,57.5,0.000,0.816,0.796,0.6110,-0.0662,6.30,0.01778,0.197,0.400,0.000,-1.0000,-1.0000,TRACKING,prediction
1786984443.815,57.5,0.000,0.816,0.796,0.6110,-0.0530,5.04,0.01422,0.197,0.400,0.000,-1.0000,-1.0000,TRACKING,prediction
1786984443.827,57.5,0.000,0.823,0.821,0.5824,-0.0882,7.77,0.04574,0.195,0.400,0.000,-0.9504,-1.0000,TRACKING,R+C
1786984443.854,57.5,0.000,0.814,0.830,0.5756,-0.0835,7.03,0.02563,0.197,0.400,0.000,-0.8992,-0.9517,TRACKING,R+C
1786984443.867,57.5,0.000,0.796,0.825,0.5656,-0.0795,4.74,-0.14383,0.186,0.400,0.000,-0.9238,-0.9731,TRACKING,R+C
1786984443.884,57.5,0.704,0.800,0.837,0.4899,-0.0740,3.99,-0.14729,0.185,0.400,0.000,-0.8736,-0.9188,TRACKING,L+C+R_fused
1786984443.897,57.5,0.949,0.782,0.847,0.5289,-0.0677,2.59,-0.25970,0.174,0.400,0.000,-0.8864,-0.9279,TRACKING,L+C+R_fused
1786984443.910,57.5,0.944,0.778,0.850,0.5390,-0.0602,2.40,-0.23829,0.176,0.400,0.000,-0.8038,-0.8411,TRACKING,L+C+R_fused
1786984443.939,57.5,0.947,0.794,0.856,0.5331,-0.0520,2.68,-0.17860,0.182,0.400,0.000,-0.6942,-0.7271,TRACKING,L+C+R_fused
1786984443.959,57.5,0.951,0.788,0.870,0.5185,-0.0449,2.01,-0.20227,0.180,0.400,0.000,-0.6272,-0.6559,TRACKING,L+C+R_fused
1786984443.987,57.5,0.947,0.779,0.871,0.5075,-0.0393,-0.05,-0.36351,0.164,0.400,0.000,-0.5925,-0.6174,TRACKING,L+C+R_fused
1786984444.014,57.5,0.944,0.789,0.884,0.5024,-0.0326,-0.02,-0.35063,0.165,0.400,0.000,-0.5025,-0.5240,TRACKING,L+C+R_fused
1786984444.031,57.5,0.945,0.774,0.882,0.5007,-0.0284,-1.41,-0.48639,0.151,0.400,0.000,-0.4948,-0.5141,TRACKING,L+C+R_fused
1786984444.048,57.5,0.943,0.755,0.892,0.4968,-0.0271,-3.49,-0.70517,0.150,0.400,0.000,-0.4383,-0.4570,TRACKING,L+C+R_fused
1786984444.064,57.5,0.943,0.765,0.889,0.4942,-0.0261,-2.90,-0.64382,0.150,0.400,0.000,-0.4345,-0.4527,TRACKING,L+C+R_fused
1786984444.079,57.5,0.946,0.740,0.891,0.4915,-0.0290,-5.42,-0.92504,0.150,0.400,0.000,-0.4282,-0.4480,TRACKING,L+C+R_fused
1786984444.104,57.5,0.940,0.732,0.878,0.4909,-0.0337,-7.66,-1.13711,0.150,0.400,0.000,-0.4496,-0.4713,TRACKING,L+C+R_fused
1786984444.117,57.5,0.948,0.749,0.879,0.4874,-0.0334,-6.64,-1.07050,0.150,0.400,0.000,-0.4740,-0.4963,TRACKING,L+C+R_fused
1786984444.132,57.5,0.949,0.726,0.878,0.4919,-0.0356,-8.44,-1.29970,0.150,0.400,0.000,-0.4758,-0.5000,TRACKING,L+C+R_fused
1786984444.154,57.5,0.899,0.724,0.876,0.4726,-0.0368,-9.21,-1.41204,0.150,0.400,0.000,-0.4835,-0.5089,TRACKING,L+C+R_fused
1786984444.169,57.5,0.376,0.736,0.874,0.4682,-0.0360,-9.01,-1.40998,0.150,0.400,0.000,-0.4792,-0.5047,TRACKING,L+C+R_fused
1786984444.195,57.5,0.000,0.728,0.879,0.5013,-0.0351,-10.57,-1.60954,0.150,0.400,0.000,-0.4390,-0.4650,TRACKING,R+C
1786984444.212,57.5,0.000,0.752,0.890,0.4986,-0.0326,-12.13,-1.74054,0.150,0.400,0.000,-0.3625,-0.3872,TRACKING,R+C
1786984444.228,57.5,0.378,0.736,0.892,0.4906,-0.0223,-11.53,-1.79983,0.150,0.400,0.000,-0.2238,-0.2458,TRACKING,L+C+R_fused
1786984444.243,57.5,0.841,0.753,0.893,0.4697,-0.0098,-9.94,-1.75724,0.150,0.400,0.000,-0.0637,-0.0817,TRACKING,L+C+R_fused
1786984444.264,57.5,0.944,0.763,0.901,0.4635,0.0003,-9.83,-1.80696,0.150,0.400,0.000,0.1000,0.0855,TRACKING,L+C+R_fused
1786984444.277,57.5,0.949,0.773,0.898,0.5041,0.0091,-9.86,-1.85396,0.150,0.400,0.000,0.2462,0.2351,TRACKING,L+C+R_fused
1786984444.299,57.5,0.933,0.780,0.898,0.5028,0.0175,-9.57,-1.89605,0.150,0.400,0.000,0.3676,0.3591,TRACKING,L+C+R_fused
1786984444.314,57.5,0.936,0.783,0.909,0.5015,0.0222,-10.01,-1.97655,0.150,0.400,0.000,0.4453,0.4382,TRACKING,L+C+R_fused
1786984444.331,57.5,0.949,0.786,0.920,0.4998,0.0293,-6.86,-1.87738,0.150,0.400,0.000,0.4537,0.4464,TRACKING,L+C+R_fused
1786984444.347,57.5,0.943,0.781,0.918,0.4927,0.0333,-5.52,-1.85928,0.150,0.400,0.000,0.4680,0.4605,TRACKING,L+C+R_fused
1786984444.360,57.5,0.949,0.784,0.919,0.4983,0.0383,-3.67,-1.79314,0.150,0.400,0.000,0.4857,0.4783,TRACKING,L+C+R_fused
1786984444.375,57.5,0.805,0.786,0.911,0.4842,0.0418,-2.82,-1.76958,0.150,0.400,0.000,0.5116,0.5047,TRACKING,L+C+R_fused
1786984444.391,57.5,0.377,0.780,0.915,0.4927,0.0448,-2.37,-1.79973,0.150,0.400,0.000,0.5350,0.5281,TRACKING,L+C+R_fused
1786984444.405,57.5,0.000,0.775,0.910,0.4711,0.0485,-0.38,-1.73403,0.150,0.400,0.000,0.5268,0.5190,TRACKING,R+C
1786984444.421,57.5,0.000,0.778,0.912,0.4745,0.0501,1.49,-1.65791,0.150,0.400,0.000,0.4911,0.4817,TRACKING,R+C
1786984444.444,57.5,0.000,0.775,0.909,0.4838,0.0488,2.69,-1.63369,0.150,0.400,0.000,0.4280,0.4160,TRACKING,R+C
1786984444.459,57.5,0.000,0.777,0.909,0.4934,0.0474,4.03,-1.57843,0.150,0.400,0.000,0.3584,0.3439,TRACKING,R+C
1786984444.476,57.5,0.000,0.769,0.898,0.5029,0.0460,5.58,-1.49439,0.150,0.400,0.000,0.2832,0.2664,TRACKING,R+C
1786984444.490,57.5,0.000,0.769,0.900,0.5072,0.0426,7.02,-1.41654,0.150,0.400,0.000,0.1743,0.1542,TRACKING,R+C
1786984444.506,57.5,0.000,0.761,0.885,0.5240,0.0383,7.82,-1.42136,0.150,0.400,0.000,0.0595,0.0356,TRACKING,R+C
1786984444.521,57.5,0.000,0.760,0.877,0.5409,0.0356,10.18,-1.22589,0.150,0.400,0.000,-0.0647,-0.0915,TRACKING,R+C
1786984444.537,57.5,0.000,0.758,0.877,0.5422,0.0306,10.68,-1.24462,0.150,0.400,0.000,-0.1793,-0.2099,TRACKING,R+C
1786984444.554,57.5,0.000,0.760,0.883,0.5600,0.0257,12.76,-1.02383,0.150,0.400,0.000,-0.3191,-0.3525,TRACKING,R+C
1786984444.567,57.5,0.000,0.758,0.872,0.5630,0.0192,12.51,-1.12915,0.150,0.400,0.000,-0.4327,-0.4706,TRACKING,R+C
1786984444.581,57.5,0.000,0.757,0.868,0.5814,0.0100,11.06,-1.35178,0.150,0.400,0.000,-0.5483,-0.5915,TRACKING,R+C
1786984444.598,57.5,0.000,0.753,0.857,0.5895,0.0030,11.97,-1.29489,0.150,0.400,0.000,-0.6714,-0.7189,TRACKING,R+C
1786984444.610,57.5,0.000,0.767,0.854,0.6086,-0.0093,10.71,-1.41740,0.150,0.400,0.000,-0.7959,-0.8485,TRACKING,R+C
1786984444.624,57.5,0.000,0.764,0.845,0.6200,-0.0162,11.80,-1.34011,0.150,0.400,0.000,-0.8936,-0.9505,TRACKING,R+C
1786984444.639,57.5,0.000,0.761,0.841,0.6314,-0.0238,12.77,-1.27182,0.150,0.400,0.000,-0.9848,-1.0000,TRACKING,R+C
1786984444.655,57.5,0.000,0.761,0.841,0.6314,-0.0190,10.22,-1.01745,0.150,0.400,0.000,-0.9848,-1.0000,TRACKING,prediction
1786984444.679,57.5,0.000,0.763,0.818,0.6532,-0.0433,13.56,-1.18210,0.150,0.400,0.000,-1.0000,-1.0000,TRACKING,R+C
1786984444.697,57.5,0.000,0.763,0.818,0.6532,-0.0347,10.85,-0.94568,0.150,0.400,0.000,-1.0000,-1.0000,TRACKING,prediction
1786984444.711,57.9,0.000,0.769,0.798,0.6739,-0.0642,14.60,-1.08179,0.150,0.400,0.000,-1.0000,-1.0000,TRACKING,R+C
1786984444.731,57.9,0.000,0.769,0.798,0.6739,-0.0513,11.68,-0.86543,0.150,0.400,0.000,-1.0000,-1.0000,TRACKING,prediction
1786984444.758,57.9,0.000,0.769,0.798,0.6739,-0.0411,9.34,-0.69235,0.150,0.400,0.000,-1.0000,-1.0000,TRACKING,prediction
1786984444.772,57.9,0.000,0.817,0.783,0.6951,-0.0965,16.02,-0.83711,0.150,0.400,0.000,-1.0000,-1.0000,TRACKING,R+C
1786984444.788,57.9,0.000,0.817,0.783,0.6951,-0.0772,12.82,-0.66969,0.150,0.400,0.000,-1.0000,-1.0000,TRACKING,prediction
1786984444.814,57.9,0.000,0.817,0.783,0.6951,-0.0618,10.26,-0.53575,0.150,0.400,0.000,-1.0000,-1.0000,TRACKING,prediction
1786984444.830,57.9,0.000,0.817,0.783,0.6951,-0.0494,8.20,-0.42860,0.150,0.400,0.000,-1.0000,-1.0000,TRACKING,prediction
1786984444.861,57.9,0.000,0.817,0.783,0.6951,-0.0395,6.56,-0.34288,0.150,0.400,0.000,-1.0000,-1.0000,TRACKING,prediction
1786984444.888,57.9,0.000,0.817,0.783,0.6951,-0.0316,5.25,-0.27431,0.150,0.400,0.000,-1.0000,-1.0000,TRACKING,prediction
1786984444.901,57.9,0.000,0.817,0.783,0.6951,-0.0253,4.20,-0.21944,0.150,0.400,0.000,-1.0000,-1.0000,TRACKING,prediction
1786984444.921,57.9,0.847,0.729,0.000,0.7382,0.2448,31.92,-0.97099,0.150,0.400,0.000,1.0000,0.0159,TRACKING,L+C
1786984444.937,57.9,0.847,0.729,0.000,0.7382,0.1958,25.54,-0.77680,0.150,0.400,0.000,1.0000,1.0000,TRACKING,prediction
1786984444.964,57.9,0.847,0.729,0.000,0.7382,0.1567,20.43,-0.62144,0.150,0.400,0.000,1.0000,1.0000,TRACKING,prediction
1786984444.977,57.9,0.847,0.729,0.000,0.7382,0.1253,16.34,-0.49715,0.150,0.400,0.000,1.0000,1.0000,TRACKING,prediction
1786984444.990,57.9,0.000,0.000,0.705,0.7382,-0.1711,38.15,-0.46624,0.153,0.280,0.000,-1.0000,-0.1372,UNCERTAIN,R_only
1786984445.012,57.9,0.000,0.000,0.705,0.7382,-0.1369,30.52,-0.37299,0.153,0.268,0.000,-1.0000,-1.0000,UNCERTAIN,prediction
1786984445.027,57.9,0.000,0.000,0.705,0.7382,-0.1095,24.42,-0.29839,0.153,0.255,0.000,-1.0000,-1.0000,UNCERTAIN,prediction
1786984445.041,57.9,0.000,0.000,0.705,0.7382,-0.0876,19.53,-0.23872,0.153,0.242,0.000,-1.0000,-1.0000,UNCERTAIN,prediction
1786984445.056,57.9,0.000,0.000,0.705,0.7382,-0.0701,15.63,-0.19097,0.153,0.230,0.000,-1.0000,-1.0000,UNCERTAIN,prediction
1786984445.072,57.9,0.000,0.000,0.705,0.7382,-0.0561,12.50,-0.15278,0.153,0.218,0.000,-1.0000,-1.0000,UNCERTAIN,prediction
1786984445.087,57.9,0.000,0.720,0.000,0.7382,0.1418,32.83,-0.59084,0.150,0.400,0.000,0.6274,-0.0242,TRACKING,C_only
1786984445.103,57.9,0.000,0.722,0.000,0.7382,0.1367,33.12,-0.49758,0.150,0.400,0.000,0.5614,0.5367,TRACKING,C_only
1786984445.115,57.9,0.000,0.722,0.000,0.7382,0.1094,26.49,-0.39806,0.150,0.400,0.000,0.5614,0.5367,TRACKING,prediction
1786984445.129,57.9,0.000,0.000,0.737,0.7382,-0.2446,31.74,-0.49177,0.151,0.280,0.000,-1.0000,-0.5843,UNCERTAIN,R_only
1786984445.151,57.9,0.000,0.000,0.738,0.7382,-0.2496,30.98,-0.50612,0.150,0.280,0.000,-1.0000,-1.0000,UNCERTAIN,R_only
1786984445.166,57.9,0.000,0.000,0.740,0.7382,-0.2530,30.63,-0.48097,0.152,0.280,0.000,-1.0000,-1.0000,UNCERTAIN,R_only
1786984445.177,57.9,0.000,0.744,0.000,0.7382,0.1127,30.04,-0.47062,0.153,0.400,0.000,0.3630,-0.0255,TRACKING,C_only
1786984445.191,57.9,0.000,0.745,0.000,0.7382,0.1078,29.52,-0.45809,0.154,0.400,0.000,0.3137,0.2878,TRACKING,C_only
1786984445.208,57.9,0.000,0.750,0.000,0.7382,0.1044,29.62,-0.39380,0.161,0.400,0.000,0.2490,0.2230,TRACKING,C_only
1786984445.221,57.9,0.000,0.755,0.000,0.7382,0.1001,28.88,-0.39987,0.160,0.400,0.000,0.2245,0.1985,TRACKING,C_only
1786984445.237,57.9,0.000,0.760,0.000,0.7382,0.0975,28.80,-0.33861,0.166,0.400,0.000,0.1882,0.1628,TRACKING,C_only
1786984445.253,57.9,0.000,0.762,0.000,0.7382,0.0944,28.20,-0.33585,0.166,0.400,0.000,0.1744,0.1494,TRACKING,C_only
1786984445.270,57.9,0.000,0.768,0.000,0.7382,0.0908,27.49,-0.34072,0.166,0.400,0.000,0.1563,0.1314,TRACKING,C_only
1786984445.285,57.9,0.000,0.770,0.000,0.7382,0.0871,26.82,-0.34648,0.165,0.400,0.000,0.1342,0.1093,TRACKING,C_only
1786984445.302,57.9,0.000,0.777,0.000,0.7382,0.0851,26.08,-0.36705,0.163,0.400,0.000,0.1396,0.1152,TRACKING,C_only
1786984445.317,57.9,0.000,0.777,0.000,0.7382,0.0836,25.48,-0.35350,0.165,0.400,0.000,0.1472,0.1240,TRACKING,C_only
1786984445.340,57.9,0.000,0.785,0.000,0.7382,0.0830,24.88,-0.35051,0.165,0.400,0.000,0.1661,0.1443,TRACKING,C_only
1786984445.355,57.9,0.000,0.789,0.000,0.7382,0.0834,24.62,-0.31260,0.169,0.400,0.000,0.1826,0.1625,TRACKING,C_only
1786984445.365,57.9,0.000,0.793,0.000,0.7382,0.0843,23.84,-0.33309,0.167,0.400,0.000,0.2300,0.2119,TRACKING,C_only
1786984445.379,57.9,0.000,0.796,0.000,0.7382,0.0852,23.12,-0.33524,0.166,0.400,0.000,0.2739,0.2579,TRACKING,C_only
1786984445.404,57.9,0.620,0.796,0.000,0.4882,0.0867,22.06,-0.39287,0.161,0.400,0.000,0.3495,0.3355,TRACKING,L+C
1786984445.418,57.9,0.926,0.802,0.000,0.4983,0.0888,21.42,-0.40802,0.159,0.400,0.000,0.4116,0.3998,TRACKING,L+C
1786984445.442,57.9,0.945,0.803,0.000,0.5017,0.0922,21.13,-0.38384,0.162,0.400,0.000,0.4622,0.4533,TRACKING,L+C
1786984445.458,57.9,0.946,0.808,0.000,0.5116,0.0946,20.33,-0.41673,0.158,0.400,0.000,0.5382,0.5316,TRACKING,L+C
1786984445.482,57.9,0.946,0.809,0.000,0.5162,0.0960,19.42,-0.46227,0.154,0.400,0.000,0.6144,0.6098,TRACKING,L+C
1786984445.498,57.9,0.946,0.816,0.000,0.5147,0.0976,19.25,-0.42746,0.157,0.400,0.000,0.6231,0.6204,TRACKING,L+C
1786984445.513,57.9,0.945,0.824,0.000,0.5178,0.0995,18.11,-0.49064,0.151,0.400,0.000,0.7230,0.7225,TRACKING,L+C
1786984445.529,57.9,0.938,0.830,0.000,0.5172,0.1028,18.02,-0.48342,0.152,0.400,0.000,0.7609,0.7622,TRACKING,L+C
1786984445.553,57.9,0.933,0.835,0.000,0.5168,0.1056,17.72,-0.49516,0.150,0.400,0.000,0.8114,0.8146,TRACKING,L+C
1786984445.567,57.9,0.935,0.837,0.000,0.5188,0.1093,17.52,-0.47096,0.153,0.400,0.000,0.8406,0.8464,TRACKING,L+C
1786984445.581,57.9,0.932,0.834,0.000,0.5188,0.1134,17.42,-0.45509,0.154,0.400,0.000,0.8745,0.8828,TRACKING,L+C
1786984445.598,57.9,0.933,0.837,0.000,0.5195,0.1177,17.35,-0.43504,0.156,0.400,0.000,0.9041,0.9151,TRACKING,L+C
1786984445.610,57.9,0.934,0.839,0.000,0.5209,0.1225,17.00,-0.44550,0.155,0.400,0.000,0.9618,0.9756,TRACKING,L+C
1786984445.623,57.9,0.928,0.838,0.000,0.5199,0.1262,16.71,-0.43796,0.156,0.400,0.000,0.9944,1.0000,TRACKING,L+C
1786984445.639,57.9,0.918,0.844,0.000,0.5209,0.1320,16.77,-0.40566,0.159,0.400,0.000,1.0000,1.0000,TRACKING,L+C
1786984445.654,57.9,0.918,0.851,0.000,0.5219,0.1372,16.41,-0.42032,0.158,0.400,0.000,1.0000,1.0000,TRACKING,L+C
1786984445.679,57.9,0.914,0.852,0.000,0.5219,0.1420,16.17,-0.40800,0.159,0.400,0.000,1.0000,1.0000,TRACKING,L+C
1786984445.700,57.9,0.902,0.852,0.000,0.5203,0.1460,15.49,-0.46308,0.154,0.400,0.000,1.0000,1.0000,TRACKING,L+C
1786984445.713,57.9,0.914,0.857,0.000,0.5207,0.1508,15.16,-0.46429,0.154,0.400,0.000,1.0000,1.0000,TRACKING,L+C
1786984445.729,57.9,0.894,0.857,0.000,0.5196,0.1539,14.05,-0.58003,0.150,0.400,0.000,1.0000,1.0000,TRACKING,L+C
1786984445.745,57.9,0.895,0.864,0.000,0.5173,0.1560,13.74,-0.60582,0.150,0.400,0.000,1.0000,1.0000,TRACKING,L+C
1786984445.760,57.9,0.900,0.868,0.000,0.5175,0.1569,13.61,-0.61553,0.150,0.400,0.000,1.0000,1.0000,TRACKING,L+C
1786984445.774,57.9,0.894,0.869,0.000,0.5163,0.1555,13.87,-0.58885,0.150,0.400,0.000,1.0000,1.0000,TRACKING,L+C
1786984445.789,57.9,0.895,0.871,0.000,0.5133,0.1525,14.23,-0.58931,0.150,0.400,0.000,1.0000,1.0000,TRACKING,L+C
1786984445.805,57.9,0.897,0.875,0.000,0.5131,0.1494,14.39,-0.59757,0.150,0.400,0.000,1.0000,1.0000,TRACKING,L+C
1786984445.820,57.9,0.906,0.877,0.000,0.5154,0.1473,14.54,-0.59082,0.150,0.400,0.000,1.0000,1.0000,TRACKING,L+C
1786984445.835,57.9,0.907,0.883,0.000,0.5144,0.1447,14.33,-0.65079,0.150,0.400,0.000,1.0000,1.0000,TRACKING,L+C
1786984445.853,57.9,0.907,0.874,0.000,0.5158,0.1440,14.57,-0.64537,0.150,0.400,0.000,1.0000,1.0000,TRACKING,L+C
1786984445.864,57.9,0.906,0.874,0.000,0.5185,0.1442,14.80,-0.61226,0.150,0.400,0.000,1.0000,1.0000,TRACKING,L+C
1786984445.879,57.9,0.913,0.871,0.000,0.5202,0.1451,14.82,-0.61780,0.150,0.400,0.000,1.0000,1.0000,TRACKING,L+C
1786984445.898,57.9,0.912,0.869,0.000,0.5201,0.1478,15.10,-0.56957,0.150,0.400,0.000,1.0000,1.0000,TRACKING,L+C
1786984445.915,57.9,0.905,0.878,0.000,0.5202,0.1526,14.90,-0.57976,0.150,0.400,0.000,1.0000,1.0000,TRACKING,L+C
1786984445.929,57.9,0.909,0.881,0.000,0.5200,0.1586,15.08,-0.54262,0.150,0.400,0.000,1.0000,1.0000,TRACKING,L+C
1786984445.945,57.9,0.909,0.887,0.000,0.5185,0.1638,14.94,-0.52497,0.150,0.400,0.000,1.0000,1.0000,TRACKING,L+C
1786984445.957,57.9,0.000,0.900,0.890,0.5183,-0.1613,-6.01,-0.52808,0.150,0.400,0.000,-1.0000,-0.0734,TRACKING,R+C
1786984445.979,57.9,0.000,0.895,0.888,0.5171,-0.1544,-5.99,-0.51704,0.150,0.400,0.000,-1.0000,-1.0000,TRACKING,R+C
1786984445.990,57.9,0.000,0.892,0.893,0.5149,-0.1467,-5.91,-0.50620,0.150,0.400,0.000,-1.0000,-1.0000,TRACKING,R+C
1786984446.014,57.9,0.000,0.880,0.896,0.5103,-0.1396,-6.58,-0.54630,0.150,0.400,0.000,-1.0000,-1.0000,TRACKING,R+C
1786984446.028,57.9,0.000,0.879,0.906,0.5052,-0.1315,-6.98,-0.59863,0.150,0.400,0.000,-1.0000,-1.0000,TRACKING,R+C
1786984446.039,57.9,0.000,0.887,0.908,0.5033,-0.1234,-6.13,-0.53237,0.150,0.400,0.000,-1.0000,-1.0000,TRACKING,R+C
1786984446.055,57.9,0.000,0.877,0.915,0.5008,-0.1186,-6.78,-0.60427,0.150,0.400,0.000,-1.0000,-1.0000,TRACKING,R+C
1786984446.073,57.9,0.000,0.886,0.916,0.5015,-0.1149,-6.40,-0.58767,0.150,0.400,0.000,-1.0000,-1.0000,TRACKING,R+C
1786984446.088,57.9,0.000,0.884,0.920,0.4999,-0.1134,-6.26,-0.59784,0.150,0.400,0.000,-1.0000,-1.0000,TRACKING,R+C
1786984446.104,57.9,0.000,0.866,0.914,0.4972,-0.1147,-7.15,-0.71306,0.150,0.400,0.000,-1.0000,-1.0000,TRACKING,R+C
1786984446.115,57.9,0.000,0.886,0.919,0.4958,-0.1133,-5.66,-0.59965,0.150,0.400,0.000,-1.0000,-1.0000,TRACKING,R+C
1786984446.130,57.9,0.000,0.889,0.920,0.5026,-0.1128,-5.49,-0.59038,0.150,0.400,0.000,-1.0000,-1.0000,TRACKING,R+C
1786984446.146,57.9,0.000,0.881,0.926,0.5070,-0.1107,-5.51,-0.59160,0.150,0.400,0.000,-1.0000,-1.0000,TRACKING,R+C
1786984446.174,57.9,0.000,0.866,0.928,0.5081,-0.1049,-5.22,-0.59120,0.150,0.400,0.000,-1.0000,-1.0000,TRACKING,R+C
1786984446.188,57.9,0.380,0.862,0.934,0.5400,-0.0968,-5.45,-0.60714,0.150,0.400,0.000,-1.0000,-1.0000,TRACKING,L+C+R_fused
1786984446.200,57.9,0.000,0.860,0.938,0.5076,-0.0875,-5.00,-0.58476,0.150,0.400,0.000,-1.0000,-1.0000,TRACKING,R+C
1786984446.218,57.9,0.374,0.864,0.946,0.4738,-0.0785,-4.80,-0.56423,0.150,0.400,0.000,-0.9993,-1.0000,TRACKING,L+C+R_fused
1786984446.232,57.9,0.000,0.874,0.935,0.5013,-0.0696,-4.87,-0.59390,0.150,0.400,0.000,-0.9189,-0.9527,TRACKING,R+C
1786984446.248,57.9,0.000,0.861,0.936,0.5009,-0.0640,-5.58,-0.67710,0.150,0.400,0.000,-0.8525,-0.8839,TRACKING,R+C
1786984446.265,57.9,0.000,0.870,0.946,0.5028,-0.0611,-5.53,-0.68344,0.150,0.400,0.000,-0.8222,-0.8525,TRACKING,R+C
1786984446.280,57.9,0.000,0.860,0.945,0.5034,-0.0598,-5.59,-0.70629,0.150,0.400,0.000,-0.8087,-0.8386,TRACKING,R+C
1786984446.297,57.9,0.000,0.861,0.935,0.5040,-0.0581,-4.96,-0.69645,0.150,0.400,0.000,-0.8065,-0.8367,TRACKING,R+C
1786984446.312,57.9,0.000,0.864,0.931,0.5039,-0.0557,-4.19,-0.66518,0.150,0.400,0.000,-0.7975,-0.8275,TRACKING,R+C
1786984446.328,57.9,0.000,0.867,0.938,0.5048,-0.0519,-3.31,-0.62617,0.150,0.400,0.000,-0.7738,-0.8029,TRACKING,R+C
1786984446.344,57.9,0.000,0.872,0.913,0.5040,-0.0476,-2.02,-0.54225,0.150,0.400,0.000,-0.7508,-0.7790,TRACKING,R+C
1786984446.357,57.9,0.000,0.874,0.863,0.5066,-0.0459,-1.43,-0.51909,0.150,0.400,0.000,-0.7446,-0.7726,TRACKING,R+C
1786984446.373,57.9,0.000,0.872,0.928,0.4969,-0.0467,-1.47,-0.55865,0.150,0.400,0.000,-0.7588,-0.7879,TRACKING,R+C
1786984446.387,57.9,0.000,0.862,0.930,0.5048,-0.0500,-2.02,-0.63019,0.150,0.400,0.000,-0.7903,-0.8211,TRACKING,R+C
1786984446.404,57.9,0.774,0.860,0.917,0.5435,-0.0504,-0.51,-0.52873,0.150,0.400,0.000,-0.8247,-0.8569,TRACKING,L+C+R_fused
1786984446.420,57.9,0.000,0.860,0.923,0.5148,-0.0523,0.33,-0.47289,0.153,0.400,0.000,-0.8409,-0.8747,TRACKING,R+C
1786984446.437,57.9,0.000,0.860,0.915,0.4962,-0.0552,1.24,-0.41355,0.159,0.400,0.000,-0.8403,-0.8760,TRACKING,R+C
1786984446.453,57.9,0.000,0.860,0.890,0.5078,-0.0594,0.96,-0.45781,0.154,0.400,0.000,-0.9135,-0.9515,TRACKING,R+C
1786984446.479,57.9,0.000,0.855,0.825,0.5180,-0.0623,1.63,-0.40930,0.159,0.400,0.000,-0.9114,-0.9512,TRACKING,R+C
1786984446.490,57.9,0.000,0.837,0.922,0.5272,-0.0676,-1.05,-0.80872,0.150,0.400,0.000,-1.0000,-1.0000,TRACKING,R+C
1786984446.506,57.9,0.000,0.848,0.804,0.5267,-0.0717,-1.44,-0.81544,0.150,0.400,0.000,-1.0000,-1.0000,TRACKING,R+C
1786984446.520,57.9,0.000,0.850,0.834,0.5844,-0.0733,-0.49,-0.77733,0.150,0.400,0.000,-1.0000,-1.0000,TRACKING,R+C
1786984446.536,57.9,0.000,0.855,0.822,0.5796,-0.0751,0.49,-0.71495,0.150,0.400,0.000,-1.0000,-1.0000,TRACKING,R+C
1786984446.553,57.9,0.000,0.841,0.917,0.5441,-0.0776,0.29,-0.78772,0.150,0.400,0.000,-1.0000,-1.0000,TRACKING,R+C
1786984446.568,57.9,0.000,0.850,0.924,0.5300,-0.0797,0.79,-0.77593,0.150,0.400,0.000,-1.0000,-1.0000,TRACKING,R+C
1786984446.582,57.9,0.000,0.850,0.924,0.5300,-0.0638,0.63,-0.62074,0.150,0.400,0.000,-1.0000,-1.0000,TRACKING,prediction
1786984446.606,57.9,0.000,0.831,0.926,0.5486,-0.0859,0.75,-0.83929,0.150,0.400,0.000,-1.0000,-1.0000,TRACKING,R+C
1786984446.623,57.9,0.000,0.831,0.926,0.5486,-0.0687,0.60,-0.67143,0.150,0.400,0.000,-1.0000,-1.0000,TRACKING,prediction
1786984446.641,57.9,0.000,0.831,0.926,0.5486,-0.0549,0.48,-0.53715,0.150,0.400,0.000,-1.0000,-1.0000,TRACKING,prediction
1786984446.650,57.9,0.000,0.831,0.926,0.5486,-0.0440,0.38,-0.42972,0.150,0.400,0.000,-1.0000,-1.0000,TRACKING,prediction
1786984446.681,57.9,0.000,0.831,0.926,0.5486,-0.0352,0.31,-0.34377,0.150,0.400,0.000,-1.0000,-1.0000,TRACKING,prediction
1786984446.703,57.9,0.000,0.831,0.926,0.5486,-0.0281,0.24,-0.27502,0.150,0.400,0.000,-1.0000,-1.0000,TRACKING,prediction
1786984446.729,61.0,0.000,0.831,0.926,0.5486,-0.0225,0.20,-0.22002,0.150,0.400,0.000,-1.0000,-1.0000,TRACKING,prediction
1786984446.746,61.0,0.000,0.831,0.926,0.5486,-0.0180,0.16,-0.17601,0.150,0.400,0.000,-1.0000,-1.0000,TRACKING,prediction
1786984446.765,61.0,0.000,0.831,0.926,0.5486,-0.0144,0.13,-0.14081,0.150,0.400,0.000,-1.0000,-1.0000,TRACKING,prediction
1786984446.779,61.0,0.000,0.831,0.926,0.5486,-0.0115,0.10,-0.11265,0.150,0.400,0.000,-1.0000,-1.0000,TRACKING,prediction
1786984446.807,61.0,0.000,0.831,0.926,0.5486,-0.0092,0.08,-0.09012,0.150,0.400,0.000,-1.0000,-1.0000,TRACKING,prediction
1786984446.823,61.0,0.000,0.831,0.926,0.5486,-0.0074,0.06,-0.07209,0.150,0.400,0.000,-1.0000,-1.0000,TRACKING,prediction
1786984446.837,61.0,0.000,0.831,0.926,0.5486,-0.0059,0.05,-0.05768,0.150,0.380,0.000,-1.0000,-1.0000,TRACKING,prediction
1786984446.852,61.0,0.000,0.831,0.926,0.5486,-0.0047,0.04,-0.04614,0.150,0.361,0.000,-1.0000,-1.0000,TRACKING,prediction
1786984446.865,61.0,0.000,0.831,0.926,0.5486,-0.0038,0.03,-0.03691,0.150,0.343,0.000,-1.0000,-1.0000,TRACKING,prediction
1786984446.885,61.0,0.000,0.831,0.926,0.5486,-0.0030,0.03,-0.02953,0.150,0.325,0.000,-1.0000,-1.0000,TRACKING,prediction
1786984446.900,61.0,0.000,0.831,0.926,0.5486,-0.0024,0.02,-0.02362,0.150,0.280,0.000,-1.0000,-1.0000,UNCERTAIN,prediction
1786984446.915,61.0,0.000,0.831,0.926,0.5486,-0.0019,0.02,-0.01890,0.150,0.280,0.000,-1.0000,-1.0000,UNCERTAIN,prediction
1786984446.939,61.0,0.000,0.831,0.926,0.5486,-0.0015,0.01,-0.01512,0.150,0.279,0.000,-1.0000,-1.0000,UNCERTAIN,prediction
1786984446.958,61.0,0.000,0.831,0.926,0.5486,-0.0012,0.01,-0.01210,0.150,0.265,0.000,-1.0000,-1.0000,UNCERTAIN,prediction
1786984446.981,61.0,0.000,0.831,0.926,0.5486,-0.0010,0.01,-0.00968,0.150,0.252,0.000,-1.0000,-1.0000,UNCERTAIN,prediction
1786984447.000,61.0,0.000,0.831,0.926,0.5486,-0.0008,0.01,-0.00774,0.150,0.239,0.000,-1.0000,-1.0000,UNCERTAIN,prediction
1786984447.015,61.0,0.000,0.831,0.926,0.5486,-0.0006,0.01,-0.00619,0.150,0.227,0.000,-1.0000,-1.0000,UNCERTAIN,prediction
1786984447.032,61.0,0.000,0.831,0.926,0.5486,-0.0005,0.00,-0.00495,0.150,0.216,0.000,-1.0000,-1.0000,UNCERTAIN,prediction
1786984447.048,61.0,0.000,0.831,0.926,0.5486,-0.0004,0.00,-0.00396,0.150,0.205,0.000,-1.0000,-1.0000,UNCERTAIN,prediction
1786984447.064,61.0,0.000,0.831,0.926,0.5486,-0.0003,0.00,-0.00317,0.150,0.195,0.000,-1.0000,-1.0000,UNCERTAIN,prediction
1786984447.079,61.0,0.000,0.831,0.926,0.5486,-0.0003,0.00,-0.00254,0.150,0.185,0.000,-1.0000,-1.0000,UNCERTAIN,prediction
1786984447.103,61.0,0.000,0.886,0.840,0.6095,-0.1551,3.50,-1.09253,0.150,0.400,0.000,-1.0000,-1.0000,TRACKING,R+C
1786984447.119,61.0,0.000,0.886,0.833,0.6109,-0.1572,4.63,-1.00630,0.150,0.400,0.000,-1.0000,-1.0000,TRACKING,R+C
1786984447.145,61.0,0.000,0.869,0.823,0.6147,-0.1625,1.00,-1.47302,0.150,0.400,0.000,-1.0000,-1.0000,TRACKING,R+C
1786984447.159,61.0,0.000,0.863,0.824,0.6156,-0.1593,2.54,-1.37853,0.150,0.400,0.000,-1.0000,-1.0000,TRACKING,R+C
1786984447.173,61.0,0.000,0.863,0.824,0.6156,-0.1275,2.03,-1.10282,0.150,0.400,0.000,-1.0000,-1.0000,TRACKING,prediction
1786984447.187,61.0,0.000,0.870,0.820,0.6179,-0.1552,3.47,-1.29563,0.150,0.400,0.000,-1.0000,-1.0000,TRACKING,R+C
1786984447.199,61.0,0.000,0.864,0.818,0.6214,-0.1545,3.94,-1.25417,0.150,0.400,0.000,-1.0000,-1.0000,TRACKING,R+C
1786984447.218,61.0,0.000,0.864,0.818,0.6214,-0.1236,3.15,-1.00333,0.150,0.400,0.000,-1.0000,-1.0000,TRACKING,prediction
1786984447.231,61.0,0.000,0.873,0.806,0.6221,-0.1557,3.57,-1.38341,0.150,0.400,0.000,-1.0000,-1.0000,TRACKING,R+C
1786984447.248,61.0,0.000,0.873,0.806,0.6221,-0.1246,2.85,-1.10672,0.150,0.400,0.000,-1.0000,-1.0000,TRACKING,prediction
1786984447.274,61.0,0.864,0.813,0.000,0.6277,0.2017,11.72,-1.98676,0.150,0.400,0.000,1.0000,0.0329,TRACKING,L+C
1786984447.292,61.0,0.864,0.813,0.000,0.6277,0.1613,9.38,-1.58941,0.150,0.400,0.000,1.0000,1.0000,TRACKING,prediction
1786984447.306,61.0,0.864,0.813,0.000,0.6277,0.1291,7.50,-1.27152,0.150,0.400,0.000,1.0000,1.0000,TRACKING,prediction
1786984447.329,61.0,0.864,0.813,0.000,0.6277,0.1033,6.00,-1.01722,0.150,0.400,0.000,1.0000,1.0000,TRACKING,prediction
1786984447.345,61.0,0.000,0.843,0.718,0.6293,-0.1401,8.79,-0.72832,0.150,0.400,0.000,-1.0000,-0.0967,TRACKING,R+C
1786984447.359,61.0,0.000,0.850,0.682,0.6401,-0.1369,9.90,-0.58811,0.150,0.400,0.000,-1.0000,-1.0000,TRACKING,R+C
1786984447.376,61.0,0.000,0.850,0.682,0.6401,-0.1095,7.92,-0.47048,0.150,0.400,0.000,-1.0000,-1.0000,TRACKING,prediction
1786984447.398,61.0,0.000,0.844,0.683,0.6390,-0.1323,10.73,-0.43615,0.156,0.400,0.000,-1.0000,-1.0000,TRACKING,R+C
1786984447.412,61.0,0.000,0.842,0.667,0.6517,-0.1312,11.10,-0.34559,0.165,0.400,0.000,-1.0000,-1.0000,TRACKING,R+C
1786984447.429,61.0,0.000,0.841,0.682,0.6872,-0.1310,11.58,-0.27578,0.172,0.400,0.000,-1.0000,-1.0000,TRACKING,R+C
1786984447.444,61.0,0.000,0.841,0.682,0.6872,-0.1048,9.26,-0.22062,0.172,0.400,0.000,-1.0000,-1.0000,TRACKING,prediction
1786984447.459,61.0,0.000,0.841,0.682,0.6872,-0.0838,7.41,-0.17650,0.172,0.400,0.000,-1.0000,-1.0000,TRACKING,prediction
1786984447.475,61.0,0.000,0.841,0.682,0.6872,-0.0671,5.93,-0.14120,0.172,0.400,0.000,-1.0000,-1.0000,TRACKING,prediction
1786984447.493,61.0,0.000,0.841,0.682,0.6872,-0.0536,4.74,-0.11296,0.172,0.400,0.000,-1.0000,-1.0000,TRACKING,prediction
1786984447.516,61.0,0.000,0.841,0.682,0.6872,-0.0429,3.79,-0.09037,0.172,0.400,0.000,-1.0000,-1.0000,TRACKING,prediction
1786984447.529,61.0,0.000,0.861,0.642,0.6823,-0.1507,11.72,0.09751,0.190,0.400,0.000,-1.0000,-1.0000,TRACKING,R+C
1786984447.555,61.0,0.000,0.861,0.642,0.6823,-0.1205,9.38,0.07800,0.190,0.400,0.000,-1.0000,-1.0000,TRACKING,prediction
1786984447.583,61.0,0.000,0.845,0.657,0.6838,-0.1472,10.50,0.12157,0.188,0.400,0.000,-1.0000,-1.0000,TRACKING,R+C
1786984447.598,61.0,0.000,0.843,0.650,0.6799,-0.1454,9.58,0.11190,0.189,0.400,0.000,-1.0000,-1.0000,TRACKING,R+C
1786984447.612,61.0,0.000,0.843,0.650,0.6799,-0.1163,7.67,0.08952,0.189,0.400,0.000,-1.0000,-1.0000,TRACKING,prediction
1786984447.631,61.0,0.000,0.847,0.635,0.6475,-0.1403,7.85,0.08838,0.191,0.400,0.000,-1.0000,-1.0000,TRACKING,R+C
1786984447.648,61.0,0.000,0.847,0.635,0.6475,-0.1123,6.28,0.07070,0.191,0.400,0.000,-1.0000,-1.0000,TRACKING,prediction
1786984447.668,61.0,0.000,0.847,0.635,0.6475,-0.0898,5.02,0.05656,0.191,0.400,0.000,-1.0000,-1.0000,TRACKING,prediction
1786984447.683,61.0,0.000,0.838,0.629,0.6151,-0.1318,5.73,0.07923,0.192,0.400,0.000,-1.0000,-1.0000,TRACKING,R+C
1786984447.695,61.0,0.000,0.831,0.619,0.6137,-0.1284,4.96,0.06105,0.194,0.400,0.000,-1.0000,-1.0000,TRACKING,R+C
1786984447.713,61.0,0.000,0.814,0.629,0.5978,-0.1245,3.80,0.00332,0.200,0.400,0.000,-1.0000,-1.0000,TRACKING,R+C
1786984447.728,61.0,0.000,0.809,0.648,0.5812,-0.1204,2.85,-0.03164,0.197,0.400,0.000,-1.0000,-1.0000,TRACKING,R+C
1786984447.743,57.2,0.000,0.801,0.643,0.5810,-0.1151,1.93,-0.07169,0.193,0.400,0.000,-1.0000,-1.0000,TRACKING,R+C
1786984447.772,57.2,0.807,0.785,0.623,0.6082,-0.1101,0.70,-0.13617,0.186,0.400,0.000,-1.0000,-1.0000,TRACKING,L+C+R_fused
1786984447.789,57.2,0.950,0.782,0.637,0.5239,-0.1040,0.14,-0.14280,0.186,0.400,0.000,-0.9780,-1.0000,TRACKING,L+C+R_fused
1786984447.814,57.2,0.943,0.769,0.641,0.5608,-0.0997,-1.08,-0.22427,0.178,0.400,0.000,-0.9922,-1.0000,TRACKING,L+C+R_fused
1786984447.830,57.2,0.938,0.771,0.653,0.5492,-0.0952,-1.55,-0.24626,0.175,0.400,0.000,-0.9713,-1.0000,TRACKING,L+C+R_fused
1786984447.856,57.2,0.935,0.775,0.641,0.5352,-0.0927,-1.87,-0.24807,0.175,0.400,0.000,-0.9493,-0.9935,TRACKING,L+C+R_fused
1786984447.884,57.2,0.926,0.779,0.661,0.5348,-0.0931,-2.20,-0.25732,0.174,0.400,0.000,-0.9516,-0.9955,TRACKING,L+C+R_fused
1786984447.900,57.2,0.936,0.762,0.648,0.5193,-0.0953,-3.43,-0.36252,0.164,0.400,0.000,-1.0000,-1.0000,TRACKING,L+C+R_fused
1786984447.925,57.2,0.939,0.759,0.646,0.5292,-0.0971,-4.51,-0.43645,0.156,0.400,0.000,-1.0000,-1.0000,TRACKING,L+C+R_fused
1786984447.944,57.2,0.936,0.759,0.634,0.5261,-0.0951,-4.05,-0.39503,0.160,0.400,0.000,-1.0000,-1.0000,TRACKING,L+C+R_fused
1786984447.972,57.2,0.937,0.743,0.636,0.5370,-0.0921,-5.35,-0.50647,0.150,0.400,0.000,-1.0000,-1.0000,TRACKING,L+C+R_fused
1786984447.988,57.2,0.930,0.732,0.641,0.5040,-0.0856,-6.42,-0.60071,0.150,0.400,0.000,-1.0000,-1.0000,TRACKING,L+C+R_fused
1786984448.017,57.2,0.928,0.716,0.666,0.5083,-0.0781,-7.83,-0.71618,0.150,0.400,0.000,-0.9415,-0.9759,TRACKING,L+C+R_fused
1786984448.032,57.2,0.911,0.710,0.641,0.5065,-0.0706,-9.51,-0.84799,0.150,0.400,0.000,-0.8367,-0.8669,TRACKING,L+C+R_fused
1786984448.049,57.2,0.916,0.708,0.720,0.5034,-0.0617,-10.81,-0.93452,0.150,0.400,0.000,-0.7043,-0.7295,TRACKING,L+C+R_fused
1786984448.079,57.2,0.918,0.708,0.761,0.5002,-0.0498,-10.58,-0.95242,0.150,0.400,0.000,-0.5531,-0.5735,TRACKING,L+C+R_fused
1786984448.095,57.2,0.907,0.706,0.697,0.4986,-0.0414,-10.87,-0.99485,0.150,0.400,0.000,-0.4208,-0.4375,TRACKING,L+C+R_fused
1786984448.110,57.2,0.903,0.713,0.737,0.4953,-0.0344,-11.48,-1.06892,0.150,0.400,0.000,-0.2957,-0.3094,TRACKING,L+C+R_fused
1786984448.124,57.2,0.897,0.721,0.732,0.4971,-0.0303,-12.01,-1.13408,0.150,0.400,0.000,-0.2150,-0.2271,TRACKING,L+C+R_fused
1786984448.140,57.2,0.909,0.731,0.690,0.4973,-0.0273,-11.79,-1.14828,0.150,0.400,0.000,-0.1747,-0.1861,TRACKING,L+C+R_fused
1786984448.155,57.2,0.870,0.742,0.659,0.4942,-0.0292,-13.82,-1.30819,0.150,0.400,0.000,-0.1511,-0.1628,TRACKING,L+C+R_fused
1786984448.173,57.2,0.907,0.726,0.681,0.4936,-0.0263,-13.60,-1.39317,0.150,0.400,0.000,-0.1267,-0.1391,TRACKING,L+C+R_fused
1786984448.190,57.2,0.915,0.746,0.716,0.4937,-0.0242,-12.73,-1.38595,0.150,0.400,0.000,-0.1275,-0.1404,TRACKING,L+C+R_fused
1786984448.215,57.2,0.909,0.749,0.707,0.4933,-0.0235,-12.75,-1.46221,0.150,0.400,0.000,-0.1289,-0.1429,TRACKING,L+C+R_fused
1786984448.231,57.2,0.927,0.750,0.753,0.4955,-0.0225,-12.04,-1.49218,0.150,0.400,0.000,-0.1472,-0.1625,TRACKING,L+C+R_fused
1786984448.251,57.2,0.931,0.738,0.655,0.5077,-0.0246,-13.88,-1.69395,0.150,0.400,0.000,-0.1455,-0.1626,TRACKING,L+C+R_fused
1786984448.273,57.2,0.932,0.748,0.706,0.5073,-0.0234,-12.86,-1.71733,0.150,0.400,0.000,-0.1719,-0.1906,TRACKING,L+C+R_fused
1786984448.290,57.2,0.932,0.741,0.706,0.4892,-0.0210,-11.39,-1.71893,0.150,0.400,0.000,-0.1929,-0.2130,TRACKING,L+C+R_fused
1786984448.306,57.2,0.371,0.742,0.680,0.6585,-0.0202,-10.83,-1.77952,0.150,0.400,0.000,-0.2140,-0.2358,TRACKING,L+C+R_fused
1786984448.322,57.2,0.000,0.751,0.687,0.4717,-0.0189,-9.34,-1.76267,0.150,0.400,0.000,-0.2503,-0.2738,TRACKING,R+C
1786984448.335,57.2,0.000,0.754,0.667,0.4733,-0.0187,-7.95,-1.75268,0.150,0.400,0.000,-0.3007,-0.3263,TRACKING,R+C
1786984448.352,57.2,0.000,0.758,0.676,0.5152,-0.0183,-6.32,-1.69726,0.150,0.400,0.000,-0.3509,-0.3782,TRACKING,R+C
1786984448.366,57.2,0.000,0.750,0.732,0.4961,-0.0176,-4.48,-1.60929,0.150,0.400,0.000,-0.3985,-0.4273,TRACKING,R+C
1786984448.382,57.2,0.000,0.750,0.680,0.5041,-0.0176,-2.74,-1.54714,0.150,0.400,0.000,-0.4556,-0.4865,TRACKING,R+C
1786984448.395,57.2,0.000,0.751,0.631,0.5187,-0.0189,-1.90,-1.56282,0.150,0.400,0.000,-0.5088,-0.5422,TRACKING,R+C
1786984448.409,57.2,0.000,0.751,0.667,0.5231,-0.0207,-1.06,-1.57563,0.150,0.400,0.000,-0.5687,-0.6048,TRACKING,R+C
1786984448.423,57.2,0.000,0.750,0.696,0.5601,-0.0230,-0.02,-1.56235,0.150,0.400,0.000,-0.6355,-0.6745,TRACKING,R+C
1786984448.439,57.2,0.000,0.742,0.671,0.5377,-0.0282,-0.75,-1.72079,0.150,0.400,0.000,-0.7015,-0.7443,TRACKING,R+C
1786984448.454,57.2,0.000,0.755,0.840,0.5582,-0.0295,2.39,-1.49498,0.150,0.400,0.000,-0.7844,-0.8299,TRACKING,R+C
1786984448.480,57.2,0.000,0.746,0.853,0.5662,-0.0348,2.09,-1.61568,0.150,0.400,0.000,-0.8498,-0.8994,TRACKING,R+C
1786984448.498,57.2,0.000,0.749,0.859,0.5729,-0.0387,2.95,-1.59378,0.150,0.400,0.000,-0.9108,-0.9636,TRACKING,R+C
1786984448.512,57.2,0.000,0.757,0.864,0.5796,-0.0404,4.15,-1.51666,0.150,0.400,0.000,-0.9493,-1.0000,TRACKING,R+C
1786984448.528,57.2,0.000,0.760,0.867,0.5837,-0.0408,4.91,-1.46932,0.150,0.400,0.000,-0.9659,-1.0000,TRACKING,R+C
1786984448.541,57.2,0.000,0.760,0.867,0.5837,-0.0326,3.93,-1.17545,0.150,0.400,0.000,-0.9659,-1.0000,TRACKING,prediction
1786984448.554,57.2,0.000,0.753,0.863,0.5802,-0.0340,5.68,-1.46829,0.150,0.400,0.000,-0.9207,-0.9748,TRACKING,R+C
1786984448.570,57.2,0.000,0.756,0.857,0.5808,-0.0294,6.46,-1.40585,0.150,0.400,0.000,-0.8886,-0.9410,TRACKING,R+C
1786984448.584,57.2,0.000,0.755,0.858,0.5815,-0.0260,6.95,-1.36011,0.150,0.400,0.000,-0.8619,-0.9130,TRACKING,R+C
1786984448.602,57.2,0.000,0.757,0.856,0.5820,-0.0245,7.25,-1.35261,0.150,0.400,0.000,-0.8535,-0.9044,TRACKING,R+C
1786984448.615,57.2,0.000,0.760,0.867,0.5830,-0.0244,7.72,-1.31969,0.150,0.400,0.000,-0.8617,-0.9129,TRACKING,R+C
1786984448.631,57.2,0.000,0.757,0.844,0.5822,-0.0237,7.34,-1.38468,0.150,0.400,0.000,-0.8513,-0.9025,TRACKING,R+C
1786984448.654,57.2,0.000,0.750,0.852,0.5792,-0.0202,7.40,-1.40629,0.150,0.400,0.000,-0.8166,-0.8668,TRACKING,R+C
1786984448.669,57.2,0.000,0.753,0.858,0.5766,-0.0154,8.23,-1.31308,0.150,0.400,0.000,-0.7758,-0.8238,TRACKING,R+C
1786984448.694,57.2,0.000,0.754,0.869,0.5594,-0.0111,8.93,-1.24329,0.150,0.400,0.000,-0.7378,-0.7840,TRACKING,R+C
1786984448.707,57.2,0.000,0.754,0.877,0.5579,-0.0088,9.61,-1.17357,0.150,0.400,0.000,-0.7229,-0.7683,TRACKING,R+C
1786984448.729,57.2,0.000,0.761,0.860,0.5746,-0.0085,9.54,-1.17333,0.150,0.400,0.000,-0.7165,-0.7615,TRACKING,R+C
1786984448.742,57.2,0.000,0.761,0.866,0.5661,-0.0092,9.27,-1.19391,0.150,0.400,0.000,-0.7193,-0.7644,TRACKING,R+C
1786984448.757,55.3,0.000,0.761,0.866,0.5661,-0.0074,7.42,-0.95513,0.150,0.400,0.000,-0.7193,-0.7644,TRACKING,prediction
1786984448.772,55.3,0.000,0.761,0.866,0.5661,-0.0059,5.93,-0.76410,0.150,0.400,0.000,-0.7193,-0.7644,TRACKING,prediction
1786984448.788,55.3,0.000,0.761,0.866,0.5661,-0.0047,4.75,-0.61128,0.150,0.400,0.000,-0.7193,-0.7644,TRACKING,prediction
1786984448.804,55.3,0.000,0.761,0.866,0.5661,-0.0038,3.80,-0.48903,0.150,0.400,0.000,-0.7193,-0.7644,TRACKING,prediction
1786984448.820,55.3,0.000,0.761,0.866,0.5661,-0.0030,3.04,-0.39122,0.150,0.400,0.000,-0.7193,-0.7644,TRACKING,prediction
1786984448.834,55.3,0.000,0.761,0.866,0.5661,-0.0024,2.43,-0.31298,0.150,0.400,0.000,-0.7193,-0.7644,TRACKING,prediction
1786984448.850,55.3,0.000,0.761,0.866,0.5661,-0.0019,1.94,-0.25038,0.150,0.400,0.000,-0.7193,-0.7644,TRACKING,prediction
1786984448.868,55.3,0.000,0.761,0.866,0.5661,-0.0015,1.56,-0.20031,0.150,0.400,0.000,-0.7193,-0.7644,TRACKING,prediction
1786984448.882,55.3,0.000,0.761,0.866,0.5661,-0.0012,1.24,-0.16024,0.150,0.400,0.000,-0.7193,-0.7644,TRACKING,prediction
1786984448.897,55.3,0.000,0.763,0.846,0.5070,0.0040,11.01,-1.00785,0.150,0.400,0.000,-0.5788,-0.6181,TRACKING,R+C
1786984448.915,55.3,0.000,0.763,0.846,0.5070,0.0032,8.81,-0.80628,0.150,0.400,0.000,-0.5788,-0.6181,TRACKING,prediction
1786984448.942,55.3,0.000,0.767,0.766,0.5785,-0.0113,11.09,-0.99059,0.150,0.400,0.000,-0.7779,-0.8242,TRACKING,R+C
1786984448.958,55.3,0.000,0.754,0.900,0.5795,-0.0139,11.83,-0.93936,0.150,0.400,0.000,-0.8234,-0.8716,TRACKING,R+C
1786984448.970,55.3,0.000,0.740,0.901,0.5785,-0.0144,13.10,-0.78222,0.150,0.400,0.000,-0.8478,-0.8961,TRACKING,R+C
1786984448.986,55.3,0.000,0.751,0.892,0.5774,-0.0157,11.83,-0.91081,0.150,0.400,0.000,-0.8398,-0.8883,TRACKING,R+C
1786984449.012,55.3,0.000,0.751,0.892,0.5774,-0.0125,9.46,-0.72865,0.150,0.400,0.000,-0.8398,-0.8883,TRACKING,prediction
1786984449.025,55.3,0.000,0.751,0.892,0.5774,-0.0100,7.57,-0.58292,0.150,0.400,0.000,-0.8398,-0.8883,TRACKING,prediction
1786984449.041,55.3,0.000,0.751,0.892,0.5774,-0.0080,6.06,-0.46634,0.150,0.400,0.000,-0.8398,-0.8883,TRACKING,prediction
1786984449.064,55.3,0.000,0.751,0.892,0.5774,-0.0064,4.85,-0.37307,0.150,0.400,0.000,-0.8398,-0.8883,TRACKING,prediction
1786984449.078,55.3,0.000,0.725,0.878,0.5958,-0.0516,7.44,-1.14722,0.150,0.400,0.000,-1.0000,-1.0000,TRACKING,R+C
1786984449.107,55.3,0.000,0.725,0.878,0.5958,-0.0413,5.95,-0.91778,0.150,0.400,0.000,-1.0000,-1.0000,TRACKING,prediction
1786984449.122,55.3,0.000,0.795,0.876,0.5942,-0.0426,12.28,-0.73015,0.150,0.400,0.000,-1.0000,-1.0000,TRACKING,R+C
1786984449.145,55.3,0.000,0.792,0.878,0.5880,-0.0400,11.83,-0.74441,0.150,0.400,0.000,-1.0000,-1.0000,TRACKING,R+C
1786984449.161,55.3,0.000,0.797,0.879,0.5817,-0.0373,11.67,-0.71609,0.150,0.400,0.000,-1.0000,-1.0000,TRACKING,R+C
1786984449.178,55.3,0.000,0.797,0.879,0.5817,-0.0298,9.33,-0.57287,0.150,0.400,0.000,-1.0000,-1.0000,TRACKING,prediction
1786984449.193,55.3,0.000,0.798,0.881,0.5691,-0.0324,10.74,-0.76118,0.150,0.400,0.000,-0.9616,-1.0000,TRACKING,R+C
1786984449.222,55.3,0.000,0.802,0.874,0.5683,-0.0308,11.25,-0.68299,0.150,0.400,0.000,-0.9510,-1.0000,TRACKING,R+C
1786984449.237,55.3,0.000,0.799,0.877,0.5703,-0.0329,11.09,-0.67835,0.150,0.400,0.000,-0.9663,-1.0000,TRACKING,R+C
1786984449.250,55.3,0.000,0.798,0.876,0.5746,-0.0392,10.41,-0.73870,0.150,0.400,0.000,-1.0000,-1.0000,TRACKING,R+C
1786984449.264,55.3,0.000,0.798,0.876,0.5746,-0.0313,8.33,-0.59096,0.150,0.400,0.000,-1.0000,-1.0000,TRACKING,prediction
1786984449.278,55.3,0.000,0.812,0.869,0.5832,-0.0551,11.07,-0.63069,0.150,0.400,0.000,-1.0000,-1.0000,TRACKING,R+C
1786984449.292,55.3,0.000,0.812,0.869,0.5832,-0.0441,8.86,-0.50455,0.150,0.400,0.000,-1.0000,-1.0000,TRACKING,prediction
1786984449.307,55.3,0.000,0.824,0.850,0.5870,-0.0677,10.95,-0.60708,0.150,0.400,0.000,-1.0000,-1.0000,TRACKING,R+C
1786984449.323,55.3,0.000,0.832,0.844,0.5865,-0.0699,10.87,-0.58212,0.150,0.400,0.000,-1.0000,-1.0000,TRACKING,R+C
1786984449.340,55.3,0.000,0.832,0.848,0.5842,-0.0691,10.26,-0.60740,0.150,0.400,0.000,-1.0000,-1.0000,TRACKING,R+C
1786984449.356,55.3,0.000,0.832,0.845,0.5784,-0.0666,9.87,-0.60982,0.150,0.400,0.000,-1.0000,-1.0000,TRACKING,R+C
1786984449.373,55.3,0.000,0.830,0.855,0.5712,-0.0624,9.76,-0.58122,0.150,0.400,0.000,-1.0000,-1.0000,TRACKING,R+C
1786984449.387,55.3,0.000,0.830,0.864,0.5627,-0.0579,9.68,-0.55985,0.150,0.400,0.000,-1.0000,-1.0000,TRACKING,R+C
1786984449.403,55.3,0.000,0.826,0.870,0.5559,-0.0534,9.18,-0.57035,0.150,0.400,0.000,-1.0000,-1.0000,TRACKING,R+C
1786984449.417,55.3,0.000,0.815,0.871,0.5533,-0.0489,7.95,-0.67524,0.150,0.400,0.000,-1.0000,-1.0000,TRACKING,R+C
1786984449.432,55.3,0.000,0.814,0.881,0.5511,-0.0438,8.00,-0.63558,0.150,0.400,0.000,-0.9860,-1.0000,TRACKING,R+C
1786984449.445,55.3,0.000,0.818,0.876,0.5486,-0.0391,7.53,-0.66121,0.150,0.400,0.000,-0.9345,-0.9800,TRACKING,R+C
1786984449.462,55.3,0.000,0.818,0.894,0.5423,-0.0345,7.52,-0.63324,0.150,0.400,0.000,-0.8859,-0.9287,TRACKING,R+C
1786984449.477,55.3,0.000,0.823,0.889,0.5353,-0.0300,7.17,-0.65101,0.150,0.400,0.000,-0.8306,-0.8709,TRACKING,R+C
1786984449.493,55.3,0.000,0.823,0.889,0.5353,-0.0240,5.74,-0.52081,0.150,0.400,0.000,-0.8306,-0.8709,TRACKING,prediction
1786984449.505,55.3,0.000,0.811,0.910,0.5190,-0.0222,5.10,-0.77290,0.150,0.400,0.000,-0.6877,-0.7223,TRACKING,R+C
1786984449.525,55.3,0.591,0.804,0.924,0.4655,-0.0142,6.12,-0.68175,0.150,0.400,0.000,-0.6031,-0.6344,TRACKING,L+C+R_fused
1786984449.538,55.3,0.591,0.804,0.924,0.4655,-0.0114,4.90,-0.54540,0.150,0.400,0.000,-0.6031,-0.6344,TRACKING,prediction
1786984449.555,55.3,0.870,0.807,0.926,0.5276,-0.0036,5.70,-0.69889,0.150,0.400,0.000,-0.4325,-0.4582,TRACKING,L+C+R_fused
1786984449.570,55.3,0.870,0.807,0.926,0.5276,-0.0029,4.56,-0.55911,0.150,0.400,0.000,-0.4325,-0.4582,TRACKING,prediction
1786984449.587,55.3,0.832,0.814,0.645,0.5113,0.0009,5.32,-0.72579,0.150,0.400,0.000,-0.3488,-0.3722,TRACKING,L+C+R_fused
1786984449.603,55.3,0.860,0.809,0.921,0.5172,-0.0007,5.29,-0.73392,0.150,0.400,0.000,-0.3757,-0.3999,TRACKING,L+C+R_fused
1786984449.618,55.3,0.808,0.807,0.911,0.5261,-0.0046,5.21,-0.74702,0.150,0.400,0.000,-0.4366,-0.4627,TRACKING,L+C+R_fused
1786984449.630,55.3,0.962,0.808,0.893,0.5186,-0.0101,4.92,-0.76747,0.150,0.400,0.000,-0.5122,-0.5406,TRACKING,L+C+R_fused
1786984449.645,55.3,0.613,0.803,0.901,0.4160,-0.0137,5.73,-0.70089,0.150,0.400,0.000,-0.5856,-0.6162,TRACKING,L+C+R_fused
1786984449.664,55.3,0.000,0.806,0.901,0.5278,-0.0176,6.21,-0.67170,0.150,0.400,0.000,-0.6519,-0.6848,TRACKING,R+C
1786984449.681,55.3,0.000,0.806,0.901,0.5278,-0.0141,4.97,-0.53736,0.150,0.400,0.000,-0.6519,-0.6848,TRACKING,prediction
1786984449.696,55.3,0.000,0.805,0.895,0.5320,-0.0191,6.22,-0.67686,0.150,0.400,0.000,-0.6727,-0.7064,TRACKING,R+C
1786984449.709,55.3,0.000,0.805,0.895,0.5320,-0.0153,4.98,-0.54149,0.150,0.400,0.000,-0.6727,-0.7064,TRACKING,prediction
1786984449.734,55.3,0.000,0.805,0.895,0.5320,-0.0122,3.98,-0.43319,0.150,0.400,0.000,-0.6727,-0.7064,TRACKING,prediction
1786984449.757,55.3,0.956,0.796,0.879,0.5276,-0.0025,5.83,-0.68314,0.150,0.400,0.000,-0.4173,-0.4425,TRACKING,L+C+R_fused
1786984449.772,60.1,0.953,0.797,0.912,0.5267,0.0046,5.89,-0.66875,0.150,0.400,0.000,-0.3012,-0.3229,TRACKING,L+C+R_fused
1786984449.789,60.1,0.947,0.794,0.916,0.5105,0.0105,4.88,-0.74355,0.150,0.400,0.000,-0.1686,-0.1869,TRACKING,L+C+R_fused
1786984449.814,60.1,0.952,0.791,0.918,0.5088,0.0193,5.28,-0.72611,0.150,0.400,0.000,-0.0288,-0.0434,TRACKING,L+C+R_fused
1786984449.830,60.1,0.950,0.793,0.871,0.5012,0.0251,5.17,-0.74094,0.150,0.400,0.000,0.0760,0.0640,TRACKING,L+C+R_fused
1786984449.858,60.1,0.941,0.799,0.910,0.5025,0.0293,4.69,-0.79938,0.150,0.400,0.000,0.1613,0.1512,TRACKING,L+C+R_fused
1786984449.882,60.1,0.941,0.802,0.908,0.5031,0.0316,5.08,-0.77872,0.150,0.400,0.000,0.1881,0.1787,TRACKING,L+C+R_fused
1786984449.899,60.1,0.943,0.802,0.820,0.5000,0.0308,5.36,-0.77500,0.150,0.400,0.000,0.1609,0.1505,TRACKING,L+C+R_fused
1786984449.925,60.1,0.944,0.800,0.803,0.4981,0.0275,5.42,-0.79836,0.150,0.400,0.000,0.0972,0.0848,TRACKING,L+C+R_fused
1786984449.954,60.1,0.948,0.799,0.859,0.4973,0.0229,5.31,-0.82149,0.150,0.400,0.000,0.0151,0.0003,TRACKING,L+C+R_fused
1786984449.972,60.1,0.955,0.796,0.908,0.4958,0.0189,5.75,-0.81862,0.150,0.400,0.000,-0.0750,-0.0925,TRACKING,L+C+R_fused
1786984449.988,60.1,0.953,0.792,0.911,0.4949,0.0145,5.92,-0.83412,0.150,0.400,0.000,-0.1628,-0.1830,TRACKING,L+C+R_fused
1786984450.007,60.1,0.956,0.788,0.921,0.4934,0.0094,5.33,-0.93110,0.150,0.400,0.000,-0.2419,-0.2651,TRACKING,L+C+R_fused
1786984450.022,60.1,0.953,0.793,0.912,0.4760,0.0048,5.87,-0.90417,0.150,0.400,0.000,-0.3382,-0.3641,TRACKING,L+C+R_fused
1786984450.043,60.1,0.378,0.798,0.911,0.4965,-0.0007,6.32,-0.88122,0.150,0.400,0.000,-0.4414,-0.4705,TRACKING,L+C+R_fused
1786984450.056,60.1,0.000,0.797,0.905,0.4995,-0.0058,6.08,-0.92531,0.150,0.400,0.000,-0.5174,-0.5491,TRACKING,R+C
1786984450.070,60.1,0.000,0.804,0.901,0.5078,-0.0118,5.66,-0.94177,0.150,0.400,0.000,-0.5917,-0.6257,TRACKING,R+C
1786984450.082,60.1,0.000,0.799,0.871,0.5138,-0.0153,5.45,-0.99631,0.150,0.400,0.000,-0.6400,-0.6762,TRACKING,R+C
1786984450.099,60.1,0.000,0.805,0.879,0.5221,-0.0167,6.36,-0.89093,0.150,0.400,0.000,-0.6757,-0.7125,TRACKING,R+C
1786984450.124,60.1,0.000,0.805,0.890,0.5274,-0.0179,6.80,-0.84671,0.150,0.400,0.000,-0.6991,-0.7365,TRACKING,R+C
1786984450.138,60.1,0.000,0.794,0.886,0.5271,-0.0171,6.00,-0.92051,0.150,0.400,0.000,-0.6724,-0.7092,TRACKING,R+C
1786984450.154,60.1,0.000,0.784,0.882,0.5215,-0.0126,5.46,-0.99401,0.150,0.400,0.000,-0.6025,-0.6373,TRACKING,R+C
1786984450.169,60.1,0.000,0.787,0.892,0.5172,-0.0063,6.08,-0.90839,0.150,0.400,0.000,-0.5222,-0.5539,TRACKING,R+C
1786984450.194,60.1,0.000,0.771,0.893,0.5091,-0.0032,4.01,-1.08432,0.150,0.400,0.000,-0.4210,-0.4501,TRACKING,R+C
1786984450.208,60.1,0.000,0.778,0.896,0.5081,0.0020,4.11,-1.07462,0.150,0.400,0.000,-0.3389,-0.3656,TRACKING,R+C
1786984450.230,60.1,0.000,0.786,0.894,0.5056,0.0071,5.01,-0.99389,0.150,0.400,0.000,-0.2786,-0.3033,TRACKING,R+C
1786984450.250,60.1,0.000,0.780,0.889,0.5058,0.0072,5.07,-0.99667,0.150,0.400,0.000,-0.2802,-0.3050,TRACKING,R+C
1786984450.271,60.1,0.000,0.780,0.887,0.5083,0.0049,5.33,-0.98513,0.150,0.400,0.000,-0.3286,-0.3548,TRACKING,R+C
1786984450.287,60.1,0.000,0.780,0.887,0.5083,0.0039,4.27,-0.78810,0.150,0.400,0.000,-0.3286,-0.3548,TRACKING,prediction
1786984450.313,60.1,0.000,0.769,0.863,0.5092,0.0025,4.65,-1.08483,0.150,0.400,0.000,-0.3565,-0.3843,TRACKING,R+C
1786984450.327,60.1,0.000,0.773,0.866,0.5094,0.0047,5.20,-1.03368,0.150,0.400,0.000,-0.3338,-0.3608,TRACKING,R+C
1786984450.339,60.1,0.000,0.772,0.880,0.5053,0.0087,4.31,-1.10425,0.150,0.400,0.000,-0.2413,-0.2658,TRACKING,R+C
1786984450.357,60.1,0.000,0.772,0.880,0.5053,0.0069,3.45,-0.88340,0.150,0.400,0.000,-0.2413,-0.2658,TRACKING,prediction
1786984450.374,60.1,0.000,0.762,0.889,0.4982,0.0214,4.55,-1.10837,0.150,0.400,0.000,-0.0294,-0.0485,TRACKING,R+C
1786984450.397,60.1,0.000,0.762,0.887,0.4931,0.0267,4.73,-1.10670,0.150,0.400,0.000,0.0559,0.0389,TRACKING,R+C
1786984450.413,60.1,0.000,0.770,0.892,0.4884,0.0311,5.07,-1.09141,0.150,0.400,0.000,0.1226,0.1073,TRACKING,R+C
1786984450.429,60.1,0.000,0.756,0.885,0.4876,0.0336,3.79,-1.25030,0.150,0.400,0.000,0.1939,0.1795,TRACKING,R+C
1786984450.446,60.1,0.743,0.750,0.894,0.4880,0.0389,3.37,-1.30110,0.150,0.400,0.000,0.2936,0.2816,TRACKING,L+C+R_fused
1786984450.460,60.1,0.943,0.755,0.887,0.4916,0.0446,2.36,-1.40514,0.150,0.400,0.000,0.4115,0.4023,TRACKING,L+C+R_fused
1786984450.482,60.1,0.943,0.755,0.887,0.4916,0.0356,1.89,-1.12411,0.150,0.400,0.000,0.4115,0.4023,TRACKING,prediction
1786984450.499,60.1,0.918,0.744,0.901,0.4947,0.0552,3.14,-1.43217,0.150,0.400,0.000,0.5392,0.5329,TRACKING,L+C+R_fused
1786984450.525,60.1,0.924,0.739,0.873,0.4953,0.0568,2.88,-1.49796,0.150,0.400,0.000,0.5621,0.5559,TRACKING,L+C+R_fused
1786984450.542,60.1,0.953,0.761,0.879,0.4980,0.0573,4.46,-1.38418,0.150,0.400,0.000,0.5276,0.5205,TRACKING,L+C+R_fused
1786984450.560,60.1,0.000,0.753,0.883,0.4695,0.0552,4.49,-1.42280,0.150,0.400,0.000,0.4895,0.4806,TRACKING,R+C
1786984450.584,60.1,0.000,0.751,0.873,0.4766,0.0494,3.50,-1.54511,0.150,0.400,0.000,0.4197,0.4079,TRACKING,R+C
1786984450.600,60.1,0.000,0.738,0.871,0.4937,0.0464,4.07,-1.58293,0.150,0.400,0.000,0.3393,0.3243,TRACKING,R+C
1786984450.616,60.1,0.000,0.736,0.866,0.4968,0.0428,5.14,-1.52603,0.150,0.400,0.000,0.2428,0.2248,TRACKING,R+C
1786984450.632,60.1,0.000,0.744,0.856,0.5079,0.0392,6.53,-1.42097,0.150,0.400,0.000,0.1359,0.1152,TRACKING,R+C
1786984450.648,60.1,0.000,0.740,0.851,0.5194,0.0342,6.70,-1.45874,0.150,0.400,0.000,0.0328,0.0087,TRACKING,R+C
1786984450.661,60.1,0.000,0.738,0.854,0.5286,0.0290,7.00,-1.46950,0.150,0.400,0.000,-0.0757,-0.1031,TRACKING,R+C
1786984450.685,60.1,0.000,0.734,0.850,0.5339,0.0230,7.28,-1.47628,0.150,0.400,0.000,-0.1946,-0.2256,TRACKING,R+C
1786984450.699,60.1,0.000,0.732,0.825,0.5388,0.0138,5.50,-1.68147,0.150,0.400,0.000,-0.3097,-0.3449,TRACKING,R+C
1786984450.719,60.1,0.000,0.732,0.825,0.5388,0.0110,4.40,-1.34517,0.150,0.400,0.000,-0.3097,-0.3449,TRACKING,prediction
1786984450.745,60.1,0.000,0.732,0.825,0.5388,0.0088,3.52,-1.07614,0.150,0.400,0.000,-0.3097,-0.3449,TRACKING,prediction
1786984450.760,60.1,0.000,0.732,0.825,0.5388,0.0070,2.82,-0.86091,0.150,0.400,0.000,-0.3097,-0.3449,TRACKING,prediction
1786984450.773,53.9,0.000,0.723,0.795,0.5853,-0.0091,7.45,-1.75876,0.150,0.400,0.000,-0.7323,-0.7839,TRACKING,R+C
1786984450.789,53.9,0.000,0.731,0.792,0.5872,-0.0105,8.11,-1.72441,0.150,0.400,0.000,-0.7656,-0.8186,TRACKING,R+C
1786984450.813,53.9,0.000,0.730,0.797,0.5873,-0.0125,5.95,-1.99764,0.150,0.400,0.000,-0.7551,-0.8093,TRACKING,R+C
1786984450.830,53.9,0.000,0.730,0.797,0.5873,-0.0100,4.76,-1.59811,0.150,0.400,0.000,-0.7551,-0.8093,TRACKING,prediction
1786984450.857,53.9,0.000,0.712,0.799,0.5865,-0.0067,6.09,-2.11212,0.150,0.400,0.000,-0.7037,-0.7577,TRACKING,R+C
1786984450.871,53.9,0.000,0.709,0.795,0.5858,-0.0063,6.15,-2.13528,0.150,0.400,0.000,-0.7027,-0.7570,TRACKING,R+C
1786984450.888,53.9,0.000,0.716,0.795,0.5875,-0.0075,7.71,-1.96202,0.150,0.400,0.000,-0.7477,-0.8029,TRACKING,R+C
1786984450.901,53.9,0.000,0.700,0.794,0.5971,-0.0156,5.40,-2.30661,0.150,0.400,0.000,-0.8129,-0.8730,TRACKING,R+C
1786984450.922,53.9,0.000,0.700,0.794,0.5971,-0.0125,4.32,-1.84529,0.150,0.400,0.000,-0.8129,-0.8730,TRACKING,prediction
1786984450.947,53.9,0.000,0.720,0.793,0.6141,-0.0229,7.13,-2.24136,0.150,0.400,0.000,-0.9293,-0.9952,TRACKING,R+C
1786984450.964,53.9,0.000,0.731,0.784,0.6212,-0.0240,7.92,-2.18774,0.150,0.400,0.000,-0.9552,-1.0000,TRACKING,R+C
1786984450.987,53.9,0.000,0.742,0.784,0.6264,-0.0233,9.33,-2.04933,0.150,0.400,0.000,-0.9706,-1.0000,TRACKING,R+C
1786984450.999,53.9,0.000,0.742,0.784,0.6286,-0.0225,10.56,-1.91806,0.150,0.400,0.000,-0.9814,-1.0000,TRACKING,R+C
1786984451.016,53.9,0.000,0.742,0.784,0.6286,-0.0180,8.45,-1.53444,0.150,0.400,0.000,-0.9814,-1.0000,TRACKING,prediction
1786984451.032,53.9,0.000,0.742,0.784,0.6286,-0.0144,6.76,-1.22756,0.150,0.400,0.000,-0.9814,-1.0000,TRACKING,prediction
1786984451.057,53.9,0.000,0.738,0.792,0.6471,-0.0303,14.72,-1.45497,0.150,0.400,0.000,-1.0000,-1.0000,TRACKING,R+C
1786984451.074,53.9,0.000,0.738,0.792,0.6471,-0.0243,11.78,-1.16398,0.150,0.400,0.000,-1.0000,-1.0000,TRACKING,prediction
1786984451.092,53.9,0.000,0.743,0.788,0.6582,-0.0354,17.77,-1.09257,0.150,0.400,0.000,-1.0000,-1.0000,TRACKING,R+C
1786984451.105,53.9,0.000,0.749,0.786,0.6575,-0.0353,19.45,-0.87532,0.150,0.400,0.000,-1.0000,-1.0000,TRACKING,R+C
1786984451.124,53.9,0.000,0.749,0.786,0.6575,-0.0283,15.56,-0.70026,0.150,0.400,0.000,-1.0000,-1.0000,TRACKING,prediction
1786984451.139,53.9,0.000,0.749,0.786,0.6575,-0.0226,12.45,-0.56021,0.150,0.400,0.000,-1.0000,-1.0000,TRACKING,prediction
1786984451.154,53.9,0.000,0.749,0.786,0.6575,-0.0181,9.96,-0.44816,0.150,0.400,0.000,-1.0000,-1.0000,TRACKING,prediction
1786984451.164,53.9,0.000,0.749,0.781,0.6652,-0.0334,23.40,-0.29128,0.171,0.400,0.000,-1.0000,-1.0000,TRACKING,R+C
1786984451.182,53.9,0.000,0.749,0.781,0.6652,-0.0267,18.72,-0.23302,0.171,0.400,0.000,-1.0000,-1.0000,TRACKING,prediction
1786984451.197,53.9,0.000,0.749,0.781,0.6652,-0.0214,14.98,-0.18642,0.171,0.400,0.000,-1.0000,-1.0000,TRACKING,prediction
1786984451.217,53.9,0.000,0.749,0.781,0.6652,-0.0171,11.98,-0.14914,0.171,0.400,0.000,-1.0000,-1.0000,TRACKING,prediction
1786984451.232,53.9,0.000,0.749,0.781,0.6652,-0.0137,9.59,-0.11931,0.171,0.400,0.000,-1.0000,-1.0000,TRACKING,prediction
1786984451.261,53.9,0.000,0.749,0.781,0.6652,-0.0109,7.67,-0.09545,0.171,0.400,0.000,-1.0000,-1.0000,TRACKING,prediction
1786984451.281,53.9,0.000,0.749,0.781,0.6652,-0.0088,6.14,-0.07636,0.171,0.400,0.000,-1.0000,-1.0000,TRACKING,prediction
1786984451.299,53.9,0.000,0.749,0.781,0.6652,-0.0070,4.91,-0.06109,0.171,0.400,0.000,-1.0000,-1.0000,TRACKING,prediction
1786984451.315,53.9,0.000,0.749,0.781,0.6652,-0.0056,3.93,-0.04887,0.171,0.400,0.000,-1.0000,-1.0000,TRACKING,prediction
1786984451.330,53.9,0.000,0.749,0.781,0.6652,-0.0045,3.14,-0.03910,0.171,0.386,0.000,-1.0000,-1.0000,TRACKING,prediction
1786984451.357,53.9,0.000,0.749,0.781,0.6652,-0.0036,2.51,-0.03128,0.171,0.366,0.000,-1.0000,-1.0000,TRACKING,prediction
1786984451.375,53.9,0.000,0.749,0.781,0.6652,-0.0029,2.01,-0.02502,0.171,0.348,0.000,-1.0000,-1.0000,TRACKING,prediction
1786984451.398,53.9,0.000,0.749,0.781,0.6652,-0.0023,1.61,-0.02002,0.171,0.331,0.000,-1.0000,-1.0000,TRACKING,prediction
1786984451.414,53.9,0.000,0.749,0.781,0.6652,-0.0018,1.29,-0.01601,0.171,0.280,0.000,-1.0000,-1.0000,UNCERTAIN,prediction
1786984451.432,53.9,0.000,0.749,0.781,0.6652,-0.0015,1.03,-0.01281,0.171,0.280,0.000,-1.0000,-1.0000,UNCERTAIN,prediction
1786984451.449,53.9,0.000,0.749,0.781,0.6652,-0.0012,0.82,-0.01025,0.171,0.280,0.000,-1.0000,-1.0000,UNCERTAIN,prediction
1786984451.481,53.9,0.000,0.749,0.781,0.6652,-0.0009,0.66,-0.00820,0.171,0.269,0.000,-1.0000,-1.0000,UNCERTAIN,prediction
1786984451.495,53.9,0.000,0.749,0.781,0.6652,-0.0008,0.53,-0.00656,0.171,0.256,0.000,-1.0000,-1.0000,UNCERTAIN,prediction
1786984451.511,53.9,0.000,0.749,0.781,0.6652,-0.0006,0.42,-0.00525,0.171,0.243,0.000,-1.0000,-1.0000,UNCERTAIN,prediction
1786984451.525,53.9,0.000,0.833,0.784,0.6221,-0.1150,10.59,0.06489,0.194,0.400,0.000,-1.0000,-1.0000,TRACKING,R+C
1786984451.542,53.9,0.000,0.833,0.784,0.6221,-0.0920,8.47,0.05191,0.194,0.400,0.000,-1.0000,-1.0000,TRACKING,prediction
1786984451.555,53.9,0.000,0.844,0.794,0.6078,-0.1090,9.85,0.10799,0.189,0.400,0.000,-1.0000,-1.0000,TRACKING,R+C
1786984451.571,53.9,0.000,0.823,0.800,0.5988,-0.1074,7.77,-0.02901,0.197,0.400,0.000,-1.0000,-1.0000,TRACKING,R+C
1786984451.587,53.9,0.000,0.841,0.806,0.5908,-0.1018,8.65,0.11464,0.189,0.400,0.000,-1.0000,-1.0000,TRACKING,R+C
1786984451.602,53.9,0.000,0.802,0.812,0.5822,-0.1008,5.10,-0.16648,0.183,0.400,0.000,-1.0000,-1.0000,TRACKING,R+C
1786984451.617,53.9,0.000,0.824,0.818,0.5768,-0.0941,6.31,-0.00893,0.199,0.400,0.000,-0.9379,-0.9946,TRACKING,R+C
1786984451.632,53.9,0.000,0.818,0.825,0.5669,-0.0893,5.34,-0.04179,0.196,0.400,0.000,-0.9173,-0.9704,TRACKING,R+C
1786984451.648,53.9,0.000,0.815,0.833,0.5589,-0.0832,4.64,-0.07093,0.193,0.400,0.000,-0.8880,-0.9374,TRACKING,R+C
1786984451.663,53.9,0.000,0.823,0.837,0.5523,-0.0773,3.92,-0.10491,0.190,0.400,0.000,-0.8612,-0.9071,TRACKING,R+C
1786984451.689,53.9,0.000,0.813,0.848,0.5456,-0.0704,3.42,-0.11117,0.189,0.400,0.000,-0.8066,-0.8484,TRACKING,R+C
1786984451.710,53.9,0.370,0.761,0.848,0.4663,-0.0690,-2.11,-0.59813,0.150,0.400,0.000,-0.9779,-1.0000,TRACKING,L+C+R_fused
1786984451.725,53.9,0.946,0.779,0.849,0.5027,-0.0579,-0.30,-0.42924,0.157,0.400,0.000,-0.8425,-0.8768,TRACKING,L+C+R_fused
1786984451.741,53.9,0.948,0.764,0.854,0.5013,-0.0513,-2.05,-0.56901,0.150,0.400,0.000,-0.7966,-0.8269,TRACKING,L+C+R_fused
1786984451.759,53.9,0.945,0.738,0.867,0.5009,-0.0468,-4.45,-0.80072,0.150,0.400,0.000,-0.6990,-0.7267,TRACKING,L+C+R_fused
1786984451.774,56.0,0.943,0.772,0.866,0.4939,-0.0408,-3.18,-0.65579,0.150,0.400,0.000,-0.6419,-0.6667,TRACKING,L+C+R_fused
1786984451.789,56.0,0.949,0.759,0.879,0.5013,-0.0418,-5.98,-0.93193,0.150,0.400,0.000,-0.5993,-0.6242,TRACKING,L+C+R_fused
1786984451.815,56.0,0.947,0.704,0.865,0.5010,-0.0474,-11.15,-1.41447,0.150,0.400,0.000,-0.5708,-0.5979,TRACKING,L+C+R_fused
1786984451.842,56.0,0.953,0.722,0.879,0.4819,-0.0461,-9.89,-1.37730,0.150,0.400,0.000,-0.5910,-0.6190,TRACKING,L+C+R_fused
1786984451.857,56.0,0.000,0.724,0.877,0.5064,-0.0473,-10.00,-1.44280,0.150,0.400,0.000,-0.6133,-0.6428,TRACKING,R+C
1786984451.881,56.0,0.000,0.732,0.874,0.5096,-0.0487,-9.76,-1.46184,0.150,0.400,0.000,-0.6429,-0.6739,TRACKING,R+C
1786984451.897,56.0,0.000,0.744,0.872,0.5108,-0.0513,-10.87,-1.58972,0.150,0.400,0.000,-0.6610,-0.6937,TRACKING,R+C
1786984451.913,56.0,0.000,0.757,0.868,0.5140,-0.0534,-11.05,-1.65153,0.150,0.400,0.000,-0.6917,-0.7263,TRACKING,R+C
1786984451.930,56.0,0.000,0.767,0.866,0.5167,-0.0513,-10.17,-1.65724,0.150,0.400,0.000,-0.6929,-0.7281,TRACKING,R+C
1786984451.945,56.0,0.000,0.761,0.874,0.5200,-0.0479,-9.52,-1.68262,0.150,0.400,0.000,-0.6716,-0.7068,TRACKING,R+C
1786984451.958,56.0,0.000,0.770,0.873,0.5203,-0.0418,-9.35,-1.74098,0.150,0.400,0.000,-0.6033,-0.6371,TRACKING,R+C
1786984451.973,56.0,0.000,0.766,0.882,0.5166,-0.0306,-7.64,-1.68302,0.150,0.400,0.000,-0.4923,-0.5227,TRACKING,R+C
1786984451.990,56.0,0.000,0.770,0.881,0.5097,-0.0207,-7.29,-1.71152,0.150,0.400,0.000,-0.3537,-0.3807,TRACKING,R+C
1786984452.008,56.0,0.000,0.775,0.882,0.5031,-0.0097,-6.49,-1.71437,0.150,0.400,0.000,-0.2017,-0.2250,TRACKING,R+C
1786984452.023,56.0,0.000,0.759,0.875,0.4941,0.0002,-6.47,-1.79805,0.150,0.400,0.000,-0.0429,-0.0630,TRACKING,R+C
1786984452.041,56.0,0.000,0.764,0.882,0.4884,0.0115,-5.12,-1.76901,0.150,0.400,0.000,0.1027,0.0858,TRACKING,R+C
1786984452.055,56.0,0.000,0.764,0.904,0.4854,0.0228,-3.86,-1.73486,0.150,0.400,0.000,0.2530,0.2398,TRACKING,R+C
1786984452.072,56.0,0.865,0.771,0.901,0.4769,0.0334,-2.61,-1.67906,0.150,0.400,0.000,0.3876,0.3780,TRACKING,L+C+R_fused
1786984452.091,56.0,0.943,0.776,0.914,0.5003,0.0421,-1.89,-1.67764,0.150,0.400,0.000,0.4950,0.4881,TRACKING,L+C+R_fused
1786984452.106,56.0,0.930,0.780,0.907,0.5022,0.0478,-1.61,-1.69647,0.150,0.400,0.000,0.5668,0.5617,TRACKING,L+C+R_fused
1786984452.121,56.0,0.943,0.782,0.905,0.4997,0.0543,0.52,-1.58917,0.150,0.400,0.000,0.5986,0.5943,TRACKING,L+C+R_fused
1786984452.149,56.0,0.950,0.783,0.910,0.5122,0.0564,1.70,-1.56120,0.150,0.400,0.000,0.5897,0.5845,TRACKING,L+C+R_fused
1786984452.168,56.0,0.950,0.783,0.910,0.5122,0.0451,1.36,-1.24896,0.150,0.400,0.000,0.5897,0.5845,TRACKING,prediction
1786984452.191,56.0,0.000,0.779,0.910,0.4767,0.0547,4.20,-1.47548,0.150,0.400,0.000,0.4841,0.4746,TRACKING,R+C
1786984452.205,56.0,0.000,0.773,0.905,0.4835,0.0528,5.37,-1.42263,0.150,0.400,0.000,0.4171,0.4053,TRACKING,R+C
1786984452.230,56.0,0.000,0.771,0.900,0.4958,0.0501,6.36,-1.39536,0.150,0.400,0.000,0.3346,0.3198,TRACKING,R+C
1786984452.242,56.0,0.000,0.765,0.883,0.5084,0.0486,8.09,-1.29428,0.150,0.400,0.000,0.2518,0.2345,TRACKING,R+C
1786984452.259,56.0,0.000,0.767,0.888,0.5246,0.0453,9.25,-1.24418,0.150,0.400,0.000,0.1501,0.1297,TRACKING,R+C
1786984452.273,56.0,0.000,0.762,0.889,0.5344,0.0418,10.98,-1.10444,0.150,0.400,0.000,0.0322,0.0089,TRACKING,R+C
1786984452.289,56.0,0.000,0.753,0.888,0.5350,0.0354,10.25,-1.27785,0.150,0.400,0.000,-0.0813,-0.1093,TRACKING,R+C
1786984452.315,56.0,0.000,0.755,0.878,0.5515,0.0284,10.21,-1.34102,0.150,0.400,0.000,-0.2132,-0.2456,TRACKING,R+C
1786984452.326,56.0,0.000,0.755,0.885,0.5683,0.0215,10.54,-1.36335,0.150,0.400,0.000,-0.3490,-0.3858,TRACKING,R+C
1786984452.340,56.0,0.000,0.756,0.865,0.5774,0.0153,11.76,-1.27874,0.150,0.400,0.000,-0.4861,-0.5270,TRACKING,R+C
1786984452.354,56.0,0.000,0.764,0.861,0.5888,0.0044,10.30,-1.40580,0.150,0.400,0.000,-0.6071,-0.6522,TRACKING,R+C
1786984452.369,56.0,0.000,0.764,0.861,0.5888,0.0035,8.24,-1.12464,0.150,0.400,0.000,-0.6071,-0.6522,TRACKING,prediction
1786984452.381,56.0,0.000,0.763,0.854,0.6076,-0.0107,11.94,-1.28798,0.150,0.400,0.000,-0.8343,-0.8880,TRACKING,R+C
1786984452.394,56.0,0.000,0.762,0.835,0.6212,-0.0215,11.32,-1.36476,0.150,0.400,0.000,-0.9360,-0.9948,TRACKING,R+C
1786984452.409,56.0,0.000,0.755,0.820,0.6321,-0.0276,13.60,-1.14482,0.150,0.400,0.000,-1.0000,-1.0000,TRACKING,R+C
1786984452.422,56.0,0.000,0.761,0.810,0.6448,-0.0372,14.26,-1.07678,0.150,0.400,0.000,-1.0000,-1.0000,TRACKING,R+C
1786984452.445,56.0,0.000,0.766,0.817,0.6564,-0.0473,14.03,-1.11688,0.150,0.400,0.000,-1.0000,-1.0000,TRACKING,R+C
1786984452.461,56.0,0.000,0.766,0.817,0.6564,-0.0379,11.22,-0.89351,0.150,0.400,0.000,-1.0000,-1.0000,TRACKING,prediction
1786984452.488,56.0,0.000,0.766,0.817,0.6564,-0.0303,8.98,-0.71480,0.150,0.400,0.000,-1.0000,-1.0000,TRACKING,prediction
1786984452.508,56.0,0.000,0.766,0.817,0.6564,-0.0242,7.18,-0.57184,0.150,0.400,0.000,-1.0000,-1.0000,TRACKING,prediction
1786984452.526,56.0,0.000,0.766,0.817,0.6564,-0.0194,5.75,-0.45747,0.150,0.400,0.000,-1.0000,-1.0000,TRACKING,prediction
1786984452.540,56.0,0.000,0.766,0.817,0.6564,-0.0155,4.60,-0.36598,0.150,0.400,0.000,-1.0000,-1.0000,TRACKING,prediction
1786984452.557,56.0,0.000,0.766,0.817,0.6564,-0.0124,3.68,-0.29278,0.150,0.400,0.000,-1.0000,-1.0000,TRACKING,prediction
1786984452.571,56.0,0.000,0.766,0.817,0.6564,-0.0099,2.94,-0.23423,0.150,0.400,0.000,-1.0000,-1.0000,TRACKING,prediction
1786984452.587,56.0,0.000,0.766,0.817,0.6564,-0.0079,2.35,-0.18738,0.150,0.400,0.000,-1.0000,-1.0000,TRACKING,prediction
1786984452.603,56.0,0.000,0.766,0.817,0.6564,-0.0064,1.88,-0.14991,0.150,0.399,0.000,-1.0000,-1.0000,TRACKING,prediction
1786984452.619,56.0,0.000,0.766,0.817,0.6564,-0.0051,1.51,-0.11992,0.150,0.379,0.000,-1.0000,-1.0000,TRACKING,prediction
1786984452.635,56.0,0.000,0.766,0.817,0.6564,-0.0041,1.21,-0.09594,0.150,0.360,0.000,-1.0000,-1.0000,TRACKING,prediction
1786984452.651,56.0,0.000,0.766,0.817,0.6564,-0.0033,0.96,-0.07675,0.150,0.342,0.000,-1.0000,-1.0000,TRACKING,prediction
1786984452.665,56.0,0.000,0.766,0.817,0.6564,-0.0026,0.77,-0.06140,0.150,0.325,0.000,-1.0000,-1.0000,TRACKING,prediction
1786984452.680,56.0,0.000,0.858,0.764,0.6720,-0.1352,12.68,-0.66886,0.150,0.400,0.000,-1.0000,-1.0000,TRACKING,R+C
1786984452.696,56.0,0.000,0.864,0.771,0.6655,-0.1342,13.08,-0.57265,0.150,0.400,0.000,-1.0000,-1.0000,TRACKING,R+C
1786984452.716,56.0,0.000,0.864,0.771,0.6655,-0.1073,10.46,-0.45812,0.150,0.400,0.000,-1.0000,-1.0000,TRACKING,prediction
1786984452.734,56.0,0.000,0.864,0.771,0.6655,-0.0859,8.37,-0.36650,0.150,0.400,0.000,-1.0000,-1.0000,TRACKING,prediction
1786984452.749,56.0,0.000,0.881,0.783,0.6531,-0.1381,12.55,-0.48196,0.152,0.400,0.000,-1.0000,-1.0000,TRACKING,R+C
1786984452.764,56.0,0.000,0.889,0.783,0.6507,-0.1432,11.87,-0.52344,0.150,0.400,0.000,-1.0000,-1.0000,TRACKING,R+C
1786984452.779,58.7,0.000,0.910,0.782,0.6475,-0.1484,12.37,-0.35987,0.164,0.400,0.000,-1.0000,-1.0000,TRACKING,R+C
1786984452.794,58.7,0.000,0.910,0.783,0.6421,-0.1531,12.27,-0.33543,0.166,0.400,0.000,-1.0000,-1.0000,TRACKING,R+C
1786984452.813,58.7,0.000,0.910,0.783,0.6421,-0.1225,9.81,-0.26835,0.166,0.400,0.000,-1.0000,-1.0000,TRACKING,prediction
1786984452.827,58.7,0.000,0.899,0.781,0.6386,-0.1570,9.79,-0.59685,0.150,0.400,0.000,-1.0000,-1.0000,TRACKING,R+C
1786984452.842,58.7,0.892,0.788,0.000,0.6308,0.2292,25.29,-0.93394,0.150,0.400,0.000,1.0000,0.0314,TRACKING,L+C
1786984452.858,58.7,0.000,0.897,0.791,0.6257,-0.1563,10.21,-0.44838,0.155,0.400,0.000,-1.0000,-1.0000,TRACKING,R+C
1786984452.875,58.7,0.000,0.897,0.791,0.6257,-0.1250,8.17,-0.35870,0.155,0.400,0.000,-1.0000,-1.0000,TRACKING,prediction
1786984452.891,58.7,0.000,0.897,0.791,0.6257,-0.1000,6.53,-0.28696,0.155,0.400,0.000,-1.0000,-1.0000,TRACKING,prediction
1786984452.904,58.7,0.000,0.895,0.800,0.6051,-0.1530,9.83,-0.24308,0.176,0.400,0.000,-1.0000,-1.0000,TRACKING,R+C
1786984452.931,58.7,0.884,0.809,0.000,0.6002,0.2214,25.53,-0.69053,0.150,0.400,0.000,1.0000,0.0330,TRACKING,L+C
1786984452.947,58.7,0.884,0.809,0.000,0.6002,0.1771,20.42,-0.55243,0.150,0.400,0.000,1.0000,1.0000,TRACKING,prediction
1786984452.973,58.7,0.000,0.873,0.815,0.5903,-0.1458,8.16,-0.30502,0.169,0.400,0.000,-1.0000,-0.0902,TRACKING,R+C
1786984452.988,58.7,0.000,0.873,0.815,0.5903,-0.1167,6.53,-0.24401,0.169,0.400,0.000,-1.0000,-1.0000,TRACKING,prediction
1786984453.009,58.7,0.000,0.873,0.815,0.5903,-0.0933,5.22,-0.19521,0.169,0.400,0.000,-1.0000,-1.0000,TRACKING,prediction
1786984453.027,58.7,0.000,0.873,0.815,0.5903,-0.0747,4.18,-0.15617,0.169,0.400,0.000,-1.0000,-1.0000,TRACKING,prediction
1786984453.040,58.7,0.000,0.873,0.815,0.5903,-0.0597,3.34,-0.12493,0.169,0.400,0.000,-1.0000,-1.0000,TRACKING,prediction
1786984453.055,58.7,0.000,0.873,0.815,0.5903,-0.0478,2.67,-0.09995,0.169,0.400,0.000,-1.0000,-1.0000,TRACKING,prediction
1786984453.069,58.7,0.000,0.873,0.815,0.5903,-0.0382,2.14,-0.07996,0.169,0.400,0.000,-1.0000,-1.0000,TRACKING,prediction
1786984453.085,58.7,0.000,0.873,0.815,0.5903,-0.0306,1.71,-0.06397,0.169,0.400,0.000,-1.0000,-1.0000,TRACKING,prediction
1786984453.105,58.7,0.000,0.894,0.837,0.5697,-0.1214,4.99,-0.44008,0.156,0.400,0.000,-1.0000,-1.0000,TRACKING,R+C
1786984453.117,58.7,0.000,0.878,0.847,0.5657,-0.1170,4.42,-0.49853,0.150,0.400,0.000,-1.0000,-1.0000,TRACKING,R+C
1786984453.133,58.7,0.000,0.899,0.853,0.5613,-0.1134,3.49,-0.58115,0.150,0.400,0.000,-1.0000,-1.0000,TRACKING,R+C
1786984453.149,58.7,0.000,0.889,0.860,0.5571,-0.1092,3.15,-0.59280,0.150,0.400,0.000,-1.0000,-1.0000,TRACKING,R+C
1786984453.178,58.7,0.000,0.889,0.860,0.5571,-0.0874,2.52,-0.47424,0.150,0.400,0.000,-1.0000,-1.0000,TRACKING,prediction
1786984453.192,58.7,0.000,0.890,0.868,0.5505,-0.0983,3.12,-0.53951,0.150,0.400,0.000,-1.0000,-1.0000,TRACKING,R+C
1786984453.207,58.7,0.000,0.890,0.872,0.5454,-0.0933,2.56,-0.55558,0.150,0.400,0.000,-1.0000,-1.0000,TRACKING,R+C
1786984453.221,58.7,0.000,0.884,0.879,0.5415,-0.0876,2.20,-0.55996,0.150,0.400,0.000,-1.0000,-1.0000,TRACKING,R+C
1786984453.237,58.7,0.000,0.874,0.879,0.5376,-0.0819,1.77,-0.61393,0.150,0.400,0.000,-1.0000,-1.0000,TRACKING,R+C
1786984453.248,58.7,0.000,0.882,0.882,0.5356,-0.0774,2.19,-0.56012,0.150,0.400,0.000,-1.0000,-1.0000,TRACKING,R+C
1786984453.273,58.7,0.000,0.882,0.880,0.5315,-0.0755,2.26,-0.54990,0.150,0.400,0.000,-1.0000,-1.0000,TRACKING,R+C
1786984453.289,58.7,0.000,0.883,0.881,0.5299,-0.0752,2.30,-0.55647,0.150,0.400,0.000,-1.0000,-1.0000,TRACKING,R+C
1786984453.307,58.7,0.000,0.889,0.882,0.5313,-0.0766,2.62,-0.51406,0.150,0.400,0.000,-1.0000,-1.0000,TRACKING,R+C
1786984453.322,58.7,0.000,0.899,0.880,0.5305,-0.0770,2.94,-0.49944,0.150,0.400,0.000,-1.0000,-1.0000,TRACKING,R+C
1786984453.339,58.7,0.000,0.891,0.890,0.5280,-0.0767,1.72,-0.60911,0.150,0.400,0.000,-1.0000,-1.0000,TRACKING,R+C
1786984453.355,58.7,0.000,0.886,0.893,0.5223,-0.0718,1.14,-0.66917,0.150,0.400,0.000,-1.0000,-1.0000,TRACKING,R+C
1786984453.370,58.7,0.000,0.888,0.894,0.5181,-0.0650,2.57,-0.54297,0.150,0.400,0.000,-1.0000,-1.0000,TRACKING,R+C
1786984453.395,58.7,0.000,0.884,0.898,0.5131,-0.0622,1.30,-0.67013,0.150,0.400,0.000,-1.0000,-1.0000,TRACKING,R+C
1786984453.408,58.7,0.000,0.884,0.899,0.5115,-0.0598,1.26,-0.67317,0.150,0.400,0.000,-0.9786,-1.0000,TRACKING,R+C
1786984453.423,58.7,0.000,0.888,0.898,0.5121,-0.0570,1.68,-0.63186,0.150,0.400,0.000,-0.9592,-1.0000,TRACKING,R+C
1786984453.450,58.7,0.000,0.888,0.898,0.5121,-0.0456,1.34,-0.50549,0.150,0.400,0.000,-0.9592,-1.0000,TRACKING,prediction
1786984453.464,58.7,0.000,0.882,0.899,0.5112,-0.0494,0.86,-0.72737,0.150,0.400,0.000,-0.8737,-0.9117,TRACKING,R+C
1786984453.479,58.7,0.000,0.887,0.903,0.5065,-0.0448,-0.31,-0.79161,0.150,0.400,0.000,-0.7988,-0.8335,TRACKING,R+C
1786984453.494,58.7,0.000,0.884,0.909,0.5017,-0.0373,0.80,-0.71638,0.150,0.400,0.000,-0.7328,-0.7648,TRACKING,R+C
1786984453.510,58.7,0.000,0.875,0.917,0.4991,-0.0321,1.36,-0.68018,0.150,0.400,0.000,-0.6811,-0.7112,TRACKING,R+C
1786984453.527,58.7,0.000,0.884,0.917,0.4984,-0.0314,1.72,-0.63712,0.150,0.400,0.000,-0.6770,-0.7066,TRACKING,R+C
1786984453.541,58.7,0.000,0.885,0.919,0.4994,-0.0328,1.94,-0.63132,0.150,0.400,0.000,-0.7017,-0.7323,TRACKING,R+C
1786984453.558,58.7,0.375,0.890,0.920,0.4378,-0.0356,2.53,-0.59014,0.150,0.400,0.000,-0.7499,-0.7822,TRACKING,L+C+R_fused
1786984453.574,58.7,0.368,0.891,0.910,0.4061,-0.0393,2.91,-0.56989,0.150,0.400,0.000,-0.8020,-0.8365,TRACKING,L+C+R_fused
1786984453.587,58.7,0.000,0.892,0.907,0.5065,-0.0445,2.07,-0.65693,0.150,0.400,0.000,-0.8469,-0.8838,TRACKING,R+C
1786984453.603,58.7,0.000,0.889,0.904,0.5058,-0.0492,1.63,-0.70458,0.150,0.400,0.000,-0.8893,-0.9283,TRACKING,R+C
1786984453.617,58.7,0.000,0.875,0.901,0.5064,-0.0513,2.85,-0.62151,0.150,0.400,0.000,-0.9320,-0.9729,TRACKING,R+C
1786984453.631,58.7,0.000,0.855,0.899,0.5077,-0.0569,2.16,-0.72356,0.150,0.400,0.000,-0.9774,-1.0000,TRACKING,R+C
1786984453.645,58.7,0.000,0.857,0.900,0.5152,-0.0628,3.35,-0.60662,0.150,0.400,0.000,-1.0000,-1.0000,TRACKING,R+C
1786984453.659,58.7,0.000,0.850,0.896,0.5217,-0.0719,2.87,-0.68347,0.150,0.400,0.000,-1.0000,-1.0000,TRACKING,R+C
1786984453.672,58.7,0.000,0.850,0.893,0.5266,-0.0816,3.28,-0.65819,0.150,0.400,0.000,-1.0000,-1.0000,TRACKING,R+C
1786984453.688,58.7,0.000,0.855,0.894,0.5304,-0.0902,3.71,-0.64334,0.150,0.400,0.000,-1.0000,-1.0000,TRACKING,R+C
1786984453.704,58.7,0.000,0.877,0.889,0.5351,-0.0989,3.84,-0.61995,0.150,0.400,0.000,-1.0000,-1.0000,TRACKING,R+C
1786984453.721,58.7,0.000,0.890,0.890,0.5389,-0.1061,3.13,-0.69033,0.150,0.400,0.000,-1.0000,-1.0000,TRACKING,R+C
1786984453.735,58.7,0.000,0.887,0.890,0.5464,-0.1112,4.15,-0.59102,0.150,0.400,0.000,-1.0000,-1.0000,TRACKING,R+C
1786984453.749,58.7,0.000,0.899,0.886,0.5494,-0.1161,3.61,-0.63339,0.150,0.400,0.000,-1.0000,-1.0000,TRACKING,R+C
1786984453.769,58.7,0.000,0.898,0.886,0.5543,-0.1191,3.62,-0.62296,0.150,0.400,0.000,-1.0000,-1.0000,TRACKING,R+C
1786984453.783,60.8,0.000,0.898,0.882,0.5594,-0.1213,4.07,-0.55704,0.150,0.400,0.000,-1.0000,-1.0000,TRACKING,R+C
1786984453.797,60.8,0.000,0.888,0.885,0.5609,-0.1239,3.84,-0.56267,0.150,0.400,0.000,-1.0000,-1.0000,TRACKING,R+C
1786984453.809,60.8,0.000,0.885,0.889,0.5633,-0.1287,3.04,-0.63047,0.150,0.400,0.000,-1.0000,-1.0000,TRACKING,R+C
1786984453.825,60.8,0.000,0.889,0.885,0.5661,-0.1362,1.87,-0.70372,0.150,0.400,0.000,-1.0000,-1.0000,TRACKING,R+C
1786984453.840,60.8,0.000,0.893,0.886,0.5704,-0.1386,3.66,-0.54918,0.150,0.400,0.000,-1.0000,-1.0000,TRACKING,R+C
1786984453.855,60.8,0.000,0.890,0.884,0.5724,-0.1419,3.93,-0.51847,0.150,0.400,0.000,-1.0000,-1.0000,TRACKING,R+C
1786984453.867,60.8,0.000,0.888,0.882,0.5724,-0.1439,3.84,-0.51694,0.150,0.400,0.000,-1.0000,-1.0000,TRACKING,R+C
1786984453.880,60.8,0.000,0.887,0.879,0.5731,-0.1444,4.13,-0.45192,0.155,0.400,0.000,-1.0000,-1.0000,TRACKING,R+C
1786984453.896,60.8,0.000,0.880,0.878,0.5662,-0.1420,4.13,-0.41503,0.158,0.400,0.000,-1.0000,-1.0000,TRACKING,R+C
1786984453.912,60.8,0.000,0.883,0.887,0.5691,-0.1394,3.62,-0.44528,0.155,0.400,0.000,-1.0000,-1.0000,TRACKING,R+C
1786984453.937,60.8,0.000,0.879,0.889,0.5646,-0.1361,4.71,-0.29288,0.171,0.400,0.000,-1.0000,-1.0000,TRACKING,R+C
1786984453.949,60.8,0.000,0.876,0.882,0.5639,-0.1348,4.49,-0.26654,0.173,0.400,0.000,-1.0000,-1.0000,TRACKING,R+C
1786984453.966,60.8,0.000,0.871,0.888,0.5624,-0.1342,4.38,-0.30076,0.170,0.400,0.000,-1.0000,-1.0000,TRACKING,R+C
1786984453.994,60.8,0.000,0.872,0.897,0.5653,-0.1334,3.19,-0.46974,0.153,0.400,0.000,-1.0000,-1.0000,TRACKING,R+C
1786984454.009,60.8,0.000,0.864,0.899,0.5645,-0.1320,1.55,-0.66268,0.150,0.400,0.000,-1.0000,-1.0000,TRACKING,R+C
1786984454.025,60.8,0.000,0.864,0.899,0.5724,-0.1273,1.99,-0.58202,0.150,0.400,0.000,-1.0000,-1.0000,TRACKING,R+C
1786984454.042,60.8,0.000,0.864,0.899,0.5724,-0.1018,1.59,-0.46561,0.150,0.400,0.000,-1.0000,-1.0000,TRACKING,prediction
1786984454.063,60.8,0.000,0.854,0.910,0.5650,-0.1181,1.23,-0.63738,0.150,0.400,0.000,-1.0000,-1.0000,TRACKING,R+C
1786984454.080,60.8,0.000,0.854,0.910,0.5650,-0.0945,0.98,-0.50991,0.150,0.400,0.000,-1.0000,-1.0000,TRACKING,prediction
1786984454.105,60.8,0.000,0.853,0.910,0.5679,-0.1079,0.68,-0.67123,0.150,0.400,0.000,-1.0000,-1.0000,TRACKING,R+C
1786984454.117,60.8,0.000,0.843,0.909,0.5537,-0.1015,0.13,-0.74447,0.150,0.400,0.000,-1.0000,-1.0000,TRACKING,R+C
1786984454.133,60.8,0.000,0.843,0.915,0.5523,-0.0944,0.28,-0.73087,0.150,0.400,0.000,-1.0000,-1.0000,TRACKING,R+C
1786984454.148,60.8,0.000,0.843,0.921,0.5295,-0.0878,-0.01,-0.78119,0.150,0.400,0.000,-1.0000,-1.0000,TRACKING,R+C
1786984454.176,60.8,0.000,0.843,0.823,0.5146,-0.0817,-0.21,-0.82256,0.150,0.400,0.000,-1.0000,-1.0000,TRACKING,R+C
1786984454.193,60.8,0.000,0.843,0.823,0.5146,-0.0654,-0.17,-0.65805,0.150,0.400,0.000,-1.0000,-1.0000,TRACKING,prediction
1786984454.217,60.8,0.000,0.843,0.823,0.5146,-0.0523,-0.14,-0.52644,0.150,0.400,0.000,-1.0000,-1.0000,TRACKING,prediction
1786984454.234,60.8,0.000,0.843,0.823,0.5146,-0.0418,-0.11,-0.42115,0.150,0.400,0.000,-1.0000,-1.0000,TRACKING,prediction
1786984454.258,60.8,0.000,0.843,0.823,0.5146,-0.0335,-0.09,-0.33692,0.150,0.400,0.000,-1.0000,-1.0000,TRACKING,prediction
1786984454.273,60.8,0.000,0.843,0.823,0.5146,-0.0268,-0.07,-0.26954,0.150,0.400,0.000,-1.0000,-1.0000,TRACKING,prediction
1786984454.290,60.8,0.000,0.814,0.590,0.5462,-0.0703,-0.60,-0.99630,0.150,0.400,0.000,-1.0000,-1.0000,TRACKING,R+C
1786984454.316,60.8,0.000,0.814,0.590,0.5462,-0.0563,-0.48,-0.79704,0.150,0.400,0.000,-1.0000,-1.0000,TRACKING,prediction
1786984454.333,60.8,0.000,0.814,0.590,0.5462,-0.0450,-0.38,-0.63763,0.150,0.400,0.000,-1.0000,-1.0000,TRACKING,prediction
1786984454.354,60.8,0.000,0.825,0.593,0.5448,-0.0596,0.65,-0.92167,0.150,0.400,0.000,-0.9861,-1.0000,TRACKING,R+C
1786984454.371,60.8,0.000,0.825,0.593,0.5448,-0.0477,0.52,-0.73734,0.150,0.400,0.000,-0.9861,-1.0000,TRACKING,prediction
1786984454.384,60.8,0.000,0.809,0.680,0.5500,-0.0647,0.04,-1.08888,0.150,0.400,0.000,-1.0000,-1.0000,TRACKING,R+C
1786984454.401,60.8,0.000,0.809,0.680,0.5500,-0.0518,0.03,-0.87110,0.150,0.400,0.000,-1.0000,-1.0000,TRACKING,prediction
1786984454.417,60.8,0.000,0.809,0.680,0.5500,-0.0414,0.03,-0.69688,0.150,0.400,0.000,-1.0000,-1.0000,TRACKING,prediction
1786984454.436,60.8,0.000,0.809,0.680,0.5500,-0.0331,0.02,-0.55751,0.150,0.400,0.000,-1.0000,-1.0000,TRACKING,prediction
1786984454.450,60.8,0.000,0.809,0.680,0.5500,-0.0265,0.02,-0.44600,0.150,0.400,0.000,-1.0000,-1.0000,TRACKING,prediction
1786984454.465,60.8,0.000,0.809,0.680,0.5500,-0.0212,0.01,-0.35680,0.150,0.400,0.000,-1.0000,-1.0000,TRACKING,prediction
1786984454.481,60.8,0.000,0.809,0.680,0.5500,-0.0170,0.01,-0.28544,0.150,0.400,0.000,-1.0000,-1.0000,TRACKING,prediction
1786984454.494,60.8,0.000,0.788,0.677,0.5497,-0.0516,0.70,-1.28924,0.150,0.400,0.000,-0.9493,-0.9981,TRACKING,R+C
1786984454.507,60.8,0.000,0.772,0.931,0.5513,-0.0557,-0.54,-1.49698,0.150,0.400,0.000,-0.9778,-1.0000,TRACKING,R+C
1786984454.523,60.8,0.000,0.770,0.922,0.5540,-0.0576,-0.60,-1.58635,0.150,0.400,0.000,-1.0000,-1.0000,TRACKING,R+C
1786984454.549,60.8,0.000,0.770,0.886,0.5615,-0.0577,-0.14,-1.59647,0.150,0.400,0.000,-1.0000,-1.0000,TRACKING,R+C
1786984454.565,60.8,0.000,0.771,0.894,0.5513,-0.0557,0.49,-1.56770,0.150,0.400,0.000,-1.0000,-1.0000,TRACKING,R+C
1786984454.581,60.8,0.000,0.771,0.894,0.5513,-0.0445,0.39,-1.25416,0.150,0.400,0.000,-1.0000,-1.0000,TRACKING,prediction
1786984454.605,60.8,0.000,0.771,0.894,0.5513,-0.0356,0.31,-1.00333,0.150,0.400,0.000,-1.0000,-1.0000,TRACKING,prediction
1786984454.621,60.8,0.000,0.771,0.894,0.5513,-0.0285,0.25,-0.80266,0.150,0.400,0.000,-1.0000,-1.0000,TRACKING,prediction
1786984454.648,60.8,0.000,0.771,0.894,0.5513,-0.0228,0.20,-0.64213,0.150,0.400,0.000,-1.0000,-1.0000,TRACKING,prediction
1786984454.667,60.8,0.000,0.771,0.894,0.5513,-0.0182,0.16,-0.51370,0.150,0.400,0.000,-1.0000,-1.0000,TRACKING,prediction
1786984454.682,60.8,0.000,0.771,0.894,0.5513,-0.0146,0.13,-0.41096,0.150,0.400,0.000,-1.0000,-1.0000,TRACKING,prediction
1786984454.697,60.8,0.000,0.773,0.873,0.5907,-0.0712,1.76,-1.84554,0.150,0.400,0.000,-1.0000,-1.0000,TRACKING,R+C
1786984454.722,60.8,0.000,0.783,0.883,0.5928,-0.0707,2.22,-1.87216,0.150,0.400,0.000,-1.0000,-1.0000,TRACKING,R+C
1786984454.737,60.8,0.000,0.779,0.873,0.5915,-0.0676,3.22,-1.83714,0.150,0.400,0.000,-1.0000,-1.0000,TRACKING,R+C
1786984454.749,60.8,0.000,0.784,0.862,0.5937,-0.0645,4.44,-1.75054,0.150,0.400,0.000,-1.0000,-1.0000,TRACKING,R+C
1786984454.765,60.8,0.000,0.786,0.876,0.5991,-0.0625,5.34,-1.69088,0.150,0.400,0.000,-1.0000,-1.0000,TRACKING,R+C
1786984454.778,60.8,0.000,0.782,0.867,0.6081,-0.0647,5.96,-1.62868,0.150,0.400,0.000,-1.0000,-1.0000,TRACKING,R+C
1786984454.800,57.0,0.000,0.782,0.867,0.6081,-0.0518,4.77,-1.30295,0.150,0.400,0.000,-1.0000,-1.0000,TRACKING,prediction
1786984454.815,57.0,0.000,0.782,0.867,0.6081,-0.0414,3.81,-1.04236,0.150,0.400,0.000,-1.0000,-1.0000,TRACKING,prediction
1786984454.840,57.0,0.000,0.782,0.863,0.6318,-0.0745,9.45,-1.30053,0.150,0.400,0.000,-1.0000,-1.0000,TRACKING,R+C
1786984454.855,57.0,0.000,0.786,0.867,0.6394,-0.0785,10.95,-1.14263,0.150,0.400,0.000,-1.0000,-1.0000,TRACKING,R+C
1786984454.867,57.0,0.000,0.783,0.848,0.6465,-0.0849,12.57,-0.97192,0.150,0.400,0.000,-1.0000,-1.0000,TRACKING,R+C
1786984454.890,57.0,0.000,0.797,0.712,0.6486,-0.0934,13.72,-0.84872,0.150,0.400,0.000,-1.0000,-1.0000,TRACKING,R+C
1786984454.908,57.0,0.000,0.797,0.712,0.6486,-0.0747,10.97,-0.67898,0.150,0.400,0.000,-1.0000,-1.0000,TRACKING,prediction
1786984454.924,57.0,0.000,0.797,0.712,0.6486,-0.0598,8.78,-0.54318,0.150,0.400,0.000,-1.0000,-1.0000,TRACKING,prediction
1786984454.939,57.0,0.000,0.797,0.712,0.6486,-0.0478,7.02,-0.43455,0.150,0.400,0.000,-1.0000,-1.0000,TRACKING,prediction
1786984454.952,57.0,0.000,0.797,0.712,0.6486,-0.0383,5.62,-0.34764,0.150,0.400,0.000,-1.0000,-1.0000,TRACKING,prediction
1786984454.974,57.0,0.000,0.797,0.712,0.6486,-0.0306,4.49,-0.27811,0.150,0.400,0.000,-1.0000,-1.0000,TRACKING,prediction
1786984454.989,57.0,0.000,0.797,0.712,0.6486,-0.0245,3.60,-0.22249,0.150,0.400,0.000,-1.0000,-1.0000,TRACKING,prediction
1786984455.017,57.0,0.000,0.797,0.712,0.6486,-0.0196,2.88,-0.17799,0.150,0.400,0.000,-1.0000,-1.0000,TRACKING,prediction
1786984455.033,57.0,0.000,0.797,0.712,0.6486,-0.0157,2.30,-0.14239,0.150,0.400,0.000,-1.0000,-1.0000,TRACKING,prediction
1786984455.048,57.0,0.000,0.797,0.712,0.6486,-0.0125,1.84,-0.11391,0.150,0.380,0.000,-1.0000,-1.0000,TRACKING,prediction
1786984455.063,57.0,0.000,0.797,0.712,0.6486,-0.0100,1.47,-0.09113,0.150,0.361,0.000,-1.0000,-1.0000,TRACKING,prediction
1786984455.078,57.0,0.000,0.797,0.712,0.6486,-0.0080,1.18,-0.07290,0.150,0.343,0.000,-1.0000,-1.0000,TRACKING,prediction
1786984455.100,57.0,0.000,0.797,0.712,0.6486,-0.0064,0.94,-0.05832,0.150,0.326,0.000,-1.0000,-1.0000,TRACKING,prediction
1786984455.119,57.0,0.000,0.797,0.712,0.6486,-0.0051,0.75,-0.04666,0.150,0.280,0.000,-1.0000,-1.0000,UNCERTAIN,prediction
1786984455.134,57.0,0.000,0.797,0.712,0.6486,-0.0041,0.60,-0.03733,0.150,0.280,0.000,-1.0000,-1.0000,UNCERTAIN,prediction
1786984455.150,57.0,0.000,0.797,0.712,0.6486,-0.0033,0.48,-0.02986,0.150,0.280,0.000,-1.0000,-1.0000,UNCERTAIN,prediction
1786984455.166,57.0,0.000,0.797,0.712,0.6486,-0.0026,0.39,-0.02389,0.150,0.266,0.000,-1.0000,-1.0000,UNCERTAIN,prediction
1786984455.191,57.0,0.000,0.797,0.712,0.6486,-0.0021,0.31,-0.01911,0.150,0.252,0.000,-1.0000,-1.0000,UNCERTAIN,prediction
1786984455.208,57.0,0.000,0.797,0.712,0.6486,-0.0017,0.25,-0.01529,0.150,0.240,0.000,-1.0000,-1.0000,UNCERTAIN,prediction
1786984455.239,57.0,0.000,0.797,0.712,0.6486,-0.0013,0.20,-0.01223,0.150,0.228,0.000,-1.0000,-1.0000,UNCERTAIN,prediction
1786984455.259,57.0,0.000,0.797,0.712,0.6486,-0.0011,0.16,-0.00979,0.150,0.216,0.000,-1.0000,-1.0000,UNCERTAIN,prediction
1786984455.276,57.0,0.000,0.797,0.712,0.6486,-0.0009,0.13,-0.00783,0.150,0.206,0.000,-1.0000,-1.0000,UNCERTAIN,prediction
1786984455.293,57.0,0.000,0.797,0.712,0.6486,-0.0007,0.10,-0.00626,0.150,0.195,0.000,-1.0000,-1.0000,UNCERTAIN,prediction
1786984455.315,57.0,0.000,0.812,0.620,0.6045,-0.1145,5.06,-0.04907,0.195,0.400,0.000,-1.0000,-1.0000,TRACKING,R+C
1786984455.332,57.0,0.000,0.812,0.620,0.6045,-0.0916,4.05,-0.03926,0.195,0.400,0.000,-1.0000,-1.0000,TRACKING,prediction
1786984455.355,57.0,0.000,0.795,0.664,0.5744,-0.1086,2.64,-0.17696,0.182,0.400,0.000,-1.0000,-1.0000,TRACKING,R+C
1786984455.370,57.0,0.000,0.776,0.686,0.5705,-0.1069,1.22,-0.27745,0.172,0.400,0.000,-1.0000,-1.0000,TRACKING,R+C
1786984455.388,57.0,0.000,0.772,0.643,0.5705,-0.1076,0.26,-0.32535,0.167,0.400,0.000,-1.0000,-1.0000,TRACKING,R+C
1786984455.402,57.0,0.000,0.765,0.635,0.5697,-0.1102,-0.44,-0.36481,0.164,0.400,0.000,-1.0000,-1.0000,TRACKING,R+C
1786984455.417,57.0,0.000,0.768,0.654,0.5634,-0.1140,-0.86,-0.37743,0.162,0.400,0.000,-1.0000,-1.0000,TRACKING,R+C
1786984455.441,57.0,0.000,0.768,0.654,0.5634,-0.0912,-0.69,-0.30194,0.162,0.400,0.000,-1.0000,-1.0000,TRACKING,prediction
1786984455.456,57.0,0.000,0.770,0.641,0.5674,-0.1172,-1.66,-0.39149,0.161,0.400,0.000,-1.0000,-1.0000,TRACKING,R+C
1786984455.474,57.0,0.000,0.770,0.641,0.5674,-0.0937,-1.33,-0.31319,0.161,0.400,0.000,-1.0000,-1.0000,TRACKING,prediction
1786984455.494,57.0,0.000,0.752,0.628,0.5611,-0.1092,-3.27,-0.50805,0.150,0.400,0.000,-1.0000,-1.0000,TRACKING,R+C
1786984455.509,57.0,0.000,0.741,0.644,0.5521,-0.1032,-4.68,-0.60712,0.150,0.400,0.000,-1.0000,-1.0000,TRACKING,R+C
1786984455.526,57.0,0.368,0.726,0.623,0.4887,-0.0971,-6.43,-0.74808,0.150,0.400,0.000,-1.0000,-1.0000,TRACKING,L+C+R_fused
1786984455.543,57.0,0.941,0.712,0.649,0.4475,-0.0914,-8.18,-0.88016,0.150,0.400,0.000,-1.0000,-1.0000,TRACKING,L+C+R_fused
1786984455.560,57.0,0.923,0.707,0.646,0.5170,-0.0846,-8.45,-0.91507,0.150,0.400,0.000,-1.0000,-1.0000,TRACKING,L+C+R_fused
1786984455.590,57.0,0.924,0.719,0.644,0.5369,-0.0793,-8.95,-0.94432,0.150,0.400,0.000,-0.9492,-0.9863,TRACKING,L+C+R_fused
1786984455.605,57.0,0.937,0.715,0.651,0.5216,-0.0780,-10.34,-1.07024,0.150,0.400,0.000,-0.9170,-0.9533,TRACKING,L+C+R_fused
1786984455.620,57.0,0.933,0.720,0.646,0.4866,-0.0775,-10.70,-1.11684,0.150,0.400,0.000,-0.9079,-0.9441,TRACKING,L+C+R_fused
1786984455.635,57.0,0.702,0.726,0.645,0.4628,-0.0783,-10.88,-1.17125,0.150,0.400,0.000,-0.9175,-0.9549,TRACKING,L+C+R_fused
1786984455.650,57.0,0.000,0.717,0.648,0.5298,-0.0828,-13.13,-1.35816,0.150,0.400,0.000,-0.9277,-0.9667,TRACKING,R+C
1786984455.665,57.0,0.000,0.724,0.632,0.5313,-0.0828,-12.46,-1.38320,0.150,0.400,0.000,-0.9460,-0.9868,TRACKING,R+C
1786984455.680,57.0,0.000,0.726,0.633,0.5351,-0.0848,-12.62,-1.43723,0.150,0.400,0.000,-0.9660,-1.0000,TRACKING,R+C
1786984455.695,57.0,0.000,0.734,0.636,0.5390,-0.0848,-12.58,-1.48690,0.150,0.400,0.000,-0.9718,-1.0000,TRACKING,R+C
1786984455.711,57.0,0.000,0.743,0.632,0.5423,-0.0834,-12.06,-1.48663,0.150,0.400,0.000,-0.9713,-1.0000,TRACKING,R+C
1786984455.727,57.0,0.000,0.723,0.620,0.5429,-0.0828,-14.18,-1.71586,0.150,0.400,0.000,-0.9414,-0.9857,TRACKING,R+C
1786984455.741,57.0,0.000,0.729,0.628,0.5346,-0.0761,-13.59,-1.72025,0.150,0.400,0.000,-0.8905,-0.9327,TRACKING,R+C
1786984455.757,57.0,0.000,0.725,0.637,0.5224,-0.0655,-12.10,-1.69813,0.150,0.400,0.000,-0.8123,-0.8516,TRACKING,R+C
1786984455.779,57.0,0.000,0.742,0.652,0.5097,-0.0536,-10.12,-1.61962,0.150,0.400,0.000,-0.7175,-0.7532,TRACKING,R+C
1786984455.794,57.0,0.000,0.741,0.673,0.5008,-0.0426,-9.24,-1.62310,0.150,0.400,0.000,-0.6002,-0.6322,TRACKING,R+C
1786984455.820,55.9,0.000,0.737,0.656,0.4859,-0.0322,-8.93,-1.68356,0.150,0.400,0.000,-0.4682,-0.4971,TRACKING,R+C
1786984455.841,55.9,0.000,0.735,0.741,0.4883,-0.0220,-8.36,-1.70730,0.150,0.400,0.000,-0.3320,-0.3576,TRACKING,R+C
1786984455.856,55.9,0.000,0.745,0.733,0.5088,-0.0137,-8.08,-1.72822,0.150,0.400,0.000,-0.2063,-0.2289,TRACKING,R+C
1786984455.868,55.9,0.000,0.744,0.737,0.5147,-0.0044,-6.14,-1.66726,0.150,0.400,0.000,-0.1161,-0.1367,TRACKING,R+C
1786984455.882,55.9,0.000,0.750,0.437,0.4808,0.0002,-4.61,-1.62070,0.150,0.400,0.000,-0.0908,-0.1111,TRACKING,R+C
1786984455.898,55.9,0.000,0.746,0.715,0.5457,0.0006,-3.81,-1.63398,0.150,0.400,0.000,-0.1208,-0.1427,TRACKING,R+C
1786984455.923,55.9,0.000,0.749,0.725,0.5486,0.0005,-1.86,-1.54455,0.150,0.400,0.000,-0.1913,-0.2154,TRACKING,R+C
1786984455.938,55.9,0.000,0.737,0.762,0.5115,-0.0031,-3.06,-1.74444,0.150,0.400,0.000,-0.2382,-0.2653,TRACKING,R+C
1786984455.954,55.9,0.000,0.751,0.819,0.5176,-0.0051,-1.64,-1.67400,0.150,0.400,0.000,-0.3199,-0.3494,TRACKING,R+C
1786984455.971,55.9,0.000,0.755,0.895,0.5283,-0.0040,1.95,-1.41093,0.150,0.400,0.000,-0.4046,-0.4359,TRACKING,R+C
1786984455.985,55.9,0.000,0.744,0.893,0.5349,-0.0073,2.37,-1.44883,0.150,0.400,0.000,-0.4788,-0.5131,TRACKING,R+C
1786984456.000,55.9,0.000,0.751,0.889,0.5420,-0.0106,3.26,-1.44420,0.150,0.400,0.000,-0.5602,-0.5978,TRACKING,R+C
1786984456.015,55.9,0.000,0.751,0.880,0.5507,-0.0149,3.89,-1.44351,0.150,0.400,0.000,-0.6432,-0.6841,TRACKING,R+C
1786984456.030,55.9,0.000,0.755,0.878,0.5606,-0.0188,4.64,-1.42933,0.150,0.400,0.000,-0.7172,-0.7612,TRACKING,R+C
1786984456.045,55.9,0.000,0.759,0.875,0.5672,-0.0208,5.72,-1.37033,0.150,0.400,0.000,-0.7681,-0.8143,TRACKING,R+C
1786984456.061,55.9,0.000,0.751,0.875,0.5695,-0.0206,6.12,-1.39729,0.150,0.400,0.000,-0.7824,-0.8298,TRACKING,R+C
1786984456.075,55.9,0.000,0.753,0.871,0.5695,-0.0176,7.06,-1.31297,0.150,0.400,0.000,-0.7648,-0.8112,TRACKING,R+C
1786984456.089,55.9,0.000,0.751,0.868,0.5683,-0.0156,6.61,-1.40571,0.150,0.400,0.000,-0.7381,-0.7844,TRACKING,R+C
1786984456.107,55.9,0.000,0.759,0.863,0.5698,-0.0136,7.79,-1.28981,0.150,0.400,0.000,-0.7372,-0.7829,TRACKING,R+C
1786984456.125,55.9,0.000,0.743,0.855,0.5703,-0.0181,5.79,-1.54451,0.150,0.400,0.000,-0.7609,-0.8091,TRACKING,R+C
1786984456.147,55.9,0.000,0.753,0.859,0.5817,-0.0215,7.92,-1.33927,0.150,0.400,0.000,-0.8389,-0.8895,TRACKING,R+C
1786984456.160,55.9,0.000,0.756,0.848,0.5934,-0.0265,9.63,-1.17324,0.150,0.400,0.000,-0.9195,-0.9731,TRACKING,R+C
1786984456.174,55.9,0.000,0.752,0.848,0.6015,-0.0349,8.81,-1.28811,0.150,0.400,0.000,-0.9886,-1.0000,TRACKING,R+C
1786984456.188,55.9,0.000,0.752,0.851,0.6112,-0.0421,9.44,-1.23816,0.150,0.400,0.000,-1.0000,-1.0000,TRACKING,R+C
1786984456.202,55.9,0.000,0.759,0.840,0.6202,-0.0500,10.09,-1.18859,0.150,0.400,0.000,-1.0000,-1.0000,TRACKING,R+C
1786984456.217,55.9,0.000,0.759,0.840,0.6202,-0.0400,8.07,-0.95087,0.150,0.400,0.000,-1.0000,-1.0000,TRACKING,prediction
1786984456.234,55.9,0.000,0.759,0.840,0.6202,-0.0320,6.46,-0.76070,0.150,0.400,0.000,-1.0000,-1.0000,TRACKING,prediction
1786984456.249,55.9,0.000,0.759,0.840,0.6202,-0.0256,5.17,-0.60856,0.150,0.400,0.000,-1.0000,-1.0000,TRACKING,prediction
1786984456.274,55.9,0.000,0.759,0.840,0.6202,-0.0205,4.13,-0.48684,0.150,0.400,0.000,-1.0000,-1.0000,TRACKING,prediction
1786984456.290,55.9,0.000,0.759,0.840,0.6202,-0.0164,3.31,-0.38948,0.150,0.400,0.000,-1.0000,-1.0000,TRACKING,prediction
1786984456.315,55.9,0.000,0.759,0.840,0.6202,-0.0131,2.65,-0.31158,0.150,0.400,0.000,-1.0000,-1.0000,TRACKING,prediction
1786984456.327,55.9,0.000,0.759,0.840,0.6202,-0.0105,2.12,-0.24926,0.150,0.400,0.000,-1.0000,-1.0000,TRACKING,prediction
1786984456.344,55.9,0.000,0.759,0.840,0.6202,-0.0084,1.69,-0.19941,0.150,0.400,0.000,-1.0000,-1.0000,TRACKING,prediction
1786984456.361,55.9,0.000,0.759,0.840,0.6202,-0.0067,1.35,-0.15953,0.150,0.400,0.000,-1.0000,-1.0000,TRACKING,prediction
1786984456.377,55.9,0.000,0.759,0.840,0.6202,-0.0054,1.08,-0.12762,0.150,0.383,0.000,-1.0000,-1.0000,TRACKING,prediction
1786984456.405,55.9,0.000,0.759,0.840,0.6202,-0.0043,0.87,-0.10210,0.150,0.364,0.000,-1.0000,-1.0000,TRACKING,prediction
1786984456.425,55.9,0.000,0.759,0.840,0.6202,-0.0034,0.69,-0.08168,0.150,0.346,0.000,-1.0000,-1.0000,TRACKING,prediction
1786984456.441,55.9,0.000,0.759,0.840,0.6202,-0.0028,0.55,-0.06534,0.150,0.328,0.000,-1.0000,-1.0000,TRACKING,prediction
1786984456.460,55.9,0.000,0.759,0.840,0.6202,-0.0022,0.44,-0.05227,0.150,0.280,0.000,-1.0000,-1.0000,UNCERTAIN,prediction
1786984456.474,55.9,0.000,0.799,0.825,0.6243,-0.1010,8.23,-1.01436,0.150,0.400,0.000,-1.0000,-1.0000,TRACKING,R+C
1786984456.492,55.9,0.000,0.799,0.825,0.6243,-0.0808,6.58,-0.81149,0.150,0.400,0.000,-1.0000,-1.0000,TRACKING,prediction
1786984456.508,55.9,0.000,0.799,0.825,0.6243,-0.0646,5.27,-0.64919,0.150,0.400,0.000,-1.0000,-1.0000,TRACKING,prediction
1786984456.531,55.9,0.000,0.799,0.825,0.6243,-0.0517,4.21,-0.51935,0.150,0.400,0.000,-1.0000,-1.0000,TRACKING,prediction
1786984456.545,55.9,0.000,0.799,0.825,0.6243,-0.0414,3.37,-0.41548,0.150,0.400,0.000,-1.0000,-1.0000,TRACKING,prediction
1786984456.570,55.9,0.000,0.779,0.829,0.6082,-0.0929,7.91,-0.85358,0.150,0.400,0.000,-1.0000,-1.0000,TRACKING,R+C
1786984456.584,55.9,0.000,0.779,0.829,0.6082,-0.0743,6.33,-0.68286,0.150,0.400,0.000,-1.0000,-1.0000,TRACKING,prediction
1786984456.607,55.9,0.000,0.779,0.829,0.6082,-0.0595,5.06,-0.54629,0.150,0.400,0.000,-1.0000,-1.0000,TRACKING,prediction
1786984456.634,55.9,0.000,0.779,0.829,0.6082,-0.0476,4.05,-0.43703,0.150,0.400,0.000,-1.0000,-1.0000,TRACKING,prediction
1786984456.667,55.9,0.000,0.779,0.829,0.6082,-0.0381,3.24,-0.34963,0.150,0.400,0.000,-1.0000,-1.0000,TRACKING,prediction
1786984456.688,55.9,0.000,0.826,0.837,0.6042,-0.1092,8.16,-0.72590,0.150,0.400,0.000,-1.0000,-1.0000,TRACKING,R+C
1786984456.705,55.9,0.000,0.833,0.831,0.6062,-0.1165,7.40,-0.79114,0.150,0.400,0.000,-1.0000,-1.0000,TRACKING,R+C
1786984456.733,55.9,0.000,0.833,0.831,0.6062,-0.0932,5.92,-0.63291,0.150,0.400,0.000,-1.0000,-1.0000,TRACKING,prediction
1786984456.751,55.9,0.000,0.833,0.831,0.6062,-0.0745,4.73,-0.50633,0.150,0.400,0.000,-1.0000,-1.0000,TRACKING,prediction
1786984456.767,55.9,0.000,0.833,0.831,0.6062,-0.0596,3.79,-0.40506,0.150,0.400,0.000,-1.0000,-1.0000,TRACKING,prediction
1786984456.781,55.9,0.000,0.833,0.831,0.6062,-0.0477,3.03,-0.32405,0.150,0.400,0.000,-1.0000,-1.0000,TRACKING,prediction
1786984456.800,55.9,0.000,0.833,0.831,0.6062,-0.0382,2.42,-0.25924,0.150,0.400,0.000,-1.0000,-1.0000,TRACKING,prediction
1786984456.813,55.9,0.000,0.862,0.823,0.5905,-0.1173,6.34,-0.71185,0.150,0.400,0.000,-1.0000,-1.0000,TRACKING,R+C
1786984456.827,56.6,0.000,0.853,0.830,0.5880,-0.1138,6.21,-0.68510,0.150,0.400,0.000,-1.0000,-1.0000,TRACKING,R+C
1786984456.843,56.6,0.000,0.850,0.834,0.5854,-0.1097,6.07,-0.65889,0.150,0.400,0.000,-1.0000,-1.0000,TRACKING,R+C
1786984456.857,56.6,0.000,0.852,0.839,0.5783,-0.1069,5.04,-0.71406,0.150,0.400,0.000,-1.0000,-1.0000,TRACKING,R+C
1786984456.875,56.6,0.000,0.849,0.843,0.5730,-0.1012,5.62,-0.63439,0.150,0.400,0.000,-1.0000,-1.0000,TRACKING,R+C
1786984456.894,56.6,0.000,0.862,0.845,0.5674,-0.0965,5.72,-0.60059,0.150,0.400,0.000,-1.0000,-1.0000,TRACKING,R+C
1786984456.909,56.6,0.000,0.860,0.860,0.5623,-0.0945,5.30,-0.63740,0.150,0.400,0.000,-1.0000,-1.0000,TRACKING,R+C
1786984456.933,56.6,0.000,0.852,0.858,0.5585,-0.0938,4.85,-0.64939,0.150,0.400,0.000,-1.0000,-1.0000,TRACKING,R+C
1786984456.948,56.6,0.000,0.859,0.859,0.5578,-0.0935,5.08,-0.60970,0.150,0.400,0.000,-1.0000,-1.0000,TRACKING,R+C
1786984456.965,56.6,0.000,0.858,0.857,0.5560,-0.0940,5.09,-0.58868,0.150,0.400,0.000,-1.0000,-1.0000,TRACKING,R+C
1786984456.986,56.6,0.000,0.863,0.855,0.5549,-0.0945,4.74,-0.60732,0.150,0.400,0.000,-1.0000,-1.0000,TRACKING,R+C
1786984457.002,56.6,0.000,0.839,0.860,0.5501,-0.0948,2.63,-0.78581,0.150,0.400,0.000,-1.0000,-1.0000,TRACKING,R+C
1786984457.018,56.6,0.000,0.836,0.865,0.5495,-0.0878,4.03,-0.63548,0.150,0.400,0.000,-1.0000,-1.0000,TRACKING,R+C
1786984457.033,56.6,0.000,0.837,0.874,0.5473,-0.0821,3.66,-0.65104,0.150,0.400,0.000,-1.0000,-1.0000,TRACKING,R+C
1786984457.050,56.6,0.000,0.838,0.883,0.5468,-0.0765,3.82,-0.61265,0.150,0.400,0.000,-1.0000,-1.0000,TRACKING,R+C
1786984457.062,56.6,0.000,0.834,0.879,0.5438,-0.0719,3.35,-0.63911,0.150,0.400,0.000,-1.0000,-1.0000,TRACKING,R+C
1786984457.077,56.6,0.000,0.831,0.879,0.5386,-0.0670,2.95,-0.66338,0.150,0.400,0.000,-1.0000,-1.0000,TRACKING,R+C
1786984457.101,56.6,0.000,0.824,0.892,0.5338,-0.0623,2.22,-0.71602,0.150,0.400,0.000,-1.0000,-1.0000,TRACKING,R+C
1786984457.117,56.6,0.000,0.829,0.896,0.5285,-0.0574,1.80,-0.72639,0.150,0.400,0.000,-0.9745,-1.0000,TRACKING,R+C
1786984457.131,56.6,0.000,0.829,0.903,0.5246,-0.0527,2.09,-0.69728,0.150,0.400,0.000,-0.9341,-0.9755,TRACKING,R+C
1786984457.158,56.6,0.000,0.829,0.911,0.5215,-0.0486,2.54,-0.65443,0.150,0.400,0.000,-0.9010,-0.9406,TRACKING,R+C
1786984457.169,56.6,0.000,0.834,0.911,0.5221,-0.0474,2.46,-0.66040,0.150,0.400,0.000,-0.8878,-0.9268,TRACKING,R+C
1786984457.180,56.6,0.000,0.835,0.910,0.5218,-0.0476,2.74,-0.63703,0.150,0.400,0.000,-0.8943,-0.9335,TRACKING,R+C
1786984457.203,56.6,0.000,0.835,0.910,0.5218,-0.0381,2.19,-0.50962,0.150,0.400,0.000,-0.8943,-0.9335,TRACKING,prediction
1786984457.221,56.6,0.000,0.830,0.910,0.5246,-0.0463,2.50,-0.66610,0.150,0.400,0.000,-0.8784,-0.9171,TRACKING,R+C
1786984457.241,56.6,0.000,0.824,0.915,0.5245,-0.0426,2.58,-0.65207,0.150,0.400,0.000,-0.8386,-0.8755,TRACKING,R+C
1786984457.261,56.6,0.368,0.826,0.894,0.5761,-0.0406,1.96,-0.68644,0.150,0.400,0.000,-0.8039,-0.8392,TRACKING,L+C+R_fused
1786984457.282,56.6,0.620,0.825,0.898,0.5610,-0.0393,2.32,-0.66757,0.150,0.400,0.000,-0.7970,-0.8321,TRACKING,L+C+R_fused
1786984457.304,56.6,0.000,0.824,0.912,0.5313,-0.0414,2.49,-0.65955,0.150,0.400,0.000,-0.8246,-0.8609,TRACKING,R+C
1786984457.326,56.6,0.000,0.824,0.912,0.5313,-0.0331,1.99,-0.52764,0.150,0.400,0.000,-0.8246,-0.8609,TRACKING,prediction
1786984457.341,56.6,0.000,0.828,0.904,0.5346,-0.0447,3.02,-0.63151,0.150,0.400,0.000,-0.8713,-0.9096,TRACKING,R+C
1786984457.360,56.6,0.375,0.820,0.895,0.5355,-0.0429,2.86,-0.65094,0.150,0.400,0.000,-0.8498,-0.8873,TRACKING,L+C+R_fused
1786984457.378,56.6,0.703,0.816,0.891,0.5161,-0.0367,3.01,-0.64347,0.150,0.400,0.000,-0.7839,-0.8187,TRACKING,L+C+R_fused
1786984457.399,56.6,0.594,0.805,0.904,0.4990,-0.0295,2.89,-0.65546,0.150,0.400,0.000,-0.6938,-0.7253,TRACKING,L+C+R_fused
1786984457.416,56.6,0.934,0.802,0.901,0.5233,-0.0220,2.45,-0.68523,0.150,0.400,0.000,-0.5817,-0.6093,TRACKING,L+C+R_fused
1786984457.436,56.6,0.952,0.805,0.906,0.5143,-0.0141,2.28,-0.69524,0.150,0.400,0.000,-0.4595,-0.4832,TRACKING,L+C+R_fused
1786984457.451,56.6,0.959,0.807,0.918,0.5063,-0.0059,2.15,-0.70221,0.150,0.400,0.000,-0.3236,-0.3433,TRACKING,L+C+R_fused
1786984457.474,56.6,0.959,0.799,0.922,0.5013,0.0038,2.30,-0.71116,0.150,0.400,0.000,-0.1650,-0.1806,TRACKING,L+C+R_fused
1786984457.488,56.6,0.948,0.797,0.909,0.4970,0.0125,2.07,-0.73723,0.150,0.400,0.000,-0.0066,-0.0182,TRACKING,L+C+R_fused
1786984457.517,56.6,0.947,0.802,0.914,0.4946,0.0225,2.46,-0.70921,0.150,0.400,0.000,0.1574,0.1503,TRACKING,L+C+R_fused
1786984457.533,56.6,0.943,0.806,0.826,0.4927,0.0304,2.23,-0.74749,0.150,0.400,0.000,0.2972,0.2936,TRACKING,L+C+R_fused
1786984457.550,56.6,0.932,0.808,0.617,0.5561,0.0374,2.61,-0.74508,0.150,0.400,0.000,0.3967,0.3956,TRACKING,L+C+R_fused
1786984457.572,56.6,0.928,0.821,0.372,0.5012,0.0417,2.83,-0.74837,0.150,0.400,0.000,0.4548,0.4552,TRACKING,L+C+R_fused
1786984457.584,56.6,0.937,0.823,0.376,0.4672,0.0419,2.50,-0.80027,0.150,0.400,0.000,0.4625,0.4627,TRACKING,L+C+R_fused
1786984457.601,56.6,0.937,0.816,0.355,0.4726,0.0414,3.08,-0.79947,0.150,0.400,0.000,0.4326,0.4314,TRACKING,L+C+R_fused
1786984457.616,56.6,0.940,0.808,0.359,0.4679,0.0393,3.18,-0.84268,0.150,0.400,0.000,0.3871,0.3840,TRACKING,L+C+R_fused
1786984457.636,56.6,0.932,0.808,0.696,0.4769,0.0370,3.20,-0.87969,0.150,0.400,0.000,0.3426,0.3377,TRACKING,L+C+R_fused
1786984457.652,56.6,0.936,0.806,0.915,0.4742,0.0343,3.06,-0.93635,0.150,0.400,0.000,0.2939,0.2870,TRACKING,L+C+R_fused
1786984457.676,56.6,0.937,0.808,0.929,0.4716,0.0315,2.94,-0.99872,0.150,0.400,0.000,0.2398,0.2307,TRACKING,L+C+R_fused
1786984457.689,56.6,0.939,0.802,0.932,0.4733,0.0283,3.00,-1.01773,0.150,0.400,0.000,0.1801,0.1691,TRACKING,L+C+R_fused
1786984457.706,56.6,0.946,0.811,0.922,0.4738,0.0255,3.58,-0.97083,0.150,0.400,0.000,0.1125,0.0998,TRACKING,L+C+R_fused
1786984457.725,56.6,0.942,0.806,0.913,0.4765,0.0246,3.67,-0.99135,0.150,0.400,0.000,0.0885,0.0747,TRACKING,L+C+R_fused
1786984457.740,56.6,0.935,0.803,0.916,0.4839,0.0253,4.15,-0.97412,0.150,0.400,0.000,0.0831,0.0690,TRACKING,L+C+R_fused
1786984457.755,56.6,0.938,0.796,0.916,0.4877,0.0294,4.45,-0.94372,0.150,0.400,0.000,0.1473,0.1351,TRACKING,L+C+R_fused
1786984457.771,56.6,0.935,0.788,0.912,0.4831,0.0358,4.22,-0.97728,0.150,0.400,0.000,0.2623,0.2530,TRACKING,L+C+R_fused
1786984457.785,56.6,0.928,0.792,0.921,0.4829,0.0430,3.99,-0.99943,0.150,0.400,0.000,0.3869,0.3810,TRACKING,L+C+R_fused
1786984457.804,56.6,0.915,0.792,0.917,0.4820,0.0510,4.17,-0.98448,0.150,0.400,0.000,0.5079,0.5057,TRACKING,L+C+R_fused
1786984457.818,56.6,0.912,0.784,0.351,0.5118,0.0565,3.15,-1.08490,0.150,0.400,0.000,0.6098,0.6104,TRACKING,L+C+R_fused
1786984457.844,56.1,0.912,0.791,0.353,0.4736,0.0627,3.70,-1.04190,0.150,0.400,0.000,0.6804,0.6835,TRACKING,L+C+R_fused
1786984457.858,56.1,0.904,0.780,0.914,0.4829,0.0660,3.33,-1.11652,0.150,0.400,0.000,0.7243,0.7284,TRACKING,L+C+R_fused
1786984457.884,56.1,0.909,0.784,0.933,0.4864,0.0681,3.89,-1.07977,0.150,0.400,0.000,0.7367,0.7413,TRACKING,L+C+R_fused
1786984457.898,56.1,0.906,0.782,0.919,0.4845,0.0705,4.37,-1.05930,0.150,0.400,0.000,0.7537,0.7588,TRACKING,L+C+R_fused
1786984457.924,56.1,0.894,0.780,0.780,0.4881,0.0753,4.80,-1.03813,0.150,0.400,0.000,0.7997,0.8066,TRACKING,L+C+R_fused
1786984457.940,56.1,0.876,0.782,0.646,0.4388,0.0828,5.48,-0.99167,0.150,0.400,0.000,0.8685,0.8784,TRACKING,L+C+R_fused
1786984457.959,56.1,0.890,0.773,0.584,0.4752,0.0873,3.84,-1.15341,0.150,0.400,0.000,0.9378,0.9502,TRACKING,L+C+R_fused
1786984457.976,56.1,0.872,0.777,0.367,0.5161,0.0906,2.55,-1.25849,0.150,0.400,0.000,0.9884,1.0000,TRACKING,L+C+R_fused
1786984457.990,56.1,0.875,0.776,0.331,0.4955,0.0962,3.97,-1.18337,0.150,0.400,0.000,1.0000,1.0000,TRACKING,L+C+R_fused
1786984458.018,56.1,0.876,0.777,0.336,0.5032,0.0985,4.58,-1.16618,0.150,0.400,0.000,1.0000,1.0000,TRACKING,L+C+R_fused
1786984458.033,56.1,0.867,0.767,0.371,0.4520,0.1011,4.20,-1.23433,0.150,0.400,0.000,1.0000,1.0000,TRACKING,L+C+R_fused
1786984458.051,56.1,0.871,0.760,0.369,0.4421,0.1061,3.85,-1.29703,0.150,0.400,0.000,1.0000,1.0000,TRACKING,L+C+R_fused
1786984458.073,56.1,0.854,0.766,0.356,0.3976,0.1130,4.15,-1.28789,0.150,0.400,0.000,1.0000,1.0000,TRACKING,L+C+R_fused
1786984458.099,56.1,0.789,0.759,0.906,0.4537,0.1191,3.49,-1.37962,0.150,0.400,0.000,1.0000,1.0000,TRACKING,L+C+R_fused
1786984458.114,56.1,0.790,0.761,0.909,0.4487,0.1230,2.27,-1.50424,0.150,0.400,0.000,1.0000,1.0000,TRACKING,L+C+R_fused
1786984458.129,56.1,0.814,0.767,0.582,0.4429,0.1282,4.06,-1.40551,0.150,0.400,0.000,1.0000,1.0000,TRACKING,L+C+R_fused
1786984458.146,56.1,0.805,0.750,0.594,0.4280,0.1277,3.37,-1.53581,0.150,0.400,0.000,1.0000,1.0000,TRACKING,L+C+R_fused
1786984458.161,56.1,0.815,0.734,0.625,0.5142,0.1260,2.88,-1.65143,0.150,0.400,0.000,1.0000,1.0000,TRACKING,L+C+R_fused
1786984458.177,56.1,0.810,0.747,0.563,0.5556,0.1245,4.02,-1.60327,0.150,0.400,0.000,1.0000,1.0000,TRACKING,L+C+R_fused
1786984458.204,56.1,0.821,0.753,0.693,0.4490,0.1243,5.35,-1.52026,0.150,0.400,0.000,1.0000,1.0000,TRACKING,L+C+R_fused
1786984458.220,56.1,0.827,0.735,0.639,0.4602,0.1208,4.06,-1.69767,0.150,0.400,0.000,1.0000,1.0000,TRACKING,L+C+R_fused
1786984458.237,56.1,0.842,0.724,0.688,0.4969,0.1175,3.55,-1.84352,0.150,0.400,0.000,1.0000,1.0000,TRACKING,L+C+R_fused
1786984458.251,56.1,0.873,0.732,0.910,0.4985,0.1165,5.87,-1.72108,0.150,0.400,0.000,1.0000,1.0000,TRACKING,L+C+R_fused
1786984458.272,56.1,0.890,0.743,0.922,0.5120,0.1142,7.50,-1.60642,0.150,0.400,0.000,1.0000,1.0000,TRACKING,L+C+R_fused
1786984458.292,56.1,0.937,0.731,0.895,0.5212,0.1117,8.15,-1.59225,0.150,0.400,0.000,1.0000,1.0000,TRACKING,L+C+R_fused
1786984458.307,56.1,0.378,0.729,0.873,0.5105,0.1078,8.35,-1.65146,0.150,0.400,0.000,0.9696,0.9728,TRACKING,L+C+R_fused
1786984458.321,56.1,0.000,0.731,0.887,0.4647,0.1033,8.74,-1.65341,0.150,0.400,0.000,0.9176,0.9178,TRACKING,R+C
1786984458.337,56.1,0.000,0.721,0.881,0.4694,0.0968,7.56,-1.83079,0.150,0.400,0.000,0.8647,0.8612,TRACKING,R+C
1786984458.363,56.1,0.000,0.718,0.872,0.4743,0.0949,10.14,-1.64267,0.150,0.400,0.000,0.7880,0.7812,TRACKING,R+C
1786984458.374,56.1,0.000,0.724,0.867,0.4907,0.0890,11.35,-1.58798,0.150,0.400,0.000,0.6815,0.6702,TRACKING,R+C
1786984458.398,56.1,0.000,0.702,0.860,0.5029,0.0823,9.90,-1.84914,0.150,0.400,0.000,0.6077,0.5917,TRACKING,R+C
1786984458.414,56.1,0.000,0.704,0.852,0.5170,0.0769,11.31,-1.76091,0.150,0.400,0.000,0.4845,0.4643,TRACKING,R+C
1786984458.431,56.1,0.000,0.702,0.845,0.5324,0.0689,11.34,-1.82579,0.150,0.400,0.000,0.3453,0.3200,TRACKING,R+C
1786984458.446,56.1,0.000,0.704,0.835,0.5489,0.0603,11.15,-1.90670,0.150,0.400,0.000,0.1945,0.1641,TRACKING,R+C
1786984458.461,56.1,0.000,0.704,0.835,0.5489,0.0483,8.92,-1.52536,0.150,0.400,0.000,0.1945,0.1641,TRACKING,prediction
1786984458.477,56.1,0.000,0.704,0.835,0.5489,0.0386,7.13,-1.22029,0.150,0.400,0.000,0.1945,0.1641,TRACKING,prediction
1786984458.490,56.1,0.000,0.703,0.817,0.5949,0.0365,15.79,-1.60848,0.150,0.400,0.000,-0.3936,-0.4409,TRACKING,R+C
1786984458.507,56.1,0.000,0.691,0.801,0.6083,0.0260,14.96,-1.76949,0.150,0.400,0.000,-0.5464,-0.5998,TRACKING,R+C
1786984458.520,56.1,0.000,0.685,0.803,0.6235,0.0117,11.73,-2.27573,0.150,0.400,0.000,-0.6906,-0.7515,TRACKING,R+C
1786984458.547,56.1,0.000,0.695,0.810,0.6422,0.0035,13.92,-2.04989,0.150,0.400,0.000,-0.8345,-0.9002,TRACKING,R+C
1786984458.562,56.1,0.000,0.691,0.796,0.6575,-0.0065,13.96,-2.14845,0.150,0.400,0.000,-0.9489,-1.0000,TRACKING,R+C
1786984458.577,56.1,0.000,0.691,0.796,0.6575,-0.0052,11.17,-1.71876,0.150,0.400,0.000,-0.9489,-1.0000,TRACKING,prediction
1786984458.592,56.1,0.000,0.691,0.796,0.6575,-0.0042,8.93,-1.37501,0.150,0.400,0.000,-0.9489,-1.0000,TRACKING,prediction
1786984458.605,56.1,0.000,0.718,0.783,0.6954,-0.0299,15.57,-2.01572,0.150,0.400,0.000,-1.0000,-1.0000,TRACKING,R+C
1786984458.618,56.1,0.000,0.724,0.780,0.7009,-0.0314,17.19,-1.80683,0.150,0.400,0.000,-1.0000,-1.0000,TRACKING,R+C
1786984458.642,56.1,0.000,0.724,0.780,0.7009,-0.0251,13.75,-1.44547,0.150,0.400,0.000,-1.0000,-1.0000,TRACKING,prediction
1786984458.657,56.1,0.000,0.727,0.773,0.6982,-0.0319,20.79,-1.26155,0.150,0.400,0.000,-1.0000,-1.0000,TRACKING,R+C
1786984458.685,56.1,0.000,0.727,0.773,0.6982,-0.0255,16.64,-1.00924,0.150,0.400,0.000,-1.0000,-1.0000,TRACKING,prediction
1786984458.700,56.1,0.000,0.727,0.773,0.6982,-0.0204,13.31,-0.80739,0.150,0.400,0.000,-1.0000,-1.0000,TRACKING,prediction
1786984458.719,56.1,0.000,0.727,0.773,0.6982,-0.0163,10.65,-0.64592,0.150,0.400,0.000,-1.0000,-1.0000,TRACKING,prediction
1786984458.736,56.1,0.000,0.727,0.773,0.6982,-0.0131,8.52,-0.51673,0.150,0.400,0.000,-1.0000,-1.0000,TRACKING,prediction
1786984458.765,56.1,0.000,0.727,0.773,0.6982,-0.0105,6.81,-0.41339,0.150,0.400,0.000,-1.0000,-1.0000,TRACKING,prediction
1786984458.781,56.1,0.000,0.727,0.773,0.6982,-0.0084,5.45,-0.33071,0.150,0.400,0.000,-1.0000,-1.0000,TRACKING,prediction
1786984458.794,56.1,0.000,0.727,0.773,0.6982,-0.0067,4.36,-0.26457,0.150,0.400,0.000,-1.0000,-1.0000,TRACKING,prediction
1786984458.810,56.1,0.000,0.727,0.773,0.6982,-0.0054,3.49,-0.21165,0.150,0.398,0.000,-1.0000,-1.0000,TRACKING,prediction
1786984458.831,56.1,0.000,0.727,0.773,0.6982,-0.0043,2.79,-0.16932,0.150,0.378,0.000,-1.0000,-1.0000,TRACKING,prediction
1786984458.849,55.7,0.000,0.727,0.773,0.6982,-0.0034,2.23,-0.13546,0.150,0.359,0.000,-1.0000,-1.0000,TRACKING,prediction
1786984458.863,55.7,0.000,0.727,0.773,0.6982,-0.0027,1.79,-0.10837,0.150,0.341,0.000,-1.0000,-1.0000,TRACKING,prediction
1786984458.880,55.7,0.000,0.727,0.773,0.6982,-0.0022,1.43,-0.08669,0.150,0.324,0.000,-1.0000,-1.0000,TRACKING,prediction
1786984458.904,55.7,0.000,0.727,0.773,0.6982,-0.0018,1.14,-0.06935,0.150,0.280,0.000,-1.0000,-1.0000,UNCERTAIN,prediction
1786984458.925,55.7,0.000,0.727,0.773,0.6982,-0.0014,0.91,-0.05548,0.150,0.280,0.000,-1.0000,-1.0000,UNCERTAIN,prediction
1786984458.942,55.7,0.000,0.727,0.773,0.6982,-0.0011,0.73,-0.04439,0.150,0.278,0.000,-1.0000,-1.0000,UNCERTAIN,prediction
1786984458.972,55.7,0.000,0.727,0.773,0.6982,-0.0009,0.59,-0.03551,0.150,0.264,0.000,-1.0000,-1.0000,UNCERTAIN,prediction
1786984459.000,55.7,0.000,0.727,0.773,0.6982,-0.0007,0.47,-0.02841,0.150,0.251,0.000,-1.0000,-1.0000,UNCERTAIN,prediction
1786984459.015,55.7,0.000,0.727,0.773,0.6982,-0.0006,0.37,-0.02273,0.150,0.238,0.000,-1.0000,-1.0000,UNCERTAIN,prediction
1786984459.032,55.7,0.000,0.727,0.773,0.6982,-0.0005,0.30,-0.01818,0.150,0.226,0.000,-1.0000,-1.0000,UNCERTAIN,prediction
1786984459.051,55.7,0.000,0.727,0.773,0.6982,-0.0004,0.24,-0.01454,0.150,0.215,0.000,-1.0000,-1.0000,UNCERTAIN,prediction
1786984459.065,55.7,0.000,0.727,0.773,0.6982,-0.0003,0.19,-0.01164,0.150,0.204,0.000,-1.0000,-1.0000,UNCERTAIN,prediction
1786984459.082,55.7,0.000,0.727,0.773,0.6982,-0.0002,0.15,-0.00931,0.150,0.194,0.000,-1.0000,-1.0000,UNCERTAIN,prediction
1786984459.097,55.7,0.000,0.847,0.808,0.6196,-0.0824,11.49,-0.00344,0.200,0.400,0.000,-0.9662,-1.0000,TRACKING,R+C
1786984459.115,55.7,0.000,0.847,0.808,0.6196,-0.0659,9.19,-0.00275,0.200,0.400,0.000,-0.9662,-1.0000,TRACKING,prediction
1786984459.134,55.7,0.000,0.847,0.808,0.6196,-0.0527,7.35,-0.00220,0.200,0.400,0.000,-0.9662,-1.0000,TRACKING,prediction
1786984459.148,55.7,0.000,0.814,0.823,0.5971,-0.0710,10.28,0.03809,0.196,0.400,0.000,-0.8973,-0.9503,TRACKING,R+C
1786984459.164,55.7,0.000,0.814,0.823,0.5971,-0.0568,8.22,0.03047,0.196,0.400,0.000,-0.8973,-0.9503,TRACKING,prediction
1786984459.190,55.7,0.000,0.814,0.823,0.5971,-0.0454,6.58,0.02438,0.196,0.400,0.000,-0.8973,-0.9503,TRACKING,prediction
1786984459.204,55.7,0.000,0.804,0.835,0.5708,-0.0609,7.03,-0.10377,0.190,0.400,0.000,-0.8201,-0.8644,TRACKING,R+C
1786984459.222,55.7,0.000,0.804,0.835,0.5708,-0.0487,5.62,-0.08301,0.190,0.400,0.000,-0.8201,-0.8644,TRACKING,prediction
1786984459.244,55.7,0.000,0.804,0.835,0.5708,-0.0390,4.50,-0.06641,0.190,0.400,0.000,-0.8201,-0.8644,TRACKING,prediction
1786984459.259,55.7,0.371,0.795,0.852,0.4942,-0.0488,5.40,-0.14671,0.185,0.400,0.000,-0.7199,-0.7561,TRACKING,L+C+R_fused
1786984459.275,55.7,0.371,0.795,0.852,0.4942,-0.0390,4.32,-0.11737,0.185,0.400,0.000,-0.7199,-0.7561,TRACKING,prediction
1786984459.294,55.7,0.371,0.795,0.852,0.4942,-0.0312,3.46,-0.09389,0.185,0.400,0.000,-0.7199,-0.7561,TRACKING,prediction
1786984459.307,55.7,0.000,0.776,0.852,0.5412,-0.0566,1.87,-0.44922,0.155,0.400,0.000,-0.9009,-0.9393,TRACKING,R+C
1786984459.323,55.7,0.000,0.780,0.843,0.5420,-0.0603,1.26,-0.52340,0.150,0.400,0.000,-0.9693,-1.0000,TRACKING,R+C
1786984459.337,55.7,0.000,0.772,0.841,0.5454,-0.0642,0.65,-0.57454,0.150,0.400,0.000,-0.9947,-1.0000,TRACKING,R+C
1786984459.352,55.7,0.000,0.737,0.844,0.5448,-0.0693,-2.32,-0.88980,0.150,0.400,0.000,-1.0000,-1.0000,TRACKING,R+C
1786984459.368,55.7,0.000,0.703,0.822,0.5427,-0.0747,-6.21,-1.25602,0.150,0.400,0.000,-0.9991,-1.0000,TRACKING,R+C
1786984459.390,55.7,0.000,0.772,0.842,0.5447,-0.0738,-3.44,-0.94009,0.150,0.400,0.000,-1.0000,-1.0000,TRACKING,R+C
1786984459.405,55.7,0.000,0.763,0.834,0.5415,-0.0690,-3.02,-0.94758,0.150,0.400,0.000,-0.9899,-1.0000,TRACKING,R+C
1786984459.422,55.7,0.000,0.771,0.851,0.5356,-0.0633,-4.20,-1.11124,0.150,0.400,0.000,-0.9266,-0.9682,TRACKING,R+C
1786984459.437,55.7,0.000,0.746,0.861,0.5272,-0.0578,-6.88,-1.37819,0.150,0.400,0.000,-0.8300,-0.8689,TRACKING,R+C
1786984459.450,55.7,0.000,0.738,0.867,0.5220,-0.0508,-8.14,-1.50558,0.150,0.400,0.000,-0.7281,-0.7639,TRACKING,R+C
1786984459.465,55.7,0.000,0.742,0.876,0.5135,-0.0443,-10.20,-1.67564,0.150,0.400,0.000,-0.5996,-0.6318,TRACKING,R+C
1786984459.483,55.7,0.000,0.761,0.880,0.5044,-0.0347,-10.37,-1.70900,0.150,0.400,0.000,-0.4574,-0.4855,TRACKING,R+C
1786984459.500,55.7,0.000,0.744,0.887,0.4980,-0.0232,-9.91,-1.76025,0.150,0.400,0.000,-0.2980,-0.3224,TRACKING,R+C
1786984459.523,55.7,0.000,0.753,0.896,0.4901,-0.0128,-9.89,-1.83112,0.150,0.400,0.000,-0.1332,-0.1541,TRACKING,R+C
1786984459.541,55.7,0.376,0.761,0.899,0.4678,-0.0025,-10.15,-1.90150,0.150,0.400,0.000,0.0467,0.0297,TRACKING,L+C+R_fused
1786984459.569,55.7,0.946,0.771,0.904,0.4835,0.0075,-9.75,-1.90205,0.150,0.400,0.000,0.2051,0.1922,TRACKING,L+C+R_fused
1786984459.592,55.7,0.952,0.780,0.905,0.5077,0.0170,-10.27,-1.98410,0.150,0.400,0.000,0.3703,0.3611,TRACKING,L+C+R_fused
1786984459.607,55.7,0.943,0.789,0.917,0.5046,0.0289,-9.24,-1.97544,0.150,0.400,0.000,0.5195,0.5143,TRACKING,L+C+R_fused
1786984459.628,55.7,0.933,0.784,0.914,0.5025,0.0421,-6.93,-1.92102,0.150,0.400,0.000,0.6362,0.6342,TRACKING,L+C+R_fused
1786984459.655,55.7,0.936,0.784,0.917,0.5051,0.0529,-4.48,-1.83118,0.150,0.400,0.000,0.7117,0.7119,TRACKING,L+C+R_fused
1786984459.669,55.7,0.939,0.801,0.916,0.5056,0.0496,-7.07,-1.99632,0.150,0.400,0.000,0.7275,0.7278,TRACKING,L+C+R_fused
1786984459.684,55.7,0.943,0.797,0.918,0.5020,0.0540,-4.71,-1.94828,0.150,0.400,0.000,0.7180,0.7171,TRACKING,L+C+R_fused
1786984459.700,55.7,0.945,0.793,0.918,0.5005,0.0563,-2.34,-1.87102,0.150,0.400,0.000,0.6827,0.6798,TRACKING,L+C+R_fused
1786984459.714,55.7,0.000,0.792,0.920,0.4570,0.0575,0.02,-1.76029,0.150,0.400,0.000,0.6355,0.6306,TRACKING,R+C
1786984459.738,55.7,0.000,0.791,0.915,0.4673,0.0562,1.00,-1.73618,0.150,0.400,0.000,0.5864,0.5794,TRACKING,R+C
1786984459.754,55.7,0.000,0.791,0.915,0.4673,0.0449,0.80,-1.38894,0.150,0.400,0.000,0.5864,0.5794,TRACKING,prediction
1786984459.779,55.7,0.000,0.789,0.911,0.4803,0.0541,3.58,-1.67212,0.150,0.400,0.000,0.4678,0.4557,TRACKING,R+C
1786984459.791,55.7,0.000,0.786,0.907,0.5003,0.0513,4.49,-1.64651,0.150,0.400,0.000,0.3913,0.3765,TRACKING,R+C
1786984459.808,55.7,0.000,0.786,0.907,0.5003,0.0410,3.59,-1.31721,0.150,0.400,0.000,0.3913,0.3765,TRACKING,prediction
1786984459.822,55.7,0.000,0.773,0.907,0.5199,0.0478,9.03,-1.35248,0.150,0.400,0.000,0.1819,0.1610,TRACKING,R+C
1786984459.841,55.7,0.000,0.765,0.891,0.5371,0.0443,10.57,-1.23985,0.150,0.400,0.000,0.0684,0.0445,TRACKING,R+C
1786984459.856,55.6,0.000,0.757,0.889,0.5397,0.0385,10.34,-1.34577,0.150,0.400,0.000,-0.0439,-0.0719,TRACKING,R+C
1786984459.868,55.6,0.000,0.761,0.884,0.5550,0.0347,13.43,-1.02683,0.150,0.400,0.000,-0.1991,-0.2299,TRACKING,R+C
1786984459.884,55.6,0.000,0.750,0.876,0.5643,0.0275,12.50,-1.22655,0.150,0.400,0.000,-0.3154,-0.3514,TRACKING,R+C
1786984459.899,55.6,0.000,0.764,0.866,0.5807,0.0173,11.14,-1.42540,0.150,0.400,0.000,-0.4536,-0.4950,TRACKING,R+C
1786984459.915,55.6,0.000,0.764,0.865,0.5927,0.0064,10.67,-1.47516,0.150,0.400,0.000,-0.6039,-0.6502,TRACKING,R+C
1786984459.939,55.6,0.000,0.761,0.856,0.6068,-0.0008,12.11,-1.36838,0.150,0.400,0.000,-0.7354,-0.7864,TRACKING,R+C
1786984459.958,55.6,0.000,0.761,0.847,0.6167,-0.0108,12.05,-1.38561,0.150,0.400,0.000,-0.8504,-0.9063,TRACKING,R+C
1786984459.982,55.6,0.000,0.760,0.845,0.6279,-0.0190,13.11,-1.28907,0.150,0.400,0.000,-0.9518,-1.0000,TRACKING,R+C
1786984460.001,55.6,0.000,0.760,0.838,0.6404,-0.0289,13.13,-1.28554,0.150,0.400,0.000,-1.0000,-1.0000,TRACKING,R+C
1786984460.014,55.6,0.000,0.752,0.814,0.6507,-0.0371,14.35,-1.18683,0.150,0.400,0.000,-1.0000,-1.0000,TRACKING,R+C
1786984460.031,55.6,0.000,0.752,0.814,0.6507,-0.0297,11.48,-0.94947,0.150,0.400,0.000,-1.0000,-1.0000,TRACKING,prediction
1786984460.050,55.6,0.000,0.767,0.816,0.6704,-0.0558,15.19,-1.07812,0.150,0.400,0.000,-1.0000,-1.0000,TRACKING,R+C
1786984460.066,55.6,0.000,0.784,0.811,0.6794,-0.0635,15.53,-1.00119,0.150,0.400,0.000,-1.0000,-1.0000,TRACKING,R+C
1786984460.082,55.6,0.000,0.791,0.801,0.6844,-0.0684,15.98,-0.91331,0.150,0.400,0.000,-1.0000,-1.0000,TRACKING,R+C
1786984460.099,55.6,0.000,0.791,0.801,0.6844,-0.0547,12.79,-0.73065,0.150,0.400,0.000,-1.0000,-1.0000,TRACKING,prediction
1786984460.111,55.6,0.000,0.801,0.799,0.6841,-0.0745,16.56,-0.74717,0.150,0.400,0.000,-1.0000,-1.0000,TRACKING,R+C
1786984460.127,55.6,0.000,0.801,0.799,0.6841,-0.0596,13.25,-0.59774,0.150,0.400,0.000,-1.0000,-1.0000,TRACKING,prediction
1786984460.153,55.6,0.000,0.801,0.799,0.6841,-0.0477,10.60,-0.47819,0.150,0.400,0.000,-1.0000,-1.0000,TRACKING,prediction
1786984460.166,55.6,0.000,0.801,0.799,0.6841,-0.0382,8.48,-0.38255,0.150,0.400,0.000,-1.0000,-1.0000,TRACKING,prediction
1786984460.190,55.6,0.000,0.812,0.780,0.6977,-0.1136,14.65,-0.83002,0.150,0.400,0.000,-1.0000,-1.0000,TRACKING,R+C
1786984460.207,55.6,0.000,0.812,0.780,0.6977,-0.0909,11.72,-0.66402,0.150,0.400,0.000,-1.0000,-1.0000,TRACKING,prediction
1786984460.233,55.6,0.000,0.812,0.780,0.6977,-0.0727,9.37,-0.53121,0.150,0.400,0.000,-1.0000,-1.0000,TRACKING,prediction
1786984460.261,55.6,0.000,0.812,0.780,0.6977,-0.0582,7.50,-0.42497,0.150,0.400,0.000,-1.0000,-1.0000,TRACKING,prediction
1786984460.274,55.6,0.000,0.812,0.780,0.6977,-0.0465,6.00,-0.33998,0.150,0.400,0.000,-1.0000,-1.0000,TRACKING,prediction
1786984460.294,55.6,0.000,0.840,0.740,0.6907,-0.1710,16.47,-0.26725,0.173,0.400,0.000,-1.0000,-1.0000,TRACKING,R+C
1786984460.311,55.6,0.000,0.840,0.740,0.6907,-0.1368,13.18,-0.21380,0.173,0.400,0.000,-1.0000,-1.0000,TRACKING,prediction
1786984460.325,55.6,0.000,0.840,0.740,0.6907,-0.1095,10.54,-0.17104,0.173,0.400,0.000,-1.0000,-1.0000,TRACKING,prediction
1786984460.342,55.6,0.000,0.840,0.740,0.6907,-0.0876,8.44,-0.13683,0.173,0.400,0.000,-1.0000,-1.0000,TRACKING,prediction
1786984460.356,55.6,0.000,0.840,0.740,0.6907,-0.0701,6.75,-0.10947,0.173,0.400,0.000,-1.0000,-1.0000,TRACKING,prediction
1786984460.368,55.6,0.000,0.840,0.740,0.6907,-0.0560,5.40,-0.08757,0.173,0.400,0.000,-1.0000,-1.0000,TRACKING,prediction
1786984460.390,55.6,0.000,0.840,0.740,0.6907,-0.0448,4.32,-0.07006,0.173,0.400,0.000,-1.0000,-1.0000,TRACKING,prediction
1786984460.402,55.6,0.000,0.000,0.686,0.6907,-0.2090,40.67,-0.27740,0.172,0.275,0.000,-1.0000,-1.0000,UNCERTAIN,R_only
1786984460.418,55.6,0.000,0.702,0.000,0.6907,0.1094,38.76,-0.38431,0.162,0.400,0.000,-0.2214,-0.2742,TRACKING,C_only
1786984460.435,55.6,0.000,0.709,0.000,0.6907,0.0867,37.77,-0.40525,0.159,0.400,0.000,-0.4973,-0.5573,TRACKING,C_only
1786984460.450,55.6,0.000,0.706,0.000,0.6907,0.0701,37.82,-0.32113,0.168,0.400,0.000,-0.6286,-0.6935,TRACKING,C_only
1786984460.465,55.6,0.000,0.714,0.000,0.6907,0.0562,37.04,-0.28414,0.172,0.400,0.000,-0.7060,-0.7736,TRACKING,C_only
1786984460.481,55.6,0.000,0.726,0.000,0.6907,0.0430,36.04,-0.27027,0.173,0.400,0.000,-0.7779,-0.8479,TRACKING,C_only
1786984460.496,55.6,0.000,0.735,0.000,0.6907,0.0330,35.14,-0.25461,0.175,0.400,0.000,-0.8194,-0.8909,TRACKING,C_only
1786984460.521,55.6,0.000,0.741,0.000,0.6907,0.0232,34.14,-0.24616,0.175,0.400,0.000,-0.8592,-0.9320,TRACKING,C_only
1786984460.537,55.6,0.000,0.749,0.000,0.6907,0.0135,32.95,-0.26846,0.173,0.400,0.000,-0.9178,-0.9922,TRACKING,C_only
1786984460.551,55.6,0.000,0.755,0.000,0.6907,0.0053,32.07,-0.24130,0.176,0.400,0.000,-0.9304,-1.0000,TRACKING,C_only
1786984460.567,55.6,0.000,0.765,0.000,0.6907,-0.0019,30.78,-0.26929,0.173,0.400,0.000,-0.9718,-1.0000,TRACKING,C_only
1786984460.583,55.6,0.000,0.779,0.000,0.6907,-0.0088,29.91,-0.23733,0.176,0.400,0.000,-0.9706,-1.0000,TRACKING,C_only
1786984460.599,55.6,0.000,0.790,0.000,0.6907,-0.0150,28.88,-0.23434,0.177,0.400,0.000,-0.9855,-1.0000,TRACKING,C_only
1786984460.610,55.6,0.000,0.793,0.000,0.6907,-0.0206,27.85,-0.23509,0.176,0.400,0.000,-0.9996,-1.0000,TRACKING,C_only
1786984460.624,55.6,0.000,0.807,0.000,0.6907,-0.0271,25.67,-0.37228,0.163,0.400,0.000,-1.0000,-1.0000,TRACKING,C_only
1786984460.648,55.6,0.000,0.808,0.000,0.6907,-0.0301,25.91,-0.26251,0.174,0.400,0.000,-1.0000,-1.0000,TRACKING,C_only
1786984460.665,55.6,0.000,0.804,0.000,0.6907,-0.0344,24.78,-0.29071,0.171,0.400,0.000,-1.0000,-1.0000,TRACKING,C_only
1786984460.681,55.6,0.000,0.811,0.000,0.6907,-0.0381,23.09,-0.39361,0.161,0.400,0.000,-1.0000,-1.0000,TRACKING,C_only
1786984460.696,55.6,0.000,0.809,0.000,0.6907,-0.0389,22.80,-0.31002,0.169,0.400,0.000,-1.0000,-1.0000,TRACKING,C_only
1786984460.706,55.6,0.000,0.807,0.000,0.6907,-0.0395,22.39,-0.27234,0.173,0.400,0.000,-1.0000,-1.0000,TRACKING,C_only
1786984460.720,55.6,0.000,0.810,0.000,0.6907,-0.0406,21.60,-0.26741,0.173,0.400,0.000,-1.0000,-1.0000,TRACKING,C_only
1786984460.736,55.6,0.000,0.815,0.000,0.6907,-0.0417,20.63,-0.29711,0.170,0.400,0.000,-1.0000,-1.0000,TRACKING,C_only
1786984460.748,55.6,0.000,0.823,0.000,0.6907,-0.0420,19.85,-0.30417,0.170,0.400,0.000,-1.0000,-1.0000,TRACKING,C_only
1786984460.770,55.6,0.000,0.828,0.000,0.6907,-0.0422,19.57,-0.25215,0.175,0.400,0.000,-0.9887,-1.0000,TRACKING,C_only
1786984460.782,55.6,0.000,0.829,0.000,0.6907,-0.0429,18.85,-0.24030,0.176,0.400,0.000,-0.9701,-1.0000,TRACKING,C_only
1786984460.797,55.6,0.000,0.832,0.000,0.6907,-0.0415,18.70,-0.18089,0.182,0.400,0.000,-1.0000,-1.0000,TRACKING,C_only
1786984460.807,55.6,0.000,0.834,0.000,0.6907,-0.0413,17.33,-0.31719,0.168,0.400,0.000,-0.9926,-1.0000,TRACKING,C_only
1786984460.825,55.6,0.000,0.840,0.000,0.6907,-0.0400,16.67,-0.31555,0.168,0.400,0.000,-0.9684,-1.0000,TRACKING,C_only
1786984460.839,55.6,0.000,0.849,0.000,0.6907,-0.0385,15.69,-0.37238,0.163,0.400,0.000,-0.9853,-1.0000,TRACKING,C_only
1786984460.855,55.6,0.000,0.848,0.000,0.6907,-0.0372,14.99,-0.37783,0.162,0.400,0.000,-0.9654,-1.0000,TRACKING,C_only
1786984460.865,60.4,0.000,0.853,0.000,0.6907,-0.0355,14.70,-0.35094,0.165,0.400,0.000,-0.9224,-0.9757,TRACKING,C_only
1786984460.883,60.4,0.000,0.858,0.000,0.6907,-0.0345,14.39,-0.34902,0.165,0.400,0.000,-0.9061,-0.9582,TRACKING,C_only
1786984460.897,60.4,0.000,0.856,0.000,0.6907,-0.0325,14.14,-0.33317,0.167,0.400,0.000,-0.8698,-0.9200,TRACKING,C_only
1786984460.909,60.4,0.000,0.857,0.000,0.6907,-0.0304,13.87,-0.30543,0.169,0.400,0.000,-0.8226,-0.8707,TRACKING,C_only
1786984460.920,60.4,0.000,0.866,0.000,0.6907,-0.0276,13.58,-0.30799,0.169,0.400,0.000,-0.7929,-0.8391,TRACKING,C_only
1786984460.930,60.4,0.000,0.868,0.000,0.6907,-0.0245,13.12,-0.31626,0.168,0.400,0.000,-0.7591,-0.8030,TRACKING,C_only
1786984460.943,60.4,0.000,0.869,0.000,0.6907,-0.0216,13.19,-0.26454,0.174,0.400,0.000,-0.6934,-0.7352,TRACKING,C_only
1786984460.959,60.4,0.000,0.873,0.000,0.6907,-0.0186,12.58,-0.31333,0.169,0.400,0.000,-0.6850,-0.7250,TRACKING,C_only
1786984460.982,60.4,0.000,0.868,0.000,0.6907,-0.0151,12.09,-0.34575,0.165,0.400,0.000,-0.6594,-0.6973,TRACKING,C_only
1786984461.007,60.4,0.000,0.882,0.000,0.6907,-0.0119,11.70,-0.35563,0.164,0.400,0.000,-0.6190,-0.6547,TRACKING,C_only
1786984461.031,60.4,0.000,0.883,0.000,0.6907,-0.0077,11.29,-0.37713,0.162,0.400,0.000,-0.5721,-0.6054,TRACKING,C_only
1786984461.042,60.4,0.000,0.883,0.000,0.6907,-0.0061,9.03,-0.30171,0.162,0.400,0.000,-0.5721,-0.6054,TRACKING,prediction
