timestamp,fps,left_conf,center_conf,right_conf,lane_width_m,lateral_error_m,heading_error_deg,curvature,lookahead_m,target_speed,actual_speed,steer_raw,steer_filtered,tracking_state,reconstruction_method
1786981844.848,0.0,0.889,0.957,0.948,0.4370,-0.0179,1.17,-0.79806,0.150,0.180,0.000,-0.4915,-0.4312,TRACKING,L+C+R_fused
1786981844.949,0.0,0.889,0.957,0.948,0.4362,-0.0179,1.22,-0.78700,0.150,0.180,0.000,-0.4916,-0.4922,TRACKING,L+C+R_fused
1786981844.968,0.0,0.887,0.959,0.947,0.4346,-0.0176,2.10,-0.63606,0.150,0.180,0.000,-0.4966,-0.5053,TRACKING,L+C+R_fused
1786981844.980,0.0,0.883,0.959,0.948,0.4413,-0.0177,1.76,-0.69672,0.150,0.180,0.000,-0.4948,-0.5061,TRACKING,L+C+R_fused
1786981844.986,0.0,0.886,0.959,0.947,0.4357,-0.0177,1.91,-0.67375,0.150,0.180,0.000,-0.4958,-0.5069,TRACKING,L+C+R_fused
1786981845.011,0.0,0.884,0.958,0.947,0.4379,-0.0176,1.56,-0.77414,0.150,0.180,0.000,-0.4977,-0.5092,TRACKING,L+C+R_fused
1786981845.018,0.0,0.885,0.958,0.947,0.4373,-0.0176,1.56,-0.77414,0.150,0.180,0.000,-0.4977,-0.5095,TRACKING,L+C+R_fused
1786981845.034,0.0,0.880,0.958,0.947,0.4295,-0.0175,1.98,-0.64933,0.150,0.180,0.000,-0.4920,-0.5039,TRACKING,L+C+R_fused
1786981845.053,0.0,0.879,0.958,0.947,0.4277,-0.0175,1.84,-0.68559,0.150,0.180,0.000,-0.4932,-0.5045,TRACKING,L+C+R_fused
1786981845.077,0.0,0.881,0.958,0.947,0.4300,-0.0175,1.84,-0.68559,0.150,0.180,0.000,-0.4932,-0.5045,TRACKING,L+C+R_fused
1786981845.092,0.0,0.877,0.958,0.947,0.4372,-0.0176,1.55,-0.78189,0.150,0.180,0.000,-0.4983,-0.5094,TRACKING,L+C+R_fused
1786981845.107,0.0,0.884,0.958,0.946,0.4342,-0.0176,1.55,-0.78189,0.150,0.180,0.000,-0.4983,-0.5100,TRACKING,L+C+R_fused
1786981845.122,0.0,0.884,0.958,0.947,0.4360,-0.0176,1.50,-0.79420,0.150,0.180,0.000,-0.4987,-0.5106,TRACKING,L+C+R_fused
1786981845.139,0.0,0.885,0.958,0.947,0.4356,-0.0176,1.50,-0.79420,0.150,0.180,0.000,-0.4987,-0.5106,TRACKING,L+C+R_fused
1786981845.149,0.0,0.884,0.958,0.947,0.4342,-0.0176,1.50,-0.79420,0.150,0.180,0.000,-0.4987,-0.5107,TRACKING,L+C+R_fused
1786981845.164,0.0,0.882,0.958,0.947,0.4355,-0.0176,1.50,-0.79420,0.150,0.180,0.000,-0.4987,-0.5107,TRACKING,L+C+R_fused
1786981845.190,0.0,0.884,0.958,0.947,0.4352,-0.0176,1.50,-0.79420,0.150,0.180,0.000,-0.4987,-0.5107,TRACKING,L+C+R_fused
1786981845.212,0.0,0.882,0.958,0.945,0.4359,-0.0176,1.50,-0.79420,0.150,0.180,0.000,-0.4987,-0.5107,TRACKING,L+C+R_fused
1786981845.234,0.0,0.881,0.958,0.945,0.4334,-0.0177,1.35,-0.83579,0.150,0.180,0.000,-0.5004,-0.5123,TRACKING,L+C+R_fused
1786981845.252,0.0,0.879,0.958,0.944,0.4309,-0.0177,1.35,-0.83579,0.150,0.180,0.000,-0.5004,-0.5125,TRACKING,L+C+R_fused
1786981845.271,0.0,0.889,0.958,0.944,0.4390,-0.0178,1.13,-0.90135,0.150,0.180,0.000,-0.5031,-0.5152,TRACKING,L+C+R_fused
1786981845.288,0.0,0.890,0.958,0.945,0.4361,-0.0178,1.13,-0.90135,0.150,0.180,0.000,-0.5031,-0.5155,TRACKING,L+C+R_fused
1786981845.302,0.0,0.892,0.958,0.944,0.4370,-0.0178,1.13,-0.90135,0.150,0.180,0.000,-0.5031,-0.5156,TRACKING,L+C+R_fused
1786981845.316,0.0,0.893,0.958,0.944,0.4345,-0.0178,1.13,-0.90135,0.150,0.180,0.000,-0.5031,-0.5156,TRACKING,L+C+R_fused
1786981845.334,0.0,0.890,0.958,0.945,0.4339,-0.0178,1.13,-0.90135,0.150,0.180,0.000,-0.5031,-0.5156,TRACKING,L+C+R_fused
1786981845.345,0.0,0.887,0.958,0.944,0.4373,-0.0178,1.13,-0.90135,0.150,0.180,0.000,-0.5031,-0.5156,TRACKING,L+C+R_fused
1786981845.363,0.0,0.889,0.958,0.944,0.4380,-0.0178,1.13,-0.90135,0.150,0.180,0.000,-0.5031,-0.5156,TRACKING,L+C+R_fused
1786981845.385,0.0,0.889,0.958,0.945,0.4370,-0.0178,1.13,-0.90135,0.150,0.180,0.000,-0.5031,-0.5156,TRACKING,L+C+R_fused
1786981845.406,0.0,0.883,0.958,0.946,0.4421,-0.0178,1.13,-0.90135,0.150,0.180,0.000,-0.5031,-0.5156,TRACKING,L+C+R_fused
1786981845.424,0.0,0.891,0.958,0.946,0.4348,-0.0178,1.13,-0.90135,0.150,0.180,0.000,-0.5031,-0.5156,TRACKING,L+C+R_fused
1786981845.434,0.0,0.887,0.958,0.946,0.4368,-0.0178,1.13,-0.90135,0.150,0.180,0.000,-0.5031,-0.5156,TRACKING,L+C+R_fused
1786981845.456,0.0,0.889,0.958,0.946,0.4393,-0.0178,1.13,-0.90135,0.150,0.180,0.000,-0.5031,-0.5156,TRACKING,L+C+R_fused
1786981845.482,0.0,0.888,0.958,0.946,0.4382,-0.0178,1.13,-0.90135,0.150,0.180,0.000,-0.5031,-0.5156,TRACKING,L+C+R_fused
1786981845.498,0.0,0.891,0.958,0.945,0.4343,-0.0177,1.35,-0.83579,0.150,0.180,0.000,-0.5004,-0.5129,TRACKING,L+C+R_fused
1786981845.514,0.0,0.889,0.958,0.946,0.4369,-0.0177,1.35,-0.83579,0.150,0.180,0.000,-0.5004,-0.5126,TRACKING,L+C+R_fused
1786981845.530,0.0,0.891,0.958,0.946,0.4342,-0.0177,1.35,-0.83579,0.150,0.180,0.000,-0.5004,-0.5125,TRACKING,L+C+R_fused
1786981845.546,0.0,0.887,0.959,0.946,0.4370,-0.0176,1.65,-0.78584,0.150,0.180,0.000,-0.5021,-0.5138,TRACKING,L+C+R_fused
1786981845.570,0.0,0.891,0.958,0.946,0.4362,-0.0176,1.78,-0.75298,0.150,0.180,0.000,-0.5023,-0.5141,TRACKING,L+C+R_fused
1786981845.585,0.0,0.890,0.958,0.946,0.4389,-0.0176,1.78,-0.75298,0.150,0.180,0.000,-0.5023,-0.5141,TRACKING,L+C+R_fused
1786981845.601,39.4,0.887,0.958,0.946,0.4332,-0.0176,1.78,-0.75298,0.150,0.180,0.000,-0.5023,-0.5141,TRACKING,L+C+R_fused
1786981845.614,39.4,0.890,0.958,0.945,0.4350,-0.0176,1.78,-0.75298,0.150,0.180,0.000,-0.5023,-0.5141,TRACKING,L+C+R_fused
1786981845.631,39.4,0.892,0.957,0.944,0.4381,-0.0178,1.40,-0.81267,0.150,0.180,0.000,-0.4998,-0.5122,TRACKING,L+C+R_fused
1786981845.642,39.4,0.890,0.957,0.944,0.4446,-0.0178,1.40,-0.81267,0.150,0.180,0.000,-0.4998,-0.5119,TRACKING,L+C+R_fused
1786981845.661,39.4,0.890,0.957,0.944,0.4364,-0.0178,1.37,-0.81555,0.150,0.180,0.000,-0.4994,-0.5114,TRACKING,L+C+R_fused
1786981845.665,39.4,0.891,0.957,0.946,0.4395,-0.0178,1.32,-0.82619,0.150,0.180,0.000,-0.4993,-0.5113,TRACKING,L+C+R_fused
1786981845.680,39.4,0.888,0.957,0.946,0.4439,-0.0178,1.32,-0.82619,0.150,0.180,0.000,-0.4993,-0.5113,TRACKING,L+C+R_fused
1786981845.694,39.4,0.889,0.957,0.946,0.4409,-0.0178,1.32,-0.82619,0.150,0.180,0.000,-0.4993,-0.5113,TRACKING,L+C+R_fused
1786981845.711,39.4,0.892,0.957,0.946,0.4413,-0.0178,1.32,-0.82619,0.150,0.180,0.000,-0.4993,-0.5113,TRACKING,L+C+R_fused
1786981845.729,39.4,0.889,0.957,0.946,0.4355,-0.0178,1.32,-0.82619,0.150,0.180,0.000,-0.4993,-0.5113,TRACKING,L+C+R_fused
1786981845.742,39.4,0.890,0.957,0.946,0.4413,-0.0178,1.32,-0.82619,0.150,0.180,0.000,-0.4993,-0.5113,TRACKING,L+C+R_fused
1786981845.742,39.4,0.892,0.957,0.946,0.4388,-0.0178,1.32,-0.82619,0.150,0.180,0.000,-0.4993,-0.5113,TRACKING,L+C+R_fused
1786981845.758,39.4,0.891,0.957,0.945,0.4418,-0.0178,1.32,-0.82619,0.150,0.180,0.000,-0.4993,-0.5113,TRACKING,L+C+R_fused
1786981845.775,39.4,0.892,0.957,0.946,0.4386,-0.0178,1.32,-0.82619,0.150,0.180,0.000,-0.4993,-0.5113,TRACKING,L+C+R_fused
1786981845.790,39.4,0.891,0.957,0.934,0.4444,-0.0178,1.32,-0.82619,0.150,0.180,0.000,-0.4993,-0.5113,TRACKING,L+C+R_fused
1786981845.806,39.4,0.891,0.957,0.935,0.4412,-0.0178,1.32,-0.82619,0.150,0.180,0.000,-0.4993,-0.5113,TRACKING,L+C+R_fused
1786981845.826,39.4,0.891,0.957,0.935,0.4395,-0.0178,1.32,-0.82619,0.150,0.180,0.000,-0.4993,-0.5113,TRACKING,L+C+R_fused
1786981845.842,39.4,0.890,0.957,0.934,0.4397,-0.0178,1.32,-0.82619,0.150,0.180,0.000,-0.4993,-0.5113,TRACKING,L+C+R_fused
1786981845.856,39.4,0.887,0.957,0.935,0.4378,-0.0178,1.32,-0.82619,0.150,0.180,0.000,-0.4993,-0.5113,TRACKING,L+C+R_fused
1786981845.866,39.4,0.892,0.957,0.933,0.4398,-0.0178,1.38,-0.81837,0.150,0.180,0.000,-0.5001,-0.5120,TRACKING,L+C+R_fused
1786981845.882,39.4,0.889,0.957,0.934,0.4378,-0.0178,1.38,-0.81837,0.150,0.180,0.000,-0.5001,-0.5121,TRACKING,L+C+R_fused
1786981845.902,39.4,0.896,0.956,0.943,0.4285,-0.0177,2.02,-0.60622,0.150,0.180,0.000,-0.4902,-0.5025,TRACKING,L+C+R_fused
1786981845.912,39.4,0.890,0.956,0.943,0.4248,-0.0176,2.08,-0.60903,0.150,0.180,0.000,-0.4920,-0.5029,TRACKING,L+C+R_fused
1786981845.934,39.4,0.896,0.956,0.942,0.4284,-0.0176,2.08,-0.61778,0.150,0.180,0.000,-0.4933,-0.5041,TRACKING,L+C+R_fused
1786981845.949,39.4,0.886,0.956,0.943,0.4242,-0.0176,2.08,-0.61778,0.150,0.180,0.000,-0.4933,-0.5043,TRACKING,L+C+R_fused
1786981845.949,39.4,0.895,0.956,0.943,0.4282,-0.0176,2.08,-0.61778,0.150,0.180,0.000,-0.4933,-0.5043,TRACKING,L+C+R_fused
1786981845.992,39.4,0.896,0.956,0.943,0.4253,-0.0176,2.08,-0.61778,0.150,0.180,0.000,-0.4933,-0.5043,TRACKING,L+C+R_fused
1786981845.996,39.4,0.895,0.956,0.943,0.4240,-0.0176,2.08,-0.61778,0.150,0.180,0.000,-0.4933,-0.5043,TRACKING,L+C+R_fused
1786981846.020,39.4,0.894,0.956,0.943,0.4263,-0.0176,2.08,-0.61778,0.150,0.180,0.000,-0.4933,-0.5043,TRACKING,L+C+R_fused
1786981846.027,39.4,0.895,0.956,0.944,0.4286,-0.0176,2.08,-0.61778,0.150,0.180,0.000,-0.4933,-0.5043,TRACKING,L+C+R_fused
1786981846.043,39.4,0.896,0.956,0.943,0.4291,-0.0176,2.08,-0.61778,0.150,0.180,0.000,-0.4933,-0.5043,TRACKING,L+C+R_fused
1786981846.059,39.4,0.894,0.956,0.944,0.4253,-0.0176,2.08,-0.61778,0.150,0.180,0.000,-0.4933,-0.5043,TRACKING,L+C+R_fused
1786981846.083,39.4,0.895,0.956,0.943,0.4262,-0.0176,2.08,-0.61778,0.150,0.180,0.000,-0.4933,-0.5043,TRACKING,L+C+R_fused
1786981846.094,39.4,0.894,0.957,0.943,0.4317,-0.0176,2.10,-0.60790,0.150,0.180,0.000,-0.4924,-0.5034,TRACKING,L+C+R_fused
1786981846.107,39.4,0.894,0.957,0.943,0.4258,-0.0176,2.10,-0.60790,0.150,0.180,0.000,-0.4924,-0.5033,TRACKING,L+C+R_fused
1786981846.125,39.4,0.895,0.957,0.943,0.4259,-0.0176,2.10,-0.60563,0.150,0.180,0.000,-0.4921,-0.5030,TRACKING,L+C+R_fused
1786981846.133,39.4,0.900,0.957,0.943,0.4296,-0.0176,2.10,-0.60563,0.150,0.180,0.000,-0.4921,-0.5030,TRACKING,L+C+R_fused
1786981846.164,39.4,0.888,0.955,0.943,0.4266,-0.0176,2.05,-0.62327,0.150,0.180,0.000,-0.4924,-0.5033,TRACKING,L+C+R_fused
1786981846.174,39.4,0.889,0.957,0.942,0.4315,-0.0175,2.17,-0.60007,0.150,0.180,0.000,-0.4925,-0.5033,TRACKING,L+C+R_fused
1786981846.195,39.4,0.887,0.957,0.942,0.4326,-0.0175,2.17,-0.60007,0.150,0.180,0.000,-0.4925,-0.5033,TRACKING,L+C+R_fused
1786981846.205,39.4,0.889,0.957,0.943,0.4346,-0.0175,2.17,-0.60007,0.150,0.180,0.000,-0.4925,-0.5033,TRACKING,L+C+R_fused
1786981846.221,39.4,0.888,0.957,0.942,0.4315,-0.0175,2.17,-0.60007,0.150,0.180,0.000,-0.4925,-0.5033,TRACKING,L+C+R_fused
1786981846.235,39.4,0.886,0.957,0.942,0.4450,-0.0175,2.17,-0.60007,0.150,0.180,0.000,-0.4925,-0.5033,TRACKING,L+C+R_fused
1786981846.247,39.4,0.886,0.957,0.942,0.4531,-0.0175,2.17,-0.60007,0.150,0.180,0.000,-0.4925,-0.5033,TRACKING,L+C+R_fused
1786981846.260,39.4,0.891,0.957,0.942,0.4341,-0.0175,2.17,-0.60007,0.150,0.180,0.000,-0.4925,-0.5033,TRACKING,L+C+R_fused
1786981846.266,39.4,0.890,0.957,0.942,0.4339,-0.0175,2.17,-0.60007,0.150,0.180,0.000,-0.4925,-0.5033,TRACKING,L+C+R_fused
1786981846.287,39.4,0.887,0.957,0.942,0.4389,-0.0175,2.17,-0.60007,0.150,0.180,0.000,-0.4925,-0.5033,TRACKING,L+C+R_fused
1786981846.301,39.4,0.885,0.957,0.942,0.4311,-0.0175,2.17,-0.60007,0.150,0.180,0.000,-0.4925,-0.5033,TRACKING,L+C+R_fused
1786981846.313,39.4,0.887,0.957,0.943,0.4505,-0.0175,2.17,-0.60007,0.150,0.180,0.000,-0.4925,-0.5033,TRACKING,L+C+R_fused
1786981846.317,39.4,0.890,0.957,0.942,0.4320,-0.0175,2.17,-0.60007,0.150,0.180,0.000,-0.4925,-0.5033,TRACKING,L+C+R_fused
1786981846.338,39.4,0.894,0.957,0.942,0.4324,-0.0175,2.17,-0.60007,0.150,0.180,0.000,-0.4925,-0.5033,TRACKING,L+C+R_fused
1786981846.348,39.4,0.893,0.956,0.943,0.4340,-0.0176,2.09,-0.61048,0.150,0.180,0.000,-0.4915,-0.5026,TRACKING,L+C+R_fused
1786981846.358,39.4,0.894,0.956,0.943,0.4339,-0.0176,1.97,-0.62792,0.150,0.180,0.000,-0.4905,-0.5016,TRACKING,L+C+R_fused
1786981846.394,39.4,0.894,0.956,0.942,0.4325,-0.0176,1.97,-0.62792,0.150,0.180,0.000,-0.4905,-0.5015,TRACKING,L+C+R_fused
1786981846.398,39.4,0.892,0.956,0.942,0.4355,-0.0177,1.90,-0.63927,0.150,0.180,0.000,-0.4900,-0.5010,TRACKING,L+C+R_fused
1786981846.428,39.4,0.888,0.957,0.942,0.4327,-0.0177,1.55,-0.69659,0.150,0.180,0.000,-0.4870,-0.4986,TRACKING,L+C+R_fused
1786981846.441,39.4,0.882,0.960,0.941,0.4420,-0.0142,1.71,-0.70621,0.150,0.180,0.000,-0.4403,-0.4580,TRACKING,L+C+R_fused
1786981846.450,39.4,0.877,0.959,0.940,0.4282,-0.0145,3.40,-0.42701,0.157,0.180,0.000,-0.4278,-0.4406,TRACKING,L+C+R_fused
1786981846.470,39.4,0.875,0.959,0.941,0.4232,-0.0145,3.40,-0.42701,0.157,0.180,0.000,-0.4278,-0.4382,TRACKING,L+C+R_fused
1786981846.480,39.4,0.870,0.962,0.939,0.4507,-0.0147,2.35,-0.63128,0.150,0.180,0.000,-0.4608,-0.4666,TRACKING,L+C+R_fused
1786981846.491,39.4,0.867,0.961,0.937,0.4218,-0.0156,3.48,-0.51981,0.150,0.180,0.000,-0.5015,-0.5057,TRACKING,L+C+R_fused
1786981846.511,39.4,0.866,0.961,0.938,0.4324,-0.0156,3.48,-0.51981,0.150,0.180,0.000,-0.5015,-0.5115,TRACKING,L+C+R_fused
1786981846.523,39.4,0.870,0.959,0.926,0.3967,-0.0168,5.06,-0.24824,0.175,0.180,0.000,-0.4760,-0.4901,TRACKING,L+C+R_fused
1786981846.537,39.4,0.870,0.959,0.926,0.3967,-0.0134,4.05,-0.19859,0.175,0.180,0.000,-0.4760,-0.4870,TRACKING,prediction
1786981846.546,39.4,0.870,0.959,0.926,0.3967,-0.0107,3.24,-0.15887,0.175,0.180,0.000,-0.4760,-0.4865,TRACKING,prediction
1786981846.566,39.4,0.870,0.959,0.926,0.3967,-0.0086,2.59,-0.12710,0.175,0.180,0.000,-0.4760,-0.4864,TRACKING,prediction
1786981846.586,39.4,0.870,0.959,0.926,0.3967,-0.0069,2.07,-0.10168,0.175,0.180,0.000,-0.4760,-0.4864,TRACKING,prediction
1786981846.599,39.4,0.870,0.959,0.926,0.3967,-0.0055,1.66,-0.08134,0.175,0.180,0.000,-0.4760,-0.4864,TRACKING,prediction
1786981846.616,67.0,0.870,0.959,0.926,0.3967,-0.0044,1.33,-0.06507,0.175,0.180,0.000,-0.4760,-0.4864,TRACKING,prediction
1786981846.630,67.0,0.870,0.959,0.926,0.3967,-0.0035,1.06,-0.05206,0.175,0.180,0.000,-0.4760,-0.4864,TRACKING,prediction
1786981847.900,1.6,0.862,0.956,0.923,0.4413,-0.0262,5.31,-0.60744,0.150,0.180,0.000,-0.7234,-0.7020,TRACKING,L+C+R_fused
1786981847.912,1.6,0.912,0.959,0.913,0.4398,-0.0294,5.71,-0.54564,0.150,0.180,0.000,-0.7674,-0.7715,TRACKING,L+C+R_fused
1786981847.918,1.6,0.924,0.955,0.928,0.3915,-0.0334,7.70,-0.12145,0.188,0.180,0.000,-0.6376,-0.6707,TRACKING,L+C+R_fused
1786981847.939,1.6,0.920,0.955,0.930,0.3908,-0.0334,7.70,-0.12145,0.188,0.180,0.000,-0.6376,-0.6557,TRACKING,L+C+R_fused
1786981847.947,1.6,0.923,0.962,0.922,0.4010,-0.0388,4.59,-0.81619,0.150,0.180,0.000,-0.8721,-0.8569,TRACKING,L+C+R_fused
1786981847.971,1.6,0.922,0.955,0.921,0.3978,-0.0433,4.82,-0.81860,0.150,0.180,0.000,-0.9228,-0.9308,TRACKING,L+C+R_fused
1786981847.981,1.6,0.922,0.955,0.922,0.3978,-0.0433,4.82,-0.81860,0.150,0.180,0.000,-0.9228,-0.9417,TRACKING,L+C+R_fused
1786981847.995,1.6,0.926,0.956,0.928,0.4168,-0.0455,5.72,-0.67594,0.150,0.180,0.000,-0.9520,-0.9683,TRACKING,L+C+R_fused
1786981848.021,1.6,0.926,0.956,0.928,0.4168,-0.0364,4.58,-0.54076,0.150,0.180,0.000,-0.9520,-0.9723,TRACKING,prediction
1786981848.028,1.6,0.924,0.953,0.929,0.4165,-0.0473,7.64,-0.29918,0.170,0.180,0.000,-0.8219,-0.8612,TRACKING,L+C+R_fused
1786981848.044,1.6,0.899,0.956,0.927,0.4115,-0.0515,7.46,-0.31027,0.169,0.180,0.000,-0.8627,-0.8803,TRACKING,L+C+R_fused
1786981848.077,1.6,0.899,0.956,0.927,0.4115,-0.0412,5.97,-0.24821,0.169,0.180,0.000,-0.8627,-0.8830,TRACKING,prediction
1786981848.093,1.6,0.899,0.956,0.927,0.4115,-0.0330,4.78,-0.19857,0.169,0.180,0.000,-0.8627,-0.8834,TRACKING,prediction
1786981848.114,1.6,0.899,0.956,0.927,0.4115,-0.0264,3.82,-0.15886,0.169,0.180,0.000,-0.8627,-0.8835,TRACKING,prediction
1786981848.135,1.6,0.899,0.956,0.927,0.4115,-0.0211,3.06,-0.12709,0.169,0.180,0.000,-0.8627,-0.8835,TRACKING,prediction
1786981848.151,1.6,0.899,0.956,0.927,0.4115,-0.0169,2.45,-0.10167,0.169,0.180,0.000,-0.8627,-0.8835,TRACKING,prediction
1786981848.170,1.6,0.899,0.956,0.927,0.4115,-0.0135,1.96,-0.08134,0.169,0.180,0.000,-0.8627,-0.8835,TRACKING,prediction
1786981848.194,1.6,0.899,0.956,0.927,0.4115,-0.0108,1.57,-0.06507,0.169,0.180,0.000,-0.8627,-0.8835,TRACKING,prediction
1786981848.220,1.6,0.899,0.956,0.927,0.4115,-0.0086,1.25,-0.05205,0.169,0.180,0.000,-0.8627,-0.8835,TRACKING,prediction
1786981848.236,1.6,0.899,0.956,0.927,0.4115,-0.0069,1.00,-0.04164,0.169,0.180,0.000,-0.8627,-0.8835,TRACKING,prediction
1786981848.252,1.6,0.899,0.956,0.927,0.4115,-0.0055,0.80,-0.03331,0.169,0.180,0.000,-0.8627,-0.8835,TRACKING,prediction
1786981848.268,1.6,0.899,0.956,0.927,0.4115,-0.0044,0.64,-0.02665,0.169,0.180,0.000,-0.8627,-0.8835,TRACKING,prediction
1786981848.294,1.6,0.899,0.956,0.927,0.4115,-0.0035,0.51,-0.02132,0.169,0.180,0.000,-0.8627,-0.8835,TRACKING,prediction
1786981848.313,1.6,0.899,0.956,0.927,0.4115,-0.0028,0.41,-0.01706,0.169,0.180,0.000,-0.8627,-0.8835,TRACKING,prediction
1786981848.338,1.6,0.899,0.956,0.927,0.4115,-0.0023,0.33,-0.01365,0.169,0.180,0.000,-0.8627,-0.8835,TRACKING,prediction
1786981848.354,1.6,0.899,0.956,0.927,0.4115,-0.0018,0.26,-0.01092,0.169,0.180,0.000,-0.8627,-0.8835,TRACKING,prediction
1786981848.381,1.6,0.845,0.956,0.904,0.4305,-0.0807,7.92,-0.67350,0.150,0.180,0.000,-1.0000,-1.0000,TRACKING,L+C+R_fused
1786981848.395,1.6,0.844,0.956,0.906,0.4574,-0.0807,7.92,-0.67350,0.150,0.180,0.000,-1.0000,-1.0000,TRACKING,L+C+R_fused
1786981848.416,1.6,0.851,0.955,0.908,0.4076,-0.0864,6.33,-0.83471,0.150,0.180,0.000,-1.0000,-1.0000,TRACKING,L+C+R_fused
1786981848.441,1.6,0.851,0.952,0.904,0.3917,-0.0932,4.16,-1.30397,0.150,0.180,0.000,-1.0000,-1.0000,TRACKING,L+C+R_fused
1786981848.448,1.6,0.847,0.951,0.905,0.4291,-0.0924,4.86,-1.23428,0.150,0.180,0.000,-1.0000,-1.0000,TRACKING,L+C+R_fused
1786981848.468,1.6,0.847,0.951,0.905,0.4291,-0.0739,3.89,-0.98742,0.150,0.180,0.000,-1.0000,-1.0000,TRACKING,prediction
1786981848.497,1.6,0.847,0.951,0.905,0.4291,-0.0591,3.11,-0.78994,0.150,0.180,0.000,-1.0000,-1.0000,TRACKING,prediction
1786981848.513,1.6,0.847,0.951,0.905,0.4291,-0.0473,2.49,-0.63195,0.150,0.180,0.000,-1.0000,-1.0000,TRACKING,prediction
1786981848.540,1.6,0.847,0.951,0.905,0.4291,-0.0378,1.99,-0.50556,0.150,0.180,0.000,-1.0000,-1.0000,TRACKING,prediction
1786981848.545,1.6,0.847,0.951,0.905,0.4291,-0.0303,1.59,-0.40445,0.150,0.180,0.000,-1.0000,-1.0000,TRACKING,prediction
1786981848.561,1.6,0.847,0.951,0.905,0.4291,-0.0242,1.28,-0.32356,0.150,0.180,0.000,-1.0000,-1.0000,TRACKING,prediction
1786981848.577,1.6,0.847,0.951,0.905,0.4291,-0.0194,1.02,-0.25885,0.150,0.180,0.000,-1.0000,-1.0000,TRACKING,prediction
1786981848.593,1.6,0.847,0.951,0.905,0.4291,-0.0155,0.82,-0.20708,0.150,0.180,0.000,-1.0000,-1.0000,TRACKING,prediction
1786981848.609,1.6,0.847,0.951,0.905,0.4291,-0.0124,0.65,-0.16566,0.150,0.180,0.000,-1.0000,-1.0000,TRACKING,prediction
1786981848.625,1.6,0.847,0.951,0.905,0.4291,-0.0099,0.52,-0.13253,0.150,0.180,0.000,-1.0000,-1.0000,TRACKING,prediction
1786981848.657,1.6,0.847,0.951,0.905,0.4291,-0.0079,0.42,-0.10602,0.150,0.180,0.000,-1.0000,-1.0000,TRACKING,prediction
1786981848.684,1.6,0.847,0.951,0.905,0.4291,-0.0063,0.33,-0.08482,0.150,0.180,0.000,-1.0000,-1.0000,TRACKING,prediction
1786981848.698,1.6,0.000,0.893,0.895,0.5164,-0.1329,7.85,-1.22071,0.150,0.180,0.000,-1.0000,-1.0000,TRACKING,R+C
1786981848.714,1.6,0.000,0.893,0.895,0.5164,-0.1063,6.28,-0.97657,0.150,0.180,0.000,-1.0000,-1.0000,TRACKING,prediction
1786981848.730,1.6,0.000,0.893,0.895,0.5164,-0.0851,5.02,-0.78125,0.150,0.180,0.000,-1.0000,-1.0000,TRACKING,prediction
1786981848.746,1.6,0.000,0.943,0.903,0.5322,-0.1301,6.94,-1.19746,0.150,0.180,0.000,-1.0000,-1.0000,TRACKING,R+C
1786981848.764,1.6,0.000,0.938,0.902,0.5343,-0.1292,4.72,-1.57597,0.150,0.180,0.000,-1.0000,-1.0000,TRACKING,R+C
1786981848.778,1.6,0.000,0.938,0.901,0.5329,-0.1292,4.68,-1.58109,0.150,0.180,0.000,-1.0000,-1.0000,TRACKING,R+C
1786981848.797,1.6,0.000,0.944,0.899,0.5419,-0.1262,4.29,-1.65817,0.150,0.180,0.000,-1.0000,-1.0000,TRACKING,R+C
1786981848.819,1.6,0.000,0.939,0.896,0.5472,-0.1228,4.54,-1.71543,0.150,0.180,0.000,-1.0000,-1.0000,TRACKING,R+C
1786981848.844,1.6,0.000,0.939,0.895,0.5435,-0.1231,4.09,-1.76832,0.150,0.180,0.000,-1.0000,-1.0000,TRACKING,R+C
1786981848.866,1.6,0.000,0.933,0.897,0.5407,-0.1203,7.04,-1.36385,0.150,0.180,0.000,-1.0000,-1.0000,TRACKING,R+C
1786981848.877,1.6,0.000,0.943,0.898,0.5383,-0.1163,9.30,-0.96378,0.150,0.180,0.000,-1.0000,-1.0000,TRACKING,R+C
1786981848.896,1.6,0.000,0.943,0.897,0.5339,-0.1160,9.61,-0.92394,0.150,0.180,0.000,-1.0000,-1.0000,TRACKING,R+C
1786981848.917,54.1,0.000,0.945,0.899,0.5236,-0.1133,7.97,-1.20325,0.150,0.180,0.000,-1.0000,-1.0000,TRACKING,R+C
1786981848.947,54.1,0.000,0.946,0.887,0.5190,-0.1134,5.53,-1.47044,0.150,0.180,0.000,-1.0000,-1.0000,TRACKING,R+C
1786981848.961,54.1,0.000,0.946,0.889,0.5315,-0.1130,5.86,-1.42565,0.150,0.180,0.000,-1.0000,-1.0000,TRACKING,R+C
1786981848.984,54.1,0.000,0.943,0.899,0.5199,-0.1080,6.42,-1.54867,0.150,0.180,0.000,-1.0000,-1.0000,TRACKING,R+C
1786981848.991,54.1,0.000,0.942,0.902,0.5302,-0.1028,8.92,-1.17041,0.150,0.180,0.000,-1.0000,-1.0000,TRACKING,R+C
1786981849.012,54.1,0.000,0.943,0.904,0.5281,-0.1027,8.96,-1.16500,0.150,0.180,0.000,-1.0000,-1.0000,TRACKING,R+C
1786981849.041,54.1,0.000,0.947,0.908,0.5188,-0.0993,8.25,-1.40326,0.150,0.180,0.000,-1.0000,-1.0000,TRACKING,R+C
1786981849.054,54.1,0.923,0.951,0.911,0.4343,-0.0943,10.40,-1.01532,0.150,0.180,0.000,-1.0000,-1.0000,TRACKING,L+C+R_fused
1786981849.084,54.1,0.921,0.951,0.909,0.4445,-0.0943,10.40,-1.01532,0.150,0.180,0.000,-1.0000,-1.0000,TRACKING,L+C+R_fused
1786981849.094,54.1,0.927,0.952,0.906,0.4288,-0.0899,11.39,-0.89525,0.150,0.180,0.000,-1.0000,-1.0000,TRACKING,L+C+R_fused
1786981849.121,54.1,0.000,0.961,0.925,0.5050,-0.0837,18.05,0.41916,0.158,0.180,0.000,-1.0000,-1.0000,TRACKING,R+C
1786981849.131,54.1,0.000,0.961,0.925,0.5062,-0.0837,18.05,0.41916,0.158,0.180,0.000,-1.0000,-1.0000,TRACKING,R+C
1786981849.156,54.1,0.000,0.949,0.905,0.5401,-0.0894,9.21,-1.26696,0.150,0.180,0.000,-1.0000,-1.0000,TRACKING,R+C
1786981849.177,54.1,0.000,0.952,0.908,0.5617,-0.0892,10.40,-1.24490,0.150,0.180,0.000,-1.0000,-1.0000,TRACKING,R+C
1786981849.197,54.1,0.000,0.952,0.910,0.5584,-0.0892,10.40,-1.24490,0.150,0.180,0.000,-1.0000,-1.0000,TRACKING,R+C
1786981849.218,54.1,0.000,0.953,0.914,0.6403,-0.0953,8.08,-1.84777,0.150,0.180,0.000,-1.0000,-1.0000,TRACKING,R+C
1786981849.248,54.1,0.000,0.938,0.902,0.5700,-0.0977,15.11,-0.81132,0.150,0.180,0.000,-1.0000,-1.0000,TRACKING,R+C
1786981849.269,54.1,0.000,0.939,0.901,0.5693,-0.0975,15.33,-0.78820,0.150,0.180,0.000,-1.0000,-1.0000,TRACKING,R+C
1786981849.275,54.1,0.000,0.954,0.911,0.5788,-0.1086,12.08,-1.26315,0.150,0.180,0.000,-1.0000,-1.0000,TRACKING,R+C
1786981849.304,54.1,0.000,0.956,0.911,0.5831,-0.1191,11.26,-1.36223,0.150,0.180,0.000,-1.0000,-1.0000,TRACKING,R+C
1786981849.322,54.1,0.000,0.956,0.911,0.5810,-0.1191,11.26,-1.36223,0.150,0.180,0.000,-1.0000,-1.0000,TRACKING,R+C
1786981849.336,54.1,0.000,0.958,0.910,0.5825,-0.1281,10.50,-1.57031,0.150,0.180,0.000,-1.0000,-1.0000,TRACKING,R+C
1786981849.364,54.1,0.000,0.958,0.910,0.5796,-0.1354,12.33,-1.29164,0.150,0.180,0.000,-1.0000,-1.0000,TRACKING,R+C
1786981849.378,54.1,0.000,0.958,0.909,0.5724,-0.1354,12.33,-1.29164,0.150,0.180,0.000,-1.0000,-1.0000,TRACKING,R+C
1786981849.405,54.1,0.000,0.959,0.909,0.5722,-0.1429,14.32,-0.95713,0.150,0.180,0.000,-1.0000,-1.0000,TRACKING,R+C
1786981849.419,54.1,0.000,0.957,0.900,0.5549,-0.1508,16.09,-0.52392,0.150,0.180,0.000,-1.0000,-1.0000,TRACKING,R+C
1786981849.442,54.1,0.000,0.957,0.899,0.5743,-0.1508,16.09,-0.52392,0.150,0.180,0.000,-1.0000,-1.0000,TRACKING,R+C
1786981849.461,54.1,0.000,0.950,0.891,0.5744,-0.1531,21.92,0.40682,0.159,0.180,0.000,-1.0000,-1.0000,TRACKING,R+C
1786981849.482,54.1,0.000,0.943,0.885,0.5588,-0.1561,23.64,0.49308,0.151,0.180,0.000,-1.0000,-1.0000,TRACKING,R+C
1786981849.503,54.1,0.000,0.944,0.886,0.5736,-0.1567,23.38,0.47968,0.152,0.180,0.000,-1.0000,-1.0000,TRACKING,R+C
1786981849.532,54.1,0.000,0.961,0.872,0.5567,-0.1671,17.58,-0.00440,0.200,0.180,0.000,-1.0000,-1.0000,TRACKING,R+C
1786981849.554,54.1,0.000,0.961,0.872,0.5567,-0.1337,14.06,-0.00352,0.200,0.180,0.000,-1.0000,-1.0000,TRACKING,prediction
1786981849.574,54.1,0.000,0.961,0.872,0.5567,-0.1069,11.25,-0.00282,0.200,0.180,0.000,-1.0000,-1.0000,TRACKING,prediction
1786981849.586,54.1,0.000,0.959,0.226,0.4797,-0.1710,16.46,0.09232,0.191,0.180,0.000,-1.0000,-1.0000,TRACKING,R+C
1786981849.614,54.1,0.000,0.959,0.842,0.5313,-0.1727,15.41,0.11104,0.189,0.180,0.000,-1.0000,-1.0000,TRACKING,R+C
1786981849.628,54.1,0.000,0.959,0.843,0.5053,-0.1727,15.41,0.11104,0.189,0.180,0.000,-1.0000,-1.0000,TRACKING,R+C
1786981849.657,54.1,0.000,0.961,0.841,0.5013,-0.1736,14.82,0.17447,0.183,0.180,0.000,-1.0000,-1.0000,TRACKING,R+C
1786981849.682,54.1,0.000,0.962,0.821,0.7956,-0.1745,13.23,0.08497,0.192,0.700,0.000,-1.0000,-1.0000,TRACKING,R+C
1786981849.697,54.1,0.000,0.962,0.824,0.7886,-0.1745,13.23,0.08497,0.192,0.700,0.000,-1.0000,-0.7310,TRACKING,R+C
1786981849.711,54.1,0.000,0.959,0.749,0.5167,-0.1731,12.92,0.12155,0.188,0.180,0.000,-1.0000,-0.6858,TRACKING,R+C
1786981849.732,54.1,0.000,0.959,0.749,0.5167,-0.1385,10.34,0.09724,0.188,0.180,0.000,-1.0000,-0.9973,TRACKING,prediction
1786981849.753,54.1,0.000,0.959,0.749,0.5167,-0.1108,8.27,0.07779,0.188,0.180,0.000,-1.0000,-1.0000,TRACKING,prediction
1786981849.774,54.1,0.000,0.959,0.749,0.5167,-0.0886,6.62,0.06224,0.188,0.700,0.000,-1.0000,-1.0000,TRACKING,prediction
1786981849.798,54.1,0.000,0.959,0.749,0.5167,-0.0709,5.29,0.04979,0.188,0.180,0.000,-1.0000,-0.7302,TRACKING,prediction
1786981849.815,54.1,0.000,0.959,0.749,0.5167,-0.0567,4.24,0.03983,0.188,0.180,0.000,-1.0000,-1.0000,TRACKING,prediction
1786981849.836,54.1,0.000,0.961,0.814,0.8060,-0.1693,9.04,0.11019,0.189,0.180,0.000,-1.0000,-1.0000,TRACKING,R+C
1786981849.857,54.1,0.000,0.966,0.812,0.6490,-0.1685,6.41,-0.36183,0.164,0.700,0.000,-1.0000,-1.0000,TRACKING,R+C
1786981849.878,54.1,0.000,0.966,0.812,0.6490,-0.1348,5.13,-0.28946,0.164,0.700,0.000,-1.0000,-0.7286,TRACKING,prediction
1786981849.908,54.1,0.000,0.957,0.819,0.6658,-0.1651,8.13,0.15671,0.184,0.180,0.000,-1.0000,-0.6820,TRACKING,R+C
1786981849.920,48.8,0.000,0.957,0.810,0.6812,-0.1625,7.45,0.17896,0.182,0.180,0.000,-1.0000,-0.9894,TRACKING,R+C
1786981849.947,48.8,0.000,0.957,0.823,0.5087,-0.1625,7.40,0.17345,0.183,0.180,0.000,-1.0000,-1.0000,TRACKING,R+C
1786981849.968,48.8,0.000,0.956,0.805,0.7338,-0.1598,6.52,0.16180,0.184,0.180,0.000,-1.0000,-1.0000,TRACKING,R+C
1786981849.992,48.8,0.000,0.950,0.800,0.7153,-0.1568,5.48,0.12114,0.188,0.180,0.000,-1.0000,-1.0000,TRACKING,R+C
1786981850.003,48.8,0.000,0.950,0.807,0.7074,-0.1568,5.48,0.12114,0.188,0.180,0.000,-1.0000,-1.0000,TRACKING,R+C
1786981850.024,48.8,0.000,0.953,0.810,0.6779,-0.1537,5.11,0.17466,0.183,0.180,0.000,-1.0000,-1.0000,TRACKING,R+C
1786981850.044,48.8,0.000,0.957,0.808,0.6298,-0.1507,3.41,0.07832,0.192,0.180,0.000,-1.0000,-1.0000,TRACKING,R+C
1786981850.072,48.8,0.000,0.957,0.808,0.6927,-0.1505,3.71,0.13914,0.186,0.180,0.000,-1.0000,-1.0000,TRACKING,R+C
1786981850.082,48.8,0.000,0.957,0.815,0.6307,-0.1468,3.28,0.18110,0.182,0.180,0.000,-1.0000,-1.0000,TRACKING,R+C
1786981850.108,48.8,0.000,0.957,0.814,0.6437,-0.1419,2.58,0.08682,0.191,0.180,0.000,-1.0000,-1.0000,TRACKING,R+C
1786981850.118,48.8,0.000,0.957,0.825,0.4686,-0.1419,2.58,0.08682,0.191,0.180,0.000,-1.0000,-1.0000,TRACKING,R+C
1786981850.139,48.8,0.000,0.958,0.813,0.6130,-0.1370,2.20,0.14130,0.186,0.180,0.000,-1.0000,-1.0000,TRACKING,R+C
1786981850.160,48.8,0.000,0.956,0.828,0.4908,-0.1315,0.73,-0.03118,0.197,0.180,0.000,-1.0000,-1.0000,TRACKING,R+C
1786981850.181,48.8,0.000,0.956,0.819,0.5045,-0.1315,0.73,-0.03118,0.197,0.180,0.000,-1.0000,-1.0000,TRACKING,R+C
1786981850.202,48.8,0.000,0.954,0.815,0.5778,-0.1247,0.51,0.08078,0.192,0.180,0.000,-1.0000,-1.0000,TRACKING,R+C
1786981850.232,48.8,0.609,0.952,0.815,0.4520,-0.1170,0.48,0.13263,0.187,0.180,0.000,-1.0000,-1.0000,TRACKING,L+C+R_fused
1786981850.243,48.8,0.380,0.952,0.813,0.4052,-0.1171,0.27,0.10138,0.190,0.180,0.000,-1.0000,-1.0000,TRACKING,L+C+R_fused
1786981850.277,48.8,0.967,0.952,0.808,0.4542,-0.1106,0.13,0.16616,0.183,0.180,0.000,-0.9987,-1.0000,TRACKING,L+C+R_fused
1786981850.297,48.8,0.961,0.950,0.812,0.4525,-0.1041,-1.15,0.02723,0.197,0.180,0.000,-0.8588,-0.9013,TRACKING,L+C+R_fused
1786981850.318,48.8,0.961,0.949,0.824,0.3930,-0.1041,-1.09,0.03595,0.196,0.180,0.000,-0.8643,-0.8881,TRACKING,L+C+R_fused
1786981850.329,48.8,0.961,0.949,0.824,0.3930,-0.0833,-0.87,0.02876,0.196,0.180,0.000,-0.8643,-0.8861,TRACKING,prediction
1786981850.359,48.8,0.940,0.952,0.820,0.4703,-0.0877,-0.60,0.22099,0.178,0.180,0.000,-0.8620,-0.8791,TRACKING,L+C+R_fused
1786981850.381,48.8,0.941,0.952,0.819,0.4889,-0.0877,-0.60,0.22099,0.178,0.180,0.000,-0.8620,-0.8788,TRACKING,L+C+R_fused
1786981850.402,48.8,0.934,0.951,0.814,0.4729,-0.0800,-1.54,0.12805,0.187,0.180,0.000,-0.7306,-0.7652,TRACKING,L+C+R_fused
1786981850.422,48.8,0.920,0.948,0.812,0.4817,-0.0707,-1.97,0.05962,0.194,0.180,0.000,-0.6144,-0.6479,TRACKING,L+C+R_fused
1786981850.445,48.8,0.919,0.948,0.811,0.4739,-0.0707,-1.97,0.05962,0.194,0.180,0.000,-0.6144,-0.6306,TRACKING,L+C+R_fused
1786981850.465,48.8,0.916,0.946,0.812,0.4727,-0.0634,-3.46,-0.15536,0.184,0.180,0.000,-0.5939,-0.6094,TRACKING,L+C+R_fused
1786981850.483,48.8,0.914,0.945,0.840,0.4299,-0.0568,-3.39,-0.11477,0.189,0.180,0.000,-0.5056,-0.5296,TRACKING,L+C+R_fused
1786981850.507,48.8,0.914,0.944,0.837,0.4303,-0.0570,-3.44,-0.11702,0.188,0.180,0.000,-0.5071,-0.5192,TRACKING,L+C+R_fused
1786981850.527,48.8,0.917,0.945,0.857,0.4345,-0.0527,-3.52,-0.14142,0.186,0.180,0.000,-0.4791,-0.4930,TRACKING,L+C+R_fused
1786981850.548,48.8,0.914,0.946,0.819,0.4794,-0.0517,-3.58,-0.16769,0.183,0.180,0.000,-0.4838,-0.4932,TRACKING,L+C+R_fused
1786981850.569,48.8,0.915,0.947,0.853,0.4274,-0.0517,-4.18,-0.24626,0.175,0.180,0.000,-0.5175,-0.5220,TRACKING,L+C+R_fused
1786981850.590,48.8,0.880,0.945,0.818,0.4667,-0.0523,-4.92,-0.37411,0.163,0.180,0.000,-0.6102,-0.6056,TRACKING,L+C+R_fused
1786981850.610,48.8,0.896,0.943,0.842,0.4180,-0.0530,-5.54,-0.44961,0.155,0.180,0.000,-0.6591,-0.6599,TRACKING,L+C+R_fused
1786981850.631,48.8,0.893,0.941,0.856,0.4146,-0.0538,-7.48,-0.77285,0.150,0.180,0.000,-0.6870,-0.6929,TRACKING,L+C+R_fused
1786981850.651,48.8,0.899,0.940,0.853,0.4133,-0.0521,-6.18,-0.63636,0.150,0.180,0.000,-0.6884,-0.6984,TRACKING,L+C+R_fused
1786981850.672,48.8,0.868,0.937,0.845,0.4181,-0.0539,-10.31,-1.27938,0.150,0.180,0.000,-0.6681,-0.6845,TRACKING,L+C+R_fused
1786981850.692,48.8,0.869,0.936,0.854,0.4181,-0.0540,-10.10,-1.23605,0.150,0.180,0.000,-0.6703,-0.6837,TRACKING,L+C+R_fused
1786981850.715,48.8,0.851,0.941,0.815,0.4561,-0.0525,-8.41,-1.08443,0.150,0.180,0.000,-0.6843,-0.6954,TRACKING,L+C+R_fused
1786981850.736,48.8,0.812,0.935,0.851,0.4100,-0.0538,-10.52,-1.45582,0.150,0.180,0.000,-0.6849,-0.6994,TRACKING,L+C+R_fused
1786981850.756,48.8,0.811,0.936,0.816,0.4468,-0.0546,-11.15,-1.52750,0.150,0.180,0.000,-0.6858,-0.7008,TRACKING,L+C+R_fused
1786981850.777,48.8,0.811,0.940,0.818,0.4440,-0.0533,-10.33,-1.58007,0.150,0.180,0.000,-0.7024,-0.7159,TRACKING,L+C+R_fused
1786981850.797,48.8,0.799,0.936,0.841,0.3951,-0.0537,-11.85,-1.86693,0.150,0.180,0.000,-0.7004,-0.7177,TRACKING,L+C+R_fused
1786981850.817,48.8,0.793,0.937,0.819,0.4527,-0.0539,-12.01,-1.87851,0.150,0.180,0.000,-0.6998,-0.7173,TRACKING,L+C+R_fused
1786981850.838,48.8,0.793,0.937,0.825,0.4515,-0.0528,-10.98,-1.89372,0.150,0.180,0.000,-0.7187,-0.7341,TRACKING,L+C+R_fused
1786981850.859,48.8,0.802,0.938,0.819,0.4347,-0.0507,-8.32,-1.68745,0.150,0.180,0.000,-0.7447,-0.7584,TRACKING,L+C+R_fused
1786981850.879,48.8,0.804,0.936,0.820,0.4430,-0.0510,-9.43,-1.85244,0.150,0.180,0.000,-0.7374,-0.7565,TRACKING,L+C+R_fused
1786981850.900,48.8,0.797,0.937,0.843,0.4084,-0.0505,-8.97,-1.93559,0.150,0.180,0.000,-0.7564,-0.7732,TRACKING,L+C+R_fused
1786981850.921,47.9,0.809,0.936,0.819,0.4425,-0.0510,-7.47,-1.87925,0.150,0.180,0.000,-0.7969,-0.8108,TRACKING,L+C+R_fused
1786981850.951,47.9,0.806,0.936,0.820,0.4641,-0.0511,-7.73,-1.92245,0.150,0.180,0.000,-0.7968,-0.8164,TRACKING,L+C+R_fused
1786981850.973,47.9,0.809,0.937,0.843,0.4101,-0.0506,-5.67,-1.84499,0.150,0.180,0.000,-0.8381,-0.8533,TRACKING,L+C+R_fused
1786981850.993,47.9,0.810,0.936,0.839,0.4112,-0.0525,-6.26,-2.05215,0.150,0.180,0.000,-0.8663,-0.8844,TRACKING,L+C+R_fused
1786981851.013,47.9,0.809,0.934,0.821,0.4682,-0.0514,-5.60,-2.01199,0.150,0.180,0.000,-0.8672,-0.8895,TRACKING,L+C+R_fused
1786981851.035,47.9,0.808,0.932,0.846,0.4076,-0.0532,-4.66,-1.98765,0.150,0.180,0.000,-0.9063,-0.9245,TRACKING,L+C+R_fused
1786981851.054,47.9,0.804,0.935,0.850,0.4105,-0.0535,-1.63,-1.66680,0.150,0.180,0.000,-0.9489,-0.9658,TRACKING,L+C+R_fused
1786981851.076,47.9,0.805,0.930,0.839,0.4115,-0.0549,-3.88,-1.98247,0.150,0.180,0.000,-0.9407,-0.9661,TRACKING,L+C+R_fused
1786981851.096,47.9,0.808,0.911,0.824,0.4161,-0.0601,-7.75,-2.57128,0.150,0.180,0.000,-0.9596,-0.9849,TRACKING,L+C+R_fused
1786981851.118,47.9,0.813,0.910,0.826,0.4145,-0.0608,-5.08,-2.34273,0.150,0.180,0.000,-1.0000,-1.0000,TRACKING,L+C+R_fused
1786981851.137,47.9,0.813,0.910,0.809,0.4549,-0.0595,-4.11,-2.27503,0.150,0.180,0.000,-1.0000,-1.0000,TRACKING,L+C+R_fused
1786981851.157,47.9,0.813,0.910,0.809,0.4549,-0.0476,-3.29,-1.82003,0.150,0.180,0.000,-1.0000,-1.0000,TRACKING,prediction
1786981851.177,47.9,0.803,0.905,0.810,0.4312,-0.0648,0.54,-1.85751,0.150,0.180,0.000,-1.0000,-1.0000,TRACKING,L+C+R_fused
1786981851.198,47.9,0.803,0.901,0.811,0.4064,-0.0634,1.06,-1.84364,0.150,0.180,0.000,-1.0000,-1.0000,TRACKING,L+C+R_fused
1786981851.218,47.9,0.803,0.897,0.811,0.4159,-0.0663,2.70,-1.76921,0.150,0.180,0.000,-1.0000,-1.0000,TRACKING,L+C+R_fused
1786981851.239,47.9,0.803,0.897,0.811,0.4159,-0.0530,2.16,-1.41537,0.150,0.180,0.000,-1.0000,-1.0000,TRACKING,prediction
1786981851.260,47.9,0.805,0.881,0.809,0.4417,-0.0699,2.69,-1.87139,0.150,0.180,0.000,-1.0000,-1.0000,TRACKING,L+C+R_fused
1786981851.280,47.9,0.809,0.888,0.817,0.4141,-0.0722,3.22,-1.82120,0.150,0.180,0.000,-1.0000,-1.0000,TRACKING,L+C+R_fused
1786981851.301,47.9,0.809,0.888,0.817,0.4141,-0.0577,2.58,-1.45696,0.150,0.180,0.000,-1.0000,-1.0000,TRACKING,prediction
1786981851.323,47.9,0.802,0.870,0.818,0.4880,-0.0707,4.51,-1.83546,0.150,0.180,0.000,-1.0000,-1.0000,TRACKING,L+C+R_fused
1786981851.344,47.9,0.804,0.872,0.870,0.3978,-0.0699,3.17,-1.96129,0.150,0.180,0.000,-1.0000,-1.0000,TRACKING,L+C+R_fused
1786981851.365,47.9,0.830,0.905,0.888,0.4464,-0.0689,1.30,-2.17508,0.150,0.180,0.000,-1.0000,-1.0000,TRACKING,L+C+R_fused
1786981851.386,47.9,0.827,0.906,0.885,0.5052,-0.0664,3.79,-1.89927,0.150,0.180,0.000,-1.0000,-1.0000,TRACKING,L+C+R_fused
1786981851.408,47.9,0.819,0.890,0.897,0.3918,-0.0601,5.19,-1.84887,0.150,0.180,0.000,-1.0000,-1.0000,TRACKING,L+C+R_fused
1786981851.427,47.9,0.807,0.884,0.903,0.3987,-0.0561,6.18,-1.73162,0.150,0.180,0.000,-1.0000,-1.0000,TRACKING,L+C+R_fused
1786981851.448,47.9,0.807,0.882,0.905,0.4215,-0.0559,6.29,-1.76355,0.150,0.180,0.000,-1.0000,-1.0000,TRACKING,L+C+R_fused
1786981851.468,47.9,0.800,0.878,0.904,0.4213,-0.0527,5.46,-1.79335,0.150,0.180,0.000,-1.0000,-1.0000,TRACKING,L+C+R_fused
1786981851.492,47.9,0.800,0.878,0.904,0.4213,-0.0422,4.37,-1.43468,0.150,0.180,0.000,-1.0000,-1.0000,TRACKING,prediction
1786981851.511,47.9,0.800,0.878,0.904,0.4213,-0.0337,3.49,-1.14775,0.150,0.180,0.000,-1.0000,-1.0000,TRACKING,prediction
1786981851.532,47.9,0.818,0.918,0.899,0.4425,-0.0422,5.95,-1.77358,0.150,0.180,0.000,-1.0000,-1.0000,TRACKING,L+C+R_fused
1786981851.550,47.9,0.821,0.911,0.893,0.4110,-0.0392,4.59,-1.98130,0.150,0.180,0.000,-0.9926,-1.0000,TRACKING,L+C+R_fused
1786981851.570,47.9,0.820,0.912,0.892,0.4051,-0.0380,6.41,-1.73010,0.150,0.180,0.000,-1.0000,-1.0000,TRACKING,L+C+R_fused
1786981851.591,47.9,0.820,0.912,0.892,0.4051,-0.0304,5.13,-1.38408,0.150,0.180,0.000,-1.0000,-1.0000,TRACKING,prediction
1786981851.612,47.9,0.829,0.924,0.891,0.4070,-0.0274,8.94,-1.48762,0.150,0.180,0.000,-0.9427,-0.9785,TRACKING,L+C+R_fused
1786981851.632,47.9,0.830,0.923,0.891,0.4016,-0.0272,8.62,-1.54565,0.150,0.180,0.000,-0.9384,-0.9677,TRACKING,L+C+R_fused
1786981851.652,47.9,0.833,0.923,0.892,0.4093,-0.0238,8.53,-1.53726,0.150,0.180,0.000,-0.9025,-0.9346,TRACKING,L+C+R_fused
1786981851.672,47.9,0.823,0.922,0.895,0.4120,-0.0180,9.88,-1.31331,0.150,0.180,0.000,-0.8548,-0.8874,TRACKING,L+C+R_fused
1786981851.693,47.9,0.825,0.923,0.895,0.4045,-0.0177,10.31,-1.26982,0.150,0.180,0.000,-0.8586,-0.8838,TRACKING,L+C+R_fused
1786981851.714,47.9,0.802,0.925,0.900,0.5618,-0.0100,12.21,-1.09262,0.150,0.180,0.000,-0.8111,-0.8417,TRACKING,L+C+R_fused
1786981851.732,47.9,0.000,0.922,0.896,0.4985,-0.0069,9.66,-1.45130,0.150,0.180,0.000,-0.7377,-0.7730,TRACKING,R+C
1786981851.753,47.9,0.000,0.924,0.895,0.4995,-0.0080,9.27,-1.47719,0.150,0.180,0.000,-0.7416,-0.7661,TRACKING,R+C
1786981851.775,47.9,0.000,0.925,0.894,0.4824,-0.0013,11.22,-1.22373,0.150,0.180,0.000,-0.6893,-0.7190,TRACKING,R+C
1786981851.788,47.9,0.000,0.927,0.895,0.4880,0.0052,11.76,-1.16269,0.150,0.180,0.000,-0.6139,-0.6466,TRACKING,R+C
1786981851.810,47.9,0.000,0.926,0.895,0.4904,0.0036,10.56,-1.28314,0.150,0.180,0.000,-0.6097,-0.6326,TRACKING,R+C
1786981851.829,47.9,0.000,0.925,0.889,0.4840,0.0120,12.72,-1.08075,0.150,0.180,0.000,-0.5431,-0.5725,TRACKING,R+C
1786981851.851,47.9,0.000,0.924,0.888,0.4835,0.0130,11.04,-1.21692,0.150,0.180,0.000,-0.4809,-0.5100,TRACKING,R+C
1786981851.871,47.9,0.000,0.923,0.889,0.4823,0.0172,13.77,-0.93370,0.150,0.180,0.000,-0.4841,-0.5029,TRACKING,R+C
1786981851.892,47.9,0.000,0.926,0.891,0.4761,0.0210,13.24,-1.00492,0.150,0.180,0.000,-0.4139,-0.4416,TRACKING,R+C
1786981851.913,47.9,0.000,0.925,0.891,0.4745,0.0242,12.92,-1.03136,0.150,0.180,0.000,-0.3523,-0.3793,TRACKING,R+C
1786981851.934,48.4,0.000,0.926,0.891,0.4758,0.0236,12.45,-1.08931,0.150,0.180,0.000,-0.3524,-0.3703,TRACKING,R+C
1786981851.955,48.4,0.000,0.924,0.890,0.4601,0.0248,12.91,-1.04090,0.150,0.700,0.000,-0.3440,-0.3616,TRACKING,R+C
1786981851.982,48.4,0.000,0.924,0.898,0.4673,0.0263,14.67,-0.87673,0.150,0.700,0.000,-0.3706,-0.2659,TRACKING,R+C
1786981851.995,48.4,0.000,0.925,0.898,0.4744,0.0235,12.90,-1.04810,0.150,0.700,0.000,-0.3664,-0.2503,TRACKING,R+C
1786981852.016,48.4,0.000,0.925,0.897,0.4815,0.0233,17.03,-0.52577,0.150,0.700,0.000,-0.4587,-0.2988,TRACKING,R+C
1786981852.047,48.4,0.000,0.928,0.901,0.4878,0.0163,15.10,-0.85561,0.150,0.700,0.000,-0.5396,-0.3522,TRACKING,R+C
1786981852.058,48.4,0.000,0.926,0.905,0.4880,0.0161,14.85,-0.88117,0.150,0.700,0.000,-0.5372,-0.3587,TRACKING,R+C
1786981852.080,48.4,0.000,0.925,0.898,0.4969,0.0086,14.52,-0.88477,0.150,0.180,0.000,-0.6309,-0.4122,TRACKING,R+C
1786981852.104,48.4,0.000,0.927,0.902,0.5020,0.0043,16.37,-0.69297,0.150,0.180,0.000,-0.7260,-0.6983,TRACKING,R+C
1786981852.129,48.4,0.000,0.928,0.896,0.4982,0.0040,15.68,-0.77712,0.150,0.180,0.000,-0.7170,-0.7322,TRACKING,R+C
1786981852.142,48.4,0.000,0.925,0.899,0.5018,-0.0043,14.32,-0.97160,0.150,0.700,0.000,-0.7979,-0.8082,TRACKING,R+C
1786981852.150,48.4,0.000,0.923,0.899,0.5052,-0.0104,14.06,-1.04848,0.150,0.700,0.000,-0.8659,-0.6105,TRACKING,R+C
1786981852.170,48.4,0.000,0.923,0.898,0.5079,-0.0118,13.73,-1.06521,0.150,0.700,0.000,-0.8730,-0.5862,TRACKING,R+C
1786981852.193,48.4,0.000,0.924,0.895,0.5128,-0.0173,14.23,-1.02980,0.150,0.180,0.000,-0.9377,-0.6191,TRACKING,R+C
1786981852.205,48.4,0.000,0.921,0.896,0.5165,-0.0228,13.57,-1.13111,0.150,0.180,0.000,-0.9822,-0.9535,TRACKING,R+C
1786981852.225,48.4,0.000,0.920,0.893,0.5134,-0.0244,12.80,-1.18219,0.150,0.180,0.000,-0.9821,-1.0000,TRACKING,R+C
1786981852.246,48.4,0.000,0.924,0.884,0.5148,-0.0298,11.96,-1.29427,0.150,0.180,0.000,-1.0000,-1.0000,TRACKING,R+C
1786981852.267,48.4,0.000,0.927,0.887,0.5224,-0.0334,11.15,-1.37662,0.150,0.180,0.000,-1.0000,-1.0000,TRACKING,R+C
1786981852.288,48.4,0.000,0.928,0.883,0.5216,-0.0324,11.85,-1.30852,0.150,0.180,0.000,-1.0000,-1.0000,TRACKING,R+C
1786981852.308,48.4,0.000,0.929,0.888,0.5215,-0.0326,11.83,-1.31485,0.150,0.180,0.000,-1.0000,-1.0000,TRACKING,R+C
1786981852.339,48.4,0.000,0.929,0.888,0.5215,-0.0261,9.47,-1.05188,0.150,0.700,0.000,-1.0000,-1.0000,TRACKING,prediction
1786981852.359,48.4,0.000,0.929,0.888,0.5215,-0.0208,7.57,-0.84151,0.150,0.700,0.000,-1.0000,-0.7197,TRACKING,prediction
1786981852.371,48.4,0.000,0.932,0.886,0.5154,-0.0262,14.48,-0.87269,0.150,0.180,0.000,-1.0000,-0.6736,TRACKING,R+C
1786981852.392,48.4,0.000,0.934,0.879,0.5097,-0.0227,14.46,-0.82959,0.150,0.180,0.000,-0.9732,-0.9521,TRACKING,R+C
1786981852.412,48.4,0.000,0.932,0.880,0.5105,-0.0218,14.65,-0.83020,0.150,0.180,0.000,-0.9699,-0.9895,TRACKING,R+C
1786981852.441,48.4,0.000,0.932,0.881,0.5059,-0.0207,12.55,-1.02388,0.150,0.180,0.000,-0.9249,-0.9562,TRACKING,R+C
1786981852.456,48.4,0.000,0.935,0.883,0.5024,-0.0162,13.13,-0.93457,0.150,0.180,0.000,-0.8863,-0.9172,TRACKING,R+C
1786981852.474,48.4,0.000,0.934,0.883,0.5030,-0.0157,13.27,-0.92777,0.150,0.180,0.000,-0.8843,-0.9098,TRACKING,R+C
1786981852.495,48.4,0.000,0.938,0.892,0.4928,-0.0116,13.76,-0.83040,0.150,0.180,0.000,-0.8435,-0.8728,TRACKING,R+C
1786981852.518,48.4,0.000,0.937,0.882,0.4847,-0.0074,13.38,-0.82197,0.150,0.180,0.000,-0.7834,-0.8150,TRACKING,R+C
1786981852.545,48.4,0.000,0.937,0.883,0.4841,-0.0074,13.42,-0.81609,0.150,0.180,0.000,-0.7844,-0.8073,TRACKING,R+C
1786981852.560,48.4,0.000,0.936,0.891,0.4781,-0.0019,14.13,-0.76548,0.150,0.180,0.000,-0.7351,-0.7634,TRACKING,R+C
1786981852.574,48.4,0.000,0.933,0.882,0.4700,0.0035,14.25,-0.72049,0.150,0.180,0.000,-0.6635,-0.6946,TRACKING,R+C
1786981852.584,48.4,0.000,0.932,0.882,0.4682,0.0028,13.89,-0.74521,0.150,0.180,0.000,-0.6635,-0.6846,TRACKING,R+C
1786981852.605,48.4,0.935,0.936,0.883,0.4237,0.0085,13.46,-0.78691,0.150,0.180,0.000,-0.5751,-0.6065,TRACKING,L+C+R_fused
1786981852.626,48.4,0.944,0.939,0.879,0.3913,0.0141,13.88,-0.68582,0.150,0.180,0.000,-0.4925,-0.5231,TRACKING,L+C+R_fused
1786981852.636,48.4,0.944,0.939,0.879,0.3955,0.0139,13.68,-0.70901,0.150,0.180,0.000,-0.4913,-0.5099,TRACKING,L+C+R_fused
1786981852.657,48.4,0.934,0.938,0.874,0.3961,0.0194,13.64,-0.73765,0.150,0.180,0.000,-0.4091,-0.4371,TRACKING,L+C+R_fused
1786981852.680,48.4,0.914,0.936,0.872,0.4351,0.0244,13.50,-0.73250,0.150,0.180,0.000,-0.3198,-0.3491,TRACKING,L+C+R_fused
1786981852.701,48.4,0.909,0.936,0.873,0.4050,0.0244,13.41,-0.74455,0.150,0.180,0.000,-0.3186,-0.3351,TRACKING,L+C+R_fused
1786981852.722,48.4,0.913,0.930,0.882,0.4300,0.0300,14.47,-0.59955,0.150,0.180,0.000,-0.2456,-0.2695,TRACKING,L+C+R_fused
1786981852.742,48.4,0.896,0.929,0.882,0.4283,0.0338,13.50,-0.68693,0.150,0.180,0.000,-0.1505,-0.1780,TRACKING,L+C+R_fused
1786981852.763,48.4,0.896,0.929,0.883,0.4266,0.0336,13.28,-0.71458,0.150,0.180,0.000,-0.1496,-0.1637,TRACKING,L+C+R_fused
1786981852.783,48.4,0.903,0.931,0.880,0.4266,0.0414,15.23,-0.44823,0.155,0.180,0.000,-0.0485,-0.0735,TRACKING,L+C+R_fused
1786981852.803,48.4,0.890,0.932,0.873,0.4252,0.0454,13.61,-0.63249,0.150,0.180,0.000,0.0593,0.0322,TRACKING,L+C+R_fused
1786981852.823,48.4,0.893,0.931,0.873,0.4270,0.0455,14.00,-0.57908,0.150,0.180,0.000,0.0541,0.0436,TRACKING,L+C+R_fused
1786981852.844,48.4,0.891,0.935,0.876,0.4212,0.0513,13.53,-0.63010,0.150,0.180,0.000,0.1681,0.1435,TRACKING,L+C+R_fused
1786981852.866,48.4,0.902,0.933,0.868,0.4170,0.0588,13.05,-0.66839,0.150,0.180,0.000,0.3117,0.2821,TRACKING,L+C+R_fused
1786981852.885,48.4,0.900,0.933,0.868,0.4192,0.0597,14.13,-0.53974,0.150,0.180,0.000,0.3023,0.2949,TRACKING,L+C+R_fused
1786981852.910,48.4,0.901,0.933,0.869,0.4127,0.0661,13.08,-0.68321,0.150,0.180,0.000,0.4274,0.4043,TRACKING,L+C+R_fused
1786981852.928,48.4,0.926,0.935,0.883,0.4167,0.0749,13.93,-0.58278,0.150,0.180,0.000,0.5421,0.5220,TRACKING,L+C+R_fused
1786981852.948,50.3,0.923,0.934,0.885,0.4150,0.0759,14.63,-0.51541,0.150,0.180,0.000,0.5400,0.5373,TRACKING,L+C+R_fused
1786981852.979,50.3,0.923,0.936,0.909,0.4026,0.0834,15.34,-0.35490,0.165,0.180,0.000,0.5495,0.5477,TRACKING,L+C+R_fused
1786981853.000,50.3,0.923,0.936,0.909,0.4026,0.0667,12.27,-0.28392,0.165,0.180,0.000,0.5495,0.5492,TRACKING,prediction
1786981853.020,50.3,0.923,0.936,0.909,0.4026,0.0534,9.82,-0.22714,0.165,0.180,0.000,0.5495,0.5494,TRACKING,prediction
1786981853.041,50.3,0.937,0.937,0.904,0.4076,0.0977,15.31,-0.31624,0.168,0.180,0.000,0.6911,0.6738,TRACKING,L+C+R_fused
1786981853.061,50.3,0.933,0.934,0.894,0.3979,0.1043,15.12,-0.33022,0.167,0.180,0.000,0.7689,0.7595,TRACKING,L+C+R_fused
1786981853.081,50.3,0.931,0.934,0.892,0.3961,0.1038,14.76,-0.38259,0.162,0.180,0.000,0.8063,0.8037,TRACKING,L+C+R_fused
1786981853.104,50.3,0.937,0.932,0.873,0.3910,0.1109,14.37,-0.41971,0.158,0.180,0.000,0.9073,0.8978,TRACKING,L+C+R_fused
1786981853.125,50.3,0.937,0.932,0.873,0.3910,0.0888,11.50,-0.33577,0.158,0.180,0.000,0.9073,0.9117,TRACKING,prediction
1786981853.145,50.3,0.937,0.932,0.873,0.3910,0.0710,9.20,-0.26861,0.158,0.180,0.000,0.9073,0.9138,TRACKING,prediction
1786981853.166,50.3,0.937,0.932,0.873,0.3910,0.0568,7.36,-0.21489,0.158,0.180,0.000,0.9073,0.9141,TRACKING,prediction
1786981853.186,50.3,0.937,0.932,0.873,0.3910,0.0454,5.89,-0.17191,0.158,0.180,0.000,0.9073,0.9141,TRACKING,prediction
1786981853.207,50.3,0.937,0.932,0.873,0.3910,0.0364,4.71,-0.13753,0.158,0.180,0.000,0.9073,0.9141,TRACKING,prediction
1786981853.227,50.3,0.937,0.932,0.873,0.3910,0.0291,3.77,-0.11002,0.158,0.180,0.000,0.9073,0.9141,TRACKING,prediction
1786981853.248,50.3,0.937,0.932,0.873,0.3910,0.0233,3.01,-0.08802,0.158,0.180,0.000,0.9073,0.9141,TRACKING,prediction
1786981853.268,50.3,0.937,0.932,0.873,0.3910,0.0186,2.41,-0.07042,0.158,0.180,0.000,0.9073,0.9141,TRACKING,prediction
1786981853.291,50.3,0.937,0.932,0.873,0.3910,0.0149,1.93,-0.05633,0.158,0.180,0.000,0.9073,0.9141,TRACKING,prediction
1786981853.312,50.3,0.937,0.932,0.873,0.3910,0.0119,1.54,-0.04507,0.158,0.180,0.000,0.9073,0.9141,TRACKING,prediction
1786981853.333,50.3,0.937,0.932,0.873,0.3910,0.0095,1.23,-0.03605,0.158,0.180,0.000,0.9073,0.9141,TRACKING,prediction
1786981853.352,50.3,0.937,0.932,0.873,0.3910,0.0076,0.99,-0.02884,0.158,0.180,0.000,0.9073,0.9141,TRACKING,prediction
1786981853.371,50.3,0.937,0.932,0.873,0.3910,0.0061,0.79,-0.02307,0.158,0.180,0.000,0.9073,0.9141,TRACKING,prediction
1786981853.382,50.3,0.937,0.932,0.873,0.3910,0.0049,0.63,-0.01846,0.158,0.180,0.000,0.9073,0.9141,TRACKING,prediction
1786981853.405,50.3,0.937,0.932,0.873,0.3910,0.0039,0.51,-0.01477,0.158,0.180,0.000,0.9073,0.9141,TRACKING,prediction
1786981853.424,50.3,0.937,0.932,0.873,0.3910,0.0031,0.40,-0.01181,0.158,0.180,0.000,0.9073,0.9141,TRACKING,prediction
1786981853.445,50.3,0.937,0.932,0.873,0.3910,0.0025,0.32,-0.00945,0.158,0.180,0.000,0.9073,0.9141,UNCERTAIN,prediction
1786981853.465,50.3,0.937,0.932,0.873,0.3910,0.0020,0.26,-0.00756,0.158,0.180,0.000,0.9073,0.9141,UNCERTAIN,prediction
1786981853.486,50.3,0.937,0.932,0.873,0.3910,0.0016,0.21,-0.00605,0.158,0.180,0.000,0.9073,0.9141,UNCERTAIN,prediction
1786981853.507,50.3,0.937,0.932,0.873,0.3910,0.0013,0.17,-0.00484,0.158,0.180,0.000,0.9073,0.9141,UNCERTAIN,prediction
1786981853.528,50.3,0.937,0.932,0.873,0.3910,0.0010,0.13,-0.00387,0.158,0.180,0.000,0.9073,0.9141,UNCERTAIN,prediction
1786981853.548,50.3,0.937,0.932,0.873,0.3910,0.0008,0.11,-0.00310,0.158,0.180,0.000,0.9073,0.9141,UNCERTAIN,prediction
1786981853.571,50.3,0.937,0.932,0.873,0.3910,0.0007,0.08,-0.00248,0.158,0.180,0.000,0.9073,0.9141,UNCERTAIN,prediction
1786981853.589,50.3,0.942,0.879,0.000,0.4976,0.1816,26.33,0.43152,0.157,0.180,0.000,1.0000,1.0000,TRACKING,L+C
1786981853.601,50.3,0.942,0.854,0.000,0.4945,0.1931,31.38,0.57756,0.150,0.180,0.000,1.0000,1.0000,TRACKING,L+C
1786981853.621,50.3,0.941,0.852,0.000,0.4933,0.1921,31.19,0.57220,0.150,0.180,0.000,1.0000,1.0000,TRACKING,L+C
1786981853.651,50.3,0.941,0.852,0.000,0.4933,0.1537,24.96,0.45776,0.150,0.180,0.000,1.0000,1.0000,TRACKING,prediction
1786981853.672,50.3,0.941,0.852,0.000,0.4933,0.1229,19.96,0.36621,0.150,0.180,0.000,1.0000,1.0000,TRACKING,prediction
1786981853.693,50.3,0.941,0.852,0.000,0.4933,0.0983,15.97,0.29297,0.150,0.180,0.000,1.0000,1.0000,TRACKING,prediction
1786981853.713,50.3,0.941,0.852,0.000,0.4933,0.0787,12.78,0.23437,0.150,0.180,0.000,1.0000,1.0000,TRACKING,prediction
1786981853.736,50.3,0.941,0.852,0.000,0.4933,0.0629,10.22,0.18750,0.150,0.180,0.000,1.0000,1.0000,TRACKING,prediction
1786981853.760,50.3,0.941,0.852,0.000,0.4933,0.0503,8.18,0.15000,0.150,0.180,0.000,1.0000,1.0000,TRACKING,prediction
1786981853.782,50.3,0.941,0.852,0.000,0.4933,0.0403,6.54,0.12000,0.150,0.180,0.000,1.0000,1.0000,TRACKING,prediction
1786981853.804,50.3,0.941,0.852,0.000,0.4933,0.0322,5.23,0.09600,0.150,0.180,0.000,1.0000,1.0000,TRACKING,prediction
1786981853.826,50.3,0.941,0.852,0.000,0.4933,0.0258,4.19,0.07680,0.150,0.180,0.000,1.0000,1.0000,TRACKING,prediction
1786981853.847,50.3,0.935,0.907,0.875,0.3954,0.1359,21.70,-0.39206,0.161,0.180,0.000,0.9231,0.9392,TRACKING,L+C+R_fused
1786981853.868,50.3,0.936,0.908,0.870,0.4015,0.1151,17.37,-0.97637,0.150,0.180,0.000,0.8663,0.8765,TRACKING,L+C+R_fused
1786981853.879,50.3,0.936,0.910,0.866,0.3979,0.1174,18.73,-0.83505,0.150,0.180,0.000,0.8656,0.8672,TRACKING,L+C+R_fused
1786981853.899,50.3,0.940,0.915,0.856,0.4105,0.1051,22.08,-0.46139,0.154,0.180,0.000,0.6281,0.6607,TRACKING,L+C+R_fused
1786981853.924,50.3,0.948,0.912,0.876,0.4073,0.0924,23.94,-0.33339,0.167,0.180,0.000,0.3367,0.3790,TRACKING,L+C+R_fused
1786981853.944,50.3,0.947,0.912,0.877,0.4052,0.0909,22.73,-0.47604,0.152,0.180,0.000,0.4035,0.3936,TRACKING,L+C+R_fused
1786981853.965,48.2,0.915,0.915,0.889,0.4016,0.0736,21.38,-0.65941,0.150,0.180,0.000,0.1542,0.1798,TRACKING,L+C+R_fused
1786981853.975,48.2,0.000,0.920,0.898,0.3940,0.0630,21.12,-0.72636,0.150,0.180,0.000,-0.0346,-0.0148,TRACKING,R+C
1786981853.998,48.2,0.000,0.920,0.899,0.3984,0.0619,20.68,-0.77415,0.150,0.180,0.000,-0.0395,-0.0479,TRACKING,R+C
1786981854.017,48.2,0.000,0.921,0.887,0.4019,0.0547,22.95,-0.48015,0.152,0.180,0.000,-0.2174,-0.2053,TRACKING,R+C
1786981854.046,48.2,0.000,0.928,0.885,0.4116,0.0403,17.56,-1.22791,0.150,0.180,0.000,-0.3454,-0.3418,TRACKING,R+C
1786981854.058,48.2,0.000,0.930,0.884,0.4110,0.0399,17.09,-1.28443,0.150,0.180,0.000,-0.3394,-0.3566,TRACKING,R+C
1786981854.088,48.2,0.000,0.924,0.880,0.4331,0.0357,20.33,-0.83313,0.150,0.180,0.000,-0.4761,-0.4753,TRACKING,R+C
1786981854.099,48.2,0.000,0.924,0.881,0.4401,0.0277,19.99,-0.88709,0.150,0.180,0.000,-0.5881,-0.5902,TRACKING,R+C
1786981854.128,48.2,0.000,0.925,0.882,0.4406,0.0268,19.36,-0.95479,0.150,0.180,0.000,-0.5854,-0.6050,TRACKING,R+C
1786981854.151,48.2,0.000,0.925,0.882,0.4406,0.0214,15.49,-0.76383,0.150,0.180,0.000,-0.5854,-0.6072,TRACKING,prediction
1786981854.171,48.2,0.000,0.929,0.885,0.4664,0.0129,18.07,-1.12590,0.150,0.180,0.000,-0.7446,-0.7460,TRACKING,R+C
1786981854.192,48.2,0.000,0.927,0.884,0.4669,0.0140,18.80,-1.06005,0.150,0.180,0.000,-0.7482,-0.7694,TRACKING,R+C
1786981854.213,48.2,0.000,0.927,0.884,0.4669,0.0112,15.04,-0.84804,0.150,0.180,0.000,-0.7482,-0.7729,TRACKING,prediction
1786981854.236,48.2,0.000,0.927,0.884,0.4669,0.0090,12.03,-0.67843,0.150,0.180,0.000,-0.7482,-0.7734,TRACKING,prediction
1786981854.257,48.2,0.000,0.927,0.884,0.4669,0.0072,9.62,-0.54274,0.150,0.180,0.000,-0.7482,-0.7735,TRACKING,prediction
1786981854.267,48.2,0.000,0.925,0.870,0.4593,0.0102,17.64,-1.05373,0.150,0.180,0.000,-0.7511,-0.7753,TRACKING,R+C
1786981854.288,48.2,0.000,0.924,0.866,0.4616,0.0128,17.55,-0.97099,0.150,0.180,0.000,-0.7031,-0.7335,TRACKING,R+C
1786981854.309,48.2,0.000,0.923,0.866,0.4639,0.0115,16.73,-1.06691,0.150,0.180,0.000,-0.7038,-0.7283,TRACKING,R+C
1786981854.329,48.2,0.000,0.925,0.866,0.4568,0.0142,16.40,-1.09765,0.150,0.180,0.000,-0.6612,-0.6905,TRACKING,R+C
1786981854.350,48.2,0.000,0.929,0.875,0.4548,0.0194,17.30,-0.99900,0.150,0.180,0.000,-0.6100,-0.6404,TRACKING,R+C
1786981854.371,48.2,0.000,0.928,0.874,0.4525,0.0169,15.92,-1.12564,0.150,0.180,0.000,-0.6091,-0.6325,TRACKING,R+C
1786981854.402,48.2,0.000,0.928,0.874,0.4525,0.0135,12.74,-0.90051,0.150,0.180,0.000,-0.6091,-0.6313,TRACKING,prediction
1786981854.422,48.2,0.000,0.928,0.874,0.4525,0.0108,10.19,-0.72041,0.150,0.180,0.000,-0.6091,-0.6311,TRACKING,prediction
1786981854.443,48.2,0.000,0.928,0.874,0.4525,0.0087,8.15,-0.57633,0.150,0.180,0.000,-0.6091,-0.6311,TRACKING,prediction
1786981854.463,48.2,0.000,0.928,0.874,0.4525,0.0069,6.52,-0.46106,0.150,0.180,0.000,-0.6091,-0.6311,TRACKING,prediction
1786981854.483,48.2,0.916,0.925,0.860,0.3917,0.0325,13.74,-1.37388,0.150,0.180,0.000,-0.3180,-0.3801,TRACKING,L+C+R_fused
1786981854.507,48.2,0.916,0.922,0.860,0.3926,0.0320,13.37,-1.42886,0.150,0.180,0.000,-0.3183,-0.3433,TRACKING,L+C+R_fused
1786981854.528,48.2,0.944,0.924,0.872,0.3999,0.0369,14.77,-1.18688,0.150,0.180,0.000,-0.2578,-0.2847,TRACKING,L+C+R_fused
1786981854.549,48.2,0.383,0.933,0.896,0.4152,0.0429,16.20,-1.00325,0.150,0.180,0.000,-0.1877,-0.2151,TRACKING,L+C+R_fused
1786981854.559,48.2,0.383,0.933,0.896,0.4148,0.0426,16.01,-1.02092,0.150,0.180,0.000,-0.1873,-0.2046,TRACKING,L+C+R_fused
1786981854.592,48.2,0.000,0.926,0.891,0.4267,0.0477,16.15,-0.98734,0.150,0.180,0.000,-0.0990,-0.1267,TRACKING,R+C
1786981854.608,48.2,0.000,0.927,0.896,0.4312,0.0518,15.53,-1.04018,0.150,0.180,0.000,-0.0048,-0.0341,TRACKING,R+C
1786981854.625,48.2,0.000,0.926,0.895,0.4289,0.0505,14.56,-1.14569,0.150,0.180,0.000,0.0007,-0.0159,TRACKING,R+C
1786981854.650,48.2,0.000,0.926,0.895,0.4289,0.0404,11.65,-0.91655,0.150,0.180,0.000,0.0007,-0.0131,TRACKING,prediction
1786981854.660,48.2,0.000,0.923,0.898,0.4099,0.0610,14.41,-1.22607,0.150,0.180,0.000,0.1775,0.1393,TRACKING,R+C
1786981854.669,48.2,0.000,0.924,0.898,0.4118,0.0598,13.63,-1.29293,0.150,0.180,0.000,0.1813,0.1652,TRACKING,R+C
1786981854.691,48.2,0.000,0.922,0.901,0.4078,0.0657,14.92,-1.12868,0.150,0.180,0.000,0.2525,0.2309,TRACKING,R+C
1786981854.711,48.2,0.000,0.923,0.898,0.3991,0.0704,14.63,-1.19447,0.150,0.180,0.000,0.3325,0.3093,TRACKING,R+C
1786981854.732,48.2,0.000,0.922,0.898,0.3999,0.0711,14.80,-1.19264,0.150,0.180,0.000,0.3360,0.3239,TRACKING,R+C
1786981854.763,48.2,0.893,0.919,0.896,0.4414,0.0764,15.08,-1.11709,0.150,0.180,0.000,0.4228,0.4014,TRACKING,L+C+R_fused
1786981854.784,48.2,0.959,0.919,0.900,0.4607,0.0832,16.12,-1.02483,0.150,0.180,0.000,0.4976,0.4776,TRACKING,L+C+R_fused
1786981854.805,48.2,0.959,0.920,0.906,0.4450,0.0804,13.93,-1.29042,0.150,0.180,0.000,0.5055,0.4950,TRACKING,L+C+R_fused
1786981854.815,48.2,0.888,0.918,0.903,0.4404,0.0856,14.56,-1.21448,0.150,0.180,0.000,0.5675,0.5514,TRACKING,L+C+R_fused
1786981854.835,48.2,0.906,0.917,0.902,0.4332,0.0894,12.38,-1.59283,0.150,0.180,0.000,0.6479,0.6279,TRACKING,L+C+R_fused
1786981854.856,48.2,0.906,0.919,0.902,0.4364,0.0925,14.59,-1.31450,0.150,0.180,0.000,0.6455,0.6381,TRACKING,L+C+R_fused
1786981854.876,48.2,0.903,0.918,0.895,0.4455,0.0986,17.25,-1.02024,0.150,0.180,0.000,0.6702,0.6615,TRACKING,L+C+R_fused
1786981854.896,48.2,0.892,0.915,0.890,0.4493,0.0980,13.37,-1.61616,0.150,0.180,0.000,0.7190,0.7052,TRACKING,L+C+R_fused
1786981854.917,48.2,0.892,0.915,0.888,0.4542,0.0962,12.56,-1.67499,0.150,0.180,0.000,0.7176,0.7107,TRACKING,L+C+R_fused
1786981854.938,48.2,0.886,0.912,0.890,0.4587,0.0997,15.12,-1.46949,0.150,0.180,0.000,0.6977,0.6944,TRACKING,L+C+R_fused
1786981854.958,48.2,0.870,0.908,0.886,0.4507,0.0945,14.36,-1.65048,0.150,0.180,0.000,0.6313,0.6335,TRACKING,L+C+R_fused
1786981854.977,49.4,0.870,0.908,0.886,0.4557,0.0945,15.25,-1.47604,0.150,0.180,0.000,0.6225,0.6178,TRACKING,L+C+R_fused
1786981855.002,49.4,0.870,0.908,0.886,0.4557,0.0756,12.20,-1.18083,0.150,0.180,0.000,0.6225,0.6154,TRACKING,prediction
1786981855.018,49.4,0.870,0.908,0.886,0.4557,0.0605,9.76,-0.94467,0.150,0.180,0.000,0.6225,0.6150,TRACKING,prediction
1786981855.028,49.4,0.870,0.908,0.886,0.4557,0.0484,7.81,-0.75573,0.150,0.180,0.000,0.6225,0.6149,TRACKING,prediction
1786981855.049,49.4,0.870,0.908,0.886,0.4557,0.0387,6.25,-0.60459,0.150,0.180,0.000,0.6225,0.6149,TRACKING,prediction
1786981855.080,49.4,0.870,0.908,0.886,0.4557,0.0310,5.00,-0.48367,0.150,0.180,0.000,0.6225,0.6149,TRACKING,prediction
1786981855.100,49.4,0.870,0.908,0.886,0.4557,0.0248,4.00,-0.38694,0.150,0.180,0.000,0.6225,0.6149,TRACKING,prediction
1786981855.121,49.4,0.870,0.908,0.886,0.4557,0.0198,3.20,-0.30955,0.150,0.180,0.000,0.6225,0.6149,TRACKING,prediction
1786981855.142,49.4,0.870,0.908,0.886,0.4557,0.0159,2.56,-0.24764,0.150,0.180,0.000,0.6225,0.6149,TRACKING,prediction
1786981855.162,49.4,0.870,0.908,0.886,0.4557,0.0127,2.05,-0.19811,0.150,0.180,0.000,0.6225,0.6149,TRACKING,prediction
1786981855.183,49.4,0.870,0.908,0.886,0.4557,0.0102,1.64,-0.15849,0.150,0.180,0.000,0.6225,0.6149,TRACKING,prediction
1786981855.204,49.4,0.870,0.908,0.886,0.4557,0.0081,1.31,-0.12679,0.150,0.180,0.000,0.6225,0.6149,TRACKING,prediction
1786981855.225,49.4,0.870,0.908,0.886,0.4557,0.0065,1.05,-0.10143,0.150,0.180,0.000,0.6225,0.6149,TRACKING,prediction
1786981855.245,49.4,0.870,0.908,0.886,0.4557,0.0052,0.84,-0.08115,0.150,0.180,0.000,0.6225,0.6149,TRACKING,prediction
1786981855.266,49.4,0.870,0.908,0.886,0.4557,0.0042,0.67,-0.06492,0.150,0.180,0.000,0.6225,0.6149,TRACKING,prediction
1786981855.291,49.4,0.870,0.908,0.886,0.4557,0.0033,0.54,-0.05193,0.150,0.180,0.000,0.6225,0.6149,TRACKING,prediction
1786981855.312,49.4,0.870,0.908,0.886,0.4557,0.0027,0.43,-0.04155,0.150,0.180,0.000,0.6225,0.6149,UNCERTAIN,prediction
1786981855.333,49.4,0.870,0.908,0.886,0.4557,0.0021,0.34,-0.03324,0.150,0.180,0.000,0.6225,0.6149,UNCERTAIN,prediction
1786981855.353,49.4,0.870,0.908,0.886,0.4557,0.0017,0.27,-0.02659,0.150,0.180,0.000,0.6225,0.6149,UNCERTAIN,prediction
1786981855.374,49.4,0.870,0.908,0.886,0.4557,0.0014,0.22,-0.02127,0.150,0.180,0.000,0.6225,0.6149,UNCERTAIN,prediction
1786981855.396,49.4,0.870,0.908,0.886,0.4557,0.0011,0.18,-0.01702,0.150,0.180,0.000,0.6225,0.6149,UNCERTAIN,prediction
1786981855.417,49.4,0.870,0.908,0.886,0.4557,0.0009,0.14,-0.01361,0.150,0.180,0.000,0.6225,0.6149,UNCERTAIN,prediction
1786981855.431,49.4,0.870,0.908,0.886,0.4557,0.0007,0.11,-0.01089,0.150,0.180,0.000,0.6225,0.6149,UNCERTAIN,prediction
1786981855.461,49.4,0.870,0.908,0.886,0.4557,0.0006,0.09,-0.00871,0.150,0.180,0.000,0.6225,0.6149,UNCERTAIN,prediction
1786981855.486,49.4,0.870,0.908,0.886,0.4557,0.0004,0.07,-0.00697,0.150,0.180,0.000,0.6225,0.6149,UNCERTAIN,prediction
1786981855.507,49.4,0.870,0.908,0.886,0.4557,0.0004,0.06,-0.00558,0.150,0.180,0.000,0.6225,0.6149,UNCERTAIN,prediction
1786981855.527,49.4,0.870,0.908,0.886,0.4557,0.0003,0.05,-0.00446,0.150,0.180,0.000,0.6225,0.6149,UNCERTAIN,prediction
1786981855.548,49.4,0.870,0.908,0.886,0.4557,0.0002,0.04,-0.00357,0.150,0.180,0.000,0.6225,0.6149,UNCERTAIN,prediction
1786981855.569,49.4,0.870,0.908,0.886,0.4557,0.0002,0.03,-0.00286,0.150,0.180,0.000,0.6225,0.6149,UNCERTAIN,prediction
1786981855.590,49.4,0.870,0.908,0.886,0.4557,0.0001,0.02,-0.00228,0.150,0.180,0.000,0.6225,0.6149,UNCERTAIN,prediction
1786981855.611,49.4,0.870,0.908,0.886,0.4557,0.0001,0.02,-0.00183,0.150,0.180,0.000,0.6225,0.6149,UNCERTAIN,prediction
1786981855.632,49.4,0.870,0.908,0.886,0.4557,0.0001,0.02,-0.00146,0.150,0.180,0.000,0.6225,0.6149,UNCERTAIN,prediction
1786981855.653,49.4,0.870,0.908,0.886,0.4557,0.0001,0.01,-0.00117,0.150,0.180,0.000,0.6225,0.6149,UNCERTAIN,prediction
1786981855.674,49.4,0.870,0.908,0.886,0.4557,0.0001,0.01,-0.00094,0.150,0.180,0.000,0.6225,0.6149,UNCERTAIN,prediction
1786981855.694,49.4,0.870,0.908,0.886,0.4557,0.0000,0.01,-0.00075,0.150,0.180,0.000,0.6225,0.6149,UNCERTAIN,prediction
1786981855.715,49.4,0.870,0.908,0.886,0.4557,0.0000,0.01,-0.00060,0.150,0.180,0.000,0.6225,0.6149,UNCERTAIN,prediction
1786981855.736,49.4,0.870,0.908,0.886,0.4557,0.0000,0.00,-0.00048,0.150,0.180,0.000,0.6225,0.6149,UNCERTAIN,prediction
1786981855.757,49.4,0.870,0.908,0.886,0.4557,0.0000,0.00,-0.00038,0.150,0.180,0.000,0.6225,0.6149,UNCERTAIN,prediction
1786981855.777,49.4,0.870,0.908,0.886,0.4557,0.0000,0.00,-0.00031,0.150,0.180,0.000,0.6225,0.6149,UNCERTAIN,prediction
1786981855.798,49.4,0.870,0.908,0.886,0.4557,0.0000,0.00,-0.00025,0.150,0.180,0.000,0.6225,0.6149,UNCERTAIN,prediction
1786981855.818,49.4,0.870,0.908,0.886,0.4557,0.0000,0.00,-0.00020,0.150,0.180,0.000,0.6225,0.6149,PREDICTING,prediction
1786981855.849,49.4,0.870,0.908,0.886,0.4557,0.0000,0.00,-0.00016,0.150,0.180,0.000,0.6225,0.6149,PREDICTING,prediction
1786981855.870,49.4,0.870,0.908,0.886,0.4557,0.0000,0.00,-0.00013,0.150,0.180,0.000,0.6225,0.6149,PREDICTING,prediction
1786981855.890,49.4,0.870,0.908,0.886,0.4557,0.0000,0.00,-0.00010,0.150,0.180,0.000,0.6225,0.6149,PREDICTING,prediction
1786981855.910,49.4,0.870,0.908,0.886,0.4557,0.0000,0.00,-0.00008,0.150,0.180,0.000,0.6225,0.6149,PREDICTING,prediction
1786981855.931,49.4,0.870,0.908,0.886,0.4557,0.0000,0.00,-0.00006,0.150,0.180,0.000,0.6225,0.6149,PREDICTING,prediction
1786981855.952,49.4,0.870,0.908,0.886,0.4557,0.0000,0.00,-0.00005,0.150,0.180,0.000,0.6225,0.6149,PREDICTING,prediction
1786981855.966,49.4,0.000,0.898,0.869,0.6041,-0.0182,33.84,0.33213,0.167,0.180,0.000,-1.0000,-0.2618,TRACKING,R+C
1786981855.983,47.7,0.000,0.900,0.870,0.6091,-0.0206,32.21,0.22686,0.177,0.180,0.000,-1.0000,-0.9185,TRACKING,R+C
1786981856.004,47.7,0.000,0.885,0.869,0.6027,-0.0367,29.05,0.03145,0.197,0.180,0.000,-1.0000,-1.0000,TRACKING,R+C
1786981856.025,47.7,0.000,0.888,0.864,0.6410,-0.0543,25.81,-0.08662,0.191,0.180,0.000,-1.0000,-1.0000,TRACKING,R+C
1786981856.045,47.7,0.000,0.889,0.861,0.6358,-0.0561,24.63,-0.21286,0.179,0.180,0.000,-1.0000,-1.0000,TRACKING,R+C
1786981856.077,47.7,0.000,0.889,0.861,0.6358,-0.0449,19.70,-0.17029,0.179,0.180,0.000,-1.0000,-1.0000,TRACKING,prediction
1786981856.087,47.7,0.000,0.886,0.868,0.6211,-0.0749,23.94,-0.06126,0.194,0.180,0.000,-1.0000,-1.0000,TRACKING,R+C
1786981856.116,47.7,0.000,0.887,0.865,0.6057,-0.0778,20.68,-0.37886,0.162,0.180,0.000,-1.0000,-1.0000,TRACKING,R+C
1786981856.139,47.7,0.000,0.887,0.865,0.6057,-0.0622,16.54,-0.30308,0.162,0.180,0.000,-1.0000,-1.0000,TRACKING,prediction
1786981856.160,47.7,0.000,0.887,0.865,0.6057,-0.0498,13.24,-0.24247,0.162,0.180,0.000,-1.0000,-1.0000,TRACKING,prediction
1786981856.181,47.7,0.000,0.887,0.865,0.6057,-0.0398,10.59,-0.19397,0.162,0.180,0.000,-1.0000,-1.0000,TRACKING,prediction
1786981856.191,47.7,0.000,0.892,0.861,0.6050,-0.0834,19.55,-0.19619,0.180,0.700,0.000,-1.0000,-1.0000,TRACKING,R+C
1786981856.220,47.7,0.000,0.886,0.866,0.5806,-0.0905,13.87,-0.72580,0.150,0.180,0.000,-1.0000,-0.7251,TRACKING,R+C
1786981856.241,47.7,0.000,0.884,0.867,0.5845,-0.0912,13.93,-0.74040,0.150,0.180,0.000,-1.0000,-0.9951,TRACKING,R+C
1786981856.262,47.7,0.000,0.881,0.861,0.5809,-0.0938,11.50,-0.91684,0.150,0.700,0.000,-1.0000,-1.0000,TRACKING,R+C
1786981856.272,47.7,0.000,0.886,0.868,0.5722,-0.0944,10.72,-0.90209,0.150,0.180,0.000,-1.0000,-0.7236,TRACKING,R+C
1786981856.291,47.7,0.000,0.887,0.869,0.5749,-0.0918,12.43,-0.74638,0.150,0.180,0.000,-1.0000,-0.9935,TRACKING,R+C
1786981856.304,47.7,0.000,0.895,0.867,0.5622,-0.0956,10.70,-0.66832,0.150,0.180,0.000,-1.0000,-1.0000,TRACKING,R+C
1786981856.323,47.7,0.000,0.910,0.873,0.5595,-0.0894,14.84,-0.15619,0.184,0.180,0.000,-1.0000,-1.0000,TRACKING,R+C
1786981856.344,47.7,0.000,0.910,0.872,0.5593,-0.0876,15.96,-0.07371,0.193,0.180,0.000,-1.0000,-1.0000,TRACKING,R+C
1786981856.365,47.7,0.000,0.895,0.872,0.5503,-0.0897,13.75,-0.19044,0.181,0.180,0.000,-1.0000,-1.0000,TRACKING,R+C
1786981856.385,47.7,0.000,0.913,0.872,0.5444,-0.0887,13.37,-0.09322,0.191,0.180,0.000,-1.0000,-1.0000,TRACKING,R+C
1786981856.406,47.7,0.000,0.915,0.870,0.5428,-0.0888,13.21,-0.11979,0.188,0.180,0.000,-1.0000,-1.0000,TRACKING,R+C
1786981856.427,47.7,0.000,0.917,0.875,0.5345,-0.0882,10.99,-0.26120,0.174,0.180,0.000,-1.0000,-1.0000,TRACKING,R+C
1786981856.449,47.7,0.000,0.919,0.882,0.5236,-0.0859,10.28,-0.23893,0.176,0.700,0.000,-1.0000,-1.0000,TRACKING,R+C
1786981856.469,47.7,0.000,0.919,0.882,0.5248,-0.0869,9.76,-0.29564,0.170,0.700,0.000,-1.0000,-0.7200,TRACKING,R+C
1786981856.492,47.7,0.000,0.916,0.882,0.5204,-0.0836,9.32,-0.28533,0.171,0.700,0.000,-1.0000,-0.6747,TRACKING,R+C
1786981856.511,47.7,0.000,0.918,0.884,0.5224,-0.0800,8.55,-0.32584,0.167,0.180,0.000,-1.0000,-0.6673,TRACKING,R+C
1786981856.531,47.7,0.000,0.918,0.880,0.5170,-0.0788,9.95,-0.15240,0.185,0.180,0.000,-1.0000,-0.9754,TRACKING,R+C
1786981856.561,47.7,0.000,0.920,0.883,0.5116,-0.0777,7.43,-0.34173,0.166,0.180,0.000,-1.0000,-1.0000,TRACKING,R+C
1786981856.573,47.7,0.000,0.923,0.886,0.5052,-0.0696,9.31,-0.11470,0.189,0.700,0.000,-0.9366,-0.9697,TRACKING,R+C
1786981856.604,47.7,0.000,0.921,0.886,0.5031,-0.0702,9.84,-0.00843,0.199,0.700,0.000,-0.8703,-0.6366,TRACKING,R+C
1786981856.614,47.7,0.000,0.925,0.894,0.4926,-0.0679,6.38,-0.34632,0.165,0.180,0.000,-0.9979,-0.6583,TRACKING,R+C
1786981856.644,47.7,0.000,0.923,0.902,0.4893,-0.0615,6.81,-0.25447,0.175,0.180,0.000,-0.9410,-0.9184,TRACKING,R+C
1786981856.659,47.7,0.000,0.921,0.902,0.4877,-0.0606,7.57,-0.17846,0.182,0.180,0.000,-0.8897,-0.9124,TRACKING,R+C
1786981856.671,47.7,0.000,0.921,0.903,0.4764,-0.0559,5.43,-0.39571,0.160,0.700,0.000,-0.9274,-0.9425,TRACKING,R+C
1786981856.681,47.7,0.000,0.922,0.904,0.4727,-0.0515,3.56,-0.59690,0.150,0.180,0.000,-0.9489,-0.6738,TRACKING,R+C
1786981856.702,47.7,0.000,0.921,0.904,0.4721,-0.0511,3.67,-0.61099,0.150,0.180,0.000,-0.9488,-0.9255,TRACKING,R+C
1786981856.722,47.7,0.000,0.921,0.906,0.4611,-0.0464,2.21,-0.65360,0.150,0.700,0.000,-0.8707,-0.8936,TRACKING,R+C
1786981856.743,47.7,0.000,0.921,0.903,0.4609,-0.0427,0.52,-0.80975,0.150,0.700,0.000,-0.8008,-0.5834,TRACKING,R+C
1786981856.763,47.7,0.000,0.923,0.905,0.4585,-0.0413,1.13,-0.75547,0.150,0.700,0.000,-0.7957,-0.5351,TRACKING,R+C
1786981856.799,47.7,0.972,0.928,0.906,0.4113,-0.0357,2.13,-0.63078,0.150,0.180,0.000,-0.7442,-0.4986,TRACKING,L+C+R_fused
1786981856.819,47.7,0.971,0.925,0.901,0.4111,-0.0336,0.46,-0.89166,0.150,0.180,0.000,-0.6982,-0.6822,TRACKING,L+C+R_fused
1786981856.840,47.7,0.971,0.925,0.900,0.4108,-0.0339,-0.44,-1.01594,0.150,0.180,0.000,-0.6905,-0.7025,TRACKING,L+C+R_fused
1786981856.861,47.7,0.808,0.924,0.900,0.4158,-0.0338,-0.39,-1.00791,0.150,0.180,0.000,-0.6892,-0.7044,TRACKING,L+C+R_fused
1786981856.882,47.7,0.784,0.922,0.905,0.4144,-0.0340,0.31,-0.98586,0.150,0.180,0.000,-0.7115,-0.7241,TRACKING,L+C+R_fused
1786981856.903,47.7,0.784,0.922,0.905,0.4136,-0.0350,-0.70,-1.09749,0.150,0.180,0.000,-0.7068,-0.7232,TRACKING,L+C+R_fused
1786981856.924,47.7,0.706,0.923,0.901,0.4152,-0.0394,-2.05,-1.25922,0.150,0.180,0.000,-0.7411,-0.7533,TRACKING,L+C+R_fused
1786981856.945,47.7,0.731,0.920,0.903,0.4159,-0.0412,-1.79,-1.22008,0.150,0.700,0.000,-0.7649,-0.7782,TRACKING,L+C+R_fused
1786981856.965,47.7,0.731,0.920,0.903,0.4158,-0.0399,-0.39,-1.08857,0.150,0.700,0.000,-0.7750,-0.5523,TRACKING,L+C+R_fused
1786981856.975,47.7,0.000,0.928,0.903,0.4666,-0.0424,-1.93,-1.34196,0.150,0.700,0.000,-0.7906,-0.5289,TRACKING,R+C
1786981856.995,49.4,0.382,0.922,0.904,0.4175,-0.0463,-3.93,-1.67340,0.150,0.180,0.000,-0.8177,-0.5413,TRACKING,L+C+R_fused
1786981857.026,49.4,0.383,0.923,0.902,0.4110,-0.0452,-2.34,-1.44583,0.150,0.180,0.000,-0.8230,-0.7989,TRACKING,L+C+R_fused
1786981857.047,49.4,0.000,0.921,0.907,0.4772,-0.0497,-6.31,-2.08460,0.150,0.700,0.000,-0.8381,-0.8521,TRACKING,R+C
1786981857.069,49.4,0.000,0.917,0.903,0.4839,-0.0506,-7.05,-2.36914,0.150,0.180,0.000,-0.8615,-0.6146,TRACKING,R+C
1786981857.078,49.4,0.000,0.917,0.906,0.4817,-0.0500,-6.74,-2.34658,0.150,0.180,0.000,-0.8605,-0.8463,TRACKING,R+C
1786981857.098,49.4,0.000,0.923,0.905,0.4849,-0.0518,-7.24,-2.43346,0.150,0.700,0.000,-0.8759,-0.8933,TRACKING,R+C
1786981857.121,49.4,0.000,0.919,0.902,0.4925,-0.0483,-4.24,-2.24107,0.150,0.180,0.000,-0.8936,-0.6386,TRACKING,R+C
1786981857.148,49.4,0.000,0.922,0.904,0.4871,-0.0470,-4.24,-2.28715,0.150,0.180,0.000,-0.8859,-0.8723,TRACKING,R+C
1786981857.160,49.4,0.000,0.921,0.905,0.4945,-0.0423,-2.78,-2.24013,0.150,0.180,0.000,-0.8684,-0.8907,TRACKING,R+C
1786981857.181,49.4,0.000,0.923,0.901,0.4931,-0.0374,-3.11,-2.37226,0.150,0.180,0.000,-0.8220,-0.8539,TRACKING,R+C
1786981857.210,49.4,0.000,0.921,0.901,0.4929,-0.0373,-2.53,-2.30686,0.150,0.180,0.000,-0.8286,-0.8538,TRACKING,R+C
1786981857.232,49.4,0.874,0.920,0.898,0.4202,-0.0298,-1.68,-2.35199,0.150,0.180,0.000,-0.7721,-0.8053,TRACKING,L+C+R_fused
1786981857.242,49.4,0.000,0.921,0.895,0.4891,-0.0198,0.30,-2.21194,0.150,0.180,0.000,-0.6928,-0.7292,TRACKING,R+C
1786981857.263,49.4,0.000,0.922,0.896,0.4938,-0.0232,-1.44,-2.33074,0.150,0.180,0.000,-0.6959,-0.7208,TRACKING,R+C
1786981857.293,49.4,0.387,0.921,0.892,0.4281,-0.0148,-1.33,-2.42091,0.150,0.180,0.000,-0.5997,-0.6368,TRACKING,L+C+R_fused
1786981857.303,49.4,0.000,0.920,0.892,0.4835,-0.0032,3.74,-1.90919,0.150,0.180,0.000,-0.5410,-0.5723,TRACKING,R+C
1786981857.324,49.4,0.000,0.920,0.893,0.4848,-0.0029,3.08,-2.00740,0.150,0.180,0.000,-0.5273,-0.5514,TRACKING,R+C
1786981857.343,49.4,0.000,0.917,0.885,0.4804,0.0053,4.06,-1.96202,0.150,0.180,0.000,-0.4340,-0.4678,TRACKING,R+C
1786981857.364,49.4,0.000,0.919,0.891,0.4668,0.0132,5.35,-1.87221,0.150,0.180,0.000,-0.3459,-0.3793,TRACKING,R+C
1786981857.386,49.4,0.000,0.918,0.891,0.4744,0.0135,6.08,-1.77678,0.150,0.180,0.000,-0.3561,-0.3747,TRACKING,R+C
1786981857.406,49.4,0.000,0.917,0.893,0.4683,0.0204,5.82,-1.87628,0.150,0.180,0.000,-0.2470,-0.2805,TRACKING,R+C
1786981857.426,49.4,0.000,0.916,0.893,0.4591,0.0316,9.71,-1.46141,0.150,0.180,0.000,-0.1565,-0.1875,TRACKING,R+C
1786981857.455,49.4,0.000,0.919,0.893,0.4642,0.0276,7.40,-1.67306,0.150,0.180,0.000,-0.1578,-0.1753,TRACKING,R+C
1786981857.477,49.4,0.000,0.919,0.896,0.4503,0.0367,8.09,-1.73361,0.150,0.180,0.000,-0.0403,-0.0728,TRACKING,R+C
1786981857.488,49.4,0.000,0.916,0.899,0.4627,0.0431,8.57,-1.66983,0.150,0.180,0.000,0.0612,0.0302,TRACKING,R+C
1786981857.511,49.4,0.000,0.916,0.899,0.4415,0.0458,9.92,-1.56502,0.150,0.180,0.000,0.0638,0.0477,TRACKING,R+C
1786981857.534,49.4,0.000,0.916,0.896,0.4523,0.0523,10.96,-1.37544,0.150,0.180,0.000,0.1654,0.1386,TRACKING,R+C
1786981857.552,49.4,0.000,0.913,0.899,0.4231,0.0612,11.66,-1.38360,0.150,0.180,0.000,0.2830,0.2531,TRACKING,R+C
1786981857.572,49.4,0.000,0.912,0.898,0.4335,0.0621,11.39,-1.47732,0.150,0.180,0.000,0.2930,0.2782,TRACKING,R+C
1786981857.603,49.4,0.871,0.918,0.895,0.4337,0.0671,11.42,-1.51569,0.150,0.180,0.000,0.3673,0.3459,TRACKING,L+C+R_fused
1786981857.624,49.4,0.960,0.917,0.898,0.4479,0.0748,12.81,-1.35955,0.150,0.180,0.000,0.4555,0.4325,TRACKING,L+C+R_fused
1786981857.645,49.4,0.960,0.918,0.900,0.4382,0.0735,11.34,-1.53490,0.150,0.180,0.000,0.4696,0.4570,TRACKING,L+C+R_fused
1786981857.665,49.4,0.939,0.916,0.891,0.4369,0.0825,13.00,-1.46561,0.150,0.180,0.000,0.5465,0.5268,TRACKING,L+C+R_fused
1786981857.676,49.4,0.915,0.920,0.890,0.4425,0.0859,14.67,-1.16438,0.150,0.180,0.000,0.5749,0.5630,TRACKING,L+C+R_fused
1786981857.707,49.4,0.915,0.916,0.889,0.4448,0.0840,12.38,-1.50551,0.150,0.180,0.000,0.5863,0.5769,TRACKING,L+C+R_fused
1786981857.729,49.4,0.933,0.913,0.887,0.4427,0.0863,14.06,-1.34568,0.150,0.180,0.000,0.5769,0.5711,TRACKING,L+C+R_fused
1786981857.750,49.4,0.917,0.917,0.887,0.4573,0.0870,15.36,-1.24207,0.150,0.700,0.000,0.5493,0.5464,TRACKING,L+C+R_fused
1786981857.771,49.4,0.916,0.916,0.885,0.4408,0.0876,15.93,-1.17454,0.150,0.700,0.000,0.5453,0.3803,TRACKING,L+C+R_fused
1786981857.792,49.4,0.903,0.914,0.887,0.4501,0.0866,18.40,-0.90450,0.150,0.700,0.000,0.4693,0.3126,TRACKING,L+C+R_fused
1786981857.802,49.4,0.891,0.912,0.891,0.4424,0.0798,17.47,-1.07148,0.150,0.180,0.000,0.3737,0.2485,TRACKING,L+C+R_fused
1786981857.833,49.4,0.877,0.912,0.892,0.4483,0.0777,15.72,-1.30662,0.150,0.180,0.000,0.3783,0.3494,TRACKING,L+C+R_fused
1786981857.843,49.4,0.000,0.920,0.891,0.4456,0.0738,16.37,-1.28200,0.150,0.180,0.000,0.2866,0.2860,TRACKING,R+C
1786981857.872,49.4,0.000,0.915,0.897,0.4700,0.0721,18.73,-1.10640,0.150,0.180,0.000,0.1728,0.1785,TRACKING,R+C
1786981857.888,49.4,0.000,0.917,0.899,0.4558,0.0714,18.34,-1.11889,0.150,0.180,0.000,0.1775,0.1667,TRACKING,R+C
1786981857.901,49.4,0.000,0.915,0.893,0.4648,0.0636,17.32,-1.29537,0.150,0.180,0.000,0.0585,0.0616,TRACKING,R+C
1786981857.919,49.4,0.000,0.911,0.889,0.4704,0.0591,19.43,-1.03051,0.150,0.180,0.000,-0.0786,-0.0713,TRACKING,R+C
1786981857.941,49.4,0.000,0.911,0.889,0.4681,0.0570,18.11,-1.19165,0.150,0.180,0.000,-0.0794,-0.0923,TRACKING,R+C
1786981857.955,49.4,0.000,0.913,0.888,0.4729,0.0527,19.91,-1.00546,0.150,0.180,0.000,-0.2119,-0.2092,TRACKING,R+C
1786981857.976,49.4,0.000,0.910,0.880,0.4998,0.0473,19.91,-1.06298,0.150,0.180,0.000,-0.3141,-0.3152,TRACKING,R+C
1786981857.997,48.9,0.000,0.911,0.880,0.4879,0.0457,19.64,-1.04399,0.150,0.180,0.000,-0.3238,-0.3389,TRACKING,R+C
1786981858.028,48.9,0.000,0.911,0.880,0.4879,0.0366,15.71,-0.83519,0.150,0.180,0.000,-0.3238,-0.3424,TRACKING,prediction
1786981858.048,48.9,0.000,0.911,0.880,0.4879,0.0293,12.57,-0.66815,0.150,0.180,0.000,-0.3238,-0.3430,TRACKING,prediction
1786981858.060,48.9,0.000,0.911,0.880,0.4879,0.0234,10.05,-0.53452,0.150,0.180,0.000,-0.3238,-0.3431,TRACKING,prediction
1786981858.080,48.9,0.686,0.908,0.872,0.4173,0.0238,20.96,-0.92933,0.150,0.180,0.000,-0.6888,-0.6586,TRACKING,L+C+R_fused
1786981858.111,48.9,0.686,0.908,0.872,0.4173,0.0190,16.77,-0.74346,0.150,0.180,0.000,-0.6888,-0.7051,TRACKING,prediction
1786981858.132,48.9,0.686,0.908,0.872,0.4173,0.0152,13.42,-0.59477,0.150,0.180,0.000,-0.6888,-0.7121,TRACKING,prediction
1786981858.153,48.9,0.686,0.908,0.872,0.4173,0.0122,10.73,-0.47582,0.150,0.180,0.000,-0.6888,-0.7132,TRACKING,prediction
1786981858.163,48.9,0.000,0.916,0.876,0.5651,-0.0049,20.61,-0.95845,0.150,0.180,0.000,-0.9898,-0.9753,TRACKING,R+C
1786981858.184,48.9,0.000,0.910,0.877,0.5628,-0.0065,17.84,-1.40382,0.150,0.180,0.000,-0.9768,-1.0000,TRACKING,R+C
1786981858.215,48.9,0.000,0.910,0.877,0.5628,-0.0052,14.27,-1.12306,0.150,0.180,0.000,-0.9768,-1.0000,TRACKING,prediction
1786981858.235,48.9,0.382,0.918,0.883,0.4118,-0.0256,19.06,-1.13244,0.150,0.180,0.000,-1.0000,-1.0000,TRACKING,L+C+R_fused
1786981858.245,48.9,0.382,0.918,0.883,0.4118,-0.0205,15.25,-0.90596,0.150,0.180,0.000,-1.0000,-1.0000,TRACKING,prediction
1786981858.269,48.9,0.382,0.918,0.883,0.4118,-0.0164,12.20,-0.72476,0.150,0.180,0.000,-1.0000,-1.0000,TRACKING,prediction
1786981858.297,48.9,0.000,0.906,0.875,0.6011,-0.0459,18.85,-1.11992,0.150,0.180,0.000,-1.0000,-1.0000,TRACKING,R+C
1786981858.313,48.9,0.000,0.905,0.875,0.6018,-0.0433,20.54,-0.92647,0.150,0.180,0.000,-1.0000,-1.0000,TRACKING,R+C
1786981858.324,48.9,0.000,0.908,0.874,0.5919,-0.0566,19.39,-1.01693,0.150,0.180,0.000,-1.0000,-1.0000,TRACKING,R+C
1786981858.344,48.9,0.000,0.905,0.872,0.6075,-0.0660,20.12,-0.86479,0.150,0.180,0.000,-1.0000,-1.0000,TRACKING,R+C
1786981858.373,48.9,0.000,0.905,0.872,0.6042,-0.0653,20.45,-0.83414,0.150,0.180,0.000,-1.0000,-1.0000,TRACKING,R+C
1786981858.395,48.9,0.000,0.905,0.872,0.6042,-0.0522,16.36,-0.66731,0.150,0.180,0.000,-1.0000,-1.0000,TRACKING,prediction
1786981858.416,48.9,0.000,0.905,0.872,0.6042,-0.0418,13.09,-0.53385,0.150,0.180,0.000,-1.0000,-1.0000,TRACKING,prediction
1786981858.436,48.9,0.000,0.905,0.872,0.6042,-0.0334,10.47,-0.42708,0.150,0.180,0.000,-1.0000,-1.0000,TRACKING,prediction
1786981858.449,48.9,0.000,0.899,0.868,0.6077,-0.1018,16.85,-1.06826,0.150,0.180,0.000,-1.0000,-1.0000,TRACKING,R+C
1786981858.469,48.9,0.000,0.912,0.871,0.6151,-0.1100,16.80,-1.04115,0.150,0.180,0.000,-1.0000,-1.0000,TRACKING,R+C
1786981858.490,48.9,0.000,0.908,0.870,0.6151,-0.1134,14.96,-1.23543,0.150,0.180,0.000,-1.0000,-1.0000,TRACKING,R+C
1786981858.520,48.9,0.000,0.908,0.870,0.6119,-0.1176,17.01,-0.94120,0.150,0.180,0.000,-1.0000,-1.0000,TRACKING,R+C
1786981858.531,48.9,0.000,0.905,0.868,0.6086,-0.1299,13.90,-1.18898,0.150,0.700,0.000,-1.0000,-1.0000,TRACKING,R+C
1786981858.553,48.9,0.000,0.903,0.869,0.6105,-0.1250,17.01,-0.85891,0.150,0.700,0.000,-1.0000,-0.7313,TRACKING,R+C
1786981858.573,48.9,0.000,0.919,0.866,0.5995,-0.1304,14.88,-1.02459,0.150,0.700,0.000,-1.0000,-0.6869,TRACKING,R+C
1786981858.593,48.9,0.000,0.896,0.869,0.5920,-0.1345,12.22,-1.31337,0.150,0.180,0.000,-1.0000,-0.6803,TRACKING,R+C
1786981858.614,48.9,0.000,0.897,0.868,0.5924,-0.1328,13.50,-1.12750,0.150,0.180,0.000,-1.0000,-0.9981,TRACKING,R+C
1786981858.642,48.9,0.000,0.893,0.873,0.5838,-0.1338,13.07,-1.12182,0.150,0.180,0.000,-1.0000,-1.0000,TRACKING,R+C
1786981858.665,48.9,0.000,0.893,0.873,0.5838,-0.1071,10.45,-0.89746,0.150,0.180,0.000,-1.0000,-1.0000,TRACKING,prediction
1786981858.685,48.9,0.000,0.893,0.873,0.5838,-0.0856,8.36,-0.71797,0.150,0.180,0.000,-1.0000,-1.0000,TRACKING,prediction
1786981858.702,48.9,0.000,0.893,0.873,0.5838,-0.0685,6.69,-0.57437,0.150,0.180,0.000,-1.0000,-1.0000,TRACKING,prediction
1786981858.716,48.9,0.000,0.903,0.882,0.5669,-0.1321,12.40,-1.07543,0.150,0.180,0.000,-1.0000,-1.0000,TRACKING,R+C
1786981858.726,48.9,0.000,0.902,0.882,0.5644,-0.1327,11.60,-1.17364,0.150,0.180,0.000,-1.0000,-1.0000,TRACKING,R+C
1786981858.747,48.9,0.000,0.922,0.881,0.5465,-0.1321,12.21,-1.00364,0.150,0.180,0.000,-1.0000,-1.0000,TRACKING,R+C
1786981858.767,48.9,0.000,0.910,0.880,0.5371,-0.1339,9.17,-1.33398,0.150,0.180,0.000,-1.0000,-1.0000,TRACKING,R+C
1786981858.788,48.9,0.000,0.912,0.879,0.5429,-0.1335,9.31,-1.29767,0.150,0.180,0.000,-1.0000,-1.0000,TRACKING,R+C
1786981858.819,48.9,0.000,0.912,0.879,0.5429,-0.1068,7.45,-1.03814,0.150,0.180,0.000,-1.0000,-1.0000,TRACKING,prediction
1786981858.830,48.9,0.000,0.907,0.885,0.5378,-0.1283,12.27,-0.75766,0.150,0.180,0.000,-1.0000,-1.0000,TRACKING,R+C
1786981858.851,48.9,0.000,0.906,0.885,0.5371,-0.1294,10.60,-0.99287,0.150,0.180,0.000,-1.0000,-1.0000,TRACKING,R+C
1786981858.882,48.9,0.000,0.906,0.885,0.5371,-0.1036,8.48,-0.79430,0.150,0.180,0.000,-1.0000,-1.0000,TRACKING,prediction
1786981858.903,48.9,0.000,0.906,0.885,0.5371,-0.0828,6.79,-0.63544,0.150,0.180,0.000,-1.0000,-1.0000,TRACKING,prediction
1786981858.923,48.9,0.000,0.906,0.885,0.5371,-0.0663,5.43,-0.50835,0.150,0.180,0.000,-1.0000,-1.0000,TRACKING,prediction
1786981858.943,48.9,0.000,0.912,0.886,0.5171,-0.1262,8.51,-1.04822,0.150,0.180,0.000,-1.0000,-1.0000,TRACKING,R+C
1786981858.955,48.9,0.000,0.916,0.887,0.5165,-0.1240,8.75,-1.00301,0.150,0.180,0.000,-1.0000,-1.0000,TRACKING,R+C
1786981858.976,48.9,0.000,0.915,0.889,0.5179,-0.1245,8.38,-1.04610,0.150,0.180,0.000,-1.0000,-1.0000,TRACKING,R+C
1786981858.996,48.9,0.000,0.913,0.889,0.5145,-0.1230,8.14,-1.02281,0.150,0.180,0.000,-1.0000,-1.0000,TRACKING,R+C
1786981859.027,48.6,0.000,0.913,0.889,0.5145,-0.0984,6.51,-0.81825,0.150,0.180,0.000,-1.0000,-1.0000,TRACKING,prediction
1786981859.047,48.6,0.000,0.913,0.889,0.5145,-0.0787,5.21,-0.65460,0.150,0.180,0.000,-1.0000,-1.0000,TRACKING,prediction
1786981859.067,48.6,0.000,0.913,0.889,0.5145,-0.0630,4.17,-0.52368,0.150,0.180,0.000,-1.0000,-1.0000,TRACKING,prediction
1786981859.081,48.6,0.000,0.941,0.897,0.5050,-0.1185,5.18,-1.20526,0.150,0.180,0.000,-1.0000,-1.0000,TRACKING,R+C
1786981859.098,48.6,0.000,0.941,0.898,0.5083,-0.1182,5.45,-1.18183,0.150,0.180,0.000,-1.0000,-1.0000,TRACKING,R+C
1786981859.120,48.6,0.000,0.941,0.898,0.5083,-0.0945,4.36,-0.94546,0.150,0.180,0.000,-1.0000,-1.0000,TRACKING,prediction
1786981859.140,48.6,0.000,0.941,0.898,0.5083,-0.0756,3.49,-0.75637,0.150,0.180,0.000,-1.0000,-1.0000,TRACKING,prediction
1786981859.160,48.6,0.000,0.941,0.898,0.5083,-0.0605,2.79,-0.60510,0.150,0.180,0.000,-1.0000,-1.0000,TRACKING,prediction
1786981859.179,48.6,0.000,0.938,0.906,0.4991,-0.1081,5.43,-1.06741,0.150,0.700,0.000,-1.0000,-1.0000,TRACKING,R+C
1786981859.193,48.6,0.000,0.950,0.907,0.4997,-0.1024,7.43,-0.74309,0.150,0.180,0.000,-1.0000,-0.7229,TRACKING,R+C
1786981859.211,48.6,0.000,0.950,0.905,0.5009,-0.1024,7.43,-0.74309,0.150,0.180,0.000,-1.0000,-0.9910,TRACKING,R+C
1786981859.240,48.6,0.000,0.947,0.906,0.4893,-0.1013,4.91,-1.03014,0.150,0.180,0.000,-1.0000,-1.0000,TRACKING,R+C
1786981859.254,48.6,0.000,0.951,0.913,0.4890,-0.0988,6.38,-0.79767,0.150,0.700,0.000,-1.0000,-1.0000,TRACKING,R+C
1786981859.282,48.6,0.000,0.951,0.910,0.4915,-0.0988,6.38,-0.79767,0.150,0.700,0.000,-1.0000,-0.7220,TRACKING,R+C
1786981859.302,48.6,0.000,0.952,0.910,0.4887,-0.0995,5.33,-0.87443,0.150,0.700,0.000,-1.0000,-0.6774,TRACKING,R+C
1786981859.315,48.6,0.000,0.950,0.906,0.4828,-0.1012,5.41,-0.86836,0.150,0.180,0.000,-1.0000,-0.6709,TRACKING,R+C
1786981859.337,48.6,0.000,0.950,0.906,0.4796,-0.1012,5.41,-0.86836,0.150,0.180,0.000,-1.0000,-0.9821,TRACKING,R+C
1786981859.366,48.6,0.000,0.948,0.906,0.4795,-0.1051,5.39,-0.88761,0.150,0.180,0.000,-1.0000,-1.0000,TRACKING,R+C
1786981859.378,48.6,0.000,0.948,0.904,0.4738,-0.1115,6.08,-0.74132,0.150,0.180,0.000,-1.0000,-1.0000,TRACKING,R+C
1786981859.408,48.6,0.000,0.947,0.904,0.4790,-0.1113,6.26,-0.72383,0.150,0.180,0.000,-1.0000,-1.0000,TRACKING,R+C
1786981859.419,48.6,0.000,0.949,0.908,0.4786,-0.1177,6.15,-0.69925,0.150,0.180,0.000,-1.0000,-1.0000,TRACKING,R+C
1786981859.442,48.6,0.000,0.943,0.899,0.4743,-0.1262,3.60,-1.00336,0.150,0.180,0.000,-1.0000,-1.0000,TRACKING,R+C
1786981859.462,48.6,0.000,0.943,0.899,0.4723,-0.1261,3.78,-0.97675,0.150,0.180,0.000,-1.0000,-1.0000,TRACKING,R+C
1786981859.492,48.6,0.000,0.945,0.902,0.4796,-0.1312,4.30,-0.94972,0.150,0.180,0.000,-1.0000,-1.0000,TRACKING,R+C
1786981859.516,48.6,0.000,0.944,0.900,0.4864,-0.1384,3.23,-1.00968,0.150,0.180,0.000,-1.0000,-1.0000,TRACKING,R+C
1786981859.529,48.6,0.000,0.940,0.900,0.4769,-0.1398,1.23,-1.26564,0.150,0.180,0.000,-1.0000,-1.0000,TRACKING,R+C
1786981859.553,48.6,0.000,0.942,0.901,0.4736,-0.1442,1.69,-1.20523,0.150,0.180,0.000,-1.0000,-1.0000,TRACKING,R+C
1786981859.582,48.6,0.000,0.947,0.902,0.4761,-0.1468,2.51,-1.08284,0.150,0.180,0.000,-1.0000,-1.0000,TRACKING,R+C
1786981859.594,48.6,0.000,0.947,0.903,0.4758,-0.1470,2.40,-1.09096,0.150,0.180,0.000,-1.0000,-1.0000,TRACKING,R+C
1786981859.624,48.6,0.000,0.945,0.903,0.4764,-0.1477,4.09,-0.87569,0.150,0.180,0.000,-1.0000,-1.0000,TRACKING,R+C
1786981859.645,48.6,0.000,0.942,0.906,0.4752,-0.1482,2.01,-1.07207,0.150,0.180,0.000,-1.0000,-1.0000,TRACKING,R+C
1786981859.656,48.6,0.000,0.942,0.906,0.4769,-0.1487,1.83,-1.07819,0.150,0.180,0.000,-1.0000,-1.0000,TRACKING,R+C
1786981859.676,48.6,0.000,0.929,0.913,0.4692,-0.1457,0.74,-1.18274,0.150,0.180,0.000,-1.0000,-1.0000,TRACKING,R+C
1786981859.697,48.6,0.000,0.937,0.912,0.4695,-0.1403,2.96,-0.86548,0.150,0.180,0.000,-1.0000,-1.0000,TRACKING,R+C
1786981859.718,48.6,0.000,0.938,0.911,0.4708,-0.1409,2.85,-0.86090,0.150,0.180,0.000,-1.0000,-1.0000,TRACKING,R+C
1786981859.739,48.6,0.000,0.940,0.914,0.4741,-0.1383,1.50,-0.98790,0.150,0.180,0.000,-1.0000,-1.0000,TRACKING,R+C
1786981859.771,48.6,0.000,0.940,0.914,0.4741,-0.1106,1.20,-0.79032,0.150,0.700,0.000,-1.0000,-1.0000,TRACKING,prediction
1786981859.792,48.6,0.000,0.940,0.914,0.4741,-0.0885,0.96,-0.63225,0.150,0.700,0.000,-1.0000,-0.7253,TRACKING,prediction
1786981859.802,48.6,0.000,0.942,0.915,0.4651,-0.1274,2.18,-0.85603,0.150,0.180,0.000,-1.0000,-0.6791,TRACKING,R+C
1786981859.833,48.6,0.000,0.942,0.915,0.4651,-0.1019,1.74,-0.68482,0.150,0.180,0.000,-1.0000,-0.9857,TRACKING,prediction
1786981859.853,48.6,0.000,0.942,0.915,0.4651,-0.0815,1.39,-0.54786,0.150,0.180,0.000,-1.0000,-1.0000,TRACKING,prediction
1786981859.873,48.6,0.000,0.943,0.910,0.4588,-0.1181,1.18,-0.88630,0.150,0.700,0.000,-1.0000,-1.0000,TRACKING,R+C
1786981859.886,48.6,0.000,0.945,0.913,0.4567,-0.1129,0.78,-0.89666,0.150,0.700,0.000,-1.0000,-0.7212,TRACKING,R+C
1786981859.915,48.6,0.000,0.945,0.912,0.4543,-0.1133,0.48,-0.92490,0.150,0.700,0.000,-1.0000,-0.6767,TRACKING,R+C
1786981859.935,48.6,0.000,0.945,0.912,0.4543,-0.0907,0.38,-0.73992,0.150,0.180,0.000,-1.0000,-0.6701,TRACKING,prediction
1786981859.945,48.6,0.000,0.949,0.917,0.4478,-0.1026,1.07,-0.80936,0.150,0.180,0.000,-1.0000,-0.9778,TRACKING,R+C
1786981859.969,48.6,0.000,0.949,0.918,0.4496,-0.1026,1.07,-0.80936,0.150,0.180,0.000,-1.0000,-1.0000,TRACKING,R+C
1786981860.000,48.6,0.367,0.947,0.915,0.8065,-0.0976,0.44,-0.85190,0.150,0.180,0.000,-1.0000,-1.0000,TRACKING,L+C+R_fused
1786981860.021,48.6,0.367,0.947,0.915,0.8065,-0.0780,0.35,-0.68152,0.150,0.180,0.000,-1.0000,-1.0000,TRACKING,prediction
1786981860.042,48.2,0.367,0.947,0.915,0.8065,-0.0624,0.28,-0.54522,0.150,0.180,0.000,-1.0000,-1.0000,TRACKING,prediction
1786981860.055,48.2,0.367,0.947,0.915,0.8065,-0.0499,0.22,-0.43617,0.150,0.700,0.000,-1.0000,-1.0000,TRACKING,prediction
1786981860.074,48.2,0.367,0.947,0.915,0.8065,-0.0400,0.18,-0.34894,0.150,0.700,0.000,-1.0000,-0.7190,TRACKING,prediction
1786981860.098,48.2,0.367,0.947,0.915,0.8065,-0.0320,0.14,-0.27915,0.150,0.180,0.000,-1.0000,-0.6744,TRACKING,prediction
1786981860.119,48.2,0.932,0.946,0.918,0.4055,-0.0709,0.77,-0.84966,0.150,0.180,0.000,-1.0000,-0.9720,TRACKING,L+C+R_fused
1786981860.139,48.2,0.932,0.951,0.926,0.4115,-0.0638,1.91,-0.71743,0.150,0.180,0.000,-1.0000,-1.0000,TRACKING,L+C+R_fused
1786981860.160,48.2,0.934,0.951,0.925,0.4137,-0.0638,1.91,-0.71743,0.150,0.180,0.000,-1.0000,-1.0000,TRACKING,L+C+R_fused
1786981860.180,48.2,0.934,0.951,0.925,0.4137,-0.0510,1.53,-0.57394,0.150,0.700,0.000,-1.0000,-1.0000,TRACKING,prediction
1786981860.202,48.2,0.934,0.951,0.925,0.4137,-0.0408,1.22,-0.45915,0.150,0.700,0.000,-1.0000,-0.7149,TRACKING,prediction
1786981860.212,48.2,0.934,0.951,0.925,0.4137,-0.0327,0.98,-0.36732,0.150,0.700,0.000,-1.0000,-0.6703,TRACKING,prediction
1786981860.242,48.2,0.934,0.951,0.925,0.4137,-0.0261,0.78,-0.29386,0.150,0.180,0.000,-1.0000,-0.6636,TRACKING,prediction
1786981860.253,48.2,0.934,0.951,0.925,0.4137,-0.0209,0.62,-0.23509,0.150,0.180,0.000,-1.0000,-0.9694,TRACKING,prediction
1786981860.275,48.2,0.934,0.951,0.925,0.4137,-0.0167,0.50,-0.18807,0.150,0.180,0.000,-1.0000,-1.0000,TRACKING,prediction
1786981860.295,48.2,0.934,0.951,0.925,0.4137,-0.0134,0.40,-0.15046,0.150,0.180,0.000,-1.0000,-1.0000,TRACKING,prediction
1786981860.325,48.2,0.934,0.951,0.925,0.4137,-0.0107,0.32,-0.12036,0.150,0.180,0.000,-1.0000,-1.0000,TRACKING,prediction
1786981860.345,48.2,0.934,0.951,0.925,0.4137,-0.0086,0.26,-0.09629,0.150,0.180,0.000,-1.0000,-1.0000,TRACKING,prediction
1786981860.365,48.2,0.934,0.951,0.925,0.4137,-0.0068,0.20,-0.07703,0.150,0.180,0.000,-1.0000,-1.0000,TRACKING,prediction
1786981860.379,48.2,0.934,0.951,0.925,0.4137,-0.0055,0.16,-0.06163,0.150,0.700,0.000,-1.0000,-1.0000,TRACKING,prediction
1786981860.410,48.2,0.934,0.951,0.925,0.4137,-0.0044,0.13,-0.04930,0.150,0.700,0.000,-1.0000,-0.7149,TRACKING,prediction
1786981860.421,48.2,0.000,0.951,0.932,0.4571,-0.0693,3.45,-0.64560,0.150,0.700,0.000,-1.0000,-0.6715,TRACKING,R+C
1786981860.442,48.2,0.000,0.955,0.926,0.4669,-0.0739,3.57,-0.58976,0.150,0.180,0.000,-1.0000,-0.6652,TRACKING,R+C
1786981860.461,48.2,0.000,0.955,0.927,0.4597,-0.0740,3.53,-0.59302,0.150,0.180,0.000,-1.0000,-0.9720,TRACKING,R+C
1786981860.482,48.2,0.000,0.956,0.927,0.4682,-0.0776,3.29,-0.61944,0.150,0.180,0.000,-1.0000,-1.0000,TRACKING,R+C
1786981860.502,48.2,0.000,0.955,0.924,0.4697,-0.0824,2.31,-0.77227,0.150,0.180,0.000,-1.0000,-1.0000,TRACKING,R+C
1786981860.523,48.2,0.000,0.955,0.922,0.4725,-0.0824,2.31,-0.77227,0.150,0.180,0.000,-1.0000,-1.0000,TRACKING,R+C
1786981860.544,48.2,0.000,0.953,0.930,0.4715,-0.0862,3.07,-0.69281,0.150,0.180,0.000,-1.0000,-1.0000,TRACKING,R+C
1786981860.565,48.2,0.000,0.953,0.928,0.4782,-0.0905,2.28,-0.82704,0.150,0.180,0.000,-1.0000,-1.0000,TRACKING,R+C
1786981860.585,48.2,0.000,0.953,0.929,0.4732,-0.0905,2.28,-0.82704,0.150,0.180,0.000,-1.0000,-1.0000,TRACKING,R+C
1786981860.606,48.2,0.000,0.954,0.926,0.4834,-0.0944,3.58,-0.65603,0.150,0.180,0.000,-1.0000,-1.0000,TRACKING,R+C
1786981860.627,48.2,0.000,0.953,0.918,0.4779,-0.0987,3.85,-0.58168,0.150,0.180,0.000,-1.0000,-1.0000,TRACKING,R+C
1786981860.649,48.2,0.000,0.953,0.921,0.4755,-0.0987,3.85,-0.58168,0.150,0.180,0.000,-1.0000,-1.0000,TRACKING,R+C
1786981860.667,48.2,0.000,0.948,0.926,0.4730,-0.1015,4.89,-0.53475,0.150,0.180,0.000,-1.0000,-1.0000,TRACKING,R+C
1786981860.689,48.2,0.000,0.951,0.930,0.4807,-0.1055,5.39,-0.44691,0.155,0.180,0.000,-1.0000,-1.0000,TRACKING,R+C
1786981860.709,48.2,0.000,0.951,0.930,0.4796,-0.1055,5.39,-0.44691,0.155,0.180,0.000,-1.0000,-1.0000,TRACKING,R+C
1786981860.733,48.2,0.000,0.949,0.919,0.4643,-0.1131,2.19,-0.74744,0.150,0.180,0.000,-1.0000,-1.0000,TRACKING,R+C
1786981860.755,48.2,0.000,0.945,0.921,0.4646,-0.1160,7.22,0.21282,0.179,0.180,0.000,-1.0000,-1.0000,TRACKING,R+C
1786981860.775,48.2,0.000,0.945,0.920,0.4697,-0.1160,7.28,0.22234,0.178,0.180,0.000,-1.0000,-1.0000,TRACKING,R+C
1786981860.796,48.2,0.000,0.945,0.919,0.4707,-0.1226,5.64,0.00722,0.199,0.180,0.000,-1.0000,-1.0000,TRACKING,R+C
1786981860.817,48.2,0.000,0.945,0.919,0.4707,-0.0981,4.51,0.00578,0.199,0.180,0.000,-1.0000,-1.0000,TRACKING,prediction
1786981860.848,48.2,0.000,0.945,0.919,0.4707,-0.0785,3.61,0.00462,0.199,0.180,0.000,-1.0000,-1.0000,TRACKING,prediction
1786981860.858,48.2,0.000,0.945,0.919,0.4707,-0.0628,2.89,0.00370,0.199,0.180,0.000,-1.0000,-1.0000,TRACKING,prediction
1786981860.879,48.2,0.000,0.919,0.909,0.5428,-0.1400,1.86,-1.42941,0.150,0.180,0.000,-1.0000,-1.0000,TRACKING,R+C
1786981860.899,48.2,0.000,0.918,0.913,0.5251,-0.1408,1.06,-1.47997,0.150,0.180,0.000,-1.0000,-1.0000,TRACKING,R+C
1786981860.931,48.2,0.000,0.918,0.913,0.5251,-0.1127,0.85,-1.18398,0.150,0.180,0.000,-1.0000,-1.0000,TRACKING,prediction
1786981860.941,48.2,0.000,0.903,0.901,0.5228,-0.1571,-3.32,-1.74843,0.150,0.180,0.000,-1.0000,-1.0000,TRACKING,R+C
1786981860.966,48.2,0.000,0.908,0.901,0.4896,-0.1573,-3.21,-1.69395,0.150,0.180,0.000,-1.0000,-1.0000,TRACKING,R+C
1786981860.982,48.2,0.000,0.912,0.904,0.4938,-0.1632,-3.51,-1.66963,0.150,0.180,0.000,-1.0000,-1.0000,TRACKING,R+C
1786981861.003,48.2,0.000,0.906,0.912,0.4897,-0.1663,-1.55,-1.51612,0.150,0.180,0.000,-1.0000,-1.0000,TRACKING,R+C
1786981861.023,48.2,0.000,0.912,0.913,0.4849,-0.1656,-0.63,-1.38807,0.150,0.180,0.000,-1.0000,-1.0000,TRACKING,R+C
1786981861.044,48.9,0.000,0.905,0.912,0.4919,-0.1689,0.63,-1.31204,0.150,0.180,0.000,-1.0000,-1.0000,TRACKING,R+C
1786981861.076,48.9,0.000,0.900,0.920,0.4990,-0.1712,2.53,-1.05307,0.150,0.180,0.000,-1.0000,-1.0000,TRACKING,R+C
1786981861.087,48.9,0.000,0.901,0.918,0.4922,-0.1711,2.62,-1.04927,0.150,0.180,0.000,-1.0000,-1.0000,TRACKING,R+C
1786981861.108,48.9,0.000,0.893,0.925,0.5060,-0.1763,-0.08,-1.28789,0.150,0.180,0.000,-1.0000,-1.0000,TRACKING,R+C
1786981861.129,48.9,0.000,0.883,0.931,0.4914,-0.1742,2.71,-1.01679,0.150,0.180,0.000,-1.0000,-1.0000,TRACKING,R+C
1786981861.158,48.9,0.000,0.886,0.930,0.4884,-0.1744,2.22,-1.08693,0.150,0.180,0.000,-1.0000,-1.0000,TRACKING,R+C
1786981861.179,48.9,0.000,0.884,0.929,0.4924,-0.1752,0.46,-1.26239,0.150,0.180,0.000,-1.0000,-1.0000,TRACKING,R+C
1786981861.192,48.9,0.000,0.895,0.922,0.4933,-0.1743,-0.96,-1.39913,0.150,0.180,0.000,-1.0000,-1.0000,TRACKING,R+C
1786981861.213,48.9,0.000,0.889,0.921,0.4930,-0.1700,3.26,-0.96988,0.150,0.180,0.000,-1.0000,-1.0000,TRACKING,R+C
1786981861.234,48.9,0.000,0.892,0.919,0.4810,-0.1707,-0.45,-1.33749,0.150,0.700,0.000,-1.0000,-1.0000,TRACKING,R+C
1786981861.254,48.9,0.000,0.890,0.916,0.4911,-0.1703,-2.96,-1.62621,0.150,0.180,0.000,-1.0000,-0.7301,TRACKING,R+C
1786981861.275,48.9,0.000,0.890,0.917,0.4895,-0.1703,-2.85,-1.61559,0.150,0.180,0.000,-1.0000,-1.0000,TRACKING,R+C
1786981861.305,48.9,0.000,0.890,0.917,0.4895,-0.1362,-2.28,-1.29247,0.150,0.180,0.000,-1.0000,-1.0000,TRACKING,prediction
1786981861.326,48.9,0.000,0.890,0.917,0.4895,-0.1090,-1.83,-1.03398,0.150,0.180,0.000,-1.0000,-1.0000,TRACKING,prediction
1786981861.347,48.9,0.000,0.890,0.917,0.4895,-0.0872,-1.46,-0.82718,0.150,0.180,0.000,-1.0000,-1.0000,TRACKING,prediction
1786981861.368,48.9,0.000,0.890,0.917,0.4895,-0.0697,-1.17,-0.66175,0.150,0.700,0.000,-1.0000,-1.0000,TRACKING,prediction
1786981861.389,48.9,0.000,0.890,0.917,0.4895,-0.0558,-0.93,-0.52940,0.150,0.700,0.000,-1.0000,-0.7301,TRACKING,prediction
1786981861.409,48.9,0.000,0.890,0.917,0.4895,-0.0446,-0.75,-0.42352,0.150,0.700,0.000,-1.0000,-0.6855,TRACKING,prediction
1786981861.429,48.9,0.000,0.890,0.917,0.4895,-0.0357,-0.60,-0.33881,0.150,0.700,0.000,-1.0000,-0.6788,TRACKING,prediction
1786981861.451,48.9,0.000,0.890,0.917,0.4895,-0.0286,-0.48,-0.27105,0.150,0.700,0.000,-1.0000,-0.6778,TRACKING,prediction
1786981861.472,48.9,0.000,0.890,0.917,0.4895,-0.0229,-0.38,-0.21684,0.150,0.700,0.000,-1.0000,-0.6776,TRACKING,prediction
1786981861.484,48.9,0.000,0.870,0.915,0.4938,-0.1767,-0.73,-1.36759,0.150,0.180,0.000,-1.0000,-0.6783,TRACKING,R+C
1786981861.504,48.9,0.000,0.886,0.923,0.5070,-0.1749,6.28,-0.62261,0.150,0.700,0.000,-1.0000,-0.9967,TRACKING,R+C
1786981861.524,48.9,0.000,0.885,0.922,0.5086,-0.1726,8.02,-0.48866,0.151,0.700,0.000,-1.0000,-0.7229,TRACKING,R+C
1786981861.545,48.9,0.000,0.885,0.922,0.5086,-0.1381,6.42,-0.39093,0.151,0.180,0.000,-1.0000,-0.6849,TRACKING,prediction
1786981861.574,48.9,0.000,0.884,0.919,0.4950,-0.1853,5.28,-0.62186,0.150,0.700,0.000,-1.0000,-0.9990,TRACKING,R+C
1786981861.595,48.9,0.000,0.886,0.919,0.4951,-0.1844,5.76,-0.58753,0.150,0.700,0.000,-1.0000,-0.7237,TRACKING,R+C
1786981861.606,48.9,0.000,0.913,0.930,0.5173,-0.1847,8.10,-0.31462,0.169,0.700,0.000,-1.0000,-0.6857,TRACKING,R+C
1786981861.626,48.9,0.000,0.912,0.934,0.5131,-0.1859,6.65,-0.60574,0.150,0.180,0.000,-1.0000,-0.6807,TRACKING,R+C
1786981861.647,48.9,0.000,0.915,0.935,0.5341,-0.1853,6.80,-0.63240,0.150,0.180,0.000,-1.0000,-0.9997,TRACKING,R+C
1786981861.666,48.9,0.000,0.848,0.925,0.4889,-0.1887,4.15,-0.82100,0.150,0.180,0.000,-1.0000,-1.0000,TRACKING,R+C
1786981861.687,48.9,0.000,0.919,0.925,0.5012,-0.1876,5.73,-0.70791,0.150,0.700,0.000,-1.0000,-1.0000,TRACKING,R+C
1786981861.708,48.9,0.000,0.920,0.927,0.5029,-0.1863,7.54,-0.49040,0.151,0.700,0.000,-1.0000,-0.7320,TRACKING,R+C
1786981861.734,48.9,0.000,0.928,0.925,0.5016,-0.1838,4.58,-0.80374,0.150,0.700,0.000,-1.0000,-0.6872,TRACKING,R+C
1786981861.754,48.9,0.000,0.949,0.925,0.4952,-0.1851,-0.70,-1.21198,0.150,0.700,0.000,-1.0000,-0.6798,TRACKING,R+C
1786981861.784,48.9,0.000,0.949,0.925,0.4928,-0.1851,-0.70,-1.21198,0.150,0.700,0.000,-1.0000,-0.6788,TRACKING,R+C
1786981861.796,48.9,0.000,0.380,0.934,0.5559,-0.1653,12.90,-0.00000,0.200,0.700,0.000,-1.0000,-0.6776,TRACKING,R+C
1786981861.809,48.9,0.000,0.911,0.919,0.5019,-0.1737,5.45,-0.58060,0.150,0.180,0.000,-1.0000,-0.6774,TRACKING,R+C
1786981861.827,48.9,0.000,0.911,0.919,0.5030,-0.1733,5.90,-0.54838,0.150,0.180,0.000,-1.0000,-0.9954,TRACKING,R+C
1786981861.851,48.9,0.000,0.937,0.925,0.5129,-0.1744,0.67,-1.22252,0.150,0.180,0.000,-1.0000,-1.0000,TRACKING,R+C
1786981861.873,48.9,0.000,0.937,0.000,0.5129,0.1571,21.56,-1.01103,0.150,0.700,0.000,1.0000,-0.1392,TRACKING,C_only
1786981861.883,48.9,0.000,0.937,0.000,0.5129,0.1561,19.23,-1.80972,0.150,0.700,0.000,1.0000,0.2815,TRACKING,C_only
1786981861.893,48.9,0.000,0.886,0.916,0.5107,-0.1667,1.10,-1.31499,0.150,0.180,0.000,-1.0000,-0.1699,TRACKING,R+C
1786981861.917,48.9,0.000,0.961,0.922,0.5175,-0.1627,1.61,-1.09426,0.150,0.180,0.000,-1.0000,-0.9175,TRACKING,R+C
1786981861.935,48.9,0.000,0.961,0.922,0.5167,-0.1627,1.61,-1.09426,0.150,0.180,0.000,-1.0000,-1.0000,TRACKING,R+C
1786981861.963,48.9,0.000,0.961,0.922,0.5167,-0.1302,1.29,-0.87541,0.150,0.700,0.000,-1.0000,-1.0000,TRACKING,prediction
1786981861.982,48.9,0.000,0.961,0.922,0.5167,-0.1041,1.03,-0.70033,0.150,0.180,0.000,-1.0000,-0.7285,TRACKING,prediction
1786981861.994,48.9,0.000,0.961,0.922,0.5167,-0.0833,0.83,-0.56026,0.150,0.180,0.000,-1.0000,-1.0000,TRACKING,prediction
1786981862.026,48.9,0.892,0.958,0.922,0.4306,-0.1525,-0.13,-1.51263,0.150,0.180,0.000,-1.0000,-1.0000,TRACKING,L+C+R_fused
1786981862.046,48.9,0.892,0.958,0.922,0.4306,-0.1220,-0.10,-1.21010,0.150,0.180,0.000,-1.0000,-1.0000,TRACKING,prediction
1786981862.066,48.9,0.892,0.958,0.922,0.4306,-0.0976,-0.08,-0.96808,0.150,0.180,0.000,-1.0000,-1.0000,TRACKING,prediction
1786981862.077,48.9,0.000,0.959,0.914,0.5340,-0.1403,1.86,-1.34040,0.150,0.180,0.000,-1.0000,-1.0000,TRACKING,R+C
1786981862.102,48.9,0.000,0.936,0.000,0.5340,0.1922,21.25,-0.53931,0.150,0.700,0.000,1.0000,-0.1341,TRACKING,C_only
1786981862.112,48.9,0.000,0.936,0.000,0.5340,0.1929,22.46,-0.24881,0.175,0.700,0.000,1.0000,0.2852,TRACKING,C_only
1786981862.133,48.9,0.000,0.936,0.000,0.5340,0.1543,17.97,-0.19905,0.175,0.180,0.000,1.0000,0.6039,TRACKING,prediction
1786981862.143,48.9,0.000,0.957,0.922,0.5204,-0.1268,3.85,-1.08312,0.150,0.180,0.000,-1.0000,-0.2966,TRACKING,R+C
1786981862.164,48.9,0.000,0.957,0.921,0.5214,-0.1268,3.85,-1.07938,0.150,0.180,0.000,-1.0000,-0.9288,TRACKING,R+C
1786981862.185,48.9,0.000,0.935,0.000,0.5214,0.1997,14.55,-2.53142,0.150,0.700,0.000,1.0000,-0.0321,TRACKING,C_only
1786981862.205,48.9,0.000,0.935,0.000,0.5214,0.1598,11.64,-2.02513,0.150,0.180,0.000,1.0000,0.3902,TRACKING,prediction
1786981862.227,48.9,0.000,0.935,0.000,0.5214,0.1278,9.31,-1.62011,0.150,0.180,0.000,1.0000,0.9144,TRACKING,prediction
1786981862.241,48.9,0.000,0.956,0.919,0.5208,-0.1186,2.94,-1.43795,0.150,0.700,0.000,-1.0000,0.0173,TRACKING,R+C
1786981862.261,48.9,0.000,0.956,0.919,0.5208,-0.0949,2.35,-1.15036,0.150,0.700,0.000,-1.0000,-0.3904,TRACKING,prediction
1786981862.287,48.9,0.000,0.956,0.919,0.5208,-0.0759,1.88,-0.92029,0.150,0.700,0.000,-1.0000,-0.6309,TRACKING,prediction
1786981862.296,48.9,0.000,0.931,0.878,0.5329,-0.1170,9.16,-0.87767,0.150,0.700,0.000,-1.0000,-0.6675,TRACKING,R+C
1786981862.317,48.9,0.000,0.956,0.921,0.5346,-0.1268,5.21,-1.38919,0.150,0.700,0.000,-1.0000,-0.6744,TRACKING,R+C
1786981862.345,48.9,0.000,0.956,0.920,0.5324,-0.1268,5.21,-1.38919,0.150,0.700,0.000,-1.0000,-0.6752,TRACKING,R+C
1786981862.365,48.9,0.000,0.956,0.920,0.5324,-0.1014,4.17,-1.11135,0.150,0.700,0.000,-1.0000,-0.6753,TRACKING,prediction
1786981862.383,48.9,0.000,0.956,0.916,0.5387,-0.1449,7.53,-1.10598,0.150,0.180,0.000,-1.0000,-0.6775,TRACKING,R+C
1786981862.393,48.9,0.000,0.957,0.911,0.5268,-0.1446,8.04,-1.03084,0.150,0.180,0.000,-1.0000,-0.9953,TRACKING,R+C
1786981862.414,48.9,0.000,0.957,0.911,0.5268,-0.1157,6.43,-0.82467,0.150,0.700,0.000,-1.0000,-1.0000,TRACKING,prediction
1786981862.446,48.9,0.000,0.957,0.911,0.5268,-0.0926,5.14,-0.65974,0.150,0.180,0.000,-1.0000,-0.7287,TRACKING,prediction
1786981862.467,48.9,0.000,0.957,0.911,0.5268,-0.0740,4.12,-0.52779,0.150,0.180,0.000,-1.0000,-1.0000,TRACKING,prediction
1786981862.476,48.9,0.000,0.961,0.905,0.5482,-0.1661,11.49,-0.49513,0.150,0.180,0.000,-1.0000,-1.0000,TRACKING,R+C
1786981862.496,48.9,0.000,0.379,0.915,0.5260,-0.1746,12.61,0.00000,0.200,0.700,0.000,-1.0000,-1.0000,TRACKING,R+C
1786981862.525,48.9,0.000,0.379,0.915,0.5359,-0.1746,12.61,0.00000,0.200,0.700,0.000,-1.0000,-0.7309,TRACKING,R+C
1786981862.544,48.9,0.000,0.379,0.915,0.5359,-0.1397,10.09,0.00000,0.200,0.180,0.000,-1.0000,-0.6864,TRACKING,prediction
1786981862.553,48.9,0.000,0.712,0.918,0.5516,-0.1811,16.08,0.95796,0.150,0.700,0.000,-1.0000,-0.9942,TRACKING,R+C
1786981862.574,48.9,0.000,0.712,0.917,0.4873,-0.1811,16.08,0.95796,0.150,0.700,0.000,-1.0000,-0.7209,TRACKING,R+C
1786981862.584,48.9,0.000,0.959,0.867,0.6218,-0.1870,14.44,0.15031,0.185,0.180,0.000,-1.0000,-0.6871,TRACKING,R+C
1786981862.607,48.9,0.000,0.962,0.887,0.5268,-0.1874,14.83,0.23765,0.176,0.700,0.000,-1.0000,-1.0000,TRACKING,R+C
1786981862.627,48.9,0.000,0.962,0.887,0.5204,-0.1874,14.83,0.23765,0.176,0.700,0.000,-1.0000,-0.7249,TRACKING,R+C
1786981862.655,48.9,0.000,0.963,0.833,0.7781,-0.1891,13.83,0.21314,0.179,0.700,0.000,-1.0000,-0.6866,TRACKING,R+C
1786981862.671,48.9,0.000,0.963,0.833,0.7781,-0.1513,11.07,0.17051,0.179,0.180,0.000,-1.0000,-0.6809,TRACKING,prediction
1786981862.692,48.9,0.000,0.963,0.833,0.7781,-0.1210,8.85,0.13641,0.179,0.180,0.000,-1.0000,-0.9998,TRACKING,prediction
1786981862.713,48.9,0.000,0.963,0.833,0.7781,-0.0968,7.08,0.10913,0.179,0.180,0.000,-1.0000,-1.0000,TRACKING,prediction
1786981862.742,48.9,0.000,0.959,0.830,0.4988,-0.1899,11.24,0.33015,0.167,0.180,0.000,-1.0000,-1.0000,TRACKING,R+C
1786981862.756,48.9,0.000,0.959,0.838,0.5259,-0.1899,11.24,0.33015,0.167,0.180,0.000,-1.0000,-1.0000,TRACKING,R+C
1786981862.773,48.9,0.000,0.956,0.839,0.5142,-0.1891,10.63,0.41388,0.159,0.180,0.000,-1.0000,-1.0000,TRACKING,R+C
1786981862.793,48.9,0.000,0.959,0.834,0.4407,-0.1885,8.64,0.19290,0.181,0.180,0.000,-1.0000,-1.0000,TRACKING,R+C
1786981862.813,48.9,0.000,0.959,0.834,0.4407,-0.1508,6.91,0.15432,0.181,0.180,0.000,-1.0000,-1.0000,TRACKING,prediction
1786981862.834,48.9,0.000,0.959,0.834,0.4407,-0.1206,5.53,0.12346,0.181,0.180,0.000,-1.0000,-1.0000,TRACKING,prediction
1786981862.855,48.9,0.000,0.949,0.813,0.6697,-0.1857,6.28,0.09826,0.190,0.180,0.000,-1.0000,-1.0000,TRACKING,R+C
1786981862.876,48.9,0.000,0.949,0.820,0.7097,-0.1857,6.28,0.09826,0.190,0.180,0.000,-1.0000,-1.0000,TRACKING,R+C
1786981862.905,48.9,0.000,0.962,0.822,0.7299,-0.1834,6.20,0.19721,0.180,0.180,0.000,-1.0000,-1.0000,TRACKING,R+C
1786981862.917,48.9,0.000,0.963,0.810,0.7760,-0.1802,6.00,0.25536,0.174,0.180,0.000,-1.0000,-1.0000,TRACKING,R+C
1786981862.937,48.9,0.000,0.963,0.810,0.7815,-0.1802,6.00,0.25536,0.174,0.700,0.000,-1.0000,-1.0000,TRACKING,R+C
1786981862.958,48.9,0.000,0.964,0.824,0.6596,-0.1781,6.32,0.54276,0.150,0.180,0.000,-1.0000,-0.7254,TRACKING,R+C
1786981862.978,48.9,0.000,0.962,0.815,0.6942,-0.1757,4.13,0.22148,0.178,0.180,0.000,-1.0000,-0.9956,TRACKING,R+C
1786981863.005,48.9,0.000,0.962,0.812,0.6753,-0.1757,4.13,0.22148,0.178,0.180,0.000,-1.0000,-1.0000,TRACKING,R+C
1786981863.025,48.9,0.000,0.960,0.814,0.7315,-0.1724,3.73,0.28997,0.171,0.180,0.000,-1.0000,-1.0000,TRACKING,R+C
1786981863.046,51.0,0.000,0.960,0.815,0.6887,-0.1697,2.37,0.17669,0.182,0.180,0.000,-1.0000,-1.0000,TRACKING,R+C
1786981863.070,51.0,0.000,0.960,0.813,0.6918,-0.1697,2.37,0.17669,0.182,0.180,0.000,-1.0000,-1.0000,TRACKING,R+C
1786981863.088,51.0,0.000,0.962,0.809,0.6756,-0.1661,1.86,0.22971,0.177,0.180,0.000,-1.0000,-1.0000,TRACKING,R+C
1786981863.108,51.0,0.000,0.962,0.807,0.6539,-0.1611,1.33,0.23272,0.177,0.180,0.000,-1.0000,-1.0000,TRACKING,R+C
1786981863.129,51.0,0.000,0.962,0.807,0.6577,-0.1611,1.33,0.23272,0.177,0.180,0.000,-1.0000,-1.0000,TRACKING,R+C
1786981863.158,51.0,0.000,0.962,0.807,0.6577,-0.1289,1.06,0.18618,0.177,0.700,0.000,-1.0000,-1.0000,TRACKING,prediction
1786981863.180,51.0,0.000,0.952,0.812,0.6078,-0.1507,-0.53,0.05132,0.195,0.180,0.000,-1.0000,-0.7208,TRACKING,R+C
1786981863.189,51.0,0.000,0.952,0.816,0.5978,-0.1507,-0.53,0.05132,0.195,0.180,0.000,-1.0000,-0.9873,TRACKING,R+C
1786981863.213,51.0,0.000,0.952,0.816,0.5971,-0.1442,-0.21,0.19252,0.181,0.180,0.000,-1.0000,-1.0000,TRACKING,R+C
1786981863.244,51.0,0.809,0.948,0.809,0.4438,-0.1382,-1.02,0.20166,0.180,0.180,0.000,-1.0000,-1.0000,TRACKING,L+C+R_fused
1786981863.265,51.0,0.809,0.948,0.806,0.4464,-0.1382,-1.02,0.20166,0.180,0.180,0.000,-1.0000,-1.0000,TRACKING,L+C+R_fused
1786981863.286,51.0,0.951,0.950,0.810,0.4927,-0.1305,-1.93,0.12772,0.187,0.180,0.000,-1.0000,-1.0000,TRACKING,L+C+R_fused
1786981863.296,51.0,0.955,0.952,0.821,0.4554,-0.1241,-3.75,-0.08200,0.192,0.180,0.000,-0.9712,-0.9998,TRACKING,L+C+R_fused
1786981863.327,51.0,0.955,0.952,0.815,0.4514,-0.1241,-3.75,-0.08200,0.192,0.180,0.000,-0.9712,-0.9962,TRACKING,L+C+R_fused
1786981863.347,51.0,0.943,0.953,0.816,0.4549,-0.1160,-4.09,-0.08577,0.191,0.180,0.000,-0.9207,-0.9506,TRACKING,L+C+R_fused
1786981863.369,51.0,0.934,0.948,0.820,0.4939,-0.1075,-3.56,0.01753,0.198,0.180,0.000,-0.8243,-0.8599,TRACKING,L+C+R_fused
1786981863.389,51.0,0.934,0.948,0.820,0.4561,-0.1075,-3.56,0.01753,0.198,0.180,0.000,-0.8243,-0.8467,TRACKING,L+C+R_fused
1786981863.408,51.0,0.939,0.952,0.819,0.5521,-0.1012,-2.72,0.41007,0.159,0.180,0.000,-1.0000,-0.9901,TRACKING,L+C+R_fused
1786981863.430,51.0,0.913,0.945,0.819,0.4640,-0.0972,-4.29,0.02971,0.197,0.180,0.000,-0.7449,-0.7962,TRACKING,L+C+R_fused
1786981863.451,51.0,0.913,0.946,0.816,0.4760,-0.0975,-4.50,0.00647,0.199,0.180,0.000,-0.7315,-0.7557,TRACKING,L+C+R_fused
1786981863.472,51.0,0.929,0.946,0.813,0.4870,-0.0947,-5.02,-0.06274,0.194,0.180,0.000,-0.7414,-0.7576,TRACKING,L+C+R_fused
1786981863.492,51.0,0.935,0.947,0.835,0.4256,-0.0941,-5.23,-0.09536,0.190,0.180,0.000,-0.7554,-0.7698,TRACKING,L+C+R_fused
1786981863.513,51.0,0.939,0.946,0.807,0.4764,-0.0948,-6.46,-0.24126,0.176,0.180,0.000,-0.8456,-0.8485,TRACKING,L+C+R_fused
1786981863.535,51.0,0.931,0.946,0.809,0.4818,-0.0948,-6.05,-0.20273,0.180,0.180,0.000,-0.8240,-0.8420,TRACKING,L+C+R_fused
1786981863.555,51.0,0.935,0.936,0.829,0.4156,-0.0967,-7.92,-0.47253,0.153,0.180,0.000,-1.0000,-0.9916,TRACKING,L+C+R_fused
1786981863.575,51.0,0.932,0.938,0.810,0.4581,-0.0974,-8.82,-0.58986,0.150,0.180,0.000,-1.0000,-1.0000,TRACKING,L+C+R_fused
1786981863.596,51.0,0.913,0.942,0.816,0.3951,-0.0954,-6.37,-0.27146,0.173,0.180,0.000,-0.8785,-0.9134,TRACKING,L+C+R_fused
1786981863.617,51.0,0.913,0.942,0.816,0.3951,-0.0763,-5.10,-0.21717,0.173,0.180,0.000,-0.8785,-0.8984,TRACKING,prediction
1786981863.641,51.0,0.913,0.942,0.816,0.3951,-0.0611,-4.08,-0.17373,0.173,0.180,0.000,-0.8785,-0.8961,TRACKING,prediction
1786981863.660,51.0,0.913,0.942,0.816,0.3951,-0.0489,-3.26,-0.13899,0.173,0.180,0.000,-0.8785,-0.8958,TRACKING,prediction
1786981863.682,51.0,0.913,0.942,0.816,0.3951,-0.0391,-2.61,-0.11119,0.173,0.180,0.000,-0.8785,-0.8957,TRACKING,prediction
1786981863.701,51.0,0.867,0.941,0.813,0.3984,-0.0977,-10.34,-0.87454,0.150,0.180,0.000,-1.0000,-1.0000,TRACKING,L+C+R_fused
1786981863.722,51.0,0.842,0.939,0.811,0.4912,-0.0986,-11.70,-1.07907,0.150,0.180,0.000,-1.0000,-1.0000,TRACKING,L+C+R_fused
1786981863.744,51.0,0.853,0.939,0.807,0.5076,-0.0974,-10.86,-1.06372,0.150,0.180,0.000,-1.0000,-1.0000,TRACKING,L+C+R_fused
1786981863.765,51.0,0.830,0.939,0.803,0.5008,-0.0975,-10.92,-1.07646,0.150,0.180,0.000,-1.0000,-1.0000,TRACKING,L+C+R_fused
1786981863.786,51.0,0.834,0.936,0.819,0.4420,-0.0986,-12.08,-1.27311,0.150,0.180,0.000,-1.0000,-1.0000,TRACKING,L+C+R_fused
1786981863.808,51.0,0.834,0.936,0.819,0.4420,-0.0789,-9.67,-1.01849,0.150,0.180,0.000,-1.0000,-1.0000,TRACKING,prediction
1786981863.827,51.0,0.856,0.935,0.807,0.4162,-0.0975,-11.17,-1.21916,0.150,0.180,0.000,-1.0000,-1.0000,TRACKING,L+C+R_fused
1786981863.848,51.0,0.820,0.934,0.830,0.4006,-0.1015,-14.00,-1.55504,0.150,0.180,0.000,-1.0000,-1.0000,TRACKING,L+C+R_fused
1786981863.868,51.0,0.798,0.930,0.812,0.3949,-0.1044,-16.10,-1.84029,0.150,0.180,0.000,-1.0000,-1.0000,TRACKING,L+C+R_fused
1786981863.889,51.0,0.800,0.930,0.805,0.4378,-0.1023,-15.00,-1.77726,0.150,0.180,0.000,-1.0000,-1.0000,TRACKING,L+C+R_fused
1786981863.910,51.0,0.800,0.932,0.807,0.4587,-0.1053,-16.42,-1.94342,0.150,0.180,0.000,-1.0000,-1.0000,TRACKING,L+C+R_fused
1786981863.933,51.0,0.800,0.934,0.816,0.4019,-0.1022,-14.17,-1.88356,0.150,0.180,0.000,-1.0000,-1.0000,TRACKING,L+C+R_fused
1786981863.952,51.0,0.800,0.933,0.813,0.4387,-0.1029,-14.55,-1.89740,0.150,0.180,0.000,-1.0000,-1.0000,TRACKING,L+C+R_fused
1786981863.972,51.0,0.804,0.934,0.818,0.4032,-0.1005,-12.66,-1.87741,0.150,0.180,0.000,-1.0000,-1.0000,TRACKING,L+C+R_fused
1786981863.992,51.0,0.804,0.934,0.818,0.4032,-0.0804,-10.13,-1.50192,0.150,0.180,0.000,-1.0000,-1.0000,TRACKING,prediction
1786981864.013,51.0,0.805,0.910,0.814,0.3948,-0.1039,-15.73,-2.26118,0.150,0.180,0.000,-1.0000,-1.0000,TRACKING,L+C+R_fused
1786981864.033,51.0,0.805,0.910,0.814,0.3948,-0.0831,-12.58,-1.80894,0.150,0.180,0.000,-1.0000,-1.0000,TRACKING,prediction
1786981864.056,47.5,0.805,0.910,0.814,0.3948,-0.0665,-10.07,-1.44715,0.150,0.180,0.000,-1.0000,-1.0000,TRACKING,prediction
1786981864.080,47.5,0.805,0.912,0.811,0.4162,-0.1057,-14.78,-2.36536,0.150,0.180,0.000,-1.0000,-1.0000,TRACKING,L+C+R_fused
1786981864.098,47.5,0.805,0.898,0.809,0.4015,-0.1021,-13.12,-2.40032,0.150,0.180,0.000,-1.0000,-1.0000,TRACKING,L+C+R_fused
1786981864.122,47.5,0.804,0.890,0.810,0.4120,-0.1026,-12.22,-2.38945,0.150,0.180,0.000,-1.0000,-1.0000,TRACKING,L+C+R_fused
1786981864.139,47.5,0.804,0.890,0.810,0.4120,-0.0821,-9.78,-1.91156,0.150,0.180,0.000,-1.0000,-1.0000,TRACKING,prediction
1786981864.160,47.5,0.804,0.890,0.810,0.4120,-0.0656,-7.82,-1.52925,0.150,0.180,0.000,-1.0000,-1.0000,TRACKING,prediction
1786981864.180,47.5,0.804,0.890,0.810,0.4120,-0.0525,-6.26,-1.22340,0.150,0.180,0.000,-1.0000,-1.0000,TRACKING,prediction
1786981864.201,47.5,0.804,0.890,0.810,0.4120,-0.0420,-5.01,-0.97872,0.150,0.180,0.000,-1.0000,-1.0000,TRACKING,prediction
1786981864.222,47.5,0.790,0.893,0.811,0.3928,-0.0824,-6.54,-2.17650,0.150,0.180,0.000,-1.0000,-1.0000,TRACKING,L+C+R_fused
1786981864.243,47.5,0.794,0.900,0.814,0.4410,-0.0786,-8.52,-2.36599,0.150,0.180,0.000,-1.0000,-1.0000,TRACKING,L+C+R_fused
1786981864.265,47.5,0.794,0.900,0.814,0.4410,-0.0629,-6.82,-1.89279,0.150,0.180,0.000,-1.0000,-1.0000,TRACKING,prediction
1786981864.286,47.5,0.794,0.916,0.807,0.4671,-0.0694,-6.20,-2.22619,0.150,0.180,0.000,-1.0000,-1.0000,TRACKING,L+C+R_fused
1786981864.307,47.5,0.791,0.907,0.807,0.3980,-0.0591,-3.29,-2.08306,0.150,0.180,0.000,-1.0000,-1.0000,TRACKING,L+C+R_fused
1786981864.327,47.5,0.791,0.908,0.806,0.4440,-0.0587,-3.04,-2.04753,0.150,0.180,0.000,-0.9995,-1.0000,TRACKING,L+C+R_fused
1786981864.348,47.5,0.791,0.904,0.841,0.4006,-0.0548,-4.54,-2.18308,0.150,0.180,0.000,-0.9441,-0.9787,TRACKING,L+C+R_fused
1786981864.368,47.5,0.790,0.912,0.885,0.4031,-0.0438,-0.94,-1.86733,0.150,0.180,0.000,-0.8909,-0.9245,TRACKING,L+C+R_fused
1786981864.389,47.5,0.790,0.909,0.887,0.4011,-0.0425,-1.08,-1.93415,0.150,0.180,0.000,-0.8814,-0.9088,TRACKING,L+C+R_fused
1786981864.412,47.5,0.791,0.931,0.892,0.4077,-0.0361,-0.15,-1.79086,0.150,0.180,0.000,-0.8221,-0.8542,TRACKING,L+C+R_fused
1786981864.441,47.5,0.795,0.928,0.887,0.4020,-0.0259,2.13,-1.62084,0.150,0.180,0.000,-0.7501,-0.7835,TRACKING,L+C+R_fused
1786981864.456,47.5,0.795,0.927,0.888,0.4053,-0.0259,2.05,-1.65815,0.150,0.180,0.000,-0.7514,-0.7745,TRACKING,L+C+R_fused
1786981864.484,47.5,0.791,0.927,0.888,0.3980,-0.0198,2.71,-1.61519,0.150,0.180,0.000,-0.6920,-0.7216,TRACKING,L+C+R_fused
1786981864.501,47.5,0.794,0.928,0.881,0.4084,-0.0159,2.21,-1.70185,0.150,0.180,0.000,-0.6354,-0.6651,TRACKING,L+C+R_fused
1786981864.521,47.5,0.794,0.928,0.880,0.4141,-0.0138,3.42,-1.62033,0.150,0.180,0.000,-0.6366,-0.6577,TRACKING,L+C+R_fused
1786981864.546,47.5,0.795,0.930,0.886,0.4061,-0.0124,3.40,-1.67216,0.150,0.180,0.000,-0.6241,-0.6461,TRACKING,L+C+R_fused
1786981864.562,47.5,0.796,0.931,0.883,0.4024,-0.0130,4.33,-1.63207,0.150,0.180,0.000,-0.6591,-0.6748,TRACKING,L+C+R_fused
1786981864.586,47.5,0.796,0.930,0.881,0.3983,-0.0121,4.94,-1.58057,0.150,0.180,0.000,-0.6614,-0.6809,TRACKING,L+C+R_fused
1786981864.605,47.5,0.796,0.930,0.881,0.3983,-0.0097,3.95,-1.26445,0.150,0.180,0.000,-0.6614,-0.6818,TRACKING,prediction
1786981864.626,47.5,0.804,0.928,0.877,0.4011,-0.0180,6.35,-1.50737,0.150,0.180,0.000,-0.7713,-0.7775,TRACKING,L+C+R_fused
1786981864.647,47.5,0.813,0.928,0.877,0.3981,-0.0174,6.82,-1.47099,0.150,0.180,0.000,-0.7755,-0.7951,TRACKING,L+C+R_fused
1786981864.667,47.5,0.808,0.925,0.881,0.3993,-0.0220,7.69,-1.40702,0.150,0.180,0.000,-0.8455,-0.8586,TRACKING,L+C+R_fused
1786981864.688,47.5,0.808,0.925,0.881,0.3993,-0.0176,6.15,-1.12562,0.150,0.180,0.000,-0.8455,-0.8679,TRACKING,prediction
1786981864.712,47.5,0.808,0.925,0.881,0.3993,-0.0141,4.92,-0.90049,0.150,0.180,0.000,-0.8455,-0.8693,TRACKING,prediction
1786981864.730,47.5,0.803,0.925,0.871,0.3943,-0.0354,6.95,-1.62645,0.150,0.180,0.000,-0.9804,-0.9882,TRACKING,L+C+R_fused
1786981864.751,47.5,0.817,0.888,0.879,0.3942,-0.0419,7.99,-1.46353,0.150,0.180,0.000,-1.0000,-1.0000,TRACKING,L+C+R_fused
1786981864.775,47.5,0.816,0.885,0.878,0.3969,-0.0415,6.74,-1.72287,0.150,0.180,0.000,-1.0000,-1.0000,TRACKING,L+C+R_fused
1786981864.792,47.5,0.816,0.885,0.878,0.3969,-0.0332,5.39,-1.37830,0.150,0.180,0.000,-1.0000,-1.0000,TRACKING,prediction
1786981864.815,47.5,0.816,0.885,0.878,0.3969,-0.0266,4.31,-1.10264,0.150,0.180,0.000,-1.0000,-1.0000,TRACKING,prediction
1786981864.839,47.5,0.816,0.885,0.878,0.3969,-0.0213,3.45,-0.88211,0.150,0.180,0.000,-1.0000,-1.0000,TRACKING,prediction
1786981864.853,47.5,0.816,0.885,0.878,0.3969,-0.0170,2.76,-0.70569,0.150,0.180,0.000,-1.0000,-1.0000,TRACKING,prediction
1786981864.873,47.5,0.816,0.885,0.878,0.3969,-0.0136,2.21,-0.56455,0.150,0.180,0.000,-1.0000,-1.0000,TRACKING,prediction
1786981864.894,47.5,0.816,0.885,0.878,0.3969,-0.0109,1.77,-0.45164,0.150,0.180,0.000,-1.0000,-1.0000,TRACKING,prediction
1786981864.918,47.5,0.816,0.885,0.878,0.3969,-0.0087,1.41,-0.36131,0.150,0.180,0.000,-1.0000,-1.0000,TRACKING,prediction
1786981864.938,47.5,0.816,0.885,0.878,0.3969,-0.0070,1.13,-0.28905,0.150,0.180,0.000,-1.0000,-1.0000,TRACKING,prediction
1786981864.963,47.5,0.816,0.885,0.878,0.3969,-0.0056,0.90,-0.23124,0.150,0.180,0.000,-1.0000,-1.0000,TRACKING,prediction
1786981864.979,47.5,0.816,0.885,0.878,0.3969,-0.0045,0.72,-0.18499,0.150,0.180,0.000,-1.0000,-1.0000,TRACKING,prediction
1786981865.000,47.5,0.816,0.885,0.878,0.3969,-0.0036,0.58,-0.14799,0.150,0.180,0.000,-1.0000,-1.0000,TRACKING,prediction
1786981865.023,47.5,0.816,0.885,0.878,0.3969,-0.0029,0.46,-0.11839,0.150,0.180,0.000,-1.0000,-1.0000,TRACKING,prediction
1786981865.043,47.5,0.816,0.885,0.878,0.3969,-0.0023,0.37,-0.09472,0.150,0.180,0.000,-1.0000,-1.0000,TRACKING,prediction
1786981865.054,47.5,0.000,0.876,0.884,0.5527,-0.0728,10.23,-1.34029,0.150,0.180,0.000,-1.0000,-1.0000,TRACKING,R+C
1786981865.083,47.7,0.000,0.878,0.884,0.5428,-0.0740,8.54,-1.51188,0.150,0.180,0.000,-1.0000,-1.0000,TRACKING,R+C
1786981865.094,47.7,0.000,0.878,0.891,0.5397,-0.0722,9.09,-1.37147,0.150,0.180,0.000,-1.0000,-1.0000,TRACKING,R+C
1786981865.126,47.7,0.000,0.879,0.883,0.5300,-0.0688,8.60,-1.42401,0.150,0.180,0.000,-1.0000,-1.0000,TRACKING,R+C
1786981865.136,47.7,0.000,0.882,0.882,0.5341,-0.0667,11.52,-1.04678,0.150,0.180,0.000,-1.0000,-1.0000,TRACKING,R+C
1786981865.157,47.7,0.000,0.881,0.886,0.5311,-0.0650,10.97,-1.07268,0.150,0.180,0.000,-1.0000,-1.0000,TRACKING,R+C
1786981865.177,47.7,0.000,0.891,0.888,0.5277,-0.0620,11.53,-1.01040,0.150,0.180,0.000,-1.0000,-1.0000,TRACKING,R+C
1786981865.199,47.7,0.000,0.889,0.890,0.5292,-0.0624,11.48,-0.99244,0.150,0.180,0.000,-1.0000,-1.0000,TRACKING,R+C
1786981865.220,47.7,0.000,0.894,0.891,0.5301,-0.0612,11.68,-0.99559,0.150,0.180,0.000,-1.0000,-1.0000,TRACKING,R+C
1786981865.249,47.7,0.000,0.906,0.893,0.5214,-0.0680,6.63,-1.58613,0.150,0.180,0.000,-1.0000,-1.0000,TRACKING,R+C
1786981865.270,47.7,0.000,0.906,0.896,0.5248,-0.0684,6.60,-1.56266,0.150,0.180,0.000,-1.0000,-1.0000,TRACKING,R+C
1786981865.282,47.7,0.000,0.910,0.894,0.5239,-0.0716,7.09,-1.51337,0.150,0.180,0.000,-1.0000,-1.0000,TRACKING,R+C
1786981865.300,47.7,0.000,0.907,0.894,0.5298,-0.0762,9.13,-1.26617,0.150,0.180,0.000,-1.0000,-1.0000,TRACKING,R+C
1786981865.335,47.7,0.000,0.907,0.894,0.5298,-0.0610,7.30,-1.01294,0.150,0.180,0.000,-1.0000,-1.0000,TRACKING,prediction
1786981865.345,47.7,0.000,0.914,0.891,0.5298,-0.0848,7.48,-1.44966,0.150,0.180,0.000,-1.0000,-1.0000,TRACKING,R+C
1786981865.376,47.7,0.000,0.914,0.891,0.5298,-0.0679,5.98,-1.15973,0.150,0.180,0.000,-1.0000,-1.0000,TRACKING,prediction
1786981865.396,47.7,0.000,0.914,0.891,0.5298,-0.0543,4.79,-0.92778,0.150,0.180,0.000,-1.0000,-1.0000,TRACKING,prediction
1786981865.416,47.7,0.000,0.914,0.891,0.5298,-0.0434,3.83,-0.74223,0.150,0.180,0.000,-1.0000,-1.0000,TRACKING,prediction
1786981865.438,47.7,0.000,0.914,0.891,0.5298,-0.0347,3.06,-0.59378,0.150,0.180,0.000,-1.0000,-1.0000,TRACKING,prediction
1786981865.459,47.7,0.000,0.914,0.891,0.5298,-0.0278,2.45,-0.47502,0.150,0.180,0.000,-1.0000,-1.0000,TRACKING,prediction
1786981865.479,47.7,0.000,0.914,0.891,0.5298,-0.0222,1.96,-0.38002,0.150,0.180,0.000,-1.0000,-1.0000,TRACKING,prediction
1786981865.493,47.7,0.000,0.923,0.888,0.5222,-0.1072,8.54,-1.20812,0.150,0.180,0.000,-1.0000,-1.0000,TRACKING,R+C
1786981865.510,47.7,0.000,0.924,0.889,0.5246,-0.1100,6.71,-1.37725,0.150,0.180,0.000,-1.0000,-1.0000,TRACKING,R+C
1786981865.540,47.7,0.000,0.923,0.887,0.5122,-0.1078,7.84,-1.19880,0.150,0.700,0.000,-1.0000,-1.0000,TRACKING,R+C
1786981865.551,47.7,0.000,0.932,0.888,0.5175,-0.1040,8.45,-1.12048,0.150,0.700,0.000,-1.0000,-0.7256,TRACKING,R+C
1786981865.572,47.7,0.000,0.932,0.886,0.5156,-0.1032,8.85,-1.09900,0.150,0.700,0.000,-1.0000,-0.6810,TRACKING,R+C
1786981865.595,47.7,0.000,0.932,0.887,0.5095,-0.1024,7.73,-1.18084,0.150,0.700,0.000,-1.0000,-0.6739,TRACKING,R+C
1786981865.613,47.7,0.000,0.938,0.890,0.5153,-0.1003,7.83,-1.08869,0.150,0.700,0.000,-1.0000,-0.6723,TRACKING,R+C
1786981865.641,47.7,0.000,0.938,0.891,0.5149,-0.0999,8.02,-1.06886,0.150,0.700,0.000,-1.0000,-0.6721,TRACKING,R+C
1786981865.659,47.7,0.000,0.940,0.888,0.5178,-0.0970,8.58,-0.93746,0.150,0.180,0.000,-1.0000,-0.6714,TRACKING,R+C
1786981865.686,47.7,0.000,0.939,0.886,0.5035,-0.0951,7.70,-1.02637,0.150,0.180,0.000,-1.0000,-0.9842,TRACKING,R+C
1786981865.697,47.7,0.000,0.939,0.888,0.5072,-0.0948,8.20,-0.96353,0.150,0.180,0.000,-1.0000,-1.0000,TRACKING,R+C
1786981865.717,47.7,0.000,0.934,0.887,0.5088,-0.0906,8.34,-0.94722,0.150,0.180,0.000,-1.0000,-1.0000,TRACKING,R+C
1786981865.737,47.7,0.000,0.937,0.888,0.5037,-0.0885,6.23,-1.15489,0.150,0.180,0.000,-1.0000,-1.0000,TRACKING,R+C
1786981865.758,47.7,0.000,0.936,0.889,0.5010,-0.0892,5.71,-1.20247,0.150,0.180,0.000,-1.0000,-1.0000,TRACKING,R+C
1786981865.779,47.7,0.000,0.940,0.890,0.4989,-0.0834,6.74,-1.06009,0.150,0.180,0.000,-1.0000,-1.0000,TRACKING,R+C
1786981865.800,47.7,0.000,0.940,0.894,0.4934,-0.0798,6.04,-1.10708,0.150,0.180,0.000,-1.0000,-1.0000,TRACKING,R+C
1786981865.820,47.7,0.000,0.939,0.896,0.4965,-0.0800,5.91,-1.11754,0.150,0.180,0.000,-1.0000,-1.0000,TRACKING,R+C
1786981865.840,47.7,0.000,0.939,0.888,0.4888,-0.0754,5.94,-1.07654,0.150,0.180,0.000,-1.0000,-1.0000,TRACKING,R+C
1786981865.869,47.7,0.000,0.942,0.890,0.4844,-0.0702,6.27,-0.99848,0.150,0.180,0.000,-1.0000,-1.0000,TRACKING,R+C
1786981865.889,47.7,0.000,0.942,0.890,0.4849,-0.0697,6.52,-0.98076,0.150,0.180,0.000,-1.0000,-1.0000,TRACKING,R+C
1786981865.902,47.7,0.000,0.937,0.898,0.4834,-0.0659,5.18,-1.08810,0.150,0.180,0.000,-1.0000,-1.0000,TRACKING,R+C
1786981865.931,47.7,0.000,0.935,0.895,0.4807,-0.0608,4.76,-1.12457,0.150,0.180,0.000,-1.0000,-1.0000,TRACKING,R+C
1786981865.942,47.7,0.000,0.934,0.897,0.4786,-0.0612,4.53,-1.14768,0.150,0.180,0.000,-1.0000,-1.0000,TRACKING,R+C
1786981865.966,47.7,0.000,0.934,0.896,0.4745,-0.0553,4.44,-1.13952,0.150,0.180,0.000,-1.0000,-1.0000,TRACKING,R+C
1786981865.984,47.7,0.000,0.936,0.892,0.4691,-0.0480,5.25,-1.05196,0.150,0.180,0.000,-0.9994,-1.0000,TRACKING,R+C
1786981866.005,47.7,0.000,0.935,0.891,0.4679,-0.0489,4.50,-1.13737,0.150,0.180,0.000,-0.9980,-1.0000,TRACKING,R+C
1786981866.035,47.7,0.000,0.935,0.891,0.4679,-0.0391,3.60,-0.90990,0.150,0.180,0.000,-0.9980,-1.0000,TRACKING,prediction
1786981866.057,47.7,0.955,0.943,0.891,0.3930,-0.0347,7.29,-0.77073,0.150,0.180,0.000,-0.8967,-0.9328,TRACKING,L+C+R_fused
1786981866.074,47.7,0.955,0.942,0.886,0.3924,-0.0346,7.43,-0.75214,0.150,0.180,0.000,-0.8970,-0.9201,TRACKING,L+C+R_fused
1786981866.103,48.0,0.955,0.942,0.886,0.3924,-0.0277,5.95,-0.60171,0.150,0.180,0.000,-0.8970,-0.9182,TRACKING,prediction
1786981866.124,48.0,0.931,0.944,0.894,0.4031,-0.0232,7.16,-0.74109,0.150,0.180,0.000,-0.7624,-0.8007,TRACKING,L+C+R_fused
1786981866.144,48.0,0.934,0.944,0.895,0.4055,-0.0231,7.22,-0.73515,0.150,0.180,0.000,-0.7623,-0.7833,TRACKING,L+C+R_fused
1786981866.168,48.0,0.928,0.939,0.885,0.4313,-0.0146,8.38,-0.59960,0.150,0.180,0.000,-0.6765,-0.7060,TRACKING,L+C+R_fused
1786981866.188,48.0,0.910,0.941,0.892,0.4235,-0.0080,8.01,-0.64476,0.150,0.180,0.000,-0.5795,-0.6108,TRACKING,L+C+R_fused
1786981866.209,48.0,0.909,0.941,0.892,0.4337,-0.0081,7.96,-0.64574,0.150,0.180,0.000,-0.5797,-0.5969,TRACKING,L+C+R_fused
1786981866.231,48.0,0.912,0.940,0.879,0.4262,-0.0007,8.08,-0.61218,0.150,0.180,0.000,-0.4695,-0.4994,TRACKING,L+C+R_fused
1786981866.251,48.0,0.911,0.942,0.898,0.4229,0.0067,8.35,-0.56933,0.150,0.180,0.000,-0.3549,-0.3859,TRACKING,L+C+R_fused
1786981866.272,48.0,0.912,0.942,0.898,0.4239,0.0065,8.25,-0.57644,0.150,0.180,0.000,-0.3557,-0.3697,TRACKING,L+C+R_fused
1786981866.292,48.0,0.917,0.942,0.896,0.4262,0.0142,8.84,-0.52585,0.150,0.180,0.000,-0.2437,-0.2706,TRACKING,L+C+R_fused
1786981866.313,48.0,0.913,0.941,0.905,0.4253,0.0212,8.17,-0.59790,0.150,0.180,0.000,-0.1043,-0.1359,TRACKING,L+C+R_fused
1786981866.333,48.0,0.913,0.941,0.905,0.4256,0.0216,8.42,-0.57629,0.150,0.180,0.000,-0.1045,-0.1161,TRACKING,L+C+R_fused
1786981866.354,48.0,0.923,0.940,0.901,0.4232,0.0283,7.99,-0.58815,0.150,0.180,0.000,0.0331,0.0056,TRACKING,L+C+R_fused
1786981866.376,48.0,0.936,0.937,0.894,0.4211,0.0374,8.23,-0.58949,0.150,0.180,0.000,0.1811,0.1512,TRACKING,L+C+R_fused
1786981866.397,48.0,0.935,0.936,0.894,0.4216,0.0380,8.69,-0.54424,0.150,0.180,0.000,0.1798,0.1717,TRACKING,L+C+R_fused
1786981866.418,48.0,0.931,0.937,0.892,0.4188,0.0444,7.60,-0.64900,0.150,0.180,0.000,0.3177,0.2936,TRACKING,L+C+R_fused
1786981866.439,48.0,0.925,0.941,0.889,0.4164,0.0515,7.87,-0.64312,0.150,0.180,0.000,0.4231,0.4041,TRACKING,L+C+R_fused
1786981866.459,48.0,0.926,0.941,0.895,0.4159,0.0519,8.10,-0.62163,0.150,0.180,0.000,0.4230,0.4201,TRACKING,L+C+R_fused
1786981866.480,48.0,0.930,0.939,0.901,0.4173,0.0565,7.73,-0.66547,0.150,0.180,0.000,0.5020,0.4897,TRACKING,L+C+R_fused
1786981866.499,48.0,0.931,0.941,0.899,0.4167,0.0593,7.90,-0.67433,0.150,0.180,0.000,0.5354,0.5286,TRACKING,L+C+R_fused
1786981866.520,48.0,0.931,0.941,0.900,0.4160,0.0592,7.89,-0.67402,0.150,0.180,0.000,0.5352,0.5342,TRACKING,L+C+R_fused
1786981866.542,48.0,0.927,0.942,0.908,0.4128,0.0589,7.82,-0.71013,0.150,0.180,0.000,0.5264,0.5276,TRACKING,L+C+R_fused
1786981866.563,48.0,0.926,0.943,0.895,0.4207,0.0576,8.46,-0.66258,0.150,0.180,0.000,0.4904,0.4959,TRACKING,L+C+R_fused
1786981866.584,48.0,0.925,0.943,0.894,0.4193,0.0579,8.72,-0.63419,0.150,0.180,0.000,0.4897,0.4906,TRACKING,L+C+R_fused
1786981866.606,48.0,0.929,0.941,0.911,0.4221,0.0552,8.31,-0.67868,0.150,0.180,0.000,0.4573,0.4623,TRACKING,L+C+R_fused
1786981866.626,48.0,0.920,0.940,0.913,0.4281,0.0544,8.93,-0.67755,0.150,0.180,0.000,0.4196,0.4237,TRACKING,L+C+R_fused
1786981866.647,48.0,0.919,0.939,0.913,0.4269,0.0545,9.15,-0.64525,0.150,0.180,0.000,0.4171,0.4162,TRACKING,L+C+R_fused
1786981866.667,48.0,0.935,0.940,0.884,0.4276,0.0532,9.87,-0.57107,0.150,0.180,0.000,0.3780,0.3814,TRACKING,L+C+R_fused
1786981866.689,48.0,0.925,0.939,0.882,0.4213,0.0517,9.82,-0.63371,0.150,0.180,0.000,0.3449,0.3474,TRACKING,L+C+R_fused
1786981866.710,48.0,0.924,0.939,0.882,0.4303,0.0513,9.55,-0.65919,0.150,0.180,0.000,0.3452,0.3426,TRACKING,L+C+R_fused
1786981866.730,48.0,0.924,0.934,0.897,0.4336,0.0491,10.17,-0.60178,0.150,0.180,0.000,0.2925,0.2965,TRACKING,L+C+R_fused
1786981866.751,48.0,0.925,0.938,0.899,0.4353,0.0463,9.41,-0.73987,0.150,0.180,0.000,0.2532,0.2552,TRACKING,L+C+R_fused
1786981866.771,48.0,0.919,0.938,0.899,0.4341,0.0466,9.52,-0.73233,0.150,0.180,0.000,0.2548,0.2506,TRACKING,L+C+R_fused
1786981866.793,48.0,0.917,0.939,0.904,0.4361,0.0473,10.74,-0.60618,0.150,0.180,0.000,0.2351,0.2331,TRACKING,L+C+R_fused
1786981866.813,48.0,0.914,0.938,0.900,0.4394,0.0483,11.16,-0.51660,0.150,0.180,0.000,0.2499,0.2437,TRACKING,L+C+R_fused
1786981866.834,48.0,0.913,0.939,0.899,0.4389,0.0494,11.84,-0.45005,0.155,0.180,0.000,0.2341,0.2319,TRACKING,L+C+R_fused
1786981866.855,48.0,0.912,0.938,0.901,0.4366,0.0522,10.80,-0.64072,0.150,0.180,0.000,0.3083,0.2931,TRACKING,L+C+R_fused
1786981866.876,48.0,0.910,0.940,0.899,0.4346,0.0580,10.52,-0.68121,0.150,0.180,0.000,0.4077,0.3880,TRACKING,L+C+R_fused
1786981866.896,48.0,0.906,0.939,0.900,0.4331,0.0578,10.46,-0.68615,0.150,0.180,0.000,0.4073,0.4017,TRACKING,L+C+R_fused
1786981866.916,48.0,0.912,0.937,0.897,0.4286,0.0659,10.74,-0.65049,0.150,0.180,0.000,0.5266,0.5083,TRACKING,L+C+R_fused
1786981866.936,48.0,0.917,0.935,0.898,0.4256,0.0743,10.58,-0.69101,0.150,0.180,0.000,0.6444,0.6240,TRACKING,L+C+R_fused
1786981866.957,48.0,0.917,0.935,0.897,0.4252,0.0738,10.25,-0.72064,0.150,0.180,0.000,0.6456,0.6423,TRACKING,L+C+R_fused
1786981866.977,48.0,0.922,0.938,0.907,0.4198,0.0823,10.15,-0.74394,0.150,0.180,0.000,0.7538,0.7370,TRACKING,L+C+R_fused
1786981866.997,48.0,0.917,0.936,0.884,0.3983,0.0909,11.31,-0.65649,0.150,0.180,0.000,0.8288,0.8185,TRACKING,L+C+R_fused
1786981867.018,48.0,0.917,0.937,0.883,0.3955,0.0901,10.84,-0.69614,0.150,0.180,0.000,0.8288,0.8301,TRACKING,L+C+R_fused
1786981867.038,48.0,0.924,0.939,0.914,0.3921,0.0979,11.82,-0.59342,0.150,0.180,0.000,0.8955,0.8902,TRACKING,L+C+R_fused
1786981867.059,48.0,0.925,0.938,0.912,0.4078,0.1056,11.44,-0.66189,0.150,0.180,0.000,0.9717,0.9652,TRACKING,L+C+R_fused
1786981867.079,48.0,0.923,0.937,0.914,0.3942,0.1059,11.48,-0.66577,0.150,0.180,0.000,0.9732,0.9775,TRACKING,L+C+R_fused
1786981867.100,48.0,0.921,0.939,0.918,0.4044,0.1121,11.72,-0.62902,0.150,0.180,0.000,1.0000,1.0000,TRACKING,L+C+R_fused
1786981867.121,48.2,0.919,0.938,0.906,0.4007,0.1166,11.26,-0.72063,0.150,0.180,0.000,1.0000,1.0000,TRACKING,L+C+R_fused
1786981867.140,48.2,0.921,0.937,0.907,0.4011,0.1163,11.02,-0.74990,0.150,0.180,0.000,1.0000,1.0000,TRACKING,L+C+R_fused
1786981867.161,48.2,0.921,0.937,0.907,0.4011,0.0931,8.82,-0.59992,0.150,0.180,0.000,1.0000,1.0000,TRACKING,prediction
1786981867.181,48.2,0.921,0.937,0.907,0.4011,0.0745,7.05,-0.47994,0.150,0.180,0.000,1.0000,1.0000,TRACKING,prediction
1786981867.202,48.2,0.921,0.937,0.907,0.4011,0.0596,5.64,-0.38395,0.150,0.180,0.000,1.0000,1.0000,TRACKING,prediction
1786981867.222,48.2,0.921,0.937,0.907,0.4011,0.0477,4.51,-0.30716,0.150,0.180,0.000,1.0000,1.0000,TRACKING,prediction
1786981867.244,48.2,0.921,0.937,0.907,0.4011,0.0381,3.61,-0.24573,0.150,0.180,0.000,1.0000,1.0000,TRACKING,prediction
1786981867.265,48.2,0.921,0.937,0.907,0.4011,0.0305,2.89,-0.19658,0.150,0.180,0.000,1.0000,1.0000,TRACKING,prediction
1786981867.285,48.2,0.921,0.937,0.907,0.4011,0.0244,2.31,-0.15727,0.150,0.180,0.000,1.0000,1.0000,TRACKING,prediction
1786981867.306,48.2,0.921,0.937,0.907,0.4011,0.0195,1.85,-0.12581,0.150,0.180,0.000,1.0000,1.0000,TRACKING,prediction
1786981867.325,48.2,0.921,0.937,0.907,0.4011,0.0156,1.48,-0.10065,0.150,0.180,0.000,1.0000,1.0000,TRACKING,prediction
1786981867.346,48.2,0.921,0.937,0.907,0.4011,0.0125,1.18,-0.08052,0.150,0.180,0.000,1.0000,1.0000,TRACKING,prediction
1786981867.367,48.2,0.925,0.932,0.882,0.4007,0.1158,13.15,-0.88021,0.150,0.180,0.000,0.9990,1.0000,TRACKING,L+C+R_fused
1786981867.387,48.2,0.925,0.931,0.883,0.4002,0.1169,13.73,-0.82534,0.150,0.180,0.000,1.0000,1.0000,TRACKING,L+C+R_fused
1786981867.407,48.2,0.925,0.931,0.883,0.4002,0.0936,10.99,-0.66027,0.150,0.180,0.000,1.0000,1.0000,TRACKING,prediction
1786981867.428,48.2,0.922,0.934,0.885,0.3949,0.1130,14.49,-0.80646,0.150,0.180,0.000,0.9479,0.9593,TRACKING,L+C+R_fused
1786981867.451,48.2,0.921,0.935,0.882,0.3942,0.1129,14.41,-0.81832,0.150,0.180,0.000,0.9475,0.9522,TRACKING,L+C+R_fused
1786981867.471,48.2,0.921,0.935,0.882,0.3942,0.0903,11.52,-0.65466,0.150,0.180,0.000,0.9475,0.9512,TRACKING,prediction
1786981867.495,48.2,0.892,0.932,0.884,0.3973,0.1079,14.79,-0.83381,0.150,0.180,0.000,0.8862,0.8954,TRACKING,L+C+R_fused
1786981867.515,48.2,0.894,0.933,0.885,0.3964,0.1087,15.56,-0.74812,0.150,0.180,0.000,0.8829,0.8848,TRACKING,L+C+R_fused
1786981867.536,48.2,0.883,0.935,0.877,0.4040,0.1067,15.42,-0.82650,0.150,0.180,0.000,0.8555,0.8599,TRACKING,L+C+R_fused
1786981867.556,48.2,0.884,0.933,0.878,0.4067,0.1013,12.99,-1.14418,0.150,0.180,0.000,0.8330,0.8370,TRACKING,L+C+R_fused
1786981867.576,48.2,0.886,0.932,0.879,0.4059,0.1015,13.33,-1.10144,0.150,0.180,0.000,0.8300,0.8310,TRACKING,L+C+R_fused
1786981867.598,48.2,0.894,0.931,0.884,0.4101,0.1009,15.51,-0.84962,0.150,0.180,0.000,0.7852,0.7921,TRACKING,L+C+R_fused
1786981867.618,48.2,0.898,0.931,0.904,0.4160,0.0974,15.96,-0.82483,0.150,0.180,0.000,0.7318,0.7408,TRACKING,L+C+R_fused
1786981867.639,48.2,0.896,0.931,0.887,0.4157,0.0972,15.69,-0.85635,0.150,0.180,0.000,0.7343,0.7353,TRACKING,L+C+R_fused
1786981867.660,48.2,0.909,0.930,0.873,0.4214,0.0888,15.66,-0.95618,0.150,0.180,0.000,0.6100,0.6244,TRACKING,L+C+R_fused
1786981867.681,48.2,0.896,0.920,0.871,0.4239,0.0794,18.32,-0.63595,0.150,0.180,0.000,0.4110,0.4373,TRACKING,L+C+R_fused
1786981867.702,48.2,0.896,0.920,0.872,0.4239,0.0763,16.08,-0.87224,0.150,0.180,0.000,0.4197,0.4165,TRACKING,L+C+R_fused
1786981867.722,48.2,0.927,0.918,0.880,0.4185,0.0630,16.76,-0.83551,0.150,0.180,0.000,0.1717,0.1993,TRACKING,L+C+R_fused
1786981867.741,48.2,0.000,0.908,0.893,0.4221,0.0465,15.30,-1.20398,0.150,0.180,0.000,-0.1199,-0.0860,TRACKING,R+C
1786981867.758,48.2,0.000,0.906,0.896,0.4256,0.0461,15.67,-1.12617,0.150,0.180,0.000,-0.1307,-0.1370,TRACKING,R+C
1786981867.773,48.2,0.000,0.906,0.896,0.4256,0.0369,12.54,-0.90093,0.150,0.180,0.000,-0.1307,-0.1446,TRACKING,prediction
1786981867.805,48.2,0.000,0.906,0.896,0.4256,0.0295,10.03,-0.72075,0.150,0.180,0.000,-0.1307,-0.1458,TRACKING,prediction
1786981867.828,48.2,0.000,0.906,0.896,0.4256,0.0236,8.02,-0.57660,0.150,0.180,0.000,-0.1307,-0.1459,TRACKING,prediction
1786981867.849,48.2,0.816,0.912,0.879,0.5477,-0.0040,14.65,-1.28620,0.150,0.180,0.000,-0.8451,-0.7645,TRACKING,L+C+R_fused
1786981867.862,48.2,0.000,0.896,0.881,0.5345,-0.0167,15.08,-1.20994,0.150,0.180,0.000,-0.9740,-0.9677,TRACKING,R+C
1786981867.881,48.2,0.000,0.898,0.880,0.5318,-0.0137,17.22,-0.99289,0.150,0.180,0.000,-0.9801,-1.0000,TRACKING,R+C
1786981867.910,48.2,0.000,0.898,0.880,0.5318,-0.0109,13.78,-0.79431,0.150,0.180,0.000,-0.9801,-1.0000,TRACKING,prediction
1786981867.920,48.2,0.000,0.880,0.891,0.5303,-0.0421,11.80,-1.66356,0.150,0.180,0.000,-1.0000,-1.0000,TRACKING,R+C
1786981867.941,48.2,0.000,0.881,0.890,0.5291,-0.0373,16.00,-1.12648,0.150,0.180,0.000,-1.0000,-1.0000,TRACKING,R+C
1786981867.961,48.2,0.000,0.880,0.882,0.5458,-0.0432,19.27,-0.77363,0.150,0.180,0.000,-1.0000,-1.0000,TRACKING,R+C
1786981867.981,48.2,0.000,0.884,0.879,0.5476,-0.0585,14.78,-1.20744,0.150,0.180,0.000,-1.0000,-1.0000,TRACKING,R+C
1786981868.002,48.2,0.000,0.882,0.880,0.5516,-0.0553,17.13,-0.93737,0.150,0.180,0.000,-1.0000,-1.0000,TRACKING,R+C
1786981868.023,48.2,0.000,0.881,0.866,0.5711,-0.0626,16.57,-0.94396,0.150,0.180,0.000,-1.0000,-1.0000,TRACKING,R+C
1786981868.043,48.2,0.000,0.887,0.871,0.5505,-0.0656,15.90,-1.02958,0.150,0.180,0.000,-1.0000,-1.0000,TRACKING,R+C
1786981868.072,48.2,0.000,0.887,0.874,0.5554,-0.0667,15.01,-1.16376,0.150,0.180,0.000,-1.0000,-1.0000,TRACKING,R+C
1786981868.095,48.2,0.000,0.887,0.874,0.5554,-0.0534,12.01,-0.93101,0.150,0.180,0.000,-1.0000,-1.0000,TRACKING,prediction
1786981868.106,48.2,0.000,0.898,0.884,0.5568,-0.0652,12.93,-1.47213,0.150,0.180,0.000,-1.0000,-1.0000,TRACKING,R+C
1786981868.126,48.7,0.000,0.900,0.887,0.5591,-0.0666,13.23,-1.32233,0.150,0.180,0.000,-1.0000,-1.0000,TRACKING,R+C
1786981868.160,48.7,0.000,0.900,0.887,0.5591,-0.0533,10.59,-1.05786,0.150,0.180,0.000,-1.0000,-1.0000,TRACKING,prediction
1786981868.183,48.7,0.000,0.900,0.887,0.5591,-0.0427,8.47,-0.84629,0.150,0.180,0.000,-1.0000,-1.0000,TRACKING,prediction
1786981868.203,48.7,0.000,0.900,0.887,0.5591,-0.0341,6.77,-0.67703,0.150,0.180,0.000,-1.0000,-1.0000,TRACKING,prediction
1786981868.224,48.7,0.000,0.900,0.887,0.5591,-0.0273,5.42,-0.54163,0.150,0.180,0.000,-1.0000,-1.0000,TRACKING,prediction
1786981868.245,48.7,0.000,0.900,0.887,0.5591,-0.0218,4.34,-0.43330,0.150,0.180,0.000,-1.0000,-1.0000,TRACKING,prediction
1786981868.265,48.7,0.000,0.900,0.887,0.5591,-0.0175,3.47,-0.34664,0.150,0.180,0.000,-1.0000,-1.0000,TRACKING,prediction
1786981868.286,48.7,0.000,0.900,0.887,0.5591,-0.0140,2.77,-0.27731,0.150,0.180,0.000,-1.0000,-1.0000,TRACKING,prediction
1786981868.307,48.7,0.000,0.900,0.887,0.5591,-0.0112,2.22,-0.22185,0.150,0.180,0.000,-1.0000,-1.0000,TRACKING,prediction
1786981868.327,48.7,0.000,0.900,0.887,0.5591,-0.0089,1.78,-0.17748,0.150,0.180,0.000,-1.0000,-1.0000,TRACKING,prediction
1786981868.349,48.7,0.000,0.900,0.887,0.5591,-0.0072,1.42,-0.14198,0.150,0.180,0.000,-1.0000,-1.0000,TRACKING,prediction
1786981868.369,48.7,0.000,0.900,0.887,0.5591,-0.0057,1.14,-0.11359,0.150,0.180,0.000,-1.0000,-1.0000,TRACKING,prediction
1786981868.390,48.7,0.000,0.900,0.887,0.5591,-0.0046,0.91,-0.09087,0.150,0.180,0.000,-1.0000,-1.0000,TRACKING,prediction
1786981868.411,48.7,0.000,0.900,0.887,0.5591,-0.0037,0.73,-0.07270,0.150,0.180,0.000,-1.0000,-1.0000,TRACKING,prediction
1786981868.432,48.7,0.000,0.900,0.887,0.5591,-0.0029,0.58,-0.05816,0.150,0.610,0.000,-1.0000,-1.0000,TRACKING,prediction
1786981868.453,48.7,0.000,0.900,0.887,0.5591,-0.0023,0.47,-0.04653,0.150,0.579,0.000,-1.0000,-0.7791,TRACKING,prediction
1786981868.474,48.7,0.000,0.900,0.887,0.5591,-0.0019,0.37,-0.03722,0.150,0.180,0.000,-1.0000,-0.7606,UNCERTAIN,prediction
1786981868.495,48.7,0.000,0.900,0.887,0.5591,-0.0015,0.30,-0.02978,0.150,0.180,0.000,-1.0000,-0.9990,UNCERTAIN,prediction
1786981868.517,48.7,0.000,0.900,0.887,0.5591,-0.0012,0.24,-0.02382,0.150,0.180,0.000,-1.0000,-1.0000,UNCERTAIN,prediction
1786981868.536,48.7,0.000,0.900,0.887,0.5591,-0.0010,0.19,-0.01906,0.150,0.180,0.000,-1.0000,-1.0000,UNCERTAIN,prediction
1786981868.557,48.7,0.000,0.900,0.887,0.5591,-0.0008,0.15,-0.01525,0.150,0.180,0.000,-1.0000,-1.0000,UNCERTAIN,prediction
1786981868.576,48.7,0.000,0.900,0.887,0.5591,-0.0006,0.12,-0.01220,0.150,0.180,0.000,-1.0000,-1.0000,UNCERTAIN,prediction
1786981868.596,48.7,0.000,0.900,0.887,0.5591,-0.0005,0.10,-0.00976,0.150,0.180,0.000,-1.0000,-1.0000,UNCERTAIN,prediction
1786981868.617,48.7,0.000,0.900,0.887,0.5591,-0.0004,0.08,-0.00781,0.150,0.180,0.000,-1.0000,-1.0000,UNCERTAIN,prediction
1786981868.638,48.7,0.000,0.900,0.887,0.5591,-0.0003,0.06,-0.00624,0.150,0.180,0.000,-1.0000,-1.0000,UNCERTAIN,prediction
1786981868.661,48.7,0.000,0.900,0.887,0.5591,-0.0003,0.05,-0.00500,0.150,0.180,0.000,-1.0000,-1.0000,UNCERTAIN,prediction
1786981868.682,48.7,0.000,0.900,0.887,0.5591,-0.0002,0.04,-0.00400,0.150,0.180,0.000,-1.0000,-1.0000,UNCERTAIN,prediction
1786981868.702,48.7,0.000,0.900,0.887,0.5591,-0.0002,0.03,-0.00320,0.150,0.180,0.000,-1.0000,-1.0000,UNCERTAIN,prediction
1786981868.724,48.7,0.000,0.900,0.887,0.5591,-0.0001,0.03,-0.00256,0.150,0.180,0.000,-1.0000,-1.0000,UNCERTAIN,prediction
1786981868.743,48.7,0.000,0.862,0.882,0.5691,-0.0492,18.50,-0.79469,0.150,0.180,0.000,-1.0000,-1.0000,TRACKING,R+C
1786981868.755,48.7,0.000,0.862,0.881,0.5769,-0.0458,21.65,-0.50953,0.150,0.180,0.000,-1.0000,-1.0000,TRACKING,R+C
1786981868.784,48.7,0.000,0.860,0.880,0.5870,-0.0576,19.57,-0.77323,0.150,0.180,0.000,-1.0000,-1.0000,TRACKING,R+C
1786981868.797,48.7,0.000,0.858,0.878,0.5892,-0.0601,23.12,-0.37404,0.163,0.180,0.000,-1.0000,-1.0000,TRACKING,R+C
1786981868.818,48.7,0.000,0.854,0.880,0.5959,-0.0624,23.42,-0.26699,0.173,0.180,0.000,-1.0000,-1.0000,TRACKING,R+C
1786981868.849,48.7,0.000,0.854,0.880,0.5959,-0.0499,18.73,-0.21359,0.173,0.180,0.000,-1.0000,-1.0000,TRACKING,prediction
1786981868.869,48.7,0.000,0.854,0.880,0.5959,-0.0399,14.99,-0.17087,0.173,0.180,0.000,-1.0000,-1.0000,TRACKING,prediction
1786981868.889,48.7,0.000,0.854,0.880,0.5959,-0.0320,11.99,-0.13670,0.173,0.180,0.000,-1.0000,-1.0000,TRACKING,prediction
1786981868.911,48.7,0.000,0.854,0.880,0.5959,-0.0256,9.59,-0.10936,0.173,0.180,0.000,-1.0000,-1.0000,TRACKING,prediction
1786981868.931,48.7,0.000,0.854,0.880,0.5959,-0.0204,7.67,-0.08749,0.173,0.180,0.000,-1.0000,-1.0000,TRACKING,prediction
1786981868.952,48.7,0.000,0.854,0.880,0.5959,-0.0164,6.14,-0.06999,0.173,0.180,0.000,-1.0000,-1.0000,TRACKING,prediction
1786981868.972,48.7,0.000,0.854,0.880,0.5959,-0.0131,4.91,-0.05599,0.173,0.180,0.000,-1.0000,-1.0000,TRACKING,prediction
1786981868.992,48.7,0.000,0.854,0.880,0.5959,-0.0105,3.93,-0.04479,0.173,0.180,0.000,-1.0000,-1.0000,TRACKING,prediction
1786981869.013,48.7,0.000,0.854,0.880,0.5959,-0.0084,3.14,-0.03583,0.173,0.180,0.000,-1.0000,-1.0000,TRACKING,prediction
1786981869.035,48.7,0.000,0.854,0.880,0.5959,-0.0067,2.51,-0.02867,0.173,0.180,0.000,-1.0000,-1.0000,TRACKING,prediction
1786981869.059,48.7,0.000,0.854,0.880,0.5959,-0.0054,2.01,-0.02293,0.173,0.180,0.000,-1.0000,-1.0000,TRACKING,prediction
1786981869.079,48.7,0.000,0.854,0.880,0.5959,-0.0043,1.61,-0.01835,0.173,0.180,0.000,-1.0000,-1.0000,TRACKING,prediction
1786981869.099,48.7,0.000,0.854,0.880,0.5959,-0.0034,1.29,-0.01468,0.173,0.180,0.000,-1.0000,-1.0000,TRACKING,prediction
1786981869.119,48.7,0.000,0.854,0.880,0.5959,-0.0027,1.03,-0.01174,0.173,0.180,0.000,-1.0000,-1.0000,TRACKING,prediction
1786981869.140,47.4,0.000,0.854,0.880,0.5959,-0.0022,0.82,-0.00939,0.173,0.180,0.000,-1.0000,-1.0000,TRACKING,prediction
1786981869.160,47.4,0.000,0.854,0.880,0.5959,-0.0018,0.66,-0.00752,0.173,0.180,0.000,-1.0000,-1.0000,UNCERTAIN,prediction
1786981869.181,47.4,0.000,0.854,0.880,0.5959,-0.0014,0.53,-0.00601,0.173,0.180,0.000,-1.0000,-1.0000,UNCERTAIN,prediction
1786981869.203,47.4,0.000,0.854,0.880,0.5959,-0.0011,0.42,-0.00481,0.173,0.180,0.000,-1.0000,-1.0000,UNCERTAIN,prediction
1786981869.224,47.4,0.000,0.854,0.880,0.5959,-0.0009,0.34,-0.00385,0.173,0.180,0.000,-1.0000,-1.0000,UNCERTAIN,prediction
1786981869.245,47.4,0.000,0.854,0.880,0.5959,-0.0007,0.27,-0.00308,0.173,0.180,0.000,-1.0000,-1.0000,UNCERTAIN,prediction
1786981869.266,47.4,0.000,0.854,0.880,0.5959,-0.0006,0.22,-0.00246,0.173,0.180,0.000,-1.0000,-1.0000,UNCERTAIN,prediction
1786981869.288,47.4,0.000,0.854,0.880,0.5959,-0.0005,0.17,-0.00197,0.173,0.180,0.000,-1.0000,-1.0000,UNCERTAIN,prediction
1786981869.307,47.4,0.000,0.854,0.880,0.5959,-0.0004,0.14,-0.00158,0.173,0.180,0.000,-1.0000,-1.0000,UNCERTAIN,prediction
1786981869.328,47.4,0.000,0.854,0.880,0.5959,-0.0003,0.11,-0.00126,0.173,0.180,0.000,-1.0000,-1.0000,UNCERTAIN,prediction
1786981869.349,47.4,0.000,0.854,0.880,0.5959,-0.0002,0.09,-0.00101,0.173,0.180,0.000,-1.0000,-1.0000,UNCERTAIN,prediction
1786981869.359,47.4,0.000,0.897,0.878,0.6040,-0.0701,22.14,-0.11340,0.189,0.180,0.000,-1.0000,-1.0000,TRACKING,R+C
1786981869.380,47.4,0.000,0.894,0.878,0.6011,-0.0664,23.63,-0.02551,0.197,0.180,0.000,-1.0000,-1.0000,TRACKING,R+C
1786981869.412,47.4,0.000,0.894,0.878,0.6011,-0.0531,18.90,-0.02041,0.197,0.180,0.000,-1.0000,-1.0000,TRACKING,prediction
1786981869.434,47.4,0.000,0.894,0.878,0.6011,-0.0425,15.12,-0.01632,0.197,0.700,0.000,-1.0000,-1.0000,TRACKING,prediction
1786981869.448,47.4,0.000,0.894,0.878,0.6011,-0.0340,12.10,-0.01306,0.197,0.700,0.000,-1.0000,-0.7241,TRACKING,prediction
1786981869.467,47.4,0.000,0.894,0.878,0.6011,-0.0272,9.68,-0.01045,0.197,0.700,0.000,-1.0000,-0.6795,TRACKING,prediction
1786981869.488,47.4,0.000,0.894,0.878,0.6011,-0.0217,7.74,-0.00836,0.197,0.700,0.000,-1.0000,-0.6728,TRACKING,prediction
1786981869.509,47.4,0.000,0.894,0.878,0.6011,-0.0174,6.19,-0.00669,0.197,0.700,0.000,-1.0000,-0.6718,TRACKING,prediction
1786981869.530,47.4,0.000,0.894,0.878,0.6011,-0.0139,4.95,-0.00535,0.197,0.700,0.000,-1.0000,-0.6717,TRACKING,prediction
1786981869.540,47.4,0.000,0.898,0.873,0.5873,-0.1134,15.97,-0.16456,0.184,0.700,0.000,-1.0000,-0.6737,TRACKING,R+C
1786981869.564,47.4,0.000,0.900,0.872,0.5878,-0.1125,17.29,-0.04936,0.195,0.700,0.000,-1.0000,-0.6737,TRACKING,R+C
1786981869.581,47.4,0.000,0.917,0.874,0.5889,-0.1265,14.77,-0.12991,0.187,0.700,0.000,-1.0000,-0.6744,TRACKING,R+C
1786981869.602,47.4,0.000,0.903,0.868,0.5791,-0.1360,14.17,-0.11914,0.188,0.700,0.000,-1.0000,-0.6752,TRACKING,R+C
1786981869.623,47.4,0.000,0.902,0.867,0.5783,-0.1367,13.87,-0.13321,0.187,0.700,0.000,-1.0000,-0.6752,TRACKING,R+C
1786981869.644,47.4,0.000,0.888,0.869,0.5715,-0.1496,7.97,-0.79164,0.150,0.700,0.000,-1.0000,-0.6769,TRACKING,R+C
1786981869.665,47.4,0.000,0.892,0.865,0.5649,-0.1511,14.77,0.06314,0.194,0.700,0.000,-1.0000,-0.6765,TRACKING,R+C
1786981869.684,47.4,0.000,0.892,0.863,0.5669,-0.1528,13.87,0.00739,0.199,0.700,0.000,-1.0000,-0.6765,TRACKING,R+C
1786981869.716,47.4,0.000,0.896,0.866,0.5583,-0.1658,8.95,-0.47544,0.152,0.700,0.000,-1.0000,-0.6778,TRACKING,R+C
1786981869.728,47.4,0.000,0.884,0.729,0.5593,-0.1735,8.30,-0.50258,0.150,0.700,0.000,-1.0000,-0.6786,TRACKING,R+C
1786981869.749,47.4,0.000,0.884,0.722,0.5457,-0.1714,9.87,-0.31790,0.168,0.700,0.000,-1.0000,-0.6783,TRACKING,R+C
1786981869.772,47.4,0.000,0.890,0.866,0.5432,-0.1840,6.89,-0.49041,0.151,0.700,0.000,-1.0000,-0.6791,TRACKING,R+C
1786981869.790,47.4,0.000,0.881,0.866,0.5384,-0.1863,6.60,-0.51663,0.150,0.700,0.000,-1.0000,-0.6793,TRACKING,R+C
1786981869.819,47.4,0.000,0.883,0.866,0.5410,-0.1851,9.46,-0.15255,0.185,0.700,0.000,-1.0000,-0.6789,TRACKING,R+C
1786981869.839,47.4,0.000,0.885,0.867,0.5267,-0.1895,6.15,-0.48445,0.152,0.700,0.000,-1.0000,-0.6793,TRACKING,R+C
1786981869.849,47.4,0.000,0.879,0.868,0.5179,-0.1913,5.28,-0.52023,0.150,0.700,0.000,-1.0000,-0.6792,TRACKING,R+C
1786981869.880,47.4,0.000,0.879,0.867,0.5174,-0.1927,4.92,-0.49643,0.150,0.700,0.000,-1.0000,-0.6791,TRACKING,R+C
1786981869.899,47.4,0.000,0.865,0.868,0.5137,-0.1919,5.84,-0.30104,0.170,0.700,0.000,-1.0000,-0.6786,TRACKING,R+C
1786981869.921,47.4,0.000,0.867,0.872,0.5018,-0.1931,1.75,-0.66743,0.150,0.180,0.000,-1.0000,-0.6783,TRACKING,R+C
1786981869.941,47.4,0.000,0.864,0.874,0.5032,-0.1957,0.55,-0.77840,0.150,0.180,0.000,-1.0000,-0.9972,TRACKING,R+C
1786981869.962,47.4,0.000,0.863,0.883,0.5005,-0.1850,6.74,-0.09099,0.191,0.180,0.000,-1.0000,-1.0000,TRACKING,R+C
1786981869.983,47.4,0.000,0.870,0.888,0.4940,-0.1916,0.05,-0.64800,0.150,0.180,0.000,-1.0000,-1.0000,TRACKING,R+C
1786981870.003,47.4,0.000,0.866,0.889,0.4967,-0.1898,0.36,-0.74451,0.150,0.180,0.000,-1.0000,-1.0000,TRACKING,R+C
1786981870.023,47.4,0.000,0.860,0.892,0.4925,-0.1827,2.78,-0.44235,0.156,0.180,0.000,-1.0000,-1.0000,TRACKING,R+C
1786981870.043,47.4,0.000,0.858,0.894,0.4842,-0.1899,-5.17,-1.07163,0.150,0.180,0.000,-1.0000,-1.0000,TRACKING,R+C
1786981870.054,47.4,0.000,0.858,0.894,0.4819,-0.1862,-3.35,-0.93938,0.150,0.180,0.000,-1.0000,-1.0000,TRACKING,R+C
1786981870.085,47.4,0.000,0.858,0.897,0.4830,-0.1831,-1.58,-0.56629,0.150,0.180,0.000,-1.0000,-1.0000,TRACKING,R+C
1786981870.105,47.4,0.000,0.863,0.899,0.4749,-0.1806,-6.46,-1.19388,0.150,0.180,0.000,-1.0000,-1.0000,TRACKING,R+C
1786981870.115,47.4,0.000,0.863,0.898,0.4751,-0.1807,-7.22,-1.27575,0.150,0.180,0.000,-1.0000,-1.0000,TRACKING,R+C
1786981870.137,47.4,0.000,0.873,0.896,0.4767,-0.1763,-5.96,-1.06718,0.150,0.700,0.000,-1.0000,-1.0000,TRACKING,R+C
1786981870.166,48.7,0.000,0.863,0.900,0.4806,-0.1663,1.36,-0.09229,0.191,0.700,0.000,-1.0000,-0.7245,TRACKING,R+C
1786981870.179,48.7,0.000,0.869,0.900,0.4756,-0.1766,-7.85,-1.08049,0.150,0.700,0.000,-1.0000,-0.6812,TRACKING,R+C
1786981870.199,48.7,0.000,0.884,0.901,0.4765,-0.1692,-3.41,-0.56188,0.150,0.180,0.000,-1.0000,-0.6733,TRACKING,R+C
1786981870.229,48.7,0.000,0.892,0.909,0.4755,-0.1692,-5.50,-0.83041,0.150,0.700,0.000,-1.0000,-0.9866,TRACKING,R+C
1786981870.244,48.7,0.000,0.892,0.908,0.4756,-0.1655,-2.19,-0.41570,0.158,0.700,0.000,-1.0000,-0.7162,TRACKING,R+C
1786981870.251,48.7,0.000,0.894,0.910,0.4731,-0.1687,-5.58,-0.75993,0.150,0.700,0.000,-1.0000,-0.6786,TRACKING,R+C
1786981870.271,48.7,0.000,0.895,0.913,0.4707,-0.1727,-10.13,-1.22065,0.150,0.180,0.000,-1.0000,-0.6734,TRACKING,R+C
1786981870.292,48.7,0.000,0.895,0.914,0.4714,-0.1706,-8.51,-1.06810,0.150,0.180,0.000,-1.0000,-0.9863,TRACKING,R+C
1786981870.312,48.7,0.000,0.899,0.915,0.4686,-0.1694,-10.42,-1.29713,0.150,0.180,0.000,-1.0000,-1.0000,TRACKING,R+C
1786981870.333,48.7,0.000,0.908,0.913,0.4710,-0.1657,-8.83,-1.01922,0.150,0.700,0.000,-1.0000,-1.0000,TRACKING,R+C
1786981870.353,48.7,0.000,0.908,0.914,0.4703,-0.1651,-8.25,-0.95364,0.150,0.700,0.000,-1.0000,-0.7233,TRACKING,R+C
1786981870.374,48.7,0.000,0.906,0.917,0.4728,-0.1622,-11.30,-1.29702,0.150,0.700,0.000,-1.0000,-0.6787,TRACKING,R+C
1786981870.396,48.7,0.000,0.904,0.916,0.4702,-0.1551,-11.57,-1.32128,0.150,0.700,0.000,-1.0000,-0.6712,TRACKING,R+C
1786981870.415,48.7,0.000,0.903,0.916,0.4703,-0.1568,-12.60,-1.38783,0.150,0.700,0.000,-1.0000,-0.6703,TRACKING,R+C
1786981870.441,48.7,0.000,0.901,0.915,0.4681,-0.1530,-15.35,-1.60723,0.150,0.700,0.000,-1.0000,-0.6695,TRACKING,R+C
1786981870.457,48.7,0.000,0.910,0.918,0.4702,-0.1443,-13.76,-1.47742,0.150,0.700,0.000,-1.0000,-0.6685,TRACKING,R+C
1786981870.485,48.7,0.000,0.911,0.918,0.4683,-0.1410,-13.02,-1.48751,0.150,0.700,0.000,-1.0000,-0.6684,TRACKING,R+C
1786981870.500,48.7,0.000,0.909,0.919,0.4699,-0.1380,-15.54,-1.66176,0.150,0.700,0.000,-1.0000,-0.6678,TRACKING,R+C
1786981870.518,48.7,0.000,0.912,0.921,0.4677,-0.1290,-16.62,-1.82689,0.150,0.700,0.000,-1.0000,-0.6672,TRACKING,R+C
1786981870.538,48.7,0.000,0.912,0.917,0.4697,-0.1290,-15.93,-1.75681,0.150,0.700,0.000,-1.0000,-0.6671,TRACKING,R+C
1786981870.559,48.7,0.000,0.915,0.924,0.4684,-0.1200,-16.07,-1.83377,0.150,0.700,0.000,-1.0000,-0.6663,TRACKING,R+C
1786981870.579,48.7,0.000,0.916,0.926,0.4675,-0.1095,-14.86,-1.80702,0.150,0.700,0.000,-1.0000,-0.6654,TRACKING,R+C
1786981870.600,48.7,0.000,0.916,0.924,0.4676,-0.1107,-15.47,-1.84841,0.150,0.700,0.000,-1.0000,-0.6655,TRACKING,R+C
1786981870.624,48.7,0.000,0.913,0.922,0.4698,-0.1005,-12.85,-1.65607,0.150,0.700,0.000,-1.0000,-0.6643,TRACKING,R+C
1786981870.652,48.7,0.000,0.922,0.921,0.4707,-0.0913,-14.47,-1.94616,0.150,0.700,0.000,-1.0000,-0.6640,TRACKING,R+C
1786981870.662,48.7,0.000,0.919,0.922,0.4690,-0.0921,-14.93,-1.95878,0.150,0.700,0.000,-1.0000,-0.6640,TRACKING,R+C
1786981870.683,48.7,0.000,0.920,0.926,0.4692,-0.0807,-12.89,-1.89468,0.150,0.700,0.000,-0.9699,-0.6465,TRACKING,R+C
1786981870.704,48.7,0.000,0.925,0.921,0.4678,-0.0730,-13.48,-1.97144,0.150,0.700,0.000,-0.8899,-0.5989,TRACKING,R+C
1786981870.724,48.7,0.000,0.925,0.921,0.4696,-0.0714,-12.51,-1.90504,0.150,0.700,0.000,-0.8898,-0.5917,TRACKING,R+C
1786981870.745,48.7,0.000,0.927,0.920,0.4659,-0.0594,-11.32,-1.91636,0.150,0.180,0.000,-0.7924,-0.5359,TRACKING,R+C
1786981870.766,48.7,0.000,0.929,0.923,0.4622,-0.0477,-9.32,-1.79870,0.150,0.180,0.000,-0.6919,-0.6844,TRACKING,R+C
1786981870.786,48.7,0.000,0.929,0.924,0.4633,-0.0495,-10.53,-1.89640,0.150,0.180,0.000,-0.6914,-0.7055,TRACKING,R+C
1786981870.816,48.7,0.892,0.929,0.927,0.4255,-0.0394,-10.10,-1.98355,0.150,0.180,0.000,-0.5812,-0.6139,TRACKING,L+C+R_fused
1786981870.827,48.7,0.961,0.931,0.921,0.4293,-0.0294,-7.91,-1.88701,0.150,0.180,0.000,-0.4978,-0.5282,TRACKING,L+C+R_fused
1786981870.857,48.7,0.961,0.931,0.921,0.4301,-0.0290,-7.57,-1.85953,0.150,0.180,0.000,-0.4993,-0.5167,TRACKING,L+C+R_fused
1786981870.878,48.7,0.961,0.935,0.919,0.4316,-0.0207,-6.33,-1.84704,0.150,0.180,0.000,-0.4152,-0.4426,TRACKING,L+C+R_fused
1786981870.888,48.7,0.957,0.934,0.915,0.4381,-0.0152,-4.17,-1.74862,0.150,0.180,0.000,-0.3940,-0.4134,TRACKING,L+C+R_fused
1786981870.919,48.7,0.957,0.932,0.917,0.4367,-0.0146,-3.26,-1.63626,0.150,0.180,0.000,-0.4021,-0.4157,TRACKING,L+C+R_fused
1786981870.939,48.7,0.964,0.936,0.913,0.4422,-0.0128,-2.51,-1.68363,0.150,0.180,0.000,-0.4113,-0.4246,TRACKING,L+C+R_fused
1786981870.960,48.7,0.964,0.935,0.909,0.4583,-0.0114,-0.27,-1.54951,0.150,0.180,0.000,-0.4547,-0.4633,TRACKING,L+C+R_fused
1786981870.971,48.7,0.769,0.935,0.910,0.4459,-0.0112,-0.19,-1.55037,0.150,0.180,0.000,-0.4556,-0.4698,TRACKING,L+C+R_fused
1786981870.991,48.7,0.382,0.934,0.911,0.4270,-0.0127,0.43,-1.57596,0.150,0.180,0.000,-0.5055,-0.5142,TRACKING,L+C+R_fused
1786981871.014,48.7,0.868,0.935,0.912,0.4308,-0.0130,2.56,-1.42043,0.150,0.180,0.000,-0.5666,-0.5735,TRACKING,L+C+R_fused
1786981871.041,48.7,0.000,0.934,0.912,0.4709,-0.0130,2.45,-1.44622,0.150,0.180,0.000,-0.5654,-0.5813,TRACKING,R+C
1786981871.062,48.7,0.000,0.934,0.909,0.4790,-0.0161,2.43,-1.57816,0.150,0.180,0.000,-0.6280,-0.6374,TRACKING,R+C
1786981871.072,48.7,0.000,0.933,0.908,0.4854,-0.0196,1.98,-1.78988,0.150,0.180,0.000,-0.6879,-0.6986,TRACKING,R+C
1786981871.096,48.7,0.000,0.934,0.907,0.4824,-0.0197,1.74,-1.80509,0.150,0.180,0.000,-0.6832,-0.7035,TRACKING,R+C
1786981871.124,48.7,0.000,0.929,0.909,0.4917,-0.0230,2.79,-1.73675,0.150,0.180,0.000,-0.7493,-0.7615,TRACKING,R+C
1786981871.146,48.7,0.000,0.929,0.904,0.4995,-0.0235,5.16,-1.53710,0.150,0.180,0.000,-0.8027,-0.8161,TRACKING,R+C
1786981871.158,48.7,0.000,0.926,0.903,0.4980,-0.0222,6.10,-1.44454,0.150,0.180,0.000,-0.8059,-0.8268,TRACKING,R+C
1786981871.186,49.0,0.000,0.929,0.909,0.5038,-0.0252,4.36,-1.73912,0.150,0.180,0.000,-0.8229,-0.8443,TRACKING,R+C
1786981871.199,49.0,0.000,0.921,0.905,0.5078,-0.0241,6.07,-1.55614,0.150,0.180,0.000,-0.8386,-0.8600,TRACKING,R+C
1786981871.221,49.0,0.000,0.924,0.905,0.5040,-0.0245,4.50,-1.80385,0.150,0.180,0.000,-0.8260,-0.8523,TRACKING,R+C
1786981871.249,49.0,0.000,0.928,0.903,0.5026,-0.0226,5.41,-1.68661,0.150,0.180,0.000,-0.8185,-0.8441,TRACKING,R+C
1786981871.260,49.0,0.000,0.927,0.900,0.5010,-0.0167,5.79,-1.71235,0.150,0.180,0.000,-0.7648,-0.7967,TRACKING,R+C
1786981871.281,49.0,0.000,0.928,0.902,0.5038,-0.0165,6.12,-1.66848,0.150,0.180,0.000,-0.7672,-0.7916,TRACKING,R+C
1786981871.302,49.0,0.000,0.920,0.900,0.5011,-0.0096,6.76,-1.63914,0.150,0.180,0.000,-0.6992,-0.7320,TRACKING,R+C
1786981871.322,49.0,0.000,0.927,0.899,0.5051,-0.0034,7.72,-1.54272,0.150,0.700,0.000,-0.6382,-0.6701,TRACKING,R+C
1786981871.343,49.0,0.000,0.927,0.898,0.5036,-0.0022,8.33,-1.49330,0.150,0.700,0.000,-0.6364,-0.4611,TRACKING,R+C
1786981871.363,49.0,0.000,0.927,0.902,0.4987,0.0025,8.32,-1.50884,0.150,0.180,0.000,-0.5735,-0.3958,TRACKING,R+C
1786981871.384,49.0,0.000,0.926,0.900,0.4915,0.0092,9.47,-1.39280,0.150,0.180,0.000,-0.5028,-0.5040,TRACKING,R+C
1786981871.404,49.0,0.000,0.927,0.900,0.4932,0.0094,9.31,-1.42311,0.150,0.180,0.000,-0.4974,-0.5145,TRACKING,R+C
1786981871.424,49.0,0.000,0.929,0.900,0.4905,0.0168,11.04,-1.24158,0.150,0.700,0.000,-0.4261,-0.4542,TRACKING,R+C
1786981871.451,49.0,0.000,0.928,0.907,0.4850,0.0214,10.44,-1.39023,0.150,0.180,0.000,-0.3516,-0.2697,TRACKING,R+C
1786981871.466,49.0,0.000,0.929,0.904,0.4755,0.0197,9.77,-1.42943,0.150,0.180,0.000,-0.3553,-0.3583,TRACKING,R+C
1786981871.479,49.0,0.000,0.931,0.905,0.4792,0.0235,11.09,-1.28606,0.150,0.180,0.000,-0.3264,-0.3452,TRACKING,R+C
1786981871.489,49.0,0.000,0.928,0.901,0.4747,0.0235,11.02,-1.29195,0.150,0.180,0.000,-0.3257,-0.3427,TRACKING,R+C
1786981871.500,49.0,0.000,0.928,0.898,0.4698,0.0248,11.97,-1.19776,0.150,0.180,0.000,-0.3305,-0.3464,TRACKING,R+C
1786981871.520,49.0,0.000,0.926,0.891,0.4759,0.0238,12.99,-1.12032,0.150,0.180,0.000,-0.3793,-0.3890,TRACKING,R+C
1786981871.549,49.0,0.000,0.928,0.886,0.4956,0.0188,14.20,-0.94340,0.150,0.180,0.000,-0.4794,-0.4812,TRACKING,R+C
1786981871.561,49.0,0.000,0.925,0.886,0.4979,0.0197,13.94,-1.04362,0.150,0.180,0.000,-0.4719,-0.4890,TRACKING,R+C
1786981871.582,49.0,0.000,0.922,0.889,0.5001,0.0116,12.66,-1.16754,0.150,0.180,0.000,-0.5593,-0.5659,TRACKING,R+C
1786981871.602,49.0,0.000,0.923,0.891,0.5101,0.0095,14.22,-1.04038,0.150,0.180,0.000,-0.6308,-0.6390,TRACKING,R+C
1786981871.630,49.0,0.000,0.924,0.891,0.5092,0.0070,12.66,-1.21791,0.150,0.180,0.000,-0.6326,-0.6517,TRACKING,R+C
1786981871.645,49.0,0.000,0.927,0.891,0.5142,0.0018,12.66,-1.20923,0.150,0.180,0.000,-0.7000,-0.7120,TRACKING,R+C
1786981871.665,49.0,0.000,0.926,0.890,0.5217,-0.0027,14.16,-1.03264,0.150,0.180,0.000,-0.7818,-0.7914,TRACKING,R+C
1786981871.687,49.0,0.000,0.925,0.891,0.5197,-0.0009,15.31,-0.91866,0.150,0.180,0.000,-0.7842,-0.8050,TRACKING,R+C
1786981871.706,49.0,0.000,0.924,0.890,0.5315,-0.0070,16.59,-0.73237,0.150,0.180,0.000,-0.8679,-0.8792,TRACKING,R+C
1786981871.728,49.0,0.000,0.922,0.891,0.5350,-0.0140,15.95,-0.81312,0.150,0.180,0.000,-0.9296,-0.9442,TRACKING,R+C
1786981871.748,49.0,0.000,0.922,0.885,0.5343,-0.0147,15.95,-0.78466,0.150,0.180,0.000,-0.9325,-0.9560,TRACKING,R+C
1786981871.770,49.0,0.000,0.928,0.886,0.5390,-0.0211,17.50,-0.57034,0.150,0.180,0.000,-1.0000,-1.0000,TRACKING,R+C
1786981871.790,49.0,0.000,0.932,0.888,0.5462,-0.0291,16.66,-0.68916,0.150,0.180,0.000,-1.0000,-1.0000,TRACKING,R+C
1786981871.810,49.0,0.000,0.931,0.887,0.5419,-0.0285,16.65,-0.71416,0.150,0.180,0.000,-1.0000,-1.0000,TRACKING,R+C
1786981871.831,49.0,0.000,0.934,0.892,0.5524,-0.0391,15.30,-0.84356,0.150,0.180,0.000,-1.0000,-1.0000,TRACKING,R+C
1786981871.857,49.0,0.000,0.925,0.883,0.5494,-0.0436,17.08,-0.59589,0.150,0.180,0.000,-1.0000,-1.0000,TRACKING,R+C
1786981871.868,49.0,0.000,0.926,0.883,0.5463,-0.0460,14.90,-0.86596,0.150,0.180,0.000,-1.0000,-1.0000,TRACKING,R+C
1786981871.886,49.0,0.000,0.925,0.885,0.5556,-0.0567,11.71,-1.38453,0.150,0.180,0.000,-1.0000,-1.0000,TRACKING,R+C
1786981871.898,49.0,0.000,0.925,0.881,0.5627,-0.0643,12.05,-1.30768,0.150,0.180,0.000,-1.0000,-1.0000,TRACKING,R+C
1786981871.922,49.0,0.000,0.925,0.883,0.5609,-0.0668,10.33,-1.50598,0.150,0.180,0.000,-1.0000,-1.0000,TRACKING,R+C
1786981871.950,49.0,0.000,0.929,0.880,0.5626,-0.0715,14.92,-0.86314,0.150,0.180,0.000,-1.0000,-1.0000,TRACKING,R+C
1786981871.963,49.0,0.000,0.938,0.880,0.5703,-0.0781,17.01,-0.57133,0.150,0.180,0.000,-1.0000,-1.0000,TRACKING,R+C
1786981871.985,49.0,0.000,0.938,0.881,0.5697,-0.0784,16.70,-0.60724,0.150,0.180,0.000,-1.0000,-1.0000,TRACKING,R+C
1786981872.005,49.0,0.000,0.940,0.883,0.5711,-0.0879,14.08,-0.96498,0.150,0.180,0.000,-1.0000,-1.0000,TRACKING,R+C
1786981872.026,49.0,0.000,0.936,0.881,0.5721,-0.0949,12.75,-1.08311,0.150,0.180,0.000,-1.0000,-1.0000,TRACKING,R+C
1786981872.048,49.0,0.000,0.937,0.877,0.5639,-0.0941,13.33,-1.01474,0.150,0.180,0.000,-1.0000,-1.0000,TRACKING,R+C
1786981872.068,49.0,0.000,0.937,0.879,0.5694,-0.1001,11.65,-1.20825,0.150,0.180,0.000,-1.0000,-1.0000,TRACKING,R+C
1786981872.078,49.0,0.000,0.942,0.881,0.5738,-0.1010,12.60,-1.01081,0.150,0.180,0.000,-1.0000,-1.0000,TRACKING,R+C
1786981872.090,49.0,0.000,0.941,0.882,0.5719,-0.1007,12.78,-0.98992,0.150,0.180,0.000,-1.0000,-1.0000,TRACKING,R+C
1786981872.098,49.0,0.000,0.942,0.886,0.5673,-0.1013,11.75,-1.05693,0.150,0.180,0.000,-1.0000,-1.0000,TRACKING,R+C
1786981872.109,49.0,0.000,0.945,0.888,0.5614,-0.1012,11.36,-1.06074,0.150,0.180,0.000,-1.0000,-1.0000,TRACKING,R+C
1786981872.119,49.0,0.000,0.945,0.887,0.5610,-0.1011,11.37,-1.06118,0.150,0.180,0.000,-1.0000,-1.0000,TRACKING,R+C
1786981872.149,49.0,0.000,0.945,0.887,0.5610,-0.0809,9.10,-0.84894,0.150,0.180,0.000,-1.0000,-1.0000,TRACKING,prediction
1786981872.162,49.0,0.000,0.943,0.898,0.5472,-0.0971,12.19,-0.84151,0.150,0.180,0.000,-1.0000,-1.0000,TRACKING,R+C
1786981872.179,49.0,0.000,0.944,0.898,0.5463,-0.0976,11.97,-0.85965,0.150,0.180,0.000,-1.0000,-1.0000,TRACKING,R+C
1786981872.197,53.4,0.956,0.945,0.894,0.4174,-0.0942,12.50,-0.74596,0.150,0.180,0.000,-1.0000,-1.0000,TRACKING,L+C+R_fused
1786981872.218,53.4,0.956,0.945,0.894,0.4174,-0.0753,10.00,-0.59677,0.150,0.180,0.000,-1.0000,-1.0000,TRACKING,prediction
1786981872.228,53.4,0.956,0.945,0.894,0.4174,-0.0603,8.00,-0.47742,0.150,0.180,0.000,-1.0000,-1.0000,TRACKING,prediction
1786981872.249,53.4,0.000,0.947,0.901,0.5314,-0.0897,12.00,-0.71656,0.150,0.180,0.000,-1.0000,-1.0000,TRACKING,R+C
1786981872.270,53.4,0.000,0.951,0.899,0.5248,-0.0882,11.05,-0.79676,0.150,0.180,0.000,-1.0000,-1.0000,TRACKING,R+C
1786981872.291,53.4,0.000,0.951,0.898,0.5258,-0.0882,11.03,-0.80128,0.150,0.180,0.000,-1.0000,-1.0000,TRACKING,R+C
1786981872.300,53.4,0.000,0.951,0.897,0.5212,-0.0874,11.84,-0.65890,0.150,0.700,0.000,-1.0000,-1.0000,TRACKING,R+C
1786981872.321,53.4,0.000,0.949,0.895,0.5151,-0.0888,11.60,-0.61300,0.150,0.700,0.000,-1.0000,-0.7229,TRACKING,R+C
1786981872.321,53.4,0.000,0.949,0.894,0.5189,-0.0888,11.60,-0.61300,0.150,0.700,0.000,-1.0000,-0.6783,TRACKING,R+C
1786981872.342,53.4,0.000,0.951,0.898,0.5140,-0.0943,9.98,-0.75704,0.150,0.700,0.000,-1.0000,-0.6721,TRACKING,R+C
1786981872.365,53.4,0.000,0.952,0.898,0.5192,-0.0991,10.10,-0.74809,0.150,0.700,0.000,-1.0000,-0.6717,TRACKING,R+C
1786981872.384,53.4,0.000,0.952,0.897,0.5183,-0.0991,10.08,-0.75199,0.150,0.700,0.000,-1.0000,-0.6716,TRACKING,R+C
1786981872.416,53.4,0.000,0.948,0.892,0.5200,-0.1058,10.87,-0.56116,0.150,0.700,0.000,-1.0000,-0.6719,TRACKING,R+C
1786981872.427,53.4,0.000,0.946,0.894,0.5174,-0.1147,8.27,-0.96022,0.150,0.180,0.000,-1.0000,-0.6735,TRACKING,R+C
1786981872.437,53.4,0.000,0.946,0.894,0.5166,-0.1147,8.22,-0.96530,0.150,0.180,0.000,-1.0000,-0.9885,TRACKING,R+C
1786981872.448,53.4,0.000,0.948,0.891,0.5164,-0.1221,7.92,-0.98150,0.150,0.180,0.000,-1.0000,-1.0000,TRACKING,R+C
1786981872.462,53.4,0.000,0.947,0.887,0.5183,-0.1280,9.01,-0.82420,0.150,0.180,0.000,-1.0000,-1.0000,TRACKING,R+C
1786981872.480,53.4,0.000,0.949,0.886,0.5136,-0.1285,8.37,-0.89912,0.150,0.180,0.000,-1.0000,-1.0000,TRACKING,R+C
1786981872.495,53.4,0.000,0.948,0.893,0.5078,-0.1352,9.19,-0.72685,0.150,0.180,0.000,-1.0000,-1.0000,TRACKING,R+C
1786981872.520,53.4,0.000,0.926,0.896,0.5091,-0.1462,4.34,-1.33254,0.150,0.700,0.000,-1.0000,-1.0000,TRACKING,R+C
1786981872.535,53.4,0.000,0.928,0.896,0.5124,-0.1417,9.23,-0.75845,0.150,0.180,0.000,-1.0000,-0.7289,TRACKING,R+C
1786981872.555,53.4,0.000,0.922,0.897,0.5016,-0.1537,3.07,-1.42948,0.150,0.180,0.000,-1.0000,-1.0000,TRACKING,R+C
1786981872.568,53.4,0.000,0.940,0.896,0.5067,-0.1559,9.18,-0.65828,0.150,0.180,0.000,-1.0000,-1.0000,TRACKING,R+C
1786981872.591,53.4,0.000,0.928,0.895,0.5054,-0.1559,9.15,-0.65439,0.150,0.180,0.000,-1.0000,-1.0000,TRACKING,R+C
1786981872.607,53.4,0.000,0.931,0.887,0.5047,-0.1592,11.39,-0.39998,0.160,0.700,0.000,-1.0000,-1.0000,TRACKING,R+C
1786981872.630,53.4,0.000,0.935,0.889,0.5025,-0.1681,6.36,-0.95688,0.150,0.700,0.000,-1.0000,-0.7315,TRACKING,R+C
1786981872.645,53.4,0.000,0.933,0.889,0.4987,-0.1676,6.69,-0.90728,0.150,0.700,0.000,-1.0000,-0.6868,TRACKING,R+C
1786981872.663,53.4,0.000,0.916,0.892,0.5023,-0.1678,11.56,-0.21809,0.178,0.180,0.000,-1.0000,-0.6794,TRACKING,R+C
1786981872.675,53.4,0.000,0.916,0.893,0.4920,-0.1728,5.35,-0.97223,0.150,0.180,0.000,-1.0000,-0.9985,TRACKING,R+C
1786981872.695,53.4,0.000,0.914,0.894,0.4937,-0.1731,5.24,-0.97210,0.150,0.180,0.000,-1.0000,-1.0000,TRACKING,R+C
1786981872.725,53.4,0.000,0.907,0.896,0.4934,-0.1717,5.70,-0.94606,0.150,0.700,0.000,-1.0000,-1.0000,TRACKING,R+C
1786981872.738,53.4,0.000,0.920,0.899,0.4891,-0.1712,4.69,-0.95996,0.150,0.700,0.000,-1.0000,-0.7309,TRACKING,R+C
1786981872.756,53.4,0.000,0.919,0.900,0.4883,-0.1714,4.26,-1.00753,0.150,0.700,0.000,-1.0000,-0.6864,TRACKING,R+C
1786981872.770,53.4,0.000,0.907,0.905,0.4855,-0.1695,4.01,-0.96394,0.150,0.700,0.000,-1.0000,-0.6792,TRACKING,R+C
1786981872.789,53.4,0.000,0.876,0.910,0.4798,-0.1693,2.21,-1.10264,0.150,0.700,0.000,-1.0000,-0.6778,TRACKING,R+C
1786981872.806,53.4,0.000,0.877,0.909,0.4775,-0.1717,0.74,-1.20259,0.150,0.700,0.000,-1.0000,-0.6777,TRACKING,R+C
1786981872.820,53.4,0.000,0.894,0.908,0.4766,-0.1682,1.18,-1.14611,0.150,0.700,0.000,-1.0000,-0.6772,TRACKING,R+C
1786981872.833,53.4,0.000,0.892,0.911,0.4787,-0.1637,3.14,-0.91659,0.150,0.700,0.000,-1.0000,-0.6766,TRACKING,R+C
1786981872.847,53.4,0.000,0.892,0.911,0.4765,-0.1664,1.13,-1.07906,0.150,0.700,0.000,-1.0000,-0.6766,TRACKING,R+C
1786981872.862,53.4,0.000,0.902,0.910,0.4762,-0.1623,2.55,-0.94020,0.150,0.700,0.000,-1.0000,-0.6762,TRACKING,R+C
1786981872.876,53.4,0.000,0.920,0.914,0.4675,-0.1650,-3.24,-1.41718,0.150,0.700,0.000,-1.0000,-0.6758,TRACKING,R+C
1786981872.888,53.4,0.000,0.919,0.911,0.4647,-0.1618,-1.35,-1.26550,0.150,0.700,0.000,-1.0000,-0.6756,TRACKING,R+C
1786981872.906,53.4,0.000,0.927,0.915,0.4720,-0.1540,2.42,-0.82561,0.150,0.180,0.000,-1.0000,-0.6745,TRACKING,R+C
1786981872.920,53.4,0.000,0.941,0.913,0.4654,-0.1502,0.77,-0.97400,0.150,0.180,0.000,-1.0000,-0.9891,TRACKING,R+C
1786981872.930,53.4,0.000,0.941,0.913,0.4651,-0.1492,1.41,-0.92293,0.150,0.180,0.000,-1.0000,-1.0000,TRACKING,R+C
1786981872.950,53.4,0.000,0.946,0.914,0.4609,-0.1462,1.10,-0.90010,0.150,0.180,0.000,-1.0000,-1.0000,TRACKING,R+C
1786981872.971,53.4,0.000,0.946,0.921,0.4596,-0.1418,-0.09,-1.02025,0.150,0.180,0.000,-1.0000,-1.0000,TRACKING,R+C
1786981872.991,53.4,0.000,0.946,0.921,0.4580,-0.1417,-0.09,-1.02061,0.150,0.180,0.000,-1.0000,-1.0000,TRACKING,R+C
1786981873.012,53.4,0.000,0.946,0.920,0.4630,-0.1373,1.27,-0.85266,0.150,0.180,0.000,-1.0000,-1.0000,TRACKING,R+C
1786981873.033,53.4,0.000,0.947,0.917,0.4622,-0.1318,1.85,-0.76560,0.150,0.180,0.000,-1.0000,-1.0000,TRACKING,R+C
1786981873.063,53.4,0.000,0.947,0.922,0.4611,-0.1318,1.85,-0.76661,0.150,0.180,0.000,-1.0000,-1.0000,TRACKING,R+C
1786981873.084,53.4,0.000,0.945,0.919,0.4565,-0.1280,1.33,-0.75705,0.150,0.180,0.000,-1.0000,-1.0000,TRACKING,R+C
1786981873.103,53.4,0.000,0.947,0.921,0.4654,-0.1241,0.57,-0.81258,0.150,0.180,0.000,-1.0000,-1.0000,TRACKING,R+C
1786981873.118,53.4,0.000,0.947,0.924,0.4630,-0.1240,0.71,-0.79920,0.150,0.180,0.000,-1.0000,-1.0000,TRACKING,R+C
1786981873.133,53.4,0.000,0.949,0.921,0.4518,-0.1185,0.47,-0.78897,0.150,0.700,0.000,-1.0000,-1.0000,TRACKING,R+C
1786981873.149,53.4,0.000,0.949,0.921,0.4518,-0.0948,0.37,-0.63117,0.150,0.180,0.000,-1.0000,-0.7214,TRACKING,prediction
1786981873.169,53.4,0.000,0.949,0.921,0.4518,-0.0758,0.30,-0.50494,0.150,0.180,0.000,-1.0000,-0.9883,TRACKING,prediction
1786981873.182,53.4,0.000,0.949,0.921,0.4518,-0.0607,0.24,-0.40395,0.150,0.180,0.000,-1.0000,-1.0000,TRACKING,prediction
1786981873.206,57.5,0.000,0.949,0.921,0.4518,-0.0485,0.19,-0.32316,0.150,0.180,0.000,-1.0000,-1.0000,TRACKING,prediction
1786981873.221,57.5,0.000,0.949,0.921,0.4518,-0.0388,0.15,-0.25853,0.150,0.180,0.000,-1.0000,-1.0000,TRACKING,prediction
1786981873.235,57.5,0.000,0.948,0.927,0.4416,-0.0945,-0.42,-0.76562,0.150,0.180,0.000,-1.0000,-1.0000,TRACKING,R+C
1786981873.250,57.5,0.000,0.948,0.927,0.4416,-0.0756,-0.34,-0.61249,0.150,0.180,0.000,-1.0000,-1.0000,TRACKING,prediction
1786981873.264,57.5,0.000,0.948,0.927,0.4416,-0.0605,-0.27,-0.48999,0.150,0.180,0.000,-1.0000,-1.0000,TRACKING,prediction
1786981873.281,57.5,0.000,0.948,0.927,0.4416,-0.0484,-0.22,-0.39200,0.150,0.700,0.000,-1.0000,-1.0000,TRACKING,prediction
1786981873.291,57.5,0.000,0.948,0.927,0.4416,-0.0387,-0.17,-0.31360,0.150,0.700,0.000,-1.0000,-0.7178,TRACKING,prediction
1786981873.301,57.5,0.000,0.948,0.927,0.4416,-0.0310,-0.14,-0.25088,0.150,0.700,0.000,-1.0000,-0.6732,TRACKING,prediction
1786981873.332,57.5,0.948,0.952,0.921,0.3923,-0.0629,0.62,-0.65619,0.150,0.180,0.000,-0.9899,-0.6570,TRACKING,L+C+R_fused
1786981873.346,57.5,0.939,0.953,0.922,0.4112,-0.0548,1.20,-0.60824,0.150,0.180,0.000,-0.9246,-0.9009,TRACKING,L+C+R_fused
1786981873.363,57.5,0.943,0.953,0.923,0.4104,-0.0547,1.37,-0.57569,0.150,0.180,0.000,-0.9245,-0.9362,TRACKING,L+C+R_fused
1786981873.384,57.5,0.931,0.949,0.918,0.4097,-0.0459,1.63,-0.57445,0.150,0.180,0.000,-0.8407,-0.8687,TRACKING,L+C+R_fused
1786981873.397,57.5,0.921,0.952,0.927,0.4265,-0.0390,1.33,-0.63815,0.150,0.180,0.000,-0.7606,-0.7894,TRACKING,L+C+R_fused
1786981873.410,57.5,0.920,0.952,0.927,0.4233,-0.0390,1.32,-0.63950,0.150,0.180,0.000,-0.7605,-0.7776,TRACKING,L+C+R_fused
1786981873.415,57.5,0.904,0.952,0.918,0.4217,-0.0333,2.03,-0.56040,0.150,0.700,0.000,-0.7014,-0.7244,TRACKING,L+C+R_fused
1786981873.435,57.5,0.906,0.954,0.924,0.4141,-0.0297,1.59,-0.66357,0.150,0.700,0.000,-0.6546,-0.4760,TRACKING,L+C+R_fused
1786981873.460,57.5,0.908,0.954,0.925,0.4131,-0.0297,1.59,-0.66357,0.150,0.700,0.000,-0.6546,-0.4397,TRACKING,L+C+R_fused
1786981873.481,57.5,0.894,0.956,0.924,0.4124,-0.0278,2.46,-0.53688,0.150,0.180,0.000,-0.6413,-0.4265,TRACKING,L+C+R_fused
1786981873.492,57.5,0.944,0.955,0.928,0.4074,-0.0277,2.59,-0.60455,0.150,0.700,0.000,-0.6529,-0.6313,TRACKING,L+C+R_fused
1786981873.522,57.5,0.944,0.955,0.928,0.4082,-0.0277,2.59,-0.60455,0.150,0.700,0.000,-0.6529,-0.4612,TRACKING,L+C+R_fused
1786981873.544,57.5,0.938,0.955,0.928,0.4052,-0.0295,2.05,-0.68444,0.150,0.700,0.000,-0.6696,-0.4461,TRACKING,L+C+R_fused
1786981873.562,57.5,0.935,0.954,0.935,0.4140,-0.0296,2.55,-0.69197,0.150,0.700,0.000,-0.6895,-0.4550,TRACKING,L+C+R_fused
1786981873.580,57.5,0.932,0.952,0.931,0.4154,-0.0317,1.36,-0.80586,0.150,0.700,0.000,-0.6918,-0.4578,TRACKING,L+C+R_fused
1786981873.601,57.5,0.920,0.953,0.931,0.4132,-0.0319,2.64,-0.65671,0.150,0.700,0.000,-0.7162,-0.4717,TRACKING,L+C+R_fused
1786981873.620,57.5,0.909,0.953,0.932,0.4162,-0.0324,3.56,-0.55371,0.150,0.700,0.000,-0.7387,-0.4862,TRACKING,L+C+R_fused
1786981873.641,57.5,0.907,0.953,0.932,0.4173,-0.0324,3.56,-0.55371,0.150,0.700,0.000,-0.7387,-0.4884,TRACKING,L+C+R_fused
1786981873.652,57.5,0.915,0.955,0.927,0.4094,-0.0343,3.53,-0.59243,0.150,0.700,0.000,-0.7644,-0.5033,TRACKING,L+C+R_fused
1786981873.684,57.5,0.915,0.951,0.931,0.4068,-0.0344,5.71,-0.19790,0.180,0.700,0.000,-0.6424,-0.4374,TRACKING,L+C+R_fused
1786981873.693,57.5,0.916,0.951,0.930,0.4074,-0.0344,5.71,-0.19790,0.180,0.700,0.000,-0.6424,-0.4276,TRACKING,L+C+R_fused
1786981873.703,57.5,0.923,0.953,0.935,0.4045,-0.0381,3.59,-0.62007,0.150,0.700,0.000,-0.8139,-0.5222,TRACKING,L+C+R_fused
1786981873.724,57.5,0.922,0.952,0.915,0.4064,-0.0387,4.42,-0.57264,0.150,0.700,0.000,-0.8384,-0.5501,TRACKING,L+C+R_fused
1786981873.734,57.5,0.922,0.952,0.914,0.4066,-0.0387,4.42,-0.57264,0.150,0.700,0.000,-0.8384,-0.5542,TRACKING,L+C+R_fused
1786981873.744,57.5,0.922,0.952,0.914,0.4066,-0.0309,3.54,-0.45811,0.150,0.700,0.000,-0.8384,-0.5548,TRACKING,prediction
1786981873.755,57.5,0.922,0.952,0.914,0.4066,-0.0247,2.83,-0.36649,0.150,0.180,0.000,-0.8384,-0.5549,TRACKING,prediction
1786981873.775,57.5,0.922,0.952,0.914,0.4066,-0.0198,2.26,-0.29319,0.150,0.180,0.000,-0.8384,-0.8117,TRACKING,prediction
1786981874.568,25.7,0.922,0.952,0.914,0.4066,-0.0158,1.81,-0.23455,0.150,0.180,0.000,-0.8384,-0.8492,TRACKING,prediction
1786981874.584,25.7,0.922,0.952,0.914,0.4066,-0.0127,1.45,-0.18764,0.150,0.180,0.000,-0.8384,-0.8548,TRACKING,prediction
1786981874.600,25.7,0.922,0.952,0.914,0.4066,-0.0101,1.16,-0.15011,0.150,0.180,0.000,-0.8384,-0.8556,TRACKING,prediction
1786981874.616,25.7,0.922,0.952,0.914,0.4066,-0.0081,0.93,-0.12009,0.150,0.180,0.000,-0.8384,-0.8557,TRACKING,prediction
1786981874.641,25.7,0.922,0.952,0.914,0.4066,-0.0065,0.74,-0.09607,0.150,0.700,0.000,-0.8384,-0.8558,TRACKING,prediction
1786981874.655,25.7,0.922,0.952,0.914,0.4066,-0.0052,0.59,-0.07686,0.150,0.180,0.000,-0.8384,-0.5989,TRACKING,prediction
1786981874.675,25.7,0.894,0.950,0.923,0.3979,-0.0658,5.85,-0.50307,0.150,0.180,0.000,-1.0000,-0.9624,TRACKING,L+C+R_fused
1786981874.687,25.7,0.894,0.950,0.923,0.3979,-0.0527,4.68,-0.40245,0.150,0.180,0.000,-1.0000,-1.0000,TRACKING,prediction
1786981874.701,25.7,0.894,0.950,0.923,0.3979,-0.0421,3.74,-0.32196,0.150,0.180,0.000,-1.0000,-1.0000,TRACKING,prediction
1786981874.723,25.7,0.886,0.957,0.925,0.3914,-0.0748,3.90,-0.85882,0.150,0.180,0.000,-1.0000,-1.0000,TRACKING,L+C+R_fused
1786981874.744,25.7,0.886,0.957,0.925,0.3914,-0.0599,3.12,-0.68705,0.150,0.700,0.000,-1.0000,-1.0000,TRACKING,prediction
1786981874.762,25.7,0.886,0.957,0.925,0.3914,-0.0479,2.50,-0.54964,0.150,0.700,0.000,-1.0000,-0.7181,TRACKING,prediction
1786981874.770,25.7,0.886,0.957,0.925,0.3914,-0.0383,2.00,-0.43971,0.150,0.700,0.000,-1.0000,-0.6735,TRACKING,prediction
1786981874.786,25.7,0.886,0.957,0.925,0.3914,-0.0307,1.60,-0.35177,0.150,0.700,0.000,-1.0000,-0.6668,TRACKING,prediction
1786981874.812,25.7,0.886,0.957,0.925,0.3914,-0.0245,1.28,-0.28142,0.150,0.700,0.000,-1.0000,-0.6658,TRACKING,prediction
1786981874.818,25.7,0.886,0.957,0.925,0.3914,-0.0196,1.02,-0.22513,0.150,0.180,0.000,-1.0000,-0.6656,TRACKING,prediction
1786981874.834,25.7,0.000,0.950,0.917,0.4652,-0.0973,7.37,-0.11199,0.189,0.700,0.000,-1.0000,-0.9765,TRACKING,R+C
1786981874.850,25.7,0.000,0.949,0.914,0.4582,-0.0974,7.42,-0.08751,0.191,0.700,0.000,-1.0000,-0.7112,TRACKING,R+C
1786981874.865,25.7,0.000,0.949,0.914,0.4582,-0.0779,5.93,-0.07001,0.191,0.700,0.000,-1.0000,-0.6732,TRACKING,prediction
1786981874.881,25.7,0.000,0.949,0.914,0.4582,-0.0623,4.75,-0.05601,0.191,0.180,0.000,-1.0000,-0.6675,TRACKING,prediction
1786981874.901,25.7,0.000,0.949,0.914,0.4582,-0.0499,3.80,-0.04481,0.191,0.180,0.000,-1.0000,-0.9765,TRACKING,prediction
1786981874.914,25.7,0.000,0.949,0.914,0.4582,-0.0399,3.04,-0.03584,0.191,0.700,0.000,-1.0000,-1.0000,TRACKING,prediction
1786981874.939,25.7,0.000,0.949,0.914,0.4582,-0.0319,2.43,-0.02868,0.191,0.700,0.000,-1.0000,-0.7179,TRACKING,prediction
1786981874.945,25.7,0.000,0.949,0.914,0.4582,-0.0255,1.94,-0.02294,0.191,0.700,0.000,-1.0000,-0.6742,TRACKING,prediction
1786981874.962,25.7,0.000,0.907,0.901,0.4899,-0.1308,-0.90,-1.69886,0.150,0.180,0.000,-1.0000,-0.6752,TRACKING,R+C
1786981874.978,25.7,0.000,0.898,0.900,0.4906,-0.1366,-2.34,-1.86756,0.150,0.700,0.000,-1.0000,-0.9910,TRACKING,R+C
1786981875.000,25.7,0.000,0.899,0.900,0.4911,-0.1372,-2.30,-1.85394,0.150,0.700,0.000,-1.0000,-0.7195,TRACKING,R+C
1786981875.020,25.7,0.000,0.895,0.896,0.5054,-0.1385,1.30,-1.45286,0.150,0.700,0.000,-1.0000,-0.6817,TRACKING,R+C
1786981875.036,25.7,0.000,0.877,0.900,0.5091,-0.1481,-0.94,-1.60392,0.150,0.700,0.000,-1.0000,-0.6768,TRACKING,R+C
1786981875.052,25.7,0.000,0.880,0.901,0.4900,-0.1442,1.59,-1.39598,0.150,0.700,0.000,-1.0000,-0.6758,TRACKING,R+C
1786981875.068,25.7,0.000,0.873,0.903,0.5110,-0.1479,3.36,-1.25508,0.150,0.700,0.000,-1.0000,-0.6764,TRACKING,R+C
1786981875.084,25.7,0.000,0.873,0.903,0.5110,-0.1183,2.69,-1.00406,0.150,0.700,0.000,-1.0000,-0.6764,TRACKING,prediction
1786981875.100,25.7,0.000,0.873,0.903,0.5110,-0.0947,2.15,-0.80325,0.150,0.700,0.000,-1.0000,-0.6763,TRACKING,prediction
1786981875.118,25.7,0.000,0.886,0.896,0.4908,-0.1576,4.12,-1.12453,0.150,0.700,0.000,-1.0000,-0.6773,TRACKING,R+C
1786981875.143,25.7,0.000,0.886,0.896,0.4908,-0.1261,3.30,-0.89962,0.150,0.180,0.000,-1.0000,-0.6773,TRACKING,prediction
1786981875.164,25.7,0.000,0.886,0.896,0.4908,-0.1009,2.64,-0.71970,0.150,0.180,0.000,-1.0000,-0.9952,TRACKING,prediction
1786981875.179,25.7,0.000,0.886,0.896,0.4908,-0.0807,2.11,-0.57576,0.150,0.180,0.000,-1.0000,-1.0000,TRACKING,prediction
1786981875.211,25.7,0.000,0.896,0.901,0.5084,-0.1669,9.36,-0.47349,0.153,0.180,0.000,-1.0000,-1.0000,TRACKING,R+C
1786981875.236,25.7,0.000,0.894,0.903,0.5176,-0.1688,7.84,-0.61364,0.150,0.180,0.000,-1.0000,-1.0000,TRACKING,R+C
1786981875.243,25.7,0.000,0.870,0.900,0.5143,-0.1656,10.37,-0.34668,0.165,0.180,0.000,-1.0000,-1.0000,TRACKING,R+C
1786981875.259,25.7,0.000,0.899,0.904,0.4838,-0.1684,5.69,-0.92314,0.150,0.180,0.000,-1.0000,-1.0000,TRACKING,R+C
1786981875.275,25.7,0.000,0.899,0.905,0.4899,-0.1685,5.92,-0.86983,0.150,0.180,0.000,-1.0000,-1.0000,TRACKING,R+C
1786981875.291,25.7,0.000,0.899,0.905,0.4899,-0.1348,4.74,-0.69586,0.150,0.180,0.000,-1.0000,-1.0000,TRACKING,prediction
1786981875.307,25.7,0.000,0.899,0.905,0.4899,-0.1078,3.79,-0.55669,0.150,0.180,0.000,-1.0000,-1.0000,TRACKING,prediction
1786981875.323,25.7,0.000,0.899,0.905,0.4899,-0.0863,3.03,-0.44535,0.150,0.180,0.000,-1.0000,-1.0000,TRACKING,prediction
1786981875.348,25.7,0.000,0.844,0.890,0.5196,-0.1563,10.70,-0.50808,0.150,0.180,0.000,-1.0000,-1.0000,TRACKING,R+C
1786981875.367,25.7,0.000,0.844,0.890,0.5196,-0.1251,8.56,-0.40647,0.150,0.180,0.000,-1.0000,-1.0000,TRACKING,prediction
1786981875.389,25.7,0.000,0.844,0.890,0.5196,-0.1001,6.85,-0.32517,0.150,0.180,0.000,-1.0000,-1.0000,TRACKING,prediction
1786981875.405,25.7,0.000,0.910,0.921,0.5105,-0.1576,3.34,-1.09866,0.150,0.180,0.000,-1.0000,-1.0000,TRACKING,R+C
1786981875.422,25.7,0.000,0.954,0.926,0.5251,-0.1565,5.13,-0.66027,0.150,0.180,0.000,-1.0000,-1.0000,TRACKING,R+C
1786981875.445,25.7,0.000,0.934,0.927,0.5210,-0.1579,2.66,-1.08533,0.150,0.180,0.000,-1.0000,-1.0000,TRACKING,R+C
1786981875.455,25.7,0.000,0.911,0.918,0.5293,-0.1533,8.65,-0.38956,0.161,0.700,0.000,-1.0000,-1.0000,TRACKING,R+C
1786981875.470,25.7,0.000,0.898,0.917,0.5274,-0.1598,3.79,-1.06816,0.150,0.180,0.000,-1.0000,-0.7297,TRACKING,R+C
1786981875.486,25.7,0.000,0.898,0.918,0.5270,-0.1601,3.55,-1.09363,0.150,0.180,0.000,-1.0000,-1.0000,TRACKING,R+C
1786981875.502,25.7,0.000,0.904,0.917,0.5486,-0.1597,8.74,-0.72299,0.150,0.180,0.000,-1.0000,-1.0000,TRACKING,R+C
1786981875.527,25.7,0.000,0.921,0.921,0.5438,-0.1705,2.54,-1.40723,0.150,0.180,0.000,-1.0000,-1.0000,TRACKING,R+C
1786981875.534,25.7,0.000,0.923,0.912,0.5657,-0.1707,2.18,-1.46932,0.150,0.180,0.000,-1.0000,-1.0000,TRACKING,R+C
1786981875.551,25.7,0.000,0.916,0.914,0.5125,-0.1729,5.27,-0.92302,0.150,0.180,0.000,-1.0000,-1.0000,TRACKING,R+C
1786981875.567,25.7,0.000,0.925,0.917,0.5126,-0.1794,6.37,-0.73835,0.150,0.180,0.000,-1.0000,-1.0000,TRACKING,R+C
1786981875.583,58.1,0.000,0.923,0.915,0.5201,-0.1795,6.22,-0.76086,0.150,0.180,0.000,-1.0000,-1.0000,TRACKING,R+C
1786981875.598,58.1,0.000,0.903,0.910,0.4968,-0.1829,6.99,-0.61962,0.150,0.700,0.000,-1.0000,-1.0000,TRACKING,R+C
1786981875.615,58.1,0.000,0.877,0.918,0.4806,-0.1877,6.31,-0.67974,0.150,0.180,0.000,-1.0000,-0.7326,TRACKING,R+C
1786981875.639,58.1,0.000,0.879,0.919,0.4798,-0.1912,4.66,-0.74077,0.150,0.180,0.000,-1.0000,-1.0000,TRACKING,R+C
1786981875.648,58.1,0.000,0.930,0.918,0.4881,-0.1900,13.67,0.10708,0.189,0.180,0.000,-1.0000,-1.0000,TRACKING,R+C
1786981875.670,58.1,0.000,0.658,0.923,0.5784,-0.4090,-68.99,-0.77325,0.150,0.396,0.000,-1.0000,-1.0000,TRACKING,R+C
1786981875.680,58.1,0.000,0.658,0.921,0.5661,-0.4090,-68.99,-0.77325,0.150,0.396,0.000,-1.0000,-0.9272,TRACKING,R+C
1786981875.702,58.1,0.000,0.908,0.921,0.4484,-0.1463,23.71,0.39853,0.160,0.180,0.000,-1.0000,-0.8995,TRACKING,R+C
1786981875.717,58.1,0.000,0.908,0.921,0.4484,-0.1170,18.97,0.31882,0.160,0.180,0.000,-1.0000,-1.0000,TRACKING,prediction
1786981875.729,58.1,0.000,0.908,0.921,0.4484,-0.0936,15.18,0.25506,0.160,0.180,0.000,-1.0000,-1.0000,TRACKING,prediction
1786981875.745,58.1,0.000,0.908,0.921,0.4484,-0.0749,12.14,0.20405,0.160,0.180,0.000,-1.0000,-1.0000,TRACKING,prediction
1786981875.763,58.1,0.000,0.908,0.921,0.4484,-0.0599,9.71,0.16324,0.160,0.180,0.000,-1.0000,-1.0000,TRACKING,prediction
1786981875.778,58.1,0.898,0.922,0.852,0.3951,0.0947,29.08,-0.43817,0.156,0.180,0.000,0.1270,-0.1640,TRACKING,L+C+R_fused
1786981875.793,58.1,0.898,0.922,0.852,0.3951,0.0757,23.26,-0.35054,0.156,0.180,0.000,0.1270,0.0714,TRACKING,prediction
1786981875.816,58.1,0.898,0.922,0.852,0.3951,0.0606,18.61,-0.28043,0.156,0.180,0.000,0.1270,0.1067,TRACKING,prediction
1786981875.826,58.1,0.861,0.923,0.000,0.4471,0.0863,30.80,0.55610,0.150,0.180,0.000,0.1690,0.1567,TRACKING,L+C
1786981875.842,58.1,0.861,0.923,0.000,0.4471,0.0690,24.64,0.44488,0.150,0.180,0.000,0.1690,0.1628,TRACKING,prediction
1786981875.858,58.1,0.961,0.927,0.000,0.4330,0.0838,24.84,-1.09656,0.150,0.180,0.000,0.0346,0.0362,TRACKING,L+C
1786981875.881,58.1,0.961,0.927,0.000,0.4617,0.0879,30.91,0.31092,0.169,0.180,0.000,0.0946,0.0804,TRACKING,L+C
1786981875.891,58.1,0.961,0.927,0.000,0.4617,0.0703,24.73,0.24874,0.169,0.180,0.000,0.0946,0.0855,TRACKING,prediction
1786981875.906,58.1,0.961,0.927,0.000,0.4617,0.0562,19.78,0.19899,0.169,0.180,0.000,0.0946,0.0863,TRACKING,prediction
1786981875.922,58.1,0.961,0.927,0.000,0.4617,0.0450,15.82,0.15919,0.169,0.180,0.000,0.0946,0.0864,TRACKING,prediction
1786981875.938,58.1,0.879,0.926,0.000,0.4079,0.0888,32.73,1.34642,0.150,0.700,0.000,0.3421,0.3096,TRACKING,L+C
1786981875.955,58.1,0.000,0.930,0.000,0.4079,0.0859,27.53,0.18342,0.182,0.700,0.000,0.1640,0.1327,TRACKING,C_only
1786981875.971,58.1,0.000,0.930,0.000,0.4079,0.0869,28.76,0.44838,0.155,0.700,0.000,0.2426,0.1520,TRACKING,C_only
1786981875.986,58.1,0.000,0.929,0.000,0.4079,0.0875,26.89,-0.73624,0.150,0.700,0.000,0.0654,0.0500,TRACKING,C_only
1786981876.002,58.1,0.000,0.926,0.000,0.4079,0.0878,29.16,0.07498,0.193,0.180,0.000,-0.1849,-0.0986,TRACKING,C_only
1786981876.024,58.1,0.000,0.925,0.000,0.4079,0.0875,29.48,0.23130,0.177,0.180,0.000,0.1242,0.0839,TRACKING,C_only
1786981876.042,58.1,0.000,0.918,0.771,0.6471,0.0861,25.32,-0.87992,0.150,0.180,0.000,0.1003,0.0829,TRACKING,R+C
1786981876.072,58.1,0.000,0.918,0.771,0.6471,0.0689,20.25,-0.70393,0.150,0.180,0.000,0.1003,0.0840,TRACKING,prediction
1786981876.088,58.1,0.000,0.918,0.771,0.6471,0.0551,16.20,-0.56315,0.150,0.180,0.000,0.1003,0.0842,TRACKING,prediction
1786981876.104,58.1,0.000,0.918,0.771,0.6471,0.0441,12.96,-0.45052,0.150,0.180,0.000,0.1003,0.0842,TRACKING,prediction
1786981876.122,58.1,0.000,0.919,0.885,0.7436,0.0949,24.94,-0.87846,0.150,0.180,0.000,0.2746,0.2348,TRACKING,R+C
1786981876.136,58.1,0.000,0.918,0.885,0.4949,0.0968,27.21,-0.39680,0.160,0.180,0.000,0.2593,0.2470,TRACKING,R+C
1786981876.152,58.1,0.000,0.913,0.847,0.6078,0.0989,30.39,1.25723,0.150,0.180,0.000,0.5743,0.5341,TRACKING,R+C
1786981876.168,58.1,0.000,0.913,0.847,0.6078,0.0791,24.31,1.00578,0.150,0.180,0.000,0.5743,0.5744,TRACKING,prediction
1786981876.184,58.1,0.000,0.914,0.853,0.4773,0.1008,25.19,-0.79229,0.150,0.180,0.000,0.3790,0.3955,TRACKING,R+C
1786981876.200,58.1,0.000,0.918,0.863,0.4809,0.1018,22.10,-1.51157,0.150,0.180,0.000,0.4048,0.3900,TRACKING,R+C
1786981876.216,58.1,0.000,0.918,0.863,0.4809,0.0814,17.68,-1.20926,0.150,0.180,0.000,0.4048,0.3897,TRACKING,prediction
1786981876.232,58.1,0.000,0.918,0.863,0.4809,0.0651,14.14,-0.96741,0.150,0.180,0.000,0.4048,0.3897,TRACKING,prediction
1786981876.248,58.1,0.000,0.918,0.863,0.4809,0.0521,11.31,-0.77393,0.150,0.180,0.000,0.4048,0.3897,TRACKING,prediction
1786981876.264,58.1,0.000,0.918,0.863,0.4809,0.0417,9.05,-0.61914,0.150,0.180,0.000,0.4048,0.3897,TRACKING,prediction
1786981876.281,58.1,0.000,0.918,0.863,0.4809,0.0333,7.24,-0.49531,0.150,0.180,0.000,0.4048,0.3897,TRACKING,prediction
1786981876.297,58.1,0.000,0.918,0.863,0.4809,0.0267,5.79,-0.39625,0.150,0.180,0.000,0.4048,0.3897,TRACKING,prediction
1786981876.317,58.1,0.000,0.918,0.863,0.4809,0.0213,4.63,-0.31700,0.150,0.700,0.000,0.4048,0.3897,TRACKING,prediction
1786981876.340,58.1,0.000,0.918,0.863,0.4809,0.0171,3.71,-0.25360,0.150,0.700,0.000,0.4048,0.2757,TRACKING,prediction
1786981876.367,58.1,0.000,0.918,0.863,0.4809,0.0137,2.97,-0.20288,0.150,0.700,0.000,0.4048,0.2576,TRACKING,prediction
1786981876.383,58.1,0.000,0.918,0.863,0.4809,0.0109,2.37,-0.16230,0.150,0.700,0.000,0.4048,0.2549,TRACKING,prediction
1786981876.397,58.1,0.000,0.918,0.863,0.4809,0.0087,1.90,-0.12984,0.150,0.700,0.000,0.4048,0.2545,TRACKING,prediction
1786981876.413,58.1,0.000,0.918,0.863,0.4809,0.0070,1.52,-0.10387,0.150,0.674,0.000,0.4048,0.2544,TRACKING,prediction
1786981876.423,58.1,0.000,0.918,0.863,0.4809,0.0056,1.21,-0.08310,0.150,0.640,0.000,0.4048,0.2602,TRACKING,prediction
1786981876.452,58.1,0.000,0.918,0.863,0.4809,0.0045,0.97,-0.06648,0.150,0.608,0.000,0.4048,0.2684,TRACKING,prediction
1786981876.465,58.1,0.000,0.918,0.863,0.4809,0.0036,0.78,-0.05318,0.150,0.578,0.000,0.4048,0.2768,TRACKING,prediction
1786981876.485,58.1,0.000,0.918,0.863,0.4809,0.0029,0.62,-0.04255,0.150,0.490,0.000,0.4048,0.2847,UNCERTAIN,prediction
1786981876.505,58.1,0.000,0.918,0.863,0.4809,0.0023,0.50,-0.03404,0.150,0.490,0.000,0.4048,0.3052,UNCERTAIN,prediction
1786981876.537,58.1,0.000,0.918,0.863,0.4809,0.0018,0.40,-0.02723,0.150,0.180,0.000,0.4048,0.3085,UNCERTAIN,prediction
1786981876.547,58.1,0.000,0.918,0.863,0.4809,0.0015,0.32,-0.02178,0.150,0.180,0.000,0.4048,0.3769,UNCERTAIN,prediction
1786981876.569,58.1,0.000,0.918,0.863,0.4809,0.0012,0.25,-0.01743,0.150,0.180,0.000,0.4048,0.3877,UNCERTAIN,prediction
1786981876.597,57.2,0.000,0.918,0.863,0.4809,0.0009,0.20,-0.01394,0.150,0.425,0.000,0.4048,0.3894,UNCERTAIN,prediction
1786981876.610,57.2,0.000,0.918,0.863,0.4809,0.0008,0.16,-0.01115,0.150,0.180,0.000,0.4048,0.3360,UNCERTAIN,prediction
1786981876.630,57.2,0.000,0.918,0.863,0.4809,0.0006,0.13,-0.00892,0.150,0.180,0.000,0.4048,0.3811,UNCERTAIN,prediction
1786981876.661,57.2,0.000,0.918,0.863,0.4809,0.0005,0.10,-0.00714,0.150,0.180,0.000,0.4048,0.3884,UNCERTAIN,prediction
1786981876.671,57.2,0.000,0.918,0.863,0.4809,0.0004,0.08,-0.00571,0.150,0.180,0.000,0.4048,0.3895,UNCERTAIN,prediction
1786981876.691,57.2,0.000,0.918,0.863,0.4809,0.0003,0.07,-0.00457,0.150,0.180,0.000,0.4048,0.3896,UNCERTAIN,prediction
1786981876.712,57.2,0.000,0.918,0.863,0.4809,0.0002,0.05,-0.00365,0.150,0.312,0.000,0.4048,0.3897,UNCERTAIN,prediction
1786981876.735,57.2,0.000,0.918,0.863,0.4809,0.0002,0.04,-0.00292,0.150,0.180,0.000,0.4048,0.3607,UNCERTAIN,prediction
1786981876.756,57.2,0.000,0.918,0.863,0.4809,0.0002,0.03,-0.00234,0.150,0.180,0.000,0.4048,0.3851,UNCERTAIN,prediction
1786981876.785,57.2,0.000,0.918,0.863,0.4809,0.0001,0.03,-0.00187,0.150,0.268,0.000,0.4048,0.3890,UNCERTAIN,prediction
1786981876.809,57.2,0.000,0.918,0.863,0.4809,0.0001,0.02,-0.00150,0.150,0.180,0.000,0.4048,0.3703,UNCERTAIN,prediction
1786981876.826,57.2,0.000,0.918,0.863,0.4809,0.0001,0.02,-0.00120,0.150,0.180,0.000,0.4048,0.3866,UNCERTAIN,prediction
1786981876.836,57.2,0.000,0.918,0.863,0.4809,0.0001,0.01,-0.00096,0.150,0.180,0.000,0.4048,0.3892,UNCERTAIN,prediction
1786981876.857,57.2,0.000,0.918,0.863,0.4809,0.0001,0.01,-0.00077,0.150,0.180,0.000,0.4048,0.3896,UNCERTAIN,prediction
1786981876.881,57.2,0.000,0.918,0.863,0.4809,0.0000,0.01,-0.00061,0.150,0.180,0.000,0.4048,0.3896,UNCERTAIN,prediction
1786981876.902,57.2,0.000,0.918,0.863,0.4809,0.0000,0.01,-0.00049,0.150,0.180,0.000,0.4048,0.3897,UNCERTAIN,prediction
1786981876.933,57.2,0.000,0.918,0.863,0.4809,0.0000,0.01,-0.00039,0.150,0.180,0.000,0.4048,0.3897,UNCERTAIN,prediction
1786981876.953,57.2,0.000,0.918,0.863,0.4809,0.0000,0.00,-0.00031,0.150,0.180,0.000,0.4048,0.3897,UNCERTAIN,prediction
1786981876.973,57.2,0.000,0.918,0.863,0.4809,0.0000,0.00,-0.00025,0.150,0.180,0.000,0.4048,0.3897,UNCERTAIN,prediction
1786981876.991,57.2,0.000,0.918,0.863,0.4809,0.0000,0.00,-0.00020,0.150,0.180,0.000,0.4048,0.3897,PREDICTING,prediction
1786981877.011,57.2,0.000,0.918,0.863,0.4809,0.0000,0.00,-0.00016,0.150,0.180,0.000,0.4048,0.3897,PREDICTING,prediction
1786981877.022,57.2,0.000,0.918,0.863,0.4809,0.0000,0.00,-0.00013,0.150,0.180,0.000,0.4048,0.3897,PREDICTING,prediction
1786981877.044,57.2,0.000,0.918,0.863,0.4809,0.0000,0.00,-0.00010,0.150,0.180,0.000,0.4048,0.3897,PREDICTING,prediction
1786981877.055,57.2,0.000,0.918,0.863,0.4809,0.0000,0.00,-0.00008,0.150,0.180,0.000,0.4048,0.3897,PREDICTING,prediction
1786981877.076,57.2,0.000,0.918,0.863,0.4809,0.0000,0.00,-0.00007,0.150,0.180,0.000,0.4048,0.3897,PREDICTING,prediction
1786981877.107,57.2,0.000,0.918,0.863,0.4809,0.0000,0.00,-0.00005,0.150,0.180,0.000,0.4048,0.3897,PREDICTING,prediction
1786981877.127,57.2,0.000,0.918,0.863,0.4809,0.0000,0.00,-0.00004,0.150,0.180,0.000,0.4048,0.3897,PREDICTING,prediction
1786981877.137,57.2,0.000,0.918,0.863,0.4809,0.0000,0.00,-0.00003,0.150,0.180,0.000,0.4048,0.3897,PREDICTING,prediction
1786981877.159,57.2,0.000,0.918,0.863,0.4809,0.0000,0.00,-0.00003,0.150,0.180,0.000,0.4048,0.3897,PREDICTING,prediction
1786981877.188,57.2,0.000,0.918,0.863,0.4809,0.0000,0.00,-0.00002,0.150,0.180,0.000,0.4048,0.3897,PREDICTING,prediction
1786981877.206,57.2,0.000,0.918,0.863,0.4809,0.0000,0.00,-0.00002,0.150,0.180,0.000,0.4048,0.3897,PREDICTING,prediction
1786981877.218,57.2,0.947,0.831,0.000,0.4487,0.1643,13.41,-0.77092,0.150,0.180,0.000,1.0000,0.9269,TRACKING,L+C
1786981877.228,57.2,0.947,0.831,0.000,0.4487,0.1315,10.73,-0.61674,0.150,0.180,0.000,1.0000,1.0000,TRACKING,prediction
1786981877.249,57.2,0.947,0.831,0.000,0.4487,0.1052,8.58,-0.49339,0.150,0.180,0.000,1.0000,1.0000,TRACKING,prediction
1786981877.279,57.2,0.947,0.831,0.000,0.4487,0.0841,6.87,-0.39471,0.150,0.180,0.000,1.0000,1.0000,TRACKING,prediction
1786981877.291,57.2,0.947,0.831,0.000,0.4487,0.0673,5.49,-0.31577,0.150,0.180,0.000,1.0000,1.0000,TRACKING,prediction
1786981877.324,57.2,0.947,0.831,0.000,0.4487,0.0538,4.39,-0.25262,0.150,0.180,0.000,1.0000,1.0000,TRACKING,prediction
1786981877.343,57.2,0.947,0.831,0.000,0.4487,0.0431,3.52,-0.20209,0.150,0.180,0.000,1.0000,1.0000,TRACKING,prediction
1786981877.363,57.2,0.947,0.831,0.000,0.4487,0.0345,2.81,-0.16167,0.150,0.180,0.000,1.0000,1.0000,TRACKING,prediction
1786981877.374,57.2,0.947,0.831,0.000,0.4487,0.0276,2.25,-0.12934,0.150,0.180,0.000,1.0000,1.0000,TRACKING,prediction
1786981877.395,57.2,0.940,0.863,0.000,0.4403,0.1985,8.06,-0.59189,0.150,0.180,0.000,1.0000,1.0000,TRACKING,L+C
1786981877.416,57.2,0.941,0.856,0.000,0.4384,0.1965,5.38,-1.03607,0.150,0.180,0.000,1.0000,1.0000,TRACKING,L+C
1786981877.441,57.2,0.939,0.856,0.000,0.4387,0.1970,-1.15,-1.60018,0.150,0.180,0.000,1.0000,1.0000,TRACKING,L+C
1786981877.459,57.2,0.937,0.849,0.000,0.4334,0.2014,-3.89,-1.89220,0.150,0.180,0.000,1.0000,1.0000,TRACKING,L+C
1786981877.479,57.2,0.937,0.841,0.000,0.4339,0.1914,-11.46,-2.57882,0.150,0.180,0.000,1.0000,1.0000,TRACKING,L+C
1786981877.510,57.2,0.875,0.932,0.851,0.4367,-0.0660,-15.53,-0.81304,0.150,0.180,0.000,-0.5833,0.1426,TRACKING,L+C+R_fused
1786981877.532,57.2,0.876,0.930,0.838,0.4375,-0.0615,-17.68,-1.12239,0.150,0.180,0.000,-0.4901,-0.4017,TRACKING,L+C+R_fused
1786981877.543,57.2,0.875,0.933,0.837,0.4399,-0.0633,-18.64,-1.16766,0.150,0.180,0.000,-0.4888,-0.4822,TRACKING,L+C+R_fused
1786981877.563,57.2,0.905,0.929,0.846,0.4303,-0.0580,-18.49,-1.22932,0.150,0.180,0.000,-0.4237,-0.4385,TRACKING,L+C+R_fused
1786981877.584,57.2,0.846,0.928,0.847,0.4250,-0.0541,-19.52,-1.42987,0.150,0.180,0.000,-0.3595,-0.3778,TRACKING,L+C+R_fused
1786981877.605,49.6,0.846,0.928,0.838,0.4336,-0.0542,-19.62,-1.41872,0.150,0.180,0.000,-0.3540,-0.3638,TRACKING,L+C+R_fused
1786981877.625,49.6,0.851,0.932,0.854,0.4250,-0.0472,-17.07,-1.32294,0.150,0.180,0.000,-0.3246,-0.3362,TRACKING,L+C+R_fused
1786981877.647,49.6,0.843,0.932,0.845,0.4312,-0.0437,-17.77,-1.49940,0.150,0.180,0.000,-0.2729,-0.2887,TRACKING,L+C+R_fused
1786981877.669,49.6,0.845,0.933,0.847,0.4368,-0.0436,-17.65,-1.49144,0.150,0.180,0.000,-0.2739,-0.2823,TRACKING,L+C+R_fused
1786981877.690,49.6,0.845,0.934,0.842,0.4293,-0.0392,-16.84,-1.55537,0.150,0.180,0.000,-0.2456,-0.2576,TRACKING,L+C+R_fused
1786981877.711,49.6,0.844,0.935,0.847,0.4308,-0.0367,-17.37,-1.74595,0.150,0.180,0.000,-0.2201,-0.2331,TRACKING,L+C+R_fused
1786981877.731,49.6,0.845,0.935,0.847,0.4378,-0.0354,-16.55,-1.69418,0.150,0.180,0.000,-0.2210,-0.2299,TRACKING,L+C+R_fused
1786981877.752,49.6,0.837,0.930,0.853,0.4430,-0.0333,-17.11,-1.87603,0.150,0.180,0.000,-0.1984,-0.2111,TRACKING,L+C+R_fused
1786981877.773,49.6,0.840,0.931,0.857,0.4498,-0.0274,-14.58,-1.80912,0.150,0.180,0.000,-0.1882,-0.1994,TRACKING,L+C+R_fused
1786981877.795,49.6,0.840,0.931,0.856,0.4457,-0.0276,-14.61,-1.80186,0.150,0.180,0.000,-0.1883,-0.1976,TRACKING,L+C+R_fused
1786981877.815,49.6,0.848,0.932,0.838,0.4497,-0.0244,-13.54,-1.80450,0.150,0.180,0.000,-0.1779,-0.1887,TRACKING,L+C+R_fused
1786981877.836,49.6,0.848,0.934,0.865,0.4286,-0.0186,-11.05,-1.73973,0.150,0.180,0.000,-0.1697,-0.1805,TRACKING,L+C+R_fused
1786981877.858,49.6,0.851,0.933,0.841,0.4676,-0.0184,-11.33,-1.80691,0.150,0.180,0.000,-0.1675,-0.1777,TRACKING,L+C+R_fused
1786981877.878,49.6,0.851,0.935,0.845,0.4658,-0.0144,-10.29,-1.85349,0.150,0.180,0.000,-0.1491,-0.1619,TRACKING,L+C+R_fused
1786981877.899,49.6,0.870,0.934,0.877,0.4305,-0.0128,-9.06,-1.79582,0.150,0.180,0.000,-0.1621,-0.1707,TRACKING,L+C+R_fused
1786981877.919,49.6,0.872,0.935,0.860,0.4313,-0.0123,-9.04,-1.83889,0.150,0.180,0.000,-0.1623,-0.1724,TRACKING,L+C+R_fused
1786981877.942,49.6,0.878,0.934,0.858,0.4342,-0.0102,-7.30,-1.75834,0.150,0.180,0.000,-0.1841,-0.1915,TRACKING,L+C+R_fused
1786981877.960,49.6,0.849,0.931,0.843,0.4088,-0.0072,-5.57,-1.71436,0.150,0.180,0.000,-0.1977,-0.2062,TRACKING,L+C+R_fused
1786981877.983,49.6,0.847,0.930,0.852,0.4165,-0.0072,-5.51,-1.70326,0.150,0.180,0.000,-0.1976,-0.2083,TRACKING,L+C+R_fused
1786981878.000,49.6,0.859,0.929,0.831,0.4593,-0.0071,-5.78,-1.88966,0.150,0.180,0.000,-0.2183,-0.2276,TRACKING,L+C+R_fused
1786981878.027,49.6,0.860,0.932,0.853,0.4412,-0.0038,-2.67,-1.67066,0.150,0.180,0.000,-0.2539,-0.2606,TRACKING,L+C+R_fused
1786981878.049,49.6,0.875,0.931,0.859,0.4274,-0.0035,-2.08,-1.57944,0.150,0.180,0.000,-0.2568,-0.2676,TRACKING,L+C+R_fused
1786981878.068,49.6,0.859,0.931,0.842,0.4550,-0.0029,-0.76,-1.56917,0.150,0.180,0.000,-0.3002,-0.3066,TRACKING,L+C+R_fused
1786981878.089,49.6,0.870,0.929,0.833,0.4711,-0.0054,-2.27,-1.89399,0.150,0.180,0.000,-0.3351,-0.3439,TRACKING,L+C+R_fused
1786981878.109,49.6,0.880,0.930,0.839,0.4623,-0.0040,-1.53,-1.84374,0.150,0.180,0.000,-0.3338,-0.3481,TRACKING,L+C+R_fused
1786981878.130,49.6,0.906,0.930,0.913,0.4226,-0.0042,0.69,-1.67142,0.150,0.180,0.000,-0.4000,-0.4056,TRACKING,L+C+R_fused
1786981878.150,49.6,0.846,0.927,0.900,0.4255,-0.0041,2.92,-1.53999,0.150,0.180,0.000,-0.4650,-0.4703,TRACKING,L+C+R_fused
1786981878.170,49.6,0.845,0.927,0.898,0.4214,-0.0065,1.14,-1.72938,0.150,0.180,0.000,-0.4627,-0.4784,TRACKING,L+C+R_fused
1786981878.191,49.6,0.885,0.927,0.914,0.4252,-0.0085,1.96,-1.74489,0.150,0.180,0.000,-0.5273,-0.5358,TRACKING,L+C+R_fused
1786981878.211,49.6,0.887,0.928,0.915,0.4219,-0.0100,4.54,-1.47383,0.150,0.180,0.000,-0.6041,-0.6100,TRACKING,L+C+R_fused
1786981878.231,49.6,0.882,0.927,0.915,0.4220,-0.0083,5.50,-1.39231,0.150,0.180,0.000,-0.6031,-0.6201,TRACKING,L+C+R_fused
1786981878.241,49.6,0.899,0.928,0.915,0.4243,-0.0090,4.98,-1.44520,0.150,0.180,0.000,-0.6017,-0.6205,TRACKING,L+C+R_fused
1786981878.271,49.6,0.832,0.926,0.913,0.4206,-0.0140,6.48,-1.36399,0.150,0.180,0.000,-0.7083,-0.7130,TRACKING,L+C+R_fused
1786981878.292,49.6,0.830,0.925,0.913,0.4211,-0.0143,5.92,-1.43468,0.150,0.180,0.000,-0.7038,-0.7230,TRACKING,L+C+R_fused
1786981878.312,49.6,0.827,0.925,0.916,0.4214,-0.0152,5.44,-1.48844,0.150,0.180,0.000,-0.7055,-0.7260,TRACKING,L+C+R_fused
1786981878.333,49.6,0.840,0.924,0.912,0.4207,-0.0157,8.61,-1.11755,0.150,0.180,0.000,-0.7665,-0.7784,TRACKING,L+C+R_fused
1786981878.352,49.6,0.833,0.921,0.911,0.4167,-0.0167,8.45,-1.09798,0.150,0.180,0.000,-0.7709,-0.7899,TRACKING,L+C+R_fused
1786981878.372,49.6,0.836,0.920,0.904,0.4149,-0.0209,8.70,-1.20425,0.150,0.180,0.000,-0.8389,-0.8515,TRACKING,L+C+R_fused
1786981878.393,49.6,0.834,0.921,0.899,0.4084,-0.0262,7.04,-1.55397,0.150,0.180,0.000,-0.8876,-0.9043,TRACKING,L+C+R_fused
1786981878.410,49.6,0.833,0.919,0.895,0.4051,-0.0254,8.35,-1.37908,0.150,0.180,0.000,-0.8962,-0.9188,TRACKING,L+C+R_fused
1786981878.444,49.6,0.840,0.921,0.897,0.4033,-0.0282,9.52,-1.35710,0.150,0.180,0.000,-0.9520,-0.9701,TRACKING,L+C+R_fused
1786981878.472,49.6,0.850,0.914,0.897,0.3939,-0.0372,7.46,-1.66828,0.150,0.180,0.000,-1.0000,-1.0000,TRACKING,L+C+R_fused
1786981878.492,49.6,0.829,0.908,0.898,0.3982,-0.0385,5.94,-1.87897,0.150,0.180,0.000,-1.0000,-1.0000,TRACKING,L+C+R_fused
1786981878.516,49.6,0.829,0.908,0.898,0.3982,-0.0308,4.75,-1.50318,0.150,0.180,0.000,-1.0000,-1.0000,TRACKING,prediction
1786981878.532,49.6,0.829,0.908,0.898,0.3982,-0.0246,3.80,-1.20254,0.150,0.180,0.000,-1.0000,-1.0000,TRACKING,prediction
1786981878.549,49.6,0.829,0.908,0.898,0.3982,-0.0197,3.04,-0.96203,0.150,0.180,0.000,-1.0000,-1.0000,TRACKING,prediction
1786981878.563,49.6,0.829,0.908,0.898,0.3982,-0.0158,2.43,-0.76963,0.150,0.180,0.000,-1.0000,-1.0000,TRACKING,prediction
1786981878.585,49.6,0.829,0.908,0.898,0.3982,-0.0126,1.95,-0.61570,0.150,0.180,0.000,-1.0000,-1.0000,TRACKING,prediction
1786981878.593,49.6,0.829,0.908,0.898,0.3982,-0.0101,1.56,-0.49256,0.150,0.180,0.000,-1.0000,-1.0000,TRACKING,prediction
1786981878.614,48.6,0.829,0.908,0.898,0.3982,-0.0081,1.25,-0.39405,0.150,0.180,0.000,-1.0000,-1.0000,TRACKING,prediction
1786981878.634,48.6,0.829,0.908,0.898,0.3982,-0.0065,1.00,-0.31524,0.150,0.180,0.000,-1.0000,-1.0000,TRACKING,prediction
1786981878.645,48.6,0.829,0.908,0.898,0.3982,-0.0052,0.80,-0.25219,0.150,0.180,0.000,-1.0000,-1.0000,TRACKING,prediction
1786981878.665,48.6,0.829,0.908,0.898,0.3982,-0.0041,0.64,-0.20175,0.150,0.180,0.000,-1.0000,-1.0000,TRACKING,prediction
1786981878.685,48.6,0.829,0.908,0.898,0.3982,-0.0033,0.51,-0.16140,0.150,0.180,0.000,-1.0000,-1.0000,TRACKING,prediction
1786981878.707,48.6,0.829,0.908,0.898,0.3982,-0.0026,0.41,-0.12912,0.150,0.180,0.000,-1.0000,-1.0000,TRACKING,prediction
1786981878.726,48.6,0.829,0.908,0.898,0.3982,-0.0021,0.33,-0.10330,0.150,0.180,0.000,-1.0000,-1.0000,TRACKING,prediction
1786981878.746,48.6,0.829,0.908,0.898,0.3982,-0.0017,0.26,-0.08264,0.150,0.180,0.000,-1.0000,-1.0000,TRACKING,prediction
1786981878.767,48.6,0.829,0.908,0.898,0.3982,-0.0014,0.21,-0.06611,0.150,0.180,0.000,-1.0000,-1.0000,TRACKING,prediction
1786981878.791,48.6,0.829,0.908,0.898,0.3982,-0.0011,0.17,-0.05289,0.150,0.180,0.000,-1.0000,-1.0000,UNCERTAIN,prediction
1786981878.808,48.6,0.000,0.827,0.900,0.5608,-0.1806,12.57,-0.06848,0.193,0.180,0.000,-1.0000,-1.0000,TRACKING,R+C
1786981878.820,48.6,0.000,0.827,0.900,0.5518,-0.1797,12.68,-0.06433,0.194,0.180,0.000,-1.0000,-1.0000,TRACKING,R+C
1786981878.841,48.6,0.000,0.827,0.900,0.5518,-0.1438,10.15,-0.05146,0.194,0.180,0.000,-1.0000,-1.0000,TRACKING,prediction
1786981878.872,48.6,0.000,0.827,0.900,0.5518,-0.1150,8.12,-0.04117,0.194,0.180,0.000,-1.0000,-1.0000,TRACKING,prediction
1786981878.903,48.6,0.000,0.827,0.900,0.5518,-0.0920,6.49,-0.03294,0.194,0.180,0.000,-1.0000,-1.0000,TRACKING,prediction
1786981878.935,48.6,0.000,0.827,0.900,0.5518,-0.0736,5.19,-0.02635,0.194,0.180,0.000,-1.0000,-1.0000,TRACKING,prediction
1786981878.954,48.6,0.000,0.827,0.900,0.5518,-0.0589,4.16,-0.02108,0.194,0.180,0.000,-1.0000,-1.0000,TRACKING,prediction
1786981878.975,48.6,0.000,0.827,0.900,0.5518,-0.0471,3.32,-0.01686,0.194,0.180,0.000,-1.0000,-1.0000,TRACKING,prediction
1786981878.998,48.6,0.000,0.822,0.871,0.5385,-0.1602,15.13,-0.10916,0.189,0.180,0.000,-1.0000,-1.0000,TRACKING,R+C
1786981879.022,48.6,0.000,0.822,0.871,0.5385,-0.1281,12.11,-0.08733,0.189,0.180,0.000,-1.0000,-1.0000,TRACKING,prediction
1786981879.052,48.6,0.000,0.822,0.871,0.5385,-0.1025,9.69,-0.06986,0.189,0.180,0.000,-1.0000,-1.0000,TRACKING,prediction
1786981879.075,48.6,0.000,0.818,0.874,0.5553,-0.1477,24.27,0.45772,0.154,0.180,0.000,-1.0000,-1.0000,TRACKING,R+C
1786981879.106,48.6,0.000,0.818,0.874,0.5553,-0.1181,19.42,0.36617,0.154,0.180,0.000,-1.0000,-1.0000,TRACKING,prediction
1786981879.126,48.6,0.000,0.818,0.874,0.5553,-0.0945,15.53,0.29294,0.154,0.180,0.000,-1.0000,-1.0000,TRACKING,prediction
1786981879.157,48.6,0.000,0.818,0.874,0.5553,-0.0756,12.43,0.23435,0.154,0.180,0.000,-1.0000,-1.0000,TRACKING,prediction
1786981879.177,48.6,0.000,0.817,0.878,0.5393,-0.1521,17.01,-0.03837,0.196,0.180,0.000,-1.0000,-1.0000,TRACKING,R+C
1786981879.198,48.6,0.000,0.816,0.876,0.5257,-0.1542,14.22,-0.20350,0.180,0.180,0.000,-1.0000,-1.0000,TRACKING,R+C
1786981879.218,48.6,0.000,0.822,0.878,0.5385,-0.1462,17.03,-0.08902,0.191,0.180,0.000,-1.0000,-1.0000,TRACKING,R+C
1786981879.241,48.6,0.000,0.831,0.876,0.5343,-0.1458,16.40,-0.08258,0.192,0.180,0.000,-1.0000,-1.0000,TRACKING,R+C
1786981879.260,48.6,0.000,0.827,0.876,0.5361,-0.1306,22.28,0.20936,0.179,0.180,0.000,-1.0000,-1.0000,TRACKING,R+C
1786981879.279,48.6,0.000,0.840,0.878,0.5204,-0.1481,13.44,-0.18041,0.182,0.180,0.000,-1.0000,-1.0000,TRACKING,R+C
1786981879.307,48.6,0.000,0.862,0.883,0.5214,-0.1489,11.72,-0.28651,0.171,0.180,0.000,-1.0000,-1.0000,TRACKING,R+C
1786981879.330,48.6,0.000,0.862,0.883,0.5207,-0.1515,9.71,-0.46599,0.153,0.180,0.000,-1.0000,-1.0000,TRACKING,R+C
1786981879.350,48.6,0.000,0.863,0.883,0.5162,-0.1524,4.82,-1.13461,0.150,0.180,0.000,-1.0000,-1.0000,TRACKING,R+C
1786981879.361,48.6,0.000,0.906,0.886,0.5091,-0.1489,4.65,-1.12373,0.150,0.180,0.000,-1.0000,-1.0000,TRACKING,R+C
1786981879.391,48.6,0.000,0.903,0.885,0.5041,-0.1526,2.04,-1.33068,0.150,0.180,0.000,-1.0000,-1.0000,TRACKING,R+C
1786981879.411,48.6,0.000,0.913,0.885,0.5064,-0.1491,2.15,-1.31909,0.150,0.180,0.000,-1.0000,-1.0000,TRACKING,R+C
1786981879.421,48.6,0.000,0.916,0.889,0.5022,-0.1453,2.91,-1.18647,0.150,0.180,0.000,-1.0000,-1.0000,TRACKING,R+C
1786981879.451,48.6,0.000,0.912,0.890,0.5021,-0.1461,2.84,-1.17181,0.150,0.180,0.000,-1.0000,-1.0000,TRACKING,R+C
1786981879.462,48.6,0.000,0.934,0.893,0.4965,-0.1415,3.97,-1.04651,0.150,0.180,0.000,-1.0000,-1.0000,TRACKING,R+C
1786981879.487,48.6,0.000,0.917,0.890,0.4918,-0.1380,3.94,-1.01282,0.150,0.180,0.000,-1.0000,-1.0000,TRACKING,R+C
1786981879.508,48.6,0.000,0.921,0.890,0.4908,-0.1389,2.69,-1.18398,0.150,0.180,0.000,-1.0000,-1.0000,TRACKING,R+C
1786981879.523,48.6,0.000,0.922,0.889,0.4833,-0.1353,3.22,-1.10083,0.150,0.180,0.000,-1.0000,-1.0000,TRACKING,R+C
1786981879.543,48.6,0.000,0.934,0.897,0.4865,-0.1320,2.82,-1.15455,0.150,0.180,0.000,-1.0000,-1.0000,TRACKING,R+C
1786981879.570,48.6,0.000,0.934,0.895,0.4852,-0.1335,1.19,-1.33421,0.150,0.180,0.000,-1.0000,-1.0000,TRACKING,R+C
1786981879.592,48.6,0.000,0.928,0.895,0.4826,-0.1323,-0.02,-1.39679,0.150,0.180,0.000,-1.0000,-1.0000,TRACKING,R+C
1786981879.604,48.6,0.000,0.942,0.890,0.4871,-0.1268,2.43,-1.08986,0.150,0.180,0.000,-1.0000,-1.0000,TRACKING,R+C
1786981879.624,46.5,0.000,0.942,0.890,0.4870,-0.1265,2.64,-1.07344,0.150,0.180,0.000,-1.0000,-1.0000,TRACKING,R+C
1786981879.647,46.5,0.000,0.931,0.893,0.4826,-0.1269,-1.55,-1.48886,0.150,0.180,0.000,-1.0000,-1.0000,TRACKING,R+C
1786981879.666,46.5,0.000,0.939,0.891,0.4862,-0.1189,2.01,-1.07845,0.150,0.180,0.000,-1.0000,-1.0000,TRACKING,R+C
1786981879.696,46.5,0.000,0.940,0.891,0.4858,-0.1194,1.69,-1.11225,0.150,0.180,0.000,-1.0000,-1.0000,TRACKING,R+C
1786981879.716,46.5,0.000,0.935,0.883,0.4834,-0.1160,0.70,-1.19747,0.150,0.180,0.000,-1.0000,-1.0000,TRACKING,R+C
1786981879.726,46.5,0.000,0.933,0.890,0.4748,-0.1127,-0.30,-1.26267,0.150,0.180,0.000,-1.0000,-1.0000,TRACKING,R+C
1786981879.749,46.5,0.000,0.933,0.889,0.4765,-0.1120,0.17,-1.23286,0.150,0.180,0.000,-1.0000,-1.0000,TRACKING,R+C
1786981879.777,46.5,0.000,0.937,0.878,0.4764,-0.1058,1.31,-1.07600,0.150,0.180,0.000,-1.0000,-1.0000,TRACKING,R+C
1786981879.800,46.5,0.000,0.945,0.882,0.4719,-0.0989,2.98,-0.85589,0.150,0.180,0.000,-1.0000,-1.0000,TRACKING,R+C
1786981879.815,46.5,0.000,0.945,0.882,0.4722,-0.0989,2.98,-0.85589,0.150,0.180,0.000,-1.0000,-1.0000,TRACKING,R+C
1786981879.841,46.5,0.000,0.943,0.881,0.4702,-0.0917,3.38,-0.80504,0.150,0.180,0.000,-1.0000,-1.0000,TRACKING,R+C
1786981879.864,46.5,0.000,0.939,0.880,0.4652,-0.0873,0.85,-1.08203,0.150,0.180,0.000,-1.0000,-1.0000,TRACKING,R+C
1786981879.883,46.5,0.000,0.938,0.880,0.4675,-0.0859,2.06,-0.95184,0.150,0.180,0.000,-1.0000,-1.0000,TRACKING,R+C
1786981879.901,46.5,0.000,0.943,0.876,0.4648,-0.0791,3.11,-0.77921,0.150,0.180,0.000,-1.0000,-1.0000,TRACKING,R+C
1786981879.928,46.5,0.000,0.943,0.876,0.4648,-0.0633,2.49,-0.62337,0.150,0.180,0.000,-1.0000,-1.0000,TRACKING,prediction
1786981879.947,46.5,0.000,0.943,0.876,0.4648,-0.0506,1.99,-0.49870,0.150,0.180,0.000,-1.0000,-1.0000,TRACKING,prediction
1786981879.968,46.5,0.000,0.943,0.876,0.4648,-0.0405,1.59,-0.39896,0.150,0.180,0.000,-1.0000,-1.0000,TRACKING,prediction
1786981879.993,46.5,0.899,0.945,0.857,0.3946,-0.0576,3.12,-0.76811,0.150,0.180,0.000,-1.0000,-1.0000,TRACKING,L+C+R_fused
1786981880.008,46.5,0.899,0.945,0.857,0.3946,-0.0461,2.49,-0.61449,0.150,0.180,0.000,-1.0000,-1.0000,TRACKING,prediction
1786981880.029,46.5,0.897,0.945,0.863,0.4077,-0.0505,3.71,-0.69588,0.150,0.180,0.000,-0.9523,-0.9798,TRACKING,L+C+R_fused
1786981880.050,46.5,0.900,0.951,0.842,0.4182,-0.0443,3.49,-0.71676,0.150,0.180,0.000,-0.8883,-0.9179,TRACKING,L+C+R_fused
1786981880.071,46.5,0.899,0.951,0.843,0.4174,-0.0443,3.49,-0.71676,0.150,0.180,0.000,-0.8883,-0.9088,TRACKING,L+C+R_fused
1786981880.083,46.5,0.910,0.946,0.854,0.4228,-0.0369,3.84,-0.68084,0.150,0.180,0.000,-0.8148,-0.8434,TRACKING,L+C+R_fused
1786981880.111,46.5,0.896,0.943,0.861,0.4243,-0.0292,4.07,-0.65141,0.150,0.180,0.000,-0.7280,-0.7583,TRACKING,L+C+R_fused
1786981880.144,46.5,0.897,0.943,0.862,0.4252,-0.0295,3.91,-0.66597,0.150,0.180,0.000,-0.7278,-0.7457,TRACKING,L+C+R_fused
1786981880.172,46.5,0.909,0.944,0.860,0.4291,-0.0222,4.31,-0.61196,0.150,0.180,0.000,-0.6387,-0.6664,TRACKING,L+C+R_fused
1786981880.190,46.5,0.913,0.945,0.864,0.4299,-0.0172,4.11,-0.62610,0.150,0.180,0.000,-0.5637,-0.5898,TRACKING,L+C+R_fused
1786981880.209,46.5,0.915,0.945,0.864,0.4280,-0.0170,4.17,-0.62073,0.150,0.180,0.000,-0.5635,-0.5783,TRACKING,L+C+R_fused
1786981880.232,46.5,0.911,0.948,0.883,0.4287,-0.0125,5.14,-0.54067,0.150,0.180,0.000,-0.5205,-0.5393,TRACKING,L+C+R_fused
1786981880.250,46.5,0.911,0.949,0.887,0.4317,-0.0118,5.35,-0.50724,0.150,0.180,0.000,-0.5138,-0.5277,TRACKING,L+C+R_fused
1786981880.270,46.5,0.911,0.949,0.889,0.4290,-0.0118,5.35,-0.50724,0.150,0.180,0.000,-0.5138,-0.5259,TRACKING,L+C+R_fused
1786981880.293,46.5,0.901,0.949,0.890,0.4286,-0.0133,5.75,-0.44779,0.155,0.180,0.000,-0.5100,-0.5226,TRACKING,L+C+R_fused
1786981880.311,46.5,0.904,0.947,0.904,0.4331,-0.0154,5.79,-0.42894,0.157,0.180,0.000,-0.5265,-0.5364,TRACKING,L+C+R_fused
1786981880.331,46.5,0.904,0.947,0.904,0.4329,-0.0154,5.79,-0.42894,0.157,0.180,0.000,-0.5265,-0.5385,TRACKING,L+C+R_fused
1786981880.351,46.5,0.903,0.945,0.897,0.4329,-0.0182,5.15,-0.62255,0.150,0.180,0.000,-0.6150,-0.6156,TRACKING,L+C+R_fused
1786981880.372,46.5,0.913,0.943,0.899,0.4330,-0.0217,4.47,-0.71359,0.150,0.180,0.000,-0.6524,-0.6597,TRACKING,L+C+R_fused
1786981880.396,46.5,0.913,0.943,0.898,0.4336,-0.0218,4.40,-0.71894,0.150,0.180,0.000,-0.6524,-0.6662,TRACKING,L+C+R_fused
1786981880.415,46.5,0.916,0.946,0.902,0.4325,-0.0251,3.38,-0.86197,0.150,0.180,0.000,-0.6808,-0.6922,TRACKING,L+C+R_fused
1786981880.433,46.5,0.896,0.947,0.899,0.4291,-0.0267,4.66,-0.73098,0.150,0.180,0.000,-0.7254,-0.7344,TRACKING,L+C+R_fused
1786981880.454,46.5,0.904,0.947,0.887,0.4310,-0.0267,4.66,-0.73098,0.150,0.180,0.000,-0.7254,-0.7406,TRACKING,L+C+R_fused
1786981880.475,46.5,0.901,0.947,0.887,0.4303,-0.0289,3.85,-0.84912,0.150,0.180,0.000,-0.7417,-0.7561,TRACKING,L+C+R_fused
1786981880.495,46.5,0.895,0.944,0.892,0.4259,-0.0282,4.42,-0.80434,0.150,0.180,0.000,-0.7461,-0.7621,TRACKING,L+C+R_fused
1786981880.516,46.5,0.895,0.945,0.890,0.4251,-0.0285,4.20,-0.82488,0.150,0.180,0.000,-0.7448,-0.7619,TRACKING,L+C+R_fused
1786981880.535,46.5,0.889,0.946,0.897,0.4297,-0.0251,3.83,-0.86669,0.150,0.180,0.000,-0.6957,-0.7194,TRACKING,L+C+R_fused
1786981880.555,46.5,0.898,0.943,0.896,0.4366,-0.0178,4.07,-0.85353,0.150,0.180,0.000,-0.6054,-0.6349,TRACKING,L+C+R_fused
1786981880.576,46.5,0.898,0.944,0.895,0.4350,-0.0177,4.13,-0.85000,0.150,0.180,0.000,-0.6053,-0.6224,TRACKING,L+C+R_fused
1786981880.599,46.5,0.892,0.941,0.882,0.4384,-0.0098,5.45,-0.67669,0.150,0.180,0.000,-0.5134,-0.5404,TRACKING,L+C+R_fused
1786981880.617,46.5,0.895,0.938,0.887,0.4382,-0.0014,5.93,-0.60771,0.150,0.180,0.000,-0.3923,-0.4235,TRACKING,L+C+R_fused
1786981880.641,47.2,0.895,0.939,0.893,0.4427,-0.0014,5.90,-0.61285,0.150,0.180,0.000,-0.3915,-0.4057,TRACKING,L+C+R_fused
1786981880.659,47.2,0.885,0.941,0.892,0.4343,0.0060,5.47,-0.68738,0.150,0.180,0.000,-0.2630,-0.2924,TRACKING,L+C+R_fused
1786981880.679,47.2,0.865,0.937,0.900,0.4360,0.0142,4.86,-0.75653,0.150,0.180,0.000,-0.1064,-0.1406,TRACKING,L+C+R_fused
1786981880.699,47.2,0.870,0.938,0.900,0.4324,0.0150,5.52,-0.68885,0.150,0.180,0.000,-0.1084,-0.1198,TRACKING,L+C+R_fused
1786981880.720,47.2,0.873,0.942,0.895,0.4076,0.0243,5.60,-0.69152,0.150,0.180,0.000,0.0516,0.0213,TRACKING,L+C+R_fused
1786981880.740,47.2,0.877,0.940,0.880,0.4093,0.0342,5.87,-0.67326,0.150,0.180,0.000,0.2161,0.1840,TRACKING,L+C+R_fused
1786981880.760,47.2,0.877,0.939,0.882,0.4079,0.0341,5.89,-0.66858,0.150,0.180,0.000,0.2147,0.2070,TRACKING,L+C+R_fused
1786981880.780,47.2,0.883,0.940,0.891,0.4097,0.0428,5.98,-0.65444,0.150,0.180,0.000,0.3604,0.3380,TRACKING,L+C+R_fused
1786981880.801,47.2,0.873,0.941,0.890,0.4044,0.0530,6.09,-0.69335,0.150,0.180,0.000,0.5088,0.4832,TRACKING,L+C+R_fused
1786981880.826,47.2,0.872,0.940,0.890,0.4058,0.0537,6.62,-0.64263,0.150,0.180,0.000,0.5074,0.5038,TRACKING,L+C+R_fused
1786981880.842,47.2,0.870,0.940,0.873,0.4022,0.0621,5.98,-0.70775,0.150,0.180,0.000,0.6408,0.6202,TRACKING,L+C+R_fused
1786981880.862,47.2,0.885,0.936,0.868,0.4020,0.0730,6.80,-0.66738,0.150,0.180,0.000,0.7583,0.7415,TRACKING,L+C+R_fused
1786981880.887,47.2,0.887,0.937,0.867,0.4041,0.0722,6.28,-0.71766,0.150,0.180,0.000,0.7581,0.7588,TRACKING,L+C+R_fused
1786981880.903,47.2,0.886,0.935,0.862,0.4029,0.0805,6.07,-0.75582,0.150,0.180,0.000,0.8540,0.8447,TRACKING,L+C+R_fused
1786981880.923,47.2,0.876,0.938,0.856,0.3940,0.0879,6.56,-0.74105,0.150,0.180,0.000,0.9182,0.9131,TRACKING,L+C+R_fused
1786981880.946,47.2,0.876,0.937,0.856,0.3995,0.0880,6.59,-0.74019,0.150,0.180,0.000,0.9187,0.9236,TRACKING,L+C+R_fused
1786981880.968,47.2,0.873,0.940,0.856,0.3927,0.0929,7.03,-0.72763,0.150,0.180,0.000,0.9552,0.9569,TRACKING,L+C+R_fused
1786981880.986,47.2,0.895,0.942,0.868,0.3941,0.0951,7.12,-0.78243,0.150,0.180,0.000,0.9685,0.9730,TRACKING,L+C+R_fused
1786981881.007,47.2,0.894,0.942,0.868,0.3952,0.0950,7.03,-0.78975,0.150,0.180,0.000,0.9683,0.9753,TRACKING,L+C+R_fused
1786981881.028,47.2,0.909,0.937,0.865,0.3947,0.0981,8.84,-0.63366,0.150,0.180,0.000,0.9689,0.9764,TRACKING,L+C+R_fused
1786981881.048,47.2,0.899,0.943,0.877,0.3922,0.0988,9.26,-0.64988,0.150,0.180,0.000,0.9634,0.9715,TRACKING,L+C+R_fused
1786981881.071,47.2,0.899,0.943,0.877,0.3922,0.0790,7.41,-0.51991,0.150,0.180,0.000,0.9634,0.9708,TRACKING,prediction
1786981881.089,47.2,0.889,0.942,0.857,0.3905,0.1002,9.84,-0.60393,0.150,0.180,0.000,0.9665,0.9735,TRACKING,L+C+R_fused
1786981881.109,47.2,0.889,0.942,0.857,0.3905,0.0801,7.88,-0.48314,0.150,0.180,0.000,0.9665,0.9738,TRACKING,prediction
1786981881.130,47.2,0.889,0.942,0.857,0.3905,0.0641,6.30,-0.38651,0.150,0.180,0.000,0.9665,0.9739,TRACKING,prediction
1786981881.151,47.2,0.889,0.942,0.857,0.3905,0.0513,5.04,-0.30921,0.150,0.180,0.000,0.9665,0.9739,TRACKING,prediction
1786981881.170,47.2,0.889,0.942,0.857,0.3905,0.0410,4.03,-0.24737,0.150,0.180,0.000,0.9665,0.9739,TRACKING,prediction
1786981881.190,47.2,0.889,0.942,0.857,0.3905,0.0328,3.23,-0.19790,0.150,0.180,0.000,0.9665,0.9739,TRACKING,prediction
1786981881.211,47.2,0.889,0.942,0.857,0.3905,0.0263,2.58,-0.15832,0.150,0.180,0.000,0.9665,0.9739,TRACKING,prediction
1786981881.232,47.2,0.889,0.942,0.857,0.3905,0.0210,2.06,-0.12665,0.150,0.180,0.000,0.9665,0.9739,TRACKING,prediction
1786981881.252,47.2,0.889,0.942,0.857,0.3905,0.0168,1.65,-0.10132,0.150,0.180,0.000,0.9665,0.9739,TRACKING,prediction
1786981881.274,47.2,0.889,0.942,0.857,0.3905,0.0134,1.32,-0.08106,0.150,0.180,0.000,0.9665,0.9739,TRACKING,prediction
1786981881.294,47.2,0.888,0.940,0.843,0.3902,0.0955,10.98,-0.86076,0.150,0.180,0.000,0.8631,0.8816,TRACKING,L+C+R_fused
1786981881.315,47.2,0.888,0.940,0.843,0.3902,0.0764,8.79,-0.68861,0.150,0.180,0.000,0.8631,0.8684,TRACKING,prediction
1786981881.336,47.2,0.888,0.940,0.843,0.3902,0.0611,7.03,-0.55089,0.150,0.180,0.000,0.8631,0.8664,TRACKING,prediction
1786981881.361,47.2,0.875,0.938,0.833,0.3907,0.0918,11.98,-0.83566,0.150,0.180,0.000,0.7964,0.8065,TRACKING,L+C+R_fused
1786981881.376,47.2,0.878,0.938,0.839,0.3951,0.0922,12.39,-0.78330,0.150,0.180,0.000,0.7947,0.7965,TRACKING,L+C+R_fused
1786981881.396,47.2,0.882,0.939,0.840,0.3996,0.0902,12.46,-0.84874,0.150,0.180,0.000,0.7605,0.7659,TRACKING,L+C+R_fused
1786981881.416,47.2,0.878,0.941,0.847,0.4021,0.0880,12.56,-0.87076,0.150,0.180,0.000,0.7263,0.7322,TRACKING,L+C+R_fused
1786981881.437,47.2,0.876,0.941,0.847,0.4002,0.0876,12.25,-0.90731,0.150,0.180,0.000,0.7269,0.7277,TRACKING,L+C+R_fused
1786981881.462,47.2,0.863,0.938,0.837,0.3988,0.0857,12.95,-0.85845,0.150,0.180,0.000,0.6856,0.6919,TRACKING,L+C+R_fused
1786981881.482,47.2,0.851,0.938,0.835,0.4065,0.0831,12.38,-0.97101,0.150,0.180,0.000,0.6554,0.6587,TRACKING,L+C+R_fused
1786981881.503,47.2,0.853,0.938,0.836,0.4097,0.0833,12.62,-0.94263,0.150,0.180,0.000,0.6536,0.6526,TRACKING,L+C+R_fused
1786981881.523,47.2,0.862,0.939,0.849,0.4089,0.0804,11.71,-1.08541,0.150,0.180,0.000,0.6274,0.6284,TRACKING,L+C+R_fused
1786981881.546,47.2,0.859,0.937,0.851,0.4122,0.0803,14.17,-0.80224,0.150,0.180,0.000,0.5746,0.5800,TRACKING,L+C+R_fused
1786981881.564,47.2,0.860,0.937,0.851,0.4150,0.0801,14.09,-0.80886,0.150,0.180,0.000,0.5748,0.5729,TRACKING,L+C+R_fused
1786981881.595,47.2,0.851,0.934,0.857,0.4152,0.0785,14.55,-0.71605,0.150,0.180,0.000,0.5470,0.5482,TRACKING,L+C+R_fused
1786981881.626,47.2,0.860,0.934,0.849,0.4194,0.0761,14.54,-0.77046,0.150,0.180,0.000,0.5031,0.5062,TRACKING,L+C+R_fused
1786981881.657,47.3,0.859,0.935,0.850,0.4182,0.0762,14.30,-0.81192,0.150,0.180,0.000,0.5074,0.5035,TRACKING,L+C+R_fused
1786981881.677,47.3,0.898,0.937,0.845,0.4192,0.0729,15.21,-0.71333,0.150,0.180,0.000,0.4347,0.4406,TRACKING,L+C+R_fused
1786981881.709,47.3,0.876,0.937,0.855,0.4151,0.0706,15.71,-0.71911,0.150,0.180,0.000,0.3746,0.3791,TRACKING,L+C+R_fused
1786981881.730,47.3,0.878,0.937,0.855,0.4185,0.0710,15.97,-0.69434,0.150,0.180,0.000,0.3744,0.3699,TRACKING,L+C+R_fused
1786981881.760,47.3,0.888,0.936,0.863,0.4157,0.0660,15.42,-0.75463,0.150,0.180,0.000,0.3061,0.3094,TRACKING,L+C+R_fused
1786981881.798,47.3,0.877,0.933,0.844,0.4200,0.0597,13.52,-1.04953,0.150,0.180,0.000,0.2325,0.2358,TRACKING,L+C+R_fused
1786981881.823,47.3,0.872,0.933,0.846,0.4179,0.0597,13.46,-1.05715,0.150,0.180,0.000,0.2349,0.2272,TRACKING,L+C+R_fused
1786981881.847,47.3,0.876,0.926,0.839,0.4185,0.0563,14.42,-0.96326,0.150,0.180,0.000,0.1460,0.1494,TRACKING,L+C+R_fused
1786981881.861,47.3,0.858,0.927,0.844,0.4131,0.0514,13.88,-1.07037,0.150,0.180,0.000,0.0647,0.0673,TRACKING,L+C+R_fused
1786981881.897,47.3,0.858,0.929,0.844,0.4111,0.0513,13.27,-1.17524,0.150,0.180,0.000,0.0733,0.0622,TRACKING,L+C+R_fused
1786981881.915,47.3,0.868,0.927,0.843,0.4134,0.0487,16.05,-0.87438,0.150,0.180,0.000,-0.0522,-0.0461,TRACKING,L+C+R_fused
1786981881.940,47.3,0.868,0.927,0.843,0.4134,0.0390,12.84,-0.69951,0.150,0.180,0.000,-0.0522,-0.0622,TRACKING,prediction
1786981881.956,47.3,0.834,0.929,0.843,0.4469,0.0403,13.65,-1.16026,0.150,0.180,0.000,-0.1369,-0.1383,TRACKING,L+C+R_fused
1786981881.977,47.3,0.830,0.924,0.845,0.4284,0.0348,13.06,-1.25568,0.150,0.180,0.000,-0.2231,-0.2242,TRACKING,L+C+R_fused
1786981881.998,47.3,0.830,0.924,0.845,0.4284,0.0278,10.45,-1.00455,0.150,0.180,0.000,-0.2231,-0.2369,TRACKING,prediction
1786981882.018,47.3,0.830,0.924,0.845,0.4284,0.0223,8.36,-0.80364,0.150,0.180,0.000,-0.2231,-0.2388,TRACKING,prediction
1786981882.040,47.3,0.830,0.924,0.845,0.4284,0.0178,6.69,-0.64291,0.150,0.180,0.000,-0.2231,-0.2391,TRACKING,prediction
1786981882.059,47.3,0.814,0.918,0.867,0.4492,0.0189,12.18,-1.47500,0.150,0.180,0.000,-0.4824,-0.4640,TRACKING,L+C+R_fused
1786981882.072,47.3,0.814,0.918,0.867,0.4492,0.0151,9.74,-1.18000,0.150,0.180,0.000,-0.4824,-0.4970,TRACKING,prediction
1786981882.091,47.3,0.814,0.918,0.867,0.4492,0.0121,7.79,-0.94400,0.150,0.180,0.000,-0.4824,-0.5020,TRACKING,prediction
1786981882.112,47.3,0.814,0.918,0.867,0.4492,0.0097,6.24,-0.75520,0.150,0.180,0.000,-0.4824,-0.5027,TRACKING,prediction
1786981882.133,47.3,0.814,0.918,0.867,0.4492,0.0077,4.99,-0.60416,0.150,0.180,0.000,-0.4824,-0.5029,TRACKING,prediction
1786981882.154,47.3,0.814,0.918,0.867,0.4492,0.0062,3.99,-0.48333,0.150,0.180,0.000,-0.4824,-0.5029,TRACKING,prediction
1786981882.176,47.3,0.814,0.918,0.867,0.4492,0.0050,3.19,-0.38666,0.150,0.180,0.000,-0.4824,-0.5029,TRACKING,prediction
1786981882.195,47.3,0.814,0.918,0.867,0.4492,0.0040,2.55,-0.30933,0.150,0.180,0.000,-0.4824,-0.5029,TRACKING,prediction
1786981882.215,47.3,0.814,0.918,0.867,0.4492,0.0032,2.04,-0.24746,0.150,0.180,0.000,-0.4824,-0.5029,TRACKING,prediction
1786981882.241,47.3,0.814,0.918,0.867,0.4492,0.0025,1.63,-0.19797,0.150,0.180,0.000,-0.4824,-0.5029,TRACKING,prediction
1786981882.259,47.3,0.814,0.918,0.867,0.4492,0.0020,1.31,-0.15838,0.150,0.180,0.000,-0.4824,-0.5029,TRACKING,prediction
1786981882.289,47.3,0.814,0.918,0.867,0.4492,0.0016,1.05,-0.12670,0.150,0.180,0.000,-0.4824,-0.5029,TRACKING,prediction
1786981882.323,47.3,0.814,0.918,0.867,0.4492,0.0013,0.84,-0.10136,0.150,0.654,0.000,-0.4824,-0.5029,TRACKING,prediction
1786981882.347,47.3,0.814,0.918,0.867,0.4492,0.0010,0.67,-0.08109,0.150,0.621,0.000,-0.4824,-0.3642,TRACKING,prediction
1786981882.369,47.3,0.814,0.918,0.867,0.4492,0.0008,0.54,-0.06487,0.150,0.590,0.000,-0.4824,-0.3542,TRACKING,prediction
1786981882.388,47.3,0.814,0.918,0.867,0.4492,0.0007,0.43,-0.05190,0.150,0.180,0.000,-0.4824,-0.3617,TRACKING,prediction
1786981882.409,47.3,0.814,0.918,0.867,0.4492,0.0005,0.34,-0.04152,0.150,0.180,0.000,-0.4824,-0.4827,UNCERTAIN,prediction
1786981882.423,47.3,0.814,0.918,0.867,0.4492,0.0004,0.27,-0.03321,0.150,0.180,0.000,-0.4824,-0.4999,UNCERTAIN,prediction
1786981882.441,47.3,0.814,0.918,0.867,0.4492,0.0003,0.22,-0.02657,0.150,0.180,0.000,-0.4824,-0.5024,UNCERTAIN,prediction
1786981882.458,47.3,0.814,0.918,0.867,0.4492,0.0003,0.18,-0.02126,0.150,0.180,0.000,-0.4824,-0.5028,UNCERTAIN,prediction
1786981882.476,47.3,0.814,0.918,0.867,0.4492,0.0002,0.14,-0.01701,0.150,0.180,0.000,-0.4824,-0.5029,UNCERTAIN,prediction
1786981882.498,47.3,0.814,0.918,0.867,0.4492,0.0002,0.11,-0.01360,0.150,0.180,0.000,-0.4824,-0.5029,UNCERTAIN,prediction
1786981882.518,47.3,0.814,0.918,0.867,0.4492,0.0001,0.09,-0.01088,0.150,0.180,0.000,-0.4824,-0.5029,UNCERTAIN,prediction
1786981882.528,47.3,0.814,0.918,0.867,0.4492,0.0001,0.07,-0.00871,0.150,0.180,0.000,-0.4824,-0.5029,UNCERTAIN,prediction
1786981882.548,47.3,0.814,0.918,0.867,0.4492,0.0001,0.06,-0.00697,0.150,0.180,0.000,-0.4824,-0.5029,UNCERTAIN,prediction
1786981882.559,47.3,0.814,0.918,0.867,0.4492,0.0001,0.05,-0.00557,0.150,0.180,0.000,-0.4824,-0.5029,UNCERTAIN,prediction
1786981882.579,47.3,0.814,0.918,0.867,0.4492,0.0001,0.04,-0.00446,0.150,0.180,0.000,-0.4824,-0.5029,UNCERTAIN,prediction
1786981882.600,47.3,0.814,0.918,0.867,0.4492,0.0000,0.03,-0.00357,0.150,0.180,0.000,-0.4824,-0.5029,UNCERTAIN,prediction
1786981882.610,47.3,0.814,0.918,0.867,0.4492,0.0000,0.02,-0.00285,0.150,0.180,0.000,-0.4824,-0.5029,UNCERTAIN,prediction
1786981882.630,47.3,0.814,0.918,0.867,0.4492,0.0000,0.02,-0.00228,0.150,0.180,0.000,-0.4824,-0.5029,UNCERTAIN,prediction
1786981882.647,47.3,0.814,0.918,0.867,0.4492,0.0000,0.02,-0.00183,0.150,0.180,0.000,-0.4824,-0.5029,UNCERTAIN,prediction
1786981882.667,47.5,0.814,0.918,0.867,0.4492,0.0000,0.01,-0.00146,0.150,0.180,0.000,-0.4824,-0.5029,UNCERTAIN,prediction
1786981882.685,47.5,0.814,0.918,0.867,0.4492,0.0000,0.01,-0.00117,0.150,0.180,0.000,-0.4824,-0.5029,UNCERTAIN,prediction
1786981882.694,47.5,0.814,0.918,0.867,0.4492,0.0000,0.01,-0.00093,0.150,0.180,0.000,-0.4824,-0.5029,UNCERTAIN,prediction
1786981882.717,47.5,0.814,0.918,0.867,0.4492,0.0000,0.01,-0.00075,0.150,0.180,0.000,-0.4824,-0.5029,UNCERTAIN,prediction
1786981882.735,47.5,0.814,0.918,0.867,0.4492,0.0000,0.00,-0.00060,0.150,0.180,0.000,-0.4824,-0.5029,UNCERTAIN,prediction
1786981882.745,47.5,0.814,0.918,0.867,0.4492,0.0000,0.00,-0.00048,0.150,0.180,0.000,-0.4824,-0.5029,UNCERTAIN,prediction
1786981882.765,47.5,0.814,0.918,0.867,0.4492,0.0000,0.00,-0.00038,0.150,0.180,0.000,-0.4824,-0.5029,UNCERTAIN,prediction
1786981882.786,47.5,0.814,0.918,0.867,0.4492,0.0000,0.00,-0.00031,0.150,0.180,0.000,-0.4824,-0.5029,UNCERTAIN,prediction
1786981882.796,47.5,0.814,0.918,0.867,0.4492,0.0000,0.00,-0.00025,0.150,0.180,0.000,-0.4824,-0.5029,UNCERTAIN,prediction
1786981882.823,47.5,0.814,0.918,0.867,0.4492,0.0000,0.00,-0.00020,0.150,0.180,0.000,-0.4824,-0.5029,UNCERTAIN,prediction
1786981882.837,47.5,0.814,0.918,0.867,0.4492,0.0000,0.00,-0.00016,0.150,0.180,0.000,-0.4824,-0.5029,UNCERTAIN,prediction
1786981882.856,47.5,0.814,0.918,0.867,0.4492,0.0000,0.00,-0.00013,0.150,0.180,0.000,-0.4824,-0.5029,UNCERTAIN,prediction
1786981882.878,47.5,0.814,0.918,0.867,0.4492,0.0000,0.00,-0.00010,0.150,0.180,0.000,-0.4824,-0.5029,UNCERTAIN,prediction
1786981882.898,47.5,0.814,0.918,0.867,0.4492,0.0000,0.00,-0.00008,0.150,0.180,0.000,-0.4824,-0.5029,UNCERTAIN,prediction
1786981882.919,47.5,0.814,0.918,0.867,0.4492,0.0000,0.00,-0.00006,0.150,0.180,0.000,-0.4824,-0.5029,PREDICTING,prediction
1786981882.939,47.5,0.814,0.918,0.867,0.4492,0.0000,0.00,-0.00005,0.150,0.180,0.000,-0.4824,-0.5029,PREDICTING,prediction
1786981882.959,47.5,0.814,0.918,0.867,0.4492,0.0000,0.00,-0.00004,0.150,0.180,0.000,-0.4824,-0.5029,PREDICTING,prediction
1786981882.987,47.5,0.814,0.918,0.867,0.4492,0.0000,0.00,-0.00003,0.150,0.180,0.000,-0.4824,-0.5029,PREDICTING,prediction
1786981883.000,47.5,0.814,0.918,0.867,0.4492,0.0000,0.00,-0.00003,0.150,0.180,0.000,-0.4824,-0.5029,PREDICTING,prediction
1786981883.021,47.5,0.814,0.918,0.867,0.4492,0.0000,0.00,-0.00002,0.150,0.180,0.000,-0.4824,-0.5029,PREDICTING,prediction
1786981883.042,47.5,0.814,0.918,0.867,0.4492,0.0000,0.00,-0.00002,0.150,0.180,0.000,-0.4824,-0.5029,PREDICTING,prediction
1786981883.053,47.5,0.814,0.918,0.867,0.4492,0.0000,0.00,-0.00001,0.150,0.180,0.000,-0.4824,-0.5029,PREDICTING,prediction
1786981883.084,47.5,0.814,0.918,0.867,0.4492,0.0000,0.00,-0.00001,0.150,0.180,0.000,-0.4824,-0.5029,PREDICTING,prediction
1786981883.103,47.5,0.814,0.918,0.867,0.4492,0.0000,0.00,-0.00001,0.150,0.180,0.000,-0.4824,-0.5029,PREDICTING,prediction
1786981883.132,47.5,0.814,0.918,0.867,0.4492,0.0000,0.00,-0.00001,0.150,0.180,0.000,-0.4824,-0.5029,PREDICTING,prediction
1786981883.144,47.5,0.814,0.918,0.867,0.4492,0.0000,0.00,-0.00001,0.150,0.180,0.000,-0.4824,-0.5029,PREDICTING,prediction
1786981883.180,47.5,0.814,0.918,0.867,0.4492,0.0000,0.00,-0.00000,0.150,0.180,0.000,-0.4824,-0.5029,PREDICTING,prediction
1786981883.199,47.5,0.814,0.918,0.867,0.4492,0.0000,0.00,-0.00000,0.150,0.180,0.000,-0.4824,-0.5029,PREDICTING,prediction
1786981883.221,47.5,0.814,0.918,0.867,0.4492,0.0000,0.00,-0.00000,0.150,0.180,0.000,-0.4824,-0.5029,PREDICTING,prediction
1786981883.235,47.5,0.814,0.918,0.867,0.4492,0.0000,0.00,-0.00000,0.150,0.180,0.000,-0.4824,-0.5029,PREDICTING,prediction
1786981883.262,47.5,0.814,0.918,0.867,0.4492,0.0000,0.00,-0.00000,0.150,0.180,0.000,-0.4824,-0.5029,PREDICTING,prediction
1786981883.280,47.5,0.814,0.918,0.867,0.4492,0.0000,0.00,-0.00000,0.150,0.180,0.000,-0.4824,-0.5029,PREDICTING,prediction
1786981883.298,47.5,0.814,0.918,0.867,0.4492,0.0000,0.00,-0.00000,0.150,0.180,0.000,-0.4824,-0.5029,PREDICTING,prediction
1786981883.319,47.5,0.814,0.918,0.867,0.4492,0.0000,0.00,-0.00000,0.150,0.180,0.000,-0.4824,-0.5029,PREDICTING,prediction
1786981883.339,47.5,0.814,0.918,0.867,0.4492,0.0000,0.00,-0.00000,0.150,0.180,0.000,-0.4824,-0.5029,PREDICTING,prediction
1786981883.360,47.5,0.814,0.918,0.867,0.4492,0.0000,0.00,-0.00000,0.150,0.180,0.000,-0.4824,-0.5029,PREDICTING,prediction
1786981883.380,47.5,0.814,0.918,0.867,0.4492,0.0000,0.00,-0.00000,0.150,0.180,0.000,-0.4824,-0.5029,PREDICTING,prediction
1786981883.411,47.5,0.814,0.918,0.867,0.4492,0.0000,0.00,-0.00000,0.150,0.180,0.000,-0.4824,-0.5029,PREDICTING,prediction
1786981883.431,47.5,0.814,0.918,0.867,0.4492,0.0000,0.00,-0.00000,0.150,0.180,0.000,-0.4824,-0.5029,PREDICTING,prediction
1786981883.455,47.5,0.814,0.918,0.867,0.4492,0.0000,0.00,-0.00000,0.150,0.180,0.000,-0.4824,-0.5029,PREDICTING,prediction
1786981883.473,47.5,0.814,0.918,0.867,0.4492,0.0000,0.00,-0.00000,0.150,0.180,0.000,-0.4824,-0.5029,PREDICTING,prediction
1786981883.489,47.5,0.814,0.918,0.867,0.4492,0.0000,0.00,-0.00000,0.150,0.180,0.000,-0.4824,-0.5029,PREDICTING,prediction
1786981883.502,47.5,0.814,0.918,0.867,0.4492,0.0000,0.00,-0.00000,0.150,0.180,0.000,-0.4824,-0.5029,PREDICTING,prediction
1786981883.523,47.5,0.814,0.918,0.867,0.4492,0.0000,0.00,-0.00000,0.150,0.180,0.000,-0.4824,-0.5029,PREDICTING,prediction
1786981883.541,47.5,0.814,0.918,0.867,0.4492,0.0000,0.00,-0.00000,0.150,0.180,0.000,-0.4824,-0.5029,PREDICTING,prediction
1786981883.551,47.5,0.814,0.918,0.867,0.4492,0.0000,0.00,-0.00000,0.150,0.180,0.000,-0.4824,-0.5029,PREDICTING,prediction
1786981883.581,47.5,0.814,0.918,0.867,0.4492,0.0000,0.00,-0.00000,0.150,0.180,0.000,-0.4824,-0.5029,PREDICTING,prediction
1786981883.592,47.5,0.000,0.898,0.869,0.5469,-0.0928,12.47,-0.22452,0.178,0.180,0.000,-1.0000,-0.9562,TRACKING,R+C
1786981883.614,47.5,0.000,0.900,0.869,0.5462,-0.0919,13.46,-0.12320,0.188,0.180,0.000,-1.0000,-1.0000,TRACKING,R+C
1786981883.631,47.5,0.000,0.918,0.870,0.5424,-0.0914,13.04,-0.06498,0.194,0.180,0.000,-1.0000,-1.0000,TRACKING,R+C
1786981883.643,47.5,0.000,0.918,0.870,0.5424,-0.0731,10.43,-0.05199,0.194,0.180,0.000,-1.0000,-1.0000,TRACKING,prediction
1786981883.664,47.5,0.000,0.918,0.870,0.5424,-0.0585,8.35,-0.04159,0.194,0.180,0.000,-1.0000,-1.0000,TRACKING,prediction
1786981883.683,51.2,0.000,0.918,0.870,0.5424,-0.0468,6.68,-0.03327,0.194,0.180,0.000,-1.0000,-1.0000,TRACKING,prediction
1786981883.694,51.2,0.000,0.914,0.875,0.5292,-0.1000,9.22,-0.21275,0.179,0.180,0.000,-1.0000,-1.0000,TRACKING,R+C
1786981883.728,51.2,0.000,0.914,0.874,0.5271,-0.0962,11.06,-0.08638,0.191,0.180,0.000,-1.0000,-1.0000,TRACKING,R+C
1786981883.742,51.2,0.000,0.914,0.873,0.5247,-0.1068,6.99,-0.42736,0.157,0.180,0.000,-1.0000,-1.0000,TRACKING,R+C
1786981883.755,51.2,0.000,0.922,0.875,0.5244,-0.1114,8.09,-0.24575,0.175,0.180,0.000,-1.0000,-1.0000,TRACKING,R+C
1786981883.785,51.2,0.000,0.918,0.879,0.5250,-0.1114,8.55,-0.17934,0.182,0.180,0.000,-1.0000,-1.0000,TRACKING,R+C
1786981883.796,51.2,0.000,0.918,0.882,0.5257,-0.1165,9.54,-0.01282,0.199,0.180,0.000,-1.0000,-1.0000,TRACKING,R+C
1786981883.826,51.2,0.000,0.918,0.882,0.5257,-0.0932,7.64,-0.01026,0.199,0.180,0.000,-1.0000,-1.0000,TRACKING,prediction
1786981883.848,51.2,0.000,0.918,0.882,0.5257,-0.0746,6.11,-0.00821,0.199,0.180,0.000,-1.0000,-1.0000,TRACKING,prediction
1786981883.869,51.2,0.000,0.918,0.882,0.5257,-0.0597,4.89,-0.00657,0.199,0.180,0.000,-1.0000,-1.0000,TRACKING,prediction
1786981883.889,51.2,0.000,0.918,0.882,0.5257,-0.0477,3.91,-0.00525,0.199,0.180,0.000,-1.0000,-1.0000,TRACKING,prediction
1786981883.905,51.2,0.000,0.918,0.882,0.5257,-0.0382,3.13,-0.00420,0.199,0.180,0.000,-1.0000,-1.0000,TRACKING,prediction
1786981883.921,51.2,0.000,0.918,0.882,0.5257,-0.0305,2.50,-0.00336,0.199,0.180,0.000,-1.0000,-1.0000,TRACKING,prediction
1786981883.939,51.2,0.000,0.863,0.892,0.5041,-0.1536,-5.11,-1.58347,0.150,0.180,0.000,-1.0000,-1.0000,TRACKING,R+C
1786981883.949,51.2,0.000,0.871,0.893,0.5037,-0.1516,-2.19,-1.13170,0.150,0.180,0.000,-1.0000,-1.0000,TRACKING,R+C
1786981883.984,51.2,0.000,0.871,0.893,0.5037,-0.1213,-1.75,-0.90536,0.150,0.180,0.000,-1.0000,-1.0000,TRACKING,prediction
1786981884.003,51.2,0.000,0.871,0.893,0.5037,-0.0970,-1.40,-0.72429,0.150,0.180,0.000,-1.0000,-1.0000,TRACKING,prediction
