timestamp,fps,left_conf,center_conf,right_conf,lane_width_m,lateral_error_m,heading_error_deg,curvature,lookahead_m,target_speed,actual_speed,steer_raw,steer_filtered,tracking_state,reconstruction_method
1786993456.176,0.0,0.903,0.787,0.814,0.4940,-0.0041,7.47,-0.03852,0.196,0.199,0.000,-0.3057,-0.2727,TRACKING,L+C+R_fused
1786993456.260,0.0,0.905,0.788,0.753,0.4932,-0.0042,7.46,-0.03698,0.196,0.217,0.000,-0.3055,-0.3058,TRACKING,L+C+R_fused
1786993456.276,0.0,0.905,0.787,0.743,0.4920,-0.0040,7.60,-0.02814,0.197,0.234,0.000,-0.3038,-0.3064,TRACKING,L+C+R_fused
1786993456.298,0.0,0.905,0.788,0.343,0.4982,-0.0042,7.45,-0.03769,0.196,0.250,0.000,-0.3056,-0.3049,TRACKING,L+C+R_fused
1786993456.307,0.0,0.905,0.788,0.327,0.4980,-0.0042,7.49,-0.03590,0.196,0.266,0.000,-0.3057,-0.3019,TRACKING,L+C+R_fused
1786993456.323,0.0,0.905,0.788,0.375,0.4984,-0.0042,7.44,-0.03914,0.196,0.281,0.000,-0.3061,-0.2989,TRACKING,L+C+R_fused
1786993456.340,0.0,0.904,0.787,0.405,0.4966,-0.0042,7.43,-0.03947,0.196,0.295,0.000,-0.3056,-0.2954,TRACKING,L+C+R_fused
1786993456.358,0.0,0.905,0.789,0.401,0.4955,-0.0041,7.48,-0.03616,0.196,0.308,0.000,-0.3051,-0.2920,TRACKING,L+C+R_fused
1786993456.375,0.0,0.905,0.788,0.569,0.4946,-0.0042,7.42,-0.03936,0.196,0.321,0.000,-0.3057,-0.2896,TRACKING,L+C+R_fused
1786993456.387,0.0,0.905,0.788,0.517,0.4948,-0.0042,7.43,-0.03845,0.196,0.332,0.000,-0.3056,-0.2869,TRACKING,L+C+R_fused
1786993456.406,0.0,0.907,0.788,0.517,0.4942,-0.0042,7.47,-0.03442,0.197,0.344,0.000,-0.3046,-0.2835,TRACKING,L+C+R_fused
1786993456.441,0.0,0.906,0.788,0.573,0.4936,-0.0042,7.46,-0.03445,0.197,0.355,0.000,-0.3047,-0.2810,TRACKING,L+C+R_fused
1786993456.464,0.0,0.905,0.786,0.733,0.4942,-0.0042,7.39,-0.04503,0.195,0.365,0.000,-0.3076,-0.2809,TRACKING,L+C+R_fused
1786993456.479,0.0,0.906,0.787,0.733,0.4941,-0.0041,7.44,-0.04119,0.196,0.375,0.000,-0.3065,-0.2783,TRACKING,L+C+R_fused
1786993456.498,0.0,0.906,0.787,0.733,0.4941,-0.0041,7.44,-0.04103,0.196,0.384,0.000,-0.3065,-0.2761,TRACKING,L+C+R_fused
1786993456.527,0.0,0.907,0.787,0.734,0.4929,-0.0043,7.39,-0.04394,0.196,0.393,0.000,-0.3075,-0.2748,TRACKING,L+C+R_fused
1786993456.546,0.0,0.906,0.786,0.705,0.4936,-0.0042,7.42,-0.04298,0.196,0.401,0.000,-0.3067,-0.2724,TRACKING,L+C+R_fused
1786993456.562,0.0,0.906,0.787,0.705,0.4936,-0.0041,7.44,-0.04164,0.196,0.409,0.000,-0.3062,-0.2702,TRACKING,L+C+R_fused
1786993456.589,0.0,0.906,0.786,0.705,0.4952,-0.0042,7.41,-0.04300,0.196,0.417,0.000,-0.3068,-0.2688,TRACKING,L+C+R_fused
1786993456.609,0.0,0.906,0.786,0.705,0.4952,-0.0042,7.44,-0.04130,0.196,0.424,0.000,-0.3065,-0.2671,TRACKING,L+C+R_fused
1786993456.651,0.0,0.906,0.786,0.714,0.4955,-0.0043,7.38,-0.04566,0.195,0.431,0.000,-0.3075,-0.2662,TRACKING,L+C+R_fused
1786993456.672,0.0,0.906,0.787,0.673,0.4953,-0.0042,7.47,-0.03816,0.196,0.437,0.000,-0.3063,-0.2640,TRACKING,L+C+R_fused
1786993456.690,0.0,0.909,0.786,0.673,0.4952,-0.0043,7.45,-0.03877,0.196,0.443,0.000,-0.3067,-0.2628,TRACKING,L+C+R_fused
1786993456.707,0.0,0.909,0.786,0.631,0.4953,-0.0043,7.44,-0.03931,0.196,0.449,0.000,-0.3068,-0.2616,TRACKING,L+C+R_fused
1786993456.722,0.0,0.909,0.786,0.631,0.4953,-0.0034,5.95,-0.03145,0.196,0.455,0.000,-0.3068,-0.2603,TRACKING,prediction
1786993456.740,0.0,0.909,0.786,0.631,0.4953,-0.0027,4.76,-0.02516,0.196,0.460,0.000,-0.3068,-0.2591,TRACKING,prediction
1786993456.756,0.0,0.909,0.786,0.631,0.4953,-0.0022,3.81,-0.02013,0.196,0.465,0.000,-0.3068,-0.2580,TRACKING,prediction
1786993456.773,0.0,0.909,0.786,0.631,0.4953,-0.0017,3.05,-0.01610,0.196,0.470,0.000,-0.3068,-0.2569,TRACKING,prediction
1786993456.784,0.0,0.909,0.786,0.631,0.4953,-0.0014,2.44,-0.01288,0.196,0.474,0.000,-0.3068,-0.2559,TRACKING,prediction
1786993456.807,0.0,0.909,0.786,0.631,0.4953,-0.0011,1.95,-0.01031,0.196,0.478,0.000,-0.3068,-0.2549,TRACKING,prediction
1786993456.823,0.0,0.909,0.786,0.631,0.4953,-0.0009,1.56,-0.00824,0.196,0.483,0.000,-0.3068,-0.2540,TRACKING,prediction
1786993456.839,0.0,0.909,0.786,0.631,0.4953,-0.0007,1.25,-0.00660,0.196,0.486,0.000,-0.3068,-0.2531,TRACKING,prediction
1786993456.858,0.0,0.909,0.786,0.631,0.4953,-0.0006,1.00,-0.00528,0.196,0.489,0.000,-0.3068,-0.2523,TRACKING,prediction
1786993456.871,0.0,0.909,0.786,0.631,0.4953,-0.0005,0.80,-0.00422,0.196,0.491,0.000,-0.3068,-0.2516,TRACKING,prediction
1786993456.888,0.0,0.909,0.786,0.631,0.4953,-0.0004,0.64,-0.00338,0.196,0.491,0.000,-0.3068,-0.2512,TRACKING,prediction
1786993456.905,0.0,0.909,0.786,0.631,0.4953,-0.0003,0.51,-0.00270,0.196,0.484,0.000,-0.3068,-0.2512,TRACKING,prediction
1786993456.920,0.0,0.906,0.790,0.916,0.4921,-0.0034,7.47,-0.03534,0.196,0.488,0.000,-0.2976,-0.2460,TRACKING,L+C+R_fused
1786993456.940,0.0,0.908,0.789,0.916,0.4918,-0.0035,7.41,-0.03901,0.196,0.492,0.000,-0.2980,-0.2448,TRACKING,L+C+R_fused
1786993456.957,0.0,0.906,0.788,0.919,0.4907,-0.0035,7.41,-0.03875,0.196,0.495,0.000,-0.2982,-0.2442,TRACKING,L+C+R_fused
1786993456.972,0.0,0.904,0.790,0.926,0.4902,-0.0035,7.40,-0.04115,0.196,0.498,0.000,-0.2989,-0.2439,TRACKING,L+C+R_fused
1786993456.993,0.0,0.904,0.790,0.926,0.4907,-0.0035,7.37,-0.04380,0.196,0.502,0.000,-0.2991,-0.2434,TRACKING,L+C+R_fused
1786993457.010,0.0,0.904,0.790,0.926,0.4907,-0.0035,7.37,-0.04351,0.196,0.504,0.000,-0.2990,-0.2428,TRACKING,L+C+R_fused
1786993457.025,0.0,0.904,0.791,0.926,0.4907,-0.0035,7.41,-0.04087,0.196,0.507,0.000,-0.2990,-0.2422,TRACKING,L+C+R_fused
1786993457.044,0.0,0.903,0.790,0.928,0.4908,-0.0034,7.52,-0.03094,0.197,0.510,0.000,-0.2970,-0.2403,TRACKING,L+C+R_fused
1786993457.062,44.7,0.903,0.790,0.928,0.4907,-0.0037,7.43,-0.03585,0.196,0.512,0.000,-0.2988,-0.2407,TRACKING,L+C+R_fused
1786993457.069,44.7,0.905,0.790,0.928,0.4908,-0.0038,7.45,-0.03281,0.197,0.515,0.000,-0.2989,-0.2404,TRACKING,L+C+R_fused
1786993457.087,44.7,0.897,0.792,0.705,0.4957,-0.0041,7.43,-0.03730,0.196,0.517,0.000,-0.3033,-0.2429,TRACKING,L+C+R_fused
1786993457.108,44.7,0.901,0.791,0.936,0.4919,-0.0044,7.53,-0.02559,0.197,0.519,0.000,-0.3042,-0.2435,TRACKING,L+C+R_fused
1786993457.135,44.7,0.902,0.787,0.730,0.4971,-0.0044,7.53,-0.01897,0.198,0.521,0.000,-0.3015,-0.2414,TRACKING,L+C+R_fused
1786993457.156,44.7,0.893,0.788,0.701,0.5031,-0.0055,7.37,-0.02777,0.197,0.523,0.000,-0.3103,-0.2466,TRACKING,L+C+R_fused
1786993457.170,44.7,0.893,0.788,0.701,0.5031,-0.0044,5.89,-0.02222,0.197,0.525,0.000,-0.3103,-0.2470,TRACKING,prediction
1786993457.187,44.7,0.894,0.792,0.344,0.5008,-0.0067,7.44,-0.01575,0.198,0.527,0.000,-0.3183,-0.2521,TRACKING,L+C+R_fused
1786993457.211,44.7,0.885,0.791,0.641,0.5022,-0.0074,7.64,0.00559,0.199,0.528,0.000,-0.3246,-0.2567,TRACKING,L+C+R_fused
1786993457.233,44.7,0.881,0.789,0.699,0.5056,-0.0091,7.57,0.01088,0.199,0.530,0.000,-0.3395,-0.2669,TRACKING,L+C+R_fused
1786993457.243,44.7,0.881,0.789,0.699,0.5056,-0.0073,6.06,0.00870,0.199,0.531,0.000,-0.3395,-0.2681,TRACKING,prediction
1786993457.265,44.7,0.862,0.790,0.000,0.4964,-0.0125,7.20,-0.00364,0.200,0.533,0.000,-0.3595,-0.2813,TRACKING,L+C
1786993457.285,44.7,0.875,0.787,0.702,0.5112,-0.0139,7.34,0.01932,0.198,0.534,0.000,-0.3781,-0.2950,TRACKING,L+C+R_fused
1786993457.294,44.7,0.879,0.787,0.848,0.5142,-0.0158,7.12,0.00426,0.200,0.536,0.000,-0.3863,-0.3023,TRACKING,L+C+R_fused
1786993457.315,44.7,0.883,0.791,0.938,0.5211,-0.0182,6.80,-0.00626,0.199,0.537,0.000,-0.4002,-0.3122,TRACKING,L+C+R_fused
1786993457.335,44.7,0.888,0.793,0.936,0.5249,-0.0200,6.60,-0.01355,0.199,0.538,0.000,-0.4145,-0.3227,TRACKING,L+C+R_fused
1786993457.359,44.7,0.901,0.790,0.767,0.5267,-0.0213,6.91,0.01695,0.198,0.539,0.000,-0.4317,-0.3352,TRACKING,L+C+R_fused
1786993457.382,44.7,0.885,0.792,0.735,0.5250,-0.0224,6.79,0.01629,0.198,0.540,0.000,-0.4379,-0.3408,TRACKING,L+C+R_fused
1786993457.413,44.7,0.883,0.791,0.740,0.5237,-0.0231,6.47,0.00846,0.199,0.541,0.000,-0.4325,-0.3379,TRACKING,L+C+R_fused
1786993457.434,44.7,0.889,0.790,0.932,0.5280,-0.0225,6.43,0.01975,0.198,0.542,0.000,-0.4288,-0.3346,TRACKING,L+C+R_fused
1786993457.456,44.7,0.882,0.790,0.727,0.5259,-0.0209,5.95,0.00060,0.200,0.543,0.000,-0.3954,-0.3122,TRACKING,L+C+R_fused
1786993457.464,44.7,0.881,0.789,0.740,0.5202,-0.0180,5.64,-0.00716,0.199,0.544,0.000,-0.3636,-0.2877,TRACKING,L+C+R_fused
1786993457.485,44.7,0.869,0.793,0.726,0.5242,-0.0151,5.46,-0.00922,0.199,0.545,0.000,-0.3309,-0.2624,TRACKING,L+C+R_fused
1786993457.500,44.7,0.867,0.794,0.777,0.5236,-0.0142,5.16,-0.01786,0.198,0.545,0.000,-0.3173,-0.2496,TRACKING,L+C+R_fused
1786993457.520,44.7,0.871,0.790,0.743,0.5237,-0.0148,5.03,-0.01092,0.199,0.546,0.000,-0.3157,-0.2465,TRACKING,L+C+R_fused
1786993457.541,44.7,0.871,0.790,0.758,0.5247,-0.0160,4.88,-0.01605,0.198,0.547,0.000,-0.3250,-0.2520,TRACKING,L+C+R_fused
1786993457.556,44.7,0.859,0.790,0.764,0.5246,-0.0175,4.78,-0.01562,0.198,0.547,0.000,-0.3352,-0.2593,TRACKING,L+C+R_fused
1786993457.574,44.7,0.867,0.791,0.739,0.5276,-0.0188,4.46,-0.03508,0.196,0.548,0.000,-0.3475,-0.2682,TRACKING,L+C+R_fused
1786993457.582,44.7,0.852,0.792,0.741,0.5285,-0.0201,4.13,-0.05709,0.194,0.549,0.000,-0.3610,-0.2781,TRACKING,L+C+R_fused
1786993457.603,44.7,0.833,0.786,0.746,0.5375,-0.0225,3.53,-0.08772,0.191,0.549,0.000,-0.3813,-0.2925,TRACKING,L+C+R_fused
1786993457.618,44.7,0.846,0.782,0.750,0.5369,-0.0242,3.57,-0.08166,0.192,0.550,0.000,-0.3958,-0.3040,TRACKING,L+C+R_fused
1786993457.638,44.7,0.831,0.782,0.752,0.5425,-0.0286,2.05,-0.19180,0.181,0.550,0.000,-0.4563,-0.3441,TRACKING,L+C+R_fused
1786993457.659,44.7,0.809,0.752,0.742,0.5426,-0.0315,1.39,-0.26966,0.173,0.551,0.000,-0.5176,-0.3891,TRACKING,L+C+R_fused
1786993457.680,44.7,0.809,0.752,0.742,0.5426,-0.0252,1.11,-0.21573,0.173,0.551,0.000,-0.5176,-0.3956,TRACKING,prediction
1786993457.700,44.7,0.809,0.752,0.742,0.5426,-0.0201,0.89,-0.17258,0.173,0.552,0.000,-0.5176,-0.3964,TRACKING,prediction
1786993457.715,44.7,0.809,0.752,0.742,0.5426,-0.0161,0.71,-0.13806,0.173,0.559,0.000,-0.5176,-0.3964,TRACKING,prediction
1786993457.734,44.7,0.838,0.736,0.762,0.5348,-0.0431,-1.87,-0.54994,0.150,0.559,0.000,-0.6998,-0.5092,TRACKING,L+C+R_fused
1786993457.753,44.7,0.807,0.739,0.737,0.5250,-0.0436,-3.28,-0.64356,0.150,0.559,0.000,-0.6741,-0.5096,TRACKING,L+C+R_fused
1786993457.774,44.7,0.871,0.725,0.859,0.5232,-0.0405,-3.20,-0.65556,0.150,0.559,0.000,-0.6372,-0.4864,TRACKING,L+C+R_fused
1786993457.797,44.7,0.871,0.725,0.859,0.5232,-0.0324,-2.56,-0.52445,0.150,0.559,0.000,-0.6372,-0.4829,TRACKING,prediction
1786993457.815,44.7,0.817,0.716,0.734,0.5078,-0.0368,-4.63,-0.77548,0.150,0.566,0.000,-0.5526,-0.4288,TRACKING,L+C+R_fused
1786993457.836,44.7,0.787,0.717,0.748,0.4965,-0.0376,-5.99,-0.88750,0.150,0.564,0.000,-0.5315,-0.4054,TRACKING,L+C+R_fused
1786993457.858,44.7,0.756,0.711,0.764,0.4844,-0.0392,-7.07,-0.96964,0.150,0.563,0.000,-0.5284,-0.4006,TRACKING,L+C+R_fused
1786993457.877,44.7,0.756,0.711,0.764,0.4844,-0.0314,-5.65,-0.77571,0.150,0.562,0.000,-0.5284,-0.4003,TRACKING,prediction
1786993457.899,44.7,0.763,0.710,0.739,0.4855,-0.0404,-7.53,-1.05660,0.150,0.562,0.000,-0.5429,-0.4100,TRACKING,L+C+R_fused
1786993457.917,44.7,0.836,0.710,0.859,0.4437,-0.0417,-7.53,-1.09397,0.150,0.561,0.000,-0.5678,-0.4276,TRACKING,L+C+R_fused
1786993457.928,44.7,0.758,0.718,0.766,0.4692,-0.0421,-7.80,-1.13831,0.150,0.561,0.000,-0.5699,-0.4318,TRACKING,L+C+R_fused
1786993457.949,44.7,0.758,0.723,0.785,0.4585,-0.0418,-8.58,-1.22528,0.150,0.561,0.000,-0.5514,-0.4210,TRACKING,L+C+R_fused
1786993457.968,44.7,0.835,0.729,0.738,0.4691,-0.0410,-10.19,-1.36314,0.150,0.567,0.000,-0.5036,-0.3894,TRACKING,L+C+R_fused
1786993457.991,44.7,0.823,0.697,0.728,0.4510,-0.0362,-9.08,-1.34462,0.150,0.565,0.000,-0.4682,-0.3605,TRACKING,L+C+R_fused
1786993458.009,44.7,0.860,0.711,0.721,0.4171,-0.0362,-10.28,-1.47722,0.150,0.564,0.000,-0.4446,-0.3424,TRACKING,L+C+R_fused
1786993458.030,44.7,0.808,0.724,0.754,0.3921,-0.0354,-9.60,-1.46809,0.150,0.563,0.000,-0.4578,-0.3485,TRACKING,L+C+R_fused
1786993458.050,44.7,0.000,0.698,0.692,0.5012,-0.0343,-8.26,-1.42351,0.150,0.562,0.000,-0.4836,-0.3661,TRACKING,R+C
1786993458.071,52.5,0.000,0.748,0.710,0.4986,-0.0341,-9.60,-1.59009,0.150,0.561,0.000,-0.4576,-0.3530,TRACKING,R+C
1786993458.091,52.5,0.000,0.757,0.738,0.4974,-0.0307,-9.37,-1.62492,0.150,0.561,0.000,-0.4189,-0.3268,TRACKING,R+C
1786993458.112,52.5,0.000,0.745,0.746,0.4958,-0.0211,-7.51,-1.58722,0.150,0.561,0.000,-0.3294,-0.2665,TRACKING,R+C
1786993458.129,52.5,0.000,0.738,0.752,0.4719,-0.0129,-7.88,-1.70544,0.150,0.560,0.000,-0.1972,-0.1741,TRACKING,R+C
1786993458.150,52.5,0.000,0.716,0.914,0.4904,-0.0041,-6.49,-1.67146,0.150,0.560,0.000,-0.0962,-0.0962,TRACKING,R+C
1786993458.160,52.5,0.000,0.740,0.735,0.4952,-0.0007,-6.95,-1.77976,0.150,0.560,0.000,-0.0354,-0.0464,TRACKING,R+C
1786993458.191,52.5,0.000,0.744,0.739,0.5038,0.0008,-5.40,-1.73980,0.150,0.560,0.000,-0.0694,-0.0610,TRACKING,R+C
1786993458.211,52.5,0.000,0.751,0.713,0.4964,0.0014,-4.06,-1.72216,0.150,0.560,0.000,-0.1132,-0.0915,TRACKING,R+C
1786993458.231,52.5,0.000,0.746,0.904,0.5167,0.0049,-1.91,-1.63187,0.150,0.560,0.000,-0.1285,-0.1059,TRACKING,R+C
1786993458.251,52.5,0.000,0.748,0.746,0.6383,0.0104,-0.20,-1.56185,0.150,0.560,0.000,-0.0930,-0.0855,TRACKING,R+C
1786993458.271,52.5,0.000,0.725,0.692,0.6546,0.0170,2.11,-1.40546,0.150,0.560,0.000,-0.0523,-0.0564,TRACKING,R+C
1786993458.291,52.5,0.000,0.750,0.721,0.5248,0.0193,1.37,-1.54959,0.150,0.560,0.000,-0.0043,-0.0222,TRACKING,R+C
1786993458.305,52.5,0.000,0.747,0.746,0.6232,0.0201,2.05,-1.52943,0.150,0.560,0.000,-0.0159,-0.0247,TRACKING,R+C
1786993458.322,52.5,0.000,0.745,0.670,0.5830,0.0186,2.92,-1.53112,0.150,0.560,0.000,-0.0822,-0.0678,TRACKING,R+C
1786993458.342,52.5,0.000,0.741,0.411,0.6302,0.0170,4.79,-1.40591,0.150,0.560,0.000,-0.1739,-0.1324,TRACKING,R+C
1786993458.363,52.5,0.000,0.731,0.573,0.6508,0.0149,6.93,-1.25689,0.150,0.560,0.000,-0.2779,-0.2080,TRACKING,R+C
1786993458.383,52.5,0.000,0.736,0.889,0.5346,0.0097,5.77,-1.46843,0.150,0.560,0.000,-0.3513,-0.2664,TRACKING,R+C
1786993458.404,52.5,0.000,0.737,0.903,0.5407,0.0057,6.73,-1.41843,0.150,0.560,0.000,-0.4480,-0.3361,TRACKING,R+C
1786993458.425,52.5,0.000,0.740,0.894,0.5557,-0.0002,6.94,-1.44673,0.150,0.560,0.000,-0.5502,-0.4109,TRACKING,R+C
1786993458.446,52.5,0.000,0.732,0.893,0.5733,-0.0051,8.74,-1.31079,0.150,0.560,0.000,-0.6637,-0.4931,TRACKING,R+C
1786993458.466,52.5,0.000,0.731,0.879,0.5827,-0.0129,8.98,-1.37521,0.150,0.560,0.000,-0.7784,-0.5773,TRACKING,R+C
1786993458.486,52.5,0.000,0.738,0.874,0.5940,-0.0201,10.33,-1.26398,0.150,0.560,0.000,-0.8846,-0.6557,TRACKING,R+C
1786993458.496,52.5,0.000,0.741,0.863,0.6024,-0.0275,10.87,-1.22862,0.150,0.560,0.000,-0.9661,-0.7179,TRACKING,R+C
1786993458.519,52.5,0.000,0.753,0.837,0.6071,-0.0340,10.01,-1.39792,0.150,0.560,0.000,-1.0000,-0.7485,TRACKING,R+C
1786993458.535,52.5,0.000,0.758,0.836,0.6123,-0.0362,10.60,-1.30697,0.150,0.560,0.000,-1.0000,-0.7531,TRACKING,R+C
1786993458.550,52.5,0.000,0.754,0.840,0.6135,-0.0344,11.47,-1.20142,0.150,0.560,0.000,-1.0000,-0.7536,TRACKING,R+C
1786993458.569,52.5,0.000,0.754,0.845,0.6144,-0.0334,11.81,-1.16405,0.150,0.560,0.000,-1.0000,-0.7537,TRACKING,R+C
1786993458.580,52.5,0.000,0.753,0.843,0.6147,-0.0337,11.66,-1.17411,0.150,0.560,0.000,-1.0000,-0.7537,TRACKING,R+C
1786993458.600,52.5,0.000,0.755,0.846,0.6177,-0.0380,11.01,-1.24532,0.150,0.560,0.000,-1.0000,-0.7540,TRACKING,R+C
1786993458.621,52.5,0.000,0.756,0.828,0.6242,-0.0435,11.74,-1.14983,0.150,0.560,0.000,-1.0000,-0.7544,TRACKING,R+C
1786993458.642,52.5,0.000,0.756,0.828,0.6242,-0.0348,9.39,-0.91986,0.150,0.560,0.000,-1.0000,-0.7544,TRACKING,prediction
1786993458.662,52.5,0.000,0.756,0.828,0.6242,-0.0278,7.51,-0.73589,0.150,0.560,0.000,-1.0000,-0.7544,TRACKING,prediction
1786993458.682,52.5,0.000,0.756,0.828,0.6242,-0.0223,6.01,-0.58871,0.150,0.560,0.000,-1.0000,-0.7544,TRACKING,prediction
1786993458.703,52.5,0.000,0.756,0.828,0.6242,-0.0178,4.81,-0.47097,0.150,0.560,0.000,-1.0000,-0.7544,TRACKING,prediction
1786993458.724,52.5,0.000,0.756,0.828,0.6242,-0.0143,3.85,-0.37678,0.150,0.560,0.000,-1.0000,-0.7544,TRACKING,prediction
1786993458.744,52.5,0.000,0.756,0.828,0.6242,-0.0114,3.08,-0.30142,0.150,0.560,0.000,-1.0000,-0.7544,TRACKING,prediction
1786993458.764,52.5,0.000,0.756,0.828,0.6242,-0.0091,2.46,-0.24114,0.150,0.560,0.000,-1.0000,-0.7544,TRACKING,prediction
1786993458.787,52.5,0.000,0.756,0.828,0.6242,-0.0073,1.97,-0.19291,0.150,0.560,0.000,-1.0000,-0.7544,TRACKING,prediction
1786993458.795,52.5,0.000,0.756,0.828,0.6242,-0.0058,1.58,-0.15433,0.150,0.560,0.000,-1.0000,-0.7544,TRACKING,prediction
1786993458.817,52.5,0.000,0.756,0.828,0.6242,-0.0047,1.26,-0.12346,0.150,0.551,0.000,-1.0000,-0.7545,TRACKING,prediction
1786993458.836,52.5,0.000,0.756,0.828,0.6242,-0.0037,1.01,-0.09877,0.150,0.537,0.000,-1.0000,-0.7594,TRACKING,prediction
1786993458.857,52.5,0.000,0.756,0.828,0.6242,-0.0030,0.81,-0.07902,0.150,0.520,0.000,-1.0000,-0.7679,TRACKING,prediction
1786993458.877,52.5,0.000,0.756,0.828,0.6242,-0.0024,0.65,-0.06321,0.150,0.500,0.000,-1.0000,-0.7789,TRACKING,prediction
1786993458.900,52.5,0.000,0.756,0.828,0.6242,-0.0019,0.52,-0.05057,0.150,0.480,0.000,-1.0000,-0.7913,UNCERTAIN,prediction
1786993458.925,52.5,0.000,0.779,0.849,0.6098,-0.0566,11.07,-0.87028,0.150,0.484,0.000,-1.0000,-0.8044,TRACKING,R+C
1786993458.956,52.5,0.000,0.789,0.855,0.6025,-0.0544,11.44,-0.79358,0.150,0.495,0.000,-1.0000,-0.8039,TRACKING,R+C
1786993458.967,52.5,0.000,0.794,0.851,0.5992,-0.0537,10.92,-0.83945,0.150,0.498,0.000,-1.0000,-0.7978,TRACKING,R+C
1786993458.998,52.5,0.000,0.772,0.841,0.5963,-0.0564,9.61,-0.95031,0.150,0.501,0.000,-1.0000,-0.7951,TRACKING,R+C
1786993459.018,52.5,0.000,0.795,0.841,0.5994,-0.0593,10.66,-0.79120,0.150,0.504,0.000,-1.0000,-0.7931,TRACKING,R+C
1786993459.039,52.5,0.000,0.795,0.841,0.5994,-0.0474,8.53,-0.63296,0.150,0.507,0.000,-1.0000,-0.7911,TRACKING,prediction
1786993459.061,52.5,0.000,0.795,0.841,0.5994,-0.0379,6.82,-0.50637,0.150,0.510,0.000,-1.0000,-0.7893,TRACKING,prediction
1786993459.080,50.5,0.000,0.765,0.846,0.6084,-0.0836,8.36,-0.97295,0.150,0.512,0.000,-1.0000,-0.7889,TRACKING,R+C
1786993459.101,50.5,0.000,0.765,0.846,0.6084,-0.0669,6.68,-0.77836,0.150,0.522,0.000,-1.0000,-0.7872,TRACKING,prediction
1786993459.122,50.5,0.000,0.765,0.846,0.6084,-0.0535,5.35,-0.62269,0.150,0.530,0.000,-1.0000,-0.7817,TRACKING,prediction
1786993459.141,50.5,0.000,0.812,0.831,0.6146,-0.0972,10.82,-0.66612,0.150,0.539,0.000,-1.0000,-0.7768,TRACKING,R+C
1786993459.162,50.5,0.000,0.819,0.820,0.6194,-0.1066,9.11,-0.81135,0.150,0.547,0.000,-1.0000,-0.7718,TRACKING,R+C
1786993459.184,50.5,0.000,0.819,0.820,0.6194,-0.0853,7.29,-0.64908,0.150,0.555,0.000,-1.0000,-0.7665,TRACKING,prediction
1786993459.203,50.5,0.000,0.819,0.820,0.6194,-0.0682,5.83,-0.51927,0.150,0.562,0.000,-1.0000,-0.7614,TRACKING,prediction
1786993459.224,50.5,0.000,0.819,0.820,0.6194,-0.0546,4.66,-0.41541,0.150,0.569,0.000,-1.0000,-0.7566,TRACKING,prediction
1786993459.234,50.5,0.000,0.819,0.820,0.6194,-0.0437,3.73,-0.33233,0.150,0.575,0.000,-1.0000,-0.7520,TRACKING,prediction
1786993459.255,50.5,0.000,0.819,0.820,0.6194,-0.0349,2.98,-0.26586,0.150,0.582,0.000,-1.0000,-0.7477,TRACKING,prediction
1786993459.275,50.5,0.000,0.819,0.820,0.6194,-0.0279,2.39,-0.21269,0.150,0.588,0.000,-1.0000,-0.7436,TRACKING,prediction
1786993459.296,50.5,0.000,0.819,0.820,0.6194,-0.0224,1.91,-0.17015,0.150,0.593,0.000,-1.0000,-0.7396,TRACKING,prediction
1786993459.318,50.5,0.000,0.819,0.820,0.6194,-0.0179,1.53,-0.13612,0.150,0.598,0.000,-1.0000,-0.7359,TRACKING,prediction
1786993459.334,50.5,0.000,0.850,0.821,0.5849,-0.1065,7.20,-0.67048,0.150,0.604,0.000,-1.0000,-0.7313,TRACKING,R+C
1786993459.349,50.5,0.000,0.850,0.821,0.5849,-0.0852,5.76,-0.53639,0.150,0.608,0.000,-1.0000,-0.7279,TRACKING,prediction
1786993459.378,50.5,0.000,0.848,0.832,0.5730,-0.1002,6.59,-0.66745,0.150,0.613,0.000,-1.0000,-0.7240,TRACKING,R+C
1786993459.398,50.5,0.000,0.848,0.837,0.5694,-0.0961,6.60,-0.63288,0.150,0.617,0.000,-1.0000,-0.7205,TRACKING,R+C
1786993459.418,50.5,0.000,0.837,0.836,0.5633,-0.0939,5.25,-0.73049,0.150,0.621,0.000,-1.0000,-0.7173,TRACKING,R+C
1786993459.439,50.5,0.000,0.831,0.843,0.5591,-0.0902,4.92,-0.72435,0.150,0.625,0.000,-1.0000,-0.7141,TRACKING,R+C
1786993459.459,50.5,0.000,0.823,0.850,0.5517,-0.0880,3.25,-0.83473,0.150,0.629,0.000,-1.0000,-0.7111,TRACKING,R+C
1786993459.480,50.5,0.000,0.815,0.853,0.5519,-0.0812,3.73,-0.78391,0.150,0.633,0.000,-1.0000,-0.7081,TRACKING,R+C
1786993459.494,50.5,0.000,0.815,0.853,0.5519,-0.0650,2.98,-0.62713,0.150,0.636,0.000,-1.0000,-0.7057,TRACKING,prediction
1786993459.505,50.5,0.000,0.812,0.874,0.5445,-0.0711,3.34,-0.76854,0.150,0.639,0.000,-1.0000,-0.7025,TRACKING,R+C
1786993459.532,50.5,0.000,0.810,0.882,0.5420,-0.0648,3.51,-0.72857,0.150,0.642,0.000,-1.0000,-0.6998,TRACKING,R+C
1786993459.559,50.5,0.000,0.810,0.882,0.5370,-0.0593,3.23,-0.73997,0.150,0.645,0.000,-1.0000,-0.6972,TRACKING,R+C
1786993459.579,50.5,0.000,0.807,0.890,0.5301,-0.0535,2.84,-0.75582,0.150,0.648,0.000,-0.9657,-0.6752,TRACKING,R+C
1786993459.600,50.5,0.000,0.809,0.890,0.5231,-0.0476,2.43,-0.76694,0.150,0.650,0.000,-0.9000,-0.6324,TRACKING,R+C
1786993459.623,50.5,0.000,0.809,0.890,0.5231,-0.0381,1.94,-0.61356,0.150,0.653,0.000,-0.9000,-0.6248,TRACKING,prediction
1786993459.642,50.5,0.000,0.809,0.890,0.5231,-0.0305,1.55,-0.49084,0.150,0.655,0.000,-0.9000,-0.6223,TRACKING,prediction
1786993459.663,50.5,0.000,0.809,0.890,0.5231,-0.0244,1.24,-0.39268,0.150,0.658,0.000,-0.9000,-0.6208,TRACKING,prediction
1786993459.682,50.5,0.000,0.809,0.890,0.5231,-0.0195,0.99,-0.31414,0.150,0.660,0.000,-0.9000,-0.6194,TRACKING,prediction
1786993459.703,50.5,0.363,0.802,0.927,0.4323,-0.0116,2.64,-0.71858,0.150,0.662,0.000,-0.4378,-0.3518,TRACKING,L+C+R_fused
1786993459.726,50.5,0.930,0.814,0.901,0.5109,-0.0049,2.69,-0.70822,0.150,0.664,0.000,-0.3310,-0.2499,TRACKING,L+C+R_fused
1786993459.748,50.5,0.920,0.815,0.907,0.5164,-0.0007,2.57,-0.71702,0.150,0.665,0.000,-0.2560,-0.1909,TRACKING,L+C+R_fused
1786993459.763,50.5,0.958,0.816,0.919,0.5002,0.0011,2.28,-0.73880,0.150,0.667,0.000,-0.2175,-0.1597,TRACKING,L+C+R_fused
1786993459.783,50.5,0.934,0.808,0.918,0.4942,0.0015,2.75,-0.71346,0.150,0.669,0.000,-0.2258,-0.1596,TRACKING,L+C+R_fused
1786993459.803,50.5,0.961,0.806,0.916,0.4989,-0.0008,3.15,-0.69420,0.150,0.670,0.000,-0.2784,-0.1897,TRACKING,L+C+R_fused
1786993459.824,50.5,0.960,0.804,0.908,0.4993,-0.0040,3.42,-0.69028,0.150,0.672,0.000,-0.3426,-0.2309,TRACKING,L+C+R_fused
1786993459.845,50.5,0.960,0.806,0.900,0.5017,-0.0067,3.53,-0.70204,0.150,0.673,0.000,-0.3930,-0.2657,TRACKING,L+C+R_fused
1786993459.865,50.5,0.962,0.804,0.901,0.5175,-0.0092,3.59,-0.71161,0.150,0.675,0.000,-0.4372,-0.2958,TRACKING,L+C+R_fused
1786993459.886,50.5,0.914,0.808,0.909,0.5133,-0.0101,3.90,-0.69295,0.150,0.676,0.000,-0.4614,-0.3137,TRACKING,L+C+R_fused
1786993459.907,50.5,0.904,0.805,0.900,0.5143,-0.0102,3.91,-0.70243,0.150,0.677,0.000,-0.4637,-0.3174,TRACKING,L+C+R_fused
1786993459.927,50.5,0.959,0.807,0.904,0.5284,-0.0089,3.97,-0.70319,0.150,0.678,0.000,-0.4458,-0.3074,TRACKING,L+C+R_fused
1786993459.947,50.5,0.959,0.803,0.903,0.5236,-0.0086,3.74,-0.73255,0.150,0.679,0.000,-0.4373,-0.3008,TRACKING,L+C+R_fused
1786993459.967,50.5,0.954,0.803,0.884,0.5267,-0.0129,2.71,-0.80965,0.150,0.680,0.000,-0.4757,-0.3214,TRACKING,L+C+R_fused
1786993459.988,50.5,0.949,0.796,0.891,0.5320,-0.0147,3.51,-0.77434,0.150,0.681,0.000,-0.5280,-0.3539,TRACKING,L+C+R_fused
1786993459.998,50.5,0.933,0.795,0.893,0.5230,-0.0190,3.39,-0.80213,0.150,0.682,0.000,-0.5894,-0.3931,TRACKING,L+C+R_fused
1786993460.019,50.5,0.953,0.802,0.894,0.4918,-0.0212,3.33,-0.83330,0.150,0.683,0.000,-0.6229,-0.4176,TRACKING,L+C+R_fused
1786993460.039,50.5,0.953,0.802,0.894,0.4918,-0.0170,2.67,-0.66664,0.150,0.684,0.000,-0.6229,-0.4209,TRACKING,prediction
1786993460.060,50.5,0.949,0.798,0.892,0.4992,-0.0194,3.40,-0.85306,0.150,0.685,0.000,-0.6037,-0.4104,TRACKING,L+C+R_fused
1786993460.081,50.0,0.954,0.796,0.892,0.5162,-0.0157,3.06,-0.88834,0.150,0.686,0.000,-0.5434,-0.3746,TRACKING,L+C+R_fused
1786993460.101,50.0,0.953,0.806,0.893,0.5206,-0.0137,2.42,-0.93881,0.150,0.686,0.000,-0.4977,-0.3434,TRACKING,L+C+R_fused
1786993460.123,50.0,0.953,0.806,0.893,0.5206,-0.0110,1.94,-0.75105,0.150,0.687,0.000,-0.4977,-0.3386,TRACKING,prediction
1786993460.137,50.0,0.953,0.806,0.893,0.5206,-0.0088,1.55,-0.60084,0.150,0.688,0.000,-0.4977,-0.3377,TRACKING,prediction
1786993460.151,50.0,0.957,0.806,0.892,0.4996,-0.0077,3.76,-0.88807,0.150,0.688,0.000,-0.4504,-0.3109,TRACKING,L+C+R_fused
1786993460.172,50.0,0.948,0.803,0.897,0.4874,-0.0035,3.71,-0.90915,0.150,0.689,0.000,-0.3837,-0.2694,TRACKING,L+C+R_fused
1786993460.192,50.0,0.915,0.788,0.895,0.4755,0.0019,3.12,-0.99607,0.150,0.689,0.000,-0.2856,-0.2081,TRACKING,L+C+R_fused
1786993460.213,50.0,0.950,0.787,0.894,0.4825,0.0081,2.75,-1.01678,0.150,0.690,0.000,-0.1662,-0.1315,TRACKING,L+C+R_fused
1786993460.233,50.0,0.949,0.800,0.905,0.4821,0.0144,2.65,-1.00457,0.150,0.690,0.000,-0.0484,-0.0535,TRACKING,L+C+R_fused
1786993460.255,50.0,0.788,0.792,0.904,0.4777,0.0243,4.05,-0.89736,0.150,0.691,0.000,0.0845,0.0338,TRACKING,L+C+R_fused
1786993460.261,50.0,0.806,0.783,0.915,0.4806,0.0312,3.20,-0.98959,0.150,0.691,0.000,0.2265,0.1275,TRACKING,L+C+R_fused
1786993460.282,50.0,0.910,0.785,0.908,0.4812,0.0392,3.20,-0.99181,0.150,0.692,0.000,0.3593,0.2171,TRACKING,L+C+R_fused
1786993460.304,50.0,0.881,0.787,0.914,0.4803,0.0458,2.97,-1.02998,0.150,0.692,0.000,0.4673,0.2918,TRACKING,L+C+R_fused
1786993460.324,50.0,0.756,0.791,0.828,0.4684,0.0504,2.82,-1.05482,0.150,0.693,0.000,0.5382,0.3432,TRACKING,L+C+R_fused
1786993460.344,50.0,0.757,0.794,0.744,0.4679,0.0533,2.99,-1.04162,0.150,0.693,0.000,0.5770,0.3729,TRACKING,L+C+R_fused
1786993460.366,50.0,0.844,0.791,0.892,0.4791,0.0548,2.99,-1.05406,0.150,0.693,0.000,0.5966,0.3882,TRACKING,L+C+R_fused
1786993460.388,50.0,0.837,0.780,0.343,0.5033,0.0590,3.24,-1.05005,0.150,0.694,0.000,0.6455,0.4180,TRACKING,L+C+R_fused
1786993460.409,50.0,0.829,0.769,0.845,0.4839,0.0664,3.82,-1.02537,0.150,0.694,0.000,0.7247,0.4669,TRACKING,L+C+R_fused
1786993460.430,50.0,0.789,0.770,0.920,0.4798,0.0732,3.71,-1.05192,0.150,0.694,0.000,0.8066,0.5202,TRACKING,L+C+R_fused
1786993460.451,50.0,0.812,0.773,0.927,0.4821,0.0797,4.28,-1.00512,0.150,0.695,0.000,0.8664,0.5616,TRACKING,L+C+R_fused
1786993460.471,50.0,0.807,0.779,0.665,0.4838,0.0828,4.46,-1.01996,0.150,0.695,0.000,0.8924,0.5822,TRACKING,L+C+R_fused
1786993460.492,50.0,0.814,0.781,0.842,0.4857,0.0834,4.80,-1.01454,0.150,0.695,0.000,0.8903,0.5838,TRACKING,L+C+R_fused
1786993460.505,50.0,0.782,0.767,0.718,0.4857,0.0796,4.38,-1.08147,0.150,0.695,0.000,0.8546,0.5638,TRACKING,L+C+R_fused
1786993460.523,50.0,0.745,0.756,0.904,0.4840,0.0761,4.80,-1.07602,0.150,0.696,0.000,0.8043,0.5323,TRACKING,L+C+R_fused
1786993460.533,50.0,0.719,0.731,0.855,0.4860,0.0756,6.29,-0.99976,0.150,0.696,0.000,0.7626,0.5040,TRACKING,L+C+R_fused
1786993460.562,50.0,0.904,0.731,0.774,0.4887,0.0729,7.14,-0.95272,0.150,0.696,0.000,0.7089,0.4695,TRACKING,L+C+R_fused
1786993460.583,50.0,0.698,0.715,0.680,0.4678,0.0702,7.71,-0.94629,0.150,0.696,0.000,0.6545,0.4335,TRACKING,L+C+R_fused
1786993460.603,50.0,0.698,0.715,0.680,0.4678,0.0561,6.17,-0.75703,0.150,0.696,0.000,0.6545,0.4281,TRACKING,prediction
1786993460.624,50.0,0.796,0.718,0.888,0.4590,0.0644,8.06,-0.98257,0.150,0.697,0.000,0.5568,0.3710,TRACKING,L+C+R_fused
1786993460.637,50.0,0.748,0.700,0.893,0.4580,0.0615,8.85,-0.94953,0.150,0.697,0.000,0.4863,0.3223,TRACKING,L+C+R_fused
1786993460.655,50.0,0.000,0.721,0.863,0.4698,0.0556,6.71,-1.19392,0.150,0.697,0.000,0.4424,0.2895,TRACKING,R+C
1786993460.675,50.0,0.000,0.727,0.865,0.4765,0.0548,9.38,-0.97299,0.150,0.697,0.000,0.3550,0.2352,TRACKING,R+C
1786993460.696,50.0,0.000,0.754,0.865,0.4859,0.0497,7.74,-1.18083,0.150,0.697,0.000,0.3060,0.1987,TRACKING,R+C
1786993460.716,50.0,0.000,0.761,0.868,0.4910,0.0476,8.32,-1.15416,0.150,0.697,0.000,0.2489,0.1609,TRACKING,R+C
1786993460.736,50.0,0.000,0.761,0.868,0.4910,0.0381,6.65,-0.92333,0.150,0.697,0.000,0.2489,0.1553,TRACKING,prediction
1786993460.757,50.0,0.000,0.701,0.866,0.4936,0.0516,11.85,-0.85079,0.150,0.698,0.000,0.2109,0.1334,TRACKING,R+C
1786993460.777,50.0,0.000,0.739,0.855,0.4965,0.0491,6.71,-1.40926,0.150,0.698,0.000,0.3000,0.1792,TRACKING,R+C
1786993460.789,50.0,0.000,0.755,0.856,0.4997,0.0545,7.53,-1.39054,0.150,0.698,0.000,0.3574,0.2184,TRACKING,R+C
1786993460.818,50.0,0.000,0.755,0.857,0.4911,0.0571,8.02,-1.35622,0.150,0.698,0.000,0.3835,0.2390,TRACKING,R+C
1786993460.839,50.0,0.000,0.747,0.861,0.4910,0.0560,8.25,-1.36757,0.150,0.698,0.000,0.3540,0.2251,TRACKING,R+C
1786993460.859,50.0,0.000,0.740,0.861,0.5050,0.0515,8.21,-1.42670,0.150,0.698,0.000,0.2706,0.1754,TRACKING,R+C
1786993460.869,50.0,0.000,0.736,0.853,0.5069,0.0465,8.45,-1.45483,0.150,0.698,0.000,0.1681,0.1097,TRACKING,R+C
1786993460.892,50.0,0.000,0.736,0.853,0.5069,0.0372,6.76,-1.16386,0.150,0.698,0.000,0.1681,0.1001,TRACKING,prediction
1786993460.913,50.0,0.000,0.736,0.853,0.5069,0.0298,5.41,-0.93109,0.150,0.698,0.000,0.1681,0.0986,TRACKING,prediction
1786993460.927,50.0,0.000,0.736,0.853,0.5069,0.0238,4.33,-0.74487,0.150,0.698,0.000,0.1681,0.0984,TRACKING,prediction
1786993460.938,50.0,0.000,0.737,0.837,0.5462,0.0295,11.25,-1.29852,0.150,0.699,0.000,-0.2358,-0.1289,TRACKING,R+C
1786993460.958,50.0,0.000,0.746,0.828,0.5512,0.0288,11.36,-1.31937,0.150,0.699,0.000,-0.2567,-0.1737,TRACKING,R+C
1786993460.979,50.0,0.000,0.706,0.818,0.5512,0.0311,14.27,-1.04838,0.150,0.699,0.000,-0.3042,-0.2063,TRACKING,R+C
1786993460.999,50.0,0.000,0.703,0.815,0.5599,0.0311,15.69,-0.90629,0.150,0.699,0.000,-0.3443,-0.2332,TRACKING,R+C
1786993461.013,50.0,0.000,0.733,0.818,0.5642,0.0217,11.44,-1.43232,0.150,0.657,0.000,-0.3985,-0.2683,TRACKING,R+C
1786993461.030,50.0,0.000,0.733,0.818,0.5642,0.0174,9.15,-1.14585,0.150,0.659,0.000,-0.3985,-0.2835,TRACKING,prediction
1786993461.051,50.0,0.000,0.733,0.818,0.5642,0.0139,7.32,-0.91668,0.150,0.661,0.000,-0.3985,-0.2851,TRACKING,prediction
1786993461.071,50.0,0.000,0.682,0.810,0.5910,0.0209,24.62,-0.03910,0.196,0.631,0.000,-0.6438,-0.4237,TRACKING,R+C
1786993461.091,52.5,0.000,0.683,0.812,0.5832,0.0225,25.62,0.03672,0.196,0.610,0.000,-0.6478,-0.4580,TRACKING,R+C
1786993461.101,52.5,0.000,0.681,0.805,0.5840,0.0249,26.24,0.06795,0.193,0.595,0.000,-0.6598,-0.4781,TRACKING,R+C
1786993461.125,52.5,0.000,0.681,0.805,0.5840,0.0199,20.99,0.05436,0.193,0.584,0.000,-0.6598,-0.4868,TRACKING,prediction
1786993461.145,52.5,0.000,0.672,0.810,0.5943,0.0274,27.71,0.13615,0.186,0.577,0.000,-0.5029,-0.3976,TRACKING,R+C
1786993461.155,52.5,0.000,0.672,0.822,0.6040,0.0240,28.11,0.15982,0.184,0.572,0.000,-0.5569,-0.4199,TRACKING,R+C
1786993461.176,52.5,0.000,0.713,0.817,0.6146,0.0046,12.60,-1.78159,0.150,0.568,0.000,-0.7416,-0.5409,TRACKING,R+C
1786993461.188,52.5,0.000,0.720,0.820,0.6249,-0.0005,12.88,-1.76589,0.150,0.566,0.000,-0.8100,-0.6020,TRACKING,R+C
1786993461.210,52.5,0.000,0.720,0.820,0.6249,-0.0004,10.30,-1.41271,0.150,0.564,0.000,-0.8100,-0.6122,TRACKING,prediction
1786993461.232,52.5,0.000,0.720,0.820,0.6249,-0.0003,8.24,-1.13017,0.150,0.563,0.000,-0.8100,-0.6146,TRACKING,prediction
1786993461.248,52.5,0.000,0.720,0.820,0.6249,-0.0003,6.59,-0.90413,0.150,0.562,0.000,-0.8100,-0.6155,TRACKING,prediction
1786993461.269,52.5,0.000,0.720,0.820,0.6249,-0.0002,5.28,-0.72331,0.150,0.561,0.000,-0.8100,-0.6160,TRACKING,prediction
1786993461.289,52.5,0.000,0.720,0.820,0.6249,-0.0002,4.22,-0.57865,0.150,0.561,0.000,-0.8100,-0.6164,TRACKING,prediction
1786993461.299,52.5,0.000,0.727,0.821,0.6312,0.0065,22.16,-0.69907,0.150,0.561,0.000,-0.8958,-0.6686,TRACKING,R+C
1786993461.316,52.5,0.000,0.727,0.821,0.6312,0.0052,17.73,-0.55925,0.150,0.560,0.000,-0.8958,-0.6766,TRACKING,prediction
1786993461.335,52.5,0.000,0.734,0.815,0.6330,0.0080,24.59,-0.39679,0.160,0.560,0.000,-0.8354,-0.6408,TRACKING,R+C
1786993461.355,52.5,0.000,0.734,0.821,0.6304,0.0082,25.45,-0.26255,0.174,0.560,0.000,-0.7453,-0.5802,TRACKING,R+C
1786993461.368,52.5,0.000,0.743,0.815,0.6282,0.0086,26.38,-0.12369,0.188,0.560,0.000,-0.6640,-0.5211,TRACKING,R+C
1786993461.388,52.5,0.000,0.742,0.812,0.6363,0.0073,26.69,-0.04264,0.196,0.560,0.000,-0.8076,-0.6000,TRACKING,R+C
1786993461.402,52.5,0.000,0.739,0.810,0.6452,0.0041,26.30,-0.01184,0.199,0.560,0.000,-0.7943,-0.6037,TRACKING,R+C
1786993461.425,52.5,0.000,0.739,0.810,0.6452,0.0033,21.04,-0.00947,0.199,0.560,0.000,-0.7943,-0.6043,TRACKING,prediction
1786993461.444,52.5,0.000,0.741,0.803,0.6637,-0.0107,25.12,0.03957,0.196,0.560,0.000,-0.8667,-0.6493,TRACKING,R+C
1786993461.464,52.5,0.000,0.741,0.803,0.6637,-0.0086,20.10,0.03166,0.196,0.560,0.000,-0.8667,-0.6559,TRACKING,prediction
1786993461.474,52.5,0.000,0.741,0.803,0.6637,-0.0069,16.08,0.02532,0.196,0.560,0.000,-0.8667,-0.6569,TRACKING,prediction
1786993461.494,52.5,0.000,0.741,0.803,0.6637,-0.0055,12.86,0.02026,0.196,0.560,0.000,-0.8667,-0.6571,TRACKING,prediction
1786993461.514,52.5,0.000,0.741,0.803,0.6637,-0.0044,10.29,0.01621,0.196,0.560,0.000,-0.8667,-0.6571,TRACKING,prediction
1786993461.534,52.5,0.000,0.741,0.803,0.6637,-0.0035,8.23,0.01297,0.196,0.560,0.000,-0.8667,-0.6571,TRACKING,prediction
1786993461.555,52.5,0.000,0.741,0.803,0.6637,-0.0028,6.59,0.01037,0.196,0.560,0.000,-0.8667,-0.6571,TRACKING,prediction
1786993461.578,52.5,0.000,0.741,0.803,0.6637,-0.0023,5.27,0.00830,0.196,0.560,0.000,-0.8667,-0.6571,TRACKING,prediction
1786993461.599,52.5,0.000,0.741,0.803,0.6637,-0.0018,4.22,0.00664,0.196,0.560,0.000,-0.8667,-0.6571,TRACKING,prediction
1786993461.615,52.5,0.000,0.741,0.803,0.6637,-0.0014,3.37,0.00531,0.196,0.555,0.000,-0.8667,-0.6571,TRACKING,prediction
1786993461.643,52.5,0.000,0.741,0.803,0.6637,-0.0012,2.70,0.00425,0.196,0.544,0.000,-0.8667,-0.6594,TRACKING,prediction
1786993461.664,52.5,0.000,0.741,0.803,0.6637,-0.0009,2.16,0.00340,0.196,0.528,0.000,-0.8667,-0.6653,TRACKING,prediction
1786993461.681,52.5,0.000,0.852,0.785,0.6416,-0.0954,12.65,-0.00282,0.200,0.530,0.000,-1.0000,-0.7596,TRACKING,R+C
1786993461.701,52.5,0.000,0.852,0.785,0.6416,-0.0763,10.12,-0.00225,0.200,0.532,0.000,-1.0000,-0.7724,TRACKING,prediction
1786993461.722,52.5,0.000,0.852,0.785,0.6416,-0.0610,8.10,-0.00180,0.200,0.533,0.000,-1.0000,-0.7735,TRACKING,prediction
1786993461.744,52.5,0.000,0.852,0.785,0.6416,-0.0488,6.48,-0.00144,0.200,0.534,0.000,-1.0000,-0.7729,TRACKING,prediction
1786993461.764,52.5,0.000,0.852,0.785,0.6416,-0.0391,5.18,-0.00115,0.200,0.543,0.000,-1.0000,-0.7720,TRACKING,prediction
1786993461.776,52.5,0.000,0.807,0.791,0.6103,-0.1011,9.60,-0.04988,0.195,0.543,0.000,-1.0000,-0.7668,TRACKING,R+C
1786993461.797,52.5,0.000,0.809,0.800,0.6020,-0.0977,8.96,-0.02745,0.197,0.551,0.000,-1.0000,-0.7652,TRACKING,R+C
1786993461.816,52.5,0.000,0.809,0.800,0.6020,-0.0782,7.17,-0.02196,0.197,0.559,0.000,-1.0000,-0.7606,TRACKING,prediction
1786993461.836,52.5,0.000,0.796,0.810,0.5865,-0.0894,7.35,-0.06414,0.194,0.566,0.000,-0.9721,-0.7377,TRACKING,R+C
1786993461.856,52.5,0.000,0.793,0.813,0.5803,-0.0845,6.76,-0.07694,0.192,0.572,0.000,-0.9436,-0.7127,TRACKING,R+C
1786993461.876,52.5,0.000,0.799,0.816,0.5726,-0.0794,6.34,-0.07654,0.192,0.579,0.000,-0.9048,-0.6813,TRACKING,R+C
1786993461.896,52.5,0.000,0.779,0.822,0.5639,-0.0768,3.54,-0.32830,0.167,0.585,0.000,-0.9947,-0.7273,TRACKING,R+C
1786993461.918,52.5,0.000,0.779,0.822,0.5639,-0.0615,2.83,-0.26264,0.167,0.591,0.000,-0.9947,-0.7309,TRACKING,prediction
1786993461.935,52.5,0.000,0.779,0.833,0.5465,-0.0654,2.05,-0.39056,0.161,0.596,0.000,-0.9306,-0.6885,TRACKING,R+C
1786993461.956,52.5,0.000,0.754,0.835,0.5369,-0.0610,-0.39,-0.61107,0.150,0.601,0.000,-0.9454,-0.6878,TRACKING,R+C
1786993461.970,52.5,0.000,0.756,0.850,0.5284,-0.0543,-1.06,-0.66422,0.150,0.606,0.000,-0.8680,-0.6381,TRACKING,R+C
1786993461.990,52.5,0.000,0.740,0.849,0.5227,-0.0499,-2.85,-0.84686,0.150,0.611,0.000,-0.7910,-0.5820,TRACKING,R+C
1786993462.010,52.5,0.000,0.697,0.850,0.5140,-0.0521,-8.79,-1.36362,0.150,0.615,0.000,-0.7050,-0.5205,TRACKING,R+C
1786993462.028,52.5,0.000,0.722,0.866,0.5121,-0.0496,-8.40,-1.34309,0.150,0.620,0.000,-0.6817,-0.4955,TRACKING,R+C
1786993462.059,52.5,0.000,0.710,0.857,0.5125,-0.0480,-8.49,-1.40982,0.150,0.624,0.000,-0.6674,-0.4818,TRACKING,R+C
1786993462.072,52.5,0.000,0.718,0.859,0.5114,-0.0467,-8.66,-1.45559,0.150,0.627,0.000,-0.6512,-0.4687,TRACKING,R+C
1786993462.085,52.5,0.000,0.732,0.868,0.5119,-0.0445,-8.68,-1.48738,0.150,0.631,0.000,-0.6254,-0.4501,TRACKING,R+C
1786993462.100,53.5,0.000,0.734,0.867,0.5093,-0.0392,-8.87,-1.53578,0.150,0.635,0.000,-0.5525,-0.4029,TRACKING,R+C
1786993462.121,53.5,0.000,0.744,0.878,0.5061,-0.0348,-10.62,-1.69645,0.150,0.638,0.000,-0.4474,-0.3331,TRACKING,R+C
1786993462.141,53.5,0.000,0.751,0.879,0.5034,-0.0270,-9.45,-1.68230,0.150,0.641,0.000,-0.3658,-0.2738,TRACKING,R+C
1786993462.162,53.5,0.000,0.756,0.880,0.5017,-0.0229,-9.21,-1.75600,0.150,0.644,0.000,-0.3214,-0.2386,TRACKING,R+C
1786993462.182,53.5,0.000,0.765,0.884,0.5041,-0.0193,-8.25,-1.75478,0.150,0.647,0.000,-0.2996,-0.2202,TRACKING,R+C
1786993462.203,53.5,0.000,0.765,0.882,0.5034,-0.0152,-7.76,-1.80120,0.150,0.649,0.000,-0.2587,-0.1933,TRACKING,R+C
1786993462.215,53.5,0.000,0.769,0.879,0.5039,-0.0103,-6.35,-1.75677,0.150,0.652,0.000,-0.2254,-0.1695,TRACKING,R+C
1786993462.234,53.5,0.000,0.771,0.875,0.5040,-0.0084,-6.80,-1.85187,0.150,0.654,0.000,-0.1903,-0.1456,TRACKING,R+C
1786993462.247,53.5,0.000,0.764,0.875,0.5089,-0.0039,-4.08,-1.73456,0.150,0.657,0.000,-0.2075,-0.1518,TRACKING,R+C
1786993462.265,53.5,0.000,0.765,0.880,0.5138,-0.0033,-2.82,-1.72799,0.150,0.659,0.000,-0.2486,-0.1767,TRACKING,R+C
1786993462.285,53.5,0.000,0.764,0.876,0.5199,-0.0017,-1.32,-1.66552,0.150,0.661,0.000,-0.2741,-0.1948,TRACKING,R+C
1786993462.305,53.5,0.000,0.768,0.872,0.5185,0.0005,-0.18,-1.65066,0.150,0.663,0.000,-0.2832,-0.2027,TRACKING,R+C
1786993462.317,53.5,0.000,0.768,0.870,0.5261,0.0027,0.54,-1.65834,0.150,0.665,0.000,-0.2775,-0.2005,TRACKING,R+C
1786993462.336,53.5,0.000,0.770,0.874,0.5287,0.0040,1.07,-1.64955,0.150,0.666,0.000,-0.2765,-0.1993,TRACKING,R+C
1786993462.356,53.5,0.000,0.762,0.871,0.5333,0.0053,3.19,-1.52910,0.150,0.668,0.000,-0.3245,-0.2265,TRACKING,R+C
1786993462.372,53.5,0.000,0.764,0.863,0.5445,0.0036,4.44,-1.47980,0.150,0.670,0.000,-0.3964,-0.2715,TRACKING,R+C
1786993462.393,53.5,0.000,0.769,0.865,0.5501,0.0030,5.73,-1.41822,0.150,0.671,0.000,-0.4491,-0.3079,TRACKING,R+C
1786993462.403,53.5,0.000,0.767,0.863,0.5532,0.0019,6.64,-1.37646,0.150,0.673,0.000,-0.4955,-0.3393,TRACKING,R+C
1786993462.423,53.5,0.000,0.773,0.860,0.5594,0.0038,7.98,-1.28478,0.150,0.674,0.000,-0.5062,-0.3496,TRACKING,R+C
1786993462.444,53.5,0.000,0.766,0.852,0.5574,0.0085,8.86,-1.23577,0.150,0.675,0.000,-0.4614,-0.3253,TRACKING,R+C
1786993462.464,53.5,0.000,0.771,0.861,0.5507,0.0131,10.12,-1.11428,0.150,0.641,0.000,-0.4220,-0.2989,TRACKING,R+C
1786993462.475,53.5,0.000,0.772,0.866,0.5529,0.0154,10.83,-1.07825,0.150,0.616,0.000,-0.4111,-0.2975,TRACKING,R+C
1786993462.495,53.5,0.000,0.769,0.865,0.5523,0.0150,11.44,-1.02117,0.150,0.600,0.000,-0.4330,-0.3163,TRACKING,R+C
1786993462.515,53.5,0.000,0.757,0.861,0.5597,0.0101,9.50,-1.29838,0.150,0.588,0.000,-0.4741,-0.3493,TRACKING,R+C
1786993462.536,53.5,0.000,0.767,0.868,0.5671,0.0030,7.65,-1.48780,0.150,0.579,0.000,-0.5367,-0.3960,TRACKING,R+C
1786993462.546,53.5,0.000,0.773,0.861,0.5765,0.0024,8.49,-1.41389,0.150,0.574,0.000,-0.5667,-0.4240,TRACKING,R+C
1786993462.556,53.5,0.000,0.772,0.861,0.5812,0.0024,9.43,-1.34033,0.150,0.569,0.000,-0.5909,-0.4450,TRACKING,R+C
1786993462.577,53.5,0.000,0.767,0.859,0.5879,0.0011,10.19,-1.28520,0.150,0.567,0.000,-0.6304,-0.4741,TRACKING,R+C
1786993462.597,53.5,0.000,0.761,0.850,0.5937,-0.0030,10.82,-1.27971,0.150,0.565,0.000,-0.7051,-0.5261,TRACKING,R+C
1786993462.617,53.5,0.000,0.761,0.843,0.5994,-0.0101,11.63,-1.20068,0.150,0.563,0.000,-0.8077,-0.5983,TRACKING,R+C
1786993462.628,53.5,0.000,0.758,0.838,0.6168,-0.0198,11.55,-1.21471,0.150,0.562,0.000,-0.9094,-0.6727,TRACKING,R+C
1786993462.659,53.5,0.000,0.757,0.825,0.6263,-0.0278,12.87,-1.11576,0.150,0.562,0.000,-1.0000,-0.7403,TRACKING,R+C
1786993462.680,53.5,0.000,0.763,0.834,0.6363,-0.0372,13.52,-1.05887,0.150,0.561,0.000,-1.0000,-0.7514,TRACKING,R+C
1786993462.701,53.5,0.000,0.763,0.834,0.6363,-0.0298,10.82,-0.84709,0.150,0.561,0.000,-1.0000,-0.7532,TRACKING,prediction
1786993462.722,53.5,0.000,0.763,0.834,0.6363,-0.0238,8.65,-0.67768,0.150,0.561,0.000,-1.0000,-0.7537,TRACKING,prediction
1786993462.741,53.5,0.000,0.763,0.834,0.6363,-0.0190,6.92,-0.54214,0.150,0.560,0.000,-1.0000,-0.7539,TRACKING,prediction
1786993462.761,53.5,0.000,0.763,0.834,0.6363,-0.0152,5.54,-0.43371,0.150,0.560,0.000,-1.0000,-0.7540,TRACKING,prediction
1786993462.782,53.5,0.000,0.808,0.810,0.6594,-0.0658,15.25,-0.73153,0.150,0.560,0.000,-1.0000,-0.7557,TRACKING,R+C
1786993462.803,53.5,0.000,0.808,0.810,0.6594,-0.0526,12.20,-0.58522,0.150,0.560,0.000,-1.0000,-0.7558,TRACKING,prediction
1786993462.823,53.5,0.000,0.808,0.810,0.6594,-0.0421,9.76,-0.46818,0.150,0.560,0.000,-1.0000,-0.7558,TRACKING,prediction
1786993462.833,53.5,0.000,0.817,0.811,0.6569,-0.0688,14.35,-0.69550,0.150,0.560,0.000,-1.0000,-0.7557,TRACKING,R+C
1786993462.854,53.5,0.000,0.817,0.811,0.6569,-0.0550,11.48,-0.55640,0.150,0.560,0.000,-1.0000,-0.7557,TRACKING,prediction
1786993462.874,53.5,0.000,0.817,0.811,0.6569,-0.0440,9.19,-0.44512,0.150,0.560,0.000,-1.0000,-0.7557,TRACKING,prediction
1786993462.895,53.5,0.000,0.817,0.811,0.6569,-0.0352,7.35,-0.35609,0.150,0.560,0.000,-1.0000,-0.7557,TRACKING,prediction
1786993462.916,53.5,0.000,0.813,0.812,0.6360,-0.0638,12.82,-0.76375,0.150,0.560,0.000,-1.0000,-0.7550,TRACKING,R+C
1786993462.935,53.5,0.000,0.823,0.814,0.6325,-0.0639,12.66,-0.73515,0.150,0.560,0.000,-1.0000,-0.7549,TRACKING,R+C
1786993462.948,53.5,0.000,0.834,0.821,0.6324,-0.0659,12.69,-0.72969,0.150,0.560,0.000,-1.0000,-0.7550,TRACKING,R+C
1786993462.978,53.5,0.000,0.834,0.821,0.6324,-0.0527,10.15,-0.58375,0.150,0.560,0.000,-1.0000,-0.7550,TRACKING,prediction
1786993462.998,53.5,0.000,0.834,0.821,0.6324,-0.0421,8.12,-0.46700,0.150,0.560,0.000,-1.0000,-0.7550,TRACKING,prediction
1786993463.019,53.5,0.000,0.834,0.821,0.6324,-0.0337,6.50,-0.37360,0.150,0.560,0.000,-1.0000,-0.7550,TRACKING,prediction
1786993463.040,53.5,0.000,0.834,0.821,0.6324,-0.0270,5.20,-0.29888,0.150,0.560,0.000,-1.0000,-0.7550,TRACKING,prediction
1786993463.050,53.5,0.000,0.845,0.819,0.6456,-0.0997,12.60,-0.56865,0.150,0.560,0.000,-1.0000,-0.7570,TRACKING,R+C
1786993463.071,53.5,0.000,0.844,0.815,0.6454,-0.1019,12.20,-0.58651,0.150,0.560,0.000,-1.0000,-0.7570,TRACKING,R+C
1786993463.083,53.5,0.000,0.844,0.815,0.6454,-0.0815,9.76,-0.46921,0.150,0.560,0.000,-1.0000,-0.7570,TRACKING,prediction
1786993463.102,53.9,0.000,0.844,0.815,0.6454,-0.0652,7.81,-0.37537,0.150,0.560,0.000,-1.0000,-0.7570,TRACKING,prediction
1786993463.116,53.9,0.000,0.844,0.815,0.6454,-0.0521,6.25,-0.30029,0.150,0.560,0.000,-1.0000,-0.7570,TRACKING,prediction
1786993463.133,53.9,0.000,0.844,0.815,0.6454,-0.0417,5.00,-0.24023,0.150,0.560,0.000,-1.0000,-0.7570,TRACKING,prediction
1786993463.143,53.9,0.000,0.844,0.815,0.6454,-0.0334,4.00,-0.19219,0.150,0.560,0.000,-1.0000,-0.7570,TRACKING,prediction
1786993463.153,53.9,0.000,0.844,0.815,0.6454,-0.0267,3.20,-0.15375,0.150,0.560,0.000,-1.0000,-0.7570,TRACKING,prediction
1786993463.176,53.9,0.000,0.890,0.810,0.6284,-0.1266,10.75,-0.46195,0.154,0.560,0.000,-1.0000,-0.7580,TRACKING,R+C
1786993463.184,53.9,0.000,0.890,0.810,0.6284,-0.1013,8.60,-0.36956,0.154,0.567,0.000,-1.0000,-0.7580,TRACKING,prediction
1786993463.207,53.9,0.000,0.890,0.810,0.6284,-0.0810,6.88,-0.29565,0.154,0.574,0.000,-1.0000,-0.7541,TRACKING,prediction
1786993463.225,53.9,0.000,0.890,0.810,0.6284,-0.0648,5.50,-0.23652,0.154,0.580,0.000,-1.0000,-0.7498,TRACKING,prediction
1786993463.246,53.9,0.000,0.890,0.810,0.6284,-0.0518,4.40,-0.18921,0.154,0.586,0.000,-1.0000,-0.7456,TRACKING,prediction
1786993463.256,53.9,0.000,0.890,0.810,0.6284,-0.0415,3.52,-0.15137,0.154,0.592,0.000,-1.0000,-0.7417,TRACKING,prediction
1786993463.278,53.9,0.000,0.890,0.810,0.6284,-0.0332,2.82,-0.12110,0.154,0.597,0.000,-1.0000,-0.7379,TRACKING,prediction
1786993463.299,53.9,0.000,0.890,0.810,0.6284,-0.0265,2.25,-0.09688,0.154,0.602,0.000,-1.0000,-0.7343,TRACKING,prediction
1786993463.321,53.9,0.000,0.890,0.810,0.6284,-0.0212,1.80,-0.07750,0.154,0.607,0.000,-1.0000,-0.7309,TRACKING,prediction
1786993463.341,53.9,0.000,0.890,0.810,0.6284,-0.0170,1.44,-0.06200,0.154,0.612,0.000,-1.0000,-0.7276,TRACKING,prediction
1786993463.363,53.9,0.000,0.890,0.810,0.6284,-0.0136,1.15,-0.04960,0.154,0.616,0.000,-1.0000,-0.7246,TRACKING,prediction
1786993463.382,53.9,0.000,0.904,0.821,0.5887,-0.1440,6.18,-0.59206,0.150,0.620,0.000,-1.0000,-0.7218,TRACKING,R+C
1786993463.403,53.9,0.000,0.904,0.821,0.5887,-0.1152,4.95,-0.47365,0.150,0.624,0.000,-1.0000,-0.7190,TRACKING,prediction
1786993463.413,53.9,0.000,0.892,0.829,0.5833,-0.1366,6.05,-0.54849,0.150,0.628,0.000,-1.0000,-0.7156,TRACKING,R+C
1786993463.444,53.9,0.000,0.892,0.829,0.5833,-0.1093,4.84,-0.43879,0.150,0.632,0.000,-1.0000,-0.7131,TRACKING,prediction
1786993463.453,53.9,0.000,0.892,0.829,0.5833,-0.0875,3.87,-0.35103,0.150,0.635,0.000,-1.0000,-0.7107,TRACKING,prediction
1786993463.475,53.9,0.000,0.892,0.829,0.5833,-0.0700,3.10,-0.28083,0.150,0.638,0.000,-1.0000,-0.7085,TRACKING,prediction
1786993463.501,53.9,0.000,0.892,0.829,0.5833,-0.0560,2.48,-0.22466,0.150,0.641,0.000,-1.0000,-0.7063,TRACKING,prediction
1786993463.521,53.9,0.000,0.916,0.844,0.5673,-0.1203,4.71,-0.47826,0.152,0.644,0.000,-1.0000,-0.7023,TRACKING,R+C
1786993463.552,53.9,0.000,0.906,0.848,0.5633,-0.1181,3.51,-0.57658,0.150,0.647,0.000,-1.0000,-0.7000,TRACKING,R+C
1786993463.562,53.9,0.000,0.889,0.852,0.5563,-0.1147,2.51,-0.67931,0.150,0.621,0.000,-1.0000,-0.6979,TRACKING,R+C
1786993463.582,53.9,0.000,0.891,0.851,0.5537,-0.1121,3.15,-0.57136,0.150,0.603,0.000,-1.0000,-0.7121,TRACKING,R+C
1786993463.593,53.9,0.000,0.858,0.851,0.5491,-0.1130,0.57,-0.84693,0.150,0.608,0.000,-1.0000,-0.7246,TRACKING,R+C
1786993463.613,53.9,0.000,0.903,0.853,0.5505,-0.1118,3.16,-0.53863,0.150,0.612,0.000,-1.0000,-0.7235,TRACKING,R+C
1786993463.634,53.9,0.000,0.903,0.855,0.5502,-0.1136,2.98,-0.55704,0.150,0.617,0.000,-1.0000,-0.7209,TRACKING,R+C
1786993463.645,53.9,0.000,0.890,0.857,0.5487,-0.1156,1.96,-0.66767,0.150,0.621,0.000,-1.0000,-0.7182,TRACKING,R+C
1786993463.658,53.9,0.000,0.911,0.858,0.5451,-0.1162,1.16,-0.70035,0.150,0.625,0.000,-1.0000,-0.7153,TRACKING,R+C
1786993463.675,53.9,0.000,0.900,0.863,0.5449,-0.1132,1.99,-0.61840,0.150,0.628,0.000,-1.0000,-0.7124,TRACKING,R+C
1786993463.696,53.9,0.000,0.878,0.862,0.5406,-0.1123,0.86,-0.73498,0.150,0.632,0.000,-1.0000,-0.7098,TRACKING,R+C
1786993463.716,53.9,0.000,0.851,0.864,0.5389,-0.1143,-0.39,-0.84430,0.150,0.635,0.000,-1.0000,-0.7075,TRACKING,R+C
1786993463.727,53.9,0.000,0.834,0.865,0.5402,-0.1158,-0.64,-0.86313,0.150,0.639,0.000,-1.0000,-0.7053,TRACKING,R+C
1786993463.747,53.9,0.000,0.855,0.867,0.5425,-0.1160,0.26,-0.75552,0.150,0.642,0.000,-1.0000,-0.7031,TRACKING,R+C
1786993463.758,53.9,0.000,0.829,0.865,0.5418,-0.1169,-1.09,-0.89835,0.150,0.645,0.000,-1.0000,-0.7012,TRACKING,R+C
1786993463.789,53.9,0.000,0.839,0.868,0.5406,-0.1162,-1.30,-0.90133,0.150,0.647,0.000,-1.0000,-0.6991,TRACKING,R+C
1786993463.809,53.9,0.000,0.834,0.869,0.5397,-0.1183,-2.72,-0.98104,0.150,0.650,0.000,-1.0000,-0.6972,TRACKING,R+C
1786993463.820,53.9,0.000,0.827,0.874,0.5394,-0.1178,-1.41,-0.88346,0.150,0.653,0.000,-1.0000,-0.6955,TRACKING,R+C
1786993463.851,53.9,0.000,0.826,0.870,0.5391,-0.1197,-1.34,-0.88050,0.150,0.655,0.000,-1.0000,-0.6940,TRACKING,R+C
1786993463.865,53.9,0.000,0.835,0.870,0.5418,-0.1208,-1.28,-0.86472,0.150,0.657,0.000,-1.0000,-0.6925,TRACKING,R+C
1786993463.876,53.9,0.000,0.839,0.872,0.5396,-0.1193,-1.25,-0.85900,0.150,0.659,0.000,-1.0000,-0.6908,TRACKING,R+C
1786993463.906,53.9,0.000,0.830,0.872,0.5344,-0.1157,-1.65,-0.87857,0.150,0.661,0.000,-1.0000,-0.6890,TRACKING,R+C
1786993463.927,53.9,0.000,0.847,0.878,0.5322,-0.1097,-1.21,-0.81719,0.150,0.663,0.000,-1.0000,-0.6872,TRACKING,R+C
1786993463.937,53.9,0.000,0.843,0.881,0.5240,-0.1038,-1.93,-0.87043,0.150,0.632,0.000,-1.0000,-0.6853,TRACKING,R+C
1786993463.968,53.9,0.000,0.842,0.894,0.5216,-0.0987,-2.68,-0.89984,0.150,0.611,0.000,-1.0000,-0.7021,TRACKING,R+C
1786993463.981,53.9,0.000,0.838,0.893,0.5167,-0.0892,-1.43,-0.80392,0.150,0.595,0.000,-1.0000,-0.7163,TRACKING,R+C
1786993464.009,53.9,0.000,0.840,0.902,0.5123,-0.0823,-1.54,-0.81653,0.150,0.585,0.000,-1.0000,-0.7266,TRACKING,R+C
1786993464.030,53.9,0.000,0.835,0.908,0.5066,-0.0754,-1.87,-0.83752,0.150,0.577,0.000,-1.0000,-0.7336,TRACKING,R+C
1786993464.040,53.9,0.000,0.838,0.910,0.4987,-0.0674,-1.76,-0.83517,0.150,0.572,0.000,-0.9936,-0.7345,TRACKING,R+C
1786993464.063,53.9,0.000,0.826,0.915,0.4931,-0.0598,-1.64,-0.82303,0.150,0.569,0.000,-0.9254,-0.6954,TRACKING,R+C
1786993464.083,53.9,0.660,0.831,0.926,0.4925,-0.0514,-1.64,-0.83123,0.150,0.566,0.000,-0.8399,-0.6383,TRACKING,L+C+R_fused
1786993464.092,53.9,0.610,0.834,0.930,0.4583,-0.0442,-2.31,-0.87554,0.150,0.564,0.000,-0.7427,-0.5702,TRACKING,L+C+R_fused
1786993464.112,54.4,0.681,0.831,0.823,0.4978,-0.0359,-2.38,-0.87667,0.150,0.563,0.000,-0.6333,-0.4920,TRACKING,L+C+R_fused
1786993464.133,54.4,0.730,0.828,0.734,0.4885,-0.0283,-1.92,-0.85562,0.150,0.562,0.000,-0.5385,-0.4210,TRACKING,L+C+R_fused
1786993464.145,54.4,0.845,0.833,0.634,0.4708,-0.0225,-1.45,-0.81400,0.150,0.561,0.000,-0.4626,-0.3626,TRACKING,L+C+R_fused
1786993464.163,54.4,0.878,0.831,0.655,0.4954,-0.0184,-0.92,-0.79237,0.150,0.561,0.000,-0.4164,-0.3248,TRACKING,L+C+R_fused
1786993464.184,54.4,0.596,0.834,0.666,0.5523,-0.0178,-0.22,-0.73903,0.150,0.561,0.000,-0.4258,-0.3252,TRACKING,L+C+R_fused
1786993464.204,54.4,0.816,0.838,0.344,0.4915,-0.0197,-0.18,-0.74714,0.150,0.560,0.000,-0.4586,-0.3463,TRACKING,L+C+R_fused
1786993464.227,54.4,0.956,0.837,0.854,0.5376,-0.0216,-0.11,-0.76768,0.150,0.560,0.000,-0.4928,-0.3713,TRACKING,L+C+R_fused
1786993464.240,54.4,0.958,0.835,0.884,0.5305,-0.0250,-0.51,-0.80650,0.150,0.560,0.000,-0.5346,-0.4016,TRACKING,L+C+R_fused
1786993464.250,54.4,0.955,0.838,0.853,0.4789,-0.0278,-0.29,-0.80593,0.150,0.560,0.000,-0.5831,-0.4369,TRACKING,L+C+R_fused
1786993464.271,54.4,0.000,0.829,0.858,0.5047,-0.0302,-0.02,-0.82106,0.150,0.560,0.000,-0.6276,-0.4704,TRACKING,R+C
1786993464.286,54.4,0.000,0.833,0.894,0.5096,-0.0340,0.09,-0.85097,0.150,0.560,0.000,-0.6861,-0.5126,TRACKING,R+C
1786993464.305,54.4,0.000,0.844,0.935,0.5120,-0.0369,1.36,-0.75589,0.150,0.560,0.000,-0.7508,-0.5594,TRACKING,R+C
1786993464.332,54.4,0.000,0.863,0.939,0.5183,-0.0386,3.79,-0.54711,0.150,0.560,0.000,-0.8169,-0.6078,TRACKING,R+C
1786993464.342,54.4,0.000,0.871,0.941,0.5216,-0.0430,3.47,-0.61172,0.150,0.560,0.000,-0.8632,-0.6442,TRACKING,R+C
1786993464.363,54.4,0.000,0.871,0.933,0.5243,-0.0484,3.08,-0.67802,0.150,0.560,0.000,-0.9155,-0.6825,TRACKING,R+C
1786993464.374,54.4,0.000,0.872,0.930,0.5299,-0.0554,2.42,-0.74298,0.150,0.560,0.000,-0.9720,-0.7236,TRACKING,R+C
1786993464.393,54.4,0.000,0.863,0.925,0.5379,-0.0588,4.09,-0.63201,0.150,0.560,0.000,-1.0000,-0.7473,TRACKING,R+C
1786993464.413,54.4,0.000,0.861,0.924,0.5390,-0.0647,4.20,-0.62959,0.150,0.560,0.000,-1.0000,-0.7513,TRACKING,R+C
1786993464.434,54.4,0.000,0.851,0.922,0.5462,-0.0697,4.82,-0.57609,0.150,0.560,0.000,-1.0000,-0.7522,TRACKING,R+C
1786993464.445,54.4,0.000,0.861,0.918,0.5535,-0.0760,4.77,-0.57358,0.150,0.560,0.000,-1.0000,-0.7527,TRACKING,R+C
1786993464.465,54.4,0.000,0.852,0.908,0.5611,-0.0798,6.35,-0.38086,0.162,0.560,0.000,-1.0000,-0.7530,TRACKING,R+C
1786993465.041,54.4,0.000,0.846,0.906,0.5637,-0.0839,6.06,-0.40129,0.160,0.560,0.000,-1.0000,-0.7532,TRACKING,R+C
1786993465.048,54.4,0.000,0.843,0.908,0.5664,-0.0885,3.57,-0.71417,0.150,0.560,0.000,-1.0000,-0.7537,TRACKING,R+C
1786993465.071,54.4,0.000,0.841,0.923,0.5729,-0.0882,4.16,-0.67932,0.150,0.560,0.000,-1.0000,-0.7537,TRACKING,R+C
1786993465.078,54.4,0.000,0.842,0.918,0.5744,-0.0906,4.26,-0.70084,0.150,0.560,0.000,-1.0000,-0.7540,TRACKING,R+C
1786993465.096,54.4,0.000,0.842,0.915,0.5798,-0.0945,4.04,-0.75401,0.150,0.560,0.000,-1.0000,-0.7544,TRACKING,R+C
1786993465.118,25.8,0.000,0.835,0.913,0.5769,-0.1000,3.26,-0.85528,0.150,0.560,0.000,-1.0000,-0.7548,TRACKING,R+C
1786993465.129,25.8,0.000,0.835,0.913,0.5769,-0.0800,2.61,-0.68422,0.150,0.560,0.000,-1.0000,-0.7548,TRACKING,prediction
1786993465.147,25.8,0.000,0.835,0.913,0.5769,-0.0640,2.09,-0.54738,0.150,0.560,0.000,-1.0000,-0.7548,TRACKING,prediction
1786993465.162,25.8,0.000,0.835,0.913,0.5769,-0.0512,1.67,-0.43790,0.150,0.560,0.000,-1.0000,-0.7548,TRACKING,prediction
1786993465.177,25.8,0.000,0.835,0.913,0.5769,-0.0410,1.34,-0.35032,0.150,0.560,0.000,-1.0000,-0.7548,TRACKING,prediction
1786993465.190,25.8,0.000,0.835,0.913,0.5769,-0.0328,1.07,-0.28026,0.150,0.560,0.000,-1.0000,-0.7548,TRACKING,prediction
1786993465.205,25.8,0.000,0.835,0.913,0.5769,-0.0262,0.86,-0.22421,0.150,0.560,0.000,-1.0000,-0.7548,TRACKING,prediction
1786993465.219,25.8,0.000,0.835,0.913,0.5769,-0.0210,0.68,-0.17936,0.150,0.560,0.000,-1.0000,-0.7548,TRACKING,prediction
1786993465.234,25.8,0.000,0.835,0.913,0.5769,-0.0168,0.55,-0.14349,0.150,0.560,0.000,-1.0000,-0.7548,TRACKING,prediction
1786993465.256,25.8,0.000,0.835,0.913,0.5769,-0.0134,0.44,-0.11479,0.150,0.560,0.000,-1.0000,-0.7548,TRACKING,prediction
1786993465.266,25.8,0.000,0.835,0.913,0.5769,-0.0107,0.35,-0.09183,0.150,0.560,0.000,-1.0000,-0.7548,TRACKING,prediction
1786993465.287,25.8,0.000,0.835,0.913,0.5769,-0.0086,0.28,-0.07347,0.150,0.559,0.000,-1.0000,-0.7548,TRACKING,prediction
1786993465.560,25.8,0.000,0.835,0.913,0.5769,-0.0069,0.22,-0.05877,0.150,0.550,0.000,-1.0000,-0.7553,TRACKING,prediction
1786993465.582,25.8,0.000,0.835,0.913,0.5769,-0.0055,0.18,-0.04702,0.150,0.536,0.000,-1.0000,-0.7605,TRACKING,prediction
1786993465.592,25.8,0.000,0.835,0.913,0.5769,-0.0044,0.14,-0.03762,0.150,0.518,0.000,-1.0000,-0.7692,TRACKING,prediction
1786993465.610,25.8,0.000,0.835,0.913,0.5769,-0.0035,0.11,-0.03009,0.150,0.499,0.000,-1.0000,-0.7803,TRACKING,prediction
1786993465.636,25.8,0.000,0.835,0.913,0.5769,-0.0028,0.09,-0.02407,0.150,0.478,0.000,-1.0000,-0.7927,UNCERTAIN,prediction
1786993465.649,25.8,0.000,0.835,0.913,0.5769,-0.0023,0.07,-0.01926,0.150,0.458,0.000,-1.0000,-0.8059,UNCERTAIN,prediction
1786993465.670,25.8,0.000,0.835,0.913,0.5769,-0.0018,0.06,-0.01541,0.150,0.437,0.000,-1.0000,-0.8194,UNCERTAIN,prediction
1786993465.681,25.8,0.000,0.835,0.913,0.5769,-0.0014,0.05,-0.01233,0.150,0.417,0.000,-1.0000,-0.8328,UNCERTAIN,prediction
1786993465.697,25.8,0.000,0.835,0.913,0.5769,-0.0012,0.04,-0.00986,0.150,0.397,0.000,-1.0000,-0.8460,UNCERTAIN,prediction
1786993465.726,25.8,0.000,0.835,0.913,0.5769,-0.0009,0.03,-0.00789,0.150,0.378,0.000,-1.0000,-0.8589,UNCERTAIN,prediction
1786993465.741,25.8,0.000,0.835,0.913,0.5769,-0.0007,0.02,-0.00631,0.150,0.360,0.000,-1.0000,-0.8713,UNCERTAIN,prediction
1786993465.754,25.8,0.000,0.835,0.913,0.5769,-0.0006,0.02,-0.00505,0.150,0.342,0.000,-1.0000,-0.8832,UNCERTAIN,prediction
1786993465.769,25.8,0.000,0.835,0.913,0.5769,-0.0005,0.02,-0.00404,0.150,0.325,0.000,-1.0000,-0.8946,UNCERTAIN,prediction
1786993465.795,25.8,0.000,0.835,0.913,0.5769,-0.0004,0.01,-0.00323,0.150,0.309,0.000,-1.0000,-0.9056,UNCERTAIN,prediction
1786993465.815,25.8,0.000,0.835,0.913,0.5769,-0.0003,0.01,-0.00258,0.150,0.294,0.000,-1.0000,-0.9160,UNCERTAIN,prediction
1786993466.052,25.8,0.000,0.835,0.913,0.5769,-0.0002,0.01,-0.00207,0.150,0.279,0.000,-1.0000,-0.9259,UNCERTAIN,prediction
1786993466.069,25.8,0.000,0.835,0.913,0.5769,-0.0002,0.01,-0.00165,0.150,0.265,0.000,-1.0000,-0.9353,UNCERTAIN,prediction
1786993466.090,25.8,0.000,0.835,0.913,0.5769,-0.0002,0.01,-0.00132,0.150,0.252,0.000,-1.0000,-0.9442,UNCERTAIN,prediction
1786993466.111,25.8,0.000,0.835,0.913,0.5769,-0.0001,0.00,-0.00106,0.150,0.239,0.000,-1.0000,-0.9528,UNCERTAIN,prediction
1786993466.132,30.6,0.000,0.835,0.913,0.5769,-0.0001,0.00,-0.00085,0.150,0.228,0.000,-1.0000,-0.9608,UNCERTAIN,prediction
1786993466.146,30.6,0.000,0.835,0.913,0.5769,-0.0001,0.00,-0.00068,0.150,0.213,0.000,-1.0000,-0.9685,PREDICTING,prediction
1786993466.162,30.6,0.000,0.835,0.913,0.5769,-0.0001,0.00,-0.00054,0.150,0.203,0.000,-1.0000,-0.9774,PREDICTING,prediction
1786993466.183,30.6,0.000,0.835,0.913,0.5769,-0.0001,0.00,-0.00043,0.150,0.196,0.000,-1.0000,-0.9841,PREDICTING,prediction
1786993466.193,30.6,0.000,0.804,0.844,0.6268,-0.1030,5.21,-1.57502,0.150,0.214,0.000,-1.0000,-0.9890,TRACKING,R+C
1786993466.213,30.6,0.000,0.804,0.844,0.6268,-0.0824,4.17,-1.26002,0.150,0.232,0.000,-1.0000,-0.9801,TRACKING,prediction
1786993466.235,30.6,0.000,0.804,0.844,0.6268,-0.0660,3.33,-1.00801,0.150,0.248,0.000,-1.0000,-0.9696,TRACKING,prediction
1786993466.256,30.6,0.000,0.804,0.844,0.6268,-0.0528,2.67,-0.80641,0.150,0.264,0.000,-1.0000,-0.9592,TRACKING,prediction
1786993466.277,30.6,0.000,0.804,0.844,0.6268,-0.0422,2.13,-0.64513,0.150,0.279,0.000,-1.0000,-0.9494,TRACKING,prediction
1786993466.297,30.6,0.000,0.823,0.820,0.6605,-0.1259,11.52,-0.94054,0.150,0.293,0.000,-1.0000,-0.9406,TRACKING,R+C
1786993466.320,30.6,0.000,0.823,0.820,0.6605,-0.1007,9.22,-0.75243,0.150,0.306,0.000,-1.0000,-0.9317,TRACKING,prediction
1786993466.331,30.6,0.845,0.697,0.000,0.6699,0.2759,43.88,0.80441,0.150,0.319,0.000,1.0000,-0.1322,TRACKING,L+C
1786993466.341,30.6,0.845,0.697,0.000,0.6699,0.2207,35.11,0.64353,0.150,0.331,0.000,1.0000,0.5782,TRACKING,prediction
1786993466.364,30.6,0.845,0.697,0.000,0.6699,0.1766,28.08,0.51482,0.150,0.342,0.000,1.0000,0.8544,TRACKING,prediction
1786993466.614,30.6,0.000,0.852,0.674,0.7071,-0.1456,14.90,-0.39836,0.160,0.353,0.000,-1.0000,0.0498,TRACKING,R+C
1786993466.635,30.6,0.000,0.852,0.677,0.7095,-0.1459,16.08,-0.19207,0.181,0.363,0.000,-1.0000,-0.6115,TRACKING,R+C
1786993466.664,30.6,0.000,0.852,0.677,0.7095,-0.1167,12.86,-0.15365,0.181,0.373,0.000,-1.0000,-0.8449,TRACKING,prediction
1786993466.687,30.6,0.000,0.852,0.677,0.7095,-0.0934,10.29,-0.12292,0.181,0.383,0.000,-1.0000,-0.8746,TRACKING,prediction
1786993466.700,30.6,0.000,0.852,0.677,0.7095,-0.0747,8.23,-0.09834,0.181,0.392,0.000,-1.0000,-0.8741,TRACKING,prediction
1786993466.726,30.6,0.000,0.852,0.677,0.7095,-0.0598,6.59,-0.07867,0.181,0.400,0.000,-1.0000,-0.8692,TRACKING,prediction
1786993466.749,30.6,0.000,0.852,0.677,0.7095,-0.0478,5.27,-0.06294,0.181,0.408,0.000,-1.0000,-0.8640,TRACKING,prediction
1786993466.774,30.6,0.000,0.852,0.677,0.7095,-0.0382,4.21,-0.05035,0.181,0.423,0.000,-1.0000,-0.8589,TRACKING,prediction
1786993466.798,30.6,0.000,0.852,0.677,0.7095,-0.0306,3.37,-0.04028,0.181,0.429,0.000,-1.0000,-0.8502,TRACKING,prediction
1786993466.820,30.6,0.000,0.852,0.677,0.7095,-0.0245,2.70,-0.03222,0.181,0.443,0.000,-1.0000,-0.8452,TRACKING,prediction
1786993466.837,30.6,0.000,0.852,0.677,0.7095,-0.0196,2.16,-0.02578,0.181,0.455,0.000,-1.0000,-0.8371,TRACKING,prediction
1786993466.864,30.6,0.000,0.852,0.677,0.7095,-0.0157,1.73,-0.02062,0.181,0.464,0.000,-1.0000,-0.8296,TRACKING,prediction
1786993466.888,30.6,0.000,0.852,0.677,0.7095,-0.0125,1.38,-0.01650,0.181,0.465,0.000,-1.0000,-0.8234,TRACKING,prediction
1786993467.131,30.6,0.000,0.852,0.677,0.7095,-0.0100,1.10,-0.01320,0.181,0.464,0.000,-1.0000,-0.8219,TRACKING,prediction
1786993467.151,27.5,0.000,0.852,0.677,0.7095,-0.0080,0.88,-0.01056,0.181,0.457,0.000,-1.0000,-0.8220,UNCERTAIN,prediction
1786993467.170,27.5,0.000,0.852,0.677,0.7095,-0.0064,0.71,-0.00845,0.181,0.445,0.000,-1.0000,-0.8261,UNCERTAIN,prediction
1786993467.185,27.5,0.000,0.852,0.677,0.7095,-0.0051,0.57,-0.00676,0.181,0.431,0.000,-1.0000,-0.8331,UNCERTAIN,prediction
1786993467.206,27.5,0.000,0.852,0.677,0.7095,-0.0041,0.45,-0.00541,0.181,0.415,0.000,-1.0000,-0.8420,UNCERTAIN,prediction
1786993467.223,27.5,0.000,0.852,0.677,0.7095,-0.0033,0.36,-0.00433,0.181,0.398,0.000,-1.0000,-0.8521,UNCERTAIN,prediction
1786993467.240,27.5,0.752,0.653,0.000,0.6634,0.1715,-1.03,-1.67019,0.150,0.406,0.000,1.0000,-0.1307,TRACKING,L+C
1786993467.250,27.5,0.752,0.653,0.000,0.6634,0.1372,-0.83,-1.33615,0.150,0.413,0.000,1.0000,0.5161,TRACKING,prediction
1786993467.270,27.5,0.752,0.653,0.000,0.6634,0.1098,-0.66,-1.06892,0.150,0.421,0.000,1.0000,0.7988,TRACKING,prediction
1786993467.291,27.5,0.741,0.647,0.000,0.6358,0.1765,1.14,-1.28856,0.150,0.428,0.000,1.0000,0.8377,TRACKING,L+C
1786993467.311,27.5,0.741,0.647,0.000,0.6358,0.1412,0.91,-1.03085,0.150,0.441,0.000,1.0000,0.8396,TRACKING,prediction
1786993467.325,27.5,0.000,0.730,0.641,0.6182,-0.1587,-4.02,-0.50134,0.150,0.454,0.000,-1.0000,0.1448,TRACKING,R+C
1786993467.342,27.5,0.000,0.726,0.642,0.6168,-0.1539,-4.64,-0.50568,0.150,0.467,0.000,-1.0000,-0.4572,TRACKING,R+C
1786993467.355,27.5,0.000,0.725,0.642,0.6103,-0.1486,-5.21,-0.50102,0.150,0.471,0.000,-1.0000,-0.7619,TRACKING,R+C
1786993467.363,27.5,0.000,0.727,0.641,0.5970,-0.1448,-6.69,-0.58243,0.150,0.483,0.000,-1.0000,-0.8048,TRACKING,R+C
1786993467.394,27.5,0.000,0.719,0.618,0.5855,-0.1433,-8.49,-0.68189,0.150,0.487,0.000,-1.0000,-0.8047,TRACKING,R+C
1786993467.414,27.5,0.000,0.713,0.617,0.5807,-0.1382,-8.07,-0.66858,0.150,0.490,0.000,-1.0000,-0.8023,TRACKING,R+C
1786993467.434,27.5,0.000,0.710,0.617,0.5779,-0.1373,-8.57,-0.69855,0.150,0.494,0.000,-1.0000,-0.7998,TRACKING,R+C
1786993467.455,27.5,0.000,0.703,0.618,0.5748,-0.1394,-9.96,-0.81334,0.150,0.504,0.000,-1.0000,-0.7976,TRACKING,R+C
1786993467.475,27.5,0.000,0.702,0.618,0.5780,-0.1419,-10.96,-0.88418,0.150,0.507,0.000,-1.0000,-0.7916,TRACKING,R+C
1786993467.713,27.5,0.000,0.707,0.619,0.5746,-0.1414,-11.33,-0.90285,0.150,0.509,0.000,-1.0000,-0.7890,TRACKING,R+C
1786993467.723,27.5,0.000,0.702,0.619,0.5707,-0.1405,-13.46,-1.03453,0.150,0.512,0.000,-1.0000,-0.7869,TRACKING,R+C
1786993467.734,27.5,0.000,0.697,0.620,0.5621,-0.1301,-12.83,-1.03237,0.150,0.514,0.000,-1.0000,-0.7847,TRACKING,R+C
1786993467.754,27.5,0.000,0.693,0.621,0.5525,-0.1214,-13.33,-1.06467,0.150,0.517,0.000,-1.0000,-0.7825,TRACKING,R+C
1786993467.771,27.5,0.000,0.693,0.621,0.5525,-0.0971,-10.66,-0.85174,0.150,0.519,0.000,-1.0000,-0.7810,TRACKING,prediction
1786993467.792,27.5,0.000,0.693,0.621,0.5525,-0.0777,-8.53,-0.68139,0.150,0.521,0.000,-1.0000,-0.7795,TRACKING,prediction
1786993467.812,27.5,0.708,0.695,0.626,0.4043,-0.0957,-16.27,-1.29171,0.150,0.523,0.000,-0.9678,-0.7557,TRACKING,L+C+R_fused
1786993467.833,27.5,0.713,0.706,0.634,0.3908,-0.0915,-18.00,-1.39941,0.150,0.525,0.000,-0.8987,-0.7068,TRACKING,L+C+R_fused
1786993467.853,27.5,0.703,0.702,0.647,0.4199,-0.0800,-13.90,-1.18973,0.150,0.526,0.000,-0.8609,-0.6739,TRACKING,L+C+R_fused
1786993467.874,27.5,0.731,0.720,0.646,0.4337,-0.0775,-16.32,-1.43407,0.150,0.528,0.000,-0.7972,-0.6273,TRACKING,L+C+R_fused
1786993467.894,27.5,0.833,0.716,0.653,0.4677,-0.0713,-16.82,-1.53449,0.150,0.537,0.000,-0.7233,-0.5721,TRACKING,L+C+R_fused
1786993467.915,27.5,0.849,0.716,0.676,0.4847,-0.0616,-16.63,-1.56138,0.150,0.538,0.000,-0.6062,-0.4849,TRACKING,L+C+R_fused
1786993467.935,27.5,0.840,0.723,0.658,0.4936,-0.0499,-16.20,-1.59953,0.150,0.539,0.000,-0.4549,-0.3740,TRACKING,L+C+R_fused
1786993467.956,27.5,0.848,0.729,0.673,0.4973,-0.0388,-15.71,-1.63849,0.150,0.540,0.000,-0.3016,-0.2582,TRACKING,L+C+R_fused
1786993467.975,27.5,0.730,0.731,0.482,0.4706,-0.0273,-13.64,-1.57852,0.150,0.548,0.000,-0.1806,-0.1622,TRACKING,L+C+R_fused
1786993467.996,27.5,0.722,0.742,0.700,0.4758,-0.0210,-13.32,-1.65443,0.150,0.556,0.000,-0.0977,-0.0942,TRACKING,L+C+R_fused
1786993468.017,27.5,0.722,0.751,0.735,0.5024,-0.0148,-10.74,-1.54825,0.150,0.563,0.000,-0.0784,-0.0711,TRACKING,L+C+R_fused
1786993468.039,27.5,0.720,0.746,0.717,0.4836,-0.0120,-10.71,-1.62983,0.150,0.570,0.000,-0.0462,-0.0474,TRACKING,L+C+R_fused
1786993468.047,27.5,0.702,0.702,0.499,0.4649,-0.0041,-7.58,-1.46911,0.150,0.576,0.000,-0.0097,-0.0202,TRACKING,L+C+R_fused
1786993468.068,27.5,0.698,0.732,0.638,0.4860,0.0021,-6.58,-1.48555,0.150,0.582,0.000,0.0532,0.0235,TRACKING,L+C+R_fused
1786993468.079,27.5,0.688,0.743,0.605,0.5072,0.0077,-4.97,-1.44444,0.150,0.588,0.000,0.0909,0.0535,TRACKING,L+C+R_fused
1786993469.065,20.9,0.787,0.732,0.590,0.5221,0.0095,-3.78,-1.43448,0.150,0.594,0.000,0.0722,0.0455,TRACKING,L+C+R_fused
1786993469.079,20.9,0.689,0.741,0.698,0.4973,0.0078,-4.64,-1.62828,0.150,0.599,0.000,0.0424,0.0243,TRACKING,L+C+R_fused
1786993469.095,20.9,0.000,0.723,0.727,0.5597,0.0078,-2.92,-1.58518,0.150,0.587,0.000,-0.0235,-0.0202,TRACKING,R+C
1786993469.102,20.9,0.000,0.733,0.726,0.5504,0.0063,-1.60,-1.53283,0.150,0.579,0.000,-0.0987,-0.0740,TRACKING,R+C
1786993469.118,20.9,0.000,0.750,0.837,0.6151,0.0049,-0.46,-1.51579,0.150,0.573,0.000,-0.1701,-0.1276,TRACKING,R+C
1786993469.130,20.9,0.000,0.744,0.751,0.5542,0.0045,1.66,-1.38982,0.150,0.569,0.000,-0.2467,-0.1843,TRACKING,R+C
1786993469.144,20.9,0.000,0.747,0.901,0.5220,0.0026,2.95,-1.33456,0.150,0.567,0.000,-0.3251,-0.2428,TRACKING,R+C
1786993469.167,20.9,0.000,0.751,0.902,0.5294,-0.0009,3.08,-1.39397,0.150,0.565,0.000,-0.3971,-0.2977,TRACKING,R+C
1786993469.179,20.9,0.000,0.748,0.901,0.5366,-0.0044,3.41,-1.43114,0.150,0.563,0.000,-0.4721,-0.3537,TRACKING,R+C
1786993469.197,20.9,0.000,0.759,0.894,0.5446,-0.0076,4.09,-1.39110,0.150,0.562,0.000,-0.5407,-0.4055,TRACKING,R+C
1786993469.222,20.9,0.000,0.753,0.891,0.5515,-0.0086,5.23,-1.34936,0.150,0.562,0.000,-0.5905,-0.4449,TRACKING,R+C
1786993469.239,20.9,0.000,0.758,0.890,0.5592,-0.0085,6.46,-1.26509,0.150,0.561,0.000,-0.6222,-0.4708,TRACKING,R+C
1786993469.559,20.9,0.000,0.757,0.879,0.5584,-0.0063,6.96,-1.26034,0.150,0.561,0.000,-0.6097,-0.4671,TRACKING,R+C
1786993469.570,20.9,0.000,0.749,0.872,0.5555,-0.0039,5.75,-1.44213,0.150,0.561,0.000,-0.5567,-0.4338,TRACKING,R+C
1786993469.595,20.9,0.000,0.744,0.862,0.5475,-0.0008,6.21,-1.41418,0.150,0.560,0.000,-0.5251,-0.4090,TRACKING,R+C
1786993469.612,20.9,0.000,0.754,0.866,0.5393,0.0007,7.06,-1.33894,0.150,0.560,0.000,-0.5246,-0.4050,TRACKING,R+C
1786993469.620,20.9,0.000,0.748,0.873,0.5531,-0.0010,8.30,-1.25565,0.150,0.560,0.000,-0.5836,-0.4416,TRACKING,R+C
1786993469.638,20.9,0.000,0.756,0.868,0.5666,-0.0039,9.27,-1.17965,0.150,0.560,0.000,-0.6479,-0.4873,TRACKING,R+C
1786993469.648,20.9,0.000,0.754,0.864,0.5657,-0.0060,10.02,-1.10386,0.150,0.560,0.000,-0.6920,-0.5216,TRACKING,R+C
1786993469.663,20.9,0.000,0.759,0.861,0.5700,-0.0065,9.92,-1.13035,0.150,0.560,0.000,-0.6987,-0.5310,TRACKING,R+C
1786993469.681,20.9,0.000,0.761,0.864,0.5693,-0.0058,10.27,-1.09474,0.150,0.560,0.000,-0.6962,-0.5308,TRACKING,R+C
1786993469.695,20.9,0.000,0.764,0.877,0.5711,-0.0070,10.20,-1.10164,0.150,0.560,0.000,-0.7097,-0.5392,TRACKING,R+C
1786993469.720,20.9,0.000,0.764,0.877,0.5711,-0.0056,8.16,-0.88131,0.150,0.560,0.000,-0.7097,-0.5405,TRACKING,prediction
1786993469.734,20.9,0.000,0.764,0.877,0.5711,-0.0044,6.53,-0.70505,0.150,0.560,0.000,-0.7097,-0.5407,TRACKING,prediction
1786993469.753,20.9,0.000,0.764,0.877,0.5711,-0.0036,5.22,-0.56404,0.150,0.560,0.000,-0.7097,-0.5407,TRACKING,prediction
1786993469.766,20.9,0.000,0.764,0.877,0.5711,-0.0028,4.18,-0.45123,0.150,0.560,0.000,-0.7097,-0.5407,TRACKING,prediction
1786993469.786,20.9,0.000,0.764,0.877,0.5711,-0.0023,3.34,-0.36098,0.150,0.560,0.000,-0.7097,-0.5407,TRACKING,prediction
1786993469.798,20.9,0.000,0.764,0.877,0.5711,-0.0018,2.67,-0.28879,0.150,0.560,0.000,-0.7097,-0.5407,TRACKING,prediction
1786993469.809,20.9,0.000,0.764,0.877,0.5711,-0.0015,2.14,-0.23103,0.150,0.560,0.000,-0.7097,-0.5407,TRACKING,prediction
1786993469.835,20.9,0.000,0.764,0.877,0.5711,-0.0012,1.71,-0.18482,0.150,0.560,0.000,-0.7097,-0.5407,TRACKING,prediction
1786993469.841,20.9,0.000,0.764,0.877,0.5711,-0.0009,1.37,-0.14786,0.150,0.560,0.000,-0.7097,-0.5407,TRACKING,prediction
1786993469.869,20.9,0.000,0.764,0.877,0.5711,-0.0007,1.10,-0.11829,0.150,0.557,0.000,-0.7097,-0.5407,TRACKING,prediction
1786993469.874,20.9,0.000,0.764,0.877,0.5711,-0.0006,0.88,-0.09463,0.150,0.547,0.000,-0.7097,-0.5419,TRACKING,prediction
1786993469.897,20.9,0.000,0.764,0.877,0.5711,-0.0005,0.70,-0.07570,0.150,0.532,0.000,-0.7097,-0.5463,TRACKING,prediction
1786993469.911,20.9,0.000,0.764,0.877,0.5711,-0.0004,0.56,-0.06056,0.150,0.514,0.000,-0.7097,-0.5531,TRACKING,prediction
1786993469.937,20.9,0.000,0.764,0.877,0.5711,-0.0003,0.45,-0.04845,0.150,0.494,0.000,-0.7097,-0.5615,TRACKING,prediction
1786993470.223,31.1,0.000,0.784,0.851,0.5937,-0.0379,11.51,-0.83192,0.150,0.497,0.000,-1.0000,-0.7617,TRACKING,R+C
1786993470.234,31.1,0.000,0.784,0.851,0.5937,-0.0304,9.21,-0.66553,0.150,0.500,0.000,-1.0000,-0.7894,TRACKING,prediction
1786993470.253,31.1,0.000,0.779,0.861,0.5977,-0.0493,11.18,-0.84736,0.150,0.503,0.000,-1.0000,-0.7924,TRACKING,R+C
1786993470.255,31.1,0.000,0.795,0.851,0.6021,-0.0557,11.58,-0.76854,0.150,0.506,0.000,-1.0000,-0.7914,TRACKING,R+C
1786993470.271,31.1,0.000,0.795,0.851,0.6021,-0.0445,9.26,-0.61484,0.150,0.509,0.000,-1.0000,-0.7897,TRACKING,prediction
1786993470.291,31.1,0.000,0.795,0.851,0.6021,-0.0356,7.41,-0.49187,0.150,0.511,0.000,-1.0000,-0.7879,TRACKING,prediction
1786993470.317,31.1,0.000,0.795,0.851,0.6021,-0.0285,5.93,-0.39349,0.150,0.521,0.000,-1.0000,-0.7862,TRACKING,prediction
1786993470.333,31.1,0.000,0.795,0.851,0.6021,-0.0228,4.74,-0.31480,0.150,0.530,0.000,-1.0000,-0.7807,TRACKING,prediction
1786993470.346,31.1,0.000,0.795,0.851,0.6021,-0.0182,3.79,-0.25184,0.150,0.531,0.000,-1.0000,-0.7749,TRACKING,prediction
1786993470.364,31.1,0.000,0.795,0.851,0.6021,-0.0146,3.04,-0.20147,0.150,0.540,0.000,-1.0000,-0.7732,TRACKING,prediction
1786993470.365,31.1,0.000,0.795,0.851,0.6021,-0.0117,2.43,-0.16118,0.150,0.548,0.000,-1.0000,-0.7682,TRACKING,prediction
1786993470.381,31.1,0.000,0.808,0.855,0.5944,-0.0709,9.63,-0.76007,0.150,0.555,0.000,-1.0000,-0.7634,TRACKING,R+C
1786993470.397,31.1,0.000,0.808,0.855,0.5944,-0.0567,7.71,-0.60806,0.150,0.563,0.000,-1.0000,-0.7583,TRACKING,prediction
1786993470.421,31.1,0.000,0.814,0.845,0.5840,-0.0657,8.88,-0.77881,0.150,0.570,0.000,-1.0000,-0.7530,TRACKING,R+C
1786993470.428,31.1,0.000,0.814,0.845,0.5840,-0.0525,7.10,-0.62305,0.150,0.576,0.000,-1.0000,-0.7484,TRACKING,prediction
1786993470.444,31.1,0.000,0.824,0.850,0.5761,-0.0610,8.76,-0.72090,0.150,0.582,0.000,-1.0000,-0.7435,TRACKING,R+C
1786993470.460,31.1,0.000,0.832,0.854,0.5747,-0.0608,8.77,-0.69491,0.150,0.588,0.000,-1.0000,-0.7393,TRACKING,R+C
1786993470.476,31.1,0.000,0.837,0.862,0.5733,-0.0627,8.71,-0.67172,0.150,0.594,0.000,-1.0000,-0.7354,TRACKING,R+C
1786993470.492,31.1,0.000,0.834,0.863,0.5717,-0.0640,8.91,-0.63609,0.150,0.599,0.000,-1.0000,-0.7317,TRACKING,R+C
1786993470.508,31.1,0.000,0.834,0.863,0.5717,-0.0512,7.13,-0.50887,0.150,0.604,0.000,-1.0000,-0.7282,TRACKING,prediction
1786993471.171,31.1,0.000,0.831,0.855,0.5715,-0.0675,8.43,-0.64943,0.150,0.609,0.000,-1.0000,-0.7249,TRACKING,R+C
1786993471.186,31.1,0.000,0.833,0.854,0.5700,-0.0698,8.39,-0.62888,0.150,0.613,0.000,-1.0000,-0.7218,TRACKING,R+C
1786993471.192,31.1,0.000,0.833,0.858,0.5742,-0.0744,8.48,-0.59490,0.150,0.618,0.000,-1.0000,-0.7191,TRACKING,R+C
1786993471.210,31.1,0.000,0.832,0.856,0.5701,-0.0794,7.85,-0.64547,0.150,0.622,0.000,-1.0000,-0.7165,TRACKING,R+C
1786993471.227,23.9,0.000,0.838,0.847,0.5697,-0.0845,7.03,-0.68875,0.150,0.626,0.000,-1.0000,-0.7140,TRACKING,R+C
1786993471.233,23.9,0.000,0.822,0.853,0.5680,-0.0862,5.61,-0.82844,0.150,0.629,0.000,-1.0000,-0.7115,TRACKING,R+C
1786993471.259,23.9,0.000,0.824,0.855,0.5694,-0.0832,6.17,-0.74443,0.150,0.633,0.000,-1.0000,-0.7087,TRACKING,R+C
1786993471.269,23.9,0.000,0.814,0.850,0.5642,-0.0800,5.67,-0.76775,0.150,0.636,0.000,-1.0000,-0.7060,TRACKING,R+C
1786993471.284,23.9,0.000,0.812,0.857,0.5609,-0.0763,5.19,-0.78549,0.150,0.640,0.000,-1.0000,-0.7033,TRACKING,R+C
1786993471.314,23.9,0.000,0.812,0.876,0.5564,-0.0730,4.73,-0.80740,0.150,0.643,0.000,-1.0000,-0.7008,TRACKING,R+C
1786993471.327,23.9,0.000,0.813,0.880,0.5505,-0.0687,4.53,-0.79666,0.150,0.645,0.000,-1.0000,-0.6984,TRACKING,R+C
1786993471.331,23.9,0.000,0.808,0.889,0.5485,-0.0653,3.78,-0.82549,0.150,0.648,0.000,-1.0000,-0.6960,TRACKING,R+C
1786993471.347,23.9,0.000,0.809,0.891,0.5420,-0.0613,3.20,-0.83245,0.150,0.651,0.000,-1.0000,-0.6937,TRACKING,R+C
1786993471.363,23.9,0.000,0.803,0.898,0.5348,-0.0533,4.18,-0.74318,0.150,0.653,0.000,-0.9934,-0.6876,TRACKING,R+C
1786993471.379,23.9,0.000,0.802,0.905,0.5301,-0.0476,3.70,-0.75904,0.150,0.656,0.000,-0.9315,-0.6498,TRACKING,R+C
1786993471.395,23.9,0.000,0.809,0.904,0.5262,-0.0423,3.74,-0.74662,0.150,0.658,0.000,-0.8775,-0.6120,TRACKING,R+C
1786993471.411,23.9,0.000,0.818,0.913,0.5265,-0.0386,3.70,-0.73158,0.150,0.660,0.000,-0.8354,-0.5810,TRACKING,R+C
1786993471.438,23.9,0.000,0.819,0.895,0.5303,-0.0381,3.81,-0.71778,0.150,0.662,0.000,-0.8313,-0.5730,TRACKING,R+C
1786993471.444,23.9,0.000,0.819,0.895,0.5303,-0.0304,3.05,-0.57422,0.150,0.664,0.000,-0.8313,-0.5709,TRACKING,prediction
1786993471.465,23.9,0.000,0.819,0.895,0.5303,-0.0244,2.44,-0.45938,0.150,0.666,0.000,-0.8313,-0.5697,TRACKING,prediction
1786993471.479,23.9,0.000,0.819,0.895,0.5303,-0.0195,1.95,-0.36750,0.150,0.667,0.000,-0.8313,-0.5686,TRACKING,prediction
1786993471.493,23.9,0.000,0.804,0.912,0.5293,-0.0342,3.15,-0.77566,0.150,0.669,0.000,-0.7745,-0.5354,TRACKING,R+C
1786993471.509,23.9,0.952,0.804,0.907,0.5192,-0.0298,3.37,-0.74371,0.150,0.671,0.000,-0.7244,-0.5011,TRACKING,L+C+R_fused
1786993471.522,23.9,0.948,0.804,0.911,0.5153,-0.0264,3.45,-0.73545,0.150,0.672,0.000,-0.6821,-0.4713,TRACKING,L+C+R_fused
1786993471.538,23.9,0.950,0.804,0.909,0.5135,-0.0264,3.41,-0.74034,0.150,0.673,0.000,-0.6818,-0.4661,TRACKING,L+C+R_fused
1786993471.554,23.9,0.936,0.806,0.908,0.5388,-0.0274,3.72,-0.71450,0.150,0.675,0.000,-0.7014,-0.4759,TRACKING,L+C+R_fused
1786993471.582,23.9,0.934,0.808,0.900,0.5599,-0.0274,3.84,-0.70986,0.150,0.676,0.000,-0.7048,-0.4788,TRACKING,L+C+R_fused
1786993471.596,23.9,0.951,0.799,0.893,0.5686,-0.0246,3.61,-0.73195,0.150,0.677,0.000,-0.6649,-0.4560,TRACKING,L+C+R_fused
1786993471.622,23.9,0.962,0.792,0.900,0.5320,-0.0186,3.65,-0.72521,0.150,0.678,0.000,-0.5818,-0.4051,TRACKING,L+C+R_fused
1786993471.632,23.9,0.949,0.801,0.903,0.5285,-0.0122,2.91,-0.76983,0.150,0.679,0.000,-0.4673,-0.3323,TRACKING,L+C+R_fused
1786993471.648,23.9,0.947,0.798,0.909,0.5212,-0.0053,3.17,-0.76186,0.150,0.680,0.000,-0.3670,-0.2642,TRACKING,L+C+R_fused
1786993471.666,23.9,0.921,0.800,0.798,0.5353,-0.0012,3.29,-0.76572,0.150,0.681,0.000,-0.3035,-0.2179,TRACKING,L+C+R_fused
1786993471.675,23.9,0.948,0.804,0.834,0.5073,-0.0004,3.32,-0.76813,0.150,0.682,0.000,-0.2928,-0.2048,TRACKING,L+C+R_fused
1786993471.691,23.9,0.932,0.803,0.914,0.5246,-0.0008,2.92,-0.84057,0.150,0.683,0.000,-0.2949,-0.2042,TRACKING,L+C+R_fused
1786993471.707,23.9,0.939,0.797,0.904,0.5186,-0.0007,3.09,-0.84776,0.150,0.684,0.000,-0.3008,-0.2073,TRACKING,L+C+R_fused
1786993471.729,23.9,0.943,0.798,0.903,0.5109,0.0014,2.83,-0.89028,0.150,0.685,0.000,-0.2619,-0.1857,TRACKING,L+C+R_fused
1786993471.739,23.9,0.949,0.799,0.903,0.4984,0.0045,2.79,-0.89996,0.150,0.686,0.000,-0.2089,-0.1523,TRACKING,L+C+R_fused
1786993471.755,23.9,0.951,0.808,0.895,0.4931,0.0071,3.05,-0.89092,0.150,0.686,0.000,-0.1739,-0.1275,TRACKING,L+C+R_fused
1786993471.771,23.9,0.952,0.807,0.906,0.4897,0.0075,3.44,-0.89062,0.150,0.687,0.000,-0.1851,-0.1303,TRACKING,L+C+R_fused
1786993471.798,23.9,0.938,0.801,0.915,0.4921,0.0046,3.19,-0.94285,0.150,0.688,0.000,-0.2333,-0.1581,TRACKING,L+C+R_fused
1786993471.803,23.9,0.907,0.811,0.908,0.4819,0.0026,4.41,-0.85506,0.150,0.688,0.000,-0.3049,-0.2024,TRACKING,L+C+R_fused
1786993471.819,23.9,0.934,0.801,0.900,0.4732,-0.0009,3.20,-1.01902,0.150,0.689,0.000,-0.3391,-0.2286,TRACKING,L+C+R_fused
1786993471.835,23.9,0.939,0.812,0.843,0.4712,0.0004,4.79,-0.85953,0.150,0.689,0.000,-0.3566,-0.2418,TRACKING,L+C+R_fused
1786993471.850,23.9,0.901,0.815,0.899,0.4708,0.0008,4.42,-0.89446,0.150,0.690,0.000,-0.3404,-0.2346,TRACKING,L+C+R_fused
1786993471.866,23.9,0.938,0.814,0.892,0.4712,0.0009,4.15,-0.91135,0.150,0.690,0.000,-0.3315,-0.2284,TRACKING,L+C+R_fused
1786993471.894,23.9,0.927,0.795,0.902,0.4570,-0.0015,3.35,-1.02202,0.150,0.691,0.000,-0.3554,-0.2412,TRACKING,L+C+R_fused
1786993471.910,23.9,0.632,0.793,0.891,0.4825,-0.0049,4.03,-0.96337,0.150,0.691,0.000,-0.4289,-0.2841,TRACKING,L+C+R_fused
1786993471.929,23.9,0.632,0.793,0.891,0.4825,-0.0039,3.22,-0.77070,0.150,0.692,0.000,-0.4289,-0.2903,TRACKING,prediction
1786993471.945,23.9,0.000,0.802,0.879,0.5108,-0.0107,4.83,-0.92462,0.150,0.692,0.000,-0.5415,-0.3542,TRACKING,R+C
1786993471.961,23.9,0.000,0.798,0.871,0.5113,-0.0111,4.92,-0.92417,0.150,0.693,0.000,-0.5507,-0.3686,TRACKING,R+C
1786993471.979,23.9,0.000,0.792,0.879,0.5080,-0.0089,4.44,-0.96137,0.150,0.693,0.000,-0.5062,-0.3457,TRACKING,R+C
1786993471.993,23.9,0.000,0.791,0.886,0.5076,-0.0036,4.04,-0.97742,0.150,0.693,0.000,-0.4103,-0.2886,TRACKING,R+C
1786993472.008,23.9,0.000,0.777,0.890,0.4985,0.0042,4.32,-0.97702,0.150,0.694,0.000,-0.2951,-0.2157,TRACKING,R+C
1786993472.024,23.9,0.859,0.764,0.868,0.4399,0.0105,4.33,-0.97811,0.150,0.694,0.000,-0.1866,-0.1440,TRACKING,L+C+R_fused
1786993472.040,23.9,0.946,0.776,0.885,0.4498,0.0149,3.85,-1.03539,0.150,0.694,0.000,-0.0994,-0.0845,TRACKING,L+C+R_fused
1786993472.059,23.9,0.946,0.779,0.880,0.4448,0.0180,4.75,-0.94612,0.150,0.695,0.000,-0.0691,-0.0585,TRACKING,L+C+R_fused
1786993472.072,23.9,0.787,0.776,0.896,0.4898,0.0180,4.84,-0.94682,0.150,0.695,0.000,-0.0733,-0.0570,TRACKING,L+C+R_fused
1786993472.088,23.9,0.657,0.774,0.888,0.4442,0.0186,4.29,-1.01926,0.150,0.695,0.000,-0.0509,-0.0444,TRACKING,L+C+R_fused
1786993472.104,23.9,0.691,0.775,0.897,0.4835,0.0205,3.52,-1.08855,0.150,0.695,0.000,0.0057,-0.0107,TRACKING,L+C+R_fused
1786993472.133,23.9,0.784,0.739,0.901,0.4392,0.0280,5.22,-0.94310,0.150,0.696,0.000,0.0887,0.0417,TRACKING,L+C+R_fused
1786993472.136,23.9,0.805,0.762,0.902,0.4425,0.0342,3.88,-1.09381,0.150,0.696,0.000,0.2295,0.1289,TRACKING,L+C+R_fused
1786993472.162,23.9,0.720,0.705,0.897,0.4476,0.0429,6.89,-0.81099,0.150,0.696,0.000,0.2953,0.1798,TRACKING,L+C+R_fused
1786993472.168,23.9,0.720,0.705,0.897,0.4476,0.0343,5.51,-0.64879,0.150,0.696,0.000,0.2953,0.1872,TRACKING,prediction
1786993472.196,23.9,0.783,0.754,0.900,0.4544,0.0468,5.73,-0.98034,0.150,0.696,0.000,0.3790,0.2353,TRACKING,L+C+R_fused
1786993472.201,23.9,0.875,0.724,0.899,0.4508,0.0449,5.51,-1.06511,0.150,0.697,0.000,0.3432,0.2215,TRACKING,L+C+R_fused
1786993472.216,23.9,0.715,0.754,0.870,0.4424,0.0373,2.14,-1.41027,0.150,0.697,0.000,0.3005,0.1944,TRACKING,L+C+R_fused
1786993472.241,61.1,0.000,0.756,0.877,0.4825,0.0373,4.28,-1.28182,0.150,0.697,0.000,0.2310,0.1510,TRACKING,R+C
1786993472.259,61.1,0.000,0.761,0.871,0.4847,0.0351,5.49,-1.20453,0.150,0.697,0.000,0.1515,0.0994,TRACKING,R+C
1786993472.272,61.1,0.000,0.761,0.875,0.4900,0.0321,6.26,-1.15726,0.150,0.697,0.000,0.0726,0.0471,TRACKING,R+C
1786993472.285,61.1,0.000,0.762,0.865,0.4978,0.0276,6.19,-1.21300,0.150,0.697,0.000,-0.0145,-0.0104,TRACKING,R+C
1786993472.293,61.1,0.000,0.757,0.856,0.5063,0.0229,5.96,-1.28089,0.150,0.697,0.000,-0.0998,-0.0669,TRACKING,R+C
1786993472.311,61.1,0.000,0.754,0.849,0.5187,0.0172,5.26,-1.39326,0.150,0.698,0.000,-0.1885,-0.1251,TRACKING,R+C
1786993472.325,61.1,0.000,0.765,0.848,0.5216,0.0124,5.25,-1.41304,0.150,0.698,0.000,-0.2740,-0.1813,TRACKING,R+C
1786993472.342,61.1,0.000,0.765,0.848,0.5216,0.0099,4.20,-1.13043,0.150,0.698,0.000,-0.2740,-0.1896,TRACKING,prediction
1786993472.359,61.1,0.000,0.757,0.825,0.5330,0.0101,6.53,-1.37183,0.150,0.698,0.000,-0.3607,-0.2393,TRACKING,R+C
1786993472.384,61.1,0.000,0.757,0.825,0.5330,0.0081,5.23,-1.09747,0.150,0.698,0.000,-0.3607,-0.2465,TRACKING,prediction
1786993472.404,61.1,0.000,0.757,0.825,0.5330,0.0065,4.18,-0.87797,0.150,0.698,0.000,-0.3607,-0.2476,TRACKING,prediction
1786993472.425,61.1,0.000,0.757,0.825,0.5330,0.0052,3.35,-0.70238,0.150,0.698,0.000,-0.3607,-0.2477,TRACKING,prediction
1786993472.446,61.1,0.000,0.757,0.825,0.5330,0.0041,2.68,-0.56190,0.150,0.657,0.000,-0.3607,-0.2477,TRACKING,prediction
1786993472.467,61.1,0.000,0.750,0.822,0.5293,0.0173,7.48,-1.40050,0.150,0.628,0.000,-0.2879,-0.2152,TRACKING,R+C
1786993472.477,61.1,0.000,0.740,0.824,0.5437,0.0134,7.82,-1.41366,0.150,0.607,0.000,-0.3709,-0.2651,TRACKING,R+C
1786993472.498,61.1,0.000,0.730,0.818,0.5586,0.0089,9.50,-1.26726,0.150,0.593,0.000,-0.4878,-0.3475,TRACKING,R+C
1786993472.519,61.1,0.000,0.730,0.818,0.5586,0.0071,7.60,-1.01381,0.150,0.583,0.000,-0.4878,-0.3637,TRACKING,prediction
1786993472.538,61.1,0.000,0.730,0.818,0.5586,0.0057,6.08,-0.81105,0.150,0.589,0.000,-0.4878,-0.3690,TRACKING,prediction
1786993472.559,61.1,0.000,0.744,0.804,0.5783,-0.0019,8.89,-1.47163,0.150,0.580,0.000,-0.6492,-0.4676,TRACKING,R+C
1786993472.575,61.1,0.000,0.741,0.803,0.5758,0.0024,9.63,-1.44304,0.150,0.574,0.000,-0.6150,-0.4644,TRACKING,R+C
1786993472.592,61.1,0.000,0.732,0.802,0.5745,0.0054,8.86,-1.57473,0.150,0.570,0.000,-0.5623,-0.4338,TRACKING,R+C
1786993472.613,61.1,0.000,0.693,0.807,0.5715,0.0133,14.35,-0.94906,0.150,0.567,0.000,-0.5690,-0.4338,TRACKING,R+C
1786993472.630,61.1,0.000,0.688,0.806,0.5723,0.0173,16.69,-0.73178,0.150,0.565,0.000,-0.5704,-0.4355,TRACKING,R+C
1786993472.656,61.1,0.000,0.732,0.814,0.5699,0.0088,9.30,-1.66025,0.150,0.563,0.000,-0.5444,-0.4222,TRACKING,R+C
1786993472.679,61.1,0.000,0.732,0.814,0.5699,0.0070,7.44,-1.32820,0.150,0.562,0.000,-0.5444,-0.4205,TRACKING,prediction
1786993472.689,61.1,0.000,0.683,0.815,0.5801,0.0143,20.13,-0.49508,0.150,0.562,0.000,-0.7043,-0.5187,TRACKING,R+C
1786993472.709,61.1,0.000,0.678,0.814,0.5854,0.0183,23.38,-0.18850,0.181,0.561,0.000,-0.5319,-0.4274,TRACKING,R+C
1786993472.729,61.1,0.000,0.677,0.812,0.5878,0.0213,24.28,-0.13800,0.186,0.561,0.000,-0.7063,-0.5211,TRACKING,R+C
1786993472.750,61.1,0.000,0.680,0.818,0.5871,0.0195,21.85,-0.42854,0.157,0.561,0.000,-0.6455,-0.4984,TRACKING,R+C
1786993472.771,61.1,0.000,0.684,0.813,0.5945,0.0155,18.90,-0.80639,0.150,0.560,0.000,-0.6946,-0.5260,TRACKING,R+C
1786993472.782,61.1,0.000,0.684,0.813,0.5945,0.0124,15.12,-0.64511,0.150,0.560,0.000,-0.6946,-0.5301,TRACKING,prediction
1786993472.803,61.1,0.000,0.684,0.813,0.5945,0.0099,12.10,-0.51609,0.150,0.560,0.000,-0.6946,-0.5307,TRACKING,prediction
1786993472.820,61.1,0.000,0.684,0.813,0.5945,0.0079,9.68,-0.41287,0.150,0.560,0.000,-0.6946,-0.5309,TRACKING,prediction
1786993472.839,61.1,0.000,0.684,0.813,0.5945,0.0064,7.74,-0.33030,0.150,0.560,0.000,-0.6946,-0.5309,TRACKING,prediction
1786993472.855,61.1,0.000,0.684,0.813,0.5945,0.0051,6.19,-0.26424,0.150,0.560,0.000,-0.6946,-0.5309,TRACKING,prediction
1786993472.871,61.1,0.000,0.746,0.803,0.6609,-0.0268,20.68,-0.77465,0.150,0.560,0.000,-1.0000,-0.7226,TRACKING,R+C
1786993472.896,61.1,0.000,0.746,0.803,0.6609,-0.0214,16.54,-0.61972,0.150,0.560,0.000,-1.0000,-0.7504,TRACKING,prediction
1786993472.914,61.1,0.000,0.746,0.803,0.6609,-0.0172,13.24,-0.49577,0.150,0.560,0.000,-1.0000,-0.7546,TRACKING,prediction
1786993472.937,61.1,0.000,0.746,0.803,0.6609,-0.0137,10.59,-0.39662,0.150,0.560,0.000,-1.0000,-0.7552,TRACKING,prediction
1786993472.958,61.1,0.000,0.746,0.803,0.6609,-0.0110,8.47,-0.31730,0.150,0.560,0.000,-1.0000,-0.7553,TRACKING,prediction
1786993472.979,61.1,0.000,0.746,0.803,0.6609,-0.0088,6.78,-0.25384,0.150,0.560,0.000,-1.0000,-0.7553,TRACKING,prediction
1786993472.996,61.1,0.000,0.746,0.803,0.6609,-0.0070,5.42,-0.20307,0.150,0.560,0.000,-1.0000,-0.7553,TRACKING,prediction
1786993473.017,61.1,0.000,0.746,0.803,0.6609,-0.0056,4.34,-0.16246,0.150,0.560,0.000,-1.0000,-0.7553,TRACKING,prediction
1786993473.032,61.1,0.000,0.746,0.803,0.6609,-0.0045,3.47,-0.12996,0.150,0.560,0.000,-1.0000,-0.7553,TRACKING,prediction
1786993473.052,61.1,0.000,0.746,0.803,0.6609,-0.0036,2.78,-0.10397,0.150,0.556,0.000,-1.0000,-0.7553,TRACKING,prediction
1786993473.070,61.1,0.000,0.746,0.803,0.6609,-0.0029,2.22,-0.08318,0.150,0.545,0.000,-1.0000,-0.7576,TRACKING,prediction
1786993473.091,61.1,0.000,0.746,0.803,0.6609,-0.0023,1.78,-0.06654,0.150,0.529,0.000,-1.0000,-0.7641,TRACKING,prediction
1786993473.112,61.1,0.000,0.746,0.803,0.6609,-0.0018,1.42,-0.05323,0.150,0.511,0.000,-1.0000,-0.7737,TRACKING,prediction
1786993473.133,61.1,0.000,0.746,0.803,0.6609,-0.0015,1.14,-0.04259,0.150,0.491,0.000,-1.0000,-0.7853,UNCERTAIN,prediction
1786993473.156,61.1,0.000,0.746,0.803,0.6609,-0.0012,0.91,-0.03407,0.150,0.471,0.000,-1.0000,-0.7980,UNCERTAIN,prediction
1786993473.166,61.1,0.000,0.746,0.803,0.6609,-0.0009,0.73,-0.02726,0.150,0.450,0.000,-1.0000,-0.8113,UNCERTAIN,prediction
1786993473.184,61.1,0.000,0.746,0.803,0.6609,-0.0008,0.58,-0.02180,0.150,0.430,0.000,-1.0000,-0.8248,UNCERTAIN,prediction
1786993473.205,61.1,0.000,0.746,0.803,0.6609,-0.0006,0.47,-0.01744,0.150,0.409,0.000,-1.0000,-0.8381,UNCERTAIN,prediction
1786993473.225,61.1,0.000,0.746,0.803,0.6609,-0.0005,0.37,-0.01395,0.150,0.390,0.000,-1.0000,-0.8512,UNCERTAIN,prediction
1786993473.248,53.6,0.000,0.746,0.803,0.6609,-0.0004,0.30,-0.01116,0.150,0.371,0.000,-1.0000,-0.8638,UNCERTAIN,prediction
1786993473.268,53.6,0.000,0.746,0.803,0.6609,-0.0003,0.24,-0.00893,0.150,0.353,0.000,-1.0000,-0.8760,UNCERTAIN,prediction
1786993473.286,53.6,0.000,0.746,0.803,0.6609,-0.0002,0.19,-0.00714,0.150,0.336,0.000,-1.0000,-0.8877,UNCERTAIN,prediction
1786993473.306,53.6,0.000,0.746,0.803,0.6609,-0.0002,0.15,-0.00572,0.150,0.319,0.000,-1.0000,-0.8990,UNCERTAIN,prediction
1786993473.327,53.6,0.000,0.811,0.799,0.6096,-0.0988,10.03,0.01057,0.199,0.331,0.000,-1.0000,-0.9092,TRACKING,R+C
1786993473.346,53.6,0.000,0.790,0.806,0.5986,-0.0968,7.95,-0.13244,0.187,0.343,0.000,-1.0000,-0.9040,TRACKING,R+C
1786993473.367,53.6,0.000,0.772,0.813,0.5941,-0.0938,7.06,-0.17157,0.183,0.354,0.000,-1.0000,-0.8968,TRACKING,R+C
1786993473.388,53.6,0.000,0.772,0.813,0.5941,-0.0750,5.65,-0.13726,0.183,0.364,0.000,-1.0000,-0.8898,TRACKING,prediction
1786993473.409,53.6,0.000,0.772,0.813,0.5941,-0.0600,4.52,-0.10980,0.183,0.374,0.000,-1.0000,-0.8830,TRACKING,prediction
1786993473.429,53.6,0.000,0.772,0.813,0.5941,-0.0480,3.62,-0.08784,0.183,0.383,0.000,-1.0000,-0.8766,TRACKING,prediction
1786993473.442,53.6,0.000,0.787,0.835,0.5624,-0.0738,4.64,-0.19017,0.181,0.399,0.000,-0.9216,-0.8136,TRACKING,R+C
1786993473.461,53.6,0.000,0.795,0.841,0.5568,-0.0666,4.89,-0.11811,0.188,0.414,0.000,-0.8202,-0.7243,TRACKING,R+C
1786993473.491,53.6,0.377,0.774,0.849,0.4691,-0.0609,2.84,-0.29459,0.171,0.428,0.000,-0.8692,-0.7374,TRACKING,L+C+R_fused
1786993473.512,53.6,0.946,0.777,0.851,0.5108,-0.0540,2.22,-0.31155,0.169,0.442,0.000,-0.8077,-0.6892,TRACKING,L+C+R_fused
1786993473.532,53.6,0.949,0.771,0.861,0.5211,-0.0491,0.26,-0.44635,0.155,0.455,0.000,-0.7806,-0.6564,TRACKING,L+C+R_fused
1786993473.553,53.6,0.946,0.772,0.858,0.5057,-0.0416,0.74,-0.40910,0.159,0.467,0.000,-0.6790,-0.5760,TRACKING,L+C+R_fused
1786993473.574,53.6,0.949,0.752,0.863,0.4991,-0.0398,-1.55,-0.62050,0.150,0.479,0.000,-0.6770,-0.5575,TRACKING,L+C+R_fused
1786993473.595,53.6,0.947,0.706,0.863,0.5050,-0.0411,-5.49,-1.02215,0.150,0.490,0.000,-0.6187,-0.5115,TRACKING,L+C+R_fused
1786993473.615,53.6,0.954,0.733,0.877,0.5030,-0.0401,-4.27,-0.90459,0.150,0.500,0.000,-0.6299,-0.5080,TRACKING,L+C+R_fused
1786993473.636,53.6,0.949,0.755,0.878,0.4832,-0.0404,-4.59,-0.92175,0.150,0.510,0.000,-0.6264,-0.5013,TRACKING,L+C+R_fused
1786993473.657,53.6,0.959,0.748,0.875,0.4788,-0.0395,-5.54,-1.03553,0.150,0.520,0.000,-0.5978,-0.4780,TRACKING,L+C+R_fused
1786993473.677,53.6,0.957,0.732,0.884,0.4786,-0.0355,-7.11,-1.22972,0.150,0.529,0.000,-0.5137,-0.4166,TRACKING,L+C+R_fused
1786993473.698,53.6,0.940,0.704,0.888,0.4902,-0.0287,-9.35,-1.47446,0.150,0.537,0.000,-0.3606,-0.3055,TRACKING,L+C+R_fused
1786993473.719,53.6,0.940,0.716,0.894,0.4923,-0.0212,-10.16,-1.56080,0.150,0.545,0.000,-0.2180,-0.1947,TRACKING,L+C+R_fused
1786993473.741,53.6,0.943,0.728,0.900,0.4941,-0.0142,-10.61,-1.61628,0.150,0.553,0.000,-0.0871,-0.0927,TRACKING,L+C+R_fused
1786993473.763,53.6,0.941,0.751,0.897,0.4939,-0.0112,-11.45,-1.68998,0.150,0.560,0.000,-0.0118,-0.0288,TRACKING,L+C+R_fused
1786993473.776,53.6,0.953,0.756,0.903,0.4989,-0.0062,-10.49,-1.69110,0.150,0.567,0.000,0.0362,0.0114,TRACKING,L+C+R_fused
1786993473.799,53.6,0.944,0.765,0.902,0.4911,-0.0021,-10.99,-1.79730,0.150,0.574,0.000,0.1092,0.0636,TRACKING,L+C+R_fused
1786993473.816,53.6,0.943,0.765,0.905,0.5046,0.0045,-10.90,-1.86574,0.150,0.580,0.000,0.2082,0.1339,TRACKING,L+C+R_fused
1786993473.837,53.6,0.944,0.764,0.904,0.4997,0.0125,-11.28,-1.95603,0.150,0.586,0.000,0.3413,0.2277,TRACKING,L+C+R_fused
1786993473.858,53.6,0.935,0.771,0.914,0.4980,0.0229,-10.28,-1.95702,0.150,0.592,0.000,0.4696,0.3215,TRACKING,L+C+R_fused
1786993473.879,53.6,0.935,0.785,0.916,0.4985,0.0318,-9.75,-1.98377,0.150,0.597,0.000,0.5778,0.4018,TRACKING,L+C+R_fused
1786993473.899,53.6,0.940,0.775,0.914,0.5001,0.0467,-5.62,-1.84694,0.150,0.603,0.000,0.6657,0.4669,TRACKING,L+C+R_fused
1786993473.919,53.6,0.937,0.782,0.915,0.4993,0.0542,-2.97,-1.72412,0.150,0.607,0.000,0.6958,0.4933,TRACKING,L+C+R_fused
1786993473.939,53.6,0.943,0.778,0.919,0.5011,0.0543,-3.15,-1.80880,0.150,0.612,0.000,0.6908,0.4916,TRACKING,L+C+R_fused
1786993473.959,53.6,0.939,0.777,0.919,0.5043,0.0540,-2.50,-1.82907,0.150,0.616,0.000,0.6631,0.4719,TRACKING,L+C+R_fused
1786993473.980,53.6,0.932,0.778,0.921,0.4934,0.0543,-1.18,-1.79543,0.150,0.621,0.000,0.6275,0.4451,TRACKING,L+C+R_fused
1786993473.990,53.6,0.000,0.782,0.906,0.4598,0.0564,0.06,-1.76086,0.150,0.625,0.000,0.6187,0.4340,TRACKING,R+C
1786993474.011,53.6,0.000,0.780,0.907,0.4681,0.0602,2.23,-1.64287,0.150,0.605,0.000,0.6130,0.4274,TRACKING,R+C
1786993474.022,53.6,0.000,0.785,0.906,0.4705,0.0609,2.11,-1.69550,0.150,0.592,0.000,0.6196,0.4369,TRACKING,R+C
1786993474.041,53.6,0.000,0.783,0.910,0.4747,0.0621,2.63,-1.69671,0.150,0.582,0.000,0.6176,0.4416,TRACKING,R+C
1786993474.052,53.6,0.000,0.777,0.882,0.4818,0.0616,3.44,-1.70205,0.150,0.576,0.000,0.5801,0.4213,TRACKING,R+C
1786993474.063,53.6,0.000,0.774,0.891,0.4895,0.0598,4.73,-1.64313,0.150,0.571,0.000,0.5149,0.3785,TRACKING,R+C
1786993474.083,53.6,0.000,0.768,0.900,0.4958,0.0591,7.11,-1.48635,0.150,0.568,0.000,0.4321,0.3202,TRACKING,R+C
1786993474.093,53.6,0.000,0.765,0.893,0.5193,0.0565,9.23,-1.35738,0.150,0.565,0.000,0.3204,0.2402,TRACKING,R+C
1786993474.114,53.6,0.000,0.763,0.884,0.5253,0.0523,10.87,-1.24782,0.150,0.564,0.000,0.1945,0.1476,TRACKING,R+C
1786993474.123,53.6,0.000,0.756,0.884,0.5318,0.0478,12.59,-1.11760,0.150,0.563,0.000,0.0565,0.0450,TRACKING,R+C
1786993474.146,53.6,0.000,0.750,0.887,0.5396,0.0406,11.83,-1.28388,0.150,0.562,0.000,-0.0669,-0.0502,TRACKING,R+C
1786993474.171,53.6,0.000,0.749,0.885,0.5612,0.0336,11.58,-1.37737,0.150,0.561,0.000,-0.1962,-0.1465,TRACKING,R+C
1786993474.184,53.6,0.000,0.752,0.878,0.5718,0.0286,13.34,-1.21975,0.150,0.561,0.000,-0.3342,-0.2477,TRACKING,R+C
1786993474.202,53.6,0.000,0.752,0.871,0.5845,0.0222,14.41,-1.13354,0.150,0.561,0.000,-0.4695,-0.3478,TRACKING,R+C
1786993474.222,53.6,0.000,0.752,0.871,0.5845,0.0178,11.53,-0.90684,0.150,0.560,0.000,-0.4695,-0.3626,TRACKING,prediction
1786993474.244,53.6,0.000,0.752,0.871,0.5845,0.0142,9.22,-0.72547,0.150,0.560,0.000,-0.4695,-0.3649,TRACKING,prediction
1786993474.254,52.7,0.000,0.759,0.841,0.6211,-0.0061,12.98,-1.30859,0.150,0.560,0.000,-0.8182,-0.5838,TRACKING,R+C
1786993474.275,52.7,0.000,0.759,0.841,0.6211,-0.0049,10.39,-1.04687,0.150,0.560,0.000,-0.8182,-0.6159,TRACKING,prediction
1786993474.296,52.7,0.000,0.759,0.841,0.6211,-0.0039,8.31,-0.83750,0.150,0.560,0.000,-0.8182,-0.6207,TRACKING,prediction
1786993474.316,52.7,0.000,0.759,0.841,0.6211,-0.0031,6.65,-0.67000,0.150,0.560,0.000,-0.8182,-0.6215,TRACKING,prediction
1786993474.336,52.7,0.000,0.769,0.847,0.6259,-0.0123,16.56,-0.88869,0.150,0.560,0.000,-0.9380,-0.6955,TRACKING,R+C
1786993474.346,52.7,0.000,0.772,0.850,0.6324,-0.0149,16.04,-0.93638,0.150,0.560,0.000,-0.9538,-0.7164,TRACKING,R+C
1786993474.376,52.7,0.000,0.772,0.850,0.6324,-0.0119,12.83,-0.74911,0.150,0.560,0.000,-0.9538,-0.7195,TRACKING,prediction
1786993474.397,52.7,0.000,0.772,0.850,0.6324,-0.0095,10.26,-0.59929,0.150,0.560,0.000,-0.9538,-0.7200,TRACKING,prediction
1786993474.417,52.7,0.000,0.774,0.836,0.6545,-0.0399,17.04,-0.77768,0.150,0.560,0.000,-1.0000,-0.7499,TRACKING,R+C
1786993474.428,52.7,0.000,0.776,0.835,0.6642,-0.0501,17.33,-0.72076,0.150,0.560,0.000,-1.0000,-0.7548,TRACKING,R+C
1786993474.733,52.7,0.000,0.776,0.835,0.6642,-0.0401,13.87,-0.57661,0.150,0.560,0.000,-1.0000,-0.7554,TRACKING,prediction
1786993474.753,52.7,0.000,0.776,0.835,0.6642,-0.0321,11.09,-0.46128,0.150,0.560,0.000,-1.0000,-0.7555,TRACKING,prediction
1786993474.772,52.7,0.000,0.776,0.835,0.6642,-0.0257,8.87,-0.36903,0.150,0.560,0.000,-1.0000,-0.7555,TRACKING,prediction
1786993474.784,52.7,0.000,0.776,0.835,0.6642,-0.0205,7.10,-0.29522,0.150,0.560,0.000,-1.0000,-0.7555,TRACKING,prediction
1786993474.803,52.7,0.000,0.776,0.835,0.6642,-0.0164,5.68,-0.23618,0.150,0.560,0.000,-1.0000,-0.7555,TRACKING,prediction
1786993474.830,52.7,0.000,0.776,0.835,0.6642,-0.0131,4.54,-0.18894,0.150,0.560,0.000,-1.0000,-0.7555,TRACKING,prediction
1786993474.841,52.7,0.000,0.861,0.781,0.6957,-0.1187,15.47,-0.66141,0.150,0.560,0.000,-1.0000,-0.7596,TRACKING,R+C
1786993474.857,52.7,0.000,0.861,0.781,0.6957,-0.0950,12.37,-0.52913,0.150,0.560,0.000,-1.0000,-0.7596,TRACKING,prediction
1786993474.863,52.7,0.862,0.782,0.000,0.6850,0.2784,26.77,-0.96888,0.150,0.560,0.000,1.0000,-0.1754,TRACKING,L+C
1786993474.884,52.7,0.862,0.782,0.000,0.6850,0.2227,21.42,-0.77510,0.150,0.560,0.000,1.0000,0.3542,TRACKING,prediction
1786993474.906,52.7,0.862,0.782,0.000,0.6850,0.1782,17.13,-0.62008,0.150,0.560,0.000,1.0000,0.6921,TRACKING,prediction
1786993474.917,52.7,0.862,0.782,0.000,0.6850,0.1426,13.71,-0.49607,0.150,0.560,0.000,1.0000,0.7428,TRACKING,prediction
1786993474.931,52.7,0.000,0.861,0.799,0.6586,-0.1250,13.88,-0.45371,0.155,0.560,0.000,-1.0000,0.1384,TRACKING,R+C
1786993474.945,52.7,0.000,0.861,0.799,0.6586,-0.1000,11.11,-0.36297,0.155,0.560,0.000,-1.0000,-0.3814,TRACKING,prediction
1786993475.355,21.8,0.000,0.861,0.799,0.6586,-0.0800,8.89,-0.29037,0.155,0.560,0.000,-1.0000,-0.7022,TRACKING,prediction
1786993475.373,21.8,0.000,0.861,0.799,0.6586,-0.0640,7.11,-0.23230,0.155,0.560,0.000,-1.0000,-0.7504,TRACKING,prediction
1786993475.387,21.8,0.000,0.861,0.799,0.6586,-0.0512,5.69,-0.18584,0.155,0.560,0.000,-1.0000,-0.7576,TRACKING,prediction
1786993475.408,21.8,0.000,0.861,0.799,0.6586,-0.0409,4.55,-0.14867,0.155,0.567,0.000,-1.0000,-0.7587,TRACKING,prediction
1786993475.425,21.8,0.000,0.861,0.799,0.6586,-0.0328,3.64,-0.11894,0.155,0.574,0.000,-1.0000,-0.7549,TRACKING,prediction
1786993475.446,21.8,0.000,0.884,0.810,0.6210,-0.1206,10.88,-0.42971,0.157,0.580,0.000,-1.0000,-0.7493,TRACKING,R+C
1786993475.456,21.8,0.000,0.884,0.810,0.6210,-0.0965,8.70,-0.34377,0.157,0.586,0.000,-1.0000,-0.7451,TRACKING,prediction
1786993475.467,21.8,0.000,0.891,0.825,0.6107,-0.1158,10.18,-0.42297,0.158,0.592,0.000,-1.0000,-0.7405,TRACKING,R+C
1786993475.489,21.8,0.000,0.893,0.826,0.6048,-0.1121,10.42,-0.37332,0.163,0.597,0.000,-1.0000,-0.7364,TRACKING,R+C
1786993475.498,21.8,0.000,0.888,0.829,0.6004,-0.1100,8.78,-0.51319,0.150,0.602,0.000,-1.0000,-0.7325,TRACKING,R+C
1786993475.513,21.8,0.000,0.879,0.830,0.5947,-0.1062,9.25,-0.42018,0.158,0.607,0.000,-1.0000,-0.7287,TRACKING,R+C
1786993475.533,21.8,0.000,0.879,0.830,0.5947,-0.0849,7.40,-0.33614,0.158,0.612,0.000,-1.0000,-0.7255,TRACKING,prediction
1786993475.547,21.8,0.000,0.873,0.843,0.5850,-0.1004,7.96,-0.48266,0.152,0.616,0.000,-1.0000,-0.7217,TRACKING,R+C
1786993475.557,21.8,0.000,0.873,0.843,0.5850,-0.0803,6.37,-0.38613,0.152,0.620,0.000,-1.0000,-0.7187,TRACKING,prediction
1786993475.577,21.8,0.000,0.873,0.843,0.5850,-0.0643,5.10,-0.30890,0.152,0.624,0.000,-1.0000,-0.7159,TRACKING,prediction
1786993475.608,21.8,0.000,0.873,0.843,0.5850,-0.0514,4.08,-0.24712,0.152,0.628,0.000,-1.0000,-0.7133,TRACKING,prediction
1786993475.629,21.8,0.000,0.873,0.843,0.5850,-0.0411,3.26,-0.19770,0.152,0.632,0.000,-1.0000,-0.7108,TRACKING,prediction
1786993475.649,21.8,0.000,0.873,0.843,0.5850,-0.0329,2.61,-0.15816,0.152,0.635,0.000,-1.0000,-0.7083,TRACKING,prediction
1786993475.660,21.8,0.000,0.873,0.843,0.5850,-0.0263,2.09,-0.12653,0.152,0.638,0.000,-1.0000,-0.7061,TRACKING,prediction
1786993475.680,21.8,0.000,0.873,0.843,0.5850,-0.0211,1.67,-0.10122,0.152,0.641,0.000,-1.0000,-0.7039,TRACKING,prediction
1786993475.701,21.8,0.000,0.873,0.843,0.5850,-0.0168,1.34,-0.08098,0.152,0.644,0.000,-1.0000,-0.7018,TRACKING,prediction
1786993475.711,21.8,0.000,0.902,0.840,0.5821,-0.1323,5.47,-0.63875,0.150,0.647,0.000,-1.0000,-0.7020,TRACKING,R+C
1786993475.743,21.8,0.000,0.902,0.840,0.5821,-0.1058,4.37,-0.51100,0.150,0.650,0.000,-1.0000,-0.7002,TRACKING,prediction
1786993475.763,21.8,0.000,0.902,0.840,0.5821,-0.0847,3.50,-0.40880,0.150,0.652,0.000,-1.0000,-0.6984,TRACKING,prediction
1786993475.785,21.8,0.000,0.902,0.840,0.5821,-0.0677,2.80,-0.32704,0.150,0.655,0.000,-1.0000,-0.6967,TRACKING,prediction
1786993475.806,21.8,0.000,0.902,0.840,0.5821,-0.0542,2.24,-0.26163,0.150,0.657,0.000,-1.0000,-0.6951,TRACKING,prediction
1786993475.824,21.8,0.923,0.822,0.000,0.5772,0.2066,23.42,-0.69437,0.150,0.659,0.000,1.0000,-0.2037,TRACKING,L+C
1786993475.847,21.8,0.910,0.823,0.000,0.5716,0.2064,23.89,-0.61280,0.150,0.661,0.000,1.0000,0.2508,TRACKING,L+C
1786993475.859,21.8,0.000,0.913,0.823,0.5655,-0.1506,5.36,-0.40876,0.159,0.663,0.000,-1.0000,-0.2555,TRACKING,R+C
1786993475.882,21.8,0.000,0.907,0.830,0.5634,-0.1476,5.42,-0.39249,0.161,0.665,0.000,-1.0000,-0.6245,TRACKING,R+C
1786993475.895,21.8,0.000,0.907,0.830,0.5634,-0.1181,4.33,-0.31399,0.161,0.667,0.000,-1.0000,-0.6789,TRACKING,prediction
1786993475.905,21.8,0.000,0.905,0.837,0.5550,-0.1419,3.41,-0.54901,0.150,0.668,0.000,-1.0000,-0.6854,TRACKING,R+C
1786993475.927,21.8,0.000,0.891,0.840,0.5515,-0.1400,1.47,-0.70961,0.150,0.670,0.000,-1.0000,-0.6852,TRACKING,R+C
1786993475.947,21.8,0.000,0.884,0.842,0.5480,-0.1344,2.49,-0.58552,0.150,0.671,0.000,-1.0000,-0.6839,TRACKING,R+C
1786993475.968,21.8,0.000,0.846,0.850,0.5434,-0.1315,-0.23,-0.84802,0.150,0.673,0.000,-1.0000,-0.6826,TRACKING,R+C
1786993475.989,21.8,0.000,0.851,0.860,0.5398,-0.1255,0.13,-0.76832,0.150,0.674,0.000,-1.0000,-0.6810,TRACKING,R+C
1786993476.005,21.8,0.000,0.829,0.864,0.5368,-0.1209,-1.08,-0.86453,0.150,0.676,0.000,-1.0000,-0.6796,TRACKING,R+C
1786993476.019,21.8,0.000,0.824,0.868,0.5351,-0.1153,-1.59,-0.87538,0.150,0.677,0.000,-1.0000,-0.6781,TRACKING,R+C
1786993476.041,21.8,0.000,0.830,0.873,0.5366,-0.1117,-1.74,-0.86842,0.150,0.678,0.000,-1.0000,-0.6770,TRACKING,R+C
1786993476.054,21.8,0.000,0.826,0.876,0.5370,-0.1102,-2.40,-0.90592,0.150,0.679,0.000,-1.0000,-0.6760,TRACKING,R+C
1786993476.064,21.8,0.000,0.835,0.875,0.5337,-0.1127,-3.76,-0.98393,0.150,0.680,0.000,-1.0000,-0.6752,TRACKING,R+C
1786993476.084,21.8,0.000,0.831,0.875,0.5365,-0.1125,-1.45,-0.82472,0.150,0.681,0.000,-1.0000,-0.6748,TRACKING,R+C
1786993476.094,21.8,0.000,0.847,0.874,0.5387,-0.1162,-0.60,-0.75632,0.150,0.682,0.000,-1.0000,-0.6745,TRACKING,R+C
1786993476.105,21.8,0.000,0.847,0.870,0.5377,-0.1218,-1.23,-0.81806,0.150,0.683,0.000,-1.0000,-0.6743,TRACKING,R+C
1786993476.127,21.8,0.000,0.886,0.870,0.5408,-0.1247,0.93,-0.61122,0.150,0.684,0.000,-1.0000,-0.6740,TRACKING,R+C
1786993476.146,21.8,0.000,0.892,0.871,0.5414,-0.1277,0.88,-0.61829,0.150,0.685,0.000,-1.0000,-0.6737,TRACKING,R+C
1786993476.166,21.8,0.000,0.883,0.875,0.5409,-0.1303,0.15,-0.68109,0.150,0.685,0.000,-1.0000,-0.6733,TRACKING,R+C
1786993476.177,21.8,0.000,0.877,0.870,0.5363,-0.1322,-1.70,-0.83180,0.150,0.686,0.000,-1.0000,-0.6727,TRACKING,R+C
1786993476.206,21.8,0.000,0.849,0.882,0.5309,-0.1302,-3.16,-0.95695,0.150,0.648,0.000,-1.0000,-0.6720,TRACKING,R+C
1786993476.214,21.8,0.000,0.877,0.878,0.5299,-0.1220,-0.59,-0.72271,0.150,0.622,0.000,-1.0000,-0.6929,TRACKING,R+C
1786993476.235,21.8,0.000,0.905,0.881,0.5282,-0.1176,0.38,-0.60122,0.150,0.603,0.000,-1.0000,-0.7106,TRACKING,R+C
1786993476.245,21.8,0.000,0.903,0.885,0.5289,-0.1162,0.62,-0.57698,0.150,0.590,0.000,-1.0000,-0.7236,TRACKING,R+C
1786993476.267,21.8,0.000,0.903,0.884,0.5283,-0.1172,0.87,-0.57846,0.150,0.581,0.000,-1.0000,-0.7330,TRACKING,R+C
1786993476.278,21.8,0.000,0.899,0.885,0.5265,-0.1194,0.62,-0.60954,0.150,0.575,0.000,-1.0000,-0.7396,TRACKING,R+C
1786993476.286,21.8,0.000,0.897,0.884,0.5243,-0.1212,0.02,-0.65734,0.150,0.570,0.000,-1.0000,-0.7442,TRACKING,R+C
1786993476.316,21.8,0.000,0.907,0.887,0.5226,-0.1204,0.38,-0.60510,0.150,0.567,0.000,-1.0000,-0.7473,TRACKING,R+C
1786993476.328,21.8,0.000,0.909,0.894,0.5229,-0.1168,0.07,-0.60501,0.150,0.565,0.000,-1.0000,-0.7492,TRACKING,R+C
1786993476.339,21.8,0.000,0.837,0.897,0.5217,-0.1143,-3.58,-0.97774,0.150,0.564,0.000,-1.0000,-0.7505,TRACKING,R+C
1786993476.358,57.8,0.000,0.846,0.908,0.5229,-0.1087,-2.99,-0.91357,0.150,0.562,0.000,-1.0000,-0.7512,TRACKING,R+C
1786993476.379,57.8,0.000,0.843,0.908,0.5259,-0.1049,-2.84,-0.88143,0.150,0.562,0.000,-1.0000,-0.7516,TRACKING,R+C
1786993476.389,57.8,0.000,0.847,0.914,0.5276,-0.1010,-2.32,-0.81296,0.150,0.561,0.000,-1.0000,-0.7518,TRACKING,R+C
1786993476.409,57.8,0.000,0.856,0.913,0.5284,-0.0964,-1.99,-0.77870,0.150,0.561,0.000,-1.0000,-0.7519,TRACKING,R+C
1786993476.419,57.8,0.000,0.856,0.928,0.5288,-0.0904,-2.08,-0.77792,0.150,0.561,0.000,-1.0000,-0.7517,TRACKING,R+C
1786993476.429,57.8,0.000,0.851,0.924,0.5267,-0.0847,-2.53,-0.78531,0.150,0.560,0.000,-1.0000,-0.7513,TRACKING,R+C
1786993476.451,57.8,0.000,0.855,0.925,0.5268,-0.0777,-2.42,-0.75298,0.150,0.560,0.000,-1.0000,-0.7509,TRACKING,R+C
1786993476.461,57.8,0.000,0.861,0.935,0.5249,-0.0670,-1.24,-0.68443,0.150,0.560,0.000,-0.9878,-0.7428,TRACKING,R+C
1786993476.481,57.8,0.000,0.849,0.940,0.5200,-0.0596,-2.03,-0.76144,0.150,0.560,0.000,-0.9069,-0.6912,TRACKING,R+C
1786993476.502,57.8,0.000,0.857,0.935,0.5115,-0.0520,-1.93,-0.76942,0.150,0.560,0.000,-0.8309,-0.6358,TRACKING,R+C
1786993476.527,57.8,0.000,0.859,0.939,0.5088,-0.0446,-0.78,-0.68756,0.150,0.560,0.000,-0.7702,-0.5894,TRACKING,R+C
1786993476.544,57.8,0.000,0.872,0.937,0.5060,-0.0387,-0.05,-0.64396,0.150,0.560,0.000,-0.7148,-0.5475,TRACKING,R+C
1786993476.565,57.8,0.000,0.869,0.929,0.5020,-0.0346,-0.04,-0.66122,0.150,0.560,0.000,-0.6644,-0.5096,TRACKING,R+C
1786993476.585,57.8,0.000,0.865,0.935,0.4964,-0.0304,-1.13,-0.76630,0.150,0.560,0.000,-0.5850,-0.4538,TRACKING,R+C
1786993476.606,57.8,0.370,0.856,0.930,0.4803,-0.0216,0.20,-0.69928,0.150,0.560,0.000,-0.4946,-0.3883,TRACKING,L+C+R_fused
1786993476.627,57.8,0.604,0.851,0.704,0.5113,-0.0159,0.71,-0.68483,0.150,0.560,0.000,-0.4231,-0.3332,TRACKING,L+C+R_fused
1786993476.647,57.8,0.368,0.852,0.353,0.4029,-0.0134,1.07,-0.66933,0.150,0.560,0.000,-0.3963,-0.3080,TRACKING,L+C+R_fused
1786993476.658,57.8,0.000,0.854,0.347,0.4617,-0.0137,1.80,-0.63263,0.150,0.560,0.000,-0.4237,-0.3218,TRACKING,R+C
1786993476.678,57.8,0.378,0.850,0.357,0.5969,-0.0155,2.23,-0.60335,0.150,0.560,0.000,-0.4635,-0.3491,TRACKING,L+C+R_fused
1786993476.699,57.8,0.000,0.856,0.348,0.4484,-0.0178,3.19,-0.52105,0.150,0.560,0.000,-0.5231,-0.3908,TRACKING,R+C
1786993476.709,57.8,0.000,0.857,0.601,0.4719,-0.0206,3.26,-0.55295,0.150,0.560,0.000,-0.5715,-0.4279,TRACKING,R+C
1786993476.729,57.8,0.000,0.853,0.324,0.4028,-0.0235,3.48,-0.54590,0.150,0.560,0.000,-0.6185,-0.4632,TRACKING,R+C
1786993476.741,57.8,0.000,0.850,0.355,0.5534,-0.0251,4.47,-0.47253,0.153,0.560,0.000,-0.6436,-0.4845,TRACKING,R+C
1786993476.749,57.8,0.000,0.844,0.350,0.5186,-0.0269,4.81,-0.46356,0.154,0.560,0.000,-0.6710,-0.5050,TRACKING,R+C
1786993477.064,57.8,0.000,0.835,0.707,0.5159,-0.0275,3.62,-0.64240,0.150,0.560,0.000,-0.6900,-0.5202,TRACKING,R+C
1786993477.085,57.8,0.000,0.836,0.348,0.4059,-0.0262,3.40,-0.70573,0.150,0.560,0.000,-0.6747,-0.5129,TRACKING,R+C
1786993477.106,57.8,0.000,0.834,0.348,0.5802,-0.0226,2.34,-0.91060,0.150,0.560,0.000,-0.6192,-0.4774,TRACKING,R+C
1786993477.116,57.8,0.000,0.833,0.611,0.5610,-0.0191,1.62,-0.96294,0.150,0.560,0.000,-0.5505,-0.4286,TRACKING,R+C
1786993477.126,57.8,0.000,0.843,0.351,0.5682,-0.0138,1.70,-0.98862,0.150,0.560,0.000,-0.4787,-0.3761,TRACKING,R+C
1786993477.147,57.8,0.000,0.833,0.354,0.4053,-0.0112,2.81,-0.93216,0.150,0.560,0.000,-0.4731,-0.3648,TRACKING,R+C
1786993477.157,57.8,0.000,0.833,0.356,0.5695,-0.0114,3.46,-0.88937,0.150,0.560,0.000,-0.4950,-0.3770,TRACKING,R+C
1786993477.172,57.8,0.000,0.824,0.000,0.5695,-0.0152,2.91,-0.98385,0.150,0.560,0.000,-0.5449,-0.4107,TRACKING,C_only
1786993477.194,57.8,0.000,0.814,0.000,0.5695,-0.0199,2.42,-1.08439,0.150,0.560,0.000,-0.6084,-0.4560,TRACKING,C_only
1786993477.207,57.8,0.000,0.810,0.375,0.4780,-0.0235,3.54,-1.00104,0.150,0.560,0.000,-0.6845,-0.5106,TRACKING,R+C
1786993477.216,57.8,0.000,0.811,0.345,0.4570,-0.0287,3.93,-0.96551,0.150,0.560,0.000,-0.7566,-0.5640,TRACKING,R+C
1786993477.237,57.8,0.000,0.811,0.341,0.5393,-0.0339,3.37,-1.07420,0.150,0.560,0.000,-0.8143,-0.6083,TRACKING,R+C
1786993477.248,57.8,0.000,0.789,0.373,0.5386,-0.0387,2.51,-1.24406,0.150,0.560,0.000,-0.8617,-0.6448,TRACKING,R+C
1786993477.269,57.8,0.799,0.317,0.356,0.4434,0.2764,15.63,-1.00748,0.150,0.560,0.000,1.0000,-0.0488,TRACKING,L+C+R_fused
1786993477.289,57.8,0.799,0.317,0.356,0.4434,0.2212,12.51,-0.80599,0.150,0.551,0.000,1.0000,0.4701,TRACKING,prediction
1786993477.301,57.8,0.799,0.317,0.356,0.4434,0.1769,10.01,-0.64479,0.150,0.537,0.000,1.0000,0.7181,TRACKING,prediction
1786993477.319,57.8,0.799,0.317,0.356,0.4434,0.1415,8.00,-0.51583,0.150,0.520,0.000,1.0000,0.7631,TRACKING,prediction
1786993477.330,57.8,0.799,0.317,0.356,0.4434,0.1132,6.40,-0.41267,0.150,0.501,0.000,1.0000,0.7795,TRACKING,prediction
1786993477.340,57.8,0.799,0.317,0.356,0.4434,0.0906,5.12,-0.33013,0.150,0.480,0.000,1.0000,0.7926,UNCERTAIN,prediction
1786993477.360,42.9,0.799,0.317,0.356,0.4434,0.0725,4.10,-0.26411,0.150,0.460,0.000,1.0000,0.8059,UNCERTAIN,prediction
1786993477.704,42.9,0.799,0.317,0.356,0.4434,0.0580,3.28,-0.21128,0.150,0.439,0.000,1.0000,0.8193,UNCERTAIN,prediction
1786993477.716,42.9,0.799,0.317,0.356,0.4434,0.0464,2.62,-0.16903,0.150,0.419,0.000,1.0000,0.8327,UNCERTAIN,prediction
1786993477.734,42.9,0.799,0.317,0.356,0.4434,0.0371,2.10,-0.13522,0.150,0.399,0.000,1.0000,0.8459,UNCERTAIN,prediction
1786993477.755,42.9,0.799,0.317,0.356,0.4434,0.0297,1.68,-0.10818,0.150,0.380,0.000,1.0000,0.8587,UNCERTAIN,prediction
1786993477.775,42.9,0.799,0.317,0.356,0.4434,0.0237,1.34,-0.08654,0.150,0.361,0.000,1.0000,0.8711,UNCERTAIN,prediction
1786993477.795,42.9,0.799,0.317,0.356,0.4434,0.0190,1.07,-0.06923,0.150,0.344,0.000,1.0000,0.8830,UNCERTAIN,prediction
1786993477.810,42.9,0.799,0.317,0.356,0.4434,0.0152,0.86,-0.05539,0.150,0.327,0.000,1.0000,0.8944,UNCERTAIN,prediction
1786993477.825,42.9,0.799,0.317,0.356,0.4434,0.0122,0.69,-0.04431,0.150,0.310,0.000,1.0000,0.9053,UNCERTAIN,prediction
1786993477.841,42.9,0.799,0.317,0.356,0.4434,0.0097,0.55,-0.03545,0.150,0.295,0.000,1.0000,0.9157,UNCERTAIN,prediction
1786993477.854,42.9,0.000,0.795,0.858,0.6150,-0.0843,4.86,-1.68886,0.150,0.308,0.000,-1.0000,0.0912,TRACKING,R+C
1786993477.867,42.9,0.000,0.795,0.858,0.6150,-0.0674,3.89,-1.35109,0.150,0.321,0.000,-1.0000,-0.6163,TRACKING,prediction
1786993477.887,42.9,0.000,0.795,0.858,0.6150,-0.0540,3.11,-1.08087,0.150,0.333,0.000,-1.0000,-0.8668,TRACKING,prediction
1786993477.897,42.9,0.000,0.795,0.858,0.6150,-0.0432,2.49,-0.86470,0.150,0.344,0.000,-1.0000,-0.8979,TRACKING,prediction
1786993477.919,42.9,0.000,0.795,0.858,0.6150,-0.0345,1.99,-0.69176,0.150,0.355,0.000,-1.0000,-0.8964,TRACKING,prediction
1786993477.928,42.9,0.000,0.795,0.858,0.6150,-0.0276,1.59,-0.55341,0.150,0.365,0.000,-1.0000,-0.8903,TRACKING,prediction
1786993477.949,42.9,0.000,0.795,0.858,0.6150,-0.0221,1.27,-0.44273,0.150,0.375,0.000,-1.0000,-0.8838,TRACKING,prediction
1786993477.959,42.9,0.000,0.795,0.858,0.6150,-0.0177,1.02,-0.35418,0.150,0.384,0.000,-1.0000,-0.8775,TRACKING,prediction
1786993477.968,42.9,0.000,0.795,0.858,0.6150,-0.0141,0.81,-0.28334,0.150,0.393,0.000,-1.0000,-0.8715,TRACKING,prediction
1786993477.989,42.9,0.000,0.793,0.838,0.6570,-0.0988,10.96,-1.21711,0.150,0.401,0.000,-1.0000,-0.8670,TRACKING,R+C
1786993478.010,42.9,0.000,0.793,0.838,0.6570,-0.0791,8.77,-0.97368,0.150,0.409,0.000,-1.0000,-0.8616,TRACKING,prediction
1786993478.020,42.9,0.000,0.793,0.838,0.6570,-0.0633,7.01,-0.77895,0.150,0.417,0.000,-1.0000,-0.8565,TRACKING,prediction
1786993478.040,42.9,0.000,0.793,0.838,0.6570,-0.0506,5.61,-0.62316,0.150,0.424,0.000,-1.0000,-0.8516,TRACKING,prediction
1786993478.336,42.9,0.000,0.793,0.838,0.6570,-0.0405,4.49,-0.49853,0.150,0.431,0.000,-1.0000,-0.8470,TRACKING,prediction
1786993478.350,42.9,0.000,0.822,0.709,0.6736,-0.1236,16.18,-0.51560,0.150,0.437,0.000,-1.0000,-0.8438,TRACKING,R+C
1786993478.371,24.7,0.000,0.822,0.709,0.6736,-0.0988,12.95,-0.41248,0.150,0.443,0.000,-1.0000,-0.8396,TRACKING,prediction
1786993478.383,24.7,0.000,0.822,0.709,0.6736,-0.0791,10.36,-0.32998,0.150,0.449,0.000,-1.0000,-0.8356,TRACKING,prediction
1786993478.401,24.7,0.000,0.822,0.709,0.6736,-0.0633,8.29,-0.26398,0.150,0.455,0.000,-1.0000,-0.8319,TRACKING,prediction
1786993478.418,24.7,0.000,0.822,0.709,0.6736,-0.0506,6.63,-0.21119,0.150,0.460,0.000,-1.0000,-0.8283,TRACKING,prediction
1786993478.432,24.7,0.000,0.822,0.709,0.6736,-0.0405,5.30,-0.16895,0.150,0.465,0.000,-1.0000,-0.8249,TRACKING,prediction
1786993478.443,24.7,0.000,0.822,0.709,0.6736,-0.0324,4.24,-0.13516,0.150,0.470,0.000,-1.0000,-0.8217,TRACKING,prediction
1786993478.462,24.7,0.000,0.822,0.709,0.6736,-0.0259,3.39,-0.10813,0.150,0.481,0.000,-1.0000,-0.8186,TRACKING,prediction
1786993478.473,24.7,0.000,0.822,0.709,0.6736,-0.0207,2.72,-0.08650,0.150,0.485,0.000,-1.0000,-0.8118,TRACKING,prediction
1786993478.503,24.7,0.000,0.822,0.709,0.6736,-0.0166,2.17,-0.06920,0.150,0.488,0.000,-1.0000,-0.8087,TRACKING,prediction
1786993478.514,24.7,0.000,0.822,0.709,0.6736,-0.0133,1.74,-0.05536,0.150,0.489,0.000,-1.0000,-0.8067,TRACKING,prediction
1786993478.534,24.7,0.000,0.822,0.709,0.6736,-0.0106,1.39,-0.04429,0.150,0.489,0.000,-1.0000,-0.8057,TRACKING,prediction
1786993478.545,24.7,0.000,0.822,0.709,0.6736,-0.0085,1.11,-0.03543,0.150,0.481,0.000,-1.0000,-0.8058,TRACKING,prediction
1786993478.567,24.7,0.000,0.822,0.709,0.6736,-0.0068,0.89,-0.02835,0.150,0.482,0.000,-1.0000,-0.8100,UNCERTAIN,prediction
1786993478.575,24.7,0.000,0.822,0.709,0.6736,-0.0054,0.71,-0.02268,0.150,0.482,0.000,-1.0000,-0.8104,UNCERTAIN,prediction
1786993478.595,24.7,0.000,0.822,0.709,0.6736,-0.0043,0.57,-0.01814,0.150,0.482,0.000,-1.0000,-0.8102,UNCERTAIN,prediction
1786993478.616,24.7,0.000,0.822,0.709,0.6736,-0.0035,0.46,-0.01451,0.150,0.451,0.000,-1.0000,-0.8100,UNCERTAIN,prediction
1786993478.637,24.7,0.000,0.822,0.709,0.6736,-0.0028,0.36,-0.01161,0.150,0.450,0.000,-1.0000,-0.8272,UNCERTAIN,prediction
1786993478.658,24.7,0.000,0.822,0.709,0.6736,-0.0022,0.29,-0.00929,0.150,0.417,0.000,-1.0000,-0.8302,UNCERTAIN,prediction
1786993479.025,24.7,0.000,0.822,0.709,0.6736,-0.0018,0.23,-0.00743,0.150,0.389,0.000,-1.0000,-0.8485,UNCERTAIN,prediction
1786993479.036,24.7,0.764,0.653,0.000,0.6679,0.1718,-0.40,-1.74061,0.150,0.398,0.000,1.0000,-0.1218,TRACKING,L+C
1786993479.061,24.7,0.764,0.653,0.000,0.6679,0.1374,-0.32,-1.39249,0.150,0.406,0.000,1.0000,0.5316,TRACKING,prediction
1786993479.078,24.7,0.764,0.653,0.000,0.6679,0.1099,-0.26,-1.11399,0.150,0.413,0.000,1.0000,0.8051,TRACKING,prediction
1786993479.099,24.7,0.750,0.648,0.000,0.6423,0.1758,2.24,-1.30302,0.150,0.421,0.000,1.0000,0.8424,TRACKING,L+C
1786993479.111,24.7,0.000,0.745,0.646,0.6356,-0.1696,-2.12,-0.45891,0.154,0.428,0.000,-1.0000,0.1244,TRACKING,R+C
1786993479.127,24.7,0.000,0.743,0.645,0.6298,-0.1655,-2.74,-0.45957,0.154,0.434,0.000,-1.0000,-0.4945,TRACKING,R+C
1786993479.139,24.7,0.000,0.742,0.642,0.6149,-0.1608,-3.45,-0.46830,0.153,0.441,0.000,-1.0000,-0.7862,TRACKING,R+C
1786993479.144,24.7,0.000,0.732,0.643,0.6179,-0.1560,-4.61,-0.52341,0.150,0.447,0.000,-1.0000,-0.8262,TRACKING,R+C
1786993479.165,24.7,0.000,0.735,0.637,0.6068,-0.1507,-4.90,-0.49551,0.150,0.452,0.000,-1.0000,-0.8286,TRACKING,R+C
1786993479.185,24.7,0.000,0.724,0.620,0.5915,-0.1474,-7.35,-0.64791,0.150,0.458,0.000,-1.0000,-0.8255,TRACKING,R+C
1786993479.206,24.7,0.000,0.724,0.620,0.5915,-0.1180,-5.88,-0.51833,0.150,0.463,0.000,-1.0000,-0.8221,TRACKING,prediction
1786993479.216,24.7,0.000,0.716,0.623,0.5830,-0.1379,-8.18,-0.70442,0.150,0.468,0.000,-1.0000,-0.8181,TRACKING,R+C
1786993479.226,24.7,0.000,0.710,0.618,0.5807,-0.1378,-9.13,-0.77004,0.150,0.472,0.000,-1.0000,-0.8148,TRACKING,R+C
1786993479.246,24.7,0.000,0.711,0.619,0.5776,-0.1396,-9.61,-0.79887,0.150,0.477,0.000,-1.0000,-0.8118,TRACKING,R+C
1786993479.269,24.7,0.000,0.733,0.619,0.5750,-0.1422,-9.64,-0.78848,0.150,0.481,0.000,-1.0000,-0.8091,TRACKING,R+C
1786993479.287,24.7,0.000,0.745,0.620,0.5757,-0.1458,-10.83,-0.86770,0.150,0.485,0.000,-1.0000,-0.8064,TRACKING,R+C
1786993479.301,24.7,0.000,0.728,0.620,0.5780,-0.1445,-10.92,-0.91987,0.150,0.489,0.000,-1.0000,-0.8038,TRACKING,R+C
1786993479.318,24.7,0.000,0.726,0.621,0.5738,-0.1408,-11.33,-0.95236,0.150,0.492,0.000,-1.0000,-0.8011,TRACKING,R+C
1786993479.342,24.7,0.000,0.708,0.620,0.5684,-0.1350,-12.60,-1.07660,0.150,0.496,0.000,-1.0000,-0.7984,TRACKING,R+C
1786993479.358,24.7,0.000,0.708,0.621,0.5608,-0.1273,-13.22,-1.11350,0.150,0.499,0.000,-1.0000,-0.7956,TRACKING,R+C
1786993479.379,38.7,0.000,0.710,0.619,0.5526,-0.1208,-15.15,-1.25840,0.150,0.502,0.000,-1.0000,-0.7929,TRACKING,R+C
1786993479.400,38.7,0.000,0.708,0.621,0.5435,-0.1139,-16.97,-1.37159,0.150,0.505,0.000,-1.0000,-0.7903,TRACKING,R+C
1786993479.420,38.7,0.000,0.710,0.624,0.5349,-0.1003,-15.68,-1.34218,0.150,0.507,0.000,-1.0000,-0.7877,TRACKING,R+C
1786993479.441,38.7,0.761,0.692,0.622,0.4077,-0.0888,-15.71,-1.38454,0.150,0.517,0.000,-0.9267,-0.7379,TRACKING,L+C+R_fused
1786993479.459,38.7,0.778,0.701,0.664,0.4233,-0.0785,-15.97,-1.43887,0.150,0.526,0.000,-0.8197,-0.6559,TRACKING,L+C+R_fused
1786993479.480,38.7,0.759,0.730,0.655,0.4537,-0.0702,-16.19,-1.49459,0.150,0.535,0.000,-0.7231,-0.5769,TRACKING,L+C+R_fused
1786993479.500,38.7,0.779,0.739,0.651,0.4588,-0.0638,-16.21,-1.54708,0.150,0.543,0.000,-0.6467,-0.5124,TRACKING,L+C+R_fused
1786993479.521,38.7,0.703,0.747,0.652,0.4206,-0.0601,-15.60,-1.57478,0.150,0.551,0.000,-0.6221,-0.4843,TRACKING,L+C+R_fused
1786993482.699,2.4,0.763,0.749,0.656,0.4309,-0.0548,-12.82,-1.48475,0.150,0.558,0.000,-0.6275,-0.4807,TRACKING,L+C+R_fused
1786993482.720,2.4,0.539,0.721,0.657,0.4012,-0.0519,-12.81,-1.60107,0.150,0.566,0.000,-0.6069,-0.4650,TRACKING,L+C+R_fused
1786993482.739,2.4,0.000,0.740,0.676,0.4899,-0.0466,-11.89,-1.62550,0.150,0.572,0.000,-0.5673,-0.4354,TRACKING,R+C
1786993482.751,2.4,0.000,0.748,0.706,0.5046,-0.0389,-10.84,-1.62964,0.150,0.579,0.000,-0.4918,-0.3818,TRACKING,R+C
1786993482.772,2.4,0.000,0.748,0.706,0.5046,-0.0311,-8.67,-1.30371,0.150,0.585,0.000,-0.4918,-0.3720,TRACKING,prediction
1786993482.790,2.4,0.752,0.746,0.913,0.4383,-0.0158,-8.67,-1.62042,0.150,0.590,0.000,-0.1975,-0.1862,TRACKING,L+C+R_fused
1786993482.798,2.4,0.747,0.712,0.719,0.4724,-0.0021,-5.22,-1.40768,0.150,0.596,0.000,-0.0669,-0.0765,TRACKING,L+C+R_fused
1786993482.810,2.4,0.782,0.747,0.713,0.4825,0.0046,-6.53,-1.60122,0.150,0.601,0.000,0.0730,0.0262,TRACKING,L+C+R_fused
1786993482.836,2.4,0.774,0.760,0.914,0.4787,0.0119,-5.02,-1.55821,0.150,0.606,0.000,0.1458,0.0866,TRACKING,L+C+R_fused
1786993482.843,2.4,0.761,0.762,0.912,0.4621,0.0163,-2.66,-1.41028,0.150,0.611,0.000,0.1482,0.0968,TRACKING,L+C+R_fused
1786993482.858,2.4,0.734,0.760,0.921,0.4519,0.0155,-3.25,-1.54605,0.150,0.615,0.000,0.1336,0.0881,TRACKING,L+C+R_fused
1786993482.873,2.4,0.000,0.722,0.910,0.4891,0.0188,0.98,-1.23349,0.150,0.619,0.000,0.0637,0.0441,TRACKING,R+C
1786993482.889,2.4,0.000,0.702,0.923,0.4936,0.0191,2.98,-1.13052,0.150,0.624,0.000,-0.0023,-0.0032,TRACKING,R+C
1786993482.905,2.4,0.000,0.753,0.918,0.5064,0.0143,0.94,-1.42204,0.150,0.627,0.000,-0.0502,-0.0402,TRACKING,R+C
1786993482.921,2.4,0.000,0.755,0.919,0.5118,0.0116,2.14,-1.39370,0.150,0.631,0.000,-0.1466,-0.1035,TRACKING,R+C
1786993483.216,2.4,0.000,0.758,0.912,0.5189,0.0084,2.66,-1.43737,0.150,0.634,0.000,-0.2334,-0.1646,TRACKING,R+C
1786993483.237,2.4,0.000,0.760,0.899,0.5194,0.0046,3.23,-1.43327,0.150,0.638,0.000,-0.3206,-0.2249,TRACKING,R+C
1786993483.250,2.4,0.000,0.760,0.890,0.5337,0.0021,4.80,-1.33716,0.150,0.641,0.000,-0.4113,-0.2867,TRACKING,R+C
1786993483.268,2.4,0.000,0.756,0.894,0.5435,-0.0011,5.67,-1.30763,0.150,0.644,0.000,-0.4914,-0.3422,TRACKING,R+C
1786993483.281,2.4,0.000,0.746,0.880,0.5529,-0.0066,5.49,-1.38224,0.150,0.619,0.000,-0.5774,-0.4000,TRACKING,R+C
1786993483.301,2.4,0.000,0.746,0.881,0.5639,-0.0123,6.19,-1.36465,0.150,0.601,0.000,-0.6770,-0.4765,TRACKING,R+C
1786993483.306,2.4,0.000,0.753,0.881,0.5731,-0.0185,6.78,-1.34423,0.150,0.589,0.000,-0.7708,-0.5514,TRACKING,R+C
1786993483.322,2.4,0.000,0.759,0.863,0.5813,-0.0247,7.34,-1.33290,0.150,0.580,0.000,-0.8565,-0.6201,TRACKING,R+C
1786993483.343,2.4,0.000,0.759,0.862,0.5899,-0.0274,9.05,-1.16789,0.150,0.574,0.000,-0.9119,-0.6682,TRACKING,R+C
1786993483.354,2.4,0.000,0.761,0.854,0.5948,-0.0310,8.95,-1.18999,0.150,0.570,0.000,-0.9468,-0.7000,TRACKING,R+C
1786993483.370,2.4,0.000,0.755,0.852,0.5954,-0.0308,8.98,-1.20553,0.150,0.567,0.000,-0.9475,-0.7074,TRACKING,R+C
1786993483.392,2.4,0.000,0.764,0.857,0.5940,-0.0289,8.99,-1.21842,0.150,0.565,0.000,-0.9304,-0.6996,TRACKING,R+C
1786993483.411,2.4,0.000,0.766,0.850,0.5936,-0.0276,9.73,-1.14131,0.150,0.563,0.000,-0.9289,-0.6985,TRACKING,R+C
1786993483.418,2.4,0.000,0.766,0.850,0.5936,-0.0221,7.78,-0.91305,0.150,0.562,0.000,-0.9289,-0.6991,TRACKING,prediction
1786993483.441,2.4,0.000,0.766,0.850,0.5936,-0.0176,6.22,-0.73044,0.150,0.562,0.000,-0.9289,-0.6997,TRACKING,prediction
1786993483.462,2.4,0.000,0.766,0.850,0.5936,-0.0141,4.98,-0.58435,0.150,0.561,0.000,-0.9289,-0.7002,TRACKING,prediction
1786993483.478,2.4,0.000,0.766,0.850,0.5936,-0.0113,3.98,-0.46748,0.150,0.561,0.000,-0.9289,-0.7005,TRACKING,prediction
1786993483.494,2.4,0.000,0.766,0.850,0.5936,-0.0090,3.19,-0.37399,0.150,0.561,0.000,-0.9289,-0.7008,TRACKING,prediction
1786993483.509,2.4,0.000,0.766,0.850,0.5936,-0.0072,2.55,-0.29919,0.150,0.568,0.000,-0.9289,-0.7009,TRACKING,prediction
1786993483.536,2.4,0.000,0.766,0.850,0.5936,-0.0058,2.04,-0.23935,0.150,0.565,0.000,-0.9289,-0.6973,TRACKING,prediction
1786993483.541,2.4,0.000,0.766,0.850,0.5936,-0.0046,1.63,-0.19148,0.150,0.564,0.000,-0.9289,-0.6979,TRACKING,prediction
1786993483.568,2.4,0.000,0.766,0.850,0.5936,-0.0037,1.31,-0.15318,0.150,0.563,0.000,-0.9289,-0.6989,TRACKING,prediction
1786993483.590,2.4,0.000,0.766,0.850,0.5936,-0.0030,1.04,-0.12255,0.150,0.556,0.000,-0.9289,-0.6996,TRACKING,prediction
1786993483.596,2.4,0.000,0.766,0.850,0.5936,-0.0024,0.84,-0.09804,0.150,0.544,0.000,-0.9289,-0.7029,TRACKING,prediction
1786993483.612,2.4,0.000,0.766,0.850,0.5936,-0.0019,0.67,-0.07843,0.150,0.528,0.000,-0.9289,-0.7100,TRACKING,prediction
1786993483.628,2.4,0.000,0.766,0.850,0.5936,-0.0015,0.53,-0.06274,0.150,0.509,0.000,-0.9289,-0.7196,TRACKING,prediction
1786993483.658,2.4,0.000,0.786,0.876,0.5905,-0.0382,10.44,-0.93174,0.150,0.511,0.000,-1.0000,-0.7767,TRACKING,R+C
1786993483.676,2.4,0.000,0.786,0.876,0.5905,-0.0306,8.35,-0.74539,0.150,0.514,0.000,-1.0000,-0.7838,TRACKING,prediction
1786993483.691,2.4,0.000,0.758,0.861,0.5839,-0.0342,11.27,-0.83219,0.150,0.516,0.000,-0.9968,-0.7811,TRACKING,R+C
1786993483.713,43.4,0.000,0.784,0.870,0.5769,-0.0327,10.38,-0.90106,0.150,0.518,0.000,-0.9687,-0.7614,TRACKING,R+C
1786993483.734,43.4,0.000,0.741,0.878,0.5741,-0.0288,11.69,-0.74400,0.150,0.520,0.000,-0.9498,-0.7450,TRACKING,R+C
1786993483.739,43.4,0.000,0.788,0.880,0.5690,-0.0282,9.25,-0.96061,0.150,0.522,0.000,-0.9033,-0.7117,TRACKING,R+C
1786993483.754,43.4,0.000,0.778,0.891,0.5657,-0.0251,9.19,-0.93848,0.150,0.524,0.000,-0.8675,-0.6826,TRACKING,R+C
1786993483.771,43.4,0.000,0.777,0.879,0.5616,-0.0208,9.37,-0.90941,0.150,0.533,0.000,-0.8232,-0.6488,TRACKING,R+C
1786993483.787,43.4,0.000,0.741,0.888,0.5568,-0.0192,8.60,-0.92317,0.150,0.541,0.000,-0.7831,-0.6139,TRACKING,R+C
1786993483.802,43.4,0.000,0.784,0.894,0.5498,-0.0130,9.40,-0.85832,0.150,0.549,0.000,-0.7254,-0.5682,TRACKING,R+C
1786993483.818,43.4,0.000,0.794,0.898,0.5462,-0.0070,10.79,-0.69744,0.150,0.557,0.000,-0.6733,-0.5249,TRACKING,R+C
1786993483.834,43.4,0.000,0.794,0.910,0.5399,-0.0027,10.60,-0.69380,0.150,0.564,0.000,-0.6088,-0.4748,TRACKING,R+C
1786993483.860,43.4,0.000,0.795,0.903,0.5351,-0.0010,9.40,-0.79690,0.150,0.571,0.000,-0.5555,-0.4315,TRACKING,R+C
1786993483.866,43.4,0.000,0.795,0.903,0.5351,-0.0008,7.52,-0.63752,0.150,0.577,0.000,-0.5555,-0.4228,TRACKING,prediction
1786993483.881,43.4,0.000,0.795,0.903,0.5351,-0.0007,6.01,-0.51002,0.150,0.572,0.000,-0.5555,-0.4194,TRACKING,prediction
1786993483.903,43.4,0.000,0.795,0.903,0.5351,-0.0005,4.81,-0.40801,0.150,0.568,0.000,-0.5555,-0.4206,TRACKING,prediction
1786993483.924,43.4,0.000,0.797,0.905,0.5417,-0.0093,9.57,-0.77225,0.150,0.566,0.000,-0.6715,-0.4945,TRACKING,R+C
1786993483.939,43.4,0.000,0.797,0.905,0.5417,-0.0074,7.66,-0.61780,0.150,0.564,0.000,-0.6715,-0.5064,TRACKING,prediction
1786993483.955,43.4,0.000,0.810,0.887,0.5544,-0.0239,10.31,-0.69525,0.150,0.571,0.000,-0.8588,-0.6258,TRACKING,R+C
1786993483.971,43.4,0.000,0.803,0.881,0.5584,-0.0325,10.12,-0.70176,0.150,0.577,0.000,-0.9411,-0.6910,TRACKING,R+C
1786993483.987,43.4,0.000,0.808,0.888,0.5643,-0.0391,10.05,-0.69549,0.150,0.584,0.000,-0.9978,-0.7319,TRACKING,R+C
1786993484.003,43.4,0.000,0.802,0.872,0.5673,-0.0450,10.05,-0.68358,0.150,0.576,0.000,-1.0000,-0.7363,TRACKING,R+C
1786993484.020,43.4,0.000,0.812,0.874,0.5704,-0.0495,10.09,-0.67057,0.150,0.572,0.000,-1.0000,-0.7411,TRACKING,R+C
1786993484.036,43.4,0.000,0.826,0.861,0.5729,-0.0522,10.00,-0.65428,0.150,0.578,0.000,-1.0000,-0.7447,TRACKING,R+C
1786993484.052,43.4,0.000,0.828,0.859,0.5697,-0.0509,10.40,-0.57320,0.150,0.584,0.000,-1.0000,-0.7414,TRACKING,R+C
1786993484.068,43.4,0.000,0.830,0.866,0.5615,-0.0477,9.95,-0.59572,0.150,0.590,0.000,-1.0000,-0.7372,TRACKING,R+C
1786993484.084,43.4,0.000,0.818,0.871,0.5524,-0.0450,8.06,-0.74592,0.150,0.595,0.000,-1.0000,-0.7329,TRACKING,R+C
1786993484.100,43.4,0.000,0.800,0.884,0.5470,-0.0402,7.31,-0.78938,0.150,0.601,0.000,-0.9519,-0.7002,TRACKING,R+C
1786993484.116,43.4,0.000,0.803,0.892,0.5456,-0.0334,7.65,-0.73481,0.150,0.606,0.000,-0.8885,-0.6542,TRACKING,R+C
1786993484.142,43.4,0.000,0.802,0.902,0.5411,-0.0275,7.78,-0.70178,0.150,0.610,0.000,-0.8260,-0.6072,TRACKING,R+C
1786993484.158,43.4,0.000,0.804,0.896,0.5349,-0.0228,7.40,-0.71589,0.150,0.615,0.000,-0.7617,-0.5594,TRACKING,R+C
1786993484.164,43.4,0.000,0.809,0.901,0.5266,-0.0186,6.99,-0.74317,0.150,0.619,0.000,-0.7006,-0.5138,TRACKING,R+C
1786993484.173,43.4,0.000,0.809,0.904,0.5204,-0.0146,6.45,-0.76738,0.150,0.623,0.000,-0.6322,-0.4644,TRACKING,R+C
1786993484.204,43.4,0.858,0.812,0.925,0.5110,-0.0123,5.73,-0.80214,0.150,0.627,0.000,-0.5805,-0.4247,TRACKING,L+C+R_fused
1786993484.222,43.4,0.957,0.815,0.926,0.5098,-0.0105,5.24,-0.81931,0.150,0.631,0.000,-0.5385,-0.3925,TRACKING,L+C+R_fused
1786993484.242,43.4,0.956,0.814,0.921,0.5086,-0.0084,5.99,-0.76144,0.150,0.634,0.000,-0.5264,-0.3794,TRACKING,L+C+R_fused
1786993484.273,43.4,0.956,0.814,0.921,0.5086,-0.0067,4.79,-0.60915,0.150,0.637,0.000,-0.5264,-0.3764,TRACKING,prediction
1786993484.283,43.4,0.956,0.814,0.921,0.5086,-0.0053,3.83,-0.48732,0.150,0.640,0.000,-0.5264,-0.3749,TRACKING,prediction
1786993484.295,43.4,0.000,0.813,0.912,0.5230,-0.0173,6.06,-0.75154,0.150,0.643,0.000,-0.6540,-0.4487,TRACKING,R+C
1786993484.314,43.4,0.000,0.813,0.917,0.5254,-0.0182,6.00,-0.74363,0.150,0.646,0.000,-0.6626,-0.4634,TRACKING,R+C
1786993484.324,43.4,0.000,0.808,0.920,0.5243,-0.0150,6.05,-0.73834,0.150,0.649,0.000,-0.6201,-0.4397,TRACKING,R+C
1786993484.344,43.4,0.916,0.800,0.926,0.5083,-0.0111,4.94,-0.80361,0.150,0.652,0.000,-0.5335,-0.3847,TRACKING,L+C+R_fused
1786993484.365,43.4,0.856,0.793,0.931,0.4901,-0.0027,5.57,-0.74622,0.150,0.654,0.000,-0.4206,-0.3100,TRACKING,L+C+R_fused
1786993484.386,43.4,0.957,0.796,0.925,0.5205,0.0047,5.54,-0.73415,0.150,0.656,0.000,-0.2964,-0.2258,TRACKING,L+C+R_fused
1786993484.406,43.4,0.956,0.793,0.923,0.5070,0.0120,5.63,-0.72149,0.150,0.658,0.000,-0.1726,-0.1408,TRACKING,L+C+R_fused
1786993484.427,43.4,0.950,0.806,0.892,0.5117,0.0167,5.64,-0.71368,0.150,0.661,0.000,-0.0894,-0.0794,TRACKING,L+C+R_fused
1786993484.448,43.4,0.952,0.809,0.933,0.5133,0.0201,5.53,-0.73743,0.150,0.662,0.000,-0.0282,-0.0346,TRACKING,L+C+R_fused
1786993484.458,43.4,0.952,0.810,0.713,0.5138,0.0217,5.77,-0.72716,0.150,0.664,0.000,-0.0081,-0.0162,TRACKING,L+C+R_fused
1786993484.479,43.4,0.953,0.804,0.344,0.5127,0.0200,5.78,-0.73240,0.150,0.666,0.000,-0.0413,-0.0329,TRACKING,L+C+R_fused
1786993484.495,43.4,0.950,0.798,0.815,0.5169,0.0183,5.73,-0.74983,0.150,0.668,0.000,-0.0726,-0.0535,TRACKING,L+C+R_fused
1786993484.520,43.4,0.943,0.802,0.913,0.5211,0.0177,5.79,-0.75121,0.150,0.669,0.000,-0.0848,-0.0636,TRACKING,L+C+R_fused
1786993484.541,43.4,0.949,0.804,0.912,0.5186,0.0170,5.17,-0.79508,0.150,0.671,0.000,-0.0775,-0.0607,TRACKING,L+C+R_fused
1786993484.551,43.4,0.947,0.801,0.749,0.5164,0.0179,5.86,-0.76263,0.150,0.672,0.000,-0.0873,-0.0660,TRACKING,L+C+R_fused
1786993484.571,43.4,0.954,0.800,0.917,0.5132,0.0161,5.99,-0.76286,0.150,0.674,0.000,-0.1252,-0.0885,TRACKING,L+C+R_fused
1786993484.590,43.4,0.954,0.796,0.916,0.5185,0.0127,5.71,-0.80195,0.150,0.675,0.000,-0.1790,-0.1227,TRACKING,L+C+R_fused
1786993484.611,43.4,0.953,0.801,0.904,0.5185,0.0097,6.06,-0.79054,0.150,0.676,0.000,-0.2446,-0.1652,TRACKING,L+C+R_fused
1786993484.621,43.4,0.953,0.796,0.904,0.5274,0.0076,5.79,-0.83821,0.150,0.678,0.000,-0.2769,-0.1899,TRACKING,L+C+R_fused
1786993484.642,43.4,0.953,0.796,0.904,0.5274,0.0061,4.63,-0.67057,0.150,0.679,0.000,-0.2769,-0.1933,TRACKING,prediction
1786993484.662,43.4,0.956,0.801,0.899,0.5011,0.0075,4.56,-0.96246,0.150,0.680,0.000,-0.2470,-0.1769,TRACKING,L+C+R_fused
1786993484.682,43.4,0.948,0.791,0.907,0.4990,0.0137,5.47,-0.91325,0.150,0.681,0.000,-0.1715,-0.1313,TRACKING,L+C+R_fused
1786993484.702,43.4,0.948,0.791,0.907,0.4990,0.0109,4.37,-0.73060,0.150,0.682,0.000,-0.1715,-0.1245,TRACKING,prediction
1786993484.712,43.4,0.950,0.808,0.919,0.4819,0.0257,6.66,-0.81910,0.150,0.683,0.000,0.0041,-0.0231,TRACKING,L+C+R_fused
1786993484.732,57.9,0.947,0.802,0.908,0.4762,0.0274,5.10,-1.00948,0.150,0.683,0.000,0.0706,0.0294,TRACKING,L+C+R_fused
1786993484.753,57.9,0.947,0.795,0.923,0.4768,0.0299,4.88,-1.03889,0.150,0.684,0.000,0.1193,0.0652,TRACKING,L+C+R_fused
1786993484.763,57.9,0.946,0.802,0.928,0.4774,0.0349,5.65,-0.93818,0.150,0.685,0.000,0.1898,0.1113,TRACKING,L+C+R_fused
1786993484.784,57.9,0.861,0.794,0.926,0.4784,0.0402,4.67,-1.03454,0.150,0.686,0.000,0.3068,0.1850,TRACKING,L+C+R_fused
1786993484.805,57.9,0.856,0.788,0.708,0.4787,0.0487,4.77,-1.03746,0.150,0.687,0.000,0.4407,0.2727,TRACKING,L+C+R_fused
1786993484.815,57.9,0.840,0.791,0.372,0.5320,0.0575,5.51,-0.95673,0.150,0.687,0.000,0.5560,0.3520,TRACKING,L+C+R_fused
1786993484.837,57.9,0.890,0.792,0.378,0.5261,0.0651,5.21,-0.98696,0.150,0.688,0.000,0.6675,0.4272,TRACKING,L+C+R_fused
1786993484.856,57.9,0.866,0.797,0.000,0.5223,0.0717,5.01,-1.00542,0.150,0.688,0.000,0.7557,0.4881,TRACKING,L+C
1786993484.866,57.9,0.871,0.798,0.379,0.5956,0.0775,5.07,-1.01053,0.150,0.689,0.000,0.8205,0.5336,TRACKING,L+C+R_fused
1786993484.876,57.9,0.871,0.804,0.000,0.5304,0.0803,5.13,-1.01317,0.150,0.690,0.000,0.8487,0.5560,TRACKING,L+C
1786993484.908,57.9,0.912,0.800,0.379,0.5945,0.0800,4.29,-1.10324,0.150,0.690,0.000,0.8587,0.5646,TRACKING,L+C+R_fused
1786993484.929,57.9,0.907,0.789,0.376,0.4411,0.0838,5.24,-1.04982,0.150,0.691,0.000,0.8789,0.5771,TRACKING,L+C+R_fused
1786993484.951,57.9,0.805,0.779,0.908,0.4870,0.0870,6.47,-0.97342,0.150,0.691,0.000,0.8873,0.5834,TRACKING,L+C+R_fused
1786993484.986,57.9,0.837,0.782,0.761,0.4961,0.0887,6.12,-1.03353,0.150,0.692,0.000,0.9066,0.5949,TRACKING,L+C+R_fused
1786993485.007,57.9,0.813,0.762,0.336,0.4926,0.0922,7.58,-0.91268,0.150,0.692,0.000,0.9167,0.6021,TRACKING,L+C+R_fused
1786993485.028,57.9,0.912,0.775,0.666,0.4895,0.0923,7.90,-0.91358,0.150,0.692,0.000,0.9088,0.5985,TRACKING,L+C+R_fused
1786993485.042,57.9,0.905,0.730,0.314,0.4904,0.0917,9.73,-0.75174,0.150,0.693,0.000,0.8709,0.5764,TRACKING,L+C+R_fused
1786993485.058,57.9,0.896,0.748,0.327,0.5090,0.0871,7.91,-0.95077,0.150,0.693,0.000,0.8509,0.5615,TRACKING,L+C+R_fused
1786993485.069,57.9,0.918,0.730,0.775,0.4980,0.0841,8.06,-0.95888,0.150,0.693,0.000,0.8130,0.5377,TRACKING,L+C+R_fused
1786993485.079,57.9,0.918,0.705,0.918,0.5003,0.0833,9.95,-0.81016,0.150,0.694,0.000,0.7637,0.5062,TRACKING,L+C+R_fused
1786993485.101,57.9,0.918,0.705,0.918,0.5003,0.0666,7.96,-0.64813,0.150,0.694,0.000,0.7637,0.5014,TRACKING,prediction
1786993485.114,57.9,0.857,0.699,0.713,0.4746,0.0786,12.28,-0.64937,0.150,0.694,0.000,0.6468,0.4345,TRACKING,L+C+R_fused
1786993485.129,57.9,0.804,0.695,0.724,0.4737,0.0769,14.11,-0.50100,0.150,0.695,0.000,0.5771,0.3848,TRACKING,L+C+R_fused
1786993485.140,57.9,0.000,0.689,0.899,0.4761,0.0759,16.73,-0.27713,0.172,0.695,0.000,0.3827,0.2685,TRACKING,R+C
1786993485.150,57.9,0.000,0.699,0.873,0.4718,0.0664,11.50,-0.85181,0.150,0.695,0.000,0.4690,0.2969,TRACKING,R+C
1786993485.170,57.9,0.000,0.693,0.874,0.4872,0.0658,15.15,-0.52128,0.150,0.695,0.000,0.3602,0.2400,TRACKING,R+C
1786993485.180,57.9,0.000,0.688,0.866,0.4871,0.0629,17.75,-0.27284,0.173,0.696,0.000,0.1808,0.1310,TRACKING,R+C
1786993485.201,57.9,0.000,0.682,0.879,0.4947,0.0592,20.68,0.00387,0.200,0.696,0.000,-0.1316,-0.0595,TRACKING,R+C
1786993485.211,57.9,0.000,0.677,0.884,0.5035,0.0554,22.40,0.09917,0.190,0.696,0.000,-0.2343,-0.1458,TRACKING,R+C
1786993485.232,57.9,0.000,0.677,0.884,0.5035,0.0443,17.92,0.07934,0.190,0.696,0.000,-0.2343,-0.1585,TRACKING,prediction
1786993485.242,57.9,0.000,0.698,0.870,0.5127,0.0409,13.52,-0.86653,0.150,0.696,0.000,-0.0615,-0.0686,TRACKING,R+C
1786993485.252,57.9,0.000,0.753,0.871,0.5184,0.0367,8.70,-1.40106,0.150,0.697,0.000,-0.0066,-0.0252,TRACKING,R+C
1786993485.273,57.9,0.000,0.748,0.860,0.5208,0.0410,9.49,-1.34170,0.150,0.697,0.000,0.0428,0.0094,TRACKING,R+C
1786993485.287,57.9,0.000,0.750,0.852,0.5189,0.0438,9.44,-1.36001,0.150,0.697,0.000,0.0919,0.0423,TRACKING,R+C
1786993485.298,57.9,0.000,0.707,0.852,0.5145,0.0476,11.40,-1.16902,0.150,0.697,0.000,0.1018,0.0531,TRACKING,R+C
1786993485.319,57.9,0.000,0.707,0.852,0.5145,0.0381,9.12,-0.93521,0.150,0.697,0.000,0.1018,0.0547,TRACKING,prediction
1786993485.339,57.9,0.000,0.707,0.852,0.5145,0.0305,7.30,-0.74817,0.150,0.697,0.000,0.1018,0.0549,TRACKING,prediction
1786993485.350,57.9,0.000,0.735,0.836,0.5311,0.0327,8.28,-1.58711,0.150,0.698,0.000,-0.0935,-0.0566,TRACKING,R+C
1786993485.380,57.9,0.000,0.735,0.836,0.5311,0.0261,6.63,-1.26969,0.150,0.698,0.000,-0.0935,-0.0725,TRACKING,prediction
1786993485.398,57.9,0.000,0.735,0.836,0.5311,0.0209,5.30,-1.01575,0.150,0.698,0.000,-0.0935,-0.0749,TRACKING,prediction
1786993485.411,57.9,0.000,0.728,0.833,0.5640,0.0189,10.70,-1.50887,0.150,0.698,0.000,-0.4247,-0.2599,TRACKING,R+C
1786993485.433,57.9,0.000,0.731,0.826,0.5702,0.0160,10.72,-1.58073,0.150,0.698,0.000,-0.4826,-0.3192,TRACKING,R+C
1786993485.442,57.9,0.000,0.697,0.814,0.5769,0.0209,16.45,-0.90515,0.150,0.698,0.000,-0.5383,-0.3575,TRACKING,R+C
1786993485.461,57.9,0.000,0.690,0.820,0.5746,0.0236,19.90,-0.50645,0.150,0.698,0.000,-0.5748,-0.3826,TRACKING,R+C
1786993485.482,57.9,0.000,0.690,0.815,0.5763,0.0220,18.08,-0.75489,0.150,0.698,0.000,-0.5642,-0.3812,TRACKING,R+C
1786993485.493,57.9,0.000,0.689,0.815,0.5811,0.0192,17.47,-0.85136,0.150,0.657,0.000,-0.5953,-0.3983,TRACKING,R+C
1786993485.503,57.9,0.000,0.684,0.808,0.5946,0.0135,18.02,-0.84459,0.150,0.628,0.000,-0.6933,-0.4717,TRACKING,R+C
1786993485.523,57.9,0.000,0.688,0.809,0.6026,0.0034,15.74,-1.16323,0.150,0.607,0.000,-0.7806,-0.5461,TRACKING,R+C
1786993485.534,57.9,0.000,0.687,0.800,0.6128,0.0013,20.24,-0.64568,0.150,0.612,0.000,-0.8824,-0.6261,TRACKING,R+C
1786993485.554,57.9,0.000,0.687,0.800,0.6128,0.0010,16.19,-0.51654,0.150,0.616,0.000,-0.8824,-0.6357,TRACKING,prediction
1786993485.574,57.9,0.000,0.716,0.804,0.6253,-0.0101,11.87,-1.88995,0.150,0.621,0.000,-0.8959,-0.6447,TRACKING,R+C
1786993485.584,57.9,0.000,0.722,0.806,0.6255,-0.0091,12.62,-1.79647,0.150,0.602,0.000,-0.8974,-0.6444,TRACKING,R+C
1786993485.611,57.9,0.000,0.722,0.808,0.6313,-0.0096,12.77,-1.78612,0.150,0.590,0.000,-0.9051,-0.6583,TRACKING,R+C
1786993485.629,57.9,0.000,0.718,0.814,0.6370,-0.0137,12.87,-1.80967,0.150,0.581,0.000,-0.9501,-0.6940,TRACKING,R+C
1786993485.642,57.9,0.000,0.718,0.814,0.6370,-0.0110,10.29,-1.44774,0.150,0.575,0.000,-0.9501,-0.7041,TRACKING,prediction
1786993485.654,57.9,0.000,0.723,0.809,0.6613,-0.0277,15.03,-1.61439,0.150,0.570,0.000,-1.0000,-0.7401,TRACKING,R+C
1786993485.672,57.9,0.000,0.730,0.803,0.6696,-0.0342,16.77,-1.41288,0.150,0.567,0.000,-1.0000,-0.7482,TRACKING,R+C
1786993485.692,57.9,0.000,0.730,0.803,0.6696,-0.0274,13.42,-1.13031,0.150,0.565,0.000,-1.0000,-0.7511,TRACKING,prediction
1786993485.713,57.9,0.000,0.730,0.803,0.6696,-0.0219,10.74,-0.90424,0.150,0.563,0.000,-1.0000,-0.7527,TRACKING,prediction
1786993485.734,58.9,0.000,0.730,0.803,0.6696,-0.0175,8.59,-0.72340,0.150,0.562,0.000,-1.0000,-0.7537,TRACKING,prediction
1786993485.754,58.9,0.000,0.730,0.803,0.6696,-0.0140,6.87,-0.57872,0.150,0.562,0.000,-1.0000,-0.7545,TRACKING,prediction
1786993485.768,58.9,0.000,0.730,0.803,0.6696,-0.0112,5.50,-0.46297,0.150,0.561,0.000,-1.0000,-0.7550,TRACKING,prediction
1786993485.787,58.9,0.000,0.730,0.803,0.6696,-0.0090,4.40,-0.37038,0.150,0.561,0.000,-1.0000,-0.7554,TRACKING,prediction
1786993485.812,58.9,0.000,0.730,0.803,0.6696,-0.0072,3.52,-0.29630,0.150,0.561,0.000,-1.0000,-0.7556,TRACKING,prediction
1786993485.829,58.9,0.000,0.730,0.803,0.6696,-0.0057,2.81,-0.23704,0.150,0.560,0.000,-1.0000,-0.7558,TRACKING,prediction
1786993485.852,58.9,0.000,0.730,0.803,0.6696,-0.0046,2.25,-0.18963,0.150,0.555,0.000,-1.0000,-0.7559,TRACKING,prediction
1786993485.871,58.9,0.000,0.730,0.803,0.6696,-0.0037,1.80,-0.15171,0.150,0.542,0.000,-1.0000,-0.7592,TRACKING,prediction
1786993485.896,58.9,0.000,0.730,0.803,0.6696,-0.0029,1.44,-0.12137,0.150,0.526,0.000,-1.0000,-0.7665,TRACKING,prediction
1786993485.912,58.9,0.000,0.730,0.803,0.6696,-0.0024,1.15,-0.09709,0.150,0.507,0.000,-1.0000,-0.7766,TRACKING,prediction
1786993485.933,58.9,0.000,0.730,0.803,0.6696,-0.0019,0.92,-0.07767,0.150,0.487,0.000,-1.0000,-0.7885,UNCERTAIN,prediction
1786993485.954,58.9,0.000,0.730,0.803,0.6696,-0.0015,0.74,-0.06214,0.150,0.467,0.000,-1.0000,-0.8014,UNCERTAIN,prediction
1786993485.975,58.9,0.000,0.730,0.803,0.6696,-0.0012,0.59,-0.04971,0.150,0.446,0.000,-1.0000,-0.8147,UNCERTAIN,prediction
1786993485.994,58.9,0.000,0.730,0.803,0.6696,-0.0010,0.47,-0.03977,0.150,0.426,0.000,-1.0000,-0.8281,UNCERTAIN,prediction
1786993486.014,58.9,0.000,0.730,0.803,0.6696,-0.0008,0.38,-0.03182,0.150,0.406,0.000,-1.0000,-0.8414,UNCERTAIN,prediction
1786993486.035,58.9,0.000,0.730,0.803,0.6696,-0.0006,0.30,-0.02545,0.150,0.386,0.000,-1.0000,-0.8543,UNCERTAIN,prediction
1786993486.045,58.9,0.000,0.730,0.803,0.6696,-0.0005,0.24,-0.02036,0.150,0.368,0.000,-1.0000,-0.8669,UNCERTAIN,prediction
1786993486.076,58.9,0.000,0.730,0.803,0.6696,-0.0004,0.19,-0.01629,0.150,0.350,0.000,-1.0000,-0.8789,UNCERTAIN,prediction
1786993486.097,58.9,0.000,0.730,0.803,0.6696,-0.0003,0.15,-0.01303,0.150,0.332,0.000,-1.0000,-0.8905,UNCERTAIN,prediction
1786993486.117,58.9,0.000,0.730,0.803,0.6696,-0.0003,0.12,-0.01043,0.150,0.333,0.000,-1.0000,-0.9016,UNCERTAIN,prediction
1786993486.138,58.9,0.867,0.683,0.000,0.6424,0.3035,43.33,0.32765,0.167,0.352,0.000,1.0000,-0.1314,TRACKING,L+C
1786993486.159,58.9,0.867,0.683,0.000,0.6424,0.2428,34.66,0.26212,0.167,0.369,0.000,1.0000,0.5570,TRACKING,prediction
1786993486.179,58.9,0.857,0.703,0.000,0.6283,0.2772,36.03,0.08542,0.191,0.385,0.000,1.0000,0.8294,TRACKING,L+C
1786993486.200,58.9,0.865,0.729,0.000,0.6242,0.2710,33.70,0.00896,0.199,0.401,0.000,1.0000,0.8613,TRACKING,L+C
1786993486.221,58.9,0.865,0.729,0.000,0.6242,0.2168,26.96,0.00717,0.199,0.416,0.000,1.0000,0.8573,TRACKING,prediction
1786993486.233,58.9,0.862,0.678,0.000,0.6021,0.2846,39.66,0.41830,0.158,0.430,0.000,1.0000,0.8489,TRACKING,L+C
1786993486.251,58.9,0.862,0.678,0.000,0.6021,0.2277,31.73,0.33464,0.158,0.444,0.000,1.0000,0.8397,TRACKING,prediction
1786993486.261,58.9,0.000,0.865,0.687,0.5875,-0.1319,4.14,-0.16263,0.184,0.457,0.000,-1.0000,0.1490,TRACKING,R+C
1786993486.282,58.9,0.000,0.865,0.706,0.5823,-0.1301,2.61,-0.23666,0.176,0.462,0.000,-1.0000,-0.4524,TRACKING,R+C
1786993486.303,58.9,0.000,0.867,0.679,0.5709,-0.1242,2.97,-0.16403,0.184,0.467,0.000,-1.0000,-0.7637,TRACKING,R+C
1786993486.324,58.9,0.000,0.862,0.677,0.5656,-0.1195,2.59,-0.14194,0.186,0.471,0.000,-1.0000,-0.8074,TRACKING,R+C
1786993486.344,58.9,0.000,0.862,0.677,0.5656,-0.0956,2.07,-0.11355,0.186,0.476,0.000,-1.0000,-0.8114,TRACKING,prediction
1786993486.364,58.9,0.000,0.810,0.824,0.5635,-0.1114,-0.97,-0.40399,0.160,0.480,0.000,-1.0000,-0.8088,TRACKING,R+C
1786993486.382,58.9,0.000,0.810,0.824,0.5635,-0.0891,-0.77,-0.32319,0.160,0.491,0.000,-1.0000,-0.8062,TRACKING,prediction
1786993486.404,58.9,0.000,0.797,0.753,0.5467,-0.1040,-5.88,-0.74006,0.150,0.501,0.000,-1.0000,-0.7987,TRACKING,R+C
1786993486.414,58.9,0.000,0.784,0.835,0.5424,-0.0947,-5.96,-0.76384,0.150,0.511,0.000,-1.0000,-0.7913,TRACKING,R+C
1786993486.442,58.9,0.000,0.801,0.832,0.5356,-0.0866,-6.17,-0.76246,0.150,0.521,0.000,-1.0000,-0.7841,TRACKING,R+C
1786993486.467,58.9,0.372,0.735,0.848,0.4788,-0.0885,-13.40,-1.28519,0.150,0.530,0.000,-0.9669,-0.7563,TRACKING,L+C+R_fused
1786993486.487,58.9,0.947,0.775,0.878,0.4905,-0.0786,-12.46,-1.19932,0.150,0.538,0.000,-0.8842,-0.6940,TRACKING,L+C+R_fused
1786993486.508,58.9,0.948,0.775,0.874,0.4954,-0.0664,-11.81,-1.18912,0.150,0.546,0.000,-0.7663,-0.6049,TRACKING,L+C+R_fused
1786993486.530,58.9,0.948,0.760,0.886,0.4957,-0.0536,-10.17,-1.14739,0.150,0.554,0.000,-0.6500,-0.5139,TRACKING,L+C+R_fused
1786993486.549,58.9,0.946,0.746,0.883,0.4921,-0.0452,-9.99,-1.23561,0.150,0.561,0.000,-0.5520,-0.4355,TRACKING,L+C+R_fused
1786993486.570,58.9,0.953,0.743,0.888,0.4928,-0.0421,-10.89,-1.36018,0.150,0.568,0.000,-0.4940,-0.3851,TRACKING,L+C+R_fused
1786993486.590,58.9,0.953,0.739,0.879,0.4908,-0.0411,-11.22,-1.44041,0.150,0.575,0.000,-0.4786,-0.3663,TRACKING,L+C+R_fused
1786993486.610,58.9,0.956,0.760,0.890,0.4863,-0.0419,-11.08,-1.47407,0.150,0.581,0.000,-0.5019,-0.3764,TRACKING,L+C+R_fused
1786993486.620,58.9,0.382,0.758,0.888,0.3966,-0.0452,-12.95,-1.65563,0.150,0.587,0.000,-0.5135,-0.3837,TRACKING,L+C+R_fused
1786993486.642,58.9,0.000,0.766,0.893,0.5036,-0.0437,-12.34,-1.68248,0.150,0.593,0.000,-0.5181,-0.3861,TRACKING,R+C
1786993486.662,58.9,0.000,0.786,0.891,0.5057,-0.0388,-10.12,-1.59811,0.150,0.598,0.000,-0.5112,-0.3805,TRACKING,R+C
1786993486.672,58.9,0.000,0.788,0.890,0.5081,-0.0346,-9.53,-1.65225,0.150,0.603,0.000,-0.4775,-0.3578,TRACKING,R+C
1786993486.702,58.9,0.000,0.778,0.885,0.5066,-0.0274,-9.25,-1.69851,0.150,0.608,0.000,-0.3831,-0.2957,TRACKING,R+C
1786993486.713,58.9,0.000,0.781,0.884,0.5031,-0.0170,-8.31,-1.69275,0.150,0.613,0.000,-0.2479,-0.2033,TRACKING,R+C
1786993486.733,58.9,0.000,0.785,0.895,0.4947,-0.0050,-6.92,-1.65218,0.150,0.617,0.000,-0.0887,-0.0922,TRACKING,R+C
1786993486.753,51.0,0.371,0.773,0.903,0.5070,0.0076,-5.95,-1.65455,0.150,0.621,0.000,0.0912,0.0339,TRACKING,L+C+R_fused
1786993486.772,51.0,0.946,0.776,0.906,0.4970,0.0197,-4.68,-1.62321,0.150,0.625,0.000,0.2542,0.1521,TRACKING,L+C+R_fused
1786993486.790,51.0,0.945,0.777,0.913,0.5143,0.0310,-3.98,-1.62798,0.150,0.606,0.000,0.4119,0.2650,TRACKING,L+C+R_fused
1786993486.802,51.0,0.938,0.783,0.913,0.5086,0.0402,-2.86,-1.60032,0.150,0.592,0.000,0.5156,0.3505,TRACKING,L+C+R_fused
1786993486.822,51.0,0.940,0.786,0.924,0.5054,0.0463,-2.18,-1.61945,0.150,0.582,0.000,0.5760,0.4049,TRACKING,L+C+R_fused
1786993486.832,51.0,0.942,0.789,0.921,0.5054,0.0487,-2.31,-1.71661,0.150,0.576,0.000,0.6014,0.4316,TRACKING,L+C+R_fused
1786993486.853,51.0,0.952,0.787,0.925,0.5068,0.0538,-0.25,-1.62313,0.150,0.571,0.000,0.6134,0.4455,TRACKING,L+C+R_fused
1786993486.863,51.0,0.944,0.787,0.930,0.5114,0.0568,1.04,-1.56458,0.150,0.568,0.000,0.6186,0.4524,TRACKING,L+C+R_fused
1786993486.884,51.0,0.948,0.788,0.774,0.5124,0.0608,2.47,-1.49973,0.150,0.565,0.000,0.6328,0.4636,TRACKING,L+C+R_fused
1786993486.904,51.0,0.927,0.791,0.902,0.5009,0.0639,3.32,-1.47482,0.150,0.564,0.000,0.6494,0.4767,TRACKING,L+C+R_fused
1786993486.914,51.0,0.000,0.783,0.900,0.4678,0.0641,3.98,-1.46621,0.150,0.563,0.000,0.6293,0.4659,TRACKING,R+C
1786993486.945,51.0,0.000,0.782,0.907,0.4849,0.0625,5.62,-1.37890,0.150,0.562,0.000,0.5604,0.4197,TRACKING,R+C
1786993486.959,51.0,0.000,0.773,0.898,0.4931,0.0611,7.26,-1.30028,0.150,0.561,0.000,0.4879,0.3659,TRACKING,R+C
1786993486.976,51.0,0.000,0.771,0.916,0.4957,0.0590,8.76,-1.20163,0.150,0.561,0.000,0.4105,0.3079,TRACKING,R+C
1786993486.998,51.0,0.000,0.770,0.912,0.5072,0.0564,9.57,-1.18790,0.150,0.561,0.000,0.3337,0.2492,TRACKING,R+C
1786993487.006,51.0,0.000,0.774,0.915,0.5043,0.0549,11.07,-1.06492,0.150,0.560,0.000,0.2629,0.1949,TRACKING,R+C
1786993487.026,51.0,0.000,0.771,0.906,0.5089,0.0556,12.34,-0.96697,0.150,0.560,0.000,0.2344,0.1686,TRACKING,R+C
1786993487.036,51.0,0.000,0.763,0.907,0.5168,0.0536,9.35,-1.39681,0.150,0.560,0.000,0.2589,0.1788,TRACKING,R+C
1786993487.057,51.0,0.000,0.763,0.891,0.5300,0.0584,11.32,-1.21392,0.150,0.560,0.000,0.2830,0.1965,TRACKING,R+C
1786993487.067,51.0,0.000,0.761,0.904,0.5208,0.0631,11.76,-1.18962,0.150,0.560,0.000,0.3460,0.2399,TRACKING,R+C
1786993487.088,51.0,0.000,0.772,0.905,0.5184,0.0662,12.39,-1.14315,0.150,0.560,0.000,0.3769,0.2664,TRACKING,R+C
1786993487.104,51.0,0.000,0.764,0.897,0.5040,0.0677,11.72,-1.23725,0.150,0.560,0.000,0.4139,0.2939,TRACKING,R+C
1786993487.123,51.0,0.000,0.771,0.901,0.5085,0.0658,11.77,-1.21291,0.150,0.560,0.000,0.3851,0.2795,TRACKING,R+C
1786993487.135,51.0,0.000,0.771,0.901,0.5085,0.0526,9.41,-0.97033,0.150,0.560,0.000,0.3851,0.2774,TRACKING,prediction
1786993487.149,51.0,0.000,0.758,0.905,0.5260,0.0565,13.40,-1.11606,0.150,0.560,0.000,0.1697,0.1370,TRACKING,R+C
1786993487.167,51.0,0.000,0.764,0.889,0.5279,0.0495,14.43,-1.01990,0.150,0.560,0.000,0.0138,0.0156,TRACKING,R+C
1786993487.177,51.0,0.000,0.760,0.891,0.5444,0.0425,15.24,-0.95614,0.150,0.560,0.000,-0.1378,-0.0990,TRACKING,R+C
1786993487.198,51.0,0.000,0.764,0.881,0.5776,0.0349,15.54,-0.95532,0.150,0.560,0.000,-0.2825,-0.2077,TRACKING,R+C
1786993487.218,51.0,0.000,0.764,0.881,0.5776,0.0280,12.43,-0.76426,0.150,0.560,0.000,-0.2825,-0.2237,TRACKING,prediction
1786993487.229,51.0,0.000,0.760,0.857,0.5893,0.0198,16.82,-0.80489,0.150,0.560,0.000,-0.5522,-0.3958,TRACKING,R+C
1786993487.249,51.0,0.000,0.760,0.857,0.5893,0.0158,13.46,-0.64391,0.150,0.560,0.000,-0.5522,-0.4211,TRACKING,prediction
1786993487.272,51.0,0.000,0.760,0.857,0.5893,0.0127,10.77,-0.51513,0.150,0.560,0.000,-0.5522,-0.4249,TRACKING,prediction
1786993487.280,51.0,0.000,0.760,0.857,0.5893,0.0101,8.61,-0.41210,0.150,0.560,0.000,-0.5522,-0.4255,TRACKING,prediction
1786993487.301,51.0,0.000,0.760,0.857,0.5893,0.0081,6.89,-0.32968,0.150,0.560,0.000,-0.5522,-0.4256,TRACKING,prediction
1786993487.311,51.0,0.000,0.760,0.857,0.5893,0.0065,5.51,-0.26375,0.150,0.560,0.000,-0.5522,-0.4256,TRACKING,prediction
1786993487.332,51.0,0.000,0.760,0.857,0.5893,0.0052,4.41,-0.21100,0.150,0.560,0.000,-0.5522,-0.4256,TRACKING,prediction
1786993487.342,51.0,0.000,0.802,0.828,0.6437,-0.0315,17.52,-0.63152,0.150,0.560,0.000,-1.0000,-0.7059,TRACKING,R+C
1786993487.362,51.0,0.000,0.811,0.831,0.6403,-0.0324,16.56,-0.69399,0.150,0.560,0.000,-1.0000,-0.7467,TRACKING,R+C
1786993487.372,51.0,0.000,0.807,0.838,0.6355,-0.0326,16.72,-0.62300,0.150,0.560,0.000,-1.0000,-0.7527,TRACKING,R+C
1786993487.403,51.0,0.000,0.807,0.838,0.6355,-0.0261,13.38,-0.49840,0.150,0.560,0.000,-1.0000,-0.7536,TRACKING,prediction
1786993487.424,51.0,0.000,0.807,0.838,0.6355,-0.0209,10.70,-0.39872,0.150,0.560,0.000,-1.0000,-0.7537,TRACKING,prediction
1786993487.445,51.0,0.000,0.807,0.838,0.6355,-0.0167,8.56,-0.31898,0.150,0.560,0.000,-1.0000,-0.7537,TRACKING,prediction
1786993487.462,51.0,0.000,0.807,0.838,0.6355,-0.0133,6.85,-0.25518,0.150,0.560,0.000,-1.0000,-0.7537,TRACKING,prediction
1786993487.465,51.0,0.000,0.807,0.838,0.6355,-0.0107,5.48,-0.20414,0.150,0.560,0.000,-1.0000,-0.7537,TRACKING,prediction
1786993487.497,51.0,0.000,0.807,0.838,0.6355,-0.0085,4.38,-0.16332,0.150,0.560,0.000,-1.0000,-0.7537,TRACKING,prediction
1786993487.517,51.0,0.000,0.807,0.838,0.6355,-0.0068,3.51,-0.13065,0.150,0.567,0.000,-1.0000,-0.7537,TRACKING,prediction
1786993487.527,51.0,0.000,0.807,0.838,0.6355,-0.0055,2.81,-0.10452,0.150,0.574,0.000,-1.0000,-0.7498,TRACKING,prediction
1786993487.552,51.0,0.000,0.807,0.838,0.6355,-0.0044,2.24,-0.08362,0.150,0.580,0.000,-1.0000,-0.7455,TRACKING,prediction
1786993487.573,51.0,0.000,0.807,0.838,0.6355,-0.0035,1.80,-0.06689,0.150,0.585,0.000,-1.0000,-0.7413,TRACKING,prediction
1786993487.585,51.0,0.000,0.849,0.823,0.6399,-0.0874,13.77,-0.57180,0.150,0.578,0.000,-1.0000,-0.7404,TRACKING,R+C
1786993487.604,51.0,0.000,0.849,0.823,0.6399,-0.0699,11.02,-0.45744,0.150,0.584,0.000,-1.0000,-0.7442,TRACKING,prediction
1786993487.622,51.0,0.000,0.869,0.812,0.6366,-0.0968,14.31,-0.39281,0.161,0.590,0.000,-1.0000,-0.7416,TRACKING,R+C
1786993487.645,51.0,0.000,0.869,0.812,0.6366,-0.0774,11.44,-0.31424,0.161,0.581,0.000,-1.0000,-0.7379,TRACKING,prediction
1786993487.655,51.0,0.000,0.887,0.806,0.6285,-0.1036,13.78,-0.34764,0.165,0.587,0.000,-1.0000,-0.7426,TRACKING,R+C
1786993487.686,51.0,0.000,0.889,0.813,0.6221,-0.1027,13.62,-0.30643,0.169,0.579,0.000,-1.0000,-0.7396,TRACKING,R+C
1786993487.696,51.0,0.000,0.889,0.813,0.6221,-0.0822,10.90,-0.24514,0.169,0.573,0.000,-1.0000,-0.7437,TRACKING,prediction
1786993487.717,51.0,0.000,0.889,0.813,0.6221,-0.0657,8.72,-0.19611,0.169,0.579,0.000,-1.0000,-0.7475,TRACKING,prediction
1786993487.727,51.0,0.000,0.889,0.813,0.6221,-0.0526,6.97,-0.15689,0.169,0.574,0.000,-1.0000,-0.7445,TRACKING,prediction
1786993487.747,51.0,0.000,0.889,0.813,0.6221,-0.0421,5.58,-0.12551,0.169,0.580,0.000,-1.0000,-0.7473,TRACKING,prediction
1786993487.757,58.8,0.000,0.889,0.813,0.6221,-0.0337,4.46,-0.10041,0.169,0.586,0.000,-1.0000,-0.7442,TRACKING,prediction
1786993487.768,58.8,0.000,0.889,0.813,0.6221,-0.0269,3.57,-0.08033,0.169,0.578,0.000,-1.0000,-0.7404,TRACKING,prediction
1786993487.789,58.8,0.000,0.889,0.813,0.6221,-0.0215,2.86,-0.06426,0.169,0.584,0.000,-1.0000,-0.7442,TRACKING,prediction
1786993487.799,58.8,0.000,0.889,0.813,0.6221,-0.0172,2.29,-0.05141,0.169,0.590,0.000,-1.0000,-0.7413,TRACKING,prediction
1786993487.817,58.8,0.000,0.889,0.813,0.6221,-0.0138,1.83,-0.04113,0.169,0.596,0.000,-1.0000,-0.7377,TRACKING,prediction
1786993487.830,58.8,0.000,0.889,0.813,0.6221,-0.0110,1.46,-0.03290,0.169,0.601,0.000,-1.0000,-0.7340,TRACKING,prediction
1786993487.840,58.8,0.000,0.889,0.813,0.6221,-0.0088,1.17,-0.02632,0.169,0.605,0.000,-1.0000,-0.7306,TRACKING,prediction
1786993487.860,58.8,0.000,0.889,0.813,0.6221,-0.0071,0.94,-0.02106,0.169,0.607,0.000,-1.0000,-0.7279,TRACKING,prediction
1786993487.871,58.8,0.000,0.889,0.813,0.6221,-0.0056,0.75,-0.01685,0.169,0.607,0.000,-1.0000,-0.7264,TRACKING,prediction
1786993487.881,58.8,0.000,0.889,0.813,0.6221,-0.0045,0.60,-0.01348,0.169,0.599,0.000,-1.0000,-0.7260,TRACKING,prediction
1786993487.902,58.8,0.000,0.889,0.813,0.6221,-0.0036,0.48,-0.01078,0.169,0.566,0.000,-1.0000,-0.7303,UNCERTAIN,prediction
1786993487.912,58.8,0.000,0.868,0.856,0.5707,-0.0920,7.21,-0.55401,0.150,0.573,0.000,-1.0000,-0.7471,TRACKING,R+C
1786993487.944,58.8,0.000,0.868,0.856,0.5707,-0.0736,5.77,-0.44321,0.150,0.579,0.000,-1.0000,-0.7462,TRACKING,prediction
1786993487.957,58.8,0.000,0.868,0.864,0.5609,-0.0867,6.79,-0.54057,0.150,0.585,0.000,-1.0000,-0.7419,TRACKING,R+C
1786993487.964,58.8,0.000,0.868,0.864,0.5609,-0.0694,5.43,-0.43246,0.150,0.578,0.000,-1.0000,-0.7380,TRACKING,prediction
1786993487.984,58.8,0.000,0.868,0.864,0.5609,-0.0555,4.34,-0.34597,0.150,0.584,0.000,-1.0000,-0.7417,TRACKING,prediction
1786993488.005,58.8,0.000,0.868,0.864,0.5609,-0.0444,3.48,-0.27677,0.150,0.590,0.000,-1.0000,-0.7388,TRACKING,prediction
1786993488.025,58.8,0.000,0.872,0.876,0.5405,-0.0681,5.23,-0.60166,0.150,0.595,0.000,-1.0000,-0.7334,TRACKING,R+C
1786993488.038,58.8,0.000,0.873,0.887,0.5373,-0.0658,4.95,-0.61069,0.150,0.600,0.000,-1.0000,-0.7295,TRACKING,R+C
1786993488.056,58.8,0.000,0.867,0.885,0.5318,-0.0644,4.31,-0.68618,0.150,0.605,0.000,-1.0000,-0.7259,TRACKING,R+C
1786993488.077,58.8,0.000,0.865,0.885,0.5308,-0.0654,3.90,-0.72703,0.150,0.610,0.000,-1.0000,-0.7226,TRACKING,R+C
1786993488.088,58.8,0.000,0.884,0.884,0.5367,-0.0686,4.56,-0.64993,0.150,0.615,0.000,-1.0000,-0.7197,TRACKING,R+C
1786993488.108,58.8,0.000,0.877,0.879,0.5416,-0.0735,4.33,-0.66604,0.150,0.598,0.000,-1.0000,-0.7170,TRACKING,R+C
1786993488.118,58.8,0.000,0.878,0.880,0.5433,-0.0779,3.19,-0.75695,0.150,0.587,0.000,-1.0000,-0.7261,TRACKING,R+C
1786993488.133,58.8,0.000,0.869,0.877,0.5434,-0.0818,1.84,-0.84603,0.150,0.579,0.000,-1.0000,-0.7340,TRACKING,R+C
1786993488.146,58.8,0.000,0.869,0.874,0.5437,-0.0788,3.29,-0.74075,0.150,0.573,0.000,-1.0000,-0.7396,TRACKING,R+C
1786993488.157,58.8,0.000,0.841,0.879,0.5398,-0.0750,2.17,-0.84120,0.150,0.579,0.000,-1.0000,-0.7432,TRACKING,R+C
1786993488.177,58.8,0.000,0.839,0.884,0.5353,-0.0703,1.64,-0.86755,0.150,0.585,0.000,-1.0000,-0.7398,TRACKING,R+C
1786993488.188,58.8,0.000,0.844,0.892,0.5306,-0.0657,1.37,-0.87828,0.150,0.591,0.000,-1.0000,-0.7356,TRACKING,R+C
1786993488.208,58.8,0.000,0.834,0.891,0.5274,-0.0626,1.21,-0.87351,0.150,0.597,0.000,-1.0000,-0.7315,TRACKING,R+C
1786993488.228,58.8,0.000,0.845,0.898,0.5260,-0.0621,1.48,-0.84595,0.150,0.586,0.000,-1.0000,-0.7278,TRACKING,R+C
1786993488.257,58.8,0.000,0.857,0.887,0.5219,-0.0680,-1.02,-1.00846,0.150,0.578,0.000,-1.0000,-0.7336,TRACKING,R+C
1786993488.269,58.8,0.000,0.842,0.890,0.5173,-0.0654,0.37,-0.94322,0.150,0.573,0.000,-1.0000,-0.7389,TRACKING,R+C
1786993488.290,58.8,0.000,0.833,0.891,0.5139,-0.0625,0.75,-0.93741,0.150,0.569,0.000,-1.0000,-0.7426,TRACKING,R+C
1786993488.300,58.8,0.000,0.826,0.895,0.5089,-0.0573,0.99,-0.92058,0.150,0.566,0.000,-0.9726,-0.7282,TRACKING,R+C
1786993488.321,58.8,0.000,0.831,0.896,0.5037,-0.0522,1.57,-0.85675,0.150,0.564,0.000,-0.9333,-0.7030,TRACKING,R+C
1786993488.331,58.8,0.000,0.843,0.907,0.5009,-0.0486,1.68,-0.82963,0.150,0.563,0.000,-0.8974,-0.6779,TRACKING,R+C
1786993488.341,58.8,0.000,0.835,0.909,0.5005,-0.0463,1.58,-0.83746,0.150,0.562,0.000,-0.8729,-0.6595,TRACKING,R+C
1786993488.361,58.8,0.000,0.837,0.913,0.4983,-0.0456,1.63,-0.82936,0.150,0.561,0.000,-0.8651,-0.6523,TRACKING,R+C
1786993488.380,58.8,0.000,0.834,0.921,0.4983,-0.0450,0.45,-0.90952,0.150,0.561,0.000,-0.8355,-0.6330,TRACKING,R+C
1786993488.393,58.8,0.000,0.824,0.920,0.5009,-0.0389,0.93,-0.89564,0.150,0.561,0.000,-0.7788,-0.5949,TRACKING,R+C
1786993488.413,58.8,0.000,0.819,0.919,0.4986,-0.0331,1.00,-0.87787,0.150,0.561,0.000,-0.7087,-0.5452,TRACKING,R+C
1786993488.442,58.8,0.000,0.825,0.916,0.4985,-0.0283,1.58,-0.83042,0.150,0.560,0.000,-0.6581,-0.5060,TRACKING,R+C
1786993488.454,58.8,0.000,0.828,0.932,0.5039,-0.0261,1.91,-0.79494,0.150,0.560,0.000,-0.6352,-0.4857,TRACKING,R+C
1786993488.460,58.8,0.000,0.825,0.913,0.5060,-0.0278,1.64,-0.82676,0.150,0.560,0.000,-0.6530,-0.4941,TRACKING,R+C
1786993488.481,58.8,0.000,0.824,0.934,0.5106,-0.0314,1.66,-0.83655,0.150,0.560,0.000,-0.7017,-0.5261,TRACKING,R+C
1786993488.501,58.8,0.000,0.821,0.921,0.5164,-0.0380,0.87,-0.89517,0.150,0.560,0.000,-0.7667,-0.5718,TRACKING,R+C
1786993488.511,58.8,0.000,0.824,0.913,0.5220,-0.0425,1.37,-0.89847,0.150,0.560,0.000,-0.8326,-0.6201,TRACKING,R+C
1786993488.533,58.8,0.000,0.831,0.919,0.5268,-0.0483,2.55,-0.82640,0.150,0.560,0.000,-0.9165,-0.6798,TRACKING,R+C
1786993488.551,58.8,0.000,0.845,0.921,0.5362,-0.0572,4.41,-0.65587,0.150,0.560,0.000,-1.0000,-0.7409,TRACKING,R+C
1786993488.563,58.8,0.000,0.868,0.917,0.5477,-0.0701,4.68,-0.65441,0.150,0.560,0.000,-1.0000,-0.7509,TRACKING,R+C
1786993488.576,58.8,0.000,0.887,0.916,0.5590,-0.0835,5.35,-0.60578,0.150,0.560,0.000,-1.0000,-0.7533,TRACKING,R+C
1786993488.592,58.8,0.000,0.898,0.902,0.5658,-0.0974,6.12,-0.53482,0.150,0.560,0.000,-1.0000,-0.7546,TRACKING,R+C
1786993488.613,58.8,0.000,0.872,0.896,0.5735,-0.1106,5.74,-0.61112,0.150,0.560,0.000,-1.0000,-0.7556,TRACKING,R+C
1786993488.623,58.8,0.000,0.874,0.881,0.5774,-0.1191,5.80,-0.59851,0.150,0.560,0.000,-1.0000,-0.7562,TRACKING,R+C
1786993488.644,58.8,0.000,0.869,0.879,0.5793,-0.1244,6.60,-0.47394,0.153,0.560,0.000,-1.0000,-0.7565,TRACKING,R+C
1786993488.664,58.8,0.000,0.887,0.873,0.5790,-0.1278,6.61,-0.44699,0.155,0.560,0.000,-1.0000,-0.7567,TRACKING,R+C
1786993488.685,58.8,0.000,0.876,0.873,0.5808,-0.1298,6.95,-0.39119,0.161,0.560,0.000,-1.0000,-0.7568,TRACKING,R+C
1786993488.705,58.8,0.000,0.868,0.878,0.5847,-0.1318,6.22,-0.46840,0.153,0.560,0.000,-1.0000,-0.7569,TRACKING,R+C
1786993488.725,58.8,0.000,0.874,0.876,0.5896,-0.1351,6.02,-0.47620,0.152,0.560,0.000,-1.0000,-0.7571,TRACKING,R+C
1786993488.737,58.8,0.000,0.873,0.872,0.5860,-0.1411,5.21,-0.61311,0.150,0.560,0.000,-1.0000,-0.7577,TRACKING,R+C
1786993488.750,58.8,0.000,0.877,0.858,0.5824,-0.1494,4.04,-0.72362,0.150,0.560,0.000,-1.0000,-0.7582,TRACKING,R+C
1786993488.764,61.6,0.000,0.877,0.858,0.5824,-0.1195,3.23,-0.57889,0.150,0.560,0.000,-1.0000,-0.7582,TRACKING,prediction
1786993488.778,61.6,0.000,0.877,0.858,0.5824,-0.0956,2.59,-0.46312,0.150,0.560,0.000,-1.0000,-0.7582,TRACKING,prediction
1786993488.793,61.6,0.000,0.877,0.858,0.5824,-0.0765,2.07,-0.37049,0.150,0.560,0.000,-1.0000,-0.7582,TRACKING,prediction
1786993488.813,61.6,0.000,0.877,0.858,0.5824,-0.0612,1.65,-0.29639,0.150,0.560,0.000,-1.0000,-0.7582,TRACKING,prediction
1786993488.834,61.6,0.000,0.877,0.858,0.5824,-0.0490,1.32,-0.23712,0.150,0.560,0.000,-1.0000,-0.7582,TRACKING,prediction
1786993488.855,61.6,0.000,0.877,0.858,0.5824,-0.0392,1.06,-0.18969,0.150,0.560,0.000,-1.0000,-0.7582,TRACKING,prediction
1786993488.869,61.6,0.000,0.877,0.858,0.5824,-0.0313,0.85,-0.15175,0.150,0.560,0.000,-1.0000,-0.7582,TRACKING,prediction
1786993488.878,61.6,0.000,0.877,0.858,0.5824,-0.0251,0.68,-0.12140,0.150,0.560,0.000,-1.0000,-0.7582,TRACKING,prediction
1786993488.899,61.6,0.000,0.877,0.858,0.5824,-0.0201,0.54,-0.09712,0.150,0.560,0.000,-1.0000,-0.7582,TRACKING,prediction
1786993488.919,61.6,0.000,0.877,0.858,0.5824,-0.0160,0.43,-0.07770,0.150,0.560,0.000,-1.0000,-0.7582,TRACKING,prediction
1786993488.940,61.6,0.000,0.877,0.858,0.5824,-0.0128,0.35,-0.06216,0.150,0.558,0.000,-1.0000,-0.7582,TRACKING,prediction
1786993488.961,61.6,0.000,0.877,0.858,0.5824,-0.0103,0.28,-0.04973,0.150,0.548,0.000,-1.0000,-0.7594,TRACKING,prediction
1786993488.971,61.6,0.000,0.877,0.858,0.5824,-0.0082,0.22,-0.03978,0.150,0.533,0.000,-1.0000,-0.7651,TRACKING,prediction
1786993489.001,61.6,0.000,0.877,0.858,0.5824,-0.0066,0.18,-0.03183,0.150,0.515,0.000,-1.0000,-0.7741,TRACKING,prediction
1786993489.022,61.6,0.000,0.877,0.858,0.5824,-0.0053,0.14,-0.02546,0.150,0.496,0.000,-1.0000,-0.7853,TRACKING,prediction
1786993489.042,61.6,0.000,0.877,0.858,0.5824,-0.0042,0.11,-0.02037,0.150,0.475,0.000,-1.0000,-0.7978,UNCERTAIN,prediction
1786993489.063,61.6,0.000,0.877,0.858,0.5824,-0.0034,0.09,-0.01629,0.150,0.455,0.000,-1.0000,-0.8109,UNCERTAIN,prediction
1786993489.363,61.6,0.000,0.877,0.858,0.5824,-0.0027,0.07,-0.01304,0.150,0.434,0.000,-1.0000,-0.8242,UNCERTAIN,prediction
1786993489.377,61.6,0.000,0.877,0.858,0.5824,-0.0022,0.06,-0.01043,0.150,0.414,0.000,-1.0000,-0.8375,UNCERTAIN,prediction
1786993489.400,61.6,0.000,0.877,0.858,0.5824,-0.0017,0.05,-0.00834,0.150,0.394,0.000,-1.0000,-0.8505,UNCERTAIN,prediction
1786993489.419,61.6,0.000,0.877,0.858,0.5824,-0.0014,0.04,-0.00667,0.150,0.375,0.000,-1.0000,-0.8631,UNCERTAIN,prediction
1786993489.432,61.6,0.000,0.877,0.858,0.5824,-0.0011,0.03,-0.00534,0.150,0.357,0.000,-1.0000,-0.8753,UNCERTAIN,prediction
1786993489.449,61.6,0.000,0.877,0.858,0.5824,-0.0009,0.02,-0.00427,0.150,0.339,0.000,-1.0000,-0.8870,UNCERTAIN,prediction
1786993489.458,61.6,0.000,0.877,0.858,0.5824,-0.0007,0.02,-0.00342,0.150,0.323,0.000,-1.0000,-0.8981,UNCERTAIN,prediction
1786993489.476,61.6,0.000,0.877,0.858,0.5824,-0.0006,0.02,-0.00273,0.150,0.307,0.000,-1.0000,-0.9088,UNCERTAIN,prediction
1786993489.497,61.6,0.000,0.877,0.858,0.5824,-0.0005,0.01,-0.00219,0.150,0.292,0.000,-1.0000,-0.9190,UNCERTAIN,prediction
1786993489.517,61.6,0.000,0.822,0.807,0.5801,-0.1192,-0.63,-1.29285,0.150,0.305,0.000,-1.0000,-0.9278,TRACKING,R+C
1786993489.538,61.6,0.000,0.822,0.807,0.5801,-0.0953,-0.50,-1.03428,0.150,0.318,0.000,-1.0000,-0.9220,TRACKING,prediction
1786993489.559,61.6,0.000,0.822,0.807,0.5801,-0.0763,-0.40,-0.82743,0.150,0.330,0.000,-1.0000,-0.9143,TRACKING,prediction
1786993489.580,61.6,0.000,0.822,0.807,0.5801,-0.0610,-0.32,-0.66194,0.150,0.341,0.000,-1.0000,-0.9065,TRACKING,prediction
1786993489.590,61.6,0.000,0.822,0.807,0.5801,-0.0488,-0.26,-0.52955,0.150,0.352,0.000,-1.0000,-0.8991,TRACKING,prediction
1786993489.610,61.6,0.000,0.822,0.807,0.5801,-0.0390,-0.20,-0.42364,0.150,0.363,0.000,-1.0000,-0.8920,TRACKING,prediction
1786993489.621,61.6,0.000,0.822,0.807,0.5801,-0.0312,-0.16,-0.33891,0.150,0.373,0.000,-1.0000,-0.8853,TRACKING,prediction
1786993489.631,61.6,0.000,0.782,0.874,0.5732,-0.0864,-1.90,-1.69024,0.150,0.382,0.000,-1.0000,-0.8779,TRACKING,R+C
1786993489.651,61.6,0.000,0.782,0.874,0.5732,-0.0692,-1.52,-1.35219,0.150,0.391,0.000,-1.0000,-0.8718,TRACKING,prediction
1786993489.662,61.6,0.000,0.784,0.886,0.5652,-0.0772,-2.75,-1.83346,0.150,0.399,0.000,-1.0000,-0.8657,TRACKING,R+C
1786993489.672,61.6,0.000,0.781,0.893,0.5640,-0.0686,-0.92,-1.73109,0.150,0.407,0.000,-1.0000,-0.8599,TRACKING,R+C
1786993489.692,61.6,0.000,0.785,0.891,0.5660,-0.0629,0.10,-1.67420,0.150,0.415,0.000,-1.0000,-0.8544,TRACKING,R+C
1786993489.703,61.6,0.000,0.789,0.886,0.5680,-0.0585,1.16,-1.59679,0.150,0.422,0.000,-1.0000,-0.8493,TRACKING,R+C
1786993489.713,61.6,0.000,0.790,0.894,0.5741,-0.0568,2.38,-1.50920,0.150,0.429,0.000,-1.0000,-0.8445,TRACKING,R+C
1786993489.724,61.6,0.000,0.788,0.895,0.5824,-0.0588,3.75,-1.41257,0.150,0.436,0.000,-1.0000,-0.8402,TRACKING,R+C
1786993489.743,61.6,0.000,0.782,0.889,0.5911,-0.0631,4.98,-1.32288,0.150,0.442,0.000,-1.0000,-0.8362,TRACKING,R+C
1786993489.759,61.6,0.000,0.782,0.889,0.5911,-0.0505,3.98,-1.05830,0.150,0.448,0.000,-1.0000,-0.8321,TRACKING,prediction
1786993489.772,42.7,0.000,0.779,0.884,0.6128,-0.0752,7.74,-1.14435,0.150,0.453,0.000,-1.0000,-0.8293,TRACKING,R+C
1786993489.784,42.7,0.000,0.774,0.864,0.6223,-0.0823,10.30,-0.89243,0.150,0.459,0.000,-1.0000,-0.8261,TRACKING,R+C
1786993489.802,42.7,0.000,0.774,0.864,0.6223,-0.0658,8.24,-0.71394,0.150,0.464,0.000,-1.0000,-0.8226,TRACKING,prediction
1786993489.823,42.7,0.000,0.774,0.864,0.6223,-0.0527,6.59,-0.57115,0.150,0.469,0.000,-1.0000,-0.8193,TRACKING,prediction
1786993489.843,42.7,0.000,0.774,0.864,0.6223,-0.0421,5.28,-0.45692,0.150,0.473,0.000,-1.0000,-0.8161,TRACKING,prediction
1786993489.864,42.7,0.000,0.774,0.864,0.6223,-0.0337,4.22,-0.36554,0.150,0.477,0.000,-1.0000,-0.8131,TRACKING,prediction
1786993489.876,42.7,0.000,0.774,0.864,0.6223,-0.0270,3.38,-0.29243,0.150,0.482,0.000,-1.0000,-0.8103,TRACKING,prediction
1786993489.894,42.7,0.000,0.774,0.864,0.6223,-0.0216,2.70,-0.23394,0.150,0.486,0.000,-1.0000,-0.8076,TRACKING,prediction
1786993489.908,42.7,0.000,0.774,0.864,0.6223,-0.0173,2.16,-0.18716,0.150,0.489,0.000,-1.0000,-0.8050,TRACKING,prediction
1786993489.914,42.7,0.000,0.774,0.864,0.6223,-0.0138,1.73,-0.14972,0.150,0.493,0.000,-1.0000,-0.8026,TRACKING,prediction
1786993489.945,42.7,0.000,0.774,0.864,0.6223,-0.0110,1.38,-0.11978,0.150,0.496,0.000,-1.0000,-0.8002,TRACKING,prediction
1786993489.955,42.7,0.000,0.774,0.864,0.6223,-0.0088,1.11,-0.09582,0.150,0.499,0.000,-1.0000,-0.7980,TRACKING,prediction
1786993489.967,42.7,0.000,0.774,0.864,0.6223,-0.0071,0.89,-0.07666,0.150,0.500,0.000,-1.0000,-0.7962,TRACKING,prediction
1786993489.986,42.7,0.000,0.774,0.864,0.6223,-0.0057,0.71,-0.06133,0.150,0.499,0.000,-1.0000,-0.7953,TRACKING,prediction
1786993490.000,42.7,0.000,0.774,0.864,0.6223,-0.0045,0.57,-0.04906,0.150,0.490,0.000,-1.0000,-0.7959,TRACKING,prediction
1786993490.006,42.7,0.000,0.774,0.864,0.6223,-0.0036,0.45,-0.03925,0.150,0.477,0.000,-1.0000,-0.8006,UNCERTAIN,prediction
1786993490.027,42.7,0.000,0.774,0.864,0.6223,-0.0029,0.36,-0.03140,0.150,0.462,0.000,-1.0000,-0.8085,UNCERTAIN,prediction
1786993490.042,42.7,0.000,0.774,0.864,0.6223,-0.0023,0.29,-0.02512,0.150,0.444,0.000,-1.0000,-0.8184,UNCERTAIN,prediction
1786993490.057,42.7,0.000,0.804,0.654,0.6449,-0.1026,9.88,-0.05582,0.194,0.450,0.000,-1.0000,-0.8286,TRACKING,R+C
1786993490.070,42.7,0.000,0.804,0.654,0.6449,-0.0821,7.91,-0.04466,0.194,0.456,0.000,-1.0000,-0.8270,TRACKING,prediction
1786993490.080,42.7,0.000,0.804,0.654,0.6449,-0.0657,6.33,-0.03573,0.194,0.461,0.000,-1.0000,-0.8237,TRACKING,prediction
1786993490.100,42.7,0.000,0.804,0.654,0.6449,-0.0525,5.06,-0.02858,0.194,0.473,0.000,-1.0000,-0.8203,TRACKING,prediction
1786993490.115,42.7,0.000,0.804,0.654,0.6449,-0.0420,4.05,-0.02286,0.194,0.484,0.000,-1.0000,-0.8132,TRACKING,prediction
1786993490.121,42.7,0.000,0.789,0.719,0.5750,-0.0856,6.45,-0.04486,0.196,0.488,0.000,-0.9196,-0.7514,TRACKING,R+C
1786993490.141,42.7,0.000,0.791,0.723,0.5664,-0.0805,5.59,-0.08422,0.192,0.491,0.000,-0.9018,-0.7282,TRACKING,R+C
1786993490.162,42.7,0.000,0.784,0.647,0.5674,-0.0746,4.98,-0.09176,0.191,0.495,0.000,-0.8566,-0.6929,TRACKING,R+C
1786993490.193,42.7,0.761,0.780,0.741,0.5788,-0.0694,3.83,-0.15639,0.184,0.498,0.000,-0.8445,-0.6774,TRACKING,L+C+R_fused
1786993490.213,42.7,0.811,0.777,0.732,0.5778,-0.0657,3.00,-0.18860,0.181,0.501,0.000,-0.8224,-0.6586,TRACKING,L+C+R_fused
1786993490.234,42.7,0.811,0.777,0.732,0.5778,-0.0526,2.40,-0.15088,0.181,0.504,0.000,-0.8224,-0.6544,TRACKING,prediction
1786993490.255,42.7,0.811,0.777,0.732,0.5778,-0.0420,1.92,-0.12070,0.181,0.507,0.000,-0.8224,-0.6524,TRACKING,prediction
1786993490.275,42.7,0.811,0.777,0.732,0.5778,-0.0336,1.54,-0.09656,0.181,0.510,0.000,-0.8224,-0.6508,TRACKING,prediction
1786993490.295,42.7,0.811,0.777,0.732,0.5778,-0.0269,1.23,-0.07725,0.181,0.512,0.000,-0.8224,-0.6494,TRACKING,prediction
1786993490.316,42.7,0.783,0.730,0.723,0.4753,-0.0777,-2.74,-0.61578,0.150,0.522,0.000,-1.0000,-0.7625,TRACKING,L+C+R_fused
1786993490.337,42.7,0.731,0.730,0.700,0.4206,-0.0825,-3.72,-0.68477,0.150,0.530,0.000,-1.0000,-0.7744,TRACKING,L+C+R_fused
1786993490.357,42.7,0.731,0.730,0.700,0.4206,-0.0660,-2.98,-0.54782,0.150,0.539,0.000,-1.0000,-0.7711,TRACKING,prediction
1786993490.378,42.7,0.731,0.730,0.700,0.4206,-0.0528,-2.38,-0.43825,0.150,0.540,0.000,-1.0000,-0.7658,TRACKING,prediction
1786993490.399,42.7,0.000,0.722,0.643,0.5416,-0.0888,-4.44,-0.74131,0.150,0.541,0.000,-1.0000,-0.7648,TRACKING,R+C
1786993490.418,42.7,0.000,0.715,0.619,0.5478,-0.0899,-5.82,-0.84912,0.150,0.542,0.000,-1.0000,-0.7640,TRACKING,R+C
1786993490.441,42.7,0.000,0.723,0.652,0.5362,-0.0863,-6.01,-0.84513,0.150,0.543,0.000,-1.0000,-0.7631,TRACKING,R+C
1786993490.459,42.7,0.572,0.709,0.712,0.4078,-0.0797,-7.06,-0.93212,0.150,0.544,0.000,-0.9943,-0.7584,TRACKING,L+C+R_fused
1786993490.480,42.7,0.815,0.712,0.690,0.4064,-0.0704,-6.92,-0.92723,0.150,0.545,0.000,-0.9109,-0.7043,TRACKING,L+C+R_fused
1786993490.501,42.7,0.815,0.703,0.739,0.4563,-0.0616,-8.06,-1.03115,0.150,0.545,0.000,-0.7992,-0.6248,TRACKING,L+C+R_fused
1786993490.521,42.7,0.818,0.711,0.721,0.4682,-0.0529,-8.53,-1.07281,0.150,0.546,0.000,-0.6832,-0.5385,TRACKING,L+C+R_fused
1786993490.541,42.7,0.811,0.708,0.767,0.4777,-0.0433,-9.22,-1.14821,0.150,0.547,0.000,-0.5381,-0.4326,TRACKING,L+C+R_fused
1786993490.551,42.7,0.821,0.718,0.795,0.4845,-0.0343,-9.66,-1.18459,0.150,0.554,0.000,-0.3889,-0.3207,TRACKING,L+C+R_fused
1786993490.572,42.7,0.833,0.726,0.721,0.4906,-0.0223,-9.09,-1.19455,0.150,0.562,0.000,-0.2130,-0.1896,TRACKING,L+C+R_fused
1786993490.592,42.7,0.871,0.718,0.711,0.4931,-0.0114,-9.21,-1.24426,0.150,0.561,0.000,-0.0259,-0.0496,TRACKING,L+C+R_fused
1786993490.880,42.4,0.858,0.718,0.754,0.4896,-0.0024,-9.26,-1.29435,0.150,0.561,0.000,0.1269,0.0694,TRACKING,L+C+R_fused
1786993490.890,42.4,0.871,0.708,0.758,0.4907,0.0043,-10.77,-1.49165,0.150,0.568,0.000,0.2687,0.1779,TRACKING,L+C+R_fused
1786993490.915,42.4,0.873,0.751,0.728,0.4961,0.0084,-11.85,-1.62677,0.150,0.574,0.000,0.3576,0.2496,TRACKING,L+C+R_fused
1786993490.931,42.4,0.894,0.761,0.775,0.4931,0.0109,-11.30,-1.64032,0.150,0.581,0.000,0.3735,0.2687,TRACKING,L+C+R_fused
1786993490.939,42.4,0.871,0.767,0.730,0.4949,0.0148,-9.33,-1.61167,0.150,0.587,0.000,0.3643,0.2640,TRACKING,L+C+R_fused
1786993490.959,42.4,0.855,0.756,0.671,0.5480,0.0162,-8.44,-1.62182,0.150,0.592,0.000,0.3493,0.2522,TRACKING,L+C+R_fused
1786993490.980,42.4,0.808,0.764,0.582,0.5497,0.0179,-8.20,-1.74312,0.150,0.598,0.000,0.3463,0.2465,TRACKING,L+C+R_fused
1786993490.994,42.4,0.785,0.747,0.650,0.5492,0.0200,-5.89,-1.63164,0.150,0.603,0.000,0.3084,0.2210,TRACKING,L+C+R_fused
1786993491.011,42.4,0.731,0.724,0.911,0.4714,0.0229,-3.08,-1.49731,0.150,0.608,0.000,0.2645,0.1889,TRACKING,L+C+R_fused
1786993491.031,42.4,0.405,0.740,0.896,0.3920,0.0224,-2.69,-1.54822,0.150,0.612,0.000,0.2297,0.1613,TRACKING,L+C+R_fused
1786993491.051,42.4,0.000,0.734,0.668,0.6348,0.0228,-0.69,-1.48100,0.150,0.597,0.000,0.1621,0.1146,TRACKING,R+C
1786993491.064,42.4,0.000,0.753,0.918,0.5154,0.0202,-0.51,-1.56506,0.150,0.586,0.000,0.0934,0.0653,TRACKING,R+C
1786993491.087,42.4,0.000,0.730,0.905,0.4945,0.0196,2.04,-1.40352,0.150,0.578,0.000,-0.0019,-0.0016,TRACKING,R+C
1786993491.109,42.4,0.000,0.727,0.865,0.5950,0.0173,2.91,-1.42559,0.150,0.573,0.000,-0.0868,-0.0656,TRACKING,R+C
1786993491.130,42.4,0.000,0.743,0.722,0.5387,0.0117,1.01,-1.69516,0.150,0.569,0.000,-0.1495,-0.1158,TRACKING,R+C
1786993491.150,42.4,0.000,0.747,0.900,0.5225,0.0090,2.21,-1.62956,0.150,0.566,0.000,-0.2379,-0.1792,TRACKING,R+C
1786993491.161,42.4,0.000,0.750,0.896,0.5241,0.0084,5.12,-1.40674,0.150,0.564,0.000,-0.3348,-0.2498,TRACKING,R+C
1786993491.488,42.4,0.000,0.740,0.647,0.6351,0.0045,5.50,-1.44845,0.150,0.563,0.000,-0.4201,-0.3148,TRACKING,R+C
1786993491.498,42.4,0.000,0.741,0.899,0.5439,-0.0006,5.67,-1.51617,0.150,0.562,0.000,-0.5166,-0.3857,TRACKING,R+C
1786993491.509,42.4,0.000,0.743,0.897,0.5572,-0.0054,6.87,-1.43052,0.150,0.561,0.000,-0.6174,-0.4595,TRACKING,R+C
1786993491.535,42.4,0.000,0.741,0.882,0.5728,-0.0114,7.35,-1.44827,0.150,0.561,0.000,-0.7170,-0.5332,TRACKING,R+C
1786993491.556,42.4,0.000,0.745,0.873,0.5832,-0.0177,8.08,-1.41115,0.150,0.561,0.000,-0.8103,-0.6025,TRACKING,R+C
1786993491.571,42.4,0.000,0.740,0.869,0.5953,-0.0227,10.15,-1.22345,0.150,0.561,0.000,-0.9009,-0.6691,TRACKING,R+C
1786993491.593,42.4,0.000,0.740,0.869,0.5953,-0.0181,8.12,-0.97876,0.150,0.560,0.000,-0.9009,-0.6791,TRACKING,prediction
1786993491.610,42.4,0.000,0.748,0.848,0.6145,-0.0401,9.77,-1.39625,0.150,0.560,0.000,-1.0000,-0.7430,TRACKING,R+C
1786993491.622,42.4,0.000,0.725,0.845,0.6287,-0.0457,14.73,-0.84432,0.150,0.560,0.000,-1.0000,-0.7528,TRACKING,R+C
1786993491.653,42.4,0.000,0.725,0.845,0.6287,-0.0365,11.78,-0.67546,0.150,0.560,0.000,-1.0000,-0.7543,TRACKING,prediction
1786993491.674,42.4,0.000,0.725,0.845,0.6287,-0.0292,9.43,-0.54036,0.150,0.560,0.000,-1.0000,-0.7545,TRACKING,prediction
1786993491.687,42.4,0.000,0.725,0.845,0.6287,-0.0234,7.54,-0.43229,0.150,0.560,0.000,-1.0000,-0.7546,TRACKING,prediction
1786993491.705,42.4,0.000,0.729,0.809,0.6631,-0.0782,16.28,-0.65539,0.150,0.560,0.000,-1.0000,-0.7569,TRACKING,R+C
1786993491.725,42.4,0.000,0.750,0.806,0.6660,-0.0823,15.51,-0.71858,0.150,0.560,0.000,-1.0000,-0.7571,TRACKING,R+C
1786993491.744,42.4,0.000,0.749,0.808,0.6682,-0.0821,16.29,-0.60339,0.150,0.560,0.000,-1.0000,-0.7571,TRACKING,R+C
1786993491.761,42.4,0.000,0.729,0.808,0.6697,-0.0815,16.73,-0.54788,0.150,0.560,0.000,-1.0000,-0.7570,TRACKING,R+C
1786993491.776,42.4,0.000,0.729,0.808,0.6697,-0.0652,13.39,-0.43831,0.150,0.560,0.000,-1.0000,-0.7570,TRACKING,prediction
1786993491.785,42.4,0.000,0.729,0.808,0.6697,-0.0522,10.71,-0.35065,0.150,0.560,0.000,-1.0000,-0.7570,TRACKING,prediction
1786993491.805,42.4,0.000,0.729,0.808,0.6697,-0.0417,8.57,-0.28052,0.150,0.560,0.000,-1.0000,-0.7570,TRACKING,prediction
1786993492.080,30.0,0.000,0.729,0.808,0.6697,-0.0334,6.85,-0.22441,0.150,0.560,0.000,-1.0000,-0.7570,TRACKING,prediction
1786993492.101,30.0,0.000,0.729,0.808,0.6697,-0.0267,5.48,-0.17953,0.150,0.560,0.000,-1.0000,-0.7570,TRACKING,prediction
1786993492.121,30.0,0.000,0.729,0.808,0.6697,-0.0214,4.39,-0.14362,0.150,0.560,0.000,-1.0000,-0.7570,TRACKING,prediction
1786993492.142,30.0,0.000,0.729,0.808,0.6697,-0.0171,3.51,-0.11490,0.150,0.560,0.000,-1.0000,-0.7570,TRACKING,prediction
1786993492.163,30.0,0.000,0.729,0.808,0.6697,-0.0137,2.81,-0.09192,0.150,0.560,0.000,-1.0000,-0.7570,TRACKING,prediction
1786993492.184,30.0,0.000,0.729,0.808,0.6697,-0.0109,2.25,-0.07354,0.150,0.555,0.000,-1.0000,-0.7570,TRACKING,prediction
1786993492.204,30.0,0.000,0.729,0.808,0.6697,-0.0088,1.80,-0.05883,0.150,0.543,0.000,-1.0000,-0.7599,TRACKING,prediction
1786993492.215,30.0,0.000,0.729,0.808,0.6697,-0.0070,1.44,-0.04706,0.150,0.527,0.000,-1.0000,-0.7669,TRACKING,prediction
1786993492.236,30.0,0.000,0.783,0.842,0.6143,-0.0661,10.19,-0.90261,0.150,0.529,0.000,-1.0000,-0.7747,TRACKING,R+C
1786993492.251,30.0,0.000,0.783,0.842,0.6143,-0.0529,8.15,-0.72209,0.150,0.530,0.000,-1.0000,-0.7752,TRACKING,prediction
1786993492.284,30.0,0.000,0.783,0.842,0.6143,-0.0423,6.52,-0.57767,0.150,0.532,0.000,-1.0000,-0.7744,TRACKING,prediction
1786993492.512,30.0,0.000,0.783,0.842,0.6143,-0.0338,5.22,-0.46214,0.150,0.533,0.000,-1.0000,-0.7735,TRACKING,prediction
1786993492.524,30.0,0.000,0.768,0.864,0.5950,-0.0561,11.23,-0.69370,0.150,0.534,0.000,-1.0000,-0.7716,TRACKING,R+C
1786993492.543,30.0,0.000,0.779,0.873,0.5898,-0.0538,10.17,-0.78027,0.150,0.536,0.000,-1.0000,-0.7704,TRACKING,R+C
1786993492.562,30.0,0.000,0.779,0.858,0.5840,-0.0548,8.17,-0.95648,0.150,0.537,0.000,-1.0000,-0.7695,TRACKING,R+C
1786993492.577,30.0,0.000,0.801,0.856,0.5830,-0.0549,8.25,-0.91677,0.150,0.538,0.000,-1.0000,-0.7686,TRACKING,R+C
1786993492.591,30.0,0.000,0.801,0.856,0.5830,-0.0439,6.60,-0.73342,0.150,0.539,0.000,-1.0000,-0.7679,TRACKING,prediction
1786993492.608,30.0,0.000,0.799,0.872,0.5884,-0.0599,9.15,-0.81418,0.150,0.540,0.000,-1.0000,-0.7675,TRACKING,R+C
1786993492.620,30.0,0.000,0.781,0.874,0.5883,-0.0650,8.66,-0.83774,0.150,0.541,0.000,-1.0000,-0.7671,TRACKING,R+C
1786993492.633,30.0,0.000,0.806,0.871,0.5901,-0.0650,9.64,-0.73359,0.150,0.542,0.000,-1.0000,-0.7664,TRACKING,R+C
1786993492.643,30.0,0.000,0.806,0.871,0.5901,-0.0520,7.71,-0.58688,0.150,0.543,0.000,-1.0000,-0.7658,TRACKING,prediction
1786993492.663,30.0,0.000,0.801,0.870,0.5827,-0.0630,8.39,-0.81510,0.150,0.551,0.000,-1.0000,-0.7649,TRACKING,R+C
1786993492.683,30.0,0.000,0.808,0.876,0.5771,-0.0615,7.46,-0.85937,0.150,0.558,0.000,-1.0000,-0.7601,TRACKING,R+C
1786993492.704,30.0,0.000,0.808,0.876,0.5771,-0.0492,5.97,-0.68750,0.150,0.565,0.000,-1.0000,-0.7553,TRACKING,prediction
1786993492.714,30.0,0.000,0.804,0.879,0.5655,-0.0533,7.53,-0.82473,0.150,0.572,0.000,-1.0000,-0.7499,TRACKING,R+C
1786993492.746,30.0,0.000,0.804,0.879,0.5655,-0.0426,6.03,-0.65978,0.150,0.579,0.000,-1.0000,-0.7454,TRACKING,prediction
1786993496.132,6.4,0.000,0.807,0.877,0.5541,-0.0439,7.11,-0.81333,0.150,0.585,0.000,-0.9831,-0.7301,TRACKING,R+C
1786993496.151,6.4,0.000,0.804,0.884,0.5490,-0.0383,6.99,-0.79635,0.150,0.590,0.000,-0.9273,-0.6904,TRACKING,R+C
1786993496.163,6.4,0.000,0.818,0.886,0.5427,-0.0331,6.79,-0.78776,0.150,0.596,0.000,-0.8686,-0.6458,TRACKING,R+C
1786993496.173,6.4,0.000,0.815,0.893,0.5358,-0.0279,6.23,-0.82257,0.150,0.585,0.000,-0.7998,-0.5947,TRACKING,R+C
1786993496.189,6.4,0.000,0.805,0.901,0.5266,-0.0204,6.58,-0.78219,0.150,0.578,0.000,-0.7152,-0.5400,TRACKING,R+C
1786993496.193,6.4,0.000,0.805,0.901,0.5220,-0.0140,6.63,-0.76410,0.150,0.572,0.000,-0.6302,-0.4823,TRACKING,R+C
1786993496.216,6.4,0.592,0.805,0.906,0.5198,-0.0077,6.60,-0.74360,0.150,0.569,0.000,-0.5370,-0.4173,TRACKING,L+C+R_fused
1786993496.233,6.4,0.620,0.806,0.903,0.4764,-0.0013,6.62,-0.72323,0.150,0.566,0.000,-0.4371,-0.3460,TRACKING,L+C+R_fused
1786993496.248,6.4,0.676,0.812,0.910,0.4950,0.0043,6.48,-0.73406,0.150,0.573,0.000,-0.3434,-0.2769,TRACKING,L+C+R_fused
1786993496.258,6.4,0.794,0.809,0.910,0.4770,0.0112,6.56,-0.72486,0.150,0.579,0.000,-0.2283,-0.1928,TRACKING,L+C+R_fused
1786993496.275,6.4,0.922,0.812,0.849,0.4846,0.0174,6.13,-0.74145,0.150,0.585,0.000,-0.1044,-0.1016,TRACKING,L+C+R_fused
1786993496.292,6.4,0.959,0.806,0.922,0.4837,0.0249,6.30,-0.71665,0.150,0.591,0.000,0.0251,-0.0065,TRACKING,L+C+R_fused
1786993496.302,6.4,0.919,0.808,0.915,0.4892,0.0327,6.49,-0.70086,0.150,0.596,0.000,0.1576,0.0911,TRACKING,L+C+R_fused
1786993496.321,6.4,0.925,0.807,0.604,0.4876,0.0383,6.55,-0.69289,0.150,0.602,0.000,0.2534,0.1651,TRACKING,L+C+R_fused
1786993496.335,6.4,0.919,0.802,0.373,0.4547,0.0431,6.87,-0.65380,0.150,0.606,0.000,0.3264,0.2210,TRACKING,L+C+R_fused
1786993496.351,6.4,0.949,0.815,0.361,0.4085,0.0440,6.34,-0.70585,0.150,0.611,0.000,0.3557,0.2464,TRACKING,L+C+R_fused
1786993496.376,6.4,0.899,0.811,0.000,0.5208,0.0422,6.19,-0.71866,0.150,0.616,0.000,0.3296,0.2331,TRACKING,L+C
1786993496.397,6.4,0.897,0.814,0.353,0.4955,0.0387,5.60,-0.77446,0.150,0.620,0.000,0.2875,0.2042,TRACKING,L+C+R_fused
1786993496.417,6.4,0.919,0.800,0.384,0.5458,0.0362,5.96,-0.74610,0.150,0.624,0.000,0.2328,0.1658,TRACKING,L+C+R_fused
1786993496.752,6.4,0.957,0.806,0.342,0.4685,0.0345,6.41,-0.73943,0.150,0.628,0.000,0.1856,0.1306,TRACKING,L+C+R_fused
1786993496.765,6.4,0.959,0.799,0.346,0.4489,0.0308,6.46,-0.74157,0.150,0.631,0.000,0.1179,0.0838,TRACKING,L+C+R_fused
1786993496.791,6.4,0.958,0.801,0.359,0.4420,0.0268,6.72,-0.73862,0.150,0.635,0.000,0.0362,0.0272,TRACKING,L+C+R_fused
1786993496.802,6.4,0.959,0.805,0.716,0.4975,0.0216,6.64,-0.76368,0.150,0.638,0.000,-0.0579,-0.0380,TRACKING,L+C+R_fused
1786993496.832,6.4,0.958,0.805,0.914,0.5057,0.0166,6.96,-0.73622,0.150,0.641,0.000,-0.1552,-0.1052,TRACKING,L+C+R_fused
1786993496.853,6.4,0.957,0.800,0.901,0.5135,0.0113,6.81,-0.76167,0.150,0.644,0.000,-0.2457,-0.1685,TRACKING,L+C+R_fused
1786993496.873,6.4,0.867,0.804,0.920,0.5085,0.0040,6.01,-0.82214,0.150,0.647,0.000,-0.3436,-0.2351,TRACKING,L+C+R_fused
1786993496.884,6.4,0.956,0.800,0.927,0.4960,0.0014,6.88,-0.76382,0.150,0.649,0.000,-0.4131,-0.2851,TRACKING,L+C+R_fused
1786993496.903,6.4,0.956,0.800,0.927,0.4960,0.0011,5.51,-0.61106,0.150,0.652,0.000,-0.4131,-0.2918,TRACKING,prediction
1786993496.923,6.4,0.000,0.803,0.910,0.5192,-0.0034,7.25,-0.73372,0.150,0.654,0.000,-0.4970,-0.3410,TRACKING,R+C
1786993496.932,6.4,0.000,0.802,0.917,0.5215,-0.0019,7.22,-0.72913,0.150,0.657,0.000,-0.4717,-0.3328,TRACKING,R+C
1786993496.953,6.4,0.000,0.802,0.917,0.5215,-0.0015,5.78,-0.58331,0.150,0.659,0.000,-0.4717,-0.3310,TRACKING,prediction
1786993496.974,6.4,0.958,0.794,0.913,0.5363,0.0092,7.07,-0.73427,0.150,0.661,0.000,-0.2870,-0.2231,TRACKING,L+C+R_fused
1786993496.994,6.4,0.952,0.793,0.809,0.5201,0.0165,6.79,-0.74443,0.150,0.663,0.000,-0.1515,-0.1282,TRACKING,L+C+R_fused
1786993497.009,6.4,0.956,0.795,0.864,0.5077,0.0234,6.85,-0.73373,0.150,0.665,0.000,-0.0296,-0.0431,TRACKING,L+C+R_fused
1786993497.030,6.4,0.951,0.794,0.923,0.5028,0.0291,5.84,-0.79556,0.150,0.666,0.000,0.1056,0.0487,TRACKING,L+C+R_fused
1786993497.038,6.4,0.943,0.798,0.603,0.5202,0.0359,6.02,-0.77021,0.150,0.668,0.000,0.2216,0.1301,TRACKING,L+C+R_fused
1786993497.053,6.4,0.934,0.804,0.849,0.5171,0.0400,6.45,-0.75283,0.150,0.670,0.000,0.2764,0.1739,TRACKING,L+C+R_fused
1786993497.080,6.4,0.939,0.809,0.785,0.5047,0.0406,6.60,-0.76577,0.150,0.671,0.000,0.2775,0.1806,TRACKING,L+C+R_fused
1786993497.096,6.4,0.948,0.804,0.777,0.4992,0.0389,6.38,-0.81410,0.150,0.673,0.000,0.2490,0.1645,TRACKING,L+C+R_fused
1786993497.101,6.4,0.951,0.799,0.700,0.4998,0.0383,6.58,-0.81322,0.150,0.674,0.000,0.2300,0.1509,TRACKING,L+C+R_fused
1786993497.121,6.4,0.947,0.802,0.734,0.4967,0.0376,6.41,-0.84919,0.150,0.675,0.000,0.2197,0.1425,TRACKING,L+C+R_fused
1786993497.133,41.0,0.949,0.807,0.791,0.4926,0.0398,6.74,-0.82325,0.150,0.677,0.000,0.2476,0.1574,TRACKING,L+C+R_fused
1786993497.148,41.0,0.944,0.799,0.318,0.4868,0.0450,6.43,-0.87865,0.150,0.678,0.000,0.3378,0.2115,TRACKING,L+C+R_fused
1786993497.164,41.0,0.931,0.798,0.358,0.5255,0.0512,6.73,-0.86947,0.150,0.679,0.000,0.4273,0.2711,TRACKING,L+C+R_fused
1786993497.180,41.0,0.936,0.794,0.351,0.5819,0.0557,6.38,-0.91199,0.150,0.680,0.000,0.5034,0.3236,TRACKING,L+C+R_fused
1786993497.206,41.0,0.938,0.807,0.632,0.4784,0.0580,6.83,-0.87970,0.150,0.681,0.000,0.5260,0.3441,TRACKING,L+C+R_fused
1786993497.214,41.0,0.940,0.804,0.682,0.4695,0.0559,6.38,-0.96913,0.150,0.682,0.000,0.4971,0.3297,TRACKING,L+C+R_fused
1786993497.228,41.0,0.939,0.803,0.677,0.4751,0.0553,6.55,-0.96157,0.150,0.683,0.000,0.4837,0.3197,TRACKING,L+C+R_fused
1786993497.244,41.0,0.932,0.801,0.913,0.4732,0.0546,5.71,-1.03940,0.150,0.684,0.000,0.4931,0.3232,TRACKING,L+C+R_fused
1786993497.265,41.0,0.932,0.802,0.609,0.4056,0.0591,6.47,-0.97600,0.150,0.684,0.000,0.5411,0.3513,TRACKING,L+C+R_fused
1786993497.283,41.0,0.932,0.789,0.627,0.4798,0.0648,5.99,-1.03693,0.150,0.685,0.000,0.6294,0.4060,TRACKING,L+C+R_fused
1786993497.314,41.0,0.903,0.794,0.585,0.4825,0.0718,6.39,-1.00818,0.150,0.686,0.000,0.7112,0.4606,TRACKING,L+C+R_fused
1786993497.329,41.0,0.893,0.795,0.373,0.4398,0.0790,6.72,-0.97930,0.150,0.687,0.000,0.7921,0.5144,TRACKING,L+C+R_fused
1786993497.334,41.0,0.883,0.794,0.373,0.4422,0.0857,6.67,-0.98773,0.150,0.687,0.000,0.8666,0.5643,TRACKING,L+C+R_fused
1786993497.351,41.0,0.836,0.797,0.000,0.5293,0.0919,6.96,-0.96259,0.150,0.688,0.000,0.9242,0.6040,TRACKING,L+C
1786993497.365,41.0,0.799,0.797,0.000,0.5352,0.0942,5.84,-1.07550,0.150,0.689,0.000,0.9622,0.6309,TRACKING,L+C
1786993497.381,41.0,0.844,0.795,0.000,0.5414,0.0964,5.39,-1.13022,0.150,0.689,0.000,0.9869,0.6485,TRACKING,L+C
1786993497.397,41.0,0.844,0.795,0.000,0.5414,0.0771,4.31,-0.90418,0.150,0.690,0.000,0.9869,0.6507,TRACKING,prediction
1786993497.412,41.0,0.844,0.795,0.000,0.5414,0.0617,3.45,-0.72334,0.150,0.690,0.000,0.9869,0.6508,TRACKING,prediction
1786993497.428,41.0,0.895,0.775,0.379,0.5306,0.0934,6.96,-1.07966,0.150,0.691,0.000,0.9272,0.6167,TRACKING,L+C+R_fused
1786993497.445,41.0,0.901,0.757,0.907,0.4879,0.0925,8.82,-0.92794,0.150,0.691,0.000,0.8854,0.5879,TRACKING,L+C+R_fused
1786993497.460,41.0,0.922,0.752,0.906,0.4932,0.0912,10.03,-0.82901,0.150,0.692,0.000,0.8487,0.5627,TRACKING,L+C+R_fused
1786993497.476,41.0,0.786,0.749,0.734,0.4924,0.0878,10.14,-0.84286,0.150,0.692,0.000,0.8064,0.5347,TRACKING,L+C+R_fused
1786993497.492,41.0,0.799,0.716,0.655,0.4939,0.0836,9.85,-0.87484,0.150,0.692,0.000,0.7624,0.5055,TRACKING,L+C+R_fused
1786993497.508,41.0,0.814,0.761,0.807,0.4911,0.0785,8.15,-1.09885,0.150,0.693,0.000,0.7257,0.4799,TRACKING,L+C+R_fused
1786993497.534,41.0,0.864,0.728,0.701,0.4747,0.0749,9.34,-1.03639,0.150,0.693,0.000,0.6474,0.4309,TRACKING,L+C+R_fused
1786993497.551,41.0,0.864,0.728,0.701,0.4747,0.0599,7.47,-0.82911,0.150,0.694,0.000,0.6474,0.4236,TRACKING,prediction
1786993497.567,41.0,0.864,0.728,0.701,0.4747,0.0480,5.98,-0.66329,0.150,0.694,0.000,0.6474,0.4224,TRACKING,prediction
1786993497.592,41.0,0.000,0.696,0.899,0.4952,0.0649,14.04,-0.65397,0.150,0.694,0.000,0.3712,0.2646,TRACKING,R+C
1786993497.613,41.0,0.000,0.713,0.895,0.4957,0.0556,10.23,-1.08087,0.150,0.694,0.000,0.3115,0.2062,TRACKING,R+C
1786993497.629,41.0,0.000,0.720,0.876,0.4948,0.0530,12.07,-0.89451,0.150,0.695,0.000,0.2166,0.1441,TRACKING,R+C
1786993497.654,41.0,0.000,0.718,0.872,0.5023,0.0477,11.72,-0.99286,0.150,0.695,0.000,0.1217,0.0803,TRACKING,R+C
1786993497.663,41.0,0.000,0.718,0.872,0.5023,0.0382,9.37,-0.79429,0.150,0.695,0.000,0.1217,0.0710,TRACKING,prediction
1786993497.677,41.0,0.000,0.718,0.872,0.5023,0.0305,7.50,-0.63543,0.150,0.695,0.000,0.1217,0.0696,TRACKING,prediction
1786993497.703,41.0,0.000,0.744,0.866,0.5270,0.0268,9.92,-1.29498,0.150,0.696,0.000,-0.2191,-0.1238,TRACKING,R+C
1786993497.708,41.0,0.000,0.740,0.857,0.5381,0.0195,9.33,-1.38796,0.150,0.696,0.000,-0.3326,-0.2153,TRACKING,R+C
1786993497.724,41.0,0.000,0.750,0.849,0.5492,0.0115,8.48,-1.47884,0.150,0.696,0.000,-0.4408,-0.2890,TRACKING,R+C
1786993497.740,41.0,0.000,0.740,0.838,0.5581,0.0077,10.44,-1.32099,0.150,0.696,0.000,-0.5525,-0.3616,TRACKING,R+C
1786993497.756,41.0,0.000,0.731,0.832,0.5726,-0.0007,9.65,-1.46280,0.150,0.696,0.000,-0.6601,-0.4320,TRACKING,R+C
1786993497.780,41.0,0.000,0.739,0.832,0.5860,-0.0079,10.05,-1.44923,0.150,0.697,0.000,-0.7626,-0.4988,TRACKING,R+C
1786993497.787,41.0,0.000,0.748,0.826,0.5951,-0.0131,10.86,-1.38288,0.150,0.697,0.000,-0.8388,-0.5504,TRACKING,R+C
1786993497.803,41.0,0.000,0.748,0.826,0.5951,-0.0105,8.69,-1.10630,0.150,0.697,0.000,-0.8388,-0.5580,TRACKING,prediction
1786993497.819,41.0,0.000,0.748,0.826,0.5951,-0.0084,6.95,-0.88504,0.150,0.697,0.000,-0.8388,-0.5590,TRACKING,prediction
1786993497.844,41.0,0.000,0.748,0.811,0.5973,-0.0142,11.52,-1.29854,0.150,0.697,0.000,-0.8603,-0.5708,TRACKING,R+C
1786993497.851,41.0,0.000,0.748,0.811,0.5973,-0.0113,9.22,-1.03883,0.150,0.697,0.000,-0.8603,-0.5725,TRACKING,prediction
1786993497.877,41.0,0.000,0.748,0.811,0.5973,-0.0091,7.37,-0.83106,0.150,0.698,0.000,-0.8603,-0.5727,TRACKING,prediction
1786993497.883,41.0,0.000,0.740,0.812,0.6015,-0.0108,9.99,-1.53591,0.150,0.698,0.000,-0.8049,-0.5427,TRACKING,R+C
1786993497.908,41.0,0.000,0.749,0.810,0.6025,-0.0118,10.89,-1.44838,0.150,0.698,0.000,-0.8338,-0.5539,TRACKING,R+C
1786993497.925,41.0,0.000,0.744,0.811,0.6099,-0.0177,9.91,-1.55020,0.150,0.698,0.000,-0.8799,-0.5809,TRACKING,R+C
1786993497.946,41.0,0.000,0.684,0.810,0.6227,-0.0130,21.24,-0.25637,0.174,0.698,0.000,-0.8129,-0.5483,TRACKING,R+C
1786993497.973,41.0,0.000,0.684,0.810,0.6227,-0.0104,16.99,-0.20509,0.174,0.698,0.000,-0.8129,-0.5434,TRACKING,prediction
1786993497.989,41.0,0.000,0.684,0.810,0.6227,-0.0083,13.59,-0.16408,0.174,0.698,0.000,-0.8129,-0.5427,TRACKING,prediction
1786993497.994,41.0,0.000,0.736,0.798,0.6363,-0.0348,10.90,-1.66691,0.150,0.698,0.000,-1.0000,-0.6458,TRACKING,R+C
1786993498.014,41.0,0.000,0.738,0.802,0.6375,-0.0363,10.93,-1.70859,0.150,0.698,0.000,-1.0000,-0.6610,TRACKING,R+C
1786993498.026,41.0,0.000,0.682,0.803,0.6422,-0.0264,23.18,-0.20793,0.179,0.698,0.000,-0.9197,-0.6192,TRACKING,R+C
1786993498.052,41.0,0.000,0.728,0.801,0.6410,-0.0406,9.70,-1.97695,0.150,0.699,0.000,-1.0000,-0.6577,TRACKING,R+C
1786993498.063,41.0,0.000,0.723,0.795,0.6499,-0.0456,10.32,-1.92216,0.150,0.699,0.000,-1.0000,-0.6636,TRACKING,R+C
1786993498.083,41.0,0.000,0.723,0.795,0.6646,-0.0532,11.37,-1.82847,0.150,0.699,0.000,-1.0000,-0.6650,TRACKING,R+C
1786993498.094,41.0,0.000,0.683,0.788,0.6856,-0.0524,23.38,-0.31773,0.168,0.699,0.000,-1.0000,-0.6650,TRACKING,R+C
1786993498.115,41.0,0.000,0.687,0.783,0.6953,-0.0653,19.08,-0.90721,0.150,0.699,0.000,-1.0000,-0.6663,TRACKING,R+C
1786993498.125,41.0,0.000,0.704,0.779,0.6991,-0.0787,14.18,-1.53713,0.150,0.699,0.000,-1.0000,-0.6671,TRACKING,R+C
1786993498.147,59.2,0.000,0.756,0.777,0.7034,-0.0842,13.09,-1.69577,0.150,0.657,0.000,-1.0000,-0.6674,TRACKING,R+C
1786993498.178,59.2,0.000,0.756,0.777,0.7034,-0.0673,10.47,-1.35661,0.150,0.628,0.000,-1.0000,-0.6910,TRACKING,prediction
1786993498.199,59.2,0.000,0.756,0.777,0.7034,-0.0539,8.38,-1.08529,0.150,0.608,0.000,-1.0000,-0.7109,TRACKING,prediction
1786993498.219,59.2,0.000,0.756,0.777,0.7034,-0.0431,6.70,-0.86823,0.150,0.593,0.000,-1.0000,-0.7252,TRACKING,prediction
1786993498.240,59.2,0.000,0.756,0.777,0.7034,-0.0345,5.36,-0.69459,0.150,0.583,0.000,-1.0000,-0.7353,TRACKING,prediction
1786993498.261,59.2,0.000,0.756,0.777,0.7034,-0.0276,4.29,-0.55567,0.150,0.576,0.000,-1.0000,-0.7424,TRACKING,prediction
1786993498.282,59.2,0.000,0.756,0.777,0.7034,-0.0221,3.43,-0.44453,0.150,0.571,0.000,-1.0000,-0.7473,TRACKING,prediction
1786993498.301,59.2,0.000,0.756,0.777,0.7034,-0.0176,2.74,-0.35563,0.150,0.568,0.000,-1.0000,-0.7508,TRACKING,prediction
1786993498.321,59.2,0.000,0.768,0.780,0.7143,-0.0865,21.77,-0.30806,0.169,0.566,0.000,-1.0000,-0.7528,TRACKING,R+C
1786993498.342,59.2,0.000,0.768,0.780,0.7143,-0.0692,17.41,-0.24645,0.169,0.564,0.000,-1.0000,-0.7545,TRACKING,prediction
1786993498.353,59.2,0.000,0.778,0.784,0.7131,-0.0916,21.47,-0.15618,0.184,0.563,0.000,-1.0000,-0.7554,TRACKING,R+C
1786993498.374,59.2,0.000,0.778,0.784,0.7131,-0.0733,17.18,-0.12494,0.184,0.562,0.000,-1.0000,-0.7562,TRACKING,prediction
1786993498.394,59.2,0.000,0.778,0.784,0.7131,-0.0586,13.74,-0.09995,0.184,0.561,0.000,-1.0000,-0.7568,TRACKING,prediction
1786993498.414,59.2,0.000,0.778,0.784,0.7131,-0.0469,10.99,-0.07996,0.184,0.561,0.000,-1.0000,-0.7572,TRACKING,prediction
1786993498.424,59.2,0.000,0.778,0.784,0.7131,-0.0375,8.80,-0.06397,0.184,0.561,0.000,-1.0000,-0.7575,TRACKING,prediction
1786993498.446,59.2,0.000,0.778,0.784,0.7131,-0.0300,7.04,-0.05118,0.184,0.560,0.000,-1.0000,-0.7577,TRACKING,prediction
1786993498.465,59.2,0.000,0.778,0.784,0.7131,-0.0240,5.63,-0.04094,0.184,0.560,0.000,-1.0000,-0.7578,TRACKING,prediction
1786993498.485,59.2,0.000,0.778,0.784,0.7131,-0.0192,4.50,-0.03275,0.184,0.567,0.000,-1.0000,-0.7579,TRACKING,prediction
1786993498.506,59.2,0.000,0.778,0.784,0.7131,-0.0154,3.60,-0.02620,0.184,0.574,0.000,-1.0000,-0.7541,TRACKING,prediction
1786993498.528,59.2,0.000,0.778,0.784,0.7131,-0.0123,2.88,-0.02096,0.184,0.580,0.000,-1.0000,-0.7498,TRACKING,prediction
1786993498.547,59.2,0.000,0.783,0.774,0.6562,-0.1129,11.30,-0.17400,0.183,0.574,0.000,-1.0000,-0.7441,TRACKING,R+C
1786993498.567,59.2,0.000,0.783,0.774,0.6562,-0.0903,9.04,-0.13920,0.183,0.570,0.000,-1.0000,-0.7468,TRACKING,prediction
1786993498.588,59.2,0.000,0.783,0.774,0.6562,-0.0722,7.23,-0.11136,0.183,0.576,0.000,-1.0000,-0.7495,TRACKING,prediction
1786993498.608,59.2,0.000,0.783,0.774,0.6562,-0.0578,5.79,-0.08909,0.183,0.582,0.000,-1.0000,-0.7463,TRACKING,prediction
1786993498.619,59.2,0.000,0.765,0.794,0.6186,-0.1079,8.08,-0.22890,0.177,0.588,0.000,-1.0000,-0.7411,TRACKING,R+C
1786993498.650,59.2,0.000,0.762,0.711,0.6063,-0.1065,6.85,-0.26593,0.173,0.594,0.000,-1.0000,-0.7368,TRACKING,R+C
1786993498.671,59.2,0.000,0.762,0.711,0.6063,-0.0852,5.48,-0.21275,0.173,0.599,0.000,-1.0000,-0.7331,TRACKING,prediction
1786993498.690,59.2,0.000,0.762,0.711,0.6063,-0.0682,4.39,-0.17020,0.173,0.604,0.000,-1.0000,-0.7295,TRACKING,prediction
1786993498.708,59.2,0.000,0.762,0.711,0.6063,-0.0545,3.51,-0.13616,0.173,0.609,0.000,-1.0000,-0.7262,TRACKING,prediction
1786993498.720,59.2,0.000,0.769,0.698,0.5760,-0.0911,4.66,-0.26833,0.173,0.614,0.000,-1.0000,-0.7211,TRACKING,R+C
1786993498.740,59.2,0.000,0.768,0.703,0.5700,-0.0861,4.32,-0.24726,0.175,0.618,0.000,-1.0000,-0.7175,TRACKING,R+C
1786993498.761,59.2,0.000,0.753,0.708,0.5610,-0.0820,2.34,-0.38017,0.162,0.600,0.000,-1.0000,-0.7140,TRACKING,R+C
1786993498.782,59.2,0.704,0.762,0.719,0.4892,-0.0770,1.34,-0.39701,0.160,0.588,0.000,-1.0000,-0.7228,TRACKING,L+C+R_fused
1786993498.802,59.2,0.949,0.751,0.750,0.5285,-0.0694,0.70,-0.45023,0.155,0.594,0.000,-0.9886,-0.7235,TRACKING,L+C+R_fused
1786993498.823,59.2,0.944,0.740,0.848,0.5391,-0.0623,0.04,-0.47895,0.152,0.599,0.000,-0.9380,-0.6896,TRACKING,L+C+R_fused
1786993498.843,59.2,0.947,0.770,0.853,0.5331,-0.0532,1.38,-0.31249,0.169,0.604,0.000,-0.7757,-0.5837,TRACKING,L+C+R_fused
1786993498.866,59.2,0.951,0.766,0.863,0.5185,-0.0462,0.64,-0.34310,0.166,0.609,0.000,-0.6742,-0.5041,TRACKING,L+C+R_fused
1786993498.874,59.2,0.947,0.779,0.871,0.5075,-0.0393,-0.05,-0.36351,0.164,0.614,0.000,-0.5925,-0.4405,TRACKING,L+C+R_fused
1786993498.895,59.2,0.944,0.789,0.884,0.5024,-0.0326,-0.02,-0.35063,0.165,0.618,0.000,-0.5025,-0.3750,TRACKING,L+C+R_fused
1786993498.917,59.2,0.945,0.749,0.882,0.5007,-0.0300,-3.22,-0.67133,0.150,0.622,0.000,-0.4871,-0.3544,TRACKING,L+C+R_fused
1786993498.925,59.2,0.943,0.747,0.892,0.4968,-0.0277,-4.10,-0.76661,0.150,0.626,0.000,-0.4328,-0.3177,TRACKING,L+C+R_fused
1786993498.946,59.2,0.943,0.752,0.889,0.4942,-0.0269,-3.87,-0.74183,0.150,0.630,0.000,-0.4260,-0.3071,TRACKING,L+C+R_fused
1786993498.967,59.2,0.946,0.740,0.891,0.4915,-0.0290,-5.42,-0.92504,0.150,0.633,0.000,-0.4282,-0.3065,TRACKING,L+C+R_fused
1786993498.988,59.2,0.940,0.732,0.878,0.4909,-0.0337,-7.66,-1.13711,0.150,0.636,0.000,-0.4496,-0.3186,TRACKING,L+C+R_fused
1786993499.008,59.2,0.948,0.743,0.879,0.4874,-0.0338,-7.08,-1.11367,0.150,0.640,0.000,-0.4704,-0.3318,TRACKING,L+C+R_fused
1786993499.032,59.2,0.949,0.725,0.878,0.4919,-0.0356,-8.49,-1.30454,0.150,0.643,0.000,-0.4754,-0.3365,TRACKING,L+C+R_fused
1786993499.053,59.2,0.899,0.723,0.876,0.4726,-0.0368,-9.26,-1.41648,0.150,0.646,0.000,-0.4831,-0.3411,TRACKING,L+C+R_fused
1786993499.071,59.2,0.376,0.736,0.874,0.4682,-0.0360,-9.01,-1.40998,0.150,0.648,0.000,-0.4792,-0.3387,TRACKING,L+C+R_fused
1786993499.093,59.2,0.000,0.738,0.879,0.5019,-0.0345,-9.95,-1.55489,0.150,0.651,0.000,-0.4443,-0.3176,TRACKING,R+C
1786993499.113,59.2,0.000,0.762,0.890,0.4994,-0.0317,-11.29,-1.67694,0.150,0.653,0.000,-0.3689,-0.2701,TRACKING,R+C
1786993499.144,59.2,0.378,0.737,0.892,0.4906,-0.0222,-11.43,-1.79041,0.150,0.656,0.000,-0.2247,-0.1790,TRACKING,L+C+R_fused
1786993499.164,50.1,0.841,0.753,0.893,0.4697,-0.0098,-9.93,-1.75472,0.150,0.658,0.000,-0.0638,-0.0712,TRACKING,L+C+R_fused
1786993499.185,50.1,0.944,0.764,0.901,0.4635,0.0004,-9.71,-1.79561,0.150,0.660,0.000,0.0988,0.0400,TRACKING,L+C+R_fused
1786993499.205,50.1,0.949,0.773,0.898,0.5041,0.0091,-9.85,-1.85351,0.150,0.662,0.000,0.2462,0.1429,TRACKING,L+C+R_fused
1786993499.227,50.1,0.933,0.779,0.898,0.5028,0.0175,-9.58,-1.89686,0.150,0.664,0.000,0.3677,0.2290,TRACKING,L+C+R_fused
1786993499.247,50.1,0.936,0.786,0.909,0.5015,0.0225,-9.74,-1.95561,0.150,0.666,0.000,0.4437,0.2857,TRACKING,L+C+R_fused
1786993499.268,50.1,0.949,0.791,0.920,0.4998,0.0298,-6.36,-1.83118,0.150,0.667,0.000,0.4500,0.2971,TRACKING,L+C+R_fused
1786993499.290,50.1,0.943,0.787,0.918,0.4927,0.0339,-4.91,-1.80107,0.150,0.669,0.000,0.4635,0.3060,TRACKING,L+C+R_fused
1786993499.310,50.1,0.949,0.787,0.919,0.4983,0.0387,-3.24,-1.75092,0.150,0.671,0.000,0.4826,0.3178,TRACKING,L+C+R_fused
1786993499.331,50.1,0.805,0.787,0.911,0.4842,0.0419,-2.73,-1.76025,0.150,0.637,0.000,0.5109,0.3356,TRACKING,L+C+R_fused
1786993499.352,50.1,0.377,0.780,0.915,0.4927,0.0448,-2.37,-1.79952,0.150,0.614,0.000,0.5349,0.3618,TRACKING,L+C+R_fused
1786993499.370,50.1,0.000,0.775,0.910,0.4711,0.0485,-0.39,-1.73456,0.150,0.598,0.000,0.5268,0.3674,TRACKING,R+C
1786993499.392,50.1,0.000,0.779,0.913,0.4750,0.0501,1.53,-1.65320,0.150,0.587,0.000,0.4908,0.3502,TRACKING,R+C
1786993499.404,50.1,0.000,0.776,0.909,0.4837,0.0489,2.81,-1.61898,0.150,0.579,0.000,0.4271,0.3101,TRACKING,R+C
1786993499.424,50.1,0.000,0.779,0.909,0.4937,0.0475,4.20,-1.55733,0.150,0.573,0.000,0.3571,0.2612,TRACKING,R+C
1786993499.442,50.1,0.000,0.770,0.898,0.5029,0.0462,5.77,-1.47115,0.150,0.569,0.000,0.2817,0.2067,TRACKING,R+C
1786993499.454,50.1,0.000,0.769,0.900,0.5072,0.0427,7.14,-1.40283,0.150,0.566,0.000,0.1734,0.1294,TRACKING,R+C
1786993499.473,50.1,0.000,0.761,0.886,0.5240,0.0383,7.82,-1.42097,0.150,0.564,0.000,0.0595,0.0444,TRACKING,R+C
1786993499.482,50.1,0.000,0.760,0.884,0.5415,0.0356,10.19,-1.22459,0.150,0.563,0.000,-0.0647,-0.0475,TRACKING,R+C
1786993499.502,50.1,0.000,0.762,0.879,0.5428,0.0313,11.62,-1.12142,0.150,0.562,0.000,-0.1881,-0.1392,TRACKING,R+C
1786993499.512,50.1,0.000,0.760,0.884,0.5600,0.0257,12.77,-1.02250,0.150,0.562,0.000,-0.3192,-0.2356,TRACKING,R+C
1786993499.536,50.1,0.000,0.758,0.875,0.5646,0.0192,12.51,-1.12915,0.150,0.561,0.000,-0.4327,-0.3221,TRACKING,R+C
1786993499.556,50.1,0.000,0.757,0.871,0.5797,0.0101,11.17,-1.33647,0.150,0.561,0.000,-0.5489,-0.4085,TRACKING,R+C
1786993499.577,50.1,0.000,0.752,0.861,0.5880,0.0031,12.11,-1.27507,0.150,0.561,0.000,-0.6721,-0.4985,TRACKING,R+C
1786993499.587,50.1,0.000,0.766,0.858,0.6099,-0.0090,11.02,-1.37488,0.150,0.560,0.000,-0.7971,-0.5899,TRACKING,R+C
1786993499.608,50.1,0.000,0.764,0.854,0.6201,-0.0161,11.90,-1.32374,0.150,0.560,0.000,-0.8940,-0.6637,TRACKING,R+C
1786993499.628,50.1,0.000,0.760,0.845,0.6316,-0.0238,12.78,-1.26986,0.150,0.560,0.000,-0.9847,-0.7309,TRACKING,R+C
1786993499.659,50.1,0.000,0.760,0.845,0.6316,-0.0190,10.22,-1.01589,0.150,0.560,0.000,-0.9847,-0.7408,TRACKING,prediction
1786993499.669,50.1,0.000,0.764,0.831,0.6537,-0.0428,14.19,-1.09943,0.150,0.560,0.000,-1.0000,-0.7530,TRACKING,R+C
1786993499.700,50.1,0.000,0.764,0.831,0.6537,-0.0342,11.35,-0.87954,0.150,0.560,0.000,-1.0000,-0.7547,TRACKING,prediction
1786993499.710,50.1,0.000,0.770,0.810,0.6740,-0.0639,14.95,-1.03311,0.150,0.560,0.000,-1.0000,-0.7565,TRACKING,R+C
1786993499.740,50.1,0.000,0.770,0.810,0.6740,-0.0511,11.96,-0.82649,0.150,0.560,0.000,-1.0000,-0.7566,TRACKING,prediction
1786993499.761,50.1,0.000,0.770,0.810,0.6740,-0.0409,9.57,-0.66119,0.150,0.560,0.000,-1.0000,-0.7566,TRACKING,prediction
1786993499.772,50.1,0.000,0.818,0.803,0.6951,-0.0965,16.05,-0.83303,0.150,0.560,0.000,-1.0000,-0.7587,TRACKING,R+C
1786993499.802,50.1,0.000,0.818,0.803,0.6951,-0.0772,12.84,-0.66643,0.150,0.560,0.000,-1.0000,-0.7587,TRACKING,prediction
1786993499.813,50.1,0.000,0.818,0.803,0.6951,-0.0618,10.27,-0.53314,0.150,0.560,0.000,-1.0000,-0.7587,TRACKING,prediction
1786993499.833,50.1,0.000,0.818,0.803,0.6951,-0.0494,8.22,-0.42651,0.150,0.560,0.000,-1.0000,-0.7587,TRACKING,prediction
1786993499.849,50.1,0.000,0.818,0.803,0.6951,-0.0395,6.58,-0.34121,0.150,0.560,0.000,-1.0000,-0.7587,TRACKING,prediction
1786993499.861,50.1,0.000,0.818,0.803,0.6951,-0.0316,5.26,-0.27297,0.150,0.560,0.000,-1.0000,-0.7587,TRACKING,prediction
1786993499.879,50.1,0.000,0.818,0.803,0.6951,-0.0253,4.21,-0.21837,0.150,0.560,0.000,-1.0000,-0.7587,TRACKING,prediction
1786993499.910,50.1,0.847,0.751,0.000,0.7425,0.2430,31.42,-0.93024,0.150,0.560,0.000,1.0000,-0.1940,TRACKING,L+C
1786993499.920,50.1,0.847,0.751,0.000,0.7425,0.1944,25.14,-0.74420,0.150,0.560,0.000,1.0000,0.3418,TRACKING,prediction
1786993499.941,50.1,0.847,0.751,0.000,0.7425,0.1555,20.11,-0.59536,0.150,0.560,0.000,1.0000,0.6862,TRACKING,prediction
1786993499.952,50.1,0.847,0.751,0.000,0.7425,0.1244,16.09,-0.47628,0.150,0.560,0.000,1.0000,0.7379,TRACKING,prediction
1786993499.973,50.1,0.000,0.000,0.719,0.7425,-0.1738,37.63,-0.39825,0.160,0.513,0.000,-1.0000,0.1132,UNCERTAIN,R_only
1786993499.993,50.1,0.000,0.000,0.719,0.7425,-0.1391,30.10,-0.31860,0.160,0.474,0.000,-1.0000,-0.4361,UNCERTAIN,prediction
1786993500.005,50.1,0.000,0.000,0.719,0.7425,-0.1112,24.08,-0.25488,0.160,0.441,0.000,-1.0000,-0.7629,UNCERTAIN,prediction
1786993500.024,50.1,0.000,0.000,0.719,0.7425,-0.0890,19.27,-0.20390,0.160,0.412,0.000,-1.0000,-0.8294,UNCERTAIN,prediction
1786993500.035,50.1,0.000,0.000,0.719,0.7425,-0.0712,15.41,-0.16312,0.160,0.387,0.000,-1.0000,-0.8545,UNCERTAIN,prediction
1786993500.057,50.1,0.000,0.000,0.719,0.7425,-0.0570,12.33,-0.13050,0.160,0.364,0.000,-1.0000,-0.8716,UNCERTAIN,prediction
1786993500.077,50.1,0.000,0.719,0.000,0.7425,0.1429,33.35,-0.48024,0.152,0.374,0.000,0.6269,-0.1719,TRACKING,C_only
1786993500.087,50.1,0.000,0.719,0.000,0.7425,0.1373,33.17,-0.45161,0.155,0.383,0.000,0.5481,0.3642,TRACKING,C_only
1786993500.118,50.1,0.000,0.719,0.000,0.7425,0.1098,26.54,-0.36129,0.155,0.392,0.000,0.5481,0.4424,TRACKING,prediction
1786993500.136,50.1,0.000,0.000,0.734,0.7425,-0.2469,31.14,-0.53780,0.150,0.393,0.000,-1.0000,-0.2995,UNCERTAIN,R_only
1786993500.140,50.1,0.000,0.000,0.732,0.7425,-0.2518,30.53,-0.53815,0.150,0.394,0.000,-1.0000,-0.7858,UNCERTAIN,R_only
1786993500.161,50.1,0.000,0.000,0.736,0.7425,-0.2553,30.10,-0.52382,0.150,0.395,0.000,-1.0000,-0.8583,UNCERTAIN,R_only
1786993500.181,54.1,0.000,0.742,0.000,0.7425,0.1124,29.51,-0.51178,0.150,0.403,0.000,0.3920,-0.1824,TRACKING,C_only
1786993500.210,54.1,0.000,0.744,0.000,0.7425,0.1076,29.16,-0.48058,0.152,0.411,0.000,0.3345,0.1984,TRACKING,C_only
1786993500.231,54.1,0.000,0.751,0.000,0.7425,0.1041,29.24,-0.41900,0.158,0.419,0.000,0.2677,0.2065,TRACKING,C_only
1786993500.242,54.1,0.000,0.757,0.000,0.7425,0.1002,28.83,-0.39090,0.161,0.426,0.000,0.2279,0.1784,TRACKING,C_only
1786993500.265,54.1,0.000,0.761,0.000,0.7425,0.0975,28.74,-0.33263,0.167,0.432,0.000,0.1911,0.1476,TRACKING,C_only
1786993500.286,54.1,0.000,0.763,0.000,0.7425,0.0945,28.16,-0.33101,0.167,0.439,0.000,0.1768,0.1324,TRACKING,C_only
1786993500.314,54.1,0.000,0.770,0.000,0.7425,0.0909,27.52,-0.32982,0.167,0.445,0.000,0.1559,0.1149,TRACKING,C_only
1786993500.330,54.1,0.000,0.771,0.000,0.7425,0.0871,26.87,-0.33468,0.167,0.451,0.000,0.1331,0.0958,TRACKING,C_only
1786993500.349,54.1,0.000,0.778,0.000,0.7425,0.0851,26.13,-0.35770,0.164,0.456,0.000,0.1381,0.0964,TRACKING,C_only
1786993500.369,54.1,0.000,0.778,0.000,0.7425,0.0837,25.58,-0.34074,0.166,0.461,0.000,0.1444,0.1013,TRACKING,C_only
1786993500.390,54.1,0.000,0.785,0.000,0.7425,0.0831,24.96,-0.33988,0.166,0.473,0.000,0.1634,0.1155,TRACKING,C_only
1786993500.411,54.1,0.000,0.789,0.000,0.7425,0.0834,24.63,-0.31119,0.169,0.484,0.000,0.1823,0.1306,TRACKING,C_only
1786993500.431,54.1,0.000,0.793,0.000,0.7425,0.0843,23.86,-0.33070,0.167,0.495,0.000,0.2293,0.1646,TRACKING,C_only
1786993500.452,54.1,0.000,0.796,0.000,0.7425,0.0852,23.13,-0.33489,0.167,0.505,0.000,0.2738,0.1995,TRACKING,C_only
1786993500.473,54.1,0.620,0.796,0.000,0.4882,0.0867,22.07,-0.39240,0.161,0.515,0.000,0.3493,0.2544,TRACKING,L+C
1786993500.504,54.1,0.926,0.802,0.000,0.4983,0.0888,21.42,-0.40783,0.159,0.524,0.000,0.4115,0.3029,TRACKING,L+C
1786993500.514,54.1,0.945,0.803,0.000,0.5017,0.0922,21.13,-0.38384,0.162,0.533,0.000,0.4622,0.3428,TRACKING,L+C
1786993500.535,54.1,0.946,0.808,0.000,0.5116,0.0946,20.33,-0.41673,0.158,0.542,0.000,0.5382,0.3969,TRACKING,L+C
1786993500.555,54.1,0.946,0.809,0.000,0.5162,0.0960,19.42,-0.46227,0.154,0.549,0.000,0.6144,0.4524,TRACKING,L+C
1786993500.565,54.1,0.946,0.816,0.000,0.5147,0.0976,19.25,-0.42746,0.157,0.557,0.000,0.6231,0.4645,TRACKING,L+C
1786993500.593,54.1,0.894,0.824,0.000,0.5188,0.0995,18.11,-0.49064,0.151,0.564,0.000,0.7230,0.5282,TRACKING,L+C
1786993500.620,54.1,0.861,0.830,0.000,0.5164,0.1028,18.02,-0.48342,0.152,0.571,0.000,0.7609,0.5592,TRACKING,L+C
1786993500.643,54.1,0.850,0.835,0.000,0.5142,0.1056,17.72,-0.49516,0.150,0.577,0.000,0.8114,0.5928,TRACKING,L+C
1786993500.661,54.1,0.856,0.837,0.000,0.5154,0.1093,17.52,-0.47096,0.153,0.584,0.000,0.8406,0.6135,TRACKING,L+C
1786993500.675,54.1,0.875,0.834,0.000,0.5158,0.1134,17.42,-0.45509,0.154,0.589,0.000,0.8745,0.6350,TRACKING,L+C
1786993500.696,54.1,0.883,0.837,0.000,0.5164,0.1177,17.35,-0.43504,0.156,0.595,0.000,0.9041,0.6539,TRACKING,L+C
1786993500.726,54.1,0.890,0.839,0.000,0.5179,0.1225,17.00,-0.44550,0.155,0.600,0.000,0.9618,0.6895,TRACKING,L+C
1786993500.746,54.1,0.874,0.838,0.000,0.5164,0.1262,16.71,-0.43796,0.156,0.605,0.000,0.9944,0.7120,TRACKING,L+C
1786993500.756,54.1,0.871,0.844,0.000,0.5177,0.1320,16.77,-0.40566,0.159,0.610,0.000,1.0000,0.7163,TRACKING,L+C
1786993500.787,54.1,0.865,0.851,0.000,0.5185,0.1372,16.41,-0.42032,0.158,0.614,0.000,1.0000,0.7147,TRACKING,L+C
1786993500.797,54.1,0.868,0.852,0.000,0.5189,0.1420,16.17,-0.40800,0.159,0.619,0.000,1.0000,0.7123,TRACKING,L+C
1786993500.830,54.1,0.866,0.852,0.000,0.5178,0.1460,15.49,-0.46308,0.154,0.623,0.000,1.0000,0.7098,TRACKING,L+C
1786993500.840,54.1,0.875,0.857,0.000,0.5180,0.1508,15.16,-0.46429,0.154,0.604,0.000,1.0000,0.7076,TRACKING,L+C
1786993500.874,54.1,0.865,0.857,0.000,0.5179,0.1539,14.05,-0.58003,0.150,0.591,0.000,1.0000,0.7181,TRACKING,L+C
1786993500.883,54.1,0.871,0.864,0.000,0.5158,0.1560,13.74,-0.60582,0.150,0.582,0.000,1.0000,0.7273,TRACKING,L+C
1786993500.904,54.1,0.876,0.868,0.000,0.5160,0.1569,13.61,-0.61553,0.150,0.575,0.000,1.0000,0.7340,TRACKING,L+C
1786993500.924,54.1,0.873,0.869,0.000,0.5148,0.1555,13.87,-0.58885,0.150,0.571,0.000,1.0000,0.7385,TRACKING,L+C
1786993500.945,54.1,0.875,0.871,0.000,0.5119,0.1525,14.23,-0.58931,0.150,0.567,0.000,1.0000,0.7414,TRACKING,L+C
1786993500.966,54.1,0.897,0.875,0.000,0.5131,0.1494,14.39,-0.59757,0.150,0.565,0.000,1.0000,0.7434,TRACKING,L+C
1786993500.997,54.1,0.906,0.877,0.000,0.5154,0.1473,14.54,-0.59082,0.150,0.564,0.000,1.0000,0.7448,TRACKING,L+C
1786993501.008,54.1,0.907,0.883,0.000,0.5144,0.1447,14.33,-0.65079,0.150,0.563,0.000,1.0000,0.7456,TRACKING,L+C
1786993501.023,54.1,0.907,0.874,0.000,0.5158,0.1440,14.57,-0.64537,0.150,0.569,0.000,1.0000,0.7463,TRACKING,L+C
1786993501.043,54.1,0.859,0.874,0.000,0.5157,0.1442,14.80,-0.61226,0.150,0.576,0.000,1.0000,0.7425,TRACKING,L+C
1786993501.063,54.1,0.857,0.871,0.000,0.5169,0.1451,14.82,-0.61780,0.150,0.582,0.000,1.0000,0.7383,TRACKING,L+C
1786993501.073,54.1,0.863,0.869,0.000,0.5167,0.1478,15.10,-0.56957,0.150,0.588,0.000,1.0000,0.7344,TRACKING,L+C
1786993501.093,54.1,0.882,0.878,0.000,0.5186,0.1526,14.90,-0.57976,0.150,0.594,0.000,1.0000,0.7308,TRACKING,L+C
1786993501.105,54.1,0.881,0.881,0.000,0.5180,0.1586,15.08,-0.54262,0.150,0.599,0.000,1.0000,0.7276,TRACKING,L+C
1786993501.126,54.1,0.867,0.887,0.000,0.5159,0.1638,14.94,-0.52497,0.150,0.587,0.000,1.0000,0.7245,TRACKING,L+C
1786993501.147,54.1,0.000,0.870,0.890,0.5161,-0.1632,-8.03,-0.72506,0.150,0.579,0.000,-1.0000,0.1585,TRACKING,R+C
1786993501.173,54.1,0.000,0.868,0.888,0.5150,-0.1560,-7.80,-0.69425,0.150,0.573,0.000,-1.0000,-0.3504,TRACKING,R+C
1786993501.188,49.7,0.000,0.861,0.893,0.5127,-0.1485,-7.80,-0.68416,0.150,0.569,0.000,-1.0000,-0.6862,TRACKING,R+C
1786993501.217,49.7,0.000,0.851,0.896,0.5081,-0.1418,-8.66,-0.73451,0.150,0.567,0.000,-1.0000,-0.7384,TRACKING,R+C
1786993501.229,49.7,0.000,0.854,0.906,0.5030,-0.1339,-9.06,-0.77887,0.150,0.565,0.000,-1.0000,-0.7473,TRACKING,R+C
1786993501.250,49.7,0.000,0.854,0.908,0.5008,-0.1254,-8.29,-0.73976,0.150,0.563,0.000,-1.0000,-0.7494,TRACKING,R+C
1786993501.270,49.7,0.000,0.855,0.915,0.4989,-0.1201,-8.38,-0.75437,0.150,0.562,0.000,-1.0000,-0.7502,TRACKING,R+C
1786993501.292,49.7,0.000,0.859,0.916,0.4994,-0.1164,-8.14,-0.75402,0.150,0.562,0.000,-1.0000,-0.7507,TRACKING,R+C
1786993501.314,49.7,0.000,0.870,0.920,0.4987,-0.1143,-7.25,-0.69279,0.150,0.561,0.000,-1.0000,-0.7511,TRACKING,R+C
1786993501.337,49.7,0.000,0.851,0.914,0.4960,-0.1156,-8.21,-0.81122,0.150,0.561,0.000,-1.0000,-0.7516,TRACKING,R+C
1786993501.355,49.7,0.000,0.859,0.919,0.4938,-0.1152,-7.59,-0.78281,0.150,0.561,0.000,-1.0000,-0.7519,TRACKING,R+C
1786993501.376,49.7,0.000,0.864,0.920,0.5005,-0.1153,-7.72,-0.79486,0.150,0.560,0.000,-1.0000,-0.7521,TRACKING,R+C
1786993501.397,49.7,0.000,0.859,0.926,0.5048,-0.1131,-7.71,-0.79335,0.150,0.560,0.000,-1.0000,-0.7520,TRACKING,R+C
1786993501.426,49.7,0.000,0.853,0.928,0.5067,-0.1061,-6.56,-0.72481,0.150,0.560,0.000,-1.0000,-0.7517,TRACKING,R+C
1786993501.449,49.7,0.380,0.848,0.934,0.5400,-0.0981,-6.83,-0.74319,0.150,0.560,0.000,-1.0000,-0.7512,TRACKING,L+C+R_fused
1786993501.461,49.7,0.000,0.845,0.938,0.5059,-0.0889,-6.48,-0.72981,0.150,0.560,0.000,-1.0000,-0.7506,TRACKING,R+C
1786993501.490,49.7,0.351,0.847,0.946,0.4497,-0.0797,-6.13,-0.69376,0.150,0.560,0.000,-0.9928,-0.7456,TRACKING,L+C+R_fused
1786993501.509,49.7,0.000,0.860,0.935,0.5000,-0.0706,-5.97,-0.69914,0.150,0.560,0.000,-0.9127,-0.6946,TRACKING,R+C
1786993501.522,49.7,0.000,0.854,0.936,0.5005,-0.0644,-5.97,-0.71371,0.150,0.560,0.000,-0.8504,-0.6480,TRACKING,R+C
1786993501.542,49.7,0.000,0.864,0.946,0.5023,-0.0617,-6.06,-0.72845,0.150,0.560,0.000,-0.8201,-0.6220,TRACKING,R+C
1786993501.563,49.7,0.000,0.854,0.945,0.5029,-0.0605,-6.15,-0.75499,0.150,0.560,0.000,-0.8063,-0.6095,TRACKING,R+C
1786993501.584,49.7,0.000,0.856,0.935,0.5036,-0.0585,-5.32,-0.72934,0.150,0.560,0.000,-0.8043,-0.6064,TRACKING,R+C
1786993501.604,49.7,0.000,0.857,0.931,0.5033,-0.0563,-4.74,-0.71642,0.150,0.560,0.000,-0.7942,-0.5996,TRACKING,R+C
1786993501.626,49.7,0.000,0.867,0.938,0.5048,-0.0519,-3.31,-0.62617,0.150,0.560,0.000,-0.7738,-0.5857,TRACKING,R+C
1786993501.655,49.7,0.000,0.872,0.913,0.5040,-0.0476,-2.02,-0.54225,0.150,0.560,0.000,-0.7508,-0.5691,TRACKING,R+C
1786993501.677,49.7,0.000,0.874,0.863,0.5066,-0.0459,-1.43,-0.51909,0.150,0.560,0.000,-0.7446,-0.5628,TRACKING,R+C
1786993501.688,49.7,0.000,0.872,0.928,0.4969,-0.0467,-1.47,-0.55865,0.150,0.560,0.000,-0.7588,-0.5709,TRACKING,R+C
1786993501.709,49.7,0.000,0.862,0.930,0.5048,-0.0500,-2.02,-0.63019,0.150,0.560,0.000,-0.7903,-0.5921,TRACKING,R+C
1786993501.741,49.7,0.774,0.860,0.917,0.5435,-0.0504,-0.51,-0.52873,0.150,0.560,0.000,-0.8247,-0.6169,TRACKING,L+C+R_fused
1786993501.761,49.7,0.000,0.860,0.923,0.5148,-0.0523,0.33,-0.47289,0.153,0.560,0.000,-0.8409,-0.6310,TRACKING,R+C
1786993501.771,49.7,0.000,0.860,0.915,0.4962,-0.0552,1.24,-0.41355,0.159,0.560,0.000,-0.8403,-0.6331,TRACKING,R+C
1786993501.793,49.7,0.000,0.860,0.890,0.5078,-0.0594,0.96,-0.45781,0.154,0.560,0.000,-0.9135,-0.6791,TRACKING,R+C
1786993501.814,49.7,0.000,0.855,0.825,0.5180,-0.0623,1.63,-0.40930,0.159,0.560,0.000,-0.9114,-0.6850,TRACKING,R+C
1786993501.824,49.7,0.000,0.816,0.922,0.5261,-0.0691,-2.65,-0.98850,0.150,0.560,0.000,-1.0000,-0.7414,TRACKING,R+C
1786993501.850,49.7,0.000,0.848,0.804,0.5267,-0.0717,-1.44,-0.81544,0.150,0.560,0.000,-1.0000,-0.7498,TRACKING,R+C
1786993501.863,49.7,0.000,0.850,0.834,0.5844,-0.0733,-0.49,-0.77733,0.150,0.560,0.000,-1.0000,-0.7513,TRACKING,R+C
1786993501.876,49.7,0.000,0.855,0.822,0.5796,-0.0751,0.49,-0.71495,0.150,0.560,0.000,-1.0000,-0.7517,TRACKING,R+C
1786993501.896,49.7,0.000,0.841,0.917,0.5441,-0.0776,0.29,-0.78772,0.150,0.560,0.000,-1.0000,-0.7521,TRACKING,R+C
1786993501.907,49.7,0.000,0.850,0.924,0.5300,-0.0797,0.79,-0.77593,0.150,0.560,0.000,-1.0000,-0.7524,TRACKING,R+C
1786993501.937,49.7,0.000,0.850,0.924,0.5300,-0.0638,0.63,-0.62074,0.150,0.560,0.000,-1.0000,-0.7524,TRACKING,prediction
1786993501.948,49.7,0.000,0.831,0.926,0.5486,-0.0859,0.75,-0.83929,0.150,0.560,0.000,-1.0000,-0.7530,TRACKING,R+C
1786993501.968,49.7,0.000,0.831,0.926,0.5486,-0.0687,0.60,-0.67143,0.150,0.560,0.000,-1.0000,-0.7530,TRACKING,prediction
1786993501.991,49.7,0.000,0.831,0.926,0.5486,-0.0549,0.48,-0.53715,0.150,0.560,0.000,-1.0000,-0.7530,TRACKING,prediction
1786993502.012,49.7,0.000,0.831,0.926,0.5486,-0.0440,0.38,-0.42972,0.150,0.560,0.000,-1.0000,-0.7530,TRACKING,prediction
1786993502.032,49.7,0.000,0.831,0.926,0.5486,-0.0352,0.31,-0.34377,0.150,0.560,0.000,-1.0000,-0.7530,TRACKING,prediction
1786993502.053,49.7,0.000,0.831,0.926,0.5486,-0.0281,0.24,-0.27502,0.150,0.560,0.000,-1.0000,-0.7530,TRACKING,prediction
1786993502.063,49.7,0.000,0.831,0.926,0.5486,-0.0225,0.20,-0.22002,0.150,0.560,0.000,-1.0000,-0.7530,TRACKING,prediction
1786993502.093,49.7,0.000,0.831,0.926,0.5486,-0.0180,0.16,-0.17601,0.150,0.560,0.000,-1.0000,-0.7530,TRACKING,prediction
1786993502.114,49.7,0.000,0.831,0.926,0.5486,-0.0144,0.13,-0.14081,0.150,0.560,0.000,-1.0000,-0.7530,TRACKING,prediction
1786993502.135,49.7,0.000,0.831,0.926,0.5486,-0.0115,0.10,-0.11265,0.150,0.560,0.000,-1.0000,-0.7530,TRACKING,prediction
1786993502.156,49.7,0.000,0.831,0.926,0.5486,-0.0092,0.08,-0.09012,0.150,0.560,0.000,-1.0000,-0.7530,TRACKING,prediction
1786993502.176,49.7,0.000,0.831,0.926,0.5486,-0.0074,0.06,-0.07209,0.150,0.560,0.000,-1.0000,-0.7530,TRACKING,prediction
1786993502.197,49.6,0.000,0.831,0.926,0.5486,-0.0059,0.05,-0.05768,0.150,0.551,0.000,-1.0000,-0.7531,TRACKING,prediction
1786993502.218,49.6,0.000,0.831,0.926,0.5486,-0.0047,0.04,-0.04614,0.150,0.537,0.000,-1.0000,-0.7579,TRACKING,prediction
1786993502.238,49.6,0.000,0.831,0.926,0.5486,-0.0038,0.03,-0.03691,0.150,0.520,0.000,-1.0000,-0.7664,TRACKING,prediction
1786993502.259,49.6,0.000,0.831,0.926,0.5486,-0.0030,0.03,-0.02953,0.150,0.501,0.000,-1.0000,-0.7774,TRACKING,prediction
1786993502.282,49.6,0.000,0.831,0.926,0.5486,-0.0024,0.02,-0.02362,0.150,0.480,0.000,-1.0000,-0.7898,UNCERTAIN,prediction
1786993502.303,49.6,0.000,0.831,0.926,0.5486,-0.0019,0.02,-0.01890,0.150,0.460,0.000,-1.0000,-0.8031,UNCERTAIN,prediction
1786993502.324,49.6,0.000,0.831,0.926,0.5486,-0.0015,0.01,-0.01512,0.150,0.439,0.000,-1.0000,-0.8166,UNCERTAIN,prediction
1786993502.345,49.6,0.000,0.831,0.926,0.5486,-0.0012,0.01,-0.01210,0.150,0.419,0.000,-1.0000,-0.8302,UNCERTAIN,prediction
1786993502.365,49.6,0.000,0.831,0.926,0.5486,-0.0010,0.01,-0.00968,0.150,0.399,0.000,-1.0000,-0.8435,UNCERTAIN,prediction
1786993502.385,49.6,0.000,0.831,0.926,0.5486,-0.0008,0.01,-0.00774,0.150,0.380,0.000,-1.0000,-0.8565,UNCERTAIN,prediction
1786993502.408,49.6,0.000,0.831,0.926,0.5486,-0.0006,0.01,-0.00619,0.150,0.361,0.000,-1.0000,-0.8690,UNCERTAIN,prediction
1786993502.427,49.6,0.000,0.831,0.926,0.5486,-0.0005,0.00,-0.00495,0.150,0.344,0.000,-1.0000,-0.8811,UNCERTAIN,prediction
1786993502.449,49.6,0.000,0.831,0.926,0.5486,-0.0004,0.00,-0.00396,0.150,0.327,0.000,-1.0000,-0.8926,UNCERTAIN,prediction
1786993502.468,49.6,0.000,0.831,0.926,0.5486,-0.0003,0.00,-0.00317,0.150,0.310,0.000,-1.0000,-0.9037,UNCERTAIN,prediction
1786993502.489,49.6,0.000,0.831,0.926,0.5486,-0.0003,0.00,-0.00254,0.150,0.295,0.000,-1.0000,-0.9142,UNCERTAIN,prediction
1786993502.501,49.6,0.000,0.886,0.843,0.6096,-0.1551,3.50,-1.09253,0.150,0.308,0.000,-1.0000,-0.9269,TRACKING,R+C
1786993502.521,49.6,0.000,0.886,0.838,0.6110,-0.1572,4.63,-1.00630,0.150,0.321,0.000,-1.0000,-0.9214,TRACKING,R+C
1786993502.553,49.6,0.000,0.698,0.828,0.6243,-0.1433,19.99,0.67945,0.150,0.333,0.000,-1.0000,-0.9133,TRACKING,R+C
1786993502.563,49.6,0.000,0.698,0.828,0.6243,-0.1146,15.99,0.54356,0.150,0.344,0.000,-1.0000,-0.9057,TRACKING,prediction
1786993502.594,49.6,0.000,0.698,0.828,0.6243,-0.0917,12.79,0.43485,0.150,0.355,0.000,-1.0000,-0.8985,TRACKING,prediction
1786993502.606,49.6,0.000,0.720,0.821,0.6214,-0.1471,15.21,0.31602,0.168,0.365,0.000,-1.0000,-0.8916,TRACKING,R+C
1786993502.634,49.6,0.000,0.702,0.822,0.6246,-0.1443,18.30,0.67586,0.150,0.375,0.000,-1.0000,-0.8848,TRACKING,R+C
1786993502.655,49.6,0.000,0.702,0.822,0.6246,-0.1154,14.64,0.54069,0.150,0.384,0.000,-1.0000,-0.8785,TRACKING,prediction
1786993502.666,49.6,0.000,0.843,0.814,0.6225,-0.1540,5.40,-1.15838,0.150,0.393,0.000,-1.0000,-0.8739,TRACKING,R+C
1786993502.699,49.6,0.000,0.843,0.814,0.6225,-0.1232,4.32,-0.92670,0.150,0.401,0.000,-1.0000,-0.8683,TRACKING,prediction
1786993502.710,49.6,0.864,0.820,0.000,0.6266,0.2065,15.46,-1.51745,0.150,0.409,0.000,1.0000,-0.1636,TRACKING,L+C
1786993502.740,49.6,0.864,0.820,0.000,0.6266,0.1652,12.36,-1.21396,0.150,0.417,0.000,1.0000,0.4870,TRACKING,prediction
1786993502.761,49.6,0.864,0.820,0.000,0.6266,0.1322,9.89,-0.97117,0.150,0.424,0.000,1.0000,0.7909,TRACKING,prediction
1786993502.783,49.6,0.864,0.820,0.000,0.6266,0.1057,7.91,-0.77694,0.150,0.431,0.000,1.0000,0.8324,TRACKING,prediction
1786993502.793,49.6,0.000,0.842,0.674,0.6557,-0.1397,9.20,-0.68338,0.150,0.437,0.000,-1.0000,0.1164,TRACKING,R+C
1786993502.824,49.6,0.000,0.850,0.669,0.6631,-0.1369,9.90,-0.58811,0.150,0.443,0.000,-1.0000,-0.4920,TRACKING,R+C
1786993502.845,49.6,0.000,0.850,0.669,0.6631,-0.1095,7.92,-0.47048,0.150,0.449,0.000,-1.0000,-0.7828,TRACKING,prediction
1786993502.855,49.6,0.000,0.841,0.676,0.6772,-0.1314,11.79,-0.31643,0.168,0.455,0.000,-1.0000,-0.8228,TRACKING,R+C
1786993502.886,49.6,0.000,0.840,0.669,0.6962,-0.1304,12.05,-0.23859,0.176,0.460,0.000,-1.0000,-0.8257,TRACKING,R+C
1786993502.896,49.6,0.000,0.839,0.670,0.7062,-0.1301,12.65,-0.15036,0.185,0.465,0.000,-1.0000,-0.8232,TRACKING,R+C
1786993502.917,49.6,0.000,0.839,0.670,0.7062,-0.1041,10.12,-0.12029,0.185,0.470,0.000,-1.0000,-0.8201,TRACKING,prediction
1786993502.938,49.6,0.000,0.839,0.670,0.7062,-0.0833,8.10,-0.09623,0.185,0.481,0.000,-1.0000,-0.8170,TRACKING,prediction
1786993502.959,49.6,0.000,0.839,0.670,0.7062,-0.0666,6.48,-0.07699,0.185,0.485,0.000,-1.0000,-0.8103,TRACKING,prediction
1786993502.978,49.6,0.000,0.839,0.670,0.7062,-0.0533,5.18,-0.06159,0.185,0.496,0.000,-1.0000,-0.8071,TRACKING,prediction
1786993502.999,49.6,0.000,0.839,0.670,0.7062,-0.0426,4.15,-0.04927,0.185,0.499,0.000,-1.0000,-0.8007,TRACKING,prediction
1786993503.009,49.6,0.000,0.857,0.634,0.6929,-0.1514,10.92,0.01452,0.199,0.502,0.000,-1.0000,-0.7984,TRACKING,R+C
1786993503.037,49.6,0.000,0.857,0.634,0.6929,-0.1211,8.73,0.01162,0.199,0.505,0.000,-1.0000,-0.7963,TRACKING,prediction
1786993503.057,49.6,0.000,0.838,0.646,0.6855,-0.1485,9.37,0.01542,0.198,0.508,0.000,-1.0000,-0.7938,TRACKING,R+C
1786993503.068,49.6,0.000,0.821,0.652,0.6803,-0.1469,7.93,-0.05652,0.194,0.510,0.000,-1.0000,-0.7917,TRACKING,R+C
1786993503.102,49.6,0.000,0.821,0.652,0.6803,-0.1175,6.34,-0.04521,0.194,0.513,0.000,-1.0000,-0.7900,TRACKING,prediction
1786993503.113,49.6,0.000,0.793,0.645,0.6611,-0.1421,5.97,-0.09635,0.190,0.515,0.000,-1.0000,-0.7876,TRACKING,R+C
1786993503.144,49.6,0.000,0.793,0.645,0.6611,-0.1137,4.77,-0.07708,0.190,0.525,0.000,-1.0000,-0.7860,TRACKING,prediction
1786993503.165,49.6,0.000,0.793,0.645,0.6611,-0.0909,3.82,-0.06167,0.190,0.533,0.000,-1.0000,-0.7807,TRACKING,prediction
1786993503.185,49.6,0.000,0.819,0.638,0.6261,-0.1332,4.51,-0.03269,0.197,0.535,0.000,-1.0000,-0.7738,TRACKING,R+C
1786993503.195,49.6,0.000,0.808,0.636,0.6189,-0.1296,3.72,-0.05871,0.194,0.536,0.000,-1.0000,-0.7718,TRACKING,R+C
1786993503.216,49.1,0.000,0.799,0.627,0.5966,-0.1252,3.05,-0.07035,0.193,0.537,0.000,-1.0000,-0.7704,TRACKING,R+C
1786993503.246,49.1,0.000,0.801,0.641,0.5799,-0.1207,2.43,-0.07318,0.193,0.545,0.000,-1.0000,-0.7691,TRACKING,R+C
1786993503.267,49.1,0.000,0.795,0.630,0.5806,-0.1154,1.65,-0.09883,0.190,0.553,0.000,-1.0000,-0.7638,TRACKING,R+C
1786993503.287,49.1,0.000,0.795,0.630,0.5806,-0.0923,1.32,-0.07906,0.190,0.560,0.000,-1.0000,-0.7588,TRACKING,prediction
1786993503.308,49.1,0.000,0.795,0.630,0.5806,-0.0738,1.05,-0.06325,0.190,0.560,0.000,-1.0000,-0.7539,TRACKING,prediction
1786993503.329,49.1,0.718,0.759,0.626,0.4288,-0.1002,-1.59,-0.27359,0.173,0.567,0.000,-1.0000,-0.7517,TRACKING,L+C+R_fused
1786993503.350,49.1,0.743,0.762,0.648,0.5214,-0.0956,-2.01,-0.29084,0.171,0.574,0.000,-1.0000,-0.7472,TRACKING,L+C+R_fused
1786993503.370,49.1,0.766,0.764,0.623,0.5180,-0.0933,-2.45,-0.30423,0.170,0.580,0.000,-0.9876,-0.7350,TRACKING,L+C+R_fused
1786993503.394,49.1,0.907,0.755,0.647,0.5452,-0.0943,-3.54,-0.38650,0.161,0.586,0.000,-1.0000,-0.7372,TRACKING,L+C+R_fused
1786993503.414,49.1,0.736,0.744,0.641,0.4866,-0.0962,-4.30,-0.44476,0.156,0.592,0.000,-1.0000,-0.7343,TRACKING,L+C+R_fused
1786993503.437,49.1,0.744,0.731,0.639,0.4886,-0.0989,-6.19,-0.58777,0.150,0.597,0.000,-1.0000,-0.7306,TRACKING,L+C+R_fused
1786993503.454,49.1,0.775,0.718,0.634,0.4931,-0.0973,-6.35,-0.61262,0.150,0.586,0.000,-1.0000,-0.7269,TRACKING,L+C+R_fused
1786993503.474,49.1,0.843,0.709,0.630,0.5051,-0.0939,-7.29,-0.68602,0.150,0.578,0.000,-1.0000,-0.7324,TRACKING,L+C+R_fused
1786993503.505,49.1,0.739,0.701,0.643,0.4721,-0.0875,-8.43,-0.78403,0.150,0.573,0.000,-1.0000,-0.7371,TRACKING,L+C+R_fused
1786993503.526,49.1,0.837,0.697,0.660,0.5032,-0.0793,-9.08,-0.82879,0.150,0.579,0.000,-0.9349,-0.7005,TRACKING,L+C+R_fused
1786993503.546,49.1,0.748,0.697,0.639,0.4926,-0.0714,-10.30,-0.91530,0.150,0.585,0.000,-0.8322,-0.6282,TRACKING,L+C+R_fused
1786993503.569,49.1,0.749,0.692,0.713,0.4955,-0.0632,-12.09,-1.03741,0.150,0.591,0.000,-0.6965,-0.5309,TRACKING,L+C+R_fused
1786993503.587,49.1,0.761,0.693,0.748,0.5021,-0.0509,-11.66,-1.04364,0.150,0.596,0.000,-0.5440,-0.4201,TRACKING,L+C+R_fused
1786993503.608,49.1,0.770,0.694,0.698,0.4986,-0.0423,-11.84,-1.07638,0.150,0.602,0.000,-0.4118,-0.3206,TRACKING,L+C+R_fused
1786993503.629,49.1,0.786,0.703,0.739,0.4969,-0.0354,-12.51,-1.15387,0.150,0.606,0.000,-0.2854,-0.2271,TRACKING,L+C+R_fused
1786993503.651,49.1,0.786,0.712,0.738,0.4976,-0.0312,-12.92,-1.20706,0.150,0.611,0.000,-0.2058,-0.1637,TRACKING,L+C+R_fused
1786993503.672,49.1,0.750,0.720,0.708,0.4967,-0.0283,-12.80,-1.22865,0.150,0.616,0.000,-0.1649,-0.1289,TRACKING,L+C+R_fused
1786993503.694,49.1,0.760,0.729,0.683,0.4968,-0.0300,-14.52,-1.35818,0.150,0.620,0.000,-0.1450,-0.1115,TRACKING,L+C+R_fused
1786993503.713,49.1,0.861,0.722,0.681,0.4943,-0.0266,-13.97,-1.42023,0.150,0.624,0.000,-0.1229,-0.0957,TRACKING,L+C+R_fused
1786993503.734,49.1,0.874,0.740,0.716,0.4967,-0.0250,-13.44,-1.44051,0.150,0.628,0.000,-0.1200,-0.0915,TRACKING,L+C+R_fused
1786993503.757,49.1,0.756,0.745,0.707,0.4890,-0.0238,-13.05,-1.48471,0.150,0.631,0.000,-0.1259,-0.0946,TRACKING,L+C+R_fused
1786993503.777,49.1,0.791,0.746,0.753,0.4842,-0.0226,-12.11,-1.49827,0.150,0.635,0.000,-0.1464,-0.1074,TRACKING,L+C+R_fused
1786993503.796,49.1,0.837,0.742,0.669,0.4854,-0.0231,-12.44,-1.59088,0.150,0.638,0.000,-0.1594,-0.1172,TRACKING,L+C+R_fused
1786993503.817,49.1,0.833,0.749,0.711,0.4754,-0.0232,-12.72,-1.70674,0.150,0.641,0.000,-0.1731,-0.1271,TRACKING,L+C+R_fused
1786993503.838,49.1,0.800,0.725,0.711,0.4522,-0.0190,-9.35,-1.55586,0.150,0.644,0.000,-0.2136,-0.1520,TRACKING,L+C+R_fused
1786993503.860,49.1,0.328,0.746,0.693,0.4927,-0.0199,-10.50,-1.75195,0.150,0.647,0.000,-0.2173,-0.1585,TRACKING,L+C+R_fused
1786993503.878,49.1,0.000,0.749,0.702,0.5006,-0.0191,-9.48,-1.77404,0.150,0.649,0.000,-0.2490,-0.1779,TRACKING,R+C
1786993503.899,49.1,0.000,0.755,0.684,0.5051,-0.0186,-7.88,-1.74598,0.150,0.623,0.000,-0.3013,-0.2113,TRACKING,R+C
1786993503.909,49.1,0.000,0.760,0.675,0.5147,-0.0180,-6.05,-1.67202,0.150,0.604,0.000,-0.3531,-0.2522,TRACKING,R+C
1786993503.931,49.1,0.000,0.752,0.732,0.4962,-0.0175,-4.27,-1.58922,0.150,0.591,0.000,-0.4002,-0.2910,TRACKING,R+C
1786993503.953,49.1,0.000,0.748,0.680,0.5042,-0.0171,-2.17,-1.49099,0.150,0.581,0.000,-0.4605,-0.3371,TRACKING,R+C
1786993503.984,49.1,0.000,0.752,0.644,0.5204,-0.0187,-1.65,-1.53612,0.150,0.575,0.000,-0.5109,-0.3780,TRACKING,R+C
1786993504.004,49.1,0.000,0.750,0.670,0.5233,-0.0207,-1.07,-1.57722,0.150,0.571,0.000,-0.5686,-0.4222,TRACKING,R+C
1786993504.024,49.1,0.000,0.750,0.694,0.5608,-0.0230,-0.02,-1.56235,0.150,0.567,0.000,-0.6355,-0.4721,TRACKING,R+C
1786993504.045,49.1,0.000,0.747,0.679,0.5660,-0.0276,-0.10,-1.65339,0.150,0.565,0.000,-0.7053,-0.5245,TRACKING,R+C
1786993504.066,49.1,0.000,0.756,0.683,0.5807,-0.0294,2.49,-1.48121,0.150,0.564,0.000,-0.7850,-0.5827,TRACKING,R+C
1786993504.086,49.1,0.000,0.742,0.688,0.5864,-0.0332,3.93,-1.41354,0.150,0.563,0.000,-0.8604,-0.6391,TRACKING,R+C
1786993504.097,49.1,0.000,0.748,0.746,0.5744,-0.0387,2.96,-1.59259,0.150,0.562,0.000,-0.9108,-0.6795,TRACKING,R+C
1786993504.127,49.1,0.000,0.757,0.753,0.5806,-0.0404,4.17,-1.51449,0.150,0.561,0.000,-0.9494,-0.7098,TRACKING,R+C
1786993504.137,49.1,0.000,0.760,0.807,0.5840,-0.0408,4.93,-1.46696,0.150,0.561,0.000,-0.9660,-0.7249,TRACKING,R+C
1786993504.170,49.1,0.000,0.760,0.807,0.5840,-0.0326,3.95,-1.17357,0.150,0.561,0.000,-0.9660,-0.7273,TRACKING,prediction
1786993504.178,49.1,0.000,0.755,0.863,0.5805,-0.0336,6.11,-1.41553,0.150,0.560,0.000,-0.9229,-0.7012,TRACKING,R+C
1786993504.199,49.1,0.000,0.756,0.857,0.5808,-0.0293,6.52,-1.39690,0.150,0.560,0.000,-0.8889,-0.6763,TRACKING,R+C
1786993504.210,49.1,0.000,0.756,0.858,0.5815,-0.0260,7.00,-1.35315,0.150,0.560,0.000,-0.8622,-0.6560,TRACKING,R+C
1786993504.238,47.9,0.000,0.757,0.857,0.5820,-0.0245,7.27,-1.35004,0.150,0.560,0.000,-0.8536,-0.6477,TRACKING,R+C
1786993504.253,47.9,0.000,0.760,0.868,0.5830,-0.0244,7.73,-1.31772,0.150,0.560,0.000,-0.8618,-0.6516,TRACKING,R+C
1786993504.280,47.9,0.000,0.751,0.842,0.5833,-0.0226,8.44,-1.26355,0.150,0.560,0.000,-0.8571,-0.6493,TRACKING,R+C
1786993504.301,47.9,0.000,0.751,0.853,0.5808,-0.0187,9.10,-1.20688,0.150,0.560,0.000,-0.8269,-0.6301,TRACKING,R+C
1786993504.312,47.9,0.000,0.756,0.858,0.5771,-0.0149,8.82,-1.24044,0.150,0.560,0.000,-0.7795,-0.5978,TRACKING,R+C
1786993504.332,47.9,0.000,0.755,0.869,0.5594,-0.0109,9.13,-1.21795,0.150,0.560,0.000,-0.7391,-0.5677,TRACKING,R+C
1786993504.355,47.9,0.000,0.755,0.877,0.5579,-0.0087,9.79,-1.15138,0.150,0.560,0.000,-0.7242,-0.5538,TRACKING,R+C
1786993504.376,47.9,0.000,0.761,0.860,0.5746,-0.0085,9.53,-1.17363,0.150,0.560,0.000,-0.7164,-0.5470,TRACKING,R+C
1786993504.397,47.9,0.000,0.763,0.866,0.5662,-0.0090,9.49,-1.16914,0.150,0.560,0.000,-0.7206,-0.5486,TRACKING,R+C
1786993504.428,47.9,0.000,0.763,0.866,0.5662,-0.0072,7.59,-0.93531,0.150,0.560,0.000,-0.7206,-0.5488,TRACKING,prediction
1786993504.450,47.9,0.000,0.763,0.866,0.5662,-0.0058,6.07,-0.74825,0.150,0.567,0.000,-0.7206,-0.5489,TRACKING,prediction
1786993504.470,47.9,0.000,0.763,0.866,0.5662,-0.0046,4.86,-0.59860,0.150,0.565,0.000,-0.7206,-0.5460,TRACKING,prediction
1786993504.491,47.9,0.000,0.763,0.866,0.5662,-0.0037,3.89,-0.47888,0.150,0.563,0.000,-0.7206,-0.5464,TRACKING,prediction
1786993504.501,47.9,0.000,0.763,0.866,0.5662,-0.0030,3.11,-0.38310,0.150,0.562,0.000,-0.7206,-0.5471,TRACKING,prediction
1786993504.532,47.9,0.000,0.763,0.866,0.5662,-0.0024,2.49,-0.30648,0.150,0.562,0.000,-0.7206,-0.5476,TRACKING,prediction
1786993504.554,47.9,0.000,0.763,0.866,0.5662,-0.0019,1.99,-0.24519,0.150,0.561,0.000,-0.7206,-0.5480,TRACKING,prediction
1786993504.574,47.9,0.000,0.763,0.866,0.5662,-0.0015,1.59,-0.19615,0.150,0.561,0.000,-0.7206,-0.5482,TRACKING,prediction
1786993504.595,47.9,0.000,0.763,0.866,0.5662,-0.0012,1.27,-0.15692,0.150,0.561,0.000,-0.7206,-0.5484,TRACKING,prediction
1786993504.606,47.9,0.000,0.764,0.846,0.5070,0.0041,11.12,-0.99442,0.150,0.560,0.000,-0.5796,-0.4599,TRACKING,R+C
1786993504.637,47.9,0.000,0.764,0.846,0.5070,0.0033,8.90,-0.79554,0.150,0.560,0.000,-0.5796,-0.4469,TRACKING,prediction
1786993504.648,47.9,0.000,0.770,0.766,0.5783,-0.0114,11.02,-0.99725,0.150,0.560,0.000,-0.7771,-0.5689,TRACKING,R+C
1786993504.668,47.9,0.000,0.770,0.897,0.5786,-0.0141,11.47,-0.97436,0.150,0.560,0.000,-0.8189,-0.6129,TRACKING,R+C
1786993504.697,47.9,0.000,0.773,0.901,0.5766,-0.0147,12.36,-0.85738,0.150,0.560,0.000,-0.8385,-0.6315,TRACKING,R+C
1786993504.713,47.9,0.000,0.777,0.895,0.5769,-0.0152,12.06,-0.87935,0.150,0.560,0.000,-0.8376,-0.6338,TRACKING,R+C
1786993504.727,47.9,0.000,0.777,0.895,0.5769,-0.0122,9.65,-0.70348,0.150,0.560,0.000,-0.8376,-0.6342,TRACKING,prediction
1786993504.762,47.9,0.000,0.777,0.895,0.5769,-0.0097,7.72,-0.56278,0.150,0.560,0.000,-0.8376,-0.6342,TRACKING,prediction
1786993504.783,47.9,0.000,0.777,0.895,0.5769,-0.0078,6.17,-0.45023,0.150,0.560,0.000,-0.8376,-0.6343,TRACKING,prediction
1786993504.803,47.9,0.000,0.777,0.895,0.5769,-0.0062,4.94,-0.36018,0.150,0.560,0.000,-0.8376,-0.6343,TRACKING,prediction
1786993504.813,47.9,0.000,0.763,0.879,0.5972,-0.0436,11.62,-0.81861,0.150,0.560,0.000,-1.0000,-0.7358,TRACKING,R+C
1786993504.845,47.9,0.000,0.763,0.879,0.5972,-0.0349,9.29,-0.65489,0.150,0.560,0.000,-1.0000,-0.7507,TRACKING,prediction
1786993504.866,47.9,0.000,0.795,0.879,0.5942,-0.0426,12.28,-0.73015,0.150,0.560,0.000,-1.0000,-0.7528,TRACKING,R+C
1786993504.876,47.9,0.000,0.792,0.882,0.5878,-0.0400,11.83,-0.74441,0.150,0.567,0.000,-1.0000,-0.7529,TRACKING,R+C
1786993504.907,47.9,0.000,0.797,0.880,0.5817,-0.0373,11.67,-0.71609,0.150,0.574,0.000,-1.0000,-0.7486,TRACKING,R+C
1786993504.939,47.9,0.000,0.797,0.880,0.5817,-0.0298,9.33,-0.57287,0.150,0.580,0.000,-1.0000,-0.7443,TRACKING,prediction
1786993504.954,47.9,0.000,0.798,0.881,0.5691,-0.0324,10.74,-0.76118,0.150,0.586,0.000,-0.9616,-0.7165,TRACKING,R+C
1786993504.971,47.9,0.000,0.802,0.880,0.5683,-0.0308,11.25,-0.68299,0.150,0.592,0.000,-0.9510,-0.7025,TRACKING,R+C
1786993504.989,47.9,0.000,0.799,0.882,0.5703,-0.0329,11.09,-0.67835,0.150,0.597,0.000,-0.9663,-0.7066,TRACKING,R+C
1786993505.010,47.9,0.000,0.798,0.878,0.5746,-0.0392,10.41,-0.73870,0.150,0.602,0.000,-1.0000,-0.7247,TRACKING,R+C
1786993505.031,47.9,0.000,0.798,0.878,0.5746,-0.0313,8.33,-0.59096,0.150,0.607,0.000,-1.0000,-0.7244,TRACKING,prediction
1786993505.043,47.9,0.000,0.812,0.872,0.5834,-0.0551,11.07,-0.63069,0.150,0.612,0.000,-1.0000,-0.7228,TRACKING,R+C
1786993505.074,47.9,0.000,0.812,0.872,0.5834,-0.0441,8.86,-0.50455,0.150,0.616,0.000,-1.0000,-0.7197,TRACKING,prediction
1786993505.095,47.9,0.000,0.824,0.854,0.5868,-0.0677,10.95,-0.60708,0.150,0.620,0.000,-1.0000,-0.7176,TRACKING,R+C
1786993505.114,47.9,0.000,0.832,0.848,0.5862,-0.0699,10.87,-0.58212,0.150,0.624,0.000,-1.0000,-0.7149,TRACKING,R+C
1786993505.134,47.9,0.000,0.832,0.849,0.5841,-0.0691,10.26,-0.60740,0.150,0.628,0.000,-1.0000,-0.7120,TRACKING,R+C
1786993505.155,47.9,0.000,0.832,0.844,0.5787,-0.0666,9.87,-0.60982,0.150,0.632,0.000,-1.0000,-0.7092,TRACKING,R+C
1786993505.179,47.9,0.000,0.830,0.856,0.5713,-0.0624,9.76,-0.58122,0.150,0.635,0.000,-1.0000,-0.7063,TRACKING,R+C
1786993505.199,47.9,0.000,0.824,0.867,0.5628,-0.0588,8.83,-0.64527,0.150,0.638,0.000,-1.0000,-0.7036,TRACKING,R+C
1786993505.210,47.9,0.000,0.823,0.870,0.5555,-0.0539,8.73,-0.61638,0.150,0.641,0.000,-1.0000,-0.7009,TRACKING,R+C
1786993505.234,47.9,0.000,0.809,0.871,0.5527,-0.0493,7.46,-0.72544,0.150,0.644,0.000,-1.0000,-0.6984,TRACKING,R+C
1786993505.245,48.7,0.000,0.807,0.880,0.5502,-0.0445,7.24,-0.71475,0.150,0.647,0.000,-0.9821,-0.6857,TRACKING,R+C
1786993505.276,48.7,0.000,0.809,0.877,0.5477,-0.0399,6.71,-0.74403,0.150,0.650,0.000,-0.9299,-0.6522,TRACKING,R+C
1786993505.294,48.7,0.000,0.810,0.895,0.5412,-0.0353,6.68,-0.71814,0.150,0.652,0.000,-0.8809,-0.6175,TRACKING,R+C
1786993505.318,48.7,0.000,0.814,0.889,0.5343,-0.0309,6.29,-0.74137,0.150,0.655,0.000,-0.8252,-0.5790,TRACKING,R+C
1786993505.338,48.7,0.000,0.814,0.889,0.5343,-0.0247,5.03,-0.59309,0.150,0.657,0.000,-0.8252,-0.5722,TRACKING,prediction
1786993505.350,48.7,0.000,0.807,0.909,0.5186,-0.0227,4.66,-0.81377,0.150,0.659,0.000,-0.6853,-0.4895,TRACKING,R+C
1786993505.369,48.7,0.591,0.799,0.924,0.4655,-0.0147,5.63,-0.73048,0.150,0.661,0.000,-0.5992,-0.4268,TRACKING,L+C+R_fused
1786993505.390,48.7,0.591,0.799,0.924,0.4655,-0.0117,4.51,-0.58439,0.150,0.663,0.000,-0.5992,-0.4168,TRACKING,prediction
1786993505.410,48.7,0.870,0.803,0.926,0.5276,-0.0040,5.29,-0.73900,0.150,0.665,0.000,-0.4287,-0.3164,TRACKING,L+C+R_fused
1786993505.431,48.7,0.870,0.803,0.926,0.5276,-0.0032,4.23,-0.59120,0.150,0.667,0.000,-0.4287,-0.3011,TRACKING,prediction
1786993505.442,48.7,0.832,0.811,0.645,0.5113,0.0008,5.19,-0.73910,0.150,0.668,0.000,-0.3476,-0.2517,TRACKING,L+C+R_fused
1786993505.461,48.7,0.860,0.806,0.921,0.5172,-0.0009,5.16,-0.74690,0.150,0.670,0.000,-0.3746,-0.2596,TRACKING,L+C+R_fused
1786993505.482,48.7,0.808,0.803,0.911,0.5261,-0.0050,4.91,-0.77478,0.150,0.671,0.000,-0.4346,-0.2949,TRACKING,L+C+R_fused
1786993505.506,48.7,0.962,0.803,0.895,0.5186,-0.0106,4.46,-0.80985,0.150,0.673,0.000,-0.5091,-0.3423,TRACKING,L+C+R_fused
1786993505.516,48.7,0.613,0.797,0.901,0.4160,-0.0143,5.17,-0.75643,0.150,0.674,0.000,-0.5812,-0.3899,TRACKING,L+C+R_fused
1786993505.536,48.7,0.000,0.799,0.901,0.5270,-0.0183,5.56,-0.73689,0.150,0.676,0.000,-0.6470,-0.4339,TRACKING,R+C
1786993505.557,48.7,0.000,0.799,0.901,0.5270,-0.0146,4.44,-0.58951,0.150,0.677,0.000,-0.6470,-0.4399,TRACKING,prediction
1786993505.576,48.7,0.000,0.798,0.896,0.5312,-0.0198,5.56,-0.74201,0.150,0.678,0.000,-0.6677,-0.4520,TRACKING,R+C
1786993505.592,48.7,0.000,0.798,0.896,0.5312,-0.0158,4.45,-0.59361,0.150,0.679,0.000,-0.6677,-0.4534,TRACKING,prediction
1786993505.609,48.7,0.000,0.798,0.896,0.5312,-0.0126,3.56,-0.47489,0.150,0.680,0.000,-0.6677,-0.4532,TRACKING,prediction
1786993505.619,48.7,0.956,0.790,0.879,0.5276,-0.0031,5.21,-0.74351,0.150,0.681,0.000,-0.4119,-0.3079,TRACKING,L+C+R_fused
1786993505.641,48.7,0.953,0.789,0.912,0.5267,0.0038,5.13,-0.74244,0.150,0.682,0.000,-0.2948,-0.2198,TRACKING,L+C+R_fused
1786993505.660,48.7,0.947,0.789,0.916,0.5105,0.0096,4.11,-0.81378,0.150,0.683,0.000,-0.1633,-0.1318,TRACKING,L+C+R_fused
1786993505.680,48.7,0.952,0.788,0.918,0.5088,0.0189,4.86,-0.76756,0.150,0.684,0.000,-0.0246,-0.0396,TRACKING,L+C+R_fused
1786993505.701,48.7,0.950,0.790,0.871,0.5012,0.0248,4.86,-0.77153,0.150,0.685,0.000,0.0791,0.0334,TRACKING,L+C+R_fused
1786993505.721,48.7,0.886,0.798,0.910,0.5107,0.0292,4.61,-0.80717,0.150,0.685,0.000,0.1621,0.0917,TRACKING,L+C+R_fused
1786993505.733,48.7,0.941,0.798,0.908,0.5031,0.0313,4.71,-0.81618,0.150,0.686,0.000,0.1919,0.1173,TRACKING,L+C+R_fused
1786993505.752,48.7,0.943,0.795,0.794,0.5015,0.0301,4.74,-0.83589,0.150,0.687,0.000,0.1669,0.1065,TRACKING,L+C+R_fused
1786993505.762,48.7,0.944,0.795,0.803,0.4981,0.0268,4.72,-0.86704,0.150,0.687,0.000,0.1036,0.0684,TRACKING,L+C+R_fused
1786993505.783,48.7,0.940,0.792,0.859,0.5033,0.0218,4.36,-0.91083,0.150,0.688,0.000,0.0222,0.0160,TRACKING,L+C+R_fused
1786993505.793,48.7,0.955,0.795,0.908,0.4958,0.0187,5.55,-0.83844,0.150,0.689,0.000,-0.0731,-0.0459,TRACKING,L+C+R_fused
1786993505.814,48.7,0.953,0.792,0.911,0.4949,0.0145,5.92,-0.83412,0.150,0.689,0.000,-0.1628,-0.1059,TRACKING,L+C+R_fused
1786993505.834,48.7,0.956,0.788,0.921,0.4934,0.0094,5.33,-0.93110,0.150,0.690,0.000,-0.2419,-0.1596,TRACKING,L+C+R_fused
1786993505.856,48.7,0.953,0.793,0.912,0.4760,0.0048,5.87,-0.90417,0.150,0.690,0.000,-0.3382,-0.2217,TRACKING,L+C+R_fused
1786993505.870,48.7,0.378,0.798,0.911,0.4965,-0.0007,6.32,-0.88122,0.150,0.691,0.000,-0.4414,-0.2887,TRACKING,L+C+R_fused
1786993505.880,48.7,0.000,0.797,0.905,0.4994,-0.0058,6.04,-0.92906,0.150,0.691,0.000,-0.5171,-0.3409,TRACKING,R+C
1786993505.890,48.7,0.000,0.804,0.902,0.5077,-0.0118,5.66,-0.94177,0.150,0.692,0.000,-0.5917,-0.3901,TRACKING,R+C
1786993505.911,48.7,0.000,0.799,0.872,0.5138,-0.0153,5.43,-0.99881,0.150,0.692,0.000,-0.6398,-0.4242,TRACKING,R+C
1786993505.921,48.7,0.000,0.805,0.881,0.5221,-0.0167,6.36,-0.89093,0.150,0.692,0.000,-0.6757,-0.4488,TRACKING,R+C
1786993505.947,48.7,0.000,0.805,0.890,0.5273,-0.0179,6.80,-0.84671,0.150,0.693,0.000,-0.6991,-0.4653,TRACKING,R+C
1786993505.962,48.7,0.000,0.794,0.886,0.5271,-0.0171,6.02,-0.91791,0.150,0.693,0.000,-0.6726,-0.4529,TRACKING,R+C
1786993505.973,48.7,0.000,0.785,0.879,0.5213,-0.0126,5.41,-0.99842,0.150,0.694,0.000,-0.6021,-0.4119,TRACKING,R+C
1786993505.983,48.7,0.000,0.787,0.892,0.5172,-0.0063,6.10,-0.90638,0.150,0.694,0.000,-0.5224,-0.3611,TRACKING,R+C
1786993506.008,48.7,0.000,0.771,0.893,0.5092,-0.0032,4.04,-1.08169,0.150,0.694,0.000,-0.4212,-0.2973,TRACKING,R+C
1786993506.024,48.7,0.000,0.778,0.899,0.5081,0.0020,4.11,-1.07462,0.150,0.694,0.000,-0.3389,-0.2417,TRACKING,R+C
1786993506.052,48.7,0.000,0.786,0.894,0.5056,0.0071,5.01,-0.99389,0.150,0.695,0.000,-0.2786,-0.1996,TRACKING,R+C
1786993506.065,48.7,0.000,0.780,0.887,0.5057,0.0072,5.07,-0.99616,0.150,0.695,0.000,-0.2802,-0.1943,TRACKING,R+C
1786993506.086,48.7,0.000,0.780,0.887,0.5083,0.0049,5.36,-0.98238,0.150,0.695,0.000,-0.3288,-0.2206,TRACKING,R+C
1786993506.123,48.7,0.000,0.780,0.887,0.5083,0.0039,4.29,-0.78590,0.150,0.695,0.000,-0.3288,-0.2245,TRACKING,prediction
1786993506.143,48.7,0.000,0.775,0.862,0.5096,0.0029,5.08,-1.03992,0.150,0.696,0.000,-0.3603,-0.2428,TRACKING,R+C
1786993506.163,48.7,0.000,0.766,0.867,0.5102,0.0054,5.86,-0.96732,0.150,0.696,0.000,-0.3392,-0.2335,TRACKING,R+C
1786993506.184,48.7,0.000,0.705,0.881,0.5096,0.0131,8.33,-0.71092,0.150,0.696,0.000,-0.2736,-0.1949,TRACKING,R+C
1786993506.206,48.7,0.000,0.705,0.881,0.5096,0.0104,6.67,-0.56874,0.150,0.696,0.000,-0.2736,-0.1893,TRACKING,prediction
1786993506.219,48.7,0.000,0.704,0.889,0.5023,0.0247,7.89,-0.77262,0.150,0.697,0.000,-0.0625,-0.0703,TRACKING,R+C
1786993506.242,48.7,0.000,0.719,0.887,0.4954,0.0285,6.60,-0.91773,0.150,0.697,0.000,0.0371,0.0030,TRACKING,R+C
1786993506.259,54.2,0.000,0.703,0.893,0.4902,0.0353,9.34,-0.65689,0.150,0.697,0.000,0.0802,0.0389,TRACKING,R+C
1786993506.266,54.2,0.000,0.710,0.885,0.4901,0.0357,5.92,-1.03731,0.150,0.697,0.000,0.1742,0.0964,TRACKING,R+C
1786993506.297,54.2,0.654,0.705,0.894,0.4452,0.0420,6.27,-1.01521,0.150,0.697,0.000,0.2708,0.1599,TRACKING,L+C+R_fused
1786993506.318,54.2,0.824,0.697,0.887,0.4473,0.0525,9.65,-0.69554,0.150,0.697,0.000,0.3542,0.2173,TRACKING,L+C+R_fused
1786993506.339,54.2,0.824,0.697,0.887,0.4473,0.0420,7.72,-0.55643,0.150,0.697,0.000,0.3542,0.2256,TRACKING,prediction
1786993506.359,54.2,0.822,0.691,0.901,0.4530,0.0655,13.78,-0.34189,0.166,0.698,0.000,0.3719,0.2386,TRACKING,L+C+R_fused
1786993506.380,54.2,0.831,0.686,0.873,0.4565,0.0699,16.39,-0.11162,0.189,0.698,0.000,0.1247,0.1038,TRACKING,L+C+R_fused
1786993506.402,54.2,0.781,0.683,0.880,0.4570,0.0688,16.14,-0.18594,0.181,0.698,0.000,0.1139,0.0768,TRACKING,L+C+R_fused
1786993506.420,54.2,0.000,0.687,0.883,0.4749,0.0665,15.26,-0.33144,0.167,0.656,0.000,0.3280,0.1903,TRACKING,R+C
1786993506.440,54.2,0.000,0.688,0.878,0.4818,0.0626,15.26,-0.37460,0.163,0.659,0.000,0.2832,0.1878,TRACKING,R+C
1786993506.452,54.2,0.000,0.687,0.872,0.5081,0.0577,15.87,-0.33263,0.167,0.661,0.000,0.1846,0.1290,TRACKING,R+C
1786993506.482,54.2,0.000,0.695,0.866,0.5002,0.0497,12.66,-0.69964,0.150,0.663,0.000,0.1690,0.1092,TRACKING,R+C
1786993506.492,54.2,0.000,0.708,0.856,0.5093,0.0418,9.43,-1.09098,0.150,0.665,0.000,0.1074,0.0689,TRACKING,R+C
1786993506.523,54.2,0.000,0.745,0.852,0.5202,0.0348,7.42,-1.37015,0.150,0.666,0.000,0.0260,0.0143,TRACKING,R+C
1786993506.543,54.2,0.000,0.739,0.858,0.5290,0.0292,7.29,-1.43306,0.150,0.668,0.000,-0.0783,-0.0544,TRACKING,R+C
1786993506.554,54.2,0.000,0.734,0.850,0.5321,0.0231,7.31,-1.47098,0.150,0.670,0.000,-0.1948,-0.1316,TRACKING,R+C
1786993506.564,54.2,0.000,0.737,0.831,0.5374,0.0146,6.34,-1.58285,0.150,0.671,0.000,-0.3159,-0.2122,TRACKING,R+C
1786993506.584,54.2,0.000,0.737,0.831,0.5374,0.0116,5.07,-1.26628,0.150,0.673,0.000,-0.3159,-0.2237,TRACKING,prediction
1786993506.607,54.2,0.000,0.737,0.831,0.5374,0.0093,4.06,-1.01302,0.150,0.674,0.000,-0.3159,-0.2252,TRACKING,prediction
1786993506.620,54.2,0.000,0.737,0.831,0.5374,0.0075,3.25,-0.81042,0.150,0.675,0.000,-0.3159,-0.2251,TRACKING,prediction
1786993506.631,54.2,0.000,0.724,0.807,0.5829,-0.0060,11.15,-1.29783,0.150,0.676,0.000,-0.7558,-0.4738,TRACKING,R+C
1786993506.652,54.2,0.000,0.746,0.802,0.5833,-0.0086,10.38,-1.42185,0.150,0.678,0.000,-0.7776,-0.5222,TRACKING,R+C
1786993506.671,54.2,0.000,0.753,0.804,0.5909,-0.0094,9.55,-1.52600,0.150,0.679,0.000,-0.7744,-0.5272,TRACKING,R+C
1786993506.685,54.2,0.000,0.753,0.804,0.5909,-0.0075,7.64,-1.22080,0.150,0.680,0.000,-0.7744,-0.5274,TRACKING,prediction
1786993506.692,54.2,0.000,0.692,0.806,0.5893,0.0016,15.99,-0.84613,0.150,0.644,0.000,-0.7676,-0.5224,TRACKING,R+C
1786993506.722,54.2,0.000,0.690,0.799,0.5866,0.0020,15.81,-0.90425,0.150,0.619,0.000,-0.7650,-0.5365,TRACKING,R+C
1786993506.733,54.2,0.000,0.690,0.803,0.5922,0.0007,17.13,-0.75691,0.150,0.601,0.000,-0.8034,-0.5721,TRACKING,R+C
1786993506.764,54.2,0.000,0.683,0.808,0.6039,0.0001,22.11,-0.20762,0.179,0.589,0.000,-0.6838,-0.5149,TRACKING,R+C
1786993506.784,54.2,0.000,0.683,0.808,0.6039,0.0000,17.69,-0.16610,0.179,0.580,0.000,-0.6838,-0.5111,TRACKING,prediction
1786993506.803,54.2,0.000,0.720,0.806,0.6148,-0.0216,8.76,-2.01346,0.150,0.574,0.000,-0.9367,-0.6693,TRACKING,R+C
1786993506.824,54.2,0.000,0.728,0.801,0.6220,-0.0228,9.51,-1.96084,0.150,0.570,0.000,-0.9620,-0.7110,TRACKING,R+C
1786993506.844,54.2,0.000,0.736,0.798,0.6295,-0.0228,10.08,-1.93051,0.150,0.567,0.000,-0.9732,-0.7264,TRACKING,R+C
1786993506.866,54.2,0.000,0.740,0.802,0.6323,-0.0225,10.73,-1.86523,0.150,0.565,0.000,-0.9809,-0.7350,TRACKING,R+C
1786993506.887,54.2,0.000,0.740,0.802,0.6323,-0.0180,8.59,-1.49219,0.150,0.563,0.000,-0.9809,-0.7374,TRACKING,prediction
1786993506.908,54.2,0.000,0.740,0.802,0.6323,-0.0144,6.87,-1.19375,0.150,0.562,0.000,-0.9809,-0.7386,TRACKING,prediction
1786993506.918,54.2,0.000,0.735,0.819,0.6535,-0.0305,14.59,-1.45995,0.150,0.562,0.000,-1.0000,-0.7516,TRACKING,R+C
1786993506.950,54.2,0.000,0.735,0.819,0.6535,-0.0244,11.67,-1.16796,0.150,0.561,0.000,-1.0000,-0.7539,TRACKING,prediction
1786993506.971,54.2,0.000,0.746,0.816,0.6644,-0.0356,17.63,-1.09419,0.150,0.561,0.000,-1.0000,-0.7549,TRACKING,R+C
1786993506.989,54.2,0.000,0.753,0.808,0.6650,-0.0355,19.32,-0.87905,0.150,0.561,0.000,-1.0000,-0.7552,TRACKING,R+C
1786993507.010,54.2,0.000,0.753,0.808,0.6650,-0.0284,15.46,-0.70324,0.150,0.560,0.000,-1.0000,-0.7553,TRACKING,prediction
1786993507.032,54.2,0.000,0.753,0.808,0.6650,-0.0227,12.37,-0.56259,0.150,0.560,0.000,-1.0000,-0.7555,TRACKING,prediction
1786993507.053,54.2,0.000,0.753,0.808,0.6650,-0.0182,9.89,-0.45008,0.150,0.560,0.000,-1.0000,-0.7556,TRACKING,prediction
1786993507.074,54.2,0.000,0.750,0.806,0.6680,-0.0331,23.69,-0.26229,0.174,0.560,0.000,-1.0000,-0.7550,TRACKING,R+C
1786993507.096,54.2,0.000,0.750,0.806,0.6680,-0.0265,18.95,-0.20983,0.174,0.560,0.000,-1.0000,-0.7550,TRACKING,prediction
1786993507.114,54.2,0.000,0.750,0.806,0.6680,-0.0212,15.16,-0.16787,0.174,0.560,0.000,-1.0000,-0.7551,TRACKING,prediction
1786993507.135,54.2,0.000,0.750,0.806,0.6680,-0.0169,12.13,-0.13429,0.174,0.560,0.000,-1.0000,-0.7551,TRACKING,prediction
1786993507.156,54.2,0.000,0.750,0.806,0.6680,-0.0136,9.70,-0.10744,0.174,0.560,0.000,-1.0000,-0.7551,TRACKING,prediction
1786993507.179,54.2,0.000,0.750,0.806,0.6680,-0.0108,7.76,-0.08595,0.174,0.560,0.000,-1.0000,-0.7551,TRACKING,prediction
1786993507.200,54.2,0.000,0.750,0.806,0.6680,-0.0087,6.21,-0.06876,0.174,0.560,0.000,-1.0000,-0.7551,TRACKING,prediction
1786993507.220,54.2,0.000,0.750,0.806,0.6680,-0.0069,4.97,-0.05501,0.174,0.560,0.000,-1.0000,-0.7551,TRACKING,prediction
1786993507.241,54.2,0.000,0.750,0.806,0.6680,-0.0056,3.97,-0.04401,0.174,0.560,0.000,-1.0000,-0.7551,TRACKING,prediction
1786993507.262,50.9,0.000,0.750,0.806,0.6680,-0.0044,3.18,-0.03520,0.174,0.557,0.000,-1.0000,-0.7551,TRACKING,prediction
1786993507.283,50.9,0.000,0.750,0.806,0.6680,-0.0036,2.54,-0.02816,0.174,0.546,0.000,-1.0000,-0.7570,TRACKING,prediction
1786993507.305,50.9,0.000,0.750,0.806,0.6680,-0.0028,2.03,-0.02253,0.174,0.531,0.000,-1.0000,-0.7631,TRACKING,prediction
1786993507.324,50.9,0.000,0.750,0.806,0.6680,-0.0023,1.63,-0.01802,0.174,0.513,0.000,-1.0000,-0.7725,TRACKING,prediction
1786993507.344,50.9,0.000,0.750,0.806,0.6680,-0.0018,1.30,-0.01442,0.174,0.493,0.000,-1.0000,-0.7840,UNCERTAIN,prediction
1786993507.365,50.9,0.000,0.750,0.806,0.6680,-0.0015,1.04,-0.01154,0.174,0.473,0.000,-1.0000,-0.7967,UNCERTAIN,prediction
1786993507.387,50.9,0.000,0.750,0.806,0.6680,-0.0012,0.83,-0.00923,0.174,0.452,0.000,-1.0000,-0.8099,UNCERTAIN,prediction
1786993507.412,50.9,0.000,0.750,0.806,0.6680,-0.0009,0.67,-0.00738,0.174,0.431,0.000,-1.0000,-0.8234,UNCERTAIN,prediction
1786993507.426,50.9,0.000,0.750,0.806,0.6680,-0.0007,0.53,-0.00591,0.174,0.411,0.000,-1.0000,-0.8368,UNCERTAIN,prediction
1786993507.447,50.9,0.000,0.750,0.806,0.6680,-0.0006,0.43,-0.00473,0.174,0.392,0.000,-1.0000,-0.8499,UNCERTAIN,prediction
1786993507.467,50.9,0.000,0.833,0.788,0.6228,-0.1150,10.59,0.06489,0.194,0.400,0.000,-1.0000,-0.8628,TRACKING,R+C
1786993507.487,50.9,0.000,0.833,0.788,0.6228,-0.0920,8.47,0.05191,0.194,0.408,0.000,-1.0000,-0.8601,TRACKING,prediction
1786993507.498,50.9,0.000,0.844,0.797,0.6079,-0.1090,9.85,0.10799,0.189,0.416,0.000,-1.0000,-0.8547,TRACKING,R+C
1786993507.526,50.9,0.000,0.794,0.802,0.5970,-0.1091,6.09,-0.19495,0.181,0.423,0.000,-1.0000,-0.8496,TRACKING,R+C
1786993507.548,50.9,0.000,0.841,0.809,0.5909,-0.1018,8.65,0.11464,0.189,0.430,0.000,-1.0000,-0.8445,TRACKING,R+C
1786993507.569,50.9,0.000,0.796,0.814,0.5817,-0.1013,4.74,-0.19867,0.180,0.436,0.000,-1.0000,-0.8397,TRACKING,R+C
1786993507.579,50.9,0.000,0.824,0.818,0.5768,-0.0941,6.31,-0.00893,0.199,0.442,0.000,-0.9379,-0.7930,TRACKING,R+C
1786993507.600,50.9,0.000,0.818,0.826,0.5669,-0.0893,5.34,-0.04179,0.196,0.455,0.000,-0.9173,-0.7684,TRACKING,R+C
1786993507.620,50.9,0.000,0.815,0.832,0.5590,-0.0832,4.64,-0.07093,0.193,0.468,0.000,-0.8880,-0.7379,TRACKING,R+C
1786993507.642,50.9,0.000,0.823,0.835,0.5524,-0.0773,3.92,-0.10491,0.190,0.479,0.000,-0.8612,-0.7088,TRACKING,R+C
1786993507.650,50.9,0.000,0.813,0.846,0.5457,-0.0704,3.42,-0.11117,0.189,0.490,0.000,-0.8066,-0.6620,TRACKING,R+C
1786993507.682,50.9,0.370,0.761,0.848,0.4663,-0.0690,-2.11,-0.59813,0.150,0.501,0.000,-0.9779,-0.7617,TRACKING,L+C+R_fused
1786993507.703,50.9,0.946,0.763,0.849,0.5027,-0.0589,-1.37,-0.53716,0.150,0.511,0.000,-0.8936,-0.7154,TRACKING,L+C+R_fused
1786993507.723,50.9,0.948,0.764,0.854,0.5013,-0.0513,-2.05,-0.56901,0.150,0.520,0.000,-0.7966,-0.6398,TRACKING,L+C+R_fused
1786993507.744,50.9,0.945,0.738,0.867,0.5009,-0.0468,-4.45,-0.80072,0.150,0.529,0.000,-0.6990,-0.5608,TRACKING,L+C+R_fused
1786993507.765,50.9,0.943,0.772,0.866,0.4939,-0.0408,-3.18,-0.65579,0.150,0.538,0.000,-0.6419,-0.5080,TRACKING,L+C+R_fused
1786993507.785,50.9,0.949,0.759,0.879,0.5013,-0.0418,-5.98,-0.93193,0.150,0.546,0.000,-0.5993,-0.4700,TRACKING,L+C+R_fused
1786993507.801,50.9,0.947,0.704,0.869,0.5010,-0.0474,-11.15,-1.41447,0.150,0.554,0.000,-0.5708,-0.4443,TRACKING,L+C+R_fused
1786993507.822,50.9,0.953,0.721,0.879,0.4819,-0.0462,-9.92,-1.37998,0.150,0.561,0.000,-0.5907,-0.4506,TRACKING,L+C+R_fused
1786993507.843,50.9,0.000,0.723,0.877,0.5064,-0.0473,-10.05,-1.44732,0.150,0.568,0.000,-0.6129,-0.4633,TRACKING,R+C
1786993507.856,50.9,0.000,0.734,0.874,0.5097,-0.0486,-9.66,-1.45243,0.150,0.574,0.000,-0.6436,-0.4820,TRACKING,R+C
1786993507.886,50.9,0.000,0.746,0.873,0.5109,-0.0512,-10.74,-1.57831,0.150,0.581,0.000,-0.6619,-0.4940,TRACKING,R+C
1786993507.898,50.9,0.000,0.760,0.869,0.5143,-0.0531,-10.74,-1.62629,0.150,0.587,0.000,-0.6935,-0.5131,TRACKING,R+C
1786993507.929,50.9,0.000,0.769,0.866,0.5169,-0.0511,-9.93,-1.63638,0.150,0.592,0.000,-0.6945,-0.5143,TRACKING,R+C
1786993507.950,50.9,0.000,0.760,0.875,0.5199,-0.0479,-9.57,-1.68587,0.150,0.598,0.000,-0.6712,-0.4982,TRACKING,R+C
1786993507.961,50.9,0.000,0.773,0.874,0.5206,-0.0415,-9.06,-1.71554,0.150,0.603,0.000,-0.6056,-0.4540,TRACKING,R+C
1786993507.981,50.9,0.000,0.769,0.883,0.5169,-0.0304,-7.40,-1.66070,0.150,0.608,0.000,-0.4943,-0.3780,TRACKING,R+C
1786993508.002,50.9,0.000,0.773,0.881,0.5100,-0.0204,-6.99,-1.68401,0.150,0.612,0.000,-0.3563,-0.2818,TRACKING,R+C
1786993508.033,50.9,0.000,0.776,0.883,0.5032,-0.0096,-6.35,-1.70190,0.150,0.617,0.000,-0.2028,-0.1738,TRACKING,R+C
1786993508.054,50.9,0.000,0.764,0.877,0.4948,0.0008,-5.89,-1.74207,0.150,0.621,0.000,-0.0486,-0.0642,TRACKING,R+C
1786993508.065,50.9,0.000,0.771,0.884,0.4889,0.0121,-4.36,-1.69405,0.150,0.625,0.000,0.0953,0.0397,TRACKING,R+C
1786993508.096,50.9,0.000,0.769,0.904,0.4860,0.0233,-3.25,-1.67286,0.150,0.629,0.000,0.2472,0.1474,TRACKING,R+C
1786993508.116,50.9,0.865,0.771,0.901,0.4769,0.0335,-2.54,-1.67143,0.150,0.632,0.000,0.3869,0.2475,TRACKING,L+C+R_fused
1786993508.137,50.9,0.943,0.776,0.909,0.4991,0.0421,-1.89,-1.67764,0.150,0.636,0.000,0.4950,0.3268,TRACKING,L+C+R_fused
1786993508.158,50.9,0.930,0.781,0.907,0.5022,0.0478,-1.60,-1.69596,0.150,0.639,0.000,0.5667,0.3808,TRACKING,L+C+R_fused
1786993508.179,50.9,0.943,0.783,0.905,0.4997,0.0543,0.53,-1.58810,0.150,0.615,0.000,0.5985,0.4069,TRACKING,L+C+R_fused
1786993508.200,50.9,0.950,0.784,0.910,0.5122,0.0564,1.74,-1.55660,0.150,0.599,0.000,0.5894,0.4128,TRACKING,L+C+R_fused
1786993508.219,50.9,0.950,0.784,0.910,0.5122,0.0451,1.39,-1.24528,0.150,0.587,0.000,0.5894,0.4193,TRACKING,prediction
1786993508.241,50.9,0.000,0.780,0.910,0.4767,0.0547,4.26,-1.46814,0.150,0.579,0.000,0.4837,0.3563,TRACKING,R+C
1786993508.250,50.9,0.000,0.774,0.905,0.4835,0.0529,5.43,-1.41456,0.150,0.573,0.000,0.4167,0.3064,TRACKING,R+C
1786993508.270,49.6,0.000,0.771,0.900,0.4957,0.0501,6.36,-1.39482,0.150,0.569,0.000,0.3346,0.2474,TRACKING,R+C
1786993508.301,49.6,0.000,0.761,0.885,0.5074,0.0478,7.11,-1.40937,0.150,0.566,0.000,0.2611,0.1917,TRACKING,R+C
1786993508.315,49.6,0.000,0.767,0.888,0.5253,0.0454,9.35,-1.23045,0.150,0.565,0.000,0.1491,0.1120,TRACKING,R+C
1786993508.337,49.6,0.000,0.762,0.890,0.5352,0.0418,10.98,-1.10332,0.150,0.563,0.000,0.0322,0.0250,TRACKING,R+C
1786993508.358,49.6,0.000,0.757,0.889,0.5355,0.0364,11.47,-1.12154,0.150,0.562,0.000,-0.0922,-0.0678,TRACKING,R+C
1786993508.376,49.6,0.000,0.755,0.879,0.5533,0.0286,10.38,-1.32037,0.150,0.562,0.000,-0.2145,-0.1598,TRACKING,R+C
1786993508.397,49.6,0.000,0.757,0.890,0.5681,0.0218,10.84,-1.32558,0.150,0.561,0.000,-0.3512,-0.2600,TRACKING,R+C
1786993508.419,49.6,0.000,0.760,0.872,0.5796,0.0160,12.53,-1.18058,0.150,0.561,0.000,-0.4913,-0.3628,TRACKING,R+C
1786993508.443,49.6,0.000,0.765,0.864,0.5892,0.0049,10.85,-1.33729,0.150,0.561,0.000,-0.6099,-0.4527,TRACKING,R+C
1786993508.470,49.6,0.000,0.765,0.864,0.5892,0.0039,8.68,-1.06983,0.150,0.560,0.000,-0.6099,-0.4660,TRACKING,prediction
1786993508.481,49.6,0.000,0.763,0.856,0.6078,-0.0107,12.00,-1.27812,0.150,0.560,0.000,-0.8345,-0.6084,TRACKING,R+C
1786993508.502,49.6,0.000,0.761,0.843,0.6217,-0.0215,11.38,-1.35631,0.150,0.560,0.000,-0.9362,-0.6926,TRACKING,R+C
1786993508.532,49.6,0.000,0.754,0.832,0.6374,-0.0275,13.75,-1.12376,0.150,0.560,0.000,-1.0000,-0.7447,TRACKING,R+C
1786993508.544,49.6,0.000,0.762,0.828,0.6467,-0.0369,14.62,-1.02663,0.150,0.560,0.000,-1.0000,-0.7531,TRACKING,R+C
1786993508.575,49.6,0.000,0.765,0.824,0.6566,-0.0473,14.12,-1.10439,0.150,0.560,0.000,-1.0000,-0.7551,TRACKING,R+C
1786993508.596,49.6,0.000,0.765,0.824,0.6566,-0.0378,11.29,-0.88351,0.150,0.560,0.000,-1.0000,-0.7553,TRACKING,prediction
1786993508.616,49.6,0.000,0.765,0.824,0.6566,-0.0303,9.04,-0.70681,0.150,0.560,0.000,-1.0000,-0.7553,TRACKING,prediction
1786993508.638,49.6,0.000,0.765,0.824,0.6566,-0.0242,7.23,-0.56545,0.150,0.560,0.000,-1.0000,-0.7553,TRACKING,prediction
1786993508.656,49.6,0.000,0.765,0.824,0.6566,-0.0194,5.78,-0.45236,0.150,0.560,0.000,-1.0000,-0.7553,TRACKING,prediction
1786993508.677,49.6,0.000,0.765,0.824,0.6566,-0.0155,4.63,-0.36189,0.150,0.560,0.000,-1.0000,-0.7553,TRACKING,prediction
1786993508.700,49.6,0.000,0.765,0.824,0.6566,-0.0124,3.70,-0.28951,0.150,0.560,0.000,-1.0000,-0.7553,TRACKING,prediction
1786993508.721,49.6,0.000,0.765,0.824,0.6566,-0.0099,2.96,-0.23161,0.150,0.560,0.000,-1.0000,-0.7553,TRACKING,prediction
1786993508.742,49.6,0.000,0.765,0.824,0.6566,-0.0079,2.37,-0.18529,0.150,0.560,0.000,-1.0000,-0.7553,TRACKING,prediction
1786993508.762,49.6,0.000,0.765,0.824,0.6566,-0.0063,1.89,-0.14823,0.150,0.560,0.000,-1.0000,-0.7553,TRACKING,prediction
1786993508.783,49.6,0.000,0.765,0.824,0.6566,-0.0051,1.52,-0.11858,0.150,0.552,0.000,-1.0000,-0.7553,TRACKING,prediction
1786993508.804,49.6,0.000,0.765,0.824,0.6566,-0.0041,1.21,-0.09487,0.150,0.538,0.000,-1.0000,-0.7599,TRACKING,prediction
1786993508.815,49.6,0.000,0.765,0.824,0.6566,-0.0032,0.97,-0.07589,0.150,0.521,0.000,-1.0000,-0.7682,TRACKING,prediction
1786993508.846,49.6,0.000,0.765,0.824,0.6566,-0.0026,0.78,-0.06071,0.150,0.502,0.000,-1.0000,-0.7790,TRACKING,prediction
1786993508.861,49.6,0.000,0.858,0.778,0.6726,-0.1352,12.68,-0.66886,0.150,0.505,0.000,-1.0000,-0.7954,TRACKING,R+C
1786993508.876,49.6,0.000,0.864,0.778,0.6658,-0.1342,13.08,-0.57265,0.150,0.508,0.000,-1.0000,-0.7954,TRACKING,R+C
1786993508.897,49.6,0.000,0.864,0.778,0.6658,-0.1073,10.46,-0.45812,0.150,0.510,0.000,-1.0000,-0.7939,TRACKING,prediction
1786993508.906,49.6,0.000,0.864,0.778,0.6658,-0.0859,8.37,-0.36650,0.150,0.513,0.000,-1.0000,-0.7922,TRACKING,prediction
1786993508.928,49.6,0.000,0.881,0.787,0.6541,-0.1381,12.55,-0.48196,0.152,0.515,0.000,-1.0000,-0.7905,TRACKING,R+C
1786993510.389,15.6,0.000,0.889,0.790,0.6518,-0.1432,11.87,-0.52344,0.150,0.517,0.000,-1.0000,-0.7892,TRACKING,R+C
1786993510.407,15.6,0.000,0.910,0.790,0.6489,-0.1484,12.37,-0.35987,0.164,0.519,0.000,-1.0000,-0.7877,TRACKING,R+C
1786993510.433,15.6,0.000,0.910,0.791,0.6436,-0.1531,12.27,-0.33543,0.166,0.521,0.000,-1.0000,-0.7866,TRACKING,R+C
1786993510.450,15.6,0.000,0.910,0.791,0.6436,-0.1225,9.81,-0.26835,0.166,0.523,0.000,-1.0000,-0.7852,TRACKING,prediction
1786993510.456,15.6,0.000,0.899,0.787,0.6395,-0.1570,9.79,-0.59685,0.150,0.525,0.000,-1.0000,-0.7842,TRACKING,R+C
1786993510.481,15.6,0.892,0.790,0.000,0.6321,0.2297,25.49,-0.89078,0.150,0.527,0.000,1.0000,-0.1812,TRACKING,L+C
1786993510.489,15.6,0.000,0.897,0.794,0.6272,-0.1563,10.21,-0.44838,0.155,0.536,0.000,-1.0000,-0.7020,TRACKING,R+C
1786993510.510,15.6,0.000,0.897,0.794,0.6272,-0.1250,8.17,-0.35870,0.155,0.537,0.000,-1.0000,-0.7646,TRACKING,prediction
1786993510.524,15.6,0.000,0.897,0.794,0.6272,-0.1000,6.53,-0.28696,0.155,0.545,0.000,-1.0000,-0.7734,TRACKING,prediction
1786993510.538,15.6,0.000,0.895,0.802,0.6061,-0.1530,9.83,-0.24308,0.176,0.546,0.000,-1.0000,-0.7693,TRACKING,R+C
1786993510.545,15.6,0.884,0.810,0.000,0.6010,0.2206,25.10,-0.72127,0.150,0.553,0.000,1.0000,-0.1836,TRACKING,L+C
1786993510.566,15.6,0.884,0.810,0.000,0.6010,0.1765,20.08,-0.57702,0.150,0.554,0.000,1.0000,0.3541,TRACKING,prediction
1786993510.590,15.6,0.000,0.873,0.816,0.5907,-0.1458,8.16,-0.30502,0.169,0.554,0.000,-1.0000,-0.2470,TRACKING,R+C
1786993510.604,15.6,0.000,0.873,0.816,0.5907,-0.1167,6.53,-0.24401,0.169,0.561,0.000,-1.0000,-0.6847,TRACKING,prediction
1786993510.615,15.6,0.000,0.873,0.816,0.5907,-0.0933,5.22,-0.19521,0.169,0.568,0.000,-1.0000,-0.7463,TRACKING,prediction
1786993510.641,15.6,0.000,0.873,0.816,0.5907,-0.0747,4.18,-0.15617,0.169,0.566,0.000,-1.0000,-0.7517,TRACKING,prediction
1786993510.648,15.6,0.000,0.873,0.816,0.5907,-0.0597,3.34,-0.12493,0.169,0.573,0.000,-1.0000,-0.7539,TRACKING,prediction
1786993510.671,15.6,0.000,0.873,0.816,0.5907,-0.0478,2.67,-0.09995,0.169,0.569,0.000,-1.0000,-0.7505,TRACKING,prediction
1786993510.678,15.6,0.000,0.873,0.816,0.5907,-0.0382,2.14,-0.07996,0.169,0.575,0.000,-1.0000,-0.7521,TRACKING,prediction
1786993510.699,15.6,0.000,0.873,0.816,0.5907,-0.0306,1.71,-0.06397,0.169,0.582,0.000,-1.0000,-0.7486,TRACKING,prediction
1786993510.710,15.6,0.000,0.894,0.838,0.5696,-0.1214,4.99,-0.44008,0.156,0.587,0.000,-1.0000,-0.7422,TRACKING,R+C
1786993510.726,15.6,0.000,0.878,0.849,0.5655,-0.1170,4.42,-0.49853,0.150,0.593,0.000,-1.0000,-0.7380,TRACKING,R+C
1786993510.742,15.6,0.000,0.854,0.853,0.5586,-0.1156,0.93,-0.85999,0.150,0.598,0.000,-1.0000,-0.7341,TRACKING,R+C
1786993510.758,15.6,0.000,0.850,0.861,0.5546,-0.1113,0.86,-0.83118,0.150,0.604,0.000,-1.0000,-0.7301,TRACKING,R+C
1786993510.782,15.6,0.000,0.850,0.861,0.5546,-0.0890,0.69,-0.66495,0.150,0.608,0.000,-1.0000,-0.7267,TRACKING,prediction
1786993510.810,15.6,0.000,0.868,0.868,0.5490,-0.0998,1.60,-0.69611,0.150,0.613,0.000,-1.0000,-0.7224,TRACKING,R+C
1786993510.834,15.6,0.000,0.845,0.872,0.5424,-0.0965,-0.49,-0.85994,0.150,0.617,0.000,-1.0000,-0.7189,TRACKING,R+C
1786993510.842,15.6,0.000,0.844,0.879,0.5383,-0.0917,-1.26,-0.87989,0.150,0.621,0.000,-1.0000,-0.7155,TRACKING,R+C
1786993510.858,15.6,0.000,0.836,0.879,0.5348,-0.0846,-0.85,-0.86713,0.150,0.625,0.000,-1.0000,-0.7122,TRACKING,R+C
1786993510.874,15.6,0.000,0.841,0.882,0.5326,-0.0798,-0.50,-0.84019,0.150,0.606,0.000,-1.0000,-0.7093,TRACKING,R+C
1786993510.898,15.6,0.000,0.840,0.880,0.5283,-0.0780,-0.65,-0.85574,0.150,0.592,0.000,-1.0000,-0.7198,TRACKING,R+C
1786993510.906,15.6,0.000,0.844,0.881,0.5268,-0.0776,-0.57,-0.86502,0.150,0.582,0.000,-1.0000,-0.7292,TRACKING,R+C
1786993510.922,15.6,0.000,0.885,0.882,0.5306,-0.0772,1.93,-0.58973,0.150,0.588,0.000,-1.0000,-0.7360,TRACKING,R+C
1786993510.938,15.6,0.000,0.899,0.880,0.5305,-0.0770,2.94,-0.49944,0.150,0.594,0.000,-1.0000,-0.7337,TRACKING,R+C
1786993510.954,15.6,0.000,0.877,0.890,0.5268,-0.0783,0.23,-0.75832,0.150,0.584,0.000,-1.0000,-0.7302,TRACKING,R+C
1786993510.970,15.6,0.000,0.862,0.893,0.5203,-0.0739,-0.82,-0.85995,0.150,0.590,0.000,-1.0000,-0.7351,TRACKING,R+C
1786993510.985,15.6,0.000,0.850,0.894,0.5151,-0.0673,-0.25,-0.84602,0.150,0.595,0.000,-1.0000,-0.7322,TRACKING,R+C
1786993511.011,15.6,0.000,0.848,0.898,0.5105,-0.0641,-0.84,-0.88721,0.150,0.600,0.000,-0.9893,-0.7220,TRACKING,R+C
1786993511.026,15.6,0.000,0.848,0.899,0.5092,-0.0615,-0.71,-0.87535,0.150,0.605,0.000,-0.9684,-0.7049,TRACKING,R+C
1786993511.039,15.6,0.000,0.853,0.898,0.5096,-0.0589,-0.49,-0.85516,0.150,0.610,0.000,-0.9475,-0.6871,TRACKING,R+C
1786993511.055,15.6,0.000,0.853,0.898,0.5096,-0.0471,-0.39,-0.68413,0.150,0.615,0.000,-0.9475,-0.6819,TRACKING,prediction
1786993511.072,15.6,0.000,0.855,0.899,0.5096,-0.0510,-0.64,-0.86781,0.150,0.619,0.000,-0.8664,-0.6303,TRACKING,R+C
1786993511.087,15.6,0.000,0.866,0.903,0.5050,-0.0469,-1.91,-0.92822,0.150,0.623,0.000,-0.7926,-0.5765,TRACKING,R+C
1786993511.100,15.6,0.000,0.868,0.909,0.5004,-0.0385,-0.38,-0.82407,0.150,0.604,0.000,-0.7260,-0.5270,TRACKING,R+C
1786993511.115,15.6,0.000,0.850,0.917,0.4973,-0.0335,-0.12,-0.82563,0.150,0.591,0.000,-0.6695,-0.4933,TRACKING,R+C
1786993511.135,15.6,0.000,0.849,0.917,0.4958,-0.0331,-0.28,-0.83736,0.150,0.582,0.000,-0.6608,-0.4881,TRACKING,R+C
1786993511.155,15.6,0.000,0.851,0.919,0.4969,-0.0345,-0.05,-0.83408,0.150,0.575,0.000,-0.6864,-0.5067,TRACKING,R+C
1786993511.177,15.6,0.375,0.842,0.920,0.4378,-0.0378,0.08,-0.83706,0.150,0.571,0.000,-0.7322,-0.5406,TRACKING,L+C+R_fused
1786993511.194,15.6,0.368,0.838,0.910,0.4061,-0.0419,0.05,-0.85446,0.150,0.567,0.000,-0.7834,-0.5795,TRACKING,L+C+R_fused
1786993511.212,15.6,0.000,0.845,0.907,0.5032,-0.0483,-1.20,-0.95450,0.150,0.565,0.000,-0.8324,-0.6174,TRACKING,R+C
1786993511.227,15.6,0.000,0.853,0.904,0.5029,-0.0523,-1.12,-0.95652,0.150,0.564,0.000,-0.8770,-0.6519,TRACKING,R+C
1786993511.246,15.6,0.000,0.859,0.901,0.5046,-0.0526,1.39,-0.76904,0.150,0.563,0.000,-0.9237,-0.6868,TRACKING,R+C
1786993511.263,15.6,0.000,0.833,0.899,0.5059,-0.0583,0.64,-0.87491,0.150,0.562,0.000,-0.9696,-0.7214,TRACKING,R+C
1786993511.282,15.6,0.000,0.838,0.900,0.5131,-0.0643,1.51,-0.80073,0.150,0.561,0.000,-1.0000,-0.7461,TRACKING,R+C
1786993511.301,15.6,0.000,0.829,0.896,0.5194,-0.0738,0.81,-0.89700,0.150,0.561,0.000,-1.0000,-0.7508,TRACKING,R+C
1786993511.319,15.6,0.000,0.841,0.893,0.5256,-0.0825,2.31,-0.76060,0.150,0.561,0.000,-1.0000,-0.7523,TRACKING,R+C
1786993511.323,15.6,0.000,0.855,0.894,0.5304,-0.0902,3.71,-0.64334,0.150,0.560,0.000,-1.0000,-0.7532,TRACKING,R+C
1786993511.345,15.6,0.000,0.877,0.889,0.5351,-0.0989,3.84,-0.61995,0.150,0.560,0.000,-1.0000,-0.7539,TRACKING,R+C
1786993511.356,15.6,0.000,0.890,0.890,0.5389,-0.1061,3.13,-0.69033,0.150,0.560,0.000,-1.0000,-0.7545,TRACKING,R+C
1786993511.367,15.6,0.000,0.887,0.890,0.5464,-0.1112,4.15,-0.59102,0.150,0.560,0.000,-1.0000,-0.7550,TRACKING,R+C
1786993511.381,15.6,0.000,0.899,0.886,0.5494,-0.1161,3.61,-0.63339,0.150,0.560,0.000,-1.0000,-0.7553,TRACKING,R+C
1786993511.393,60.7,0.000,0.898,0.886,0.5543,-0.1191,3.62,-0.62296,0.150,0.560,0.000,-1.0000,-0.7556,TRACKING,R+C
1786993511.406,60.7,0.000,0.898,0.882,0.5594,-0.1213,4.07,-0.55704,0.150,0.560,0.000,-1.0000,-0.7557,TRACKING,R+C
1786993511.420,60.7,0.000,0.888,0.885,0.5609,-0.1239,3.84,-0.56267,0.150,0.560,0.000,-1.0000,-0.7558,TRACKING,R+C
1786993511.433,60.7,0.000,0.885,0.889,0.5633,-0.1287,3.04,-0.63047,0.150,0.560,0.000,-1.0000,-0.7561,TRACKING,R+C
1786993511.449,60.7,0.000,0.889,0.885,0.5661,-0.1362,1.87,-0.70372,0.150,0.560,0.000,-1.0000,-0.7565,TRACKING,R+C
1786993511.462,60.7,0.000,0.893,0.886,0.5704,-0.1386,3.66,-0.54918,0.150,0.560,0.000,-1.0000,-0.7568,TRACKING,R+C
1786993511.475,60.7,0.000,0.890,0.884,0.5724,-0.1419,3.93,-0.51847,0.150,0.560,0.000,-1.0000,-0.7571,TRACKING,R+C
1786993511.489,60.7,0.000,0.888,0.882,0.5724,-0.1439,3.84,-0.51694,0.150,0.560,0.000,-1.0000,-0.7572,TRACKING,R+C
1786993511.505,60.7,0.000,0.887,0.879,0.5731,-0.1444,4.13,-0.45192,0.155,0.560,0.000,-1.0000,-0.7571,TRACKING,R+C
1786993511.517,60.7,0.000,0.880,0.878,0.5662,-0.1420,4.13,-0.41503,0.158,0.560,0.000,-1.0000,-0.7568,TRACKING,R+C
1786993511.531,60.7,0.000,0.883,0.887,0.5691,-0.1394,3.62,-0.44528,0.155,0.560,0.000,-1.0000,-0.7566,TRACKING,R+C
1786993511.545,60.7,0.000,0.879,0.889,0.5646,-0.1361,4.71,-0.29288,0.171,0.560,0.000,-1.0000,-0.7563,TRACKING,R+C
1786993511.565,60.7,0.000,0.876,0.882,0.5639,-0.1348,4.49,-0.26654,0.173,0.560,0.000,-1.0000,-0.7560,TRACKING,R+C
1786993511.580,60.7,0.000,0.871,0.888,0.5624,-0.1342,4.38,-0.30076,0.170,0.560,0.000,-1.0000,-0.7560,TRACKING,R+C
1786993511.594,60.7,0.000,0.872,0.897,0.5653,-0.1334,3.19,-0.46974,0.153,0.560,0.000,-1.0000,-0.7561,TRACKING,R+C
1786993511.608,60.7,0.000,0.864,0.899,0.5645,-0.1320,1.55,-0.66268,0.150,0.560,0.000,-1.0000,-0.7560,TRACKING,R+C
1786993511.622,60.7,0.000,0.864,0.899,0.5724,-0.1273,1.99,-0.58202,0.150,0.560,0.000,-1.0000,-0.7556,TRACKING,R+C
1786993511.635,60.7,0.000,0.864,0.899,0.5724,-0.1018,1.59,-0.46561,0.150,0.560,0.000,-1.0000,-0.7556,TRACKING,prediction
1786993511.645,60.7,0.000,0.854,0.910,0.5650,-0.1181,1.23,-0.63738,0.150,0.560,0.000,-1.0000,-0.7549,TRACKING,R+C
1786993511.680,60.7,0.000,0.854,0.910,0.5650,-0.0945,0.98,-0.50991,0.150,0.560,0.000,-1.0000,-0.7549,TRACKING,prediction
1786993511.693,60.7,0.000,0.853,0.910,0.5679,-0.1079,0.68,-0.67123,0.150,0.560,0.000,-1.0000,-0.7541,TRACKING,R+C
1786993511.706,60.7,0.000,0.843,0.909,0.5537,-0.1015,0.13,-0.74447,0.150,0.560,0.000,-1.0000,-0.7536,TRACKING,R+C
1786993511.720,60.7,0.000,0.843,0.915,0.5523,-0.0944,0.28,-0.73087,0.150,0.560,0.000,-1.0000,-0.7531,TRACKING,R+C
1786993511.733,60.7,0.000,0.843,0.921,0.5295,-0.0878,-0.01,-0.78119,0.150,0.560,0.000,-1.0000,-0.7527,TRACKING,R+C
1786993511.748,60.7,0.000,0.843,0.823,0.5146,-0.0817,-0.21,-0.82256,0.150,0.560,0.000,-1.0000,-0.7523,TRACKING,R+C
1786993511.760,60.7,0.000,0.843,0.823,0.5146,-0.0654,-0.17,-0.65805,0.150,0.560,0.000,-1.0000,-0.7523,TRACKING,prediction
1786993511.787,60.7,0.000,0.843,0.823,0.5146,-0.0523,-0.14,-0.52644,0.150,0.560,0.000,-1.0000,-0.7523,TRACKING,prediction
1786993511.796,60.7,0.000,0.843,0.823,0.5146,-0.0418,-0.11,-0.42115,0.150,0.560,0.000,-1.0000,-0.7523,TRACKING,prediction
1786993511.815,60.7,0.000,0.843,0.823,0.5146,-0.0335,-0.09,-0.33692,0.150,0.560,0.000,-1.0000,-0.7523,TRACKING,prediction
1786993511.829,60.7,0.000,0.843,0.823,0.5146,-0.0268,-0.07,-0.26954,0.150,0.560,0.000,-1.0000,-0.7523,TRACKING,prediction
1786993511.838,60.7,0.000,0.814,0.590,0.5462,-0.0703,-0.60,-0.99630,0.150,0.560,0.000,-1.0000,-0.7519,TRACKING,R+C
1786993511.850,60.7,0.000,0.814,0.590,0.5462,-0.0563,-0.48,-0.79704,0.150,0.560,0.000,-1.0000,-0.7519,TRACKING,prediction
1786993511.865,60.7,0.000,0.814,0.590,0.5462,-0.0450,-0.38,-0.63763,0.150,0.560,0.000,-1.0000,-0.7519,TRACKING,prediction
1786993511.878,60.7,0.000,0.825,0.593,0.5448,-0.0596,0.65,-0.92167,0.150,0.560,0.000,-0.9861,-0.7427,TRACKING,R+C
1786993511.892,60.7,0.000,0.825,0.593,0.5448,-0.0477,0.52,-0.73734,0.150,0.560,0.000,-0.9861,-0.7415,TRACKING,prediction
1786993511.916,60.7,0.000,0.809,0.680,0.5500,-0.0647,0.04,-1.08888,0.150,0.560,0.000,-1.0000,-0.7504,TRACKING,R+C
1786993511.927,60.7,0.000,0.809,0.680,0.5500,-0.0518,0.03,-0.87110,0.150,0.560,0.000,-1.0000,-0.7517,TRACKING,prediction
1786993511.954,60.7,0.000,0.809,0.680,0.5500,-0.0414,0.03,-0.69688,0.150,0.560,0.000,-1.0000,-0.7519,TRACKING,prediction
1786993511.968,60.7,0.000,0.809,0.680,0.5500,-0.0331,0.02,-0.55751,0.150,0.560,0.000,-1.0000,-0.7519,TRACKING,prediction
1786993511.996,60.7,0.000,0.809,0.680,0.5500,-0.0265,0.02,-0.44600,0.150,0.560,0.000,-1.0000,-0.7519,TRACKING,prediction
1786993512.011,60.7,0.000,0.809,0.680,0.5500,-0.0212,0.01,-0.35680,0.150,0.560,0.000,-1.0000,-0.7519,TRACKING,prediction
1786993512.038,60.7,0.000,0.809,0.680,0.5500,-0.0170,0.01,-0.28544,0.150,0.560,0.000,-1.0000,-0.7519,TRACKING,prediction
1786993512.066,60.7,0.000,0.788,0.697,0.5494,-0.0516,0.70,-1.28924,0.150,0.560,0.000,-0.9493,-0.7206,TRACKING,R+C
1786993512.087,60.7,0.000,0.782,0.933,0.5523,-0.0550,0.39,-1.39181,0.150,0.560,0.000,-0.9823,-0.7366,TRACKING,R+C
1786993512.099,60.7,0.000,0.771,0.822,0.5567,-0.0575,-0.48,-1.57277,0.150,0.560,0.000,-1.0000,-0.7503,TRACKING,R+C
1786993512.107,60.7,0.000,0.770,0.617,0.5622,-0.0577,-0.12,-1.59374,0.150,0.560,0.000,-1.0000,-0.7524,TRACKING,R+C
1786993512.127,60.7,0.000,0.772,0.894,0.5513,-0.0556,0.53,-1.56203,0.150,0.560,0.000,-1.0000,-0.7527,TRACKING,R+C
1786993512.138,60.7,0.000,0.772,0.894,0.5513,-0.0445,0.43,-1.24962,0.150,0.560,0.000,-1.0000,-0.7527,TRACKING,prediction
1786993512.148,60.7,0.000,0.772,0.894,0.5513,-0.0356,0.34,-0.99970,0.150,0.560,0.000,-1.0000,-0.7527,TRACKING,prediction
1786993512.168,60.7,0.000,0.772,0.894,0.5513,-0.0285,0.27,-0.79976,0.150,0.560,0.000,-1.0000,-0.7527,TRACKING,prediction
1786993512.179,60.7,0.000,0.772,0.894,0.5513,-0.0228,0.22,-0.63981,0.150,0.560,0.000,-1.0000,-0.7527,TRACKING,prediction
1786993512.195,60.7,0.000,0.772,0.894,0.5513,-0.0182,0.18,-0.51184,0.150,0.560,0.000,-1.0000,-0.7527,TRACKING,prediction
1786993512.204,60.7,0.000,0.772,0.894,0.5513,-0.0146,0.14,-0.40948,0.150,0.560,0.000,-1.0000,-0.7527,TRACKING,prediction
1786993512.218,60.7,0.000,0.779,0.873,0.5914,-0.0701,3.04,-1.68656,0.150,0.560,0.000,-1.0000,-0.7549,TRACKING,R+C
1786993512.239,60.7,0.000,0.783,0.883,0.5929,-0.0705,2.44,-1.84340,0.150,0.560,0.000,-1.0000,-0.7552,TRACKING,R+C
1786993512.260,60.7,0.000,0.780,0.874,0.5917,-0.0674,3.52,-1.79704,0.150,0.560,0.000,-1.0000,-0.7552,TRACKING,R+C
1786993512.276,60.7,0.000,0.784,0.864,0.5939,-0.0643,4.78,-1.70646,0.150,0.560,0.000,-1.0000,-0.7551,TRACKING,R+C
1786993512.288,60.7,0.000,0.786,0.879,0.5993,-0.0623,5.69,-1.64384,0.150,0.560,0.000,-1.0000,-0.7551,TRACKING,R+C
1786993512.301,60.7,0.000,0.782,0.870,0.6083,-0.0646,6.13,-1.60313,0.150,0.560,0.000,-1.0000,-0.7553,TRACKING,R+C
1786993512.316,60.7,0.000,0.782,0.870,0.6083,-0.0517,4.91,-1.28250,0.150,0.560,0.000,-1.0000,-0.7553,TRACKING,prediction
1786993512.333,60.7,0.000,0.782,0.870,0.6083,-0.0413,3.92,-1.02600,0.150,0.560,0.000,-1.0000,-0.7553,TRACKING,prediction
1786993512.345,60.7,0.000,0.782,0.867,0.6321,-0.0744,9.55,-1.28848,0.150,0.560,0.000,-1.0000,-0.7562,TRACKING,R+C
1786993512.364,60.7,0.000,0.786,0.869,0.6397,-0.0784,11.04,-1.13111,0.150,0.560,0.000,-1.0000,-0.7566,TRACKING,R+C
1786993512.385,60.7,0.000,0.783,0.851,0.6463,-0.0849,12.57,-0.97192,0.150,0.560,0.000,-1.0000,-0.7571,TRACKING,R+C
1786993512.406,63.2,0.000,0.797,0.711,0.6486,-0.0934,13.72,-0.84872,0.150,0.560,0.000,-1.0000,-0.7577,TRACKING,R+C
1786993512.427,63.2,0.000,0.797,0.711,0.6486,-0.0747,10.97,-0.67898,0.150,0.560,0.000,-1.0000,-0.7577,TRACKING,prediction
1786993512.448,63.2,0.000,0.797,0.711,0.6486,-0.0598,8.78,-0.54318,0.150,0.560,0.000,-1.0000,-0.7577,TRACKING,prediction
1786993512.468,63.2,0.000,0.797,0.711,0.6486,-0.0478,7.02,-0.43455,0.150,0.560,0.000,-1.0000,-0.7577,TRACKING,prediction
1786993512.489,63.2,0.000,0.797,0.711,0.6486,-0.0383,5.62,-0.34764,0.150,0.560,0.000,-1.0000,-0.7577,TRACKING,prediction
1786993512.509,63.2,0.000,0.797,0.711,0.6486,-0.0306,4.49,-0.27811,0.150,0.560,0.000,-1.0000,-0.7577,TRACKING,prediction
1786993512.530,63.2,0.000,0.797,0.711,0.6486,-0.0245,3.60,-0.22249,0.150,0.560,0.000,-1.0000,-0.7577,TRACKING,prediction
1786993512.550,63.2,0.000,0.797,0.711,0.6486,-0.0196,2.88,-0.17799,0.150,0.560,0.000,-1.0000,-0.7577,TRACKING,prediction
1786993512.571,63.2,0.000,0.797,0.711,0.6486,-0.0157,2.30,-0.14239,0.150,0.560,0.000,-1.0000,-0.7577,TRACKING,prediction
1786993512.592,63.2,0.000,0.797,0.711,0.6486,-0.0125,1.84,-0.11391,0.150,0.552,0.000,-1.0000,-0.7577,TRACKING,prediction
1786993512.612,63.2,0.000,0.797,0.711,0.6486,-0.0100,1.47,-0.09113,0.150,0.538,0.000,-1.0000,-0.7623,TRACKING,prediction
1786993512.632,63.2,0.000,0.797,0.711,0.6486,-0.0080,1.18,-0.07290,0.150,0.521,0.000,-1.0000,-0.7707,TRACKING,prediction
1786993512.653,63.2,0.000,0.797,0.711,0.6486,-0.0064,0.94,-0.05832,0.150,0.501,0.000,-1.0000,-0.7815,TRACKING,prediction
1786993512.674,63.2,0.000,0.797,0.711,0.6486,-0.0051,0.75,-0.04666,0.150,0.481,0.000,-1.0000,-0.7937,UNCERTAIN,prediction
1786993512.694,63.2,0.000,0.797,0.711,0.6486,-0.0041,0.60,-0.03733,0.150,0.460,0.000,-1.0000,-0.8068,UNCERTAIN,prediction
1786993512.716,63.2,0.000,0.797,0.711,0.6486,-0.0033,0.48,-0.02986,0.150,0.440,0.000,-1.0000,-0.8201,UNCERTAIN,prediction
1786993512.735,63.2,0.000,0.797,0.711,0.6486,-0.0026,0.39,-0.02389,0.150,0.419,0.000,-1.0000,-0.8335,UNCERTAIN,prediction
1786993512.756,63.2,0.000,0.797,0.711,0.6486,-0.0021,0.31,-0.01911,0.150,0.399,0.000,-1.0000,-0.8466,UNCERTAIN,prediction
1786993512.774,63.2,0.000,0.797,0.711,0.6486,-0.0017,0.25,-0.01529,0.150,0.380,0.000,-1.0000,-0.8593,UNCERTAIN,prediction
1786993512.796,63.2,0.000,0.797,0.711,0.6486,-0.0013,0.20,-0.01223,0.150,0.362,0.000,-1.0000,-0.8717,UNCERTAIN,prediction
1786993512.818,63.2,0.000,0.797,0.711,0.6486,-0.0011,0.16,-0.00979,0.150,0.344,0.000,-1.0000,-0.8835,UNCERTAIN,prediction
1786993512.837,63.2,0.000,0.797,0.711,0.6486,-0.0009,0.13,-0.00783,0.150,0.327,0.000,-1.0000,-0.8949,UNCERTAIN,prediction
1786993512.864,63.2,0.000,0.797,0.711,0.6486,-0.0007,0.10,-0.00626,0.150,0.311,0.000,-1.0000,-0.9057,UNCERTAIN,prediction
1786993512.884,63.2,0.000,0.779,0.645,0.6117,-0.1161,3.35,-0.21568,0.178,0.330,0.000,-1.0000,-0.9144,TRACKING,R+C
1786993512.900,63.2,0.000,0.779,0.645,0.6117,-0.0929,2.68,-0.17254,0.178,0.342,0.000,-1.0000,-0.9053,TRACKING,prediction
1786993512.915,63.2,0.000,0.773,0.659,0.5707,-0.1101,1.28,-0.30585,0.169,0.353,0.000,-1.0000,-0.8972,TRACKING,R+C
1786993512.936,63.2,0.000,0.753,0.676,0.5672,-0.1078,0.28,-0.37113,0.163,0.363,0.000,-1.0000,-0.8899,TRACKING,R+C
1786993512.957,63.2,0.000,0.757,0.635,0.5679,-0.1082,-0.40,-0.38949,0.161,0.373,0.000,-1.0000,-0.8831,TRACKING,R+C
1786993512.976,63.2,0.000,0.732,0.626,0.5667,-0.1117,-2.05,-0.52030,0.150,0.382,0.000,-1.0000,-0.8767,TRACKING,R+C
1786993512.999,63.2,0.000,0.732,0.650,0.5591,-0.1159,-2.83,-0.56701,0.150,0.391,0.000,-1.0000,-0.8707,TRACKING,R+C
1786993513.020,63.2,0.000,0.732,0.650,0.5591,-0.0927,-2.26,-0.45361,0.150,0.400,0.000,-1.0000,-0.8649,TRACKING,prediction
1786993513.041,63.2,0.000,0.731,0.633,0.5631,-0.1195,-3.91,-0.60146,0.150,0.408,0.000,-1.0000,-0.8593,TRACKING,R+C
1786993513.062,63.2,0.000,0.731,0.633,0.5631,-0.0956,-3.13,-0.48117,0.150,0.415,0.000,-1.0000,-0.8541,TRACKING,prediction
1786993513.072,63.2,0.000,0.717,0.624,0.5559,-0.1112,-5.37,-0.70613,0.150,0.423,0.000,-1.0000,-0.8485,TRACKING,R+C
1786993513.103,63.2,0.000,0.710,0.635,0.5459,-0.1051,-6.69,-0.79396,0.150,0.429,0.000,-1.0000,-0.8433,TRACKING,R+C
1786993513.124,63.2,0.415,0.705,0.622,0.4343,-0.0986,-7.90,-0.87887,0.150,0.436,0.000,-1.0000,-0.8384,TRACKING,L+C+R_fused
1786993513.145,63.2,0.415,0.705,0.622,0.4343,-0.0788,-6.32,-0.70310,0.150,0.442,0.000,-1.0000,-0.8340,TRACKING,prediction
1786993513.166,63.2,0.826,0.695,0.636,0.4199,-0.0856,-9.46,-1.00192,0.150,0.448,0.000,-1.0000,-0.8291,TRACKING,L+C+R_fused
1786993513.188,63.2,0.824,0.708,0.639,0.4484,-0.0802,-9.87,-1.02375,0.150,0.454,0.000,-0.9443,-0.7870,TRACKING,L+C+R_fused
1786993513.205,63.2,0.821,0.702,0.633,0.4221,-0.0790,-11.32,-1.15179,0.150,0.459,0.000,-0.9114,-0.7554,TRACKING,L+C+R_fused
1786993513.230,63.2,0.841,0.716,0.629,0.4164,-0.0775,-10.73,-1.11986,0.150,0.464,0.000,-0.9077,-0.7454,TRACKING,L+C+R_fused
1786993513.249,63.2,0.665,0.725,0.632,0.4104,-0.0784,-10.94,-1.17576,0.150,0.476,0.000,-0.9172,-0.7479,TRACKING,L+C+R_fused
1786993513.270,63.2,0.000,0.717,0.644,0.5189,-0.0828,-13.13,-1.35816,0.150,0.480,0.000,-0.9277,-0.7494,TRACKING,R+C
1786993513.280,63.2,0.000,0.716,0.637,0.5251,-0.0821,-11.71,-1.32438,0.150,0.484,0.000,-0.9501,-0.7624,TRACKING,R+C
1786993513.301,63.2,0.000,0.726,0.645,0.5265,-0.0848,-12.62,-1.43723,0.150,0.488,0.000,-0.9660,-0.7730,TRACKING,R+C
1786993513.332,63.2,0.000,0.734,0.643,0.5306,-0.0848,-12.58,-1.48690,0.150,0.491,0.000,-0.9718,-0.7763,TRACKING,R+C
1786993513.352,63.2,0.000,0.743,0.636,0.5348,-0.0834,-12.06,-1.48663,0.150,0.495,0.000,-0.9713,-0.7746,TRACKING,R+C
1786993513.374,63.2,0.000,0.726,0.625,0.5370,-0.0826,-13.96,-1.69924,0.150,0.498,0.000,-0.9426,-0.7538,TRACKING,R+C
1786993513.395,63.2,0.000,0.729,0.629,0.5331,-0.0761,-13.54,-1.71640,0.150,0.501,0.000,-0.8907,-0.7149,TRACKING,R+C
1786993513.405,63.2,0.000,0.725,0.640,0.5283,-0.0654,-12.06,-1.69473,0.150,0.504,0.000,-0.8125,-0.6562,TRACKING,R+C
1786993513.437,48.5,0.000,0.743,0.651,0.5102,-0.0535,-10.01,-1.60948,0.150,0.507,0.000,-0.7183,-0.5842,TRACKING,R+C
1786993513.448,48.5,0.000,0.741,0.673,0.5010,-0.0425,-9.13,-1.61290,0.150,0.510,0.000,-0.6010,-0.4951,TRACKING,R+C
1786993513.478,48.5,0.000,0.723,0.656,0.4862,-0.0312,-7.96,-1.60187,0.150,0.512,0.000,-0.4764,-0.3990,TRACKING,R+C
1786993513.498,48.5,0.000,0.715,0.728,0.5056,-0.0204,-6.77,-1.57329,0.150,0.522,0.000,-0.3458,-0.2978,TRACKING,R+C
1786993513.519,48.5,0.000,0.722,0.733,0.5096,-0.0114,-6.05,-1.56420,0.150,0.530,0.000,-0.2224,-0.1998,TRACKING,R+C
1786993513.539,48.5,0.000,0.724,0.729,0.5051,-0.0032,-4.78,-1.54699,0.150,0.539,0.000,-0.1297,-0.1237,TRACKING,R+C
1786993513.561,48.5,0.000,0.729,0.437,0.4807,0.0026,-2.09,-1.38378,0.150,0.547,0.000,-0.1155,-0.1024,TRACKING,R+C
1786993513.582,48.5,0.000,0.750,0.715,0.5457,0.0011,-3.28,-1.57980,0.150,0.555,0.000,-0.1259,-0.1062,TRACKING,R+C
1786993513.602,48.5,0.000,0.751,0.725,0.5487,0.0011,-1.18,-1.47508,0.150,0.562,0.000,-0.1976,-0.1521,TRACKING,R+C
1786993513.622,48.5,0.000,0.740,0.672,0.5911,-0.0027,-2.62,-1.70257,0.150,0.569,0.000,-0.2421,-0.1872,TRACKING,R+C
1786993513.643,48.5,0.000,0.752,0.705,0.5349,-0.0050,-1.54,-1.66438,0.150,0.575,0.000,-0.3206,-0.2408,TRACKING,R+C
1786993513.654,48.5,0.000,0.755,0.521,0.6247,-0.0040,1.96,-1.41012,0.150,0.582,0.000,-0.4047,-0.2996,TRACKING,R+C
1786993513.684,48.5,0.000,0.749,0.830,0.5356,-0.0068,3.00,-1.37773,0.150,0.588,0.000,-0.4840,-0.3563,TRACKING,R+C
1786993513.703,48.5,0.000,0.752,0.889,0.5421,-0.0105,3.34,-1.43534,0.150,0.593,0.000,-0.5608,-0.4105,TRACKING,R+C
1786993513.718,48.5,0.000,0.747,0.880,0.5502,-0.0153,3.40,-1.49646,0.150,0.583,0.000,-0.6397,-0.4651,TRACKING,R+C
1786993513.749,48.5,0.000,0.755,0.878,0.5606,-0.0188,4.64,-1.42875,0.150,0.576,0.000,-0.7172,-0.5245,TRACKING,R+C
1786993513.768,48.5,0.000,0.760,0.875,0.5673,-0.0207,5.80,-1.36007,0.150,0.571,0.000,-0.7686,-0.5679,TRACKING,R+C
1786993513.790,48.5,0.000,0.757,0.875,0.5701,-0.0201,6.81,-1.31527,0.150,0.568,0.000,-0.7867,-0.5877,TRACKING,R+C
1786993513.801,48.5,0.000,0.754,0.871,0.5697,-0.0174,7.28,-1.28587,0.150,0.566,0.000,-0.7662,-0.5795,TRACKING,R+C
1786993513.822,48.5,0.000,0.756,0.868,0.5691,-0.0149,7.34,-1.32240,0.150,0.564,0.000,-0.7429,-0.5650,TRACKING,R+C
1786993513.843,48.5,0.000,0.759,0.865,0.5698,-0.0136,7.85,-1.28291,0.150,0.563,0.000,-0.7375,-0.5601,TRACKING,R+C
1786993513.864,48.5,0.000,0.751,0.854,0.5713,-0.0171,6.82,-1.43076,0.150,0.562,0.000,-0.7668,-0.5785,TRACKING,R+C
1786993513.884,48.5,0.000,0.754,0.860,0.5818,-0.0214,8.11,-1.31418,0.150,0.561,0.000,-0.8399,-0.6269,TRACKING,R+C
1786993513.915,48.5,0.000,0.757,0.848,0.5935,-0.0264,9.79,-1.15134,0.150,0.561,0.000,-0.9203,-0.6842,TRACKING,R+C
1786993513.926,48.5,0.000,0.755,0.852,0.6017,-0.0346,9.16,-1.24505,0.150,0.561,0.000,-0.9902,-0.7364,TRACKING,R+C
1786993513.947,48.5,0.000,0.753,0.853,0.6120,-0.0414,10.23,-1.14689,0.150,0.560,0.000,-1.0000,-0.7508,TRACKING,R+C
1786993513.968,48.5,0.000,0.754,0.841,0.6208,-0.0494,10.78,-1.11138,0.150,0.560,0.000,-1.0000,-0.7536,TRACKING,R+C
1786993513.997,48.5,0.000,0.754,0.841,0.6208,-0.0395,8.62,-0.88910,0.150,0.560,0.000,-1.0000,-0.7540,TRACKING,prediction
1786993514.019,48.5,0.000,0.754,0.841,0.6208,-0.0316,6.90,-0.71128,0.150,0.560,0.000,-1.0000,-0.7542,TRACKING,prediction
1786993514.039,48.5,0.000,0.754,0.841,0.6208,-0.0253,5.52,-0.56902,0.150,0.560,0.000,-1.0000,-0.7542,TRACKING,prediction
1786993514.060,48.5,0.000,0.754,0.841,0.6208,-0.0202,4.41,-0.45522,0.150,0.560,0.000,-1.0000,-0.7542,TRACKING,prediction
1786993514.080,48.5,0.000,0.754,0.841,0.6208,-0.0162,3.53,-0.36418,0.150,0.560,0.000,-1.0000,-0.7543,TRACKING,prediction
1786993514.101,48.5,0.000,0.754,0.841,0.6208,-0.0129,2.82,-0.29134,0.150,0.560,0.000,-1.0000,-0.7543,TRACKING,prediction
1786993514.123,48.5,0.000,0.754,0.841,0.6208,-0.0104,2.26,-0.23307,0.150,0.560,0.000,-1.0000,-0.7543,TRACKING,prediction
1786993514.144,48.5,0.000,0.754,0.841,0.6208,-0.0083,1.81,-0.18646,0.150,0.560,0.000,-1.0000,-0.7543,TRACKING,prediction
1786993514.166,48.5,0.000,0.754,0.841,0.6208,-0.0066,1.45,-0.14917,0.150,0.560,0.000,-1.0000,-0.7543,TRACKING,prediction
1786993514.187,48.5,0.000,0.754,0.841,0.6208,-0.0053,1.16,-0.11933,0.150,0.552,0.000,-1.0000,-0.7543,TRACKING,prediction
1786993514.207,48.5,0.000,0.754,0.841,0.6208,-0.0042,0.93,-0.09547,0.150,0.539,0.000,-1.0000,-0.7586,TRACKING,prediction
1786993514.228,48.5,0.000,0.754,0.841,0.6208,-0.0034,0.74,-0.07637,0.150,0.522,0.000,-1.0000,-0.7667,TRACKING,prediction
1786993514.248,48.5,0.000,0.754,0.841,0.6208,-0.0027,0.59,-0.06110,0.150,0.503,0.000,-1.0000,-0.7773,TRACKING,prediction
1786993514.269,48.5,0.000,0.754,0.841,0.6208,-0.0022,0.47,-0.04888,0.150,0.483,0.000,-1.0000,-0.7896,UNCERTAIN,prediction
1786993514.279,48.5,0.000,0.799,0.831,0.6250,-0.1010,8.23,-1.01436,0.150,0.487,0.000,-1.0000,-0.8049,TRACKING,R+C
1786993514.310,48.5,0.000,0.799,0.831,0.6250,-0.0808,6.58,-0.81149,0.150,0.490,0.000,-1.0000,-0.8047,TRACKING,prediction
1786993514.331,48.5,0.000,0.799,0.831,0.6250,-0.0646,5.27,-0.64919,0.150,0.494,0.000,-1.0000,-0.8027,TRACKING,prediction
1786993514.353,48.5,0.000,0.799,0.831,0.6250,-0.0517,4.21,-0.51935,0.150,0.497,0.000,-1.0000,-0.8004,TRACKING,prediction
1786993514.374,48.5,0.000,0.799,0.831,0.6250,-0.0414,3.37,-0.41548,0.150,0.500,0.000,-1.0000,-0.7983,TRACKING,prediction
1786993514.387,48.5,0.000,0.811,0.836,0.6072,-0.0921,7.94,-0.86331,0.150,0.503,0.000,-1.0000,-0.7952,TRACKING,R+C
1786993514.416,48.5,0.000,0.811,0.836,0.6072,-0.0737,6.36,-0.69065,0.150,0.506,0.000,-1.0000,-0.7932,TRACKING,prediction
1786993514.436,48.5,0.000,0.811,0.836,0.6072,-0.0590,5.08,-0.55252,0.150,0.509,0.000,-1.0000,-0.7913,TRACKING,prediction
1786993514.456,48.1,0.000,0.811,0.836,0.6072,-0.0472,4.07,-0.44202,0.150,0.511,0.000,-1.0000,-0.7896,TRACKING,prediction
1786993514.477,48.1,0.000,0.811,0.836,0.6072,-0.0377,3.25,-0.35361,0.150,0.514,0.000,-1.0000,-0.7879,TRACKING,prediction
1786993514.489,48.1,0.000,0.826,0.841,0.6046,-0.1092,8.16,-0.72590,0.150,0.516,0.000,-1.0000,-0.7871,TRACKING,R+C
1786993514.520,48.1,0.000,0.833,0.836,0.6069,-0.1165,7.40,-0.79114,0.150,0.518,0.000,-1.0000,-0.7860,TRACKING,R+C
1786993514.532,48.1,0.000,0.833,0.836,0.6069,-0.0932,5.92,-0.63291,0.150,0.520,0.000,-1.0000,-0.7846,TRACKING,prediction
1786993514.550,48.1,0.000,0.833,0.836,0.6069,-0.0745,4.73,-0.50633,0.150,0.522,0.000,-1.0000,-0.7832,TRACKING,prediction
1786993514.571,48.1,0.000,0.833,0.836,0.6069,-0.0596,3.79,-0.40506,0.150,0.531,0.000,-1.0000,-0.7819,TRACKING,prediction
1786993514.592,48.1,0.000,0.833,0.836,0.6069,-0.0477,3.03,-0.32405,0.150,0.540,0.000,-1.0000,-0.7768,TRACKING,prediction
1786993514.613,48.1,0.000,0.833,0.836,0.6069,-0.0382,2.42,-0.25924,0.150,0.541,0.000,-1.0000,-0.7713,TRACKING,prediction
1786993514.622,48.1,0.000,0.862,0.828,0.5907,-0.1173,6.34,-0.71185,0.150,0.542,0.000,-1.0000,-0.7695,TRACKING,R+C
1786993514.641,48.1,0.000,0.853,0.833,0.5879,-0.1138,6.21,-0.68510,0.150,0.543,0.000,-1.0000,-0.7684,TRACKING,R+C
1786993514.656,48.1,0.000,0.850,0.835,0.5853,-0.1097,6.07,-0.65889,0.150,0.550,0.000,-1.0000,-0.7673,TRACKING,R+C
1786993514.686,48.1,0.000,0.844,0.840,0.5775,-0.1078,4.18,-0.79673,0.150,0.551,0.000,-1.0000,-0.7625,TRACKING,R+C
1786993514.697,48.1,0.000,0.835,0.844,0.5714,-0.1026,4.17,-0.78321,0.150,0.558,0.000,-1.0000,-0.7612,TRACKING,R+C
1786993514.728,48.1,0.000,0.862,0.846,0.5673,-0.0965,5.72,-0.60059,0.150,0.565,0.000,-1.0000,-0.7564,TRACKING,R+C
1786993514.749,48.1,0.000,0.847,0.860,0.5612,-0.0953,4.35,-0.73538,0.150,0.572,0.000,-1.0000,-0.7517,TRACKING,R+C
1786993514.760,48.1,0.000,0.833,0.858,0.5567,-0.0951,3.38,-0.80132,0.150,0.579,0.000,-1.0000,-0.7471,TRACKING,R+C
1786993514.790,48.1,0.000,0.833,0.859,0.5556,-0.0952,3.17,-0.80616,0.150,0.585,0.000,-1.0000,-0.7428,TRACKING,R+C
1786993514.800,48.1,0.000,0.831,0.857,0.5537,-0.0959,3.06,-0.79626,0.150,0.590,0.000,-1.0000,-0.7387,TRACKING,R+C
1786993514.831,48.1,0.000,0.837,0.855,0.5527,-0.0965,2.73,-0.80539,0.150,0.596,0.000,-1.0000,-0.7348,TRACKING,R+C
1786993514.852,48.1,0.000,0.831,0.860,0.5494,-0.0956,2.00,-0.84367,0.150,0.601,0.000,-1.0000,-0.7310,TRACKING,R+C
1786993514.872,48.1,0.000,0.820,0.865,0.5480,-0.0890,2.76,-0.76260,0.150,0.606,0.000,-1.0000,-0.7270,TRACKING,R+C
1786993514.893,48.1,0.000,0.822,0.874,0.5458,-0.0832,2.50,-0.76653,0.150,0.611,0.000,-1.0000,-0.7232,TRACKING,R+C
1786993514.903,48.1,0.000,0.824,0.883,0.5453,-0.0776,2.60,-0.73343,0.150,0.615,0.000,-1.0000,-0.7196,TRACKING,R+C
1786993514.934,48.1,0.000,0.822,0.879,0.5428,-0.0726,2.54,-0.71932,0.150,0.619,0.000,-1.0000,-0.7161,TRACKING,R+C
1786993514.955,48.1,0.000,0.822,0.879,0.5377,-0.0677,2.24,-0.73364,0.150,0.623,0.000,-1.0000,-0.7129,TRACKING,R+C
1786993514.965,48.1,0.000,0.821,0.892,0.5336,-0.0625,2.02,-0.73505,0.150,0.627,0.000,-1.0000,-0.7097,TRACKING,R+C
1786993514.986,48.1,0.000,0.825,0.896,0.5281,-0.0578,1.50,-0.75433,0.150,0.631,0.000,-0.9732,-0.6911,TRACKING,R+C
1786993515.006,48.1,0.000,0.828,0.903,0.5244,-0.0528,1.96,-0.70954,0.150,0.634,0.000,-0.9335,-0.6630,TRACKING,R+C
1786993515.027,48.1,0.000,0.827,0.911,0.5213,-0.0487,2.37,-0.67103,0.150,0.638,0.000,-0.9000,-0.6374,TRACKING,R+C
1786993515.048,48.1,0.000,0.828,0.911,0.5215,-0.0478,2.02,-0.70321,0.150,0.641,0.000,-0.8852,-0.6232,TRACKING,R+C
1786993515.068,48.1,0.000,0.827,0.910,0.5209,-0.0482,2.04,-0.70605,0.150,0.644,0.000,-0.8902,-0.6225,TRACKING,R+C
1786993515.090,48.1,0.000,0.827,0.910,0.5209,-0.0386,1.63,-0.56484,0.150,0.647,0.000,-0.8902,-0.6209,TRACKING,prediction
1786993515.110,48.1,0.000,0.826,0.905,0.5252,-0.0467,2.15,-0.70074,0.150,0.649,0.000,-0.8764,-0.6112,TRACKING,R+C
1786993515.121,48.1,0.000,0.820,0.915,0.5241,-0.0429,2.20,-0.68775,0.150,0.652,0.000,-0.8366,-0.5853,TRACKING,R+C
1786993515.152,48.1,0.368,0.823,0.894,0.5761,-0.0409,1.72,-0.70808,0.150,0.654,0.000,-0.8028,-0.5607,TRACKING,L+C+R_fused
1786993515.162,48.1,0.620,0.820,0.898,0.5610,-0.0397,1.90,-0.70865,0.150,0.656,0.000,-0.7943,-0.5511,TRACKING,L+C+R_fused
1786993515.193,48.1,0.000,0.820,0.912,0.5309,-0.0417,2.16,-0.69145,0.150,0.659,0.000,-0.8226,-0.5649,TRACKING,R+C
1786993515.213,48.1,0.000,0.820,0.912,0.5309,-0.0334,1.73,-0.55316,0.150,0.661,0.000,-0.8226,-0.5659,TRACKING,prediction
1786993515.234,48.1,0.000,0.822,0.904,0.5339,-0.0452,2.45,-0.68675,0.150,0.663,0.000,-0.8679,-0.5911,TRACKING,R+C
1786993515.255,48.1,0.375,0.814,0.895,0.5355,-0.0433,2.35,-0.70123,0.150,0.665,0.000,-0.8466,-0.5817,TRACKING,L+C+R_fused
1786993515.281,48.1,0.703,0.807,0.891,0.5161,-0.0372,2.44,-0.69924,0.150,0.666,0.000,-0.7800,-0.5414,TRACKING,L+C+R_fused
1786993515.301,48.1,0.594,0.800,0.904,0.4990,-0.0299,2.49,-0.69513,0.150,0.668,0.000,-0.6909,-0.4836,TRACKING,L+C+R_fused
1786993515.326,48.1,0.934,0.797,0.901,0.5233,-0.0224,2.12,-0.71736,0.150,0.670,0.000,-0.5792,-0.4105,TRACKING,L+C+R_fused
1786993515.346,48.1,0.952,0.801,0.906,0.5143,-0.0145,1.89,-0.73240,0.150,0.671,0.000,-0.4565,-0.3288,TRACKING,L+C+R_fused
1786993515.368,48.1,0.959,0.799,0.918,0.5063,-0.0070,1.24,-0.78498,0.150,0.673,0.000,-0.3169,-0.2364,TRACKING,L+C+R_fused
1786993515.390,48.1,0.959,0.793,0.922,0.5013,0.0033,1.73,-0.76631,0.150,0.674,0.000,-0.1594,-0.1320,TRACKING,L+C+R_fused
1786993515.407,48.1,0.948,0.795,0.909,0.4970,0.0123,1.87,-0.75751,0.150,0.675,0.000,-0.0045,-0.0272,TRACKING,L+C+R_fused
1786993515.428,48.1,0.947,0.794,0.914,0.4946,0.0217,1.62,-0.79137,0.150,0.676,0.000,0.1658,0.0870,TRACKING,L+C+R_fused
1786993515.449,48.1,0.848,0.800,0.826,0.4997,0.0299,1.69,-0.80004,0.150,0.678,0.000,0.3025,0.1828,TRACKING,L+C+R_fused
1786993515.469,49.4,0.932,0.801,0.617,0.5561,0.0367,1.88,-0.81687,0.150,0.679,0.000,0.4032,0.2550,TRACKING,L+C+R_fused
1786993515.489,49.4,0.928,0.813,0.372,0.5012,0.0409,2.06,-0.82220,0.150,0.680,0.000,0.4609,0.2987,TRACKING,L+C+R_fused
1786993515.510,49.4,0.937,0.812,0.376,0.4672,0.0405,1.27,-0.91254,0.150,0.681,0.000,0.4705,0.3102,TRACKING,L+C+R_fused
1786993515.522,49.4,0.937,0.807,0.355,0.4726,0.0405,2.16,-0.88984,0.150,0.682,0.000,0.4406,0.2941,TRACKING,L+C+R_fused
1786993515.533,49.4,0.940,0.800,0.359,0.4679,0.0384,2.25,-0.93536,0.150,0.683,0.000,0.3957,0.2652,TRACKING,L+C+R_fused
1786993515.562,49.4,0.932,0.801,0.696,0.4769,0.0363,2.47,-0.95273,0.150,0.684,0.000,0.3494,0.2339,TRACKING,L+C+R_fused
1786993515.582,49.4,0.936,0.798,0.915,0.4742,0.0336,2.30,-1.01190,0.150,0.684,0.000,0.3012,0.2011,TRACKING,L+C+R_fused
1786993515.603,49.4,0.937,0.808,0.929,0.4716,0.0315,2.94,-0.99872,0.150,0.685,0.000,0.2398,0.1607,TRACKING,L+C+R_fused
1786993515.613,49.4,0.927,0.802,0.932,0.4757,0.0283,3.00,-1.01773,0.150,0.686,0.000,0.1801,0.1202,TRACKING,L+C+R_fused
1786993515.640,49.4,0.946,0.811,0.922,0.4738,0.0255,3.58,-0.97083,0.150,0.687,0.000,0.1125,0.0755,TRACKING,L+C+R_fused
1786993515.657,49.4,0.896,0.806,0.913,0.4786,0.0246,3.67,-0.99135,0.150,0.687,0.000,0.0885,0.0549,TRACKING,L+C+R_fused
1786993515.677,49.4,0.851,0.803,0.916,0.4812,0.0253,4.15,-0.97412,0.150,0.688,0.000,0.0831,0.0486,TRACKING,L+C+R_fused
1786993515.698,49.4,0.868,0.794,0.916,0.4858,0.0291,4.16,-0.97339,0.150,0.689,0.000,0.1502,0.0862,TRACKING,L+C+R_fused
1786993515.719,49.4,0.880,0.787,0.912,0.4834,0.0355,3.91,-1.00850,0.150,0.689,0.000,0.2652,0.1574,TRACKING,L+C+R_fused
1786993515.740,49.4,0.928,0.790,0.921,0.4829,0.0427,3.68,-1.03046,0.150,0.690,0.000,0.3897,0.2390,TRACKING,L+C+R_fused
1786993515.762,49.4,0.910,0.791,0.917,0.4811,0.0509,4.07,-0.99474,0.150,0.690,0.000,0.5087,0.3192,TRACKING,L+C+R_fused
1786993515.781,49.4,0.906,0.785,0.351,0.5120,0.0567,3.35,-1.06561,0.150,0.691,0.000,0.6085,0.3879,TRACKING,L+C+R_fused
1786993515.801,49.4,0.791,0.788,0.353,0.4729,0.0627,3.64,-1.04753,0.150,0.691,0.000,0.6807,0.4388,TRACKING,L+C+R_fused
1786993515.822,49.4,0.825,0.780,0.914,0.4818,0.0670,4.33,-1.01763,0.150,0.692,0.000,0.7173,0.4668,TRACKING,L+C+R_fused
1786993515.844,49.4,0.889,0.772,0.933,0.4861,0.0688,4.66,-1.00270,0.150,0.692,0.000,0.7314,0.4787,TRACKING,L+C+R_fused
1786993515.863,49.4,0.876,0.777,0.919,0.4845,0.0708,4.64,-1.03267,0.150,0.692,0.000,0.7518,0.4918,TRACKING,L+C+R_fused
1786993515.883,49.4,0.894,0.761,0.780,0.4881,0.0765,6.03,-0.91630,0.150,0.693,0.000,0.7917,0.5162,TRACKING,L+C+R_fused
1786993515.904,49.4,0.848,0.768,0.646,0.4363,0.0835,6.13,-0.92703,0.150,0.693,0.000,0.8649,0.5608,TRACKING,L+C+R_fused
1786993515.924,49.4,0.890,0.764,0.584,0.4752,0.0891,5.56,-0.98546,0.150,0.693,0.000,0.9298,0.6037,TRACKING,L+C+R_fused
1786993515.944,49.4,0.861,0.734,0.367,0.5159,0.0944,5.86,-0.94814,0.150,0.694,0.000,0.9754,0.6356,TRACKING,L+C+R_fused
1786993515.965,49.4,0.875,0.711,0.331,0.4955,0.0992,7.02,-0.88108,0.150,0.694,0.000,0.9981,0.6528,TRACKING,L+C+R_fused
1786993515.986,49.4,0.876,0.702,0.336,0.5032,0.1027,8.83,-0.74160,0.150,0.694,0.000,0.9999,0.6562,TRACKING,L+C+R_fused
1786993516.007,49.4,0.867,0.698,0.371,0.4520,0.1065,9.66,-0.68955,0.150,0.695,0.000,1.0000,0.6568,TRACKING,L+C+R_fused
1786993516.029,49.4,0.700,0.696,0.369,0.4468,0.1134,11.13,-0.56847,0.150,0.695,0.000,1.0000,0.6571,TRACKING,L+C+R_fused
1786993516.048,49.4,0.693,0.701,0.356,0.4034,0.1196,10.47,-0.65865,0.150,0.695,0.000,1.0000,0.6574,TRACKING,L+C+R_fused
1786993516.070,49.4,0.698,0.695,0.906,0.4546,0.1293,12.65,-0.49003,0.151,0.695,0.000,1.0000,0.6578,TRACKING,L+C+R_fused
1786993516.087,49.4,0.712,0.690,0.909,0.4504,0.1353,13.15,-0.45864,0.154,0.696,0.000,1.0000,0.6580,TRACKING,L+C+R_fused
1786993516.097,49.4,0.697,0.688,0.582,0.4442,0.1385,14.09,-0.40557,0.159,0.696,0.000,1.0000,0.6579,TRACKING,L+C+R_fused
1786993516.128,49.4,0.805,0.687,0.594,0.4280,0.1405,16.07,-0.25410,0.175,0.696,0.000,0.9867,0.6504,TRACKING,L+C+R_fused
1786993516.148,49.4,0.815,0.680,0.625,0.5142,0.1413,18.26,-0.07665,0.192,0.696,0.000,0.7293,0.5082,TRACKING,L+C+R_fused
1786993516.169,49.4,0.810,0.676,0.563,0.5556,0.1404,19.43,-0.03686,0.196,0.696,0.000,0.6725,0.4552,TRACKING,L+C+R_fused
1786993516.190,49.4,0.822,0.674,0.693,0.4491,0.1407,20.32,-0.02125,0.198,0.697,0.000,0.6433,0.4308,TRACKING,L+C+R_fused
1786993516.210,49.4,0.762,0.685,0.639,0.4594,0.1371,18.27,-0.27872,0.172,0.697,0.000,0.9372,0.5876,TRACKING,L+C+R_fused
1786993516.231,49.4,0.676,0.688,0.688,0.4943,0.1298,15.68,-0.57274,0.150,0.697,0.000,1.0000,0.6450,TRACKING,L+C+R_fused
1786993516.251,49.4,0.686,0.689,0.910,0.4881,0.1276,17.46,-0.44600,0.155,0.656,0.000,0.9945,0.6501,TRACKING,L+C+R_fused
1786993516.273,49.4,0.739,0.688,0.922,0.5131,0.1245,18.38,-0.38286,0.162,0.627,0.000,0.9031,0.6215,TRACKING,L+C+R_fused
1786993516.291,49.4,0.740,0.684,0.895,0.5206,0.1230,19.82,-0.29248,0.171,0.607,0.000,0.7970,0.5690,TRACKING,L+C+R_fused
1786993516.314,49.4,0.434,0.687,0.873,0.4855,0.1181,18.65,-0.49945,0.150,0.593,0.000,0.9166,0.6415,TRACKING,L+C+R_fused
1786993516.322,49.4,0.000,0.686,0.887,0.4683,0.1159,20.38,-0.38448,0.162,0.583,0.000,0.7686,0.5688,TRACKING,R+C
1786993516.343,49.4,0.000,0.677,0.881,0.4761,0.1150,23.77,-0.09668,0.190,0.576,0.000,0.3040,0.2743,TRACKING,R+C
1786993516.375,49.4,0.000,0.682,0.873,0.4775,0.1065,22.32,-0.24471,0.176,0.571,0.000,0.5374,0.3749,TRACKING,R+C
1786993516.385,49.4,0.000,0.685,0.866,0.4871,0.0985,21.78,-0.32947,0.167,0.568,0.000,0.4979,0.3644,TRACKING,R+C
1786993516.415,49.4,0.000,0.716,0.860,0.5057,0.0867,15.00,-1.19031,0.150,0.566,0.000,0.5694,0.4049,TRACKING,R+C
1786993516.427,49.4,0.000,0.698,0.852,0.5192,0.0815,16.46,-1.10275,0.150,0.572,0.000,0.4429,0.3302,TRACKING,R+C
1786993516.458,49.4,0.000,0.718,0.846,0.5334,0.0712,13.99,-1.46000,0.150,0.579,0.000,0.3256,0.2408,TRACKING,R+C
1786993516.479,49.5,0.000,0.675,0.838,0.5459,0.0757,26.71,-0.01568,0.198,0.585,0.000,-0.2146,-0.1067,TRACKING,R+C
1786993516.497,49.5,0.000,0.675,0.838,0.5459,0.0606,21.37,-0.01255,0.198,0.590,0.000,-0.2146,-0.1577,TRACKING,prediction
1786993516.520,49.5,0.000,0.675,0.838,0.5459,0.0484,17.10,-0.01004,0.198,0.596,0.000,-0.2146,-0.1646,TRACKING,prediction
1786993516.528,49.5,0.000,0.676,0.815,0.5860,0.0497,30.22,0.19529,0.180,0.601,0.000,-0.3697,-0.2653,TRACKING,R+C
1786993516.549,49.5,0.000,0.675,0.816,0.5997,0.0408,30.81,0.24526,0.175,0.606,0.000,-0.5039,-0.3597,TRACKING,R+C
1786993516.559,49.5,0.000,0.675,0.811,0.6126,0.0327,32.84,0.42468,0.158,0.611,0.000,-0.7475,-0.5173,TRACKING,R+C
1786993516.590,49.5,0.000,0.675,0.811,0.6126,0.0261,26.27,0.33975,0.158,0.615,0.000,-0.7475,-0.5387,TRACKING,prediction
1786993516.600,49.5,0.000,0.701,0.806,0.6532,-0.0040,17.57,-1.55447,0.150,0.619,0.000,-0.9623,-0.6707,TRACKING,R+C
1786993516.631,49.5,0.000,0.701,0.806,0.6532,-0.0032,14.05,-1.24357,0.150,0.624,0.000,-0.9623,-0.6872,TRACKING,prediction
1786993516.652,49.5,0.000,0.701,0.806,0.6532,-0.0025,11.24,-0.99486,0.150,0.627,0.000,-0.9623,-0.6875,TRACKING,prediction
1786993516.672,49.5,0.000,0.679,0.795,0.6885,-0.0164,29.48,-0.10687,0.189,0.631,0.000,-0.9080,-0.6554,TRACKING,R+C
1786993516.682,49.5,0.000,0.717,0.796,0.7005,-0.0316,17.12,-1.77764,0.150,0.634,0.000,-1.0000,-0.7023,TRACKING,R+C
1786993516.703,49.5,0.000,0.717,0.796,0.7005,-0.0253,13.69,-1.42211,0.150,0.612,0.000,-1.0000,-0.7071,TRACKING,prediction
1786993516.723,49.5,0.000,0.724,0.796,0.7009,-0.0326,20.21,-1.30588,0.150,0.596,0.000,-1.0000,-0.7205,TRACKING,R+C
1786993516.744,49.5,0.000,0.724,0.796,0.7009,-0.0260,16.17,-1.04470,0.150,0.586,0.000,-1.0000,-0.7312,TRACKING,prediction
1786993516.765,49.5,0.000,0.724,0.796,0.7009,-0.0208,12.93,-0.83576,0.150,0.578,0.000,-1.0000,-0.7389,TRACKING,prediction
1786993516.785,49.5,0.000,0.724,0.796,0.7009,-0.0167,10.35,-0.66861,0.150,0.573,0.000,-1.0000,-0.7443,TRACKING,prediction
1786993516.806,49.5,0.000,0.724,0.796,0.7009,-0.0133,8.28,-0.53489,0.150,0.569,0.000,-1.0000,-0.7481,TRACKING,prediction
1786993516.826,49.5,0.000,0.724,0.796,0.7009,-0.0107,6.62,-0.42791,0.150,0.566,0.000,-1.0000,-0.7508,TRACKING,prediction
1786993516.847,49.5,0.000,0.724,0.796,0.7009,-0.0085,5.30,-0.34233,0.150,0.564,0.000,-1.0000,-0.7526,TRACKING,prediction
1786993516.866,49.5,0.000,0.724,0.796,0.7009,-0.0068,4.24,-0.27386,0.150,0.563,0.000,-1.0000,-0.7539,TRACKING,prediction
1786993516.883,49.5,0.000,0.724,0.796,0.7009,-0.0055,3.39,-0.21909,0.150,0.562,0.000,-1.0000,-0.7548,TRACKING,prediction
1786993516.906,49.5,0.000,0.724,0.796,0.7009,-0.0044,2.71,-0.17527,0.150,0.554,0.000,-1.0000,-0.7555,TRACKING,prediction
1786993516.916,49.5,0.000,0.724,0.796,0.7009,-0.0035,2.17,-0.14022,0.150,0.541,0.000,-1.0000,-0.7599,TRACKING,prediction
1786993516.936,49.5,0.000,0.724,0.796,0.7009,-0.0028,1.74,-0.11217,0.150,0.524,0.000,-1.0000,-0.7681,TRACKING,prediction
1786993516.957,49.5,0.000,0.724,0.796,0.7009,-0.0022,1.39,-0.08974,0.150,0.505,0.000,-1.0000,-0.7788,TRACKING,prediction
1786993516.967,49.5,0.000,0.724,0.796,0.7009,-0.0018,1.11,-0.07179,0.150,0.484,0.000,-1.0000,-0.7910,UNCERTAIN,prediction
1786993516.988,49.5,0.000,0.724,0.796,0.7009,-0.0014,0.89,-0.05743,0.150,0.463,0.000,-1.0000,-0.8041,UNCERTAIN,prediction
1786993517.009,49.5,0.000,0.724,0.796,0.7009,-0.0011,0.71,-0.04595,0.150,0.443,0.000,-1.0000,-0.8175,UNCERTAIN,prediction
1786993517.029,49.5,0.000,0.724,0.796,0.7009,-0.0009,0.57,-0.03676,0.150,0.422,0.000,-1.0000,-0.8309,UNCERTAIN,prediction
1786993517.050,49.5,0.000,0.724,0.796,0.7009,-0.0007,0.46,-0.02941,0.150,0.402,0.000,-1.0000,-0.8441,UNCERTAIN,prediction
1786993517.070,49.5,0.000,0.724,0.796,0.7009,-0.0006,0.36,-0.02352,0.150,0.383,0.000,-1.0000,-0.8570,UNCERTAIN,prediction
1786993517.090,49.5,0.000,0.724,0.796,0.7009,-0.0005,0.29,-0.01882,0.150,0.384,0.000,-1.0000,-0.8694,UNCERTAIN,prediction
1786993517.111,49.5,0.000,0.724,0.796,0.7009,-0.0004,0.23,-0.01506,0.150,0.360,0.000,-1.0000,-0.8708,UNCERTAIN,prediction
1786993517.131,49.5,0.000,0.724,0.796,0.7009,-0.0003,0.19,-0.01204,0.150,0.360,0.000,-1.0000,-0.8839,UNCERTAIN,prediction
1786993517.152,49.5,0.000,0.724,0.796,0.7009,-0.0002,0.15,-0.00964,0.150,0.355,0.000,-1.0000,-0.8858,UNCERTAIN,prediction
1786993517.163,49.5,0.000,0.807,0.701,0.6166,-0.0853,9.02,-0.23029,0.177,0.373,0.000,-1.0000,-0.8869,TRACKING,R+C
1786993517.183,49.5,0.000,0.807,0.701,0.6166,-0.0682,7.22,-0.18423,0.177,0.389,0.000,-1.0000,-0.8778,TRACKING,prediction
1786993517.203,49.5,0.000,0.807,0.701,0.6166,-0.0546,5.77,-0.14739,0.177,0.405,0.000,-1.0000,-0.8674,TRACKING,prediction
1786993517.218,49.5,0.000,0.814,0.700,0.5967,-0.0710,10.28,0.03809,0.196,0.419,0.000,-0.8973,-0.7850,TRACKING,R+C
1786993517.240,49.5,0.000,0.814,0.700,0.5967,-0.0568,8.22,0.03047,0.196,0.426,0.000,-0.8973,-0.7654,TRACKING,prediction
1786993517.261,49.5,0.000,0.814,0.700,0.5967,-0.0454,6.58,0.02438,0.196,0.433,0.000,-0.8973,-0.7589,TRACKING,prediction
1786993517.271,49.5,0.000,0.804,0.716,0.5707,-0.0609,7.03,-0.10377,0.190,0.446,0.000,-0.8201,-0.7002,TRACKING,R+C
1786993517.303,49.5,0.000,0.804,0.716,0.5707,-0.0487,5.62,-0.08301,0.190,0.452,0.000,-0.8201,-0.6855,TRACKING,prediction
1786993517.324,49.5,0.000,0.804,0.716,0.5707,-0.0390,4.50,-0.06641,0.190,0.458,0.000,-0.8201,-0.6806,TRACKING,prediction
1786993517.347,49.5,0.371,0.795,0.826,0.4943,-0.0488,5.40,-0.14671,0.185,0.463,0.000,-0.7199,-0.6080,TRACKING,L+C+R_fused
1786993517.367,49.5,0.371,0.795,0.826,0.4943,-0.0390,4.32,-0.11737,0.185,0.474,0.000,-0.7199,-0.5953,TRACKING,prediction
1786993517.388,49.5,0.371,0.795,0.826,0.4943,-0.0312,3.46,-0.09389,0.185,0.486,0.000,-0.7199,-0.5885,TRACKING,prediction
1786993517.401,49.5,0.000,0.776,0.850,0.5411,-0.0566,1.87,-0.44922,0.155,0.496,0.000,-0.9009,-0.7026,TRACKING,R+C
1786993517.420,49.5,0.000,0.780,0.837,0.5418,-0.0603,1.26,-0.52340,0.150,0.507,0.000,-0.9693,-0.7591,TRACKING,R+C
1786993517.452,49.5,0.000,0.772,0.838,0.5451,-0.0642,0.65,-0.57454,0.150,0.516,0.000,-0.9947,-0.7785,TRACKING,R+C
1786993517.462,49.5,0.000,0.736,0.846,0.5447,-0.0693,-2.39,-0.89697,0.150,0.526,0.000,-1.0000,-0.7798,TRACKING,R+C
1786993517.750,40.9,0.000,0.701,0.797,0.5421,-0.0748,-6.31,-1.26453,0.150,0.534,0.000,-0.9988,-0.7742,TRACKING,R+C
1786993517.766,40.9,0.000,0.772,0.842,0.5447,-0.0738,-3.44,-0.94009,0.150,0.543,0.000,-1.0000,-0.7691,TRACKING,R+C
1786993517.778,40.9,0.000,0.763,0.839,0.5413,-0.0690,-3.02,-0.94758,0.150,0.550,0.000,-0.9899,-0.7571,TRACKING,R+C
1786993517.794,40.9,0.000,0.771,0.851,0.5356,-0.0633,-4.20,-1.11124,0.150,0.558,0.000,-0.9266,-0.7113,TRACKING,R+C
1786993517.808,40.9,0.000,0.749,0.861,0.5275,-0.0576,-6.59,-1.34970,0.150,0.565,0.000,-0.8317,-0.6413,TRACKING,R+C
1786993517.829,40.9,0.000,0.742,0.867,0.5223,-0.0505,-7.83,-1.47560,0.150,0.572,0.000,-0.7302,-0.5642,TRACKING,R+C
1786993517.850,40.9,0.000,0.747,0.877,0.5138,-0.0440,-9.90,-1.64874,0.150,0.578,0.000,-0.6017,-0.4700,TRACKING,R+C
1786993517.871,40.9,0.000,0.765,0.880,0.5048,-0.0343,-9.96,-1.67475,0.150,0.584,0.000,-0.4604,-0.3660,TRACKING,R+C
1786993517.899,40.9,0.000,0.747,0.887,0.4982,-0.0230,-9.68,-1.73821,0.150,0.590,0.000,-0.3001,-0.2498,TRACKING,R+C
1786993517.914,40.9,0.000,0.756,0.896,0.4903,-0.0126,-9.68,-1.81130,0.150,0.596,0.000,-0.1352,-0.1297,TRACKING,R+C
1786993517.934,40.9,0.376,0.759,0.899,0.4678,-0.0026,-10.27,-1.90983,0.150,0.601,0.000,0.0478,0.0017,TRACKING,L+C+R_fused
1786993517.941,40.9,0.946,0.768,0.904,0.4835,0.0073,-9.96,-1.91924,0.150,0.606,0.000,0.2070,0.1204,TRACKING,L+C+R_fused
1786993517.966,40.9,0.952,0.782,0.905,0.5077,0.0171,-10.16,-1.97527,0.150,0.610,0.000,0.3696,0.2381,TRACKING,L+C+R_fused
1786993517.987,40.9,0.943,0.791,0.917,0.5046,0.0292,-8.95,-1.95185,0.150,0.615,0.000,0.5178,0.3462,TRACKING,L+C+R_fused
1786993517.997,40.9,0.933,0.788,0.914,0.5025,0.0426,-6.46,-1.87944,0.150,0.619,0.000,0.6333,0.4320,TRACKING,L+C+R_fused
1786993518.010,40.9,0.936,0.787,0.917,0.5051,0.0533,-4.11,-1.79584,0.150,0.601,0.000,0.7096,0.4899,TRACKING,L+C+R_fused
1786993518.026,40.9,0.939,0.802,0.916,0.5056,0.0500,-6.79,-1.97580,0.150,0.606,0.000,0.7269,0.5162,TRACKING,L+C+R_fused
1786993518.042,40.9,0.943,0.798,0.918,0.5020,0.0542,-4.58,-1.93825,0.150,0.592,0.000,0.7177,0.5119,TRACKING,L+C+R_fused
1786993518.058,40.9,0.945,0.793,0.918,0.5005,0.0563,-2.31,-1.86833,0.150,0.583,0.000,0.6826,0.4943,TRACKING,L+C+R_fused
1786993518.074,40.9,0.000,0.792,0.920,0.4569,0.0575,0.08,-1.75406,0.150,0.576,0.000,0.6353,0.4652,TRACKING,R+C
1786993518.332,40.9,0.000,0.792,0.915,0.4672,0.0562,1.09,-1.72536,0.150,0.582,0.000,0.5859,0.4314,TRACKING,R+C
1786993518.349,40.9,0.000,0.792,0.915,0.4672,0.0450,0.87,-1.38029,0.150,0.575,0.000,0.5859,0.4245,TRACKING,prediction
1786993518.362,40.9,0.000,0.790,0.911,0.4803,0.0542,3.73,-1.65434,0.150,0.571,0.000,0.4669,0.3485,TRACKING,R+C
1786993518.380,40.9,0.000,0.788,0.907,0.5003,0.0515,4.71,-1.62060,0.150,0.568,0.000,0.3900,0.2889,TRACKING,R+C
1786993518.410,40.9,0.000,0.788,0.907,0.5003,0.0412,3.76,-1.29648,0.150,0.565,0.000,0.3900,0.2809,TRACKING,prediction
1786993518.422,40.9,0.000,0.773,0.909,0.5220,0.0478,9.04,-1.35198,0.150,0.564,0.000,0.1819,0.1455,TRACKING,R+C
1786993518.441,40.9,0.000,0.765,0.895,0.5392,0.0443,10.57,-1.23944,0.150,0.563,0.000,0.0683,0.0525,TRACKING,R+C
1786993518.460,40.9,0.000,0.762,0.891,0.5434,0.0395,11.60,-1.18488,0.150,0.562,0.000,-0.0558,-0.0412,TRACKING,R+C
1786993518.476,40.9,0.000,0.762,0.883,0.5553,0.0347,13.49,-1.01869,0.150,0.561,0.000,-0.1995,-0.1458,TRACKING,R+C
1786993518.492,40.9,0.000,0.750,0.874,0.5650,0.0275,12.50,-1.22655,0.150,0.561,0.000,-0.3154,-0.2356,TRACKING,R+C
1786993518.505,40.9,0.000,0.766,0.867,0.5810,0.0179,11.75,-1.34634,0.150,0.561,0.000,-0.4577,-0.3388,TRACKING,R+C
1786993518.517,40.9,0.000,0.764,0.866,0.5879,0.0071,11.51,-1.36302,0.150,0.560,0.000,-0.6088,-0.4488,TRACKING,R+C
1786993518.541,40.9,0.000,0.761,0.862,0.6073,-0.0005,12.44,-1.32313,0.150,0.560,0.000,-0.7369,-0.5452,TRACKING,R+C
1786993518.555,40.9,0.000,0.760,0.856,0.6163,-0.0107,12.15,-1.37061,0.150,0.560,0.000,-0.8508,-0.6305,TRACKING,R+C
1786993518.567,40.9,0.000,0.758,0.852,0.6277,-0.0190,13.15,-1.28283,0.150,0.560,0.000,-0.9519,-0.7057,TRACKING,R+C
1786993518.579,40.9,0.000,0.759,0.846,0.6415,-0.0287,13.35,-1.25645,0.150,0.560,0.000,-1.0000,-0.7470,TRACKING,R+C
1786993518.591,40.9,0.000,0.755,0.827,0.6516,-0.0364,15.23,-1.06965,0.150,0.560,0.000,-1.0000,-0.7537,TRACKING,R+C
1786993518.605,40.9,0.000,0.755,0.827,0.6516,-0.0291,12.19,-0.85572,0.150,0.560,0.000,-1.0000,-0.7546,TRACKING,prediction
1786993518.892,33.3,0.000,0.767,0.824,0.6705,-0.0558,15.23,-1.07127,0.150,0.560,0.000,-1.0000,-0.7562,TRACKING,R+C
1786993518.908,33.3,0.000,0.786,0.819,0.6796,-0.0633,15.80,-0.96448,0.150,0.560,0.000,-1.0000,-0.7566,TRACKING,R+C
1786993518.931,33.3,0.000,0.793,0.817,0.6846,-0.0682,16.29,-0.87197,0.150,0.560,0.000,-1.0000,-0.7569,TRACKING,R+C
1786993518.939,33.3,0.000,0.793,0.817,0.6846,-0.0545,13.04,-0.69758,0.150,0.560,0.000,-1.0000,-0.7569,TRACKING,prediction
1786993518.955,33.3,0.000,0.801,0.814,0.6844,-0.0745,16.56,-0.74717,0.150,0.560,0.000,-1.0000,-0.7571,TRACKING,R+C
1786993518.982,33.3,0.000,0.801,0.814,0.6844,-0.0596,13.25,-0.59774,0.150,0.560,0.000,-1.0000,-0.7571,TRACKING,prediction
1786993519.000,33.3,0.000,0.801,0.814,0.6844,-0.0477,10.60,-0.47819,0.150,0.560,0.000,-1.0000,-0.7571,TRACKING,prediction
1786993519.010,33.3,0.000,0.801,0.814,0.6844,-0.0382,8.48,-0.38255,0.150,0.560,0.000,-1.0000,-0.7571,TRACKING,prediction
1786993519.032,33.3,0.000,0.812,0.797,0.6982,-0.1136,14.65,-0.83002,0.150,0.560,0.000,-1.0000,-0.7594,TRACKING,R+C
1786993519.048,33.3,0.000,0.812,0.797,0.6982,-0.0909,11.72,-0.66402,0.150,0.560,0.000,-1.0000,-0.7594,TRACKING,prediction
1786993519.063,33.3,0.000,0.812,0.797,0.6982,-0.0727,9.37,-0.53121,0.150,0.560,0.000,-1.0000,-0.7594,TRACKING,prediction
1786993519.080,33.3,0.000,0.812,0.797,0.6982,-0.0582,7.50,-0.42497,0.150,0.560,0.000,-1.0000,-0.7594,TRACKING,prediction
1786993519.093,33.3,0.000,0.812,0.797,0.6982,-0.0465,6.00,-0.33998,0.150,0.560,0.000,-1.0000,-0.7594,TRACKING,prediction
1786993519.105,33.3,0.000,0.840,0.759,0.6931,-0.1710,16.47,-0.26725,0.173,0.560,0.000,-1.0000,-0.7624,TRACKING,R+C
1786993519.125,33.3,0.000,0.840,0.759,0.6931,-0.1368,13.18,-0.21380,0.173,0.560,0.000,-1.0000,-0.7624,TRACKING,prediction
1786993519.138,33.3,0.000,0.840,0.759,0.6931,-0.1095,10.54,-0.17104,0.173,0.560,0.000,-1.0000,-0.7624,TRACKING,prediction
1786993519.154,33.3,0.000,0.840,0.759,0.6931,-0.0876,8.44,-0.13683,0.173,0.560,0.000,-1.0000,-0.7624,TRACKING,prediction
1786993519.448,33.3,0.000,0.840,0.759,0.6931,-0.0701,6.75,-0.10947,0.173,0.560,0.000,-1.0000,-0.7624,TRACKING,prediction
1786993519.474,33.3,0.000,0.840,0.759,0.6931,-0.0560,5.40,-0.08757,0.173,0.560,0.000,-1.0000,-0.7624,TRACKING,prediction
1786993519.480,33.3,0.000,0.840,0.759,0.6931,-0.0448,4.32,-0.07006,0.173,0.560,0.000,-1.0000,-0.7624,TRACKING,prediction
1786993519.497,33.3,0.000,0.000,0.683,0.6931,-0.2092,41.84,0.01030,0.199,0.507,0.000,-1.0000,-0.7662,UNCERTAIN,R_only
1786993519.499,33.3,0.000,0.695,0.000,0.6931,0.1094,38.77,-0.25995,0.174,0.509,0.000,-0.1570,-0.2402,TRACKING,C_only
1786993519.511,33.3,0.000,0.695,0.000,0.6931,0.0865,37.48,-0.35281,0.165,0.512,0.000,-0.4411,-0.3490,TRACKING,C_only
1786993519.527,33.3,0.000,0.684,0.000,0.6931,0.0701,37.65,-0.27557,0.172,0.514,0.000,-0.5826,-0.4559,TRACKING,C_only
1786993519.536,33.3,0.000,0.692,0.000,0.6931,0.0561,36.75,-0.27433,0.173,0.517,0.000,-0.6866,-0.5376,TRACKING,C_only
1786993519.542,33.3,0.000,0.708,0.000,0.6931,0.0427,35.44,-0.31510,0.168,0.519,0.000,-0.7982,-0.6198,TRACKING,C_only
1786993519.558,33.3,0.000,0.724,0.000,0.6931,0.0326,34.37,-0.31783,0.168,0.521,0.000,-0.8520,-0.6651,TRACKING,C_only
1786993519.582,33.3,0.000,0.734,0.000,0.6931,0.0230,33.57,-0.28569,0.171,0.523,0.000,-0.8775,-0.6871,TRACKING,C_only
1786993519.591,33.3,0.000,0.743,0.000,0.6931,0.0136,32.77,-0.26810,0.173,0.525,0.000,-0.9117,-0.7110,TRACKING,C_only
1786993519.601,33.3,0.000,0.754,0.000,0.6931,0.0051,31.55,-0.28594,0.171,0.526,0.000,-0.9561,-0.7414,TRACKING,C_only
1786993519.601,33.3,0.000,0.763,0.000,0.6931,-0.0021,30.47,-0.29350,0.171,0.528,0.000,-0.9858,-0.7635,TRACKING,C_only
1786993519.626,33.3,0.000,0.779,0.000,0.6931,-0.0088,29.73,-0.25046,0.175,0.530,0.000,-0.9778,-0.7609,TRACKING,C_only
1786993519.636,33.3,0.000,0.791,0.000,0.6931,-0.0150,28.81,-0.23867,0.176,0.531,0.000,-0.9876,-0.7657,TRACKING,C_only
1786993519.650,33.3,0.000,0.794,0.000,0.6931,-0.0205,27.85,-0.23257,0.177,0.533,0.000,-0.9974,-0.7717,TRACKING,C_only
1786993519.672,33.3,0.000,0.807,0.000,0.6931,-0.0271,25.71,-0.36635,0.163,0.534,0.000,-1.0000,-0.7735,TRACKING,C_only
1786993519.688,33.3,0.000,0.808,0.000,0.6931,-0.0301,25.91,-0.26225,0.174,0.535,0.000,-1.0000,-0.7729,TRACKING,C_only
1786993519.704,33.3,0.000,0.804,0.000,0.6931,-0.0344,24.79,-0.28851,0.171,0.537,0.000,-1.0000,-0.7721,TRACKING,C_only
1786993519.720,33.3,0.000,0.811,0.000,0.6931,-0.0381,23.10,-0.39232,0.161,0.538,0.000,-1.0000,-0.7713,TRACKING,C_only
1786993519.742,33.3,0.000,0.809,0.000,0.6931,-0.0389,22.80,-0.31002,0.169,0.539,0.000,-1.0000,-0.7701,TRACKING,C_only
1786993519.763,33.3,0.000,0.807,0.000,0.6931,-0.0395,22.39,-0.27234,0.173,0.540,0.000,-1.0000,-0.7692,TRACKING,C_only
1786993519.785,33.3,0.000,0.810,0.000,0.6931,-0.0406,21.60,-0.26741,0.173,0.541,0.000,-1.0000,-0.7682,TRACKING,C_only
1786993519.795,33.3,0.000,0.815,0.000,0.6931,-0.0417,20.63,-0.29711,0.170,0.542,0.000,-1.0000,-0.7674,TRACKING,C_only
1786993519.811,33.3,0.000,0.823,0.000,0.6931,-0.0420,19.85,-0.30417,0.170,0.543,0.000,-1.0000,-0.7665,TRACKING,C_only
1786993519.827,33.3,0.000,0.828,0.000,0.6931,-0.0422,19.57,-0.25215,0.175,0.551,0.000,-0.9887,-0.7587,TRACKING,C_only
1786993519.843,33.3,0.000,0.829,0.000,0.6931,-0.0429,18.85,-0.24030,0.176,0.558,0.000,-0.9701,-0.7416,TRACKING,C_only
1786993519.859,33.3,0.000,0.832,0.000,0.6931,-0.0415,18.70,-0.18089,0.182,0.565,0.000,-1.0000,-0.7528,TRACKING,C_only
1786993519.875,33.3,0.000,0.834,0.000,0.6931,-0.0413,17.33,-0.31719,0.168,0.572,0.000,-0.9926,-0.7461,TRACKING,C_only
1786993519.891,33.3,0.000,0.840,0.000,0.6931,-0.0400,16.67,-0.31555,0.168,0.578,0.000,-0.9684,-0.7263,TRACKING,C_only
1786993519.907,47.3,0.000,0.849,0.000,0.6931,-0.0385,15.69,-0.37238,0.163,0.584,0.000,-0.9853,-0.7298,TRACKING,C_only
1786993519.930,47.3,0.000,0.848,0.000,0.6931,-0.0372,14.99,-0.37783,0.162,0.590,0.000,-0.9654,-0.7148,TRACKING,C_only
1786993519.942,47.3,0.000,0.853,0.000,0.6931,-0.0355,14.70,-0.35094,0.165,0.596,0.000,-0.9224,-0.6834,TRACKING,C_only
1786993519.955,47.3,0.000,0.858,0.000,0.6931,-0.0345,14.39,-0.34902,0.165,0.601,0.000,-0.9061,-0.6660,TRACKING,C_only
1786993519.964,47.3,0.000,0.856,0.000,0.6931,-0.0325,14.14,-0.33317,0.167,0.606,0.000,-0.8698,-0.6389,TRACKING,C_only
1786993519.976,47.3,0.000,0.857,0.000,0.6931,-0.0304,13.87,-0.30543,0.169,0.611,0.000,-0.8226,-0.6041,TRACKING,C_only
1786993519.996,47.3,0.000,0.866,0.000,0.6931,-0.0276,13.58,-0.30799,0.169,0.615,0.000,-0.7929,-0.5788,TRACKING,C_only
1786993520.016,47.3,0.000,0.868,0.000,0.6931,-0.0245,13.12,-0.31626,0.168,0.619,0.000,-0.7591,-0.5527,TRACKING,C_only
1786993520.025,47.3,0.000,0.869,0.000,0.6931,-0.0216,13.19,-0.26454,0.174,0.623,0.000,-0.6934,-0.5081,TRACKING,C_only
1786993520.042,47.3,0.000,0.873,0.000,0.6931,-0.0186,12.58,-0.31333,0.169,0.627,0.000,-0.6850,-0.4944,TRACKING,C_only
1786993520.061,47.3,0.000,0.868,0.000,0.6931,-0.0151,12.09,-0.34575,0.165,0.631,0.000,-0.6594,-0.4754,TRACKING,C_only
1786993520.073,47.3,0.000,0.882,0.000,0.6931,-0.0119,11.70,-0.35563,0.164,0.634,0.000,-0.6190,-0.4472,TRACKING,C_only
1786993520.080,47.3,0.000,0.883,0.000,0.6931,-0.0077,11.29,-0.37713,0.162,0.638,0.000,-0.5721,-0.4139,TRACKING,C_only
1786993520.090,47.3,0.000,0.883,0.000,0.6931,-0.0061,9.03,-0.30171,0.162,0.641,0.000,-0.5721,-0.4079,TRACKING,prediction
1786993520.104,47.3,0.000,0.890,0.000,0.6931,0.0021,11.16,-0.32280,0.168,0.644,0.000,-0.4088,-0.3097,TRACKING,C_only
1786993520.115,47.3,0.345,0.888,0.000,0.4535,0.0074,10.88,-0.33063,0.167,0.646,0.000,-0.3352,-0.2510,TRACKING,L+C
1786993520.135,47.3,0.000,0.894,0.000,0.4535,0.0125,9.92,-0.44208,0.156,0.649,0.000,-0.2837,-0.2111,TRACKING,C_only
1786993520.145,47.3,0.347,0.902,0.000,0.4061,0.0183,10.24,-0.38455,0.162,0.622,0.000,-0.1817,-0.1447,TRACKING,L+C
1786993520.174,47.3,0.631,0.901,0.000,0.4593,0.0235,10.19,-0.36087,0.164,0.604,0.000,-0.0932,-0.0842,TRACKING,L+C
1786993520.184,47.3,0.658,0.904,0.000,0.4578,0.0294,9.97,-0.36442,0.164,0.591,0.000,0.0026,-0.0171,TRACKING,L+C
1786993520.207,47.3,0.685,0.908,0.000,0.4623,0.0350,8.70,-0.52108,0.150,0.581,0.000,0.1307,0.0728,TRACKING,L+C
1786993520.225,47.3,0.907,0.901,0.000,0.4670,0.0433,9.81,-0.33651,0.166,0.575,0.000,0.2109,0.1394,TRACKING,L+C
1786993520.255,47.3,0.926,0.888,0.000,0.4727,0.0504,7.06,-0.70799,0.150,0.570,0.000,0.4280,0.2865,TRACKING,L+C
1786993520.277,47.3,0.926,0.907,0.000,0.4765,0.0612,9.09,-0.44104,0.156,0.577,0.000,0.5180,0.3687,TRACKING,L+C
1786993520.288,47.3,0.922,0.905,0.000,0.4814,0.0700,9.18,-0.40128,0.160,0.583,0.000,0.6095,0.4371,TRACKING,L+C
1786993520.298,47.3,0.915,0.896,0.000,0.4861,0.0793,8.97,-0.44054,0.156,0.589,0.000,0.7479,0.5315,TRACKING,L+C
1786993520.319,47.3,0.925,0.898,0.000,0.4905,0.0880,8.79,-0.44669,0.155,0.580,0.000,0.8494,0.6060,TRACKING,L+C
1786993520.329,47.3,0.910,0.893,0.000,0.4957,0.0965,7.44,-0.64950,0.150,0.574,0.000,0.9861,0.7060,TRACKING,L+C
1786993520.350,47.3,0.900,0.900,0.000,0.5008,0.1048,9.09,-0.37775,0.162,0.570,0.000,0.9464,0.7007,TRACKING,L+C
1786993520.372,47.3,0.904,0.898,0.000,0.5040,0.1114,9.19,-0.36418,0.164,0.567,0.000,0.9857,0.7269,TRACKING,L+C
1786993520.402,47.3,0.889,0.894,0.000,0.5072,0.1145,8.10,-0.52397,0.150,0.565,0.000,1.0000,0.7414,TRACKING,L+C
1786993520.413,47.3,0.881,0.889,0.000,0.5066,0.1152,7.48,-0.63014,0.150,0.563,0.000,1.0000,0.7446,TRACKING,L+C
1786993520.423,47.3,0.900,0.890,0.000,0.5052,0.1146,8.73,-0.48494,0.152,0.562,0.000,1.0000,0.7459,TRACKING,L+C
1786993520.444,47.3,0.900,0.898,0.000,0.5016,0.1128,9.28,-0.45322,0.155,0.562,0.000,1.0000,0.7465,TRACKING,L+C
1786993520.472,47.3,0.888,0.884,0.000,0.5000,0.1098,8.06,-0.62696,0.150,0.561,0.000,1.0000,0.7467,TRACKING,L+C
1786993520.484,47.3,0.898,0.881,0.000,0.5001,0.1081,7.96,-0.65451,0.150,0.561,0.000,1.0000,0.7469,TRACKING,L+C
1786993520.497,47.3,0.926,0.881,0.000,0.4997,0.1072,8.54,-0.62343,0.150,0.561,0.000,1.0000,0.7470,TRACKING,L+C
1786993520.517,47.3,0.941,0.886,0.000,0.5007,0.1063,8.98,-0.59236,0.150,0.560,0.000,1.0000,0.7470,TRACKING,L+C
1786993520.539,47.3,0.942,0.885,0.000,0.4984,0.1051,9.20,-0.58169,0.150,0.560,0.000,1.0000,0.7470,TRACKING,L+C
1786993520.569,47.3,0.942,0.885,0.000,0.4984,0.0841,7.36,-0.46535,0.150,0.560,0.000,1.0000,0.7471,TRACKING,prediction
1786993520.580,47.3,0.942,0.885,0.000,0.4984,0.0673,5.89,-0.37228,0.150,0.560,0.000,1.0000,0.7472,TRACKING,prediction
1786993520.608,47.3,0.942,0.885,0.000,0.4984,0.0538,4.71,-0.29783,0.150,0.560,0.000,1.0000,0.7472,TRACKING,prediction
1786993520.630,47.3,0.942,0.885,0.000,0.4984,0.0430,3.77,-0.23826,0.150,0.560,0.000,1.0000,0.7472,TRACKING,prediction
1786993520.650,47.3,0.942,0.885,0.000,0.4984,0.0344,3.01,-0.19061,0.150,0.560,0.000,1.0000,0.7473,TRACKING,prediction
1786993521.635,25.5,0.942,0.885,0.000,0.4984,0.0276,2.41,-0.15249,0.150,0.560,0.000,1.0000,0.7473,TRACKING,prediction
1786993521.687,25.5,0.942,0.885,0.000,0.4984,0.0220,1.93,-0.12199,0.150,0.560,0.000,1.0000,0.7473,TRACKING,prediction
1786993521.705,25.5,0.942,0.875,0.000,0.5011,0.0939,8.51,-0.72864,0.150,0.560,0.000,0.9280,0.7011,TRACKING,L+C
1786993521.725,25.5,0.944,0.879,0.000,0.5043,0.0933,8.62,-0.72241,0.150,0.560,0.000,0.9202,0.6894,TRACKING,L+C
1786993521.738,25.5,0.910,0.882,0.000,0.5019,0.0927,9.05,-0.68389,0.150,0.560,0.000,0.9075,0.6796,TRACKING,L+C
1786993521.753,25.5,0.925,0.880,0.000,0.5043,0.0909,8.80,-0.71186,0.150,0.560,0.000,0.8931,0.6689,TRACKING,L+C
1786993521.767,25.5,0.923,0.884,0.000,0.5042,0.0885,8.90,-0.70170,0.150,0.560,0.000,0.8662,0.6502,TRACKING,L+C
1786993521.780,25.5,0.949,0.882,0.000,0.5073,0.0861,8.70,-0.71820,0.150,0.560,0.000,0.8448,0.6338,TRACKING,L+C
1786993521.800,25.5,0.950,0.879,0.000,0.5074,0.0837,8.72,-0.72948,0.150,0.560,0.000,0.8162,0.6130,TRACKING,L+C
1786993521.815,25.5,0.951,0.877,0.000,0.5076,0.0810,8.95,-0.70972,0.150,0.560,0.000,0.7812,0.5876,TRACKING,L+C
1786993521.828,25.5,0.949,0.874,0.000,0.5086,0.0789,9.06,-0.70670,0.150,0.560,0.000,0.7527,0.5656,TRACKING,L+C
1786993521.841,25.5,0.885,0.873,0.000,0.5095,0.0767,9.17,-0.69353,0.150,0.560,0.000,0.7239,0.5439,TRACKING,L+C
1786993521.857,25.5,0.895,0.867,0.000,0.5127,0.0755,9.72,-0.64991,0.150,0.560,0.000,0.6964,0.5230,TRACKING,L+C
1786993521.869,25.5,0.916,0.867,0.000,0.5152,0.0734,10.15,-0.62015,0.150,0.560,0.000,0.6587,0.4957,TRACKING,L+C
1786993521.883,25.5,0.902,0.853,0.000,0.5187,0.0694,10.39,-0.61192,0.150,0.560,0.000,0.5964,0.4516,TRACKING,L+C
1786993521.905,25.5,0.922,0.852,0.000,0.5138,0.0653,10.43,-0.62552,0.150,0.560,0.000,0.5333,0.4039,TRACKING,L+C
1786993521.919,25.5,0.936,0.850,0.000,0.5091,0.0605,10.58,-0.61744,0.150,0.560,0.000,0.4556,0.3463,TRACKING,L+C
1786993521.932,25.5,0.959,0.847,0.000,0.5007,0.0551,10.53,-0.62125,0.150,0.560,0.000,0.3723,0.2837,TRACKING,L+C
1786993521.949,25.5,0.888,0.847,0.000,0.5196,0.0507,10.78,-0.60358,0.150,0.560,0.000,0.2915,0.2221,TRACKING,L+C
1786993521.964,25.5,0.961,0.836,0.000,0.5034,0.0462,10.53,-0.64207,0.150,0.560,0.000,0.2194,0.1661,TRACKING,L+C
1786993521.976,25.5,0.964,0.829,0.000,0.4974,0.0418,10.57,-0.64047,0.150,0.560,0.000,0.1405,0.1066,TRACKING,L+C
1786993521.990,25.5,0.964,0.836,0.000,0.4956,0.0368,10.83,-0.61599,0.150,0.560,0.000,0.0439,0.0353,TRACKING,L+C
1786993522.004,25.5,0.000,0.838,0.000,0.4956,0.0321,11.33,-0.57579,0.150,0.560,0.000,-0.0554,-0.0391,TRACKING,C_only
1786993522.018,25.5,0.789,0.839,0.000,0.5037,0.0271,11.58,-0.55385,0.150,0.560,0.000,-0.1505,-0.1108,TRACKING,L+C
1786993522.032,25.5,0.370,0.837,0.000,0.4550,0.0217,11.07,-0.60319,0.150,0.560,0.000,-0.2295,-0.1719,TRACKING,L+C
1786993522.047,25.5,0.377,0.839,0.000,0.4792,0.0164,10.91,-0.61378,0.150,0.560,0.000,-0.3150,-0.2353,TRACKING,L+C
1786993522.060,25.5,0.000,0.828,0.000,0.4792,0.0109,9.88,-0.71936,0.150,0.560,0.000,-0.3791,-0.2856,TRACKING,C_only
1786993522.082,25.5,0.000,0.844,0.000,0.4792,0.0083,11.27,-0.58159,0.150,0.560,0.000,-0.4553,-0.3410,TRACKING,C_only
1786993522.097,25.5,0.000,0.840,0.000,0.4792,0.0045,11.11,-0.59259,0.150,0.560,0.000,-0.5080,-0.3826,TRACKING,C_only
1786993522.109,25.5,0.000,0.842,0.000,0.4792,0.0018,11.22,-0.57690,0.150,0.560,0.000,-0.5505,-0.4155,TRACKING,C_only
1786993522.119,25.5,0.000,0.840,0.000,0.4792,-0.0017,10.97,-0.60199,0.150,0.560,0.000,-0.5944,-0.4481,TRACKING,C_only
1786993522.129,25.5,0.000,0.844,0.000,0.4792,-0.0049,11.30,-0.56526,0.150,0.560,0.000,-0.6450,-0.4848,TRACKING,C_only
1786993522.145,25.5,0.000,0.846,0.000,0.4792,-0.0076,11.84,-0.52074,0.150,0.560,0.000,-0.6932,-0.5205,TRACKING,C_only
1786993522.160,25.5,0.000,0.842,0.000,0.4792,-0.0112,12.06,-0.48659,0.151,0.560,0.000,-0.7304,-0.5492,TRACKING,C_only
1786993522.170,25.5,0.000,0.836,0.000,0.4792,-0.0152,11.47,-0.54963,0.150,0.560,0.000,-0.7775,-0.5830,TRACKING,C_only
1786993522.180,25.5,0.000,0.835,0.000,0.4792,-0.0185,11.47,-0.55315,0.150,0.560,0.000,-0.8163,-0.6123,TRACKING,C_only
1786993522.196,25.5,0.000,0.833,0.000,0.4792,-0.0223,11.09,-0.59074,0.150,0.560,0.000,-0.8518,-0.6389,TRACKING,C_only
1786993522.209,25.5,0.000,0.835,0.000,0.4792,-0.0261,10.70,-0.62976,0.150,0.560,0.000,-0.8850,-0.6637,TRACKING,C_only
1786993522.211,25.5,0.000,0.833,0.000,0.4792,-0.0293,10.09,-0.68343,0.150,0.560,0.000,-0.9074,-0.6813,TRACKING,C_only
1786993522.227,25.5,0.000,0.832,0.000,0.4792,-0.0316,10.45,-0.65080,0.150,0.560,0.000,-0.9355,-0.7015,TRACKING,C_only
1786993522.242,25.5,0.000,0.833,0.000,0.4792,-0.0339,10.51,-0.64689,0.150,0.560,0.000,-0.9576,-0.7182,TRACKING,C_only
1786993522.247,25.5,0.000,0.834,0.000,0.4792,-0.0369,10.20,-0.67807,0.150,0.560,0.000,-0.9808,-0.7352,TRACKING,C_only
1786993522.262,25.5,0.000,0.841,0.000,0.4792,-0.0390,10.36,-0.65796,0.150,0.560,0.000,-1.0000,-0.7496,TRACKING,C_only
1786993522.267,25.5,0.000,0.839,0.000,0.4792,-0.0409,10.19,-0.66826,0.150,0.560,0.000,-1.0000,-0.7518,TRACKING,C_only
1786993522.278,25.5,0.000,0.840,0.000,0.4792,-0.0426,10.30,-0.64383,0.150,0.560,0.000,-1.0000,-0.7523,TRACKING,C_only
1786993522.296,25.5,0.000,0.842,0.000,0.4792,-0.0450,10.09,-0.65809,0.150,0.560,0.000,-1.0000,-0.7524,TRACKING,C_only
1786993522.303,25.5,0.000,0.843,0.000,0.4792,-0.0465,10.19,-0.64300,0.150,0.560,0.000,-1.0000,-0.7526,TRACKING,C_only
1786993522.320,25.5,0.000,0.845,0.000,0.4792,-0.0478,10.15,-0.66048,0.150,0.560,0.000,-1.0000,-0.7527,TRACKING,C_only
1786993522.331,25.5,0.000,0.845,0.000,0.4792,-0.0490,10.64,-0.59056,0.150,0.560,0.000,-1.0000,-0.7527,TRACKING,C_only
1786993522.340,25.5,0.000,0.842,0.000,0.4792,-0.0509,9.94,-0.67204,0.150,0.560,0.000,-1.0000,-0.7529,TRACKING,C_only
1786993522.349,25.5,0.000,0.843,0.000,0.4792,-0.0518,9.88,-0.66959,0.150,0.560,0.000,-1.0000,-0.7529,TRACKING,C_only
1786993522.360,25.5,0.000,0.844,0.000,0.4792,-0.0529,9.64,-0.70135,0.150,0.560,0.000,-1.0000,-0.7530,TRACKING,C_only
1786993522.370,25.5,0.000,0.845,0.000,0.4792,-0.0536,9.67,-0.70385,0.150,0.560,0.000,-1.0000,-0.7531,TRACKING,C_only
1786993522.384,25.5,0.000,0.845,0.000,0.4792,-0.0539,9.83,-0.68424,0.150,0.560,0.000,-1.0000,-0.7531,TRACKING,C_only
1786993522.390,25.5,0.000,0.843,0.000,0.4792,-0.0541,10.17,-0.64030,0.150,0.560,0.000,-1.0000,-0.7531,TRACKING,C_only
1786993522.403,25.5,0.000,0.844,0.000,0.4792,-0.0542,10.09,-0.64958,0.150,0.560,0.000,-1.0000,-0.7531,TRACKING,C_only
1786993522.414,25.5,0.000,0.849,0.000,0.4792,-0.0542,10.45,-0.61568,0.150,0.560,0.000,-1.0000,-0.7531,TRACKING,C_only
1786993522.441,25.5,0.000,0.849,0.000,0.4792,-0.0548,10.34,-0.62463,0.150,0.560,0.000,-1.0000,-0.7531,TRACKING,C_only
1786993522.443,25.5,0.000,0.849,0.000,0.4792,-0.0548,10.30,-0.62768,0.150,0.560,0.000,-1.0000,-0.7531,TRACKING,C_only
1786993522.469,25.5,0.000,0.847,0.000,0.4792,-0.0547,10.35,-0.62278,0.150,0.560,0.000,-1.0000,-0.7531,TRACKING,C_only
1786993522.484,25.5,0.000,0.847,0.000,0.4792,-0.0548,10.31,-0.62617,0.150,0.560,0.000,-1.0000,-0.7531,TRACKING,C_only
1786993522.491,25.5,0.000,0.846,0.000,0.4792,-0.0549,10.27,-0.62933,0.150,0.560,0.000,-1.0000,-0.7531,TRACKING,C_only
1786993522.505,25.5,0.000,0.843,0.000,0.4792,-0.0552,9.76,-0.68264,0.150,0.560,0.000,-1.0000,-0.7532,TRACKING,C_only
1786993522.511,25.5,0.000,0.844,0.000,0.4792,-0.0552,9.71,-0.68827,0.150,0.560,0.000,-1.0000,-0.7532,TRACKING,C_only
1786993522.521,25.5,0.000,0.843,0.000,0.4792,-0.0552,9.43,-0.71376,0.150,0.560,0.000,-1.0000,-0.7531,TRACKING,C_only
1786993522.542,25.5,0.000,0.850,0.000,0.4792,-0.0540,9.72,-0.68085,0.150,0.560,0.000,-1.0000,-0.7530,TRACKING,C_only
1786993522.562,25.5,0.000,0.851,0.000,0.4792,-0.0541,10.13,-0.63604,0.150,0.560,0.000,-1.0000,-0.7531,TRACKING,C_only
1786993522.573,25.5,0.000,0.855,0.000,0.4792,-0.0526,10.03,-0.65197,0.150,0.560,0.000,-1.0000,-0.7530,TRACKING,C_only
1786993522.585,25.5,0.000,0.851,0.000,0.4792,-0.0506,10.09,-0.64011,0.150,0.560,0.000,-1.0000,-0.7528,TRACKING,C_only
1786993522.596,25.5,0.000,0.851,0.000,0.4792,-0.0489,10.34,-0.62215,0.150,0.560,0.000,-1.0000,-0.7527,TRACKING,C_only
1786993522.611,25.5,0.000,0.849,0.000,0.4792,-0.0462,10.59,-0.60396,0.150,0.560,0.000,-1.0000,-0.7526,TRACKING,C_only
1786993522.618,25.5,0.000,0.846,0.000,0.4792,-0.0445,10.48,-0.61575,0.150,0.560,0.000,-1.0000,-0.7524,TRACKING,C_only
1786993522.641,71.5,0.000,0.845,0.000,0.4792,-0.0425,10.55,-0.61554,0.150,0.560,0.000,-1.0000,-0.7523,TRACKING,C_only
1786993522.649,71.5,0.000,0.846,0.000,0.4792,-0.0406,10.56,-0.61844,0.150,0.560,0.000,-1.0000,-0.7522,TRACKING,C_only
