timestamp,fps,left_conf,center_conf,right_conf,lane_width_m,lateral_error_m,heading_error_deg,curvature,lookahead_m,target_speed,actual_speed,steer_raw,steer_filtered,tracking_state,reconstruction_method
1786983836.409,0.0,0.931,0.916,0.903,0.4819,-0.0057,7.22,-0.03995,0.196,0.180,0.000,-0.3138,-0.2798,TRACKING,L+C+R_fused
1786983836.509,0.0,0.930,0.916,0.906,0.4849,-0.0065,7.14,-0.03907,0.196,0.180,0.000,-0.3182,-0.3212,TRACKING,L+C+R_fused
1786983836.534,0.0,0.933,0.916,0.900,0.4822,-0.0050,7.54,-0.01961,0.198,0.180,0.000,-0.3072,-0.3183,TRACKING,L+C+R_fused
1786983836.556,0.0,0.932,0.918,0.903,0.4834,-0.0051,7.31,-0.03965,0.196,0.180,0.000,-0.3105,-0.3207,TRACKING,L+C+R_fused
1786983836.581,0.0,0.930,0.915,0.900,0.4870,-0.0071,7.08,-0.03579,0.196,0.180,0.000,-0.3206,-0.3297,TRACKING,L+C+R_fused
1786983836.602,0.0,0.933,0.918,0.901,0.4830,-0.0043,7.69,-0.01591,0.198,0.180,0.000,-0.3043,-0.3171,TRACKING,L+C+R_fused
1786983836.625,0.0,0.932,0.916,0.899,0.4811,-0.0068,6.79,-0.06587,0.193,0.180,0.000,-0.3228,-0.3310,TRACKING,L+C+R_fused
1786983836.648,0.0,0.932,0.916,0.898,0.4837,-0.0061,7.52,-0.00923,0.199,0.180,0.000,-0.3122,-0.3242,TRACKING,L+C+R_fused
1786983836.687,0.0,0.932,0.916,0.899,0.4821,-0.0047,7.45,-0.03504,0.196,0.180,0.000,-0.3091,-0.3203,TRACKING,L+C+R_fused
1786983836.712,0.0,0.932,0.916,0.900,0.4820,-0.0064,6.62,-0.08349,0.192,0.180,0.000,-0.3216,-0.3303,TRACKING,L+C+R_fused
1786983836.735,0.0,0.930,0.916,0.905,0.4804,-0.0067,6.56,-0.08358,0.192,0.180,0.000,-0.3227,-0.3327,TRACKING,L+C+R_fused
1786983836.757,0.0,0.931,0.915,0.901,0.4837,-0.0018,9.18,0.08234,0.192,0.180,0.000,-0.3321,-0.3409,TRACKING,L+C+R_fused
1786983836.781,0.0,0.930,0.916,0.904,0.4834,-0.0014,8.52,0.01591,0.198,0.180,0.000,-0.2982,-0.3136,TRACKING,L+C+R_fused
1786983836.804,0.0,0.931,0.917,0.903,0.4849,-0.0031,8.19,0.00759,0.199,0.180,0.000,-0.3024,-0.3132,TRACKING,L+C+R_fused
1786983836.835,0.0,0.928,0.917,0.901,0.4831,-0.0058,7.46,-0.02149,0.198,0.180,0.000,-0.3136,-0.3227,TRACKING,L+C+R_fused
1786983836.859,0.0,0.929,0.917,0.902,0.4820,-0.0049,7.07,-0.06891,0.193,0.180,0.000,-0.3153,-0.3253,TRACKING,L+C+R_fused
1786983836.885,0.0,0.930,0.917,0.889,0.4842,-0.0026,8.10,-0.00559,0.199,0.180,0.000,-0.2965,-0.3099,TRACKING,L+C+R_fused
1786983836.913,0.0,0.930,0.917,0.900,0.4809,-0.0058,6.89,-0.07124,0.193,0.180,0.000,-0.3189,-0.3265,TRACKING,L+C+R_fused
1786983836.942,0.0,0.930,0.917,0.903,0.4838,-0.0058,6.87,-0.07236,0.193,0.180,0.000,-0.3193,-0.3293,TRACKING,L+C+R_fused
1786983836.968,0.0,0.930,0.917,0.904,0.4844,-0.0062,6.90,-0.06362,0.194,0.180,0.000,-0.3192,-0.3297,TRACKING,L+C+R_fused
1786983837.001,0.0,0.932,0.917,0.898,0.4821,-0.0054,7.25,-0.04500,0.195,0.180,0.000,-0.3143,-0.3256,TRACKING,L+C+R_fused
1786983837.029,0.0,0.932,0.917,0.899,0.4830,-0.0050,7.84,0.00314,0.200,0.180,0.000,-0.3084,-0.3202,TRACKING,L+C+R_fused
1786983837.047,0.0,0.932,0.918,0.904,0.4849,-0.0050,7.59,-0.01916,0.198,0.180,0.000,-0.3090,-0.3198,TRACKING,L+C+R_fused
1786983837.071,0.0,0.932,0.917,0.904,0.4824,-0.0061,7.21,-0.03826,0.196,0.180,0.000,-0.3164,-0.3259,TRACKING,L+C+R_fused
1786983837.090,0.0,0.931,0.918,0.897,0.4790,-0.0057,6.92,-0.06707,0.193,0.180,0.000,-0.3170,-0.3272,TRACKING,L+C+R_fused
1786983837.115,0.0,0.931,0.918,0.897,0.4786,-0.0065,6.99,-0.04872,0.195,0.180,0.000,-0.3184,-0.3288,TRACKING,L+C+R_fused
1786983837.148,0.0,0.932,0.917,0.900,0.4797,-0.0017,8.87,0.05242,0.195,0.180,0.000,-0.3162,-0.3269,TRACKING,L+C+R_fused
1786983837.165,27.9,0.933,0.917,0.901,0.4801,-0.0046,7.59,-0.02237,0.198,0.180,0.000,-0.3067,-0.3188,TRACKING,L+C+R_fused
1786983837.190,27.9,0.932,0.915,0.904,0.4808,-0.0010,8.47,0.00877,0.199,0.180,0.000,-0.2912,-0.3043,TRACKING,L+C+R_fused
1786983837.216,27.9,0.932,0.918,0.906,0.4808,-0.0044,7.64,-0.02007,0.198,0.180,0.000,-0.3054,-0.3143,TRACKING,L+C+R_fused
1786983837.234,27.9,0.932,0.917,0.904,0.4809,-0.0066,6.90,-0.05678,0.194,0.180,0.000,-0.3200,-0.3281,TRACKING,L+C+R_fused
1786983837.255,27.9,0.933,0.918,0.903,0.4838,-0.0062,6.88,-0.06387,0.194,0.180,0.000,-0.3190,-0.3293,TRACKING,L+C+R_fused
1786983837.287,27.9,0.933,0.918,0.906,0.4821,-0.0051,7.34,-0.03720,0.196,0.180,0.000,-0.3107,-0.3225,TRACKING,L+C+R_fused
1786983837.311,27.9,0.932,0.917,0.903,0.4832,-0.0024,8.42,0.02189,0.198,0.180,0.000,-0.3044,-0.3161,TRACKING,L+C+R_fused
1786983837.333,27.9,0.934,0.915,0.907,0.4837,-0.0070,6.84,-0.05680,0.194,0.180,0.000,-0.3224,-0.3304,TRACKING,L+C+R_fused
1786983837.356,27.9,0.930,0.915,0.903,0.4827,-0.0050,7.22,-0.03934,0.196,0.180,0.000,-0.3066,-0.3191,TRACKING,L+C+R_fused
1786983837.386,27.9,0.932,0.916,0.899,0.4816,-0.0006,8.52,0.01662,0.198,0.180,0.000,-0.2905,-0.3036,TRACKING,L+C+R_fused
1786983837.417,27.9,0.935,0.913,0.906,0.4845,-0.0060,6.42,-0.10817,0.189,0.180,0.000,-0.3239,-0.3297,TRACKING,L+C+R_fused
1786983837.440,27.9,0.936,0.916,0.900,0.4811,-0.0030,7.72,-0.02487,0.198,0.180,0.000,-0.2964,-0.3103,TRACKING,L+C+R_fused
1786983837.467,27.9,0.933,0.916,0.900,0.4821,-0.0031,8.03,0.00493,0.200,0.180,0.000,-0.2970,-0.3080,TRACKING,L+C+R_fused
1786983837.486,27.9,0.935,0.916,0.906,0.4840,-0.0051,7.22,-0.04167,0.196,0.180,0.000,-0.3081,-0.3171,TRACKING,L+C+R_fused
1786983837.505,27.9,0.933,0.917,0.903,0.4826,-0.0031,8.03,0.00500,0.200,0.180,0.000,-0.2966,-0.3086,TRACKING,L+C+R_fused
1786983837.530,27.9,0.934,0.916,0.904,0.4824,-0.0022,8.49,0.03282,0.197,0.180,0.000,-0.3060,-0.3152,TRACKING,L+C+R_fused
1786983837.552,27.9,0.932,0.916,0.906,0.4825,-0.0009,8.77,0.04076,0.196,0.180,0.000,-0.3035,-0.3140,TRACKING,L+C+R_fused
1786983837.573,27.9,0.931,0.916,0.907,0.4848,-0.0059,7.14,-0.03615,0.196,0.180,0.000,-0.3115,-0.3209,TRACKING,L+C+R_fused
1786983837.593,27.9,0.931,0.915,0.904,0.4816,-0.0051,6.86,-0.07139,0.193,0.180,0.000,-0.3108,-0.3211,TRACKING,L+C+R_fused
1786983837.613,27.9,0.931,0.917,0.905,0.4868,-0.0055,7.19,-0.04158,0.196,0.180,0.000,-0.3110,-0.3215,TRACKING,L+C+R_fused
1786983837.638,27.9,0.931,0.916,0.903,0.4827,-0.0067,6.54,-0.08345,0.192,0.180,0.000,-0.3228,-0.3314,TRACKING,L+C+R_fused
1786983837.661,27.9,0.930,0.916,0.915,0.4834,-0.0059,7.73,0.01172,0.199,0.180,0.000,-0.3144,-0.3260,TRACKING,L+C+R_fused
1786983837.686,27.9,0.926,0.917,0.909,0.4878,-0.0056,7.73,0.00072,0.200,0.180,0.000,-0.3100,-0.3216,TRACKING,L+C+R_fused
1786983837.702,27.9,0.927,0.918,0.899,0.4880,-0.0054,7.88,0.00976,0.199,0.180,0.000,-0.3140,-0.3243,TRACKING,L+C+R_fused
1786983837.724,27.9,0.930,0.918,0.899,0.4913,-0.0049,8.56,0.05831,0.194,0.180,0.000,-0.3385,-0.3453,TRACKING,L+C+R_fused
1786983837.748,27.9,0.928,0.918,0.901,0.4904,-0.0092,7.16,-0.01687,0.198,0.180,0.000,-0.3341,-0.3451,TRACKING,L+C+R_fused
1786983837.766,27.9,0.923,0.914,0.903,0.4959,-0.0099,6.62,-0.06373,0.194,0.180,0.000,-0.3465,-0.3555,TRACKING,L+C+R_fused
1786983837.787,27.9,0.924,0.917,0.893,0.4953,-0.0102,7.81,0.03533,0.196,0.180,0.000,-0.3610,-0.3695,TRACKING,L+C+R_fused
1786983837.814,27.9,0.917,0.915,0.906,0.4943,-0.0144,7.12,0.01237,0.199,0.180,0.000,-0.3751,-0.3839,TRACKING,L+C+R_fused
1786983837.840,27.9,0.919,0.917,0.896,0.5041,-0.0125,7.80,0.03871,0.196,0.180,0.000,-0.3833,-0.3928,TRACKING,L+C+R_fused
1786983837.865,27.9,0.912,0.917,0.902,0.4972,-0.0172,6.99,0.01142,0.199,0.180,0.000,-0.3958,-0.4052,TRACKING,L+C+R_fused
1786983837.896,27.9,0.912,0.916,0.899,0.5023,-0.0164,7.82,0.05693,0.194,0.180,0.000,-0.4241,-0.4307,TRACKING,L+C+R_fused
1786983837.911,27.9,0.922,0.915,0.903,0.5019,-0.0187,7.47,0.04501,0.195,0.180,0.000,-0.4323,-0.4417,TRACKING,L+C+R_fused
1786983837.939,27.9,0.928,0.919,0.894,0.5112,-0.0241,6.19,-0.01509,0.198,0.180,0.000,-0.4399,-0.4501,TRACKING,L+C+R_fused
1786983837.952,27.9,0.925,0.921,0.901,0.5124,-0.0229,6.81,0.02079,0.198,0.180,0.000,-0.4441,-0.4548,TRACKING,L+C+R_fused
1786983837.973,27.9,0.923,0.919,0.893,0.5130,-0.0227,6.81,0.03075,0.197,0.180,0.000,-0.4454,-0.4565,TRACKING,L+C+R_fused
1786983837.992,27.9,0.921,0.917,0.899,0.5112,-0.0237,6.06,-0.00093,0.200,0.180,0.000,-0.4247,-0.4393,TRACKING,L+C+R_fused
1786983838.009,27.9,0.928,0.917,0.898,0.5067,-0.0215,5.82,-0.00715,0.199,0.180,0.000,-0.4007,-0.4161,TRACKING,L+C+R_fused
1786983838.026,27.9,0.920,0.915,0.900,0.5070,-0.0150,6.49,0.02580,0.197,0.180,0.000,-0.3630,-0.3799,TRACKING,L+C+R_fused
1786983838.043,27.9,0.926,0.915,0.900,0.5140,-0.0152,6.03,0.03730,0.196,0.180,0.000,-0.3513,-0.3643,TRACKING,L+C+R_fused
1786983838.057,27.9,0.921,0.918,0.899,0.5094,-0.0157,4.90,-0.02194,0.198,0.180,0.000,-0.3251,-0.3396,TRACKING,L+C+R_fused
1786983838.083,27.9,0.921,0.916,0.891,0.5071,-0.0144,5.25,0.00043,0.200,0.180,0.000,-0.3135,-0.3261,TRACKING,L+C+R_fused
1786983838.100,27.9,0.917,0.918,0.899,0.5193,-0.0175,4.27,-0.05052,0.195,0.180,0.000,-0.3369,-0.3439,TRACKING,L+C+R_fused
1786983838.115,27.9,0.919,0.918,0.905,0.5070,-0.0190,3.93,-0.07334,0.193,0.180,0.000,-0.3519,-0.3594,TRACKING,L+C+R_fused
1786983838.133,27.9,0.918,0.920,0.893,0.5162,-0.0176,4.88,-0.01156,0.199,0.180,0.000,-0.3381,-0.3502,TRACKING,L+C+R_fused
1786983838.153,27.9,0.924,0.919,0.898,0.5200,-0.0184,5.31,0.02878,0.197,0.180,0.000,-0.3578,-0.3655,TRACKING,L+C+R_fused
1786983838.171,45.7,0.924,0.919,0.901,0.5190,-0.0225,4.14,-0.02719,0.197,0.180,0.000,-0.3679,-0.3766,TRACKING,L+C+R_fused
1786983838.188,45.7,0.924,0.920,0.880,0.5204,-0.0237,4.09,-0.02999,0.197,0.180,0.000,-0.3798,-0.3884,TRACKING,L+C+R_fused
1786983838.206,45.7,0.927,0.915,0.882,0.5200,-0.0311,1.43,-0.20810,0.179,0.180,0.000,-0.4715,-0.4675,TRACKING,L+C+R_fused
1786983838.229,45.7,0.923,0.919,0.892,0.5178,-0.0308,2.19,-0.17122,0.183,0.180,0.000,-0.4700,-0.4782,TRACKING,L+C+R_fused
1786983838.262,45.7,0.916,0.911,0.898,0.5088,-0.0333,3.12,-0.07693,0.192,0.180,0.000,-0.4656,-0.4768,TRACKING,L+C+R_fused
1786983838.289,45.7,0.918,0.911,0.882,0.5096,-0.0350,2.39,-0.15453,0.185,0.180,0.000,-0.5087,-0.5127,TRACKING,L+C+R_fused
1786983838.318,45.7,0.908,0.908,0.871,0.4861,-0.0410,-0.31,-0.37276,0.163,0.180,0.000,-0.6118,-0.6043,TRACKING,L+C+R_fused
1786983838.351,45.7,0.913,0.905,0.881,0.5011,-0.0377,2.37,-0.14886,0.185,0.180,0.000,-0.5311,-0.5507,TRACKING,L+C+R_fused
1786983838.368,45.7,0.925,0.903,0.894,0.5210,-0.0415,-0.43,-0.36187,0.164,0.180,0.000,-0.6053,-0.6045,TRACKING,L+C+R_fused
1786983838.395,45.7,0.921,0.898,0.869,0.5155,-0.0429,-2.09,-0.44831,0.155,0.180,0.000,-0.6396,-0.6407,TRACKING,L+C+R_fused
1786983838.425,45.7,0.931,0.898,0.878,0.5077,-0.0389,-2.07,-0.45528,0.154,0.180,0.000,-0.5953,-0.6087,TRACKING,L+C+R_fused
1786983838.443,45.7,0.924,0.894,0.891,0.5064,-0.0343,-1.39,-0.43939,0.156,0.180,0.000,-0.5435,-0.5605,TRACKING,L+C+R_fused
1786983838.465,45.7,0.910,0.891,0.888,0.5019,-0.0369,-4.79,-0.72994,0.150,0.180,0.000,-0.5402,-0.5504,TRACKING,L+C+R_fused
1786983838.485,45.7,0.920,0.893,0.886,0.5133,-0.0392,-6.02,-0.84770,0.150,0.180,0.000,-0.5480,-0.5558,TRACKING,L+C+R_fused
1786983838.503,45.7,0.922,0.884,0.875,0.5067,-0.0362,-3.18,-0.59951,0.150,0.180,0.000,-0.5692,-0.5740,TRACKING,L+C+R_fused
1786983838.523,45.7,0.920,0.884,0.851,0.5000,-0.0403,-5.32,-0.80891,0.150,0.180,0.000,-0.5833,-0.5891,TRACKING,L+C+R_fused
1786983838.547,45.7,0.923,0.876,0.868,0.4846,-0.0413,-4.39,-0.71115,0.150,0.180,0.000,-0.6153,-0.6181,TRACKING,L+C+R_fused
1786983838.573,45.7,0.928,0.884,0.878,0.4718,-0.0459,-9.21,-1.14155,0.150,0.180,0.000,-0.5756,-0.5898,TRACKING,L+C+R_fused
1786983838.605,45.7,0.937,0.880,0.876,0.4577,-0.0407,-7.82,-1.15185,0.150,0.180,0.000,-0.5506,-0.5648,TRACKING,L+C+R_fused
1786983838.627,45.7,0.937,0.882,0.866,0.4536,-0.0428,-10.86,-1.37949,0.150,0.180,0.000,-0.5085,-0.5259,TRACKING,L+C+R_fused
1786983838.651,45.7,0.941,0.881,0.883,0.4532,-0.0396,-11.53,-1.48655,0.150,0.180,0.000,-0.4525,-0.4732,TRACKING,L+C+R_fused
1786983838.667,45.7,0.936,0.882,0.845,0.4526,-0.0425,-12.71,-1.57796,0.150,0.180,0.000,-0.4682,-0.4789,TRACKING,L+C+R_fused
1786983838.684,45.7,0.949,0.878,0.870,0.4744,-0.0417,-12.41,-1.56673,0.150,0.180,0.000,-0.4659,-0.4778,TRACKING,L+C+R_fused
1786983838.713,45.7,0.000,0.884,0.857,0.4919,-0.0401,-10.99,-1.53917,0.150,0.180,0.000,-0.4891,-0.4974,TRACKING,R+C
1786983838.726,45.7,0.000,0.886,0.872,0.4907,-0.0371,-11.55,-1.72735,0.150,0.180,0.000,-0.4535,-0.4713,TRACKING,R+C
1786983838.742,45.7,0.000,0.886,0.875,0.4921,-0.0323,-10.47,-1.70073,0.150,0.180,0.000,-0.4143,-0.4344,TRACKING,R+C
1786983838.757,45.7,0.000,0.878,0.878,0.4928,-0.0221,-7.82,-1.60685,0.150,0.180,0.000,-0.3376,-0.3642,TRACKING,R+C
1786983838.774,45.7,0.000,0.881,0.885,0.4875,-0.0160,-9.52,-1.78423,0.150,0.180,0.000,-0.1963,-0.2345,TRACKING,R+C
1786983838.789,45.7,0.000,0.882,0.875,0.4823,-0.0071,-7.24,-1.71993,0.150,0.180,0.000,-0.1255,-0.1552,TRACKING,R+C
1786983838.804,45.7,0.000,0.883,0.886,0.4925,-0.0005,-5.48,-1.66464,0.150,0.180,0.000,-0.0738,-0.0996,TRACKING,R+C
1786983838.818,45.7,0.000,0.878,0.880,0.4940,-0.0027,-5.49,-1.66523,0.150,0.180,0.000,-0.1124,-0.1244,TRACKING,R+C
1786983838.834,45.7,0.000,0.877,0.861,0.4928,0.0039,-1.72,-1.57328,0.150,0.180,0.000,-0.1428,-0.1551,TRACKING,R+C
1786983838.849,45.7,0.000,0.880,0.841,0.4978,0.0043,-2.86,-1.73750,0.150,0.180,0.000,-0.1162,-0.1378,TRACKING,R+C
1786983838.872,45.7,0.000,0.881,0.843,0.5115,0.0106,-0.76,-1.63285,0.150,0.180,0.000,-0.0782,-0.1028,TRACKING,R+C
1786983838.888,45.7,0.000,0.882,0.895,0.5001,0.0144,0.41,-1.54174,0.150,0.180,0.000,-0.0472,-0.0709,TRACKING,R+C
1786983838.906,45.7,0.000,0.881,0.888,0.4933,0.0228,3.23,-1.42237,0.150,0.180,0.000,-0.0025,-0.0286,TRACKING,R+C
1786983838.936,45.7,0.000,0.876,0.896,0.5030,0.0195,2.57,-1.48666,0.150,0.180,0.000,-0.0435,-0.0577,TRACKING,R+C
1786983838.952,45.7,0.000,0.872,0.899,0.5078,0.0162,1.30,-1.64649,0.150,0.180,0.000,-0.0733,-0.0882,TRACKING,R+C
1786983838.966,45.7,0.000,0.874,0.905,0.5145,0.0121,1.99,-1.61671,0.150,0.180,0.000,-0.1720,-0.1767,TRACKING,R+C
1786983838.989,45.7,0.000,0.873,0.914,0.5267,0.0165,6.71,-1.32465,0.150,0.180,0.000,-0.2531,-0.2585,TRACKING,R+C
1786983839.004,45.7,0.000,0.871,0.914,0.5395,0.0067,4.63,-1.57020,0.150,0.180,0.000,-0.3688,-0.3690,TRACKING,R+C
1786983839.023,45.7,0.000,0.873,0.919,0.5445,0.0029,4.33,-1.62719,0.150,0.180,0.000,-0.4268,-0.4340,TRACKING,R+C
1786983839.044,45.7,0.000,0.872,0.915,0.5649,-0.0013,7.42,-1.39387,0.150,0.180,0.000,-0.5761,-0.5681,TRACKING,R+C
1786983839.076,45.7,0.000,0.872,0.915,0.5649,-0.0011,5.93,-1.11510,0.150,0.180,0.000,-0.5761,-0.5878,TRACKING,prediction
1786983839.110,45.7,0.000,0.872,0.915,0.5649,-0.0009,4.75,-0.89208,0.150,0.180,0.000,-0.5761,-0.5908,TRACKING,prediction
1786983839.135,45.7,0.000,0.874,0.908,0.5845,-0.0205,9.29,-1.38267,0.150,0.180,0.000,-0.8719,-0.8356,TRACKING,R+C
1786983839.150,45.7,0.000,0.871,0.906,0.5957,-0.0288,10.36,-1.30378,0.150,0.180,0.000,-0.9731,-0.9537,TRACKING,R+C
1786983839.169,45.7,0.000,0.871,0.906,0.5957,-0.0231,8.29,-1.04302,0.150,0.180,0.000,-0.9731,-0.9713,TRACKING,prediction
1786983839.184,47.4,0.000,0.879,0.907,0.6073,-0.0393,7.76,-1.58725,0.150,0.180,0.000,-1.0000,-0.9957,TRACKING,R+C
1786983839.201,47.4,0.000,0.878,0.904,0.6124,-0.0389,9.02,-1.41905,0.150,0.180,0.000,-1.0000,-0.9994,TRACKING,R+C
1786983839.231,47.4,0.000,0.880,0.906,0.6117,-0.0353,9.50,-1.39861,0.150,0.180,0.000,-1.0000,-0.9999,TRACKING,R+C
1786983839.251,47.4,0.000,0.880,0.906,0.6117,-0.0282,7.60,-1.11889,0.150,0.180,0.000,-1.0000,-1.0000,TRACKING,prediction
1786983839.276,47.4,0.000,0.873,0.909,0.6199,-0.0388,11.49,-1.18465,0.150,0.180,0.000,-1.0000,-1.0000,TRACKING,R+C
1786983839.296,47.4,0.000,0.873,0.909,0.6199,-0.0311,9.19,-0.94772,0.150,0.180,0.000,-1.0000,-1.0000,TRACKING,prediction
1786983839.314,47.4,0.000,0.873,0.909,0.6199,-0.0249,7.35,-0.75817,0.150,0.180,0.000,-1.0000,-1.0000,TRACKING,prediction
1786983839.334,47.4,0.000,0.877,0.898,0.6354,-0.0589,8.70,-1.42340,0.150,0.180,0.000,-1.0000,-1.0000,TRACKING,R+C
1786983839.355,47.4,0.000,0.873,0.897,0.6412,-0.0586,10.33,-1.26371,0.150,0.180,0.000,-1.0000,-1.0000,TRACKING,R+C
1786983839.374,47.4,0.000,0.879,0.901,0.6420,-0.0560,12.05,-1.09526,0.150,0.180,0.000,-1.0000,-1.0000,TRACKING,R+C
1786983839.399,47.4,0.000,0.879,0.901,0.6420,-0.0448,9.64,-0.87621,0.150,0.180,0.000,-1.0000,-1.0000,TRACKING,prediction
1786983839.422,47.4,0.000,0.879,0.901,0.6420,-0.0358,7.71,-0.70097,0.150,0.180,0.000,-1.0000,-1.0000,TRACKING,prediction
1786983839.456,47.4,0.000,0.879,0.901,0.6420,-0.0287,6.17,-0.56078,0.150,0.180,0.000,-1.0000,-1.0000,TRACKING,prediction
1786983839.482,47.4,0.000,0.879,0.901,0.6420,-0.0229,4.94,-0.44862,0.150,0.180,0.000,-1.0000,-1.0000,TRACKING,prediction
1786983839.510,47.4,0.000,0.879,0.901,0.6420,-0.0183,3.95,-0.35890,0.150,0.180,0.000,-1.0000,-1.0000,TRACKING,prediction
1786983839.533,47.4,0.000,0.879,0.901,0.6420,-0.0147,3.16,-0.28712,0.150,0.180,0.000,-1.0000,-1.0000,TRACKING,prediction
1786983839.557,47.4,0.000,0.879,0.901,0.6420,-0.0117,2.53,-0.22969,0.150,0.180,0.000,-1.0000,-1.0000,TRACKING,prediction
1786983839.582,47.4,0.000,0.879,0.901,0.6420,-0.0094,2.02,-0.18375,0.150,0.180,0.000,-1.0000,-1.0000,TRACKING,prediction
1786983839.599,47.4,0.000,0.879,0.901,0.6420,-0.0075,1.62,-0.14700,0.150,0.700,0.000,-1.0000,-1.0000,TRACKING,prediction
1786983839.619,47.4,0.000,0.879,0.901,0.6420,-0.0060,1.29,-0.11760,0.150,0.700,0.000,-1.0000,-0.7131,TRACKING,prediction
1786983839.639,47.4,0.000,0.879,0.901,0.6420,-0.0048,1.03,-0.09408,0.150,0.700,0.000,-1.0000,-0.6701,TRACKING,prediction
1786983839.660,47.4,0.000,0.879,0.901,0.6420,-0.0038,0.83,-0.07527,0.150,0.673,0.000,-1.0000,-0.6637,TRACKING,prediction
1786983839.677,47.4,0.000,0.886,0.904,0.5983,-0.0573,9.06,-0.97579,0.150,0.700,0.000,-1.0000,-0.6764,TRACKING,R+C
1786983839.695,47.4,0.000,0.886,0.904,0.5983,-0.0458,7.25,-0.78063,0.150,0.700,0.000,-1.0000,-0.6633,TRACKING,prediction
1786983839.712,47.4,0.000,0.888,0.901,0.5964,-0.0693,5.33,-1.22605,0.150,0.700,0.000,-1.0000,-0.6618,TRACKING,R+C
1786983839.736,47.4,0.000,0.888,0.901,0.5964,-0.0554,4.27,-0.98084,0.150,0.700,0.000,-1.0000,-0.6615,TRACKING,prediction
1786983839.763,47.4,0.000,0.888,0.901,0.5964,-0.0443,3.41,-0.78467,0.150,0.180,0.000,-1.0000,-0.6615,TRACKING,prediction
1786983839.789,47.4,0.000,0.888,0.901,0.5964,-0.0355,2.73,-0.62774,0.150,0.180,0.000,-1.0000,-0.9505,TRACKING,prediction
1786983839.807,47.4,0.000,0.888,0.901,0.5964,-0.0284,2.19,-0.50219,0.150,0.180,0.000,-1.0000,-0.9926,TRACKING,prediction
1786983839.829,47.4,0.000,0.888,0.901,0.5964,-0.0227,1.75,-0.40175,0.150,0.180,0.000,-1.0000,-0.9989,TRACKING,prediction
1786983839.851,47.4,0.000,0.888,0.901,0.5964,-0.0182,1.40,-0.32140,0.150,0.180,0.000,-1.0000,-0.9998,TRACKING,prediction
1786983839.868,47.4,0.000,0.888,0.901,0.5964,-0.0145,1.12,-0.25712,0.150,0.180,0.000,-1.0000,-1.0000,TRACKING,prediction
1786983839.898,47.4,0.000,0.888,0.901,0.5964,-0.0116,0.90,-0.20570,0.150,0.180,0.000,-1.0000,-1.0000,TRACKING,prediction
1786983839.915,47.4,0.000,0.888,0.901,0.5964,-0.0093,0.72,-0.16456,0.150,0.180,0.000,-1.0000,-1.0000,TRACKING,prediction
1786983839.936,47.4,0.000,0.888,0.901,0.5964,-0.0074,0.57,-0.13165,0.150,0.180,0.000,-1.0000,-1.0000,TRACKING,prediction
1786983839.971,47.4,0.000,0.888,0.901,0.5964,-0.0060,0.46,-0.10532,0.150,0.180,0.000,-1.0000,-1.0000,TRACKING,prediction
1786983839.989,47.4,0.000,0.888,0.901,0.5964,-0.0048,0.37,-0.08425,0.150,0.180,0.000,-1.0000,-1.0000,TRACKING,prediction
1786983840.015,47.4,0.000,0.888,0.901,0.5964,-0.0038,0.29,-0.06740,0.150,0.180,0.000,-1.0000,-1.0000,TRACKING,prediction
1786983840.036,47.4,0.000,0.888,0.901,0.5964,-0.0030,0.23,-0.05392,0.150,0.180,0.000,-1.0000,-1.0000,TRACKING,prediction
1786983840.053,47.4,0.000,0.888,0.901,0.5964,-0.0024,0.19,-0.04314,0.150,0.180,0.000,-1.0000,-1.0000,TRACKING,prediction
1786983840.072,47.4,0.000,0.888,0.901,0.5964,-0.0019,0.15,-0.03451,0.150,0.180,0.000,-1.0000,-1.0000,UNCERTAIN,prediction
1786983840.091,47.4,0.000,0.888,0.901,0.5964,-0.0016,0.12,-0.02761,0.150,0.180,0.000,-1.0000,-1.0000,UNCERTAIN,prediction
1786983840.121,47.4,0.000,0.888,0.901,0.5964,-0.0012,0.10,-0.02209,0.150,0.180,0.000,-1.0000,-1.0000,UNCERTAIN,prediction
1786983840.151,47.4,0.000,0.939,0.899,0.5696,-0.0967,6.57,-0.62779,0.150,0.180,0.000,-1.0000,-1.0000,TRACKING,R+C
1786983840.165,47.4,0.000,0.939,0.902,0.5661,-0.0933,6.19,-0.63397,0.150,0.180,0.000,-1.0000,-1.0000,TRACKING,R+C
1786983840.191,44.7,0.000,0.938,0.899,0.5600,-0.0902,5.39,-0.67118,0.150,0.180,0.000,-1.0000,-1.0000,TRACKING,R+C
1786983840.206,44.7,0.000,0.936,0.902,0.5545,-0.0865,4.85,-0.68492,0.150,0.180,0.000,-1.0000,-1.0000,TRACKING,R+C
1786983840.222,44.7,0.000,0.934,0.905,0.5516,-0.0808,4.71,-0.68299,0.150,0.180,0.000,-1.0000,-1.0000,TRACKING,R+C
1786983840.245,44.7,0.000,0.933,0.904,0.5508,-0.0772,4.08,-0.69359,0.150,0.180,0.000,-1.0000,-1.0000,TRACKING,R+C
1786983840.264,44.7,0.000,0.933,0.904,0.5508,-0.0617,3.26,-0.55487,0.150,0.180,0.000,-1.0000,-1.0000,TRACKING,prediction
1786983840.281,44.7,0.000,0.927,0.908,0.5433,-0.0657,3.71,-0.69594,0.150,0.180,0.000,-1.0000,-1.0000,TRACKING,R+C
1786983840.300,44.7,0.000,0.927,0.910,0.5381,-0.0577,4.72,-0.60457,0.150,0.180,0.000,-1.0000,-1.0000,TRACKING,R+C
1786983840.316,44.7,0.000,0.924,0.909,0.5307,-0.0531,4.02,-0.63633,0.150,0.180,0.000,-0.9779,-0.9819,TRACKING,R+C
1786983840.342,44.7,0.000,0.924,0.909,0.5307,-0.0425,3.21,-0.50906,0.150,0.180,0.000,-0.9779,-0.9792,TRACKING,prediction
1786983840.359,44.7,0.000,0.924,0.909,0.5307,-0.0340,2.57,-0.40725,0.150,0.180,0.000,-0.9779,-0.9788,TRACKING,prediction
1786983840.376,44.7,0.968,0.919,0.911,0.5075,-0.0357,2.02,-0.73737,0.150,0.180,0.000,-0.7540,-0.7939,TRACKING,L+C+R_fused
1786983840.394,44.7,0.380,0.921,0.910,0.4864,-0.0237,4.61,-0.55183,0.150,0.180,0.000,-0.6607,-0.6882,TRACKING,L+C+R_fused
1786983840.422,44.7,0.966,0.922,0.913,0.5117,-0.0187,3.17,-0.66327,0.150,0.180,0.000,-0.5565,-0.5850,TRACKING,L+C+R_fused
1786983840.450,44.7,0.941,0.921,0.907,0.4761,-0.0117,3.10,-0.66055,0.150,0.180,0.000,-0.4482,-0.4782,TRACKING,L+C+R_fused
1786983840.478,44.7,0.963,0.926,0.916,0.4977,-0.0052,3.22,-0.63552,0.150,0.180,0.000,-0.3445,-0.3742,TRACKING,L+C+R_fused
1786983840.507,44.7,0.966,0.928,0.915,0.4990,-0.0016,2.68,-0.68438,0.150,0.180,0.000,-0.2699,-0.2953,TRACKING,L+C+R_fused
1786983840.528,44.7,0.965,0.928,0.913,0.4974,0.0011,2.69,-0.69112,0.150,0.180,0.000,-0.2257,-0.2460,TRACKING,L+C+R_fused
1786983840.544,44.7,0.964,0.925,0.917,0.4915,0.0017,3.39,-0.63886,0.150,0.180,0.000,-0.2371,-0.2484,TRACKING,L+C+R_fused
1786983840.572,44.7,0.965,0.922,0.911,0.4944,-0.0000,3.45,-0.67112,0.150,0.180,0.000,-0.2750,-0.2814,TRACKING,L+C+R_fused
1786983840.588,44.7,0.963,0.923,0.914,0.4967,-0.0047,3.50,-0.66402,0.150,0.180,0.000,-0.3531,-0.3527,TRACKING,L+C+R_fused
1786983840.619,44.7,0.964,0.924,0.914,0.4972,-0.0077,3.24,-0.70054,0.150,0.180,0.000,-0.3973,-0.4009,TRACKING,L+C+R_fused
1786983840.643,44.7,0.964,0.924,0.914,0.4972,-0.0061,2.59,-0.56043,0.150,0.180,0.000,-0.3973,-0.4080,TRACKING,prediction
1786983840.672,44.7,0.967,0.925,0.913,0.5150,-0.0105,4.36,-0.63204,0.150,0.180,0.000,-0.4756,-0.4754,TRACKING,L+C+R_fused
1786983840.701,44.7,0.967,0.925,0.908,0.5053,-0.0091,5.10,-0.58551,0.150,0.180,0.000,-0.4757,-0.4854,TRACKING,L+C+R_fused
1786983840.717,44.7,0.966,0.924,0.909,0.5178,-0.0084,4.56,-0.63609,0.150,0.180,0.000,-0.4514,-0.4665,TRACKING,L+C+R_fused
1786983840.739,44.7,0.966,0.923,0.910,0.5121,-0.0114,3.04,-0.74423,0.150,0.180,0.000,-0.4543,-0.4662,TRACKING,L+C+R_fused
1786983840.766,44.7,0.964,0.924,0.908,0.5162,-0.0110,4.34,-0.67094,0.150,0.180,0.000,-0.4884,-0.4950,TRACKING,L+C+R_fused
1786983840.781,44.7,0.971,0.920,0.907,0.5153,-0.0127,5.15,-0.62869,0.150,0.180,0.000,-0.5377,-0.5408,TRACKING,L+C+R_fused
1786983840.802,44.7,0.968,0.920,0.906,0.5132,-0.0179,5.00,-0.63466,0.150,0.180,0.000,-0.6083,-0.6070,TRACKING,L+C+R_fused
1786983840.820,44.7,0.970,0.923,0.909,0.4769,-0.0215,3.97,-0.75550,0.150,0.180,0.000,-0.6387,-0.6425,TRACKING,L+C+R_fused
1786983840.845,44.7,0.972,0.922,0.913,0.4923,-0.0210,4.39,-0.74274,0.150,0.180,0.000,-0.6435,-0.6518,TRACKING,L+C+R_fused
1786983840.863,44.7,0.970,0.920,0.913,0.4824,-0.0201,3.81,-0.78277,0.150,0.180,0.000,-0.6172,-0.6312,TRACKING,L+C+R_fused
1786983840.879,44.7,0.964,0.918,0.917,0.5096,-0.0161,3.73,-0.79784,0.150,0.180,0.000,-0.5604,-0.5805,TRACKING,L+C+R_fused
1786983840.895,44.7,0.963,0.920,0.912,0.5103,-0.0151,2.06,-0.95294,0.150,0.180,0.000,-0.5066,-0.5280,TRACKING,L+C+R_fused
1786983840.913,44.7,0.963,0.920,0.912,0.5103,-0.0121,1.65,-0.76235,0.150,0.180,0.000,-0.5066,-0.5202,TRACKING,prediction
1786983840.939,44.7,0.963,0.920,0.912,0.5103,-0.0097,1.32,-0.60988,0.150,0.180,0.000,-0.5066,-0.5190,TRACKING,prediction
1786983840.965,44.7,0.965,0.919,0.917,0.4877,-0.0082,3.83,-0.86554,0.150,0.180,0.000,-0.4564,-0.4767,TRACKING,L+C+R_fused
1786983840.988,44.7,0.961,0.918,0.916,0.4822,-0.0039,3.61,-0.91363,0.150,0.180,0.000,-0.3872,-0.4121,TRACKING,L+C+R_fused
1786983841.025,44.7,0.962,0.912,0.920,0.4789,-0.0014,2.02,-1.04535,0.150,0.180,0.000,-0.3015,-0.3301,TRACKING,L+C+R_fused
1786983841.052,44.7,0.958,0.908,0.921,0.4838,0.0065,2.35,-1.04216,0.150,0.180,0.000,-0.1804,-0.2150,TRACKING,L+C+R_fused
1786983841.081,44.7,0.958,0.912,0.920,0.4804,0.0128,0.92,-1.15346,0.150,0.180,0.000,-0.0265,-0.0665,TRACKING,L+C+R_fused
1786983841.107,44.7,0.956,0.906,0.920,0.4786,0.0238,3.44,-0.98110,0.150,0.180,0.000,0.0877,0.0549,TRACKING,L+C+R_fused
1786983841.267,39.0,0.958,0.909,0.923,0.4789,0.0311,3.02,-0.99742,0.150,0.180,0.000,0.2310,0.1981,TRACKING,L+C+R_fused
1786983841.283,39.0,0.953,0.907,0.922,0.4765,0.0353,1.43,-1.09191,0.150,0.180,0.000,0.3521,0.3250,TRACKING,L+C+R_fused
1786983841.310,39.0,0.954,0.913,0.924,0.4741,0.0459,4.06,-0.91090,0.150,0.180,0.000,0.4445,0.4246,TRACKING,L+C+R_fused
1786983841.336,39.0,0.952,0.915,0.927,0.4760,0.0516,4.38,-0.89831,0.150,0.180,0.000,0.5209,0.5061,TRACKING,L+C+R_fused
1786983841.353,39.0,0.953,0.914,0.927,0.4743,0.0533,2.90,-1.04934,0.150,0.180,0.000,0.5779,0.5673,TRACKING,L+C+R_fused
1786983841.383,39.0,0.953,0.913,0.927,0.4790,0.0544,3.11,-1.02116,0.150,0.180,0.000,0.5914,0.5880,TRACKING,L+C+R_fused
1786983841.407,39.0,0.951,0.904,0.925,0.4768,0.0594,3.97,-0.95532,0.150,0.180,0.000,0.6396,0.6327,TRACKING,L+C+R_fused
1786983841.439,39.0,0.949,0.904,0.927,0.4784,0.0648,3.32,-1.04497,0.150,0.180,0.000,0.7187,0.7069,TRACKING,L+C+R_fused
1786983841.468,39.0,0.940,0.905,0.927,0.4786,0.0744,4.49,-0.97783,0.150,0.180,0.000,0.8060,0.7924,TRACKING,L+C+R_fused
1786983841.496,39.0,0.940,0.903,0.927,0.4758,0.0807,5.59,-0.85652,0.150,0.180,0.000,0.8582,0.8496,TRACKING,L+C+R_fused
1786983841.519,39.0,0.934,0.907,0.937,0.4769,0.0822,4.64,-0.98101,0.150,0.180,0.000,0.8861,0.8816,TRACKING,L+C+R_fused
1786983841.535,39.0,0.930,0.904,0.929,0.4752,0.0846,6.07,-0.87511,0.150,0.180,0.000,0.8835,0.8842,TRACKING,L+C+R_fused
1786983841.556,39.0,0.877,0.898,0.932,0.4649,0.0816,4.99,-1.05171,0.150,0.180,0.000,0.8619,0.8661,TRACKING,L+C+R_fused
1786983841.586,39.0,0.904,0.898,0.930,0.4841,0.0754,4.00,-1.16345,0.150,0.180,0.000,0.8092,0.8185,TRACKING,L+C+R_fused
1786983841.617,39.0,0.902,0.889,0.924,0.4875,0.0779,8.12,-0.84893,0.150,0.180,0.000,0.7525,0.7632,TRACKING,L+C+R_fused
1786983841.648,39.0,0.931,0.888,0.923,0.4884,0.0734,6.84,-0.97686,0.150,0.180,0.000,0.7221,0.7288,TRACKING,L+C+R_fused
1786983841.668,39.0,0.947,0.889,0.918,0.4938,0.0699,6.72,-1.04808,0.150,0.180,0.000,0.6715,0.6801,TRACKING,L+C+R_fused
1786983841.686,39.0,0.953,0.886,0.913,0.4956,0.0684,8.54,-0.90663,0.150,0.180,0.000,0.6063,0.6157,TRACKING,L+C+R_fused
1786983841.708,39.0,0.957,0.896,0.919,0.4907,0.0604,5.54,-1.18681,0.150,0.180,0.000,0.5623,0.5667,TRACKING,L+C+R_fused
1786983841.729,39.0,0.973,0.890,0.916,0.4959,0.0580,5.78,-1.26033,0.150,0.700,0.000,0.5062,0.5094,TRACKING,L+C+R_fused
1786983841.748,39.0,0.955,0.889,0.909,0.4114,0.0575,8.08,-1.05843,0.150,0.700,0.000,0.4385,0.3152,TRACKING,L+C+R_fused
1786983841.773,39.0,0.000,0.882,0.913,0.4757,0.0515,6.63,-1.21242,0.150,0.180,0.000,0.3778,0.2510,TRACKING,R+C
1786983841.790,39.0,0.000,0.883,0.914,0.4841,0.0478,6.30,-1.32874,0.150,0.700,0.000,0.3117,0.2907,TRACKING,R+C
1786983841.809,39.0,0.000,0.883,0.914,0.4841,0.0383,5.04,-1.06300,0.150,0.700,0.000,0.3117,0.2104,TRACKING,prediction
1786983841.837,39.0,0.000,0.886,0.910,0.4816,0.0439,5.94,-1.43457,0.150,0.700,0.000,0.2420,0.1576,TRACKING,R+C
1786983841.867,39.0,0.000,0.885,0.910,0.4850,0.0459,6.94,-1.33552,0.150,0.180,0.000,0.2495,0.1543,TRACKING,R+C
1786983841.897,39.0,0.000,0.885,0.906,0.4904,0.0509,8.85,-1.16062,0.150,0.180,0.000,0.2804,0.2493,TRACKING,R+C
1786983841.912,39.0,0.000,0.889,0.909,0.4910,0.0533,7.62,-1.35587,0.150,0.180,0.000,0.3404,0.3154,TRACKING,R+C
1786983841.933,39.0,0.000,0.888,0.910,0.4883,0.0594,9.20,-1.27045,0.150,0.180,0.000,0.3860,0.3649,TRACKING,R+C
1786983841.953,39.0,0.000,0.888,0.910,0.4883,0.0476,7.36,-1.01636,0.150,0.180,0.000,0.3860,0.3722,TRACKING,prediction
1786983841.978,39.0,0.000,0.888,0.910,0.4883,0.0380,5.89,-0.81309,0.150,0.180,0.000,0.3860,0.3733,TRACKING,prediction
1786983841.997,39.0,0.000,0.880,0.905,0.5092,0.0484,11.14,-1.13574,0.150,0.180,0.000,0.1332,0.1525,TRACKING,R+C
1786983842.017,39.0,0.000,0.880,0.905,0.5092,0.0387,8.91,-0.90859,0.150,0.180,0.000,0.1332,0.1203,TRACKING,prediction
1786983842.033,39.0,0.000,0.883,0.900,0.5204,0.0333,9.61,-1.31691,0.150,0.180,0.000,-0.0951,-0.0832,TRACKING,R+C
1786983842.057,39.0,0.000,0.883,0.900,0.5204,0.0266,7.69,-1.05353,0.150,0.180,0.000,-0.0951,-0.1123,TRACKING,prediction
1786983842.081,39.0,0.000,0.886,0.898,0.5443,0.0248,7.57,-1.68626,0.150,0.180,0.000,-0.2165,-0.2218,TRACKING,R+C
1786983842.101,39.0,0.000,0.881,0.899,0.5472,0.0264,9.29,-1.49802,0.150,0.180,0.000,-0.2344,-0.2520,TRACKING,R+C
1786983842.117,39.0,0.000,0.882,0.900,0.5524,0.0259,9.52,-1.55482,0.150,0.180,0.000,-0.2644,-0.2824,TRACKING,R+C
1786983842.139,39.0,0.000,0.873,0.895,0.5537,0.0316,14.97,-1.00482,0.150,0.180,0.000,-0.3210,-0.3331,TRACKING,R+C
1786983842.158,39.0,0.000,0.868,0.894,0.5661,0.0235,12.84,-1.27887,0.150,0.180,0.000,-0.4052,-0.4123,TRACKING,R+C
1786983842.172,39.0,0.000,0.870,0.896,0.5711,0.0173,12.48,-1.42266,0.150,0.180,0.000,-0.5098,-0.5118,TRACKING,R+C
1786983842.195,39.0,0.000,0.871,0.895,0.5834,0.0094,10.16,-1.76362,0.150,0.180,0.000,-0.5849,-0.5894,TRACKING,R+C
1786983842.211,39.0,0.000,0.871,0.895,0.5884,0.0069,12.18,-1.46846,0.150,0.180,0.000,-0.6534,-0.6566,TRACKING,R+C
1786983842.223,39.0,0.000,0.862,0.897,0.5813,0.0053,9.13,-1.86328,0.150,0.180,0.000,-0.6183,-0.6385,TRACKING,R+C
1786983842.246,39.0,0.000,0.874,0.900,0.5814,0.0115,12.82,-1.47555,0.150,0.180,0.000,-0.6157,-0.6330,TRACKING,R+C
1786983842.260,39.0,0.000,0.869,0.897,0.5900,0.0126,10.87,-1.90897,0.150,0.180,0.000,-0.5905,-0.6129,TRACKING,R+C
1786983842.275,45.6,0.000,0.852,0.896,0.5941,0.0142,13.10,-1.59043,0.150,0.180,0.000,-0.6075,-0.6230,TRACKING,R+C
1786983842.306,45.6,0.000,0.853,0.898,0.6006,0.0044,8.52,-2.12630,0.150,0.180,0.000,-0.6459,-0.6570,TRACKING,R+C
1786983842.323,45.6,0.000,0.853,0.898,0.6006,0.0035,6.82,-1.70104,0.150,0.180,0.000,-0.6459,-0.6619,TRACKING,prediction
1786983842.347,45.6,0.000,0.853,0.898,0.6006,0.0028,5.45,-1.36083,0.150,0.180,0.000,-0.6459,-0.6626,TRACKING,prediction
1786983842.377,45.6,0.000,0.853,0.898,0.6006,0.0023,4.36,-1.08866,0.150,0.180,0.000,-0.6459,-0.6627,TRACKING,prediction
1786983842.406,45.6,0.000,0.853,0.898,0.6006,0.0018,3.49,-0.87093,0.150,0.180,0.000,-0.6459,-0.6628,TRACKING,prediction
1786983842.431,45.6,0.000,0.853,0.898,0.6006,0.0014,2.79,-0.69674,0.150,0.180,0.000,-0.6459,-0.6628,TRACKING,prediction
1786983842.462,45.6,0.000,0.853,0.898,0.6006,0.0012,2.23,-0.55740,0.150,0.180,0.000,-0.6459,-0.6628,TRACKING,prediction
1786983842.493,45.6,0.000,0.853,0.898,0.6006,0.0009,1.79,-0.44592,0.150,0.180,0.000,-0.6459,-0.6628,TRACKING,prediction
1786983842.521,45.6,0.000,0.853,0.898,0.6006,0.0007,1.43,-0.35673,0.150,0.180,0.000,-0.6459,-0.6628,TRACKING,prediction
1786983842.551,45.6,0.000,0.853,0.898,0.6006,0.0006,1.14,-0.28539,0.150,0.180,0.000,-0.6459,-0.6628,TRACKING,prediction
1786983842.569,45.6,0.000,0.853,0.898,0.6006,0.0005,0.91,-0.22831,0.150,0.180,0.000,-0.6459,-0.6628,TRACKING,prediction
1786983842.585,45.6,0.000,0.853,0.898,0.6006,0.0004,0.73,-0.18265,0.150,0.697,0.000,-0.6459,-0.6628,TRACKING,prediction
1786983842.607,45.6,0.000,0.853,0.898,0.6006,0.0003,0.59,-0.14612,0.150,0.662,0.000,-0.6459,-0.4697,TRACKING,prediction
1786983842.628,45.6,0.000,0.853,0.898,0.6006,0.0002,0.47,-0.11689,0.150,0.629,0.000,-0.6459,-0.4551,TRACKING,prediction
1786983842.660,45.6,0.000,0.853,0.898,0.6006,0.0002,0.37,-0.09352,0.150,0.598,0.000,-0.6459,-0.4654,TRACKING,prediction
1786983842.682,45.6,0.000,0.853,0.898,0.6006,0.0002,0.30,-0.07481,0.150,0.568,0.000,-0.6459,-0.4788,TRACKING,prediction
1786983842.699,45.6,0.000,0.888,0.898,0.6535,-0.0082,25.76,0.07484,0.193,0.700,0.000,-0.8839,-0.6370,TRACKING,R+C
1786983842.718,45.6,0.000,0.888,0.898,0.6535,-0.0066,20.61,0.05987,0.193,0.700,0.000,-0.8839,-0.5938,TRACKING,prediction
1786983842.739,45.6,0.000,0.888,0.898,0.6535,-0.0053,16.49,0.04790,0.193,0.700,0.000,-0.8839,-0.5876,TRACKING,prediction
1786983842.766,45.6,0.000,0.888,0.898,0.6535,-0.0042,13.19,0.03832,0.193,0.700,0.000,-0.8839,-0.5867,TRACKING,prediction
1786983842.797,45.6,0.000,0.888,0.898,0.6535,-0.0034,10.55,0.03065,0.193,0.700,0.000,-0.8839,-0.5866,TRACKING,prediction
1786983842.823,45.6,0.000,0.888,0.898,0.6535,-0.0027,8.44,0.02452,0.193,0.700,0.000,-0.8839,-0.5865,TRACKING,prediction
1786983842.844,45.6,0.000,0.888,0.898,0.6535,-0.0022,6.75,0.01962,0.193,0.700,0.000,-0.8839,-0.5865,TRACKING,prediction
1786983842.862,45.6,0.000,0.888,0.898,0.6535,-0.0017,5.40,0.01569,0.193,0.700,0.000,-0.8839,-0.5865,TRACKING,prediction
1786983842.894,45.6,0.000,0.888,0.898,0.6535,-0.0014,4.32,0.01256,0.193,0.700,0.000,-0.8839,-0.5865,TRACKING,prediction
1786983842.925,45.6,0.000,0.888,0.898,0.6535,-0.0011,3.46,0.01004,0.193,0.700,0.000,-0.8839,-0.5865,TRACKING,prediction
1786983842.945,45.6,0.000,0.888,0.898,0.6535,-0.0009,2.77,0.00804,0.193,0.700,0.000,-0.8839,-0.5865,TRACKING,prediction
1786983842.972,45.6,0.000,0.888,0.898,0.6535,-0.0007,2.21,0.00643,0.193,0.700,0.000,-0.8839,-0.5865,TRACKING,prediction
1786983842.991,45.6,0.000,0.888,0.898,0.6535,-0.0006,1.77,0.00514,0.193,0.675,0.000,-0.8839,-0.5865,TRACKING,prediction
1786983843.027,45.6,0.000,0.888,0.898,0.6535,-0.0005,1.42,0.00411,0.193,0.642,0.000,-0.8839,-0.5991,TRACKING,prediction
1786983843.055,45.6,0.000,0.888,0.898,0.6535,-0.0004,1.13,0.00329,0.193,0.609,0.000,-0.8839,-0.6180,TRACKING,prediction
1786983843.088,45.6,0.000,0.888,0.898,0.6535,-0.0003,0.91,0.00263,0.193,0.579,0.000,-0.8839,-0.6370,TRACKING,prediction
1786983843.125,45.6,0.000,0.888,0.898,0.6535,-0.0002,0.73,0.00211,0.193,0.490,0.000,-0.8839,-0.6551,UNCERTAIN,prediction
1786983843.144,45.6,0.000,0.888,0.898,0.6535,-0.0002,0.58,0.00169,0.193,0.490,0.000,-0.8839,-0.7024,UNCERTAIN,prediction
1786983843.170,45.6,0.000,0.888,0.898,0.6535,-0.0001,0.46,0.00135,0.193,0.490,0.000,-0.8839,-0.7093,UNCERTAIN,prediction
1786983843.201,45.6,0.000,0.888,0.898,0.6535,-0.0001,0.37,0.00108,0.193,0.472,0.000,-0.8839,-0.7103,UNCERTAIN,prediction
1786983843.232,45.6,0.000,0.888,0.898,0.6535,-0.0001,0.30,0.00086,0.193,0.448,0.000,-0.8839,-0.7196,UNCERTAIN,prediction
1786983843.261,45.6,0.000,0.888,0.898,0.6535,-0.0001,0.24,0.00069,0.193,0.180,0.000,-0.8839,-0.7327,UNCERTAIN,prediction
1786983843.291,38.4,0.000,0.888,0.898,0.6535,-0.0001,0.19,0.00055,0.193,0.180,0.000,-0.8839,-0.8665,UNCERTAIN,prediction
1786983843.315,38.4,0.000,0.888,0.898,0.6535,-0.0000,0.15,0.00044,0.193,0.180,0.000,-0.8839,-0.8861,UNCERTAIN,prediction
1786983843.340,38.4,0.000,0.888,0.898,0.6535,-0.0000,0.12,0.00035,0.193,0.180,0.000,-0.8839,-0.8891,UNCERTAIN,prediction
1786983843.369,38.4,0.000,0.888,0.898,0.6535,-0.0000,0.10,0.00028,0.193,0.180,0.000,-0.8839,-0.8895,UNCERTAIN,prediction
1786983843.394,38.4,0.000,0.888,0.898,0.6535,-0.0000,0.08,0.00023,0.193,0.180,0.000,-0.8839,-0.8896,UNCERTAIN,prediction
1786983843.419,38.4,0.000,0.889,0.911,0.5289,-0.0559,-1.64,-0.70281,0.150,0.180,0.000,-0.8736,-0.8790,TRACKING,R+C
1786983843.437,38.4,0.000,0.889,0.911,0.5289,-0.0447,-1.31,-0.56225,0.150,0.180,0.000,-0.8736,-0.8777,TRACKING,prediction
1786983843.466,38.4,0.000,0.884,0.925,0.5186,-0.0503,-6.07,-1.11011,0.150,0.180,0.000,-0.7321,-0.7603,TRACKING,R+C
1786983843.496,38.4,0.000,0.884,0.923,0.5176,-0.0456,-4.43,-1.00453,0.150,0.180,0.000,-0.7116,-0.7255,TRACKING,R+C
1786983843.511,38.4,0.000,0.885,0.922,0.5172,-0.0467,-5.72,-1.13129,0.150,0.180,0.000,-0.7010,-0.7117,TRACKING,R+C
1786983843.528,38.4,0.000,0.884,0.922,0.5129,-0.0504,-10.04,-1.52373,0.150,0.180,0.000,-0.6656,-0.6806,TRACKING,R+C
1786983843.543,38.4,0.000,0.889,0.921,0.5134,-0.0450,-7.57,-1.31999,0.150,0.180,0.000,-0.6448,-0.6582,TRACKING,R+C
1786983843.557,38.4,0.000,0.891,0.924,0.5090,-0.0423,-10.38,-1.60679,0.150,0.180,0.000,-0.5551,-0.5803,TRACKING,R+C
1786983843.572,38.4,0.000,0.887,0.920,0.5045,-0.0385,-12.47,-1.77939,0.150,0.180,0.000,-0.4496,-0.4804,TRACKING,R+C
1786983843.591,38.4,0.000,0.892,0.923,0.5063,-0.0316,-10.90,-1.74207,0.150,0.180,0.000,-0.3936,-0.4184,TRACKING,R+C
1786983843.610,38.4,0.000,0.899,0.928,0.5040,-0.0229,-8.68,-1.71100,0.150,0.180,0.000,-0.3351,-0.3601,TRACKING,R+C
1786983843.623,38.4,0.000,0.898,0.929,0.5008,-0.0217,-10.30,-1.87396,0.150,0.180,0.000,-0.2792,-0.3048,TRACKING,R+C
1786983843.650,38.4,0.000,0.896,0.921,0.5016,-0.0196,-9.90,-1.89837,0.150,0.180,0.000,-0.2633,-0.2834,TRACKING,R+C
1786983843.664,38.4,0.000,0.895,0.923,0.5065,-0.0094,-5.31,-1.66736,0.150,0.180,0.000,-0.2377,-0.2583,TRACKING,R+C
1786983843.689,38.4,0.000,0.898,0.925,0.5064,-0.0098,-7.52,-1.91100,0.150,0.700,0.000,-0.1958,-0.2202,TRACKING,R+C
1786983843.710,38.4,0.000,0.894,0.914,0.5086,-0.0089,-6.58,-1.86446,0.150,0.180,0.000,-0.2112,-0.1580,TRACKING,R+C
1786983843.727,38.4,0.000,0.893,0.923,0.5127,-0.0087,-6.21,-1.96809,0.150,0.180,0.000,-0.2424,-0.2470,TRACKING,R+C
1786983843.742,38.4,0.000,0.895,0.920,0.5200,0.0001,-1.09,-1.66893,0.150,0.180,0.000,-0.2533,-0.2679,TRACKING,R+C
1786983843.760,38.4,0.000,0.899,0.924,0.5233,-0.0023,-1.33,-1.69472,0.150,0.700,0.000,-0.2896,-0.3018,TRACKING,R+C
1786983843.774,38.4,0.000,0.895,0.918,0.5239,0.0029,1.60,-1.53296,0.150,0.700,0.000,-0.2976,-0.2187,TRACKING,R+C
1786983843.801,38.4,0.000,0.896,0.915,0.5239,0.0042,1.24,-1.62667,0.150,0.180,0.000,-0.2770,-0.1963,TRACKING,R+C
1786983843.822,38.4,0.000,0.894,0.917,0.5348,0.0031,1.96,-1.63967,0.150,0.700,0.000,-0.3271,-0.3251,TRACKING,R+C
1786983843.844,38.4,0.000,0.894,0.912,0.5450,0.0016,2.60,-1.67845,0.150,0.180,0.000,-0.3856,-0.2718,TRACKING,R+C
1786983843.858,38.4,0.000,0.893,0.914,0.5423,0.0024,5.75,-1.40152,0.150,0.180,0.000,-0.4561,-0.4445,TRACKING,R+C
1786983843.872,38.4,0.000,0.891,0.913,0.5449,0.0015,4.95,-1.57788,0.150,0.180,0.000,-0.4660,-0.4779,TRACKING,R+C
1786983843.885,38.4,0.000,0.897,0.918,0.5563,0.0019,5.51,-1.56113,0.150,0.180,0.000,-0.4792,-0.4940,TRACKING,R+C
1786983843.912,38.4,0.000,0.897,0.918,0.5563,0.0016,4.41,-1.24890,0.150,0.180,0.000,-0.4792,-0.4963,TRACKING,prediction
1786983843.938,38.4,0.000,0.894,0.915,0.5590,0.0088,7.32,-1.41110,0.150,0.180,0.000,-0.4228,-0.4493,TRACKING,R+C
1786983843.959,38.4,0.000,0.898,0.916,0.5477,0.0118,7.04,-1.50189,0.150,0.180,0.000,-0.3780,-0.4054,TRACKING,R+C
1786983843.975,38.4,0.000,0.892,0.914,0.5517,0.0156,10.82,-1.16226,0.150,0.180,0.000,-0.4210,-0.4343,TRACKING,R+C
1786983844.000,38.4,0.000,0.893,0.916,0.5618,0.0088,7.68,-1.48131,0.150,0.180,0.000,-0.4496,-0.4632,TRACKING,R+C
1786983844.014,38.4,0.000,0.896,0.914,0.5612,0.0088,10.57,-1.22202,0.150,0.180,0.000,-0.5254,-0.5303,TRACKING,R+C
1786983844.035,38.4,0.000,0.896,0.914,0.5612,0.0070,8.46,-0.97761,0.150,0.180,0.000,-0.5254,-0.5403,TRACKING,prediction
1786983844.061,38.4,0.000,0.896,0.914,0.5612,0.0056,6.77,-0.78209,0.150,0.180,0.000,-0.5254,-0.5418,TRACKING,prediction
1786983844.081,38.4,0.000,0.896,0.910,0.5810,0.0034,11.04,-1.23654,0.150,0.180,0.000,-0.6228,-0.6232,TRACKING,R+C
1786983844.106,38.4,0.000,0.890,0.906,0.5835,-0.0008,10.83,-1.28666,0.150,0.180,0.000,-0.6786,-0.6815,TRACKING,R+C
1786983844.131,38.4,0.000,0.888,0.902,0.5924,-0.0106,12.11,-1.12681,0.150,0.180,0.000,-0.8181,-0.8047,TRACKING,R+C
1786983844.145,38.4,0.000,0.890,0.900,0.6179,-0.0221,10.10,-1.34711,0.150,0.180,0.000,-0.9075,-0.8960,TRACKING,R+C
1786983844.163,38.4,0.000,0.890,0.900,0.6179,-0.0177,8.08,-1.07769,0.150,0.180,0.000,-0.9075,-0.9096,TRACKING,prediction
1786983844.195,38.4,0.000,0.890,0.900,0.6179,-0.0142,6.46,-0.86215,0.150,0.180,0.000,-0.9075,-0.9116,TRACKING,prediction
1786983844.223,38.4,0.000,0.890,0.900,0.6179,-0.0113,5.17,-0.68972,0.150,0.180,0.000,-0.9075,-0.9119,TRACKING,prediction
1786983844.250,38.4,0.000,0.890,0.900,0.6179,-0.0091,4.14,-0.55178,0.150,0.180,0.000,-0.9075,-0.9120,TRACKING,prediction
1786983844.279,38.4,0.000,0.890,0.900,0.6179,-0.0073,3.31,-0.44142,0.150,0.700,0.000,-0.9075,-0.9120,TRACKING,prediction
1786983844.308,47.2,0.000,0.890,0.900,0.6179,-0.0058,2.65,-0.35314,0.150,0.180,0.000,-0.9075,-0.6476,TRACKING,prediction
1786983844.336,47.2,0.000,0.890,0.900,0.6179,-0.0046,2.12,-0.28251,0.150,0.180,0.000,-0.9075,-0.8735,TRACKING,prediction
1786983844.360,47.2,0.000,0.890,0.900,0.6179,-0.0037,1.69,-0.22601,0.150,0.180,0.000,-0.9075,-0.9062,TRACKING,prediction
1786983844.389,47.2,0.000,0.890,0.900,0.6179,-0.0030,1.36,-0.18081,0.150,0.180,0.000,-0.9075,-0.9111,TRACKING,prediction
1786983844.406,47.2,0.000,0.890,0.900,0.6179,-0.0024,1.08,-0.14465,0.150,0.180,0.000,-0.9075,-0.9118,TRACKING,prediction
1786983844.428,47.2,0.000,0.917,0.901,0.6496,-0.0711,11.45,-1.01711,0.150,0.180,0.000,-1.0000,-0.9870,TRACKING,R+C
1786983844.446,47.2,0.000,0.917,0.901,0.6496,-0.0569,9.16,-0.81369,0.150,0.180,0.000,-1.0000,-0.9981,TRACKING,prediction
1786983844.471,47.2,0.000,0.917,0.901,0.6496,-0.0455,7.33,-0.65095,0.150,0.180,0.000,-1.0000,-0.9997,TRACKING,prediction
1786983844.496,47.2,0.000,0.917,0.901,0.6496,-0.0364,5.86,-0.52076,0.150,0.180,0.000,-1.0000,-1.0000,TRACKING,prediction
1786983844.518,47.2,0.000,0.919,0.898,0.6306,-0.0681,9.94,-1.00633,0.150,0.180,0.000,-1.0000,-1.0000,TRACKING,R+C
1786983844.535,47.2,0.000,0.922,0.901,0.6323,-0.0684,11.09,-0.86826,0.150,0.180,0.000,-1.0000,-1.0000,TRACKING,R+C
1786983844.563,47.2,0.000,0.925,0.900,0.6332,-0.0735,10.99,-0.85810,0.150,0.180,0.000,-1.0000,-1.0000,TRACKING,R+C
1786983844.582,47.2,0.000,0.925,0.900,0.6332,-0.0588,8.79,-0.68648,0.150,0.180,0.000,-1.0000,-1.0000,TRACKING,prediction
1786983844.609,47.2,0.000,0.923,0.899,0.6423,-0.0907,10.36,-0.86356,0.150,0.180,0.000,-1.0000,-1.0000,TRACKING,R+C
1786983844.639,47.2,0.000,0.924,0.901,0.6426,-0.0980,10.58,-0.79846,0.150,0.180,0.000,-1.0000,-1.0000,TRACKING,R+C
1786983844.653,47.2,0.000,0.928,0.906,0.6473,-0.1001,11.66,-0.71539,0.150,0.700,0.000,-1.0000,-1.0000,TRACKING,R+C
1786983844.688,47.2,0.000,0.928,0.906,0.6473,-0.0801,9.33,-0.57231,0.150,0.700,0.000,-1.0000,-0.7150,TRACKING,prediction
1786983844.726,47.2,0.000,0.928,0.906,0.6473,-0.0641,7.46,-0.45785,0.150,0.700,0.000,-1.0000,-0.6722,TRACKING,prediction
1786983844.744,47.2,0.000,0.933,0.906,0.6396,-0.1044,10.24,-0.73680,0.150,0.700,0.000,-1.0000,-0.6657,TRACKING,R+C
1786983844.761,47.2,0.000,0.933,0.906,0.6396,-0.0835,8.19,-0.58944,0.150,0.700,0.000,-1.0000,-0.6648,TRACKING,prediction
1786983844.792,47.2,0.000,0.933,0.906,0.6396,-0.0668,6.55,-0.47155,0.150,0.700,0.000,-1.0000,-0.6646,TRACKING,prediction
1786983844.828,47.2,0.000,0.933,0.906,0.6396,-0.0534,5.24,-0.37724,0.150,0.700,0.000,-1.0000,-0.6646,TRACKING,prediction
1786983844.844,47.2,0.000,0.941,0.908,0.6330,-0.1232,9.39,-0.68664,0.150,0.700,0.000,-1.0000,-0.6656,TRACKING,R+C
1786983844.870,47.2,0.000,0.941,0.908,0.6330,-0.0985,7.52,-0.54931,0.150,0.700,0.000,-1.0000,-0.6656,TRACKING,prediction
1786983844.900,47.2,0.000,0.941,0.908,0.6330,-0.0788,6.01,-0.43945,0.150,0.700,0.000,-1.0000,-0.6656,TRACKING,prediction
1786983844.924,47.2,0.000,0.941,0.908,0.6330,-0.0631,4.81,-0.35156,0.150,0.700,0.000,-1.0000,-0.6656,TRACKING,prediction
1786983844.941,47.2,0.000,0.941,0.908,0.6330,-0.0504,3.85,-0.28125,0.150,0.700,0.000,-1.0000,-0.6656,TRACKING,prediction
1786983844.956,47.2,0.000,0.946,0.909,0.6082,-0.1328,8.45,-0.59459,0.150,0.700,0.000,-1.0000,-0.6658,TRACKING,R+C
1786983844.979,47.2,0.000,0.946,0.909,0.6082,-0.1062,6.76,-0.47567,0.150,0.700,0.000,-1.0000,-0.6658,TRACKING,prediction
1786983845.001,47.2,0.000,0.946,0.909,0.6082,-0.0850,5.41,-0.38054,0.150,0.700,0.000,-1.0000,-0.6658,TRACKING,prediction
1786983845.028,47.2,0.000,0.946,0.909,0.6082,-0.0680,4.33,-0.30443,0.150,0.700,0.000,-1.0000,-0.6658,TRACKING,prediction
1786983845.047,47.2,0.000,0.946,0.909,0.6082,-0.0544,3.46,-0.24354,0.150,0.700,0.000,-1.0000,-0.6658,TRACKING,prediction
1786983845.066,47.2,0.000,0.946,0.909,0.6082,-0.0435,2.77,-0.19483,0.150,0.700,0.000,-1.0000,-0.6658,TRACKING,prediction
1786983845.087,47.2,0.000,0.946,0.909,0.6082,-0.0348,2.22,-0.15587,0.150,0.700,0.000,-1.0000,-0.6658,TRACKING,prediction
1786983845.111,47.2,0.000,0.946,0.909,0.6082,-0.0278,1.77,-0.12469,0.150,0.700,0.000,-1.0000,-0.6658,TRACKING,prediction
1786983845.146,47.2,0.000,0.946,0.909,0.6082,-0.0223,1.42,-0.09975,0.150,0.700,0.000,-1.0000,-0.6658,TRACKING,prediction
1786983845.170,47.2,0.000,0.944,0.909,0.5807,-0.1385,4.63,-0.68120,0.150,0.180,0.000,-1.0000,-0.6651,TRACKING,R+C
1786983845.193,47.2,0.000,0.942,0.911,0.5811,-0.1352,4.33,-0.67495,0.150,0.700,0.000,-1.0000,-0.9514,TRACKING,R+C
1786983845.214,47.2,0.000,0.939,0.912,0.5780,-0.1325,2.85,-0.78607,0.150,0.700,0.000,-1.0000,-0.7071,TRACKING,R+C
1786983845.230,47.2,0.000,0.942,0.915,0.5716,-0.1296,2.99,-0.72857,0.150,0.180,0.000,-1.0000,-0.6704,TRACKING,R+C
1786983845.255,47.2,0.000,0.942,0.915,0.5716,-0.1036,2.40,-0.58285,0.150,0.180,0.000,-1.0000,-0.9521,TRACKING,prediction
1786983845.274,47.2,0.000,0.942,0.915,0.5716,-0.0829,1.92,-0.46628,0.150,0.180,0.000,-1.0000,-0.9928,TRACKING,prediction
1786983845.290,47.2,0.000,0.942,0.915,0.5716,-0.0663,1.53,-0.37303,0.150,0.180,0.000,-1.0000,-0.9989,TRACKING,prediction
1786983845.319,42.5,0.000,0.942,0.915,0.5716,-0.0531,1.23,-0.29842,0.150,0.180,0.000,-1.0000,-0.9998,TRACKING,prediction
1786983845.333,42.5,0.000,0.936,0.921,0.5553,-0.1137,2.04,-0.69097,0.150,0.180,0.000,-1.0000,-1.0000,TRACKING,R+C
1786983845.353,42.5,0.000,0.935,0.923,0.5515,-0.1141,0.39,-0.83580,0.150,0.180,0.000,-1.0000,-1.0000,TRACKING,R+C
1786983845.371,42.5,0.000,0.940,0.922,0.5493,-0.1146,0.59,-0.79950,0.150,0.180,0.000,-1.0000,-1.0000,TRACKING,R+C
1786983845.393,42.5,0.000,0.940,0.921,0.5510,-0.1155,1.71,-0.68360,0.150,0.180,0.000,-1.0000,-1.0000,TRACKING,R+C
1786983845.414,42.5,0.000,0.941,0.923,0.5501,-0.1165,1.64,-0.68387,0.150,0.180,0.000,-1.0000,-1.0000,TRACKING,R+C
1786983845.431,42.5,0.000,0.942,0.922,0.5468,-0.1169,0.89,-0.73514,0.150,0.180,0.000,-1.0000,-1.0000,TRACKING,R+C
1786983845.454,42.5,0.000,0.934,0.922,0.5426,-0.1160,-0.63,-0.86707,0.150,0.180,0.000,-1.0000,-1.0000,TRACKING,R+C
1786983845.474,42.5,0.000,0.937,0.926,0.5435,-0.1127,1.27,-0.70351,0.150,0.180,0.000,-1.0000,-1.0000,TRACKING,R+C
1786983845.498,42.5,0.000,0.941,0.928,0.5427,-0.1133,1.62,-0.63326,0.150,0.180,0.000,-1.0000,-1.0000,TRACKING,R+C
1786983845.514,42.5,0.000,0.934,0.926,0.5419,-0.1157,0.11,-0.77846,0.150,0.180,0.000,-1.0000,-1.0000,TRACKING,R+C
1786983845.532,42.5,0.000,0.935,0.927,0.5427,-0.1170,-0.36,-0.79979,0.150,0.180,0.000,-1.0000,-1.0000,TRACKING,R+C
1786983845.558,42.5,0.000,0.931,0.929,0.5410,-0.1177,-1.40,-0.90367,0.150,0.180,0.000,-1.0000,-1.0000,TRACKING,R+C
1786983845.580,42.5,0.000,0.930,0.929,0.5434,-0.1157,-0.18,-0.78146,0.150,0.180,0.000,-1.0000,-1.0000,TRACKING,R+C
1786983845.595,42.5,0.000,0.935,0.929,0.5415,-0.1172,-1.44,-0.85888,0.150,0.180,0.000,-1.0000,-1.0000,TRACKING,R+C
1786983845.610,42.5,0.000,0.932,0.927,0.5393,-0.1184,-1.16,-0.83452,0.150,0.180,0.000,-1.0000,-1.0000,TRACKING,R+C
1786983845.621,42.5,0.000,0.931,0.929,0.5410,-0.1202,-0.87,-0.80460,0.150,0.180,0.000,-1.0000,-1.0000,TRACKING,R+C
1786983845.644,42.5,0.000,0.932,0.929,0.5433,-0.1205,-0.27,-0.75697,0.150,0.180,0.000,-1.0000,-1.0000,TRACKING,R+C
1786983845.661,42.5,0.000,0.931,0.929,0.5423,-0.1198,-0.73,-0.80385,0.150,0.180,0.000,-1.0000,-1.0000,TRACKING,R+C
1786983845.676,42.5,0.000,0.930,0.931,0.5362,-0.1161,-1.41,-0.84472,0.150,0.180,0.000,-1.0000,-1.0000,TRACKING,R+C
1786983845.707,42.5,0.000,0.930,0.933,0.5344,-0.1107,-1.28,-0.81846,0.150,0.180,0.000,-1.0000,-1.0000,TRACKING,R+C
1786983845.738,42.5,0.000,0.930,0.935,0.5261,-0.1047,-1.98,-0.86966,0.150,0.700,0.000,-1.0000,-1.0000,TRACKING,R+C
1786983845.760,42.5,0.000,0.932,0.936,0.5234,-0.0978,-1.72,-0.82156,0.150,0.700,0.000,-1.0000,-0.7110,TRACKING,R+C
1786983845.775,42.5,0.000,0.928,0.937,0.5193,-0.0889,-0.66,-0.73438,0.150,0.700,0.000,-1.0000,-0.6671,TRACKING,R+C
1786983845.800,42.5,0.000,0.932,0.939,0.5144,-0.0830,-1.27,-0.78890,0.150,0.700,0.000,-1.0000,-0.6600,TRACKING,R+C
1786983845.828,42.5,0.000,0.933,0.941,0.5069,-0.0757,-1.75,-0.81126,0.150,0.700,0.000,-1.0000,-0.6584,TRACKING,R+C
1786983845.858,42.5,0.000,0.929,0.942,0.4999,-0.0669,-1.09,-0.77290,0.150,0.700,0.000,-0.9979,-0.6564,TRACKING,R+C
1786983845.876,42.5,0.963,0.929,0.944,0.4777,-0.0612,-2.00,-0.84727,0.150,0.700,0.000,-0.9321,-0.6201,TRACKING,L+C+R_fused
1786983845.898,42.5,0.957,0.926,0.945,0.5237,-0.0510,-1.22,-0.79929,0.150,0.700,0.000,-0.8434,-0.5658,TRACKING,L+C+R_fused
1786983845.916,42.5,0.959,0.927,0.945,0.5210,-0.0454,-2.73,-0.88863,0.150,0.700,0.000,-0.7466,-0.5042,TRACKING,L+C+R_fused
1786983845.952,42.5,0.964,0.929,0.946,0.4931,-0.0350,-1.33,-0.77893,0.150,0.700,0.000,-0.6430,-0.4377,TRACKING,L+C+R_fused
1786983845.974,42.5,0.960,0.929,0.949,0.4929,-0.0278,-1.25,-0.79835,0.150,0.700,0.000,-0.5482,-0.3753,TRACKING,L+C+R_fused
1786983845.996,42.5,0.956,0.931,0.949,0.5027,-0.0233,-1.75,-0.82953,0.150,0.180,0.000,-0.4665,-0.3206,TRACKING,L+C+R_fused
1786983846.019,42.5,0.959,0.929,0.946,0.5046,-0.0193,-0.93,-0.78432,0.150,0.180,0.000,-0.4290,-0.4226,TRACKING,L+C+R_fused
1786983846.046,42.5,0.957,0.929,0.946,0.5191,-0.0189,-0.45,-0.73734,0.150,0.180,0.000,-0.4329,-0.4403,TRACKING,L+C+R_fused
1786983846.063,42.5,0.960,0.927,0.947,0.5144,-0.0207,-0.57,-0.77168,0.150,0.700,0.000,-0.4620,-0.4678,TRACKING,L+C+R_fused
1786983846.088,42.5,0.959,0.929,0.946,0.5179,-0.0210,0.73,-0.69854,0.150,0.180,0.000,-0.5059,-0.3559,TRACKING,L+C+R_fused
1786983846.116,42.5,0.956,0.929,0.947,0.5289,-0.0243,0.28,-0.73557,0.150,0.180,0.000,-0.5430,-0.5245,TRACKING,L+C+R_fused
1786983846.145,42.5,0.963,0.932,0.945,0.4997,-0.0273,0.35,-0.75148,0.150,0.700,0.000,-0.5917,-0.5900,TRACKING,L+C+R_fused
1786983846.178,42.5,0.972,0.927,0.943,0.5204,-0.0287,1.63,-0.67261,0.150,0.180,0.000,-0.6437,-0.4507,TRACKING,L+C+R_fused
1786983846.201,42.5,0.000,0.924,0.943,0.5106,-0.0336,0.79,-0.79391,0.150,0.700,0.000,-0.6970,-0.6683,TRACKING,R+C
1786983846.228,42.5,0.000,0.926,0.940,0.5122,-0.0376,1.28,-0.76300,0.150,0.700,0.000,-0.7574,-0.5255,TRACKING,R+C
1786983846.245,42.5,0.000,0.927,0.939,0.5177,-0.0411,1.53,-0.79311,0.150,0.700,0.000,-0.8095,-0.5336,TRACKING,R+C
1786983846.270,42.5,0.000,0.931,0.941,0.5201,-0.0454,1.48,-0.81034,0.150,0.700,0.000,-0.8574,-0.5612,TRACKING,R+C
1786983846.282,42.5,0.000,0.933,0.938,0.5226,-0.0511,1.43,-0.81555,0.150,0.700,0.000,-0.9148,-0.5969,TRACKING,R+C
1786983846.303,42.5,0.000,0.937,0.939,0.5277,-0.0557,2.15,-0.78283,0.150,0.700,0.000,-0.9720,-0.6336,TRACKING,R+C
1786983846.316,42.5,0.000,0.935,0.937,0.5350,-0.0598,3.33,-0.70726,0.150,0.700,0.000,-1.0000,-0.6547,TRACKING,R+C
1786983846.342,45.9,0.000,0.936,0.937,0.5399,-0.0651,4.06,-0.65732,0.150,0.700,0.000,-1.0000,-0.6583,TRACKING,R+C
1786983846.364,45.9,0.000,0.935,0.930,0.5473,-0.0710,4.29,-0.62487,0.150,0.700,0.000,-1.0000,-0.6592,TRACKING,R+C
1786983846.391,45.9,0.000,0.935,0.930,0.5473,-0.0568,3.44,-0.49989,0.150,0.700,0.000,-1.0000,-0.6593,TRACKING,prediction
1786983846.404,45.9,0.000,0.936,0.935,0.5618,-0.0822,3.73,-0.70825,0.150,0.700,0.000,-1.0000,-0.6603,TRACKING,R+C
1786983846.421,45.9,0.000,0.930,0.932,0.5655,-0.0861,3.50,-0.74230,0.150,0.700,0.000,-1.0000,-0.6606,TRACKING,R+C
1786983846.435,45.9,0.000,0.940,0.931,0.5679,-0.0916,1.38,-0.91332,0.150,0.700,0.000,-1.0000,-0.6609,TRACKING,R+C
1786983846.451,45.9,0.000,0.932,0.931,0.5673,-0.0898,2.46,-0.87058,0.150,0.700,0.000,-1.0000,-0.6610,TRACKING,R+C
1786983846.477,45.9,0.000,0.933,0.927,0.5655,-0.0919,2.63,-0.88410,0.150,0.700,0.000,-1.0000,-0.6613,TRACKING,R+C
1786983846.495,45.9,0.000,0.933,0.927,0.5655,-0.0735,2.10,-0.70728,0.150,0.700,0.000,-1.0000,-0.6613,TRACKING,prediction
1786983846.524,45.9,0.000,0.933,0.927,0.5655,-0.0588,1.68,-0.56583,0.150,0.700,0.000,-1.0000,-0.6613,TRACKING,prediction
1786983846.552,45.9,0.000,0.933,0.927,0.5655,-0.0471,1.34,-0.45266,0.150,0.700,0.000,-1.0000,-0.6613,TRACKING,prediction
1786983846.577,45.9,0.000,0.933,0.927,0.5655,-0.0377,1.08,-0.36213,0.150,0.700,0.000,-1.0000,-0.6613,TRACKING,prediction
1786983846.603,45.9,0.000,0.933,0.927,0.5655,-0.0301,0.86,-0.28970,0.150,0.700,0.000,-1.0000,-0.6613,TRACKING,prediction
1786983846.633,45.9,0.000,0.933,0.927,0.5655,-0.0241,0.69,-0.23176,0.150,0.700,0.000,-1.0000,-0.6613,TRACKING,prediction
1786983846.653,45.9,0.000,0.933,0.927,0.5655,-0.0193,0.55,-0.18541,0.150,0.700,0.000,-1.0000,-0.6613,TRACKING,prediction
1786983846.679,45.9,0.000,0.933,0.927,0.5655,-0.0154,0.44,-0.14833,0.150,0.700,0.000,-1.0000,-0.6613,TRACKING,prediction
1786983846.697,45.9,0.000,0.933,0.927,0.5655,-0.0123,0.35,-0.11866,0.150,0.700,0.000,-1.0000,-0.6613,TRACKING,prediction
1786983846.721,45.9,0.000,0.933,0.927,0.5655,-0.0099,0.28,-0.09493,0.150,0.700,0.000,-1.0000,-0.6613,TRACKING,prediction
1786983846.744,45.9,0.000,0.933,0.927,0.5655,-0.0079,0.23,-0.07594,0.150,0.700,0.000,-1.0000,-0.6613,TRACKING,prediction
1786983846.766,45.9,0.000,0.923,0.917,0.5803,-0.1116,-0.24,-1.26537,0.150,0.700,0.000,-1.0000,-0.6631,TRACKING,R+C
1786983846.782,45.9,0.000,0.920,0.913,0.5805,-0.1068,0.07,-1.27121,0.150,0.700,0.000,-1.0000,-0.6628,TRACKING,R+C
1786983846.817,45.9,0.000,0.920,0.913,0.5805,-0.0854,0.06,-1.01697,0.150,0.700,0.000,-1.0000,-0.6628,TRACKING,prediction
1786983846.837,45.9,0.000,0.920,0.913,0.5805,-0.0683,0.05,-0.81357,0.150,0.700,0.000,-1.0000,-0.6628,TRACKING,prediction
1786983846.858,45.9,0.000,0.920,0.913,0.5805,-0.0547,0.04,-0.65086,0.150,0.700,0.000,-1.0000,-0.6628,TRACKING,prediction
1786983846.882,45.9,0.000,0.920,0.913,0.5805,-0.0437,0.03,-0.52069,0.150,0.700,0.000,-1.0000,-0.6628,TRACKING,prediction
1786983846.913,45.9,0.000,0.920,0.913,0.5805,-0.0350,0.02,-0.41655,0.150,0.700,0.000,-1.0000,-0.6628,TRACKING,prediction
1786983846.942,45.9,0.000,0.911,0.917,0.5678,-0.0815,0.20,-1.30622,0.150,0.700,0.000,-1.0000,-0.6609,TRACKING,R+C
1786983846.972,45.9,0.000,0.914,0.917,0.5676,-0.0792,0.19,-1.35152,0.150,0.700,0.000,-1.0000,-0.6608,TRACKING,R+C
1786983847.005,45.9,0.000,0.914,0.917,0.5676,-0.0633,0.15,-1.08121,0.150,0.700,0.000,-1.0000,-0.6608,TRACKING,prediction
1786983847.019,45.9,0.000,0.907,0.913,0.5752,-0.0852,0.05,-1.45760,0.150,0.700,0.000,-1.0000,-0.6616,TRACKING,R+C
1786983847.049,45.9,0.000,0.907,0.913,0.5752,-0.0681,0.04,-1.16608,0.150,0.700,0.000,-1.0000,-0.6616,TRACKING,prediction
1786983847.063,45.9,0.000,0.914,0.908,0.5896,-0.0934,2.20,-1.35440,0.150,0.700,0.000,-1.0000,-0.6627,TRACKING,R+C
1786983847.086,45.9,0.000,0.916,0.910,0.5947,-0.0994,0.70,-1.53834,0.150,0.700,0.000,-1.0000,-0.6633,TRACKING,R+C
1786983847.111,45.9,0.000,0.916,0.910,0.5947,-0.0795,0.56,-1.23067,0.150,0.700,0.000,-1.0000,-0.6633,TRACKING,prediction
1786983847.135,45.9,0.000,0.916,0.910,0.5947,-0.0636,0.44,-0.98454,0.150,0.700,0.000,-1.0000,-0.6633,TRACKING,prediction
1786983847.159,45.9,0.000,0.923,0.906,0.6040,-0.1016,1.55,-1.61262,0.150,0.700,0.000,-1.0000,-0.6640,TRACKING,R+C
1786983847.179,45.9,0.000,0.923,0.906,0.6040,-0.0813,1.24,-1.29010,0.150,0.700,0.000,-1.0000,-0.6640,TRACKING,prediction
1786983847.198,45.9,0.000,0.914,0.906,0.6098,-0.1034,2.73,-1.53632,0.150,0.180,0.000,-1.0000,-0.6643,TRACKING,R+C
1786983847.223,45.9,0.000,0.918,0.905,0.6073,-0.1056,1.40,-1.70938,0.150,0.180,0.000,-1.0000,-0.9513,TRACKING,R+C
1786983847.249,45.9,0.000,0.903,0.908,0.6051,-0.1076,-0.29,-1.91602,0.150,0.700,0.000,-1.0000,-0.9927,TRACKING,R+C
1786983847.279,45.9,0.000,0.903,0.908,0.6051,-0.0861,-0.23,-1.53282,0.150,0.700,0.000,-1.0000,-0.7139,TRACKING,prediction
1786983847.302,45.9,0.000,0.903,0.908,0.6051,-0.0689,-0.18,-1.22625,0.150,0.700,0.000,-1.0000,-0.6722,TRACKING,prediction
1786983847.327,45.9,0.000,0.921,0.903,0.6127,-0.0982,2.12,-1.83841,0.150,0.700,0.000,-1.0000,-0.6657,TRACKING,R+C
1786983847.341,45.9,0.000,0.921,0.908,0.6223,-0.0987,4.17,-1.67252,0.150,0.700,0.000,-1.0000,-0.6650,TRACKING,R+C
1786983847.357,43.3,0.000,0.925,0.900,0.6273,-0.1033,5.13,-1.57787,0.150,0.700,0.000,-1.0000,-0.6653,TRACKING,R+C
1786983847.387,43.3,0.000,0.925,0.900,0.6273,-0.0827,4.10,-1.26230,0.150,0.700,0.000,-1.0000,-0.6653,TRACKING,prediction
1786983847.414,43.3,0.000,0.929,0.889,0.6422,-0.1120,7.64,-1.34695,0.150,0.700,0.000,-1.0000,-0.6662,TRACKING,R+C
1786983847.435,43.3,0.000,0.928,0.888,0.6501,-0.1143,10.21,-1.08577,0.150,0.700,0.000,-1.0000,-0.6665,TRACKING,R+C
1786983847.457,43.3,0.000,0.928,0.888,0.6501,-0.0915,8.17,-0.86861,0.150,0.700,0.000,-1.0000,-0.6665,TRACKING,prediction
1786983847.480,43.3,0.000,0.930,0.864,0.6621,-0.1242,13.30,-0.74496,0.150,0.700,0.000,-1.0000,-0.6674,TRACKING,R+C
1786983847.509,43.3,0.000,0.930,0.864,0.6621,-0.0993,10.64,-0.59597,0.150,0.700,0.000,-1.0000,-0.6674,TRACKING,prediction
1786983847.527,43.3,0.000,0.939,0.854,0.6701,-0.1372,15.81,-0.45146,0.155,0.700,0.000,-1.0000,-0.6684,TRACKING,R+C
1786983847.555,43.3,0.000,0.939,0.854,0.6701,-0.1097,12.65,-0.36116,0.155,0.700,0.000,-1.0000,-0.6684,TRACKING,prediction
1786983847.583,43.3,0.000,0.939,0.852,0.6742,-0.1434,16.32,-0.28072,0.172,0.700,0.000,-1.0000,-0.6686,TRACKING,R+C
1786983847.603,43.3,0.000,0.939,0.852,0.6742,-0.1148,13.05,-0.22458,0.172,0.700,0.000,-1.0000,-0.6686,TRACKING,prediction
1786983847.625,43.3,0.000,0.939,0.852,0.6742,-0.0918,10.44,-0.17966,0.172,0.700,0.000,-1.0000,-0.6686,TRACKING,prediction
1786983847.655,43.3,0.000,0.939,0.852,0.6742,-0.0734,8.35,-0.14373,0.172,0.700,0.000,-1.0000,-0.6686,TRACKING,prediction
1786983847.674,43.3,0.000,0.946,0.831,0.6693,-0.1506,17.07,0.02714,0.197,0.700,0.000,-1.0000,-0.6683,TRACKING,R+C
1786983847.704,43.3,0.000,0.947,0.819,0.6719,-0.1549,16.25,0.03907,0.196,0.180,0.000,-1.0000,-0.6683,TRACKING,R+C
1786983847.733,43.3,0.000,0.947,0.819,0.6719,-0.1239,13.00,0.03126,0.196,0.180,0.000,-1.0000,-0.9523,TRACKING,prediction
1786983847.763,43.3,0.000,0.947,0.819,0.6719,-0.0991,10.40,0.02501,0.196,0.700,0.000,-1.0000,-0.9928,TRACKING,prediction
1786983847.782,43.3,0.000,0.947,0.804,0.7448,-0.1565,14.30,0.08342,0.192,0.180,0.000,-1.0000,-0.7163,TRACKING,R+C
1786983847.806,43.3,0.947,0.814,0.821,0.3983,-0.0841,-58.92,-0.95948,0.150,0.180,0.000,0.6863,0.1648,TRACKING,L+C+R_fused
1786983847.836,43.3,0.947,0.814,0.821,0.3983,-0.0673,-47.13,-0.76759,0.150,0.180,0.000,0.6863,0.6131,TRACKING,prediction
1786983847.858,43.3,0.000,0.951,0.814,0.7347,-0.1679,11.48,0.07087,0.193,0.599,0.000,-1.0000,-0.3103,TRACKING,R+C
1786983847.887,43.3,0.000,0.949,0.814,0.7384,-0.1726,11.15,0.10194,0.190,0.180,0.000,-1.0000,-0.6674,TRACKING,R+C
1786983847.906,43.3,0.000,0.949,0.814,0.7384,-0.1381,8.92,0.08156,0.190,0.180,0.000,-1.0000,-0.9517,TRACKING,prediction
1786983847.933,43.3,0.000,0.949,0.814,0.7384,-0.1105,7.14,0.06524,0.190,0.180,0.000,-1.0000,-0.9928,TRACKING,prediction
1786983847.953,43.3,0.000,0.949,0.814,0.7384,-0.0884,5.71,0.05220,0.190,0.180,0.000,-1.0000,-0.9989,TRACKING,prediction
1786983847.977,43.3,0.950,0.828,0.000,0.7532,0.2927,31.94,-0.15754,0.184,0.180,0.000,1.0000,-0.0947,TRACKING,L+C
1786983848.001,43.3,0.950,0.828,0.000,0.7532,0.2342,25.55,-0.12603,0.184,0.180,0.000,1.0000,0.7174,TRACKING,prediction
1786983848.029,43.3,0.950,0.828,0.000,0.7532,0.1873,20.44,-0.10083,0.184,0.180,0.000,1.0000,0.9576,TRACKING,prediction
1786983848.044,43.3,0.950,0.828,0.000,0.7532,0.1499,16.35,-0.08066,0.184,0.180,0.000,1.0000,0.9936,TRACKING,prediction
1786983848.073,43.3,0.950,0.828,0.000,0.7532,0.1199,13.08,-0.06453,0.184,0.180,0.000,1.0000,0.9990,TRACKING,prediction
1786983848.087,43.3,0.936,0.822,0.000,0.6830,0.1799,-4.09,-1.97048,0.150,0.180,0.000,1.0000,0.9999,TRACKING,L+C
1786983848.114,43.3,0.936,0.822,0.000,0.6830,0.1439,-3.27,-1.57639,0.150,0.180,0.000,1.0000,1.0000,TRACKING,prediction
1786983848.137,43.3,0.925,0.824,0.000,0.6795,0.1817,-7.49,-2.07365,0.150,0.180,0.000,1.0000,1.0000,TRACKING,L+C
1786983848.161,43.3,0.925,0.824,0.000,0.6795,0.1454,-5.99,-1.65892,0.150,0.180,0.000,1.0000,1.0000,TRACKING,prediction
1786983848.191,43.3,0.000,0.918,0.838,0.6916,-0.1566,-0.64,-0.16369,0.184,0.180,0.000,-1.0000,0.0845,TRACKING,R+C
1786983848.219,43.3,0.000,0.912,0.839,0.6894,-0.1513,-1.52,-0.20245,0.180,0.180,0.000,-1.0000,-0.7187,TRACKING,R+C
1786983848.239,43.3,0.000,0.908,0.826,0.6513,-0.1448,-1.50,-0.16609,0.183,0.180,0.000,-1.0000,-0.9577,TRACKING,R+C
1786983848.265,43.3,0.000,0.899,0.824,0.6453,-0.1417,-3.46,-0.32675,0.167,0.180,0.000,-1.0000,-0.9936,TRACKING,R+C
1786983848.293,43.3,0.000,0.899,0.822,0.6264,-0.1380,-3.41,-0.24097,0.176,0.180,0.000,-1.0000,-0.9990,TRACKING,R+C
1786983848.315,43.3,0.000,0.892,0.823,0.6310,-0.1353,-3.18,-0.21365,0.179,0.180,0.000,-1.0000,-0.9999,TRACKING,R+C
1786983848.331,43.3,0.000,0.889,0.822,0.6286,-0.1383,-7.82,-0.59103,0.150,0.180,0.000,-1.0000,-1.0000,TRACKING,R+C
1786983848.346,43.3,0.000,0.891,0.817,0.6246,-0.1397,-8.08,-0.58115,0.150,0.180,0.000,-1.0000,-1.0000,TRACKING,R+C
1786983848.362,41.8,0.000,0.884,0.821,0.6206,-0.1417,-9.11,-0.70251,0.150,0.180,0.000,-1.0000,-1.0000,TRACKING,R+C
1786983848.381,41.8,0.000,0.881,0.820,0.6220,-0.1371,-6.74,-0.47959,0.152,0.180,0.000,-1.0000,-1.0000,TRACKING,R+C
1786983848.404,41.8,0.000,0.874,0.818,0.6195,-0.1390,-12.19,-0.92778,0.150,0.180,0.000,-1.0000,-1.0000,TRACKING,R+C
1786983848.427,41.8,0.000,0.870,0.832,0.5386,-0.1249,-7.23,-0.55008,0.150,0.180,0.000,-1.0000,-1.0000,TRACKING,R+C
1786983848.453,41.8,0.000,0.866,0.822,0.5225,-0.1219,-12.62,-0.99242,0.150,0.180,0.000,-1.0000,-1.0000,TRACKING,R+C
1786983848.481,41.8,0.000,0.866,0.822,0.5225,-0.0975,-10.09,-0.79394,0.150,0.180,0.000,-1.0000,-1.0000,TRACKING,prediction
1786983848.502,41.8,0.953,0.873,0.824,0.4494,-0.1028,-13.98,-1.08792,0.150,0.180,0.000,-1.0000,-1.0000,TRACKING,L+C+R_fused
1786983848.532,41.8,0.947,0.870,0.818,0.4752,-0.0967,-15.89,-1.25157,0.150,0.180,0.000,-0.9815,-0.9848,TRACKING,L+C+R_fused
1786983848.552,41.8,0.946,0.874,0.831,0.4962,-0.0883,-15.11,-1.23238,0.150,0.180,0.000,-0.9197,-0.9316,TRACKING,L+C+R_fused
1786983848.573,41.8,0.947,0.875,0.831,0.4910,-0.0817,-14.69,-1.26068,0.150,0.180,0.000,-0.8663,-0.8794,TRACKING,L+C+R_fused
1786983848.600,41.8,0.940,0.879,0.846,0.4968,-0.0815,-16.96,-1.37950,0.150,0.180,0.000,-0.8173,-0.8309,TRACKING,L+C+R_fused
1786983848.619,41.8,0.938,0.880,0.855,0.4673,-0.0726,-16.04,-1.45375,0.150,0.180,0.000,-0.7505,-0.7683,TRACKING,L+C+R_fused
1786983848.644,41.8,0.938,0.879,0.855,0.4829,-0.0633,-16.35,-1.48836,0.150,0.180,0.000,-0.6259,-0.6546,TRACKING,L+C+R_fused
1786983848.669,41.8,0.928,0.872,0.861,0.4929,-0.0451,-12.01,-1.32193,0.150,0.180,0.000,-0.4911,-0.5239,TRACKING,L+C+R_fused
1786983848.691,41.8,0.934,0.872,0.882,0.5020,-0.0361,-12.23,-1.38230,0.150,0.180,0.000,-0.3505,-0.3856,TRACKING,L+C+R_fused
1786983848.718,41.8,0.924,0.883,0.882,0.5114,-0.0305,-14.16,-1.58055,0.150,0.180,0.000,-0.2139,-0.2495,TRACKING,L+C+R_fused
1786983848.747,41.8,0.936,0.882,0.875,0.5023,-0.0240,-14.44,-1.68761,0.150,0.180,0.000,-0.1091,-0.1405,TRACKING,L+C+R_fused
1786983848.778,41.8,0.932,0.885,0.877,0.5011,-0.0190,-12.22,-1.60182,0.150,0.180,0.000,-0.0998,-0.1162,TRACKING,L+C+R_fused
1786983848.801,41.8,0.939,0.884,0.836,0.4980,-0.0116,-10.43,-1.62973,0.150,0.180,0.000,-0.0502,-0.0711,TRACKING,L+C+R_fused
1786983848.818,41.8,0.938,0.885,0.892,0.4914,-0.0060,-8.68,-1.57489,0.150,0.180,0.000,-0.0169,-0.0359,TRACKING,L+C+R_fused
1786983848.841,41.8,0.935,0.882,0.888,0.4893,-0.0013,-8.24,-1.61286,0.150,0.180,0.000,0.0408,0.0186,TRACKING,L+C+R_fused
1786983848.869,41.8,0.940,0.881,0.887,0.4877,0.0045,-7.18,-1.59726,0.150,0.180,0.000,0.1001,0.0782,TRACKING,L+C+R_fused
1786983848.889,41.8,0.954,0.883,0.904,0.4823,0.0067,-5.37,-1.55010,0.150,0.180,0.000,0.0694,0.0596,TRACKING,L+C+R_fused
1786983848.920,41.8,0.972,0.882,0.912,0.5007,0.0098,-2.41,-1.46428,0.150,0.180,0.000,0.0113,0.0054,TRACKING,L+C+R_fused
1786983848.941,41.8,0.000,0.879,0.906,0.4960,0.0052,-3.51,-1.57579,0.150,0.180,0.000,-0.0433,-0.0501,TRACKING,R+C
1786983848.963,41.8,0.000,0.876,0.920,0.5039,0.0102,0.61,-1.40053,0.150,0.180,0.000,-0.1032,-0.1100,TRACKING,R+C
1786983848.974,41.8,0.000,0.880,0.918,0.5103,0.0068,0.75,-1.45139,0.150,0.180,0.000,-0.1792,-0.1841,TRACKING,R+C
1786983848.994,41.8,0.000,0.880,0.922,0.5109,0.0028,0.08,-1.55878,0.150,0.180,0.000,-0.2380,-0.2455,TRACKING,R+C
1786983849.019,41.8,0.000,0.882,0.926,0.5212,0.0043,2.96,-1.37222,0.150,0.180,0.000,-0.3040,-0.3103,TRACKING,R+C
1786983849.044,41.8,0.000,0.880,0.925,0.5300,-0.0045,1.09,-1.55570,0.150,0.180,0.000,-0.4008,-0.4020,TRACKING,R+C
1786983849.068,41.8,0.000,0.880,0.922,0.5386,-0.0049,3.55,-1.42843,0.150,0.180,0.000,-0.4855,-0.4867,TRACKING,R+C
1786983849.096,41.8,0.000,0.881,0.921,0.5427,-0.0096,2.10,-1.58709,0.150,0.180,0.000,-0.5238,-0.5315,TRACKING,R+C
1786983849.120,41.8,0.000,0.881,0.921,0.5427,-0.0076,1.68,-1.26968,0.150,0.180,0.000,-0.5238,-0.5381,TRACKING,prediction
1786983849.148,41.8,0.000,0.882,0.920,0.5588,-0.0096,5.90,-1.33182,0.150,0.180,0.000,-0.6271,-0.6252,TRACKING,R+C
1786983849.177,41.8,0.000,0.881,0.914,0.5475,-0.0065,5.58,-1.43593,0.150,0.180,0.000,-0.5865,-0.6047,TRACKING,R+C
1786983849.196,41.8,0.000,0.881,0.914,0.5475,-0.0052,4.47,-1.14875,0.150,0.180,0.000,-0.5865,-0.6016,TRACKING,prediction
1786983849.226,41.8,0.000,0.881,0.914,0.5475,-0.0041,3.57,-0.91900,0.150,0.180,0.000,-0.5865,-0.6012,TRACKING,prediction
1786983849.255,41.8,0.000,0.878,0.917,0.5527,0.0008,6.00,-1.46589,0.150,0.180,0.000,-0.5004,-0.5297,TRACKING,R+C
1786983849.283,41.8,0.000,0.875,0.910,0.5527,-0.0027,5.80,-1.49864,0.150,0.180,0.000,-0.5505,-0.5609,TRACKING,R+C
1786983849.301,41.8,0.000,0.875,0.910,0.5527,-0.0022,4.64,-1.19891,0.150,0.180,0.000,-0.5505,-0.5655,TRACKING,prediction
1786983849.321,41.8,0.000,0.877,0.909,0.5671,-0.0089,7.34,-1.36644,0.150,0.180,0.000,-0.6732,-0.6680,TRACKING,R+C
1786983849.345,41.8,0.000,0.880,0.917,0.5680,-0.0100,7.38,-1.38358,0.150,0.180,0.000,-0.6905,-0.6974,TRACKING,R+C
1786983849.367,41.8,0.000,0.877,0.912,0.5703,-0.0055,10.60,-1.07444,0.150,0.180,0.000,-0.7014,-0.7105,TRACKING,R+C
1786983849.388,41.8,0.000,0.880,0.916,0.5686,-0.0085,8.68,-1.24322,0.150,0.180,0.000,-0.6970,-0.7090,TRACKING,R+C
1786983849.410,41.8,0.000,0.880,0.916,0.5686,-0.0068,6.94,-0.99458,0.150,0.180,0.000,-0.6970,-0.7088,TRACKING,prediction
1786983849.438,41.8,0.000,0.880,0.916,0.5686,-0.0055,5.55,-0.79566,0.150,0.180,0.000,-0.6970,-0.7088,TRACKING,prediction
1786983849.459,41.8,0.000,0.880,0.916,0.5686,-0.0044,4.44,-0.63653,0.150,0.180,0.000,-0.6970,-0.7088,TRACKING,prediction
1786983849.488,41.8,0.000,0.880,0.916,0.5686,-0.0035,3.55,-0.50922,0.150,0.180,0.000,-0.6970,-0.7088,TRACKING,prediction
1786983849.512,41.8,0.000,0.880,0.916,0.5686,-0.0028,2.84,-0.40738,0.150,0.180,0.000,-0.6970,-0.7088,TRACKING,prediction
1786983849.535,41.8,0.000,0.880,0.916,0.5686,-0.0022,2.27,-0.32590,0.150,0.180,0.000,-0.6970,-0.7088,TRACKING,prediction
1786983849.565,41.8,0.000,0.880,0.916,0.5686,-0.0018,1.82,-0.26072,0.150,0.180,0.000,-0.6970,-0.7088,TRACKING,prediction
1786983849.588,41.8,0.000,0.880,0.916,0.5686,-0.0014,1.46,-0.20858,0.150,0.180,0.000,-0.6970,-0.7088,TRACKING,prediction
1786983849.616,41.8,0.000,0.880,0.916,0.5686,-0.0011,1.16,-0.16686,0.150,0.180,0.000,-0.6970,-0.7088,TRACKING,prediction
1786983849.645,41.8,0.000,0.880,0.916,0.5686,-0.0009,0.93,-0.13349,0.150,0.700,0.000,-0.6970,-0.7088,TRACKING,prediction
1786983849.666,41.8,0.000,0.883,0.906,0.6005,-0.0408,10.94,-0.98251,0.150,0.700,0.000,-1.0000,-0.6673,TRACKING,R+C
1786983849.683,41.8,0.000,0.883,0.906,0.6005,-0.0326,8.75,-0.78600,0.150,0.700,0.000,-1.0000,-0.6615,TRACKING,prediction
1786983849.706,41.8,0.000,0.883,0.906,0.6005,-0.0261,7.00,-0.62880,0.150,0.700,0.000,-1.0000,-0.6606,TRACKING,prediction
1786983849.731,41.8,0.000,0.883,0.906,0.6005,-0.0209,5.60,-0.50304,0.150,0.700,0.000,-1.0000,-0.6605,TRACKING,prediction
1786983849.752,41.8,0.000,0.883,0.906,0.6005,-0.0167,4.48,-0.40243,0.150,0.700,0.000,-1.0000,-0.6605,TRACKING,prediction
1786983849.780,41.8,0.000,0.883,0.906,0.6005,-0.0134,3.59,-0.32195,0.150,0.700,0.000,-1.0000,-0.6605,TRACKING,prediction
1786983849.805,41.8,0.000,0.883,0.906,0.6005,-0.0107,2.87,-0.25756,0.150,0.700,0.000,-1.0000,-0.6605,TRACKING,prediction
1786983849.834,41.8,0.000,0.883,0.906,0.6005,-0.0086,2.29,-0.20605,0.150,0.700,0.000,-1.0000,-0.6605,TRACKING,prediction
1786983849.859,41.8,0.000,0.883,0.906,0.6005,-0.0068,1.84,-0.16484,0.150,0.700,0.000,-1.0000,-0.6605,TRACKING,prediction
1786983849.885,41.8,0.000,0.901,0.905,0.6031,-0.0685,8.64,-0.97997,0.150,0.700,0.000,-1.0000,-0.6618,TRACKING,R+C
1786983849.910,41.8,0.000,0.901,0.905,0.6031,-0.0548,6.91,-0.78398,0.150,0.700,0.000,-1.0000,-0.6618,TRACKING,prediction
1786983849.927,41.8,0.000,0.901,0.905,0.6031,-0.0438,5.53,-0.62718,0.150,0.700,0.000,-1.0000,-0.6618,TRACKING,prediction
1786983849.945,41.8,0.000,0.901,0.905,0.6031,-0.0350,4.42,-0.50175,0.150,0.700,0.000,-1.0000,-0.6618,TRACKING,prediction
1786983849.976,41.8,0.000,0.901,0.905,0.6031,-0.0280,3.54,-0.40140,0.150,0.700,0.000,-1.0000,-0.6618,TRACKING,prediction
1786983850.002,41.8,0.000,0.901,0.905,0.6031,-0.0224,2.83,-0.32112,0.150,0.700,0.000,-1.0000,-0.6618,TRACKING,prediction
1786983850.028,41.8,0.000,0.901,0.905,0.6031,-0.0179,2.27,-0.25689,0.150,0.180,0.000,-1.0000,-0.6618,TRACKING,prediction
1786983850.051,41.8,0.000,0.916,0.904,0.5926,-0.0697,9.04,-0.78208,0.150,0.180,0.000,-1.0000,-0.9505,TRACKING,R+C
1786983850.067,41.8,0.000,0.923,0.906,0.5843,-0.0661,9.27,-0.72232,0.150,0.180,0.000,-1.0000,-0.9926,TRACKING,R+C
1786983850.092,41.8,0.000,0.923,0.906,0.5843,-0.0529,7.41,-0.57786,0.150,0.180,0.000,-1.0000,-0.9989,TRACKING,prediction
1786983850.119,41.8,0.000,0.923,0.906,0.5843,-0.0423,5.93,-0.46228,0.150,0.180,0.000,-1.0000,-0.9998,TRACKING,prediction
1786983850.141,41.8,0.000,0.929,0.904,0.5743,-0.0605,9.30,-0.62454,0.150,0.180,0.000,-1.0000,-1.0000,TRACKING,R+C
1786983850.163,41.8,0.000,0.930,0.905,0.5739,-0.0614,9.71,-0.58528,0.150,0.180,0.000,-1.0000,-1.0000,TRACKING,R+C
1786983850.181,41.8,0.000,0.930,0.905,0.5739,-0.0491,7.77,-0.46822,0.150,0.180,0.000,-1.0000,-1.0000,TRACKING,prediction
1786983850.198,41.8,0.000,0.930,0.905,0.5739,-0.0393,6.22,-0.37458,0.150,0.180,0.000,-1.0000,-1.0000,TRACKING,prediction
1786983850.214,41.8,0.000,0.930,0.906,0.5707,-0.0683,7.90,-0.69029,0.150,0.180,0.000,-1.0000,-1.0000,TRACKING,R+C
1786983850.241,41.8,0.000,0.930,0.906,0.5707,-0.0547,6.32,-0.55224,0.150,0.180,0.000,-1.0000,-1.0000,TRACKING,prediction
1786983850.268,41.8,0.000,0.933,0.908,0.5739,-0.0754,7.98,-0.63923,0.150,0.180,0.000,-1.0000,-1.0000,TRACKING,R+C
1786983850.289,41.8,0.000,0.934,0.907,0.5724,-0.0788,8.57,-0.57854,0.150,0.180,0.000,-1.0000,-1.0000,TRACKING,R+C
1786983850.315,41.8,0.000,0.936,0.903,0.5690,-0.0844,7.23,-0.67392,0.150,0.180,0.000,-1.0000,-1.0000,TRACKING,R+C
1786983850.342,41.8,0.000,0.935,0.906,0.5680,-0.0851,6.87,-0.70172,0.150,0.180,0.000,-1.0000,-1.0000,TRACKING,R+C
1786983850.366,41.8,0.000,0.933,0.906,0.5700,-0.0835,6.72,-0.67442,0.150,0.180,0.000,-1.0000,-1.0000,TRACKING,R+C
1786983850.394,41.9,0.000,0.931,0.906,0.5654,-0.0804,6.27,-0.68663,0.150,0.180,0.000,-1.0000,-1.0000,TRACKING,R+C
1786983850.421,41.9,0.000,0.927,0.909,0.5610,-0.0779,5.18,-0.74673,0.150,0.180,0.000,-1.0000,-1.0000,TRACKING,R+C
1786983850.433,41.9,0.000,0.927,0.907,0.5548,-0.0738,4.99,-0.75444,0.150,0.180,0.000,-1.0000,-1.0000,TRACKING,R+C
1786983850.451,41.9,0.000,0.925,0.909,0.5526,-0.0678,5.81,-0.67311,0.150,0.180,0.000,-1.0000,-1.0000,TRACKING,R+C
1786983850.472,41.9,0.000,0.926,0.914,0.5499,-0.0635,5.54,-0.66093,0.150,0.180,0.000,-1.0000,-1.0000,TRACKING,R+C
1786983850.490,41.9,0.000,0.926,0.914,0.5499,-0.0508,4.43,-0.52875,0.150,0.180,0.000,-1.0000,-1.0000,TRACKING,prediction
1786983850.512,41.9,0.000,0.918,0.917,0.5377,-0.0523,5.66,-0.60895,0.150,0.180,0.000,-1.0000,-1.0000,TRACKING,R+C
1786983850.534,41.9,0.000,0.920,0.915,0.5325,-0.0467,5.10,-0.61357,0.150,0.180,0.000,-0.9418,-0.9524,TRACKING,R+C
1786983850.563,41.9,0.000,0.923,0.919,0.5294,-0.0434,4.16,-0.66932,0.150,0.180,0.000,-0.8924,-0.9047,TRACKING,R+C
1786983850.579,41.9,0.000,0.926,0.923,0.5261,-0.0382,4.40,-0.65170,0.150,0.180,0.000,-0.8422,-0.8560,TRACKING,R+C
1786983850.595,41.9,0.000,0.930,0.924,0.5314,-0.0390,3.92,-0.68111,0.150,0.180,0.000,-0.8411,-0.8478,TRACKING,R+C
1786983850.615,41.9,0.000,0.923,0.921,0.5344,-0.0419,3.26,-0.71055,0.150,0.180,0.000,-0.8567,-0.8595,TRACKING,R+C
1786983850.631,41.9,0.000,0.928,0.918,0.5359,-0.0404,4.27,-0.64953,0.150,0.180,0.000,-0.8615,-0.8653,TRACKING,R+C
1786983850.647,41.9,0.000,0.926,0.921,0.5340,-0.0406,3.07,-0.74245,0.150,0.180,0.000,-0.8414,-0.8495,TRACKING,R+C
1786983850.662,41.9,0.969,0.922,0.921,0.4857,-0.0332,4.03,-0.69470,0.150,0.180,0.000,-0.7796,-0.7960,TRACKING,L+C+R_fused
1786983850.687,41.9,0.963,0.924,0.925,0.5118,-0.0281,4.94,-0.60632,0.150,0.180,0.000,-0.7352,-0.7509,TRACKING,L+C+R_fused
1786983850.716,41.9,0.962,0.924,0.918,0.5233,-0.0269,4.03,-0.65641,0.150,0.180,0.000,-0.6972,-0.7125,TRACKING,L+C+R_fused
1786983850.746,41.9,0.962,0.924,0.922,0.5338,-0.0263,4.00,-0.67258,0.150,0.180,0.000,-0.6906,-0.7013,TRACKING,L+C+R_fused
1786983850.767,41.9,0.964,0.924,0.925,0.5245,-0.0275,4.24,-0.66092,0.150,0.180,0.000,-0.7134,-0.7187,TRACKING,L+C+R_fused
1786983850.796,41.9,0.964,0.924,0.925,0.5245,-0.0220,3.39,-0.52874,0.150,0.180,0.000,-0.7134,-0.7213,TRACKING,prediction
1786983850.823,41.9,0.965,0.921,0.922,0.5206,-0.0262,3.67,-0.68459,0.150,0.180,0.000,-0.6808,-0.6944,TRACKING,L+C+R_fused
1786983850.849,41.9,0.964,0.915,0.921,0.5195,-0.0208,3.07,-0.73598,0.150,0.180,0.000,-0.5936,-0.6174,TRACKING,L+C+R_fused
1786983850.880,41.9,0.961,0.920,0.917,0.5216,-0.0120,3.68,-0.69461,0.150,0.180,0.000,-0.4816,-0.5116,TRACKING,L+C+R_fused
1786983850.905,41.9,0.959,0.919,0.917,0.5167,-0.0044,4.78,-0.59554,0.150,0.180,0.000,-0.3897,-0.4179,TRACKING,L+C+R_fused
1786983850.922,41.9,0.960,0.918,0.916,0.5069,-0.0029,3.29,-0.72910,0.150,0.180,0.000,-0.3254,-0.3497,TRACKING,L+C+R_fused
1786983850.938,41.9,0.960,0.923,0.917,0.5099,0.0003,4.21,-0.68210,0.150,0.180,0.000,-0.3043,-0.3217,TRACKING,L+C+R_fused
1786983850.966,41.9,0.960,0.921,0.918,0.5041,0.0001,4.04,-0.73247,0.150,0.180,0.000,-0.3083,-0.3213,TRACKING,L+C+R_fused
1786983850.986,41.9,0.960,0.920,0.919,0.5048,0.0004,4.43,-0.70586,0.150,0.180,0.000,-0.3159,-0.3276,TRACKING,L+C+R_fused
1786983851.016,41.9,0.960,0.914,0.921,0.5000,0.0028,4.70,-0.72141,0.150,0.180,0.000,-0.2892,-0.3061,TRACKING,L+C+R_fused
1786983851.044,41.9,0.961,0.917,0.920,0.4934,0.0031,2.81,-0.86770,0.150,0.180,0.000,-0.2294,-0.2521,TRACKING,L+C+R_fused
1786983851.071,41.9,0.957,0.918,0.919,0.4908,0.0057,2.83,-0.88560,0.150,0.180,0.000,-0.1883,-0.2092,TRACKING,L+C+R_fused
1786983851.092,41.9,0.960,0.916,0.924,0.4874,0.0069,3.97,-0.82963,0.150,0.180,0.000,-0.2070,-0.2190,TRACKING,L+C+R_fused
1786983851.108,41.9,0.960,0.917,0.921,0.4892,0.0049,4.30,-0.81893,0.150,0.180,0.000,-0.2540,-0.2605,TRACKING,L+C+R_fused
1786983851.125,41.9,0.961,0.918,0.923,0.4945,0.0005,3.37,-0.93639,0.150,0.180,0.000,-0.3092,-0.3141,TRACKING,L+C+R_fused
1786983851.154,41.9,0.959,0.917,0.920,0.4930,-0.0013,3.37,-0.98785,0.150,0.180,0.000,-0.3471,-0.3545,TRACKING,L+C+R_fused
1786983851.180,41.9,0.963,0.914,0.921,0.4779,-0.0041,2.13,-1.07994,0.150,0.180,0.000,-0.3576,-0.3694,TRACKING,L+C+R_fused
1786983851.201,41.9,0.961,0.918,0.918,0.4891,-0.0023,1.96,-1.11764,0.150,0.180,0.000,-0.3266,-0.3455,TRACKING,L+C+R_fused
1786983851.234,41.9,0.961,0.919,0.919,0.4932,-0.0027,1.82,-1.10735,0.150,0.180,0.000,-0.3257,-0.3411,TRACKING,L+C+R_fused
1786983851.265,41.9,0.962,0.913,0.920,0.4847,-0.0039,2.40,-1.06643,0.150,0.180,0.000,-0.3638,-0.3727,TRACKING,L+C+R_fused
1786983851.285,41.9,0.825,0.914,0.914,0.4518,-0.0050,3.94,-0.95944,0.150,0.180,0.000,-0.4264,-0.4302,TRACKING,L+C+R_fused
1786983851.309,41.9,0.000,0.918,0.916,0.5062,-0.0098,3.73,-0.99792,0.150,0.180,0.000,-0.4973,-0.4986,TRACKING,R+C
1786983851.331,41.9,0.000,0.919,0.918,0.5071,-0.0115,4.04,-0.99711,0.150,0.180,0.000,-0.5345,-0.5401,TRACKING,R+C
1786983851.348,41.9,0.000,0.918,0.917,0.5086,-0.0147,3.41,-1.02089,0.150,0.180,0.000,-0.5623,-0.5695,TRACKING,R+C
1786983851.374,41.9,0.000,0.917,0.916,0.5075,-0.0099,4.58,-0.92800,0.150,0.180,0.000,-0.5207,-0.5388,TRACKING,R+C
1786983851.388,41.9,0.000,0.913,0.919,0.5043,-0.0035,3.83,-1.00216,0.150,0.180,0.000,-0.4048,-0.4368,TRACKING,R+C
1786983851.415,44.1,0.000,0.903,0.919,0.4972,0.0031,4.40,-0.92491,0.150,0.180,0.000,-0.3071,-0.3387,TRACKING,R+C
1786983851.442,44.1,0.977,0.908,0.918,0.4805,0.0088,3.26,-1.04368,0.150,0.180,0.000,-0.1821,-0.2182,TRACKING,L+C+R_fused
1786983851.472,44.1,0.971,0.907,0.916,0.4802,0.0136,3.04,-1.08741,0.150,0.180,0.000,-0.0954,-0.1266,TRACKING,L+C+R_fused
1786983851.501,44.1,0.970,0.911,0.920,0.4810,0.0176,4.50,-0.97391,0.150,0.180,0.000,-0.0690,-0.0902,TRACKING,L+C+R_fused
1786983851.528,44.1,0.974,0.910,0.921,0.4927,0.0186,5.64,-0.87132,0.150,0.180,0.000,-0.0848,-0.0981,TRACKING,L+C+R_fused
1786983851.559,44.1,0.849,0.910,0.918,0.4622,0.0191,5.44,-0.90803,0.150,0.180,0.000,-0.0730,-0.0894,TRACKING,L+C+R_fused
1786983851.581,44.1,0.948,0.907,0.924,0.4745,0.0218,4.51,-0.99601,0.150,0.180,0.000,0.0008,-0.0250,TRACKING,L+C+R_fused
1786983851.598,44.1,0.971,0.900,0.925,0.4849,0.0268,4.79,-0.94193,0.150,0.180,0.000,0.0870,0.0601,TRACKING,L+C+R_fused
1786983851.614,44.1,0.958,0.902,0.927,0.4937,0.0355,4.69,-1.00921,0.150,0.180,0.000,0.2298,0.1965,TRACKING,L+C+R_fused
1786983851.637,44.1,0.956,0.900,0.925,0.4974,0.0371,3.06,-1.12630,0.150,0.180,0.000,0.3082,0.2849,TRACKING,L+C+R_fused
1786983851.653,44.1,0.956,0.904,0.927,0.5017,0.0461,4.76,-1.06938,0.150,0.180,0.000,0.3933,0.3718,TRACKING,L+C+R_fused
1786983851.672,44.1,0.958,0.899,0.917,0.4941,0.0458,4.85,-1.04876,0.150,0.180,0.000,0.3876,0.3798,TRACKING,L+C+R_fused
1786983851.694,44.1,0.963,0.895,0.918,0.4936,0.0452,5.09,-1.14756,0.150,0.180,0.000,0.3521,0.3486,TRACKING,L+C+R_fused
1786983851.712,44.1,0.909,0.900,0.917,0.4675,0.0388,3.69,-1.25058,0.150,0.700,0.000,0.2877,0.2878,TRACKING,L+C+R_fused
1786983851.728,44.1,0.000,0.892,0.913,0.4721,0.0345,3.73,-1.25644,0.150,0.700,0.000,0.2121,0.1548,TRACKING,R+C
1786983851.742,44.1,0.000,0.895,0.918,0.4790,0.0342,6.50,-1.05810,0.150,0.700,0.000,0.1172,0.0809,TRACKING,R+C
1786983851.752,44.1,0.000,0.898,0.915,0.4869,0.0301,4.69,-1.31421,0.150,0.700,0.000,0.0804,0.0482,TRACKING,R+C
1786983851.773,44.1,0.000,0.895,0.910,0.4892,0.0258,4.75,-1.33372,0.150,0.700,0.000,-0.0021,-0.0034,TRACKING,R+C
1786983851.794,44.1,0.000,0.895,0.908,0.5012,0.0225,5.82,-1.26690,0.150,0.700,0.000,-0.0970,-0.0640,TRACKING,R+C
1786983851.820,44.1,0.000,0.895,0.908,0.5012,0.0180,4.65,-1.01352,0.150,0.180,0.000,-0.0970,-0.0729,TRACKING,prediction
1786983851.841,44.1,0.000,0.894,0.906,0.5189,0.0091,2.28,-1.67810,0.150,0.180,0.000,-0.2475,-0.2405,TRACKING,R+C
1786983851.866,44.1,0.000,0.883,0.905,0.5240,0.0121,7.37,-1.20726,0.150,0.180,0.000,-0.3365,-0.3376,TRACKING,R+C
1786983851.879,44.1,0.000,0.894,0.899,0.5255,0.0066,4.80,-1.47318,0.150,0.180,0.000,-0.3612,-0.3736,TRACKING,R+C
1786983851.907,44.1,0.000,0.896,0.903,0.5296,0.0127,7.99,-1.24336,0.150,0.180,0.000,-0.3594,-0.3772,TRACKING,R+C
1786983851.921,44.1,0.000,0.897,0.898,0.5398,0.0164,7.87,-1.30068,0.150,0.180,0.000,-0.3023,-0.3300,TRACKING,R+C
1786983851.945,44.1,0.000,0.897,0.898,0.5398,0.0132,6.30,-1.04055,0.150,0.180,0.000,-0.3023,-0.3230,TRACKING,prediction
1786983851.976,44.1,0.000,0.897,0.898,0.5398,0.0105,5.04,-0.83244,0.150,0.180,0.000,-0.3023,-0.3220,TRACKING,prediction
1786983852.001,44.1,0.000,0.897,0.898,0.5398,0.0084,4.03,-0.66595,0.150,0.180,0.000,-0.3023,-0.3218,TRACKING,prediction
1786983852.018,44.1,0.000,0.887,0.899,0.5457,0.0177,10.47,-1.16460,0.150,0.180,0.000,-0.3721,-0.3810,TRACKING,R+C
1786983852.033,44.1,0.000,0.885,0.898,0.5542,0.0066,8.83,-1.27302,0.150,0.180,0.000,-0.4958,-0.4932,TRACKING,R+C
1786983852.049,44.1,0.000,0.881,0.898,0.5590,0.0044,9.02,-1.43895,0.150,0.180,0.000,-0.5618,-0.5657,TRACKING,R+C
1786983852.071,44.1,0.000,0.884,0.895,0.5672,-0.0040,5.78,-1.78723,0.150,0.180,0.000,-0.6102,-0.6171,TRACKING,R+C
1786983852.086,44.1,0.000,0.886,0.895,0.5752,-0.0053,5.31,-1.87947,0.150,0.180,0.000,-0.6250,-0.6371,TRACKING,R+C
1786983852.109,44.1,0.000,0.887,0.895,0.5709,0.0001,7.59,-1.66239,0.150,0.180,0.000,-0.6023,-0.6209,TRACKING,R+C
1786983852.129,44.1,0.000,0.880,0.895,0.5669,0.0032,7.73,-1.66507,0.150,0.180,0.000,-0.5636,-0.5866,TRACKING,R+C
1786983852.155,44.1,0.000,0.855,0.897,0.5638,0.0085,10.07,-1.42058,0.150,0.180,0.000,-0.5414,-0.5627,TRACKING,R+C
1786983852.182,44.1,0.000,0.869,0.896,0.5608,0.0129,10.92,-1.40679,0.150,0.180,0.000,-0.5089,-0.5325,TRACKING,R+C
1786983852.202,44.1,0.000,0.862,0.900,0.5697,0.0102,10.26,-1.53430,0.150,0.180,0.000,-0.5424,-0.5563,TRACKING,R+C
1786983852.221,44.1,0.000,0.854,0.901,0.5811,0.0055,9.79,-1.72253,0.150,0.180,0.000,-0.6199,-0.6246,TRACKING,R+C
1786983852.235,44.1,0.000,0.856,0.901,0.5841,0.0009,10.15,-1.60155,0.150,0.180,0.000,-0.6765,-0.6808,TRACKING,R+C
1786983852.258,44.1,0.000,0.848,0.896,0.5854,0.0129,16.25,-1.03005,0.150,0.180,0.000,-0.6618,-0.6765,TRACKING,R+C
1786983852.274,44.1,0.000,0.861,0.897,0.5888,0.0112,12.78,-1.55325,0.150,0.180,0.000,-0.6311,-0.6519,TRACKING,R+C
1786983852.297,44.1,0.000,0.873,0.899,0.5850,0.0071,9.69,-1.85843,0.150,0.180,0.000,-0.6143,-0.6346,TRACKING,R+C
1786983852.312,44.1,0.000,0.842,0.899,0.5925,0.0137,12.85,-1.60083,0.150,0.180,0.000,-0.6061,-0.6251,TRACKING,R+C
1786983852.329,44.1,0.000,0.842,0.899,0.5925,0.0110,10.28,-1.28066,0.150,0.180,0.000,-0.6061,-0.6237,TRACKING,prediction
1786983852.349,44.1,0.000,0.842,0.899,0.5925,0.0088,8.23,-1.02453,0.150,0.180,0.000,-0.6061,-0.6235,TRACKING,prediction
1786983852.366,44.1,0.000,0.842,0.899,0.5925,0.0070,6.58,-0.81962,0.150,0.180,0.000,-0.6061,-0.6235,TRACKING,prediction
1786983852.397,44.1,0.000,0.842,0.899,0.5925,0.0056,5.26,-0.65570,0.150,0.180,0.000,-0.6061,-0.6235,TRACKING,prediction
1786983852.421,47.7,0.000,0.842,0.899,0.5925,0.0045,4.21,-0.52456,0.150,0.180,0.000,-0.6061,-0.6235,TRACKING,prediction
1786983852.446,47.7,0.000,0.842,0.899,0.5925,0.0036,3.37,-0.41965,0.150,0.180,0.000,-0.6061,-0.6235,TRACKING,prediction
1786983852.464,47.7,0.000,0.842,0.899,0.5925,0.0029,2.70,-0.33572,0.150,0.180,0.000,-0.6061,-0.6235,TRACKING,prediction
1786983852.476,47.7,0.000,0.893,0.902,0.6686,-0.0218,25.99,-0.20258,0.180,0.180,0.000,-0.9430,-0.8990,TRACKING,R+C
1786983852.496,47.7,0.000,0.893,0.902,0.6628,-0.0286,23.94,-0.25755,0.174,0.180,0.000,-0.9892,-0.9762,TRACKING,R+C
1786983852.517,47.7,0.000,0.893,0.902,0.6628,-0.0229,19.15,-0.20604,0.174,0.180,0.000,-0.9892,-0.9878,TRACKING,prediction
1786983852.544,47.7,0.000,0.893,0.902,0.6628,-0.0183,15.32,-0.16483,0.174,0.700,0.000,-0.9892,-0.9895,TRACKING,prediction
1786983852.576,47.7,0.000,0.893,0.902,0.6628,-0.0146,12.26,-0.13187,0.174,0.700,0.000,-0.9892,-0.7055,TRACKING,prediction
1786983852.595,47.7,0.000,0.893,0.902,0.6628,-0.0117,9.81,-0.10549,0.174,0.700,0.000,-0.9892,-0.6629,TRACKING,prediction
1786983852.619,47.7,0.000,0.893,0.902,0.6628,-0.0094,7.84,-0.08439,0.174,0.700,0.000,-0.9892,-0.6565,TRACKING,prediction
1786983852.649,47.7,0.000,0.893,0.902,0.6628,-0.0075,6.28,-0.06752,0.174,0.700,0.000,-0.9892,-0.6556,TRACKING,prediction
1786983852.677,47.7,0.000,0.893,0.902,0.6628,-0.0060,5.02,-0.05401,0.174,0.700,0.000,-0.9892,-0.6554,TRACKING,prediction
1786983852.696,47.7,0.000,0.893,0.902,0.6628,-0.0048,4.02,-0.04321,0.174,0.700,0.000,-0.9892,-0.6554,TRACKING,prediction
1786983852.714,47.7,0.000,0.893,0.902,0.6628,-0.0038,3.21,-0.03457,0.174,0.700,0.000,-0.9892,-0.6554,TRACKING,prediction
1786983852.738,47.7,0.000,0.893,0.902,0.6628,-0.0031,2.57,-0.02765,0.174,0.700,0.000,-0.9892,-0.6554,TRACKING,prediction
1786983852.771,47.7,0.000,0.893,0.902,0.6628,-0.0025,2.06,-0.02212,0.174,0.700,0.000,-0.9892,-0.6554,TRACKING,prediction
1786983852.792,47.7,0.000,0.893,0.902,0.6628,-0.0020,1.65,-0.01770,0.174,0.679,0.000,-0.9892,-0.6554,TRACKING,prediction
1786983852.825,47.7,0.000,0.893,0.902,0.6628,-0.0016,1.32,-0.01416,0.174,0.645,0.000,-0.9892,-0.6672,TRACKING,prediction
1786983852.857,47.7,0.000,0.893,0.902,0.6628,-0.0013,1.05,-0.01133,0.174,0.613,0.000,-0.9892,-0.6880,TRACKING,prediction
1786983852.882,47.7,0.000,0.893,0.902,0.6628,-0.0010,0.84,-0.00906,0.174,0.582,0.000,-0.9892,-0.7091,TRACKING,prediction
1786983852.903,47.7,0.000,0.893,0.902,0.6628,-0.0008,0.67,-0.00725,0.174,0.490,0.000,-0.9892,-0.7293,UNCERTAIN,prediction
1786983852.932,47.7,0.000,0.893,0.902,0.6628,-0.0006,0.54,-0.00580,0.174,0.490,0.000,-0.9892,-0.7833,UNCERTAIN,prediction
1786983852.956,47.7,0.000,0.893,0.902,0.6628,-0.0005,0.43,-0.00464,0.174,0.490,0.000,-0.9892,-0.7912,UNCERTAIN,prediction
1786983852.976,47.7,0.000,0.893,0.902,0.6628,-0.0004,0.35,-0.00371,0.174,0.474,0.000,-0.9892,-0.7924,UNCERTAIN,prediction
1786983853.011,47.7,0.000,0.893,0.902,0.6628,-0.0003,0.28,-0.00297,0.174,0.450,0.000,-0.9892,-0.8013,UNCERTAIN,prediction
1786983853.030,47.7,0.000,0.893,0.902,0.6628,-0.0003,0.22,-0.00238,0.174,0.428,0.000,-0.9892,-0.8156,UNCERTAIN,prediction
1786983853.050,47.7,0.000,0.893,0.902,0.6628,-0.0002,0.18,-0.00190,0.174,0.407,0.000,-0.9892,-0.8301,UNCERTAIN,prediction
1786983853.076,47.7,0.000,0.893,0.902,0.6628,-0.0002,0.14,-0.00152,0.174,0.386,0.000,-0.9892,-0.8439,UNCERTAIN,prediction
1786983853.100,47.7,0.000,0.893,0.902,0.6628,-0.0001,0.11,-0.00122,0.174,0.180,0.000,-0.9892,-0.8570,UNCERTAIN,prediction
1786983853.119,47.7,0.000,0.893,0.902,0.6628,-0.0001,0.09,-0.00097,0.174,0.180,0.000,-0.9892,-0.9701,UNCERTAIN,prediction
1786983853.148,47.7,0.000,0.893,0.902,0.6628,-0.0001,0.07,-0.00078,0.174,0.180,0.000,-0.9892,-0.9869,UNCERTAIN,prediction
1786983853.168,47.7,0.000,0.893,0.902,0.6628,-0.0001,0.06,-0.00062,0.174,0.180,0.000,-0.9892,-0.9894,UNCERTAIN,prediction
1786983853.183,47.7,0.645,0.900,0.920,0.4555,-0.0614,2.48,-0.31645,0.168,0.180,0.000,-0.8441,-0.8704,TRACKING,L+C+R_fused
1786983853.201,47.7,0.966,0.895,0.920,0.4887,-0.0553,0.82,-0.46880,0.153,0.180,0.000,-0.8796,-0.8813,TRACKING,L+C+R_fused
1786983853.231,47.7,0.961,0.889,0.923,0.5007,-0.0538,-2.52,-0.68119,0.150,0.180,0.000,-0.8253,-0.8379,TRACKING,L+C+R_fused
1786983853.265,47.7,0.960,0.892,0.925,0.4843,-0.0466,-2.93,-0.73300,0.150,0.180,0.000,-0.7348,-0.7560,TRACKING,L+C+R_fused
1786983853.292,47.7,0.960,0.885,0.931,0.4896,-0.0425,-4.36,-0.86577,0.150,0.180,0.000,-0.6536,-0.6758,TRACKING,L+C+R_fused
1786983853.316,47.7,0.961,0.887,0.931,0.4971,-0.0424,-4.82,-0.87061,0.150,0.180,0.000,-0.6387,-0.6512,TRACKING,L+C+R_fused
1786983853.340,47.7,0.959,0.888,0.926,0.4978,-0.0406,-4.31,-0.89201,0.150,0.180,0.000,-0.6338,-0.6437,TRACKING,L+C+R_fused
1786983853.356,47.7,0.964,0.884,0.931,0.4717,-0.0407,-5.13,-1.00467,0.150,0.180,0.000,-0.6241,-0.6347,TRACKING,L+C+R_fused
1786983853.379,47.7,0.971,0.884,0.932,0.4686,-0.0415,-6.45,-1.11070,0.150,0.180,0.000,-0.6044,-0.6169,TRACKING,L+C+R_fused
1786983853.398,47.7,0.971,0.883,0.933,0.4683,-0.0383,-8.86,-1.33531,0.150,0.180,0.000,-0.5077,-0.5333,TRACKING,L+C+R_fused
1786983853.421,42.0,0.962,0.880,0.931,0.4766,-0.0252,-5.98,-1.15984,0.150,0.180,0.000,-0.3841,-0.4159,TRACKING,L+C+R_fused
1786983853.446,42.0,0.958,0.885,0.937,0.4841,-0.0196,-8.11,-1.38750,0.150,0.180,0.000,-0.2437,-0.2800,TRACKING,L+C+R_fused
1786983853.479,42.0,0.957,0.889,0.937,0.4875,-0.0177,-12.53,-1.68319,0.150,0.180,0.000,-0.0782,-0.1191,TRACKING,L+C+R_fused
1786983853.504,42.0,0.957,0.892,0.937,0.4862,-0.0107,-10.97,-1.62336,0.150,0.180,0.000,-0.0105,-0.0370,TRACKING,L+C+R_fused
1786983853.535,42.0,0.959,0.895,0.939,0.4888,-0.0059,-9.84,-1.63716,0.150,0.180,0.000,0.0230,0.0035,TRACKING,L+C+R_fused
1786983853.554,42.0,0.958,0.894,0.933,0.4872,-0.0013,-9.41,-1.64168,0.150,0.180,0.000,0.0862,0.0645,TRACKING,L+C+R_fused
1786983853.564,42.0,0.956,0.895,0.934,0.4935,0.0053,-10.46,-1.83973,0.150,0.180,0.000,0.2076,0.1776,TRACKING,L+C+R_fused
1786983853.591,42.0,0.956,0.895,0.939,0.4953,0.0148,-9.77,-1.83889,0.150,0.180,0.000,0.3410,0.3107,TRACKING,L+C+R_fused
1786983853.609,42.0,0.952,0.891,0.937,0.4978,0.0252,-7.80,-1.74741,0.150,0.180,0.000,0.4473,0.4233,TRACKING,L+C+R_fused
1786983853.636,42.0,0.950,0.890,0.939,0.4964,0.0329,-8.03,-1.82579,0.150,0.180,0.000,0.5589,0.5369,TRACKING,L+C+R_fused
1786983853.655,42.0,0.948,0.896,0.939,0.4993,0.0491,-4.30,-1.74483,0.150,0.180,0.000,0.6689,0.6491,TRACKING,L+C+R_fused
1786983853.683,42.0,0.949,0.897,0.937,0.5009,0.0541,-2.69,-1.66561,0.150,0.180,0.000,0.6928,0.6864,TRACKING,L+C+R_fused
1786983853.711,42.0,0.954,0.898,0.940,0.4972,0.0564,-2.21,-1.75486,0.150,0.180,0.000,0.6949,0.6927,TRACKING,L+C+R_fused
1786983853.741,42.0,0.955,0.895,0.937,0.4907,0.0555,-2.30,-1.82245,0.150,0.180,0.000,0.6780,0.6782,TRACKING,L+C+R_fused
1786983853.770,42.0,0.972,0.894,0.938,0.4897,0.0562,-1.27,-1.83362,0.150,0.180,0.000,0.6515,0.6520,TRACKING,L+C+R_fused
1786983853.785,42.0,0.000,0.894,0.936,0.4587,0.0575,0.05,-1.80872,0.150,0.180,0.000,0.6275,0.6266,TRACKING,R+C
1786983853.813,42.0,0.000,0.898,0.929,0.4711,0.0606,1.92,-1.67874,0.150,0.180,0.000,0.6239,0.6200,TRACKING,R+C
1786983853.827,42.0,0.000,0.897,0.930,0.4763,0.0653,4.11,-1.58927,0.150,0.700,0.000,0.6246,0.6190,TRACKING,R+C
1786983853.843,42.0,0.000,0.897,0.926,0.4739,0.0653,3.99,-1.60393,0.150,0.180,0.000,0.6267,0.4367,TRACKING,R+C
1786983853.865,42.0,0.000,0.893,0.925,0.4842,0.0677,5.75,-1.59514,0.150,0.180,0.000,0.5965,0.5651,TRACKING,R+C
1786983853.881,42.0,0.000,0.895,0.926,0.4872,0.0639,6.02,-1.57318,0.150,0.180,0.000,0.5359,0.5319,TRACKING,R+C
1786983853.902,42.0,0.000,0.888,0.923,0.5018,0.0595,7.18,-1.48490,0.150,0.180,0.000,0.4357,0.4394,TRACKING,R+C
1786983853.915,42.0,0.000,0.889,0.920,0.5158,0.0543,6.36,-1.66843,0.150,0.180,0.000,0.3565,0.3552,TRACKING,R+C
1786983853.935,42.0,0.000,0.888,0.922,0.5267,0.0519,10.71,-1.28342,0.150,0.180,0.000,0.1878,0.1965,TRACKING,R+C
1786983853.955,42.0,0.000,0.889,0.920,0.5311,0.0439,9.30,-1.46370,0.150,0.180,0.000,0.0807,0.0786,TRACKING,R+C
1786983853.969,42.0,0.000,0.885,0.916,0.5343,0.0386,8.54,-1.64216,0.150,0.180,0.000,-0.0113,-0.0203,TRACKING,R+C
1786983853.991,42.0,0.000,0.888,0.916,0.5523,0.0326,10.14,-1.53247,0.150,0.180,0.000,-0.1734,-0.1719,TRACKING,R+C
1786983854.009,42.0,0.000,0.888,0.916,0.5523,0.0261,8.11,-1.22598,0.150,0.180,0.000,-0.1734,-0.1940,TRACKING,prediction
1786983854.033,42.0,0.000,0.888,0.916,0.5523,0.0209,6.49,-0.98078,0.150,0.180,0.000,-0.1734,-0.1973,TRACKING,prediction
1786983854.048,42.0,0.000,0.888,0.912,0.5865,0.0130,13.97,-1.19776,0.150,0.180,0.000,-0.5969,-0.5519,TRACKING,R+C
1786983854.068,42.0,0.000,0.888,0.912,0.5865,0.0104,11.17,-0.95821,0.150,0.180,0.000,-0.5969,-0.6038,TRACKING,prediction
1786983854.097,42.0,0.000,0.893,0.908,0.6146,-0.0022,14.91,-1.09956,0.150,0.180,0.000,-0.8093,-0.7864,TRACKING,R+C
1786983854.130,42.0,0.000,0.893,0.908,0.6146,-0.0018,11.93,-0.87964,0.150,0.180,0.000,-0.8093,-0.8134,TRACKING,prediction
1786983854.148,42.0,0.000,0.893,0.908,0.6146,-0.0014,9.54,-0.70372,0.150,0.180,0.000,-0.8093,-0.8175,TRACKING,prediction
1786983854.171,42.0,0.000,0.893,0.908,0.6146,-0.0011,7.63,-0.56297,0.150,0.180,0.000,-0.8093,-0.8181,TRACKING,prediction
1786983854.189,42.0,0.000,0.893,0.908,0.6146,-0.0009,6.11,-0.45038,0.150,0.180,0.000,-0.8093,-0.8182,TRACKING,prediction
1786983854.214,42.0,0.000,0.893,0.908,0.6146,-0.0007,4.89,-0.36030,0.150,0.180,0.000,-0.8093,-0.8182,TRACKING,prediction
1786983854.248,42.0,0.000,0.893,0.908,0.6146,-0.0006,3.91,-0.28824,0.150,0.180,0.000,-0.8093,-0.8182,TRACKING,prediction
1786983854.274,42.0,0.000,0.893,0.908,0.6146,-0.0005,3.13,-0.23059,0.150,0.180,0.000,-0.8093,-0.8182,TRACKING,prediction
1786983854.297,42.0,0.000,0.893,0.908,0.6146,-0.0004,2.50,-0.18447,0.150,0.180,0.000,-0.8093,-0.8182,TRACKING,prediction
1786983854.322,42.0,0.000,0.893,0.908,0.6146,-0.0003,2.00,-0.14758,0.150,0.180,0.000,-0.8093,-0.8182,TRACKING,prediction
1786983854.351,42.0,0.000,0.893,0.908,0.6146,-0.0002,1.60,-0.11806,0.150,0.180,0.000,-0.8093,-0.8182,TRACKING,prediction
1786983854.387,42.0,0.000,0.893,0.908,0.6146,-0.0002,1.28,-0.09445,0.150,0.180,0.000,-0.8093,-0.8182,TRACKING,prediction
1786983854.419,42.0,0.000,0.893,0.908,0.6146,-0.0002,1.02,-0.07556,0.150,0.180,0.000,-0.8093,-0.8182,TRACKING,prediction
1786983854.439,43.2,0.000,0.893,0.908,0.6146,-0.0001,0.82,-0.06045,0.150,0.180,0.000,-0.8093,-0.8182,TRACKING,prediction
1786983854.465,43.2,0.000,0.893,0.908,0.6146,-0.0001,0.66,-0.04836,0.150,0.180,0.000,-0.8093,-0.8182,TRACKING,prediction
1786983854.482,43.2,0.000,0.893,0.908,0.6146,-0.0001,0.52,-0.03869,0.150,0.180,0.000,-0.8093,-0.8182,TRACKING,prediction
1786983854.501,43.2,0.000,0.893,0.908,0.6146,-0.0001,0.42,-0.03095,0.150,0.180,0.000,-0.8093,-0.8182,UNCERTAIN,prediction
1786983854.527,43.2,0.000,0.893,0.908,0.6146,-0.0000,0.34,-0.02476,0.150,0.180,0.000,-0.8093,-0.8182,UNCERTAIN,prediction
1786983854.551,43.2,0.000,0.922,0.895,0.6887,-0.1238,12.86,-0.87722,0.150,0.180,0.000,-1.0000,-0.9739,TRACKING,R+C
1786983854.578,43.2,0.000,0.922,0.895,0.6887,-0.0991,10.29,-0.70178,0.150,0.180,0.000,-1.0000,-0.9961,TRACKING,prediction
1786983854.600,43.2,0.000,0.922,0.895,0.6887,-0.0792,8.23,-0.56142,0.150,0.180,0.000,-1.0000,-0.9994,TRACKING,prediction
1786983854.633,43.2,0.000,0.922,0.895,0.6887,-0.0634,6.59,-0.44914,0.150,0.180,0.000,-1.0000,-0.9999,TRACKING,prediction
1786983854.654,43.2,0.000,0.922,0.895,0.6887,-0.0507,5.27,-0.35931,0.150,0.180,0.000,-1.0000,-1.0000,TRACKING,prediction
1786983854.687,43.2,0.000,0.922,0.895,0.6887,-0.0406,4.21,-0.28745,0.150,0.180,0.000,-1.0000,-1.0000,TRACKING,prediction
1786983854.705,43.2,0.000,0.922,0.895,0.6887,-0.0325,3.37,-0.22996,0.150,0.700,0.000,-1.0000,-1.0000,TRACKING,prediction
1786983854.730,43.2,0.000,0.922,0.895,0.6887,-0.0260,2.70,-0.18397,0.150,0.700,0.000,-1.0000,-0.7175,TRACKING,prediction
1786983854.756,43.2,0.000,0.922,0.895,0.6887,-0.0208,2.16,-0.14717,0.150,0.700,0.000,-1.0000,-0.6751,TRACKING,prediction
1786983854.787,43.2,0.000,0.922,0.895,0.6887,-0.0166,1.73,-0.11774,0.150,0.700,0.000,-1.0000,-0.6687,TRACKING,prediction
1786983854.813,43.2,0.000,0.922,0.895,0.6887,-0.0133,1.38,-0.09419,0.150,0.700,0.000,-1.0000,-0.6678,TRACKING,prediction
1786983854.841,43.2,0.000,0.922,0.895,0.6887,-0.0106,1.10,-0.07535,0.150,0.700,0.000,-1.0000,-0.6676,TRACKING,prediction
1786983854.865,43.2,0.000,0.922,0.895,0.6887,-0.0085,0.88,-0.06028,0.150,0.687,0.000,-1.0000,-0.6676,TRACKING,prediction
1786983854.884,43.2,0.000,0.922,0.895,0.6887,-0.0068,0.71,-0.04823,0.150,0.653,0.000,-1.0000,-0.6748,TRACKING,prediction
1786983854.902,43.2,0.000,0.922,0.895,0.6887,-0.0054,0.57,-0.03858,0.150,0.620,0.000,-1.0000,-0.6953,TRACKING,prediction
1786983854.933,43.2,0.000,0.922,0.895,0.6887,-0.0044,0.45,-0.03086,0.150,0.589,0.000,-1.0000,-0.7166,TRACKING,prediction
1786983854.958,43.2,0.000,0.942,0.910,0.5969,-0.1079,7.27,-0.67058,0.150,0.700,0.000,-1.0000,-0.7333,TRACKING,R+C
1786983854.990,43.2,0.000,0.942,0.910,0.5969,-0.0863,5.82,-0.53647,0.150,0.700,0.000,-1.0000,-0.6738,TRACKING,prediction
1786983855.014,43.2,0.000,0.942,0.910,0.5969,-0.0691,4.66,-0.42917,0.150,0.700,0.000,-1.0000,-0.6651,TRACKING,prediction
1786983855.031,43.2,0.000,0.942,0.910,0.5969,-0.0552,3.72,-0.34334,0.150,0.700,0.000,-1.0000,-0.6638,TRACKING,prediction
1786983855.047,43.2,0.000,0.942,0.910,0.5969,-0.0442,2.98,-0.27467,0.150,0.700,0.000,-1.0000,-0.6636,TRACKING,prediction
1786983855.061,43.2,0.000,0.943,0.918,0.5751,-0.0987,5.22,-0.72632,0.150,0.700,0.000,-1.0000,-0.6622,TRACKING,R+C
1786983855.076,43.2,0.000,0.943,0.918,0.5751,-0.0790,4.18,-0.58106,0.150,0.180,0.000,-1.0000,-0.6622,TRACKING,prediction
1786983855.096,43.2,0.000,0.943,0.918,0.5751,-0.0632,3.34,-0.46485,0.150,0.700,0.000,-1.0000,-0.9507,TRACKING,prediction
1786983855.115,43.2,0.000,0.943,0.918,0.5751,-0.0505,2.67,-0.37188,0.150,0.700,0.000,-1.0000,-0.7053,TRACKING,prediction
1786983855.133,43.2,0.000,0.943,0.918,0.5751,-0.0404,2.14,-0.29750,0.150,0.700,0.000,-1.0000,-0.6687,TRACKING,prediction
1786983855.162,43.2,0.000,0.943,0.918,0.5751,-0.0323,1.71,-0.23800,0.150,0.700,0.000,-1.0000,-0.6632,TRACKING,prediction
1786983855.185,43.2,0.000,0.943,0.918,0.5751,-0.0259,1.37,-0.19040,0.150,0.700,0.000,-1.0000,-0.6624,TRACKING,prediction
1786983855.208,43.2,0.000,0.946,0.912,0.5835,-0.1399,5.11,-0.63850,0.150,0.700,0.000,-1.0000,-0.6653,TRACKING,R+C
1786983855.230,43.2,0.000,0.946,0.912,0.5835,-0.1119,4.09,-0.51080,0.150,0.700,0.000,-1.0000,-0.6653,TRACKING,prediction
1786983855.261,43.2,0.000,0.946,0.912,0.5835,-0.0895,3.27,-0.40864,0.150,0.700,0.000,-1.0000,-0.6653,TRACKING,prediction
1786983855.276,43.2,0.942,0.912,0.000,0.5821,0.2063,22.12,-0.77968,0.150,0.700,0.000,1.0000,-0.2085,TRACKING,L+C
1786983855.295,43.2,0.942,0.912,0.000,0.5821,0.1650,17.69,-0.62374,0.150,0.180,0.000,1.0000,0.2132,TRACKING,prediction
1786983855.325,43.2,0.942,0.912,0.000,0.5821,0.1320,14.15,-0.49900,0.150,0.180,0.000,1.0000,0.8835,TRACKING,prediction
1786983855.354,43.2,0.937,0.909,0.000,0.5659,0.2029,22.32,-0.69906,0.150,0.180,0.000,1.0000,0.9825,TRACKING,L+C
1786983855.368,43.2,0.941,0.910,0.000,0.5637,0.2018,21.42,-0.73605,0.150,0.180,0.000,1.0000,0.9974,TRACKING,L+C
1786983855.393,43.2,0.940,0.910,0.000,0.5584,0.2040,21.53,-0.73689,0.150,0.180,0.000,1.0000,0.9996,TRACKING,L+C
1786983855.414,43.2,0.000,0.939,0.913,0.5567,-0.1441,1.80,-0.71049,0.150,0.180,0.000,-1.0000,0.0764,TRACKING,R+C
1786983855.439,43.0,0.000,0.934,0.918,0.5517,-0.1437,-0.81,-0.90196,0.150,0.180,0.000,-1.0000,-0.7218,TRACKING,R+C
1786983855.470,43.0,0.000,0.936,0.916,0.5501,-0.1360,1.16,-0.72861,0.150,0.180,0.000,-1.0000,-0.9582,TRACKING,R+C
1786983855.495,43.0,0.000,0.931,0.919,0.5454,-0.1320,0.09,-0.79912,0.150,0.180,0.000,-1.0000,-0.9937,TRACKING,R+C
1786983855.515,43.0,0.000,0.930,0.923,0.5404,-0.1284,-1.25,-0.86461,0.150,0.180,0.000,-1.0000,-0.9991,TRACKING,R+C
1786983855.543,43.0,0.000,0.926,0.923,0.5386,-0.1216,-0.83,-0.83066,0.150,0.180,0.000,-1.0000,-0.9999,TRACKING,R+C
1786983855.564,43.0,0.000,0.926,0.923,0.5386,-0.0973,-0.67,-0.66453,0.150,0.180,0.000,-1.0000,-1.0000,TRACKING,prediction
1786983855.584,43.0,0.000,0.931,0.927,0.5389,-0.1104,-0.33,-0.74066,0.150,0.180,0.000,-1.0000,-1.0000,TRACKING,R+C
1786983855.611,43.0,0.000,0.933,0.929,0.5398,-0.1108,-1.64,-0.80734,0.150,0.180,0.000,-1.0000,-1.0000,TRACKING,R+C
1786983855.643,43.0,0.000,0.930,0.928,0.5370,-0.1109,-1.66,-0.80934,0.150,0.180,0.000,-1.0000,-1.0000,TRACKING,R+C
1786983855.662,43.0,0.000,0.928,0.929,0.5391,-0.1119,-0.58,-0.74425,0.150,0.180,0.000,-1.0000,-1.0000,TRACKING,R+C
1786983855.681,43.0,0.000,0.928,0.930,0.5398,-0.1179,-1.57,-0.85292,0.150,0.180,0.000,-1.0000,-1.0000,TRACKING,R+C
1786983855.699,43.0,0.000,0.934,0.929,0.5387,-0.1229,-1.30,-0.81552,0.150,0.180,0.000,-1.0000,-1.0000,TRACKING,R+C
1786983855.716,43.0,0.000,0.933,0.927,0.5399,-0.1268,-0.69,-0.77809,0.150,0.180,0.000,-1.0000,-1.0000,TRACKING,R+C
1786983855.734,43.0,0.000,0.939,0.930,0.5411,-0.1301,-0.86,-0.78601,0.150,0.180,0.000,-1.0000,-1.0000,TRACKING,R+C
1786983855.749,43.0,0.000,0.943,0.929,0.5427,-0.1311,0.02,-0.70031,0.150,0.180,0.000,-1.0000,-1.0000,TRACKING,R+C
1786983855.765,43.0,0.000,0.946,0.931,0.5386,-0.1307,-0.08,-0.69599,0.150,0.180,0.000,-1.0000,-1.0000,TRACKING,R+C
1786983855.781,43.0,0.000,0.943,0.934,0.5337,-0.1296,-2.03,-0.85378,0.150,0.180,0.000,-1.0000,-1.0000,TRACKING,R+C
1786983855.798,43.0,0.000,0.940,0.934,0.5310,-0.1229,-1.00,-0.76872,0.150,0.700,0.000,-1.0000,-1.0000,TRACKING,R+C
1786983855.827,43.0,0.000,0.939,0.931,0.5287,-0.1198,-1.35,-0.78792,0.150,0.700,0.000,-1.0000,-0.7126,TRACKING,R+C
1786983855.855,43.0,0.000,0.942,0.934,0.5288,-0.1193,-1.50,-0.77936,0.150,0.700,0.000,-1.0000,-0.6694,TRACKING,R+C
1786983855.878,43.0,0.000,0.940,0.936,0.5273,-0.1202,-1.29,-0.78466,0.150,0.700,0.000,-1.0000,-0.6630,TRACKING,R+C
1786983855.902,43.0,0.000,0.943,0.932,0.5258,-0.1221,-1.46,-0.81036,0.150,0.700,0.000,-1.0000,-0.6623,TRACKING,R+C
1786983855.931,43.0,0.000,0.939,0.937,0.5240,-0.1237,-1.87,-0.84825,0.150,0.700,0.000,-1.0000,-0.6622,TRACKING,R+C
1786983855.959,43.0,0.000,0.945,0.937,0.5238,-0.1219,-0.88,-0.74610,0.150,0.700,0.000,-1.0000,-0.6621,TRACKING,R+C
1786983855.976,43.0,0.000,0.937,0.936,0.5214,-0.1205,-2.96,-0.91246,0.150,0.700,0.000,-1.0000,-0.6618,TRACKING,R+C
1786983855.995,43.0,0.000,0.935,0.937,0.5237,-0.1141,-2.73,-0.87752,0.150,0.180,0.000,-1.0000,-0.6612,TRACKING,R+C
1786983856.012,43.0,0.000,0.934,0.938,0.5242,-0.1089,-2.25,-0.82487,0.150,0.180,0.000,-1.0000,-0.9503,TRACKING,R+C
1786983856.038,43.0,0.000,0.935,0.940,0.5275,-0.1052,-1.91,-0.77245,0.150,0.700,0.000,-1.0000,-0.9925,TRACKING,R+C
1786983856.061,43.0,0.000,0.935,0.941,0.5290,-0.1014,-2.32,-0.80869,0.150,0.700,0.000,-1.0000,-0.7099,TRACKING,R+C
1786983856.075,43.0,0.000,0.934,0.941,0.5288,-0.0986,-2.95,-0.83527,0.150,0.700,0.000,-1.0000,-0.6672,TRACKING,R+C
1786983856.103,43.0,0.000,0.933,0.942,0.5291,-0.0909,-2.04,-0.76802,0.150,0.180,0.000,-1.0000,-0.6603,TRACKING,R+C
1786983856.116,43.0,0.000,0.933,0.943,0.5295,-0.0854,-2.27,-0.74914,0.150,0.180,0.000,-1.0000,-0.9499,TRACKING,R+C
1786983856.132,43.0,0.000,0.931,0.941,0.5282,-0.0780,-2.40,-0.74445,0.150,0.180,0.000,-1.0000,-0.9925,TRACKING,R+C
1786983856.146,43.0,0.000,0.929,0.943,0.5238,-0.0676,-1.12,-0.67124,0.150,0.180,0.000,-0.9948,-0.9946,TRACKING,R+C
1786983856.169,43.0,0.000,0.929,0.945,0.5178,-0.0590,-1.15,-0.67424,0.150,0.180,0.000,-0.9141,-0.9286,TRACKING,R+C
1786983856.197,43.0,0.000,0.932,0.945,0.5133,-0.0536,-2.16,-0.77056,0.150,0.700,0.000,-0.8423,-0.8593,TRACKING,R+C
1786983856.228,43.0,0.000,0.931,0.941,0.5089,-0.0453,-1.09,-0.71758,0.150,0.700,0.000,-0.7722,-0.5620,TRACKING,R+C
1786983856.249,43.0,0.963,0.932,0.944,0.5344,-0.0409,-1.34,-0.75791,0.150,0.700,0.000,-0.7162,-0.4868,TRACKING,L+C+R_fused
1786983856.264,43.0,0.964,0.933,0.946,0.5406,-0.0369,-1.31,-0.75812,0.150,0.700,0.000,-0.6656,-0.4476,TRACKING,L+C+R_fused
1786983856.291,43.0,0.960,0.930,0.945,0.5634,-0.0297,-0.68,-0.74741,0.150,0.700,0.000,-0.5877,-0.3986,TRACKING,L+C+R_fused
1786983856.311,43.0,0.965,0.933,0.946,0.5222,-0.0220,-0.18,-0.75048,0.150,0.700,0.000,-0.4935,-0.3391,TRACKING,L+C+R_fused
1786983856.342,43.0,0.966,0.931,0.946,0.5058,-0.0159,0.69,-0.69205,0.150,0.700,0.000,-0.4246,-0.2919,TRACKING,L+C+R_fused
1786983856.372,43.0,0.964,0.934,0.944,0.5170,-0.0134,1.06,-0.68743,0.150,0.700,0.000,-0.3975,-0.2700,TRACKING,L+C+R_fused
1786983856.396,43.0,0.968,0.932,0.948,0.5145,-0.0147,1.19,-0.69282,0.150,0.700,0.000,-0.4259,-0.2826,TRACKING,L+C+R_fused
1786983856.423,43.0,0.973,0.932,0.946,0.4968,-0.0155,2.16,-0.62773,0.150,0.700,0.000,-0.4661,-0.3068,TRACKING,L+C+R_fused
1786983856.437,43.0,0.000,0.934,0.946,0.5033,-0.0181,2.52,-0.61095,0.150,0.700,0.000,-0.5156,-0.3379,TRACKING,R+C
1786983856.452,45.4,0.000,0.932,0.947,0.5079,-0.0232,1.65,-0.70034,0.150,0.700,0.000,-0.5724,-0.3742,TRACKING,R+C
1786983856.475,45.4,0.000,0.920,0.944,0.5091,-0.0260,0.85,-0.84011,0.150,0.700,0.000,-0.6032,-0.3970,TRACKING,R+C
1786983856.501,45.4,0.000,0.918,0.941,0.5117,-0.0277,1.16,-0.85524,0.150,0.700,0.000,-0.6391,-0.4204,TRACKING,R+C
1786983856.526,45.4,0.000,0.917,0.942,0.5140,-0.0327,-0.78,-1.06295,0.150,0.700,0.000,-0.6698,-0.4411,TRACKING,R+C
1786983856.554,45.4,0.000,0.920,0.938,0.5138,-0.0311,-0.26,-1.06398,0.150,0.700,0.000,-0.6668,-0.4426,TRACKING,R+C
1786983856.585,45.4,0.000,0.920,0.938,0.5138,-0.0249,-0.21,-0.85119,0.150,0.700,0.000,-0.6668,-0.4428,TRACKING,prediction
1786983856.608,45.4,0.000,0.920,0.938,0.5138,-0.0199,-0.17,-0.68095,0.150,0.700,0.000,-0.6668,-0.4429,TRACKING,prediction
1786983856.626,45.4,0.000,0.920,0.938,0.5138,-0.0159,-0.13,-0.54476,0.150,0.700,0.000,-0.6668,-0.4429,TRACKING,prediction
1786983856.656,45.4,0.000,0.920,0.938,0.5138,-0.0128,-0.11,-0.43581,0.150,0.700,0.000,-0.6668,-0.4429,TRACKING,prediction
1786983856.687,45.4,0.000,0.911,0.944,0.5010,-0.0140,0.64,-1.13559,0.150,0.700,0.000,-0.4639,-0.3310,TRACKING,R+C
1786983856.705,45.4,0.000,0.909,0.945,0.5018,-0.0151,0.97,-1.13227,0.150,0.700,0.000,-0.4929,-0.3306,TRACKING,R+C
1786983856.722,45.4,0.000,0.911,0.932,0.5134,-0.0185,0.15,-1.25134,0.150,0.700,0.000,-0.5323,-0.3526,TRACKING,R+C
1786983856.751,45.4,0.000,0.906,0.942,0.5195,-0.0221,0.52,-1.28192,0.150,0.700,0.000,-0.6009,-0.3940,TRACKING,R+C
1786983856.766,45.4,0.000,0.906,0.944,0.5284,-0.0227,3.50,-1.04078,0.150,0.700,0.000,-0.6778,-0.4424,TRACKING,R+C
1786983856.784,45.4,0.000,0.906,0.944,0.5284,-0.0182,2.80,-0.83262,0.150,0.700,0.000,-0.6778,-0.4495,TRACKING,prediction
1786983856.813,45.4,0.000,0.905,0.931,0.5380,-0.0344,2.79,-1.13693,0.150,0.700,0.000,-0.8098,-0.5236,TRACKING,R+C
1786983856.832,45.4,0.000,0.905,0.931,0.5380,-0.0275,2.23,-0.90955,0.150,0.700,0.000,-0.8098,-0.5345,TRACKING,prediction
1786983856.856,45.4,0.000,0.905,0.931,0.5380,-0.0220,1.79,-0.72764,0.150,0.700,0.000,-0.8098,-0.5361,TRACKING,prediction
1786983856.877,45.4,0.000,0.905,0.931,0.5380,-0.0176,1.43,-0.58211,0.150,0.700,0.000,-0.8098,-0.5363,TRACKING,prediction
1786983856.908,45.4,0.000,0.905,0.931,0.5380,-0.0141,1.14,-0.46569,0.150,0.700,0.000,-0.8098,-0.5364,TRACKING,prediction
1786983856.937,45.4,0.000,0.905,0.931,0.5380,-0.0113,0.91,-0.37255,0.150,0.700,0.000,-0.8098,-0.5364,TRACKING,prediction
1786983856.974,45.4,0.000,0.905,0.931,0.5380,-0.0090,0.73,-0.29804,0.150,0.700,0.000,-0.8098,-0.5364,TRACKING,prediction
1786983857.000,45.4,0.000,0.905,0.931,0.5380,-0.0072,0.59,-0.23843,0.150,0.700,0.000,-0.8098,-0.5364,TRACKING,prediction
1786983857.030,45.4,0.000,0.905,0.931,0.5380,-0.0058,0.47,-0.19075,0.150,0.700,0.000,-0.8098,-0.5364,TRACKING,prediction
1786983857.052,45.4,0.000,0.905,0.931,0.5380,-0.0046,0.37,-0.15260,0.150,0.700,0.000,-0.8098,-0.5364,TRACKING,prediction
1786983857.071,45.4,0.000,0.912,0.911,0.5962,-0.0789,3.80,-1.48684,0.150,0.700,0.000,-1.0000,-0.6446,TRACKING,R+C
1786983857.090,45.4,0.000,0.910,0.908,0.5936,-0.0791,1.91,-1.68942,0.150,0.700,0.000,-1.0000,-0.6598,TRACKING,R+C
1786983857.108,45.4,0.000,0.912,0.913,0.6005,-0.0749,4.75,-1.47805,0.150,0.700,0.000,-1.0000,-0.6621,TRACKING,R+C
1786983857.141,45.4,0.000,0.912,0.913,0.6005,-0.0599,3.80,-1.18244,0.150,0.700,0.000,-1.0000,-0.6625,TRACKING,prediction
1786983857.165,45.4,0.000,0.908,0.908,0.6096,-0.0821,5.36,-1.46006,0.150,0.700,0.000,-1.0000,-0.6633,TRACKING,R+C
1786983857.183,45.4,0.000,0.910,0.908,0.6134,-0.0857,5.10,-1.57119,0.150,0.180,0.000,-1.0000,-0.6638,TRACKING,R+C
1786983857.206,45.4,0.000,0.913,0.908,0.6182,-0.0888,5.21,-1.57481,0.150,0.180,0.000,-1.0000,-0.9512,TRACKING,R+C
1786983857.224,45.4,0.000,0.911,0.906,0.6192,-0.0878,4.59,-1.67219,0.150,0.700,0.000,-1.0000,-0.9927,TRACKING,R+C
1786983857.240,45.4,0.000,0.910,0.902,0.6171,-0.0871,3.94,-1.70517,0.150,0.700,0.000,-1.0000,-0.7132,TRACKING,R+C
1786983857.261,45.4,0.000,0.915,0.904,0.6143,-0.0860,4.13,-1.75638,0.150,0.700,0.000,-1.0000,-0.6715,TRACKING,R+C
1786983857.277,45.4,0.000,0.910,0.906,0.6150,-0.0855,4.45,-1.80548,0.150,0.700,0.000,-1.0000,-0.6654,TRACKING,R+C
1786983857.306,45.4,0.000,0.914,0.903,0.6163,-0.0880,4.38,-1.89078,0.150,0.700,0.000,-1.0000,-0.6649,TRACKING,R+C
1786983857.332,45.4,0.000,0.912,0.902,0.6249,-0.0894,7.62,-1.57186,0.150,0.700,0.000,-1.0000,-0.6651,TRACKING,R+C
1786983857.359,45.4,0.000,0.912,0.902,0.6249,-0.0716,6.10,-1.25749,0.150,0.700,0.000,-1.0000,-0.6651,TRACKING,prediction
1786983857.381,45.4,0.000,0.922,0.898,0.6416,-0.0944,6.43,-1.72876,0.150,0.700,0.000,-1.0000,-0.6655,TRACKING,R+C
1786983857.413,45.4,0.000,0.922,0.898,0.6416,-0.0756,5.14,-1.38301,0.150,0.700,0.000,-1.0000,-0.6655,TRACKING,prediction
1786983857.440,45.4,0.000,0.921,0.896,0.6521,-0.0982,7.44,-1.59853,0.150,0.700,0.000,-1.0000,-0.6657,TRACKING,R+C
1786983857.458,41.7,0.000,0.921,0.896,0.6521,-0.0785,5.95,-1.27882,0.150,0.700,0.000,-1.0000,-0.6657,TRACKING,prediction
1786983857.479,41.7,0.000,0.921,0.896,0.6521,-0.0628,4.76,-1.02306,0.150,0.700,0.000,-1.0000,-0.6657,TRACKING,prediction
1786983857.503,41.7,0.000,0.921,0.896,0.6521,-0.0503,3.81,-0.81845,0.150,0.700,0.000,-1.0000,-0.6657,TRACKING,prediction
1786983857.521,41.7,0.000,0.930,0.862,0.6793,-0.1176,16.44,-0.54504,0.150,0.700,0.000,-1.0000,-0.6674,TRACKING,R+C
1786983857.551,41.7,0.000,0.930,0.862,0.6793,-0.0941,13.15,-0.43603,0.150,0.700,0.000,-1.0000,-0.6674,TRACKING,prediction
1786983857.579,41.7,0.000,0.931,0.847,0.6884,-0.1225,17.74,-0.32302,0.168,0.700,0.000,-1.0000,-0.6676,TRACKING,R+C
1786983857.603,41.7,0.000,0.931,0.847,0.6884,-0.0980,14.20,-0.25842,0.168,0.700,0.000,-1.0000,-0.6676,TRACKING,prediction
1786983857.624,41.7,0.000,0.938,0.844,0.6814,-0.1316,19.10,-0.09522,0.190,0.700,0.000,-1.0000,-0.6680,TRACKING,R+C
1786983857.651,41.7,0.000,0.941,0.819,0.7205,-0.1392,19.06,-0.03352,0.197,0.180,0.000,-1.0000,-0.6684,TRACKING,R+C
1786983857.667,41.7,0.000,0.946,0.818,0.7060,-0.1457,19.03,0.02305,0.198,0.180,0.000,-1.0000,-0.9524,TRACKING,R+C
1786983857.691,41.7,0.000,0.946,0.822,0.7136,-0.1516,18.45,0.05872,0.194,0.700,0.000,-1.0000,-0.9929,TRACKING,R+C
1786983857.708,41.7,0.000,0.946,0.822,0.7136,-0.1213,14.76,0.04697,0.194,0.180,0.000,-1.0000,-0.7174,TRACKING,prediction
1786983857.736,41.7,0.000,0.946,0.822,0.7136,-0.0970,11.81,0.03758,0.194,0.180,0.000,-1.0000,-0.9594,TRACKING,prediction
1786983857.762,41.7,0.000,0.946,0.822,0.7136,-0.0776,9.45,0.03006,0.194,0.700,0.000,-1.0000,-0.9939,TRACKING,prediction
1786983857.785,41.7,0.000,0.946,0.822,0.7136,-0.0621,7.56,0.02405,0.194,0.180,0.000,-1.0000,-0.7175,TRACKING,prediction
1786983857.815,41.7,0.000,0.946,0.822,0.7136,-0.0497,6.05,0.01924,0.194,0.180,0.000,-1.0000,-0.9594,TRACKING,prediction
1786983857.845,41.7,0.000,0.946,0.822,0.7136,-0.0398,4.84,0.01539,0.194,0.700,0.000,-1.0000,-0.9939,TRACKING,prediction
1786983857.864,41.7,0.953,0.819,0.826,0.4023,0.3214,38.21,-0.04057,0.196,0.180,0.000,1.0000,-0.5382,TRACKING,L+C+R_fused
1786983857.886,41.7,0.953,0.819,0.826,0.4023,0.2571,30.57,-0.03246,0.196,0.180,0.000,1.0000,0.3194,TRACKING,prediction
1786983857.916,41.7,0.953,0.819,0.826,0.4023,0.2057,24.46,-0.02597,0.196,0.180,0.000,1.0000,0.8979,TRACKING,prediction
1786983857.948,41.7,0.953,0.819,0.826,0.4023,0.1646,19.57,-0.02077,0.196,0.180,0.000,1.0000,0.9847,TRACKING,prediction
1786983857.974,41.7,0.953,0.819,0.826,0.4023,0.1317,15.65,-0.01662,0.196,0.180,0.000,1.0000,0.9977,TRACKING,prediction
1786983857.996,41.7,0.953,0.819,0.826,0.4023,0.1053,12.52,-0.01329,0.196,0.180,0.000,1.0000,0.9997,TRACKING,prediction
1786983858.014,41.7,0.950,0.824,0.000,0.7526,0.3084,35.22,-0.01659,0.198,0.180,0.000,1.0000,0.9999,TRACKING,L+C
1786983858.037,41.7,0.950,0.824,0.000,0.7526,0.2467,28.18,-0.01327,0.198,0.180,0.000,1.0000,1.0000,TRACKING,prediction
1786983858.065,41.7,0.947,0.822,0.000,0.6946,0.1833,-1.16,-1.94101,0.150,0.180,0.000,1.0000,1.0000,TRACKING,L+C
1786983858.091,41.7,0.939,0.822,0.000,0.6913,0.1807,-3.85,-2.06430,0.150,0.180,0.000,1.0000,1.0000,TRACKING,L+C
1786983858.116,41.7,0.935,0.833,0.000,0.7089,0.2729,27.53,-0.14018,0.186,0.180,0.000,1.0000,1.0000,TRACKING,L+C
1786983858.132,41.7,0.931,0.821,0.000,0.6716,0.1778,-3.52,-1.80719,0.150,0.180,0.000,1.0000,1.0000,TRACKING,L+C
1786983858.161,41.7,0.000,0.921,0.822,0.6813,-0.1682,0.13,-0.23816,0.176,0.180,0.000,-1.0000,0.0773,TRACKING,R+C
1786983858.178,41.7,0.000,0.918,0.820,0.6582,-0.1627,0.60,-0.14787,0.185,0.180,0.000,-1.0000,-0.7209,TRACKING,R+C
1786983858.205,41.7,0.000,0.908,0.824,0.6572,-0.1580,-0.35,-0.20933,0.179,0.180,0.000,-1.0000,-0.9580,TRACKING,R+C
1786983858.221,41.7,0.000,0.905,0.827,0.6543,-0.1531,-0.69,-0.15086,0.185,0.180,0.000,-1.0000,-0.9937,TRACKING,R+C
1786983858.241,41.7,0.000,0.902,0.825,0.6471,-0.1463,-0.67,-0.14741,0.185,0.180,0.000,-1.0000,-0.9990,TRACKING,R+C
1786983858.264,41.7,0.000,0.898,0.819,0.6359,-0.1450,-3.70,-0.31643,0.168,0.180,0.000,-1.0000,-0.9999,TRACKING,R+C
1786983858.282,41.7,0.000,0.896,0.818,0.5537,-0.1367,-2.08,-0.16975,0.183,0.180,0.000,-1.0000,-1.0000,TRACKING,R+C
1786983858.311,41.7,0.000,0.895,0.825,0.6296,-0.1361,-5.51,-0.46960,0.153,0.180,0.000,-1.0000,-1.0000,TRACKING,R+C
1786983858.328,41.7,0.000,0.889,0.825,0.5410,-0.1371,-7.31,-0.58213,0.150,0.180,0.000,-1.0000,-1.0000,TRACKING,R+C
1786983858.357,41.7,0.000,0.879,0.822,0.6237,-0.1391,-6.79,-0.54768,0.150,0.180,0.000,-1.0000,-1.0000,TRACKING,R+C
1786983858.388,41.7,0.000,0.880,0.821,0.6265,-0.1409,-7.92,-0.65479,0.150,0.180,0.000,-1.0000,-1.0000,TRACKING,R+C
1786983858.408,41.7,0.000,0.882,0.821,0.5438,-0.1429,-8.15,-0.67045,0.150,0.180,0.000,-1.0000,-1.0000,TRACKING,R+C
1786983858.425,41.7,0.000,0.874,0.820,0.6253,-0.1513,-12.86,-0.96134,0.150,0.180,0.000,-1.0000,-1.0000,TRACKING,R+C
1786983858.455,41.7,0.000,0.874,0.820,0.6269,-0.1440,-13.05,-1.05803,0.150,0.180,0.000,-1.0000,-1.0000,TRACKING,R+C
1786983858.480,42.1,0.000,0.873,0.830,0.5337,-0.1365,-12.69,-1.07886,0.150,0.180,0.000,-1.0000,-1.0000,TRACKING,R+C
1786983858.501,42.1,0.000,0.872,0.819,0.5265,-0.1284,-13.32,-1.09411,0.150,0.180,0.000,-1.0000,-1.0000,TRACKING,R+C
1786983858.525,42.1,0.000,0.872,0.821,0.5227,-0.1212,-14.66,-1.21589,0.150,0.180,0.000,-1.0000,-1.0000,TRACKING,R+C
1786983858.548,42.1,0.000,0.868,0.823,0.5193,-0.1109,-13.32,-1.08627,0.150,0.180,0.000,-1.0000,-1.0000,TRACKING,R+C
1786983858.581,42.1,0.000,0.870,0.820,0.5109,-0.1036,-17.07,-1.36004,0.150,0.180,0.000,-1.0000,-1.0000,TRACKING,R+C
1786983858.603,42.1,0.866,0.875,0.831,0.4934,-0.0978,-19.99,-1.53191,0.150,0.180,0.000,-0.9289,-0.9416,TRACKING,L+C+R_fused
1786983858.621,42.1,0.878,0.876,0.853,0.3992,-0.0786,-15.20,-1.36192,0.150,0.180,0.000,-0.8318,-0.8524,TRACKING,L+C+R_fused
1786983858.643,42.1,0.872,0.879,0.860,0.4171,-0.0709,-15.49,-1.39383,0.150,0.180,0.000,-0.7384,-0.7613,TRACKING,L+C+R_fused
1786983858.670,42.1,0.868,0.883,0.856,0.4217,-0.0623,-15.15,-1.46724,0.150,0.180,0.000,-0.6502,-0.6741,TRACKING,L+C+R_fused
1786983858.694,42.1,0.862,0.887,0.838,0.4190,-0.0643,-17.56,-1.66742,0.150,0.180,0.000,-0.6286,-0.6435,TRACKING,L+C+R_fused
1786983858.715,42.1,0.873,0.887,0.840,0.4091,-0.0600,-15.64,-1.64402,0.150,0.180,0.000,-0.6297,-0.6400,TRACKING,L+C+R_fused
1786983858.741,42.1,0.843,0.891,0.840,0.3961,-0.0561,-14.35,-1.64971,0.150,0.180,0.000,-0.6203,-0.6318,TRACKING,L+C+R_fused
1786983858.768,42.1,0.836,0.889,0.827,0.5179,-0.0493,-12.16,-1.57244,0.150,0.180,0.000,-0.5872,-0.6028,TRACKING,L+C+R_fused
1786983858.787,42.1,0.825,0.882,0.825,0.7155,-0.0391,-11.68,-1.66925,0.150,0.180,0.000,-0.4704,-0.5008,TRACKING,L+C+R_fused
1786983858.819,42.1,0.833,0.880,0.834,0.4742,-0.0297,-10.58,-1.66543,0.150,0.180,0.000,-0.3623,-0.3945,TRACKING,L+C+R_fused
1786983858.850,42.1,0.846,0.880,0.878,0.4352,-0.0121,-7.05,-1.54034,0.150,0.180,0.000,-0.1869,-0.2299,TRACKING,L+C+R_fused
1786983858.879,42.1,0.848,0.883,0.897,0.4226,-0.0058,-7.98,-1.61392,0.150,0.180,0.000,-0.0508,-0.0893,TRACKING,L+C+R_fused
1786983858.906,42.1,0.866,0.889,0.918,0.4569,0.0031,-6.85,-1.58731,0.150,0.180,0.000,0.0635,0.0301,TRACKING,L+C+R_fused
1786983858.923,42.1,0.851,0.889,0.923,0.4598,0.0086,-5.73,-1.56362,0.150,0.180,0.000,0.1169,0.0941,TRACKING,L+C+R_fused
1786983858.945,42.1,0.855,0.888,0.928,0.4836,0.0128,-4.35,-1.53653,0.150,0.180,0.000,0.1365,0.1201,TRACKING,L+C+R_fused
1786983858.971,42.1,0.864,0.887,0.926,0.4234,0.0161,-3.05,-1.51899,0.150,0.180,0.000,0.1399,0.1264,TRACKING,L+C+R_fused
1786983858.985,42.1,0.875,0.882,0.929,0.7997,0.0146,-3.28,-1.61178,0.150,0.180,0.000,0.1069,0.0977,TRACKING,L+C+R_fused
1786983859.011,42.1,0.000,0.887,0.925,0.4946,0.0148,-1.34,-1.53431,0.150,0.180,0.000,0.0391,0.0341,TRACKING,R+C
1786983859.035,42.1,0.000,0.883,0.928,0.4998,0.0139,-0.24,-1.53928,0.150,0.180,0.000,-0.0262,-0.0327,TRACKING,R+C
1786983859.051,42.1,0.000,0.885,0.925,0.5106,0.0093,1.02,-1.48678,0.150,0.180,0.000,-0.1535,-0.1513,TRACKING,R+C
1786983859.067,42.1,0.000,0.884,0.927,0.5195,0.0070,2.02,-1.50610,0.150,0.180,0.000,-0.2408,-0.2435,TRACKING,R+C
1786983859.083,42.1,0.000,0.880,0.925,0.5238,0.0025,1.64,-1.57370,0.150,0.180,0.000,-0.3131,-0.3185,TRACKING,R+C
1786983859.098,42.1,0.000,0.880,0.925,0.5335,0.0046,5.45,-1.34915,0.150,0.180,0.000,-0.4005,-0.4033,TRACKING,R+C
1786983859.114,42.1,0.000,0.881,0.922,0.5389,-0.0034,3.38,-1.50878,0.150,0.180,0.000,-0.4674,-0.4721,TRACKING,R+C
1786983859.131,42.1,0.000,0.882,0.920,0.5555,-0.0081,5.47,-1.37503,0.150,0.180,0.000,-0.5962,-0.5898,TRACKING,R+C
1786983859.159,42.1,0.000,0.882,0.920,0.5555,-0.0065,4.38,-1.10002,0.150,0.180,0.000,-0.5962,-0.6072,TRACKING,prediction
1786983859.180,42.1,0.000,0.878,0.914,0.5668,-0.0173,6.60,-1.37528,0.150,0.180,0.000,-0.7552,-0.7418,TRACKING,R+C
1786983859.192,42.1,0.000,0.877,0.909,0.5849,-0.0253,7.51,-1.32903,0.150,0.180,0.000,-0.8670,-0.8535,TRACKING,R+C
1786983859.212,42.1,0.000,0.881,0.912,0.5863,-0.0313,7.07,-1.35681,0.150,0.180,0.000,-0.9187,-0.9122,TRACKING,R+C
1786983859.229,42.1,0.000,0.881,0.907,0.5937,-0.0356,6.27,-1.38958,0.150,0.180,0.000,-0.9433,-0.9409,TRACKING,R+C
1786983859.254,42.1,0.000,0.881,0.909,0.5947,-0.0293,9.33,-1.18256,0.150,0.180,0.000,-0.9396,-0.9423,TRACKING,R+C
1786983859.269,42.1,0.000,0.879,0.911,0.5935,-0.0258,10.10,-1.13831,0.150,0.180,0.000,-0.9214,-0.9277,TRACKING,R+C
1786983859.286,42.1,0.000,0.875,0.910,0.5900,-0.0325,6.71,-1.35694,0.150,0.180,0.000,-0.9215,-0.9255,TRACKING,R+C
1786983859.302,42.1,0.000,0.871,0.910,0.5908,-0.0292,9.31,-1.18739,0.150,0.180,0.000,-0.9386,-0.9391,TRACKING,R+C
1786983859.316,42.1,0.000,0.871,0.910,0.5908,-0.0234,7.45,-0.94991,0.150,0.180,0.000,-0.9386,-0.9411,TRACKING,prediction
1786983859.341,42.1,0.000,0.873,0.916,0.5978,-0.0341,11.11,-1.02291,0.150,0.180,0.000,-1.0000,-0.9912,TRACKING,R+C
1786983859.372,42.1,0.000,0.873,0.916,0.5978,-0.0273,8.89,-0.81833,0.150,0.180,0.000,-1.0000,-0.9987,TRACKING,prediction
1786983859.394,42.1,0.000,0.873,0.916,0.5978,-0.0218,7.11,-0.65467,0.150,0.180,0.000,-1.0000,-0.9998,TRACKING,prediction
1786983859.424,42.1,0.000,0.873,0.916,0.5978,-0.0175,5.69,-0.52373,0.150,0.180,0.000,-1.0000,-1.0000,TRACKING,prediction
1786983859.447,42.1,0.000,0.873,0.916,0.5978,-0.0140,4.55,-0.41899,0.150,0.180,0.000,-1.0000,-1.0000,TRACKING,prediction
1786983859.477,42.1,0.000,0.873,0.916,0.5978,-0.0112,3.64,-0.33519,0.150,0.180,0.000,-1.0000,-1.0000,TRACKING,prediction
1786983859.507,44.8,0.000,0.873,0.916,0.5978,-0.0089,2.91,-0.26815,0.150,0.180,0.000,-1.0000,-1.0000,TRACKING,prediction
1786983859.539,44.8,0.000,0.873,0.916,0.5978,-0.0072,2.33,-0.21452,0.150,0.180,0.000,-1.0000,-1.0000,TRACKING,prediction
1786983859.565,44.8,0.000,0.873,0.916,0.5978,-0.0057,1.86,-0.17162,0.150,0.180,0.000,-1.0000,-1.0000,TRACKING,prediction
1786983859.596,44.8,0.000,0.873,0.916,0.5978,-0.0046,1.49,-0.13729,0.150,0.180,0.000,-1.0000,-1.0000,TRACKING,prediction
1786983859.614,44.8,0.000,0.873,0.916,0.5978,-0.0037,1.19,-0.10983,0.150,0.180,0.000,-1.0000,-1.0000,TRACKING,prediction
1786983859.647,44.8,0.000,0.873,0.916,0.5978,-0.0029,0.95,-0.08787,0.150,0.180,0.000,-1.0000,-1.0000,TRACKING,prediction
1786983859.669,44.8,0.000,0.873,0.916,0.5978,-0.0023,0.76,-0.07029,0.150,0.677,0.000,-1.0000,-1.0000,TRACKING,prediction
1786983859.692,44.8,0.000,0.880,0.908,0.5819,-0.0364,9.71,-0.98773,0.150,0.700,0.000,-0.9941,-0.7205,TRACKING,R+C
1786983859.714,44.8,0.000,0.887,0.907,0.5767,-0.0337,9.56,-0.98895,0.150,0.700,0.000,-0.9663,-0.6504,TRACKING,R+C
1786983859.730,44.8,0.000,0.883,0.908,0.5724,-0.0453,2.94,-1.44579,0.150,0.700,0.000,-0.9582,-0.6355,TRACKING,R+C
1786983859.746,44.8,0.000,0.886,0.914,0.5662,-0.0337,6.51,-1.13407,0.150,0.700,0.000,-0.9049,-0.6039,TRACKING,R+C
1786983859.762,44.8,0.000,0.892,0.916,0.5625,-0.0232,9.65,-0.91837,0.150,0.180,0.000,-0.8579,-0.5734,TRACKING,R+C
1786983859.777,44.8,0.000,0.895,0.912,0.5592,-0.0255,6.91,-1.09983,0.150,0.180,0.000,-0.8259,-0.7950,TRACKING,R+C
1786983859.804,44.8,0.000,0.896,0.914,0.5532,-0.0199,7.60,-1.04295,0.150,0.700,0.000,-0.7754,-0.7856,TRACKING,R+C
1786983859.818,44.8,0.000,0.899,0.912,0.5493,-0.0144,8.57,-0.93338,0.150,0.700,0.000,-0.7262,-0.5277,TRACKING,R+C
1786983859.834,44.8,0.000,0.901,0.911,0.5466,-0.0109,8.57,-0.89786,0.150,0.700,0.000,-0.6753,-0.4614,TRACKING,R+C
1786983859.861,44.8,0.000,0.901,0.911,0.5466,-0.0087,6.85,-0.71829,0.150,0.700,0.000,-0.6753,-0.4516,TRACKING,prediction
1786983859.880,44.8,0.000,0.901,0.911,0.5466,-0.0069,5.48,-0.57463,0.150,0.180,0.000,-0.6753,-0.4501,TRACKING,prediction
1786983859.901,44.8,0.000,0.908,0.915,0.5303,-0.0028,7.39,-0.94302,0.150,0.180,0.000,-0.5271,-0.5281,TRACKING,R+C
1786983859.926,44.8,0.000,0.913,0.914,0.5285,-0.0012,9.15,-0.77576,0.150,0.700,0.000,-0.5453,-0.5540,TRACKING,R+C
1786983859.956,44.8,0.000,0.913,0.912,0.5288,-0.0008,10.44,-0.69559,0.150,0.700,0.000,-0.5769,-0.4101,TRACKING,R+C
1786983859.972,44.8,0.000,0.911,0.913,0.5407,-0.0076,10.53,-0.69220,0.150,0.700,0.000,-0.6724,-0.4422,TRACKING,R+C
1786983859.994,44.8,0.000,0.911,0.913,0.5407,-0.0061,8.42,-0.55376,0.150,0.700,0.000,-0.6724,-0.4469,TRACKING,prediction
1786983860.014,44.8,0.000,0.916,0.913,0.5536,-0.0260,9.94,-0.67770,0.150,0.700,0.000,-0.8681,-0.5552,TRACKING,R+C
1786983860.031,44.8,0.000,0.916,0.913,0.5536,-0.0208,7.95,-0.54216,0.150,0.700,0.000,-0.8681,-0.5712,TRACKING,prediction
1786983860.048,44.8,0.000,0.915,0.911,0.5620,-0.0407,9.05,-0.75582,0.150,0.700,0.000,-0.9944,-0.6430,TRACKING,R+C
1786983860.063,44.8,0.000,0.915,0.910,0.5701,-0.0471,9.87,-0.66222,0.150,0.180,0.000,-1.0000,-0.6571,TRACKING,R+C
1786983860.080,44.8,0.000,0.923,0.911,0.5675,-0.0507,9.37,-0.71698,0.150,0.700,0.000,-1.0000,-0.9497,TRACKING,R+C
1786983860.100,44.8,0.000,0.928,0.909,0.5731,-0.0528,9.88,-0.65487,0.150,0.180,0.000,-1.0000,-0.7032,TRACKING,R+C
1786983860.118,44.8,0.000,0.925,0.910,0.5707,-0.0498,11.27,-0.49697,0.150,0.180,0.000,-1.0000,-0.9564,TRACKING,R+C
1786983860.135,44.8,0.000,0.929,0.913,0.5614,-0.0478,10.29,-0.55409,0.150,0.180,0.000,-1.0000,-0.9934,TRACKING,R+C
1786983860.155,44.8,0.000,0.931,0.913,0.5551,-0.0426,10.17,-0.54150,0.150,0.180,0.000,-1.0000,-0.9990,TRACKING,R+C
1786983860.169,44.8,0.000,0.918,0.912,0.5476,-0.0413,7.31,-0.76270,0.150,0.700,0.000,-0.9596,-0.9670,TRACKING,R+C
1786983860.190,44.8,0.000,0.922,0.914,0.5455,-0.0346,7.62,-0.70468,0.150,0.700,0.000,-0.8972,-0.6485,TRACKING,R+C
1786983860.205,44.8,0.000,0.918,0.920,0.5395,-0.0279,7.59,-0.71513,0.150,0.700,0.000,-0.8267,-0.5621,TRACKING,R+C
1786983860.233,44.8,0.000,0.920,0.921,0.5341,-0.0229,7.28,-0.71106,0.150,0.180,0.000,-0.7592,-0.5119,TRACKING,R+C
1786983860.265,44.8,0.000,0.922,0.919,0.5257,-0.0209,6.34,-0.75365,0.150,0.700,0.000,-0.7102,-0.6891,TRACKING,R+C
1786983860.278,44.8,0.000,0.924,0.920,0.5210,-0.0136,7.84,-0.61980,0.150,0.700,0.000,-0.6471,-0.4684,TRACKING,R+C
1786983860.305,44.8,0.970,0.923,0.923,0.4849,-0.0126,6.43,-0.71362,0.150,0.700,0.000,-0.5962,-0.4079,TRACKING,L+C+R_fused
1786983860.334,44.8,0.965,0.926,0.927,0.5116,-0.0091,6.41,-0.71232,0.150,0.180,0.000,-0.5456,-0.3708,TRACKING,L+C+R_fused
1786983860.350,44.8,0.967,0.925,0.927,0.5238,-0.0078,6.53,-0.70236,0.150,0.180,0.000,-0.5293,-0.5169,TRACKING,L+C+R_fused
1786983860.366,44.8,0.967,0.925,0.927,0.5238,-0.0062,5.22,-0.56189,0.150,0.700,0.000,-0.5293,-0.5378,TRACKING,prediction
1786983860.387,44.8,0.000,0.925,0.922,0.5185,-0.0150,6.62,-0.66598,0.150,0.180,0.000,-0.6302,-0.4363,TRACKING,R+C
1786983860.404,44.8,0.000,0.926,0.921,0.5230,-0.0175,6.59,-0.68637,0.150,0.180,0.000,-0.6659,-0.6410,TRACKING,R+C
1786983860.418,44.8,0.000,0.926,0.918,0.5232,-0.0188,6.16,-0.71037,0.150,0.180,0.000,-0.6712,-0.6750,TRACKING,R+C
1786983860.434,44.8,0.000,0.924,0.924,0.5243,-0.0158,6.16,-0.69477,0.150,0.180,0.000,-0.6283,-0.6442,TRACKING,R+C
1786983860.460,44.8,0.965,0.918,0.918,0.5015,-0.0084,6.62,-0.66062,0.150,0.180,0.000,-0.5359,-0.5620,TRACKING,L+C+R_fused
1786983860.482,44.8,0.959,0.913,0.922,0.5377,-0.0022,6.12,-0.67590,0.150,0.180,0.000,-0.4238,-0.4552,TRACKING,L+C+R_fused
1786983860.507,48.0,0.963,0.916,0.927,0.5214,0.0060,6.36,-0.66771,0.150,0.180,0.000,-0.2992,-0.3338,TRACKING,L+C+R_fused
1786983860.537,48.0,0.962,0.916,0.924,0.5077,0.0123,6.64,-0.61913,0.150,0.180,0.000,-0.1946,-0.2264,TRACKING,L+C+R_fused
1786983860.560,48.0,0.957,0.922,0.924,0.5186,0.0175,6.39,-0.64964,0.150,0.180,0.000,-0.0974,-0.1275,TRACKING,L+C+R_fused
1786983860.581,48.0,0.962,0.923,0.925,0.5125,0.0190,5.31,-0.73145,0.150,0.180,0.000,-0.0364,-0.0606,TRACKING,L+C+R_fused
1786983860.606,48.0,0.960,0.923,0.924,0.5082,0.0221,6.81,-0.61572,0.150,0.180,0.000,-0.0286,-0.0438,TRACKING,L+C+R_fused
1786983860.622,48.0,0.962,0.922,0.922,0.5102,0.0203,6.53,-0.65884,0.150,0.180,0.000,-0.0562,-0.0654,TRACKING,L+C+R_fused
1786983860.651,48.0,0.960,0.920,0.928,0.5124,0.0187,6.72,-0.64891,0.150,0.180,0.000,-0.0915,-0.0988,TRACKING,L+C+R_fused
1786983860.668,48.0,0.961,0.922,0.921,0.5085,0.0163,5.61,-0.73929,0.150,0.180,0.000,-0.1002,-0.1114,TRACKING,L+C+R_fused
1786983860.697,48.0,0.963,0.924,0.920,0.5091,0.0173,5.88,-0.71783,0.150,0.180,0.000,-0.0902,-0.1046,TRACKING,L+C+R_fused
1786983860.729,48.0,0.963,0.922,0.924,0.5092,0.0176,6.55,-0.67736,0.150,0.180,0.000,-0.1080,-0.1189,TRACKING,L+C+R_fused
1786983860.749,48.0,0.962,0.919,0.925,0.5075,0.0155,6.18,-0.72830,0.150,0.180,0.000,-0.1381,-0.1471,TRACKING,L+C+R_fused
1786983860.781,48.0,0.964,0.916,0.923,0.5090,0.0121,5.83,-0.77868,0.150,0.180,0.000,-0.1907,-0.1964,TRACKING,L+C+R_fused
1786983860.811,48.0,0.966,0.918,0.921,0.5076,0.0102,7.30,-0.65946,0.150,0.180,0.000,-0.2666,-0.2682,TRACKING,L+C+R_fused
1786983860.841,48.0,0.964,0.916,0.915,0.5030,0.0056,5.85,-0.78653,0.150,0.180,0.000,-0.3037,-0.3106,TRACKING,L+C+R_fused
1786983860.865,48.0,0.967,0.916,0.919,0.4992,0.0040,4.95,-0.87131,0.150,0.180,0.000,-0.3064,-0.3193,TRACKING,L+C+R_fused
1786983860.883,48.0,0.963,0.917,0.918,0.5013,0.0068,4.68,-0.93199,0.150,0.180,0.000,-0.2577,-0.2796,TRACKING,L+C+R_fused
1786983860.893,48.0,0.963,0.916,0.920,0.4899,0.0140,6.29,-0.82338,0.150,0.180,0.000,-0.1858,-0.2124,TRACKING,L+C+R_fused
1786983860.913,48.0,0.957,0.910,0.919,0.4893,0.0203,6.28,-0.83349,0.150,0.180,0.000,-0.0779,-0.1102,TRACKING,L+C+R_fused
1786983860.938,48.0,0.960,0.912,0.922,0.4799,0.0226,4.71,-0.98071,0.150,0.180,0.000,0.0083,-0.0217,TRACKING,L+C+R_fused
1786983860.959,48.0,0.960,0.915,0.924,0.4746,0.0257,5.01,-0.96917,0.150,0.180,0.000,0.0526,0.0300,TRACKING,L+C+R_fused
1786983860.983,48.0,0.959,0.913,0.923,0.4750,0.0289,4.73,-1.02090,0.150,0.180,0.000,0.1107,0.0880,TRACKING,L+C+R_fused
1786983861.010,48.0,0.957,0.910,0.922,0.4765,0.0311,3.23,-1.13957,0.150,0.180,0.000,0.1951,0.1700,TRACKING,L+C+R_fused
1786983861.027,48.0,0.955,0.908,0.921,0.4769,0.0357,2.26,-1.20802,0.150,0.180,0.000,0.3045,0.2776,TRACKING,L+C+R_fused
1786983861.049,48.0,0.954,0.908,0.913,0.4776,0.0476,3.75,-1.12096,0.150,0.180,0.000,0.4492,0.4198,TRACKING,L+C+R_fused
1786983861.079,48.0,0.950,0.908,0.924,0.4778,0.0558,4.93,-1.00135,0.150,0.180,0.000,0.5461,0.5262,TRACKING,L+C+R_fused
1786983861.098,48.0,0.949,0.908,0.920,0.4782,0.0645,5.59,-0.94469,0.150,0.180,0.000,0.6527,0.6346,TRACKING,L+C+R_fused
1786983861.114,48.0,0.947,0.908,0.923,0.4749,0.0724,5.58,-0.96978,0.150,0.180,0.000,0.7506,0.7343,TRACKING,L+C+R_fused
1786983861.137,48.0,0.948,0.914,0.923,0.4716,0.0785,5.98,-0.91548,0.150,0.180,0.000,0.8165,0.8053,TRACKING,L+C+R_fused
1786983861.161,48.0,0.943,0.916,0.929,0.4720,0.0812,5.59,-0.96841,0.150,0.180,0.000,0.8509,0.8452,TRACKING,L+C+R_fused
1786983861.184,48.0,0.943,0.916,0.929,0.4720,0.0650,4.48,-0.77473,0.150,0.180,0.000,0.8509,0.8511,TRACKING,prediction
1786983861.207,48.0,0.943,0.916,0.929,0.4720,0.0520,3.58,-0.61978,0.150,0.180,0.000,0.8509,0.8520,TRACKING,prediction
1786983861.237,48.0,0.944,0.908,0.923,0.4847,0.0848,5.49,-1.02292,0.150,0.180,0.000,0.8851,0.8810,TRACKING,L+C+R_fused
1786983861.265,48.0,0.940,0.908,0.922,0.4812,0.0882,6.37,-0.97641,0.150,0.180,0.000,0.9011,0.8989,TRACKING,L+C+R_fused
1786983861.283,48.0,0.941,0.908,0.921,0.4724,0.0926,7.94,-0.89069,0.150,0.180,0.000,0.9133,0.9119,TRACKING,L+C+R_fused
1786983861.301,48.0,0.937,0.905,0.921,0.4798,0.0915,6.93,-1.00704,0.150,0.180,0.000,0.9162,0.9162,TRACKING,L+C+R_fused
1786983861.318,48.0,0.930,0.905,0.922,0.4862,0.0880,6.94,-1.00981,0.150,0.180,0.000,0.8802,0.8864,TRACKING,L+C+R_fused
1786983861.339,48.0,0.932,0.899,0.926,0.4871,0.0848,6.23,-1.11665,0.150,0.180,0.000,0.8545,0.8600,TRACKING,L+C+R_fused
1786983861.354,48.0,0.940,0.890,0.924,0.4902,0.0862,9.59,-0.81644,0.150,0.180,0.000,0.8083,0.8169,TRACKING,L+C+R_fused
1786983861.379,48.0,0.944,0.886,0.924,0.4956,0.0780,5.99,-1.15332,0.150,0.180,0.000,0.7817,0.7875,TRACKING,L+C+R_fused
1786983861.401,48.0,0.951,0.877,0.921,0.4959,0.0804,10.72,-0.72928,0.150,0.180,0.000,0.7138,0.7253,TRACKING,L+C+R_fused
1786983861.432,48.0,0.956,0.878,0.918,0.4975,0.0748,8.09,-1.07393,0.150,0.180,0.000,0.6841,0.6893,TRACKING,L+C+R_fused
1786983861.461,48.0,0.971,0.887,0.925,0.4812,0.0698,7.99,-1.09326,0.150,0.180,0.000,0.6182,0.6260,TRACKING,L+C+R_fused
1786983861.489,48.0,0.000,0.882,0.924,0.4554,0.0653,7.26,-1.22643,0.150,0.180,0.000,0.5617,0.5661,TRACKING,R+C
1786983861.504,48.0,0.000,0.894,0.918,0.4682,0.0611,6.94,-1.26456,0.150,0.180,0.000,0.5066,0.5089,TRACKING,R+C
1786983861.535,42.8,0.000,0.886,0.915,0.4782,0.0589,9.10,-1.15765,0.150,0.180,0.000,0.4007,0.4073,TRACKING,R+C
1786983861.558,42.8,0.000,0.873,0.914,0.4817,0.0538,9.74,-1.10066,0.150,0.180,0.000,0.2995,0.3042,TRACKING,R+C
1786983861.582,42.8,0.000,0.884,0.917,0.4851,0.0481,8.68,-1.28630,0.150,0.180,0.000,0.2174,0.2160,TRACKING,R+C
1786983861.612,42.8,0.000,0.886,0.905,0.4920,0.0464,11.35,-1.11248,0.150,0.180,0.000,0.0932,0.0946,TRACKING,R+C
1786983861.626,42.8,0.000,0.889,0.910,0.4992,0.0372,8.24,-1.41122,0.150,0.180,0.000,0.0214,0.0132,TRACKING,R+C
1786983861.655,42.8,0.000,0.894,0.912,0.5066,0.0329,7.57,-1.45924,0.150,0.700,0.000,-0.0320,-0.0447,TRACKING,R+C
1786983861.669,42.8,0.000,0.889,0.911,0.5141,0.0335,7.36,-1.47656,0.150,0.180,0.000,-0.0136,-0.0238,TRACKING,R+C
1786983861.686,42.8,0.000,0.886,0.903,0.5095,0.0407,8.77,-1.41311,0.150,0.180,0.000,0.0583,0.0263,TRACKING,R+C
1786983861.704,42.8,0.000,0.886,0.903,0.5095,0.0326,7.02,-1.13049,0.150,0.180,0.000,0.0583,0.0351,TRACKING,prediction
1786983861.719,42.8,0.000,0.895,0.907,0.5186,0.0463,9.91,-1.31697,0.150,0.180,0.000,0.1211,0.0914,TRACKING,R+C
1786983861.733,42.8,0.000,0.889,0.908,0.5260,0.0462,10.88,-1.24786,0.150,0.180,0.000,0.0854,0.0685,TRACKING,R+C
1786983861.750,42.8,0.000,0.889,0.908,0.5260,0.0369,8.70,-0.99829,0.150,0.180,0.000,0.0854,0.0651,TRACKING,prediction
1786983861.769,42.8,0.000,0.889,0.908,0.5260,0.0295,6.96,-0.79863,0.150,0.180,0.000,0.0854,0.0646,TRACKING,prediction
1786983861.783,42.8,0.000,0.881,0.902,0.5417,0.0230,8.39,-1.52545,0.150,0.180,0.000,-0.2553,-0.2281,TRACKING,R+C
1786983861.795,42.8,0.000,0.892,0.904,0.5518,0.0192,9.49,-1.45982,0.150,0.180,0.000,-0.3563,-0.3552,TRACKING,R+C
1786983861.812,42.8,0.000,0.884,0.896,0.5601,0.0169,8.97,-1.69376,0.150,0.180,0.000,-0.4122,-0.4222,TRACKING,R+C
1786983861.824,42.8,0.000,0.886,0.902,0.5720,0.0145,10.27,-1.60848,0.150,0.180,0.000,-0.4907,-0.4973,TRACKING,R+C
1786983861.853,42.8,0.000,0.885,0.897,0.5709,0.0206,15.00,-1.12506,0.150,0.180,0.000,-0.5182,-0.5304,TRACKING,R+C
1786983861.869,42.8,0.000,0.886,0.899,0.5707,0.0160,12.13,-1.43376,0.150,0.180,0.000,-0.5169,-0.5350,TRACKING,R+C
1786983861.885,42.8,0.000,0.877,0.901,0.5781,0.0152,11.76,-1.47812,0.150,0.180,0.000,-0.5211,-0.5392,TRACKING,R+C
1786983862.021,42.8,0.000,0.879,0.897,0.5806,0.0143,12.43,-1.42765,0.150,0.180,0.000,-0.5530,-0.5662,TRACKING,R+C
1786983862.071,42.8,0.000,0.870,0.899,0.5902,0.0082,12.14,-1.52427,0.150,0.180,0.000,-0.6424,-0.6445,TRACKING,R+C
1786983862.087,42.8,0.000,0.872,0.896,0.6008,0.0002,12.02,-1.63093,0.150,0.180,0.000,-0.7551,-0.7489,TRACKING,R+C
1786983862.106,42.8,0.000,0.872,0.896,0.6008,0.0002,9.61,-1.30475,0.150,0.180,0.000,-0.7551,-0.7643,TRACKING,prediction
1786983862.136,42.8,0.000,0.872,0.896,0.6008,0.0001,7.69,-1.04380,0.150,0.180,0.000,-0.7551,-0.7666,TRACKING,prediction
1786983862.170,42.8,0.000,0.876,0.895,0.6158,-0.0105,11.37,-1.90578,0.150,0.180,0.000,-0.8874,-0.8749,TRACKING,R+C
1786983862.187,42.8,0.000,0.876,0.895,0.6158,-0.0084,9.10,-1.52462,0.150,0.180,0.000,-0.8874,-0.8909,TRACKING,prediction
1786983862.211,42.8,0.000,0.876,0.895,0.6158,-0.0067,7.28,-1.21970,0.150,0.180,0.000,-0.8874,-0.8933,TRACKING,prediction
1786983862.254,42.8,0.000,0.876,0.895,0.6158,-0.0054,5.82,-0.97576,0.150,0.180,0.000,-0.8874,-0.8936,TRACKING,prediction
1786983862.285,42.8,0.000,0.876,0.895,0.6158,-0.0043,4.66,-0.78061,0.150,0.180,0.000,-0.8874,-0.8937,TRACKING,prediction
1786983862.311,42.8,0.000,0.876,0.895,0.6158,-0.0034,3.73,-0.62448,0.150,0.180,0.000,-0.8874,-0.8937,TRACKING,prediction
1786983862.336,42.8,0.000,0.876,0.895,0.6158,-0.0028,2.98,-0.49959,0.150,0.180,0.000,-0.8874,-0.8937,TRACKING,prediction
1786983862.363,42.8,0.000,0.876,0.895,0.6158,-0.0022,2.38,-0.39967,0.150,0.180,0.000,-0.8874,-0.8937,TRACKING,prediction
1786983862.383,42.8,0.000,0.876,0.895,0.6158,-0.0018,1.91,-0.31974,0.150,0.180,0.000,-0.8874,-0.8937,TRACKING,prediction
1786983862.399,42.8,0.000,0.889,0.899,0.6847,-0.0409,23.34,-0.57991,0.150,0.180,0.000,-1.0000,-0.9843,TRACKING,R+C
1786983862.413,42.8,0.000,0.891,0.901,0.6941,-0.0413,26.32,-0.28962,0.171,0.180,0.000,-1.0000,-0.9976,TRACKING,R+C
1786983862.429,42.8,0.000,0.891,0.901,0.6941,-0.0330,21.06,-0.23170,0.171,0.180,0.000,-1.0000,-0.9996,TRACKING,prediction
1786983862.441,42.8,0.000,0.892,0.899,0.7047,-0.0560,26.77,-0.15096,0.185,0.180,0.000,-1.0000,-0.9999,TRACKING,R+C
1786983862.461,42.8,0.000,0.892,0.899,0.7047,-0.0448,21.41,-0.12077,0.185,0.180,0.000,-1.0000,-1.0000,TRACKING,prediction
1786983862.480,42.8,0.000,0.892,0.899,0.7047,-0.0359,17.13,-0.09662,0.185,0.180,0.000,-1.0000,-1.0000,TRACKING,prediction
1786983862.497,42.8,0.000,0.892,0.899,0.7047,-0.0287,13.70,-0.07729,0.185,0.180,0.000,-1.0000,-1.0000,TRACKING,prediction
1786983862.514,42.8,0.000,0.904,0.897,0.7254,-0.0797,25.68,0.08588,0.191,0.180,0.000,-1.0000,-1.0000,TRACKING,R+C
1786983862.532,42.8,0.000,0.904,0.897,0.7254,-0.0638,20.54,0.06870,0.191,0.180,0.000,-1.0000,-1.0000,TRACKING,prediction
1786983862.550,42.4,0.000,0.904,0.897,0.7254,-0.0510,16.43,0.05496,0.191,0.180,0.000,-1.0000,-1.0000,TRACKING,prediction
1786983862.567,42.4,0.000,0.904,0.897,0.7254,-0.0408,13.15,0.04397,0.191,0.180,0.000,-1.0000,-1.0000,TRACKING,prediction
1786983862.586,42.4,0.000,0.904,0.897,0.7254,-0.0326,10.52,0.03518,0.191,0.700,0.000,-1.0000,-1.0000,TRACKING,prediction
1786983862.605,42.4,0.000,0.904,0.897,0.7254,-0.0261,8.41,0.02814,0.191,0.700,0.000,-1.0000,-0.7158,TRACKING,prediction
1786983862.625,42.4,0.000,0.904,0.897,0.7254,-0.0209,6.73,0.02251,0.191,0.700,0.000,-1.0000,-0.6732,TRACKING,prediction
1786983862.644,42.4,0.000,0.904,0.897,0.7254,-0.0167,5.39,0.01801,0.191,0.700,0.000,-1.0000,-0.6668,TRACKING,prediction
1786983862.665,42.4,0.000,0.904,0.897,0.7254,-0.0134,4.31,0.01441,0.191,0.700,0.000,-1.0000,-0.6658,TRACKING,prediction
1786983862.683,42.4,0.000,0.904,0.897,0.7254,-0.0107,3.45,0.01153,0.191,0.700,0.000,-1.0000,-0.6657,TRACKING,prediction
1786983862.705,42.4,0.000,0.904,0.897,0.7254,-0.0086,2.76,0.00922,0.191,0.700,0.000,-1.0000,-0.6657,TRACKING,prediction
1786983862.735,42.4,0.000,0.904,0.897,0.7254,-0.0068,2.21,0.00738,0.191,0.700,0.000,-1.0000,-0.6657,TRACKING,prediction
1786983862.763,42.4,0.000,0.904,0.897,0.7254,-0.0055,1.76,0.00590,0.191,0.681,0.000,-1.0000,-0.6657,TRACKING,prediction
1786983862.782,42.4,0.000,0.904,0.897,0.7254,-0.0044,1.41,0.00472,0.191,0.647,0.000,-1.0000,-0.6762,TRACKING,prediction
1786983862.803,42.4,0.000,0.904,0.897,0.7254,-0.0035,1.13,0.00378,0.191,0.615,0.000,-1.0000,-0.6970,TRACKING,prediction
1786983862.822,42.4,0.000,0.904,0.897,0.7254,-0.0028,0.90,0.00302,0.191,0.584,0.000,-1.0000,-0.7183,TRACKING,prediction
1786983862.844,42.4,0.000,0.904,0.897,0.7254,-0.0022,0.72,0.00242,0.191,0.490,0.000,-1.0000,-0.7386,UNCERTAIN,prediction
1786983862.862,42.4,0.000,0.904,0.897,0.7254,-0.0018,0.58,0.00193,0.191,0.490,0.000,-1.0000,-0.7940,UNCERTAIN,prediction
1786983862.886,42.4,0.000,0.904,0.897,0.7254,-0.0014,0.46,0.00155,0.191,0.490,0.000,-1.0000,-0.8021,UNCERTAIN,prediction
1786983862.907,42.4,0.000,0.904,0.897,0.7254,-0.0011,0.37,0.00124,0.191,0.476,0.000,-1.0000,-0.8033,UNCERTAIN,prediction
1786983862.931,42.4,0.000,0.904,0.897,0.7254,-0.0009,0.30,0.00099,0.191,0.452,0.000,-1.0000,-0.8113,UNCERTAIN,prediction
1786983862.954,42.4,0.000,0.904,0.897,0.7254,-0.0007,0.24,0.00079,0.191,0.429,0.000,-1.0000,-0.8255,UNCERTAIN,prediction
1786983862.981,42.4,0.000,0.904,0.897,0.7254,-0.0006,0.19,0.00063,0.191,0.180,0.000,-1.0000,-0.8400,UNCERTAIN,prediction
1786983862.999,42.4,0.000,0.904,0.897,0.7254,-0.0005,0.15,0.00051,0.191,0.180,0.000,-1.0000,-0.9764,UNCERTAIN,prediction
1786983863.019,42.4,0.000,0.904,0.897,0.7254,-0.0004,0.12,0.00041,0.191,0.180,0.000,-1.0000,-0.9965,UNCERTAIN,prediction
1786983863.053,42.4,0.000,0.904,0.897,0.7254,-0.0003,0.10,0.00032,0.191,0.180,0.000,-1.0000,-0.9995,UNCERTAIN,prediction
1786983863.079,42.4,0.000,0.904,0.897,0.7254,-0.0002,0.08,0.00026,0.191,0.180,0.000,-1.0000,-0.9999,UNCERTAIN,prediction
1786983863.098,42.4,0.000,0.904,0.897,0.7254,-0.0002,0.06,0.00021,0.191,0.180,0.000,-1.0000,-1.0000,UNCERTAIN,prediction
1786983863.125,42.4,0.000,0.904,0.897,0.7254,-0.0002,0.05,0.00017,0.191,0.180,0.000,-1.0000,-1.0000,UNCERTAIN,prediction
1786983863.141,42.4,0.000,0.892,0.922,0.5410,-0.0821,-2.80,-0.49421,0.151,0.180,0.000,-1.0000,-1.0000,TRACKING,R+C
1786983863.169,42.4,0.867,0.888,0.926,0.4359,-0.0729,-3.88,-0.63139,0.150,0.180,0.000,-0.9762,-0.9804,TRACKING,L+C+R_fused
1786983863.202,42.4,0.962,0.886,0.931,0.4800,-0.0710,-9.81,-1.13432,0.150,0.180,0.000,-0.8659,-0.8866,TRACKING,L+C+R_fused
1786983863.223,42.4,0.959,0.887,0.933,0.4916,-0.0625,-10.07,-1.10330,0.150,0.700,0.000,-0.7593,-0.7837,TRACKING,L+C+R_fused
1786983863.239,42.4,0.959,0.894,0.934,0.4925,-0.0544,-10.09,-1.11415,0.150,0.180,0.000,-0.6578,-0.4870,TRACKING,L+C+R_fused
1786983863.259,42.4,0.957,0.894,0.934,0.4957,-0.0478,-10.72,-1.23737,0.150,0.180,0.000,-0.5642,-0.5612,TRACKING,L+C+R_fused
1786983863.274,42.4,0.959,0.894,0.937,0.4921,-0.0442,-10.20,-1.23557,0.150,0.700,0.000,-0.5291,-0.5422,TRACKING,L+C+R_fused
1786983863.304,42.4,0.961,0.894,0.937,0.4843,-0.0453,-12.24,-1.40007,0.150,0.700,0.000,-0.4980,-0.3627,TRACKING,L+C+R_fused
1786983863.324,42.4,0.969,0.901,0.937,0.4715,-0.0438,-11.24,-1.41759,0.150,0.180,0.000,-0.5156,-0.3465,TRACKING,L+C+R_fused
1786983863.344,42.4,0.735,0.901,0.935,0.4590,-0.0464,-12.30,-1.54173,0.150,0.700,0.000,-0.5362,-0.5181,TRACKING,L+C+R_fused
1786983863.365,42.4,0.000,0.901,0.938,0.5063,-0.0492,-13.37,-1.63640,0.150,0.700,0.000,-0.5545,-0.3911,TRACKING,R+C
1786983863.381,42.4,0.000,0.906,0.933,0.5043,-0.0441,-12.96,-1.73578,0.150,0.180,0.000,-0.5108,-0.3491,TRACKING,R+C
1786983863.403,42.4,0.000,0.908,0.933,0.5083,-0.0366,-10.20,-1.66316,0.150,0.180,0.000,-0.4863,-0.4776,TRACKING,R+C
1786983863.418,42.4,0.000,0.901,0.930,0.5075,-0.0322,-10.92,-1.74607,0.150,0.180,0.000,-0.4033,-0.4261,TRACKING,R+C
1786983863.432,42.4,0.000,0.899,0.933,0.5027,-0.0202,-9.96,-1.77873,0.150,0.180,0.000,-0.2494,-0.2886,TRACKING,R+C
1786983863.458,42.4,0.000,0.902,0.932,0.4929,-0.0087,-8.95,-1.75852,0.150,0.180,0.000,-0.0876,-0.1304,TRACKING,R+C
1786983863.476,42.4,0.978,0.897,0.938,0.4779,0.0036,-8.36,-1.79308,0.150,0.700,0.000,0.0980,0.0527,TRACKING,L+C+R_fused
1786983863.504,42.4,0.962,0.898,0.938,0.4942,0.0188,-5.57,-1.67745,0.150,0.180,0.000,0.2666,0.1517,TRACKING,L+C+R_fused
1786983863.519,42.4,0.955,0.900,0.934,0.5031,0.0310,-3.78,-1.61560,0.150,0.180,0.000,0.4050,0.3613,TRACKING,L+C+R_fused
1786983863.541,42.4,0.953,0.902,0.940,0.5085,0.0380,-4.34,-1.67672,0.150,0.180,0.000,0.5248,0.4975,TRACKING,L+C+R_fused
1786983863.571,46.0,0.954,0.903,0.947,0.5088,0.0464,-2.62,-1.66502,0.150,0.700,0.000,0.5871,0.5713,TRACKING,L+C+R_fused
1786983863.601,46.0,0.956,0.903,0.942,0.4997,0.0503,-1.79,-1.68799,0.150,0.700,0.000,0.6095,0.4211,TRACKING,L+C+R_fused
1786983863.626,46.0,0.958,0.906,0.945,0.4781,0.0557,0.68,-1.55399,0.150,0.700,0.000,0.6173,0.4028,TRACKING,L+C+R_fused
1786983863.645,46.0,0.957,0.903,0.945,0.4870,0.0591,2.27,-1.44816,0.150,0.700,0.000,0.6242,0.4040,TRACKING,L+C+R_fused
1786983863.679,46.0,0.957,0.903,0.945,0.4870,0.0473,1.81,-1.15853,0.150,0.700,0.000,0.6242,0.4042,TRACKING,prediction
1786983863.701,46.0,0.969,0.905,0.928,0.5059,0.0664,4.02,-1.44333,0.150,0.700,0.000,0.6632,0.4257,TRACKING,L+C+R_fused
1786983863.723,46.0,0.909,0.899,0.928,0.5028,0.0629,2.25,-1.64477,0.150,0.180,0.000,0.6488,0.4201,TRACKING,L+C+R_fused
1786983863.746,46.0,0.000,0.899,0.936,0.4803,0.0590,3.51,-1.58543,0.150,0.180,0.000,0.5577,0.5304,TRACKING,R+C
1786983863.763,46.0,0.000,0.894,0.934,0.4852,0.0577,4.89,-1.49660,0.150,0.180,0.000,0.4993,0.4962,TRACKING,R+C
1786983863.778,46.0,0.000,0.896,0.938,0.4946,0.0551,4.75,-1.61485,0.150,0.180,0.000,0.4461,0.4435,TRACKING,R+C
1786983863.811,46.0,0.000,0.896,0.938,0.4946,0.0441,3.80,-1.29188,0.150,0.180,0.000,0.4461,0.4360,TRACKING,prediction
1786983863.831,46.0,0.000,0.896,0.938,0.4946,0.0353,3.04,-1.03351,0.150,0.180,0.000,0.4461,0.4349,TRACKING,prediction
1786983863.854,46.0,0.000,0.900,0.931,0.5128,0.0542,9.72,-1.31298,0.150,0.180,0.000,0.2684,0.2788,TRACKING,R+C
1786983863.870,46.0,0.000,0.892,0.926,0.5210,0.0503,7.01,-1.56116,0.150,0.180,0.000,0.2797,0.2652,TRACKING,R+C
1786983863.898,46.0,0.000,0.892,0.926,0.5210,0.0402,5.61,-1.24893,0.150,0.180,0.000,0.2797,0.2632,TRACKING,prediction
1786983863.925,46.0,0.000,0.893,0.923,0.5265,0.0639,12.00,-1.16579,0.150,0.180,0.000,0.3523,0.3270,TRACKING,R+C
1786983863.951,46.0,0.000,0.896,0.928,0.5033,0.0659,12.43,-1.13462,0.150,0.180,0.000,0.3716,0.3531,TRACKING,R+C
1786983863.981,46.0,0.000,0.896,0.928,0.5033,0.0527,9.94,-0.90769,0.150,0.180,0.000,0.3716,0.3569,TRACKING,prediction
1786983864.006,46.0,0.000,0.898,0.930,0.5057,0.0689,13.77,-1.02425,0.150,0.180,0.000,0.3799,0.3650,TRACKING,R+C
1786983864.027,46.0,0.000,0.893,0.931,0.5098,0.0630,11.73,-1.24060,0.150,0.180,0.000,0.3364,0.3271,TRACKING,R+C
1786983864.042,46.0,0.000,0.888,0.918,0.5366,0.0571,13.58,-1.08781,0.150,0.180,0.000,0.1774,0.1830,TRACKING,R+C
1786983864.057,46.0,0.000,0.889,0.910,0.5439,0.0471,13.36,-1.10300,0.150,0.180,0.000,0.0091,0.0150,TRACKING,R+C
1786983864.082,46.0,0.000,0.890,0.915,0.5569,0.0421,14.57,-1.02034,0.150,0.180,0.000,-0.1242,-0.1234,TRACKING,R+C
1786983864.104,46.0,0.000,0.889,0.909,0.5784,0.0334,15.04,-0.98304,0.150,0.180,0.000,-0.2906,-0.2842,TRACKING,R+C
1786983864.134,46.0,0.000,0.890,0.912,0.5720,0.0236,14.97,-0.97417,0.150,0.180,0.000,-0.4452,-0.4373,TRACKING,R+C
1786983864.159,46.0,0.000,0.889,0.912,0.5774,0.0175,15.38,-0.95688,0.150,0.180,0.000,-0.5512,-0.5484,TRACKING,R+C
1786983864.173,46.0,0.000,0.889,0.906,0.6005,0.0133,17.14,-0.83236,0.150,0.180,0.000,-0.6599,-0.6550,TRACKING,R+C
1786983864.188,46.0,0.000,0.889,0.906,0.6005,0.0106,13.71,-0.66589,0.150,0.180,0.000,-0.6599,-0.6707,TRACKING,prediction
1786983864.202,46.0,0.000,0.896,0.902,0.6188,-0.0117,15.77,-0.93761,0.150,0.180,0.000,-0.9161,-0.8833,TRACKING,R+C
1786983864.229,46.0,0.000,0.896,0.902,0.6188,-0.0094,12.61,-0.75009,0.150,0.180,0.000,-0.9161,-0.9147,TRACKING,prediction
1786983864.256,46.0,0.000,0.907,0.903,0.6361,-0.0281,16.24,-0.85017,0.150,0.180,0.000,-1.0000,-0.9873,TRACKING,R+C
