timestamp,fps,left_conf,center_conf,right_conf,lane_width_m,lateral_error_m,heading_error_deg,curvature,lookahead_m,target_speed,actual_speed,steer_raw,steer_filtered,tracking_state,reconstruction_method
1786994775.377,0.0,0.888,0.778,0.627,0.4954,-0.0045,7.81,-0.00383,0.200,0.206,0.000,-0.3042,-0.2717,TRACKING,L+C+R_fused
1786994775.471,0.0,0.886,0.780,0.629,0.4957,-0.0046,7.72,-0.01234,0.199,0.231,0.000,-0.3060,-0.3049,TRACKING,L+C+R_fused
1786994775.495,0.0,0.885,0.780,0.627,0.4944,-0.0045,7.78,-0.00856,0.199,0.254,0.000,-0.3055,-0.3054,TRACKING,L+C+R_fused
1786994775.502,0.0,0.884,0.781,0.627,0.4942,-0.0046,7.68,-0.01496,0.199,0.276,0.000,-0.3066,-0.3021,TRACKING,L+C+R_fused
1786994775.531,0.0,0.880,0.781,0.627,0.4936,-0.0046,7.73,-0.01174,0.199,0.298,0.000,-0.3063,-0.2973,TRACKING,L+C+R_fused
1786994775.550,0.0,0.880,0.779,0.627,0.4937,-0.0046,7.73,-0.00947,0.199,0.318,0.000,-0.3054,-0.2921,TRACKING,L+C+R_fused
1786994775.565,0.0,0.881,0.779,0.627,0.4937,-0.0045,7.75,-0.00942,0.199,0.337,0.000,-0.3052,-0.2876,TRACKING,L+C+R_fused
1786994775.581,0.0,0.882,0.780,0.629,0.4937,-0.0045,7.80,-0.00610,0.199,0.355,0.000,-0.3048,-0.2831,TRACKING,L+C+R_fused
1786994775.629,0.0,0.882,0.779,0.629,0.4938,-0.0046,7.77,-0.00741,0.199,0.372,0.000,-0.3051,-0.2794,TRACKING,L+C+R_fused
1786994775.642,0.0,0.879,0.780,0.629,0.4935,-0.0046,7.75,-0.00893,0.199,0.389,0.000,-0.3055,-0.2760,TRACKING,L+C+R_fused
1786994775.662,0.0,0.879,0.780,0.629,0.4934,-0.0046,7.75,-0.00867,0.199,0.404,0.000,-0.3054,-0.2726,TRACKING,L+C+R_fused
1786994775.699,0.0,0.879,0.780,0.629,0.4935,-0.0046,7.74,-0.00906,0.199,0.419,0.000,-0.3055,-0.2693,TRACKING,L+C+R_fused
1786994775.726,0.0,0.888,0.781,0.630,0.4959,-0.0046,7.70,-0.01628,0.198,0.433,0.000,-0.3074,-0.2674,TRACKING,L+C+R_fused
1786994775.761,0.0,0.887,0.781,0.630,0.4956,-0.0046,7.72,-0.01535,0.198,0.446,0.000,-0.3072,-0.2645,TRACKING,L+C+R_fused
1786994775.778,0.0,0.882,0.781,0.630,0.4950,-0.0046,7.72,-0.01492,0.199,0.459,0.000,-0.3073,-0.2617,TRACKING,L+C+R_fused
1786994775.809,0.0,0.881,0.782,0.630,0.4949,-0.0046,7.71,-0.01496,0.199,0.471,0.000,-0.3076,-0.2592,TRACKING,L+C+R_fused
1786994775.826,0.0,0.880,0.781,0.630,0.4952,-0.0046,7.71,-0.01624,0.198,0.483,0.000,-0.3073,-0.2564,TRACKING,L+C+R_fused
1786994775.843,0.0,0.879,0.781,0.630,0.4950,-0.0045,7.71,-0.01598,0.198,0.493,0.000,-0.3071,-0.2538,TRACKING,L+C+R_fused
1786994775.859,0.0,0.880,0.781,0.630,0.4952,-0.0046,7.70,-0.01684,0.198,0.504,0.000,-0.3074,-0.2516,TRACKING,L+C+R_fused
1786994775.875,0.0,0.880,0.781,0.630,0.4952,-0.0046,7.70,-0.01619,0.198,0.514,0.000,-0.3073,-0.2493,TRACKING,L+C+R_fused
1786994775.898,0.0,0.877,0.781,0.630,0.4958,-0.0046,7.67,-0.01823,0.198,0.523,0.000,-0.3077,-0.2475,TRACKING,L+C+R_fused
1786994775.918,0.0,0.876,0.781,0.630,0.4956,-0.0047,7.69,-0.01632,0.198,0.532,0.000,-0.3076,-0.2455,TRACKING,L+C+R_fused
1786994775.950,0.0,0.876,0.781,0.630,0.4957,-0.0047,7.69,-0.01614,0.198,0.540,0.000,-0.3078,-0.2436,TRACKING,L+C+R_fused
1786994775.969,0.0,0.876,0.782,0.630,0.4956,-0.0047,7.68,-0.01658,0.198,0.548,0.000,-0.3079,-0.2419,TRACKING,L+C+R_fused
1786994775.986,0.0,0.879,0.781,0.627,0.4943,-0.0046,7.75,-0.01135,0.199,0.556,0.000,-0.3062,-0.2391,TRACKING,L+C+R_fused
1786994776.005,0.0,0.879,0.782,0.627,0.4942,-0.0046,7.75,-0.01099,0.199,0.563,0.000,-0.3064,-0.2374,TRACKING,L+C+R_fused
1786994776.024,0.0,0.879,0.781,0.627,0.4946,-0.0047,7.67,-0.01611,0.198,0.570,0.000,-0.3071,-0.2363,TRACKING,L+C+R_fused
1786994776.037,0.0,0.879,0.781,0.624,0.4948,-0.0046,7.70,-0.01478,0.199,0.576,0.000,-0.3066,-0.2345,TRACKING,L+C+R_fused
1786994776.061,0.0,0.879,0.781,0.624,0.4947,-0.0046,7.70,-0.01461,0.199,0.583,0.000,-0.3068,-0.2333,TRACKING,L+C+R_fused
1786994776.094,0.0,0.879,0.781,0.624,0.4947,-0.0046,7.70,-0.01485,0.199,0.588,0.000,-0.3070,-0.2320,TRACKING,L+C+R_fused
1786994776.128,0.0,0.877,0.781,0.624,0.4950,-0.0045,7.74,-0.01290,0.199,0.594,0.000,-0.3063,-0.2304,TRACKING,L+C+R_fused
1786994776.146,0.0,0.878,0.782,0.627,0.4945,-0.0047,7.66,-0.01691,0.198,0.599,0.000,-0.3078,-0.2300,TRACKING,L+C+R_fused
1786994776.162,0.0,0.876,0.782,0.627,0.4942,-0.0047,7.67,-0.01648,0.198,0.604,0.000,-0.3077,-0.2289,TRACKING,L+C+R_fused
1786994776.177,0.0,0.876,0.781,0.627,0.4944,-0.0046,7.68,-0.01633,0.198,0.609,0.000,-0.3073,-0.2276,TRACKING,L+C+R_fused
1786994776.191,0.0,0.876,0.781,0.627,0.4945,-0.0044,7.73,-0.01516,0.198,0.614,0.000,-0.3061,-0.2258,TRACKING,L+C+R_fused
1786994776.204,0.0,0.873,0.778,0.627,0.4937,-0.0038,7.75,-0.00826,0.199,0.618,0.000,-0.2979,-0.2196,TRACKING,L+C+R_fused
1786994776.234,0.0,0.879,0.780,0.628,0.4968,-0.0038,7.64,-0.01899,0.198,0.622,0.000,-0.2997,-0.2190,TRACKING,L+C+R_fused
1786994776.251,0.0,0.882,0.780,0.625,0.4958,-0.0039,7.57,-0.02390,0.198,0.626,0.000,-0.3002,-0.2185,TRACKING,L+C+R_fused
1786994776.271,38.7,0.885,0.779,0.625,0.4949,-0.0039,7.59,-0.02261,0.198,0.630,0.000,-0.3003,-0.2178,TRACKING,L+C+R_fused
1786994776.292,38.7,0.884,0.780,0.625,0.4950,-0.0039,7.62,-0.01998,0.198,0.633,0.000,-0.3000,-0.2169,TRACKING,L+C+R_fused
1786994776.316,38.7,0.884,0.780,0.625,0.4950,-0.0039,7.61,-0.02149,0.198,0.637,0.000,-0.3000,-0.2161,TRACKING,L+C+R_fused
1786994776.329,38.7,0.884,0.780,0.625,0.4950,-0.0039,7.62,-0.02095,0.198,0.640,0.000,-0.2999,-0.2153,TRACKING,L+C+R_fused
1786994776.350,38.7,0.884,0.780,0.625,0.4950,-0.0039,7.66,-0.01662,0.198,0.643,0.000,-0.2991,-0.2142,TRACKING,L+C+R_fused
1786994776.360,38.7,0.884,0.780,0.626,0.4949,-0.0039,7.65,-0.01782,0.198,0.646,0.000,-0.2994,-0.2136,TRACKING,L+C+R_fused
1786994776.381,38.7,0.885,0.781,0.626,0.4949,-0.0042,7.55,-0.02200,0.198,0.648,0.000,-0.3012,-0.2141,TRACKING,L+C+R_fused
1786994776.401,38.7,0.884,0.782,0.626,0.4947,-0.0042,7.64,-0.01428,0.199,0.651,0.000,-0.3007,-0.2135,TRACKING,L+C+R_fused
1786994776.426,38.7,0.882,0.782,0.624,0.4977,-0.0045,7.69,-0.01052,0.199,0.653,0.000,-0.3032,-0.2144,TRACKING,L+C+R_fused
1786994776.444,38.7,0.880,0.781,0.628,0.4950,-0.0047,7.80,0.00094,0.200,0.656,0.000,-0.3038,-0.2145,TRACKING,L+C+R_fused
1786994776.464,38.7,0.874,0.780,0.629,0.4957,-0.0049,7.74,-0.00037,0.200,0.658,0.000,-0.3034,-0.2138,TRACKING,L+C+R_fused
1786994776.490,38.7,0.874,0.782,0.628,0.4990,-0.0056,7.71,0.00106,0.200,0.660,0.000,-0.3098,-0.2171,TRACKING,L+C+R_fused
1786994776.505,38.7,0.872,0.780,0.626,0.4993,-0.0062,7.65,-0.00095,0.200,0.662,0.000,-0.3131,-0.2191,TRACKING,L+C+R_fused
1786994776.530,38.7,0.871,0.780,0.628,0.5015,-0.0071,7.67,0.00753,0.199,0.664,0.000,-0.3230,-0.2248,TRACKING,L+C+R_fused
1786994776.547,38.7,0.865,0.781,0.630,0.5039,-0.0078,7.75,0.01849,0.198,0.666,0.000,-0.3342,-0.2318,TRACKING,L+C+R_fused
1786994776.572,38.7,0.862,0.781,0.633,0.5073,-0.0095,7.72,0.02890,0.197,0.667,0.000,-0.3507,-0.2420,TRACKING,L+C+R_fused
1786994776.593,38.7,0.867,0.783,0.632,0.5098,-0.0110,7.74,0.04155,0.196,0.669,0.000,-0.3676,-0.2529,TRACKING,L+C+R_fused
1786994776.613,38.7,0.856,0.781,0.629,0.5127,-0.0126,7.59,0.02714,0.197,0.671,0.000,-0.3754,-0.2588,TRACKING,L+C+R_fused
1786994776.634,38.7,0.866,0.779,0.629,0.5214,-0.0141,7.55,0.03573,0.196,0.672,0.000,-0.3898,-0.2676,TRACKING,L+C+R_fused
1786994776.660,38.7,0.869,0.782,0.630,0.5199,-0.0163,7.24,0.02059,0.198,0.673,0.000,-0.3970,-0.2729,TRACKING,L+C+R_fused
1786994776.676,38.7,0.873,0.784,0.630,0.5273,-0.0184,7.11,0.02490,0.198,0.675,0.000,-0.4134,-0.2828,TRACKING,L+C+R_fused
1786994776.691,38.7,0.868,0.781,0.632,0.5317,-0.0199,7.19,0.03956,0.196,0.676,0.000,-0.4331,-0.2951,TRACKING,L+C+R_fused
1786994776.712,38.7,0.878,0.783,0.634,0.5330,-0.0216,7.19,0.04409,0.196,0.677,0.000,-0.4498,-0.3062,TRACKING,L+C+R_fused
1786994776.726,38.7,0.868,0.786,0.635,0.5380,-0.0229,6.93,0.03462,0.197,0.678,0.000,-0.4511,-0.3084,TRACKING,L+C+R_fused
1786994776.745,38.7,0.864,0.782,0.630,0.5392,-0.0234,6.75,0.03720,0.196,0.679,0.000,-0.4512,-0.3084,TRACKING,L+C+R_fused
1786994776.760,38.7,0.863,0.783,0.627,0.5407,-0.0231,6.51,0.03087,0.197,0.680,0.000,-0.4391,-0.3011,TRACKING,L+C+R_fused
1786994776.780,38.7,0.867,0.781,0.623,0.5388,-0.0212,6.20,0.02271,0.198,0.681,0.000,-0.4109,-0.2836,TRACKING,L+C+R_fused
1786994776.803,38.7,0.864,0.778,0.620,0.5350,-0.0183,5.88,0.01428,0.199,0.682,0.000,-0.3723,-0.2587,TRACKING,L+C+R_fused
1786994776.818,38.7,0.860,0.777,0.618,0.5364,-0.0156,5.65,0.01287,0.199,0.683,0.000,-0.3390,-0.2355,TRACKING,L+C+R_fused
1786994776.844,38.7,0.845,0.784,0.616,0.5336,-0.0148,5.20,-0.00520,0.199,0.684,0.000,-0.3183,-0.2201,TRACKING,L+C+R_fused
1786994776.871,38.7,0.849,0.779,0.615,0.5353,-0.0156,4.99,-0.00480,0.200,0.685,0.000,-0.3191,-0.2181,TRACKING,L+C+R_fused
1786994776.890,38.7,0.851,0.778,0.616,0.5357,-0.0168,4.76,-0.01557,0.198,0.686,0.000,-0.3280,-0.2228,TRACKING,L+C+R_fused
1786994776.911,38.7,0.846,0.778,0.615,0.5345,-0.0180,4.75,-0.01172,0.199,0.686,0.000,-0.3376,-0.2288,TRACKING,L+C+R_fused
1786994776.931,38.7,0.849,0.782,0.616,0.5380,-0.0194,4.49,-0.02520,0.197,0.687,0.000,-0.3487,-0.2359,TRACKING,L+C+R_fused
1786994776.952,38.7,0.839,0.781,0.617,0.5379,-0.0208,4.11,-0.04847,0.195,0.688,0.000,-0.3625,-0.2445,TRACKING,L+C+R_fused
1786994776.973,38.7,0.826,0.775,0.618,0.5438,-0.0227,3.92,-0.05101,0.195,0.688,0.000,-0.3757,-0.2532,TRACKING,L+C+R_fused
1786994776.993,38.7,0.828,0.775,0.617,0.5458,-0.0249,3.45,-0.08073,0.192,0.689,0.000,-0.3984,-0.2671,TRACKING,L+C+R_fused
1786994777.013,38.7,0.819,0.773,0.616,0.5491,-0.0287,2.51,-0.14680,0.185,0.689,0.000,-0.4439,-0.2947,TRACKING,L+C+R_fused
1786994777.034,38.7,0.820,0.768,0.618,0.5516,-0.0314,2.19,-0.17326,0.183,0.690,0.000,-0.4776,-0.3175,TRACKING,L+C+R_fused
1786994777.058,38.7,0.825,0.760,0.620,0.5495,-0.0342,1.91,-0.19856,0.180,0.690,0.000,-0.5149,-0.3418,TRACKING,L+C+R_fused
1786994777.075,38.7,0.858,0.759,0.620,0.5529,-0.0375,0.67,-0.29960,0.170,0.691,0.000,-0.5812,-0.3821,TRACKING,L+C+R_fused
1786994777.095,38.7,0.859,0.746,0.622,0.5588,-0.0405,-0.09,-0.37031,0.163,0.691,0.000,-0.6109,-0.4046,TRACKING,L+C+R_fused
1786994777.121,38.7,0.866,0.742,0.621,0.5523,-0.0432,-1.03,-0.43525,0.156,0.692,0.000,-0.6660,-0.4383,TRACKING,L+C+R_fused
1786994777.136,38.7,0.852,0.733,0.620,0.5592,-0.0439,-2.63,-0.54819,0.150,0.692,0.000,-0.6861,-0.4540,TRACKING,L+C+R_fused
1786994777.156,38.7,0.855,0.717,0.620,0.5504,-0.0416,-3.17,-0.60971,0.150,0.693,0.000,-0.6464,-0.4341,TRACKING,L+C+R_fused
1786994777.171,38.7,0.871,0.712,0.617,0.5400,-0.0395,-3.94,-0.67608,0.150,0.693,0.000,-0.6007,-0.4055,TRACKING,L+C+R_fused
1786994777.198,38.7,0.845,0.701,0.619,0.5474,-0.0381,-5.09,-0.78171,0.150,0.693,0.000,-0.5559,-0.3762,TRACKING,L+C+R_fused
1786994777.219,38.7,0.854,0.702,0.618,0.5419,-0.0389,-6.43,-0.89939,0.150,0.694,0.000,-0.5359,-0.3607,TRACKING,L+C+R_fused
1786994777.241,38.7,0.868,0.699,0.621,0.5376,-0.0404,-7.48,-0.98291,0.150,0.694,0.000,-0.5331,-0.3568,TRACKING,L+C+R_fused
1786994777.261,38.7,0.884,0.696,0.622,0.5321,-0.0416,-8.46,-1.07795,0.150,0.694,0.000,-0.5300,-0.3546,TRACKING,L+C+R_fused
1786994777.282,49.5,0.899,0.689,0.629,0.5302,-0.0425,-8.85,-1.13822,0.150,0.695,0.000,-0.5386,-0.3592,TRACKING,L+C+R_fused
1786994777.300,49.5,0.906,0.687,0.632,0.5210,-0.0448,-9.65,-1.23264,0.150,0.695,0.000,-0.5581,-0.3709,TRACKING,L+C+R_fused
1786994777.321,49.5,0.918,0.689,0.633,0.5297,-0.0458,-10.39,-1.31700,0.150,0.695,0.000,-0.5591,-0.3732,TRACKING,L+C+R_fused
1786994777.343,49.5,0.920,0.690,0.638,0.5209,-0.0450,-10.97,-1.40600,0.150,0.695,0.000,-0.5405,-0.3634,TRACKING,L+C+R_fused
1786994777.366,49.5,0.928,0.697,0.636,0.5127,-0.0441,-12.50,-1.52191,0.150,0.696,0.000,-0.4918,-0.3348,TRACKING,L+C+R_fused
1786994777.380,49.5,0.925,0.700,0.635,0.4982,-0.0395,-11.83,-1.54121,0.150,0.696,0.000,-0.4482,-0.3064,TRACKING,L+C+R_fused
1786994777.392,49.5,0.947,0.707,0.639,0.4930,-0.0385,-12.20,-1.61004,0.150,0.696,0.000,-0.4310,-0.2927,TRACKING,L+C+R_fused
1786994777.413,49.5,0.376,0.714,0.644,0.4880,-0.0386,-12.01,-1.63651,0.150,0.696,0.000,-0.4439,-0.2980,TRACKING,L+C+R_fused
1786994777.433,49.5,0.000,0.722,0.647,0.5067,-0.0384,-11.79,-1.68838,0.150,0.696,0.000,-0.4584,-0.3071,TRACKING,R+C
1786994777.453,49.5,0.000,0.727,0.647,0.5098,-0.0371,-11.67,-1.73116,0.150,0.697,0.000,-0.4506,-0.3042,TRACKING,R+C
1786994777.474,49.5,0.000,0.734,0.649,0.5096,-0.0338,-11.68,-1.79246,0.150,0.697,0.000,-0.4083,-0.2805,TRACKING,R+C
1786994777.495,49.5,0.000,0.720,0.644,0.5068,-0.0238,-9.88,-1.77818,0.150,0.697,0.000,-0.3136,-0.2244,TRACKING,R+C
1786994777.517,49.5,0.000,0.728,0.643,0.4998,-0.0144,-8.93,-1.77673,0.150,0.697,0.000,-0.1923,-0.1484,TRACKING,R+C
1786994777.535,49.5,0.000,0.725,0.644,0.4951,-0.0064,-8.11,-1.78672,0.150,0.697,0.000,-0.0878,-0.0789,TRACKING,R+C
1786994777.548,49.5,0.000,0.731,0.644,0.4888,-0.0015,-7.28,-1.79018,0.150,0.697,0.000,-0.0381,-0.0410,TRACKING,R+C
1786994777.568,49.5,0.000,0.733,0.642,0.4875,-0.0011,-6.54,-1.81913,0.150,0.697,0.000,-0.0674,-0.0522,TRACKING,R+C
1786994777.589,49.5,0.000,0.736,0.641,0.4881,-0.0012,-5.93,-1.86162,0.150,0.698,0.000,-0.1038,-0.0746,TRACKING,R+C
1786994777.610,49.5,0.000,0.734,0.636,0.4960,0.0027,-3.78,-1.79583,0.150,0.698,0.000,-0.1164,-0.0852,TRACKING,R+C
1786994777.624,49.5,0.000,0.732,0.635,0.4871,0.0079,-2.43,-1.76960,0.150,0.698,0.000,-0.0778,-0.0654,TRACKING,R+C
1786994777.654,49.5,0.000,0.730,0.631,0.4925,0.0133,-1.44,-1.75247,0.150,0.698,0.000,-0.0232,-0.0321,TRACKING,R+C
1786994777.668,49.5,0.000,0.735,0.628,0.4778,0.0173,-0.49,-1.72798,0.150,0.698,0.000,0.0112,-0.0081,TRACKING,R+C
1786994777.683,49.5,0.000,0.730,0.628,0.4829,0.0179,0.09,-1.71268,0.150,0.698,0.000,-0.0009,-0.0114,TRACKING,R+C
1786994777.704,49.5,0.000,0.725,0.629,0.5113,0.0165,1.02,-1.70566,0.150,0.698,0.000,-0.0663,-0.0488,TRACKING,R+C
1786994777.714,49.5,0.000,0.730,0.633,0.5352,0.0148,2.63,-1.63010,0.150,0.698,0.000,-0.1547,-0.1038,TRACKING,R+C
1786994777.735,49.5,0.000,0.733,0.634,0.5455,0.0117,3.77,-1.58539,0.150,0.698,0.000,-0.2516,-0.1660,TRACKING,R+C
1786994777.756,49.5,0.000,0.727,0.676,0.5762,0.0080,4.22,-1.62320,0.150,0.698,0.000,-0.3396,-0.2244,TRACKING,R+C
1786994777.777,49.5,0.000,0.727,0.724,0.5366,0.0035,4.88,-1.60357,0.150,0.699,0.000,-0.4366,-0.2868,TRACKING,R+C
1786994777.797,49.5,0.000,0.727,0.724,0.5366,0.0028,3.90,-1.28286,0.150,0.699,0.000,-0.4366,-0.2959,TRACKING,prediction
1786994777.818,49.5,0.000,0.727,0.724,0.5366,0.0022,3.12,-1.02629,0.150,0.699,0.000,-0.4366,-0.2973,TRACKING,prediction
1786994777.839,49.5,0.000,0.727,0.724,0.5366,0.0018,2.50,-0.82103,0.150,0.699,0.000,-0.4366,-0.2975,TRACKING,prediction
1786994777.859,49.5,0.000,0.727,0.724,0.5366,0.0014,2.00,-0.65682,0.150,0.699,0.000,-0.4366,-0.2975,TRACKING,prediction
1786994777.880,49.5,0.000,0.727,0.724,0.5366,0.0011,1.60,-0.52546,0.150,0.699,0.000,-0.4366,-0.2975,TRACKING,prediction
1786994777.900,49.5,0.000,0.727,0.724,0.5366,0.0009,1.28,-0.42037,0.150,0.699,0.000,-0.4366,-0.2975,TRACKING,prediction
1786994777.920,49.5,0.000,0.727,0.724,0.5366,0.0007,1.02,-0.33629,0.150,0.699,0.000,-0.4366,-0.2975,TRACKING,prediction
1786994777.940,49.5,0.000,0.727,0.724,0.5366,0.0006,0.82,-0.26903,0.150,0.691,0.000,-0.4366,-0.2974,TRACKING,prediction
1786994777.961,49.5,0.000,0.727,0.724,0.5366,0.0005,0.66,-0.21523,0.150,0.676,0.000,-0.4366,-0.2994,TRACKING,prediction
1786994777.984,49.5,0.000,0.727,0.724,0.5366,0.0004,0.52,-0.17218,0.150,0.656,0.000,-0.4366,-0.3038,TRACKING,prediction
1786994778.002,49.5,0.000,0.727,0.724,0.5366,0.0003,0.42,-0.13775,0.150,0.632,0.000,-0.4366,-0.3097,TRACKING,prediction
1786994778.025,49.5,0.000,0.727,0.724,0.5366,0.0002,0.34,-0.11020,0.150,0.590,0.000,-0.4366,-0.3167,UNCERTAIN,prediction
1786994778.043,49.5,0.000,0.727,0.724,0.5366,0.0002,0.27,-0.08816,0.150,0.560,0.000,-0.4366,-0.3289,UNCERTAIN,prediction
1786994778.053,49.5,0.000,0.727,0.724,0.5366,0.0002,0.21,-0.07053,0.150,0.539,0.000,-0.4366,-0.3385,UNCERTAIN,prediction
1786994778.074,49.5,0.000,0.727,0.724,0.5366,0.0001,0.17,-0.05642,0.150,0.518,0.000,-0.4366,-0.3453,UNCERTAIN,prediction
1786994778.094,49.5,0.000,0.727,0.724,0.5366,0.0001,0.14,-0.04514,0.150,0.497,0.000,-0.4366,-0.3517,UNCERTAIN,prediction
1786994778.114,49.5,0.000,0.727,0.724,0.5366,0.0001,0.11,-0.03611,0.150,0.475,0.000,-0.4366,-0.3581,UNCERTAIN,prediction
1786994778.135,49.5,0.000,0.788,0.773,0.6352,-0.0574,11.36,-1.07906,0.150,0.487,0.000,-1.0000,-0.7448,TRACKING,R+C
1786994778.157,49.5,0.000,0.788,0.773,0.6352,-0.0459,9.09,-0.86325,0.150,0.497,0.000,-1.0000,-0.7944,TRACKING,prediction
1786994778.178,49.5,0.000,0.788,0.773,0.6352,-0.0367,7.27,-0.69060,0.150,0.507,0.000,-1.0000,-0.7959,TRACKING,prediction
1786994778.213,49.5,0.000,0.788,0.773,0.6352,-0.0294,5.82,-0.55248,0.150,0.517,0.000,-1.0000,-0.7905,TRACKING,prediction
1786994778.231,49.5,0.000,0.788,0.773,0.6352,-0.0235,4.65,-0.44198,0.150,0.526,0.000,-1.0000,-0.7843,TRACKING,prediction
1786994778.252,49.5,0.000,0.788,0.773,0.6352,-0.0188,3.72,-0.35359,0.150,0.535,0.000,-1.0000,-0.7783,TRACKING,prediction
1786994778.272,49.5,0.000,0.788,0.773,0.6352,-0.0150,2.98,-0.28287,0.150,0.543,0.000,-1.0000,-0.7725,TRACKING,prediction
1786994778.294,50.4,0.000,0.788,0.773,0.6352,-0.0120,2.38,-0.22630,0.150,0.551,0.000,-1.0000,-0.7671,TRACKING,prediction
1786994778.315,50.4,0.000,0.796,0.784,0.6151,-0.0595,10.15,-0.99991,0.150,0.558,0.000,-1.0000,-0.7614,TRACKING,R+C
1786994778.329,50.4,0.000,0.796,0.784,0.6151,-0.0476,8.12,-0.79993,0.150,0.565,0.000,-1.0000,-0.7564,TRACKING,prediction
1786994778.340,50.4,0.000,0.796,0.784,0.6151,-0.0381,6.49,-0.63994,0.150,0.572,0.000,-1.0000,-0.7517,TRACKING,prediction
1786994778.373,50.4,0.000,0.796,0.784,0.6151,-0.0304,5.20,-0.51196,0.150,0.579,0.000,-1.0000,-0.7473,TRACKING,prediction
1786994778.391,50.4,0.000,0.796,0.784,0.6151,-0.0244,4.16,-0.40956,0.150,0.585,0.000,-1.0000,-0.7430,TRACKING,prediction
1786994778.413,50.4,0.000,0.796,0.784,0.6151,-0.0195,3.33,-0.32765,0.150,0.590,0.000,-1.0000,-0.7390,TRACKING,prediction
1786994778.429,50.4,0.000,0.796,0.784,0.6151,-0.0156,2.66,-0.26212,0.150,0.596,0.000,-1.0000,-0.7351,TRACKING,prediction
1786994778.445,50.4,0.000,0.796,0.784,0.6151,-0.0125,2.13,-0.20970,0.150,0.601,0.000,-1.0000,-0.7315,TRACKING,prediction
1786994778.461,50.4,0.000,0.796,0.784,0.6151,-0.0100,1.70,-0.16776,0.150,0.606,0.000,-1.0000,-0.7280,TRACKING,prediction
1786994778.481,50.4,0.000,0.796,0.784,0.6151,-0.0080,1.36,-0.13421,0.150,0.611,0.000,-1.0000,-0.7247,TRACKING,prediction
1786994778.501,50.4,0.000,0.796,0.784,0.6151,-0.0064,1.09,-0.10736,0.150,0.613,0.000,-1.0000,-0.7216,TRACKING,prediction
1786994778.522,50.4,0.000,0.796,0.784,0.6151,-0.0051,0.87,-0.08589,0.150,0.614,0.000,-1.0000,-0.7197,TRACKING,prediction
1786994778.542,50.4,0.000,0.796,0.784,0.6151,-0.0041,0.70,-0.06871,0.150,0.609,0.000,-1.0000,-0.7190,TRACKING,prediction
1786994778.564,50.4,0.000,0.796,0.784,0.6151,-0.0033,0.56,-0.05497,0.150,0.597,0.000,-1.0000,-0.7216,TRACKING,prediction
1786994778.583,50.4,0.000,0.796,0.784,0.6151,-0.0026,0.45,-0.04398,0.150,0.565,0.000,-1.0000,-0.7290,UNCERTAIN,prediction
1786994778.603,50.4,0.000,0.796,0.784,0.6151,-0.0021,0.36,-0.03518,0.150,0.542,0.000,-1.0000,-0.7481,UNCERTAIN,prediction
1786994778.621,50.4,0.000,0.796,0.784,0.6151,-0.0017,0.29,-0.02815,0.150,0.526,0.000,-1.0000,-0.7635,UNCERTAIN,prediction
1786994778.642,50.4,0.000,0.796,0.784,0.6151,-0.0013,0.23,-0.02252,0.150,0.507,0.000,-1.0000,-0.7750,UNCERTAIN,prediction
1786994778.665,50.4,0.000,0.796,0.784,0.6151,-0.0011,0.18,-0.01801,0.150,0.487,0.000,-1.0000,-0.7873,UNCERTAIN,prediction
1786994778.683,50.4,0.000,0.796,0.784,0.6151,-0.0009,0.15,-0.01441,0.150,0.466,0.000,-1.0000,-0.8004,UNCERTAIN,prediction
1786994778.714,50.4,0.000,0.796,0.784,0.6151,-0.0007,0.12,-0.01153,0.150,0.445,0.000,-1.0000,-0.8139,UNCERTAIN,prediction
1786994778.732,50.4,0.000,0.796,0.784,0.6151,-0.0005,0.09,-0.00922,0.150,0.425,0.000,-1.0000,-0.8274,UNCERTAIN,prediction
1786994778.755,50.4,0.000,0.796,0.784,0.6151,-0.0004,0.07,-0.00738,0.150,0.405,0.000,-1.0000,-0.8407,UNCERTAIN,prediction
1786994778.774,50.4,0.000,0.796,0.784,0.6151,-0.0004,0.06,-0.00590,0.150,0.385,0.000,-1.0000,-0.8538,UNCERTAIN,prediction
1786994778.795,50.4,0.000,0.869,0.774,0.5736,-0.0960,7.09,-0.57557,0.150,0.401,0.000,-1.0000,-0.8666,TRACKING,R+C
1786994778.816,50.4,0.000,0.866,0.780,0.5684,-0.0929,6.62,-0.58125,0.150,0.416,0.000,-1.0000,-0.8596,TRACKING,R+C
1786994778.837,50.4,0.000,0.868,0.781,0.5643,-0.0888,6.58,-0.55135,0.150,0.430,0.000,-1.0000,-0.8501,TRACKING,R+C
1786994778.857,50.4,0.000,0.861,0.786,0.5572,-0.0856,5.62,-0.61005,0.150,0.444,0.000,-1.0000,-0.8405,TRACKING,R+C
1786994778.879,50.4,0.000,0.861,0.786,0.5572,-0.0685,4.50,-0.48804,0.150,0.456,0.000,-1.0000,-0.8317,TRACKING,prediction
1786994778.898,50.4,0.000,0.861,0.786,0.5572,-0.0548,3.60,-0.39043,0.150,0.469,0.000,-1.0000,-0.8232,TRACKING,prediction
1786994778.918,50.4,0.000,0.861,0.786,0.5572,-0.0438,2.88,-0.31234,0.150,0.480,0.000,-1.0000,-0.8152,TRACKING,prediction
1786994778.939,50.4,0.000,0.843,0.794,0.5479,-0.0637,5.22,-0.55354,0.150,0.491,0.000,-1.0000,-0.8060,TRACKING,R+C
1786994778.960,50.4,0.000,0.842,0.801,0.5421,-0.0584,4.53,-0.60872,0.150,0.502,0.000,-1.0000,-0.7983,TRACKING,R+C
1786994778.975,50.4,0.000,0.842,0.801,0.5421,-0.0467,3.63,-0.48697,0.150,0.512,0.000,-1.0000,-0.7913,TRACKING,prediction
1786994778.994,50.4,0.000,0.842,0.801,0.5421,-0.0374,2.90,-0.38958,0.150,0.521,0.000,-1.0000,-0.7847,TRACKING,prediction
1786994779.010,50.4,0.000,0.842,0.801,0.5421,-0.0299,2.32,-0.31166,0.150,0.530,0.000,-1.0000,-0.7784,TRACKING,prediction
1786994779.025,50.4,0.000,0.842,0.801,0.5421,-0.0239,1.86,-0.24933,0.150,0.538,0.000,-1.0000,-0.7725,TRACKING,prediction
1786994779.045,50.4,0.000,0.842,0.801,0.5421,-0.0191,1.49,-0.19946,0.150,0.546,0.000,-1.0000,-0.7668,TRACKING,prediction
1786994779.066,50.4,0.376,0.821,0.802,0.5421,-0.0187,3.21,-0.66531,0.150,0.554,0.000,-0.5591,-0.4807,TRACKING,L+C+R_fused
1786994779.086,50.4,0.376,0.821,0.802,0.5421,-0.0150,2.56,-0.53225,0.150,0.561,0.000,-0.5591,-0.4358,TRACKING,prediction
1786994779.101,50.4,0.755,0.827,0.821,0.5145,-0.0050,3.06,-0.66931,0.150,0.568,0.000,-0.3418,-0.2887,TRACKING,L+C+R_fused
1786994779.121,50.4,0.688,0.826,0.820,0.5222,-0.0006,3.03,-0.67065,0.150,0.575,0.000,-0.2664,-0.2179,TRACKING,L+C+R_fused
1786994779.135,50.4,0.648,0.833,0.813,0.5159,0.0011,2.70,-0.70027,0.150,0.581,0.000,-0.2272,-0.1816,TRACKING,L+C+R_fused
1786994779.150,50.4,0.357,0.826,0.823,0.5090,0.0013,3.03,-0.68395,0.150,0.587,0.000,-0.2364,-0.1812,TRACKING,L+C+R_fused
1786994779.169,50.4,0.356,0.824,0.818,0.5246,-0.0008,3.51,-0.65785,0.150,0.593,0.000,-0.2886,-0.2129,TRACKING,L+C+R_fused
1786994779.188,50.4,0.635,0.824,0.824,0.5397,-0.0041,3.74,-0.65420,0.150,0.598,0.000,-0.3520,-0.2559,TRACKING,L+C+R_fused
1786994779.203,50.4,0.365,0.824,0.815,0.5349,-0.0066,3.93,-0.65893,0.150,0.603,0.000,-0.4017,-0.2917,TRACKING,L+C+R_fused
1786994779.223,50.4,0.656,0.826,0.815,0.5513,-0.0092,4.09,-0.65770,0.150,0.608,0.000,-0.4481,-0.3242,TRACKING,L+C+R_fused
1786994779.246,50.4,0.000,0.829,0.812,0.5179,-0.0104,4.04,-0.67404,0.150,0.613,0.000,-0.4677,-0.3397,TRACKING,R+C
1786994779.256,50.4,0.000,0.829,0.812,0.5179,-0.0083,3.23,-0.53923,0.150,0.617,0.000,-0.4677,-0.3407,TRACKING,prediction
1786994779.275,50.4,0.578,0.827,0.802,0.5775,-0.0089,4.33,-0.66324,0.150,0.621,0.000,-0.4544,-0.3317,TRACKING,L+C+R_fused
1786994779.295,51.9,0.000,0.829,0.811,0.5228,-0.0087,4.16,-0.68616,0.150,0.625,0.000,-0.4480,-0.3255,TRACKING,R+C
1786994779.316,51.9,0.799,0.826,0.809,0.5535,-0.0127,3.15,-0.76492,0.150,0.629,0.000,-0.4824,-0.3442,TRACKING,L+C+R_fused
1786994779.337,51.9,0.664,0.816,0.811,0.5624,-0.0144,4.04,-0.72178,0.150,0.632,0.000,-0.5362,-0.3779,TRACKING,L+C+R_fused
1786994779.357,51.9,0.583,0.818,0.810,0.6501,-0.0184,4.04,-0.73880,0.150,0.636,0.000,-0.5957,-0.4172,TRACKING,L+C+R_fused
1786994779.378,51.9,0.669,0.825,0.805,0.4711,-0.0206,4.18,-0.74876,0.150,0.639,0.000,-0.6325,-0.4435,TRACKING,L+C+R_fused
1786994779.399,51.9,0.705,0.821,0.814,0.4843,-0.0213,3.96,-0.78557,0.150,0.642,0.000,-0.6389,-0.4501,TRACKING,L+C+R_fused
1786994779.420,51.9,0.808,0.822,0.812,0.5602,-0.0190,4.16,-0.77461,0.150,0.645,0.000,-0.6129,-0.4347,TRACKING,L+C+R_fused
1786994779.442,51.9,0.732,0.816,0.818,0.4955,-0.0154,3.64,-0.82939,0.150,0.648,0.000,-0.5512,-0.3954,TRACKING,L+C+R_fused
1786994779.453,51.9,0.732,0.816,0.818,0.4955,-0.0123,2.91,-0.66351,0.150,0.650,0.000,-0.5512,-0.3887,TRACKING,prediction
1786994779.474,51.9,0.732,0.816,0.818,0.4955,-0.0098,2.33,-0.53081,0.150,0.653,0.000,-0.5512,-0.3868,TRACKING,prediction
1786994779.489,51.9,0.732,0.816,0.818,0.4955,-0.0079,1.86,-0.42465,0.150,0.655,0.000,-0.5512,-0.3857,TRACKING,prediction
1786994779.503,51.9,0.732,0.816,0.818,0.4955,-0.0063,1.49,-0.33972,0.150,0.657,0.000,-0.5512,-0.3848,TRACKING,prediction
1786994779.524,51.9,0.943,0.816,0.834,0.5216,-0.0039,3.56,-0.92228,0.150,0.660,0.000,-0.3864,-0.2889,TRACKING,L+C+R_fused
1786994779.534,51.9,0.936,0.800,0.834,0.5050,0.0012,2.83,-1.01836,0.150,0.662,0.000,-0.2884,-0.2177,TRACKING,L+C+R_fused
1786994779.555,51.9,0.914,0.802,0.843,0.5001,0.0076,2.64,-1.02394,0.150,0.663,0.000,-0.1709,-0.1386,TRACKING,L+C+R_fused
1786994779.565,51.9,0.905,0.814,0.851,0.4986,0.0136,2.27,-1.03618,0.150,0.665,0.000,-0.0506,-0.0568,TRACKING,L+C+R_fused
1786994779.596,51.9,0.885,0.805,0.853,0.4941,0.0236,3.50,-0.95400,0.150,0.667,0.000,0.0855,0.0348,TRACKING,L+C+R_fused
1786994779.621,51.9,0.871,0.800,0.854,0.4915,0.0310,3.19,-0.98769,0.150,0.669,0.000,0.2233,0.1288,TRACKING,L+C+R_fused
1786994779.641,51.9,0.818,0.804,0.865,0.4894,0.0389,3.22,-0.99012,0.150,0.670,0.000,0.3546,0.2192,TRACKING,L+C+R_fused
1786994779.658,51.9,0.768,0.803,0.871,0.4870,0.0455,2.85,-1.03947,0.150,0.672,0.000,0.4657,0.2970,TRACKING,L+C+R_fused
1786994779.666,51.9,0.831,0.806,0.879,0.4832,0.0502,2.99,-1.02885,0.150,0.673,0.000,0.5333,0.3475,TRACKING,L+C+R_fused
1786994779.686,51.9,0.838,0.810,0.889,0.4844,0.0532,3.18,-1.01621,0.150,0.675,0.000,0.5724,0.3773,TRACKING,L+C+R_fused
1786994779.707,51.9,0.837,0.810,0.888,0.4863,0.0547,3.18,-1.02713,0.150,0.676,0.000,0.5912,0.3921,TRACKING,L+C+R_fused
1786994779.728,51.9,0.822,0.798,0.882,0.4875,0.0587,3.30,-1.03637,0.150,0.677,0.000,0.6412,0.4226,TRACKING,L+C+R_fused
1786994779.749,51.9,0.815,0.792,0.887,0.4871,0.0661,3.78,-1.02207,0.150,0.678,0.000,0.7232,0.4737,TRACKING,L+C+R_fused
1786994779.775,51.9,0.752,0.787,0.877,0.4842,0.0733,3.95,-1.02198,0.150,0.679,0.000,0.8037,0.5269,TRACKING,L+C+R_fused
1786994779.790,51.9,0.728,0.791,0.891,0.4824,0.0792,4.06,-1.02021,0.150,0.680,0.000,0.8654,0.5695,TRACKING,L+C+R_fused
1786994779.811,51.9,0.738,0.797,0.894,0.4812,0.0825,4.31,-1.02767,0.150,0.681,0.000,0.8919,0.5903,TRACKING,L+C+R_fused
1786994779.832,51.9,0.805,0.797,0.900,0.4840,0.0833,4.88,-0.99684,0.150,0.682,0.000,0.8884,0.5909,TRACKING,L+C+R_fused
1786994779.852,51.9,0.842,0.783,0.890,0.4865,0.0797,4.61,-1.05110,0.150,0.683,0.000,0.8520,0.5697,TRACKING,L+C+R_fused
1786994779.872,51.9,0.804,0.780,0.874,0.4894,0.0748,3.94,-1.14340,0.150,0.684,0.000,0.8066,0.5401,TRACKING,L+C+R_fused
1786994779.893,51.9,0.839,0.772,0.868,0.4935,0.0736,4.69,-1.14551,0.150,0.685,0.000,0.7705,0.5147,TRACKING,L+C+R_fused
1786994779.913,51.9,0.871,0.767,0.864,0.4972,0.0706,4.98,-1.16078,0.150,0.685,0.000,0.7226,0.4832,TRACKING,L+C+R_fused
1786994779.936,51.9,0.891,0.767,0.861,0.5024,0.0677,5.58,-1.14777,0.150,0.686,0.000,0.6670,0.4463,TRACKING,L+C+R_fused
1786994779.954,51.9,0.918,0.772,0.862,0.5041,0.0652,6.00,-1.14089,0.150,0.687,0.000,0.6193,0.4129,TRACKING,L+C+R_fused
1786994779.977,51.9,0.929,0.764,0.858,0.4994,0.0621,6.02,-1.17602,0.150,0.688,0.000,0.5699,0.3790,TRACKING,L+C+R_fused
1786994779.996,51.9,0.736,0.758,0.848,0.4950,0.0573,5.45,-1.27210,0.150,0.688,0.000,0.5077,0.3377,TRACKING,L+C+R_fused
1786994780.017,51.9,0.000,0.757,0.828,0.4704,0.0533,4.95,-1.35440,0.150,0.689,0.000,0.4530,0.2997,TRACKING,R+C
1786994780.031,51.9,0.000,0.754,0.830,0.4768,0.0515,6.26,-1.29774,0.150,0.689,0.000,0.3800,0.2520,TRACKING,R+C
1786994780.049,51.9,0.000,0.756,0.831,0.4841,0.0484,6.57,-1.30084,0.150,0.690,0.000,0.3139,0.2068,TRACKING,R+C
1786994780.069,51.9,0.000,0.758,0.829,0.4867,0.0463,7.13,-1.27368,0.150,0.690,0.000,0.2590,0.1686,TRACKING,R+C
1786994780.089,51.9,0.000,0.753,0.823,0.4894,0.0448,6.77,-1.36049,0.150,0.691,0.000,0.2340,0.1482,TRACKING,R+C
1786994780.110,51.9,0.000,0.751,0.822,0.4909,0.0457,6.28,-1.43347,0.150,0.691,0.000,0.2584,0.1589,TRACKING,R+C
1786994780.130,51.9,0.000,0.751,0.821,0.4919,0.0477,5.48,-1.53201,0.150,0.692,0.000,0.3096,0.1894,TRACKING,R+C
1786994780.151,51.9,0.000,0.756,0.820,0.4921,0.0539,7.21,-1.40947,0.150,0.692,0.000,0.3576,0.2213,TRACKING,R+C
1786994780.173,51.9,0.000,0.756,0.816,0.4917,0.0563,7.69,-1.37921,0.150,0.693,0.000,0.3820,0.2398,TRACKING,R+C
1786994780.192,51.9,0.000,0.748,0.817,0.4944,0.0551,7.78,-1.40287,0.150,0.693,0.000,0.3544,0.2265,TRACKING,R+C
1786994780.212,51.9,0.000,0.743,0.814,0.5004,0.0509,7.98,-1.43149,0.150,0.693,0.000,0.2698,0.1759,TRACKING,R+C
1786994780.233,51.9,0.000,0.742,0.816,0.5107,0.0463,8.59,-1.41569,0.150,0.694,0.000,0.1653,0.1087,TRACKING,R+C
1786994780.254,51.9,0.000,0.742,0.816,0.5107,0.0370,6.87,-1.13255,0.150,0.694,0.000,0.1653,0.0989,TRACKING,prediction
1786994780.275,51.9,0.000,0.742,0.816,0.5107,0.0296,5.50,-0.90604,0.150,0.694,0.000,0.1653,0.0974,TRACKING,prediction
1786994780.295,51.9,0.000,0.731,0.799,0.5398,0.0310,9.66,-1.43664,0.150,0.695,0.000,-0.1606,-0.0879,TRACKING,R+C
1786994780.316,51.0,0.000,0.738,0.794,0.5523,0.0278,9.74,-1.45470,0.150,0.695,0.000,-0.2226,-0.1494,TRACKING,R+C
1786994780.326,51.0,0.000,0.733,0.794,0.5583,0.0267,9.23,-1.57247,0.150,0.695,0.000,-0.2403,-0.1687,TRACKING,R+C
1786994780.346,51.0,0.000,0.731,0.793,0.5592,0.0259,9.09,-1.64147,0.150,0.695,0.000,-0.2595,-0.1826,TRACKING,R+C
1786994780.369,51.0,0.000,0.728,0.786,0.5639,0.0249,9.55,-1.62573,0.150,0.696,0.000,-0.2947,-0.2041,TRACKING,R+C
1786994780.382,51.0,0.000,0.734,0.789,0.5699,0.0202,10.02,-1.60100,0.150,0.696,0.000,-0.3885,-0.2594,TRACKING,R+C
1786994780.397,51.0,0.000,0.728,0.782,0.5791,0.0162,11.26,-1.54910,0.150,0.696,0.000,-0.4962,-0.3273,TRACKING,R+C
1786994780.418,51.0,0.000,0.734,0.786,0.5878,0.0112,11.30,-1.60939,0.150,0.696,0.000,-0.5812,-0.3845,TRACKING,R+C
1786994780.440,51.0,0.000,0.736,0.787,0.5935,0.0091,11.69,-1.61664,0.150,0.696,0.000,-0.6264,-0.4179,TRACKING,R+C
1786994780.450,51.0,0.000,0.742,0.791,0.5885,0.0099,12.63,-1.53897,0.150,0.697,0.000,-0.6402,-0.4303,TRACKING,R+C
1786994780.471,51.0,0.000,0.739,0.788,0.5913,0.0103,11.75,-1.66698,0.150,0.697,0.000,-0.6209,-0.4217,TRACKING,R+C
1786994780.492,51.0,0.000,0.734,0.788,0.5933,0.0120,11.84,-1.72624,0.150,0.697,0.000,-0.6096,-0.4144,TRACKING,R+C
1786994780.513,51.0,0.000,0.730,0.790,0.6006,0.0124,11.64,-1.80137,0.150,0.697,0.000,-0.6073,-0.4122,TRACKING,R+C
1786994780.535,51.0,0.000,0.727,0.794,0.6081,0.0096,12.62,-1.70350,0.150,0.697,0.000,-0.6685,-0.4453,TRACKING,R+C
1786994780.553,51.0,0.000,0.724,0.790,0.6192,0.0048,12.87,-1.72317,0.150,0.697,0.000,-0.7412,-0.4902,TRACKING,R+C
1786994780.573,51.0,0.000,0.729,0.794,0.6289,-0.0002,13.28,-1.70449,0.150,0.697,0.000,-0.8107,-0.5349,TRACKING,R+C
1786994780.594,51.0,0.000,0.729,0.794,0.6289,-0.0001,10.62,-1.36359,0.150,0.698,0.000,-0.8107,-0.5414,TRACKING,prediction
1786994780.615,51.0,0.000,0.735,0.799,0.6384,-0.0015,15.66,-1.47524,0.150,0.698,0.000,-0.8729,-0.5762,TRACKING,R+C
1786994780.629,51.0,0.000,0.738,0.805,0.6352,0.0005,17.42,-1.27005,0.150,0.698,0.000,-0.8810,-0.5855,TRACKING,R+C
1786994780.649,51.0,0.000,0.738,0.805,0.6352,0.0004,13.93,-1.01604,0.150,0.698,0.000,-0.8810,-0.5868,TRACKING,prediction
1786994780.668,51.0,0.000,0.736,0.798,0.6377,0.0060,20.98,-0.82407,0.150,0.698,0.000,-0.8801,-0.5859,TRACKING,R+C
1786994780.688,51.0,0.000,0.739,0.800,0.6374,0.0077,23.08,-0.58842,0.150,0.698,0.000,-0.8984,-0.5955,TRACKING,R+C
1786994780.709,51.0,0.000,0.739,0.800,0.6374,0.0062,18.47,-0.47074,0.150,0.698,0.000,-0.8984,-0.5969,TRACKING,prediction
1786994780.730,51.0,0.000,0.739,0.800,0.6374,0.0049,14.77,-0.37659,0.150,0.698,0.000,-0.8984,-0.5971,TRACKING,prediction
1786994780.750,51.0,0.000,0.749,0.797,0.6352,0.0086,25.89,-0.20829,0.179,0.698,0.000,-0.7118,-0.4962,TRACKING,R+C
1786994780.770,51.0,0.000,0.748,0.792,0.6414,0.0085,26.44,-0.10716,0.189,0.698,0.000,-0.8443,-0.5522,TRACKING,R+C
1786994780.791,51.0,0.000,0.751,0.792,0.6476,0.0075,26.82,-0.02368,0.198,0.699,0.000,-0.7953,-0.5340,TRACKING,R+C
1786994780.815,51.0,0.000,0.751,0.792,0.6476,0.0060,21.46,-0.01894,0.198,0.699,0.000,-0.7953,-0.5313,TRACKING,prediction
1786994780.836,51.0,0.000,0.751,0.792,0.6476,0.0048,17.17,-0.01515,0.198,0.699,0.000,-0.7953,-0.5308,TRACKING,prediction
1786994780.855,51.0,0.000,0.751,0.792,0.6476,0.0039,13.73,-0.01212,0.198,0.699,0.000,-0.7953,-0.5307,TRACKING,prediction
1786994780.873,51.0,0.000,0.751,0.792,0.6476,0.0031,10.99,-0.00970,0.198,0.699,0.000,-0.7953,-0.5307,TRACKING,prediction
1786994780.888,51.0,0.000,0.751,0.792,0.6476,0.0025,8.79,-0.00776,0.198,0.699,0.000,-0.7953,-0.5306,TRACKING,prediction
1786994780.912,51.0,0.000,0.751,0.792,0.6476,0.0020,7.03,-0.00621,0.198,0.699,0.000,-0.7953,-0.5306,TRACKING,prediction
1786994780.919,51.0,0.000,0.751,0.792,0.6476,0.0016,5.62,-0.00497,0.198,0.699,0.000,-0.7953,-0.5306,TRACKING,prediction
1786994780.950,51.0,0.000,0.751,0.792,0.6476,0.0013,4.50,-0.00397,0.198,0.699,0.000,-0.7953,-0.5305,TRACKING,prediction
1786994780.961,51.0,0.000,0.751,0.792,0.6476,0.0010,3.60,-0.00318,0.198,0.694,0.000,-0.7953,-0.5305,TRACKING,prediction
1786994780.994,51.0,0.000,0.751,0.792,0.6476,0.0008,2.88,-0.00254,0.198,0.679,0.000,-0.7953,-0.5331,TRACKING,prediction
1786994781.002,51.0,0.000,0.751,0.792,0.6476,0.0006,2.30,-0.00203,0.198,0.660,0.000,-0.7953,-0.5399,TRACKING,prediction
1786994781.027,51.0,0.000,0.751,0.792,0.6476,0.0005,1.84,-0.00163,0.198,0.637,0.000,-0.7953,-0.5499,TRACKING,prediction
1786994781.048,51.0,0.000,0.751,0.792,0.6476,0.0004,1.47,-0.00130,0.198,0.593,0.000,-0.7953,-0.5619,UNCERTAIN,prediction
1786994781.062,51.0,0.000,0.784,0.771,0.6489,-0.0900,13.27,-0.10309,0.190,0.598,0.000,-1.0000,-0.7085,TRACKING,R+C
1786994781.087,51.0,0.000,0.790,0.771,0.6432,-0.0935,11.90,-0.14560,0.185,0.603,0.000,-1.0000,-0.7266,TRACKING,R+C
1786994781.093,51.0,0.000,0.784,0.751,0.6402,-0.0966,11.29,-0.14769,0.185,0.608,0.000,-1.0000,-0.7265,TRACKING,R+C
1786994781.123,51.0,0.000,0.784,0.751,0.6402,-0.0773,9.03,-0.11816,0.185,0.613,0.000,-1.0000,-0.7238,TRACKING,prediction
1786994781.144,51.0,0.000,0.784,0.751,0.6402,-0.0618,7.23,-0.09452,0.185,0.617,0.000,-1.0000,-0.7208,TRACKING,prediction
1786994781.168,51.0,0.000,0.784,0.751,0.6402,-0.0495,5.78,-0.07562,0.185,0.621,0.000,-1.0000,-0.7179,TRACKING,prediction
1786994781.187,51.0,0.000,0.784,0.751,0.6402,-0.0396,4.62,-0.06050,0.185,0.625,0.000,-1.0000,-0.7151,TRACKING,prediction
1786994781.208,51.0,0.000,0.784,0.751,0.6402,-0.0317,3.70,-0.04840,0.185,0.629,0.000,-1.0000,-0.7125,TRACKING,prediction
1786994781.230,51.0,0.000,0.752,0.787,0.5960,-0.0979,4.60,-0.41017,0.159,0.632,0.000,-1.0000,-0.7087,TRACKING,R+C
1786994781.249,51.0,0.000,0.752,0.793,0.5893,-0.0933,4.05,-0.40671,0.159,0.636,0.000,-1.0000,-0.7057,TRACKING,R+C
1786994781.270,51.0,0.000,0.751,0.797,0.5827,-0.0887,3.26,-0.44079,0.156,0.639,0.000,-1.0000,-0.7029,TRACKING,R+C
1786994781.281,51.0,0.000,0.747,0.799,0.5746,-0.0846,2.12,-0.50654,0.150,0.642,0.000,-1.0000,-0.7003,TRACKING,R+C
1786994781.312,51.0,0.000,0.747,0.799,0.5746,-0.0677,1.69,-0.40523,0.150,0.645,0.000,-1.0000,-0.6982,TRACKING,prediction
1786994781.333,51.1,0.000,0.729,0.809,0.5566,-0.0775,-1.57,-0.75885,0.150,0.648,0.000,-1.0000,-0.6953,TRACKING,R+C
1786994781.343,51.1,0.000,0.718,0.810,0.5487,-0.0705,-2.20,-0.81460,0.150,0.650,0.000,-1.0000,-0.6928,TRACKING,R+C
1786994781.364,51.1,0.000,0.711,0.816,0.5397,-0.0642,-3.17,-0.89758,0.150,0.653,0.000,-0.9381,-0.6553,TRACKING,R+C
1786994781.384,51.1,0.000,0.723,0.819,0.5320,-0.0575,-3.52,-0.90708,0.150,0.655,0.000,-0.8629,-0.6050,TRACKING,R+C
1786994781.405,51.1,0.000,0.715,0.822,0.5267,-0.0534,-5.10,-1.04335,0.150,0.657,0.000,-0.7906,-0.5548,TRACKING,R+C
1786994781.427,51.1,0.000,0.709,0.830,0.5196,-0.0517,-7.66,-1.25091,0.150,0.660,0.000,-0.7200,-0.5060,TRACKING,R+C
1786994781.441,51.1,0.000,0.718,0.837,0.5184,-0.0497,-7.72,-1.27657,0.150,0.662,0.000,-0.6968,-0.4845,TRACKING,R+C
1786994781.468,51.1,0.000,0.716,0.840,0.5178,-0.0483,-7.92,-1.33940,0.150,0.664,0.000,-0.6806,-0.4714,TRACKING,R+C
1786994781.488,51.1,0.000,0.724,0.838,0.5168,-0.0474,-8.23,-1.39259,0.150,0.665,0.000,-0.6660,-0.4604,TRACKING,R+C
1786994781.509,51.1,0.000,0.730,0.839,0.5179,-0.0447,-7.81,-1.38617,0.150,0.667,0.000,-0.6434,-0.4451,TRACKING,R+C
1786994781.530,51.1,0.000,0.728,0.841,0.5154,-0.0401,-8.50,-1.48405,0.150,0.669,0.000,-0.5692,-0.4000,TRACKING,R+C
1786994781.551,51.1,0.000,0.732,0.851,0.5118,-0.0351,-9.84,-1.60763,0.150,0.670,0.000,-0.4669,-0.3345,TRACKING,R+C
1786994781.571,51.1,0.000,0.741,0.854,0.5086,-0.0273,-8.71,-1.59538,0.150,0.672,0.000,-0.3854,-0.2779,TRACKING,R+C
1786994781.592,51.1,0.000,0.752,0.862,0.5071,-0.0225,-7.95,-1.62285,0.150,0.673,0.000,-0.3423,-0.2448,TRACKING,R+C
1786994781.615,51.1,0.000,0.755,0.865,0.5082,-0.0199,-8.04,-1.70867,0.150,0.675,0.000,-0.3101,-0.2216,TRACKING,R+C
1786994781.629,51.1,0.000,0.753,0.865,0.5076,-0.0159,-7.47,-1.74606,0.150,0.676,0.000,-0.2723,-0.1966,TRACKING,R+C
1786994781.643,51.1,0.000,0.759,0.858,0.5086,-0.0103,-5.81,-1.68967,0.150,0.677,0.000,-0.2354,-0.1718,TRACKING,R+C
1786994781.664,51.1,0.000,0.756,0.848,0.5067,-0.0074,-6.04,-1.79079,0.150,0.678,0.000,-0.1955,-0.1457,TRACKING,R+C
1786994781.684,51.1,0.000,0.757,0.855,0.5096,-0.0040,-3.39,-1.64479,0.150,0.679,0.000,-0.2220,-0.1567,TRACKING,R+C
1786994781.705,51.1,0.000,0.744,0.854,0.5129,-0.0051,-4.08,-1.83329,0.150,0.680,0.000,-0.2458,-0.1726,TRACKING,R+C
1786994781.726,51.1,0.000,0.741,0.851,0.5195,-0.0037,-3.14,-1.84090,0.150,0.681,0.000,-0.2627,-0.1845,TRACKING,R+C
1786994781.746,51.1,0.000,0.747,0.852,0.5238,-0.0017,-1.67,-1.78477,0.150,0.682,0.000,-0.2799,-0.1959,TRACKING,R+C
1786994781.767,51.1,0.000,0.748,0.848,0.5262,0.0003,-1.25,-1.82404,0.150,0.683,0.000,-0.2714,-0.1930,TRACKING,R+C
1786994781.777,51.1,0.000,0.751,0.838,0.5285,0.0008,-1.07,-1.83989,0.150,0.684,0.000,-0.2720,-0.1928,TRACKING,R+C
1786994781.798,51.1,0.000,0.748,0.842,0.5337,0.0025,1.12,-1.73124,0.150,0.685,0.000,-0.3184,-0.2190,TRACKING,R+C
1786994781.817,51.1,0.000,0.742,0.841,0.5449,-0.0002,1.33,-1.80248,0.150,0.686,0.000,-0.3831,-0.2595,TRACKING,R+C
1786994781.837,51.1,0.000,0.750,0.838,0.5505,-0.0009,2.86,-1.71411,0.150,0.686,0.000,-0.4408,-0.2977,TRACKING,R+C
1786994781.857,51.1,0.000,0.754,0.831,0.5576,-0.0013,3.89,-1.67821,0.150,0.687,0.000,-0.4830,-0.3268,TRACKING,R+C
1786994781.872,51.1,0.000,0.761,0.832,0.5615,0.0004,5.12,-1.59991,0.150,0.688,0.000,-0.4933,-0.3367,TRACKING,R+C
1786994781.886,51.1,0.000,0.755,0.823,0.5594,0.0058,6.18,-1.54179,0.150,0.688,0.000,-0.4445,-0.3108,TRACKING,R+C
1786994781.902,51.1,0.000,0.755,0.823,0.5594,0.0046,4.95,-1.23343,0.150,0.689,0.000,-0.4445,-0.3068,TRACKING,prediction
1786994781.912,51.1,0.000,0.760,0.836,0.5557,0.0129,8.30,-1.37662,0.150,0.689,0.000,-0.3923,-0.2767,TRACKING,R+C
1786994781.922,51.1,0.000,0.759,0.835,0.5580,0.0127,8.75,-1.35253,0.150,0.690,0.000,-0.4111,-0.2828,TRACKING,R+C
1786994781.953,51.1,0.000,0.756,0.831,0.5678,0.0104,9.62,-1.27666,0.150,0.690,0.000,-0.4708,-0.3167,TRACKING,R+C
1786994781.963,51.1,0.000,0.758,0.833,0.5692,0.0069,9.86,-1.27956,0.150,0.691,0.000,-0.5334,-0.3566,TRACKING,R+C
1786994781.977,51.1,0.000,0.758,0.833,0.5692,0.0055,7.89,-1.02364,0.150,0.691,0.000,-0.5334,-0.3623,TRACKING,prediction
1786994781.994,51.1,0.000,0.756,0.830,0.5831,0.0059,11.41,-1.15423,0.150,0.692,0.000,-0.5890,-0.3939,TRACKING,R+C
1786994782.017,51.1,0.000,0.755,0.825,0.5900,0.0043,12.18,-1.08210,0.150,0.692,0.000,-0.6298,-0.4210,TRACKING,R+C
1786994782.035,51.1,0.000,0.750,0.813,0.5969,-0.0009,12.36,-1.09554,0.150,0.693,0.000,-0.7068,-0.4676,TRACKING,R+C
1786994782.056,51.1,0.000,0.754,0.813,0.6094,-0.0084,12.91,-1.05400,0.150,0.693,0.000,-0.8095,-0.5312,TRACKING,R+C
1786994782.076,51.1,0.000,0.757,0.807,0.6224,-0.0193,12.10,-1.13574,0.150,0.693,0.000,-0.9111,-0.5964,TRACKING,R+C
1786994782.097,51.1,0.000,0.757,0.807,0.6224,-0.0155,9.68,-0.90860,0.150,0.694,0.000,-0.9111,-0.6059,TRACKING,prediction
1786994782.118,51.1,0.000,0.757,0.807,0.6224,-0.0124,7.74,-0.72688,0.150,0.694,0.000,-0.9111,-0.6071,TRACKING,prediction
1786994782.139,51.1,0.000,0.757,0.807,0.6224,-0.0099,6.19,-0.58150,0.150,0.694,0.000,-0.9111,-0.6071,TRACKING,prediction
1786994782.151,51.1,0.000,0.757,0.807,0.6224,-0.0079,4.96,-0.46520,0.150,0.695,0.000,-0.9111,-0.6070,TRACKING,prediction
1786994782.172,51.1,0.000,0.757,0.807,0.6224,-0.0063,3.96,-0.37216,0.150,0.695,0.000,-0.9111,-0.6068,TRACKING,prediction
1786994782.187,51.1,0.000,0.757,0.807,0.6224,-0.0051,3.17,-0.29773,0.150,0.695,0.000,-0.9111,-0.6066,TRACKING,prediction
1786994782.198,51.1,0.000,0.757,0.807,0.6224,-0.0041,2.54,-0.23818,0.150,0.695,0.000,-0.9111,-0.6065,TRACKING,prediction
1786994782.219,51.1,0.000,0.757,0.807,0.6224,-0.0032,2.03,-0.19055,0.150,0.696,0.000,-0.9111,-0.6063,TRACKING,prediction
1786994782.239,51.1,0.000,0.757,0.807,0.6224,-0.0026,1.62,-0.15244,0.150,0.694,0.000,-0.9111,-0.6062,TRACKING,prediction
1786994782.261,51.1,0.000,0.757,0.807,0.6224,-0.0021,1.30,-0.12195,0.150,0.682,0.000,-0.9111,-0.6070,TRACKING,prediction
1786994782.271,51.1,0.000,0.757,0.807,0.6224,-0.0017,1.04,-0.09756,0.150,0.665,0.000,-0.9111,-0.6131,TRACKING,prediction
1786994782.281,51.1,0.000,0.797,0.778,0.6505,-0.0687,11.99,-0.92489,0.150,0.666,0.000,-1.0000,-0.6761,TRACKING,R+C
1786994782.302,51.1,0.000,0.795,0.782,0.6459,-0.0660,12.61,-0.84092,0.150,0.668,0.000,-1.0000,-0.6837,TRACKING,R+C
1786994782.312,51.1,0.000,0.789,0.786,0.6411,-0.0647,12.29,-0.82321,0.150,0.670,0.000,-1.0000,-0.6836,TRACKING,R+C
1786994782.333,55.0,0.000,0.786,0.782,0.6367,-0.0655,11.43,-0.87742,0.150,0.671,0.000,-1.0000,-0.6827,TRACKING,R+C
1786994782.356,55.0,0.000,0.788,0.780,0.6367,-0.0680,11.15,-0.88757,0.150,0.673,0.000,-1.0000,-0.6818,TRACKING,R+C
1786994782.374,55.0,0.000,0.787,0.781,0.6369,-0.0728,11.15,-0.86225,0.150,0.674,0.000,-1.0000,-0.6812,TRACKING,R+C
1786994782.389,55.0,0.000,0.784,0.782,0.6390,-0.0811,10.68,-0.87759,0.150,0.675,0.000,-1.0000,-0.6808,TRACKING,R+C
1786994782.403,55.0,0.000,0.796,0.785,0.6439,-0.0896,10.84,-0.83960,0.150,0.677,0.000,-1.0000,-0.6805,TRACKING,R+C
1786994782.423,55.0,0.000,0.801,0.787,0.6456,-0.0954,11.47,-0.75748,0.150,0.678,0.000,-1.0000,-0.6801,TRACKING,R+C
1786994782.444,55.0,0.000,0.801,0.787,0.6456,-0.0763,9.17,-0.60599,0.150,0.679,0.000,-1.0000,-0.6793,TRACKING,prediction
1786994782.464,55.0,0.000,0.801,0.787,0.6456,-0.0610,7.34,-0.48479,0.150,0.680,0.000,-1.0000,-0.6786,TRACKING,prediction
1786994782.474,55.0,0.000,0.801,0.787,0.6456,-0.0488,5.87,-0.38783,0.150,0.681,0.000,-1.0000,-0.6779,TRACKING,prediction
1786994782.494,55.0,0.000,0.801,0.787,0.6456,-0.0391,4.70,-0.31027,0.150,0.682,0.000,-1.0000,-0.6772,TRACKING,prediction
1786994782.518,55.0,0.000,0.801,0.787,0.6456,-0.0313,3.76,-0.24821,0.150,0.683,0.000,-1.0000,-0.6766,TRACKING,prediction
1786994782.533,55.0,0.000,0.801,0.787,0.6456,-0.0250,3.01,-0.19857,0.150,0.684,0.000,-1.0000,-0.6760,TRACKING,prediction
1786994782.553,55.0,0.000,0.801,0.787,0.6456,-0.0200,2.40,-0.15886,0.150,0.684,0.000,-1.0000,-0.6754,TRACKING,prediction
1786994782.563,55.0,0.000,0.801,0.787,0.6456,-0.0160,1.92,-0.12708,0.150,0.685,0.000,-1.0000,-0.6748,TRACKING,prediction
1786994782.586,55.0,0.000,0.801,0.787,0.6456,-0.0128,1.54,-0.10167,0.150,0.686,0.000,-1.0000,-0.6743,TRACKING,prediction
1786994782.604,55.0,0.000,0.801,0.787,0.6456,-0.0102,1.23,-0.08133,0.150,0.680,0.000,-1.0000,-0.6738,TRACKING,prediction
1786994782.627,55.0,0.000,0.801,0.787,0.6456,-0.0082,0.98,-0.06507,0.150,0.666,0.000,-1.0000,-0.6772,TRACKING,prediction
1786994782.653,55.0,0.000,0.801,0.787,0.6456,-0.0066,0.79,-0.05205,0.150,0.646,0.000,-1.0000,-0.6858,TRACKING,prediction
1786994782.673,55.0,0.000,0.801,0.787,0.6456,-0.0052,0.63,-0.04164,0.150,0.623,0.000,-1.0000,-0.6981,TRACKING,prediction
1786994782.697,55.0,0.000,0.801,0.787,0.6456,-0.0042,0.50,-0.03331,0.150,0.583,0.000,-1.0000,-0.7127,UNCERTAIN,prediction
1786994782.715,55.0,0.000,0.801,0.787,0.6456,-0.0034,0.40,-0.02665,0.150,0.555,0.000,-1.0000,-0.7373,UNCERTAIN,prediction
1786994782.736,55.0,0.000,0.801,0.787,0.6456,-0.0027,0.32,-0.02132,0.150,0.536,0.000,-1.0000,-0.7565,UNCERTAIN,prediction
1786994782.756,55.0,0.000,0.801,0.787,0.6456,-0.0021,0.26,-0.01706,0.150,0.514,0.000,-1.0000,-0.7704,UNCERTAIN,prediction
1786994782.779,55.0,0.000,0.801,0.787,0.6456,-0.0017,0.21,-0.01365,0.150,0.492,0.000,-1.0000,-0.7843,UNCERTAIN,prediction
1786994782.800,55.0,0.000,0.801,0.787,0.6456,-0.0014,0.17,-0.01092,0.150,0.471,0.000,-1.0000,-0.7985,UNCERTAIN,prediction
1786994782.821,55.0,0.000,0.801,0.787,0.6456,-0.0011,0.13,-0.00873,0.150,0.449,0.000,-1.0000,-0.8127,UNCERTAIN,prediction
1786994782.841,55.0,0.000,0.801,0.787,0.6456,-0.0009,0.11,-0.00699,0.150,0.428,0.000,-1.0000,-0.8267,UNCERTAIN,prediction
1786994782.854,55.0,0.000,0.801,0.787,0.6456,-0.0007,0.08,-0.00559,0.150,0.407,0.000,-1.0000,-0.8404,UNCERTAIN,prediction
1786994782.871,55.0,0.000,0.801,0.787,0.6456,-0.0006,0.07,-0.00447,0.150,0.388,0.000,-1.0000,-0.8536,UNCERTAIN,prediction
1786994782.894,55.0,0.000,0.801,0.787,0.6456,-0.0005,0.05,-0.00358,0.150,0.369,0.000,-1.0000,-0.8663,UNCERTAIN,prediction
1786994782.907,55.0,0.000,0.801,0.787,0.6456,-0.0004,0.04,-0.00286,0.150,0.351,0.000,-1.0000,-0.8786,UNCERTAIN,prediction
1786994782.924,55.0,0.000,0.854,0.813,0.5729,-0.1262,2.62,-0.76244,0.150,0.368,0.000,-1.0000,-0.8899,TRACKING,R+C
1786994782.944,55.0,0.000,0.849,0.814,0.5712,-0.1230,2.37,-0.75127,0.150,0.385,0.000,-1.0000,-0.8819,TRACKING,R+C
1786994782.965,55.0,0.000,0.852,0.816,0.5680,-0.1202,2.05,-0.74182,0.150,0.400,0.000,-1.0000,-0.8714,TRACKING,R+C
1786994782.986,55.0,0.000,0.843,0.818,0.5627,-0.1157,2.46,-0.68815,0.150,0.415,0.000,-1.0000,-0.8610,TRACKING,R+C
1786994783.009,55.0,0.000,0.843,0.818,0.5627,-0.0925,1.97,-0.55052,0.150,0.430,0.000,-1.0000,-0.8512,TRACKING,prediction
1786994783.027,55.0,0.000,0.840,0.822,0.5578,-0.1120,2.34,-0.66765,0.150,0.443,0.000,-1.0000,-0.8417,TRACKING,R+C
1786994783.038,55.0,0.000,0.847,0.819,0.5572,-0.1129,2.32,-0.65475,0.150,0.456,0.000,-1.0000,-0.8328,TRACKING,R+C
1786994783.069,55.0,0.000,0.849,0.817,0.5568,-0.1153,1.97,-0.65961,0.150,0.468,0.000,-1.0000,-0.8245,TRACKING,R+C
1786994783.090,55.0,0.000,0.842,0.822,0.5562,-0.1160,2.10,-0.64464,0.150,0.480,0.000,-1.0000,-0.8165,TRACKING,R+C
1786994783.101,55.0,0.000,0.845,0.818,0.5522,-0.1164,1.14,-0.71335,0.150,0.491,0.000,-1.0000,-0.8088,TRACKING,R+C
1786994783.123,55.0,0.000,0.844,0.822,0.5503,-0.1141,1.20,-0.69661,0.150,0.501,0.000,-1.0000,-0.8014,TRACKING,R+C
1786994783.141,55.0,0.000,0.845,0.822,0.5477,-0.1124,1.48,-0.67144,0.150,0.511,0.000,-1.0000,-0.7944,TRACKING,R+C
1786994783.161,55.0,0.000,0.851,0.829,0.5470,-0.1129,1.67,-0.63889,0.150,0.521,0.000,-1.0000,-0.7878,TRACKING,R+C
1786994783.183,55.0,0.000,0.855,0.831,0.5476,-0.1144,1.41,-0.65315,0.150,0.530,0.000,-1.0000,-0.7816,TRACKING,R+C
1786994783.203,55.0,0.000,0.855,0.831,0.5476,-0.0915,1.13,-0.52252,0.150,0.538,0.000,-1.0000,-0.7757,TRACKING,prediction
1786994783.223,55.0,0.000,0.852,0.828,0.5465,-0.1162,0.13,-0.76592,0.150,0.546,0.000,-1.0000,-0.7701,TRACKING,R+C
1786994783.244,55.0,0.000,0.852,0.828,0.5465,-0.0930,0.11,-0.61273,0.150,0.554,0.000,-1.0000,-0.7648,TRACKING,prediction
1786994783.259,55.0,0.000,0.866,0.829,0.5461,-0.1159,0.07,-0.70684,0.150,0.561,0.000,-1.0000,-0.7594,TRACKING,R+C
1786994783.273,55.0,0.000,0.861,0.823,0.5454,-0.1173,0.11,-0.71217,0.150,0.568,0.000,-1.0000,-0.7547,TRACKING,R+C
1786994783.288,55.0,0.000,0.861,0.823,0.5454,-0.0938,0.09,-0.56974,0.150,0.575,0.000,-1.0000,-0.7501,TRACKING,prediction
1786994783.303,55.0,0.000,0.861,0.823,0.5454,-0.0751,0.07,-0.45579,0.150,0.581,0.000,-1.0000,-0.7457,TRACKING,prediction
1786994783.317,55.0,0.000,0.861,0.823,0.5454,-0.0601,0.06,-0.36463,0.150,0.587,0.000,-1.0000,-0.7416,TRACKING,prediction
1786994783.337,52.8,0.000,0.849,0.822,0.5415,-0.1156,-0.27,-0.74169,0.150,0.593,0.000,-1.0000,-0.7374,TRACKING,R+C
1786994783.349,52.8,0.000,0.843,0.822,0.5388,-0.1106,-0.73,-0.76646,0.150,0.598,0.000,-1.0000,-0.7332,TRACKING,R+C
1786994783.379,52.8,0.000,0.843,0.822,0.5388,-0.0885,-0.58,-0.61317,0.150,0.603,0.000,-1.0000,-0.7296,TRACKING,prediction
1786994783.399,52.8,0.000,0.837,0.832,0.5263,-0.0995,-2.31,-0.86281,0.150,0.608,0.000,-1.0000,-0.7252,TRACKING,R+C
1786994783.406,52.8,0.000,0.828,0.837,0.5218,-0.0901,-1.29,-0.79953,0.150,0.613,0.000,-1.0000,-0.7214,TRACKING,R+C
1786994783.427,52.8,0.000,0.828,0.837,0.5218,-0.0720,-1.03,-0.63962,0.150,0.617,0.000,-1.0000,-0.7183,TRACKING,prediction
1786994783.449,52.8,0.000,0.828,0.837,0.5218,-0.0576,-0.82,-0.51170,0.150,0.621,0.000,-1.0000,-0.7153,TRACKING,prediction
1786994783.468,52.8,0.000,0.828,0.837,0.5218,-0.0461,-0.66,-0.40936,0.150,0.625,0.000,-1.0000,-0.7126,TRACKING,prediction
1786994783.479,52.8,0.000,0.823,0.849,0.4971,-0.0605,-1.50,-0.81648,0.150,0.629,0.000,-0.9344,-0.6694,TRACKING,R+C
1786994783.499,52.8,0.000,0.823,0.849,0.4971,-0.0484,-1.20,-0.65319,0.150,0.632,0.000,-0.9344,-0.6613,TRACKING,prediction
1786994783.509,52.8,0.759,0.816,0.861,0.5607,-0.0444,-2.07,-0.86283,0.150,0.636,0.000,-0.7512,-0.5503,TRACKING,L+C+R_fused
1786994783.530,52.8,0.737,0.815,0.860,0.5749,-0.0356,-1.92,-0.85048,0.150,0.639,0.000,-0.6407,-0.4672,TRACKING,L+C+R_fused
1786994783.540,52.8,0.743,0.815,0.871,0.5738,-0.0280,-1.33,-0.81206,0.150,0.642,0.000,-0.5495,-0.3999,TRACKING,L+C+R_fused
1786994783.571,52.8,0.000,0.819,0.881,0.4781,-0.0225,-1.09,-0.78830,0.150,0.645,0.000,-0.4730,-0.3439,TRACKING,R+C
1786994783.581,52.8,0.000,0.818,0.885,0.4793,-0.0191,-0.89,-0.78629,0.150,0.648,0.000,-0.4275,-0.3081,TRACKING,R+C
1786994783.603,52.8,0.647,0.817,0.887,0.5691,-0.0188,-0.49,-0.76119,0.150,0.650,0.000,-0.4339,-0.3059,TRACKING,L+C+R_fused
1786994783.614,52.8,0.000,0.816,0.879,0.4903,-0.0200,-0.10,-0.74948,0.150,0.653,0.000,-0.4655,-0.3234,TRACKING,R+C
1786994783.630,52.8,0.803,0.814,0.865,0.5579,-0.0224,-0.18,-0.76914,0.150,0.655,0.000,-0.5033,-0.3474,TRACKING,L+C+R_fused
1786994783.643,52.8,0.780,0.814,0.880,0.5596,-0.0249,-0.08,-0.77330,0.150,0.657,0.000,-0.5450,-0.3746,TRACKING,L+C+R_fused
1786994783.663,52.8,0.735,0.814,0.879,0.4591,-0.0283,-0.21,-0.80291,0.150,0.659,0.000,-0.5927,-0.4056,TRACKING,L+C+R_fused
1786994783.684,52.8,0.000,0.806,0.874,0.5092,-0.0304,0.31,-0.79258,0.150,0.661,0.000,-0.6386,-0.4360,TRACKING,R+C
1786994783.704,52.8,0.000,0.799,0.864,0.5126,-0.0347,0.18,-0.83861,0.150,0.663,0.000,-0.6970,-0.4735,TRACKING,R+C
1786994783.714,52.8,0.000,0.798,0.859,0.5143,-0.0388,0.21,-0.86808,0.150,0.665,0.000,-0.7524,-0.5101,TRACKING,R+C
1786994783.735,52.8,0.000,0.797,0.850,0.5187,-0.0422,0.63,-0.86522,0.150,0.667,0.000,-0.8051,-0.5449,TRACKING,R+C
1786994783.756,52.8,0.000,0.803,0.843,0.5219,-0.0458,1.28,-0.83097,0.150,0.669,0.000,-0.8580,-0.5794,TRACKING,R+C
1786994783.776,52.8,0.000,0.812,0.838,0.5247,-0.0503,1.65,-0.81632,0.150,0.670,0.000,-0.9124,-0.6146,TRACKING,R+C
1786994783.786,52.8,0.000,0.816,0.838,0.5290,-0.0565,1.44,-0.84313,0.150,0.672,0.000,-0.9691,-0.6512,TRACKING,R+C
1786994783.807,52.8,0.000,0.815,0.830,0.5354,-0.0609,2.08,-0.83709,0.150,0.673,0.000,-1.0000,-0.6734,TRACKING,R+C
1786994783.817,52.8,0.000,0.801,0.825,0.5379,-0.0674,1.23,-0.96125,0.150,0.674,0.000,-1.0000,-0.6765,TRACKING,R+C
1786994783.838,52.8,0.000,0.794,0.815,0.5451,-0.0740,0.23,-1.08622,0.150,0.676,0.000,-1.0000,-0.6767,TRACKING,R+C
1786994783.858,52.8,0.000,0.794,0.815,0.5451,-0.0592,0.18,-0.86898,0.150,0.677,0.000,-1.0000,-0.6759,TRACKING,prediction
1786994783.878,52.8,0.000,0.818,0.815,0.5636,-0.0831,2.37,-0.88951,0.150,0.678,0.000,-1.0000,-0.6760,TRACKING,R+C
1786994783.895,52.8,0.000,0.824,0.815,0.5675,-0.0870,2.61,-0.85560,0.150,0.679,0.000,-1.0000,-0.6755,TRACKING,R+C
1786994783.906,52.8,0.000,0.823,0.818,0.5695,-0.0909,1.49,-0.93672,0.150,0.680,0.000,-1.0000,-0.6749,TRACKING,R+C
1786994783.923,52.8,0.000,0.830,0.822,0.5696,-0.0897,3.01,-0.81126,0.150,0.681,0.000,-1.0000,-0.6743,TRACKING,R+C
1786994783.927,52.8,0.000,0.819,0.819,0.5677,-0.0930,2.11,-0.92158,0.150,0.682,0.000,-1.0000,-0.6739,TRACKING,R+C
1786994783.949,52.8,0.000,0.818,0.810,0.5671,-0.0972,1.50,-1.01242,0.150,0.683,0.000,-1.0000,-0.6737,TRACKING,R+C
1786994783.969,52.8,0.000,0.818,0.810,0.5671,-0.0777,1.20,-0.80994,0.150,0.684,0.000,-1.0000,-0.6731,TRACKING,prediction
1786994783.982,52.8,0.000,0.845,0.813,0.5713,-0.1030,3.01,-0.89993,0.150,0.685,0.000,-1.0000,-0.6732,TRACKING,R+C
1786994783.991,52.8,0.000,0.861,0.807,0.5757,-0.1042,3.15,-0.87975,0.150,0.685,0.000,-1.0000,-0.6727,TRACKING,R+C
1786994784.003,52.8,0.000,0.866,0.806,0.5744,-0.1061,1.92,-0.98694,0.150,0.686,0.000,-1.0000,-0.6723,TRACKING,R+C
1786994784.022,52.8,0.000,0.834,0.805,0.5747,-0.1036,1.82,-1.03754,0.150,0.687,0.000,-1.0000,-0.6717,TRACKING,R+C
1786994784.052,52.8,0.000,0.840,0.807,0.5762,-0.1016,2.54,-0.95641,0.150,0.688,0.000,-1.0000,-0.6711,TRACKING,R+C
1786994784.073,52.8,0.000,0.839,0.804,0.5781,-0.1030,2.64,-0.93948,0.150,0.688,0.000,-1.0000,-0.6707,TRACKING,R+C
1786994784.094,52.8,0.000,0.848,0.798,0.5813,-0.1066,2.60,-0.94575,0.150,0.689,0.000,-1.0000,-0.6706,TRACKING,R+C
1786994784.114,52.8,0.000,0.851,0.794,0.5843,-0.1082,3.08,-0.91922,0.150,0.689,0.000,-1.0000,-0.6704,TRACKING,R+C
1786994784.135,52.8,0.000,0.847,0.792,0.5833,-0.1105,1.91,-1.06390,0.150,0.690,0.000,-1.0000,-0.6703,TRACKING,R+C
1786994784.155,52.8,0.000,0.850,0.793,0.5829,-0.1093,1.94,-1.04352,0.150,0.690,0.000,-1.0000,-0.6698,TRACKING,R+C
1786994784.176,52.8,0.000,0.850,0.793,0.5829,-0.0874,1.56,-0.83482,0.150,0.691,0.000,-1.0000,-0.6694,TRACKING,prediction
1786994784.196,52.8,0.000,0.850,0.793,0.5829,-0.0699,1.24,-0.66785,0.150,0.691,0.000,-1.0000,-0.6691,TRACKING,prediction
1786994784.217,52.8,0.000,0.832,0.792,0.5808,-0.0963,1.57,-1.15378,0.150,0.692,0.000,-1.0000,-0.6679,TRACKING,R+C
1786994784.238,52.8,0.000,0.829,0.795,0.5797,-0.0922,1.82,-1.13615,0.150,0.692,0.000,-1.0000,-0.6673,TRACKING,R+C
1786994784.253,52.8,0.000,0.825,0.799,0.5761,-0.0871,1.76,-1.15029,0.150,0.693,0.000,-1.0000,-0.6667,TRACKING,R+C
1786994784.279,52.8,0.000,0.812,0.798,0.5731,-0.0830,1.08,-1.23136,0.150,0.693,0.000,-1.0000,-0.6661,TRACKING,R+C
1786994784.299,52.8,0.000,0.818,0.749,0.5690,-0.0814,0.12,-1.32312,0.150,0.693,0.000,-1.0000,-0.6657,TRACKING,R+C
1786994784.319,52.8,0.000,0.819,0.694,0.5636,-0.0789,0.58,-1.31463,0.150,0.694,0.000,-1.0000,-0.6654,TRACKING,R+C
1786994784.333,52.8,0.000,0.809,0.691,0.5675,-0.0792,1.48,-1.26569,0.150,0.694,0.000,-1.0000,-0.6653,TRACKING,R+C
1786994784.360,55.7,0.000,0.809,0.691,0.5675,-0.0633,1.18,-1.01255,0.150,0.694,0.000,-1.0000,-0.6651,TRACKING,prediction
1786994784.386,55.7,0.000,0.822,0.683,0.5776,-0.0872,2.87,-1.22710,0.150,0.695,0.000,-1.0000,-0.6659,TRACKING,R+C
1786994784.399,55.7,0.000,0.824,0.676,0.5835,-0.0918,3.97,-1.15084,0.150,0.695,0.000,-1.0000,-0.6662,TRACKING,R+C
1786994784.419,55.7,0.000,0.826,0.678,0.5892,-0.0953,4.62,-1.10718,0.150,0.695,0.000,-1.0000,-0.6664,TRACKING,R+C
1786994784.430,55.7,0.830,0.670,0.603,0.5908,0.2930,38.30,0.48369,0.152,0.695,0.000,1.0000,-0.1911,TRACKING,L+C+R_fused
1786994784.451,55.7,0.830,0.670,0.603,0.5908,0.2344,30.64,0.38695,0.152,0.696,0.000,1.0000,0.2309,TRACKING,prediction
1786994784.470,55.7,0.000,0.833,0.672,0.5965,-0.0979,5.49,-1.11541,0.150,0.696,0.000,-1.0000,-0.2544,TRACKING,R+C
1786994784.489,55.7,0.000,0.822,0.670,0.5948,-0.0991,4.55,-1.30443,0.150,0.696,0.000,-1.0000,-0.6050,TRACKING,R+C
1786994784.501,55.7,0.000,0.822,0.670,0.5948,-0.0792,3.64,-1.04355,0.150,0.696,0.000,-1.0000,-0.6573,TRACKING,prediction
1786994784.524,55.7,0.000,0.822,0.670,0.5948,-0.0634,2.91,-0.83484,0.150,0.696,0.000,-1.0000,-0.6650,TRACKING,prediction
1786994784.542,55.7,0.000,0.822,0.670,0.5948,-0.0507,2.33,-0.66787,0.150,0.697,0.000,-1.0000,-0.6661,TRACKING,prediction
1786994784.563,55.7,0.000,0.822,0.670,0.5948,-0.0406,1.86,-0.53430,0.150,0.697,0.000,-1.0000,-0.6661,TRACKING,prediction
1786994784.584,55.7,0.000,0.822,0.670,0.5948,-0.0325,1.49,-0.42744,0.150,0.697,0.000,-1.0000,-0.6661,TRACKING,prediction
1786994784.603,55.7,0.000,0.822,0.670,0.5948,-0.0260,1.19,-0.34195,0.150,0.697,0.000,-1.0000,-0.6660,TRACKING,prediction
1786994784.621,55.7,0.000,0.820,0.663,0.6217,-0.0972,5.83,-1.43319,0.150,0.697,0.000,-1.0000,-0.6666,TRACKING,R+C
1786994784.636,55.7,0.000,0.832,0.662,0.6291,-0.1017,7.02,-1.31098,0.150,0.697,0.000,-1.0000,-0.6669,TRACKING,R+C
1786994784.664,55.7,0.000,0.832,0.662,0.6291,-0.0814,5.61,-1.04879,0.150,0.697,0.000,-1.0000,-0.6668,TRACKING,prediction
1786994784.685,55.7,0.000,0.832,0.662,0.6291,-0.0651,4.49,-0.83903,0.150,0.698,0.000,-1.0000,-0.6667,TRACKING,prediction
1786994784.706,55.7,0.000,0.832,0.662,0.6291,-0.0521,3.59,-0.67122,0.150,0.698,0.000,-1.0000,-0.6666,TRACKING,prediction
1786994784.727,55.7,0.853,0.659,0.689,0.4159,0.2889,43.23,0.90310,0.150,0.698,0.000,1.0000,-0.1888,TRACKING,L+C+R_fused
1786994784.747,55.7,0.853,0.659,0.689,0.4159,0.2311,34.59,0.72248,0.150,0.698,0.000,1.0000,0.2307,TRACKING,prediction
1786994784.765,55.7,0.853,0.659,0.689,0.4159,0.1849,27.67,0.57798,0.150,0.698,0.000,1.0000,0.5989,TRACKING,prediction
1786994784.775,55.7,0.853,0.659,0.689,0.4159,0.1479,22.14,0.46239,0.150,0.698,0.000,1.0000,0.6541,TRACKING,prediction
1786994784.796,55.7,0.853,0.659,0.689,0.4159,0.1183,17.71,0.36991,0.150,0.698,0.000,1.0000,0.6623,TRACKING,prediction
1786994784.817,55.7,0.853,0.659,0.689,0.4159,0.0947,14.17,0.29593,0.150,0.698,0.000,1.0000,0.6635,TRACKING,prediction
1786994784.838,55.7,0.853,0.659,0.689,0.4159,0.0757,11.33,0.23674,0.150,0.698,0.000,1.0000,0.6636,TRACKING,prediction
1786994784.859,55.7,0.853,0.659,0.689,0.4159,0.0606,9.07,0.18939,0.150,0.698,0.000,1.0000,0.6636,TRACKING,prediction
1786994784.882,55.7,0.853,0.659,0.689,0.4159,0.0485,7.25,0.15151,0.150,0.694,0.000,1.0000,0.6636,TRACKING,prediction
1786994784.907,55.7,0.853,0.659,0.689,0.4159,0.0388,5.80,0.12121,0.150,0.681,0.000,1.0000,0.6658,TRACKING,prediction
1786994784.917,55.7,0.853,0.659,0.689,0.4159,0.0310,4.64,0.09697,0.150,0.662,0.000,1.0000,0.6736,TRACKING,prediction
1786994784.937,55.7,0.853,0.659,0.689,0.4159,0.0248,3.71,0.07758,0.150,0.640,0.000,1.0000,0.6855,TRACKING,prediction
1786994784.958,55.7,0.853,0.659,0.689,0.4159,0.0199,2.97,0.06206,0.150,0.595,0.000,1.0000,0.7000,UNCERTAIN,prediction
1786994784.981,55.7,0.853,0.659,0.689,0.4159,0.0159,2.38,0.04965,0.150,0.563,0.000,1.0000,0.7275,UNCERTAIN,prediction
1786994785.002,55.7,0.853,0.659,0.689,0.4159,0.0127,1.90,0.03972,0.150,0.541,0.000,1.0000,0.7492,UNCERTAIN,prediction
1786994785.021,55.7,0.853,0.659,0.689,0.4159,0.0102,1.52,0.03177,0.150,0.523,0.000,1.0000,0.7647,UNCERTAIN,prediction
1786994785.042,55.7,0.853,0.659,0.689,0.4159,0.0081,1.22,0.02542,0.150,0.502,0.000,1.0000,0.7776,UNCERTAIN,prediction
1786994785.066,55.7,0.853,0.659,0.689,0.4159,0.0065,0.97,0.02034,0.150,0.481,0.000,1.0000,0.7908,UNCERTAIN,prediction
1786994785.083,55.7,0.853,0.659,0.689,0.4159,0.0052,0.78,0.01627,0.150,0.460,0.000,1.0000,0.8045,UNCERTAIN,prediction
1786994785.104,55.7,0.853,0.659,0.689,0.4159,0.0042,0.62,0.01302,0.150,0.439,0.000,1.0000,0.8183,UNCERTAIN,prediction
1786994785.126,55.7,0.853,0.659,0.689,0.4159,0.0033,0.50,0.01041,0.150,0.418,0.000,1.0000,0.8320,UNCERTAIN,prediction
1786994785.149,55.7,0.853,0.659,0.689,0.4159,0.0027,0.40,0.00833,0.150,0.398,0.000,1.0000,0.8454,UNCERTAIN,prediction
1786994785.164,55.7,0.853,0.659,0.689,0.4159,0.0021,0.32,0.00666,0.150,0.379,0.000,1.0000,0.8584,UNCERTAIN,prediction
1786994785.186,55.7,0.853,0.659,0.689,0.4159,0.0017,0.26,0.00533,0.150,0.361,0.000,1.0000,0.8709,UNCERTAIN,prediction
1786994785.206,55.7,0.853,0.659,0.689,0.4159,0.0014,0.20,0.00426,0.150,0.343,0.000,1.0000,0.8829,UNCERTAIN,prediction
1786994785.217,55.7,0.932,0.652,0.000,0.6775,0.1710,-3.93,-1.92906,0.150,0.361,0.000,1.0000,0.8927,TRACKING,L+C
1786994785.250,55.7,0.932,0.652,0.000,0.6775,0.1368,-3.15,-1.54325,0.150,0.378,0.000,1.0000,0.8846,TRACKING,prediction
1786994785.270,55.7,0.000,0.927,0.653,0.6619,-0.1688,3.20,0.03110,0.197,0.394,0.000,-1.0000,0.1295,TRACKING,R+C
1786994785.292,55.7,0.000,0.916,0.653,0.6554,-0.1637,2.96,0.06499,0.194,0.409,0.000,-1.0000,-0.5141,TRACKING,R+C
1786994785.314,55.7,0.000,0.890,0.653,0.6475,-0.1587,1.95,0.01470,0.199,0.424,0.000,-1.0000,-0.8030,TRACKING,R+C
1786994785.333,55.7,0.000,0.869,0.652,0.6405,-0.1540,0.76,-0.05202,0.195,0.437,0.000,-1.0000,-0.8382,TRACKING,R+C
1786994785.354,55.7,0.000,0.827,0.651,0.6341,-0.1507,-1.44,-0.21532,0.178,0.451,0.000,-1.0000,-0.8356,TRACKING,R+C
1786994785.364,50.8,0.000,0.816,0.649,0.6221,-0.1458,-2.39,-0.24531,0.175,0.463,0.000,-1.0000,-0.8276,TRACKING,R+C
1786994785.389,50.8,0.000,0.792,0.646,0.6095,-0.1425,-4.42,-0.38883,0.161,0.475,0.000,-1.0000,-0.8192,TRACKING,R+C
1786994785.410,50.8,0.000,0.780,0.644,0.6009,-0.1411,-6.39,-0.51022,0.150,0.486,0.000,-1.0000,-0.8111,TRACKING,R+C
1786994785.435,50.8,0.000,0.750,0.641,0.5929,-0.1373,-6.96,-0.58043,0.150,0.497,0.000,-1.0000,-0.8035,TRACKING,R+C
1786994785.455,50.8,0.000,0.743,0.639,0.5878,-0.1366,-7.68,-0.62718,0.150,0.507,0.000,-1.0000,-0.7963,TRACKING,R+C
1786994785.476,50.8,0.000,0.720,0.639,0.5854,-0.1394,-9.50,-0.77760,0.150,0.517,0.000,-1.0000,-0.7897,TRACKING,R+C
1786994785.497,50.8,0.000,0.712,0.640,0.5875,-0.1419,-10.52,-0.85577,0.150,0.526,0.000,-1.0000,-0.7834,TRACKING,R+C
1786994785.517,50.8,0.000,0.706,0.638,0.5839,-0.1427,-11.88,-0.95264,0.150,0.535,0.000,-1.0000,-0.7772,TRACKING,R+C
1786994785.527,50.8,0.000,0.706,0.635,0.5784,-0.1418,-13.86,-1.06046,0.150,0.543,0.000,-1.0000,-0.7712,TRACKING,R+C
1786994785.549,50.8,0.000,0.699,0.629,0.5687,-0.1308,-13.05,-1.05323,0.150,0.551,0.000,-1.0000,-0.7651,TRACKING,R+C
1786994785.566,50.8,0.000,0.694,0.625,0.5588,-0.1224,-13.77,-1.10416,0.150,0.558,0.000,-1.0000,-0.7592,TRACKING,R+C
1786994785.574,50.8,0.000,0.690,0.627,0.5502,-0.1141,-14.95,-1.18219,0.150,0.565,0.000,-1.0000,-0.7536,TRACKING,R+C
1786994785.595,50.8,0.942,0.690,0.627,0.4723,-0.1047,-15.48,-1.22346,0.150,0.572,0.000,-1.0000,-0.7481,TRACKING,L+C+R_fused
1786994785.619,50.8,0.924,0.690,0.628,0.5464,-0.0977,-17.15,-1.34498,0.150,0.578,0.000,-0.9726,-0.7263,TRACKING,L+C+R_fused
1786994785.638,50.8,0.930,0.707,0.628,0.5589,-0.0927,-18.22,-1.40288,0.150,0.584,0.000,-0.9066,-0.6789,TRACKING,L+C+R_fused
1786994785.659,50.8,0.937,0.704,0.631,0.5535,-0.0841,-17.04,-1.41787,0.150,0.590,0.000,-0.8498,-0.6339,TRACKING,L+C+R_fused
1786994785.679,50.8,0.931,0.711,0.638,0.5515,-0.0792,-17.15,-1.48624,0.150,0.596,0.000,-0.8012,-0.5949,TRACKING,L+C+R_fused
1786994785.700,50.8,0.931,0.717,0.642,0.5314,-0.0723,-16.98,-1.52994,0.150,0.601,0.000,-0.7304,-0.5435,TRACKING,L+C+R_fused
1786994785.710,50.8,0.921,0.720,0.643,0.5316,-0.0624,-16.65,-1.55858,0.150,0.606,0.000,-0.6161,-0.4641,TRACKING,L+C+R_fused
1786994785.740,50.8,0.907,0.730,0.644,0.5348,-0.0515,-16.70,-1.61536,0.150,0.611,0.000,-0.4633,-0.3579,TRACKING,L+C+R_fused
1786994785.761,50.8,0.909,0.730,0.643,0.5295,-0.0401,-16.06,-1.64392,0.150,0.615,0.000,-0.3114,-0.2488,TRACKING,L+C+R_fused
1786994785.782,50.8,0.903,0.736,0.645,0.5322,-0.0290,-14.51,-1.63275,0.150,0.619,0.000,-0.1830,-0.1542,TRACKING,L+C+R_fused
1786994785.802,50.8,0.912,0.740,0.646,0.5280,-0.0219,-13.52,-1.65358,0.150,0.623,0.000,-0.1048,-0.0926,TRACKING,L+C+R_fused
1786994785.825,50.8,0.921,0.745,0.644,0.5259,-0.0169,-12.09,-1.63984,0.150,0.627,0.000,-0.0749,-0.0654,TRACKING,L+C+R_fused
1786994785.843,50.8,0.932,0.743,0.641,0.5217,-0.0126,-10.96,-1.64316,0.150,0.631,0.000,-0.0479,-0.0453,TRACKING,L+C+R_fused
1786994785.865,50.8,0.940,0.744,0.641,0.5176,-0.0073,-10.09,-1.66259,0.150,0.634,0.000,0.0047,-0.0109,TRACKING,L+C+R_fused
1786994785.885,50.8,0.929,0.745,0.635,0.5227,-0.0005,-8.68,-1.65050,0.150,0.638,0.000,0.0666,0.0313,TRACKING,L+C+R_fused
1786994785.904,50.8,0.930,0.750,0.633,0.5125,0.0052,-7.16,-1.63312,0.150,0.641,0.000,0.1047,0.0600,TRACKING,L+C+R_fused
1786994785.916,50.8,0.946,0.747,0.640,0.5013,0.0071,-5.96,-1.62349,0.150,0.644,0.000,0.0891,0.0544,TRACKING,L+C+R_fused
1786994785.937,50.8,0.374,0.743,0.636,0.5361,0.0068,-4.96,-1.64035,0.150,0.646,0.000,0.0380,0.0224,TRACKING,L+C+R_fused
1786994785.955,50.8,0.000,0.742,0.636,0.5085,0.0060,-4.05,-1.66564,0.150,0.649,0.000,-0.0205,-0.0176,TRACKING,R+C
1786994785.968,50.8,0.000,0.745,0.639,0.5183,0.0034,-3.66,-1.69289,0.150,0.652,0.000,-0.0895,-0.0643,TRACKING,R+C
1786994785.997,50.8,0.000,0.745,0.644,0.5298,0.0035,-1.60,-1.61669,0.150,0.654,0.000,-0.1641,-0.1149,TRACKING,R+C
1786994786.017,50.8,0.000,0.746,0.661,0.5030,0.0021,-0.49,-1.59451,0.150,0.656,0.000,-0.2326,-0.1623,TRACKING,R+C
1786994786.038,50.8,0.000,0.749,0.744,0.5138,0.0001,0.55,-1.57137,0.150,0.659,0.000,-0.3054,-0.2113,TRACKING,R+C
1786994786.059,50.8,0.000,0.745,0.799,0.5277,-0.0027,1.31,-1.57041,0.150,0.661,0.000,-0.3843,-0.2640,TRACKING,R+C
1786994786.079,50.8,0.000,0.745,0.799,0.5277,-0.0022,1.05,-1.25633,0.150,0.663,0.000,-0.3843,-0.2713,TRACKING,prediction
1786994786.099,50.8,0.000,0.745,0.799,0.5277,-0.0018,0.84,-1.00507,0.150,0.664,0.000,-0.3843,-0.2719,TRACKING,prediction
1786994786.120,50.8,0.000,0.745,0.799,0.5277,-0.0014,0.67,-0.80405,0.150,0.666,0.000,-0.3843,-0.2716,TRACKING,prediction
1786994786.142,50.8,0.000,0.745,0.799,0.5277,-0.0011,0.54,-0.64324,0.150,0.668,0.000,-0.3843,-0.2711,TRACKING,prediction
1786994786.161,50.8,0.000,0.745,0.799,0.5277,-0.0009,0.43,-0.51459,0.150,0.670,0.000,-0.3843,-0.2707,TRACKING,prediction
1786994786.182,50.8,0.000,0.745,0.799,0.5277,-0.0007,0.34,-0.41167,0.150,0.671,0.000,-0.3843,-0.2702,TRACKING,prediction
1786994786.203,50.8,0.000,0.745,0.799,0.5277,-0.0006,0.27,-0.32934,0.150,0.673,0.000,-0.3843,-0.2698,TRACKING,prediction
1786994786.224,50.8,0.000,0.745,0.799,0.5277,-0.0005,0.22,-0.26347,0.150,0.674,0.000,-0.3843,-0.2694,TRACKING,prediction
1786994786.244,50.8,0.000,0.745,0.799,0.5277,-0.0004,0.18,-0.21078,0.150,0.674,0.000,-0.3843,-0.2690,TRACKING,prediction
1786994786.266,50.8,0.000,0.745,0.799,0.5277,-0.0003,0.14,-0.16862,0.150,0.666,0.000,-0.3843,-0.2689,TRACKING,prediction
1786994786.284,50.8,0.000,0.758,0.804,0.5746,-0.0075,8.71,-1.23891,0.150,0.668,0.000,-0.6846,-0.4431,TRACKING,R+C
1786994786.305,50.8,0.000,0.758,0.804,0.5746,-0.0060,6.97,-0.99113,0.150,0.669,0.000,-0.6846,-0.4679,TRACKING,prediction
1786994786.315,50.8,0.000,0.764,0.797,0.5730,-0.0075,8.85,-1.24235,0.150,0.671,0.000,-0.6894,-0.4737,TRACKING,R+C
1786994786.331,50.8,0.000,0.762,0.793,0.5750,-0.0091,8.54,-1.26504,0.150,0.672,0.000,-0.7020,-0.4811,TRACKING,R+C
1786994786.351,50.8,0.000,0.762,0.793,0.5750,-0.0073,6.83,-1.01203,0.150,0.674,0.000,-0.7020,-0.4816,TRACKING,prediction
1786994786.371,50.6,0.000,0.756,0.794,0.5915,-0.0166,10.28,-1.11163,0.150,0.675,0.000,-0.8272,-0.5515,TRACKING,R+C
1786994786.393,50.6,0.000,0.756,0.794,0.5915,-0.0132,8.22,-0.88930,0.150,0.676,0.000,-0.8272,-0.5612,TRACKING,prediction
1786994786.407,50.6,0.000,0.762,0.787,0.6055,-0.0305,10.05,-1.14835,0.150,0.678,0.000,-0.9654,-0.6396,TRACKING,R+C
1786994786.418,50.6,0.000,0.778,0.792,0.6125,-0.0347,10.69,-1.07078,0.150,0.679,0.000,-1.0000,-0.6698,TRACKING,R+C
1786994786.449,50.6,0.000,0.778,0.792,0.6125,-0.0277,8.55,-0.85662,0.150,0.680,0.000,-1.0000,-0.6737,TRACKING,prediction
1786994786.470,50.6,0.000,0.778,0.792,0.6125,-0.0222,6.84,-0.68530,0.150,0.681,0.000,-1.0000,-0.6736,TRACKING,prediction
1786994786.491,50.6,0.000,0.778,0.792,0.6125,-0.0178,5.47,-0.54824,0.150,0.682,0.000,-1.0000,-0.6731,TRACKING,prediction
1786994786.512,50.6,0.000,0.778,0.792,0.6125,-0.0142,4.38,-0.43859,0.150,0.683,0.000,-1.0000,-0.6724,TRACKING,prediction
1786994786.533,50.6,0.000,0.778,0.792,0.6125,-0.0114,3.50,-0.35087,0.150,0.684,0.000,-1.0000,-0.6718,TRACKING,prediction
1786994786.554,50.6,0.000,0.778,0.792,0.6125,-0.0091,2.80,-0.28070,0.150,0.684,0.000,-1.0000,-0.6712,TRACKING,prediction
1786994786.576,50.6,0.000,0.778,0.792,0.6125,-0.0073,2.24,-0.22456,0.150,0.685,0.000,-1.0000,-0.6707,TRACKING,prediction
1786994786.595,50.6,0.000,0.778,0.792,0.6125,-0.0058,1.79,-0.17965,0.150,0.686,0.000,-1.0000,-0.6702,TRACKING,prediction
1786994786.605,50.6,0.000,0.778,0.792,0.6125,-0.0047,1.43,-0.14372,0.150,0.686,0.000,-1.0000,-0.6697,TRACKING,prediction
1786994786.624,50.6,0.000,0.778,0.792,0.6125,-0.0037,1.15,-0.11497,0.150,0.678,0.000,-1.0000,-0.6694,TRACKING,prediction
1786994786.644,50.6,0.000,0.778,0.792,0.6125,-0.0030,0.92,-0.09198,0.150,0.662,0.000,-1.0000,-0.6742,TRACKING,prediction
1786994786.664,50.6,0.000,0.778,0.792,0.6125,-0.0024,0.73,-0.07358,0.150,0.641,0.000,-1.0000,-0.6839,TRACKING,prediction
1786994786.685,50.6,0.000,0.778,0.792,0.6125,-0.0019,0.59,-0.05887,0.150,0.618,0.000,-1.0000,-0.6969,TRACKING,prediction
1786994786.705,50.6,0.000,0.778,0.792,0.6125,-0.0015,0.47,-0.04709,0.150,0.580,0.000,-1.0000,-0.7119,UNCERTAIN,prediction
1786994786.729,50.6,0.000,0.778,0.792,0.6125,-0.0012,0.38,-0.03767,0.150,0.553,0.000,-1.0000,-0.7359,UNCERTAIN,prediction
1786994786.745,50.6,0.000,0.778,0.792,0.6125,-0.0010,0.30,-0.03014,0.150,0.532,0.000,-1.0000,-0.7546,UNCERTAIN,prediction
1786994786.759,50.6,0.000,0.778,0.792,0.6125,-0.0008,0.24,-0.02411,0.150,0.510,0.000,-1.0000,-0.7690,UNCERTAIN,prediction
1786994786.787,50.6,0.000,0.778,0.792,0.6125,-0.0006,0.19,-0.01929,0.150,0.488,0.000,-1.0000,-0.7834,UNCERTAIN,prediction
1786994786.810,50.6,0.000,0.778,0.792,0.6125,-0.0005,0.15,-0.01543,0.150,0.466,0.000,-1.0000,-0.7979,UNCERTAIN,prediction
1786994786.828,50.6,0.000,0.778,0.792,0.6125,-0.0004,0.12,-0.01235,0.150,0.444,0.000,-1.0000,-0.8123,UNCERTAIN,prediction
1786994786.849,50.6,0.000,0.778,0.792,0.6125,-0.0003,0.10,-0.00988,0.150,0.423,0.000,-1.0000,-0.8266,UNCERTAIN,prediction
1786994786.869,50.6,0.000,0.778,0.792,0.6125,-0.0003,0.08,-0.00790,0.150,0.403,0.000,-1.0000,-0.8404,UNCERTAIN,prediction
1786994786.894,50.6,0.000,0.778,0.792,0.6125,-0.0002,0.06,-0.00632,0.150,0.383,0.000,-1.0000,-0.8537,UNCERTAIN,prediction
1786994786.906,50.6,0.000,0.778,0.792,0.6125,-0.0002,0.05,-0.00506,0.150,0.365,0.000,-1.0000,-0.8666,UNCERTAIN,prediction
1786994786.927,50.6,0.000,0.778,0.792,0.6125,-0.0001,0.04,-0.00405,0.150,0.347,0.000,-1.0000,-0.8789,UNCERTAIN,prediction
1786994786.948,50.6,0.000,0.778,0.792,0.6125,-0.0001,0.03,-0.00324,0.150,0.330,0.000,-1.0000,-0.8906,UNCERTAIN,prediction
1786994786.971,50.6,0.000,0.778,0.792,0.6125,-0.0001,0.03,-0.00259,0.150,0.313,0.000,-1.0000,-0.9018,UNCERTAIN,prediction
1786994786.989,50.6,0.000,0.778,0.792,0.6125,-0.0001,0.02,-0.00207,0.150,0.298,0.000,-1.0000,-0.9125,UNCERTAIN,prediction
1786994787.010,50.6,0.000,0.778,0.792,0.6125,-0.0001,0.02,-0.00166,0.150,0.283,0.000,-1.0000,-0.9226,UNCERTAIN,prediction
1786994787.030,50.6,0.000,0.778,0.792,0.6125,-0.0000,0.01,-0.00133,0.150,0.269,0.000,-1.0000,-0.9323,UNCERTAIN,prediction
1786994787.051,50.6,0.000,0.844,0.781,0.5742,-0.0703,8.58,-0.59830,0.150,0.290,0.000,-1.0000,-0.9416,TRACKING,R+C
1786994787.071,50.6,0.000,0.846,0.783,0.5776,-0.0748,8.64,-0.56972,0.150,0.311,0.000,-1.0000,-0.9313,TRACKING,R+C
1786994787.092,50.6,0.000,0.849,0.779,0.5752,-0.0792,8.61,-0.56028,0.150,0.330,0.000,-1.0000,-0.9186,TRACKING,R+C
1786994787.113,50.6,0.000,0.857,0.777,0.5743,-0.0835,8.07,-0.58921,0.150,0.349,0.000,-1.0000,-0.9062,TRACKING,R+C
1786994787.131,50.6,0.000,0.847,0.779,0.5725,-0.0854,6.87,-0.69498,0.150,0.366,0.000,-1.0000,-0.8942,TRACKING,R+C
1786994787.150,50.6,0.000,0.850,0.777,0.5746,-0.0823,7.65,-0.58346,0.150,0.383,0.000,-1.0000,-0.8826,TRACKING,R+C
1786994787.172,50.6,0.000,0.845,0.777,0.5706,-0.0788,7.45,-0.57637,0.150,0.399,0.000,-1.0000,-0.8715,TRACKING,R+C
1786994787.192,50.6,0.000,0.841,0.780,0.5662,-0.0756,6.56,-0.63443,0.150,0.414,0.000,-1.0000,-0.8608,TRACKING,R+C
1786994787.213,50.6,0.000,0.841,0.780,0.5662,-0.0605,5.25,-0.50754,0.150,0.428,0.000,-1.0000,-0.8510,TRACKING,prediction
1786994787.233,50.6,0.000,0.841,0.780,0.5662,-0.0484,4.20,-0.40603,0.150,0.442,0.000,-1.0000,-0.8415,TRACKING,prediction
1786994787.254,50.6,0.000,0.841,0.780,0.5662,-0.0387,3.36,-0.32483,0.150,0.455,0.000,-1.0000,-0.8326,TRACKING,prediction
1786994787.275,50.6,0.000,0.841,0.780,0.5662,-0.0310,2.69,-0.25986,0.150,0.467,0.000,-1.0000,-0.8241,TRACKING,prediction
1786994787.295,50.6,0.000,0.841,0.780,0.5662,-0.0248,2.15,-0.20789,0.150,0.479,0.000,-1.0000,-0.8160,TRACKING,prediction
1786994787.316,50.6,0.000,0.841,0.780,0.5662,-0.0198,1.72,-0.16631,0.150,0.490,0.000,-1.0000,-0.8083,TRACKING,prediction
1786994787.336,50.6,0.000,0.841,0.780,0.5662,-0.0159,1.38,-0.13305,0.150,0.500,0.000,-1.0000,-0.8010,TRACKING,prediction
1786994787.359,50.6,0.000,0.841,0.780,0.5662,-0.0127,1.10,-0.10644,0.150,0.510,0.000,-1.0000,-0.7940,TRACKING,prediction
1786994787.379,49.6,0.000,0.841,0.780,0.5662,-0.0101,0.88,-0.08515,0.150,0.520,0.000,-1.0000,-0.7874,TRACKING,prediction
1786994787.405,49.6,0.000,0.841,0.780,0.5662,-0.0081,0.70,-0.06812,0.150,0.528,0.000,-1.0000,-0.7811,TRACKING,prediction
1786994787.428,49.6,0.000,0.834,0.792,0.5395,-0.0408,3.88,-0.69525,0.150,0.536,0.000,-0.8599,-0.6837,TRACKING,R+C
1786994787.448,49.6,0.000,0.834,0.792,0.5395,-0.0326,3.10,-0.55620,0.150,0.544,0.000,-0.8599,-0.6653,TRACKING,prediction
1786994787.468,49.6,0.000,0.819,0.790,0.5328,-0.0339,3.88,-0.70258,0.150,0.552,0.000,-0.7843,-0.6105,TRACKING,R+C
1786994787.489,49.6,0.846,0.822,0.802,0.5007,-0.0293,4.23,-0.65856,0.150,0.560,0.000,-0.7349,-0.5675,TRACKING,L+C+R_fused
1786994787.510,49.6,0.000,0.823,0.798,0.5249,-0.0262,4.17,-0.66071,0.150,0.567,0.000,-0.6935,-0.5319,TRACKING,R+C
1786994787.529,49.6,0.000,0.823,0.798,0.5249,-0.0209,3.33,-0.52857,0.150,0.573,0.000,-0.6935,-0.5239,TRACKING,prediction
1786994787.547,49.6,0.000,0.825,0.800,0.5317,-0.0276,4.16,-0.66455,0.150,0.580,0.000,-0.7121,-0.5316,TRACKING,R+C
1786994787.568,49.6,0.000,0.825,0.800,0.5317,-0.0221,3.33,-0.53164,0.150,0.586,0.000,-0.7121,-0.5302,TRACKING,prediction
1786994787.588,49.6,0.757,0.821,0.806,0.5353,-0.0248,4.12,-0.67746,0.150,0.591,0.000,-0.6760,-0.5052,TRACKING,L+C+R_fused
1786994787.611,49.6,0.881,0.813,0.809,0.5919,-0.0183,4.19,-0.67192,0.150,0.597,0.000,-0.5901,-0.4465,TRACKING,L+C+R_fused
1786994787.626,49.6,0.887,0.815,0.803,0.5613,-0.0121,3.32,-0.72985,0.150,0.602,0.000,-0.4743,-0.3650,TRACKING,L+C+R_fused
1786994787.657,49.6,0.917,0.815,0.811,0.5617,-0.0053,3.67,-0.70895,0.150,0.607,0.000,-0.3778,-0.2925,TRACKING,L+C+R_fused
1786994787.667,49.6,0.913,0.817,0.817,0.5515,-0.0010,3.83,-0.70799,0.150,0.612,0.000,-0.3140,-0.2418,TRACKING,L+C+R_fused
1786994787.687,49.6,0.919,0.819,0.821,0.5439,-0.0004,3.68,-0.73251,0.150,0.616,0.000,-0.3013,-0.2257,TRACKING,L+C+R_fused
1786994787.698,49.6,0.920,0.816,0.821,0.5314,-0.0007,3.37,-0.79229,0.150,0.620,0.000,-0.3036,-0.2242,TRACKING,L+C+R_fused
1786994787.718,49.6,0.928,0.814,0.824,0.5331,-0.0005,3.55,-0.80021,0.150,0.624,0.000,-0.3090,-0.2265,TRACKING,L+C+R_fused
1786994787.739,49.6,0.924,0.811,0.829,0.5307,0.0014,3.19,-0.85024,0.150,0.628,0.000,-0.2714,-0.2037,TRACKING,L+C+R_fused
1786994787.760,49.6,0.938,0.810,0.833,0.5176,0.0041,2.80,-0.89531,0.150,0.632,0.000,-0.2155,-0.1663,TRACKING,L+C+R_fused
1786994787.770,49.6,0.908,0.811,0.834,0.5176,0.0064,2.74,-0.91547,0.150,0.635,0.000,-0.1778,-0.1379,TRACKING,L+C+R_fused
1786994787.791,49.6,0.902,0.811,0.833,0.5213,0.0067,3.15,-0.91376,0.150,0.638,0.000,-0.1890,-0.1401,TRACKING,L+C+R_fused
1786994787.811,49.6,0.937,0.807,0.831,0.5138,0.0041,3.14,-0.94427,0.150,0.641,0.000,-0.2395,-0.1702,TRACKING,L+C+R_fused
1786994787.831,49.6,0.929,0.814,0.834,0.5162,0.0015,3.79,-0.91240,0.150,0.644,0.000,-0.3056,-0.2133,TRACKING,L+C+R_fused
1786994787.852,49.6,0.943,0.805,0.831,0.5102,-0.0013,3.03,-1.03251,0.150,0.647,0.000,-0.3409,-0.2402,TRACKING,L+C+R_fused
1786994787.872,49.6,0.938,0.820,0.838,0.5076,-0.0007,3.93,-0.94703,0.150,0.650,0.000,-0.3534,-0.2508,TRACKING,L+C+R_fused
1786994787.895,49.6,0.948,0.820,0.839,0.5143,-0.0004,3.56,-0.97817,0.150,0.652,0.000,-0.3393,-0.2436,TRACKING,L+C+R_fused
1786994787.908,49.6,0.947,0.822,0.838,0.5204,-0.0002,3.44,-0.97702,0.150,0.655,0.000,-0.3297,-0.2363,TRACKING,L+C+R_fused
1786994787.930,49.6,0.950,0.810,0.840,0.4848,-0.0015,3.60,-0.99655,0.150,0.657,0.000,-0.3625,-0.2540,TRACKING,L+C+R_fused
1786994787.948,49.6,0.950,0.810,0.840,0.4848,-0.0012,2.88,-0.79724,0.150,0.659,0.000,-0.3625,-0.2561,TRACKING,prediction
1786994787.962,49.6,0.000,0.811,0.836,0.5126,-0.0084,4.33,-0.95580,0.150,0.661,0.000,-0.4939,-0.3321,TRACKING,R+C
1786994787.976,49.6,0.000,0.812,0.835,0.5146,-0.0114,4.31,-0.97281,0.150,0.663,0.000,-0.5409,-0.3698,TRACKING,R+C
1786994787.990,49.6,0.000,0.811,0.830,0.5157,-0.0117,4.53,-0.96219,0.150,0.665,0.000,-0.5510,-0.3805,TRACKING,R+C
1786994787.998,49.6,0.000,0.810,0.839,0.5128,-0.0093,4.32,-0.96848,0.150,0.667,0.000,-0.5093,-0.3576,TRACKING,R+C
1786994788.016,49.6,0.000,0.805,0.842,0.5115,-0.0043,3.62,-1.00809,0.150,0.668,0.000,-0.4104,-0.2969,TRACKING,R+C
1786994788.030,49.6,0.000,0.795,0.839,0.5040,0.0041,4.48,-0.95896,0.150,0.670,0.000,-0.2999,-0.2242,TRACKING,R+C
1786994788.040,49.6,0.629,0.789,0.842,0.5055,0.0099,3.98,-1.00488,0.150,0.671,0.000,-0.1866,-0.1481,TRACKING,L+C+R_fused
1786994788.067,49.6,0.776,0.792,0.855,0.4994,0.0148,4.01,-1.01336,0.150,0.673,0.000,-0.1035,-0.0889,TRACKING,L+C+R_fused
1786994788.085,49.6,0.784,0.801,0.852,0.4882,0.0175,4.48,-0.96675,0.150,0.674,0.000,-0.0701,-0.0608,TRACKING,L+C+R_fused
1786994788.094,49.6,0.622,0.796,0.857,0.5115,0.0176,4.51,-0.97825,0.150,0.675,0.000,-0.0714,-0.0574,TRACKING,L+C+R_fused
1786994788.116,49.6,0.382,0.792,0.855,0.5245,0.0186,4.46,-0.99578,0.150,0.677,0.000,-0.0549,-0.0474,TRACKING,L+C+R_fused
1786994788.135,49.6,0.376,0.795,0.863,0.6864,0.0209,4.12,-1.02411,0.150,0.678,0.000,-0.0030,-0.0162,TRACKING,L+C+R_fused
1786994788.144,49.6,0.746,0.785,0.864,0.4947,0.0265,4.05,-1.05228,0.150,0.679,0.000,0.0951,0.0451,TRACKING,L+C+R_fused
1786994788.165,49.6,0.932,0.782,0.875,0.5051,0.0342,4.17,-1.05523,0.150,0.680,0.000,0.2227,0.1278,TRACKING,L+C+R_fused
1786994788.186,49.6,0.924,0.783,0.870,0.5091,0.0402,4.29,-1.06439,0.150,0.681,0.000,0.3176,0.1945,TRACKING,L+C+R_fused
1786994788.202,49.6,0.910,0.787,0.873,0.5131,0.0444,4.36,-1.08756,0.150,0.682,0.000,0.3801,0.2401,TRACKING,L+C+R_fused
1786994788.213,49.6,0.926,0.783,0.876,0.5060,0.0453,4.42,-1.10701,0.150,0.683,0.000,0.3885,0.2513,TRACKING,L+C+R_fused
1786994788.233,49.6,0.947,0.769,0.863,0.5014,0.0426,3.66,-1.23118,0.150,0.684,0.000,0.3557,0.2334,TRACKING,L+C+R_fused
1786994788.248,49.6,0.378,0.763,0.841,0.5249,0.0370,2.25,-1.38778,0.150,0.685,0.000,0.2959,0.1957,TRACKING,L+C+R_fused
1786994788.266,49.6,0.000,0.763,0.843,0.4796,0.0367,3.97,-1.30429,0.150,0.685,0.000,0.2302,0.1522,TRACKING,R+C
1786994788.275,49.6,0.000,0.766,0.846,0.4868,0.0343,5.01,-1.24470,0.150,0.686,0.000,0.1529,0.1013,TRACKING,R+C
1786994788.295,49.6,0.000,0.765,0.844,0.4902,0.0309,5.16,-1.27136,0.150,0.687,0.000,0.0817,0.0526,TRACKING,R+C
1786994788.306,49.6,0.000,0.762,0.834,0.4982,0.0267,5.31,-1.30131,0.150,0.687,0.000,-0.0068,-0.0056,TRACKING,R+C
1786994788.326,49.6,0.000,0.748,0.827,0.5073,0.0212,4.39,-1.43854,0.150,0.688,0.000,-0.0871,-0.0600,TRACKING,R+C
1786994788.346,49.6,0.000,0.753,0.825,0.5182,0.0164,4.54,-1.46332,0.150,0.689,0.000,-0.1828,-0.1221,TRACKING,R+C
1786994788.357,49.6,0.000,0.769,0.819,0.5271,0.0116,4.77,-1.45037,0.150,0.689,0.000,-0.2731,-0.1819,TRACKING,R+C
1786994788.368,49.6,0.000,0.769,0.819,0.5271,0.0093,3.82,-1.16030,0.150,0.690,0.000,-0.2731,-0.1907,TRACKING,prediction
1786994788.392,56.2,0.000,0.769,0.819,0.5271,0.0074,3.05,-0.92824,0.150,0.690,0.000,-0.2731,-0.1919,TRACKING,prediction
1786994788.407,56.2,0.000,0.761,0.801,0.5431,0.0111,6.71,-1.36820,0.150,0.691,0.000,-0.3523,-0.2366,TRACKING,R+C
1786994788.423,56.2,0.000,0.761,0.801,0.5431,0.0089,5.37,-1.09456,0.150,0.691,0.000,-0.3523,-0.2430,TRACKING,prediction
1786994788.443,56.2,0.000,0.761,0.801,0.5431,0.0071,4.30,-0.87565,0.150,0.692,0.000,-0.3523,-0.2439,TRACKING,prediction
1786994788.458,56.2,0.000,0.761,0.801,0.5431,0.0057,3.44,-0.70052,0.150,0.692,0.000,-0.3523,-0.2439,TRACKING,prediction
1786994788.483,56.2,0.000,0.750,0.802,0.5365,0.0163,6.76,-1.47529,0.150,0.692,0.000,-0.2860,-0.2074,TRACKING,R+C
1786994788.501,56.2,0.000,0.744,0.797,0.5483,0.0127,7.44,-1.44399,0.150,0.693,0.000,-0.3706,-0.2492,TRACKING,R+C
1786994788.523,56.2,0.000,0.737,0.795,0.5582,0.0065,7.13,-1.53341,0.150,0.693,0.000,-0.4707,-0.3113,TRACKING,R+C
1786994788.543,56.2,0.000,0.735,0.792,0.5705,0.0013,6.82,-1.63137,0.150,0.694,0.000,-0.5519,-0.3658,TRACKING,R+C
1786994788.565,56.2,0.000,0.735,0.792,0.5705,0.0010,5.46,-1.30510,0.150,0.694,0.000,-0.5519,-0.3736,TRACKING,prediction
1786994788.584,56.2,0.000,0.739,0.785,0.5804,-0.0038,6.88,-1.71289,0.150,0.694,0.000,-0.6373,-0.4223,TRACKING,R+C
1786994788.598,56.2,0.000,0.738,0.783,0.5793,0.0005,7.75,-1.66349,0.150,0.694,0.000,-0.6036,-0.4108,TRACKING,R+C
1786994788.622,56.2,0.000,0.738,0.781,0.5752,0.0047,8.11,-1.66302,0.150,0.695,0.000,-0.5574,-0.3835,TRACKING,R+C
1786994788.636,56.2,0.000,0.735,0.783,0.5719,0.0076,8.12,-1.70017,0.150,0.695,0.000,-0.5199,-0.3588,TRACKING,R+C
1786994788.651,56.2,0.000,0.730,0.786,0.5709,0.0093,8.17,-1.72847,0.150,0.695,0.000,-0.5025,-0.3456,TRACKING,R+C
1786994788.664,56.2,0.000,0.731,0.785,0.5756,0.0081,8.74,-1.72051,0.150,0.695,0.000,-0.5407,-0.3648,TRACKING,R+C
1786994788.676,56.2,0.000,0.735,0.789,0.5781,0.0057,9.11,-1.71696,0.150,0.696,0.000,-0.5902,-0.3950,TRACKING,R+C
1786994788.694,56.2,0.000,0.736,0.793,0.5839,0.0038,9.05,-1.81811,0.150,0.696,0.000,-0.6286,-0.4209,TRACKING,R+C
1786994788.704,56.2,0.000,0.729,0.787,0.5886,0.0050,9.14,-1.88089,0.150,0.696,0.000,-0.6258,-0.4233,TRACKING,R+C
1786994788.736,56.2,0.000,0.728,0.786,0.5893,0.0071,9.44,-1.89082,0.150,0.696,0.000,-0.6085,-0.4141,TRACKING,R+C
1786994788.756,56.2,0.000,0.730,0.791,0.5908,0.0083,10.41,-1.79194,0.150,0.697,0.000,-0.6145,-0.4159,TRACKING,R+C
1786994788.777,56.2,0.000,0.734,0.792,0.6001,0.0080,11.40,-1.70006,0.150,0.697,0.000,-0.6434,-0.4320,TRACKING,R+C
1786994788.798,56.2,0.000,0.733,0.792,0.6099,0.0026,11.64,-1.67048,0.150,0.697,0.000,-0.7180,-0.4752,TRACKING,R+C
1786994788.818,56.2,0.000,0.724,0.793,0.6225,-0.0032,13.92,-1.48713,0.150,0.697,0.000,-0.8381,-0.5474,TRACKING,R+C
1786994788.839,56.2,0.000,0.731,0.794,0.6361,-0.0117,15.53,-1.33849,0.150,0.697,0.000,-0.9536,-0.6211,TRACKING,R+C
1786994788.859,56.2,0.000,0.731,0.794,0.6361,-0.0094,12.42,-1.07079,0.150,0.697,0.000,-0.9536,-0.6319,TRACKING,prediction
1786994788.880,56.2,0.000,0.744,0.798,0.6619,-0.0238,19.97,-0.84312,0.150,0.697,0.000,-1.0000,-0.6595,TRACKING,R+C
1786994788.897,56.2,0.000,0.744,0.798,0.6619,-0.0191,15.97,-0.67450,0.150,0.698,0.000,-1.0000,-0.6634,TRACKING,prediction
1786994788.920,56.2,0.000,0.744,0.798,0.6619,-0.0152,12.78,-0.53960,0.150,0.698,0.000,-1.0000,-0.6639,TRACKING,prediction
1786994788.941,56.2,0.000,0.744,0.798,0.6619,-0.0122,10.22,-0.43168,0.150,0.698,0.000,-1.0000,-0.6639,TRACKING,prediction
1786994788.952,56.2,0.000,0.744,0.798,0.6619,-0.0098,8.18,-0.34534,0.150,0.698,0.000,-1.0000,-0.6638,TRACKING,prediction
1786994788.971,56.2,0.000,0.744,0.798,0.6619,-0.0078,6.54,-0.27628,0.150,0.698,0.000,-1.0000,-0.6637,TRACKING,prediction
1786994788.991,56.2,0.000,0.744,0.798,0.6619,-0.0062,5.23,-0.22102,0.150,0.698,0.000,-1.0000,-0.6637,TRACKING,prediction
1786994789.022,56.2,0.000,0.744,0.798,0.6619,-0.0050,4.19,-0.17682,0.150,0.698,0.000,-1.0000,-0.6636,TRACKING,prediction
1786994789.042,56.2,0.000,0.744,0.798,0.6619,-0.0040,3.35,-0.14145,0.150,0.698,0.000,-1.0000,-0.6635,TRACKING,prediction
1786994789.062,56.2,0.000,0.771,0.788,0.6879,-0.0358,24.74,0.09016,0.191,0.698,0.000,-1.0000,-0.6628,TRACKING,R+C
1786994789.083,56.2,0.000,0.771,0.788,0.6879,-0.0286,19.79,0.07213,0.191,0.698,0.000,-1.0000,-0.6627,TRACKING,prediction
1786994789.103,56.2,0.000,0.771,0.788,0.6879,-0.0229,15.83,0.05770,0.191,0.699,0.000,-1.0000,-0.6627,TRACKING,prediction
1786994789.124,56.2,0.000,0.771,0.788,0.6879,-0.0183,12.67,0.04616,0.191,0.699,0.000,-1.0000,-0.6626,TRACKING,prediction
1786994789.146,56.2,0.000,0.771,0.788,0.6879,-0.0147,10.13,0.03693,0.191,0.699,0.000,-1.0000,-0.6626,TRACKING,prediction
1786994789.156,56.2,0.000,0.771,0.788,0.6879,-0.0117,8.11,0.02954,0.191,0.699,0.000,-1.0000,-0.6625,TRACKING,prediction
1786994789.178,56.2,0.000,0.771,0.788,0.6879,-0.0094,6.49,0.02364,0.191,0.699,0.000,-1.0000,-0.6625,TRACKING,prediction
1786994789.198,56.2,0.000,0.771,0.788,0.6879,-0.0075,5.19,0.01891,0.191,0.699,0.000,-1.0000,-0.6624,TRACKING,prediction
1786994789.219,56.2,0.000,0.771,0.788,0.6879,-0.0060,4.15,0.01513,0.191,0.699,0.000,-1.0000,-0.6624,TRACKING,prediction
1786994789.240,56.2,0.000,0.771,0.788,0.6879,-0.0048,3.32,0.01210,0.191,0.696,0.000,-1.0000,-0.6624,TRACKING,prediction
1786994789.259,56.2,0.000,0.771,0.788,0.6879,-0.0038,2.66,0.00968,0.191,0.683,0.000,-1.0000,-0.6642,TRACKING,prediction
1786994789.279,56.2,0.000,0.771,0.788,0.6879,-0.0031,2.13,0.00775,0.191,0.664,0.000,-1.0000,-0.6717,TRACKING,prediction
1786994789.302,56.2,0.000,0.771,0.788,0.6879,-0.0025,1.70,0.00620,0.191,0.642,0.000,-1.0000,-0.6833,TRACKING,prediction
1786994789.320,56.2,0.000,0.771,0.788,0.6879,-0.0020,1.36,0.00496,0.191,0.618,0.000,-1.0000,-0.6977,TRACKING,prediction
1786994789.342,56.2,0.000,0.771,0.788,0.6879,-0.0016,1.09,0.00397,0.191,0.579,0.000,-1.0000,-0.7137,UNCERTAIN,prediction
1786994789.362,56.2,0.000,0.790,0.776,0.6140,-0.1007,8.56,-0.14171,0.186,0.585,0.000,-1.0000,-0.7376,TRACKING,R+C
1786994789.384,56.2,0.000,0.790,0.776,0.6140,-0.0805,6.85,-0.11337,0.186,0.591,0.000,-1.0000,-0.7377,TRACKING,prediction
1786994789.398,51.7,0.000,0.770,0.771,0.5990,-0.0958,6.17,-0.24636,0.175,0.597,0.000,-1.0000,-0.7337,TRACKING,R+C
1786994789.427,51.7,0.000,0.761,0.800,0.5910,-0.0931,4.70,-0.32105,0.168,0.602,0.000,-1.0000,-0.7297,TRACKING,R+C
1786994789.448,51.7,0.000,0.761,0.800,0.5910,-0.0744,3.76,-0.25684,0.168,0.607,0.000,-1.0000,-0.7263,TRACKING,prediction
1786994789.468,51.7,0.000,0.761,0.800,0.5910,-0.0596,3.01,-0.20547,0.168,0.611,0.000,-1.0000,-0.7230,TRACKING,prediction
1786994789.488,51.7,0.000,0.743,0.819,0.5656,-0.0782,1.50,-0.49501,0.150,0.616,0.000,-1.0000,-0.7182,TRACKING,R+C
1786994789.499,51.7,0.000,0.731,0.822,0.5592,-0.0719,0.59,-0.54363,0.150,0.620,0.000,-1.0000,-0.7146,TRACKING,R+C
1786994789.529,51.7,0.000,0.732,0.829,0.5509,-0.0648,-0.13,-0.57289,0.150,0.624,0.000,-0.9828,-0.7010,TRACKING,R+C
1786994789.549,51.7,0.375,0.722,0.830,0.4281,-0.0593,-2.04,-0.71045,0.150,0.628,0.000,-0.8989,-0.6472,TRACKING,L+C+R_fused
1786994789.572,51.7,0.638,0.718,0.838,0.5365,-0.0545,-3.96,-0.83348,0.150,0.631,0.000,-0.8100,-0.5847,TRACKING,L+C+R_fused
1786994789.591,51.7,0.760,0.726,0.842,0.5429,-0.0464,-3.16,-0.78538,0.150,0.635,0.000,-0.7322,-0.5277,TRACKING,L+C+R_fused
1786994789.601,51.7,0.681,0.724,0.845,0.5417,-0.0424,-3.86,-0.85170,0.150,0.638,0.000,-0.6679,-0.4799,TRACKING,L+C+R_fused
1786994789.625,51.7,0.839,0.713,0.845,0.5142,-0.0414,-5.26,-0.99567,0.150,0.641,0.000,-0.6276,-0.4481,TRACKING,L+C+R_fused
1786994789.642,51.7,0.376,0.723,0.854,0.5223,-0.0418,-5.39,-1.00545,0.150,0.644,0.000,-0.6302,-0.4437,TRACKING,L+C+R_fused
1786994789.667,51.7,0.382,0.728,0.852,0.4678,-0.0436,-6.84,-1.12860,0.150,0.647,0.000,-0.6232,-0.4381,TRACKING,L+C+R_fused
1786994789.688,51.7,0.382,0.728,0.852,0.4678,-0.0349,-5.47,-0.90288,0.150,0.650,0.000,-0.6232,-0.4363,TRACKING,prediction
1786994789.709,51.7,0.379,0.729,0.859,0.5247,-0.0361,-6.79,-1.19745,0.150,0.652,0.000,-0.5282,-0.3799,TRACKING,L+C+R_fused
1786994789.729,51.7,0.790,0.718,0.869,0.4811,-0.0286,-8.38,-1.36874,0.150,0.654,0.000,-0.3797,-0.2845,TRACKING,L+C+R_fused
1786994789.750,51.7,0.934,0.722,0.876,0.4931,-0.0205,-9.18,-1.47049,0.150,0.657,0.000,-0.2305,-0.1831,TRACKING,L+C+R_fused
1786994789.772,51.7,0.921,0.731,0.883,0.5043,-0.0130,-9.45,-1.52153,0.150,0.659,0.000,-0.0973,-0.0902,TRACKING,L+C+R_fused
1786994789.791,51.7,0.939,0.747,0.886,0.4985,-0.0088,-9.60,-1.55985,0.150,0.661,0.000,-0.0234,-0.0333,TRACKING,L+C+R_fused
1786994789.810,51.7,0.940,0.746,0.889,0.5001,-0.0045,-9.21,-1.60213,0.150,0.663,0.000,0.0287,0.0053,TRACKING,L+C+R_fused
1786994789.831,51.7,0.934,0.750,0.883,0.4953,0.0014,-8.70,-1.65041,0.150,0.665,0.000,0.1007,0.0528,TRACKING,L+C+R_fused
1786994789.852,51.7,0.937,0.750,0.888,0.5016,0.0090,-7.71,-1.63995,0.150,0.667,0.000,0.1946,0.1147,TRACKING,L+C+R_fused
1786994789.872,51.7,0.932,0.744,0.887,0.5036,0.0183,-8.11,-1.76992,0.150,0.668,0.000,0.3445,0.2106,TRACKING,L+C+R_fused
1786994789.887,51.7,0.912,0.747,0.905,0.5061,0.0290,-7.29,-1.79303,0.150,0.670,0.000,0.4795,0.3032,TRACKING,L+C+R_fused
1786994789.899,51.7,0.914,0.755,0.902,0.5056,0.0384,-6.31,-1.78448,0.150,0.671,0.000,0.5842,0.3775,TRACKING,L+C+R_fused
1786994789.920,51.7,0.915,0.757,0.919,0.5070,0.0489,-4.07,-1.71409,0.150,0.673,0.000,0.6628,0.4338,TRACKING,L+C+R_fused
1786994789.940,51.7,0.930,0.763,0.916,0.5055,0.0547,-2.67,-1.69088,0.150,0.674,0.000,0.6972,0.4612,TRACKING,L+C+R_fused
1786994789.960,51.7,0.935,0.764,0.923,0.5080,0.0572,-1.44,-1.67687,0.150,0.675,0.000,0.6918,0.4613,TRACKING,L+C+R_fused
1786994789.980,51.7,0.945,0.753,0.913,0.5042,0.0568,-1.59,-1.79824,0.150,0.677,0.000,0.6745,0.4500,TRACKING,L+C+R_fused
1786994790.001,51.7,0.641,0.750,0.913,0.5044,0.0565,-0.96,-1.82991,0.150,0.678,0.000,0.6453,0.4305,TRACKING,L+C+R_fused
1786994790.022,51.7,0.000,0.752,0.894,0.4678,0.0569,-0.73,-1.86719,0.150,0.679,0.000,0.6378,0.4225,TRACKING,R+C
1786994790.032,51.7,0.000,0.748,0.891,0.4740,0.0609,1.47,-1.76074,0.150,0.680,0.000,0.6317,0.4173,TRACKING,R+C
1786994790.055,51.7,0.000,0.750,0.897,0.4778,0.0648,3.39,-1.63929,0.150,0.681,0.000,0.6351,0.4181,TRACKING,R+C
1786994790.063,51.7,0.000,0.753,0.904,0.4831,0.0657,3.63,-1.67381,0.150,0.682,0.000,0.6349,0.4174,TRACKING,R+C
1786994790.083,51.7,0.000,0.745,0.863,0.4854,0.0653,4.39,-1.68896,0.150,0.683,0.000,0.5997,0.3961,TRACKING,R+C
1786994790.104,51.7,0.000,0.746,0.880,0.4936,0.0621,4.83,-1.70961,0.150,0.684,0.000,0.5338,0.3543,TRACKING,R+C
1786994790.125,51.7,0.000,0.745,0.880,0.5038,0.0584,5.63,-1.67905,0.150,0.684,0.000,0.4509,0.2999,TRACKING,R+C
1786994790.135,51.7,0.000,0.745,0.888,0.5155,0.0564,8.25,-1.50577,0.150,0.685,0.000,0.3373,0.2263,TRACKING,R+C
1786994790.166,51.7,0.000,0.746,0.875,0.5297,0.0521,9.93,-1.38837,0.150,0.686,0.000,0.2089,0.1415,TRACKING,R+C
1786994790.188,51.7,0.000,0.746,0.859,0.5383,0.0468,11.01,-1.32980,0.150,0.687,0.000,0.0745,0.0517,TRACKING,R+C
1786994790.199,51.7,0.000,0.745,0.857,0.5502,0.0403,11.42,-1.33515,0.150,0.687,0.000,-0.0618,-0.0396,TRACKING,R+C
1786994790.227,51.7,0.000,0.745,0.857,0.5502,0.0322,9.13,-1.06812,0.150,0.688,0.000,-0.0618,-0.0528,TRACKING,prediction
1786994790.246,51.7,0.000,0.745,0.857,0.5502,0.0258,7.31,-0.85450,0.150,0.689,0.000,-0.0618,-0.0547,TRACKING,prediction
1786994790.257,51.7,0.000,0.746,0.850,0.5841,0.0216,14.18,-1.13532,0.150,0.689,0.000,-0.4684,-0.2831,TRACKING,R+C
1786994790.288,51.7,0.000,0.746,0.850,0.5841,0.0173,11.34,-0.90825,0.150,0.690,0.000,-0.4684,-0.3163,TRACKING,prediction
1786994790.309,51.7,0.000,0.746,0.850,0.5841,0.0139,9.07,-0.72660,0.150,0.690,0.000,-0.4684,-0.3212,TRACKING,prediction
1786994790.330,51.7,0.000,0.746,0.850,0.5841,0.0111,7.26,-0.58128,0.150,0.691,0.000,-0.4684,-0.3217,TRACKING,prediction
1786994790.351,51.7,0.000,0.746,0.850,0.5841,0.0089,5.81,-0.46503,0.150,0.691,0.000,-0.4684,-0.3217,TRACKING,prediction
1786994790.372,51.7,0.000,0.746,0.850,0.5841,0.0071,4.65,-0.37202,0.150,0.692,0.000,-0.4684,-0.3216,TRACKING,prediction
1786994790.394,51.7,0.000,0.746,0.850,0.5841,0.0057,3.72,-0.29762,0.150,0.692,0.000,-0.4684,-0.3214,TRACKING,prediction
1786994790.407,50.6,0.000,0.746,0.850,0.5841,0.0045,2.97,-0.23809,0.150,0.692,0.000,-0.4684,-0.3213,TRACKING,prediction
1786994790.426,50.6,0.000,0.746,0.850,0.5841,0.0036,2.38,-0.19047,0.150,0.693,0.000,-0.4684,-0.3211,TRACKING,prediction
1786994790.447,50.6,0.000,0.746,0.850,0.5841,0.0029,1.90,-0.15238,0.150,0.693,0.000,-0.4684,-0.3210,TRACKING,prediction
1786994790.467,50.6,0.000,0.746,0.850,0.5841,0.0023,1.52,-0.12190,0.150,0.686,0.000,-0.4684,-0.3209,TRACKING,prediction
1786994790.488,50.6,0.000,0.746,0.850,0.5841,0.0019,1.22,-0.09752,0.150,0.671,0.000,-0.4684,-0.3229,TRACKING,prediction
1786994790.511,50.6,0.000,0.746,0.850,0.5841,0.0015,0.97,-0.07802,0.150,0.651,0.000,-0.4684,-0.3275,TRACKING,prediction
1786994790.529,50.6,0.000,0.746,0.850,0.5841,0.0012,0.78,-0.06241,0.150,0.628,0.000,-0.4684,-0.3338,TRACKING,prediction
1786994790.550,50.6,0.000,0.746,0.850,0.5841,0.0010,0.62,-0.04993,0.150,0.586,0.000,-0.4684,-0.3412,UNCERTAIN,prediction
1786994790.568,50.6,0.000,0.746,0.850,0.5841,0.0008,0.50,-0.03995,0.150,0.557,0.000,-0.4684,-0.3538,UNCERTAIN,prediction
1786994790.588,50.6,0.000,0.746,0.850,0.5841,0.0006,0.40,-0.03196,0.150,0.537,0.000,-0.4684,-0.3637,UNCERTAIN,prediction
1786994790.611,50.6,0.000,0.746,0.850,0.5841,0.0005,0.32,-0.02557,0.150,0.516,0.000,-0.4684,-0.3708,UNCERTAIN,prediction
1786994790.625,50.6,0.000,0.746,0.850,0.5841,0.0004,0.26,-0.02045,0.150,0.495,0.000,-0.4684,-0.3777,UNCERTAIN,prediction
1786994790.642,50.6,0.000,0.746,0.850,0.5841,0.0003,0.20,-0.01636,0.150,0.473,0.000,-0.4684,-0.3847,UNCERTAIN,prediction
1786994790.666,50.6,0.000,0.746,0.850,0.5841,0.0002,0.16,-0.01309,0.150,0.451,0.000,-0.4684,-0.3918,UNCERTAIN,prediction
1786994790.676,50.6,0.000,0.746,0.850,0.5841,0.0002,0.13,-0.01047,0.150,0.430,0.000,-0.4684,-0.3988,UNCERTAIN,prediction
1786994790.696,50.6,0.000,0.746,0.850,0.5841,0.0002,0.10,-0.00838,0.150,0.409,0.000,-0.4684,-0.4057,UNCERTAIN,prediction
1786994790.717,50.6,0.000,0.746,0.850,0.5841,0.0001,0.08,-0.00670,0.150,0.390,0.000,-0.4684,-0.4124,UNCERTAIN,prediction
1786994790.727,50.6,0.000,0.746,0.850,0.5841,0.0001,0.07,-0.00536,0.150,0.371,0.000,-0.4684,-0.4188,UNCERTAIN,prediction
1786994790.748,50.6,0.000,0.746,0.850,0.5841,0.0001,0.05,-0.00429,0.150,0.352,0.000,-0.4684,-0.4250,UNCERTAIN,prediction
1786994790.769,50.6,0.000,0.746,0.850,0.5841,0.0001,0.04,-0.00343,0.150,0.335,0.000,-0.4684,-0.4309,UNCERTAIN,prediction
1786994790.779,50.6,0.000,0.746,0.850,0.5841,0.0001,0.03,-0.00275,0.150,0.318,0.000,-0.4684,-0.4366,UNCERTAIN,prediction
1786994790.799,50.6,0.000,0.746,0.850,0.5841,0.0000,0.03,-0.00220,0.150,0.303,0.000,-0.4684,-0.4420,UNCERTAIN,prediction
1786994790.817,50.6,0.000,0.746,0.850,0.5841,0.0000,0.02,-0.00176,0.150,0.288,0.000,-0.4684,-0.4471,UNCERTAIN,prediction
1786994790.838,50.6,0.000,0.746,0.850,0.5841,0.0000,0.02,-0.00141,0.150,0.273,0.000,-0.4684,-0.4520,UNCERTAIN,prediction
1786994790.858,50.6,0.000,0.746,0.850,0.5841,0.0000,0.01,-0.00112,0.150,0.260,0.000,-0.4684,-0.4566,UNCERTAIN,prediction
1786994790.875,50.6,0.000,0.746,0.850,0.5841,0.0000,0.01,-0.00090,0.150,0.247,0.000,-0.4684,-0.4610,UNCERTAIN,prediction
1786994790.896,50.6,0.000,0.746,0.850,0.5841,0.0000,0.01,-0.00072,0.150,0.236,0.000,-0.4684,-0.4652,UNCERTAIN,prediction
1786994790.914,50.6,0.000,0.746,0.850,0.5841,0.0000,0.01,-0.00058,0.150,0.228,0.000,-0.4684,-0.4688,UNCERTAIN,prediction
1786994790.939,50.6,0.000,0.746,0.850,0.5841,0.0000,0.01,-0.00046,0.150,0.223,0.000,-0.4684,-0.4715,UNCERTAIN,prediction
1786994790.956,50.6,0.000,0.746,0.850,0.5841,0.0000,0.00,-0.00037,0.150,0.219,0.000,-0.4684,-0.4733,UNCERTAIN,prediction
1786994790.966,50.6,0.000,0.746,0.850,0.5841,0.0000,0.00,-0.00029,0.150,0.216,0.000,-0.4684,-0.4746,UNCERTAIN,prediction
1786994790.989,50.6,0.000,0.746,0.850,0.5841,0.0000,0.00,-0.00024,0.150,0.214,0.000,-0.4684,-0.4756,UNCERTAIN,prediction
1786994791.006,50.6,0.000,0.746,0.850,0.5841,0.0000,0.00,-0.00019,0.150,0.213,0.000,-0.4684,-0.4762,UNCERTAIN,prediction
1786994791.026,50.6,0.000,0.746,0.850,0.5841,0.0000,0.00,-0.00015,0.150,0.212,0.000,-0.4684,-0.4766,UNCERTAIN,prediction
1786994791.037,50.6,0.000,0.746,0.850,0.5841,0.0000,0.00,-0.00012,0.150,0.211,0.000,-0.4684,-0.4770,UNCERTAIN,prediction
1786994791.057,50.6,0.000,0.746,0.850,0.5841,0.0000,0.00,-0.00010,0.150,0.202,0.000,-0.4684,-0.4772,PREDICTING,prediction
1786994791.077,50.6,0.000,0.849,0.821,0.5795,-0.1022,5.14,-0.67182,0.150,0.227,0.000,-1.0000,-0.9118,TRACKING,R+C
1786994791.098,50.6,0.000,0.849,0.821,0.5795,-0.0818,4.11,-0.53746,0.150,0.251,0.000,-1.0000,-0.9615,TRACKING,prediction
1786994791.119,50.6,0.000,0.849,0.821,0.5795,-0.0654,3.29,-0.42997,0.150,0.273,0.000,-1.0000,-0.9562,TRACKING,prediction
1786994791.134,50.6,0.000,0.849,0.821,0.5795,-0.0523,2.63,-0.34397,0.150,0.294,0.000,-1.0000,-0.9432,TRACKING,prediction
1786994791.150,50.6,0.000,0.849,0.821,0.5795,-0.0419,2.11,-0.27518,0.150,0.315,0.000,-1.0000,-0.9297,TRACKING,prediction
1786994791.164,50.6,0.000,0.849,0.821,0.5795,-0.0335,1.69,-0.22014,0.150,0.334,0.000,-1.0000,-0.9166,TRACKING,prediction
1786994791.179,50.6,0.000,0.873,0.798,0.5886,-0.1397,5.69,-0.57868,0.150,0.352,0.000,-1.0000,-0.9054,TRACKING,R+C
1786994791.189,50.6,0.000,0.873,0.798,0.5886,-0.1117,4.55,-0.46295,0.150,0.370,0.000,-1.0000,-0.8937,TRACKING,prediction
1786994791.199,50.6,0.874,0.796,0.000,0.5875,0.2115,22.04,-0.80842,0.150,0.386,0.000,1.0000,-0.1654,TRACKING,L+C
1786994791.221,50.6,0.874,0.796,0.000,0.5875,0.1692,17.63,-0.64673,0.150,0.402,0.000,1.0000,0.5032,TRACKING,prediction
1786994791.229,50.6,0.876,0.792,0.000,0.5819,0.2078,23.09,-0.72271,0.150,0.417,0.000,1.0000,0.8013,TRACKING,L+C
1786994791.249,50.6,0.876,0.792,0.000,0.5819,0.1662,18.47,-0.57816,0.150,0.431,0.000,1.0000,0.8378,TRACKING,prediction
1786994791.267,50.6,0.876,0.792,0.000,0.5819,0.1330,14.78,-0.46253,0.150,0.444,0.000,1.0000,0.8354,TRACKING,prediction
1786994791.282,50.6,0.876,0.792,0.000,0.5819,0.1064,11.82,-0.37003,0.150,0.457,0.000,1.0000,0.8274,TRACKING,prediction
1786994791.296,50.6,0.876,0.792,0.000,0.5819,0.0851,9.46,-0.29602,0.150,0.469,0.000,1.0000,0.8190,TRACKING,prediction
1786994791.311,50.6,0.000,0.872,0.797,0.5617,-0.1433,2.54,-0.64657,0.150,0.481,0.000,-1.0000,0.1456,TRACKING,R+C
1786994791.328,50.6,0.000,0.872,0.797,0.5617,-0.1147,2.03,-0.51726,0.150,0.492,0.000,-1.0000,-0.4356,TRACKING,prediction
1786994791.342,50.6,0.000,0.870,0.803,0.5552,-0.1352,2.10,-0.63314,0.150,0.502,0.000,-1.0000,-0.7458,TRACKING,R+C
1786994791.348,50.6,0.000,0.865,0.810,0.5521,-0.1302,1.69,-0.64105,0.150,0.512,0.000,-1.0000,-0.7864,TRACKING,R+C
1786994791.368,50.6,0.000,0.865,0.810,0.5521,-0.1041,1.35,-0.51284,0.150,0.521,0.000,-1.0000,-0.7871,TRACKING,prediction
1786994791.389,50.6,0.000,0.854,0.823,0.5441,-0.1196,0.85,-0.66191,0.150,0.530,0.000,-1.0000,-0.7811,TRACKING,R+C
1786994791.403,50.6,0.000,0.854,0.823,0.5441,-0.0956,0.68,-0.52953,0.150,0.539,0.000,-1.0000,-0.7753,TRACKING,prediction
1786994791.428,56.8,0.000,0.854,0.823,0.5441,-0.0765,0.54,-0.42363,0.150,0.547,0.000,-1.0000,-0.7698,TRACKING,prediction
1786994791.449,56.8,0.000,0.854,0.823,0.5441,-0.0612,0.43,-0.33890,0.150,0.555,0.000,-1.0000,-0.7644,TRACKING,prediction
1786994791.463,56.8,0.000,0.856,0.827,0.5409,-0.1105,-1.23,-0.75734,0.150,0.562,0.000,-1.0000,-0.7584,TRACKING,R+C
1786994791.476,56.8,0.000,0.856,0.827,0.5409,-0.0884,-0.98,-0.60588,0.150,0.569,0.000,-1.0000,-0.7535,TRACKING,prediction
1786994791.493,56.8,0.000,0.856,0.827,0.5409,-0.0707,-0.79,-0.48470,0.150,0.575,0.000,-1.0000,-0.7489,TRACKING,prediction
1786994791.509,56.8,0.000,0.859,0.818,0.5448,-0.1216,0.28,-0.67087,0.150,0.582,0.000,-1.0000,-0.7456,TRACKING,R+C
1786994791.529,56.8,0.000,0.863,0.819,0.5456,-0.1260,0.76,-0.62513,0.150,0.587,0.000,-1.0000,-0.7418,TRACKING,R+C
1786994791.550,56.8,0.000,0.863,0.819,0.5456,-0.1008,0.61,-0.50010,0.150,0.593,0.000,-1.0000,-0.7378,TRACKING,prediction
1786994791.563,56.8,0.000,0.872,0.819,0.5475,-0.1305,1.02,-0.60499,0.150,0.598,0.000,-1.0000,-0.7345,TRACKING,R+C
1786994791.581,56.8,0.000,0.872,0.819,0.5475,-0.1044,0.81,-0.48399,0.150,0.604,0.000,-1.0000,-0.7309,TRACKING,prediction
1786994791.603,56.8,0.000,0.872,0.819,0.5475,-0.0835,0.65,-0.38719,0.150,0.608,0.000,-1.0000,-0.7275,TRACKING,prediction
1786994791.626,56.8,0.000,0.872,0.819,0.5475,-0.0668,0.52,-0.30975,0.150,0.613,0.000,-1.0000,-0.7243,TRACKING,prediction
1786994791.639,56.8,0.000,0.852,0.812,0.5313,-0.1196,-1.08,-0.77165,0.150,0.617,0.000,-1.0000,-0.7202,TRACKING,R+C
1786994791.649,56.8,0.000,0.855,0.817,0.5322,-0.1187,-0.97,-0.74536,0.150,0.621,0.000,-1.0000,-0.7172,TRACKING,R+C
1786994791.669,56.8,0.000,0.853,0.817,0.5305,-0.1200,-1.17,-0.78438,0.150,0.625,0.000,-1.0000,-0.7146,TRACKING,R+C
1786994791.690,56.8,0.000,0.852,0.816,0.5292,-0.1218,-1.22,-0.79704,0.150,0.629,0.000,-1.0000,-0.7122,TRACKING,R+C
1786994791.700,56.8,0.000,0.849,0.817,0.5271,-0.1237,-1.66,-0.83230,0.150,0.633,0.000,-1.0000,-0.7098,TRACKING,R+C
1786994791.720,56.8,0.000,0.855,0.817,0.5251,-0.1229,-1.86,-0.84649,0.150,0.636,0.000,-1.0000,-0.7073,TRACKING,R+C
1786994791.740,56.8,0.000,0.855,0.817,0.5251,-0.0984,-1.49,-0.67719,0.150,0.639,0.000,-1.0000,-0.7051,TRACKING,prediction
1786994791.755,56.8,0.000,0.837,0.815,0.5269,-0.1132,-2.01,-0.83250,0.150,0.642,0.000,-1.0000,-0.7021,TRACKING,R+C
1786994791.761,56.8,0.000,0.834,0.822,0.5271,-0.1092,-2.41,-0.85013,0.150,0.645,0.000,-1.0000,-0.6996,TRACKING,R+C
1786994791.771,56.8,0.000,0.833,0.826,0.5282,-0.1048,-2.05,-0.80616,0.150,0.648,0.000,-1.0000,-0.6973,TRACKING,R+C
1786994791.791,56.8,0.000,0.831,0.826,0.5300,-0.1016,-2.48,-0.82586,0.150,0.650,0.000,-1.0000,-0.6952,TRACKING,R+C
1786994791.810,56.8,0.000,0.837,0.832,0.5315,-0.0971,-2.09,-0.78866,0.150,0.653,0.000,-1.0000,-0.6931,TRACKING,R+C
1786994791.832,56.8,0.000,0.837,0.832,0.5315,-0.0776,-1.67,-0.63093,0.150,0.655,0.000,-1.0000,-0.6914,TRACKING,prediction
1786994791.842,56.8,0.000,0.823,0.843,0.5303,-0.0847,-2.30,-0.77735,0.150,0.658,0.000,-1.0000,-0.6887,TRACKING,R+C
1786994791.852,56.8,0.000,0.823,0.843,0.5303,-0.0677,-1.84,-0.62188,0.150,0.660,0.000,-1.0000,-0.6872,TRACKING,prediction
1786994791.873,56.8,0.000,0.823,0.843,0.5303,-0.0542,-1.47,-0.49751,0.150,0.662,0.000,-1.0000,-0.6858,TRACKING,prediction
1786994791.891,56.8,0.000,0.806,0.852,0.5194,-0.0597,-1.92,-0.76172,0.150,0.664,0.000,-0.9111,-0.6325,TRACKING,R+C
1786994791.917,56.8,0.000,0.818,0.868,0.5154,-0.0528,-2.11,-0.78956,0.150,0.665,0.000,-0.8378,-0.5819,TRACKING,R+C
1786994791.936,56.8,0.000,0.818,0.868,0.5154,-0.0423,-1.69,-0.63165,0.150,0.667,0.000,-0.8378,-0.5735,TRACKING,prediction
1786994791.948,56.8,0.000,0.816,0.872,0.5077,-0.0406,-1.44,-0.77061,0.150,0.669,0.000,-0.7115,-0.4993,TRACKING,R+C
1786994791.956,56.8,0.000,0.823,0.872,0.5034,-0.0359,-1.00,-0.76059,0.150,0.670,0.000,-0.6633,-0.4602,TRACKING,R+C
1786994791.966,56.8,0.000,0.816,0.873,0.4980,-0.0307,-1.68,-0.83946,0.150,0.672,0.000,-0.5799,-0.4063,TRACKING,R+C
1786994791.987,56.8,0.000,0.811,0.862,0.4910,-0.0236,-1.50,-0.86391,0.150,0.673,0.000,-0.4866,-0.3446,TRACKING,R+C
1786994792.008,56.8,0.348,0.814,0.869,0.5852,-0.0180,-1.11,-0.86089,0.150,0.675,0.000,-0.4137,-0.2935,TRACKING,L+C+R_fused
1786994792.028,56.8,0.000,0.806,0.875,0.4881,-0.0160,-1.34,-0.91292,0.150,0.676,0.000,-0.3809,-0.2670,TRACKING,R+C
1786994792.038,56.8,0.000,0.797,0.875,0.4872,-0.0177,-2.00,-1.01693,0.150,0.677,0.000,-0.3981,-0.2729,TRACKING,R+C
1786994792.060,56.8,0.000,0.790,0.872,0.4987,-0.0198,-1.94,-1.02925,0.150,0.678,0.000,-0.4367,-0.2955,TRACKING,R+C
1786994792.080,56.8,0.000,0.789,0.871,0.5029,-0.0224,-1.56,-1.02727,0.150,0.679,0.000,-0.4908,-0.3294,TRACKING,R+C
1786994792.101,56.8,0.000,0.794,0.877,0.5075,-0.0257,-1.62,-1.06011,0.150,0.680,0.000,-0.5436,-0.3641,TRACKING,R+C
1786994792.122,56.8,0.000,0.796,0.871,0.5099,-0.0280,-1.34,-1.06468,0.150,0.681,0.000,-0.5875,-0.3938,TRACKING,R+C
1786994792.141,56.8,0.000,0.789,0.870,0.5144,-0.0287,-0.16,-1.00453,0.150,0.682,0.000,-0.6291,-0.4214,TRACKING,R+C
1786994792.163,56.8,0.000,0.788,0.865,0.5169,-0.0313,-0.39,-1.06547,0.150,0.683,0.000,-0.6646,-0.4453,TRACKING,R+C
1786994792.183,56.8,0.000,0.788,0.865,0.5169,-0.0250,-0.32,-0.85237,0.150,0.684,0.000,-0.6646,-0.4485,TRACKING,prediction
1786994792.204,56.8,0.000,0.788,0.865,0.5169,-0.0200,-0.25,-0.68190,0.150,0.685,0.000,-0.6646,-0.4487,TRACKING,prediction
1786994792.224,56.8,0.000,0.788,0.865,0.5169,-0.0160,-0.20,-0.54552,0.150,0.686,0.000,-0.6646,-0.4484,TRACKING,prediction
1786994792.244,56.8,0.000,0.783,0.857,0.5141,-0.0206,-0.05,-1.14292,0.150,0.686,0.000,-0.5394,-0.3781,TRACKING,R+C
1786994792.263,56.8,0.000,0.780,0.854,0.5113,-0.0156,-0.07,-1.17860,0.150,0.687,0.000,-0.4688,-0.3278,TRACKING,R+C
1786994792.275,56.8,0.000,0.778,0.858,0.5072,-0.0134,0.54,-1.16836,0.150,0.688,0.000,-0.4565,-0.3134,TRACKING,R+C
1786994792.298,56.8,0.000,0.776,0.854,0.5103,-0.0146,0.39,-1.20987,0.150,0.688,0.000,-0.4749,-0.3216,TRACKING,R+C
1786994792.312,56.8,0.000,0.780,0.859,0.5167,-0.0172,0.92,-1.18478,0.150,0.689,0.000,-0.5305,-0.3538,TRACKING,R+C
1786994792.325,56.8,0.000,0.777,0.851,0.5233,-0.0213,1.08,-1.21553,0.150,0.689,0.000,-0.5997,-0.3973,TRACKING,R+C
1786994792.345,56.8,0.000,0.785,0.842,0.5304,-0.0249,2.20,-1.14217,0.150,0.690,0.000,-0.6769,-0.4466,TRACKING,R+C
1786994792.356,56.8,0.000,0.789,0.845,0.5350,-0.0308,1.90,-1.18279,0.150,0.690,0.000,-0.7476,-0.4932,TRACKING,R+C
1786994792.386,56.8,0.000,0.798,0.839,0.5395,-0.0363,1.42,-1.27274,0.150,0.691,0.000,-0.8079,-0.5336,TRACKING,R+C
1786994792.401,56.8,0.000,0.790,0.836,0.5489,-0.0386,2.95,-1.19597,0.150,0.691,0.000,-0.8667,-0.5720,TRACKING,R+C
1786994792.432,56.7,0.000,0.795,0.824,0.5563,-0.0429,3.58,-1.17714,0.150,0.692,0.000,-0.9246,-0.6095,TRACKING,R+C
1786994792.455,56.7,0.000,0.795,0.824,0.5563,-0.0343,2.86,-0.94171,0.150,0.692,0.000,-0.9246,-0.6148,TRACKING,prediction
1786994792.473,56.7,0.000,0.795,0.824,0.5563,-0.0274,2.29,-0.75337,0.150,0.693,0.000,-0.9246,-0.6154,TRACKING,prediction
1786994792.495,56.7,0.000,0.795,0.824,0.5563,-0.0220,1.83,-0.60270,0.150,0.693,0.000,-0.9246,-0.6153,TRACKING,prediction
1786994792.515,56.7,0.000,0.795,0.824,0.5563,-0.0176,1.47,-0.48216,0.150,0.693,0.000,-0.9246,-0.6151,TRACKING,prediction
1786994792.525,56.7,0.000,0.823,0.702,0.5847,-0.0738,5.57,-1.17008,0.150,0.694,0.000,-1.0000,-0.6591,TRACKING,R+C
1786994792.545,56.7,0.000,0.823,0.669,0.5823,-0.0772,6.09,-1.13727,0.150,0.694,0.000,-1.0000,-0.6653,TRACKING,R+C
1786994792.566,56.7,0.000,0.817,0.668,0.5846,-0.0780,5.95,-1.19226,0.150,0.694,0.000,-1.0000,-0.6662,TRACKING,R+C
1786994792.576,56.7,0.000,0.815,0.672,0.5873,-0.0761,5.65,-1.27843,0.150,0.695,0.000,-1.0000,-0.6661,TRACKING,R+C
1786994792.597,56.7,0.000,0.815,0.675,0.5941,-0.0743,5.87,-1.27332,0.150,0.695,0.000,-1.0000,-0.6659,TRACKING,R+C
1786994792.616,56.7,0.000,0.815,0.675,0.5941,-0.0594,4.70,-1.01866,0.150,0.695,0.000,-1.0000,-0.6657,TRACKING,prediction
1786994792.635,56.7,0.000,0.815,0.675,0.5941,-0.0475,3.76,-0.81493,0.150,0.695,0.000,-1.0000,-0.6655,TRACKING,prediction
1786994792.647,56.7,0.810,0.669,0.256,0.4448,0.3279,43.52,0.57312,0.150,0.696,0.000,1.0000,-0.1874,TRACKING,L+C+R_fused
1786994792.669,56.7,0.805,0.667,0.635,0.5884,0.3278,44.78,0.60678,0.150,0.696,0.000,1.0000,0.2331,TRACKING,L+C+R_fused
1786994792.686,56.7,0.805,0.667,0.635,0.5884,0.2623,35.82,0.48542,0.150,0.696,0.000,1.0000,0.6006,TRACKING,prediction
1786994792.700,56.7,0.000,0.810,0.670,0.6106,-0.0850,7.31,-1.32713,0.150,0.696,0.000,-1.0000,0.1176,TRACKING,R+C
1786994792.720,56.7,0.000,0.810,0.670,0.6106,-0.0680,5.85,-1.06170,0.150,0.696,0.000,-1.0000,-0.2998,TRACKING,prediction
1786994792.741,56.7,0.000,0.810,0.670,0.6106,-0.0544,4.68,-0.84936,0.150,0.697,0.000,-1.0000,-0.6112,TRACKING,prediction
1786994792.761,56.7,0.000,0.810,0.670,0.6106,-0.0435,3.74,-0.67949,0.150,0.697,0.000,-1.0000,-0.6579,TRACKING,prediction
1786994792.784,56.7,0.000,0.810,0.670,0.6106,-0.0348,2.99,-0.54359,0.150,0.697,0.000,-1.0000,-0.6648,TRACKING,prediction
1786994792.803,56.7,0.000,0.814,0.663,0.6315,-0.0892,8.39,-1.40722,0.150,0.697,0.000,-1.0000,-0.6667,TRACKING,R+C
1786994792.813,56.7,0.000,0.819,0.663,0.6410,-0.0914,9.03,-1.35679,0.150,0.697,0.000,-1.0000,-0.6670,TRACKING,R+C
1786994792.844,56.7,0.000,0.819,0.663,0.6410,-0.0731,7.22,-1.08543,0.150,0.697,0.000,-1.0000,-0.6669,TRACKING,prediction
1786994792.865,56.7,0.000,0.819,0.663,0.6410,-0.0585,5.78,-0.86834,0.150,0.697,0.000,-1.0000,-0.6669,TRACKING,prediction
1786994792.887,56.7,0.000,0.819,0.663,0.6410,-0.0468,4.62,-0.69468,0.150,0.698,0.000,-1.0000,-0.6668,TRACKING,prediction
1786994792.901,56.7,0.000,0.819,0.663,0.6410,-0.0374,3.70,-0.55574,0.150,0.698,0.000,-1.0000,-0.6667,TRACKING,prediction
1786994792.911,56.7,0.000,0.819,0.663,0.6410,-0.0299,2.96,-0.44459,0.150,0.698,0.000,-1.0000,-0.6666,TRACKING,prediction
1786994792.932,56.7,0.000,0.819,0.663,0.6410,-0.0240,2.37,-0.35567,0.150,0.698,0.000,-1.0000,-0.6665,TRACKING,prediction
1786994792.952,56.7,0.000,0.857,0.653,0.7033,-0.1196,13.13,-0.99985,0.150,0.698,0.000,-1.0000,-0.6691,TRACKING,R+C
1786994792.973,56.7,0.000,0.857,0.653,0.7033,-0.0957,10.51,-0.79988,0.150,0.698,0.000,-1.0000,-0.6690,TRACKING,prediction
1786994792.995,56.7,0.000,0.857,0.653,0.7033,-0.0765,8.41,-0.63990,0.150,0.698,0.000,-1.0000,-0.6689,TRACKING,prediction
1786994793.012,56.7,0.000,0.857,0.653,0.7033,-0.0612,6.72,-0.51192,0.150,0.698,0.000,-1.0000,-0.6689,TRACKING,prediction
1786994793.034,56.7,0.000,0.857,0.653,0.7033,-0.0490,5.38,-0.40954,0.150,0.698,0.000,-1.0000,-0.6688,TRACKING,prediction
1786994793.054,56.7,0.000,0.857,0.653,0.7033,-0.0392,4.30,-0.32763,0.150,0.698,0.000,-1.0000,-0.6687,TRACKING,prediction
1786994793.071,56.7,0.000,0.857,0.653,0.7033,-0.0314,3.44,-0.26210,0.150,0.699,0.000,-1.0000,-0.6687,TRACKING,prediction
1786994793.082,56.7,0.000,0.857,0.653,0.7033,-0.0251,2.75,-0.20968,0.150,0.699,0.000,-1.0000,-0.6686,TRACKING,prediction
1786994793.106,56.7,0.000,0.857,0.653,0.7033,-0.0201,2.20,-0.16775,0.150,0.699,0.000,-1.0000,-0.6686,TRACKING,prediction
1786994793.128,56.7,0.000,0.857,0.653,0.7033,-0.0161,1.76,-0.13420,0.150,0.689,0.000,-1.0000,-0.6685,TRACKING,prediction
1786994793.150,56.7,0.000,0.857,0.653,0.7033,-0.0128,1.41,-0.10736,0.150,0.672,0.000,-1.0000,-0.6741,TRACKING,prediction
1786994793.166,56.7,0.000,0.857,0.653,0.7033,-0.0103,1.13,-0.08589,0.150,0.651,0.000,-1.0000,-0.6844,TRACKING,prediction
1786994793.182,56.7,0.000,0.857,0.653,0.7033,-0.0082,0.90,-0.06871,0.150,0.627,0.000,-1.0000,-0.6979,TRACKING,prediction
1786994793.199,56.7,0.000,0.857,0.653,0.7033,-0.0066,0.72,-0.05497,0.150,0.586,0.000,-1.0000,-0.7133,UNCERTAIN,prediction
1786994793.216,56.7,0.000,0.857,0.653,0.7033,-0.0053,0.58,-0.04397,0.150,0.557,0.000,-1.0000,-0.7386,UNCERTAIN,prediction
1786994793.244,56.7,0.000,0.857,0.653,0.7033,-0.0042,0.46,-0.03518,0.150,0.537,0.000,-1.0000,-0.7583,UNCERTAIN,prediction
1786994793.270,56.7,0.000,0.857,0.653,0.7033,-0.0034,0.37,-0.02814,0.150,0.515,0.000,-1.0000,-0.7723,UNCERTAIN,prediction
1786994793.289,56.7,0.000,0.857,0.653,0.7033,-0.0027,0.30,-0.02251,0.150,0.493,0.000,-1.0000,-0.7863,UNCERTAIN,prediction
1786994793.301,56.7,0.000,0.857,0.653,0.7033,-0.0022,0.24,-0.01801,0.150,0.471,0.000,-1.0000,-0.8005,UNCERTAIN,prediction
1786994793.318,56.7,0.000,0.857,0.653,0.7033,-0.0017,0.19,-0.01441,0.150,0.450,0.000,-1.0000,-0.8146,UNCERTAIN,prediction
1786994793.331,56.7,0.000,0.857,0.653,0.7033,-0.0014,0.15,-0.01153,0.150,0.428,0.000,-1.0000,-0.8286,UNCERTAIN,prediction
1786994793.350,56.7,0.000,0.857,0.653,0.7033,-0.0011,0.12,-0.00922,0.150,0.408,0.000,-1.0000,-0.8422,UNCERTAIN,prediction
1786994793.363,56.7,0.000,0.857,0.653,0.7033,-0.0009,0.10,-0.00738,0.150,0.388,0.000,-1.0000,-0.8553,UNCERTAIN,prediction
1786994793.390,56.7,0.000,0.938,0.653,0.6788,-0.1728,6.32,0.14421,0.186,0.404,0.000,-1.0000,-0.8669,TRACKING,R+C
1786994793.404,56.7,0.000,0.936,0.652,0.6708,-0.1714,4.78,0.08127,0.192,0.418,0.000,-1.0000,-0.8600,TRACKING,R+C
1786994793.425,56.7,0.000,0.936,0.652,0.6708,-0.1371,3.83,0.06502,0.192,0.433,0.000,-1.0000,-0.8510,TRACKING,prediction
1786994793.440,53.6,0.891,0.652,0.000,0.6557,0.1735,-4.01,-1.74832,0.150,0.446,0.000,1.0000,-0.1579,TRACKING,L+C
1786994793.450,53.6,0.000,0.888,0.652,0.6497,-0.1609,1.80,-0.03591,0.196,0.459,0.000,-1.0000,-0.7423,TRACKING,R+C
1786994793.463,53.6,0.000,0.871,0.652,0.6417,-0.1563,1.19,-0.03134,0.197,0.471,0.000,-1.0000,-0.8100,TRACKING,R+C
1786994793.484,53.6,0.000,0.829,0.653,0.6358,-0.1529,-1.36,-0.23303,0.177,0.482,0.000,-1.0000,-0.8132,TRACKING,R+C
1786994793.499,53.6,0.000,0.806,0.651,0.6262,-0.1488,-2.93,-0.32390,0.168,0.493,0.000,-1.0000,-0.8069,TRACKING,R+C
1786994793.514,53.6,0.000,0.780,0.646,0.6123,-0.1462,-5.76,-0.50740,0.150,0.503,0.000,-1.0000,-0.7996,TRACKING,R+C
1786994793.528,53.6,0.000,0.760,0.644,0.6024,-0.1408,-6.39,-0.57005,0.150,0.513,0.000,-1.0000,-0.7924,TRACKING,R+C
1786994793.542,53.6,0.000,0.742,0.642,0.5944,-0.1373,-7.23,-0.62680,0.150,0.523,0.000,-1.0000,-0.7856,TRACKING,R+C
1786994793.558,53.6,0.000,0.730,0.640,0.5897,-0.1375,-8.58,-0.73374,0.150,0.531,0.000,-1.0000,-0.7793,TRACKING,R+C
1786994793.574,53.6,0.000,0.712,0.641,0.5876,-0.1405,-10.26,-0.86771,0.150,0.540,0.000,-1.0000,-0.7735,TRACKING,R+C
1786994793.589,53.6,0.000,0.720,0.640,0.5875,-0.1442,-11.03,-0.91593,0.150,0.548,0.000,-1.0000,-0.7681,TRACKING,R+C
1786994793.603,53.6,0.000,0.719,0.640,0.5873,-0.1506,-13.73,-1.08241,0.150,0.555,0.000,-1.0000,-0.7630,TRACKING,R+C
1786994793.620,53.6,0.000,0.699,0.641,0.5890,-0.1466,-12.61,-1.06983,0.150,0.563,0.000,-1.0000,-0.7579,TRACKING,R+C
1786994793.634,53.6,0.000,0.694,0.638,0.5818,-0.1436,-13.63,-1.15271,0.150,0.570,0.000,-1.0000,-0.7529,TRACKING,R+C
1786994793.649,53.6,0.000,0.694,0.634,0.5743,-0.1376,-14.29,-1.20178,0.150,0.576,0.000,-1.0000,-0.7479,TRACKING,R+C
1786994793.657,53.6,0.000,0.702,0.635,0.5660,-0.1294,-14.66,-1.23512,0.150,0.582,0.000,-1.0000,-0.7429,TRACKING,R+C
1786994793.675,53.6,0.000,0.701,0.631,0.5585,-0.1230,-16.24,-1.32723,0.150,0.588,0.000,-1.0000,-0.7382,TRACKING,R+C
1786994793.697,53.6,0.000,0.710,0.633,0.5497,-0.1168,-18.09,-1.42071,0.150,0.594,0.000,-1.0000,-0.7336,TRACKING,R+C
1786994793.710,53.6,0.000,0.708,0.633,0.5422,-0.1019,-16.39,-1.38719,0.150,0.599,0.000,-1.0000,-0.7290,TRACKING,R+C
1786994793.728,53.6,0.725,0.705,0.637,0.4920,-0.0909,-16.78,-1.44515,0.150,0.604,0.000,-0.9283,-0.6819,TRACKING,L+C+R_fused
1786994793.738,53.6,0.928,0.713,0.639,0.5061,-0.0803,-16.90,-1.49137,0.150,0.609,0.000,-0.8211,-0.6077,TRACKING,L+C+R_fused
1786994793.759,53.6,0.928,0.722,0.643,0.5305,-0.0717,-16.81,-1.52623,0.150,0.613,0.000,-0.7269,-0.5377,TRACKING,L+C+R_fused
1786994793.779,53.6,0.923,0.731,0.644,0.5178,-0.0653,-16.65,-1.56510,0.150,0.618,0.000,-0.6555,-0.4826,TRACKING,L+C+R_fused
1786994793.789,53.6,0.939,0.738,0.646,0.5116,-0.0634,-17.39,-1.67174,0.150,0.622,0.000,-0.6228,-0.4536,TRACKING,L+C+R_fused
1786994793.810,53.6,0.780,0.736,0.648,0.4916,-0.0582,-15.38,-1.66253,0.150,0.626,0.000,-0.6163,-0.4440,TRACKING,L+C+R_fused
1786994793.831,53.6,0.000,0.739,0.648,0.5217,-0.0546,-14.45,-1.69926,0.150,0.630,0.000,-0.6044,-0.4345,TRACKING,R+C
1786994793.845,53.6,0.000,0.740,0.644,0.5232,-0.0484,-12.85,-1.68370,0.150,0.633,0.000,-0.5684,-0.4105,TRACKING,R+C
1786994793.855,53.6,0.000,0.736,0.645,0.5193,-0.0404,-11.67,-1.68038,0.150,0.636,0.000,-0.4918,-0.3606,TRACKING,R+C
1786994793.875,53.6,0.000,0.736,0.644,0.5157,-0.0299,-10.96,-1.69352,0.150,0.640,0.000,-0.3552,-0.2716,TRACKING,R+C
1786994793.897,53.6,0.869,0.736,0.640,0.5301,-0.0179,-9.56,-1.67099,0.150,0.643,0.000,-0.2054,-0.1693,TRACKING,L+C+R_fused
1786994793.907,53.6,0.940,0.738,0.641,0.4966,-0.0052,-7.79,-1.62474,0.150,0.645,0.000,-0.0509,-0.0626,TRACKING,L+C+R_fused
1786994793.928,53.6,0.933,0.741,0.642,0.5096,0.0037,-6.90,-1.61483,0.150,0.648,0.000,0.0710,0.0256,TRACKING,L+C+R_fused
1786994793.948,53.6,0.925,0.746,0.647,0.5172,0.0106,-5.70,-1.60227,0.150,0.651,0.000,0.1438,0.0817,TRACKING,L+C+R_fused
1786994793.968,53.6,0.937,0.747,0.654,0.5180,0.0137,-4.78,-1.59600,0.150,0.653,0.000,0.1597,0.0989,TRACKING,L+C+R_fused
1786994793.989,53.6,0.940,0.747,0.664,0.5178,0.0139,-4.25,-1.62077,0.150,0.656,0.000,0.1348,0.0862,TRACKING,L+C+R_fused
1786994794.004,53.6,0.000,0.748,0.699,0.4763,0.0139,-3.30,-1.62366,0.150,0.658,0.000,0.0936,0.0594,TRACKING,R+C
1786994794.021,53.6,0.000,0.748,0.738,0.4840,0.0142,-1.78,-1.58544,0.150,0.660,0.000,0.0390,0.0229,TRACKING,R+C
1786994794.039,53.6,0.000,0.745,0.739,0.4926,0.0125,-0.55,-1.55966,0.150,0.662,0.000,-0.0417,-0.0301,TRACKING,R+C
1786994794.053,53.6,0.000,0.742,0.745,0.5045,0.0097,0.49,-1.55280,0.150,0.664,0.000,-0.1350,-0.0922,TRACKING,R+C
1786994794.068,53.6,0.000,0.743,0.839,0.5170,0.0062,0.99,-1.58736,0.150,0.666,0.000,-0.2245,-0.1533,TRACKING,R+C
1786994794.086,53.6,0.000,0.745,0.836,0.5252,0.0021,1.34,-1.60372,0.150,0.667,0.000,-0.3113,-0.2121,TRACKING,R+C
1786994794.105,53.6,0.000,0.748,0.838,0.5353,-0.0001,2.88,-1.52356,0.150,0.669,0.000,-0.3984,-0.2704,TRACKING,R+C
1786994794.126,53.6,0.000,0.748,0.838,0.5353,-0.0001,2.31,-1.21885,0.150,0.671,0.000,-0.3984,-0.2786,TRACKING,prediction
1786994794.147,53.6,0.000,0.748,0.838,0.5353,-0.0001,1.85,-0.97508,0.150,0.672,0.000,-0.3984,-0.2794,TRACKING,prediction
1786994794.158,53.6,0.000,0.748,0.838,0.5353,-0.0000,1.48,-0.78007,0.150,0.673,0.000,-0.3984,-0.2792,TRACKING,prediction
1786994794.178,53.6,0.000,0.748,0.838,0.5353,-0.0000,1.18,-0.62405,0.150,0.675,0.000,-0.3984,-0.2788,TRACKING,prediction
1786994794.198,53.6,0.000,0.748,0.838,0.5353,-0.0000,0.95,-0.49924,0.150,0.676,0.000,-0.3984,-0.2785,TRACKING,prediction
1786994794.219,53.6,0.000,0.748,0.838,0.5353,-0.0000,0.76,-0.39939,0.150,0.677,0.000,-0.3984,-0.2781,TRACKING,prediction
1786994794.239,53.6,0.000,0.748,0.838,0.5353,-0.0000,0.60,-0.31951,0.150,0.678,0.000,-0.3984,-0.2778,TRACKING,prediction
1786994794.261,53.6,0.000,0.748,0.838,0.5353,-0.0000,0.48,-0.25561,0.150,0.679,0.000,-0.3984,-0.2774,TRACKING,prediction
1786994794.271,53.6,0.000,0.748,0.838,0.5353,-0.0000,0.39,-0.20449,0.150,0.680,0.000,-0.3984,-0.2771,TRACKING,prediction
1786994794.300,53.6,0.000,0.748,0.838,0.5353,-0.0000,0.31,-0.16359,0.150,0.676,0.000,-0.3984,-0.2768,TRACKING,prediction
1786994794.321,53.6,0.000,0.748,0.838,0.5353,-0.0000,0.25,-0.13087,0.150,0.662,0.000,-0.3984,-0.2780,TRACKING,prediction
1786994794.331,53.6,0.000,0.748,0.838,0.5353,-0.0000,0.20,-0.10470,0.150,0.644,0.000,-0.3984,-0.2813,TRACKING,prediction
1786994794.362,53.6,0.000,0.748,0.838,0.5353,-0.0000,0.16,-0.08376,0.150,0.621,0.000,-0.3984,-0.2863,TRACKING,prediction
1786994794.386,53.6,0.000,0.748,0.838,0.5353,-0.0000,0.13,-0.06701,0.150,0.582,0.000,-0.3984,-0.2923,UNCERTAIN,prediction
1786994794.409,53.6,0.000,0.748,0.838,0.5353,-0.0000,0.10,-0.05361,0.150,0.554,0.000,-0.3984,-0.3027,UNCERTAIN,prediction
1786994794.418,53.6,0.000,0.789,0.789,0.6110,-0.0383,10.36,-1.02757,0.150,0.562,0.000,-1.0000,-0.6904,TRACKING,R+C
1786994794.446,57.6,0.000,0.789,0.789,0.6110,-0.0306,8.29,-0.82206,0.150,0.569,0.000,-1.0000,-0.7427,TRACKING,prediction
1786994794.464,57.6,0.000,0.789,0.789,0.6110,-0.0245,6.63,-0.65765,0.150,0.575,0.000,-1.0000,-0.7467,TRACKING,prediction
1786994794.480,57.6,0.000,0.789,0.789,0.6110,-0.0196,5.30,-0.52612,0.150,0.581,0.000,-1.0000,-0.7436,TRACKING,prediction
1786994794.497,57.6,0.000,0.789,0.789,0.6110,-0.0157,4.24,-0.42089,0.150,0.587,0.000,-1.0000,-0.7397,TRACKING,prediction
1786994794.509,57.6,0.000,0.786,0.803,0.5944,-0.0325,10.14,-0.98370,0.150,0.593,0.000,-0.9693,-0.7168,TRACKING,R+C
1786994794.527,57.6,0.000,0.786,0.803,0.5944,-0.0260,8.12,-0.78696,0.150,0.598,0.000,-0.9693,-0.7104,TRACKING,prediction
1786994794.544,57.6,0.000,0.786,0.803,0.5944,-0.0208,6.49,-0.62957,0.150,0.603,0.000,-0.9693,-0.7065,TRACKING,prediction
1786994794.551,57.6,0.000,0.786,0.803,0.5944,-0.0166,5.19,-0.50366,0.150,0.608,0.000,-0.9693,-0.7031,TRACKING,prediction
1786994794.572,57.6,0.000,0.801,0.814,0.5906,-0.0373,10.19,-0.95078,0.150,0.613,0.000,-1.0000,-0.7182,TRACKING,R+C
1786994794.582,57.6,0.000,0.781,0.808,0.5862,-0.0355,10.13,-0.94226,0.150,0.617,0.000,-0.9919,-0.7130,TRACKING,R+C
1786994794.598,57.6,0.000,0.781,0.808,0.5862,-0.0284,8.10,-0.75381,0.150,0.621,0.000,-0.9919,-0.7098,TRACKING,prediction
1786994794.616,57.6,0.000,0.781,0.808,0.5862,-0.0227,6.48,-0.60304,0.150,0.625,0.000,-0.9919,-0.7070,TRACKING,prediction
1786994794.637,57.6,0.000,0.781,0.808,0.5862,-0.0182,5.18,-0.48244,0.150,0.629,0.000,-0.9919,-0.7043,TRACKING,prediction
1786994794.657,57.6,0.000,0.781,0.808,0.5862,-0.0145,4.15,-0.38595,0.150,0.633,0.000,-0.9919,-0.7018,TRACKING,prediction
1786994794.667,57.6,0.000,0.765,0.809,0.5665,-0.0228,8.44,-0.98196,0.150,0.636,0.000,-0.8260,-0.6023,TRACKING,R+C
1786994794.692,57.6,0.000,0.765,0.809,0.5665,-0.0182,6.75,-0.78557,0.150,0.639,0.000,-0.8260,-0.5860,TRACKING,prediction
1786994794.708,57.6,0.000,0.781,0.806,0.5542,-0.0143,8.62,-0.92162,0.150,0.642,0.000,-0.7249,-0.5230,TRACKING,R+C
1786994794.716,57.6,0.000,0.781,0.806,0.5542,-0.0115,6.90,-0.73730,0.150,0.645,0.000,-0.7249,-0.5124,TRACKING,prediction
1786994794.734,57.6,0.000,0.781,0.806,0.5542,-0.0092,5.52,-0.58984,0.150,0.648,0.000,-0.7249,-0.5096,TRACKING,prediction
1786994794.756,57.6,0.000,0.781,0.806,0.5542,-0.0073,4.41,-0.47187,0.150,0.650,0.000,-0.7249,-0.5080,TRACKING,prediction
1786994794.764,57.6,0.000,0.781,0.806,0.5542,-0.0059,3.53,-0.37750,0.150,0.653,0.000,-0.7249,-0.5067,TRACKING,prediction
1786994794.785,57.6,0.000,0.781,0.806,0.5542,-0.0047,2.83,-0.30200,0.150,0.655,0.000,-0.7249,-0.5055,TRACKING,prediction
1786994794.798,57.6,0.000,0.781,0.806,0.5542,-0.0038,2.26,-0.24160,0.150,0.657,0.000,-0.7249,-0.5043,TRACKING,prediction
1786994794.810,57.6,0.000,0.781,0.806,0.5542,-0.0030,1.81,-0.19328,0.150,0.660,0.000,-0.7249,-0.5032,TRACKING,prediction
1786994794.820,57.6,0.000,0.781,0.806,0.5542,-0.0024,1.45,-0.15462,0.150,0.662,0.000,-0.7249,-0.5021,TRACKING,prediction
1786994794.840,57.6,0.000,0.781,0.806,0.5542,-0.0019,1.16,-0.12370,0.150,0.664,0.000,-0.7249,-0.5011,TRACKING,prediction
1786994794.851,57.6,0.000,0.781,0.806,0.5542,-0.0015,0.93,-0.09896,0.150,0.664,0.000,-0.7249,-0.5002,TRACKING,prediction
1786994794.875,57.6,0.000,0.781,0.806,0.5542,-0.0012,0.74,-0.07917,0.150,0.654,0.000,-0.7249,-0.5000,TRACKING,prediction
1786994794.895,57.6,0.000,0.781,0.806,0.5542,-0.0010,0.59,-0.06333,0.150,0.638,0.000,-0.7249,-0.5040,TRACKING,prediction
1786994794.911,57.6,0.000,0.812,0.774,0.5729,-0.0499,10.18,-0.64784,0.150,0.641,0.000,-1.0000,-0.6723,TRACKING,R+C
1786994794.931,57.6,0.000,0.835,0.792,0.5772,-0.0521,10.62,-0.57887,0.150,0.644,0.000,-1.0000,-0.6952,TRACKING,R+C
1786994794.952,57.6,0.000,0.835,0.792,0.5772,-0.0416,8.50,-0.46310,0.150,0.647,0.000,-1.0000,-0.6969,TRACKING,prediction
1786994794.968,57.6,0.000,0.840,0.802,0.5664,-0.0475,10.59,-0.52293,0.150,0.649,0.000,-1.0000,-0.6951,TRACKING,R+C
1786994794.990,57.6,0.000,0.846,0.797,0.5590,-0.0436,9.78,-0.56376,0.150,0.652,0.000,-1.0000,-0.6929,TRACKING,R+C
1786994795.011,57.6,0.000,0.822,0.812,0.5546,-0.0386,9.32,-0.58058,0.150,0.654,0.000,-0.9655,-0.6712,TRACKING,R+C
1786994795.027,57.6,0.000,0.818,0.814,0.5524,-0.0324,9.16,-0.57154,0.150,0.657,0.000,-0.9009,-0.6296,TRACKING,R+C
1786994795.047,57.6,0.000,0.815,0.809,0.5472,-0.0271,8.83,-0.58294,0.150,0.659,0.000,-0.8375,-0.5858,TRACKING,R+C
1786994795.071,57.6,0.000,0.815,0.809,0.5472,-0.0216,7.07,-0.46635,0.150,0.661,0.000,-0.8375,-0.5783,TRACKING,prediction
1786994795.082,57.6,0.000,0.815,0.809,0.5472,-0.0173,5.65,-0.37308,0.150,0.663,0.000,-0.8375,-0.5762,TRACKING,prediction
1786994795.095,57.6,0.000,0.825,0.821,0.5260,-0.0136,7.82,-0.62072,0.150,0.665,0.000,-0.6469,-0.4658,TRACKING,R+C
1786994795.120,57.6,0.000,0.825,0.821,0.5260,-0.0109,6.26,-0.49657,0.150,0.666,0.000,-0.6469,-0.4488,TRACKING,prediction
1786994795.139,57.6,0.000,0.825,0.821,0.5260,-0.0087,5.01,-0.39726,0.150,0.668,0.000,-0.6469,-0.4455,TRACKING,prediction
1786994795.152,57.6,0.000,0.825,0.821,0.5260,-0.0070,4.00,-0.31781,0.150,0.670,0.000,-0.6469,-0.4444,TRACKING,prediction
1786994795.172,57.6,0.000,0.825,0.821,0.5260,-0.0056,3.20,-0.25425,0.150,0.671,0.000,-0.6469,-0.4437,TRACKING,prediction
1786994795.192,57.6,0.000,0.822,0.813,0.5236,-0.0145,6.81,-0.66751,0.150,0.673,0.000,-0.6294,-0.4329,TRACKING,R+C
1786994795.213,57.6,0.000,0.822,0.813,0.5236,-0.0116,5.45,-0.53401,0.150,0.674,0.000,-0.6294,-0.4308,TRACKING,prediction
1786994795.234,57.6,0.000,0.822,0.813,0.5236,-0.0093,4.36,-0.42720,0.150,0.675,0.000,-0.6294,-0.4300,TRACKING,prediction
1786994795.251,57.6,0.000,0.822,0.813,0.5236,-0.0074,3.49,-0.34176,0.150,0.677,0.000,-0.6294,-0.4294,TRACKING,prediction
1786994795.261,57.6,0.000,0.822,0.813,0.5236,-0.0059,2.79,-0.27341,0.150,0.678,0.000,-0.6294,-0.4289,TRACKING,prediction
1786994795.271,57.6,0.747,0.810,0.808,0.5930,-0.0024,6.21,-0.68113,0.150,0.679,0.000,-0.4306,-0.3155,TRACKING,L+C+R_fused
1786994795.292,57.6,0.919,0.811,0.819,0.5758,0.0050,6.16,-0.67343,0.150,0.680,0.000,-0.3071,-0.2283,TRACKING,L+C+R_fused
1786994795.313,57.6,0.941,0.811,0.824,0.5397,0.0122,6.15,-0.66885,0.150,0.681,0.000,-0.1838,-0.1449,TRACKING,L+C+R_fused
1786994795.333,57.6,0.932,0.819,0.821,0.5393,0.0168,6.11,-0.66633,0.150,0.682,0.000,-0.0994,-0.0843,TRACKING,L+C+R_fused
1786994795.354,57.6,0.932,0.819,0.821,0.5393,0.0135,4.88,-0.53306,0.150,0.683,0.000,-0.0994,-0.0753,TRACKING,prediction
1786994795.375,57.6,0.936,0.823,0.820,0.5272,0.0217,6.10,-0.68945,0.150,0.684,0.000,-0.0172,-0.0271,TRACKING,L+C+R_fused
1786994795.396,57.6,0.927,0.820,0.824,0.5319,0.0201,6.22,-0.69103,0.150,0.684,0.000,-0.0514,-0.0395,TRACKING,L+C+R_fused
1786994795.419,57.6,0.933,0.821,0.822,0.5391,0.0185,6.28,-0.69327,0.150,0.685,0.000,-0.0835,-0.0597,TRACKING,L+C+R_fused
1786994795.432,57.6,0.915,0.820,0.824,0.5450,0.0177,6.11,-0.71393,0.150,0.686,0.000,-0.0939,-0.0685,TRACKING,L+C+R_fused
1786994795.450,57.8,0.941,0.821,0.829,0.5390,0.0171,5.61,-0.74829,0.150,0.687,0.000,-0.0878,-0.0663,TRACKING,L+C+R_fused
1786994795.465,57.8,0.912,0.818,0.832,0.5462,0.0181,6.54,-0.68983,0.150,0.687,0.000,-0.1005,-0.0732,TRACKING,L+C+R_fused
1786994795.484,57.8,0.850,0.816,0.828,0.5341,0.0160,6.22,-0.73486,0.150,0.688,0.000,-0.1329,-0.0927,TRACKING,L+C+R_fused
1786994795.502,57.8,0.913,0.814,0.826,0.5622,0.0130,6.33,-0.73702,0.150,0.689,0.000,-0.1905,-0.1281,TRACKING,L+C+R_fused
1786994795.516,57.8,0.901,0.815,0.829,0.5608,0.0094,6.07,-0.78293,0.150,0.689,0.000,-0.2493,-0.1666,TRACKING,L+C+R_fused
1786994795.530,57.8,0.941,0.818,0.821,0.5615,0.0081,6.64,-0.74739,0.150,0.690,0.000,-0.2895,-0.1949,TRACKING,L+C+R_fused
1786994795.545,57.8,0.941,0.818,0.821,0.5615,0.0065,5.32,-0.59792,0.150,0.690,0.000,-0.2895,-0.1989,TRACKING,prediction
1786994795.559,57.8,0.941,0.818,0.821,0.5615,0.0052,4.25,-0.47833,0.150,0.691,0.000,-0.2895,-0.1995,TRACKING,prediction
1786994795.578,57.8,0.928,0.805,0.837,0.5167,0.0136,5.72,-0.88377,0.150,0.691,0.000,-0.1785,-0.1374,TRACKING,L+C+R_fused
1786994795.593,57.8,0.930,0.804,0.835,0.5004,0.0196,5.68,-0.89754,0.150,0.692,0.000,-0.0737,-0.0691,TRACKING,L+C+R_fused
1786994795.615,57.8,0.920,0.807,0.839,0.4960,0.0243,5.34,-0.95207,0.150,0.692,0.000,0.0141,-0.0095,TRACKING,L+C+R_fused
1786994795.631,57.8,0.887,0.808,0.830,0.4914,0.0269,4.92,-1.01965,0.150,0.692,0.000,0.0684,0.0300,TRACKING,L+C+R_fused
1786994795.646,57.8,0.879,0.807,0.850,0.4904,0.0294,4.62,-1.05789,0.150,0.693,0.000,0.1185,0.0643,TRACKING,L+C+R_fused
1786994795.664,57.8,0.874,0.806,0.850,0.4895,0.0331,4.22,-1.07910,0.150,0.693,0.000,0.1983,0.1149,TRACKING,L+C+R_fused
1786994795.684,57.8,0.862,0.807,0.852,0.4905,0.0395,4.29,-1.06329,0.150,0.693,0.000,0.3063,0.1839,TRACKING,L+C+R_fused
1786994795.694,57.8,0.858,0.802,0.853,0.4894,0.0485,4.75,-1.02889,0.150,0.694,0.000,0.4387,0.2696,TRACKING,L+C+R_fused
1786994795.715,57.8,0.845,0.803,0.868,0.4876,0.0568,5.07,-0.99602,0.150,0.694,0.000,0.5564,0.3494,TRACKING,L+C+R_fused
1786994795.736,57.8,0.800,0.805,0.870,0.4848,0.0647,5.05,-0.99794,0.150,0.694,0.000,0.6662,0.4235,TRACKING,L+C+R_fused
1786994795.752,57.8,0.744,0.807,0.875,0.4813,0.0716,4.97,-1.00461,0.150,0.695,0.000,0.7551,0.4844,TRACKING,L+C+R_fused
1786994795.769,57.8,0.739,0.810,0.882,0.4801,0.0771,4.89,-1.01794,0.150,0.695,0.000,0.8195,0.5296,TRACKING,L+C+R_fused
1786994795.788,57.8,0.732,0.813,0.890,0.4795,0.0800,5.08,-1.00986,0.150,0.695,0.000,0.8469,0.5516,TRACKING,L+C+R_fused
1786994795.808,57.8,0.749,0.811,0.883,0.4797,0.0802,4.69,-1.05788,0.150,0.695,0.000,0.8544,0.5589,TRACKING,L+C+R_fused
1786994795.829,57.8,0.781,0.806,0.881,0.4829,0.0836,5.41,-1.02125,0.150,0.696,0.000,0.8756,0.5717,TRACKING,L+C+R_fused
1786994795.852,57.8,0.809,0.798,0.871,0.4816,0.0862,5.88,-1.01983,0.150,0.696,0.000,0.8891,0.5810,TRACKING,L+C+R_fused
1786994795.867,57.8,0.810,0.799,0.878,0.4812,0.0883,6.00,-1.03402,0.150,0.696,0.000,0.9059,0.5916,TRACKING,L+C+R_fused
1786994795.888,57.8,0.805,0.798,0.883,0.4803,0.0905,6.19,-1.03748,0.150,0.696,0.000,0.9226,0.6025,TRACKING,L+C+R_fused
1786994795.904,57.8,0.794,0.800,0.879,0.4831,0.0911,6.93,-1.00097,0.150,0.696,0.000,0.9134,0.5988,TRACKING,L+C+R_fused
1786994795.919,57.8,0.803,0.794,0.883,0.4868,0.0885,6.97,-1.01642,0.150,0.697,0.000,0.8844,0.5818,TRACKING,L+C+R_fused
1786994795.934,57.8,0.833,0.790,0.882,0.4920,0.0852,6.36,-1.08624,0.150,0.697,0.000,0.8584,0.5645,TRACKING,L+C+R_fused
1786994795.956,57.8,0.861,0.786,0.881,0.4965,0.0821,6.37,-1.11298,0.150,0.697,0.000,0.8223,0.5415,TRACKING,L+C+R_fused
1786994795.977,57.8,0.883,0.780,0.885,0.5029,0.0803,7.09,-1.09203,0.150,0.697,0.000,0.7822,0.5154,TRACKING,L+C+R_fused
1786994795.998,57.8,0.906,0.772,0.883,0.5075,0.0768,6.96,-1.13734,0.150,0.697,0.000,0.7392,0.4871,TRACKING,L+C+R_fused
1786994796.017,57.8,0.930,0.772,0.877,0.5060,0.0737,7.46,-1.13256,0.150,0.697,0.000,0.6832,0.4509,TRACKING,L+C+R_fused
1786994796.038,57.8,0.961,0.772,0.875,0.5033,0.0706,8.01,-1.11517,0.150,0.698,0.000,0.6246,0.4119,TRACKING,L+C+R_fused
1786994796.059,57.8,0.000,0.776,0.872,0.4682,0.0671,8.57,-1.09322,0.150,0.698,0.000,0.5577,0.3680,TRACKING,R+C
1786994796.067,57.8,0.000,0.763,0.845,0.4740,0.0602,6.38,-1.33956,0.150,0.698,0.000,0.5031,0.3298,TRACKING,R+C
1786994796.087,57.8,0.000,0.758,0.842,0.4808,0.0579,7.43,-1.31310,0.150,0.698,0.000,0.4298,0.2822,TRACKING,R+C
1786994796.107,57.8,0.000,0.767,0.841,0.4879,0.0541,8.86,-1.21180,0.150,0.698,0.000,0.3245,0.2154,TRACKING,R+C
1786994796.120,57.8,0.000,0.768,0.847,0.4961,0.0487,9.87,-1.13673,0.150,0.698,0.000,0.1992,0.1345,TRACKING,R+C
1786994796.142,57.8,0.000,0.764,0.846,0.5021,0.0424,9.48,-1.23764,0.150,0.698,0.000,0.0882,0.0592,TRACKING,R+C
1786994796.169,57.8,0.000,0.765,0.838,0.5094,0.0381,9.28,-1.30038,0.150,0.698,0.000,0.0099,0.0035,TRACKING,R+C
1786994796.180,57.8,0.000,0.767,0.833,0.5150,0.0354,8.54,-1.38656,0.150,0.698,0.000,-0.0193,-0.0213,TRACKING,R+C
1786994796.209,57.8,0.000,0.765,0.832,0.5205,0.0363,8.47,-1.41274,0.150,0.698,0.000,-0.0049,-0.0170,TRACKING,R+C
1786994796.228,57.8,0.000,0.760,0.826,0.5226,0.0408,9.55,-1.32245,0.150,0.699,0.000,0.0411,0.0098,TRACKING,R+C
1786994796.248,57.8,0.000,0.761,0.827,0.5209,0.0439,9.70,-1.31709,0.150,0.699,0.000,0.0901,0.0414,TRACKING,R+C
1786994796.259,57.8,0.000,0.762,0.823,0.5197,0.0459,9.76,-1.33623,0.150,0.699,0.000,0.1173,0.0613,TRACKING,R+C
1786994796.279,57.8,0.000,0.751,0.822,0.5240,0.0447,9.41,-1.39617,0.150,0.699,0.000,0.1023,0.0555,TRACKING,R+C
1786994796.310,57.8,0.000,0.751,0.822,0.5240,0.0358,7.53,-1.11694,0.150,0.699,0.000,0.1023,0.0547,TRACKING,prediction
1786994796.330,57.8,0.000,0.751,0.822,0.5240,0.0286,6.02,-0.89355,0.150,0.699,0.000,0.1023,0.0546,TRACKING,prediction
1786994796.351,57.8,0.000,0.751,0.822,0.5240,0.0229,4.82,-0.71484,0.150,0.699,0.000,0.1023,0.0546,TRACKING,prediction
1786994796.362,57.8,0.000,0.741,0.805,0.5600,0.0238,10.72,-1.42871,0.150,0.699,0.000,-0.3314,-0.1888,TRACKING,R+C
1786994796.382,57.8,0.000,0.734,0.802,0.5707,0.0182,10.31,-1.54059,0.150,0.699,0.000,-0.4236,-0.2756,TRACKING,R+C
1786994796.393,57.8,0.000,0.740,0.798,0.5764,0.0152,10.35,-1.61444,0.150,0.699,0.000,-0.4836,-0.3218,TRACKING,R+C
1786994796.424,57.8,0.000,0.750,0.790,0.5803,0.0160,11.62,-1.48043,0.150,0.699,0.000,-0.5039,-0.3396,TRACKING,R+C
1786994796.446,57.8,0.000,0.754,0.792,0.5803,0.0152,11.12,-1.55762,0.150,0.699,0.000,-0.5077,-0.3445,TRACKING,R+C
1786994796.459,54.5,0.000,0.743,0.792,0.5800,0.0164,11.91,-1.51422,0.150,0.699,0.000,-0.5150,-0.3493,TRACKING,R+C
1786994796.487,54.5,0.000,0.735,0.784,0.5877,0.0140,11.72,-1.56743,0.150,0.699,0.000,-0.5519,-0.3704,TRACKING,R+C
1786994796.497,54.5,0.000,0.726,0.788,0.5991,0.0080,12.10,-1.58306,0.150,0.699,0.000,-0.6525,-0.4291,TRACKING,R+C
1786994796.528,54.5,0.000,0.726,0.788,0.5991,0.0064,9.68,-1.26645,0.150,0.699,0.000,-0.6525,-0.4376,TRACKING,prediction
1786994796.542,54.5,0.000,0.734,0.784,0.6169,-0.0059,12.84,-1.58079,0.150,0.699,0.000,-0.8457,-0.5449,TRACKING,R+C
1786994796.554,54.5,0.000,0.738,0.783,0.6257,-0.0103,11.82,-1.77610,0.150,0.699,0.000,-0.8844,-0.5821,TRACKING,R+C
1786994796.569,54.5,0.000,0.729,0.785,0.6276,-0.0094,12.77,-1.73027,0.150,0.699,0.000,-0.8974,-0.5947,TRACKING,R+C
1786994796.600,54.5,0.000,0.729,0.787,0.6303,-0.0087,13.09,-1.70878,0.150,0.699,0.000,-0.8971,-0.5964,TRACKING,R+C
1786994796.623,54.5,0.000,0.729,0.787,0.6303,-0.0070,10.48,-1.36703,0.150,0.699,0.000,-0.8971,-0.5967,TRACKING,prediction
1786994796.641,54.5,0.000,0.724,0.790,0.6419,-0.0133,13.19,-1.75217,0.150,0.699,0.000,-0.9488,-0.6249,TRACKING,R+C
1786994796.658,54.5,0.000,0.724,0.790,0.6419,-0.0106,10.55,-1.40174,0.150,0.700,0.000,-0.9488,-0.6291,TRACKING,prediction
1786994796.668,54.5,0.000,0.731,0.783,0.6682,-0.0279,14.74,-1.64722,0.150,0.700,0.000,-1.0000,-0.6585,TRACKING,R+C
1786994796.699,54.5,0.000,0.738,0.779,0.6765,-0.0347,16.34,-1.46698,0.150,0.700,0.000,-1.0000,-0.6633,TRACKING,R+C
1786994796.720,54.5,0.000,0.738,0.779,0.6765,-0.0278,13.07,-1.17359,0.150,0.700,0.000,-1.0000,-0.6639,TRACKING,prediction
1786994796.739,54.5,0.000,0.738,0.779,0.6765,-0.0222,10.46,-0.93887,0.150,0.700,0.000,-1.0000,-0.6640,TRACKING,prediction
1786994796.750,54.5,0.000,0.738,0.779,0.6765,-0.0178,8.36,-0.75110,0.150,0.700,0.000,-1.0000,-0.6640,TRACKING,prediction
1786994796.771,54.5,0.000,0.738,0.779,0.6765,-0.0142,6.69,-0.60088,0.150,0.700,0.000,-1.0000,-0.6639,TRACKING,prediction
1786994796.792,54.5,0.000,0.738,0.779,0.6765,-0.0114,5.35,-0.48070,0.150,0.700,0.000,-1.0000,-0.6639,TRACKING,prediction
1786994796.812,54.5,0.000,0.738,0.779,0.6765,-0.0091,4.28,-0.38456,0.150,0.700,0.000,-1.0000,-0.6639,TRACKING,prediction
1786994796.832,54.5,0.000,0.738,0.779,0.6765,-0.0073,3.43,-0.30765,0.150,0.700,0.000,-1.0000,-0.6639,TRACKING,prediction
1786994796.853,54.5,0.000,0.738,0.779,0.6765,-0.0058,2.74,-0.24612,0.150,0.700,0.000,-1.0000,-0.6639,TRACKING,prediction
1786994796.863,54.5,0.000,0.782,0.768,0.7376,-0.0760,25.56,-0.01419,0.199,0.700,0.000,-1.0000,-0.6659,TRACKING,R+C
1786994796.894,54.5,0.000,0.782,0.768,0.7376,-0.0608,20.45,-0.01135,0.199,0.700,0.000,-1.0000,-0.6659,TRACKING,prediction
1786994796.911,54.5,0.000,0.782,0.768,0.7376,-0.0486,16.36,-0.00908,0.199,0.700,0.000,-1.0000,-0.6659,TRACKING,prediction
1786994796.925,54.5,0.000,0.782,0.768,0.7376,-0.0389,13.09,-0.00727,0.199,0.700,0.000,-1.0000,-0.6659,TRACKING,prediction
1786994796.936,54.5,0.000,0.782,0.768,0.7376,-0.0311,10.47,-0.00581,0.199,0.700,0.000,-1.0000,-0.6659,TRACKING,prediction
1786994796.957,54.5,0.000,0.782,0.768,0.7376,-0.0249,8.38,-0.00465,0.199,0.700,0.000,-1.0000,-0.6659,TRACKING,prediction
1786994796.977,54.5,0.000,0.782,0.768,0.7376,-0.0199,6.70,-0.00372,0.199,0.700,0.000,-1.0000,-0.6659,TRACKING,prediction
1786994797.000,54.5,0.000,0.782,0.768,0.7376,-0.0159,5.36,-0.00298,0.199,0.700,0.000,-1.0000,-0.6659,TRACKING,prediction
1786994797.012,54.5,0.000,0.782,0.768,0.7376,-0.0127,4.29,-0.00238,0.199,0.700,0.000,-1.0000,-0.6659,TRACKING,prediction
1786994797.033,54.5,0.000,0.782,0.768,0.7376,-0.0102,3.43,-0.00190,0.199,0.695,0.000,-1.0000,-0.6658,TRACKING,prediction
1786994797.054,54.5,0.000,0.782,0.768,0.7376,-0.0082,2.74,-0.00152,0.199,0.681,0.000,-1.0000,-0.6686,TRACKING,prediction
1786994797.075,54.5,0.000,0.782,0.768,0.7376,-0.0065,2.20,-0.00122,0.199,0.662,0.000,-1.0000,-0.6768,TRACKING,prediction
1786994797.095,54.5,0.000,0.782,0.768,0.7376,-0.0052,1.76,-0.00098,0.199,0.639,0.000,-1.0000,-0.6889,TRACKING,prediction
1786994797.116,54.5,0.000,0.782,0.768,0.7376,-0.0042,1.41,-0.00078,0.199,0.594,0.000,-1.0000,-0.7035,UNCERTAIN,prediction
1786994797.136,54.5,0.000,0.782,0.768,0.7376,-0.0033,1.12,-0.00062,0.199,0.563,0.000,-1.0000,-0.7308,UNCERTAIN,prediction
1786994797.159,54.5,0.000,0.782,0.768,0.7376,-0.0027,0.90,-0.00050,0.199,0.541,0.000,-1.0000,-0.7523,UNCERTAIN,prediction
1786994797.178,54.5,0.000,0.782,0.768,0.7376,-0.0021,0.72,-0.00040,0.199,0.522,0.000,-1.0000,-0.7677,UNCERTAIN,prediction
1786994797.199,54.5,0.000,0.782,0.768,0.7376,-0.0017,0.58,-0.00032,0.199,0.501,0.000,-1.0000,-0.7805,UNCERTAIN,prediction
1786994797.212,54.5,0.000,0.782,0.768,0.7376,-0.0014,0.46,-0.00026,0.199,0.480,0.000,-1.0000,-0.7938,UNCERTAIN,prediction
1786994797.241,54.5,0.000,0.782,0.768,0.7376,-0.0011,0.37,-0.00020,0.199,0.459,0.000,-1.0000,-0.8075,UNCERTAIN,prediction
1786994797.259,54.5,0.000,0.782,0.768,0.7376,-0.0009,0.29,-0.00016,0.199,0.438,0.000,-1.0000,-0.8212,UNCERTAIN,prediction
1786994797.281,54.5,0.000,0.782,0.768,0.7376,-0.0007,0.24,-0.00013,0.199,0.417,0.000,-1.0000,-0.8348,UNCERTAIN,prediction
1786994797.301,54.5,0.000,0.782,0.768,0.7376,-0.0006,0.19,-0.00010,0.199,0.397,0.000,-1.0000,-0.8480,UNCERTAIN,prediction
1786994797.316,54.5,0.000,0.782,0.768,0.7376,-0.0004,0.15,-0.00008,0.199,0.378,0.000,-1.0000,-0.8608,UNCERTAIN,prediction
1786994797.332,54.5,0.000,0.782,0.768,0.7376,-0.0004,0.12,-0.00007,0.199,0.360,0.000,-1.0000,-0.8732,UNCERTAIN,prediction
1786994797.352,54.5,0.000,0.766,0.668,0.5643,-0.1146,0.71,-0.35351,0.165,0.377,0.000,-1.0000,-0.8824,TRACKING,R+C
1786994797.372,54.5,0.000,0.762,0.662,0.5581,-0.1095,-0.16,-0.38670,0.161,0.393,0.000,-1.0000,-0.8745,TRACKING,R+C
1786994797.388,54.5,0.000,0.750,0.683,0.5569,-0.1045,-1.68,-0.48516,0.151,0.408,0.000,-1.0000,-0.8641,TRACKING,R+C
1786994797.408,54.5,0.000,0.740,0.696,0.5504,-0.0999,-3.82,-0.63958,0.150,0.423,0.000,-1.0000,-0.8536,TRACKING,R+C
1786994797.430,54.5,0.000,0.737,0.705,0.5459,-0.0915,-3.88,-0.64049,0.150,0.437,0.000,-1.0000,-0.8436,TRACKING,R+C
1786994797.453,54.5,0.000,0.727,0.706,0.5402,-0.0839,-4.96,-0.73255,0.150,0.450,0.000,-1.0000,-0.8339,TRACKING,R+C
1786994797.473,51.3,0.000,0.723,0.715,0.5332,-0.0768,-6.58,-0.86470,0.150,0.462,0.000,-0.9728,-0.8063,TRACKING,R+C
1786994797.494,51.3,0.700,0.724,0.732,0.4868,-0.0678,-6.85,-0.89655,0.150,0.474,0.000,-0.8827,-0.7342,TRACKING,L+C+R_fused
1786994797.514,51.3,0.737,0.724,0.848,0.4965,-0.0597,-8.03,-0.98507,0.150,0.486,0.000,-0.7714,-0.6423,TRACKING,L+C+R_fused
1786994797.535,51.3,0.850,0.739,0.796,0.5068,-0.0534,-9.27,-1.08694,0.150,0.496,0.000,-0.6686,-0.5547,TRACKING,L+C+R_fused
1786994797.555,51.3,0.912,0.735,0.842,0.5110,-0.0465,-9.50,-1.16313,0.150,0.506,0.000,-0.5775,-0.4769,TRACKING,L+C+R_fused
1786994797.575,51.3,0.909,0.739,0.862,0.5040,-0.0434,-10.15,-1.25046,0.150,0.516,0.000,-0.5218,-0.4252,TRACKING,L+C+R_fused
1786994797.596,51.3,0.871,0.740,0.862,0.4842,-0.0420,-10.42,-1.33353,0.150,0.525,0.000,-0.5048,-0.4037,TRACKING,L+C+R_fused
1786994797.607,51.3,0.607,0.754,0.872,0.4752,-0.0420,-9.70,-1.32503,0.150,0.534,0.000,-0.5307,-0.4149,TRACKING,L+C+R_fused
1786994797.627,51.3,0.000,0.750,0.781,0.5073,-0.0446,-11.39,-1.50717,0.150,0.542,0.000,-0.5373,-0.4186,TRACKING,R+C
1786994797.648,51.3,0.000,0.752,0.846,0.5107,-0.0437,-10.98,-1.54307,0.150,0.550,0.000,-0.5437,-0.4208,TRACKING,R+C
1786994797.668,51.3,0.000,0.767,0.859,0.5120,-0.0403,-9.76,-1.52487,0.150,0.558,0.000,-0.5340,-0.4127,TRACKING,R+C
1786994797.679,51.3,0.000,0.762,0.812,0.5162,-0.0360,-8.70,-1.52484,0.150,0.565,0.000,-0.5097,-0.3939,TRACKING,R+C
1786994797.699,51.3,0.000,0.756,0.871,0.5136,-0.0291,-8.82,-1.61661,0.150,0.572,0.000,-0.4128,-0.3282,TRACKING,R+C
1786994797.710,51.3,0.000,0.761,0.875,0.5102,-0.0186,-7.85,-1.60541,0.150,0.578,0.000,-0.2772,-0.2317,TRACKING,R+C
1786994797.720,51.3,0.000,0.765,0.883,0.5020,-0.0072,-7.17,-1.62384,0.150,0.584,0.000,-0.1119,-0.1129,TRACKING,R+C
1786994797.741,51.3,0.000,0.755,0.885,0.4936,0.0069,-5.42,-1.58227,0.150,0.590,0.000,0.0697,0.0189,TRACKING,R+C
1786994797.770,51.3,0.953,0.757,0.892,0.5140,0.0190,-4.74,-1.61647,0.150,0.595,0.000,0.2466,0.1495,TRACKING,L+C+R_fused
1786994797.787,51.3,0.940,0.755,0.902,0.5167,0.0313,-3.76,-1.61048,0.150,0.601,0.000,0.4101,0.2704,TRACKING,L+C+R_fused
1786994797.802,51.3,0.928,0.757,0.901,0.5145,0.0396,-3.81,-1.70237,0.150,0.606,0.000,0.5250,0.3583,TRACKING,L+C+R_fused
1786994797.824,51.3,0.933,0.759,0.918,0.5114,0.0458,-3.27,-1.74444,0.150,0.610,0.000,0.5889,0.4092,TRACKING,L+C+R_fused
1786994797.842,51.3,0.937,0.764,0.916,0.5122,0.0483,-3.32,-1.83428,0.150,0.615,0.000,0.6130,0.4295,TRACKING,L+C+R_fused
1786994797.862,51.3,0.943,0.771,0.946,0.5144,0.0540,-0.85,-1.71747,0.150,0.619,0.000,0.6239,0.4376,TRACKING,L+C+R_fused
1786994797.884,51.3,0.946,0.766,0.939,0.5069,0.0567,0.09,-1.69906,0.150,0.623,0.000,0.6315,0.4417,TRACKING,L+C+R_fused
1786994797.892,51.3,0.946,0.766,0.939,0.5069,0.0454,0.07,-1.35925,0.150,0.627,0.000,0.6315,0.4409,TRACKING,prediction
1786994797.915,51.3,0.946,0.766,0.939,0.5069,0.0363,0.05,-1.08740,0.150,0.631,0.000,0.6315,0.4394,TRACKING,prediction
1786994797.929,51.3,0.946,0.766,0.939,0.5069,0.0290,0.04,-0.86992,0.150,0.634,0.000,0.6315,0.4379,TRACKING,prediction
1786994797.944,51.3,0.000,0.764,0.906,0.5005,0.0603,3.27,-1.64987,0.150,0.637,0.000,0.5762,0.4017,TRACKING,R+C
1786994797.953,51.3,0.000,0.764,0.897,0.5004,0.0604,5.96,-1.47422,0.150,0.641,0.000,0.5017,0.3504,TRACKING,R+C
1786994797.984,51.3,0.000,0.764,0.916,0.5088,0.0581,7.21,-1.40533,0.150,0.643,0.000,0.4258,0.2961,TRACKING,R+C
1786994797.997,51.3,0.000,0.766,0.885,0.5111,0.0553,8.26,-1.35328,0.150,0.646,0.000,0.3446,0.2385,TRACKING,R+C
1786994798.015,51.3,0.000,0.766,0.890,0.5165,0.0531,9.24,-1.29209,0.150,0.649,0.000,0.2760,0.1885,TRACKING,R+C
1786994798.045,51.3,0.000,0.766,0.882,0.5205,0.0528,9.68,-1.28151,0.150,0.652,0.000,0.2514,0.1659,TRACKING,R+C
1786994798.055,51.3,0.000,0.764,0.868,0.5179,0.0534,9.91,-1.29293,0.150,0.654,0.000,0.2501,0.1613,TRACKING,R+C
1786994798.076,51.3,0.000,0.764,0.868,0.5179,0.0427,7.93,-1.03435,0.150,0.656,0.000,0.2501,0.1603,TRACKING,prediction
1786994798.097,51.3,0.000,0.764,0.868,0.5179,0.0342,6.34,-0.82748,0.150,0.658,0.000,0.2501,0.1599,TRACKING,prediction
1786994798.107,51.3,0.000,0.764,0.868,0.5179,0.0274,5.07,-0.66198,0.150,0.661,0.000,0.2501,0.1595,TRACKING,prediction
1786994798.124,51.3,0.000,0.764,0.868,0.5179,0.0219,4.06,-0.52959,0.150,0.663,0.000,0.2501,0.1592,TRACKING,prediction
1786994798.145,51.3,0.000,0.764,0.868,0.5179,0.0175,3.25,-0.42367,0.150,0.664,0.000,0.2501,0.1589,TRACKING,prediction
1786994798.166,51.3,0.000,0.764,0.868,0.5179,0.0140,2.60,-0.33893,0.150,0.666,0.000,0.2501,0.1586,TRACKING,prediction
1786994798.186,51.3,0.000,0.764,0.868,0.5179,0.0112,2.08,-0.27115,0.150,0.668,0.000,0.2501,0.1583,TRACKING,prediction
1786994798.207,51.3,0.000,0.764,0.868,0.5179,0.0090,1.66,-0.21692,0.150,0.669,0.000,0.2501,0.1580,TRACKING,prediction
1786994798.227,51.3,0.000,0.764,0.868,0.5179,0.0072,1.33,-0.17353,0.150,0.671,0.000,0.2501,0.1578,TRACKING,prediction
1786994798.248,51.3,0.000,0.764,0.868,0.5179,0.0057,1.06,-0.13883,0.150,0.672,0.000,0.2501,0.1575,TRACKING,prediction
1786994798.269,51.3,0.000,0.764,0.868,0.5179,0.0046,0.85,-0.11106,0.150,0.665,0.000,0.2501,0.1574,TRACKING,prediction
1786994798.289,51.3,0.000,0.764,0.868,0.5179,0.0037,0.68,-0.08885,0.150,0.651,0.000,0.2501,0.1583,TRACKING,prediction
1786994798.310,51.3,0.000,0.764,0.868,0.5179,0.0029,0.54,-0.07108,0.150,0.631,0.000,0.2501,0.1603,TRACKING,prediction
1786994798.331,51.3,0.000,0.754,0.817,0.6214,-0.0005,16.26,-0.88377,0.150,0.635,0.000,-0.8055,-0.3300,TRACKING,R+C
1786994798.352,51.3,0.000,0.754,0.817,0.6214,-0.0004,13.01,-0.70701,0.150,0.638,0.000,-0.8055,-0.5351,TRACKING,prediction
1786994798.374,51.3,0.000,0.754,0.817,0.6214,-0.0003,10.41,-0.56561,0.150,0.641,0.000,-0.8055,-0.5643,TRACKING,prediction
1786994798.393,51.3,0.000,0.754,0.817,0.6214,-0.0002,8.33,-0.45249,0.150,0.644,0.000,-0.8055,-0.5673,TRACKING,prediction
1786994798.415,51.3,0.000,0.754,0.817,0.6214,-0.0002,6.66,-0.36199,0.150,0.647,0.000,-0.8055,-0.5664,TRACKING,prediction
1786994798.440,51.3,0.000,0.754,0.817,0.6214,-0.0002,5.33,-0.28959,0.150,0.649,0.000,-0.8055,-0.5649,TRACKING,prediction
1786994798.454,51.3,0.000,0.777,0.802,0.6447,-0.0328,15.87,-0.78056,0.150,0.652,0.000,-1.0000,-0.6757,TRACKING,R+C
1786994798.476,52.9,0.000,0.777,0.802,0.6447,-0.0263,12.70,-0.62445,0.150,0.654,0.000,-1.0000,-0.6904,TRACKING,prediction
1786994798.493,52.9,0.000,0.779,0.806,0.6360,-0.0345,14.98,-0.79575,0.150,0.657,0.000,-1.0000,-0.6911,TRACKING,R+C
1786994798.512,52.9,0.000,0.776,0.810,0.6336,-0.0379,13.94,-0.85356,0.150,0.659,0.000,-1.0000,-0.6900,TRACKING,R+C
1786994798.533,52.9,0.000,0.769,0.811,0.6346,-0.0420,13.96,-0.82935,0.150,0.661,0.000,-1.0000,-0.6889,TRACKING,R+C
1786994798.547,52.9,0.000,0.769,0.811,0.6346,-0.0336,11.17,-0.66348,0.150,0.663,0.000,-1.0000,-0.6875,TRACKING,prediction
1786994798.561,52.9,0.000,0.772,0.810,0.6498,-0.0606,13.10,-0.85851,0.150,0.665,0.000,-1.0000,-0.6874,TRACKING,R+C
1786994798.571,52.9,0.000,0.780,0.805,0.6554,-0.0685,13.66,-0.78000,0.150,0.666,0.000,-1.0000,-0.6868,TRACKING,R+C
1786994798.592,52.9,0.000,0.786,0.794,0.6560,-0.0764,13.00,-0.82133,0.150,0.668,0.000,-1.0000,-0.6861,TRACKING,R+C
1786994798.623,52.9,0.000,0.786,0.794,0.6560,-0.0611,10.40,-0.65707,0.150,0.670,0.000,-1.0000,-0.6850,TRACKING,prediction
1786994798.646,52.9,0.000,0.786,0.794,0.6560,-0.0489,8.32,-0.52565,0.150,0.671,0.000,-1.0000,-0.6839,TRACKING,prediction
1786994798.663,52.9,0.000,0.786,0.794,0.6560,-0.0391,6.66,-0.42052,0.150,0.673,0.000,-1.0000,-0.6829,TRACKING,prediction
1786994798.684,52.9,0.000,0.786,0.794,0.6560,-0.0313,5.33,-0.33642,0.150,0.674,0.000,-1.0000,-0.6819,TRACKING,prediction
1786994798.704,52.9,0.000,0.786,0.794,0.6560,-0.0250,4.26,-0.26913,0.150,0.675,0.000,-1.0000,-0.6810,TRACKING,prediction
1786994798.724,52.9,0.000,0.786,0.794,0.6560,-0.0200,3.41,-0.21531,0.150,0.677,0.000,-1.0000,-0.6802,TRACKING,prediction
1786994798.744,52.9,0.000,0.786,0.794,0.6560,-0.0160,2.73,-0.17225,0.150,0.678,0.000,-1.0000,-0.6793,TRACKING,prediction
1786994798.764,52.9,0.000,0.786,0.794,0.6560,-0.0128,2.18,-0.13780,0.150,0.679,0.000,-1.0000,-0.6786,TRACKING,prediction
1786994798.785,52.9,0.000,0.786,0.794,0.6560,-0.0103,1.75,-0.11024,0.150,0.680,0.000,-1.0000,-0.6778,TRACKING,prediction
1786994798.805,52.9,0.000,0.786,0.794,0.6560,-0.0082,1.40,-0.08819,0.150,0.674,0.000,-1.0000,-0.6772,TRACKING,prediction
1786994798.826,52.9,0.000,0.786,0.794,0.6560,-0.0066,1.12,-0.07055,0.150,0.661,0.000,-1.0000,-0.6801,TRACKING,prediction
1786994798.846,52.9,0.000,0.786,0.794,0.6560,-0.0052,0.89,-0.05644,0.150,0.642,0.000,-1.0000,-0.6883,TRACKING,prediction
1786994798.867,52.9,0.000,0.786,0.794,0.6560,-0.0042,0.71,-0.04515,0.150,0.620,0.000,-1.0000,-0.7003,TRACKING,prediction
1786994798.888,52.9,0.000,0.786,0.794,0.6560,-0.0034,0.57,-0.03612,0.150,0.581,0.000,-1.0000,-0.7146,UNCERTAIN,prediction
1786994798.909,52.9,0.000,0.786,0.794,0.6560,-0.0027,0.46,-0.02890,0.150,0.553,0.000,-1.0000,-0.7385,UNCERTAIN,prediction
1786994798.923,52.9,0.000,0.786,0.794,0.6560,-0.0021,0.37,-0.02312,0.150,0.533,0.000,-1.0000,-0.7572,UNCERTAIN,prediction
1786994798.941,52.9,0.000,0.786,0.794,0.6560,-0.0017,0.29,-0.01849,0.150,0.512,0.000,-1.0000,-0.7712,UNCERTAIN,prediction
1786994798.951,52.9,0.000,0.786,0.794,0.6560,-0.0014,0.23,-0.01480,0.150,0.490,0.000,-1.0000,-0.7851,UNCERTAIN,prediction
1786994798.972,52.9,0.000,0.786,0.794,0.6560,-0.0011,0.19,-0.01184,0.150,0.468,0.000,-1.0000,-0.7993,UNCERTAIN,prediction
1786994798.992,52.9,0.000,0.820,0.827,0.5732,-0.0809,6.03,-0.74267,0.150,0.480,0.000,-1.0000,-0.8117,TRACKING,R+C
1786994799.012,52.9,0.000,0.822,0.828,0.5722,-0.0808,5.73,-0.75191,0.150,0.491,0.000,-1.0000,-0.8073,TRACKING,R+C
1786994799.023,52.9,0.000,0.817,0.825,0.5738,-0.0849,4.54,-0.84231,0.150,0.501,0.000,-1.0000,-0.8006,TRACKING,R+C
1786994799.053,52.9,0.000,0.817,0.825,0.5738,-0.0680,3.63,-0.67385,0.150,0.511,0.000,-1.0000,-0.7938,TRACKING,prediction
1786994799.073,52.9,0.000,0.824,0.813,0.5738,-0.0934,4.50,-0.84430,0.150,0.521,0.000,-1.0000,-0.7878,TRACKING,R+C
1786994799.084,52.9,0.000,0.836,0.818,0.5738,-0.0951,4.65,-0.80783,0.150,0.530,0.000,-1.0000,-0.7816,TRACKING,R+C
1786994799.104,52.9,0.000,0.836,0.818,0.5738,-0.0761,3.72,-0.64626,0.150,0.538,0.000,-1.0000,-0.7757,TRACKING,prediction
1786994799.125,52.9,0.000,0.836,0.818,0.5738,-0.0609,2.98,-0.51701,0.150,0.546,0.000,-1.0000,-0.7701,TRACKING,prediction
1786994799.135,52.9,0.000,0.830,0.818,0.5644,-0.0841,4.88,-0.72167,0.150,0.554,0.000,-1.0000,-0.7637,TRACKING,R+C
1786994799.157,52.9,0.000,0.830,0.818,0.5644,-0.0673,3.91,-0.57733,0.150,0.561,0.000,-1.0000,-0.7586,TRACKING,prediction
1786994799.176,52.9,0.000,0.829,0.829,0.5527,-0.0757,3.58,-0.78186,0.150,0.568,0.000,-1.0000,-0.7529,TRACKING,R+C
1786994799.197,52.9,0.000,0.831,0.837,0.5467,-0.0695,4.35,-0.70550,0.150,0.575,0.000,-1.0000,-0.7479,TRACKING,R+C
1786994799.207,52.9,0.000,0.828,0.845,0.5430,-0.0669,4.13,-0.71439,0.150,0.581,0.000,-1.0000,-0.7433,TRACKING,R+C
1786994799.238,52.9,0.000,0.828,0.845,0.5430,-0.0535,3.30,-0.57151,0.150,0.587,0.000,-1.0000,-0.7391,TRACKING,prediction
1786994799.249,52.9,0.000,0.828,0.845,0.5430,-0.0428,2.64,-0.45721,0.150,0.593,0.000,-1.0000,-0.7351,TRACKING,prediction
1786994799.273,52.9,0.000,0.828,0.845,0.5430,-0.0343,2.11,-0.36577,0.150,0.598,0.000,-1.0000,-0.7313,TRACKING,prediction
1786994799.288,52.9,0.000,0.828,0.845,0.5430,-0.0274,1.69,-0.29261,0.150,0.603,0.000,-1.0000,-0.7277,TRACKING,prediction
1786994799.308,52.9,0.000,0.828,0.845,0.5430,-0.0219,1.35,-0.23409,0.150,0.608,0.000,-1.0000,-0.7243,TRACKING,prediction
1786994799.339,52.9,0.000,0.828,0.845,0.5430,-0.0175,1.08,-0.18727,0.150,0.613,0.000,-1.0000,-0.7211,TRACKING,prediction
1786994799.370,52.9,0.000,0.828,0.845,0.5430,-0.0140,0.87,-0.14982,0.150,0.617,0.000,-1.0000,-0.7180,TRACKING,prediction
1786994799.390,52.9,0.000,0.828,0.845,0.5430,-0.0112,0.69,-0.11985,0.150,0.621,0.000,-1.0000,-0.7151,TRACKING,prediction
1786994799.413,52.9,0.000,0.828,0.845,0.5430,-0.0090,0.55,-0.09588,0.150,0.625,0.000,-1.0000,-0.7123,TRACKING,prediction
1786994799.427,52.9,0.000,0.828,0.845,0.5430,-0.0072,0.44,-0.07671,0.150,0.629,0.000,-1.0000,-0.7096,TRACKING,prediction
1786994799.441,52.9,0.000,0.828,0.845,0.5430,-0.0057,0.35,-0.06137,0.150,0.631,0.000,-1.0000,-0.7071,TRACKING,prediction
1786994799.458,52.9,0.000,0.818,0.841,0.5292,-0.0615,2.01,-0.79234,0.150,0.634,0.000,-1.0000,-0.7048,TRACKING,R+C
1786994799.468,52.9,0.000,0.823,0.837,0.5266,-0.0636,1.54,-0.82300,0.150,0.637,0.000,-1.0000,-0.7027,TRACKING,R+C
1786994799.499,51.8,0.000,0.823,0.837,0.5266,-0.0509,1.23,-0.65840,0.150,0.641,0.000,-1.0000,-0.7005,TRACKING,prediction
1786994799.520,51.8,0.000,0.823,0.837,0.5266,-0.0407,0.98,-0.52672,0.150,0.644,0.000,-1.0000,-0.6984,TRACKING,prediction
1786994799.531,51.8,0.000,0.811,0.837,0.5128,-0.0570,1.31,-0.89045,0.150,0.646,0.000,-0.9744,-0.6814,TRACKING,R+C
1786994799.562,51.8,0.000,0.811,0.837,0.5128,-0.0456,1.05,-0.71236,0.150,0.649,0.000,-0.9744,-0.6773,TRACKING,prediction
1786994799.582,51.8,0.000,0.814,0.853,0.5031,-0.0482,1.62,-0.85173,0.150,0.652,0.000,-0.8944,-0.6290,TRACKING,R+C
1786994799.603,51.8,0.000,0.814,0.853,0.5031,-0.0386,1.30,-0.68138,0.150,0.654,0.000,-0.8944,-0.6206,TRACKING,prediction
1786994799.624,51.8,0.000,0.814,0.853,0.5031,-0.0308,1.04,-0.54511,0.150,0.656,0.000,-0.8944,-0.6181,TRACKING,prediction
1786994799.643,51.8,0.000,0.820,0.855,0.5033,-0.0438,1.06,-0.87654,0.150,0.658,0.000,-0.8358,-0.5828,TRACKING,R+C
1786994799.655,51.8,0.000,0.813,0.856,0.5053,-0.0376,1.90,-0.81995,0.150,0.661,0.000,-0.7827,-0.5460,TRACKING,R+C
1786994799.675,51.8,0.000,0.804,0.862,0.5040,-0.0322,1.70,-0.82763,0.150,0.663,0.000,-0.7128,-0.4995,TRACKING,R+C
1786994799.693,51.8,0.000,0.807,0.862,0.5034,-0.0278,2.03,-0.79253,0.150,0.664,0.000,-0.6621,-0.4626,TRACKING,R+C
1786994799.714,51.8,0.000,0.807,0.862,0.5034,-0.0223,1.63,-0.63402,0.150,0.666,0.000,-0.6621,-0.4564,TRACKING,prediction
1786994799.723,51.8,0.000,0.811,0.871,0.5094,-0.0272,2.16,-0.78884,0.150,0.668,0.000,-0.6568,-0.4518,TRACKING,R+C
1786994799.744,51.8,0.000,0.811,0.871,0.5094,-0.0217,1.73,-0.63107,0.150,0.669,0.000,-0.6568,-0.4505,TRACKING,prediction
1786994799.754,51.8,0.000,0.803,0.854,0.5193,-0.0372,1.48,-0.86363,0.150,0.671,0.000,-0.7708,-0.5148,TRACKING,R+C
1786994799.787,51.8,0.000,0.803,0.854,0.5193,-0.0297,1.18,-0.69090,0.150,0.672,0.000,-0.7708,-0.5236,TRACKING,prediction
1786994799.799,51.8,0.000,0.789,0.839,0.5302,-0.0495,2.09,-0.87003,0.150,0.674,0.000,-0.9211,-0.6095,TRACKING,R+C
1786994799.809,51.8,0.000,0.789,0.839,0.5302,-0.0396,1.68,-0.69602,0.150,0.675,0.000,-0.9211,-0.6214,TRACKING,prediction
1786994799.828,51.8,0.000,0.805,0.828,0.5506,-0.0725,2.89,-0.83639,0.150,0.676,0.000,-1.0000,-0.6683,TRACKING,R+C
1786994799.838,51.8,0.000,0.805,0.823,0.5610,-0.0863,3.17,-0.83306,0.150,0.678,0.000,-1.0000,-0.6755,TRACKING,R+C
1786994799.869,51.8,0.000,0.805,0.823,0.5610,-0.0690,2.54,-0.66645,0.150,0.679,0.000,-1.0000,-0.6757,TRACKING,prediction
1786994799.889,51.8,0.000,0.842,0.811,0.5765,-0.1110,5.12,-0.70198,0.150,0.680,0.000,-1.0000,-0.6774,TRACKING,R+C
1786994799.911,51.8,0.000,0.874,0.797,0.5803,-0.1210,4.36,-0.76176,0.150,0.681,0.000,-1.0000,-0.6774,TRACKING,R+C
1786994799.929,51.8,0.000,0.874,0.797,0.5803,-0.0968,3.48,-0.60941,0.150,0.682,0.000,-1.0000,-0.6768,TRACKING,prediction
1786994799.958,51.8,0.000,0.863,0.792,0.5827,-0.1298,4.33,-0.78233,0.150,0.683,0.000,-1.0000,-0.6769,TRACKING,R+C
1786994799.972,51.8,0.000,0.863,0.792,0.5827,-0.1038,3.46,-0.62586,0.150,0.684,0.000,-1.0000,-0.6763,TRACKING,prediction
1786994799.988,51.8,0.000,0.865,0.793,0.5878,-0.1335,4.22,-0.75665,0.150,0.684,0.000,-1.0000,-0.6759,TRACKING,R+C
1786994800.008,51.8,0.000,0.872,0.791,0.5880,-0.1369,4.13,-0.73296,0.150,0.685,0.000,-1.0000,-0.6755,TRACKING,R+C
1786994800.029,51.8,0.000,0.872,0.791,0.5880,-0.1096,3.30,-0.58637,0.150,0.686,0.000,-1.0000,-0.6750,TRACKING,prediction
1786994800.049,51.8,0.000,0.872,0.791,0.5880,-0.0876,2.64,-0.46909,0.150,0.687,0.000,-1.0000,-0.6745,TRACKING,prediction
1786994800.069,51.8,0.000,0.872,0.791,0.5880,-0.0701,2.11,-0.37528,0.150,0.687,0.000,-1.0000,-0.6740,TRACKING,prediction
1786994800.089,51.8,0.000,0.915,0.779,0.5905,-0.1588,4.52,-0.69672,0.150,0.688,0.000,-1.0000,-0.6754,TRACKING,R+C
1786994800.104,51.8,0.921,0.779,0.000,0.5882,0.1989,21.31,-0.77697,0.150,0.688,0.000,1.0000,-0.2075,TRACKING,L+C
1786994800.130,51.8,0.921,0.779,0.000,0.5882,0.1591,17.04,-0.62157,0.150,0.689,0.000,1.0000,0.2235,TRACKING,prediction
1786994800.150,51.8,0.922,0.791,0.000,0.5850,0.1951,19.13,-0.91335,0.150,0.690,0.000,1.0000,0.5972,TRACKING,L+C
1786994800.161,51.8,0.911,0.785,0.000,0.5836,0.1984,19.07,-0.93185,0.150,0.690,0.000,1.0000,0.6531,TRACKING,L+C
1786994800.181,51.8,0.000,0.911,0.786,0.5843,-0.1525,2.93,-0.77327,0.150,0.691,0.000,-1.0000,0.1676,TRACKING,R+C
1786994800.202,51.8,0.000,0.910,0.789,0.5821,-0.1504,1.53,-0.88455,0.150,0.691,0.000,-1.0000,-0.2542,TRACKING,R+C
1786994800.232,51.8,0.000,0.889,0.787,0.5818,-0.1454,2.03,-0.85594,0.150,0.692,0.000,-1.0000,-0.6086,TRACKING,R+C
1786994800.253,51.8,0.000,0.888,0.791,0.5814,-0.1417,2.01,-0.83047,0.150,0.692,0.000,-1.0000,-0.6612,TRACKING,R+C
1786994800.265,51.8,0.000,0.889,0.795,0.5788,-0.1376,1.11,-0.92512,0.150,0.692,0.000,-1.0000,-0.6686,TRACKING,R+C
1786994800.273,51.8,0.000,0.879,0.797,0.5783,-0.1346,1.47,-0.86829,0.150,0.693,0.000,-1.0000,-0.6692,TRACKING,R+C
1786994800.304,51.8,0.000,0.877,0.795,0.5779,-0.1340,1.47,-0.87414,0.150,0.693,0.000,-1.0000,-0.6691,TRACKING,R+C
1786994800.315,51.8,0.000,0.881,0.794,0.5770,-0.1360,1.32,-0.90060,0.150,0.693,0.000,-1.0000,-0.6691,TRACKING,R+C
1786994800.335,51.8,0.000,0.888,0.788,0.5786,-0.1419,0.25,-1.01687,0.150,0.694,0.000,-1.0000,-0.6693,TRACKING,R+C
1786994800.356,51.8,0.000,0.892,0.785,0.5833,-0.1475,0.01,-1.09408,0.150,0.694,0.000,-1.0000,-0.6697,TRACKING,R+C
1786994800.376,51.8,0.000,0.894,0.780,0.5896,-0.1499,1.82,-0.93782,0.150,0.694,0.000,-1.0000,-0.6699,TRACKING,R+C
1786994800.396,51.8,0.000,0.896,0.776,0.5939,-0.1525,2.71,-0.81884,0.150,0.695,0.000,-1.0000,-0.6698,TRACKING,R+C
1786994800.424,51.8,0.886,0.771,0.000,0.5976,0.2020,17.30,-0.95845,0.150,0.695,0.000,1.0000,-0.2045,TRACKING,L+C
1786994800.444,51.8,0.879,0.775,0.000,0.5962,0.2019,16.64,-1.00451,0.150,0.695,0.000,1.0000,0.2208,TRACKING,L+C
1786994800.463,51.8,0.000,0.866,0.775,0.5944,-0.1484,0.92,-1.05937,0.150,0.695,0.000,-1.0000,-0.2596,TRACKING,R+C
1786994800.478,51.8,0.000,0.874,0.770,0.5932,-0.1466,-0.26,-1.15034,0.150,0.696,0.000,-1.0000,-0.6072,TRACKING,R+C
1786994800.488,51.8,0.000,0.871,0.696,0.5807,-0.1414,0.32,-1.09856,0.150,0.696,0.000,-1.0000,-0.6589,TRACKING,R+C
1786994800.508,52.5,0.000,0.864,0.678,0.5731,-0.1352,0.74,-1.08197,0.150,0.696,0.000,-1.0000,-0.6662,TRACKING,R+C
1786994800.519,52.5,0.000,0.860,0.670,0.5745,-0.1294,1.18,-1.02665,0.150,0.696,0.000,-1.0000,-0.6667,TRACKING,R+C
1786994800.549,52.5,0.000,0.849,0.670,0.5735,-0.1236,1.02,-1.06779,0.150,0.696,0.000,-1.0000,-0.6663,TRACKING,R+C
1786994800.570,52.5,0.000,0.840,0.674,0.5742,-0.1184,0.70,-1.12784,0.150,0.697,0.000,-1.0000,-0.6659,TRACKING,R+C
1786994800.590,52.5,0.836,0.672,0.475,0.4641,0.2630,33.39,0.40333,0.160,0.697,0.000,1.0000,-0.1938,TRACKING,L+C+R_fused
1786994800.611,52.5,0.827,0.667,0.602,0.6852,0.2723,35.51,0.51152,0.150,0.697,0.000,1.0000,0.2287,TRACKING,L+C+R_fused
1786994800.632,52.5,0.821,0.662,0.294,0.6069,0.2771,36.65,0.55957,0.150,0.697,0.000,1.0000,0.5984,TRACKING,L+C+R_fused
1786994800.652,52.5,0.821,0.665,0.296,0.6382,0.2782,36.74,0.56724,0.150,0.697,0.000,1.0000,0.6537,TRACKING,L+C+R_fused
1786994800.673,52.5,0.816,0.664,0.699,0.4125,0.2879,38.18,0.61958,0.150,0.697,0.000,1.0000,0.6625,TRACKING,L+C+R_fused
1786994800.683,52.5,0.816,0.664,0.699,0.4125,0.2303,30.55,0.49566,0.150,0.698,0.000,1.0000,0.6637,TRACKING,prediction
1786994800.704,52.5,0.000,0.818,0.665,0.5656,-0.0845,0.94,-1.34165,0.150,0.698,0.000,-1.0000,0.1915,TRACKING,R+C
1786994800.724,52.5,0.000,0.818,0.665,0.5656,-0.0676,0.75,-1.07332,0.150,0.698,0.000,-1.0000,-0.2287,TRACKING,prediction
1786994800.745,52.5,0.000,0.814,0.666,0.5642,-0.0756,-0.47,-1.56638,0.150,0.698,0.000,-1.0000,-0.5972,TRACKING,R+C
1786994800.766,52.5,0.000,0.814,0.666,0.5642,-0.0605,-0.37,-1.25311,0.150,0.698,0.000,-1.0000,-0.6526,TRACKING,prediction
1786994800.786,52.5,0.000,0.814,0.666,0.5642,-0.0484,-0.30,-1.00249,0.150,0.698,0.000,-1.0000,-0.6609,TRACKING,prediction
1786994800.807,52.5,0.000,0.814,0.666,0.5642,-0.0387,-0.24,-0.80199,0.150,0.698,0.000,-1.0000,-0.6621,TRACKING,prediction
1786994800.828,52.5,0.000,0.802,0.664,0.5856,-0.0571,2.42,-1.49065,0.150,0.698,0.000,-1.0000,-0.6614,TRACKING,R+C
1786994800.848,52.5,0.000,0.808,0.662,0.5942,-0.0594,3.17,-1.47017,0.150,0.698,0.000,-1.0000,-0.6618,TRACKING,R+C
1786994800.869,52.5,0.000,0.812,0.661,0.6055,-0.0656,2.85,-1.53667,0.150,0.698,0.000,-1.0000,-0.6623,TRACKING,R+C
1786994800.888,52.5,0.000,0.812,0.661,0.6055,-0.0525,2.28,-1.22934,0.150,0.699,0.000,-1.0000,-0.6623,TRACKING,prediction
1786994800.898,52.5,0.000,0.810,0.657,0.6313,-0.0760,6.94,-1.23224,0.150,0.699,0.000,-1.0000,-0.6636,TRACKING,R+C
1786994800.922,52.5,0.000,0.804,0.653,0.6432,-0.0827,9.85,-0.93692,0.150,0.699,0.000,-1.0000,-0.6643,TRACKING,R+C
1786994800.937,52.5,0.000,0.814,0.638,0.6457,-0.0906,10.35,-0.91246,0.150,0.699,0.000,-1.0000,-0.6650,TRACKING,R+C
1786994800.955,52.5,0.000,0.819,0.642,0.6607,-0.0963,12.23,-0.71371,0.150,0.699,0.000,-1.0000,-0.6654,TRACKING,R+C
1786994800.967,52.5,0.000,0.822,0.635,0.6697,-0.1001,13.54,-0.56599,0.150,0.699,0.000,-1.0000,-0.6657,TRACKING,R+C
1786994800.998,52.5,0.000,0.819,0.636,0.6746,-0.1008,14.57,-0.42240,0.158,0.699,0.000,-1.0000,-0.6656,TRACKING,R+C
1786994801.018,52.5,0.000,0.822,0.634,0.6807,-0.0993,15.49,-0.29568,0.170,0.699,0.000,-1.0000,-0.6654,TRACKING,R+C
1786994801.039,52.5,0.000,0.829,0.632,0.6804,-0.0976,15.95,-0.20280,0.180,0.699,0.000,-1.0000,-0.6651,TRACKING,R+C
1786994801.060,52.5,0.000,0.840,0.639,0.6745,-0.0956,16.16,-0.13676,0.186,0.699,0.000,-1.0000,-0.6647,TRACKING,R+C
1786994801.082,52.5,0.000,0.840,0.639,0.6745,-0.0765,12.92,-0.10941,0.186,0.699,0.000,-1.0000,-0.6647,TRACKING,prediction
1786994801.101,52.5,0.000,0.840,0.639,0.6745,-0.0612,10.34,-0.08752,0.186,0.699,0.000,-1.0000,-0.6646,TRACKING,prediction
1786994801.121,52.5,0.000,0.840,0.639,0.6745,-0.0490,8.27,-0.07002,0.186,0.699,0.000,-1.0000,-0.6646,TRACKING,prediction
1786994801.143,52.5,0.000,0.840,0.639,0.6745,-0.0392,6.62,-0.05602,0.186,0.699,0.000,-1.0000,-0.6646,TRACKING,prediction
1786994801.163,52.5,0.000,0.840,0.639,0.6745,-0.0313,5.29,-0.04481,0.186,0.699,0.000,-1.0000,-0.6646,TRACKING,prediction
1786994801.185,52.5,0.000,0.840,0.639,0.6745,-0.0251,4.24,-0.03585,0.186,0.699,0.000,-1.0000,-0.6645,TRACKING,prediction
1786994801.204,52.5,0.000,0.840,0.639,0.6745,-0.0201,3.39,-0.02868,0.186,0.699,0.000,-1.0000,-0.6645,TRACKING,prediction
1786994801.226,52.5,0.000,0.841,0.653,0.6539,-0.1048,12.29,0.04584,0.195,0.699,0.000,-1.0000,-0.6632,TRACKING,R+C
1786994801.248,52.5,0.000,0.841,0.653,0.6539,-0.0839,9.83,0.03667,0.195,0.699,0.000,-1.0000,-0.6632,TRACKING,prediction
1786994801.263,52.5,0.000,0.838,0.654,0.6383,-0.1019,10.90,0.05015,0.195,0.699,0.000,-1.0000,-0.6624,TRACKING,R+C
1786994801.284,52.5,0.000,0.836,0.654,0.6322,-0.0995,10.15,0.04980,0.195,0.699,0.000,-1.0000,-0.6619,TRACKING,R+C
1786994801.304,52.5,0.000,0.837,0.655,0.6240,-0.0967,9.36,0.04171,0.196,0.699,0.000,-1.0000,-0.6614,TRACKING,R+C
1786994801.325,52.5,0.000,0.839,0.655,0.6153,-0.0932,8.55,0.02353,0.198,0.700,0.000,-0.9791,-0.6497,TRACKING,R+C
1786994801.335,52.5,0.000,0.827,0.654,0.6083,-0.0897,7.75,0.01577,0.198,0.700,0.000,-0.9423,-0.6277,TRACKING,R+C
1786994801.354,52.5,0.000,0.820,0.656,0.5986,-0.0850,7.12,0.00760,0.199,0.700,0.000,-0.9001,-0.6011,TRACKING,R+C
1786994801.366,52.5,0.000,0.816,0.655,0.5903,-0.0801,6.23,-0.02385,0.198,0.700,0.000,-0.8669,-0.5785,TRACKING,R+C
1786994801.386,52.5,0.000,0.804,0.653,0.5811,-0.0741,5.55,-0.03980,0.196,0.700,0.000,-0.8270,-0.5529,TRACKING,R+C
1786994801.407,52.5,0.799,0.801,0.649,0.7292,-0.0688,4.81,-0.06324,0.194,0.700,0.000,-0.7919,-0.5293,TRACKING,L+C+R_fused
1786994801.430,52.5,0.924,0.792,0.648,0.7176,-0.0652,3.83,-0.10552,0.189,0.700,0.000,-0.7745,-0.5158,TRACKING,L+C+R_fused
1786994801.459,52.5,0.894,0.789,0.644,0.7017,-0.0620,3.30,-0.12737,0.187,0.700,0.000,-0.7531,-0.5018,TRACKING,L+C+R_fused
1786994801.475,52.5,0.912,0.783,0.642,0.6641,-0.0629,2.42,-0.17793,0.182,0.700,0.000,-0.7769,-0.5125,TRACKING,L+C+R_fused
1786994801.496,52.5,0.920,0.765,0.644,0.6372,-0.0665,1.15,-0.28291,0.172,0.700,0.000,-0.8586,-0.5587,TRACKING,L+C+R_fused
1786994801.516,50.6,0.935,0.747,0.644,0.6213,-0.0714,-0.27,-0.39036,0.161,0.700,0.000,-0.9318,-0.6056,TRACKING,L+C+R_fused
1786994801.536,50.6,0.934,0.736,0.643,0.6059,-0.0776,-1.94,-0.51544,0.150,0.700,0.000,-1.0000,-0.6498,TRACKING,L+C+R_fused
1786994801.556,50.6,0.932,0.729,0.645,0.5673,-0.0830,-3.46,-0.63485,0.150,0.700,0.000,-1.0000,-0.6567,TRACKING,L+C+R_fused
1786994801.577,50.6,0.888,0.718,0.645,0.5028,-0.0852,-3.74,-0.68158,0.150,0.700,0.000,-1.0000,-0.6579,TRACKING,L+C+R_fused
1786994801.597,50.6,0.376,0.709,0.645,0.5445,-0.0887,-4.64,-0.75456,0.150,0.700,0.000,-1.0000,-0.6582,TRACKING,L+C+R_fused
1786994801.607,50.6,0.000,0.701,0.645,0.5617,-0.0906,-5.75,-0.84914,0.150,0.700,0.000,-1.0000,-0.6583,TRACKING,R+C
1786994801.638,50.6,0.000,0.696,0.644,0.5591,-0.0915,-6.90,-0.93494,0.150,0.700,0.000,-1.0000,-0.6583,TRACKING,R+C
1786994801.652,50.6,0.000,0.691,0.640,0.5526,-0.0896,-8.39,-1.03280,0.150,0.700,0.000,-1.0000,-0.6580,TRACKING,R+C
1786994801.665,50.6,0.384,0.688,0.635,0.5162,-0.0833,-9.60,-1.12423,0.150,0.700,0.000,-0.9887,-0.6512,TRACKING,L+C+R_fused
1786994801.687,50.6,0.945,0.687,0.634,0.5020,-0.0737,-9.72,-1.15599,0.150,0.700,0.000,-0.8992,-0.6010,TRACKING,L+C+R_fused
1786994801.707,50.6,0.909,0.687,0.632,0.5139,-0.0647,-10.30,-1.19906,0.150,0.700,0.000,-0.7909,-0.5338,TRACKING,L+C+R_fused
1786994801.727,50.6,0.895,0.688,0.631,0.5212,-0.0558,-11.05,-1.26691,0.150,0.700,0.000,-0.6681,-0.4559,TRACKING,L+C+R_fused
1786994801.749,50.6,0.890,0.690,0.630,0.5213,-0.0471,-12.16,-1.35879,0.150,0.700,0.000,-0.5214,-0.3631,TRACKING,L+C+R_fused
1786994801.768,50.6,0.885,0.694,0.634,0.5196,-0.0394,-13.54,-1.45915,0.150,0.700,0.000,-0.3666,-0.2633,TRACKING,L+C+R_fused
1786994801.788,50.6,0.871,0.697,0.637,0.5161,-0.0276,-13.26,-1.49306,0.150,0.700,0.000,-0.1844,-0.1470,TRACKING,L+C+R_fused
1786994801.808,50.6,0.839,0.701,0.639,0.5119,-0.0159,-13.11,-1.53487,0.150,0.700,0.000,0.0063,-0.0231,TRACKING,L+C+R_fused
1786994801.829,50.6,0.842,0.714,0.640,0.5094,-0.0071,-13.25,-1.58566,0.150,0.700,0.000,0.1594,0.0815,TRACKING,L+C+R_fused
1786994801.849,50.6,0.843,0.723,0.644,0.5081,0.0011,-12.97,-1.62904,0.150,0.700,0.000,0.2795,0.1646,TRACKING,L+C+R_fused
1786994801.869,50.6,0.839,0.730,0.646,0.5048,0.0068,-12.69,-1.66649,0.150,0.700,0.000,0.3559,0.2198,TRACKING,L+C+R_fused
1786994801.892,50.6,0.859,0.735,0.647,0.5069,0.0084,-12.66,-1.71765,0.150,0.700,0.000,0.3717,0.2366,TRACKING,L+C+R_fused
1786994801.913,50.6,0.879,0.740,0.649,0.5062,0.0125,-10.91,-1.71646,0.150,0.700,0.000,0.3701,0.2377,TRACKING,L+C+R_fused
1786994801.928,50.6,0.897,0.737,0.647,0.5066,0.0143,-9.95,-1.73153,0.150,0.700,0.000,0.3590,0.2313,TRACKING,L+C+R_fused
1786994801.947,50.6,0.910,0.735,0.644,0.5074,0.0162,-8.91,-1.76206,0.150,0.700,0.000,0.3428,0.2207,TRACKING,L+C+R_fused
1786994801.969,50.6,0.917,0.736,0.645,0.5015,0.0176,-7.86,-1.78286,0.150,0.700,0.000,0.3203,0.2060,TRACKING,L+C+R_fused
1786994801.988,50.6,0.950,0.735,0.644,0.4911,0.0184,-6.80,-1.79845,0.150,0.700,0.000,0.2884,0.1854,TRACKING,L+C+R_fused
1786994802.009,50.6,0.383,0.736,0.640,0.6344,0.0183,-5.91,-1.80773,0.150,0.700,0.000,0.2481,0.1592,TRACKING,L+C+R_fused
1786994802.027,50.6,0.000,0.730,0.638,0.4706,0.0192,-4.05,-1.77614,0.150,0.700,0.000,0.1909,0.1227,TRACKING,R+C
1786994802.048,50.6,0.000,0.737,0.634,0.4710,0.0177,-2.78,-1.77049,0.150,0.700,0.000,0.1114,0.0720,TRACKING,R+C
1786994802.069,50.6,0.000,0.735,0.633,0.4777,0.0159,-1.66,-1.76787,0.150,0.700,0.000,0.0307,0.0185,TRACKING,R+C
1786994802.089,50.6,0.000,0.733,0.632,0.4924,0.0136,-0.54,-1.76032,0.150,0.700,0.000,-0.0579,-0.0395,TRACKING,R+C
1786994802.104,50.6,0.000,0.731,0.628,0.4909,0.0103,-0.01,-1.77959,0.150,0.700,0.000,-0.1437,-0.0960,TRACKING,R+C
1786994802.121,50.6,0.000,0.734,0.628,0.5011,0.0066,0.44,-1.78498,0.150,0.700,0.000,-0.2280,-0.1514,TRACKING,R+C
1786994802.151,50.6,0.000,0.735,0.628,0.5137,0.0064,3.11,-1.62048,0.150,0.700,0.000,-0.3176,-0.2093,TRACKING,R+C
1786994802.162,50.6,0.000,0.728,0.629,0.5380,0.0026,3.81,-1.62112,0.150,0.700,0.000,-0.4100,-0.2693,TRACKING,R+C
1786994802.192,50.6,0.000,0.727,0.656,0.5823,-0.0022,4.34,-1.63898,0.150,0.700,0.000,-0.5088,-0.3330,TRACKING,R+C
1786994802.213,50.6,0.000,0.729,0.711,0.5531,-0.0074,5.10,-1.61332,0.150,0.700,0.000,-0.6078,-0.3970,TRACKING,R+C
1786994802.233,50.6,0.000,0.729,0.711,0.5531,-0.0059,4.08,-1.29066,0.150,0.700,0.000,-0.6078,-0.4064,TRACKING,prediction
1786994802.255,50.6,0.000,0.729,0.711,0.5531,-0.0047,3.27,-1.03253,0.150,0.700,0.000,-0.6078,-0.4078,TRACKING,prediction
1786994802.265,50.6,0.000,0.729,0.711,0.5531,-0.0038,2.61,-0.82602,0.150,0.700,0.000,-0.6078,-0.4080,TRACKING,prediction
1786994802.286,50.6,0.000,0.729,0.711,0.5531,-0.0030,2.09,-0.66082,0.150,0.700,0.000,-0.6078,-0.4081,TRACKING,prediction
1786994802.306,50.6,0.000,0.729,0.711,0.5531,-0.0024,1.67,-0.52865,0.150,0.700,0.000,-0.6078,-0.4081,TRACKING,prediction
1786994802.326,50.6,0.000,0.729,0.711,0.5531,-0.0019,1.34,-0.42292,0.150,0.700,0.000,-0.6078,-0.4081,TRACKING,prediction
1786994802.347,50.6,0.000,0.729,0.711,0.5531,-0.0015,1.07,-0.33834,0.150,0.700,0.000,-0.6078,-0.4081,TRACKING,prediction
1786994802.367,50.6,0.000,0.767,0.787,0.6487,-0.0696,10.63,-1.33760,0.150,0.700,0.000,-1.0000,-0.6272,TRACKING,R+C
1786994802.388,50.6,0.000,0.767,0.787,0.6487,-0.0557,8.50,-1.07008,0.150,0.700,0.000,-1.0000,-0.6584,TRACKING,prediction
1786994802.409,50.6,0.000,0.767,0.787,0.6487,-0.0446,6.80,-0.85606,0.150,0.700,0.000,-1.0000,-0.6631,TRACKING,prediction
1786994802.424,50.6,0.000,0.767,0.787,0.6487,-0.0357,5.44,-0.68485,0.150,0.700,0.000,-1.0000,-0.6638,TRACKING,prediction
1786994802.443,50.6,0.000,0.767,0.787,0.6487,-0.0285,4.35,-0.54788,0.150,0.700,0.000,-1.0000,-0.6639,TRACKING,prediction
1786994802.472,50.6,0.000,0.767,0.787,0.6487,-0.0228,3.48,-0.43830,0.150,0.700,0.000,-1.0000,-0.6639,TRACKING,prediction
1786994802.482,50.6,0.000,0.767,0.787,0.6487,-0.0183,2.79,-0.35064,0.150,0.700,0.000,-1.0000,-0.6639,TRACKING,prediction
1786994802.502,50.6,0.797,0.761,0.649,0.4516,0.2866,19.62,-1.45093,0.150,0.700,0.000,1.0000,-0.1936,TRACKING,L+C+R_fused
1786994802.522,50.7,0.797,0.761,0.649,0.4516,0.2293,15.70,-1.16075,0.150,0.700,0.000,1.0000,0.2251,TRACKING,prediction
1786994802.543,50.7,0.797,0.761,0.649,0.4516,0.1834,12.56,-0.92860,0.150,0.700,0.000,1.0000,0.5956,TRACKING,prediction
1786994802.563,50.7,0.000,0.795,0.767,0.6469,-0.0790,10.23,-1.11639,0.150,0.700,0.000,-1.0000,0.1182,TRACKING,R+C
1786994802.584,50.7,0.000,0.795,0.767,0.6469,-0.0632,8.18,-0.89311,0.150,0.700,0.000,-1.0000,-0.2963,TRACKING,prediction
1786994802.604,50.7,0.000,0.795,0.767,0.6469,-0.0505,6.55,-0.71449,0.150,0.700,0.000,-1.0000,-0.6086,TRACKING,prediction
1786994802.625,50.7,0.000,0.795,0.767,0.6469,-0.0404,5.24,-0.57159,0.150,0.700,0.000,-1.0000,-0.6555,TRACKING,prediction
1786994802.646,50.7,0.000,0.795,0.767,0.6469,-0.0323,4.19,-0.45727,0.150,0.700,0.000,-1.0000,-0.6625,TRACKING,prediction
1786994802.666,50.7,0.000,0.795,0.767,0.6469,-0.0259,3.35,-0.36582,0.150,0.700,0.000,-1.0000,-0.6636,TRACKING,prediction
1786994802.687,50.7,0.000,0.795,0.767,0.6469,-0.0207,2.68,-0.29265,0.150,0.700,0.000,-1.0000,-0.6637,TRACKING,prediction
1786994802.707,50.7,0.000,0.795,0.767,0.6469,-0.0166,2.15,-0.23412,0.150,0.700,0.000,-1.0000,-0.6637,TRACKING,prediction
1786994802.727,50.7,0.000,0.795,0.767,0.6469,-0.0132,1.72,-0.18730,0.150,0.700,0.000,-1.0000,-0.6637,TRACKING,prediction
1786994802.748,50.7,0.000,0.795,0.767,0.6469,-0.0106,1.37,-0.14984,0.150,0.697,0.000,-1.0000,-0.6637,TRACKING,prediction
1786994802.770,50.7,0.000,0.795,0.767,0.6469,-0.0085,1.10,-0.11987,0.150,0.684,0.000,-1.0000,-0.6656,TRACKING,prediction
1786994802.789,50.7,0.000,0.795,0.767,0.6469,-0.0068,0.88,-0.09590,0.150,0.665,0.000,-1.0000,-0.6731,TRACKING,prediction
1786994802.809,50.7,0.000,0.795,0.767,0.6469,-0.0054,0.70,-0.07672,0.150,0.643,0.000,-1.0000,-0.6847,TRACKING,prediction
1786994802.833,50.7,0.000,0.795,0.767,0.6469,-0.0043,0.56,-0.06137,0.150,0.619,0.000,-1.0000,-0.6991,TRACKING,prediction
1786994802.858,50.7,0.000,0.805,0.792,0.5869,-0.0561,7.47,-0.99433,0.150,0.623,0.000,-1.0000,-0.7119,TRACKING,R+C
1786994802.879,50.7,0.000,0.805,0.792,0.5869,-0.0449,5.97,-0.79546,0.150,0.626,0.000,-1.0000,-0.7119,TRACKING,prediction
1786994802.899,50.7,0.000,0.805,0.792,0.5869,-0.0359,4.78,-0.63637,0.150,0.630,0.000,-1.0000,-0.7097,TRACKING,prediction
1786994802.915,50.7,0.000,0.805,0.792,0.5869,-0.0287,3.82,-0.50910,0.150,0.634,0.000,-1.0000,-0.7073,TRACKING,prediction
1786994802.935,50.7,0.000,0.805,0.792,0.5869,-0.0230,3.06,-0.40728,0.150,0.637,0.000,-1.0000,-0.7050,TRACKING,prediction
1786994802.948,50.7,0.000,0.805,0.792,0.5869,-0.0184,2.45,-0.32582,0.150,0.640,0.000,-1.0000,-0.7028,TRACKING,prediction
1786994802.967,50.7,0.000,0.805,0.792,0.5869,-0.0147,1.96,-0.26066,0.150,0.643,0.000,-1.0000,-0.7007,TRACKING,prediction
1786994802.987,50.7,0.000,0.805,0.792,0.5869,-0.0118,1.57,-0.20853,0.150,0.646,0.000,-1.0000,-0.6987,TRACKING,prediction
1786994803.010,50.7,0.000,0.805,0.792,0.5869,-0.0094,1.25,-0.16682,0.150,0.649,0.000,-1.0000,-0.6968,TRACKING,prediction
1786994803.031,50.7,0.000,0.805,0.792,0.5869,-0.0075,1.00,-0.13346,0.150,0.651,0.000,-1.0000,-0.6949,TRACKING,prediction
1786994803.049,50.7,0.000,0.805,0.792,0.5869,-0.0060,0.80,-0.10677,0.150,0.652,0.000,-1.0000,-0.6932,TRACKING,prediction
1786994803.070,50.7,0.000,0.805,0.792,0.5869,-0.0048,0.64,-0.08541,0.150,0.647,0.000,-1.0000,-0.6925,TRACKING,prediction
1786994803.091,50.7,0.000,0.805,0.792,0.5869,-0.0039,0.51,-0.06833,0.150,0.634,0.000,-1.0000,-0.6952,TRACKING,prediction
1786994803.101,50.7,0.000,0.834,0.815,0.5492,-0.0320,8.27,-0.63490,0.150,0.637,0.000,-0.8807,-0.6314,TRACKING,R+C
1786994803.122,50.7,0.000,0.820,0.807,0.5412,-0.0265,7.94,-0.64228,0.150,0.641,0.000,-0.8124,-0.5806,TRACKING,R+C
1786994803.142,50.7,0.000,0.810,0.807,0.5323,-0.0194,7.98,-0.63393,0.150,0.644,0.000,-0.7283,-0.5225,TRACKING,R+C
1786994803.173,50.7,0.000,0.812,0.814,0.5283,-0.0129,8.18,-0.59513,0.150,0.646,0.000,-0.6457,-0.4644,TRACKING,R+C
1786994803.193,50.7,0.746,0.806,0.821,0.5669,-0.0070,7.70,-0.62345,0.150,0.649,0.000,-0.5501,-0.3989,TRACKING,L+C+R_fused
1786994803.213,50.7,0.706,0.810,0.822,0.5837,-0.0007,7.65,-0.60826,0.150,0.652,0.000,-0.4504,-0.3301,TRACKING,L+C+R_fused
1786994803.235,50.7,0.665,0.813,0.825,0.5202,0.0046,7.30,-0.64089,0.150,0.654,0.000,-0.3570,-0.2648,TRACKING,L+C+R_fused
1786994803.249,50.7,0.543,0.813,0.826,0.5295,0.0122,7.94,-0.57804,0.150,0.656,0.000,-0.2469,-0.1902,TRACKING,L+C+R_fused
1786994803.270,50.7,0.650,0.815,0.834,0.4902,0.0183,7.41,-0.60436,0.150,0.659,0.000,-0.1222,-0.1060,TRACKING,L+C+R_fused
1786994803.291,50.7,0.788,0.809,0.838,0.4940,0.0257,7.38,-0.60485,0.150,0.661,0.000,0.0110,-0.0156,TRACKING,L+C+R_fused
1786994803.312,50.7,0.927,0.810,0.837,0.4922,0.0328,7.06,-0.63435,0.150,0.663,0.000,0.1454,0.0769,TRACKING,L+C+R_fused
1786994803.333,50.7,0.921,0.809,0.849,0.4915,0.0384,7.19,-0.61572,0.150,0.664,0.000,0.2410,0.1466,TRACKING,L+C+R_fused
1786994803.354,50.7,0.915,0.815,0.846,0.4921,0.0426,6.95,-0.63311,0.150,0.666,0.000,0.3189,0.2024,TRACKING,L+C+R_fused
1786994803.374,50.7,0.915,0.818,0.856,0.4912,0.0439,6.80,-0.64981,0.150,0.668,0.000,0.3448,0.2254,TRACKING,L+C+R_fused
1786994803.395,50.7,0.915,0.818,0.856,0.4912,0.0352,5.44,-0.51985,0.150,0.670,0.000,0.3448,0.2285,TRACKING,prediction
1786994803.415,50.7,0.915,0.818,0.856,0.4912,0.0281,4.35,-0.41588,0.150,0.671,0.000,0.3448,0.2287,TRACKING,prediction
1786994803.442,50.7,0.915,0.818,0.856,0.4912,0.0225,3.48,-0.33270,0.150,0.672,0.000,0.3448,0.2284,TRACKING,prediction
1786994803.467,50.7,0.820,0.814,0.833,0.5071,0.0344,6.78,-0.69314,0.150,0.674,0.000,0.1751,0.1289,TRACKING,L+C+R_fused
1786994803.488,50.7,0.820,0.814,0.833,0.5071,0.0275,5.42,-0.55451,0.150,0.675,0.000,0.1751,0.1143,TRACKING,prediction
1786994803.508,50.7,0.820,0.814,0.833,0.5071,0.0220,4.34,-0.44361,0.150,0.676,0.000,0.1751,0.1119,TRACKING,prediction
1786994803.530,48.6,0.847,0.814,0.830,0.5264,0.0215,7.09,-0.70975,0.150,0.678,0.000,-0.0696,-0.0305,TRACKING,L+C+R_fused
1786994803.550,48.6,0.709,0.813,0.824,0.5410,0.0166,7.30,-0.69614,0.150,0.679,0.000,-0.1634,-0.1048,TRACKING,L+C+R_fused
1786994803.561,48.6,0.760,0.813,0.809,0.5263,0.0112,7.01,-0.73783,0.150,0.680,0.000,-0.2513,-0.1659,TRACKING,L+C+R_fused
1786994803.581,48.6,0.637,0.819,0.813,0.5248,0.0048,6.77,-0.75375,0.150,0.681,0.000,-0.3510,-0.2315,TRACKING,L+C+R_fused
1786994803.602,48.6,0.380,0.815,0.819,0.4592,0.0016,7.51,-0.69769,0.150,0.682,0.000,-0.4240,-0.2822,TRACKING,L+C+R_fused
1786994803.623,48.6,0.000,0.817,0.821,0.5229,-0.0013,7.67,-0.68006,0.150,0.683,0.000,-0.4726,-0.3170,TRACKING,R+C
1786994803.642,48.6,0.000,0.824,0.815,0.5249,-0.0032,7.81,-0.67067,0.150,0.684,0.000,-0.5063,-0.3409,TRACKING,R+C
1786994803.661,48.6,0.000,0.820,0.814,0.5267,-0.0016,7.87,-0.66218,0.150,0.684,0.000,-0.4822,-0.3306,TRACKING,R+C
1786994803.686,48.6,0.000,0.809,0.811,0.5236,0.0031,7.67,-0.67531,0.150,0.685,0.000,-0.4033,-0.2843,TRACKING,R+C
1786994803.700,48.6,0.000,0.809,0.811,0.5236,0.0025,6.13,-0.54025,0.150,0.686,0.000,-0.4033,-0.2773,TRACKING,prediction
1786994803.724,48.6,0.871,0.810,0.820,0.5390,0.0168,7.31,-0.68932,0.150,0.687,0.000,-0.1593,-0.1380,TRACKING,L+C+R_fused
1786994803.741,48.6,0.926,0.811,0.829,0.5713,0.0235,7.27,-0.68548,0.150,0.687,0.000,-0.0381,-0.0486,TRACKING,L+C+R_fused
1786994803.763,48.6,0.890,0.810,0.827,0.5315,0.0302,6.73,-0.71660,0.150,0.688,0.000,0.0999,0.0435,TRACKING,L+C+R_fused
1786994803.782,48.6,0.844,0.816,0.834,0.5359,0.0364,6.60,-0.71397,0.150,0.688,0.000,0.2136,0.1223,TRACKING,L+C+R_fused
1786994803.803,48.6,0.833,0.817,0.833,0.5250,0.0401,6.76,-0.71930,0.150,0.689,0.000,0.2701,0.1661,TRACKING,L+C+R_fused
1786994803.823,48.6,0.865,0.821,0.838,0.5169,0.0406,6.87,-0.73435,0.150,0.690,0.000,0.2706,0.1726,TRACKING,L+C+R_fused
1786994803.843,48.6,0.839,0.820,0.842,0.5210,0.0390,6.79,-0.76586,0.150,0.690,0.000,0.2422,0.1571,TRACKING,L+C+R_fused
1786994803.863,48.6,0.839,0.820,0.842,0.5210,0.0312,5.43,-0.61269,0.150,0.691,0.000,0.2422,0.1548,TRACKING,prediction
1786994803.884,48.6,0.839,0.820,0.842,0.5210,0.0250,4.34,-0.49015,0.150,0.691,0.000,0.2422,0.1544,TRACKING,prediction
1786994803.906,48.6,0.839,0.820,0.842,0.5210,0.0200,3.48,-0.39212,0.150,0.692,0.000,0.2422,0.1542,TRACKING,prediction
1786994803.927,48.6,0.839,0.813,0.845,0.4990,0.0449,6.63,-0.85144,0.150,0.692,0.000,0.3325,0.2052,TRACKING,L+C+R_fused
1786994803.941,48.6,0.865,0.805,0.851,0.4901,0.0504,6.23,-0.91513,0.150,0.692,0.000,0.4275,0.2667,TRACKING,L+C+R_fused
1786994803.964,48.6,0.862,0.809,0.852,0.4866,0.0555,6.37,-0.90665,0.150,0.693,0.000,0.5017,0.3182,TRACKING,L+C+R_fused
1786994803.984,48.6,0.895,0.814,0.853,0.4848,0.0570,6.07,-0.95019,0.150,0.693,0.000,0.5291,0.3411,TRACKING,L+C+R_fused
1786994804.004,48.6,0.825,0.813,0.860,0.4823,0.0553,5.93,-1.01067,0.150,0.693,0.000,0.4990,0.3269,TRACKING,L+C+R_fused
1786994804.025,48.6,0.833,0.808,0.830,0.4878,0.0543,5.76,-1.03406,0.150,0.694,0.000,0.4881,0.3184,TRACKING,L+C+R_fused
1786994804.047,48.6,0.833,0.809,0.849,0.4875,0.0540,5.23,-1.08350,0.150,0.694,0.000,0.4954,0.3212,TRACKING,L+C+R_fused
1786994804.067,48.6,0.831,0.807,0.858,0.4889,0.0581,5.64,-1.05507,0.150,0.694,0.000,0.5453,0.3500,TRACKING,L+C+R_fused
1786994804.085,48.6,0.832,0.804,0.865,0.4871,0.0648,6.13,-1.02170,0.150,0.695,0.000,0.6275,0.4012,TRACKING,L+C+R_fused
1786994804.103,48.6,0.820,0.810,0.869,0.4842,0.0715,6.30,-1.01120,0.150,0.695,0.000,0.7102,0.4555,TRACKING,L+C+R_fused
1786994804.124,48.6,0.810,0.809,0.878,0.4804,0.0785,6.39,-1.00965,0.150,0.695,0.000,0.7932,0.5101,TRACKING,L+C+R_fused
1786994804.144,48.6,0.789,0.809,0.887,0.4778,0.0855,6.51,-0.99736,0.150,0.695,0.000,0.8673,0.5599,TRACKING,L+C+R_fused
1786994804.165,48.6,0.782,0.811,0.889,0.4746,0.0913,6.44,-1.00626,0.150,0.696,0.000,0.9268,0.6005,TRACKING,L+C+R_fused
1786994804.185,48.6,0.740,0.810,0.889,0.4727,0.0943,6.08,-1.04019,0.150,0.696,0.000,0.9606,0.6253,TRACKING,L+C+R_fused
1786994804.195,48.6,0.756,0.810,0.893,0.4762,0.0966,5.87,-1.07135,0.150,0.696,0.000,0.9834,0.6416,TRACKING,L+C+R_fused
1786994804.216,48.6,0.806,0.803,0.893,0.4804,0.0980,6.58,-1.04104,0.150,0.696,0.000,0.9820,0.6431,TRACKING,L+C+R_fused
1786994804.236,48.6,0.827,0.793,0.888,0.4843,0.0960,6.84,-1.04577,0.150,0.696,0.000,0.9580,0.6297,TRACKING,L+C+R_fused
1786994804.256,48.6,0.795,0.792,0.897,0.4886,0.0934,7.09,-1.05483,0.150,0.697,0.000,0.9256,0.6094,TRACKING,L+C+R_fused
1786994804.277,48.6,0.816,0.789,0.875,0.4883,0.0914,7.88,-1.01373,0.150,0.697,0.000,0.8900,0.5863,TRACKING,L+C+R_fused
1786994804.298,48.6,0.855,0.789,0.882,0.4946,0.0892,8.20,-1.00670,0.150,0.697,0.000,0.8588,0.5652,TRACKING,L+C+R_fused
1786994804.308,48.6,0.875,0.791,0.878,0.4993,0.0860,8.58,-0.99133,0.150,0.697,0.000,0.8146,0.5372,TRACKING,L+C+R_fused
1786994804.328,48.6,0.902,0.789,0.880,0.5040,0.0802,7.00,-1.14281,0.150,0.697,0.000,0.7771,0.5117,TRACKING,L+C+R_fused
1786994804.349,48.6,0.919,0.779,0.873,0.5053,0.0785,8.29,-1.07379,0.150,0.697,0.000,0.7244,0.4781,TRACKING,L+C+R_fused
1786994804.370,48.6,0.949,0.772,0.874,0.5009,0.0737,8.23,-1.13822,0.150,0.698,0.000,0.6556,0.4334,TRACKING,L+C+R_fused
1786994804.381,48.6,0.000,0.775,0.870,0.4704,0.0693,8.95,-1.10294,0.150,0.698,0.000,0.5738,0.3801,TRACKING,R+C
1786994804.411,48.6,0.000,0.777,0.870,0.4769,0.0650,9.61,-1.06842,0.150,0.698,0.000,0.4907,0.3249,TRACKING,R+C
1786994804.437,48.6,0.000,0.771,0.860,0.4830,0.0603,9.81,-1.08006,0.150,0.698,0.000,0.4064,0.2686,TRACKING,R+C
1786994804.448,48.6,0.000,0.759,0.853,0.4889,0.0531,8.03,-1.29784,0.150,0.698,0.000,0.3282,0.2153,TRACKING,R+C
1786994804.469,48.6,0.000,0.772,0.852,0.4979,0.0499,9.12,-1.19844,0.150,0.698,0.000,0.2429,0.1593,TRACKING,R+C
1786994804.489,48.6,0.000,0.761,0.844,0.5071,0.0457,9.79,-1.19223,0.150,0.698,0.000,0.1410,0.0929,TRACKING,R+C
1786994804.509,48.6,0.000,0.765,0.823,0.5163,0.0405,10.84,-1.10089,0.150,0.698,0.000,0.0156,0.0123,TRACKING,R+C
1786994804.520,48.6,0.000,0.764,0.832,0.5262,0.0340,11.04,-1.11017,0.150,0.698,0.000,-0.1115,-0.0710,TRACKING,R+C
1786994804.540,51.5,0.000,0.757,0.827,0.5351,0.0269,10.19,-1.25567,0.150,0.698,0.000,-0.2216,-0.1450,TRACKING,R+C
1786994804.561,51.5,0.000,0.754,0.826,0.5431,0.0198,9.60,-1.35232,0.150,0.699,0.000,-0.3329,-0.2180,TRACKING,R+C
1786994804.581,51.5,0.000,0.763,0.815,0.5531,0.0114,8.55,-1.46024,0.150,0.699,0.000,-0.4413,-0.2889,TRACKING,R+C
1786994804.602,51.5,0.000,0.758,0.809,0.5643,0.0080,11.04,-1.23348,0.150,0.699,0.000,-0.5573,-0.3632,TRACKING,R+C
1786994804.622,51.5,0.000,0.755,0.803,0.5770,0.0004,11.34,-1.23494,0.150,0.699,0.000,-0.6733,-0.4382,TRACKING,R+C
1786994804.643,51.5,0.000,0.749,0.801,0.5915,-0.0080,10.24,-1.41899,0.150,0.699,0.000,-0.7656,-0.5004,TRACKING,R+C
1786994804.662,51.5,0.000,0.749,0.801,0.5915,-0.0064,8.19,-1.13519,0.150,0.699,0.000,-0.7656,-0.5095,TRACKING,prediction
1786994804.683,51.5,0.000,0.749,0.801,0.5915,-0.0051,6.55,-0.90815,0.150,0.699,0.000,-0.7656,-0.5108,TRACKING,prediction
1786994804.703,51.5,0.000,0.749,0.801,0.5915,-0.0041,5.24,-0.72652,0.150,0.699,0.000,-0.7656,-0.5110,TRACKING,prediction
1786994804.718,51.5,0.000,0.749,0.801,0.5915,-0.0033,4.19,-0.58122,0.150,0.699,0.000,-0.7656,-0.5110,TRACKING,prediction
1786994804.734,51.5,0.000,0.749,0.801,0.5915,-0.0026,3.35,-0.46498,0.150,0.699,0.000,-0.7656,-0.5110,TRACKING,prediction
1786994804.755,51.5,0.000,0.749,0.801,0.5915,-0.0021,2.68,-0.37198,0.150,0.699,0.000,-0.7656,-0.5109,TRACKING,prediction
1786994804.766,51.5,0.000,0.748,0.793,0.6059,-0.0116,9.25,-1.62341,0.150,0.699,0.000,-0.8027,-0.5317,TRACKING,R+C
1786994804.776,51.5,0.000,0.762,0.794,0.6057,-0.0122,10.77,-1.45358,0.150,0.699,0.000,-0.8348,-0.5520,TRACKING,R+C
1786994804.796,51.5,0.000,0.757,0.790,0.6101,-0.0177,9.98,-1.54040,0.150,0.699,0.000,-0.8807,-0.5803,TRACKING,R+C
1786994804.812,51.5,0.000,0.751,0.792,0.6211,-0.0225,10.74,-1.52625,0.150,0.699,0.000,-0.9463,-0.6204,TRACKING,R+C
1786994804.832,51.5,0.000,0.751,0.792,0.6211,-0.0180,8.59,-1.22100,0.150,0.699,0.000,-0.9463,-0.6263,TRACKING,prediction
1786994804.852,51.5,0.000,0.750,0.776,0.6351,-0.0322,10.72,-1.64123,0.150,0.699,0.000,-1.0000,-0.6571,TRACKING,R+C
1786994804.866,51.5,0.000,0.750,0.776,0.6351,-0.0258,8.58,-1.31299,0.150,0.699,0.000,-1.0000,-0.6615,TRACKING,prediction
1786994804.877,51.5,0.000,0.755,0.783,0.6422,-0.0359,11.71,-1.58688,0.150,0.699,0.000,-1.0000,-0.6627,TRACKING,R+C
1786994804.903,51.5,0.000,0.751,0.786,0.6424,-0.0399,9.25,-1.92176,0.150,0.699,0.000,-1.0000,-0.6631,TRACKING,R+C
1786994804.917,51.5,0.000,0.742,0.783,0.6440,-0.0402,10.20,-1.89503,0.150,0.699,0.000,-1.0000,-0.6634,TRACKING,R+C
1786994804.930,51.5,0.000,0.738,0.781,0.6540,-0.0454,10.79,-1.84323,0.150,0.699,0.000,-1.0000,-0.6639,TRACKING,R+C
1786994804.943,51.5,0.000,0.741,0.775,0.6689,-0.0523,12.94,-1.56120,0.150,0.700,0.000,-1.0000,-0.6644,TRACKING,R+C
1786994804.965,51.5,0.000,0.741,0.775,0.6689,-0.0419,10.35,-1.24896,0.150,0.700,0.000,-1.0000,-0.6644,TRACKING,prediction
1786994804.974,51.5,0.000,0.748,0.767,0.6949,-0.0730,11.66,-1.83119,0.150,0.700,0.000,-1.0000,-0.6661,TRACKING,R+C
1786994804.988,51.5,0.000,0.760,0.749,0.7015,-0.0813,11.51,-1.87682,0.150,0.700,0.000,-1.0000,-0.6667,TRACKING,R+C
1786994805.005,51.5,0.000,0.761,0.765,0.7084,-0.0845,13.06,-1.68455,0.150,0.700,0.000,-1.0000,-0.6669,TRACKING,R+C
1786994805.015,51.5,0.000,0.772,0.745,0.7089,-0.0862,13.89,-1.58849,0.150,0.700,0.000,-1.0000,-0.6671,TRACKING,R+C
1786994805.036,51.5,0.000,0.772,0.745,0.7089,-0.0689,11.12,-1.27079,0.150,0.700,0.000,-1.0000,-0.6671,TRACKING,prediction
1786994805.054,51.5,0.000,0.776,0.713,0.7111,-0.0847,16.86,-1.14048,0.150,0.700,0.000,-1.0000,-0.6669,TRACKING,R+C
1786994805.066,51.5,0.000,0.776,0.713,0.7111,-0.0678,13.49,-0.91239,0.150,0.700,0.000,-1.0000,-0.6669,TRACKING,prediction
1786994805.076,51.5,0.000,0.773,0.731,0.7158,-0.0834,19.95,-0.66099,0.150,0.700,0.000,-1.0000,-0.6666,TRACKING,R+C
1786994805.097,51.5,0.000,0.778,0.747,0.7163,-0.0837,21.15,-0.48322,0.152,0.700,0.000,-1.0000,-0.6665,TRACKING,R+C
1786994805.120,51.5,0.000,0.778,0.747,0.7163,-0.0669,16.92,-0.38658,0.152,0.700,0.000,-1.0000,-0.6665,TRACKING,prediction
1786994805.134,51.5,0.000,0.788,0.764,0.7210,-0.0857,22.71,-0.21129,0.179,0.700,0.000,-1.0000,-0.6663,TRACKING,R+C
1786994805.145,51.5,0.000,0.788,0.764,0.7210,-0.0686,18.17,-0.16903,0.179,0.700,0.000,-1.0000,-0.6663,TRACKING,prediction
1786994805.167,51.5,0.000,0.788,0.764,0.7210,-0.0549,14.54,-0.13523,0.179,0.700,0.000,-1.0000,-0.6663,TRACKING,prediction
1786994805.188,51.5,0.000,0.788,0.764,0.7210,-0.0439,11.63,-0.10818,0.179,0.700,0.000,-1.0000,-0.6663,TRACKING,prediction
1786994805.202,51.5,0.000,0.788,0.764,0.7210,-0.0351,9.30,-0.08654,0.179,0.700,0.000,-1.0000,-0.6663,TRACKING,prediction
1786994805.220,51.5,0.000,0.788,0.764,0.7210,-0.0281,7.44,-0.06924,0.179,0.700,0.000,-1.0000,-0.6663,TRACKING,prediction
1786994805.236,51.5,0.000,0.788,0.764,0.7210,-0.0225,5.95,-0.05539,0.179,0.700,0.000,-1.0000,-0.6663,TRACKING,prediction
1786994805.258,51.5,0.000,0.788,0.764,0.7210,-0.0180,4.76,-0.04431,0.179,0.700,0.000,-1.0000,-0.6663,TRACKING,prediction
1786994805.285,51.5,0.000,0.788,0.764,0.7210,-0.0144,3.81,-0.03545,0.179,0.700,0.000,-1.0000,-0.6663,TRACKING,prediction
1786994805.300,51.5,0.000,0.788,0.764,0.7210,-0.0115,3.05,-0.02836,0.179,0.695,0.000,-1.0000,-0.6663,TRACKING,prediction
1786994805.314,51.5,0.000,0.788,0.764,0.7210,-0.0092,2.44,-0.02269,0.179,0.682,0.000,-1.0000,-0.6688,TRACKING,prediction
1786994805.329,51.5,0.000,0.788,0.764,0.7210,-0.0074,1.95,-0.01815,0.179,0.663,0.000,-1.0000,-0.6768,TRACKING,prediction
1786994805.349,51.5,0.000,0.788,0.764,0.7210,-0.0059,1.56,-0.01452,0.179,0.640,0.000,-1.0000,-0.6888,TRACKING,prediction
1786994805.363,51.5,0.000,0.810,0.672,0.6515,-0.1088,12.93,0.01275,0.199,0.643,0.000,-1.0000,-0.7007,TRACKING,R+C
1786994805.382,51.5,0.000,0.814,0.667,0.6410,-0.1088,11.80,-0.01233,0.199,0.646,0.000,-1.0000,-0.7008,TRACKING,R+C
1786994805.393,51.5,0.000,0.814,0.667,0.6410,-0.0870,9.44,-0.00986,0.199,0.649,0.000,-1.0000,-0.6993,TRACKING,prediction
1786994805.417,51.5,0.000,0.814,0.667,0.6410,-0.0696,7.55,-0.00789,0.199,0.651,0.000,-1.0000,-0.6975,TRACKING,prediction
1786994805.430,51.5,0.000,0.800,0.676,0.6121,-0.1061,8.54,-0.08954,0.191,0.654,0.000,-1.0000,-0.6947,TRACKING,R+C
1786994805.445,51.5,0.000,0.793,0.676,0.6046,-0.1038,7.68,-0.10659,0.189,0.656,0.000,-1.0000,-0.6927,TRACKING,R+C
1786994805.463,51.5,0.000,0.793,0.676,0.6046,-0.0830,6.15,-0.08528,0.189,0.658,0.000,-1.0000,-0.6911,TRACKING,prediction
1786994805.479,51.5,0.000,0.793,0.676,0.6046,-0.0664,4.92,-0.06822,0.189,0.660,0.000,-1.0000,-0.6896,TRACKING,prediction
1786994805.494,51.5,0.000,0.793,0.676,0.6046,-0.0531,3.93,-0.05458,0.189,0.662,0.000,-1.0000,-0.6882,TRACKING,prediction
1786994805.511,51.5,0.000,0.768,0.690,0.5771,-0.0881,4.38,-0.21034,0.179,0.664,0.000,-1.0000,-0.6848,TRACKING,R+C
1786994805.524,51.5,0.000,0.743,0.696,0.5669,-0.0842,1.92,-0.38813,0.161,0.666,0.000,-1.0000,-0.6830,TRACKING,R+C
1786994805.541,59.0,0.377,0.743,0.694,0.5614,-0.0787,0.95,-0.42634,0.157,0.668,0.000,-1.0000,-0.6811,TRACKING,L+C+R_fused
1786994805.558,59.0,0.847,0.732,0.689,0.6471,-0.0711,0.73,-0.42420,0.158,0.669,0.000,-0.9794,-0.6677,TRACKING,L+C+R_fused
1786994805.573,59.0,0.929,0.729,0.708,0.5589,-0.0642,-0.30,-0.48759,0.151,0.671,0.000,-0.9548,-0.6505,TRACKING,L+C+R_fused
1786994805.590,59.0,0.928,0.722,0.712,0.5846,-0.0571,-1.11,-0.53978,0.150,0.672,0.000,-0.8819,-0.6057,TRACKING,L+C+R_fused
1786994805.604,59.0,0.940,0.715,0.722,0.5599,-0.0505,-2.58,-0.64464,0.150,0.674,0.000,-0.7810,-0.5410,TRACKING,L+C+R_fused
1786994805.620,59.0,0.928,0.716,0.816,0.5430,-0.0439,-4.01,-0.74644,0.150,0.675,0.000,-0.6681,-0.4666,TRACKING,L+C+R_fused
1786994805.642,59.0,0.915,0.716,0.836,0.5479,-0.0395,-5.56,-0.85821,0.150,0.676,0.000,-0.5702,-0.3994,TRACKING,L+C+R_fused
1786994805.659,59.0,0.873,0.707,0.853,0.5375,-0.0327,-5.35,-0.87484,0.150,0.677,0.000,-0.4807,-0.3381,TRACKING,L+C+R_fused
1786994805.669,59.0,0.890,0.716,0.859,0.5381,-0.0300,-5.72,-0.90981,0.150,0.679,0.000,-0.4293,-0.2995,TRACKING,L+C+R_fused
1786994805.693,59.0,0.930,0.708,0.856,0.5189,-0.0304,-6.95,-1.03451,0.150,0.680,0.000,-0.4083,-0.2818,TRACKING,L+C+R_fused
1786994805.705,59.0,0.938,0.709,0.859,0.5198,-0.0319,-7.52,-1.10713,0.150,0.681,0.000,-0.4218,-0.2867,TRACKING,L+C+R_fused
1786994805.724,59.0,0.939,0.709,0.843,0.5031,-0.0361,-9.35,-1.27625,0.150,0.682,0.000,-0.4446,-0.3005,TRACKING,L+C+R_fused
1786994805.735,59.0,0.947,0.721,0.836,0.5106,-0.0361,-8.72,-1.25529,0.150,0.683,0.000,-0.4655,-0.3142,TRACKING,L+C+R_fused
1786994805.765,59.0,0.639,0.718,0.828,0.4792,-0.0371,-8.92,-1.31944,0.150,0.683,0.000,-0.4845,-0.3269,TRACKING,L+C+R_fused
1786994805.786,59.0,0.611,0.725,0.829,0.4830,-0.0376,-9.06,-1.36756,0.150,0.684,0.000,-0.4940,-0.3341,TRACKING,L+C+R_fused
1786994805.806,59.0,0.000,0.726,0.855,0.5068,-0.0370,-9.31,-1.42066,0.150,0.685,0.000,-0.4844,-0.3297,TRACKING,R+C
1786994805.813,59.0,0.000,0.738,0.860,0.5071,-0.0349,-9.18,-1.45951,0.150,0.686,0.000,-0.4640,-0.3175,TRACKING,R+C
1786994805.836,59.0,0.000,0.756,0.845,0.5053,-0.0308,-9.68,-1.53208,0.150,0.686,0.000,-0.3915,-0.2748,TRACKING,R+C
1786994805.857,59.0,0.000,0.738,0.871,0.4976,-0.0210,-9.54,-1.61608,0.150,0.687,0.000,-0.2511,-0.1895,TRACKING,R+C
1786994805.877,59.0,0.759,0.738,0.876,0.4836,-0.0099,-8.80,-1.62839,0.150,0.688,0.000,-0.0899,-0.0857,TRACKING,L+C+R_fused
1786994805.895,59.0,0.939,0.741,0.882,0.4928,0.0022,-8.06,-1.65761,0.150,0.688,0.000,0.0865,0.0297,TRACKING,L+C+R_fused
1786994805.920,59.0,0.915,0.733,0.880,0.4962,0.0114,-8.60,-1.77461,0.150,0.689,0.000,0.2487,0.1391,TRACKING,L+C+R_fused
1786994805.930,59.0,0.913,0.753,0.890,0.5049,0.0208,-7.76,-1.78300,0.150,0.690,0.000,0.3699,0.2244,TRACKING,L+C+R_fused
1786994805.944,59.0,0.930,0.762,0.897,0.5051,0.0269,-7.29,-1.81255,0.150,0.690,0.000,0.4441,0.2790,TRACKING,L+C+R_fused
1786994805.964,59.0,0.943,0.762,0.911,0.5034,0.0332,-4.52,-1.70997,0.150,0.691,0.000,0.4531,0.2919,TRACKING,L+C+R_fused
1786994805.984,59.0,0.949,0.761,0.911,0.5021,0.0372,-2.85,-1.64474,0.150,0.691,0.000,0.4623,0.2988,TRACKING,L+C+R_fused
1786994806.003,59.0,0.828,0.765,0.909,0.4990,0.0413,-1.84,-1.64362,0.150,0.691,0.000,0.4869,0.3134,TRACKING,L+C+R_fused
1786994806.023,59.0,0.628,0.755,0.902,0.5050,0.0441,-2.30,-1.76816,0.150,0.692,0.000,0.5270,0.3378,TRACKING,L+C+R_fused
1786994806.044,59.0,0.000,0.752,0.894,0.4707,0.0478,-1.70,-1.80841,0.150,0.692,0.000,0.5531,0.3558,TRACKING,R+C
1786994806.061,59.0,0.000,0.756,0.896,0.4783,0.0489,-1.05,-1.83108,0.150,0.693,0.000,0.5419,0.3516,TRACKING,R+C
1786994806.075,59.0,0.000,0.754,0.908,0.4849,0.0506,0.96,-1.74471,0.150,0.693,0.000,0.5050,0.3296,TRACKING,R+C
1786994806.092,59.0,0.000,0.753,0.899,0.4892,0.0497,2.50,-1.68666,0.150,0.693,0.000,0.4414,0.2897,TRACKING,R+C
1786994806.102,59.0,0.000,0.752,0.893,0.5018,0.0478,3.45,-1.67807,0.150,0.694,0.000,0.3735,0.2446,TRACKING,R+C
1786994806.131,59.0,0.000,0.752,0.893,0.5018,0.0383,2.76,-1.34245,0.150,0.694,0.000,0.3735,0.2380,TRACKING,prediction
1786994806.149,59.0,0.000,0.746,0.870,0.5196,0.0410,4.90,-1.67785,0.150,0.694,0.000,0.1947,0.1344,TRACKING,R+C
1786994806.167,59.0,0.000,0.748,0.861,0.5262,0.0372,6.45,-1.58927,0.150,0.695,0.000,0.0726,0.0497,TRACKING,R+C
1786994806.183,59.0,0.000,0.752,0.864,0.5359,0.0338,8.36,-1.44833,0.150,0.695,0.000,-0.0504,-0.0324,TRACKING,R+C
1786994806.207,59.0,0.000,0.750,0.856,0.5462,0.0290,9.35,-1.39311,0.150,0.695,0.000,-0.1730,-0.1130,TRACKING,R+C
1786994806.221,59.0,0.000,0.751,0.853,0.5594,0.0228,9.83,-1.38364,0.150,0.695,0.000,-0.2992,-0.1954,TRACKING,R+C
1786994806.235,59.0,0.000,0.751,0.845,0.5726,0.0171,10.76,-1.32501,0.150,0.696,0.000,-0.4226,-0.2761,TRACKING,R+C
1786994806.266,59.0,0.000,0.753,0.839,0.5859,0.0098,11.14,-1.31352,0.150,0.696,0.000,-0.5479,-0.3575,TRACKING,R+C
1786994806.287,59.0,0.000,0.747,0.825,0.6037,0.0033,12.55,-1.19053,0.150,0.696,0.000,-0.6729,-0.4384,TRACKING,R+C
1786994806.298,59.0,0.000,0.751,0.833,0.6123,-0.0048,13.51,-1.12040,0.150,0.696,0.000,-0.7959,-0.5180,TRACKING,R+C
1786994806.319,59.0,0.000,0.754,0.829,0.6248,-0.0132,13.97,-1.08397,0.150,0.696,0.000,-0.8963,-0.5849,TRACKING,R+C
1786994806.339,59.0,0.000,0.755,0.820,0.6368,-0.0216,14.47,-1.05344,0.150,0.697,0.000,-0.9863,-0.6440,TRACKING,R+C
1786994806.359,59.0,0.000,0.759,0.806,0.6479,-0.0314,14.88,-1.02539,0.150,0.697,0.000,-1.0000,-0.6609,TRACKING,R+C
1786994806.372,59.0,0.000,0.759,0.806,0.6479,-0.0251,11.90,-0.82031,0.150,0.697,0.000,-1.0000,-0.6631,TRACKING,prediction
1786994806.395,59.0,0.000,0.759,0.806,0.6479,-0.0201,9.52,-0.65625,0.150,0.697,0.000,-1.0000,-0.6634,TRACKING,prediction
1786994806.416,59.0,0.000,0.759,0.806,0.6479,-0.0161,7.62,-0.52500,0.150,0.697,0.000,-1.0000,-0.6634,TRACKING,prediction
1786994806.436,59.0,0.000,0.759,0.806,0.6479,-0.0129,6.09,-0.42000,0.150,0.697,0.000,-1.0000,-0.6633,TRACKING,prediction
1786994806.457,59.0,0.000,0.759,0.806,0.6479,-0.0103,4.87,-0.33600,0.150,0.698,0.000,-1.0000,-0.6632,TRACKING,prediction
1786994806.475,59.0,0.000,0.759,0.806,0.6479,-0.0082,3.90,-0.26880,0.150,0.698,0.000,-1.0000,-0.6631,TRACKING,prediction
1786994806.492,59.0,0.000,0.759,0.806,0.6479,-0.0066,3.12,-0.21504,0.150,0.698,0.000,-1.0000,-0.6630,TRACKING,prediction
1786994806.508,59.0,0.000,0.759,0.806,0.6479,-0.0053,2.50,-0.17203,0.150,0.698,0.000,-1.0000,-0.6629,TRACKING,prediction
1786994806.519,59.0,0.000,0.759,0.806,0.6479,-0.0042,2.00,-0.13763,0.150,0.696,0.000,-1.0000,-0.6628,TRACKING,prediction
1786994806.543,54.9,0.000,0.759,0.806,0.6479,-0.0034,1.60,-0.11010,0.150,0.684,0.000,-1.0000,-0.6642,TRACKING,prediction
1786994806.559,54.9,0.000,0.759,0.806,0.6479,-0.0027,1.28,-0.08808,0.150,0.665,0.000,-1.0000,-0.6712,TRACKING,prediction
1786994806.570,54.9,0.000,0.759,0.806,0.6479,-0.0022,1.02,-0.07046,0.150,0.643,0.000,-1.0000,-0.6825,TRACKING,prediction
1786994806.590,54.9,0.000,0.759,0.806,0.6479,-0.0017,0.82,-0.05637,0.150,0.619,0.000,-1.0000,-0.6967,TRACKING,prediction
1786994806.596,54.9,0.000,0.759,0.806,0.6479,-0.0014,0.65,-0.04510,0.150,0.580,0.000,-1.0000,-0.7126,UNCERTAIN,prediction
1786994806.616,54.9,0.000,0.759,0.806,0.6479,-0.0011,0.52,-0.03608,0.150,0.553,0.000,-1.0000,-0.7367,UNCERTAIN,prediction
1786994806.628,54.9,0.000,0.759,0.806,0.6479,-0.0009,0.42,-0.02886,0.150,0.532,0.000,-1.0000,-0.7555,UNCERTAIN,prediction
1786994806.641,54.9,0.000,0.759,0.806,0.6479,-0.0007,0.33,-0.02309,0.150,0.510,0.000,-1.0000,-0.7702,UNCERTAIN,prediction
1786994806.656,54.9,0.000,0.759,0.806,0.6479,-0.0006,0.27,-0.01847,0.150,0.487,0.000,-1.0000,-0.7848,UNCERTAIN,prediction
1786994806.677,54.9,0.000,0.759,0.806,0.6479,-0.0005,0.21,-0.01478,0.150,0.465,0.000,-1.0000,-0.7995,UNCERTAIN,prediction
1786994806.690,54.9,0.000,0.759,0.806,0.6479,-0.0004,0.17,-0.01182,0.150,0.443,0.000,-1.0000,-0.8140,UNCERTAIN,prediction
1786994806.721,54.9,0.000,0.759,0.806,0.6479,-0.0003,0.14,-0.00946,0.150,0.422,0.000,-1.0000,-0.8282,UNCERTAIN,prediction
1786994806.730,54.9,0.000,0.759,0.806,0.6479,-0.0002,0.11,-0.00757,0.150,0.402,0.000,-1.0000,-0.8420,UNCERTAIN,prediction
1786994806.739,54.9,0.000,0.000,0.696,0.6479,-0.1762,34.58,-0.36767,0.163,0.406,0.000,-1.0000,-0.8630,UNCERTAIN,R_only
1786994806.749,54.9,0.000,0.000,0.696,0.6479,-0.1831,33.84,-0.38806,0.161,0.410,0.000,-1.0000,-0.8627,UNCERTAIN,R_only
1786994806.768,54.9,0.000,0.000,0.703,0.6479,-0.1902,32.82,-0.43486,0.157,0.414,0.000,-1.0000,-0.8606,UNCERTAIN,R_only
1786994806.779,54.9,0.000,0.000,0.716,0.6479,-0.1964,31.89,-0.45566,0.154,0.418,0.000,-1.0000,-0.8583,UNCERTAIN,R_only
1786994806.791,54.9,0.000,0.000,0.717,0.6479,-0.2020,30.77,-0.51059,0.150,0.422,0.000,-1.0000,-0.8559,UNCERTAIN,R_only
1786994806.801,54.9,0.000,0.000,0.723,0.6479,-0.2060,30.26,-0.49761,0.150,0.425,0.000,-1.0000,-0.8537,UNCERTAIN,R_only
1786994806.821,54.9,0.000,0.000,0.729,0.6479,-0.2095,29.74,-0.48151,0.152,0.428,0.000,-1.0000,-0.8516,UNCERTAIN,R_only
1786994806.832,54.9,0.000,0.000,0.730,0.6479,-0.2145,29.12,-0.47938,0.152,0.431,0.000,-1.0000,-0.8496,UNCERTAIN,R_only
1786994806.848,54.9,0.000,0.740,0.000,0.6479,0.1054,28.97,-0.44348,0.156,0.445,0.000,0.3051,-0.2027,TRACKING,C_only
1786994806.860,54.9,0.000,0.742,0.000,0.6479,0.1015,28.57,-0.41523,0.158,0.457,0.000,0.2622,0.1379,TRACKING,C_only
1786994806.872,54.9,0.000,0.750,0.000,0.6479,0.0989,28.41,-0.36954,0.163,0.470,0.000,0.2291,0.1652,TRACKING,C_only
1786994806.882,54.9,0.000,0.754,0.000,0.6479,0.0958,27.73,-0.37446,0.163,0.481,0.000,0.2165,0.1594,TRACKING,C_only
1786994806.901,54.9,0.000,0.758,0.000,0.6479,0.0919,26.97,-0.38537,0.161,0.492,0.000,0.1977,0.1444,TRACKING,C_only
1786994806.909,54.9,0.000,0.758,0.000,0.6479,0.0880,26.24,-0.39609,0.160,0.502,0.000,0.1746,0.1255,TRACKING,C_only
1786994806.925,54.9,0.000,0.764,0.000,0.6479,0.0859,25.64,-0.39954,0.160,0.512,0.000,0.1730,0.1211,TRACKING,C_only
1786994806.937,54.9,0.000,0.765,0.000,0.6479,0.0842,24.85,-0.41587,0.158,0.522,0.000,0.1860,0.1287,TRACKING,C_only
1786994806.951,54.9,0.000,0.769,0.000,0.6479,0.0835,24.13,-0.42146,0.158,0.531,0.000,0.2111,0.1463,TRACKING,C_only
1786994806.967,54.9,0.000,0.769,0.000,0.6479,0.0837,23.69,-0.40478,0.160,0.539,0.000,0.2340,0.1636,TRACKING,C_only
1786994806.978,54.9,0.000,0.771,0.000,0.6479,0.0838,22.30,-0.48872,0.151,0.547,0.000,0.3146,0.2180,TRACKING,C_only
1786994806.996,54.9,0.000,0.774,0.000,0.6479,0.0846,21.28,-0.53011,0.150,0.555,0.000,0.3743,0.2641,TRACKING,C_only
1786994807.015,54.9,0.383,0.778,0.000,0.8061,0.0863,20.48,-0.55741,0.150,0.562,0.000,0.4342,0.3086,TRACKING,L+C
1786994807.036,54.9,0.376,0.778,0.000,0.5257,0.0885,20.07,-0.54436,0.150,0.569,0.000,0.4905,0.3504,TRACKING,L+C
1786994807.054,54.9,0.594,0.778,0.000,0.4945,0.0917,19.49,-0.55507,0.150,0.576,0.000,0.5618,0.4009,TRACKING,L+C
1786994807.072,54.9,0.618,0.780,0.000,0.5159,0.0942,18.85,-0.57251,0.150,0.582,0.000,0.6194,0.4434,TRACKING,L+C
1786994807.091,54.9,0.689,0.785,0.000,0.5218,0.0961,18.38,-0.57403,0.150,0.588,0.000,0.6635,0.4759,TRACKING,L+C
1786994807.105,54.9,0.771,0.786,0.000,0.5202,0.0974,17.63,-0.61226,0.150,0.593,0.000,0.7026,0.5034,TRACKING,L+C
1786994807.112,54.9,0.896,0.788,0.000,0.5219,0.1002,17.29,-0.59699,0.150,0.599,0.000,0.7518,0.5368,TRACKING,L+C
1786994807.135,54.9,0.966,0.793,0.000,0.5230,0.1021,16.52,-0.63597,0.150,0.604,0.000,0.7944,0.5659,TRACKING,L+C
1786994807.153,54.9,0.959,0.796,0.000,0.5236,0.1049,16.31,-0.62955,0.150,0.608,0.000,0.8339,0.5923,TRACKING,L+C
1786994807.166,54.9,0.953,0.796,0.000,0.5252,0.1084,15.87,-0.64100,0.150,0.613,0.000,0.8831,0.6241,TRACKING,L+C
1786994807.185,54.9,0.952,0.796,0.000,0.5256,0.1131,15.88,-0.62206,0.150,0.617,0.000,0.9312,0.6559,TRACKING,L+C
1786994807.205,54.9,0.949,0.792,0.000,0.5260,0.1174,15.65,-0.62661,0.150,0.622,0.000,0.9768,0.6859,TRACKING,L+C
1786994807.226,54.9,0.947,0.792,0.000,0.5277,0.1219,15.26,-0.63492,0.150,0.625,0.000,1.0000,0.7023,TRACKING,L+C
1786994807.236,54.9,0.951,0.794,0.000,0.5275,0.1256,14.68,-0.66905,0.150,0.629,0.000,1.0000,0.7028,TRACKING,L+C
1786994807.261,54.9,0.943,0.793,0.000,0.5285,0.1310,14.38,-0.67724,0.150,0.633,0.000,1.0000,0.7012,TRACKING,L+C
1786994807.298,54.9,0.939,0.799,0.000,0.5292,0.1365,14.34,-0.66076,0.150,0.636,0.000,1.0000,0.6994,TRACKING,L+C
1786994807.318,54.9,0.927,0.799,0.000,0.5296,0.1411,13.63,-0.71039,0.150,0.639,0.000,1.0000,0.6976,TRACKING,L+C
1786994807.330,54.9,0.920,0.802,0.000,0.5285,0.1453,13.22,-0.73266,0.150,0.642,0.000,1.0000,0.6958,TRACKING,L+C
1786994807.349,54.9,0.913,0.805,0.000,0.5282,0.1501,12.81,-0.75506,0.150,0.645,0.000,1.0000,0.6942,TRACKING,L+C
1786994807.360,54.9,0.889,0.812,0.000,0.5251,0.1534,12.31,-0.78902,0.150,0.648,0.000,1.0000,0.6926,TRACKING,L+C
1786994807.375,54.9,0.900,0.813,0.000,0.5230,0.1556,12.15,-0.80628,0.150,0.651,0.000,1.0000,0.6910,TRACKING,L+C
1786994807.391,54.9,0.904,0.819,0.000,0.5228,0.1568,12.34,-0.78525,0.150,0.653,0.000,1.0000,0.6893,TRACKING,L+C
1786994807.405,54.9,0.906,0.817,0.000,0.5213,0.1553,12.32,-0.79805,0.150,0.655,0.000,1.0000,0.6875,TRACKING,L+C
1786994807.420,54.9,0.913,0.818,0.000,0.5186,0.1526,12.93,-0.76923,0.150,0.658,0.000,1.0000,0.6855,TRACKING,L+C
1786994807.440,54.9,0.922,0.819,0.000,0.5177,0.1497,13.39,-0.74213,0.150,0.660,0.000,1.0000,0.6837,TRACKING,L+C
1786994807.455,54.9,0.929,0.818,0.000,0.5197,0.1476,13.53,-0.74237,0.150,0.662,0.000,1.0000,0.6821,TRACKING,L+C
1786994807.475,54.9,0.927,0.818,0.000,0.5183,0.1455,13.93,-0.72167,0.150,0.664,0.000,1.0000,0.6804,TRACKING,L+C
1786994807.489,54.9,0.933,0.811,0.000,0.5192,0.1450,14.38,-0.69526,0.150,0.665,0.000,1.0000,0.6790,TRACKING,L+C
1786994807.508,54.9,0.932,0.810,0.000,0.5214,0.1453,14.62,-0.66426,0.150,0.667,0.000,1.0000,0.6778,TRACKING,L+C
1786994807.531,54.9,0.936,0.809,0.000,0.5228,0.1463,14.85,-0.64652,0.150,0.669,0.000,1.0000,0.6767,TRACKING,L+C
1786994807.540,54.9,0.925,0.806,0.000,0.5214,0.1489,14.90,-0.63338,0.150,0.670,0.000,1.0000,0.6758,TRACKING,L+C
1786994807.569,62.4,0.922,0.811,0.000,0.5223,0.1538,14.85,-0.61686,0.150,0.672,0.000,1.0000,0.6753,TRACKING,L+C
1786994807.589,62.4,0.911,0.812,0.000,0.5224,0.1593,14.64,-0.60941,0.150,0.673,0.000,1.0000,0.6748,TRACKING,L+C
1786994807.609,62.4,0.917,0.811,0.000,0.5218,0.1641,14.44,-0.59748,0.150,0.675,0.000,1.0000,0.6744,TRACKING,L+C
1786994807.626,62.4,0.900,0.814,0.000,0.5214,0.1702,14.43,-0.57291,0.150,0.676,0.000,1.0000,0.6740,TRACKING,L+C
1786994807.641,62.4,0.892,0.821,0.000,0.5198,0.1753,13.94,-0.59470,0.150,0.677,0.000,1.0000,0.6737,TRACKING,L+C
1786994807.654,62.4,0.000,0.883,0.826,0.5175,-0.1482,-6.83,-0.60567,0.150,0.678,0.000,-1.0000,0.1880,TRACKING,R+C
1786994807.674,62.4,0.000,0.864,0.831,0.5126,-0.1423,-8.37,-0.71544,0.150,0.679,0.000,-1.0000,-0.2456,TRACKING,R+C
1786994807.682,62.4,0.000,0.864,0.840,0.5074,-0.1345,-8.71,-0.74583,0.150,0.680,0.000,-1.0000,-0.6097,TRACKING,R+C
1786994807.713,62.4,0.000,0.859,0.843,0.5047,-0.1261,-8.07,-0.71964,0.150,0.681,0.000,-1.0000,-0.6634,TRACKING,R+C
1786994807.734,62.4,0.000,0.853,0.844,0.5033,-0.1206,-8.04,-0.72666,0.150,0.682,0.000,-1.0000,-0.6706,TRACKING,R+C
1786994807.754,62.4,0.000,0.853,0.848,0.5040,-0.1170,-7.77,-0.72110,0.150,0.683,0.000,-1.0000,-0.6710,TRACKING,R+C
1786994807.775,62.4,0.000,0.856,0.847,0.5021,-0.1156,-7.83,-0.75053,0.150,0.684,0.000,-1.0000,-0.6705,TRACKING,R+C
1786994807.796,62.4,0.000,0.845,0.852,0.5006,-0.1161,-7.90,-0.78127,0.150,0.685,0.000,-1.0000,-0.6701,TRACKING,R+C
1786994807.816,62.4,0.000,0.854,0.853,0.5020,-0.1161,-7.69,-0.79489,0.150,0.686,0.000,-1.0000,-0.6697,TRACKING,R+C
1786994807.837,62.4,0.000,0.853,0.845,0.5052,-0.1157,-7.52,-0.78357,0.150,0.686,0.000,-1.0000,-0.6692,TRACKING,R+C
1786994807.857,62.4,0.000,0.863,0.857,0.5075,-0.1135,-7.55,-0.78880,0.150,0.687,0.000,-1.0000,-0.6685,TRACKING,R+C
1786994807.874,62.4,0.000,0.840,0.852,0.5108,-0.1068,-6.59,-0.73093,0.150,0.688,0.000,-1.0000,-0.6676,TRACKING,R+C
1786994807.889,62.4,0.000,0.830,0.847,0.5100,-0.0988,-6.76,-0.74101,0.150,0.688,0.000,-1.0000,-0.6665,TRACKING,R+C
1786994807.910,62.4,0.000,0.824,0.845,0.5076,-0.0897,-6.43,-0.72083,0.150,0.689,0.000,-1.0000,-0.6654,TRACKING,R+C
1786994807.930,62.4,0.696,0.806,0.855,0.5651,-0.0805,-6.43,-0.72205,0.150,0.689,0.000,-0.9960,-0.6621,TRACKING,L+C+R_fused
1786994807.951,62.4,0.634,0.817,0.861,0.5703,-0.0717,-6.15,-0.71192,0.150,0.690,0.000,-0.9205,-0.6193,TRACKING,L+C+R_fused
1786994807.973,62.4,0.742,0.816,0.866,0.5787,-0.0648,-5.89,-0.70400,0.150,0.690,0.000,-0.8550,-0.5761,TRACKING,L+C+R_fused
1786994807.993,62.4,0.618,0.827,0.867,0.5722,-0.0613,-5.69,-0.70589,0.150,0.691,0.000,-0.8232,-0.5518,TRACKING,L+C+R_fused
1786994808.003,62.4,0.000,0.828,0.862,0.5037,-0.0600,-5.71,-0.72883,0.150,0.691,0.000,-0.8102,-0.5407,TRACKING,R+C
1786994808.024,62.4,0.000,0.827,0.867,0.5064,-0.0583,-4.98,-0.70919,0.150,0.692,0.000,-0.8095,-0.5385,TRACKING,R+C
1786994808.036,62.4,0.000,0.818,0.861,0.5049,-0.0564,-4.67,-0.72036,0.150,0.692,0.000,-0.7982,-0.5317,TRACKING,R+C
1786994808.044,62.4,0.000,0.824,0.862,0.5045,-0.0527,-4.20,-0.72323,0.150,0.693,0.000,-0.7692,-0.5145,TRACKING,R+C
1786994808.067,62.4,0.000,0.824,0.865,0.5027,-0.0492,-3.47,-0.69107,0.150,0.693,0.000,-0.7450,-0.4983,TRACKING,R+C
1786994808.085,62.4,0.000,0.827,0.865,0.5013,-0.0478,-3.07,-0.68396,0.150,0.693,0.000,-0.7391,-0.4925,TRACKING,R+C
1786994808.106,62.4,0.000,0.830,0.868,0.5036,-0.0478,-2.24,-0.64659,0.150,0.694,0.000,-0.7593,-0.5027,TRACKING,R+C
1786994808.116,62.4,0.000,0.822,0.861,0.5054,-0.0527,-3.74,-0.79022,0.150,0.694,0.000,-0.7902,-0.5215,TRACKING,R+C
1786994808.131,62.4,0.000,0.798,0.860,0.5056,-0.0544,-4.27,-0.92312,0.150,0.694,0.000,-0.8105,-0.5357,TRACKING,R+C
1786994808.147,62.4,0.000,0.797,0.857,0.5114,-0.0571,-4.33,-0.96995,0.150,0.695,0.000,-0.8445,-0.5567,TRACKING,R+C
1786994808.164,62.4,0.000,0.799,0.851,0.5156,-0.0599,-3.70,-0.95186,0.150,0.695,0.000,-0.8880,-0.5838,TRACKING,R+C
1786994808.189,62.4,0.000,0.796,0.848,0.5213,-0.0637,-3.41,-0.94974,0.150,0.695,0.000,-0.9331,-0.6127,TRACKING,R+C
1786994808.199,62.4,0.000,0.799,0.849,0.5246,-0.0668,-3.09,-0.94710,0.150,0.695,0.000,-0.9694,-0.6369,TRACKING,R+C
1786994808.230,62.4,0.000,0.789,0.839,0.5274,-0.0704,-3.84,-1.05669,0.150,0.696,0.000,-0.9946,-0.6545,TRACKING,R+C
1786994808.246,62.4,0.000,0.786,0.834,0.5324,-0.0750,-4.30,-1.08128,0.150,0.696,0.000,-1.0000,-0.6601,TRACKING,R+C
1786994808.260,62.4,0.000,0.791,0.836,0.5351,-0.0761,-3.42,-1.06158,0.150,0.696,0.000,-1.0000,-0.6611,TRACKING,R+C
1786994808.273,62.4,0.000,0.789,0.838,0.5364,-0.0782,-2.92,-1.06210,0.150,0.696,0.000,-1.0000,-0.6615,TRACKING,R+C
1786994808.290,62.4,0.000,0.800,0.830,0.5403,-0.0802,-2.07,-1.01509,0.150,0.696,0.000,-1.0000,-0.6616,TRACKING,R+C
1786994808.309,62.4,0.000,0.812,0.823,0.5390,-0.0822,-1.51,-1.01480,0.150,0.697,0.000,-1.0000,-0.6619,TRACKING,R+C
1786994808.326,62.4,0.000,0.814,0.824,0.5439,-0.0846,-1.58,-1.05664,0.150,0.697,0.000,-1.0000,-0.6621,TRACKING,R+C
1786994808.340,62.4,0.000,0.820,0.822,0.5526,-0.0883,-1.13,-1.02481,0.150,0.697,0.000,-1.0000,-0.6623,TRACKING,R+C
1786994808.353,62.4,0.000,0.822,0.815,0.5559,-0.0938,-1.51,-1.07683,0.150,0.697,0.000,-1.0000,-0.6627,TRACKING,R+C
1786994808.381,62.4,0.000,0.824,0.810,0.5582,-0.0983,-1.23,-1.10334,0.150,0.697,0.000,-1.0000,-0.6631,TRACKING,R+C
1786994808.391,62.4,0.000,0.817,0.802,0.5620,-0.1026,-0.72,-1.10580,0.150,0.697,0.000,-1.0000,-0.6635,TRACKING,R+C
1786994808.412,62.4,0.000,0.829,0.795,0.5673,-0.1075,0.03,-1.03670,0.150,0.697,0.000,-1.0000,-0.6639,TRACKING,R+C
1786994808.434,62.4,0.000,0.829,0.795,0.5673,-0.0860,0.02,-0.82936,0.150,0.698,0.000,-1.0000,-0.6638,TRACKING,prediction
1786994808.454,62.4,0.000,0.829,0.795,0.5673,-0.0688,0.02,-0.66348,0.150,0.698,0.000,-1.0000,-0.6637,TRACKING,prediction
1786994808.475,62.4,0.000,0.861,0.793,0.5815,-0.1239,1.68,-0.93030,0.150,0.698,0.000,-1.0000,-0.6652,TRACKING,R+C
1786994808.487,62.4,0.000,0.861,0.793,0.5815,-0.0991,1.34,-0.74424,0.150,0.698,0.000,-1.0000,-0.6651,TRACKING,prediction
1786994808.495,62.4,0.000,0.878,0.788,0.5897,-0.1370,0.61,-1.09159,0.150,0.698,0.000,-1.0000,-0.6663,TRACKING,R+C
1786994808.516,62.4,0.000,0.878,0.788,0.5897,-0.1096,0.49,-0.87327,0.150,0.698,0.000,-1.0000,-0.6662,TRACKING,prediction
1786994808.537,62.4,0.000,0.878,0.788,0.5897,-0.0877,0.39,-0.69862,0.150,0.698,0.000,-1.0000,-0.6661,TRACKING,prediction
1786994808.558,62.4,0.000,0.878,0.788,0.5897,-0.0702,0.31,-0.55889,0.150,0.698,0.000,-1.0000,-0.6661,TRACKING,prediction
1786994808.577,55.5,0.889,0.782,0.000,0.6019,0.2045,16.55,-1.07455,0.150,0.698,0.000,1.0000,-0.2046,TRACKING,L+C
1786994808.598,55.5,0.908,0.785,0.000,0.6041,0.2036,15.99,-1.12321,0.150,0.698,0.000,1.0000,0.2176,TRACKING,L+C
1786994808.617,55.5,0.908,0.785,0.000,0.6041,0.1629,12.79,-0.89857,0.150,0.699,0.000,1.0000,0.5920,TRACKING,prediction
1786994808.631,55.5,0.000,0.911,0.709,0.5942,-0.1537,2.00,-1.08715,0.150,0.699,0.000,-1.0000,0.1095,TRACKING,R+C
1786994808.650,55.5,0.000,0.918,0.681,0.5865,-0.1570,2.49,-1.05690,0.150,0.699,0.000,-1.0000,-0.3045,TRACKING,R+C
1786994808.671,55.5,0.000,0.918,0.681,0.5865,-0.1256,1.99,-0.84552,0.150,0.699,0.000,-1.0000,-0.6134,TRACKING,prediction
1786994808.691,55.5,0.000,0.921,0.675,0.5867,-0.1591,3.95,-0.90573,0.150,0.699,0.000,-1.0000,-0.6599,TRACKING,R+C
1786994808.702,55.5,0.000,0.923,0.680,0.5906,-0.1584,3.59,-0.97691,0.150,0.699,0.000,-1.0000,-0.6669,TRACKING,R+C
1786994808.723,55.5,0.000,0.937,0.689,0.5940,-0.1609,0.33,-1.31724,0.150,0.699,0.000,-1.0000,-0.6680,TRACKING,R+C
1786994808.743,55.5,0.000,0.937,0.689,0.5940,-0.1287,0.27,-1.05379,0.150,0.699,0.000,-1.0000,-0.6682,TRACKING,prediction
1786994808.763,55.5,0.000,0.937,0.689,0.5940,-0.1030,0.21,-0.84303,0.150,0.699,0.000,-1.0000,-0.6681,TRACKING,prediction
1786994808.784,55.5,0.000,0.937,0.689,0.5940,-0.0824,0.17,-0.67443,0.150,0.699,0.000,-1.0000,-0.6681,TRACKING,prediction
1786994808.806,55.5,0.912,0.666,0.249,0.7685,0.2323,35.16,0.53389,0.150,0.699,0.000,1.0000,-0.2013,TRACKING,L+C+R_fused
1786994808.825,55.5,0.912,0.666,0.249,0.7685,0.1858,28.12,0.42711,0.150,0.699,0.000,1.0000,0.2196,TRACKING,prediction
1786994808.845,55.5,0.912,0.666,0.249,0.7685,0.1486,22.50,0.34169,0.150,0.699,0.000,1.0000,0.5929,TRACKING,prediction
1786994808.867,55.5,0.912,0.666,0.249,0.7685,0.1189,18.00,0.27335,0.150,0.699,0.000,1.0000,0.6489,TRACKING,prediction
1786994808.881,55.5,0.912,0.666,0.249,0.7685,0.0951,14.40,0.21868,0.150,0.697,0.000,1.0000,0.6573,TRACKING,prediction
1786994808.909,55.5,0.912,0.666,0.249,0.7685,0.0761,11.52,0.17494,0.150,0.685,0.000,1.0000,0.6599,TRACKING,prediction
1786994808.928,55.5,0.912,0.666,0.249,0.7685,0.0609,9.22,0.13995,0.150,0.666,0.000,1.0000,0.6672,TRACKING,prediction
1786994808.947,55.5,0.912,0.666,0.249,0.7685,0.0487,7.37,0.11196,0.150,0.644,0.000,1.0000,0.6787,TRACKING,prediction
1786994808.966,55.5,0.912,0.666,0.249,0.7685,0.0390,5.90,0.08957,0.150,0.620,0.000,1.0000,0.6930,TRACKING,prediction
1786994808.989,55.5,0.000,0.938,0.661,0.6100,-0.1489,9.73,-0.42711,0.157,0.624,0.000,-1.0000,0.1403,TRACKING,R+C
1786994809.009,55.5,0.000,0.878,0.660,0.6028,-0.1318,25.69,1.45773,0.150,0.628,0.000,-1.0000,-0.3242,TRACKING,R+C
1786994809.031,55.5,0.000,0.878,0.660,0.6028,-0.1054,20.55,1.16618,0.150,0.631,0.000,-1.0000,-0.6538,TRACKING,prediction
1786994809.053,55.5,0.000,0.878,0.660,0.6028,-0.0843,16.44,0.93295,0.150,0.635,0.000,-1.0000,-0.7012,TRACKING,prediction
1786994809.072,55.5,0.000,0.878,0.660,0.6028,-0.0675,13.16,0.74636,0.150,0.638,0.000,-1.0000,-0.7064,TRACKING,prediction
1786994809.093,55.5,0.000,0.878,0.660,0.6028,-0.0540,10.52,0.59709,0.150,0.641,0.000,-1.0000,-0.7054,TRACKING,prediction
1786994809.116,55.5,0.000,0.878,0.660,0.6028,-0.0432,8.42,0.47767,0.150,0.644,0.000,-1.0000,-0.7035,TRACKING,prediction
1786994809.135,55.5,0.000,0.880,0.649,0.6510,-0.1402,7.88,-0.86442,0.150,0.647,0.000,-1.0000,-0.7045,TRACKING,R+C
1786994809.155,55.5,0.000,0.880,0.649,0.6510,-0.1122,6.30,-0.69153,0.150,0.649,0.000,-1.0000,-0.7026,TRACKING,prediction
1786994809.176,55.5,0.000,0.888,0.635,0.6664,-0.1366,7.29,-0.92247,0.150,0.652,0.000,-1.0000,-0.7005,TRACKING,R+C
1786994809.186,55.5,0.000,0.888,0.635,0.6664,-0.1092,5.83,-0.73798,0.150,0.654,0.000,-1.0000,-0.6988,TRACKING,prediction
1786994809.207,55.5,0.000,0.888,0.635,0.6664,-0.0874,4.66,-0.59038,0.150,0.657,0.000,-1.0000,-0.6972,TRACKING,prediction
1786994809.227,55.5,0.000,0.888,0.635,0.6664,-0.0699,3.73,-0.47231,0.150,0.659,0.000,-1.0000,-0.6957,TRACKING,prediction
1786994809.248,55.5,0.000,0.888,0.635,0.6664,-0.0559,2.98,-0.37784,0.150,0.661,0.000,-1.0000,-0.6943,TRACKING,prediction
1786994809.271,55.5,0.000,0.888,0.635,0.6664,-0.0447,2.39,-0.30228,0.150,0.663,0.000,-1.0000,-0.6929,TRACKING,prediction
1786994809.289,55.5,0.000,0.888,0.635,0.6664,-0.0358,1.91,-0.24182,0.150,0.665,0.000,-1.0000,-0.6916,TRACKING,prediction
1786994809.310,55.5,0.000,0.888,0.635,0.6664,-0.0286,1.53,-0.19346,0.150,0.666,0.000,-1.0000,-0.6903,TRACKING,prediction
1786994809.331,55.5,0.000,0.888,0.635,0.6664,-0.0229,1.22,-0.15476,0.150,0.668,0.000,-1.0000,-0.6892,TRACKING,prediction
1786994809.351,55.5,0.000,0.888,0.635,0.6664,-0.0183,0.98,-0.12381,0.150,0.668,0.000,-1.0000,-0.6880,TRACKING,prediction
1786994809.368,55.5,0.000,0.886,0.649,0.6939,-0.1495,11.00,0.09189,0.191,0.670,0.000,-1.0000,-0.6869,TRACKING,R+C
1786994809.389,55.5,0.000,0.886,0.649,0.6939,-0.1196,8.80,0.07351,0.191,0.671,0.000,-1.0000,-0.6859,TRACKING,prediction
1786994809.404,55.5,0.000,0.886,0.649,0.6939,-0.0957,7.04,0.05881,0.191,0.673,0.000,-1.0000,-0.6849,TRACKING,prediction
1786994809.424,55.5,0.000,0.878,0.654,0.6736,-0.1425,8.99,0.12184,0.188,0.674,0.000,-1.0000,-0.6826,TRACKING,R+C
1786994809.435,55.5,0.000,0.876,0.654,0.6662,-0.1397,8.21,0.11792,0.188,0.675,0.000,-1.0000,-0.6812,TRACKING,R+C
1786994809.456,55.5,0.000,0.876,0.654,0.6613,-0.1371,7.69,0.12911,0.187,0.677,0.000,-1.0000,-0.6800,TRACKING,R+C
1786994809.476,55.5,0.000,0.872,0.654,0.6538,-0.1345,6.72,0.10556,0.189,0.678,0.000,-1.0000,-0.6787,TRACKING,R+C
1786994809.503,55.5,0.000,0.871,0.655,0.6471,-0.1312,6.14,0.11168,0.189,0.679,0.000,-1.0000,-0.6774,TRACKING,R+C
1786994809.517,55.5,0.000,0.863,0.654,0.6405,-0.1279,5.41,0.09843,0.190,0.680,0.000,-1.0000,-0.6762,TRACKING,R+C
1786994809.537,55.5,0.000,0.851,0.653,0.6309,-0.1238,4.44,0.05484,0.195,0.681,0.000,-1.0000,-0.6750,TRACKING,R+C
1786994809.558,55.5,0.000,0.843,0.653,0.6229,-0.1195,3.75,0.05083,0.195,0.682,0.000,-1.0000,-0.6737,TRACKING,R+C
1786994809.579,50.9,0.000,0.830,0.652,0.6134,-0.1144,2.90,0.01973,0.198,0.683,0.000,-0.9879,-0.6658,TRACKING,R+C
1786994809.599,50.9,0.000,0.810,0.652,0.6013,-0.1092,1.79,-0.03994,0.196,0.684,0.000,-0.9601,-0.6484,TRACKING,R+C
1786994809.619,50.9,0.908,0.803,0.647,0.7127,-0.1036,0.85,-0.07531,0.192,0.685,0.000,-0.9377,-0.6325,TRACKING,L+C+R_fused
1786994809.641,50.9,0.910,0.785,0.642,0.7236,-0.0993,-0.44,-0.16473,0.184,0.685,0.000,-0.9552,-0.6388,TRACKING,L+C+R_fused
1786994809.660,50.9,0.908,0.782,0.630,0.7039,-0.0950,-0.97,-0.19038,0.181,0.686,0.000,-0.9366,-0.6287,TRACKING,L+C+R_fused
1786994809.681,50.9,0.911,0.776,0.626,0.6626,-0.0930,-1.77,-0.23752,0.176,0.687,0.000,-0.9446,-0.6309,TRACKING,L+C+R_fused
1786994809.701,50.9,0.906,0.766,0.626,0.6327,-0.0940,-2.69,-0.30738,0.169,0.687,0.000,-0.9894,-0.6555,TRACKING,L+C+R_fused
1786994809.722,50.9,0.928,0.755,0.630,0.6127,-0.0965,-3.89,-0.40267,0.160,0.688,0.000,-1.0000,-0.6647,TRACKING,L+C+R_fused
1786994809.742,50.9,0.928,0.742,0.627,0.5860,-0.0992,-5.80,-0.55071,0.150,0.689,0.000,-1.0000,-0.6657,TRACKING,L+C+R_fused
1786994809.766,50.9,0.919,0.731,0.624,0.5789,-0.0975,-5.87,-0.56851,0.150,0.689,0.000,-1.0000,-0.6654,TRACKING,L+C+R_fused
1786994809.785,50.9,0.920,0.715,0.622,0.5977,-0.0944,-7.15,-0.67751,0.150,0.690,0.000,-1.0000,-0.6647,TRACKING,L+C+R_fused
1786994809.805,50.9,0.907,0.703,0.618,0.5637,-0.0882,-8.31,-0.77143,0.150,0.690,0.000,-1.0000,-0.6638,TRACKING,L+C+R_fused
1786994809.826,50.9,0.870,0.690,0.619,0.5689,-0.0808,-9.74,-0.87726,0.150,0.691,0.000,-0.9384,-0.6289,TRACKING,L+C+R_fused
1786994809.846,50.9,0.851,0.689,0.617,0.5483,-0.0726,-10.68,-0.93900,0.150,0.691,0.000,-0.8369,-0.5670,TRACKING,L+C+R_fused
1786994809.870,50.9,0.843,0.687,0.619,0.5425,-0.0649,-12.68,-1.06517,0.150,0.692,0.000,-0.7035,-0.4831,TRACKING,L+C+R_fused
1786994809.893,50.9,0.852,0.689,0.620,0.5368,-0.0522,-12.11,-1.06181,0.150,0.692,0.000,-0.5499,-0.3845,TRACKING,L+C+R_fused
1786994809.905,50.9,0.845,0.689,0.619,0.5282,-0.0441,-12.73,-1.13031,0.150,0.692,0.000,-0.4135,-0.2932,TRACKING,L+C+R_fused
1786994809.926,50.9,0.840,0.691,0.625,0.5196,-0.0369,-13.27,-1.19569,0.150,0.693,0.000,-0.2860,-0.2080,TRACKING,L+C+R_fused
1786994809.949,50.9,0.844,0.700,0.630,0.5194,-0.0324,-13.64,-1.24813,0.150,0.693,0.000,-0.2032,-0.1488,TRACKING,L+C+R_fused
1786994809.968,50.9,0.847,0.702,0.632,0.5181,-0.0304,-13.99,-1.29981,0.150,0.694,0.000,-0.1635,-0.1178,TRACKING,L+C+R_fused
1786994809.991,50.9,0.881,0.721,0.634,0.5147,-0.0320,-15.73,-1.43104,0.150,0.694,0.000,-0.1431,-0.1020,TRACKING,L+C+R_fused
1786994810.004,50.9,0.844,0.709,0.636,0.5183,-0.0278,-14.51,-1.44820,0.150,0.694,0.000,-0.1251,-0.0899,TRACKING,L+C+R_fused
1786994810.023,50.9,0.854,0.716,0.639,0.5173,-0.0266,-14.45,-1.50218,0.150,0.694,0.000,-0.1185,-0.0846,TRACKING,L+C+R_fused
1786994810.044,50.9,0.882,0.720,0.641,0.5138,-0.0257,-14.33,-1.56517,0.150,0.695,0.000,-0.1194,-0.0848,TRACKING,L+C+R_fused
1786994810.065,50.9,0.896,0.706,0.647,0.5140,-0.0251,-14.00,-1.62594,0.150,0.695,0.000,-0.1359,-0.0945,TRACKING,L+C+R_fused
1786994810.086,50.9,0.915,0.735,0.647,0.5173,-0.0250,-13.68,-1.67035,0.150,0.695,0.000,-0.1552,-0.1070,TRACKING,L+C+R_fused
1786994810.107,50.9,0.927,0.735,0.646,0.5174,-0.0251,-13.60,-1.75116,0.150,0.695,0.000,-0.1764,-0.1213,TRACKING,L+C+R_fused
1786994810.128,50.9,0.950,0.732,0.648,0.4978,-0.0222,-11.84,-1.73699,0.150,0.696,0.000,-0.1968,-0.1351,TRACKING,L+C+R_fused
1786994810.149,50.9,0.000,0.739,0.646,0.5012,-0.0205,-10.53,-1.74006,0.150,0.696,0.000,-0.2234,-0.1523,TRACKING,R+C
1786994810.163,50.9,0.000,0.742,0.645,0.5027,-0.0196,-9.56,-1.76858,0.150,0.696,0.000,-0.2536,-0.1720,TRACKING,R+C
1786994810.175,50.9,0.000,0.741,0.642,0.5030,-0.0198,-8.64,-1.80044,0.150,0.696,0.000,-0.3002,-0.2014,TRACKING,R+C
1786994810.188,50.9,0.000,0.745,0.642,0.5064,-0.0205,-7.83,-1.81246,0.150,0.697,0.000,-0.3461,-0.2315,TRACKING,R+C
1786994810.198,50.9,0.000,0.742,0.638,0.5125,-0.0200,-6.30,-1.76535,0.150,0.697,0.000,-0.3917,-0.2614,TRACKING,R+C
1786994810.219,50.9,0.000,0.738,0.636,0.5152,-0.0200,-4.92,-1.75120,0.150,0.697,0.000,-0.4420,-0.2940,TRACKING,R+C
1786994810.239,50.9,0.000,0.744,0.635,0.5214,-0.0208,-3.71,-1.73103,0.150,0.697,0.000,-0.4976,-0.3298,TRACKING,R+C
1786994810.260,50.9,0.000,0.740,0.633,0.5263,-0.0228,-2.92,-1.74927,0.150,0.697,0.000,-0.5584,-0.3690,TRACKING,R+C
1786994810.270,50.9,0.000,0.740,0.629,0.5337,-0.0253,-2.06,-1.75786,0.150,0.697,0.000,-0.6251,-0.4119,TRACKING,R+C
1786994810.286,50.9,0.000,0.744,0.630,0.5419,-0.0296,-1.39,-1.75572,0.150,0.697,0.000,-0.7027,-0.4612,TRACKING,R+C
1786994810.301,50.9,0.000,0.750,0.628,0.5526,-0.0312,1.07,-1.61198,0.150,0.698,0.000,-0.7798,-0.5109,TRACKING,R+C
1786994810.322,50.9,0.000,0.750,0.628,0.5616,-0.0354,1.95,-1.60489,0.150,0.698,0.000,-0.8507,-0.5574,TRACKING,R+C
1786994810.343,50.9,0.000,0.747,0.629,0.5822,-0.0400,2.21,-1.64915,0.150,0.698,0.000,-0.9105,-0.5972,TRACKING,R+C
1786994810.365,50.9,0.000,0.747,0.629,0.5822,-0.0320,1.77,-1.31932,0.150,0.698,0.000,-0.9105,-0.6029,TRACKING,prediction
1786994810.378,50.9,0.000,0.764,0.724,0.5851,-0.0416,4.43,-1.50896,0.150,0.698,0.000,-0.9662,-0.6343,TRACKING,R+C
1786994810.389,50.9,0.000,0.765,0.800,0.5858,-0.0401,4.47,-1.52929,0.150,0.698,0.000,-0.9545,-0.6325,TRACKING,R+C
1786994810.410,50.9,0.000,0.765,0.800,0.5858,-0.0320,3.57,-1.22343,0.150,0.698,0.000,-0.9545,-0.6322,TRACKING,prediction
1786994810.431,50.9,0.000,0.765,0.800,0.5858,-0.0256,2.86,-0.97874,0.150,0.698,0.000,-0.9545,-0.6321,TRACKING,prediction
1786994810.451,50.9,0.000,0.765,0.800,0.5858,-0.0205,2.29,-0.78300,0.150,0.698,0.000,-0.9545,-0.6320,TRACKING,prediction
1786994810.474,50.9,0.000,0.765,0.800,0.5858,-0.0164,1.83,-0.62640,0.150,0.698,0.000,-0.9545,-0.6320,TRACKING,prediction
1786994810.493,50.9,0.000,0.765,0.800,0.5858,-0.0131,1.46,-0.50112,0.150,0.699,0.000,-0.9545,-0.6319,TRACKING,prediction
1786994810.510,50.9,0.000,0.765,0.800,0.5858,-0.0105,1.17,-0.40089,0.150,0.699,0.000,-0.9545,-0.6319,TRACKING,prediction
1786994810.532,50.9,0.000,0.765,0.800,0.5858,-0.0084,0.94,-0.32071,0.150,0.699,0.000,-0.9545,-0.6318,TRACKING,prediction
1786994810.548,50.9,0.000,0.765,0.800,0.5858,-0.0067,0.75,-0.25657,0.150,0.699,0.000,-0.9545,-0.6318,TRACKING,prediction
1786994810.566,50.9,0.000,0.765,0.800,0.5858,-0.0054,0.60,-0.20526,0.150,0.696,0.000,-0.9545,-0.6317,TRACKING,prediction
1786994810.587,52.6,0.000,0.765,0.800,0.5858,-0.0043,0.48,-0.16421,0.150,0.684,0.000,-0.9545,-0.6331,TRACKING,prediction
1786994810.607,52.6,0.000,0.765,0.800,0.5858,-0.0034,0.38,-0.13136,0.150,0.666,0.000,-0.9545,-0.6400,TRACKING,prediction
1786994810.628,52.6,0.000,0.764,0.791,0.5772,-0.0104,8.36,-1.27831,0.150,0.667,0.000,-0.7147,-0.5151,TRACKING,R+C
1786994810.649,52.6,0.000,0.764,0.791,0.5772,-0.0083,6.69,-1.02265,0.150,0.669,0.000,-0.7147,-0.4959,TRACKING,prediction
1786994810.658,52.6,0.000,0.762,0.798,0.5753,-0.0059,9.71,-1.14919,0.150,0.671,0.000,-0.6857,-0.4758,TRACKING,R+C
1786994810.689,52.6,0.000,0.761,0.803,0.5709,-0.0025,9.73,-1.13914,0.150,0.672,0.000,-0.6397,-0.4461,TRACKING,R+C
1786994810.700,52.6,0.000,0.761,0.802,0.5699,0.0005,9.51,-1.14169,0.150,0.673,0.000,-0.5911,-0.4136,TRACKING,R+C
1786994810.722,52.6,0.000,0.762,0.808,0.5652,0.0040,9.57,-1.13374,0.150,0.675,0.000,-0.5421,-0.3805,TRACKING,R+C
1786994810.739,52.6,0.000,0.763,0.803,0.5609,0.0062,8.81,-1.18331,0.150,0.676,0.000,-0.4870,-0.3440,TRACKING,R+C
1786994810.760,52.6,0.000,0.764,0.805,0.5580,0.0098,9.83,-1.09831,0.150,0.677,0.000,-0.4589,-0.3223,TRACKING,R+C
1786994810.781,52.6,0.000,0.763,0.809,0.5559,0.0109,10.31,-1.05773,0.150,0.678,0.000,-0.4550,-0.3165,TRACKING,R+C
1786994810.802,52.6,0.000,0.764,0.817,0.5567,0.0087,10.38,-1.05526,0.150,0.679,0.000,-0.4908,-0.3356,TRACKING,R+C
1786994810.822,52.6,0.000,0.764,0.819,0.5622,0.0030,10.29,-1.07552,0.150,0.680,0.000,-0.5754,-0.3858,TRACKING,R+C
1786994810.832,52.6,0.000,0.755,0.822,0.5699,-0.0051,10.44,-1.06311,0.150,0.681,0.000,-0.6883,-0.4563,TRACKING,R+C
1786994810.855,52.6,0.000,0.755,0.822,0.5699,-0.0040,8.35,-0.85048,0.150,0.682,0.000,-0.6883,-0.4663,TRACKING,prediction
1786994810.870,52.6,0.000,0.782,0.819,0.5821,-0.0147,11.14,-0.99913,0.150,0.683,0.000,-0.8190,-0.5405,TRACKING,R+C
1786994810.896,52.6,0.000,0.782,0.819,0.5821,-0.0118,8.91,-0.79930,0.150,0.684,0.000,-0.8190,-0.5510,TRACKING,prediction
1786994810.918,52.6,0.000,0.782,0.819,0.5821,-0.0094,7.13,-0.63944,0.150,0.685,0.000,-0.8190,-0.5522,TRACKING,prediction
1786994810.928,52.6,0.000,0.782,0.819,0.5821,-0.0075,5.71,-0.51155,0.150,0.686,0.000,-0.8190,-0.5520,TRACKING,prediction
1786994810.959,52.6,0.000,0.782,0.819,0.5821,-0.0060,4.56,-0.40924,0.150,0.686,0.000,-0.8190,-0.5516,TRACKING,prediction
1786994810.980,52.6,0.000,0.782,0.819,0.5821,-0.0048,3.65,-0.32739,0.150,0.687,0.000,-0.8190,-0.5513,TRACKING,prediction
1786994811.001,52.6,0.000,0.782,0.819,0.5821,-0.0039,2.92,-0.26192,0.150,0.688,0.000,-0.8190,-0.5509,TRACKING,prediction
1786994811.021,52.6,0.000,0.782,0.819,0.5821,-0.0031,2.34,-0.20953,0.150,0.688,0.000,-0.8190,-0.5505,TRACKING,prediction
1786994811.042,52.6,0.000,0.782,0.819,0.5821,-0.0025,1.87,-0.16763,0.150,0.689,0.000,-0.8190,-0.5502,TRACKING,prediction
1786994811.062,52.6,0.000,0.782,0.819,0.5821,-0.0020,1.50,-0.13410,0.150,0.689,0.000,-0.8190,-0.5498,TRACKING,prediction
1786994811.082,52.6,0.000,0.782,0.819,0.5821,-0.0016,1.20,-0.10728,0.150,0.684,0.000,-0.8190,-0.5495,TRACKING,prediction
1786994811.103,52.6,0.000,0.782,0.819,0.5821,-0.0013,0.96,-0.08582,0.150,0.670,0.000,-0.8190,-0.5521,TRACKING,prediction
1786994811.123,52.6,0.000,0.782,0.819,0.5821,-0.0010,0.77,-0.06866,0.150,0.651,0.000,-0.8190,-0.5590,TRACKING,prediction
1786994811.144,52.6,0.000,0.782,0.819,0.5821,-0.0008,0.61,-0.05493,0.150,0.628,0.000,-0.8190,-0.5691,TRACKING,prediction
1786994811.165,52.6,0.000,0.782,0.819,0.5821,-0.0006,0.49,-0.04394,0.150,0.587,0.000,-0.8190,-0.5812,UNCERTAIN,prediction
1786994811.184,52.6,0.000,0.782,0.819,0.5821,-0.0005,0.39,-0.03515,0.150,0.558,0.000,-0.8190,-0.6025,UNCERTAIN,prediction
1786994811.204,52.6,0.000,0.782,0.819,0.5821,-0.0004,0.31,-0.02812,0.150,0.537,0.000,-0.8190,-0.6192,UNCERTAIN,prediction
1786994811.225,52.6,0.000,0.782,0.819,0.5821,-0.0003,0.25,-0.02250,0.150,0.517,0.000,-0.8190,-0.6312,UNCERTAIN,prediction
1786994811.246,52.6,0.000,0.782,0.819,0.5821,-0.0003,0.20,-0.01800,0.150,0.495,0.000,-0.8190,-0.6425,UNCERTAIN,prediction
1786994811.267,52.6,0.000,0.782,0.819,0.5821,-0.0002,0.16,-0.01440,0.150,0.474,0.000,-0.8190,-0.6542,UNCERTAIN,prediction
1786994811.289,52.6,0.000,0.782,0.819,0.5821,-0.0002,0.13,-0.01152,0.150,0.452,0.000,-0.8190,-0.6660,UNCERTAIN,prediction
1786994811.306,52.6,0.000,0.782,0.819,0.5821,-0.0001,0.10,-0.00922,0.150,0.431,0.000,-0.8190,-0.6778,UNCERTAIN,prediction
1786994811.328,52.6,0.000,0.850,0.794,0.5890,-0.0691,10.77,-0.55109,0.150,0.445,0.000,-1.0000,-0.8150,TRACKING,R+C
1786994811.359,52.6,0.000,0.850,0.794,0.5890,-0.0553,8.62,-0.44088,0.150,0.457,0.000,-1.0000,-0.8275,TRACKING,prediction
1786994811.378,52.6,0.000,0.844,0.800,0.5760,-0.0626,10.21,-0.52272,0.150,0.469,0.000,-1.0000,-0.8217,TRACKING,R+C
1786994811.392,52.6,0.000,0.848,0.803,0.5677,-0.0581,10.00,-0.51374,0.150,0.481,0.000,-1.0000,-0.8139,TRACKING,R+C
1786994811.417,52.6,0.000,0.848,0.803,0.5677,-0.0465,8.00,-0.41099,0.150,0.492,0.000,-1.0000,-0.8063,TRACKING,prediction
1786994811.427,52.6,0.000,0.837,0.807,0.5601,-0.0480,9.34,-0.52153,0.150,0.502,0.000,-1.0000,-0.7983,TRACKING,R+C
1786994811.448,52.6,0.000,0.830,0.812,0.5577,-0.0432,9.07,-0.52109,0.150,0.512,0.000,-0.9949,-0.7876,TRACKING,R+C
1786994811.478,52.6,0.000,0.830,0.812,0.5577,-0.0346,7.26,-0.41687,0.150,0.522,0.000,-0.9949,-0.7806,TRACKING,prediction
1786994811.499,52.6,0.000,0.830,0.812,0.5577,-0.0276,5.81,-0.33350,0.150,0.531,0.000,-0.9949,-0.7743,TRACKING,prediction
1786994811.529,52.6,0.000,0.830,0.812,0.5577,-0.0221,4.65,-0.26680,0.150,0.539,0.000,-0.9949,-0.7683,TRACKING,prediction
1786994811.552,52.6,0.000,0.830,0.812,0.5577,-0.0177,3.72,-0.21344,0.150,0.547,0.000,-0.9949,-0.7627,TRACKING,prediction
1786994811.572,52.6,0.000,0.830,0.812,0.5577,-0.0142,2.97,-0.17075,0.150,0.555,0.000,-0.9949,-0.7574,TRACKING,prediction
1786994811.593,48.7,0.000,0.830,0.812,0.5577,-0.0113,2.38,-0.13660,0.150,0.562,0.000,-0.9949,-0.7523,TRACKING,prediction
1786994811.615,48.7,0.000,0.830,0.812,0.5577,-0.0091,1.90,-0.10928,0.150,0.569,0.000,-0.9949,-0.7474,TRACKING,prediction
1786994811.633,48.7,0.000,0.830,0.812,0.5577,-0.0072,1.52,-0.08742,0.150,0.575,0.000,-0.9949,-0.7429,TRACKING,prediction
1786994811.644,48.7,0.000,0.830,0.812,0.5577,-0.0058,1.22,-0.06994,0.150,0.582,0.000,-0.9949,-0.7385,TRACKING,prediction
1786994811.664,48.7,0.000,0.830,0.812,0.5577,-0.0046,0.97,-0.05595,0.150,0.587,0.000,-0.9949,-0.7343,TRACKING,prediction
1786994811.675,48.7,0.000,0.830,0.812,0.5577,-0.0037,0.78,-0.04476,0.150,0.590,0.000,-0.9949,-0.7307,TRACKING,prediction
1786994811.695,48.7,0.673,0.818,0.796,0.5750,-0.0047,5.52,-0.71247,0.150,0.596,0.000,-0.4441,-0.3910,TRACKING,L+C+R_fused
1786994811.715,48.7,0.658,0.818,0.798,0.5448,-0.0103,5.10,-0.74630,0.150,0.601,0.000,-0.5182,-0.3847,TRACKING,L+C+R_fused
1786994811.732,48.7,0.000,0.813,0.796,0.5275,-0.0138,5.97,-0.67887,0.150,0.606,0.000,-0.5921,-0.4271,TRACKING,R+C
1786994811.757,48.7,0.000,0.813,0.796,0.5275,-0.0111,4.78,-0.54310,0.150,0.611,0.000,-0.5921,-0.4316,TRACKING,prediction
1786994811.778,48.7,0.000,0.813,0.796,0.5275,-0.0089,3.82,-0.43448,0.150,0.615,0.000,-0.5921,-0.4307,TRACKING,prediction
1786994811.798,48.7,0.000,0.813,0.796,0.5275,-0.0071,3.06,-0.34758,0.150,0.619,0.000,-0.5921,-0.4290,TRACKING,prediction
1786994811.821,48.7,0.000,0.813,0.796,0.5275,-0.0057,2.45,-0.27806,0.150,0.623,0.000,-0.5921,-0.4273,TRACKING,prediction
1786994811.841,48.7,0.000,0.813,0.796,0.5275,-0.0045,1.96,-0.22245,0.150,0.627,0.000,-0.5921,-0.4257,TRACKING,prediction
1786994811.860,48.7,0.000,0.813,0.796,0.5275,-0.0036,1.57,-0.17796,0.150,0.631,0.000,-0.5921,-0.4241,TRACKING,prediction
1786994811.882,48.7,0.943,0.809,0.805,0.5407,0.0040,5.55,-0.70311,0.150,0.634,0.000,-0.3026,-0.2504,TRACKING,L+C+R_fused
1786994811.896,48.7,0.945,0.809,0.810,0.5405,0.0105,4.93,-0.74589,0.150,0.638,0.000,-0.1714,-0.1460,TRACKING,L+C+R_fused
1786994811.915,48.7,0.912,0.805,0.817,0.5342,0.0191,5.35,-0.71839,0.150,0.641,0.000,-0.0339,-0.0482,TRACKING,L+C+R_fused
1786994811.937,48.7,0.901,0.806,0.819,0.5275,0.0250,5.41,-0.71256,0.150,0.644,0.000,0.0686,0.0277,TRACKING,L+C+R_fused
1786994811.958,48.7,0.848,0.813,0.821,0.5193,0.0294,5.08,-0.75982,0.150,0.646,0.000,0.1525,0.0888,TRACKING,L+C+R_fused
1786994811.978,48.7,0.922,0.814,0.821,0.5108,0.0312,5.07,-0.77361,0.150,0.649,0.000,0.1824,0.1154,TRACKING,L+C+R_fused
1786994811.999,48.7,0.934,0.811,0.826,0.5069,0.0304,5.27,-0.77782,0.150,0.652,0.000,0.1577,0.1042,TRACKING,L+C+R_fused
1786994812.010,48.7,0.923,0.810,0.831,0.5097,0.0273,5.38,-0.80216,0.150,0.654,0.000,0.0940,0.0643,TRACKING,L+C+R_fused
1786994812.030,48.7,0.923,0.810,0.831,0.5097,0.0218,4.31,-0.64173,0.150,0.656,0.000,0.0940,0.0584,TRACKING,prediction
1786994812.047,48.7,0.922,0.801,0.832,0.5162,0.0176,4.70,-0.91769,0.150,0.659,0.000,-0.0689,-0.0392,TRACKING,L+C+R_fused
1786994812.061,48.7,0.922,0.801,0.832,0.5162,0.0141,3.76,-0.73415,0.150,0.661,0.000,-0.0689,-0.0532,TRACKING,prediction
1786994812.082,48.7,0.922,0.801,0.832,0.5162,0.0112,3.01,-0.58732,0.150,0.663,0.000,-0.0689,-0.0552,TRACKING,prediction
1786994812.096,48.7,0.922,0.801,0.832,0.5162,0.0090,2.40,-0.46986,0.150,0.665,0.000,-0.0689,-0.0554,TRACKING,prediction
1786994812.108,48.7,0.000,0.805,0.819,0.4974,-0.0017,5.39,-0.98203,0.150,0.666,0.000,-0.4359,-0.2682,TRACKING,R+C
1786994812.123,48.7,0.000,0.804,0.820,0.5030,-0.0068,5.38,-0.99219,0.150,0.668,0.000,-0.5156,-0.3445,TRACKING,R+C
1786994812.136,48.7,0.000,0.812,0.821,0.5104,-0.0130,4.83,-1.02560,0.150,0.670,0.000,-0.5896,-0.3975,TRACKING,R+C
1786994812.149,48.7,0.000,0.810,0.814,0.5173,-0.0157,5.39,-0.99980,0.150,0.671,0.000,-0.6441,-0.4359,TRACKING,R+C
1786994812.164,48.7,0.000,0.811,0.814,0.5250,-0.0175,5.84,-0.95109,0.150,0.673,0.000,-0.6770,-0.4597,TRACKING,R+C
1786994812.186,48.7,0.000,0.813,0.812,0.5298,-0.0187,6.18,-0.91201,0.150,0.674,0.000,-0.6974,-0.4742,TRACKING,R+C
1786994812.196,48.7,0.000,0.809,0.810,0.5304,-0.0174,5.82,-0.94331,0.150,0.675,0.000,-0.6736,-0.4623,TRACKING,R+C
1786994812.207,48.7,0.000,0.801,0.812,0.5256,-0.0126,5.84,-0.94834,0.150,0.676,0.000,-0.6104,-0.4242,TRACKING,R+C
1786994812.238,48.7,0.000,0.797,0.817,0.5205,-0.0070,5.66,-0.94612,0.150,0.678,0.000,-0.5230,-0.3686,TRACKING,R+C
1786994812.259,48.7,0.000,0.788,0.818,0.5143,-0.0032,4.32,-1.04855,0.150,0.679,0.000,-0.4280,-0.3063,TRACKING,R+C
1786994812.279,48.7,0.000,0.791,0.825,0.5121,0.0019,4.34,-1.04290,0.150,0.680,0.000,-0.3459,-0.2501,TRACKING,R+C
1786994812.294,48.7,0.000,0.789,0.831,0.5101,0.0066,4.89,-1.00091,0.150,0.681,0.000,-0.2828,-0.2058,TRACKING,R+C
1786994812.306,48.7,0.000,0.791,0.834,0.5098,0.0070,5.17,-0.97974,0.150,0.682,0.000,-0.2847,-0.2001,TRACKING,R+C
1786994812.323,48.7,0.000,0.793,0.835,0.5114,0.0046,5.44,-0.96704,0.150,0.683,0.000,-0.3339,-0.2270,TRACKING,R+C
1786994812.343,48.7,0.000,0.792,0.831,0.5129,0.0036,5.38,-0.98629,0.150,0.684,0.000,-0.3524,-0.2413,TRACKING,R+C
1786994812.357,48.7,0.000,0.785,0.824,0.5122,0.0025,5.17,-1.02168,0.150,0.684,0.000,-0.3661,-0.2511,TRACKING,R+C
1786994812.371,48.7,0.000,0.788,0.826,0.5130,0.0044,5.20,-1.02637,0.150,0.685,0.000,-0.3381,-0.2366,TRACKING,R+C
1786994812.384,48.7,0.000,0.784,0.828,0.5085,0.0081,4.26,-1.09644,0.150,0.686,0.000,-0.2469,-0.1828,TRACKING,R+C
1786994812.403,48.7,0.000,0.772,0.833,0.5059,0.0157,4.70,-1.07195,0.150,0.687,0.000,-0.1297,-0.1084,TRACKING,R+C
1786994812.418,48.7,0.000,0.775,0.839,0.4977,0.0210,4.51,-1.10332,0.150,0.687,0.000,-0.0334,-0.0429,TRACKING,R+C
1786994812.433,48.7,0.000,0.772,0.843,0.4921,0.0263,4.70,-1.09738,0.150,0.688,0.000,0.0521,0.0155,TRACKING,R+C
1786994812.449,48.7,0.000,0.777,0.847,0.4871,0.0305,4.78,-1.10854,0.150,0.689,0.000,0.1218,0.0639,TRACKING,R+C
1786994812.464,48.7,0.000,0.771,0.853,0.4849,0.0336,4.28,-1.18420,0.150,0.689,0.000,0.1837,0.1062,TRACKING,R+C
1786994812.478,48.7,0.377,0.766,0.850,0.5009,0.0391,3.83,-1.24064,0.150,0.690,0.000,0.2876,0.1717,TRACKING,L+C+R_fused
1786994812.503,48.7,0.950,0.766,0.853,0.4974,0.0443,2.60,-1.36454,0.150,0.690,0.000,0.4050,0.2482,TRACKING,L+C+R_fused
1786994812.519,48.7,0.939,0.759,0.858,0.4968,0.0511,3.63,-1.33270,0.150,0.691,0.000,0.4746,0.2991,TRACKING,L+C+R_fused
1786994812.537,48.7,0.926,0.766,0.857,0.4960,0.0558,4.20,-1.30462,0.150,0.691,0.000,0.5279,0.3370,TRACKING,L+C+R_fused
1786994812.555,48.7,0.939,0.771,0.843,0.4967,0.0580,4.51,-1.30754,0.150,0.692,0.000,0.5472,0.3533,TRACKING,L+C+R_fused
1786994812.574,48.7,0.939,0.766,0.846,0.4987,0.0565,4.04,-1.41317,0.150,0.692,0.000,0.5279,0.3440,TRACKING,L+C+R_fused
1786994812.589,48.7,0.000,0.753,0.849,0.4667,0.0542,3.80,-1.48065,0.150,0.692,0.000,0.4921,0.3217,TRACKING,R+C
1786994812.603,57.4,0.000,0.751,0.843,0.4750,0.0486,2.92,-1.59550,0.150,0.693,0.000,0.4209,0.2773,TRACKING,R+C
1786994812.619,57.4,0.000,0.759,0.833,0.4867,0.0467,4.95,-1.46957,0.150,0.693,0.000,0.3270,0.2171,TRACKING,R+C
1786994812.633,57.4,0.000,0.752,0.828,0.4988,0.0432,6.16,-1.39360,0.150,0.693,0.000,0.2283,0.1519,TRACKING,R+C
1786994812.650,57.4,0.000,0.756,0.824,0.5079,0.0392,7.04,-1.34079,0.150,0.694,0.000,0.1269,0.0844,TRACKING,R+C
1786994812.663,57.4,0.000,0.750,0.816,0.5167,0.0339,6.95,-1.40515,0.150,0.694,0.000,0.0264,0.0169,TRACKING,R+C
1786994812.683,57.4,0.000,0.750,0.816,0.5167,0.0272,5.56,-1.12412,0.150,0.694,0.000,0.0264,0.0070,TRACKING,prediction
1786994812.702,57.4,0.000,0.750,0.816,0.5167,0.0217,4.45,-0.89929,0.150,0.695,0.000,0.0264,0.0055,TRACKING,prediction
1786994812.719,57.4,0.000,0.750,0.816,0.5167,0.0174,3.56,-0.71944,0.150,0.695,0.000,0.0264,0.0053,TRACKING,prediction
1786994812.741,57.4,0.000,0.750,0.816,0.5167,0.0139,2.85,-0.57555,0.150,0.695,0.000,0.0264,0.0053,TRACKING,prediction
1786994812.758,57.4,0.000,0.750,0.816,0.5167,0.0111,2.28,-0.46044,0.150,0.695,0.000,0.0264,0.0052,TRACKING,prediction
1786994812.779,57.4,0.000,0.750,0.816,0.5167,0.0089,1.82,-0.36835,0.150,0.696,0.000,0.0264,0.0052,TRACKING,prediction
1786994812.792,57.4,0.000,0.736,0.787,0.5919,-0.0090,7.98,-1.67376,0.150,0.696,0.000,-0.7379,-0.4222,TRACKING,R+C
1786994812.806,57.4,0.000,0.748,0.783,0.5948,-0.0100,9.06,-1.57995,0.150,0.696,0.000,-0.7723,-0.5030,TRACKING,R+C
1786994812.820,57.4,0.000,0.759,0.781,0.5967,-0.0105,8.61,-1.62960,0.150,0.696,0.000,-0.7705,-0.5141,TRACKING,R+C
1786994812.834,57.4,0.000,0.743,0.788,0.5938,-0.0067,9.44,-1.60139,0.150,0.696,0.000,-0.7476,-0.5031,TRACKING,R+C
1786994812.855,57.4,0.000,0.740,0.784,0.5927,-0.0049,8.94,-1.70495,0.150,0.697,0.000,-0.7221,-0.4876,TRACKING,R+C
1786994812.876,57.4,0.000,0.736,0.785,0.5903,-0.0042,9.15,-1.70732,0.150,0.697,0.000,-0.7219,-0.4852,TRACKING,R+C
1786994812.896,57.4,0.000,0.735,0.783,0.5950,-0.0059,9.88,-1.64641,0.150,0.697,0.000,-0.7582,-0.5047,TRACKING,R+C
1786994812.910,57.4,0.000,0.737,0.781,0.6061,-0.0109,10.73,-1.59149,0.150,0.697,0.000,-0.8365,-0.5505,TRACKING,R+C
1786994812.931,57.4,0.000,0.739,0.779,0.6116,-0.0184,8.69,-1.87034,0.150,0.697,0.000,-0.8883,-0.5859,TRACKING,R+C
1786994812.948,57.4,0.000,0.730,0.782,0.6204,-0.0211,9.58,-1.87338,0.150,0.697,0.000,-0.9388,-0.6187,TRACKING,R+C
1786994812.964,57.4,0.000,0.736,0.783,0.6271,-0.0223,10.40,-1.81659,0.150,0.698,0.000,-0.9653,-0.6380,TRACKING,R+C
1786994812.989,57.4,0.000,0.739,0.781,0.6317,-0.0226,10.42,-1.85792,0.150,0.698,0.000,-0.9733,-0.6452,TRACKING,R+C
1786994813.011,57.4,0.000,0.743,0.786,0.6369,-0.0224,10.98,-1.81570,0.150,0.698,0.000,-0.9807,-0.6502,TRACKING,R+C
1786994813.030,57.4,0.000,0.743,0.790,0.6418,-0.0240,11.42,-1.77485,0.150,0.698,0.000,-1.0000,-0.6614,TRACKING,R+C
1786994813.041,57.4,0.000,0.747,0.788,0.6493,-0.0273,12.27,-1.70200,0.150,0.698,0.000,-1.0000,-0.6634,TRACKING,R+C
1786994813.071,57.4,0.000,0.747,0.788,0.6493,-0.0218,9.82,-1.36160,0.150,0.698,0.000,-1.0000,-0.6636,TRACKING,prediction
1786994813.092,57.4,0.000,0.746,0.790,0.6662,-0.0348,15.10,-1.38541,0.150,0.698,0.000,-1.0000,-0.6643,TRACKING,R+C
1786994813.102,57.4,0.000,0.756,0.798,0.6685,-0.0364,16.80,-1.18369,0.150,0.698,0.000,-1.0000,-0.6644,TRACKING,R+C
1786994813.125,57.4,0.000,0.756,0.793,0.6704,-0.0358,19.34,-0.86117,0.150,0.698,0.000,-1.0000,-0.6643,TRACKING,R+C
1786994813.149,57.4,0.000,0.753,0.793,0.6701,-0.0357,20.51,-0.69937,0.150,0.698,0.000,-1.0000,-0.6641,TRACKING,R+C
1786994813.161,57.4,0.000,0.754,0.793,0.6712,-0.0342,22.13,-0.49334,0.151,0.699,0.000,-1.0000,-0.6638,TRACKING,R+C
1786994813.177,57.4,0.000,0.760,0.793,0.6723,-0.0336,23.06,-0.36001,0.164,0.699,0.000,-1.0000,-0.6636,TRACKING,R+C
1786994813.191,57.4,0.000,0.761,0.789,0.6718,-0.0331,23.86,-0.23599,0.176,0.699,0.000,-0.9989,-0.6628,TRACKING,R+C
1786994813.205,57.4,0.000,0.767,0.785,0.6755,-0.0328,24.40,-0.13676,0.186,0.699,0.000,-1.0000,-0.6630,TRACKING,R+C
1786994813.226,57.4,0.000,0.767,0.785,0.6755,-0.0262,19.52,-0.10941,0.186,0.699,0.000,-1.0000,-0.6630,TRACKING,prediction
1786994813.246,57.4,0.000,0.767,0.785,0.6755,-0.0210,15.62,-0.08752,0.186,0.699,0.000,-1.0000,-0.6630,TRACKING,prediction
1786994813.267,57.4,0.000,0.767,0.785,0.6755,-0.0168,12.49,-0.07002,0.186,0.699,0.000,-1.0000,-0.6630,TRACKING,prediction
1786994813.287,57.4,0.000,0.767,0.785,0.6755,-0.0134,10.00,-0.05602,0.186,0.699,0.000,-1.0000,-0.6629,TRACKING,prediction
1786994813.307,57.4,0.000,0.767,0.785,0.6755,-0.0107,8.00,-0.04481,0.186,0.699,0.000,-1.0000,-0.6629,TRACKING,prediction
1786994813.327,57.4,0.000,0.767,0.785,0.6755,-0.0086,6.40,-0.03585,0.186,0.699,0.000,-1.0000,-0.6629,TRACKING,prediction
1786994813.348,57.4,0.000,0.767,0.785,0.6755,-0.0069,5.12,-0.02868,0.186,0.699,0.000,-1.0000,-0.6628,TRACKING,prediction
1786994813.370,57.4,0.000,0.767,0.785,0.6755,-0.0055,4.09,-0.02294,0.186,0.699,0.000,-1.0000,-0.6628,TRACKING,prediction
1786994813.390,57.4,0.000,0.767,0.785,0.6755,-0.0044,3.28,-0.01836,0.186,0.695,0.000,-1.0000,-0.6628,TRACKING,prediction
1786994813.410,57.4,0.000,0.767,0.785,0.6755,-0.0035,2.62,-0.01468,0.186,0.682,0.000,-1.0000,-0.6652,TRACKING,prediction
1786994813.427,57.4,0.000,0.767,0.785,0.6755,-0.0028,2.10,-0.01175,0.186,0.663,0.000,-1.0000,-0.6731,TRACKING,prediction
1786994813.431,57.4,0.000,0.767,0.785,0.6755,-0.0023,1.68,-0.00940,0.186,0.640,0.000,-1.0000,-0.6850,TRACKING,prediction
1786994813.464,57.4,0.000,0.767,0.785,0.6755,-0.0018,1.34,-0.00752,0.186,0.595,0.000,-1.0000,-0.6996,UNCERTAIN,prediction
1786994813.484,57.4,0.000,0.767,0.785,0.6755,-0.0014,1.07,-0.00601,0.186,0.564,0.000,-1.0000,-0.7271,UNCERTAIN,prediction
1786994813.494,57.4,0.000,0.831,0.742,0.6543,-0.1219,12.32,0.00891,0.199,0.570,0.000,-1.0000,-0.7507,TRACKING,R+C
1786994813.512,57.4,0.000,0.831,0.742,0.6543,-0.0975,9.85,0.00713,0.199,0.577,0.000,-1.0000,-0.7501,TRACKING,prediction
1786994813.524,57.4,0.000,0.817,0.768,0.6359,-0.1205,9.68,-0.07565,0.192,0.583,0.000,-1.0000,-0.7457,TRACKING,R+C
1786994813.542,57.4,0.000,0.817,0.768,0.6359,-0.0964,7.74,-0.06052,0.192,0.589,0.000,-1.0000,-0.7417,TRACKING,prediction
1786994813.554,57.4,0.000,0.811,0.777,0.6217,-0.1158,8.59,-0.05542,0.194,0.594,0.000,-1.0000,-0.7370,TRACKING,R+C
1786994813.593,57.4,0.000,0.811,0.777,0.6217,-0.0927,6.87,-0.04434,0.194,0.600,0.000,-1.0000,-0.7333,TRACKING,prediction
1786994813.603,55.0,0.000,0.781,0.787,0.6048,-0.1121,5.45,-0.23180,0.177,0.605,0.000,-1.0000,-0.7290,TRACKING,R+C
1786994813.623,55.0,0.000,0.787,0.793,0.5956,-0.1080,5.11,-0.20040,0.180,0.609,0.000,-1.0000,-0.7252,TRACKING,R+C
1786994813.645,55.0,0.000,0.757,0.796,0.5858,-0.1070,1.54,-0.46383,0.154,0.614,0.000,-1.0000,-0.7215,TRACKING,R+C
1786994813.665,55.0,0.000,0.760,0.803,0.5803,-0.1000,2.62,-0.34210,0.166,0.618,0.000,-1.0000,-0.7180,TRACKING,R+C
1786994813.686,55.0,0.000,0.744,0.808,0.5709,-0.0957,1.25,-0.43631,0.156,0.622,0.000,-1.0000,-0.7146,TRACKING,R+C
1786994813.706,55.0,0.000,0.739,0.814,0.5621,-0.0896,0.36,-0.48200,0.152,0.626,0.000,-1.0000,-0.7112,TRACKING,R+C
1786994813.726,55.0,0.000,0.739,0.814,0.5621,-0.0717,0.29,-0.38560,0.152,0.630,0.000,-1.0000,-0.7086,TRACKING,prediction
1786994813.741,55.0,0.000,0.733,0.825,0.5489,-0.0775,-1.60,-0.59002,0.150,0.633,0.000,-1.0000,-0.7049,TRACKING,R+C
1786994813.757,55.0,0.000,0.722,0.827,0.5413,-0.0730,-4.04,-0.75769,0.150,0.637,0.000,-0.9855,-0.6935,TRACKING,R+C
1786994813.773,55.0,0.863,0.721,0.828,0.4904,-0.0628,-3.65,-0.74022,0.150,0.640,0.000,-0.8965,-0.6379,TRACKING,L+C+R_fused
1786994813.788,55.0,0.901,0.714,0.829,0.5057,-0.0560,-5.31,-0.86698,0.150,0.643,0.000,-0.7931,-0.5676,TRACKING,L+C+R_fused
1786994813.801,55.0,0.926,0.720,0.841,0.5323,-0.0490,-5.42,-0.87599,0.150,0.646,0.000,-0.7064,-0.5050,TRACKING,L+C+R_fused
1786994813.820,55.0,0.879,0.727,0.847,0.5305,-0.0454,-6.74,-0.98618,0.150,0.648,0.000,-0.6305,-0.4503,TRACKING,L+C+R_fused
1786994813.835,55.0,0.819,0.728,0.848,0.5153,-0.0443,-7.62,-1.07931,0.150,0.651,0.000,-0.5992,-0.4231,TRACKING,L+C+R_fused
1786994813.854,55.0,0.697,0.715,0.849,0.4648,-0.0469,-9.71,-1.27328,0.150,0.654,0.000,-0.5919,-0.4143,TRACKING,L+C+R_fused
1786994813.868,55.0,0.000,0.729,0.849,0.5116,-0.0463,-8.56,-1.23186,0.150,0.656,0.000,-0.6165,-0.4265,TRACKING,R+C
1786994813.892,55.0,0.000,0.724,0.852,0.5128,-0.0486,-9.47,-1.35220,0.150,0.658,0.000,-0.6358,-0.4390,TRACKING,R+C
1786994813.911,55.0,0.000,0.745,0.849,0.5168,-0.0484,-8.00,-1.26686,0.150,0.660,0.000,-0.6694,-0.4593,TRACKING,R+C
1786994813.927,55.0,0.000,0.743,0.850,0.5177,-0.0513,-9.54,-1.45312,0.150,0.662,0.000,-0.6830,-0.4698,TRACKING,R+C
1786994813.945,55.0,0.000,0.751,0.850,0.5209,-0.0525,-9.26,-1.48609,0.150,0.664,0.000,-0.7118,-0.4872,TRACKING,R+C
1786994813.961,55.0,0.000,0.757,0.846,0.5239,-0.0511,-8.65,-1.50474,0.150,0.666,0.000,-0.7156,-0.4912,TRACKING,R+C
1786994813.974,55.0,0.000,0.752,0.850,0.5262,-0.0486,-8.80,-1.58064,0.150,0.668,0.000,-0.6896,-0.4765,TRACKING,R+C
1786994813.987,55.0,0.000,0.763,0.855,0.5291,-0.0418,-7.41,-1.52665,0.150,0.669,0.000,-0.6378,-0.4441,TRACKING,R+C
1786994813.997,55.0,0.000,0.747,0.852,0.5233,-0.0322,-7.24,-1.60226,0.150,0.671,0.000,-0.5176,-0.3704,TRACKING,R+C
1786994814.006,55.0,0.000,0.746,0.857,0.5156,-0.0223,-7.21,-1.66673,0.150,0.672,0.000,-0.3756,-0.2782,TRACKING,R+C
1786994814.028,55.0,0.000,0.751,0.861,0.5086,-0.0112,-6.41,-1.66959,0.150,0.674,0.000,-0.2228,-0.1769,TRACKING,R+C
1786994814.043,55.0,0.000,0.733,0.850,0.4969,0.0001,-6.00,-1.74391,0.150,0.675,0.000,-0.0565,-0.0670,TRACKING,R+C
1786994814.057,55.0,0.000,0.750,0.861,0.4890,0.0124,-3.94,-1.65348,0.150,0.676,0.000,0.0896,0.0337,TRACKING,R+C
1786994814.069,55.0,0.000,0.740,0.879,0.4824,0.0227,-4.00,-1.74826,0.150,0.677,0.000,0.2546,0.1436,TRACKING,R+C
1786994814.091,55.0,0.730,0.738,0.880,0.4885,0.0327,-3.77,-1.80178,0.150,0.678,0.000,0.4008,0.2440,TRACKING,L+C+R_fused
1786994814.109,55.0,0.950,0.746,0.886,0.5042,0.0411,-3.26,-1.82474,0.150,0.680,0.000,0.5087,0.3209,TRACKING,L+C+R_fused
1786994814.123,55.0,0.947,0.751,0.898,0.5022,0.0467,-3.13,-1.85427,0.150,0.681,0.000,0.5817,0.3741,TRACKING,L+C+R_fused
1786994814.132,55.0,0.951,0.752,0.902,0.5064,0.0543,-0.50,-1.72148,0.150,0.682,0.000,0.6151,0.4008,TRACKING,L+C+R_fused
1786994814.147,55.0,0.856,0.758,0.907,0.5069,0.0566,1.11,-1.65145,0.150,0.682,0.000,0.6009,0.3960,TRACKING,L+C+R_fused
1786994814.162,55.0,0.856,0.758,0.907,0.5069,0.0453,0.89,-1.32116,0.150,0.683,0.000,0.6009,0.3950,TRACKING,prediction
1786994814.181,55.0,0.856,0.758,0.907,0.5069,0.0362,0.71,-1.05693,0.150,0.684,0.000,0.6009,0.3946,TRACKING,prediction
1786994814.195,55.0,0.000,0.750,0.887,0.4940,0.0513,3.32,-1.66949,0.150,0.685,0.000,0.4363,0.2981,TRACKING,R+C
1786994814.209,55.0,0.000,0.752,0.876,0.4984,0.0483,4.28,-1.63348,0.150,0.686,0.000,0.3529,0.2357,TRACKING,R+C
1786994814.222,55.0,0.000,0.744,0.857,0.5105,0.0469,6.02,-1.54426,0.150,0.686,0.000,0.2704,0.1788,TRACKING,R+C
1786994814.239,55.0,0.000,0.750,0.862,0.5221,0.0438,7.72,-1.42707,0.150,0.687,0.000,0.1612,0.1077,TRACKING,R+C
1786994814.253,55.0,0.000,0.751,0.858,0.5289,0.0399,8.94,-1.35189,0.150,0.688,0.000,0.0472,0.0318,TRACKING,R+C
1786994814.264,55.0,0.000,0.748,0.852,0.5412,0.0345,9.67,-1.32969,0.150,0.688,0.000,-0.0790,-0.0513,TRACKING,R+C
1786994814.278,55.0,0.000,0.748,0.846,0.5538,0.0276,9.82,-1.35347,0.150,0.689,0.000,-0.2113,-0.1381,TRACKING,R+C
1786994814.297,55.0,0.000,0.748,0.846,0.5538,0.0221,7.86,-1.08278,0.150,0.689,0.000,-0.2113,-0.1507,TRACKING,prediction
1786994814.318,55.0,0.000,0.746,0.842,0.5805,0.0154,12.40,-1.15914,0.150,0.690,0.000,-0.4910,-0.3090,TRACKING,R+C
1786994814.339,55.0,0.000,0.746,0.836,0.5885,0.0084,12.97,-1.11283,0.150,0.691,0.000,-0.6093,-0.3980,TRACKING,R+C
1786994814.359,55.0,0.000,0.748,0.827,0.6004,0.0006,13.56,-1.08116,0.150,0.691,0.000,-0.7282,-0.4770,TRACKING,R+C
1786994814.376,55.0,0.000,0.748,0.827,0.6004,0.0005,10.85,-0.86493,0.150,0.691,0.000,-0.7282,-0.4884,TRACKING,prediction
1786994814.394,55.0,0.000,0.755,0.818,0.6276,-0.0186,13.43,-1.13222,0.150,0.692,0.000,-0.9396,-0.6069,TRACKING,R+C
1786994814.419,55.0,0.000,0.755,0.818,0.6276,-0.0149,10.75,-0.90578,0.150,0.692,0.000,-0.9396,-0.6241,TRACKING,prediction
1786994814.439,55.0,0.000,0.759,0.805,0.6530,-0.0369,14.88,-0.97673,0.150,0.693,0.000,-1.0000,-0.6607,TRACKING,R+C
