timestamp,fps,left_conf,center_conf,right_conf,lane_width_m,lateral_error_m,heading_error_deg,curvature,lookahead_m,target_speed,actual_speed,steer_raw,steer_filtered,tracking_state,reconstruction_method
1786998572.070,0.0,0.870,0.774,0.631,0.4955,-0.0044,7.79,-0.00652,0.199,0.206,0.000,-0.3041,-0.2715,TRACKING,L+C+R_fused
1786998572.124,0.0,0.867,0.775,0.629,0.4961,-0.0045,7.73,-0.01132,0.199,0.231,0.000,-0.3053,-0.3043,TRACKING,L+C+R_fused
1786998572.142,0.0,0.867,0.775,0.632,0.4956,-0.0045,7.78,-0.00866,0.199,0.254,0.000,-0.3050,-0.3049,TRACKING,L+C+R_fused
1786998572.160,0.0,0.867,0.777,0.632,0.4946,-0.0046,7.68,-0.01615,0.198,0.276,0.000,-0.3063,-0.3018,TRACKING,L+C+R_fused
1786998572.180,0.0,0.863,0.777,0.632,0.4909,-0.0045,7.72,-0.01302,0.199,0.298,0.000,-0.3058,-0.2969,TRACKING,L+C+R_fused
1786998572.199,0.0,0.863,0.776,0.632,0.4911,-0.0046,7.70,-0.01382,0.199,0.318,0.000,-0.3058,-0.2924,TRACKING,L+C+R_fused
1786998572.220,0.0,0.862,0.776,0.632,0.4907,-0.0045,7.72,-0.01305,0.199,0.337,0.000,-0.3057,-0.2879,TRACKING,L+C+R_fused
1786998572.242,0.0,0.864,0.778,0.632,0.4920,-0.0045,7.75,-0.01152,0.199,0.355,0.000,-0.3057,-0.2838,TRACKING,L+C+R_fused
1786998572.265,0.0,0.864,0.777,0.629,0.4906,-0.0045,7.73,-0.01197,0.199,0.372,0.000,-0.3057,-0.2800,TRACKING,L+C+R_fused
1786998572.285,0.0,0.863,0.777,0.631,0.4914,-0.0045,7.74,-0.01108,0.199,0.389,0.000,-0.3055,-0.2762,TRACKING,L+C+R_fused
1786998572.303,0.0,0.862,0.777,0.631,0.4924,-0.0045,7.75,-0.01044,0.199,0.404,0.000,-0.3053,-0.2725,TRACKING,L+C+R_fused
1786998572.324,0.0,0.862,0.777,0.631,0.4909,-0.0045,7.73,-0.01123,0.199,0.419,0.000,-0.3054,-0.2691,TRACKING,L+C+R_fused
1786998572.346,0.0,0.868,0.777,0.629,0.4856,-0.0046,7.66,-0.01944,0.198,0.433,0.000,-0.3077,-0.2676,TRACKING,L+C+R_fused
1786998572.367,0.0,0.868,0.778,0.628,0.4880,-0.0046,7.68,-0.01818,0.198,0.446,0.000,-0.3073,-0.2646,TRACKING,L+C+R_fused
1786998572.390,0.0,0.866,0.777,0.628,0.4869,-0.0045,7.70,-0.01666,0.198,0.459,0.000,-0.3070,-0.2615,TRACKING,L+C+R_fused
1786998572.410,0.0,0.865,0.778,0.631,0.4859,-0.0046,7.70,-0.01585,0.198,0.471,0.000,-0.3070,-0.2587,TRACKING,L+C+R_fused
1786998572.431,0.0,0.865,0.777,0.631,0.4865,-0.0045,7.68,-0.01810,0.198,0.483,0.000,-0.3070,-0.2561,TRACKING,L+C+R_fused
1786998572.457,0.0,0.864,0.777,0.631,0.4878,-0.0045,7.70,-0.01721,0.198,0.493,0.000,-0.3067,-0.2534,TRACKING,L+C+R_fused
1786998572.485,0.0,0.864,0.777,0.631,0.4873,-0.0045,7.70,-0.01686,0.198,0.504,0.000,-0.3068,-0.2511,TRACKING,L+C+R_fused
1786998572.513,0.0,0.864,0.777,0.631,0.4873,-0.0045,7.70,-0.01695,0.198,0.514,0.000,-0.3068,-0.2489,TRACKING,L+C+R_fused
1786998572.543,0.0,0.860,0.777,0.631,0.4909,-0.0046,7.68,-0.01808,0.198,0.523,0.000,-0.3072,-0.2471,TRACKING,L+C+R_fused
1786998572.572,0.0,0.860,0.777,0.631,0.4909,-0.0046,7.69,-0.01620,0.198,0.532,0.000,-0.3072,-0.2451,TRACKING,L+C+R_fused
1786998572.593,0.0,0.861,0.777,0.629,0.4944,-0.0046,7.70,-0.01562,0.198,0.540,0.000,-0.3071,-0.2431,TRACKING,L+C+R_fused
1786998572.618,0.0,0.861,0.778,0.629,0.4943,-0.0046,7.68,-0.01689,0.198,0.548,0.000,-0.3073,-0.2414,TRACKING,L+C+R_fused
1786998572.640,0.0,0.865,0.778,0.631,0.4875,-0.0046,7.67,-0.01617,0.198,0.556,0.000,-0.3064,-0.2391,TRACKING,L+C+R_fused
1786998572.662,0.0,0.865,0.779,0.631,0.4872,-0.0046,7.67,-0.01606,0.198,0.563,0.000,-0.3064,-0.2374,TRACKING,L+C+R_fused
1786998572.688,0.0,0.865,0.778,0.631,0.4873,-0.0046,7.65,-0.01723,0.198,0.570,0.000,-0.3067,-0.2360,TRACKING,L+C+R_fused
1786998572.712,0.0,0.865,0.777,0.631,0.4874,-0.0046,7.68,-0.01544,0.198,0.576,0.000,-0.3061,-0.2342,TRACKING,L+C+R_fused
1786998572.735,0.0,0.865,0.777,0.631,0.4876,-0.0046,7.70,-0.01397,0.199,0.583,0.000,-0.3060,-0.2327,TRACKING,L+C+R_fused
1786998572.754,0.0,0.865,0.778,0.633,0.4904,-0.0046,7.68,-0.01527,0.198,0.588,0.000,-0.3063,-0.2315,TRACKING,L+C+R_fused
1786998572.772,0.0,0.862,0.777,0.633,0.4925,-0.0045,7.69,-0.01497,0.199,0.594,0.000,-0.3061,-0.2301,TRACKING,L+C+R_fused
1786998572.791,31.8,0.863,0.779,0.632,0.4909,-0.0047,7.64,-0.01776,0.198,0.599,0.000,-0.3072,-0.2296,TRACKING,L+C+R_fused
1786998572.811,31.8,0.862,0.778,0.632,0.4895,-0.0048,7.63,-0.01855,0.198,0.604,0.000,-0.3077,-0.2288,TRACKING,L+C+R_fused
1786998572.828,31.8,0.861,0.778,0.632,0.4896,-0.0046,7.67,-0.01670,0.198,0.609,0.000,-0.3067,-0.2272,TRACKING,L+C+R_fused
1786998572.848,31.8,0.864,0.777,0.632,0.4886,-0.0045,7.64,-0.02031,0.198,0.614,0.000,-0.3065,-0.2260,TRACKING,L+C+R_fused
1786998572.868,31.8,0.857,0.774,0.633,0.4948,-0.0038,7.72,-0.01001,0.199,0.618,0.000,-0.2975,-0.2194,TRACKING,L+C+R_fused
1786998572.886,31.8,0.866,0.777,0.630,0.4922,-0.0039,7.59,-0.02112,0.198,0.622,0.000,-0.2997,-0.2190,TRACKING,L+C+R_fused
1786998572.904,31.8,0.867,0.777,0.635,0.4943,-0.0040,7.53,-0.02467,0.198,0.626,0.000,-0.3001,-0.2184,TRACKING,L+C+R_fused
1786998572.925,31.8,0.871,0.775,0.636,0.4940,-0.0040,7.53,-0.02463,0.198,0.630,0.000,-0.3001,-0.2177,TRACKING,L+C+R_fused
1786998572.941,31.8,0.868,0.777,0.635,0.4942,-0.0040,7.58,-0.02146,0.198,0.633,0.000,-0.2997,-0.2167,TRACKING,L+C+R_fused
1786998572.959,31.8,0.868,0.777,0.635,0.4941,-0.0039,7.57,-0.02224,0.198,0.637,0.000,-0.2997,-0.2159,TRACKING,L+C+R_fused
1786998572.977,31.8,0.868,0.777,0.635,0.4941,-0.0039,7.58,-0.02197,0.198,0.640,0.000,-0.2996,-0.2151,TRACKING,L+C+R_fused
1786998572.995,31.8,0.868,0.777,0.633,0.4927,-0.0039,7.60,-0.02058,0.198,0.643,0.000,-0.2997,-0.2145,TRACKING,L+C+R_fused
1786998573.013,31.8,0.868,0.777,0.633,0.4926,-0.0039,7.59,-0.02180,0.198,0.646,0.000,-0.2999,-0.2140,TRACKING,L+C+R_fused
1786998573.030,31.8,0.867,0.778,0.633,0.4928,-0.0042,7.50,-0.02579,0.197,0.648,0.000,-0.3017,-0.2145,TRACKING,L+C+R_fused
1786998573.048,31.8,0.871,0.778,0.633,0.4910,-0.0042,7.61,-0.01592,0.198,0.651,0.000,-0.3009,-0.2136,TRACKING,L+C+R_fused
1786998573.066,31.8,0.870,0.778,0.632,0.4952,-0.0045,7.65,-0.01369,0.199,0.653,0.000,-0.3032,-0.2144,TRACKING,L+C+R_fused
1786998573.082,31.8,0.865,0.778,0.628,0.4915,-0.0048,7.68,-0.00694,0.199,0.656,0.000,-0.3044,-0.2148,TRACKING,L+C+R_fused
1786998573.102,31.8,0.856,0.776,0.627,0.4836,-0.0048,7.72,0.00013,0.200,0.658,0.000,-0.3026,-0.2134,TRACKING,L+C+R_fused
1786998573.120,31.8,0.855,0.779,0.630,0.4910,-0.0057,7.65,-0.00264,0.200,0.660,0.000,-0.3097,-0.2170,TRACKING,L+C+R_fused
1786998573.138,31.8,0.856,0.776,0.629,0.4929,-0.0061,7.66,0.00066,0.200,0.662,0.000,-0.3124,-0.2187,TRACKING,L+C+R_fused
1786998573.155,31.8,0.854,0.778,0.635,0.5022,-0.0070,7.68,0.00737,0.199,0.664,0.000,-0.3227,-0.2246,TRACKING,L+C+R_fused
1786998573.173,31.8,0.849,0.778,0.633,0.5047,-0.0078,7.72,0.01549,0.198,0.666,0.000,-0.3323,-0.2306,TRACKING,L+C+R_fused
1786998573.191,31.8,0.846,0.779,0.627,0.5052,-0.0096,7.65,0.02458,0.198,0.667,0.000,-0.3483,-0.2404,TRACKING,L+C+R_fused
1786998573.207,31.8,0.846,0.780,0.635,0.5099,-0.0110,7.69,0.03835,0.196,0.669,0.000,-0.3657,-0.2516,TRACKING,L+C+R_fused
1786998573.225,31.8,0.837,0.777,0.637,0.5145,-0.0127,7.52,0.02301,0.198,0.671,0.000,-0.3735,-0.2575,TRACKING,L+C+R_fused
1786998573.242,31.8,0.849,0.775,0.635,0.5232,-0.0141,7.51,0.03142,0.197,0.672,0.000,-0.3875,-0.2661,TRACKING,L+C+R_fused
1786998573.260,31.8,0.850,0.778,0.632,0.5204,-0.0161,7.23,0.02040,0.198,0.673,0.000,-0.3959,-0.2720,TRACKING,L+C+R_fused
1786998573.276,31.8,0.854,0.780,0.631,0.5284,-0.0184,7.09,0.02386,0.198,0.675,0.000,-0.4126,-0.2821,TRACKING,L+C+R_fused
1786998573.293,31.8,0.852,0.778,0.625,0.5319,-0.0200,7.13,0.03700,0.196,0.676,0.000,-0.4314,-0.2941,TRACKING,L+C+R_fused
1786998573.311,31.8,0.857,0.780,0.625,0.5326,-0.0217,7.12,0.03887,0.196,0.677,0.000,-0.4472,-0.3046,TRACKING,L+C+R_fused
1786998573.341,31.8,0.850,0.782,0.622,0.5370,-0.0228,6.93,0.03459,0.197,0.678,0.000,-0.4506,-0.3078,TRACKING,L+C+R_fused
1786998573.365,31.8,0.846,0.779,0.620,0.5351,-0.0235,6.72,0.03637,0.196,0.679,0.000,-0.4505,-0.3079,TRACKING,L+C+R_fused
1786998573.383,31.8,0.841,0.780,0.621,0.5416,-0.0231,6.46,0.02788,0.197,0.680,0.000,-0.4371,-0.2999,TRACKING,L+C+R_fused
1786998573.401,31.8,0.855,0.778,0.620,0.5400,-0.0213,6.17,0.02258,0.198,0.681,0.000,-0.4105,-0.2832,TRACKING,L+C+R_fused
1786998573.417,31.8,0.853,0.776,0.630,0.5347,-0.0184,5.80,0.01014,0.199,0.682,0.000,-0.3699,-0.2572,TRACKING,L+C+R_fused
1786998573.435,31.8,0.848,0.774,0.628,0.5371,-0.0155,5.62,0.01058,0.199,0.683,0.000,-0.3377,-0.2346,TRACKING,L+C+R_fused
1786998573.448,31.8,0.832,0.782,0.633,0.5325,-0.0149,5.10,-0.01398,0.199,0.684,0.000,-0.3202,-0.2211,TRACKING,L+C+R_fused
1786998573.471,31.8,0.833,0.776,0.630,0.5353,-0.0156,4.93,-0.00841,0.199,0.685,0.000,-0.3193,-0.2184,TRACKING,L+C+R_fused
1786998573.501,31.8,0.837,0.776,0.628,0.5359,-0.0167,4.74,-0.01622,0.198,0.686,0.000,-0.3273,-0.2224,TRACKING,L+C+R_fused
1786998573.520,31.8,0.833,0.776,0.636,0.5341,-0.0180,4.76,-0.00901,0.199,0.686,0.000,-0.3362,-0.2280,TRACKING,L+C+R_fused
1786998573.538,31.8,0.835,0.780,0.630,0.5364,-0.0194,4.45,-0.02607,0.197,0.687,0.000,-0.3483,-0.2355,TRACKING,L+C+R_fused
1786998573.555,31.8,0.834,0.779,0.622,0.5360,-0.0209,3.97,-0.05806,0.194,0.688,0.000,-0.3641,-0.2454,TRACKING,L+C+R_fused
1786998573.573,31.8,0.845,0.771,0.620,0.5342,-0.0228,3.80,-0.06046,0.194,0.688,0.000,-0.3778,-0.2545,TRACKING,L+C+R_fused
1786998573.593,31.8,0.845,0.772,0.620,0.5378,-0.0249,3.44,-0.08290,0.192,0.689,0.000,-0.3991,-0.2677,TRACKING,L+C+R_fused
1786998573.613,31.8,0.863,0.769,0.628,0.5334,-0.0287,2.36,-0.16104,0.184,0.689,0.000,-0.4485,-0.2973,TRACKING,L+C+R_fused
1786998573.630,31.8,0.854,0.765,0.618,0.5352,-0.0313,2.18,-0.17401,0.183,0.690,0.000,-0.4769,-0.3176,TRACKING,L+C+R_fused
1786998573.653,31.8,0.863,0.758,0.617,0.5325,-0.0341,1.96,-0.19512,0.180,0.690,0.000,-0.5130,-0.3407,TRACKING,L+C+R_fused
1786998573.670,31.8,0.866,0.745,0.617,0.5384,-0.0380,0.27,-0.33778,0.166,0.691,0.000,-0.5677,-0.3745,TRACKING,L+C+R_fused
1786998573.698,31.8,0.865,0.739,0.617,0.5423,-0.0410,-0.48,-0.40516,0.159,0.691,0.000,-0.6314,-0.4148,TRACKING,L+C+R_fused
1786998573.717,31.8,0.877,0.731,0.617,0.5390,-0.0435,-1.46,-0.47760,0.152,0.692,0.000,-0.6923,-0.4543,TRACKING,L+C+R_fused
1786998573.736,31.8,0.878,0.725,0.619,0.5383,-0.0442,-2.97,-0.58231,0.150,0.692,0.000,-0.6828,-0.4546,TRACKING,L+C+R_fused
1786998573.758,31.8,0.882,0.711,0.618,0.5297,-0.0421,-3.64,-0.65006,0.150,0.693,0.000,-0.6425,-0.4320,TRACKING,L+C+R_fused
1786998573.774,31.8,0.884,0.706,0.618,0.5260,-0.0398,-4.31,-0.71037,0.150,0.693,0.000,-0.5972,-0.4033,TRACKING,L+C+R_fused
1786998573.795,52.8,0.900,0.697,0.620,0.5221,-0.0383,-5.29,-0.80106,0.150,0.693,0.000,-0.5537,-0.3747,TRACKING,L+C+R_fused
1786998573.812,52.8,0.901,0.699,0.621,0.5128,-0.0390,-6.59,-0.91503,0.150,0.694,0.000,-0.5344,-0.3596,TRACKING,L+C+R_fused
1786998573.837,52.8,0.901,0.698,0.620,0.5168,-0.0402,-7.44,-0.98691,0.150,0.694,0.000,-0.5316,-0.3559,TRACKING,L+C+R_fused
1786998573.865,52.8,0.906,0.691,0.618,0.5104,-0.0416,-8.52,-1.08793,0.150,0.694,0.000,-0.5286,-0.3537,TRACKING,L+C+R_fused
1786998588.332,0.3,0.915,0.689,0.621,0.5119,-0.0426,-8.94,-1.14818,0.150,0.695,0.000,-0.5377,-0.3585,TRACKING,L+C+R_fused
1786998588.352,0.3,0.917,0.686,0.619,0.5095,-0.0447,-9.86,-1.25616,0.150,0.695,0.000,-0.5534,-0.3682,TRACKING,L+C+R_fused
1786998588.371,0.3,0.916,0.688,0.622,0.5147,-0.0458,-10.56,-1.33489,0.150,0.695,0.000,-0.5559,-0.3711,TRACKING,L+C+R_fused
1786998588.393,0.3,0.910,0.688,0.621,0.5161,-0.0449,-11.03,-1.41546,0.150,0.695,0.000,-0.5393,-0.3624,TRACKING,L+C+R_fused
1786998588.413,0.3,0.919,0.689,0.618,0.5122,-0.0444,-12.72,-1.53670,0.150,0.696,0.000,-0.4895,-0.3334,TRACKING,L+C+R_fused
1786998588.434,0.3,0.918,0.689,0.621,0.4974,-0.0398,-12.14,-1.55990,0.150,0.696,0.000,-0.4454,-0.3046,TRACKING,L+C+R_fused
1786998588.454,0.3,0.944,0.698,0.624,0.4865,-0.0388,-12.47,-1.62625,0.150,0.696,0.000,-0.4286,-0.2912,TRACKING,L+C+R_fused
1786998588.474,0.3,0.642,0.705,0.627,0.4853,-0.0390,-12.34,-1.65721,0.150,0.696,0.000,-0.4412,-0.2963,TRACKING,L+C+R_fused
1786998588.492,0.3,0.000,0.714,0.633,0.5071,-0.0386,-11.95,-1.69454,0.150,0.696,0.000,-0.4574,-0.3063,TRACKING,R+C
1786998588.512,0.3,0.000,0.716,0.627,0.5038,-0.0373,-11.82,-1.74284,0.150,0.697,0.000,-0.4497,-0.3037,TRACKING,R+C
1786998588.529,0.3,0.000,0.722,0.629,0.5022,-0.0341,-11.98,-1.81298,0.150,0.697,0.000,-0.4056,-0.2789,TRACKING,R+C
1786998588.548,0.3,0.000,0.709,0.634,0.5056,-0.0240,-10.00,-1.78512,0.150,0.697,0.000,-0.3127,-0.2236,TRACKING,R+C
1786998588.568,0.3,0.000,0.716,0.635,0.4936,-0.0146,-9.07,-1.78730,0.150,0.697,0.000,-0.1914,-0.1478,TRACKING,R+C
1786998588.585,0.3,0.000,0.715,0.633,0.4838,-0.0065,-8.11,-1.78232,0.150,0.697,0.000,-0.0894,-0.0797,TRACKING,R+C
1786998588.601,0.3,0.000,0.718,0.522,0.4715,-0.0016,-7.33,-1.79193,0.150,0.697,0.000,-0.0383,-0.0412,TRACKING,R+C
1786998588.618,0.3,0.000,0.718,0.591,0.4835,-0.0011,-6.59,-1.82226,0.150,0.697,0.000,-0.0671,-0.0521,TRACKING,R+C
1786998588.635,0.3,0.000,0.721,0.637,0.4917,-0.0012,-5.88,-1.85695,0.150,0.698,0.000,-0.1043,-0.0749,TRACKING,R+C
1786998588.650,0.3,0.000,0.720,0.649,0.5074,0.0024,-4.01,-1.81261,0.150,0.698,0.000,-0.1137,-0.0837,TRACKING,R+C
1786998588.667,0.3,0.000,0.722,0.641,0.4921,0.0079,-2.47,-1.77052,0.150,0.698,0.000,-0.0762,-0.0642,TRACKING,R+C
1786998590.403,9.2,0.000,0.718,0.641,0.4878,0.0133,-1.40,-1.74646,0.150,0.698,0.000,-0.0234,-0.0320,TRACKING,R+C
1786998590.419,9.2,0.000,0.725,0.685,0.5604,0.0172,-0.50,-1.72563,0.150,0.698,0.000,0.0099,-0.0088,TRACKING,R+C
1786998590.435,9.2,0.000,0.718,0.668,0.5719,0.0180,0.16,-1.70597,0.150,0.698,0.000,-0.0023,-0.0123,TRACKING,R+C
1786998590.451,9.2,0.000,0.711,0.656,0.4942,0.0163,0.84,-1.72004,0.150,0.698,0.000,-0.0653,-0.0484,TRACKING,R+C
1786998590.477,9.2,0.000,0.718,0.658,0.5060,0.0148,2.60,-1.63239,0.150,0.698,0.000,-0.1544,-0.1036,TRACKING,R+C
1786998590.494,9.2,0.000,0.718,0.658,0.5060,0.0118,2.08,-1.30591,0.150,0.698,0.000,-0.1544,-0.1116,TRACKING,prediction
1786998590.512,9.2,0.000,0.716,0.731,0.5299,0.0080,4.27,-1.61270,0.150,0.698,0.000,-0.3406,-0.2169,TRACKING,R+C
1786998590.528,9.2,0.000,0.714,0.807,0.5449,0.0034,4.93,-1.59369,0.150,0.699,0.000,-0.4380,-0.2864,TRACKING,R+C
1786998590.545,9.2,0.000,0.714,0.807,0.5449,0.0028,3.95,-1.27495,0.150,0.699,0.000,-0.4380,-0.2966,TRACKING,prediction
1786998590.564,9.2,0.000,0.714,0.807,0.5449,0.0022,3.16,-1.01996,0.150,0.699,0.000,-0.4380,-0.2981,TRACKING,prediction
1786998590.583,9.2,0.000,0.714,0.807,0.5449,0.0018,2.53,-0.81597,0.150,0.699,0.000,-0.4380,-0.2983,TRACKING,prediction
1786998590.600,9.2,0.000,0.714,0.807,0.5449,0.0014,2.02,-0.65278,0.150,0.699,0.000,-0.4380,-0.2984,TRACKING,prediction
1786998590.616,9.2,0.000,0.714,0.807,0.5449,0.0011,1.62,-0.52222,0.150,0.699,0.000,-0.4380,-0.2983,TRACKING,prediction
1786998590.648,9.2,0.000,0.714,0.807,0.5449,0.0009,1.29,-0.41778,0.150,0.699,0.000,-0.4380,-0.2983,TRACKING,prediction
1786998590.677,9.2,0.000,0.714,0.807,0.5449,0.0007,1.03,-0.33422,0.150,0.699,0.000,-0.4380,-0.2983,TRACKING,prediction
1786998590.692,9.2,0.000,0.714,0.807,0.5449,0.0006,0.83,-0.26738,0.150,0.699,0.000,-0.4380,-0.2983,TRACKING,prediction
1786998590.707,9.2,0.000,0.756,0.784,0.6179,-0.0343,11.23,-1.21466,0.150,0.699,0.000,-1.0000,-0.6083,TRACKING,R+C
1786998590.725,9.2,0.000,0.756,0.784,0.6179,-0.0275,8.98,-0.97173,0.150,0.699,0.000,-1.0000,-0.6534,TRACKING,prediction
1786998590.740,9.2,0.000,0.756,0.784,0.6179,-0.0220,7.19,-0.77738,0.150,0.699,0.000,-1.0000,-0.6602,TRACKING,prediction
1786998590.762,9.2,0.000,0.756,0.784,0.6179,-0.0176,5.75,-0.62191,0.150,0.699,0.000,-1.0000,-0.6612,TRACKING,prediction
1786998590.779,9.2,0.000,0.756,0.784,0.6179,-0.0141,4.60,-0.49752,0.150,0.699,0.000,-1.0000,-0.6613,TRACKING,prediction
1786998590.796,9.2,0.000,0.756,0.784,0.6179,-0.0112,3.68,-0.39802,0.150,0.699,0.000,-1.0000,-0.6613,TRACKING,prediction
1786998590.813,9.2,0.000,0.756,0.784,0.6179,-0.0090,2.94,-0.31842,0.150,0.699,0.000,-1.0000,-0.6613,TRACKING,prediction
1786998590.829,9.2,0.000,0.756,0.784,0.6179,-0.0072,2.36,-0.25473,0.150,0.699,0.000,-1.0000,-0.6612,TRACKING,prediction
1786998590.847,9.2,0.000,0.756,0.784,0.6179,-0.0058,1.88,-0.20379,0.150,0.699,0.000,-1.0000,-0.6612,TRACKING,prediction
1786998590.864,9.2,0.000,0.780,0.766,0.6348,-0.0568,11.94,-1.00925,0.150,0.699,0.000,-1.0000,-0.6626,TRACKING,R+C
1786998590.882,9.2,0.000,0.780,0.766,0.6348,-0.0454,9.55,-0.80740,0.150,0.699,0.000,-1.0000,-0.6626,TRACKING,prediction
1786998590.900,9.2,0.000,0.780,0.766,0.6348,-0.0364,7.64,-0.64592,0.150,0.699,0.000,-1.0000,-0.6626,TRACKING,prediction
1786998590.916,9.2,0.000,0.780,0.766,0.6348,-0.0291,6.11,-0.51674,0.150,0.700,0.000,-1.0000,-0.6626,TRACKING,prediction
1786998590.934,9.2,0.000,0.780,0.766,0.6348,-0.0233,4.89,-0.41339,0.150,0.700,0.000,-1.0000,-0.6626,TRACKING,prediction
1786998590.949,9.2,0.000,0.780,0.766,0.6348,-0.0186,3.91,-0.33071,0.150,0.700,0.000,-1.0000,-0.6625,TRACKING,prediction
1786998590.966,9.2,0.000,0.780,0.766,0.6348,-0.0149,3.13,-0.26457,0.150,0.700,0.000,-1.0000,-0.6625,TRACKING,prediction
1786998590.984,9.2,0.000,0.780,0.766,0.6348,-0.0119,2.50,-0.21166,0.150,0.700,0.000,-1.0000,-0.6625,TRACKING,prediction
1786998591.006,9.2,0.000,0.780,0.766,0.6348,-0.0095,2.00,-0.16932,0.150,0.700,0.000,-1.0000,-0.6625,TRACKING,prediction
1786998591.020,9.2,0.000,0.780,0.766,0.6348,-0.0076,1.60,-0.13546,0.150,0.694,0.000,-1.0000,-0.6625,TRACKING,prediction
1786998591.042,9.2,0.000,0.780,0.766,0.6348,-0.0061,1.28,-0.10837,0.150,0.680,0.000,-1.0000,-0.6655,TRACKING,prediction
1786998591.061,9.2,0.000,0.780,0.766,0.6348,-0.0049,1.03,-0.08669,0.150,0.661,0.000,-1.0000,-0.6738,TRACKING,prediction
1786998591.080,9.2,0.000,0.780,0.766,0.6348,-0.0039,0.82,-0.06936,0.150,0.638,0.000,-1.0000,-0.6861,TRACKING,prediction
1786998591.099,9.2,0.000,0.780,0.766,0.6348,-0.0031,0.66,-0.05548,0.150,0.594,0.000,-1.0000,-0.7008,UNCERTAIN,prediction
1786998591.118,9.2,0.000,0.780,0.766,0.6348,-0.0025,0.53,-0.04439,0.150,0.563,0.000,-1.0000,-0.7281,UNCERTAIN,prediction
1786998591.137,9.2,0.000,0.780,0.766,0.6348,-0.0020,0.42,-0.03551,0.150,0.541,0.000,-1.0000,-0.7495,UNCERTAIN,prediction
1786998591.153,9.2,0.000,0.780,0.766,0.6348,-0.0016,0.34,-0.02841,0.150,0.521,0.000,-1.0000,-0.7649,UNCERTAIN,prediction
1786998591.172,9.2,0.000,0.780,0.766,0.6348,-0.0013,0.27,-0.02273,0.150,0.501,0.000,-1.0000,-0.7780,UNCERTAIN,prediction
1786998597.105,6.4,0.000,0.780,0.766,0.6348,-0.0010,0.22,-0.01818,0.150,0.405,0.000,-1.0000,-0.7914,PREDICTING,prediction
1786998597.121,6.4,0.000,0.780,0.766,0.6348,-0.0008,0.17,-0.01454,0.150,0.337,0.000,-1.0000,-0.8468,PREDICTING,prediction
1786998597.140,6.4,0.000,0.780,0.766,0.6348,-0.0007,0.14,-0.01164,0.150,0.290,0.000,-1.0000,-0.8919,PREDICTING,prediction
1786998597.156,6.4,0.000,0.780,0.766,0.6348,-0.0005,0.11,-0.00931,0.150,0.257,0.000,-1.0000,-0.9244,PREDICTING,prediction
1786998597.172,6.4,0.000,0.780,0.766,0.6348,-0.0004,0.09,-0.00745,0.150,0.234,0.000,-1.0000,-0.9471,PREDICTING,prediction
1786998597.188,6.4,0.000,0.780,0.766,0.6348,-0.0003,0.07,-0.00596,0.150,0.218,0.000,-1.0000,-0.9630,PREDICTING,prediction
1786998597.204,6.4,0.000,0.780,0.766,0.6348,-0.0003,0.06,-0.00477,0.150,0.206,0.000,-1.0000,-0.9741,PREDICTING,prediction
1786998597.229,6.4,0.000,0.780,0.766,0.6348,-0.0002,0.05,-0.00381,0.150,0.198,0.000,-1.0000,-0.9819,PREDICTING,prediction
1786998597.251,6.4,0.000,0.780,0.766,0.6348,-0.0002,0.04,-0.00305,0.150,0.193,0.000,-1.0000,-0.9873,PREDICTING,prediction
1786998597.268,6.4,0.000,0.780,0.766,0.6348,-0.0001,0.03,-0.00244,0.150,0.189,0.000,-1.0000,-0.9911,PREDICTING,prediction
1786998597.285,6.4,0.000,0.780,0.766,0.6348,-0.0001,0.02,-0.00195,0.150,0.186,0.000,-1.0000,-0.9938,PREDICTING,prediction
1786998597.311,6.4,0.000,0.780,0.766,0.6348,-0.0001,0.02,-0.00156,0.150,0.184,0.000,-1.0000,-0.9957,PREDICTING,prediction
1786998597.330,6.4,0.000,0.780,0.766,0.6348,-0.0001,0.01,-0.00125,0.150,0.183,0.000,-1.0000,-0.9970,PREDICTING,prediction
1786998597.346,6.4,0.000,0.780,0.766,0.6348,-0.0001,0.01,-0.00100,0.150,0.182,0.000,-1.0000,-0.9979,PREDICTING,prediction
1786998597.361,6.4,0.000,0.862,0.759,0.5730,-0.0956,7.60,-0.51717,0.150,0.208,0.000,-1.0000,-0.9985,TRACKING,R+C
1786998597.848,6.4,0.000,0.862,0.759,0.5730,-0.0765,6.08,-0.41373,0.150,0.233,0.000,-1.0000,-0.9847,TRACKING,prediction
1786998597.862,6.4,0.000,0.858,0.768,0.5638,-0.0883,7.19,-0.48166,0.152,0.256,0.000,-1.0000,-0.9692,TRACKING,R+C
1786998597.895,6.4,0.000,0.858,0.768,0.5638,-0.0706,5.75,-0.38532,0.152,0.278,0.000,-1.0000,-0.9542,TRACKING,prediction
1786998597.911,6.4,0.000,0.858,0.768,0.5638,-0.0565,4.60,-0.30826,0.152,0.299,0.000,-1.0000,-0.9398,TRACKING,prediction
1786998597.938,6.4,0.000,0.858,0.768,0.5638,-0.0452,3.68,-0.24661,0.152,0.319,0.000,-1.0000,-0.9262,TRACKING,prediction
1786998597.964,6.4,0.000,0.858,0.768,0.5638,-0.0362,2.95,-0.19729,0.152,0.338,0.000,-1.0000,-0.9132,TRACKING,prediction
1786998597.993,6.4,0.000,0.834,0.773,0.5475,-0.0633,5.69,-0.50069,0.150,0.356,0.000,-1.0000,-0.8996,TRACKING,R+C
1786998598.010,6.4,0.000,0.834,0.773,0.5475,-0.0507,4.55,-0.40055,0.150,0.374,0.000,-1.0000,-0.8877,TRACKING,prediction
1786998598.026,6.4,0.000,0.834,0.773,0.5475,-0.0405,3.64,-0.32044,0.150,0.390,0.000,-1.0000,-0.8764,TRACKING,prediction
1786998598.043,6.4,0.000,0.834,0.773,0.5475,-0.0324,2.91,-0.25635,0.150,0.405,0.000,-1.0000,-0.8657,TRACKING,prediction
1786998598.059,6.4,0.000,0.834,0.773,0.5475,-0.0259,2.33,-0.20508,0.150,0.420,0.000,-1.0000,-0.8554,TRACKING,prediction
1786998598.076,6.4,0.000,0.834,0.773,0.5475,-0.0208,1.87,-0.16407,0.150,0.434,0.000,-1.0000,-0.8457,TRACKING,prediction
1786998598.093,6.4,0.000,0.834,0.773,0.5475,-0.0166,1.49,-0.13125,0.150,0.447,0.000,-1.0000,-0.8365,TRACKING,prediction
1786998598.111,27.8,0.000,0.834,0.773,0.5475,-0.0133,1.19,-0.10500,0.150,0.460,0.000,-1.0000,-0.8276,TRACKING,prediction
1786998598.131,27.8,0.000,0.834,0.773,0.5475,-0.0106,0.96,-0.08400,0.150,0.472,0.000,-1.0000,-0.8193,TRACKING,prediction
1786998598.160,27.8,0.377,0.825,0.784,0.4684,-0.0046,3.55,-0.61807,0.150,0.483,0.000,-0.3470,-0.3676,TRACKING,L+C+R_fused
1786998598.190,27.8,0.371,0.823,0.793,0.4774,-0.0000,3.62,-0.61254,0.150,0.494,0.000,-0.2716,-0.2466,TRACKING,L+C+R_fused
1786998598.203,27.8,0.000,0.826,0.785,0.4901,0.0014,2.87,-0.68585,0.150,0.505,0.000,-0.2269,-0.1968,TRACKING,R+C
1786998598.220,27.8,0.000,0.822,0.800,0.4954,0.0017,3.41,-0.64681,0.150,0.514,0.000,-0.2397,-0.1966,TRACKING,R+C
1786998598.245,27.8,0.000,0.817,0.795,0.4993,-0.0005,3.80,-0.62897,0.150,0.524,0.000,-0.2910,-0.2293,TRACKING,R+C
1786998598.262,27.8,0.000,0.817,0.801,0.5028,-0.0040,3.84,-0.64563,0.150,0.532,0.000,-0.3524,-0.2730,TRACKING,R+C
1786998598.278,27.8,0.000,0.819,0.783,0.5077,-0.0063,4.26,-0.62874,0.150,0.541,0.000,-0.4047,-0.3117,TRACKING,R+C
1786998598.293,27.8,0.000,0.822,0.782,0.5153,-0.0087,4.64,-0.60176,0.150,0.549,0.000,-0.4533,-0.3468,TRACKING,R+C
1786998598.308,27.8,0.000,0.827,0.786,0.5180,-0.0098,4.75,-0.60202,0.150,0.556,0.000,-0.4744,-0.3635,TRACKING,R+C
1786998598.324,27.8,0.000,0.828,0.781,0.5219,-0.0095,5.04,-0.58503,0.150,0.564,0.000,-0.4786,-0.3665,TRACKING,R+C
1786998602.911,2.5,0.000,0.827,0.772,0.5228,-0.0080,5.23,-0.57243,0.150,0.570,0.000,-0.4616,-0.3542,TRACKING,R+C
1786998602.927,2.5,0.000,0.831,0.786,0.5235,-0.0077,5.18,-0.58526,0.150,0.577,0.000,-0.4559,-0.3470,TRACKING,R+C
1786998602.943,2.5,0.000,0.824,0.789,0.5233,-0.0118,3.95,-0.69146,0.150,0.583,0.000,-0.4878,-0.3643,TRACKING,R+C
1786998602.956,2.5,0.000,0.817,0.789,0.5265,-0.0138,4.74,-0.65110,0.150,0.589,0.000,-0.5416,-0.3985,TRACKING,R+C
1786998602.973,2.5,0.000,0.820,0.794,0.5263,-0.0176,4.97,-0.64319,0.150,0.594,0.000,-0.6038,-0.4402,TRACKING,R+C
1786998602.992,2.5,0.722,0.827,0.788,0.4483,-0.0197,5.22,-0.64053,0.150,0.600,0.000,-0.6412,-0.4673,TRACKING,L+C+R_fused
1786998603.022,2.5,0.765,0.829,0.798,0.4672,-0.0197,5.73,-0.60022,0.150,0.605,0.000,-0.6521,-0.4760,TRACKING,L+C+R_fused
1786998603.039,2.5,0.765,0.829,0.798,0.4672,-0.0157,4.58,-0.48017,0.150,0.609,0.000,-0.6521,-0.4754,TRACKING,prediction
1786998603.056,2.5,0.636,0.824,0.802,0.4441,-0.0135,5.50,-0.64025,0.150,0.614,0.000,-0.5649,-0.4208,TRACKING,L+C+R_fused
1786998603.073,2.5,0.636,0.824,0.802,0.4441,-0.0108,4.40,-0.51220,0.150,0.618,0.000,-0.5649,-0.4113,TRACKING,prediction
1786998603.091,2.5,0.636,0.824,0.802,0.4441,-0.0087,3.52,-0.40976,0.150,0.622,0.000,-0.5649,-0.4084,TRACKING,prediction
1786998603.108,2.5,0.636,0.824,0.802,0.4441,-0.0069,2.82,-0.32781,0.150,0.626,0.000,-0.5649,-0.4067,TRACKING,prediction
1786998603.125,2.5,0.636,0.824,0.802,0.4441,-0.0055,2.25,-0.26225,0.150,0.630,0.000,-0.5649,-0.4051,TRACKING,prediction
1786998603.151,2.5,0.371,0.822,0.817,0.4700,-0.0023,5.39,-0.72278,0.150,0.633,0.000,-0.4033,-0.3079,TRACKING,L+C+R_fused
1786998603.168,2.5,0.377,0.805,0.818,0.4541,0.0023,4.10,-0.88525,0.150,0.637,0.000,-0.3004,-0.2320,TRACKING,L+C+R_fused
1786998603.185,2.5,0.786,0.808,0.822,0.4766,0.0093,4.30,-0.85419,0.150,0.640,0.000,-0.1849,-0.1514,TRACKING,L+C+R_fused
1786998603.202,2.5,0.945,0.812,0.825,0.4830,0.0150,3.53,-0.91170,0.150,0.643,0.000,-0.0602,-0.0651,TRACKING,L+C+R_fused
1786998603.221,2.5,0.942,0.801,0.828,0.4828,0.0243,4.34,-0.86503,0.150,0.646,0.000,0.0772,0.0297,TRACKING,L+C+R_fused
1786998603.238,2.5,0.944,0.801,0.824,0.4819,0.0320,4.34,-0.86714,0.150,0.649,0.000,0.2124,0.1244,TRACKING,L+C+R_fused
1786998603.255,2.5,0.937,0.805,0.835,0.4816,0.0401,4.44,-0.86203,0.150,0.651,0.000,0.3441,0.2166,TRACKING,L+C+R_fused
1786998603.272,2.5,0.928,0.812,0.846,0.4808,0.0471,4.68,-0.84921,0.150,0.654,0.000,0.4499,0.2927,TRACKING,L+C+R_fused
1786998603.581,2.5,0.929,0.810,0.858,0.4808,0.0516,4.49,-0.87597,0.150,0.656,0.000,0.5218,0.3459,TRACKING,L+C+R_fused
1786998603.596,2.5,0.932,0.813,0.869,0.4832,0.0547,4.63,-0.87148,0.150,0.658,0.000,0.5617,0.3767,TRACKING,L+C+R_fused
1786998603.613,2.5,0.919,0.811,0.867,0.4859,0.0561,4.44,-0.90369,0.150,0.660,0.000,0.5839,0.3934,TRACKING,L+C+R_fused
1786998603.632,2.5,0.909,0.804,0.857,0.4868,0.0604,4.94,-0.87557,0.150,0.662,0.000,0.6305,0.4225,TRACKING,L+C+R_fused
1786998603.649,2.5,0.910,0.796,0.865,0.4857,0.0676,5.38,-0.85894,0.150,0.664,0.000,0.7122,0.4737,TRACKING,L+C+R_fused
1786998603.673,2.5,0.906,0.788,0.867,0.4851,0.0742,4.92,-0.92210,0.150,0.666,0.000,0.7976,0.5300,TRACKING,L+C+R_fused
1786998603.689,2.5,0.906,0.800,0.875,0.4837,0.0809,5.82,-0.84153,0.150,0.668,0.000,0.8553,0.5710,TRACKING,L+C+R_fused
1786998603.705,2.5,0.915,0.794,0.875,0.4654,0.0833,5.20,-0.93645,0.150,0.669,0.000,0.8869,0.5943,TRACKING,L+C+R_fused
1786998603.721,2.5,0.908,0.796,0.883,0.4610,0.0843,5.94,-0.88763,0.150,0.671,0.000,0.8827,0.5945,TRACKING,L+C+R_fused
1786998603.741,2.5,0.904,0.780,0.877,0.4842,0.0806,5.52,-0.96092,0.150,0.672,0.000,0.8474,0.5733,TRACKING,L+C+R_fused
1786998603.757,2.5,0.873,0.783,0.859,0.4891,0.0765,5.54,-0.98744,0.150,0.674,0.000,0.7982,0.5410,TRACKING,L+C+R_fused
1786998603.773,2.5,0.873,0.779,0.841,0.4918,0.0752,6.36,-0.97400,0.150,0.675,0.000,0.7594,0.5132,TRACKING,L+C+R_fused
1786998603.800,2.5,0.885,0.777,0.848,0.4972,0.0725,6.98,-0.95174,0.150,0.676,0.000,0.7083,0.4790,TRACKING,L+C+R_fused
1786998603.816,2.5,0.886,0.768,0.851,0.5026,0.0685,6.51,-1.04699,0.150,0.677,0.000,0.6602,0.4455,TRACKING,L+C+R_fused
1786998603.831,2.5,0.915,0.773,0.842,0.5041,0.0662,7.12,-1.02135,0.150,0.678,0.000,0.6109,0.4113,TRACKING,L+C+R_fused
1786998603.850,2.5,0.925,0.769,0.832,0.4991,0.0633,7.29,-1.04044,0.150,0.680,0.000,0.5598,0.3759,TRACKING,L+C+R_fused
1786998603.875,2.5,0.773,0.765,0.839,0.4934,0.0595,7.48,-1.06254,0.150,0.681,0.000,0.4938,0.3319,TRACKING,L+C+R_fused
1786998603.889,2.5,0.000,0.767,0.831,0.4724,0.0554,6.96,-1.14451,0.150,0.682,0.000,0.4377,0.2924,TRACKING,R+C
1786998603.911,2.5,0.000,0.761,0.841,0.4877,0.0531,7.93,-1.11113,0.150,0.682,0.000,0.3659,0.2447,TRACKING,R+C
1786998604.941,19.7,0.000,0.761,0.834,0.4886,0.0497,8.09,-1.12778,0.150,0.683,0.000,0.3003,0.1995,TRACKING,R+C
1786998604.957,19.7,0.000,0.759,0.831,0.4893,0.0473,8.24,-1.14378,0.150,0.684,0.000,0.2487,0.1628,TRACKING,R+C
1786998604.972,19.7,0.000,0.761,0.820,0.4873,0.0461,8.17,-1.20175,0.150,0.685,0.000,0.2213,0.1412,TRACKING,R+C
1786998604.989,19.7,0.000,0.758,0.826,0.4912,0.0471,7.69,-1.27801,0.150,0.686,0.000,0.2460,0.1519,TRACKING,R+C
1786998605.005,19.7,0.000,0.751,0.823,0.4929,0.0487,6.44,-1.42820,0.150,0.686,0.000,0.3029,0.1857,TRACKING,R+C
1786998605.020,19.7,0.000,0.751,0.810,0.4894,0.0544,7.73,-1.35158,0.150,0.687,0.000,0.3531,0.2193,TRACKING,R+C
1786998605.035,19.7,0.000,0.754,0.809,0.4903,0.0568,8.17,-1.32376,0.150,0.688,0.000,0.3785,0.2387,TRACKING,R+C
1786998605.051,19.7,0.000,0.754,0.809,0.4903,0.0454,6.54,-1.05901,0.150,0.688,0.000,0.3785,0.2414,TRACKING,prediction
1786998605.069,19.7,0.000,0.754,0.809,0.4903,0.0364,5.23,-0.84721,0.150,0.689,0.000,0.3785,0.2417,TRACKING,prediction
1786998605.087,19.7,0.000,0.734,0.825,0.5154,0.0464,8.72,-1.39862,0.150,0.690,0.000,0.1647,0.1184,TRACKING,R+C
1786998605.108,19.7,0.000,0.734,0.825,0.5154,0.0371,6.98,-1.11890,0.150,0.690,0.000,0.1647,0.1004,TRACKING,prediction
1786998605.125,19.7,0.000,0.734,0.825,0.5154,0.0297,5.58,-0.89512,0.150,0.691,0.000,0.1647,0.0977,TRACKING,prediction
1786998605.142,19.7,0.000,0.734,0.825,0.5154,0.0238,4.46,-0.71609,0.150,0.691,0.000,0.1647,0.0972,TRACKING,prediction
1786998605.163,19.7,0.000,0.736,0.788,0.5536,0.0284,10.45,-1.36662,0.150,0.691,0.000,-0.2292,-0.1266,TRACKING,R+C
1786998605.180,19.7,0.000,0.729,0.789,0.5587,0.0269,9.65,-1.51754,0.150,0.692,0.000,-0.2453,-0.1685,TRACKING,R+C
1786998605.199,19.7,0.000,0.729,0.789,0.5587,0.0216,7.72,-1.21403,0.150,0.692,0.000,-0.2453,-0.1746,TRACKING,prediction
1786998605.218,19.7,0.000,0.729,0.789,0.5587,0.0172,6.18,-0.97123,0.150,0.693,0.000,-0.2453,-0.1755,TRACKING,prediction
1786998605.236,19.7,0.000,0.730,0.779,0.5684,0.0209,10.79,-1.50023,0.150,0.693,0.000,-0.3941,-0.2588,TRACKING,R+C
1786998605.253,19.7,0.000,0.721,0.777,0.5766,0.0161,11.13,-1.56400,0.150,0.693,0.000,-0.4948,-0.3273,TRACKING,R+C
1786998605.270,19.7,0.000,0.727,0.783,0.5866,0.0111,11.14,-1.63299,0.150,0.694,0.000,-0.5803,-0.3850,TRACKING,R+C
1786998605.286,19.7,0.000,0.731,0.781,0.5918,0.0092,11.84,-1.59254,0.150,0.694,0.000,-0.6274,-0.4194,TRACKING,R+C
1786998605.303,19.7,0.000,0.737,0.792,0.5871,0.0101,12.82,-1.51214,0.150,0.694,0.000,-0.6409,-0.4318,TRACKING,R+C
1786998605.319,19.7,0.000,0.736,0.783,0.5896,0.0108,12.34,-1.58504,0.150,0.695,0.000,-0.6239,-0.4243,TRACKING,R+C
1786998607.181,10.3,0.000,0.732,0.779,0.5912,0.0126,12.68,-1.60177,0.150,0.695,0.000,-0.6150,-0.4183,TRACKING,R+C
1786998607.197,10.3,0.000,0.726,0.784,0.5989,0.0128,12.09,-1.74187,0.150,0.695,0.000,-0.6102,-0.4150,TRACKING,R+C
1786998607.212,10.3,0.000,0.723,0.791,0.6065,0.0098,12.84,-1.67431,0.150,0.695,0.000,-0.6698,-0.4472,TRACKING,R+C
1786998607.227,10.3,0.000,0.719,0.786,0.6175,0.0053,13.64,-1.60960,0.150,0.696,0.000,-0.7462,-0.4939,TRACKING,R+C
1786998607.243,10.3,0.000,0.722,0.789,0.6265,0.0002,13.67,-1.64510,0.150,0.696,0.000,-0.8122,-0.5370,TRACKING,R+C
1786998607.263,10.3,0.000,0.722,0.789,0.6265,0.0002,10.94,-1.31608,0.150,0.696,0.000,-0.8122,-0.5432,TRACKING,prediction
1786998607.292,10.3,0.000,0.726,0.794,0.6369,-0.0020,15.18,-1.53845,0.150,0.696,0.000,-0.8704,-0.5759,TRACKING,R+C
1786998607.307,10.3,0.000,0.731,0.800,0.6343,0.0001,16.95,-1.32875,0.150,0.696,0.000,-0.8785,-0.5849,TRACKING,R+C
1786998607.325,10.3,0.000,0.731,0.799,0.6360,0.0029,18.27,-1.16487,0.150,0.697,0.000,-0.8695,-0.5810,TRACKING,R+C
1786998607.342,10.3,0.000,0.731,0.799,0.6360,0.0024,14.61,-0.93190,0.150,0.697,0.000,-0.8695,-0.5804,TRACKING,prediction
1786998607.359,10.3,0.000,0.731,0.799,0.6360,0.0019,11.69,-0.74552,0.150,0.697,0.000,-0.8695,-0.5802,TRACKING,prediction
1786998607.383,10.3,0.000,0.731,0.799,0.6360,0.0015,9.35,-0.59641,0.150,0.697,0.000,-0.8695,-0.5801,TRACKING,prediction
1786998607.402,10.3,0.000,0.731,0.799,0.6360,0.0012,7.48,-0.47713,0.150,0.697,0.000,-0.8695,-0.5800,TRACKING,prediction
1786998607.421,10.3,0.000,0.740,0.791,0.6341,0.0087,25.90,-0.20875,0.179,0.697,0.000,-0.7119,-0.4941,TRACKING,R+C
1786998607.437,10.3,0.000,0.742,0.787,0.6385,0.0085,26.44,-0.10850,0.189,0.698,0.000,-0.8452,-0.5528,TRACKING,R+C
1786998607.452,10.3,0.000,0.743,0.785,0.6454,0.0075,26.79,-0.02572,0.197,0.698,0.000,-0.7966,-0.5352,TRACKING,R+C
1786998607.470,10.3,0.000,0.743,0.785,0.6454,0.0060,21.43,-0.02057,0.197,0.698,0.000,-0.7966,-0.5326,TRACKING,prediction
1786998607.488,10.3,0.000,0.743,0.785,0.6454,0.0048,17.15,-0.01646,0.197,0.698,0.000,-0.7966,-0.5321,TRACKING,prediction
1786998607.508,10.3,0.000,0.743,0.785,0.6454,0.0038,13.72,-0.01317,0.197,0.698,0.000,-0.7966,-0.5320,TRACKING,prediction
1786998607.526,10.3,0.000,0.743,0.785,0.6454,0.0031,10.97,-0.01053,0.197,0.698,0.000,-0.7966,-0.5319,TRACKING,prediction
1786998607.545,10.3,0.000,0.743,0.785,0.6454,0.0024,8.78,-0.00843,0.197,0.698,0.000,-0.7966,-0.5319,TRACKING,prediction
1786998607.562,10.3,0.000,0.743,0.785,0.6454,0.0020,7.02,-0.00674,0.197,0.698,0.000,-0.7966,-0.5318,TRACKING,prediction
1786998607.582,10.3,0.000,0.743,0.785,0.6454,0.0016,5.62,-0.00539,0.197,0.698,0.000,-0.7966,-0.5318,TRACKING,prediction
1786998607.605,10.3,0.000,0.743,0.785,0.6454,0.0013,4.50,-0.00431,0.197,0.698,0.000,-0.7966,-0.5317,TRACKING,prediction
1786998607.632,10.3,0.000,0.743,0.785,0.6454,0.0010,3.60,-0.00345,0.197,0.691,0.000,-0.7966,-0.5317,TRACKING,prediction
1786998610.044,8.7,0.000,0.743,0.785,0.6454,0.0008,2.88,-0.00276,0.197,0.676,0.000,-0.7966,-0.5350,TRACKING,prediction
1786998610.061,8.7,0.000,0.743,0.785,0.6454,0.0006,2.30,-0.00221,0.197,0.656,0.000,-0.7966,-0.5425,TRACKING,prediction
1786998610.080,8.7,0.000,0.743,0.785,0.6454,0.0005,1.84,-0.00177,0.197,0.632,0.000,-0.7966,-0.5530,TRACKING,prediction
1786998610.099,8.7,0.000,0.743,0.785,0.6454,0.0004,1.47,-0.00141,0.197,0.590,0.000,-0.7966,-0.5652,UNCERTAIN,prediction
1786998610.115,8.7,0.000,0.793,0.768,0.6491,-0.0896,14.03,-0.02248,0.198,0.595,0.000,-1.0000,-0.7108,TRACKING,R+C
1786998610.133,8.7,0.000,0.793,0.768,0.6491,-0.0716,11.22,-0.01799,0.198,0.600,0.000,-1.0000,-0.7287,TRACKING,prediction
1786998610.153,8.7,0.000,0.782,0.762,0.6399,-0.0966,11.48,-0.12190,0.188,0.605,0.000,-1.0000,-0.7285,TRACKING,R+C
1786998610.172,8.7,0.000,0.797,0.766,0.6362,-0.0998,12.14,-0.00308,0.200,0.610,0.000,-1.0000,-0.7257,TRACKING,R+C
1786998610.191,8.7,0.000,0.797,0.766,0.6362,-0.0798,9.71,-0.00246,0.200,0.615,0.000,-1.0000,-0.7227,TRACKING,prediction
1786998610.214,8.7,0.000,0.794,0.772,0.6240,-0.1045,9.75,-0.10133,0.190,0.619,0.000,-1.0000,-0.7195,TRACKING,R+C
1786998610.231,8.7,0.000,0.794,0.772,0.6240,-0.0836,7.80,-0.08107,0.190,0.623,0.000,-1.0000,-0.7167,TRACKING,prediction
1786998610.259,8.7,0.000,0.794,0.772,0.6240,-0.0669,6.24,-0.06485,0.190,0.627,0.000,-1.0000,-0.7140,TRACKING,prediction
1786998610.283,8.7,0.000,0.778,0.779,0.5972,-0.0961,6.54,-0.21082,0.179,0.630,0.000,-1.0000,-0.7100,TRACKING,R+C
1786998610.298,8.7,0.000,0.777,0.786,0.5908,-0.0914,6.14,-0.19109,0.181,0.634,0.000,-1.0000,-0.7070,TRACKING,R+C
1786998610.315,8.7,0.000,0.772,0.792,0.5839,-0.0866,5.47,-0.21018,0.179,0.637,0.000,-1.0000,-0.7041,TRACKING,R+C
1786998610.331,8.7,0.000,0.755,0.795,0.5741,-0.0834,3.13,-0.40720,0.159,0.640,0.000,-1.0000,-0.7015,TRACKING,R+C
1786998610.357,8.7,0.000,0.755,0.795,0.5741,-0.0667,2.50,-0.32576,0.159,0.643,0.000,-1.0000,-0.6994,TRACKING,prediction
1786998610.388,8.7,0.000,0.755,0.795,0.5741,-0.0534,2.00,-0.26061,0.159,0.646,0.000,-1.0000,-0.6974,TRACKING,prediction
1786998610.404,8.7,0.000,0.730,0.807,0.5486,-0.0693,-0.76,-0.66935,0.150,0.649,0.000,-1.0000,-0.6938,TRACKING,R+C
1786998610.419,8.7,0.000,0.716,0.816,0.5390,-0.0634,-2.40,-0.81545,0.150,0.651,0.000,-0.9410,-0.6579,TRACKING,R+C
1786998610.435,8.7,0.000,0.725,0.823,0.5319,-0.0567,-2.55,-0.80689,0.150,0.654,0.000,-0.8697,-0.6099,TRACKING,R+C
1786998610.459,8.7,0.000,0.722,0.826,0.5269,-0.0523,-3.94,-0.93465,0.150,0.656,0.000,-0.7975,-0.5601,TRACKING,R+C
1786998610.474,8.7,0.000,0.730,0.838,0.5203,-0.0494,-5.56,-1.06354,0.150,0.658,0.000,-0.7314,-0.5136,TRACKING,R+C
1786998610.497,8.7,0.000,0.728,0.839,0.5185,-0.0486,-6.55,-1.17219,0.150,0.660,0.000,-0.7042,-0.4903,TRACKING,R+C
1786998610.520,8.7,0.000,0.734,0.843,0.5191,-0.0466,-6.04,-1.15946,0.150,0.662,0.000,-0.6941,-0.4802,TRACKING,R+C
1786998610.543,8.7,0.000,0.736,0.840,0.5174,-0.0460,-6.85,-1.26611,0.150,0.664,0.000,-0.6745,-0.4668,TRACKING,R+C
1786998610.560,8.7,0.000,0.738,0.842,0.5183,-0.0436,-6.64,-1.27410,0.150,0.666,0.000,-0.6513,-0.4508,TRACKING,R+C
1786998610.579,8.7,0.000,0.734,0.839,0.5167,-0.0385,-6.96,-1.34306,0.150,0.668,0.000,-0.5798,-0.4070,TRACKING,R+C
1786998610.601,8.7,0.000,0.739,0.852,0.5135,-0.0329,-7.86,-1.44002,0.150,0.669,0.000,-0.4799,-0.3430,TRACKING,R+C
1786998610.622,8.7,0.000,0.746,0.861,0.5105,-0.0256,-6.93,-1.43438,0.150,0.671,0.000,-0.4001,-0.2875,TRACKING,R+C
1786998610.645,8.7,0.000,0.751,0.860,0.5083,-0.0217,-7.08,-1.53903,0.150,0.672,0.000,-0.3488,-0.2500,TRACKING,R+C
1786998612.293,13.8,0.000,0.757,0.863,0.5099,-0.0185,-6.47,-1.56144,0.150,0.674,0.000,-0.3239,-0.2301,TRACKING,R+C
1786998612.311,13.8,0.000,0.755,0.866,0.5093,-0.0142,-5.62,-1.56649,0.150,0.675,0.000,-0.2890,-0.2071,TRACKING,R+C
1786998612.333,13.8,0.000,0.756,0.865,0.5090,-0.0094,-4.95,-1.60453,0.150,0.676,0.000,-0.2422,-0.1771,TRACKING,R+C
1786998612.351,13.8,0.000,0.758,0.862,0.5098,-0.0061,-4.67,-1.66001,0.150,0.677,0.000,-0.2067,-0.1526,TRACKING,R+C
1786998612.367,13.8,0.000,0.753,0.865,0.5148,-0.0033,-2.63,-1.56431,0.150,0.679,0.000,-0.2285,-0.1614,TRACKING,R+C
1786998612.384,13.8,0.000,0.752,0.860,0.5188,-0.0032,-1.78,-1.59540,0.150,0.680,0.000,-0.2669,-0.1847,TRACKING,R+C
1786998612.400,13.8,0.000,0.752,0.855,0.5252,-0.0015,-0.50,-1.55373,0.150,0.681,0.000,-0.2862,-0.1991,TRACKING,R+C
1786998612.415,13.8,0.000,0.755,0.853,0.5236,0.0009,1.28,-1.45926,0.150,0.682,0.000,-0.3037,-0.2110,TRACKING,R+C
1786998612.432,13.8,0.000,0.749,0.849,0.5313,0.0020,0.60,-1.62311,0.150,0.683,0.000,-0.2854,-0.2029,TRACKING,R+C
1786998612.453,13.8,0.000,0.751,0.855,0.5346,0.0028,0.82,-1.64404,0.150,0.683,0.000,-0.2840,-0.2008,TRACKING,R+C
1786998612.472,13.8,0.000,0.744,0.844,0.5364,0.0034,2.10,-1.62144,0.150,0.684,0.000,-0.3257,-0.2242,TRACKING,R+C
1786998612.487,13.8,0.000,0.744,0.840,0.5471,0.0012,2.83,-1.63685,0.150,0.685,0.000,-0.3946,-0.2665,TRACKING,R+C
1786998612.506,13.8,0.000,0.746,0.832,0.5476,-0.0001,3.45,-1.65437,0.150,0.686,0.000,-0.4428,-0.2999,TRACKING,R+C
1786998612.521,13.8,0.000,0.751,0.825,0.5536,-0.0006,4.39,-1.62701,0.150,0.687,0.000,-0.4838,-0.3277,TRACKING,R+C
1786998612.538,13.8,0.000,0.755,0.838,0.5622,0.0008,5.33,-1.58129,0.150,0.687,0.000,-0.4922,-0.3364,TRACKING,R+C
1786998612.554,13.8,0.000,0.751,0.826,0.5603,0.0059,6.32,-1.53028,0.150,0.688,0.000,-0.4455,-0.3114,TRACKING,R+C
1786998612.571,13.8,0.000,0.751,0.830,0.5528,0.0103,7.32,-1.44012,0.150,0.688,0.000,-0.4026,-0.2834,TRACKING,R+C
1786998612.585,13.8,0.000,0.755,0.824,0.5488,0.0131,8.33,-1.37716,0.150,0.689,0.000,-0.3913,-0.2728,TRACKING,R+C
1786998612.599,13.8,0.000,0.754,0.845,0.5572,0.0130,9.10,-1.31450,0.150,0.690,0.000,-0.4142,-0.2839,TRACKING,R+C
1786998612.616,13.8,0.000,0.750,0.828,0.5686,0.0107,9.89,-1.24587,0.150,0.690,0.000,-0.4725,-0.3179,TRACKING,R+C
1786998612.633,13.8,0.000,0.753,0.834,0.5773,0.0073,10.27,-1.23412,0.150,0.691,0.000,-0.5368,-0.3587,TRACKING,R+C
1786998612.650,13.8,0.000,0.753,0.834,0.5773,0.0059,8.22,-0.98730,0.150,0.691,0.000,-0.5368,-0.3645,TRACKING,prediction
1786998612.670,13.8,0.000,0.752,0.822,0.5806,0.0062,11.86,-1.09789,0.150,0.692,0.000,-0.5933,-0.3966,TRACKING,R+C
1786998612.694,13.8,0.000,0.752,0.822,0.5806,0.0050,9.48,-0.87831,0.150,0.692,0.000,-0.5933,-0.4011,TRACKING,prediction
1786998612.710,13.8,0.000,0.746,0.805,0.5953,-0.0001,13.31,-0.97548,0.150,0.692,0.000,-0.7139,-0.4685,TRACKING,R+C
1786998612.730,13.8,0.000,0.746,0.805,0.5953,-0.0001,10.65,-0.78039,0.150,0.693,0.000,-0.7139,-0.4783,TRACKING,prediction
1786998612.748,13.8,0.000,0.746,0.805,0.5953,-0.0001,8.52,-0.62431,0.150,0.693,0.000,-0.7139,-0.4796,TRACKING,prediction
1786998612.766,13.8,0.000,0.746,0.795,0.6315,-0.0268,14.28,-0.92089,0.150,0.693,0.000,-1.0000,-0.6378,TRACKING,R+C
1786998612.783,13.8,0.000,0.746,0.795,0.6315,-0.0215,11.42,-0.73671,0.150,0.694,0.000,-1.0000,-0.6608,TRACKING,prediction
1786998612.800,13.8,0.000,0.746,0.795,0.6315,-0.0172,9.14,-0.58937,0.150,0.694,0.000,-1.0000,-0.6640,TRACKING,prediction
1786998612.817,13.8,0.000,0.746,0.795,0.6315,-0.0137,7.31,-0.47150,0.150,0.694,0.000,-1.0000,-0.6643,TRACKING,prediction
1786998612.836,13.8,0.000,0.746,0.795,0.6315,-0.0110,5.85,-0.37720,0.150,0.695,0.000,-1.0000,-0.6642,TRACKING,prediction
1786998612.853,13.8,0.000,0.746,0.795,0.6315,-0.0088,4.68,-0.30176,0.150,0.695,0.000,-1.0000,-0.6640,TRACKING,prediction
1786998612.868,13.8,0.000,0.746,0.795,0.6315,-0.0070,3.74,-0.24141,0.150,0.695,0.000,-1.0000,-0.6638,TRACKING,prediction
1786998612.901,13.8,0.000,0.746,0.795,0.6315,-0.0056,2.99,-0.19312,0.150,0.695,0.000,-1.0000,-0.6637,TRACKING,prediction
1786998612.917,13.8,0.000,0.746,0.795,0.6315,-0.0045,2.40,-0.15450,0.150,0.696,0.000,-1.0000,-0.6635,TRACKING,prediction
1786998612.940,13.8,0.000,0.746,0.795,0.6315,-0.0036,1.92,-0.12360,0.150,0.691,0.000,-1.0000,-0.6634,TRACKING,prediction
1786998612.956,13.8,0.000,0.746,0.795,0.6315,-0.0029,1.53,-0.09888,0.150,0.677,0.000,-1.0000,-0.6661,TRACKING,prediction
1786998612.981,13.8,0.000,0.746,0.795,0.6315,-0.0023,1.23,-0.07910,0.150,0.658,0.000,-1.0000,-0.6742,TRACKING,prediction
1786998613.008,13.8,0.000,0.746,0.795,0.6315,-0.0018,0.98,-0.06328,0.150,0.635,0.000,-1.0000,-0.6863,TRACKING,prediction
1786998613.026,13.8,0.000,0.746,0.795,0.6315,-0.0015,0.78,-0.05063,0.150,0.592,0.000,-1.0000,-0.7009,UNCERTAIN,prediction
1786998613.047,13.8,0.000,0.782,0.773,0.6361,-0.0649,12.08,-0.79749,0.150,0.597,0.000,-1.0000,-0.7294,TRACKING,R+C
1786998613.065,13.8,0.000,0.783,0.772,0.6364,-0.0672,12.03,-0.78377,0.150,0.602,0.000,-1.0000,-0.7304,TRACKING,R+C
1786998613.080,13.8,0.000,0.780,0.774,0.6358,-0.0725,11.49,-0.82617,0.150,0.607,0.000,-1.0000,-0.7280,TRACKING,R+C
1786998613.097,13.8,0.000,0.779,0.774,0.6379,-0.0807,10.84,-0.86501,0.150,0.612,0.000,-1.0000,-0.7253,TRACKING,R+C
1786998613.117,13.8,0.000,0.784,0.778,0.6433,-0.0894,11.09,-0.80888,0.150,0.616,0.000,-1.0000,-0.7228,TRACKING,R+C
1786998613.137,13.8,0.000,0.792,0.780,0.6449,-0.0954,11.63,-0.73649,0.150,0.620,0.000,-1.0000,-0.7203,TRACKING,R+C
1786998613.154,13.8,0.000,0.801,0.784,0.6488,-0.1007,11.23,-0.75460,0.150,0.624,0.000,-1.0000,-0.7179,TRACKING,R+C
1786998613.174,13.8,0.000,0.801,0.784,0.6488,-0.0805,8.98,-0.60368,0.150,0.628,0.000,-1.0000,-0.7152,TRACKING,prediction
1786998613.195,13.8,0.000,0.801,0.784,0.6488,-0.0644,7.19,-0.48294,0.150,0.632,0.000,-1.0000,-0.7127,TRACKING,prediction
1786998613.213,13.8,0.000,0.801,0.784,0.6488,-0.0515,5.75,-0.38636,0.150,0.635,0.000,-1.0000,-0.7103,TRACKING,prediction
1786998613.234,13.8,0.000,0.801,0.784,0.6488,-0.0412,4.60,-0.30908,0.150,0.638,0.000,-1.0000,-0.7080,TRACKING,prediction
1786998613.252,13.8,0.000,0.801,0.784,0.6488,-0.0330,3.68,-0.24727,0.150,0.642,0.000,-1.0000,-0.7059,TRACKING,prediction
1786998613.271,13.8,0.000,0.801,0.784,0.6488,-0.0264,2.94,-0.19781,0.150,0.644,0.000,-1.0000,-0.7038,TRACKING,prediction
1786998613.290,13.8,0.000,0.801,0.784,0.6488,-0.0211,2.36,-0.15825,0.150,0.647,0.000,-1.0000,-0.7019,TRACKING,prediction
1786998613.311,54.1,0.000,0.801,0.784,0.6488,-0.0169,1.88,-0.12660,0.150,0.650,0.000,-1.0000,-0.7000,TRACKING,prediction
1786998613.330,54.1,0.000,0.801,0.784,0.6488,-0.0135,1.51,-0.10128,0.150,0.652,0.000,-1.0000,-0.6983,TRACKING,prediction
1786998613.348,54.1,0.000,0.801,0.784,0.6488,-0.0108,1.21,-0.08102,0.150,0.653,0.000,-1.0000,-0.6966,TRACKING,prediction
1786998613.365,54.1,0.000,0.801,0.784,0.6488,-0.0086,0.96,-0.06482,0.150,0.646,0.000,-1.0000,-0.6960,TRACKING,prediction
1786998613.383,54.1,0.000,0.801,0.784,0.6488,-0.0069,0.77,-0.05186,0.150,0.632,0.000,-1.0000,-0.6996,TRACKING,prediction
1786998613.402,54.1,0.000,0.801,0.784,0.6488,-0.0055,0.62,-0.04148,0.150,0.614,0.000,-1.0000,-0.7080,TRACKING,prediction
1786998613.430,54.1,0.000,0.801,0.784,0.6488,-0.0044,0.49,-0.03319,0.150,0.577,0.000,-1.0000,-0.7199,UNCERTAIN,prediction
1786998613.448,54.1,0.000,0.801,0.784,0.6488,-0.0035,0.40,-0.02655,0.150,0.551,0.000,-1.0000,-0.7424,UNCERTAIN,prediction
1786998613.466,54.1,0.000,0.801,0.784,0.6488,-0.0028,0.32,-0.02124,0.150,0.532,0.000,-1.0000,-0.7602,UNCERTAIN,prediction
1786998613.484,54.1,0.000,0.801,0.784,0.6488,-0.0023,0.25,-0.01699,0.150,0.512,0.000,-1.0000,-0.7732,UNCERTAIN,prediction
1786998613.503,54.1,0.000,0.801,0.784,0.6488,-0.0018,0.20,-0.01359,0.150,0.490,0.000,-1.0000,-0.7864,UNCERTAIN,prediction
1786998613.520,54.1,0.000,0.865,0.784,0.5910,-0.1452,5.80,-0.58857,0.150,0.501,0.000,-1.0000,-0.8010,TRACKING,R+C
1786998613.538,54.1,0.000,0.865,0.784,0.5910,-0.1162,4.64,-0.47086,0.150,0.511,0.000,-1.0000,-0.7972,TRACKING,prediction
1786998613.564,54.1,0.000,0.865,0.784,0.5910,-0.0929,3.71,-0.37669,0.150,0.520,0.000,-1.0000,-0.7912,TRACKING,prediction
1786998613.581,54.1,0.000,0.865,0.784,0.5910,-0.0743,2.97,-0.30135,0.150,0.529,0.000,-1.0000,-0.7850,TRACKING,prediction
1786998613.613,54.1,0.000,0.865,0.784,0.5910,-0.0595,2.37,-0.24108,0.150,0.538,0.000,-1.0000,-0.7791,TRACKING,prediction
1786998613.633,54.1,0.000,0.865,0.784,0.5910,-0.0476,1.90,-0.19286,0.150,0.546,0.000,-1.0000,-0.7735,TRACKING,prediction
1786998613.649,54.1,0.000,0.855,0.806,0.5720,-0.1254,3.37,-0.68168,0.150,0.554,0.000,-1.0000,-0.7663,TRACKING,R+C
1786998613.670,54.1,0.000,0.847,0.804,0.5701,-0.1220,3.06,-0.68765,0.150,0.561,0.000,-1.0000,-0.7609,TRACKING,R+C
1786998613.690,54.1,0.000,0.847,0.804,0.5701,-0.0976,2.45,-0.55012,0.150,0.568,0.000,-1.0000,-0.7561,TRACKING,prediction
1786998615.947,7.6,0.000,0.836,0.813,0.5603,-0.1155,2.39,-0.69848,0.150,0.574,0.000,-1.0000,-0.7508,TRACKING,R+C
1786998615.967,7.6,0.000,0.836,0.813,0.5603,-0.0924,1.91,-0.55878,0.150,0.581,0.000,-1.0000,-0.7464,TRACKING,prediction
1786998615.982,7.6,0.000,0.840,0.813,0.5567,-0.1115,2.81,-0.61936,0.150,0.587,0.000,-1.0000,-0.7419,TRACKING,R+C
1786998615.998,7.6,0.000,0.846,0.814,0.5554,-0.1122,2.88,-0.59681,0.150,0.592,0.000,-1.0000,-0.7379,TRACKING,R+C
1786998616.016,7.6,0.000,0.845,0.814,0.5553,-0.1145,2.74,-0.58388,0.150,0.598,0.000,-1.0000,-0.7342,TRACKING,R+C
1786998616.034,7.6,0.000,0.836,0.819,0.5548,-0.1151,3.08,-0.54146,0.150,0.603,0.000,-1.0000,-0.7307,TRACKING,R+C
1786998616.049,7.6,0.000,0.838,0.816,0.5496,-0.1154,1.92,-0.63333,0.150,0.608,0.000,-1.0000,-0.7272,TRACKING,R+C
1786998616.068,7.6,0.000,0.835,0.819,0.5478,-0.1136,1.54,-0.65684,0.150,0.612,0.000,-1.0000,-0.7238,TRACKING,R+C
1786998616.084,7.6,0.000,0.835,0.819,0.5478,-0.0909,1.23,-0.52547,0.150,0.617,0.000,-1.0000,-0.7207,TRACKING,prediction
1786998616.101,7.6,0.000,0.844,0.821,0.5458,-0.1129,1.72,-0.63316,0.150,0.621,0.000,-1.0000,-0.7177,TRACKING,R+C
1786998616.116,7.6,0.000,0.848,0.820,0.5459,-0.1141,1.61,-0.62997,0.150,0.625,0.000,-1.0000,-0.7150,TRACKING,R+C
1786998616.136,7.6,0.000,0.848,0.820,0.5459,-0.0913,1.29,-0.50398,0.150,0.629,0.000,-1.0000,-0.7123,TRACKING,prediction
1786998616.152,7.6,0.000,0.855,0.818,0.5470,-0.1153,1.24,-0.64531,0.150,0.632,0.000,-1.0000,-0.7098,TRACKING,R+C
1786998616.169,7.6,0.000,0.854,0.819,0.5461,-0.1142,1.29,-0.62275,0.150,0.636,0.000,-1.0000,-0.7073,TRACKING,R+C
1786998616.187,7.6,0.000,0.854,0.819,0.5461,-0.0914,1.03,-0.49820,0.150,0.639,0.000,-1.0000,-0.7050,TRACKING,prediction
1786998616.204,7.6,0.000,0.853,0.816,0.5450,-0.1166,0.87,-0.62703,0.150,0.642,0.000,-1.0000,-0.7029,TRACKING,R+C
1786998616.221,7.6,0.000,0.854,0.814,0.5463,-0.1184,1.42,-0.58921,0.150,0.645,0.000,-1.0000,-0.7011,TRACKING,R+C
1786998616.243,7.6,0.000,0.854,0.814,0.5463,-0.0947,1.14,-0.47137,0.150,0.648,0.000,-1.0000,-0.6992,TRACKING,prediction
1786998616.262,7.6,0.000,0.854,0.814,0.5463,-0.0758,0.91,-0.37709,0.150,0.650,0.000,-1.0000,-0.6973,TRACKING,prediction
1786998616.279,7.6,0.000,0.858,0.815,0.5417,-0.1144,1.02,-0.60735,0.150,0.653,0.000,-1.0000,-0.6951,TRACKING,R+C
1786998616.300,7.6,0.000,0.853,0.821,0.5389,-0.1091,0.84,-0.60442,0.150,0.655,0.000,-1.0000,-0.6930,TRACKING,R+C
1786998616.317,7.6,0.000,0.853,0.821,0.5389,-0.0872,0.67,-0.48354,0.150,0.657,0.000,-1.0000,-0.6914,TRACKING,prediction
1786998616.332,7.6,0.000,0.844,0.828,0.5258,-0.0973,-0.66,-0.71519,0.150,0.659,0.000,-1.0000,-0.6888,TRACKING,R+C
1786998616.348,7.6,0.000,0.826,0.836,0.5202,-0.0897,-1.03,-0.77183,0.150,0.661,0.000,-1.0000,-0.6868,TRACKING,R+C
1786998617.017,22.4,0.000,0.822,0.841,0.5158,-0.0832,-1.48,-0.81196,0.150,0.663,0.000,-1.0000,-0.6849,TRACKING,R+C
1786998617.031,22.4,0.000,0.832,0.847,0.5104,-0.0756,-1.27,-0.78018,0.150,0.665,0.000,-1.0000,-0.6829,TRACKING,R+C
1786998617.055,22.4,0.000,0.820,0.844,0.5027,-0.0682,-1.62,-0.82121,0.150,0.667,0.000,-1.0000,-0.6811,TRACKING,R+C
1786998617.070,22.4,0.000,0.821,0.859,0.4954,-0.0604,-1.52,-0.81582,0.150,0.669,0.000,-0.9328,-0.6418,TRACKING,R+C
1786998617.083,22.4,0.000,0.815,0.856,0.4878,-0.0515,-1.00,-0.77997,0.150,0.670,0.000,-0.8522,-0.5892,TRACKING,R+C
1786998617.099,22.4,0.000,0.812,0.861,0.4837,-0.0441,-1.75,-0.83122,0.150,0.672,0.000,-0.7525,-0.5239,TRACKING,R+C
1786998617.113,22.4,0.000,0.811,0.861,0.4796,-0.0354,-1.69,-0.82566,0.150,0.673,0.000,-0.6429,-0.4512,TRACKING,R+C
1786998617.132,22.4,0.000,0.813,0.872,0.4771,-0.0276,-0.98,-0.77708,0.150,0.674,0.000,-0.5518,-0.3879,TRACKING,R+C
1786998617.148,22.4,0.000,0.815,0.880,0.4771,-0.0220,-0.79,-0.76206,0.150,0.676,0.000,-0.4726,-0.3329,TRACKING,R+C
1786998617.161,22.4,0.000,0.811,0.882,0.4779,-0.0192,-1.04,-0.79906,0.150,0.677,0.000,-0.4251,-0.2974,TRACKING,R+C
1786998617.187,22.4,0.000,0.810,0.883,0.4829,-0.0188,-0.60,-0.77168,0.150,0.678,0.000,-0.4315,-0.2955,TRACKING,R+C
1786998617.202,22.4,0.000,0.812,0.882,0.4890,-0.0197,-0.07,-0.74717,0.150,0.679,0.000,-0.4629,-0.3128,TRACKING,R+C
1786998617.216,22.4,0.000,0.808,0.869,0.4937,-0.0224,-0.27,-0.77816,0.150,0.680,0.000,-0.5003,-0.3364,TRACKING,R+C
1786998618.870,7.0,0.000,0.805,0.873,0.4981,-0.0249,-0.15,-0.78021,0.150,0.681,0.000,-0.5432,-0.3639,TRACKING,R+C
1786998618.888,7.0,0.805,0.807,0.870,0.4485,-0.0282,-0.18,-0.80124,0.150,0.682,0.000,-0.5918,-0.3953,TRACKING,L+C+R_fused
1786998618.905,7.0,0.000,0.797,0.868,0.5075,-0.0304,0.18,-0.80624,0.150,0.683,0.000,-0.6354,-0.4243,TRACKING,R+C
1786998618.920,7.0,0.000,0.792,0.859,0.5112,-0.0348,-0.03,-0.85571,0.150,0.684,0.000,-0.6944,-0.4616,TRACKING,R+C
1786998618.938,7.0,0.000,0.792,0.860,0.5128,-0.0384,0.37,-0.85471,0.150,0.685,0.000,-0.7506,-0.4985,TRACKING,R+C
1786998618.954,7.0,0.000,0.792,0.850,0.5175,-0.0422,0.54,-0.87385,0.150,0.685,0.000,-0.8032,-0.5331,TRACKING,R+C
1786998618.971,7.0,0.000,0.798,0.848,0.5211,-0.0457,1.25,-0.83728,0.150,0.686,0.000,-0.8570,-0.5680,TRACKING,R+C
1786998618.996,7.0,0.000,0.806,0.833,0.5238,-0.0502,1.66,-0.81622,0.150,0.687,0.000,-0.9118,-0.6034,TRACKING,R+C
1786998619.013,7.0,0.000,0.812,0.841,0.5279,-0.0563,1.59,-0.82967,0.150,0.688,0.000,-0.9695,-0.6405,TRACKING,R+C
1786998619.030,7.0,0.000,0.815,0.833,0.5354,-0.0600,2.98,-0.74923,0.150,0.688,0.000,-1.0000,-0.6628,TRACKING,R+C
1786998619.048,7.0,0.000,0.817,0.828,0.5396,-0.0652,3.62,-0.71121,0.150,0.689,0.000,-1.0000,-0.6663,TRACKING,R+C
1786998619.065,7.0,0.000,0.790,0.809,0.5460,-0.0730,1.48,-0.95006,0.150,0.689,0.000,-1.0000,-0.6670,TRACKING,R+C
1786998619.082,7.0,0.000,0.790,0.809,0.5460,-0.0584,1.18,-0.76005,0.150,0.690,0.000,-1.0000,-0.6667,TRACKING,prediction
1786998619.099,7.0,0.000,0.818,0.809,0.5644,-0.0819,3.73,-0.73771,0.150,0.690,0.000,-1.0000,-0.6672,TRACKING,R+C
1786998619.115,7.0,0.000,0.810,0.812,0.5667,-0.0866,2.87,-0.82803,0.150,0.691,0.000,-1.0000,-0.6672,TRACKING,R+C
1786998619.130,7.0,0.000,0.828,0.815,0.5687,-0.0896,2.77,-0.80293,0.150,0.691,0.000,-1.0000,-0.6670,TRACKING,R+C
1786998619.148,7.0,0.000,0.828,0.820,0.5692,-0.0891,3.62,-0.74195,0.150,0.692,0.000,-1.0000,-0.6668,TRACKING,R+C
1786998619.163,7.0,0.000,0.821,0.814,0.5683,-0.0917,3.42,-0.78449,0.150,0.692,0.000,-1.0000,-0.6668,TRACKING,R+C
1786998619.179,7.0,0.000,0.825,0.809,0.5686,-0.0959,3.15,-0.82330,0.150,0.693,0.000,-1.0000,-0.6669,TRACKING,R+C
1786998621.370,7.6,0.000,0.825,0.809,0.5686,-0.0767,2.52,-0.65864,0.150,0.693,0.000,-1.0000,-0.6666,TRACKING,prediction
1786998621.387,7.6,0.000,0.838,0.803,0.5707,-0.1028,3.15,-0.88472,0.150,0.693,0.000,-1.0000,-0.6671,TRACKING,R+C
1786998621.406,7.6,0.000,0.838,0.803,0.5707,-0.0822,2.52,-0.70778,0.150,0.694,0.000,-1.0000,-0.6669,TRACKING,prediction
1786998621.430,7.6,0.000,0.838,0.803,0.5707,-0.0658,2.02,-0.56622,0.150,0.694,0.000,-1.0000,-0.6666,TRACKING,prediction
1786998621.460,7.6,0.000,0.840,0.801,0.5746,-0.1025,3.34,-0.85762,0.150,0.694,0.000,-1.0000,-0.6664,TRACKING,R+C
1786998621.479,7.6,0.000,0.846,0.805,0.5759,-0.1003,4.00,-0.78184,0.150,0.695,0.000,-1.0000,-0.6660,TRACKING,R+C
1786998621.493,7.6,0.000,0.846,0.805,0.5759,-0.0803,3.20,-0.62547,0.150,0.695,0.000,-1.0000,-0.6658,TRACKING,prediction
1786998621.509,7.6,0.000,0.840,0.796,0.5797,-0.1065,2.84,-0.91462,0.150,0.695,0.000,-1.0000,-0.6661,TRACKING,R+C
1786998621.526,7.6,0.000,0.840,0.796,0.5797,-0.0852,2.27,-0.73170,0.150,0.695,0.000,-1.0000,-0.6659,TRACKING,prediction
1786998621.545,7.6,0.000,0.840,0.796,0.5797,-0.0681,1.82,-0.58536,0.150,0.696,0.000,-1.0000,-0.6658,TRACKING,prediction
1786998621.565,7.6,0.000,0.837,0.788,0.5814,-0.1090,2.22,-1.01184,0.150,0.696,0.000,-1.0000,-0.6659,TRACKING,R+C
1786998621.589,7.6,0.000,0.847,0.795,0.5821,-0.1049,2.45,-0.98456,0.150,0.696,0.000,-1.0000,-0.6654,TRACKING,R+C
1786998621.605,7.6,0.000,0.847,0.795,0.5821,-0.0840,1.96,-0.78765,0.150,0.696,0.000,-1.0000,-0.6653,TRACKING,prediction
1786998621.619,7.6,0.000,0.830,0.793,0.5794,-0.0955,2.56,-1.03091,0.150,0.696,0.000,-1.0000,-0.6646,TRACKING,R+C
1786998621.633,7.6,0.000,0.824,0.795,0.5781,-0.0920,2.31,-1.06387,0.150,0.697,0.000,-1.0000,-0.6642,TRACKING,R+C
1786998621.651,7.6,0.000,0.821,0.796,0.5746,-0.0868,2.08,-1.11341,0.150,0.697,0.000,-1.0000,-0.6637,TRACKING,R+C
1786998621.665,7.6,0.000,0.814,0.795,0.5726,-0.0821,2.01,-1.12409,0.150,0.697,0.000,-1.0000,-0.6632,TRACKING,R+C
1786998621.695,7.6,0.000,0.819,0.804,0.5689,-0.0800,1.41,-1.18759,0.150,0.697,0.000,-1.0000,-0.6629,TRACKING,R+C
1786998621.714,7.6,0.000,0.820,0.805,0.5697,-0.0777,2.04,-1.14704,0.150,0.697,0.000,-1.0000,-0.6627,TRACKING,R+C
1786998621.729,7.6,0.000,0.815,0.797,0.5759,-0.0780,3.06,-1.06965,0.150,0.697,0.000,-1.0000,-0.6627,TRACKING,R+C
1786998621.742,7.6,0.000,0.812,0.792,0.5802,-0.0822,2.95,-1.13983,0.150,0.697,0.000,-1.0000,-0.6632,TRACKING,R+C
1786998621.757,7.6,0.000,0.817,0.783,0.5870,-0.0867,3.98,-1.07366,0.150,0.698,0.000,-1.0000,-0.6636,TRACKING,R+C
1786998621.773,7.6,0.000,0.817,0.781,0.5939,-0.0913,4.55,-1.07074,0.150,0.698,0.000,-1.0000,-0.6641,TRACKING,R+C
1786998621.791,7.6,0.000,0.817,0.778,0.5999,-0.0951,4.81,-1.08132,0.150,0.698,0.000,-1.0000,-0.6645,TRACKING,R+C
1786998621.807,7.6,0.000,0.817,0.778,0.5999,-0.0760,3.85,-0.86506,0.150,0.698,0.000,-1.0000,-0.6644,TRACKING,prediction
1786998621.822,7.6,0.000,0.815,0.777,0.6053,-0.0980,5.36,-1.08995,0.150,0.698,0.000,-1.0000,-0.6648,TRACKING,R+C
1786998622.227,7.6,0.000,0.821,0.787,0.6088,-0.0978,5.47,-1.12557,0.150,0.698,0.000,-1.0000,-0.6648,TRACKING,R+C
1786998622.243,7.6,0.000,0.817,0.782,0.6084,-0.0987,5.05,-1.23494,0.150,0.698,0.000,-1.0000,-0.6650,TRACKING,R+C
1786998622.256,7.6,0.000,0.807,0.678,0.5970,-0.1009,4.56,-1.33979,0.150,0.698,0.000,-1.0000,-0.6653,TRACKING,R+C
1786998622.272,7.6,0.000,0.816,0.775,0.6120,-0.1012,5.68,-1.22681,0.150,0.698,0.000,-1.0000,-0.6653,TRACKING,R+C
1786998622.292,7.6,0.000,0.805,0.670,0.5929,-0.1022,3.69,-1.49102,0.150,0.698,0.000,-1.0000,-0.6655,TRACKING,R+C
1786998622.321,7.6,0.000,0.821,0.794,0.6103,-0.0964,6.62,-1.15856,0.150,0.699,0.000,-1.0000,-0.6650,TRACKING,R+C
1786998622.336,7.6,0.000,0.808,0.676,0.5985,-0.0954,5.83,-1.34700,0.150,0.699,0.000,-1.0000,-0.6651,TRACKING,R+C
1786998622.353,7.6,0.000,0.808,0.676,0.5985,-0.0763,4.66,-1.07760,0.150,0.699,0.000,-1.0000,-0.6651,TRACKING,prediction
1786998622.370,7.6,0.000,0.808,0.676,0.5985,-0.0611,3.73,-0.86208,0.150,0.699,0.000,-1.0000,-0.6650,TRACKING,prediction
1786998622.400,34.0,0.000,0.808,0.676,0.5985,-0.0488,2.98,-0.68966,0.150,0.699,0.000,-1.0000,-0.6650,TRACKING,prediction
1786998622.427,34.0,0.000,0.808,0.676,0.5985,-0.0391,2.39,-0.55173,0.150,0.699,0.000,-1.0000,-0.6650,TRACKING,prediction
1786998622.443,34.0,0.000,0.808,0.676,0.5985,-0.0313,1.91,-0.44139,0.150,0.699,0.000,-1.0000,-0.6649,TRACKING,prediction
1786998622.458,34.0,0.000,0.831,0.666,0.6561,-0.1159,7.90,-1.36485,0.150,0.699,0.000,-1.0000,-0.6673,TRACKING,R+C
1786998622.473,34.0,0.000,0.840,0.662,0.6640,-0.1206,8.76,-1.26167,0.150,0.699,0.000,-1.0000,-0.6677,TRACKING,R+C
1786998622.493,34.0,0.000,0.840,0.662,0.6640,-0.0965,7.01,-1.00934,0.150,0.699,0.000,-1.0000,-0.6676,TRACKING,prediction
1786998622.515,34.0,0.000,0.840,0.662,0.6640,-0.0772,5.61,-0.80747,0.150,0.699,0.000,-1.0000,-0.6676,TRACKING,prediction
1786998622.533,34.0,0.000,0.840,0.662,0.6640,-0.0618,4.49,-0.64598,0.150,0.699,0.000,-1.0000,-0.6676,TRACKING,prediction
1786998622.550,34.0,0.000,0.840,0.662,0.6640,-0.0494,3.59,-0.51678,0.150,0.699,0.000,-1.0000,-0.6675,TRACKING,prediction
1786998622.567,34.0,0.000,0.865,0.652,0.7096,-0.1457,13.05,-0.69629,0.150,0.699,0.000,-1.0000,-0.6693,TRACKING,R+C
1786998622.885,34.0,0.000,0.866,0.652,0.7130,-0.1461,13.95,-0.53044,0.150,0.699,0.000,-1.0000,-0.6692,TRACKING,R+C
1786998622.898,34.0,0.000,0.867,0.647,0.7199,-0.1479,12.91,-0.67786,0.150,0.699,0.000,-1.0000,-0.6694,TRACKING,R+C
1786998622.926,34.0,0.000,0.867,0.647,0.7199,-0.1183,10.33,-0.54228,0.150,0.699,0.000,-1.0000,-0.6693,TRACKING,prediction
1786998622.942,34.0,0.000,0.867,0.647,0.7199,-0.0946,8.26,-0.43383,0.150,0.699,0.000,-1.0000,-0.6693,TRACKING,prediction
1786998622.960,34.0,0.000,0.867,0.647,0.7199,-0.0757,6.61,-0.34706,0.150,0.699,0.000,-1.0000,-0.6693,TRACKING,prediction
1786998622.980,34.0,0.000,0.867,0.647,0.7199,-0.0606,5.29,-0.27765,0.150,0.699,0.000,-1.0000,-0.6693,TRACKING,prediction
1786998622.996,34.0,0.000,0.867,0.647,0.7199,-0.0484,4.23,-0.22212,0.150,0.699,0.000,-1.0000,-0.6693,TRACKING,prediction
1786998623.024,34.0,0.000,0.867,0.647,0.7199,-0.0388,3.38,-0.17770,0.150,0.700,0.000,-1.0000,-0.6692,TRACKING,prediction
1786998623.041,34.0,0.000,0.867,0.647,0.7199,-0.0310,2.71,-0.14216,0.150,0.700,0.000,-1.0000,-0.6692,TRACKING,prediction
1786998623.057,34.0,0.000,0.867,0.647,0.7199,-0.0248,2.17,-0.11373,0.150,0.700,0.000,-1.0000,-0.6692,TRACKING,prediction
1786998623.076,34.0,0.000,0.867,0.647,0.7199,-0.0198,1.73,-0.09098,0.150,0.690,0.000,-1.0000,-0.6692,TRACKING,prediction
1786998623.092,34.0,0.000,0.867,0.647,0.7199,-0.0159,1.39,-0.07278,0.150,0.673,0.000,-1.0000,-0.6746,TRACKING,prediction
1786998623.111,34.0,0.000,0.867,0.647,0.7199,-0.0127,1.11,-0.05823,0.150,0.652,0.000,-1.0000,-0.6847,TRACKING,prediction
1786998623.126,34.0,0.000,0.867,0.647,0.7199,-0.0102,0.89,-0.04658,0.150,0.628,0.000,-1.0000,-0.6982,TRACKING,prediction
1786998623.140,34.0,0.000,0.867,0.647,0.7199,-0.0081,0.71,-0.03727,0.150,0.587,0.000,-1.0000,-0.7135,UNCERTAIN,prediction
1786998623.158,34.0,0.000,0.867,0.647,0.7199,-0.0065,0.57,-0.02981,0.150,0.558,0.000,-1.0000,-0.7390,UNCERTAIN,prediction
1786998623.173,34.0,0.000,0.867,0.647,0.7199,-0.0052,0.45,-0.02385,0.150,0.537,0.000,-1.0000,-0.7588,UNCERTAIN,prediction
1786998623.193,34.0,0.000,0.867,0.647,0.7199,-0.0042,0.36,-0.01908,0.150,0.516,0.000,-1.0000,-0.7730,UNCERTAIN,prediction
1786998623.209,34.0,0.000,0.867,0.647,0.7199,-0.0033,0.29,-0.01526,0.150,0.494,0.000,-1.0000,-0.7868,UNCERTAIN,prediction
1786998623.224,34.0,0.913,0.651,0.000,0.6786,0.1704,-4.45,-1.95652,0.150,0.505,0.000,1.0000,-0.1438,TRACKING,L+C
1786998623.242,34.0,0.911,0.651,0.000,0.6705,0.1707,-4.17,-1.86179,0.150,0.514,0.000,1.0000,0.4273,TRACKING,L+C
1786998623.654,24.7,0.000,0.910,0.652,0.6609,-0.1676,4.07,0.11000,0.189,0.524,0.000,-1.0000,-0.2145,TRACKING,R+C
1786998623.668,24.7,0.894,0.652,0.000,0.6550,0.1731,-4.20,-1.71475,0.150,0.532,0.000,1.0000,0.4210,TRACKING,L+C
1786998623.696,24.7,0.000,0.875,0.651,0.6475,-0.1585,2.26,0.04692,0.195,0.541,0.000,-1.0000,-0.2033,TRACKING,R+C
1786998623.711,24.7,0.000,0.852,0.652,0.6415,-0.1544,0.38,-0.08748,0.191,0.549,0.000,-1.0000,-0.6832,TRACKING,R+C
1786998623.743,24.7,0.000,0.832,0.651,0.6363,-0.1502,-0.81,-0.14648,0.185,0.556,0.000,-1.0000,-0.7505,TRACKING,R+C
1786998623.756,24.7,0.000,0.814,0.650,0.6251,-0.1452,-1.81,-0.18908,0.181,0.564,0.000,-1.0000,-0.7560,TRACKING,R+C
1786998623.773,24.7,0.000,0.814,0.647,0.6139,-0.1407,-2.61,-0.21849,0.178,0.570,0.000,-1.0000,-0.7524,TRACKING,R+C
1786998623.793,24.7,0.000,0.775,0.645,0.6026,-0.1408,-6.20,-0.49644,0.150,0.577,0.000,-1.0000,-0.7478,TRACKING,R+C
1786998623.815,24.7,0.000,0.742,0.643,0.5948,-0.1375,-7.14,-0.59380,0.150,0.583,0.000,-1.0000,-0.7433,TRACKING,R+C
1786998623.833,24.7,0.000,0.749,0.641,0.5904,-0.1363,-7.24,-0.58412,0.150,0.589,0.000,-1.0000,-0.7390,TRACKING,R+C
1786998623.850,24.7,0.000,0.732,0.641,0.5887,-0.1386,-8.63,-0.69999,0.150,0.594,0.000,-1.0000,-0.7352,TRACKING,R+C
1786998623.868,24.7,0.000,0.724,0.640,0.5896,-0.1412,-9.76,-0.78743,0.150,0.600,0.000,-1.0000,-0.7316,TRACKING,R+C
1786998623.888,24.7,0.000,0.720,0.638,0.5861,-0.1417,-10.97,-0.87839,0.150,0.605,0.000,-1.0000,-0.7280,TRACKING,R+C
1786998623.907,24.7,0.000,0.702,0.637,0.5797,-0.1415,-13.74,-1.05543,0.150,0.609,0.000,-1.0000,-0.7244,TRACKING,R+C
1786998624.258,24.7,0.000,0.706,0.634,0.5713,-0.1301,-12.34,-0.99702,0.150,0.614,0.000,-1.0000,-0.7206,TRACKING,R+C
1786998624.276,24.7,0.000,0.704,0.626,0.5607,-0.1216,-12.90,-1.03428,0.150,0.618,0.000,-1.0000,-0.7168,TRACKING,R+C
1786998624.292,24.7,0.000,0.688,0.626,0.5502,-0.1145,-15.15,-1.19407,0.150,0.622,0.000,-1.0000,-0.7133,TRACKING,R+C
1786998624.312,24.7,0.939,0.687,0.625,0.4472,-0.1049,-15.70,-1.23647,0.150,0.626,0.000,-1.0000,-0.7098,TRACKING,L+C+R_fused
1786998624.330,24.7,0.932,0.688,0.626,0.5294,-0.0979,-17.22,-1.34854,0.150,0.630,0.000,-0.9725,-0.6905,TRACKING,L+C+R_fused
1786998624.357,24.7,0.933,0.696,0.622,0.5246,-0.0928,-18.32,-1.41040,0.150,0.633,0.000,-0.9051,-0.6460,TRACKING,L+C+R_fused
1786998624.373,24.7,0.940,0.697,0.623,0.5317,-0.0842,-17.03,-1.41458,0.150,0.637,0.000,-0.8500,-0.6054,TRACKING,L+C+R_fused
1786998624.391,24.7,0.929,0.702,0.624,0.5410,-0.0794,-17.29,-1.49293,0.150,0.640,0.000,-0.8005,-0.5688,TRACKING,L+C+R_fused
1786998624.409,24.7,0.935,0.710,0.631,0.5207,-0.0725,-17.13,-1.53813,0.150,0.643,0.000,-0.7293,-0.5204,TRACKING,L+C+R_fused
1786998624.429,24.7,0.926,0.708,0.630,0.5217,-0.0626,-16.83,-1.57039,0.150,0.646,0.000,-0.6147,-0.4449,TRACKING,L+C+R_fused
1786998624.454,24.7,0.899,0.715,0.635,0.5345,-0.0516,-16.82,-1.62152,0.150,0.649,0.000,-0.4624,-0.3437,TRACKING,L+C+R_fused
1786998624.482,24.7,0.899,0.719,0.638,0.5263,-0.0401,-16.06,-1.64606,0.150,0.651,0.000,-0.3111,-0.2395,TRACKING,L+C+R_fused
1786998624.500,24.7,0.928,0.725,0.651,0.5130,-0.0291,-14.55,-1.63323,0.150,0.654,0.000,-0.1828,-0.1486,TRACKING,L+C+R_fused
1786998624.518,24.7,0.925,0.731,0.663,0.5106,-0.0220,-13.62,-1.65882,0.150,0.656,0.000,-0.1036,-0.0887,TRACKING,L+C+R_fused
1786998624.537,24.7,0.927,0.734,0.660,0.5141,-0.0170,-12.18,-1.64499,0.150,0.658,0.000,-0.0736,-0.0625,TRACKING,L+C+R_fused
1786998624.554,24.7,0.930,0.732,0.668,0.5129,-0.0127,-11.11,-1.65506,0.150,0.660,0.000,-0.0467,-0.0430,TRACKING,L+C+R_fused
1786998624.570,24.7,0.938,0.732,0.676,0.5135,-0.0074,-10.18,-1.66776,0.150,0.662,0.000,0.0047,-0.0104,TRACKING,L+C+R_fused
1786998624.592,24.7,0.923,0.736,0.701,0.5204,-0.0004,-8.63,-1.64756,0.150,0.664,0.000,0.0669,0.0307,TRACKING,L+C+R_fused
1786998624.902,25.6,0.923,0.737,0.696,0.5299,0.0050,-7.24,-1.63894,0.150,0.666,0.000,0.1052,0.0588,TRACKING,L+C+R_fused
1786998624.917,25.6,0.942,0.735,0.702,0.5038,0.0070,-6.01,-1.62675,0.150,0.668,0.000,0.0889,0.0530,TRACKING,L+C+R_fused
1786998624.934,25.6,0.639,0.732,0.718,0.4906,0.0067,-5.05,-1.64566,0.150,0.669,0.000,0.0389,0.0225,TRACKING,L+C+R_fused
1786998624.951,25.6,0.000,0.730,0.701,0.6045,0.0060,-4.12,-1.66829,0.150,0.671,0.000,-0.0193,-0.0164,TRACKING,R+C
1786998624.968,25.6,0.000,0.731,0.860,0.5037,0.0037,-3.51,-1.68276,0.150,0.672,0.000,-0.0892,-0.0625,TRACKING,R+C
1786998624.993,25.6,0.000,0.734,0.669,0.4960,0.0035,-1.55,-1.60924,0.150,0.674,0.000,-0.1640,-0.1124,TRACKING,R+C
1786998625.009,25.6,0.000,0.735,0.816,0.5160,0.0019,-0.57,-1.59982,0.150,0.675,0.000,-0.2324,-0.1590,TRACKING,R+C
1786998625.024,25.6,0.000,0.739,0.866,0.5235,0.0003,0.69,-1.55696,0.150,0.676,0.000,-0.3067,-0.2081,TRACKING,R+C
1786998625.041,25.6,0.000,0.737,0.828,0.5314,-0.0029,1.25,-1.57379,0.150,0.677,0.000,-0.3850,-0.2599,TRACKING,R+C
1786998625.057,25.6,0.000,0.737,0.828,0.5314,-0.0023,1.00,-1.25903,0.150,0.678,0.000,-0.3850,-0.2672,TRACKING,prediction
1786998625.073,25.6,0.000,0.737,0.828,0.5314,-0.0019,0.80,-1.00723,0.150,0.680,0.000,-0.3850,-0.2681,TRACKING,prediction
1786998625.091,25.6,0.000,0.737,0.828,0.5314,-0.0015,0.64,-0.80578,0.150,0.681,0.000,-0.3850,-0.2679,TRACKING,prediction
1786998625.108,25.6,0.000,0.737,0.828,0.5314,-0.0012,0.51,-0.64463,0.150,0.682,0.000,-0.3850,-0.2677,TRACKING,prediction
1786998625.125,25.6,0.000,0.737,0.828,0.5314,-0.0010,0.41,-0.51570,0.150,0.682,0.000,-0.3850,-0.2674,TRACKING,prediction
1786998625.138,25.6,0.000,0.766,0.821,0.5608,-0.0028,7.37,-1.24245,0.150,0.683,0.000,-0.5716,-0.3726,TRACKING,R+C
1786998625.153,25.6,0.000,0.751,0.811,0.5590,-0.0010,6.41,-1.37240,0.150,0.684,0.000,-0.5289,-0.3640,TRACKING,R+C
1786998625.166,25.6,0.000,0.750,0.815,0.5581,-0.0005,6.26,-1.40795,0.150,0.685,0.000,-0.5212,-0.3583,TRACKING,R+C
1786998625.185,25.6,0.000,0.744,0.799,0.5634,-0.0014,8.17,-1.24652,0.150,0.686,0.000,-0.5829,-0.3916,TRACKING,R+C
1786998625.200,25.6,0.000,0.750,0.799,0.5696,-0.0050,8.42,-1.25225,0.150,0.686,0.000,-0.6427,-0.4298,TRACKING,R+C
1786998625.224,25.6,0.000,0.749,0.801,0.5734,-0.0073,8.97,-1.20752,0.150,0.687,0.000,-0.6863,-0.4594,TRACKING,R+C
1786998625.239,25.6,0.000,0.749,0.801,0.5734,-0.0058,7.18,-0.96602,0.150,0.688,0.000,-0.6863,-0.4635,TRACKING,prediction
1786998625.258,25.6,0.000,0.758,0.789,0.5728,-0.0065,9.77,-1.13980,0.150,0.688,0.000,-0.6949,-0.4687,TRACKING,R+C
1786998625.273,25.6,0.000,0.757,0.789,0.5745,-0.0080,9.55,-1.15545,0.150,0.689,0.000,-0.7077,-0.4763,TRACKING,R+C
1786998625.572,25.6,0.000,0.747,0.795,0.5798,-0.0107,9.70,-1.16166,0.150,0.689,0.000,-0.7478,-0.4995,TRACKING,R+C
1786998625.589,25.6,0.000,0.747,0.795,0.5798,-0.0086,7.76,-0.92933,0.150,0.690,0.000,-0.7478,-0.5027,TRACKING,prediction
1786998625.606,25.6,0.000,0.755,0.780,0.5991,-0.0231,11.46,-0.98213,0.150,0.691,0.000,-0.9147,-0.5953,TRACKING,R+C
1786998625.624,25.6,0.000,0.755,0.780,0.5991,-0.0185,9.17,-0.78570,0.150,0.691,0.000,-0.9147,-0.6086,TRACKING,prediction
1786998625.639,25.6,0.000,0.769,0.791,0.6122,-0.0338,11.53,-0.97566,0.150,0.691,0.000,-1.0000,-0.6576,TRACKING,R+C
1786998625.657,25.6,0.000,0.769,0.791,0.6122,-0.0271,9.23,-0.78053,0.150,0.692,0.000,-1.0000,-0.6646,TRACKING,prediction
1786998625.676,25.6,0.000,0.774,0.786,0.6077,-0.0349,11.40,-0.97850,0.150,0.692,0.000,-1.0000,-0.6654,TRACKING,R+C
1786998625.693,25.6,0.000,0.774,0.786,0.6077,-0.0279,9.12,-0.78280,0.150,0.693,0.000,-1.0000,-0.6653,TRACKING,prediction
1786998625.710,25.6,0.000,0.774,0.786,0.6077,-0.0223,7.30,-0.62624,0.150,0.693,0.000,-1.0000,-0.6651,TRACKING,prediction
1786998625.727,25.6,0.000,0.774,0.786,0.6077,-0.0178,5.84,-0.50099,0.150,0.693,0.000,-1.0000,-0.6648,TRACKING,prediction
1786998625.746,25.6,0.000,0.774,0.786,0.6077,-0.0143,4.67,-0.40079,0.150,0.694,0.000,-1.0000,-0.6646,TRACKING,prediction
1786998625.780,25.6,0.000,0.774,0.786,0.6077,-0.0114,3.74,-0.32064,0.150,0.694,0.000,-1.0000,-0.6644,TRACKING,prediction
1786998625.802,25.6,0.000,0.774,0.786,0.6077,-0.0091,2.99,-0.25651,0.150,0.694,0.000,-1.0000,-0.6641,TRACKING,prediction
1786998625.831,25.6,0.000,0.774,0.786,0.6077,-0.0073,2.39,-0.20521,0.150,0.695,0.000,-1.0000,-0.6639,TRACKING,prediction
1786998625.847,25.6,0.000,0.774,0.786,0.6077,-0.0058,1.91,-0.16417,0.150,0.695,0.000,-1.0000,-0.6638,TRACKING,prediction
1786998625.866,25.6,0.000,0.774,0.786,0.6077,-0.0047,1.53,-0.13133,0.150,0.693,0.000,-1.0000,-0.6636,TRACKING,prediction
1786998625.885,25.6,0.000,0.774,0.786,0.6077,-0.0037,1.22,-0.10507,0.150,0.681,0.000,-1.0000,-0.6647,TRACKING,prediction
1786998625.899,25.6,0.000,0.774,0.786,0.6077,-0.0030,0.98,-0.08405,0.150,0.663,0.000,-1.0000,-0.6715,TRACKING,prediction
1786998625.925,40.1,0.000,0.774,0.786,0.6077,-0.0024,0.78,-0.06724,0.150,0.641,0.000,-1.0000,-0.6827,TRACKING,prediction
1786998626.233,40.1,0.000,0.774,0.786,0.6077,-0.0019,0.63,-0.05379,0.150,0.617,0.000,-1.0000,-0.6968,TRACKING,prediction
1786998626.250,40.1,0.000,0.774,0.786,0.6077,-0.0015,0.50,-0.04303,0.150,0.579,0.000,-1.0000,-0.7125,UNCERTAIN,prediction
1786998626.266,40.1,0.000,0.774,0.786,0.6077,-0.0012,0.40,-0.03443,0.150,0.552,0.000,-1.0000,-0.7364,UNCERTAIN,prediction
1786998626.293,40.1,0.000,0.774,0.786,0.6077,-0.0010,0.32,-0.02754,0.150,0.531,0.000,-1.0000,-0.7550,UNCERTAIN,prediction
1786998626.309,40.1,0.000,0.774,0.786,0.6077,-0.0008,0.26,-0.02203,0.150,0.509,0.000,-1.0000,-0.7698,UNCERTAIN,prediction
1786998626.324,40.1,0.000,0.774,0.786,0.6077,-0.0006,0.21,-0.01763,0.150,0.486,0.000,-1.0000,-0.7844,UNCERTAIN,prediction
1786998626.340,40.1,0.000,0.774,0.786,0.6077,-0.0005,0.16,-0.01410,0.150,0.464,0.000,-1.0000,-0.7991,UNCERTAIN,prediction
1786998626.357,40.1,0.000,0.774,0.786,0.6077,-0.0004,0.13,-0.01128,0.150,0.442,0.000,-1.0000,-0.8137,UNCERTAIN,prediction
1786998626.379,40.1,0.000,0.774,0.786,0.6077,-0.0003,0.11,-0.00903,0.150,0.421,0.000,-1.0000,-0.8280,UNCERTAIN,prediction
1786998626.404,40.1,0.000,0.774,0.786,0.6077,-0.0003,0.08,-0.00722,0.150,0.401,0.000,-1.0000,-0.8418,UNCERTAIN,prediction
1786998626.427,40.1,0.000,0.774,0.786,0.6077,-0.0002,0.07,-0.00578,0.150,0.381,0.000,-1.0000,-0.8552,UNCERTAIN,prediction
1786998626.446,40.1,0.000,0.774,0.786,0.6077,-0.0002,0.05,-0.00462,0.150,0.363,0.000,-1.0000,-0.8680,UNCERTAIN,prediction
1786998626.461,40.1,0.000,0.774,0.786,0.6077,-0.0001,0.04,-0.00370,0.150,0.345,0.000,-1.0000,-0.8802,UNCERTAIN,prediction
1786998626.478,40.1,0.000,0.774,0.786,0.6077,-0.0001,0.03,-0.00296,0.150,0.328,0.000,-1.0000,-0.8919,UNCERTAIN,prediction
1786998626.494,40.1,0.000,0.774,0.786,0.6077,-0.0001,0.03,-0.00237,0.150,0.311,0.000,-1.0000,-0.9031,UNCERTAIN,prediction
1786998626.509,40.1,0.000,0.834,0.766,0.5748,-0.0674,9.19,-0.55716,0.150,0.331,0.000,-1.0000,-0.9139,TRACKING,R+C
1786998626.525,40.1,0.000,0.834,0.768,0.5733,-0.0700,8.96,-0.55140,0.150,0.349,0.000,-1.0000,-0.9048,TRACKING,R+C
1786998626.543,40.1,0.000,0.836,0.770,0.5770,-0.0743,9.18,-0.50637,0.150,0.367,0.000,-1.0000,-0.8934,TRACKING,R+C
1786998626.559,40.1,0.000,0.842,0.766,0.5746,-0.0787,9.22,-0.48592,0.151,0.383,0.000,-1.0000,-0.8822,TRACKING,R+C
1786998626.576,40.1,0.000,0.842,0.766,0.5746,-0.0630,7.38,-0.38873,0.151,0.399,0.000,-1.0000,-0.8713,TRACKING,prediction
1786998626.591,40.1,0.000,0.848,0.765,0.5728,-0.0843,8.01,-0.57579,0.150,0.414,0.000,-1.0000,-0.8612,TRACKING,R+C
1786998626.611,40.1,0.000,0.848,0.765,0.5728,-0.0674,6.41,-0.46063,0.150,0.429,0.000,-1.0000,-0.8513,TRACKING,prediction
1786998627.889,11.7,0.000,0.838,0.761,0.5703,-0.0784,8.05,-0.50615,0.150,0.442,0.000,-1.0000,-0.8415,TRACKING,R+C
1786998627.907,11.7,0.000,0.838,0.761,0.5703,-0.0627,6.44,-0.40492,0.150,0.455,0.000,-1.0000,-0.8326,TRACKING,prediction
1786998627.925,11.7,0.000,0.838,0.761,0.5703,-0.0501,5.15,-0.32393,0.150,0.467,0.000,-1.0000,-0.8241,TRACKING,prediction
1786998627.945,11.7,0.000,0.838,0.761,0.5703,-0.0401,4.12,-0.25915,0.150,0.479,0.000,-1.0000,-0.8160,TRACKING,prediction
1786998627.963,11.7,0.000,0.838,0.761,0.5703,-0.0321,3.30,-0.20732,0.150,0.490,0.000,-1.0000,-0.8083,TRACKING,prediction
1786998627.985,11.7,0.000,0.838,0.761,0.5703,-0.0257,2.64,-0.16585,0.150,0.501,0.000,-1.0000,-0.8010,TRACKING,prediction
1786998628.007,11.7,0.000,0.838,0.761,0.5703,-0.0205,2.11,-0.13268,0.150,0.510,0.000,-1.0000,-0.7941,TRACKING,prediction
1786998628.025,11.7,0.000,0.838,0.761,0.5703,-0.0164,1.69,-0.10615,0.150,0.520,0.000,-1.0000,-0.7875,TRACKING,prediction
1786998628.044,11.7,0.000,0.838,0.761,0.5703,-0.0131,1.35,-0.08492,0.150,0.529,0.000,-1.0000,-0.7812,TRACKING,prediction
1786998628.066,11.7,0.000,0.838,0.761,0.5703,-0.0105,1.08,-0.06793,0.150,0.538,0.000,-1.0000,-0.7752,TRACKING,prediction
1786998628.086,11.7,0.000,0.828,0.782,0.5338,-0.0374,5.09,-0.58475,0.150,0.546,0.000,-0.8445,-0.6680,TRACKING,R+C
1786998628.103,11.7,0.000,0.828,0.782,0.5338,-0.0299,4.07,-0.46780,0.150,0.553,0.000,-0.8445,-0.6486,TRACKING,prediction
1786998628.119,11.7,0.000,0.832,0.777,0.5395,-0.0398,4.93,-0.58693,0.150,0.561,0.000,-0.8657,-0.6553,TRACKING,R+C
1786998628.136,11.7,0.000,0.829,0.779,0.5350,-0.0380,4.85,-0.59840,0.150,0.568,0.000,-0.8462,-0.6404,TRACKING,R+C
1786998628.153,11.7,0.000,0.817,0.780,0.5325,-0.0333,4.53,-0.63441,0.150,0.574,0.000,-0.7888,-0.5991,TRACKING,R+C
1786998628.170,11.7,0.774,0.820,0.790,0.4504,-0.0288,4.83,-0.59780,0.150,0.581,0.000,-0.7390,-0.5590,TRACKING,L+C+R_fused
1786998628.185,11.7,0.000,0.819,0.783,0.5240,-0.0259,4.47,-0.63032,0.150,0.587,0.000,-0.6953,-0.5234,TRACKING,R+C
1786998628.209,11.7,0.720,0.820,0.784,0.4650,-0.0257,4.65,-0.61427,0.150,0.592,0.000,-0.6968,-0.5166,TRACKING,L+C+R_fused
1786998628.223,11.7,0.000,0.823,0.787,0.5313,-0.0270,4.78,-0.60529,0.150,0.598,0.000,-0.7161,-0.5252,TRACKING,R+C
1786998628.246,11.7,0.000,0.823,0.787,0.5313,-0.0216,3.82,-0.48423,0.150,0.603,0.000,-0.7161,-0.5242,TRACKING,prediction
1786998628.269,11.7,0.641,0.821,0.790,0.4531,-0.0240,5.00,-0.58813,0.150,0.608,0.000,-0.6828,-0.5017,TRACKING,L+C+R_fused
1786998628.292,11.7,0.000,0.812,0.794,0.5258,-0.0174,5.15,-0.57494,0.150,0.612,0.000,-0.5978,-0.4450,TRACKING,R+C
1786998628.309,11.7,0.644,0.812,0.785,0.4779,-0.0114,3.98,-0.66690,0.150,0.617,0.000,-0.4794,-0.3635,TRACKING,L+C+R_fused
1786998629.567,13.7,0.830,0.813,0.793,0.5455,-0.0045,4.42,-0.63684,0.150,0.621,0.000,-0.3843,-0.2928,TRACKING,L+C+R_fused
1786998629.585,13.7,0.370,0.817,0.801,0.5004,-0.0004,4.50,-0.64143,0.150,0.625,0.000,-0.3202,-0.2429,TRACKING,L+C+R_fused
1786998629.601,13.7,0.668,0.820,0.799,0.4818,0.0004,4.48,-0.65244,0.150,0.628,0.000,-0.3088,-0.2279,TRACKING,L+C+R_fused
1786998629.617,13.7,0.370,0.817,0.802,0.4999,0.0001,4.15,-0.71277,0.150,0.632,0.000,-0.3105,-0.2262,TRACKING,L+C+R_fused
1786998629.646,13.7,0.734,0.819,0.801,0.5047,0.0004,4.51,-0.70226,0.150,0.635,0.000,-0.3178,-0.2297,TRACKING,L+C+R_fused
1786998629.659,13.7,0.734,0.819,0.801,0.5047,0.0004,3.61,-0.56181,0.150,0.639,0.000,-0.3178,-0.2295,TRACKING,prediction
1786998629.674,13.7,0.734,0.819,0.801,0.5047,0.0003,2.89,-0.44945,0.150,0.642,0.000,-0.3178,-0.2289,TRACKING,prediction
1786998629.692,13.7,0.594,0.817,0.804,0.4930,0.0079,4.28,-0.76472,0.150,0.645,0.000,-0.1910,-0.1535,TRACKING,L+C+R_fused
1786998629.708,13.7,0.594,0.817,0.804,0.4930,0.0064,3.42,-0.61178,0.150,0.647,0.000,-0.1910,-0.1420,TRACKING,prediction
1786998629.727,13.7,0.594,0.817,0.804,0.4930,0.0051,2.74,-0.48942,0.150,0.650,0.000,-0.1910,-0.1400,TRACKING,prediction
1786998629.743,13.7,0.945,0.814,0.811,0.4957,0.0025,4.84,-0.79999,0.150,0.653,0.000,-0.3154,-0.2128,TRACKING,L+C+R_fused
1786998629.758,13.7,0.945,0.814,0.811,0.4957,0.0020,3.87,-0.63999,0.150,0.655,0.000,-0.3154,-0.2229,TRACKING,prediction
1786998629.775,13.7,0.840,0.825,0.812,0.4940,0.0010,5.76,-0.74907,0.150,0.657,0.000,-0.3690,-0.2553,TRACKING,L+C+R_fused
1786998629.790,13.7,0.689,0.824,0.813,0.4924,0.0018,5.72,-0.75264,0.150,0.659,0.000,-0.3555,-0.2517,TRACKING,L+C+R_fused
1786998629.805,13.7,0.000,0.822,0.818,0.4977,0.0010,4.45,-0.87518,0.150,0.661,0.000,-0.3363,-0.2398,TRACKING,R+C
1786998629.822,13.7,0.951,0.815,0.818,0.4632,-0.0003,4.96,-0.84919,0.150,0.663,0.000,-0.3749,-0.2600,TRACKING,L+C+R_fused
1786998629.840,13.7,0.375,0.810,0.809,0.4294,-0.0041,5.22,-0.83114,0.150,0.665,0.000,-0.4417,-0.3010,TRACKING,L+C+R_fused
1786998629.853,13.7,0.000,0.816,0.813,0.5128,-0.0074,5.53,-0.82666,0.150,0.667,0.000,-0.5040,-0.3425,TRACKING,R+C
1786998629.869,13.7,0.000,0.819,0.812,0.5154,-0.0100,5.89,-0.80299,0.150,0.669,0.000,-0.5535,-0.3764,TRACKING,R+C
1786998629.884,13.7,0.000,0.820,0.813,0.5165,-0.0102,6.20,-0.78043,0.150,0.670,0.000,-0.5637,-0.3867,TRACKING,R+C
1786998629.903,13.7,0.000,0.820,0.813,0.5165,-0.0081,4.96,-0.62435,0.150,0.672,0.000,-0.5637,-0.3877,TRACKING,prediction
1786998629.919,13.7,0.000,0.809,0.824,0.5126,-0.0024,5.38,-0.83155,0.150,0.673,0.000,-0.4219,-0.3065,TRACKING,R+C
1786998629.934,13.7,0.000,0.797,0.822,0.5058,0.0054,5.93,-0.80222,0.150,0.674,0.000,-0.3132,-0.2320,TRACKING,R+C
1786998629.953,13.7,0.660,0.800,0.832,0.4786,0.0116,5.83,-0.80971,0.150,0.676,0.000,-0.2048,-0.1587,TRACKING,L+C+R_fused
1786998629.970,13.7,0.877,0.803,0.834,0.5018,0.0166,5.91,-0.81045,0.150,0.677,0.000,-0.1218,-0.1002,TRACKING,L+C+R_fused
1786998629.985,13.7,0.874,0.808,0.835,0.4898,0.0188,6.05,-0.79687,0.150,0.678,0.000,-0.0855,-0.0707,TRACKING,L+C+R_fused
1786998632.240,9.7,0.654,0.805,0.841,0.4881,0.0193,6.48,-0.76615,0.150,0.679,0.000,-0.0914,-0.0696,TRACKING,L+C+R_fused
1786998632.253,9.7,0.000,0.804,0.834,0.5011,0.0207,6.72,-0.75828,0.150,0.680,0.000,-0.0753,-0.0602,TRACKING,R+C
1786998632.283,9.7,0.375,0.798,0.850,0.5122,0.0223,5.33,-0.90470,0.150,0.681,0.000,-0.0117,-0.0228,TRACKING,L+C+R_fused
1786998632.295,9.7,0.816,0.787,0.852,0.4856,0.0279,5.44,-0.90816,0.150,0.682,0.000,0.0828,0.0372,TRACKING,L+C+R_fused
1786998632.316,9.7,0.931,0.789,0.859,0.5036,0.0359,5.98,-0.86391,0.150,0.683,0.000,0.2059,0.1170,TRACKING,L+C+R_fused
1786998632.331,9.7,0.918,0.789,0.863,0.5119,0.0415,5.82,-0.90140,0.150,0.684,0.000,0.3028,0.1842,TRACKING,L+C+R_fused
1786998632.348,9.7,0.920,0.797,0.865,0.5128,0.0462,6.36,-0.87157,0.150,0.685,0.000,0.3624,0.2283,TRACKING,L+C+R_fused
1786998632.362,9.7,0.929,0.793,0.865,0.5085,0.0471,6.35,-0.90257,0.150,0.685,0.000,0.3713,0.2396,TRACKING,L+C+R_fused
1786998632.379,9.7,0.945,0.776,0.840,0.4967,0.0443,5.32,-1.06008,0.150,0.686,0.000,0.3416,0.2234,TRACKING,L+C+R_fused
1786998632.401,9.7,0.376,0.779,0.852,0.4784,0.0397,4.64,-1.14857,0.150,0.687,0.000,0.2800,0.1853,TRACKING,L+C+R_fused
1786998632.415,9.7,0.000,0.770,0.849,0.4900,0.0382,5.70,-1.11379,0.150,0.687,0.000,0.2128,0.1408,TRACKING,R+C
1786998632.445,9.7,0.000,0.774,0.847,0.4942,0.0358,6.74,-1.05097,0.150,0.688,0.000,0.1359,0.0902,TRACKING,R+C
1786998632.466,9.7,0.000,0.773,0.850,0.4940,0.0325,6.91,-1.07924,0.150,0.689,0.000,0.0648,0.0416,TRACKING,R+C
1786998632.483,9.7,0.000,0.767,0.845,0.5001,0.0278,6.51,-1.16494,0.150,0.689,0.000,-0.0178,-0.0131,TRACKING,R+C
1786998632.507,9.7,0.000,0.763,0.822,0.5067,0.0232,6.68,-1.18253,0.150,0.690,0.000,-0.1090,-0.0727,TRACKING,R+C
1786998632.523,9.7,0.000,0.765,0.820,0.5176,0.0184,6.66,-1.22593,0.150,0.690,0.000,-0.2005,-0.1332,TRACKING,R+C
1786998632.539,9.7,0.000,0.767,0.812,0.5276,0.0121,5.34,-1.38689,0.150,0.691,0.000,-0.2781,-0.1860,TRACKING,R+C
1786998632.557,9.7,0.000,0.753,0.791,0.5328,0.0118,6.95,-1.26939,0.150,0.691,0.000,-0.3329,-0.2243,TRACKING,R+C
1786998632.570,9.7,0.000,0.753,0.791,0.5328,0.0095,5.56,-1.01551,0.150,0.692,0.000,-0.3329,-0.2299,TRACKING,prediction
1786998632.588,9.7,0.000,0.753,0.791,0.5328,0.0076,4.45,-0.81241,0.150,0.692,0.000,-0.3329,-0.2306,TRACKING,prediction
1786998632.604,9.7,0.000,0.753,0.791,0.5328,0.0061,3.56,-0.64993,0.150,0.693,0.000,-0.3329,-0.2307,TRACKING,prediction
1786998632.619,9.7,0.000,0.753,0.791,0.5328,0.0048,2.85,-0.51994,0.150,0.693,0.000,-0.3329,-0.2306,TRACKING,prediction
1786998632.636,9.7,0.000,0.753,0.791,0.5328,0.0039,2.28,-0.41595,0.150,0.693,0.000,-0.3329,-0.2305,TRACKING,prediction
1786998632.652,9.7,0.000,0.753,0.791,0.5328,0.0031,1.82,-0.33276,0.150,0.694,0.000,-0.3329,-0.2304,TRACKING,prediction
1786998632.669,9.7,0.000,0.753,0.791,0.5328,0.0025,1.46,-0.26621,0.150,0.694,0.000,-0.3329,-0.2303,TRACKING,prediction
1786998633.050,9.7,0.000,0.736,0.784,0.5613,0.0071,7.87,-1.43931,0.150,0.694,0.000,-0.4767,-0.3115,TRACKING,R+C
1786998633.067,9.7,0.000,0.726,0.785,0.5701,0.0013,6.85,-1.62476,0.150,0.694,0.000,-0.5517,-0.3654,TRACKING,R+C
1786998633.082,9.7,0.000,0.725,0.777,0.5800,-0.0028,6.72,-1.71836,0.150,0.695,0.000,-0.6182,-0.4103,TRACKING,R+C
1786998633.099,9.7,0.000,0.725,0.777,0.5800,-0.0022,5.37,-1.37469,0.150,0.695,0.000,-0.6182,-0.4168,TRACKING,prediction
1786998633.119,9.7,0.000,0.739,0.773,0.5810,0.0012,8.61,-1.55111,0.150,0.695,0.000,-0.6095,-0.4127,TRACKING,R+C
1786998633.132,9.7,0.000,0.735,0.775,0.5780,0.0050,8.61,-1.59750,0.150,0.696,0.000,-0.5615,-0.3857,TRACKING,R+C
1786998633.148,9.7,0.000,0.729,0.775,0.5724,0.0076,8.11,-1.69805,0.150,0.696,0.000,-0.5197,-0.3588,TRACKING,R+C
1786998633.162,9.7,0.000,0.725,0.781,0.5703,0.0093,8.20,-1.72266,0.150,0.696,0.000,-0.5030,-0.3456,TRACKING,R+C
1786998633.177,9.7,0.000,0.726,0.780,0.5743,0.0083,8.86,-1.70741,0.150,0.696,0.000,-0.5407,-0.3645,TRACKING,R+C
1786998633.193,9.7,0.000,0.733,0.781,0.5779,0.0065,9.98,-1.60707,0.150,0.696,0.000,-0.5962,-0.3978,TRACKING,R+C
1786998633.208,9.7,0.000,0.729,0.784,0.5833,0.0039,9.07,-1.81502,0.150,0.697,0.000,-0.6283,-0.4209,TRACKING,R+C
1786998633.223,9.7,0.000,0.725,0.779,0.5876,0.0051,9.47,-1.83553,0.150,0.697,0.000,-0.6291,-0.4248,TRACKING,R+C
1786998633.236,9.7,0.000,0.724,0.783,0.5885,0.0079,10.43,-1.75790,0.150,0.697,0.000,-0.6164,-0.4183,TRACKING,R+C
1786998633.253,37.5,0.000,0.724,0.783,0.5899,0.0090,11.27,-1.67834,0.150,0.697,0.000,-0.6212,-0.4198,TRACKING,R+C
1786998633.268,37.5,0.000,0.725,0.789,0.5990,0.0082,11.70,-1.65947,0.150,0.697,0.000,-0.6456,-0.4335,TRACKING,R+C
1786998633.284,37.5,0.000,0.724,0.782,0.6095,0.0019,10.97,-1.75084,0.150,0.697,0.000,-0.7141,-0.4733,TRACKING,R+C
1786998633.299,37.5,0.000,0.715,0.787,0.6223,-0.0036,13.65,-1.51720,0.150,0.697,0.000,-0.8372,-0.5464,TRACKING,R+C
1786998633.317,37.5,0.000,0.715,0.787,0.6223,-0.0028,10.92,-1.21376,0.150,0.698,0.000,-0.8372,-0.5571,TRACKING,prediction
1786998633.336,37.5,0.000,0.715,0.787,0.6223,-0.0023,8.74,-0.97101,0.150,0.698,0.000,-0.8372,-0.5587,TRACKING,prediction
1786998633.352,37.5,0.000,0.715,0.787,0.6223,-0.0018,6.99,-0.77681,0.150,0.698,0.000,-0.8372,-0.5589,TRACKING,prediction
1786998633.370,37.5,0.000,0.715,0.787,0.6223,-0.0015,5.59,-0.62145,0.150,0.698,0.000,-0.8372,-0.5588,TRACKING,prediction
1786998633.386,37.5,0.000,0.715,0.787,0.6223,-0.0012,4.47,-0.49716,0.150,0.698,0.000,-0.8372,-0.5588,TRACKING,prediction
1786998633.404,37.5,0.000,0.755,0.792,0.6711,-0.0270,22.83,-0.45889,0.154,0.698,0.000,-1.0000,-0.6484,TRACKING,R+C
1786998633.418,37.5,0.000,0.746,0.785,0.6683,-0.0255,24.27,-0.27206,0.173,0.698,0.000,-0.9873,-0.6543,TRACKING,R+C
1786998633.437,37.5,0.000,0.746,0.785,0.6683,-0.0204,19.42,-0.21765,0.173,0.698,0.000,-0.9873,-0.6552,TRACKING,prediction
1786998633.454,37.5,0.000,0.746,0.785,0.6683,-0.0163,15.54,-0.17412,0.173,0.698,0.000,-0.9873,-0.6553,TRACKING,prediction
1786998633.478,37.5,0.000,0.746,0.785,0.6683,-0.0130,12.43,-0.13929,0.173,0.698,0.000,-0.9873,-0.6552,TRACKING,prediction
1786998633.503,37.5,0.000,0.746,0.785,0.6683,-0.0104,9.94,-0.11143,0.173,0.699,0.000,-0.9873,-0.6552,TRACKING,prediction
1786998633.520,37.5,0.000,0.746,0.785,0.6683,-0.0083,7.95,-0.08915,0.173,0.699,0.000,-0.9873,-0.6551,TRACKING,prediction
1786998633.540,37.5,0.000,0.746,0.785,0.6683,-0.0067,6.36,-0.07132,0.173,0.699,0.000,-0.9873,-0.6551,TRACKING,prediction
1786998633.572,37.5,0.000,0.746,0.785,0.6683,-0.0053,5.09,-0.05705,0.173,0.699,0.000,-0.9873,-0.6550,TRACKING,prediction
1786998633.592,37.5,0.000,0.746,0.785,0.6683,-0.0043,4.07,-0.04564,0.173,0.699,0.000,-0.9873,-0.6550,TRACKING,prediction
1786998633.616,37.5,0.000,0.746,0.785,0.6683,-0.0034,3.26,-0.03651,0.173,0.692,0.000,-0.9873,-0.6549,TRACKING,prediction
1786998633.631,37.5,0.000,0.746,0.785,0.6683,-0.0027,2.61,-0.02921,0.173,0.677,0.000,-0.9873,-0.6588,TRACKING,prediction
1786998633.648,37.5,0.000,0.746,0.785,0.6683,-0.0022,2.09,-0.02337,0.173,0.657,0.000,-0.9873,-0.6678,TRACKING,prediction
1786998633.957,37.5,0.000,0.746,0.785,0.6683,-0.0018,1.67,-0.01870,0.173,0.634,0.000,-0.9873,-0.6804,TRACKING,prediction
1786998633.975,37.5,0.000,0.746,0.785,0.6683,-0.0014,1.33,-0.01496,0.173,0.591,0.000,-0.9873,-0.6952,UNCERTAIN,prediction
1786998633.992,37.5,0.000,0.746,0.785,0.6683,-0.0011,1.07,-0.01197,0.173,0.560,0.000,-0.9873,-0.7214,UNCERTAIN,prediction
1786998634.019,37.5,0.000,0.746,0.785,0.6683,-0.0009,0.85,-0.00957,0.173,0.539,0.000,-0.9873,-0.7420,UNCERTAIN,prediction
1786998634.035,37.5,0.000,0.746,0.785,0.6683,-0.0007,0.68,-0.00766,0.173,0.519,0.000,-0.9873,-0.7567,UNCERTAIN,prediction
1786998634.052,37.5,0.000,0.746,0.785,0.6683,-0.0006,0.55,-0.00613,0.173,0.498,0.000,-0.9873,-0.7700,UNCERTAIN,prediction
1786998634.067,37.5,0.000,0.790,0.763,0.6319,-0.1035,10.69,-0.08626,0.191,0.508,0.000,-1.0000,-0.7921,TRACKING,R+C
1786998634.081,37.5,0.000,0.792,0.768,0.6232,-0.1014,10.39,-0.04090,0.196,0.518,0.000,-1.0000,-0.7894,TRACKING,R+C
1786998634.107,37.5,0.000,0.792,0.768,0.6232,-0.0811,8.32,-0.03272,0.196,0.527,0.000,-1.0000,-0.7837,TRACKING,prediction
1786998634.140,37.5,0.000,0.792,0.768,0.6232,-0.0649,6.65,-0.02618,0.196,0.535,0.000,-1.0000,-0.7777,TRACKING,prediction
1786998634.157,37.5,0.000,0.792,0.768,0.6232,-0.0519,5.32,-0.02094,0.196,0.544,0.000,-1.0000,-0.7720,TRACKING,prediction
1786998634.185,37.5,0.000,0.792,0.768,0.6232,-0.0415,4.26,-0.01675,0.196,0.551,0.000,-1.0000,-0.7666,TRACKING,prediction
1786998634.202,37.5,0.000,0.792,0.768,0.6232,-0.0332,3.41,-0.01340,0.196,0.559,0.000,-1.0000,-0.7614,TRACKING,prediction
1786998634.218,37.5,0.000,0.792,0.768,0.6232,-0.0266,2.72,-0.01072,0.196,0.566,0.000,-1.0000,-0.7564,TRACKING,prediction
1786998634.245,37.5,0.000,0.774,0.812,0.5675,-0.0756,4.28,-0.21357,0.179,0.573,0.000,-0.9445,-0.7145,TRACKING,R+C
1786998634.259,36.8,0.000,0.768,0.813,0.5609,-0.0690,3.58,-0.24506,0.175,0.579,0.000,-0.9085,-0.6825,TRACKING,R+C
1786998634.273,36.8,0.000,0.751,0.821,0.5516,-0.0631,1.55,-0.40813,0.159,0.585,0.000,-0.9157,-0.6782,TRACKING,R+C
1786998634.634,36.8,0.375,0.745,0.822,0.4429,-0.0573,0.04,-0.50909,0.150,0.591,0.000,-0.9104,-0.6705,TRACKING,L+C+R_fused
1786998634.649,36.8,0.000,0.743,0.839,0.5343,-0.0517,-1.49,-0.61041,0.150,0.596,0.000,-0.8222,-0.6125,TRACKING,R+C
1786998634.663,36.8,0.000,0.744,0.842,0.5276,-0.0444,-1.05,-0.57785,0.150,0.601,0.000,-0.7462,-0.5550,TRACKING,R+C
1786998634.677,36.8,0.000,0.746,0.850,0.5215,-0.0404,-1.78,-0.64738,0.150,0.606,0.000,-0.6818,-0.5051,TRACKING,R+C
1786998634.701,36.8,0.000,0.727,0.858,0.5129,-0.0408,-4.50,-0.91574,0.150,0.611,0.000,-0.6335,-0.4668,TRACKING,R+C
1786998634.722,36.8,0.000,0.741,0.861,0.5137,-0.0408,-4.14,-0.87928,0.150,0.615,0.000,-0.6407,-0.4637,TRACKING,R+C
1786998634.747,36.8,0.000,0.735,0.861,0.5113,-0.0429,-6.19,-1.06554,0.150,0.620,0.000,-0.6258,-0.4529,TRACKING,R+C
1786998634.769,36.8,0.372,0.743,0.859,0.4672,-0.0407,-5.81,-1.06250,0.150,0.624,0.000,-0.6083,-0.4392,TRACKING,L+C+R_fused
1786998634.789,36.8,0.627,0.733,0.857,0.4654,-0.0352,-5.88,-1.10985,0.150,0.628,0.000,-0.5355,-0.3925,TRACKING,L+C+R_fused
1786998634.806,36.8,0.830,0.737,0.866,0.5020,-0.0262,-5.79,-1.12083,0.150,0.631,0.000,-0.4017,-0.3045,TRACKING,L+C+R_fused
1786998634.821,36.8,0.811,0.737,0.867,0.4902,-0.0183,-6.64,-1.23733,0.150,0.635,0.000,-0.2554,-0.2037,TRACKING,L+C+R_fused
1786998634.837,36.8,0.932,0.743,0.873,0.5048,-0.0106,-6.98,-1.30399,0.150,0.638,0.000,-0.1206,-0.1080,TRACKING,L+C+R_fused
1786998634.856,36.8,0.939,0.755,0.877,0.5013,-0.0070,-7.78,-1.39825,0.150,0.641,0.000,-0.0395,-0.0455,TRACKING,L+C+R_fused
1786998634.873,36.8,0.938,0.756,0.884,0.4958,-0.0026,-7.31,-1.42992,0.150,0.644,0.000,0.0112,-0.0064,TRACKING,L+C+R_fused
1786998634.895,36.8,0.938,0.755,0.881,0.4888,0.0032,-6.52,-1.44190,0.150,0.647,0.000,0.0784,0.0394,TRACKING,L+C+R_fused
1786998634.911,36.8,0.931,0.753,0.882,0.4991,0.0104,-5.94,-1.46640,0.150,0.649,0.000,0.1760,0.1040,TRACKING,L+C+R_fused
1786998634.929,36.8,0.927,0.749,0.762,0.5083,0.0199,-6.12,-1.58052,0.150,0.652,0.000,0.3244,0.2010,TRACKING,L+C+R_fused
1786998635.217,36.8,0.911,0.748,0.638,0.5057,0.0302,-5.67,-1.63551,0.150,0.654,0.000,0.4636,0.2972,TRACKING,L+C+R_fused
1786998635.233,36.8,0.909,0.752,0.630,0.5368,0.0399,-4.79,-1.64046,0.150,0.657,0.000,0.5738,0.3760,TRACKING,L+C+R_fused
1786998635.262,20.9,0.906,0.756,0.367,0.5262,0.0497,-3.03,-1.60497,0.150,0.659,0.000,0.6548,0.4346,TRACKING,L+C+R_fused
1786998635.280,20.9,0.920,0.759,0.373,0.5204,0.0556,-1.67,-1.58779,0.150,0.661,0.000,0.6897,0.4627,TRACKING,L+C+R_fused
1786998635.295,20.9,0.933,0.759,0.362,0.5433,0.0577,-0.78,-1.60389,0.150,0.663,0.000,0.6866,0.4639,TRACKING,L+C+R_fused
1786998635.311,20.9,0.942,0.755,0.367,0.5170,0.0587,0.45,-1.58362,0.150,0.665,0.000,0.6614,0.4481,TRACKING,L+C+R_fused
1786998635.325,20.9,0.710,0.757,0.353,0.5322,0.0593,2.08,-1.50737,0.150,0.666,0.000,0.6249,0.4234,TRACKING,L+C+R_fused
1786998635.340,20.9,0.000,0.750,0.373,0.4254,0.0576,0.17,-1.77108,0.150,0.668,0.000,0.6310,0.4218,TRACKING,R+C
1786998635.353,20.9,0.000,0.744,0.367,0.4965,0.0613,2.13,-1.68098,0.150,0.670,0.000,0.6265,0.4182,TRACKING,R+C
1786998635.366,20.9,0.000,0.749,0.000,0.4965,0.0656,4.42,-1.51663,0.150,0.671,0.000,0.6272,0.4176,TRACKING,C_only
1786998635.384,20.9,0.000,0.752,0.366,0.4010,0.0669,5.00,-1.51585,0.150,0.673,0.000,0.6251,0.4155,TRACKING,R+C
1786998635.398,20.9,0.000,0.752,0.366,0.4010,0.0535,4.00,-1.21268,0.150,0.674,0.000,0.6251,0.4148,TRACKING,prediction
1786998635.413,20.9,0.000,0.741,0.564,0.5917,0.0622,5.11,-1.67033,0.150,0.675,0.000,0.5304,0.3577,TRACKING,R+C
1786998635.439,20.9,0.000,0.741,0.309,0.4812,0.0585,5.77,-1.65793,0.150,0.677,0.000,0.4497,0.3019,TRACKING,R+C
1786998635.453,20.9,0.000,0.741,0.374,0.5418,0.0566,8.51,-1.47319,0.150,0.678,0.000,0.3343,0.2264,TRACKING,R+C
1786998635.473,20.9,0.000,0.738,0.592,0.4973,0.0521,10.00,-1.37460,0.150,0.679,0.000,0.2084,0.1421,TRACKING,R+C
1786998635.486,20.9,0.000,0.740,0.000,0.4973,0.0460,10.64,-1.35833,0.150,0.680,0.000,0.0738,0.0515,TRACKING,C_only
1786998635.501,20.9,0.000,0.736,0.363,0.6872,0.0403,11.38,-1.34234,0.150,0.681,0.000,-0.0606,-0.0393,TRACKING,R+C
1786998635.516,20.9,0.000,0.740,0.269,0.5919,0.0339,12.09,-1.30043,0.150,0.682,0.000,-0.2005,-0.1318,TRACKING,R+C
1786998635.530,20.9,0.000,0.743,0.517,0.5716,0.0282,13.39,-1.18266,0.150,0.683,0.000,-0.3371,-0.2222,TRACKING,R+C
1786998635.821,20.9,0.000,0.741,0.753,0.5942,0.0221,14.71,-1.06780,0.150,0.684,0.000,-0.4734,-0.3119,TRACKING,R+C
1786998635.835,20.9,0.000,0.739,0.830,0.6043,0.0143,15.56,-1.00086,0.150,0.684,0.000,-0.6113,-0.4021,TRACKING,R+C
1786998635.849,20.9,0.000,0.745,0.811,0.6086,0.0058,15.92,-0.97142,0.150,0.685,0.000,-0.7311,-0.4820,TRACKING,R+C
1786998635.872,20.9,0.000,0.750,0.820,0.6149,-0.0015,16.25,-0.93839,0.150,0.686,0.000,-0.8241,-0.5452,TRACKING,R+C
1786998635.892,20.9,0.000,0.750,0.820,0.6149,-0.0012,13.00,-0.75071,0.150,0.687,0.000,-0.8241,-0.5542,TRACKING,prediction
1786998635.918,20.9,0.000,0.750,0.820,0.6149,-0.0010,10.40,-0.60057,0.150,0.687,0.000,-0.8241,-0.5552,TRACKING,prediction
1786998635.933,20.9,0.000,0.750,0.820,0.6149,-0.0008,8.32,-0.48046,0.150,0.688,0.000,-0.8241,-0.5550,TRACKING,prediction
1786998635.953,20.9,0.000,0.750,0.820,0.6149,-0.0006,6.66,-0.38437,0.150,0.689,0.000,-0.8241,-0.5547,TRACKING,prediction
1786998635.968,20.9,0.000,0.750,0.820,0.6149,-0.0005,5.32,-0.30749,0.150,0.689,0.000,-0.8241,-0.5544,TRACKING,prediction
1786998635.991,20.9,0.000,0.750,0.820,0.6149,-0.0004,4.26,-0.24599,0.150,0.690,0.000,-0.8241,-0.5540,TRACKING,prediction
1786998636.009,20.9,0.000,0.750,0.820,0.6149,-0.0003,3.41,-0.19679,0.150,0.690,0.000,-0.8241,-0.5537,TRACKING,prediction
1786998636.026,20.9,0.000,0.750,0.820,0.6149,-0.0003,2.73,-0.15744,0.150,0.691,0.000,-0.8241,-0.5534,TRACKING,prediction
1786998636.041,20.9,0.000,0.750,0.820,0.6149,-0.0002,2.18,-0.12595,0.150,0.691,0.000,-0.8241,-0.5532,TRACKING,prediction
1786998636.074,20.9,0.000,0.750,0.820,0.6149,-0.0002,1.74,-0.10076,0.150,0.681,0.000,-0.8241,-0.5531,TRACKING,prediction
1786998636.429,27.4,0.000,0.750,0.820,0.6149,-0.0001,1.40,-0.08061,0.150,0.664,0.000,-0.8241,-0.5577,TRACKING,prediction
1786998636.447,27.4,0.000,0.750,0.820,0.6149,-0.0001,1.12,-0.06449,0.150,0.643,0.000,-0.8241,-0.5664,TRACKING,prediction
1786998636.466,27.4,0.000,0.750,0.820,0.6149,-0.0001,0.89,-0.05159,0.150,0.619,0.000,-0.8241,-0.5777,TRACKING,prediction
1786998636.482,27.4,0.000,0.750,0.820,0.6149,-0.0001,0.71,-0.04127,0.150,0.581,0.000,-0.8241,-0.5905,UNCERTAIN,prediction
1786998636.499,27.4,0.000,0.750,0.820,0.6149,-0.0001,0.57,-0.03302,0.150,0.553,0.000,-0.8241,-0.6107,UNCERTAIN,prediction
1786998636.516,27.4,0.000,0.750,0.820,0.6149,-0.0000,0.46,-0.02641,0.150,0.532,0.000,-0.8241,-0.6265,UNCERTAIN,prediction
1786998636.536,27.4,0.000,0.750,0.820,0.6149,-0.0000,0.37,-0.02113,0.150,0.511,0.000,-0.8241,-0.6386,UNCERTAIN,prediction
1786998636.553,27.4,0.000,0.750,0.820,0.6149,-0.0000,0.29,-0.01690,0.150,0.488,0.000,-0.8241,-0.6507,UNCERTAIN,prediction
1786998636.569,27.4,0.000,0.825,0.758,0.6833,-0.1249,13.53,-0.70839,0.150,0.499,0.000,-1.0000,-0.7843,TRACKING,R+C
1786998636.592,27.4,0.000,0.825,0.758,0.6833,-0.0999,10.82,-0.56671,0.150,0.509,0.000,-1.0000,-0.7968,TRACKING,prediction
1786998636.612,27.4,0.000,0.825,0.758,0.6833,-0.0799,8.66,-0.45337,0.150,0.519,0.000,-1.0000,-0.7932,TRACKING,prediction
1786998636.630,27.4,0.000,0.825,0.758,0.6833,-0.0640,6.93,-0.36269,0.150,0.528,0.000,-1.0000,-0.7874,TRACKING,prediction
1786998636.650,27.4,0.000,0.825,0.758,0.6833,-0.0512,5.54,-0.29016,0.150,0.536,0.000,-1.0000,-0.7815,TRACKING,prediction
1786998636.669,27.4,0.000,0.825,0.758,0.6833,-0.0409,4.43,-0.23212,0.150,0.544,0.000,-1.0000,-0.7759,TRACKING,prediction
1786998636.689,27.4,0.000,0.825,0.758,0.6833,-0.0327,3.55,-0.18570,0.150,0.552,0.000,-1.0000,-0.7705,TRACKING,prediction
1786998636.718,27.4,0.000,0.825,0.758,0.6833,-0.0262,2.84,-0.14856,0.150,0.560,0.000,-1.0000,-0.7654,TRACKING,prediction
1786998636.741,27.4,0.000,0.825,0.758,0.6833,-0.0210,2.27,-0.11885,0.150,0.567,0.000,-1.0000,-0.7606,TRACKING,prediction
1786998636.759,27.4,0.000,0.825,0.758,0.6833,-0.0168,1.82,-0.09508,0.150,0.573,0.000,-1.0000,-0.7560,TRACKING,prediction
1786998636.777,27.4,0.000,0.825,0.758,0.6833,-0.0134,1.45,-0.07606,0.150,0.578,0.000,-1.0000,-0.7516,TRACKING,prediction
1786998636.794,27.4,0.000,0.825,0.758,0.6833,-0.0107,1.16,-0.06085,0.150,0.580,0.000,-1.0000,-0.7485,TRACKING,prediction
1786998636.810,27.4,0.000,0.825,0.758,0.6833,-0.0086,0.93,-0.04868,0.150,0.581,0.000,-1.0000,-0.7465,TRACKING,prediction
1786998636.825,27.4,0.000,0.825,0.758,0.6833,-0.0069,0.74,-0.03894,0.150,0.578,0.000,-1.0000,-0.7457,TRACKING,prediction
1786998636.842,27.4,0.000,0.825,0.758,0.6833,-0.0055,0.59,-0.03116,0.150,0.551,0.000,-1.0000,-0.7477,UNCERTAIN,prediction
1786998636.858,27.4,0.000,0.825,0.758,0.6833,-0.0044,0.48,-0.02492,0.150,0.533,0.000,-1.0000,-0.7626,UNCERTAIN,prediction
1786998636.879,27.4,0.000,0.825,0.758,0.6833,-0.0035,0.38,-0.01994,0.150,0.519,0.000,-1.0000,-0.7750,UNCERTAIN,prediction
1786998636.896,27.4,0.000,0.825,0.758,0.6833,-0.0028,0.30,-0.01595,0.150,0.503,0.000,-1.0000,-0.7842,UNCERTAIN,prediction
1786998636.913,27.4,0.000,0.825,0.758,0.6833,-0.0023,0.24,-0.01276,0.150,0.484,0.000,-1.0000,-0.7949,UNCERTAIN,prediction
1786998636.933,27.4,0.000,0.825,0.758,0.6833,-0.0018,0.19,-0.01021,0.150,0.464,0.000,-1.0000,-0.8067,UNCERTAIN,prediction
1786998636.948,27.4,0.000,0.847,0.818,0.5767,-0.0985,5.73,-0.65441,0.150,0.476,0.000,-1.0000,-0.8153,TRACKING,R+C
1786998636.969,27.4,0.000,0.847,0.818,0.5767,-0.0788,4.58,-0.52353,0.150,0.487,0.000,-1.0000,-0.8107,TRACKING,prediction
1786998636.990,27.4,0.000,0.847,0.818,0.5767,-0.0630,3.66,-0.41882,0.150,0.498,0.000,-1.0000,-0.8038,TRACKING,prediction
1786998637.019,27.4,0.000,0.847,0.818,0.5767,-0.0504,2.93,-0.33506,0.150,0.508,0.000,-1.0000,-0.7968,TRACKING,prediction
1786998637.043,27.4,0.000,0.847,0.818,0.5767,-0.0403,2.35,-0.26805,0.150,0.518,0.000,-1.0000,-0.7902,TRACKING,prediction
1786998637.056,27.4,0.000,0.847,0.798,0.5861,-0.1263,6.29,-0.50974,0.150,0.527,0.000,-1.0000,-0.7855,TRACKING,R+C
1786998637.073,27.4,0.000,0.847,0.798,0.5861,-0.1010,5.03,-0.40779,0.150,0.535,0.000,-1.0000,-0.7795,TRACKING,prediction
1786998637.092,27.4,0.000,0.847,0.798,0.5861,-0.0808,4.03,-0.32623,0.150,0.544,0.000,-1.0000,-0.7738,TRACKING,prediction
1786998637.108,27.4,0.000,0.847,0.798,0.5861,-0.0647,3.22,-0.26099,0.150,0.551,0.000,-1.0000,-0.7683,TRACKING,prediction
1786998637.124,27.4,0.000,0.865,0.790,0.5861,-0.1514,4.30,-0.69072,0.150,0.559,0.000,-1.0000,-0.7648,TRACKING,R+C
1786998637.141,27.4,0.000,0.869,0.789,0.5836,-0.1529,5.52,-0.55683,0.150,0.566,0.000,-1.0000,-0.7601,TRACKING,R+C
1786998637.158,27.4,0.000,0.869,0.789,0.5836,-0.1223,4.41,-0.44546,0.150,0.573,0.000,-1.0000,-0.7554,TRACKING,prediction
1786998637.185,27.4,0.000,0.869,0.789,0.5836,-0.0979,3.53,-0.35637,0.150,0.579,0.000,-1.0000,-0.7510,TRACKING,prediction
1786998637.200,27.4,0.000,0.869,0.789,0.5836,-0.0783,2.82,-0.28510,0.150,0.585,0.000,-1.0000,-0.7468,TRACKING,prediction
1786998637.230,27.4,0.000,0.869,0.789,0.5836,-0.0626,2.26,-0.22808,0.150,0.591,0.000,-1.0000,-0.7428,TRACKING,prediction
1786998637.246,27.4,0.865,0.794,0.000,0.5615,0.2069,22.59,-0.62896,0.150,0.596,0.000,1.0000,-0.1932,TRACKING,L+C
1786998637.267,27.4,0.000,0.864,0.797,0.5598,-0.1427,3.19,-0.57146,0.150,0.601,0.000,-1.0000,-0.6610,TRACKING,R+C
1786998637.288,27.4,0.000,0.864,0.797,0.5598,-0.1141,2.56,-0.45717,0.150,0.606,0.000,-1.0000,-0.7195,TRACKING,prediction
1786998637.314,27.4,0.000,0.854,0.802,0.5522,-0.1353,1.79,-0.66404,0.150,0.611,0.000,-1.0000,-0.7248,TRACKING,R+C
1786998637.328,27.4,0.000,0.851,0.807,0.5504,-0.1302,1.80,-0.62403,0.150,0.615,0.000,-1.0000,-0.7226,TRACKING,R+C
1786998637.345,27.4,0.000,0.851,0.807,0.5504,-0.1041,1.44,-0.49922,0.150,0.620,0.000,-1.0000,-0.7198,TRACKING,prediction
1786998637.362,27.4,0.000,0.845,0.815,0.5430,-0.1191,1.21,-0.62843,0.150,0.624,0.000,-1.0000,-0.7160,TRACKING,R+C
1786998637.378,27.4,0.000,0.845,0.815,0.5430,-0.0953,0.97,-0.50274,0.150,0.628,0.000,-1.0000,-0.7133,TRACKING,prediction
1786998637.396,27.4,0.000,0.845,0.815,0.5430,-0.0763,0.77,-0.40219,0.150,0.631,0.000,-1.0000,-0.7108,TRACKING,prediction
1786998637.421,27.4,0.000,0.844,0.821,0.5435,-0.1079,0.53,-0.60553,0.150,0.635,0.000,-1.0000,-0.7072,TRACKING,R+C
1786998637.436,52.6,0.000,0.852,0.820,0.5411,-0.1093,-0.16,-0.65435,0.150,0.638,0.000,-1.0000,-0.7049,TRACKING,R+C
1786998637.460,52.6,0.000,0.852,0.820,0.5411,-0.0874,-0.13,-0.52348,0.150,0.641,0.000,-1.0000,-0.7027,TRACKING,prediction
1786998637.478,52.6,0.000,0.852,0.820,0.5411,-0.0699,-0.10,-0.41878,0.150,0.644,0.000,-1.0000,-0.7006,TRACKING,prediction
1786998637.497,52.6,0.000,0.853,0.812,0.5440,-0.1211,0.84,-0.60664,0.150,0.647,0.000,-1.0000,-0.6998,TRACKING,R+C
1786998637.524,52.6,0.000,0.853,0.812,0.5440,-0.0969,0.67,-0.48531,0.150,0.649,0.000,-1.0000,-0.6979,TRACKING,prediction
1786998637.541,52.6,0.000,0.853,0.812,0.5440,-0.0775,0.53,-0.38825,0.150,0.652,0.000,-1.0000,-0.6961,TRACKING,prediction
1786998637.557,52.6,0.000,0.868,0.814,0.5462,-0.1300,1.44,-0.55490,0.150,0.654,0.000,-1.0000,-0.6952,TRACKING,R+C
1786998637.579,52.6,0.000,0.868,0.814,0.5462,-0.1040,1.15,-0.44392,0.150,0.657,0.000,-1.0000,-0.6936,TRACKING,prediction
1786998637.597,52.6,0.000,0.868,0.814,0.5462,-0.0832,0.92,-0.35513,0.150,0.659,0.000,-1.0000,-0.6920,TRACKING,prediction
1786998637.618,52.6,0.000,0.868,0.814,0.5462,-0.0665,0.74,-0.28411,0.150,0.661,0.000,-1.0000,-0.6906,TRACKING,prediction
1786998637.633,52.6,0.000,0.855,0.811,0.5309,-0.1187,-0.11,-0.67139,0.150,0.663,0.000,-1.0000,-0.6881,TRACKING,R+C
1786998637.650,52.6,0.000,0.852,0.815,0.5308,-0.1186,-0.96,-0.74441,0.150,0.665,0.000,-1.0000,-0.6867,TRACKING,R+C
1786998637.664,52.6,0.000,0.855,0.816,0.5301,-0.1186,0.00,-0.66792,0.150,0.666,0.000,-1.0000,-0.6856,TRACKING,R+C
1786998637.682,52.6,0.000,0.860,0.818,0.5280,-0.1208,-0.36,-0.71074,0.150,0.668,0.000,-1.0000,-0.6846,TRACKING,R+C
1786998637.699,52.6,0.000,0.858,0.818,0.5266,-0.1226,-0.62,-0.72716,0.150,0.670,0.000,-1.0000,-0.6836,TRACKING,R+C
1786998637.716,52.6,0.000,0.858,0.823,0.5238,-0.1219,-1.05,-0.76852,0.150,0.671,0.000,-1.0000,-0.6824,TRACKING,R+C
1786998637.731,52.6,0.000,0.835,0.822,0.5220,-0.1193,-2.36,-0.87559,0.150,0.673,0.000,-1.0000,-0.6811,TRACKING,R+C
1786998637.746,52.6,0.000,0.830,0.816,0.5260,-0.1133,-2.13,-0.83901,0.150,0.674,0.000,-1.0000,-0.6796,TRACKING,R+C
1786998637.769,52.6,0.000,0.832,0.822,0.5265,-0.1090,-2.23,-0.83256,0.150,0.675,0.000,-1.0000,-0.6783,TRACKING,R+C
1786998637.785,52.6,0.000,0.834,0.824,0.5278,-0.1039,-1.31,-0.73924,0.150,0.677,0.000,-1.0000,-0.6770,TRACKING,R+C
1786998637.796,52.6,0.000,0.822,0.829,0.5290,-0.1018,-2.77,-0.85429,0.150,0.678,0.000,-1.0000,-0.6759,TRACKING,R+C
1786998637.816,52.6,0.000,0.829,0.831,0.5303,-0.0971,-2.22,-0.80062,0.150,0.679,0.000,-1.0000,-0.6747,TRACKING,R+C
1786998637.831,52.6,0.000,0.822,0.832,0.5299,-0.0914,-2.50,-0.81237,0.150,0.680,0.000,-1.0000,-0.6735,TRACKING,R+C
1786998637.848,52.6,0.000,0.816,0.840,0.5295,-0.0844,-2.18,-0.76557,0.150,0.681,0.000,-1.0000,-0.6722,TRACKING,R+C
1786998637.866,52.6,0.000,0.809,0.840,0.5298,-0.0778,-2.52,-0.77583,0.150,0.682,0.000,-1.0000,-0.6709,TRACKING,R+C
1786998637.883,52.6,0.000,0.809,0.840,0.5298,-0.0622,-2.01,-0.62067,0.150,0.683,0.000,-1.0000,-0.6702,TRACKING,prediction
1786998637.902,52.6,0.000,0.799,0.858,0.5181,-0.0597,-2.09,-0.77807,0.150,0.684,0.000,-0.9089,-0.6181,TRACKING,R+C
1786998637.922,52.6,0.000,0.805,0.863,0.5144,-0.0528,-2.18,-0.79981,0.150,0.684,0.000,-0.8365,-0.5694,TRACKING,R+C
1786998637.939,52.6,0.000,0.798,0.856,0.5103,-0.0461,-1.88,-0.79422,0.150,0.685,0.000,-0.7686,-0.5237,TRACKING,R+C
1786998637.953,52.6,0.000,0.807,0.864,0.5062,-0.0405,-1.58,-0.78937,0.150,0.686,0.000,-0.7082,-0.4827,TRACKING,R+C
1786998637.968,52.6,0.000,0.816,0.866,0.5023,-0.0358,-1.09,-0.76929,0.150,0.687,0.000,-0.6605,-0.4495,TRACKING,R+C
1786998637.982,52.6,0.000,0.809,0.872,0.4970,-0.0305,-1.60,-0.83395,0.150,0.687,0.000,-0.5796,-0.3990,TRACKING,R+C
1786998638.000,52.6,0.000,0.811,0.869,0.4904,-0.0232,-1.09,-0.82542,0.150,0.688,0.000,-0.4890,-0.3404,TRACKING,R+C
1786998638.030,52.6,0.000,0.814,0.869,0.4864,-0.0172,-0.34,-0.78807,0.150,0.689,0.000,-0.4190,-0.2921,TRACKING,R+C
1786998638.044,52.6,0.000,0.813,0.872,0.4886,-0.0145,0.08,-0.77682,0.150,0.689,0.000,-0.3914,-0.2693,TRACKING,R+C
1786998638.059,52.6,0.000,0.807,0.862,0.4887,-0.0161,-0.40,-0.86029,0.150,0.690,0.000,-0.4107,-0.2770,TRACKING,R+C
1786998638.080,52.6,0.000,0.811,0.871,0.5010,-0.0169,1.13,-0.72218,0.150,0.690,0.000,-0.4613,-0.3061,TRACKING,R+C
1786998638.105,52.6,0.000,0.787,0.865,0.5021,-0.0216,-0.93,-0.96667,0.150,0.691,0.000,-0.4937,-0.3291,TRACKING,R+C
1786998638.120,52.6,0.000,0.792,0.869,0.5069,-0.0246,-0.76,-0.98437,0.150,0.691,0.000,-0.5473,-0.3625,TRACKING,R+C
1786998638.137,52.6,0.000,0.797,0.859,0.5094,-0.0270,-0.40,-0.97831,0.150,0.692,0.000,-0.5930,-0.3929,TRACKING,R+C
1786998638.152,52.6,0.000,0.796,0.863,0.5145,-0.0274,1.19,-0.87364,0.150,0.692,0.000,-0.6385,-0.4226,TRACKING,R+C
1786998638.177,52.6,0.000,0.799,0.856,0.5174,-0.0297,1.29,-0.90025,0.150,0.692,0.000,-0.6765,-0.4482,TRACKING,R+C
1786998638.202,52.6,0.000,0.793,0.848,0.5179,-0.0302,0.71,-0.97304,0.150,0.693,0.000,-0.6742,-0.4506,TRACKING,R+C
1786998638.217,52.6,0.000,0.783,0.843,0.5152,-0.0288,0.49,-1.03874,0.150,0.693,0.000,-0.6573,-0.4416,TRACKING,R+C
1786998638.233,52.6,0.000,0.783,0.843,0.5152,-0.0230,0.39,-0.83099,0.150,0.693,0.000,-0.6573,-0.4401,TRACKING,prediction
1786998638.246,52.6,0.000,0.780,0.846,0.5136,-0.0199,0.46,-1.09684,0.150,0.694,0.000,-0.5405,-0.3748,TRACKING,R+C
1786998638.261,52.6,0.000,0.787,0.840,0.5119,-0.0144,1.14,-1.06036,0.150,0.694,0.000,-0.4778,-0.3301,TRACKING,R+C
1786998638.276,52.6,0.000,0.785,0.842,0.5079,-0.0120,2.05,-1.01350,0.150,0.694,0.000,-0.4686,-0.3183,TRACKING,R+C
1786998638.303,52.6,0.000,0.784,0.847,0.5114,-0.0130,2.06,-1.03400,0.150,0.695,0.000,-0.4885,-0.3276,TRACKING,R+C
1786998638.317,52.6,0.000,0.783,0.852,0.5172,-0.0160,2.17,-1.05384,0.150,0.695,0.000,-0.5401,-0.3579,TRACKING,R+C
1786998638.341,52.6,0.000,0.782,0.850,0.5241,-0.0197,2.83,-1.02569,0.150,0.695,0.000,-0.6127,-0.4027,TRACKING,R+C
1786998638.357,52.6,0.000,0.781,0.850,0.5302,-0.0242,3.02,-1.04894,0.150,0.695,0.000,-0.6824,-0.4480,TRACKING,R+C
1786998638.370,52.6,0.000,0.786,0.842,0.5347,-0.0298,2.96,-1.07054,0.150,0.696,0.000,-0.7528,-0.4937,TRACKING,R+C
1786998638.390,52.6,0.000,0.787,0.832,0.5386,-0.0362,1.49,-1.26390,0.150,0.696,0.000,-0.8084,-0.5315,TRACKING,R+C
1786998638.404,52.6,0.000,0.782,0.825,0.5478,-0.0386,2.91,-1.19771,0.150,0.696,0.000,-0.8664,-0.5690,TRACKING,R+C
1786998638.419,52.6,0.000,0.782,0.825,0.5478,-0.0309,2.33,-0.95817,0.150,0.696,0.000,-0.8664,-0.5744,TRACKING,prediction
1786998638.433,52.6,0.000,0.784,0.801,0.5651,-0.0473,4.26,-1.14040,0.150,0.696,0.000,-0.9787,-0.6371,TRACKING,R+C
1786998638.455,55.9,0.000,0.784,0.801,0.5651,-0.0379,3.41,-0.91232,0.150,0.697,0.000,-0.9787,-0.6462,TRACKING,prediction
1786998638.475,55.9,0.000,0.784,0.801,0.5651,-0.0303,2.73,-0.72986,0.150,0.697,0.000,-0.9787,-0.6475,TRACKING,prediction
1786998638.491,55.9,0.000,0.784,0.801,0.5651,-0.0242,2.18,-0.58389,0.150,0.697,0.000,-0.9787,-0.6476,TRACKING,prediction
1786998638.510,55.9,0.000,0.813,0.792,0.5880,-0.0738,5.61,-1.16213,0.150,0.697,0.000,-1.0000,-0.6617,TRACKING,R+C
1786998638.535,55.9,0.000,0.816,0.792,0.5910,-0.0770,6.31,-1.10411,0.150,0.697,0.000,-1.0000,-0.6637,TRACKING,R+C
1786998638.563,55.9,0.000,0.816,0.792,0.5910,-0.0616,5.05,-0.88329,0.150,0.697,0.000,-1.0000,-0.6638,TRACKING,prediction
1786998638.575,55.9,0.000,0.810,0.786,0.5954,-0.0758,6.07,-1.21841,0.150,0.698,0.000,-1.0000,-0.6640,TRACKING,R+C
1786998638.591,55.9,0.000,0.808,0.777,0.5989,-0.0738,6.51,-1.18141,0.150,0.698,0.000,-1.0000,-0.6638,TRACKING,R+C
1786998638.607,55.9,0.000,0.806,0.782,0.6013,-0.0739,6.33,-1.23080,0.150,0.698,0.000,-1.0000,-0.6638,TRACKING,R+C
1786998638.623,55.9,0.000,0.806,0.782,0.6013,-0.0591,5.06,-0.98464,0.150,0.698,0.000,-1.0000,-0.6637,TRACKING,prediction
1786998638.639,55.9,0.000,0.806,0.782,0.6013,-0.0473,4.05,-0.78771,0.150,0.698,0.000,-1.0000,-0.6636,TRACKING,prediction
1786998638.655,55.9,0.000,0.802,0.777,0.6152,-0.0842,7.32,-1.25916,0.150,0.698,0.000,-1.0000,-0.6649,TRACKING,R+C
1786998638.670,55.9,0.000,0.802,0.777,0.6152,-0.0673,5.85,-1.00733,0.150,0.698,0.000,-1.0000,-0.6648,TRACKING,prediction
1786998638.688,55.9,0.000,0.807,0.687,0.6130,-0.0842,8.60,-1.12560,0.150,0.698,0.000,-1.0000,-0.6648,TRACKING,R+C
1786998638.702,55.9,0.000,0.806,0.786,0.6192,-0.0819,8.57,-1.13005,0.150,0.698,0.000,-1.0000,-0.6645,TRACKING,R+C
1786998638.724,55.9,0.000,0.804,0.682,0.6071,-0.0829,7.61,-1.26135,0.150,0.698,0.000,-1.0000,-0.6646,TRACKING,R+C
1786998638.738,55.9,0.000,0.795,0.678,0.6085,-0.0831,7.63,-1.38110,0.150,0.699,0.000,-1.0000,-0.6650,TRACKING,R+C
1786998638.754,55.9,0.000,0.795,0.678,0.6085,-0.0665,6.10,-1.10488,0.150,0.699,0.000,-1.0000,-0.6649,TRACKING,prediction
1786998638.767,55.9,0.000,0.805,0.681,0.6166,-0.0891,8.52,-1.38143,0.150,0.699,0.000,-1.0000,-0.6657,TRACKING,R+C
1786998638.793,55.9,0.000,0.809,0.674,0.6299,-0.0915,8.96,-1.36609,0.150,0.699,0.000,-1.0000,-0.6660,TRACKING,R+C
1786998638.815,55.9,0.000,0.809,0.674,0.6299,-0.0732,7.17,-1.09287,0.150,0.699,0.000,-1.0000,-0.6659,TRACKING,prediction
1786998638.830,55.9,0.000,0.809,0.674,0.6299,-0.0585,5.73,-0.87430,0.150,0.699,0.000,-1.0000,-0.6659,TRACKING,prediction
1786998638.850,55.9,0.000,0.809,0.674,0.6299,-0.0468,4.59,-0.69944,0.150,0.699,0.000,-1.0000,-0.6658,TRACKING,prediction
1786998638.879,55.9,0.000,0.809,0.662,0.6687,-0.0995,9.89,-1.36964,0.150,0.699,0.000,-1.0000,-0.6668,TRACKING,R+C
1786998638.896,55.9,0.000,0.809,0.662,0.6687,-0.0796,7.91,-1.09571,0.150,0.699,0.000,-1.0000,-0.6667,TRACKING,prediction
1786998638.912,55.9,0.000,0.809,0.662,0.6687,-0.0637,6.33,-0.87657,0.150,0.699,0.000,-1.0000,-0.6667,TRACKING,prediction
1786998638.926,55.9,0.000,0.838,0.656,0.7002,-0.1196,13.21,-0.99673,0.150,0.699,0.000,-1.0000,-0.6683,TRACKING,R+C
1786998638.943,55.9,0.000,0.838,0.656,0.7002,-0.0957,10.56,-0.79739,0.150,0.699,0.000,-1.0000,-0.6683,TRACKING,prediction
1786998638.958,55.9,0.000,0.839,0.650,0.7170,-0.1247,14.37,-0.78775,0.150,0.699,0.000,-1.0000,-0.6685,TRACKING,R+C
1786998638.976,55.9,0.000,0.839,0.650,0.7170,-0.0998,11.49,-0.63020,0.150,0.699,0.000,-1.0000,-0.6685,TRACKING,prediction
1786998638.992,55.9,0.000,0.839,0.650,0.7170,-0.0798,9.19,-0.50416,0.150,0.699,0.000,-1.0000,-0.6684,TRACKING,prediction
1786998639.019,55.9,0.000,0.839,0.650,0.7170,-0.0639,7.36,-0.40333,0.150,0.699,0.000,-1.0000,-0.6684,TRACKING,prediction
1786998639.034,55.9,0.000,0.839,0.650,0.7170,-0.0511,5.88,-0.32266,0.150,0.699,0.000,-1.0000,-0.6684,TRACKING,prediction
1786998639.052,55.9,0.000,0.839,0.650,0.7170,-0.0409,4.71,-0.25813,0.150,0.699,0.000,-1.0000,-0.6684,TRACKING,prediction
1786998639.068,55.9,0.000,0.839,0.650,0.7170,-0.0327,3.77,-0.20650,0.150,0.699,0.000,-1.0000,-0.6683,TRACKING,prediction
1786998639.096,55.9,0.000,0.839,0.650,0.7170,-0.0262,3.01,-0.16520,0.150,0.699,0.000,-1.0000,-0.6683,TRACKING,prediction
1786998639.111,55.9,0.000,0.839,0.650,0.7170,-0.0209,2.41,-0.13216,0.150,0.697,0.000,-1.0000,-0.6683,TRACKING,prediction
1786998639.127,55.9,0.000,0.839,0.650,0.7170,-0.0167,1.93,-0.10573,0.150,0.685,0.000,-1.0000,-0.6697,TRACKING,prediction
1786998639.145,55.9,0.000,0.839,0.650,0.7170,-0.0134,1.54,-0.08458,0.150,0.667,0.000,-1.0000,-0.6767,TRACKING,prediction
1786998639.161,55.9,0.000,0.839,0.650,0.7170,-0.0107,1.23,-0.06767,0.150,0.644,0.000,-1.0000,-0.6881,TRACKING,prediction
1786998639.178,55.9,0.000,0.839,0.650,0.7170,-0.0086,0.99,-0.05413,0.150,0.620,0.000,-1.0000,-0.7023,TRACKING,prediction
1786998639.210,55.9,0.000,0.839,0.650,0.7170,-0.0069,0.79,-0.04331,0.150,0.581,0.000,-1.0000,-0.7180,UNCERTAIN,prediction
1786998639.229,55.9,0.000,0.839,0.650,0.7170,-0.0055,0.63,-0.03465,0.150,0.554,0.000,-1.0000,-0.7421,UNCERTAIN,prediction
1786998639.248,55.9,0.000,0.839,0.650,0.7170,-0.0044,0.51,-0.02772,0.150,0.532,0.000,-1.0000,-0.7608,UNCERTAIN,prediction
1786998639.271,55.9,0.000,0.839,0.650,0.7170,-0.0035,0.40,-0.02217,0.150,0.510,0.000,-1.0000,-0.7753,UNCERTAIN,prediction
1786998639.291,55.9,0.000,0.839,0.650,0.7170,-0.0028,0.32,-0.01774,0.150,0.488,0.000,-1.0000,-0.7897,UNCERTAIN,prediction
1786998639.315,55.9,0.000,0.839,0.650,0.7170,-0.0022,0.26,-0.01419,0.150,0.466,0.000,-1.0000,-0.8041,UNCERTAIN,prediction
1786998639.331,55.9,0.000,0.839,0.650,0.7170,-0.0018,0.21,-0.01135,0.150,0.444,0.000,-1.0000,-0.8184,UNCERTAIN,prediction
1786998639.348,55.9,0.000,0.839,0.650,0.7170,-0.0014,0.17,-0.00908,0.150,0.423,0.000,-1.0000,-0.8323,UNCERTAIN,prediction
1786998639.364,55.9,0.000,0.839,0.650,0.7170,-0.0012,0.13,-0.00727,0.150,0.402,0.000,-1.0000,-0.8459,UNCERTAIN,prediction
1786998639.379,55.9,0.000,0.915,0.651,0.6713,-0.1712,5.01,0.10326,0.190,0.417,0.000,-1.0000,-0.8574,TRACKING,R+C
1786998639.397,55.9,0.000,0.909,0.652,0.6651,-0.1688,3.88,0.07467,0.193,0.431,0.000,-1.0000,-0.8509,TRACKING,R+C
1786998639.417,55.9,0.883,0.652,0.000,0.6578,0.1730,-4.48,-1.77413,0.150,0.445,0.000,1.0000,-0.1571,TRACKING,L+C
1786998639.434,55.9,0.000,0.879,0.651,0.6504,-0.1605,2.47,0.04138,0.196,0.458,0.000,-1.0000,-0.7427,TRACKING,R+C
1786998639.452,55.9,0.000,0.858,0.652,0.6431,-0.1563,1.33,-0.01191,0.199,0.470,0.000,-1.0000,-0.8106,TRACKING,R+C
1786998639.468,54.3,0.000,0.832,0.652,0.6376,-0.1522,-0.50,-0.14343,0.186,0.481,0.000,-1.0000,-0.8138,TRACKING,R+C
1786998639.486,54.3,0.000,0.820,0.652,0.6296,-0.1471,-1.37,-0.17708,0.182,0.492,0.000,-1.0000,-0.8075,TRACKING,R+C
1786998639.503,54.3,0.000,0.801,0.647,0.6164,-0.1438,-3.82,-0.33830,0.166,0.503,0.000,-1.0000,-0.8001,TRACKING,R+C
1786998639.520,54.3,0.000,0.765,0.644,0.6049,-0.1398,-5.60,-0.50154,0.150,0.512,0.000,-1.0000,-0.7929,TRACKING,R+C
1786998639.537,54.3,0.000,0.756,0.642,0.5966,-0.1363,-6.28,-0.54056,0.150,0.522,0.000,-1.0000,-0.7861,TRACKING,R+C
1786998639.553,54.3,0.000,0.763,0.642,0.5942,-0.1355,-6.58,-0.55131,0.150,0.531,0.000,-1.0000,-0.7797,TRACKING,R+C
1786998639.571,54.3,0.000,0.723,0.642,0.5903,-0.1398,-9.55,-0.80576,0.150,0.539,0.000,-1.0000,-0.7740,TRACKING,R+C
1786998639.587,54.3,0.000,0.711,0.641,0.5890,-0.1444,-11.24,-0.93374,0.150,0.547,0.000,-1.0000,-0.7686,TRACKING,R+C
1786998639.607,54.3,0.000,0.727,0.641,0.5897,-0.1494,-12.86,-1.01904,0.150,0.555,0.000,-1.0000,-0.7634,TRACKING,R+C
1786998639.624,54.3,0.000,0.702,0.641,0.5900,-0.1464,-12.32,-1.04677,0.150,0.562,0.000,-1.0000,-0.7583,TRACKING,R+C
1786998639.645,54.3,0.000,0.696,0.638,0.5829,-0.1433,-13.32,-1.12919,0.150,0.569,0.000,-1.0000,-0.7533,TRACKING,R+C
1786998639.663,54.3,0.000,0.698,0.638,0.5773,-0.1369,-13.72,-1.15912,0.150,0.576,0.000,-1.0000,-0.7482,TRACKING,R+C
1786998639.681,54.3,0.000,0.698,0.635,0.5666,-0.1294,-14.58,-1.22798,0.150,0.582,0.000,-1.0000,-0.7432,TRACKING,R+C
1786998639.697,54.3,0.000,0.701,0.632,0.5594,-0.1226,-15.84,-1.29879,0.150,0.588,0.000,-1.0000,-0.7385,TRACKING,R+C
1786998639.713,54.3,0.000,0.705,0.634,0.5507,-0.1160,-17.59,-1.39533,0.150,0.593,0.000,-1.0000,-0.7339,TRACKING,R+C
1786998639.729,54.3,0.000,0.700,0.629,0.5425,-0.1019,-16.38,-1.38647,0.150,0.599,0.000,-1.0000,-0.7293,TRACKING,R+C
1786998639.756,54.3,0.856,0.696,0.631,0.5013,-0.0911,-16.87,-1.45097,0.150,0.604,0.000,-0.9284,-0.6823,TRACKING,L+C+R_fused
1786998639.772,54.3,0.921,0.705,0.625,0.4998,-0.0806,-17.02,-1.49678,0.150,0.609,0.000,-0.8217,-0.6083,TRACKING,L+C+R_fused
1786998639.787,54.3,0.920,0.715,0.630,0.5208,-0.0720,-17.01,-1.53832,0.150,0.613,0.000,-0.7264,-0.5377,TRACKING,L+C+R_fused
1786998640.754,14.8,0.915,0.722,0.630,0.5216,-0.0656,-16.86,-1.57614,0.150,0.617,0.000,-0.6545,-0.4822,TRACKING,L+C+R_fused
1786998640.771,14.8,0.934,0.727,0.632,0.5071,-0.0634,-17.45,-1.67632,0.150,0.622,0.000,-0.6211,-0.4526,TRACKING,L+C+R_fused
1786998640.796,14.8,0.895,0.723,0.634,0.4853,-0.0584,-15.65,-1.67858,0.150,0.626,0.000,-0.6138,-0.4426,TRACKING,L+C+R_fused
1786998640.813,14.8,0.000,0.726,0.641,0.5244,-0.0548,-14.57,-1.70617,0.150,0.629,0.000,-0.6039,-0.4340,TRACKING,R+C
1786998640.827,14.8,0.000,0.728,0.634,0.5261,-0.0488,-13.13,-1.70065,0.150,0.633,0.000,-0.5666,-0.4095,TRACKING,R+C
1786998640.843,14.8,0.000,0.725,0.646,0.5224,-0.0407,-11.82,-1.68866,0.150,0.636,0.000,-0.4919,-0.3606,TRACKING,R+C
1786998640.858,14.8,0.000,0.722,0.653,0.5203,-0.0298,-10.97,-1.69284,0.150,0.639,0.000,-0.3531,-0.2704,TRACKING,R+C
1786998640.890,14.8,0.950,0.723,0.634,0.5222,-0.0180,-9.70,-1.68161,0.150,0.642,0.000,-0.2049,-0.1689,TRACKING,L+C+R_fused
1786998640.906,14.8,0.933,0.725,0.669,0.5017,-0.0054,-7.95,-1.63601,0.150,0.645,0.000,-0.0484,-0.0611,TRACKING,L+C+R_fused
1786998640.921,14.8,0.930,0.731,0.857,0.5176,0.0038,-6.88,-1.61495,0.150,0.648,0.000,0.0724,0.0266,TRACKING,L+C+R_fused
1786998640.938,14.8,0.918,0.734,0.708,0.5166,0.0104,-5.80,-1.60835,0.150,0.651,0.000,0.1439,0.0819,TRACKING,L+C+R_fused
1786998640.963,14.8,0.933,0.732,0.683,0.5050,0.0136,-4.92,-1.60731,0.150,0.653,0.000,0.1616,0.1001,TRACKING,L+C+R_fused
1786998640.979,14.8,0.952,0.733,0.708,0.5164,0.0139,-4.23,-1.61957,0.150,0.655,0.000,0.1345,0.0862,TRACKING,L+C+R_fused
1786998640.994,14.8,0.000,0.735,0.712,0.5144,0.0137,-3.42,-1.62992,0.150,0.658,0.000,0.0936,0.0594,TRACKING,R+C
1786998641.008,14.8,0.000,0.735,0.727,0.4936,0.0141,-1.77,-1.58275,0.150,0.660,0.000,0.0385,0.0226,TRACKING,R+C
1786998641.025,14.8,0.000,0.733,0.730,0.5039,0.0123,-0.67,-1.56634,0.150,0.662,0.000,-0.0406,-0.0295,TRACKING,R+C
1786998641.040,14.8,0.000,0.729,0.740,0.4990,0.0095,0.34,-1.56451,0.150,0.664,0.000,-0.1334,-0.0912,TRACKING,R+C
1786998641.059,14.8,0.000,0.731,0.841,0.5195,0.0061,0.85,-1.59903,0.150,0.665,0.000,-0.2228,-0.1522,TRACKING,R+C
1786998641.077,14.8,0.000,0.733,0.841,0.5271,0.0021,1.25,-1.61189,0.150,0.667,0.000,-0.3097,-0.2111,TRACKING,R+C
1786998641.093,14.8,0.000,0.737,0.842,0.5358,-0.0000,2.87,-1.52449,0.150,0.669,0.000,-0.3974,-0.2697,TRACKING,R+C
1786998641.111,14.8,0.000,0.737,0.842,0.5358,-0.0000,2.30,-1.21959,0.150,0.670,0.000,-0.3974,-0.2779,TRACKING,prediction
1786998641.127,14.8,0.000,0.737,0.842,0.5358,-0.0000,1.84,-0.97567,0.150,0.672,0.000,-0.3974,-0.2788,TRACKING,prediction
1786998641.145,14.8,0.000,0.737,0.842,0.5358,-0.0000,1.47,-0.78054,0.150,0.673,0.000,-0.3974,-0.2786,TRACKING,prediction
1786998641.163,14.8,0.000,0.737,0.842,0.5358,-0.0000,1.18,-0.62443,0.150,0.675,0.000,-0.3974,-0.2782,TRACKING,prediction
1786998641.179,14.8,0.000,0.757,0.795,0.5853,-0.0251,7.36,-1.31889,0.150,0.676,0.000,-0.8586,-0.5391,TRACKING,R+C
1786998641.196,14.8,0.000,0.757,0.795,0.5853,-0.0200,5.89,-1.05511,0.150,0.677,0.000,-0.8586,-0.5766,TRACKING,prediction
1786998641.212,14.8,0.000,0.766,0.792,0.5998,-0.0311,9.11,-1.16419,0.150,0.678,0.000,-0.9491,-0.6323,TRACKING,R+C
1786998641.231,14.8,0.000,0.766,0.792,0.5998,-0.0249,7.29,-0.93135,0.150,0.679,0.000,-0.9491,-0.6399,TRACKING,prediction
1786998641.249,14.8,0.000,0.766,0.792,0.5998,-0.0199,5.83,-0.74508,0.150,0.680,0.000,-0.9491,-0.6404,TRACKING,prediction
1786998641.267,14.8,0.000,0.766,0.792,0.5998,-0.0159,4.66,-0.59606,0.150,0.681,0.000,-0.9491,-0.6399,TRACKING,prediction
1786998641.284,14.8,0.000,0.773,0.788,0.5942,-0.0295,9.10,-1.17816,0.150,0.682,0.000,-0.9347,-0.6313,TRACKING,R+C
1786998641.301,14.8,0.000,0.773,0.788,0.5942,-0.0236,7.28,-0.94253,0.150,0.683,0.000,-0.9347,-0.6296,TRACKING,prediction
1786998641.318,14.8,0.000,0.773,0.788,0.5942,-0.0189,5.82,-0.75402,0.150,0.684,0.000,-0.9347,-0.6288,TRACKING,prediction
1786998641.335,14.8,0.000,0.776,0.789,0.6047,-0.0383,10.51,-1.04952,0.150,0.685,0.000,-1.0000,-0.6648,TRACKING,R+C
1786998641.356,14.8,0.000,0.776,0.789,0.6047,-0.0306,8.40,-0.83961,0.150,0.686,0.000,-1.0000,-0.6696,TRACKING,prediction
1786998641.373,14.8,0.000,0.778,0.783,0.6095,-0.0383,10.32,-1.03164,0.150,0.686,0.000,-1.0000,-0.6697,TRACKING,R+C
1786998641.401,14.8,0.000,0.778,0.783,0.6095,-0.0306,8.26,-0.82531,0.150,0.687,0.000,-1.0000,-0.6694,TRACKING,prediction
1786998641.417,14.8,0.000,0.778,0.793,0.6001,-0.0327,10.98,-0.92379,0.150,0.688,0.000,-0.9854,-0.6604,TRACKING,R+C
1786998641.435,14.8,0.000,0.778,0.793,0.6001,-0.0261,8.79,-0.73903,0.150,0.688,0.000,-0.9854,-0.6588,TRACKING,prediction
1786998641.452,14.8,0.000,0.778,0.793,0.6001,-0.0209,7.03,-0.59123,0.150,0.689,0.000,-0.9854,-0.6582,TRACKING,prediction
1786998641.474,14.8,0.000,0.782,0.792,0.5942,-0.0318,10.97,-0.88914,0.150,0.689,0.000,-0.9738,-0.6513,TRACKING,R+C
1786998641.491,14.8,0.000,0.785,0.795,0.5974,-0.0353,10.98,-0.87282,0.150,0.690,0.000,-1.0000,-0.6644,TRACKING,R+C
1786998641.511,14.8,0.000,0.785,0.795,0.5974,-0.0282,8.79,-0.69826,0.150,0.690,0.000,-1.0000,-0.6661,TRACKING,prediction
1786998641.528,14.8,0.000,0.785,0.795,0.5974,-0.0226,7.03,-0.55861,0.150,0.691,0.000,-1.0000,-0.6660,TRACKING,prediction
1786998641.546,14.8,0.000,0.785,0.795,0.5974,-0.0181,5.62,-0.44689,0.150,0.691,0.000,-1.0000,-0.6658,TRACKING,prediction
1786998641.575,14.8,0.000,0.785,0.795,0.5974,-0.0144,4.50,-0.35751,0.150,0.692,0.000,-1.0000,-0.6655,TRACKING,prediction
1786998641.598,14.8,0.000,0.785,0.795,0.5974,-0.0116,3.60,-0.28601,0.150,0.692,0.000,-1.0000,-0.6652,TRACKING,prediction
1786998641.616,14.8,0.000,0.785,0.795,0.5974,-0.0092,2.88,-0.22881,0.150,0.693,0.000,-1.0000,-0.6649,TRACKING,prediction
1786998641.633,14.8,0.000,0.785,0.795,0.5974,-0.0074,2.30,-0.18304,0.150,0.693,0.000,-1.0000,-0.6646,TRACKING,prediction
1786998641.653,14.8,0.000,0.785,0.795,0.5974,-0.0059,1.84,-0.14644,0.150,0.693,0.000,-1.0000,-0.6644,TRACKING,prediction
1786998641.671,14.8,0.000,0.785,0.795,0.5974,-0.0047,1.47,-0.11715,0.150,0.694,0.000,-1.0000,-0.6641,TRACKING,prediction
1786998641.689,14.8,0.000,0.785,0.795,0.5974,-0.0038,1.18,-0.09372,0.150,0.684,0.000,-1.0000,-0.6640,TRACKING,prediction
1786998641.705,14.8,0.000,0.714,0.791,0.5519,-0.0197,6.17,-1.07809,0.150,0.685,0.000,-0.7325,-0.5198,TRACKING,R+C
1786998641.722,14.8,0.000,0.714,0.791,0.5519,-0.0158,4.94,-0.86247,0.150,0.686,0.000,-0.7325,-0.4982,TRACKING,prediction
1786998641.743,14.8,0.000,0.714,0.791,0.5519,-0.0126,3.95,-0.68998,0.150,0.686,0.000,-0.7325,-0.4947,TRACKING,prediction
1786998641.761,54.6,0.000,0.714,0.791,0.5519,-0.0101,3.16,-0.55198,0.150,0.687,0.000,-0.7325,-0.4938,TRACKING,prediction
1786998641.776,54.6,0.000,0.797,0.813,0.5366,0.0009,9.61,-0.75488,0.150,0.688,0.000,-0.5280,-0.3787,TRACKING,R+C
1786998641.796,54.6,0.000,0.797,0.813,0.5366,0.0007,7.68,-0.60391,0.150,0.688,0.000,-0.5280,-0.3615,TRACKING,prediction
1786998641.813,54.6,0.000,0.797,0.813,0.5366,0.0006,6.15,-0.48313,0.150,0.689,0.000,-0.5280,-0.3588,TRACKING,prediction
1786998641.831,54.6,0.000,0.797,0.813,0.5366,0.0005,4.92,-0.38650,0.150,0.689,0.000,-0.5280,-0.3582,TRACKING,prediction
1786998641.849,54.6,0.000,0.797,0.813,0.5366,0.0004,3.93,-0.30920,0.150,0.690,0.000,-0.5280,-0.3579,TRACKING,prediction
1786998641.866,54.6,0.000,0.797,0.813,0.5366,0.0003,3.15,-0.24736,0.150,0.691,0.000,-0.5280,-0.3577,TRACKING,prediction
1786998641.887,54.6,0.000,0.797,0.813,0.5366,0.0002,2.52,-0.19789,0.150,0.691,0.000,-0.5280,-0.3575,TRACKING,prediction
1786998641.903,54.6,0.000,0.797,0.813,0.5366,0.0002,2.01,-0.15831,0.150,0.691,0.000,-0.5280,-0.3573,TRACKING,prediction
1786998641.920,54.6,0.000,0.797,0.813,0.5366,0.0002,1.61,-0.12665,0.150,0.692,0.000,-0.5280,-0.3572,TRACKING,prediction
1786998641.939,54.6,0.000,0.805,0.763,0.5728,-0.0489,11.27,-0.52611,0.150,0.692,0.000,-1.0000,-0.6201,TRACKING,R+C
1786998641.953,54.6,0.000,0.829,0.777,0.5762,-0.0516,11.14,-0.51895,0.150,0.693,0.000,-1.0000,-0.6583,TRACKING,R+C
1786998641.970,54.6,0.000,0.826,0.785,0.5732,-0.0507,11.17,-0.47832,0.152,0.693,0.000,-1.0000,-0.6636,TRACKING,R+C
1786998641.987,54.6,0.000,0.830,0.791,0.5654,-0.0471,11.03,-0.47116,0.153,0.693,0.000,-1.0000,-0.6638,TRACKING,R+C
1786998642.001,54.6,0.000,0.837,0.810,0.5587,-0.0426,10.82,-0.44772,0.155,0.694,0.000,-0.9792,-0.6519,TRACKING,R+C
1786998642.019,54.6,0.000,0.813,0.796,0.5544,-0.0375,10.44,-0.45280,0.155,0.694,0.000,-0.9313,-0.6235,TRACKING,R+C
1786998642.037,54.6,0.000,0.813,0.796,0.5544,-0.0300,8.35,-0.36224,0.155,0.694,0.000,-0.9313,-0.6191,TRACKING,prediction
1786998642.052,54.6,0.000,0.809,0.795,0.5470,-0.0262,9.76,-0.47845,0.152,0.695,0.000,-0.8252,-0.5593,TRACKING,R+C
1786998642.070,54.6,0.000,0.809,0.795,0.5470,-0.0210,7.81,-0.38276,0.152,0.695,0.000,-0.8252,-0.5504,TRACKING,prediction
1786998642.086,54.6,0.000,0.809,0.795,0.5470,-0.0168,6.25,-0.30621,0.152,0.695,0.000,-0.8252,-0.5489,TRACKING,prediction
1786998642.102,54.6,0.000,0.809,0.795,0.5470,-0.0134,5.00,-0.24497,0.152,0.695,0.000,-0.8252,-0.5486,TRACKING,prediction
1786998642.121,54.6,0.000,0.809,0.795,0.5470,-0.0107,4.00,-0.19597,0.152,0.696,0.000,-0.8252,-0.5484,TRACKING,prediction
1786998642.138,54.6,0.000,0.809,0.795,0.5470,-0.0086,3.20,-0.15678,0.152,0.696,0.000,-0.8252,-0.5483,TRACKING,prediction
1786998642.155,54.6,0.000,0.809,0.795,0.5470,-0.0069,2.56,-0.12542,0.152,0.696,0.000,-0.8252,-0.5481,TRACKING,prediction
1786998642.171,54.6,0.000,0.809,0.795,0.5470,-0.0055,2.05,-0.10034,0.152,0.696,0.000,-0.8252,-0.5480,TRACKING,prediction
1786998642.186,54.6,0.000,0.819,0.795,0.5238,-0.0134,7.94,-0.54753,0.150,0.696,0.000,-0.6376,-0.4436,TRACKING,R+C
1786998642.202,54.6,0.000,0.819,0.795,0.5238,-0.0107,6.35,-0.43803,0.150,0.697,0.000,-0.6376,-0.4282,TRACKING,prediction
1786998642.226,54.6,0.000,0.819,0.795,0.5238,-0.0086,5.08,-0.35042,0.150,0.697,0.000,-0.6376,-0.4258,TRACKING,prediction
1786998642.242,54.6,0.000,0.819,0.795,0.5238,-0.0069,4.07,-0.28034,0.150,0.697,0.000,-0.6376,-0.4254,TRACKING,prediction
1786998642.259,54.6,0.747,0.814,0.785,0.4505,-0.0089,6.89,-0.61780,0.150,0.697,0.000,-0.5466,-0.3747,TRACKING,L+C+R_fused
1786998642.275,54.6,0.000,0.801,0.789,0.5183,-0.0018,6.70,-0.63160,0.150,0.697,0.000,-0.4340,-0.3044,TRACKING,R+C
1786998642.292,54.6,0.376,0.803,0.801,0.4295,0.0054,6.55,-0.63397,0.150,0.697,0.000,-0.3105,-0.2250,TRACKING,L+C+R_fused
1786998642.307,54.6,0.000,0.803,0.802,0.5020,0.0125,6.47,-0.63453,0.150,0.698,0.000,-0.1866,-0.1439,TRACKING,R+C
1786998642.325,54.6,0.377,0.813,0.803,0.4458,0.0176,6.91,-0.58295,0.150,0.698,0.000,-0.1076,-0.0875,TRACKING,L+C+R_fused
1786998642.341,54.6,0.376,0.816,0.803,0.4828,0.0209,6.56,-0.63253,0.150,0.698,0.000,-0.0424,-0.0427,TRACKING,L+C+R_fused
1786998642.357,54.6,0.367,0.822,0.805,0.5349,0.0225,7.00,-0.59877,0.150,0.698,0.000,-0.0266,-0.0271,TRACKING,L+C+R_fused
1786998642.373,54.6,0.371,0.821,0.804,0.5048,0.0209,7.09,-0.60144,0.150,0.698,0.000,-0.0596,-0.0434,TRACKING,L+C+R_fused
1786998642.390,54.6,0.377,0.817,0.807,0.4875,0.0190,6.83,-0.63704,0.150,0.698,0.000,-0.0879,-0.0618,TRACKING,L+C+R_fused
1786998642.405,54.6,0.377,0.817,0.806,0.4476,0.0184,6.81,-0.64640,0.150,0.698,0.000,-0.1001,-0.0714,TRACKING,L+C+R_fused
1786998642.426,54.6,0.370,0.823,0.808,0.5001,0.0190,7.30,-0.58664,0.150,0.698,0.000,-0.1011,-0.0732,TRACKING,L+C+R_fused
1786998642.442,54.6,0.371,0.816,0.815,0.5135,0.0190,7.44,-0.59715,0.150,0.698,0.000,-0.1089,-0.0779,TRACKING,L+C+R_fused
1786998642.472,54.6,0.000,0.816,0.813,0.5066,0.0169,7.20,-0.63457,0.150,0.698,0.000,-0.1423,-0.0975,TRACKING,R+C
1786998642.488,54.6,0.000,0.815,0.810,0.5103,0.0140,7.51,-0.61401,0.150,0.699,0.000,-0.2019,-0.1337,TRACKING,R+C
1786998642.505,54.6,0.000,0.821,0.814,0.5138,0.0110,7.86,-0.59442,0.150,0.699,0.000,-0.2668,-0.1754,TRACKING,R+C
1786998642.522,54.6,0.371,0.820,0.806,0.5217,0.0094,8.02,-0.60228,0.150,0.699,0.000,-0.3022,-0.2014,TRACKING,L+C+R_fused
1786998642.536,54.6,0.376,0.823,0.812,0.4466,0.0089,8.23,-0.58940,0.150,0.699,0.000,-0.3167,-0.2132,TRACKING,L+C+R_fused
1786998642.567,54.6,0.623,0.822,0.811,0.4677,0.0105,7.72,-0.64073,0.150,0.699,0.000,-0.2763,-0.1925,TRACKING,L+C+R_fused
1786998642.583,54.6,0.711,0.813,0.816,0.4846,0.0155,7.81,-0.65895,0.150,0.699,0.000,-0.1993,-0.1466,TRACKING,L+C+R_fused
1786998642.600,54.6,0.951,0.813,0.814,0.4890,0.0212,7.52,-0.69711,0.150,0.699,0.000,-0.0920,-0.0799,TRACKING,L+C+R_fused
1786998642.616,54.6,0.946,0.816,0.815,0.4802,0.0259,7.31,-0.73895,0.150,0.699,0.000,-0.0067,-0.0223,TRACKING,L+C+R_fused
1786998642.633,54.6,0.943,0.818,0.820,0.4786,0.0284,6.51,-0.84908,0.150,0.699,0.000,0.0534,0.0198,TRACKING,L+C+R_fused
1786998642.648,54.6,0.951,0.816,0.827,0.4768,0.0308,6.26,-0.88004,0.150,0.699,0.000,0.1019,0.0534,TRACKING,L+C+R_fused
1786998642.666,54.6,0.941,0.812,0.824,0.4795,0.0349,5.98,-0.89724,0.150,0.699,0.000,0.1828,0.1042,TRACKING,L+C+R_fused
1786998642.682,54.6,0.934,0.806,0.820,0.4816,0.0410,5.70,-0.91955,0.150,0.699,0.000,0.2960,0.1757,TRACKING,L+C+R_fused
1786998642.697,54.6,0.928,0.800,0.816,0.4837,0.0496,6.05,-0.89103,0.150,0.699,0.000,0.4267,0.2605,TRACKING,L+C+R_fused
1786998642.713,54.6,0.916,0.800,0.833,0.4849,0.0578,6.13,-0.88601,0.150,0.699,0.000,0.5482,0.3419,TRACKING,L+C+R_fused
1786998642.731,54.6,0.910,0.802,0.837,0.4826,0.0659,6.30,-0.86722,0.150,0.699,0.000,0.6574,0.4156,TRACKING,L+C+R_fused
1786998642.749,54.6,0.901,0.809,0.847,0.4804,0.0728,6.35,-0.85799,0.150,0.699,0.000,0.7454,0.4759,TRACKING,L+C+R_fused
1786998642.766,57.7,0.897,0.810,0.855,0.4796,0.0784,6.23,-0.88119,0.150,0.699,0.000,0.8116,0.5219,TRACKING,L+C+R_fused
1786998642.783,57.7,0.895,0.815,0.872,0.4799,0.0814,6.52,-0.86271,0.150,0.699,0.000,0.8386,0.5438,TRACKING,L+C+R_fused
1786998642.799,57.7,0.885,0.814,0.853,0.4797,0.0820,6.25,-0.90785,0.150,0.699,0.000,0.8476,0.5520,TRACKING,L+C+R_fused
1786998642.816,57.7,0.883,0.809,0.850,0.4888,0.0850,6.81,-0.87664,0.150,0.699,0.000,0.8676,0.5644,TRACKING,L+C+R_fused
1786998642.835,57.7,0.875,0.805,0.854,0.4820,0.0876,7.33,-0.86836,0.150,0.699,0.000,0.8809,0.5735,TRACKING,L+C+R_fused
1786998642.861,57.7,0.869,0.807,0.853,0.4840,0.0901,7.90,-0.83245,0.150,0.699,0.000,0.8952,0.5829,TRACKING,L+C+R_fused
1786998642.885,57.7,0.877,0.806,0.858,0.4858,0.0924,8.17,-0.82891,0.150,0.700,0.000,0.9123,0.5938,TRACKING,L+C+R_fused
1786998642.907,57.7,0.866,0.801,0.855,0.4832,0.0924,8.31,-0.84822,0.150,0.700,0.000,0.9061,0.5919,TRACKING,L+C+R_fused
1786998642.928,57.7,0.857,0.791,0.861,0.4876,0.0897,8.10,-0.89700,0.150,0.700,0.000,0.8787,0.5761,TRACKING,L+C+R_fused
1786998642.943,57.7,0.878,0.793,0.868,0.4914,0.0868,7.82,-0.93628,0.150,0.700,0.000,0.8517,0.5586,TRACKING,L+C+R_fused
1786998642.975,57.7,0.902,0.789,0.860,0.4988,0.0837,7.87,-0.95521,0.150,0.700,0.000,0.8138,0.5347,TRACKING,L+C+R_fused
1786998642.991,57.7,0.887,0.785,0.861,0.4995,0.0818,8.69,-0.91892,0.150,0.700,0.000,0.7717,0.5075,TRACKING,L+C+R_fused
1786998643.007,57.7,0.903,0.779,0.857,0.5071,0.0786,8.80,-0.93979,0.150,0.700,0.000,0.7261,0.4778,TRACKING,L+C+R_fused
1786998643.023,57.7,0.930,0.782,0.850,0.5051,0.0754,9.44,-0.91379,0.150,0.700,0.000,0.6677,0.4403,TRACKING,L+C+R_fused
1786998643.039,57.7,0.955,0.775,0.850,0.5024,0.0718,9.48,-0.94874,0.150,0.700,0.000,0.6127,0.4032,TRACKING,L+C+R_fused
1786998643.054,57.7,0.000,0.773,0.856,0.4583,0.0681,9.59,-0.98027,0.150,0.700,0.000,0.5506,0.3622,TRACKING,R+C
1786998643.070,57.7,0.000,0.771,0.840,0.4856,0.0627,8.69,-1.09680,0.150,0.700,0.000,0.4879,0.3202,TRACKING,R+C
1786998643.098,57.7,0.000,0.765,0.837,0.4798,0.0596,9.27,-1.10535,0.150,0.700,0.000,0.4139,0.2718,TRACKING,R+C
1786998643.127,57.7,0.000,0.763,0.830,0.4943,0.0548,9.66,-1.11858,0.150,0.700,0.000,0.3172,0.2096,TRACKING,R+C
1786998643.141,57.7,0.000,0.762,0.842,0.4986,0.0488,10.03,-1.11513,0.150,0.700,0.000,0.1983,0.1331,TRACKING,R+C
1786998643.156,57.7,0.000,0.762,0.836,0.5128,0.0431,10.27,-1.14249,0.150,0.700,0.000,0.0811,0.0552,TRACKING,R+C
1786998643.171,57.7,0.000,0.766,0.836,0.5129,0.0391,10.39,-1.16163,0.150,0.700,0.000,0.0001,-0.0022,TRACKING,R+C
1786998643.188,57.7,0.000,0.761,0.829,0.5123,0.0359,9.09,-1.31981,0.150,0.700,0.000,-0.0236,-0.0244,TRACKING,R+C
1786998643.202,57.7,0.000,0.760,0.822,0.5193,0.0367,8.91,-1.36012,0.150,0.700,0.000,-0.0088,-0.0195,TRACKING,R+C
1786998643.217,57.7,0.000,0.759,0.828,0.5230,0.0415,10.40,-1.21500,0.150,0.700,0.000,0.0327,0.0050,TRACKING,R+C
1786998643.235,57.7,0.000,0.760,0.821,0.5224,0.0445,10.41,-1.22575,0.150,0.700,0.000,0.0832,0.0370,TRACKING,R+C
1786998643.253,57.7,0.000,0.760,0.821,0.5224,0.0356,8.33,-0.98060,0.150,0.700,0.000,0.0832,0.0417,TRACKING,prediction
1786998643.270,57.7,0.000,0.745,0.817,0.5201,0.0449,9.61,-1.37042,0.150,0.700,0.000,0.1011,0.0519,TRACKING,R+C
1786998643.288,57.7,0.000,0.745,0.817,0.5201,0.0359,7.69,-1.09634,0.150,0.700,0.000,0.1011,0.0535,TRACKING,prediction
1786998643.305,57.7,0.000,0.745,0.817,0.5201,0.0287,6.15,-0.87707,0.150,0.700,0.000,0.1011,0.0538,TRACKING,prediction
1786998643.323,57.7,0.000,0.745,0.817,0.5201,0.0230,4.92,-0.70166,0.150,0.700,0.000,0.1011,0.0538,TRACKING,prediction
1786998643.338,57.7,0.000,0.740,0.802,0.5601,0.0246,11.69,-1.29765,0.150,0.700,0.000,-0.3384,-0.1923,TRACKING,R+C
1786998643.354,57.7,0.000,0.732,0.799,0.5733,0.0189,11.12,-1.42924,0.150,0.700,0.000,-0.4293,-0.2788,TRACKING,R+C
1786998643.371,57.7,0.000,0.732,0.799,0.5733,0.0151,8.90,-1.14339,0.150,0.700,0.000,-0.4293,-0.2915,TRACKING,prediction
1786998643.389,57.7,0.000,0.746,0.781,0.5791,0.0162,11.93,-1.43925,0.150,0.700,0.000,-0.5058,-0.3359,TRACKING,R+C
1786998643.404,57.7,0.000,0.748,0.786,0.5791,0.0153,11.27,-1.53832,0.150,0.700,0.000,-0.5085,-0.3441,TRACKING,R+C
1786998643.417,57.7,0.000,0.738,0.790,0.5772,0.0166,12.15,-1.47708,0.150,0.700,0.000,-0.5164,-0.3497,TRACKING,R+C
1786998643.441,57.7,0.000,0.732,0.784,0.5856,0.0141,11.89,-1.54385,0.150,0.700,0.000,-0.5526,-0.3707,TRACKING,R+C
1786998643.455,57.7,0.000,0.721,0.785,0.5978,0.0082,12.40,-1.54413,0.150,0.700,0.000,-0.6550,-0.4301,TRACKING,R+C
1786998643.471,57.7,0.000,0.721,0.783,0.6077,0.0008,12.86,-1.53695,0.150,0.700,0.000,-0.7641,-0.4988,TRACKING,R+C
1786998643.488,57.7,0.000,0.731,0.782,0.6148,-0.0057,13.08,-1.55075,0.150,0.700,0.000,-0.8471,-0.5543,TRACKING,R+C
1786998643.503,57.7,0.000,0.731,0.782,0.6148,-0.0046,10.46,-1.24060,0.150,0.700,0.000,-0.8471,-0.5625,TRACKING,prediction
1786998643.523,57.7,0.000,0.723,0.783,0.6255,-0.0093,12.92,-1.70375,0.150,0.700,0.000,-0.8976,-0.5917,TRACKING,R+C
1786998643.541,57.7,0.000,0.725,0.779,0.6289,-0.0085,13.32,-1.67577,0.150,0.700,0.000,-0.8980,-0.5962,TRACKING,R+C
1786998643.559,57.7,0.000,0.722,0.777,0.6338,-0.0086,13.96,-1.59846,0.150,0.700,0.000,-0.9081,-0.6022,TRACKING,R+C
1786998643.578,57.7,0.000,0.717,0.782,0.6396,-0.0127,13.91,-1.63870,0.150,0.700,0.000,-0.9516,-0.6269,TRACKING,R+C
1786998643.600,57.7,0.000,0.717,0.782,0.6396,-0.0102,11.13,-1.31096,0.150,0.700,0.000,-0.9516,-0.6306,TRACKING,prediction
1786998643.618,57.7,0.000,0.722,0.781,0.6650,-0.0280,14.66,-1.65334,0.150,0.700,0.000,-1.0000,-0.6585,TRACKING,R+C
1786998643.634,57.7,0.000,0.730,0.778,0.6717,-0.0350,15.98,-1.51617,0.150,0.700,0.000,-1.0000,-0.6631,TRACKING,R+C
1786998643.656,57.7,0.000,0.730,0.778,0.6717,-0.0280,12.78,-1.21294,0.150,0.700,0.000,-1.0000,-0.6636,TRACKING,prediction
1786998643.677,57.7,0.000,0.741,0.777,0.6893,-0.0417,18.51,-1.19357,0.150,0.700,0.000,-1.0000,-0.6643,TRACKING,R+C
1786998643.703,57.7,0.000,0.741,0.777,0.6893,-0.0334,14.81,-0.95486,0.150,0.700,0.000,-1.0000,-0.6643,TRACKING,prediction
1786998643.733,57.7,0.000,0.741,0.777,0.6893,-0.0267,11.84,-0.76389,0.150,0.700,0.000,-1.0000,-0.6643,TRACKING,prediction
1786998643.758,57.7,0.000,0.744,0.784,0.7083,-0.0523,23.13,-0.52370,0.150,0.700,0.000,-1.0000,-0.6649,TRACKING,R+C
1786998643.779,53.3,0.000,0.744,0.784,0.7083,-0.0419,18.51,-0.41896,0.150,0.700,0.000,-1.0000,-0.6649,TRACKING,prediction
1786998643.803,53.3,0.000,0.764,0.769,0.7306,-0.0671,25.38,-0.19220,0.181,0.700,0.000,-1.0000,-0.6657,TRACKING,R+C
1786998643.822,53.3,0.000,0.772,0.768,0.7362,-0.0709,26.09,-0.06487,0.194,0.700,0.000,-1.0000,-0.6658,TRACKING,R+C
1786998643.845,53.3,0.000,0.772,0.768,0.7362,-0.0567,20.87,-0.05190,0.194,0.700,0.000,-1.0000,-0.6658,TRACKING,prediction
1786998643.863,53.3,0.000,0.775,0.767,0.7378,-0.0798,25.61,0.06934,0.193,0.700,0.000,-1.0000,-0.6657,TRACKING,R+C
1786998644.820,4.8,0.000,0.773,0.758,0.7411,-0.0860,25.26,0.13258,0.187,0.700,0.000,-1.0000,-0.6658,TRACKING,R+C
1786998644.838,4.8,0.000,0.773,0.758,0.7411,-0.0688,20.20,0.10606,0.187,0.700,0.000,-1.0000,-0.6658,TRACKING,prediction
1786998644.856,4.8,0.000,0.773,0.758,0.7411,-0.0551,16.16,0.08485,0.187,0.700,0.000,-1.0000,-0.6658,TRACKING,prediction
1786998644.875,4.8,0.000,0.773,0.758,0.7411,-0.0441,12.93,0.06788,0.187,0.700,0.000,-1.0000,-0.6658,TRACKING,prediction
1786998644.892,4.8,0.000,0.773,0.758,0.7411,-0.0352,10.34,0.05430,0.187,0.700,0.000,-1.0000,-0.6658,TRACKING,prediction
1786998644.912,4.8,0.000,0.773,0.758,0.7411,-0.0282,8.28,0.04344,0.187,0.700,0.000,-1.0000,-0.6658,TRACKING,prediction
1786998644.929,4.8,0.000,0.773,0.758,0.7411,-0.0226,6.62,0.03475,0.187,0.700,0.000,-1.0000,-0.6658,TRACKING,prediction
1786998644.954,4.8,0.000,0.773,0.758,0.7411,-0.0180,5.30,0.02780,0.187,0.700,0.000,-1.0000,-0.6658,TRACKING,prediction
1786998644.972,4.8,0.000,0.773,0.758,0.7411,-0.0144,4.24,0.02224,0.187,0.700,0.000,-1.0000,-0.6658,TRACKING,prediction
1786998644.993,4.8,0.000,0.773,0.758,0.7411,-0.0115,3.39,0.01779,0.187,0.693,0.000,-1.0000,-0.6658,TRACKING,prediction
1786998645.010,4.8,0.000,0.773,0.758,0.7411,-0.0092,2.71,0.01424,0.187,0.677,0.000,-1.0000,-0.6700,TRACKING,prediction
1786998645.028,4.8,0.000,0.773,0.758,0.7411,-0.0074,2.17,0.01139,0.187,0.657,0.000,-1.0000,-0.6793,TRACKING,prediction
1786998645.045,4.8,0.000,0.773,0.758,0.7411,-0.0059,1.74,0.00911,0.187,0.634,0.000,-1.0000,-0.6921,TRACKING,prediction
1786998645.062,4.8,0.000,0.773,0.758,0.7411,-0.0047,1.39,0.00729,0.187,0.591,0.000,-1.0000,-0.7072,UNCERTAIN,prediction
1786998645.080,4.8,0.000,0.773,0.758,0.7411,-0.0038,1.11,0.00583,0.187,0.560,0.000,-1.0000,-0.7336,UNCERTAIN,prediction
1786998645.095,4.8,0.000,0.819,0.718,0.6313,-0.1388,9.48,0.03590,0.196,0.567,0.000,-1.0000,-0.7532,TRACKING,R+C
1786998645.111,4.8,0.000,0.820,0.650,0.6111,-0.1358,9.03,0.07056,0.193,0.574,0.000,-1.0000,-0.7518,TRACKING,R+C
1786998645.132,4.8,0.000,0.820,0.650,0.6111,-0.1086,7.23,0.05645,0.193,0.580,0.000,-1.0000,-0.7480,TRACKING,prediction
1786998645.148,4.8,0.000,0.798,0.662,0.5950,-0.1318,6.55,-0.04863,0.195,0.586,0.000,-1.0000,-0.7432,TRACKING,R+C
1786998645.167,4.8,0.000,0.798,0.662,0.5950,-0.1054,5.24,-0.03891,0.195,0.592,0.000,-1.0000,-0.7392,TRACKING,prediction
