timestamp,fps,left_conf,center_conf,right_conf,lane_width_m,lateral_error_m,heading_error_deg,curvature,lookahead_m,target_speed,actual_speed,steer_raw,steer_filtered,tracking_state,reconstruction_method
1786998166.653,0.0,0.870,0.774,0.631,0.4955,-0.0044,7.79,-0.00653,0.199,0.206,0.000,-0.3041,-0.2715,TRACKING,L+C+R_fused
1786998166.742,0.0,0.867,0.775,0.629,0.4961,-0.0045,7.73,-0.01132,0.199,0.231,0.000,-0.3053,-0.3043,TRACKING,L+C+R_fused
1786998166.763,0.0,0.867,0.775,0.632,0.4956,-0.0045,7.79,-0.00808,0.199,0.254,0.000,-0.3049,-0.3048,TRACKING,L+C+R_fused
1786998166.782,0.0,0.867,0.777,0.632,0.4946,-0.0046,7.68,-0.01558,0.198,0.276,0.000,-0.3062,-0.3017,TRACKING,L+C+R_fused
1786998166.816,0.0,0.863,0.777,0.632,0.4909,-0.0045,7.72,-0.01244,0.199,0.298,0.000,-0.3058,-0.2968,TRACKING,L+C+R_fused
1786998166.834,0.0,0.863,0.776,0.632,0.4911,-0.0046,7.70,-0.01325,0.199,0.318,0.000,-0.3057,-0.2923,TRACKING,L+C+R_fused
1786998166.860,0.0,0.862,0.776,0.632,0.4907,-0.0045,7.72,-0.01248,0.199,0.337,0.000,-0.3056,-0.2878,TRACKING,L+C+R_fused
1786998166.880,0.0,0.864,0.778,0.632,0.4920,-0.0045,7.75,-0.01152,0.199,0.355,0.000,-0.3057,-0.2838,TRACKING,L+C+R_fused
1786998166.901,0.0,0.864,0.777,0.629,0.4906,-0.0045,7.73,-0.01197,0.199,0.372,0.000,-0.3057,-0.2800,TRACKING,L+C+R_fused
1786998166.919,0.0,0.863,0.777,0.631,0.4914,-0.0045,7.74,-0.01108,0.199,0.389,0.000,-0.3055,-0.2762,TRACKING,L+C+R_fused
1786998166.936,0.0,0.862,0.777,0.631,0.4924,-0.0045,7.75,-0.01044,0.199,0.404,0.000,-0.3053,-0.2725,TRACKING,L+C+R_fused
1786998166.955,0.0,0.862,0.777,0.631,0.4909,-0.0045,7.73,-0.01123,0.199,0.419,0.000,-0.3054,-0.2691,TRACKING,L+C+R_fused
1786998166.974,0.0,0.868,0.778,0.629,0.4856,-0.0045,7.67,-0.01956,0.198,0.433,0.000,-0.3075,-0.2675,TRACKING,L+C+R_fused
1786998166.991,0.0,0.868,0.778,0.628,0.4880,-0.0046,7.68,-0.01813,0.198,0.446,0.000,-0.3073,-0.2645,TRACKING,L+C+R_fused
1786998167.012,0.0,0.866,0.777,0.628,0.4869,-0.0045,7.70,-0.01661,0.198,0.459,0.000,-0.3070,-0.2615,TRACKING,L+C+R_fused
1786998167.042,0.0,0.865,0.778,0.631,0.4859,-0.0046,7.71,-0.01580,0.198,0.471,0.000,-0.3070,-0.2587,TRACKING,L+C+R_fused
1786998167.060,0.0,0.865,0.777,0.631,0.4865,-0.0045,7.68,-0.01837,0.198,0.483,0.000,-0.3070,-0.2561,TRACKING,L+C+R_fused
1786998167.079,0.0,0.864,0.777,0.631,0.4878,-0.0045,7.70,-0.01748,0.198,0.493,0.000,-0.3067,-0.2534,TRACKING,L+C+R_fused
1786998167.097,0.0,0.864,0.777,0.631,0.4873,-0.0045,7.70,-0.01713,0.198,0.504,0.000,-0.3068,-0.2511,TRACKING,L+C+R_fused
1786998167.118,0.0,0.864,0.777,0.631,0.4873,-0.0045,7.70,-0.01722,0.198,0.514,0.000,-0.3068,-0.2489,TRACKING,L+C+R_fused
1786998167.141,0.0,0.860,0.777,0.631,0.4909,-0.0046,7.68,-0.01808,0.198,0.523,0.000,-0.3072,-0.2471,TRACKING,L+C+R_fused
1786998167.159,0.0,0.860,0.777,0.631,0.4909,-0.0046,7.69,-0.01620,0.198,0.532,0.000,-0.3072,-0.2451,TRACKING,L+C+R_fused
1786998167.177,0.0,0.861,0.777,0.629,0.4944,-0.0046,7.70,-0.01562,0.198,0.540,0.000,-0.3071,-0.2431,TRACKING,L+C+R_fused
1786998167.198,0.0,0.861,0.778,0.629,0.4943,-0.0046,7.68,-0.01689,0.198,0.548,0.000,-0.3073,-0.2414,TRACKING,L+C+R_fused
1786998167.219,0.0,0.865,0.778,0.631,0.4875,-0.0046,7.67,-0.01617,0.198,0.556,0.000,-0.3064,-0.2391,TRACKING,L+C+R_fused
1786998167.241,0.0,0.865,0.779,0.631,0.4872,-0.0046,7.68,-0.01596,0.198,0.563,0.000,-0.3063,-0.2374,TRACKING,L+C+R_fused
1786998167.269,0.0,0.865,0.778,0.631,0.4873,-0.0046,7.65,-0.01723,0.198,0.570,0.000,-0.3067,-0.2360,TRACKING,L+C+R_fused
1786998167.297,0.0,0.865,0.777,0.631,0.4874,-0.0046,7.68,-0.01544,0.198,0.576,0.000,-0.3061,-0.2342,TRACKING,L+C+R_fused
1786998167.325,0.0,0.865,0.777,0.631,0.4876,-0.0046,7.70,-0.01397,0.199,0.583,0.000,-0.3060,-0.2327,TRACKING,L+C+R_fused
1786998167.353,0.0,0.865,0.778,0.633,0.4904,-0.0046,7.68,-0.01527,0.198,0.588,0.000,-0.3063,-0.2315,TRACKING,L+C+R_fused
1786998167.382,0.0,0.862,0.777,0.633,0.4925,-0.0045,7.69,-0.01497,0.199,0.594,0.000,-0.3061,-0.2301,TRACKING,L+C+R_fused
1786998167.410,0.0,0.863,0.779,0.632,0.4909,-0.0047,7.64,-0.01776,0.198,0.599,0.000,-0.3072,-0.2296,TRACKING,L+C+R_fused
1786998167.434,0.0,0.862,0.778,0.632,0.4895,-0.0048,7.63,-0.01855,0.198,0.604,0.000,-0.3077,-0.2288,TRACKING,L+C+R_fused
1786998167.462,0.0,0.861,0.778,0.632,0.4896,-0.0046,7.67,-0.01685,0.198,0.609,0.000,-0.3067,-0.2272,TRACKING,L+C+R_fused
1786998167.490,0.0,0.864,0.777,0.632,0.4886,-0.0045,7.64,-0.02045,0.198,0.614,0.000,-0.3065,-0.2260,TRACKING,L+C+R_fused
1786998167.516,35.9,0.857,0.774,0.633,0.4948,-0.0038,7.72,-0.01001,0.199,0.618,0.000,-0.2975,-0.2194,TRACKING,L+C+R_fused
1786998167.538,35.9,0.866,0.777,0.630,0.4922,-0.0039,7.59,-0.02112,0.198,0.622,0.000,-0.2997,-0.2190,TRACKING,L+C+R_fused
1786998167.562,35.9,0.867,0.777,0.635,0.4943,-0.0040,7.53,-0.02467,0.198,0.626,0.000,-0.3001,-0.2184,TRACKING,L+C+R_fused
1786998167.582,35.9,0.871,0.775,0.636,0.4940,-0.0040,7.53,-0.02463,0.198,0.630,0.000,-0.3001,-0.2177,TRACKING,L+C+R_fused
1786998167.601,35.9,0.868,0.777,0.635,0.4942,-0.0040,7.58,-0.02146,0.198,0.633,0.000,-0.2997,-0.2167,TRACKING,L+C+R_fused
1786998167.624,35.9,0.868,0.777,0.635,0.4941,-0.0039,7.57,-0.02224,0.198,0.637,0.000,-0.2997,-0.2159,TRACKING,L+C+R_fused
1786998168.071,35.9,0.868,0.777,0.635,0.4941,-0.0039,7.58,-0.02174,0.198,0.640,0.000,-0.2995,-0.2151,TRACKING,L+C+R_fused
1786998168.087,35.9,0.868,0.777,0.633,0.4927,-0.0039,7.61,-0.02035,0.198,0.643,0.000,-0.2997,-0.2145,TRACKING,L+C+R_fused
1786998168.107,35.9,0.868,0.777,0.633,0.4926,-0.0039,7.59,-0.02171,0.198,0.646,0.000,-0.2998,-0.2140,TRACKING,L+C+R_fused
1786998168.125,35.9,0.867,0.778,0.633,0.4928,-0.0042,7.50,-0.02613,0.197,0.648,0.000,-0.3016,-0.2144,TRACKING,L+C+R_fused
1786998168.151,35.9,0.871,0.778,0.633,0.4910,-0.0042,7.61,-0.01584,0.198,0.651,0.000,-0.3009,-0.2136,TRACKING,L+C+R_fused
1786998168.169,35.9,0.870,0.778,0.632,0.4952,-0.0045,7.65,-0.01375,0.199,0.653,0.000,-0.3032,-0.2144,TRACKING,L+C+R_fused
1786998168.185,35.9,0.865,0.778,0.628,0.4915,-0.0048,7.68,-0.00698,0.199,0.656,0.000,-0.3044,-0.2148,TRACKING,L+C+R_fused
1786998168.206,35.9,0.856,0.776,0.627,0.4836,-0.0048,7.71,-0.00110,0.200,0.658,0.000,-0.3027,-0.2134,TRACKING,L+C+R_fused
1786998168.225,35.9,0.858,0.779,0.630,0.4901,-0.0057,7.66,-0.00276,0.200,0.660,0.000,-0.3096,-0.2169,TRACKING,L+C+R_fused
1786998168.247,35.9,0.859,0.777,0.629,0.4919,-0.0061,7.66,0.00048,0.200,0.662,0.000,-0.3123,-0.2186,TRACKING,L+C+R_fused
1786998168.276,35.9,0.854,0.778,0.635,0.5022,-0.0070,7.68,0.00737,0.199,0.664,0.000,-0.3227,-0.2246,TRACKING,L+C+R_fused
1786998168.301,35.9,0.850,0.778,0.633,0.5049,-0.0078,7.71,0.01478,0.199,0.666,0.000,-0.3320,-0.2305,TRACKING,L+C+R_fused
1786998168.318,35.9,0.846,0.779,0.627,0.5052,-0.0096,7.65,0.02434,0.198,0.667,0.000,-0.3482,-0.2403,TRACKING,L+C+R_fused
1786998168.335,35.9,0.846,0.780,0.635,0.5099,-0.0110,7.69,0.03858,0.196,0.669,0.000,-0.3658,-0.2516,TRACKING,L+C+R_fused
1786998168.352,35.9,0.837,0.777,0.637,0.5145,-0.0127,7.52,0.02260,0.198,0.671,0.000,-0.3732,-0.2574,TRACKING,L+C+R_fused
1786998168.371,35.9,0.849,0.775,0.635,0.5231,-0.0141,7.51,0.03132,0.197,0.672,0.000,-0.3874,-0.2660,TRACKING,L+C+R_fused
1786998168.388,35.9,0.850,0.778,0.632,0.5204,-0.0161,7.23,0.01992,0.198,0.673,0.000,-0.3956,-0.2718,TRACKING,L+C+R_fused
1786998168.405,35.9,0.854,0.780,0.631,0.5284,-0.0184,7.07,0.02269,0.198,0.675,0.000,-0.4119,-0.2817,TRACKING,L+C+R_fused
1786998168.425,35.9,0.853,0.778,0.625,0.5316,-0.0200,7.13,0.03674,0.196,0.676,0.000,-0.4312,-0.2939,TRACKING,L+C+R_fused
1786998168.442,35.9,0.857,0.780,0.625,0.5326,-0.0217,7.12,0.03887,0.196,0.677,0.000,-0.4472,-0.3046,TRACKING,L+C+R_fused
1786998168.462,35.9,0.850,0.782,0.622,0.5370,-0.0228,6.93,0.03459,0.197,0.678,0.000,-0.4506,-0.3078,TRACKING,L+C+R_fused
1786998168.479,35.9,0.846,0.779,0.620,0.5351,-0.0235,6.71,0.03536,0.196,0.679,0.000,-0.4499,-0.3076,TRACKING,L+C+R_fused
1786998168.498,35.9,0.841,0.780,0.621,0.5416,-0.0231,6.46,0.02788,0.197,0.680,0.000,-0.4371,-0.2999,TRACKING,L+C+R_fused
1786998168.516,29.0,0.855,0.778,0.620,0.5400,-0.0213,6.17,0.02258,0.198,0.681,0.000,-0.4105,-0.2832,TRACKING,L+C+R_fused
1786998168.534,29.0,0.853,0.776,0.630,0.5347,-0.0184,5.80,0.01014,0.199,0.682,0.000,-0.3699,-0.2572,TRACKING,L+C+R_fused
1786998168.558,29.0,0.848,0.774,0.628,0.5371,-0.0155,5.62,0.01051,0.199,0.683,0.000,-0.3376,-0.2346,TRACKING,L+C+R_fused
1786998168.575,29.0,0.832,0.782,0.633,0.5325,-0.0149,5.10,-0.01398,0.199,0.684,0.000,-0.3202,-0.2211,TRACKING,L+C+R_fused
1786998168.592,29.0,0.833,0.776,0.630,0.5353,-0.0156,4.93,-0.00841,0.199,0.685,0.000,-0.3193,-0.2184,TRACKING,L+C+R_fused
1786998168.613,29.0,0.837,0.776,0.628,0.5359,-0.0167,4.74,-0.01622,0.198,0.686,0.000,-0.3273,-0.2224,TRACKING,L+C+R_fused
1786998168.636,29.0,0.833,0.776,0.636,0.5341,-0.0180,4.75,-0.00962,0.199,0.686,0.000,-0.3363,-0.2280,TRACKING,L+C+R_fused
1786998168.665,29.0,0.835,0.780,0.630,0.5364,-0.0194,4.44,-0.02745,0.197,0.687,0.000,-0.3485,-0.2356,TRACKING,L+C+R_fused
1786998169.036,29.0,0.834,0.779,0.622,0.5360,-0.0209,3.97,-0.05806,0.194,0.688,0.000,-0.3641,-0.2454,TRACKING,L+C+R_fused
1786998169.053,29.0,0.845,0.771,0.620,0.5342,-0.0228,3.79,-0.06182,0.194,0.688,0.000,-0.3781,-0.2546,TRACKING,L+C+R_fused
1786998169.081,29.0,0.845,0.772,0.620,0.5378,-0.0249,3.44,-0.08290,0.192,0.689,0.000,-0.3991,-0.2677,TRACKING,L+C+R_fused
1786998169.098,29.0,0.863,0.769,0.628,0.5334,-0.0287,2.36,-0.16112,0.184,0.689,0.000,-0.4486,-0.2973,TRACKING,L+C+R_fused
1786998169.117,29.0,0.854,0.765,0.618,0.5352,-0.0313,2.18,-0.17401,0.183,0.690,0.000,-0.4769,-0.3176,TRACKING,L+C+R_fused
1786998169.137,29.0,0.863,0.758,0.617,0.5325,-0.0341,1.96,-0.19512,0.180,0.690,0.000,-0.5130,-0.3407,TRACKING,L+C+R_fused
1786998169.155,29.0,0.866,0.745,0.617,0.5384,-0.0380,0.27,-0.33778,0.166,0.691,0.000,-0.5677,-0.3745,TRACKING,L+C+R_fused
1786998169.179,29.0,0.865,0.739,0.617,0.5423,-0.0410,-0.48,-0.40516,0.159,0.691,0.000,-0.6314,-0.4148,TRACKING,L+C+R_fused
1786998169.201,29.0,0.876,0.731,0.617,0.5391,-0.0435,-1.46,-0.47760,0.152,0.692,0.000,-0.6923,-0.4543,TRACKING,L+C+R_fused
1786998169.220,29.0,0.878,0.725,0.619,0.5383,-0.0442,-2.97,-0.58231,0.150,0.692,0.000,-0.6828,-0.4546,TRACKING,L+C+R_fused
1786998169.237,29.0,0.882,0.711,0.619,0.5298,-0.0421,-3.64,-0.65023,0.150,0.693,0.000,-0.6424,-0.4320,TRACKING,L+C+R_fused
1786998169.255,29.0,0.884,0.706,0.618,0.5260,-0.0398,-4.30,-0.70994,0.150,0.693,0.000,-0.5973,-0.4033,TRACKING,L+C+R_fused
1786998169.274,29.0,0.900,0.697,0.620,0.5221,-0.0383,-5.27,-0.79989,0.150,0.693,0.000,-0.5538,-0.3747,TRACKING,L+C+R_fused
1786998169.291,29.0,0.901,0.699,0.621,0.5128,-0.0390,-6.59,-0.91481,0.150,0.694,0.000,-0.5344,-0.3597,TRACKING,L+C+R_fused
1786998169.321,29.0,0.901,0.698,0.620,0.5168,-0.0401,-7.43,-0.98598,0.150,0.694,0.000,-0.5317,-0.3559,TRACKING,L+C+R_fused
1786998169.340,29.0,0.906,0.691,0.618,0.5104,-0.0415,-8.48,-1.08557,0.150,0.694,0.000,-0.5286,-0.3537,TRACKING,L+C+R_fused
1786998169.365,29.0,0.915,0.689,0.621,0.5119,-0.0425,-8.96,-1.14949,0.150,0.695,0.000,-0.5371,-0.3582,TRACKING,L+C+R_fused
1786998169.393,29.0,0.917,0.685,0.619,0.5095,-0.0447,-9.84,-1.25430,0.150,0.695,0.000,-0.5536,-0.3682,TRACKING,L+C+R_fused
1786998169.695,22.0,0.916,0.687,0.622,0.5147,-0.0458,-10.57,-1.33573,0.150,0.695,0.000,-0.5558,-0.3710,TRACKING,L+C+R_fused
1786998169.711,22.0,0.910,0.688,0.621,0.5161,-0.0449,-11.02,-1.41482,0.150,0.695,0.000,-0.5394,-0.3624,TRACKING,L+C+R_fused
1786998169.734,22.0,0.919,0.689,0.618,0.5122,-0.0443,-12.67,-1.53296,0.150,0.696,0.000,-0.4898,-0.3336,TRACKING,L+C+R_fused
1786998169.754,22.0,0.918,0.689,0.621,0.4974,-0.0398,-12.10,-1.55674,0.150,0.696,0.000,-0.4458,-0.3049,TRACKING,L+C+R_fused
1786998169.770,22.0,0.944,0.698,0.624,0.4865,-0.0388,-12.43,-1.62418,0.150,0.696,0.000,-0.4289,-0.2914,TRACKING,L+C+R_fused
1786998169.800,22.0,0.642,0.705,0.627,0.4853,-0.0389,-12.30,-1.65453,0.150,0.696,0.000,-0.4415,-0.2965,TRACKING,L+C+R_fused
1786998169.814,22.0,0.000,0.714,0.633,0.5070,-0.0386,-11.93,-1.69385,0.150,0.696,0.000,-0.4573,-0.3063,TRACKING,R+C
1786998169.829,22.0,0.000,0.719,0.627,0.5041,-0.0371,-11.61,-1.72779,0.150,0.697,0.000,-0.4513,-0.3045,TRACKING,R+C
1786998169.851,22.0,0.000,0.723,0.629,0.5024,-0.0339,-11.74,-1.79623,0.150,0.697,0.000,-0.4074,-0.2800,TRACKING,R+C
1786998169.871,22.0,0.000,0.709,0.634,0.5056,-0.0240,-9.99,-1.78515,0.150,0.697,0.000,-0.3128,-0.2238,TRACKING,R+C
1786998169.904,22.0,0.000,0.715,0.635,0.4936,-0.0146,-9.07,-1.78720,0.150,0.697,0.000,-0.1914,-0.1478,TRACKING,R+C
1786998169.919,22.0,0.000,0.714,0.633,0.4838,-0.0065,-8.12,-1.78277,0.150,0.697,0.000,-0.0894,-0.0797,TRACKING,R+C
1786998169.940,22.0,0.000,0.718,0.522,0.4715,-0.0017,-7.37,-1.79558,0.150,0.697,0.000,-0.0378,-0.0409,TRACKING,R+C
1786998169.965,22.0,0.000,0.718,0.591,0.4834,-0.0011,-6.61,-1.82413,0.150,0.697,0.000,-0.0669,-0.0519,TRACKING,R+C
1786998169.983,22.0,0.000,0.721,0.637,0.4917,-0.0012,-5.92,-1.86126,0.150,0.698,0.000,-0.1039,-0.0746,TRACKING,R+C
1786998169.996,22.0,0.000,0.720,0.649,0.5074,0.0024,-4.02,-1.81485,0.150,0.698,0.000,-0.1136,-0.0836,TRACKING,R+C
1786998170.022,22.0,0.000,0.721,0.641,0.4922,0.0079,-2.45,-1.76851,0.150,0.698,0.000,-0.0765,-0.0644,TRACKING,R+C
1786998170.036,22.0,0.000,0.718,0.641,0.4880,0.0134,-1.28,-1.73558,0.150,0.698,0.000,-0.0246,-0.0327,TRACKING,R+C
1786998170.052,22.0,0.000,0.725,0.685,0.5604,0.0172,-0.53,-1.72902,0.150,0.698,0.000,0.0101,-0.0087,TRACKING,R+C
1786998170.067,22.0,0.000,0.717,0.668,0.5719,0.0179,0.12,-1.71011,0.150,0.698,0.000,-0.0019,-0.0121,TRACKING,R+C
1786998170.082,22.0,0.000,0.711,0.656,0.4943,0.0164,0.97,-1.70747,0.150,0.698,0.000,-0.0665,-0.0490,TRACKING,R+C
1786998170.101,22.0,0.000,0.721,0.658,0.5059,0.0151,2.93,-1.59770,0.150,0.698,0.000,-0.1576,-0.1053,TRACKING,R+C
1786998170.424,22.0,0.000,0.721,0.658,0.5059,0.0121,2.35,-1.27816,0.150,0.698,0.000,-0.1576,-0.1136,TRACKING,prediction
1786998170.440,22.0,0.000,0.716,0.731,0.5299,0.0080,4.26,-1.61403,0.150,0.698,0.000,-0.3405,-0.2172,TRACKING,R+C
1786998170.456,22.0,0.000,0.714,0.807,0.5449,0.0034,4.93,-1.59447,0.150,0.699,0.000,-0.4379,-0.2864,TRACKING,R+C
1786998170.472,22.0,0.000,0.714,0.807,0.5449,0.0028,3.94,-1.27557,0.150,0.699,0.000,-0.4379,-0.2966,TRACKING,prediction
1786998170.489,22.0,0.000,0.714,0.807,0.5449,0.0022,3.15,-1.02046,0.150,0.699,0.000,-0.4379,-0.2981,TRACKING,prediction
1786998170.504,22.0,0.000,0.714,0.807,0.5449,0.0018,2.52,-0.81637,0.150,0.699,0.000,-0.4379,-0.2983,TRACKING,prediction
1786998170.523,22.0,0.000,0.714,0.807,0.5449,0.0014,2.02,-0.65309,0.150,0.699,0.000,-0.4379,-0.2983,TRACKING,prediction
1786998170.540,22.0,0.000,0.714,0.807,0.5449,0.0011,1.62,-0.52247,0.150,0.699,0.000,-0.4379,-0.2983,TRACKING,prediction
1786998170.557,22.0,0.000,0.714,0.807,0.5449,0.0009,1.29,-0.41798,0.150,0.699,0.000,-0.4379,-0.2983,TRACKING,prediction
1786998170.575,22.0,0.000,0.714,0.807,0.5449,0.0007,1.03,-0.33438,0.150,0.699,0.000,-0.4379,-0.2983,TRACKING,prediction
1786998170.602,22.0,0.000,0.714,0.807,0.5449,0.0006,0.83,-0.26751,0.150,0.699,0.000,-0.4379,-0.2983,TRACKING,prediction
1786998170.620,22.0,0.000,0.756,0.784,0.6179,-0.0343,11.23,-1.21466,0.150,0.699,0.000,-1.0000,-0.6083,TRACKING,R+C
1786998170.635,22.0,0.000,0.756,0.784,0.6179,-0.0275,8.98,-0.97173,0.150,0.699,0.000,-1.0000,-0.6534,TRACKING,prediction
1786998170.657,22.0,0.000,0.756,0.784,0.6179,-0.0220,7.19,-0.77738,0.150,0.699,0.000,-1.0000,-0.6602,TRACKING,prediction
1786998170.673,22.0,0.000,0.756,0.784,0.6179,-0.0176,5.75,-0.62191,0.150,0.699,0.000,-1.0000,-0.6612,TRACKING,prediction
1786998170.692,22.0,0.000,0.756,0.784,0.6179,-0.0141,4.60,-0.49752,0.150,0.699,0.000,-1.0000,-0.6613,TRACKING,prediction
1786998170.718,37.1,0.000,0.756,0.784,0.6179,-0.0112,3.68,-0.39802,0.150,0.699,0.000,-1.0000,-0.6613,TRACKING,prediction
1786998170.740,37.1,0.000,0.756,0.784,0.6179,-0.0090,2.94,-0.31842,0.150,0.699,0.000,-1.0000,-0.6613,TRACKING,prediction
1786998170.755,37.1,0.000,0.756,0.784,0.6179,-0.0072,2.36,-0.25473,0.150,0.699,0.000,-1.0000,-0.6612,TRACKING,prediction
1786998170.773,37.1,0.000,0.756,0.784,0.6179,-0.0058,1.88,-0.20379,0.150,0.699,0.000,-1.0000,-0.6612,TRACKING,prediction
1786998170.789,37.1,0.000,0.780,0.766,0.6348,-0.0568,11.94,-1.00895,0.150,0.699,0.000,-1.0000,-0.6626,TRACKING,R+C
1786998170.810,37.1,0.000,0.780,0.766,0.6348,-0.0454,9.55,-0.80716,0.150,0.699,0.000,-1.0000,-0.6626,TRACKING,prediction
1786998170.837,37.1,0.000,0.780,0.766,0.6348,-0.0364,7.64,-0.64573,0.150,0.699,0.000,-1.0000,-0.6626,TRACKING,prediction
1786998170.854,37.1,0.000,0.780,0.766,0.6348,-0.0291,6.12,-0.51658,0.150,0.700,0.000,-1.0000,-0.6626,TRACKING,prediction
1786998170.870,37.1,0.000,0.780,0.766,0.6348,-0.0233,4.89,-0.41327,0.150,0.700,0.000,-1.0000,-0.6626,TRACKING,prediction
1786998170.891,37.1,0.000,0.780,0.766,0.6348,-0.0186,3.91,-0.33061,0.150,0.700,0.000,-1.0000,-0.6625,TRACKING,prediction
1786998170.912,37.1,0.000,0.780,0.766,0.6348,-0.0149,3.13,-0.26449,0.150,0.700,0.000,-1.0000,-0.6625,TRACKING,prediction
1786998170.936,37.1,0.000,0.780,0.766,0.6348,-0.0119,2.50,-0.21159,0.150,0.700,0.000,-1.0000,-0.6625,TRACKING,prediction
1786998170.954,37.1,0.000,0.780,0.766,0.6348,-0.0095,2.00,-0.16927,0.150,0.700,0.000,-1.0000,-0.6625,TRACKING,prediction
1786998170.985,37.1,0.000,0.780,0.766,0.6348,-0.0076,1.60,-0.13542,0.150,0.694,0.000,-1.0000,-0.6625,TRACKING,prediction
1786998171.001,37.1,0.000,0.780,0.766,0.6348,-0.0061,1.28,-0.10834,0.150,0.680,0.000,-1.0000,-0.6655,TRACKING,prediction
1786998171.336,37.1,0.000,0.780,0.766,0.6348,-0.0049,1.03,-0.08667,0.150,0.661,0.000,-1.0000,-0.6738,TRACKING,prediction
1786998171.352,37.1,0.000,0.780,0.766,0.6348,-0.0039,0.82,-0.06933,0.150,0.638,0.000,-1.0000,-0.6861,TRACKING,prediction
1786998171.369,37.1,0.000,0.780,0.766,0.6348,-0.0031,0.66,-0.05547,0.150,0.594,0.000,-1.0000,-0.7008,UNCERTAIN,prediction
1786998171.384,37.1,0.000,0.780,0.766,0.6348,-0.0025,0.53,-0.04437,0.150,0.563,0.000,-1.0000,-0.7280,UNCERTAIN,prediction
1786998171.402,37.1,0.000,0.780,0.766,0.6348,-0.0020,0.42,-0.03550,0.150,0.541,0.000,-1.0000,-0.7495,UNCERTAIN,prediction
1786998171.418,37.1,0.000,0.780,0.766,0.6348,-0.0016,0.34,-0.02840,0.150,0.522,0.000,-1.0000,-0.7649,UNCERTAIN,prediction
1786998171.435,37.1,0.000,0.780,0.766,0.6348,-0.0013,0.27,-0.02272,0.150,0.501,0.000,-1.0000,-0.7780,UNCERTAIN,prediction
1786998171.452,37.1,0.000,0.780,0.766,0.6348,-0.0010,0.22,-0.01818,0.150,0.480,0.000,-1.0000,-0.7914,UNCERTAIN,prediction
1786998171.469,37.1,0.000,0.780,0.766,0.6348,-0.0008,0.17,-0.01454,0.150,0.458,0.000,-1.0000,-0.8052,UNCERTAIN,prediction
1786998171.487,37.1,0.000,0.780,0.766,0.6348,-0.0007,0.14,-0.01163,0.150,0.437,0.000,-1.0000,-0.8191,UNCERTAIN,prediction
1786998171.503,37.1,0.000,0.780,0.766,0.6348,-0.0005,0.11,-0.00931,0.150,0.417,0.000,-1.0000,-0.8328,UNCERTAIN,prediction
1786998171.529,37.1,0.000,0.780,0.766,0.6348,-0.0004,0.09,-0.00744,0.150,0.397,0.000,-1.0000,-0.8462,UNCERTAIN,prediction
1786998171.544,37.1,0.000,0.780,0.766,0.6348,-0.0003,0.07,-0.00596,0.150,0.377,0.000,-1.0000,-0.8592,UNCERTAIN,prediction
1786998171.561,37.1,0.000,0.780,0.766,0.6348,-0.0003,0.06,-0.00476,0.150,0.359,0.000,-1.0000,-0.8717,UNCERTAIN,prediction
1786998171.579,37.1,0.000,0.780,0.766,0.6348,-0.0002,0.05,-0.00381,0.150,0.341,0.000,-1.0000,-0.8837,UNCERTAIN,prediction
1786998171.608,37.1,0.000,0.780,0.766,0.6348,-0.0002,0.04,-0.00305,0.150,0.325,0.000,-1.0000,-0.8951,UNCERTAIN,prediction
1786998171.635,37.1,0.000,0.780,0.766,0.6348,-0.0001,0.03,-0.00244,0.150,0.308,0.000,-1.0000,-0.9060,UNCERTAIN,prediction
1786998171.654,37.1,0.000,0.780,0.766,0.6348,-0.0001,0.02,-0.00195,0.150,0.293,0.000,-1.0000,-0.9164,UNCERTAIN,prediction
1786998171.672,37.1,0.000,0.780,0.766,0.6348,-0.0001,0.02,-0.00156,0.150,0.279,0.000,-1.0000,-0.9263,UNCERTAIN,prediction
1786998171.692,37.1,0.000,0.780,0.766,0.6348,-0.0001,0.01,-0.00125,0.150,0.265,0.000,-1.0000,-0.9357,UNCERTAIN,prediction
1786998171.721,34.9,0.000,0.780,0.766,0.6348,-0.0001,0.01,-0.00100,0.150,0.252,0.000,-1.0000,-0.9447,UNCERTAIN,prediction
1786998171.738,34.9,0.000,0.862,0.759,0.5730,-0.0956,7.60,-0.51717,0.150,0.274,0.000,-1.0000,-0.9531,TRACKING,R+C
1786998171.762,34.9,0.000,0.862,0.759,0.5730,-0.0765,6.08,-0.41373,0.150,0.295,0.000,-1.0000,-0.9422,TRACKING,prediction
1786998171.776,34.9,0.000,0.858,0.768,0.5638,-0.0883,7.19,-0.48166,0.152,0.315,0.000,-1.0000,-0.9287,TRACKING,R+C
1786998171.793,34.9,0.000,0.858,0.768,0.5638,-0.0706,5.75,-0.38532,0.152,0.335,0.000,-1.0000,-0.9157,TRACKING,prediction
1786998171.809,34.9,0.000,0.858,0.768,0.5638,-0.0565,4.60,-0.30826,0.152,0.353,0.000,-1.0000,-0.9032,TRACKING,prediction
1786998171.825,34.9,0.000,0.858,0.768,0.5638,-0.0452,3.68,-0.24661,0.152,0.370,0.000,-1.0000,-0.8913,TRACKING,prediction
1786998171.841,34.9,0.000,0.858,0.768,0.5638,-0.0362,2.95,-0.19729,0.152,0.387,0.000,-1.0000,-0.8800,TRACKING,prediction
1786998171.856,34.9,0.000,0.834,0.773,0.5475,-0.0633,5.69,-0.50069,0.150,0.402,0.000,-1.0000,-0.8678,TRACKING,R+C
1786998171.872,34.9,0.000,0.834,0.773,0.5475,-0.0507,4.55,-0.40055,0.150,0.417,0.000,-1.0000,-0.8574,TRACKING,prediction
1786998171.900,34.9,0.000,0.834,0.773,0.5475,-0.0405,3.64,-0.32044,0.150,0.431,0.000,-1.0000,-0.8476,TRACKING,prediction
1786998172.220,34.9,0.000,0.834,0.773,0.5475,-0.0324,2.91,-0.25635,0.150,0.445,0.000,-1.0000,-0.8382,TRACKING,prediction
1786998172.236,34.9,0.000,0.834,0.773,0.5475,-0.0259,2.33,-0.20508,0.150,0.458,0.000,-1.0000,-0.8294,TRACKING,prediction
1786998172.253,34.9,0.000,0.834,0.773,0.5475,-0.0208,1.87,-0.16407,0.150,0.470,0.000,-1.0000,-0.8209,TRACKING,prediction
1786998172.281,34.9,0.000,0.834,0.773,0.5475,-0.0166,1.49,-0.13125,0.150,0.481,0.000,-1.0000,-0.8129,TRACKING,prediction
1786998172.297,34.9,0.000,0.834,0.773,0.5475,-0.0133,1.19,-0.10500,0.150,0.492,0.000,-1.0000,-0.8052,TRACKING,prediction
1786998172.317,34.9,0.000,0.834,0.773,0.5475,-0.0106,0.96,-0.08400,0.150,0.503,0.000,-1.0000,-0.7979,TRACKING,prediction
1786998172.335,34.9,0.377,0.825,0.787,0.4684,-0.0046,3.55,-0.61807,0.150,0.512,0.000,-0.3470,-0.3581,TRACKING,L+C+R_fused
1786998172.351,34.9,0.371,0.823,0.798,0.4774,-0.0000,3.62,-0.61254,0.150,0.522,0.000,-0.2716,-0.2405,TRACKING,L+C+R_fused
1786998172.371,34.9,0.000,0.826,0.787,0.4901,0.0014,2.87,-0.68585,0.150,0.531,0.000,-0.2269,-0.1922,TRACKING,R+C
1786998172.387,34.9,0.000,0.822,0.800,0.4954,0.0017,3.41,-0.64681,0.150,0.539,0.000,-0.2397,-0.1921,TRACKING,R+C
1786998172.403,34.9,0.000,0.817,0.795,0.4993,-0.0005,3.80,-0.62897,0.150,0.547,0.000,-0.2910,-0.2243,TRACKING,R+C
1786998172.417,34.9,0.000,0.817,0.801,0.5028,-0.0040,3.84,-0.64563,0.150,0.555,0.000,-0.3524,-0.2673,TRACKING,R+C
1786998172.432,34.9,0.000,0.819,0.785,0.5078,-0.0063,4.26,-0.62874,0.150,0.562,0.000,-0.4047,-0.3055,TRACKING,R+C
1786998172.446,34.9,0.000,0.822,0.782,0.5153,-0.0087,4.64,-0.60176,0.150,0.569,0.000,-0.4533,-0.3402,TRACKING,R+C
1786998172.460,34.9,0.000,0.827,0.786,0.5180,-0.0098,4.75,-0.60202,0.150,0.576,0.000,-0.4744,-0.3569,TRACKING,R+C
1786998172.480,34.9,0.000,0.828,0.781,0.5219,-0.0095,5.04,-0.58503,0.150,0.582,0.000,-0.4786,-0.3602,TRACKING,R+C
1786998172.494,34.9,0.000,0.827,0.772,0.5228,-0.0080,5.23,-0.57243,0.150,0.588,0.000,-0.4616,-0.3483,TRACKING,R+C
1786998172.509,34.9,0.000,0.831,0.786,0.5235,-0.0077,5.18,-0.58526,0.150,0.593,0.000,-0.4559,-0.3415,TRACKING,R+C
1786998172.524,34.9,0.000,0.824,0.789,0.5233,-0.0118,3.95,-0.69146,0.150,0.599,0.000,-0.4878,-0.3588,TRACKING,R+C
1786998172.541,34.9,0.000,0.817,0.789,0.5265,-0.0138,4.74,-0.65110,0.150,0.604,0.000,-0.5416,-0.3928,TRACKING,R+C
1786998172.571,34.9,0.000,0.820,0.794,0.5263,-0.0176,4.97,-0.64319,0.150,0.609,0.000,-0.6038,-0.4341,TRACKING,R+C
1786998172.588,34.9,0.722,0.827,0.788,0.4483,-0.0197,5.22,-0.64053,0.150,0.613,0.000,-0.6412,-0.4611,TRACKING,L+C+R_fused
1786998172.605,34.9,0.765,0.829,0.798,0.4672,-0.0197,5.73,-0.60022,0.150,0.617,0.000,-0.6521,-0.4700,TRACKING,L+C+R_fused
1786998172.623,34.9,0.765,0.829,0.798,0.4672,-0.0157,4.58,-0.48017,0.150,0.622,0.000,-0.6521,-0.4697,TRACKING,prediction
1786998172.641,34.9,0.636,0.824,0.802,0.4441,-0.0135,5.50,-0.64025,0.150,0.626,0.000,-0.5649,-0.4160,TRACKING,L+C+R_fused
1786998172.659,34.9,0.636,0.824,0.802,0.4441,-0.0108,4.40,-0.51220,0.150,0.629,0.000,-0.5649,-0.4068,TRACKING,prediction
1786998172.677,34.9,0.636,0.824,0.802,0.4441,-0.0087,3.52,-0.40976,0.150,0.633,0.000,-0.5649,-0.4042,TRACKING,prediction
1786998172.693,34.9,0.636,0.824,0.802,0.4441,-0.0069,2.82,-0.32781,0.150,0.636,0.000,-0.5649,-0.4026,TRACKING,prediction
1786998173.050,29.3,0.636,0.824,0.802,0.4441,-0.0055,2.25,-0.26225,0.150,0.639,0.000,-0.5649,-0.4013,TRACKING,prediction
1786998173.065,29.3,0.371,0.822,0.817,0.4730,-0.0023,5.39,-0.72278,0.150,0.642,0.000,-0.4033,-0.3051,TRACKING,L+C+R_fused
1786998173.081,29.3,0.377,0.805,0.818,0.4541,0.0023,4.10,-0.88525,0.150,0.645,0.000,-0.3004,-0.2300,TRACKING,L+C+R_fused
1786998173.099,29.3,0.786,0.808,0.822,0.4766,0.0093,4.30,-0.85419,0.150,0.648,0.000,-0.1849,-0.1501,TRACKING,L+C+R_fused
1786998173.116,29.3,0.945,0.812,0.825,0.4830,0.0150,3.53,-0.91170,0.150,0.651,0.000,-0.0602,-0.0645,TRACKING,L+C+R_fused
1786998173.130,29.3,0.942,0.801,0.828,0.4828,0.0243,4.34,-0.86503,0.150,0.653,0.000,0.0772,0.0295,TRACKING,L+C+R_fused
1786998173.148,29.3,0.944,0.801,0.824,0.4819,0.0320,4.34,-0.86714,0.150,0.655,0.000,0.2124,0.1235,TRACKING,L+C+R_fused
1786998173.165,29.3,0.937,0.805,0.835,0.4816,0.0401,4.44,-0.86203,0.150,0.658,0.000,0.3441,0.2151,TRACKING,L+C+R_fused
1786998173.192,29.3,0.928,0.812,0.846,0.4808,0.0471,4.68,-0.84921,0.150,0.660,0.000,0.4499,0.2908,TRACKING,L+C+R_fused
1786998173.217,29.3,0.929,0.810,0.858,0.4808,0.0516,4.49,-0.87597,0.150,0.662,0.000,0.5218,0.3438,TRACKING,L+C+R_fused
1786998173.234,29.3,0.932,0.813,0.869,0.4832,0.0547,4.63,-0.87148,0.150,0.664,0.000,0.5617,0.3745,TRACKING,L+C+R_fused
1786998173.256,29.3,0.919,0.811,0.867,0.4859,0.0561,4.44,-0.90369,0.150,0.665,0.000,0.5839,0.3912,TRACKING,L+C+R_fused
1786998173.282,29.3,0.909,0.804,0.857,0.4868,0.0604,4.94,-0.87557,0.150,0.667,0.000,0.6305,0.4202,TRACKING,L+C+R_fused
1786998173.297,29.3,0.910,0.796,0.865,0.4857,0.0676,5.38,-0.85894,0.150,0.669,0.000,0.7122,0.4713,TRACKING,L+C+R_fused
1786998173.316,29.3,0.906,0.788,0.867,0.4851,0.0742,4.92,-0.92210,0.150,0.670,0.000,0.7976,0.5274,TRACKING,L+C+R_fused
1786998173.333,29.3,0.906,0.800,0.875,0.4837,0.0809,5.82,-0.84153,0.150,0.672,0.000,0.8553,0.5683,TRACKING,L+C+R_fused
1786998173.357,29.3,0.915,0.794,0.875,0.4654,0.0833,5.20,-0.93645,0.150,0.673,0.000,0.8869,0.5917,TRACKING,L+C+R_fused
1786998173.379,29.3,0.908,0.796,0.883,0.4610,0.0843,5.94,-0.88763,0.150,0.675,0.000,0.8827,0.5920,TRACKING,L+C+R_fused
1786998173.394,29.3,0.904,0.780,0.877,0.4842,0.0806,5.52,-0.96092,0.150,0.676,0.000,0.8474,0.5710,TRACKING,L+C+R_fused
1786998173.419,29.3,0.873,0.783,0.859,0.4891,0.0765,5.54,-0.98744,0.150,0.677,0.000,0.7982,0.5390,TRACKING,L+C+R_fused
1786998173.435,29.3,0.873,0.779,0.841,0.4918,0.0752,6.36,-0.97400,0.150,0.678,0.000,0.7594,0.5113,TRACKING,L+C+R_fused
1786998173.453,29.3,0.885,0.777,0.848,0.4972,0.0725,6.98,-0.95174,0.150,0.679,0.000,0.7083,0.4774,TRACKING,L+C+R_fused
1786998173.468,29.3,0.886,0.768,0.851,0.5026,0.0685,6.51,-1.04699,0.150,0.680,0.000,0.6602,0.4441,TRACKING,L+C+R_fused
1786998173.494,29.3,0.915,0.773,0.842,0.5041,0.0662,7.12,-1.02135,0.150,0.681,0.000,0.6109,0.4100,TRACKING,L+C+R_fused
1786998173.511,29.3,0.925,0.769,0.832,0.4991,0.0633,7.29,-1.04044,0.150,0.682,0.000,0.5598,0.3748,TRACKING,L+C+R_fused
1786998173.532,29.3,0.773,0.765,0.839,0.4934,0.0595,7.48,-1.06254,0.150,0.683,0.000,0.4938,0.3310,TRACKING,L+C+R_fused
1786998173.547,29.3,0.000,0.767,0.831,0.4724,0.0554,6.96,-1.14451,0.150,0.684,0.000,0.4377,0.2917,TRACKING,R+C
1786998173.564,29.3,0.000,0.761,0.841,0.4877,0.0531,7.93,-1.11143,0.150,0.685,0.000,0.3659,0.2441,TRACKING,R+C
1786998173.578,29.3,0.000,0.761,0.834,0.4886,0.0497,8.09,-1.12778,0.150,0.686,0.000,0.3003,0.1990,TRACKING,R+C
1786998173.591,29.3,0.000,0.759,0.831,0.4893,0.0473,8.24,-1.14378,0.150,0.686,0.000,0.2487,0.1625,TRACKING,R+C
1786998173.607,29.3,0.000,0.761,0.820,0.4873,0.0461,8.17,-1.20175,0.150,0.687,0.000,0.2213,0.1409,TRACKING,R+C
1786998173.624,29.3,0.000,0.758,0.826,0.4912,0.0471,7.69,-1.27801,0.150,0.688,0.000,0.2460,0.1516,TRACKING,R+C
1786998173.640,29.3,0.000,0.751,0.823,0.4929,0.0487,6.44,-1.42820,0.150,0.688,0.000,0.3029,0.1853,TRACKING,R+C
1786998173.654,29.3,0.000,0.751,0.810,0.4894,0.0544,7.73,-1.35158,0.150,0.689,0.000,0.3531,0.2189,TRACKING,R+C
1786998173.670,29.3,0.000,0.754,0.809,0.4903,0.0568,8.17,-1.32376,0.150,0.689,0.000,0.3785,0.2383,TRACKING,R+C
1786998173.686,29.3,0.000,0.754,0.809,0.4903,0.0454,6.54,-1.05901,0.150,0.690,0.000,0.3785,0.2410,TRACKING,prediction
1786998173.703,29.3,0.000,0.754,0.809,0.4903,0.0364,5.23,-0.84721,0.150,0.690,0.000,0.3785,0.2413,TRACKING,prediction
1786998173.717,29.3,0.000,0.734,0.825,0.5154,0.0464,8.73,-1.39783,0.150,0.691,0.000,0.1648,0.1182,TRACKING,R+C
1786998173.734,29.3,0.000,0.734,0.825,0.5154,0.0372,6.98,-1.11826,0.150,0.691,0.000,0.1648,0.1003,TRACKING,prediction
1786998173.751,29.3,0.000,0.734,0.825,0.5154,0.0297,5.59,-0.89461,0.150,0.692,0.000,0.1648,0.0976,TRACKING,prediction
1786998173.767,29.3,0.000,0.734,0.825,0.5154,0.0238,4.47,-0.71569,0.150,0.692,0.000,0.1648,0.0971,TRACKING,prediction
1786998173.782,29.3,0.000,0.736,0.788,0.5536,0.0284,10.45,-1.36662,0.150,0.693,0.000,-0.2292,-0.1265,TRACKING,R+C
1786998173.797,29.3,0.000,0.729,0.789,0.5587,0.0269,9.65,-1.51754,0.150,0.693,0.000,-0.2453,-0.1683,TRACKING,R+C
1786998173.815,29.3,0.000,0.729,0.789,0.5587,0.0216,7.72,-1.21403,0.150,0.693,0.000,-0.2453,-0.1744,TRACKING,prediction
1786998173.832,29.3,0.000,0.729,0.789,0.5587,0.0172,6.18,-0.97123,0.150,0.694,0.000,-0.2453,-0.1753,TRACKING,prediction
1786998173.851,29.3,0.000,0.730,0.779,0.5684,0.0209,10.79,-1.50023,0.150,0.694,0.000,-0.3941,-0.2586,TRACKING,R+C
1786998173.865,29.3,0.000,0.721,0.777,0.5766,0.0161,11.13,-1.56400,0.150,0.694,0.000,-0.4948,-0.3270,TRACKING,R+C
1786998173.880,29.3,0.000,0.727,0.783,0.5866,0.0111,11.14,-1.63299,0.150,0.695,0.000,-0.5803,-0.3846,TRACKING,R+C
1786998173.897,29.3,0.000,0.731,0.781,0.5918,0.0092,11.84,-1.59254,0.150,0.695,0.000,-0.6274,-0.4190,TRACKING,R+C
1786998173.915,29.3,0.000,0.737,0.792,0.5871,0.0101,12.82,-1.51214,0.150,0.695,0.000,-0.6409,-0.4314,TRACKING,R+C
1786998173.939,29.3,0.000,0.736,0.783,0.5896,0.0108,12.34,-1.58504,0.150,0.695,0.000,-0.6239,-0.4239,TRACKING,R+C
1786998173.953,29.3,0.000,0.732,0.779,0.5912,0.0126,12.68,-1.60177,0.150,0.696,0.000,-0.6150,-0.4180,TRACKING,R+C
1786998173.969,29.3,0.000,0.726,0.784,0.5989,0.0128,12.09,-1.74187,0.150,0.696,0.000,-0.6102,-0.4147,TRACKING,R+C
1786998173.985,29.3,0.000,0.723,0.791,0.6065,0.0098,12.84,-1.67431,0.150,0.696,0.000,-0.6698,-0.4469,TRACKING,R+C
1786998174.000,29.3,0.000,0.719,0.786,0.6175,0.0053,13.64,-1.60960,0.150,0.696,0.000,-0.7462,-0.4936,TRACKING,R+C
1786998174.015,29.3,0.000,0.722,0.789,0.6265,0.0002,13.67,-1.64510,0.150,0.696,0.000,-0.8122,-0.5367,TRACKING,R+C
1786998174.032,29.3,0.000,0.722,0.789,0.6265,0.0002,10.94,-1.31608,0.150,0.697,0.000,-0.8122,-0.5429,TRACKING,prediction
1786998174.046,29.3,0.000,0.726,0.794,0.6369,-0.0020,15.18,-1.53845,0.150,0.697,0.000,-0.8704,-0.5756,TRACKING,R+C
1786998174.063,57.2,0.000,0.731,0.800,0.6343,0.0001,16.95,-1.32875,0.150,0.697,0.000,-0.8785,-0.5846,TRACKING,R+C
1786998174.078,57.2,0.000,0.731,0.799,0.6360,0.0029,18.27,-1.16487,0.150,0.697,0.000,-0.8695,-0.5807,TRACKING,R+C
1786998174.093,57.2,0.000,0.731,0.799,0.6360,0.0024,14.61,-0.93190,0.150,0.697,0.000,-0.8695,-0.5801,TRACKING,prediction
1786998174.110,57.2,0.000,0.731,0.799,0.6360,0.0019,11.69,-0.74552,0.150,0.697,0.000,-0.8695,-0.5800,TRACKING,prediction
1786998174.128,57.2,0.000,0.731,0.799,0.6360,0.0015,9.35,-0.59641,0.150,0.697,0.000,-0.8695,-0.5799,TRACKING,prediction
1786998174.151,57.2,0.000,0.731,0.799,0.6360,0.0012,7.48,-0.47713,0.150,0.698,0.000,-0.8695,-0.5798,TRACKING,prediction
1786998174.175,57.2,0.000,0.740,0.791,0.6341,0.0087,25.90,-0.20875,0.179,0.698,0.000,-0.7119,-0.4939,TRACKING,R+C
1786998174.190,57.2,0.000,0.742,0.787,0.6385,0.0085,26.44,-0.10850,0.189,0.698,0.000,-0.8452,-0.5526,TRACKING,R+C
1786998174.205,57.2,0.000,0.743,0.785,0.6454,0.0074,26.79,-0.02615,0.197,0.698,0.000,-0.7968,-0.5352,TRACKING,R+C
1786998174.225,57.2,0.000,0.743,0.785,0.6454,0.0060,21.43,-0.02092,0.197,0.698,0.000,-0.7968,-0.5325,TRACKING,prediction
1786998174.241,57.2,0.000,0.743,0.785,0.6454,0.0048,17.14,-0.01674,0.197,0.698,0.000,-0.7968,-0.5321,TRACKING,prediction
1786998174.259,57.2,0.000,0.743,0.785,0.6454,0.0038,13.72,-0.01339,0.197,0.698,0.000,-0.7968,-0.5320,TRACKING,prediction
1786998174.274,57.2,0.000,0.743,0.785,0.6454,0.0031,10.97,-0.01071,0.197,0.698,0.000,-0.7968,-0.5319,TRACKING,prediction
1786998174.294,57.2,0.000,0.743,0.785,0.6454,0.0024,8.78,-0.00857,0.197,0.698,0.000,-0.7968,-0.5319,TRACKING,prediction
1786998174.311,57.2,0.000,0.743,0.785,0.6454,0.0020,7.02,-0.00686,0.197,0.698,0.000,-0.7968,-0.5318,TRACKING,prediction
1786998174.329,57.2,0.000,0.743,0.785,0.6454,0.0016,5.62,-0.00548,0.197,0.699,0.000,-0.7968,-0.5318,TRACKING,prediction
1786998174.357,57.2,0.000,0.743,0.785,0.6454,0.0012,4.49,-0.00439,0.197,0.699,0.000,-0.7968,-0.5317,TRACKING,prediction
1786998174.379,57.2,0.000,0.743,0.785,0.6454,0.0010,3.60,-0.00351,0.197,0.691,0.000,-0.7968,-0.5317,TRACKING,prediction
1786998174.395,57.2,0.000,0.743,0.785,0.6454,0.0008,2.88,-0.00281,0.197,0.676,0.000,-0.7968,-0.5351,TRACKING,prediction
1786998174.415,57.2,0.000,0.743,0.785,0.6454,0.0006,2.30,-0.00225,0.197,0.656,0.000,-0.7968,-0.5426,TRACKING,prediction
1786998174.432,57.2,0.000,0.743,0.785,0.6454,0.0005,1.84,-0.00180,0.197,0.632,0.000,-0.7968,-0.5531,TRACKING,prediction
1786998174.456,57.2,0.000,0.743,0.785,0.6454,0.0004,1.47,-0.00144,0.197,0.590,0.000,-0.7968,-0.5653,UNCERTAIN,prediction
1786998174.471,57.2,0.000,0.793,0.768,0.6491,-0.0896,14.03,-0.02248,0.198,0.595,0.000,-1.0000,-0.7107,TRACKING,R+C
1786998174.496,57.2,0.000,0.793,0.768,0.6491,-0.0716,11.22,-0.01799,0.198,0.600,0.000,-1.0000,-0.7287,TRACKING,prediction
1786998174.513,57.2,0.000,0.782,0.762,0.6399,-0.0966,11.48,-0.12190,0.188,0.605,0.000,-1.0000,-0.7284,TRACKING,R+C
1786998174.527,57.2,0.000,0.797,0.766,0.6362,-0.0998,12.14,-0.00308,0.200,0.610,0.000,-1.0000,-0.7257,TRACKING,R+C
1786998174.544,57.2,0.000,0.797,0.766,0.6362,-0.0798,9.71,-0.00246,0.200,0.615,0.000,-1.0000,-0.7226,TRACKING,prediction
1786998174.558,57.2,0.000,0.794,0.772,0.6240,-0.1045,9.75,-0.10133,0.190,0.619,0.000,-1.0000,-0.7195,TRACKING,R+C
1786998174.579,57.2,0.000,0.794,0.772,0.6240,-0.0836,7.80,-0.08107,0.190,0.623,0.000,-1.0000,-0.7167,TRACKING,prediction
1786998174.595,57.2,0.000,0.794,0.772,0.6240,-0.0669,6.24,-0.06485,0.190,0.627,0.000,-1.0000,-0.7140,TRACKING,prediction
1786998174.612,57.2,0.000,0.778,0.779,0.5972,-0.0961,6.54,-0.21082,0.179,0.630,0.000,-1.0000,-0.7100,TRACKING,R+C
1786998174.626,57.2,0.000,0.777,0.786,0.5908,-0.0914,6.14,-0.19109,0.181,0.634,0.000,-1.0000,-0.7070,TRACKING,R+C
1786998174.640,57.2,0.000,0.772,0.792,0.5839,-0.0866,5.47,-0.21018,0.179,0.637,0.000,-1.0000,-0.7041,TRACKING,R+C
1786998174.656,57.2,0.000,0.755,0.795,0.5741,-0.0834,3.13,-0.40742,0.159,0.640,0.000,-1.0000,-0.7015,TRACKING,R+C
1786998174.674,57.2,0.000,0.755,0.795,0.5741,-0.0667,2.50,-0.32594,0.159,0.643,0.000,-1.0000,-0.6993,TRACKING,prediction
1786998174.696,57.2,0.000,0.755,0.795,0.5741,-0.0534,2.00,-0.26075,0.159,0.646,0.000,-1.0000,-0.6973,TRACKING,prediction
1786998174.711,57.2,0.000,0.730,0.807,0.5486,-0.0693,-0.76,-0.66935,0.150,0.649,0.000,-1.0000,-0.6938,TRACKING,R+C
1786998174.725,57.2,0.000,0.717,0.816,0.5390,-0.0634,-2.40,-0.81593,0.150,0.651,0.000,-0.9410,-0.6579,TRACKING,R+C
1786998174.742,57.2,0.000,0.725,0.823,0.5319,-0.0567,-2.55,-0.80689,0.150,0.654,0.000,-0.8697,-0.6099,TRACKING,R+C
1786998174.768,57.2,0.000,0.722,0.826,0.5269,-0.0523,-3.94,-0.93465,0.150,0.656,0.000,-0.7975,-0.5601,TRACKING,R+C
1786998174.784,57.2,0.000,0.730,0.838,0.5203,-0.0494,-5.56,-1.06354,0.150,0.658,0.000,-0.7314,-0.5136,TRACKING,R+C
1786998174.798,57.2,0.000,0.728,0.839,0.5185,-0.0486,-6.55,-1.17219,0.150,0.660,0.000,-0.7042,-0.4902,TRACKING,R+C
1786998174.815,57.2,0.000,0.734,0.843,0.5191,-0.0466,-6.04,-1.15946,0.150,0.662,0.000,-0.6941,-0.4802,TRACKING,R+C
1786998174.831,57.2,0.000,0.736,0.840,0.5174,-0.0460,-6.85,-1.26611,0.150,0.664,0.000,-0.6745,-0.4668,TRACKING,R+C
1786998174.848,57.2,0.000,0.738,0.842,0.5183,-0.0436,-6.64,-1.27410,0.150,0.666,0.000,-0.6513,-0.4508,TRACKING,R+C
1786998174.876,57.2,0.000,0.734,0.839,0.5167,-0.0385,-6.96,-1.34306,0.150,0.668,0.000,-0.5798,-0.4070,TRACKING,R+C
1786998174.890,57.2,0.000,0.739,0.852,0.5135,-0.0329,-7.86,-1.44002,0.150,0.669,0.000,-0.4799,-0.3430,TRACKING,R+C
1786998174.904,57.2,0.000,0.746,0.861,0.5105,-0.0256,-6.93,-1.43438,0.150,0.671,0.000,-0.4001,-0.2875,TRACKING,R+C
1786998174.918,57.2,0.000,0.751,0.860,0.5083,-0.0217,-7.08,-1.53903,0.150,0.672,0.000,-0.3488,-0.2500,TRACKING,R+C
1786998174.939,57.2,0.000,0.757,0.863,0.5099,-0.0185,-6.47,-1.56144,0.150,0.674,0.000,-0.3239,-0.2301,TRACKING,R+C
1786998174.954,57.2,0.000,0.755,0.866,0.5093,-0.0142,-5.62,-1.56677,0.150,0.675,0.000,-0.2889,-0.2071,TRACKING,R+C
1786998174.970,57.2,0.000,0.756,0.865,0.5090,-0.0094,-4.95,-1.60453,0.150,0.676,0.000,-0.2422,-0.1771,TRACKING,R+C
1786998174.986,57.2,0.000,0.758,0.862,0.5098,-0.0061,-4.67,-1.66001,0.150,0.678,0.000,-0.2067,-0.1526,TRACKING,R+C
1786998174.996,57.2,0.000,0.753,0.865,0.5148,-0.0033,-2.63,-1.56431,0.150,0.679,0.000,-0.2285,-0.1614,TRACKING,R+C
1786998175.016,57.2,0.000,0.752,0.860,0.5188,-0.0032,-1.78,-1.59540,0.150,0.680,0.000,-0.2669,-0.1847,TRACKING,R+C
1786998175.031,57.2,0.000,0.752,0.855,0.5252,-0.0015,-0.50,-1.55373,0.150,0.681,0.000,-0.2862,-0.1991,TRACKING,R+C
1786998175.046,57.2,0.000,0.755,0.853,0.5236,0.0009,1.28,-1.45926,0.150,0.682,0.000,-0.3037,-0.2110,TRACKING,R+C
1786998175.061,57.2,0.000,0.749,0.849,0.5313,0.0020,0.60,-1.62311,0.150,0.683,0.000,-0.2854,-0.2028,TRACKING,R+C
1786998175.083,56.9,0.000,0.751,0.855,0.5346,0.0028,0.82,-1.64404,0.150,0.683,0.000,-0.2840,-0.2008,TRACKING,R+C
1786998175.336,56.9,0.000,0.744,0.844,0.5364,0.0034,2.10,-1.62144,0.150,0.684,0.000,-0.3257,-0.2242,TRACKING,R+C
1786998175.351,56.9,0.000,0.744,0.840,0.5471,0.0012,2.83,-1.63685,0.150,0.685,0.000,-0.3946,-0.2665,TRACKING,R+C
1786998175.363,56.9,0.000,0.746,0.832,0.5476,-0.0001,3.45,-1.65437,0.150,0.686,0.000,-0.4428,-0.2999,TRACKING,R+C
1786998175.378,56.9,0.000,0.751,0.825,0.5536,-0.0006,4.39,-1.62701,0.150,0.687,0.000,-0.4838,-0.3277,TRACKING,R+C
1786998175.392,56.9,0.000,0.755,0.838,0.5622,0.0008,5.33,-1.58129,0.150,0.687,0.000,-0.4922,-0.3364,TRACKING,R+C
1786998175.413,56.9,0.000,0.751,0.826,0.5603,0.0059,6.32,-1.53028,0.150,0.688,0.000,-0.4455,-0.3114,TRACKING,R+C
1786998175.426,56.9,0.000,0.752,0.830,0.5528,0.0103,7.32,-1.43934,0.150,0.688,0.000,-0.4026,-0.2834,TRACKING,R+C
1786998175.441,56.9,0.000,0.755,0.824,0.5488,0.0131,8.33,-1.37716,0.150,0.689,0.000,-0.3913,-0.2728,TRACKING,R+C
1786998175.459,56.9,0.000,0.754,0.845,0.5572,0.0130,9.10,-1.31450,0.150,0.690,0.000,-0.4142,-0.2839,TRACKING,R+C
1786998175.473,56.9,0.000,0.750,0.828,0.5686,0.0107,9.89,-1.24587,0.150,0.690,0.000,-0.4725,-0.3179,TRACKING,R+C
1786998175.488,56.9,0.000,0.753,0.834,0.5773,0.0073,10.27,-1.23412,0.150,0.691,0.000,-0.5368,-0.3587,TRACKING,R+C
1786998175.510,56.9,0.000,0.753,0.834,0.5773,0.0059,8.22,-0.98730,0.150,0.691,0.000,-0.5368,-0.3645,TRACKING,prediction
1786998175.524,56.9,0.000,0.752,0.822,0.5806,0.0062,11.86,-1.09789,0.150,0.692,0.000,-0.5933,-0.3966,TRACKING,R+C
1786998175.540,56.9,0.000,0.752,0.822,0.5806,0.0050,9.48,-0.87831,0.150,0.692,0.000,-0.5933,-0.4011,TRACKING,prediction
1786998175.555,56.9,0.000,0.746,0.805,0.5953,-0.0001,13.31,-0.97548,0.150,0.692,0.000,-0.7139,-0.4685,TRACKING,R+C
1786998175.570,56.9,0.000,0.746,0.805,0.5953,-0.0001,10.65,-0.78039,0.150,0.693,0.000,-0.7139,-0.4783,TRACKING,prediction
1786998175.586,56.9,0.000,0.746,0.805,0.5953,-0.0001,8.52,-0.62431,0.150,0.693,0.000,-0.7139,-0.4796,TRACKING,prediction
1786998175.605,56.9,0.000,0.745,0.795,0.6315,-0.0269,14.27,-0.92211,0.150,0.693,0.000,-1.0000,-0.6378,TRACKING,R+C
1786998175.621,56.9,0.000,0.745,0.795,0.6315,-0.0215,11.41,-0.73769,0.150,0.694,0.000,-1.0000,-0.6608,TRACKING,prediction
1786998175.641,56.9,0.000,0.745,0.795,0.6315,-0.0172,9.13,-0.59015,0.150,0.694,0.000,-1.0000,-0.6640,TRACKING,prediction
1786998175.657,56.9,0.000,0.745,0.795,0.6315,-0.0138,7.30,-0.47212,0.150,0.694,0.000,-1.0000,-0.6643,TRACKING,prediction
1786998175.685,56.9,0.000,0.745,0.795,0.6315,-0.0110,5.84,-0.37770,0.150,0.695,0.000,-1.0000,-0.6642,TRACKING,prediction
1786998175.711,56.9,0.000,0.745,0.795,0.6315,-0.0088,4.67,-0.30216,0.150,0.695,0.000,-1.0000,-0.6640,TRACKING,prediction
1786998175.728,56.9,0.000,0.745,0.795,0.6315,-0.0070,3.74,-0.24173,0.150,0.695,0.000,-1.0000,-0.6638,TRACKING,prediction
1786998176.027,56.9,0.000,0.745,0.795,0.6315,-0.0056,2.99,-0.19338,0.150,0.695,0.000,-1.0000,-0.6637,TRACKING,prediction
1786998176.042,56.9,0.000,0.745,0.795,0.6315,-0.0045,2.39,-0.15471,0.150,0.696,0.000,-1.0000,-0.6635,TRACKING,prediction
1786998176.059,56.9,0.000,0.745,0.795,0.6315,-0.0036,1.91,-0.12376,0.150,0.691,0.000,-1.0000,-0.6634,TRACKING,prediction
1786998176.075,56.9,0.000,0.745,0.795,0.6315,-0.0029,1.53,-0.09901,0.150,0.677,0.000,-1.0000,-0.6661,TRACKING,prediction
1786998176.092,28.8,0.000,0.745,0.795,0.6315,-0.0023,1.23,-0.07921,0.150,0.658,0.000,-1.0000,-0.6742,TRACKING,prediction
1786998176.108,28.8,0.000,0.745,0.795,0.6315,-0.0018,0.98,-0.06337,0.150,0.635,0.000,-1.0000,-0.6863,TRACKING,prediction
1786998176.123,28.8,0.000,0.745,0.795,0.6315,-0.0015,0.78,-0.05069,0.150,0.592,0.000,-1.0000,-0.7010,UNCERTAIN,prediction
1786998176.139,28.8,0.000,0.782,0.773,0.6361,-0.0649,12.08,-0.79749,0.150,0.597,0.000,-1.0000,-0.7294,TRACKING,R+C
1786998176.153,28.8,0.000,0.783,0.772,0.6364,-0.0672,12.03,-0.78377,0.150,0.602,0.000,-1.0000,-0.7304,TRACKING,R+C
1786998176.170,28.8,0.000,0.780,0.774,0.6357,-0.0725,11.47,-0.82686,0.150,0.607,0.000,-1.0000,-0.7280,TRACKING,R+C
1786998176.198,28.8,0.000,0.779,0.774,0.6379,-0.0807,10.84,-0.86542,0.150,0.612,0.000,-1.0000,-0.7254,TRACKING,R+C
1786998176.222,28.8,0.000,0.784,0.778,0.6433,-0.0894,11.08,-0.80949,0.150,0.616,0.000,-1.0000,-0.7229,TRACKING,R+C
1786998176.237,28.8,0.000,0.792,0.780,0.6450,-0.0953,11.64,-0.73536,0.150,0.620,0.000,-1.0000,-0.7204,TRACKING,R+C
1786998176.259,28.8,0.000,0.801,0.784,0.6488,-0.1007,11.23,-0.75445,0.150,0.624,0.000,-1.0000,-0.7179,TRACKING,R+C
1786998176.288,28.8,0.000,0.801,0.784,0.6488,-0.0805,8.99,-0.60356,0.150,0.628,0.000,-1.0000,-0.7153,TRACKING,prediction
1786998176.315,28.8,0.000,0.801,0.784,0.6488,-0.0644,7.19,-0.48285,0.150,0.632,0.000,-1.0000,-0.7127,TRACKING,prediction
1786998176.333,28.8,0.000,0.801,0.784,0.6488,-0.0515,5.75,-0.38628,0.150,0.635,0.000,-1.0000,-0.7103,TRACKING,prediction
1786998176.349,28.8,0.000,0.801,0.784,0.6488,-0.0412,4.60,-0.30902,0.150,0.638,0.000,-1.0000,-0.7081,TRACKING,prediction
1786998176.694,28.8,0.000,0.801,0.784,0.6488,-0.0330,3.68,-0.24722,0.150,0.642,0.000,-1.0000,-0.7059,TRACKING,prediction
1786998176.710,28.8,0.000,0.801,0.784,0.6488,-0.0264,2.94,-0.19777,0.150,0.644,0.000,-1.0000,-0.7039,TRACKING,prediction
1786998176.726,28.8,0.000,0.801,0.784,0.6488,-0.0211,2.36,-0.15822,0.150,0.647,0.000,-1.0000,-0.7019,TRACKING,prediction
1786998176.743,28.8,0.000,0.801,0.784,0.6488,-0.0169,1.88,-0.12658,0.150,0.650,0.000,-1.0000,-0.7001,TRACKING,prediction
1786998176.756,28.8,0.000,0.801,0.784,0.6488,-0.0135,1.51,-0.10126,0.150,0.652,0.000,-1.0000,-0.6983,TRACKING,prediction
1786998176.770,28.8,0.000,0.801,0.784,0.6488,-0.0108,1.21,-0.08101,0.150,0.653,0.000,-1.0000,-0.6966,TRACKING,prediction
1786998176.789,28.8,0.000,0.801,0.784,0.6488,-0.0086,0.96,-0.06481,0.150,0.646,0.000,-1.0000,-0.6960,TRACKING,prediction
1786998176.806,28.8,0.000,0.801,0.784,0.6488,-0.0069,0.77,-0.05185,0.150,0.632,0.000,-1.0000,-0.6996,TRACKING,prediction
1786998176.822,28.8,0.000,0.801,0.784,0.6488,-0.0055,0.62,-0.04148,0.150,0.614,0.000,-1.0000,-0.7081,TRACKING,prediction
1786998176.836,28.8,0.000,0.801,0.784,0.6488,-0.0044,0.49,-0.03318,0.150,0.577,0.000,-1.0000,-0.7199,UNCERTAIN,prediction
1786998176.868,28.8,0.000,0.801,0.784,0.6488,-0.0035,0.40,-0.02654,0.150,0.551,0.000,-1.0000,-0.7424,UNCERTAIN,prediction
1786998176.890,28.8,0.000,0.801,0.784,0.6488,-0.0028,0.32,-0.02124,0.150,0.532,0.000,-1.0000,-0.7602,UNCERTAIN,prediction
1786998176.908,28.8,0.000,0.801,0.784,0.6488,-0.0023,0.25,-0.01699,0.150,0.512,0.000,-1.0000,-0.7732,UNCERTAIN,prediction
1786998176.924,28.8,0.000,0.801,0.784,0.6488,-0.0018,0.20,-0.01359,0.150,0.490,0.000,-1.0000,-0.7864,UNCERTAIN,prediction
1786998176.939,28.8,0.000,0.865,0.784,0.5910,-0.1452,5.80,-0.58857,0.150,0.501,0.000,-1.0000,-0.8010,TRACKING,R+C
1786998176.955,28.8,0.000,0.865,0.784,0.5910,-0.1162,4.64,-0.47086,0.150,0.511,0.000,-1.0000,-0.7972,TRACKING,prediction
1786998176.970,28.8,0.000,0.865,0.784,0.5910,-0.0929,3.71,-0.37669,0.150,0.520,0.000,-1.0000,-0.7911,TRACKING,prediction
1786998176.992,28.8,0.000,0.865,0.784,0.5910,-0.0743,2.97,-0.30135,0.150,0.529,0.000,-1.0000,-0.7850,TRACKING,prediction
1786998177.006,28.8,0.000,0.865,0.784,0.5910,-0.0595,2.37,-0.24108,0.150,0.538,0.000,-1.0000,-0.7791,TRACKING,prediction
1786998177.024,28.8,0.000,0.865,0.784,0.5910,-0.0476,1.90,-0.19286,0.150,0.546,0.000,-1.0000,-0.7735,TRACKING,prediction
1786998177.054,28.8,0.000,0.855,0.806,0.5720,-0.1254,3.37,-0.68168,0.150,0.554,0.000,-1.0000,-0.7663,TRACKING,R+C
1786998177.069,28.8,0.000,0.847,0.804,0.5701,-0.1220,3.06,-0.68765,0.150,0.561,0.000,-1.0000,-0.7609,TRACKING,R+C
1786998177.085,28.8,0.000,0.847,0.804,0.5701,-0.0976,2.45,-0.55012,0.150,0.568,0.000,-1.0000,-0.7561,TRACKING,prediction
1786998177.095,36.9,0.000,0.837,0.813,0.5602,-0.1155,2.33,-0.70358,0.150,0.574,0.000,-1.0000,-0.7508,TRACKING,R+C
1786998177.113,36.9,0.000,0.837,0.813,0.5602,-0.0924,1.86,-0.56287,0.150,0.581,0.000,-1.0000,-0.7464,TRACKING,prediction
1786998177.128,36.9,0.000,0.841,0.813,0.5565,-0.1115,2.73,-0.62441,0.150,0.587,0.000,-1.0000,-0.7419,TRACKING,R+C
1786998177.501,36.9,0.000,0.850,0.814,0.5552,-0.1123,2.80,-0.60201,0.150,0.592,0.000,-1.0000,-0.7379,TRACKING,R+C
1786998177.518,36.9,0.000,0.848,0.814,0.5550,-0.1146,2.59,-0.59588,0.150,0.598,0.000,-1.0000,-0.7342,TRACKING,R+C
1786998177.533,36.9,0.000,0.844,0.819,0.5543,-0.1153,2.82,-0.57072,0.150,0.603,0.000,-1.0000,-0.7307,TRACKING,R+C
1786998177.549,36.9,0.000,0.841,0.816,0.5496,-0.1154,1.94,-0.63359,0.150,0.608,0.000,-1.0000,-0.7272,TRACKING,R+C
1786998177.570,36.9,0.000,0.838,0.819,0.5481,-0.1134,1.70,-0.64409,0.150,0.612,0.000,-1.0000,-0.7238,TRACKING,R+C
1786998177.587,36.9,0.000,0.838,0.819,0.5481,-0.0907,1.36,-0.51527,0.150,0.617,0.000,-1.0000,-0.7207,TRACKING,prediction
1786998177.602,36.9,0.000,0.844,0.821,0.5456,-0.1130,1.63,-0.63852,0.150,0.621,0.000,-1.0000,-0.7177,TRACKING,R+C
1786998177.616,36.9,0.000,0.848,0.820,0.5457,-0.1142,1.54,-0.63329,0.150,0.625,0.000,-1.0000,-0.7150,TRACKING,R+C
1786998177.632,36.9,0.000,0.848,0.820,0.5457,-0.0913,1.23,-0.50663,0.150,0.629,0.000,-1.0000,-0.7123,TRACKING,prediction
1786998177.646,36.9,0.000,0.855,0.818,0.5469,-0.1153,1.23,-0.64530,0.150,0.632,0.000,-1.0000,-0.7098,TRACKING,R+C
1786998177.664,36.9,0.000,0.853,0.819,0.5462,-0.1142,1.33,-0.61920,0.150,0.636,0.000,-1.0000,-0.7073,TRACKING,R+C
1786998177.680,36.9,0.000,0.853,0.819,0.5462,-0.0914,1.06,-0.49536,0.150,0.639,0.000,-1.0000,-0.7050,TRACKING,prediction
1786998177.702,36.9,0.000,0.853,0.816,0.5450,-0.1166,0.87,-0.62677,0.150,0.642,0.000,-1.0000,-0.7029,TRACKING,R+C
1786998177.717,36.9,0.000,0.854,0.814,0.5463,-0.1184,1.42,-0.58921,0.150,0.645,0.000,-1.0000,-0.7011,TRACKING,R+C
1786998177.737,36.9,0.000,0.854,0.814,0.5463,-0.0947,1.14,-0.47137,0.150,0.648,0.000,-1.0000,-0.6992,TRACKING,prediction
1786998177.763,36.9,0.000,0.854,0.814,0.5463,-0.0758,0.91,-0.37709,0.150,0.650,0.000,-1.0000,-0.6973,TRACKING,prediction
1786998177.785,36.9,0.000,0.858,0.815,0.5417,-0.1144,1.02,-0.60735,0.150,0.653,0.000,-1.0000,-0.6951,TRACKING,R+C
1786998177.801,36.9,0.000,0.853,0.821,0.5389,-0.1091,0.84,-0.60442,0.150,0.655,0.000,-1.0000,-0.6930,TRACKING,R+C
1786998177.817,36.9,0.000,0.853,0.821,0.5389,-0.0872,0.67,-0.48354,0.150,0.657,0.000,-1.0000,-0.6914,TRACKING,prediction
1786998177.845,36.9,0.000,0.844,0.828,0.5258,-0.0973,-0.66,-0.71519,0.150,0.659,0.000,-1.0000,-0.6888,TRACKING,R+C
1786998177.859,36.9,0.000,0.826,0.836,0.5202,-0.0897,-1.06,-0.77394,0.150,0.661,0.000,-1.0000,-0.6868,TRACKING,R+C
1786998177.880,36.9,0.000,0.822,0.841,0.5158,-0.0832,-1.48,-0.81196,0.150,0.663,0.000,-1.0000,-0.6849,TRACKING,R+C
1786998177.893,36.9,0.000,0.832,0.847,0.5104,-0.0756,-1.27,-0.78018,0.150,0.665,0.000,-1.0000,-0.6829,TRACKING,R+C
1786998177.905,36.9,0.000,0.820,0.844,0.5027,-0.0682,-1.62,-0.82121,0.150,0.667,0.000,-1.0000,-0.6811,TRACKING,R+C
1786998177.920,36.9,0.000,0.821,0.859,0.4954,-0.0604,-1.52,-0.81582,0.150,0.669,0.000,-0.9328,-0.6418,TRACKING,R+C
1786998177.934,36.9,0.000,0.815,0.856,0.4878,-0.0515,-1.00,-0.77997,0.150,0.670,0.000,-0.8522,-0.5892,TRACKING,R+C
1786998177.948,36.9,0.000,0.812,0.861,0.4837,-0.0441,-1.75,-0.83122,0.150,0.672,0.000,-0.7525,-0.5239,TRACKING,R+C
1786998177.962,36.9,0.000,0.811,0.861,0.4796,-0.0354,-1.69,-0.82566,0.150,0.673,0.000,-0.6429,-0.4512,TRACKING,R+C
1786998177.980,36.9,0.000,0.813,0.872,0.4771,-0.0276,-0.98,-0.77708,0.150,0.674,0.000,-0.5518,-0.3879,TRACKING,R+C
1786998177.994,36.9,0.000,0.815,0.880,0.4771,-0.0220,-0.80,-0.76223,0.150,0.676,0.000,-0.4726,-0.3329,TRACKING,R+C
1786998178.008,36.9,0.000,0.811,0.882,0.4779,-0.0192,-1.04,-0.79906,0.150,0.677,0.000,-0.4251,-0.2974,TRACKING,R+C
1786998178.023,36.9,0.000,0.810,0.883,0.4829,-0.0188,-0.60,-0.77168,0.150,0.678,0.000,-0.4315,-0.2955,TRACKING,R+C
1786998178.038,36.9,0.000,0.812,0.882,0.4890,-0.0197,-0.07,-0.74717,0.150,0.679,0.000,-0.4629,-0.3128,TRACKING,R+C
1786998178.068,36.9,0.000,0.808,0.869,0.4937,-0.0224,-0.27,-0.77816,0.150,0.680,0.000,-0.5003,-0.3364,TRACKING,R+C
1786998178.084,36.9,0.000,0.805,0.873,0.4981,-0.0249,-0.15,-0.78021,0.150,0.681,0.000,-0.5432,-0.3639,TRACKING,R+C
1786998178.387,29.4,0.805,0.807,0.870,0.4485,-0.0282,-0.18,-0.80124,0.150,0.682,0.000,-0.5918,-0.3953,TRACKING,L+C+R_fused
1786998178.401,29.4,0.000,0.797,0.868,0.5075,-0.0304,0.18,-0.80624,0.150,0.683,0.000,-0.6354,-0.4243,TRACKING,R+C
1786998178.416,29.4,0.000,0.792,0.859,0.5112,-0.0348,-0.03,-0.85571,0.150,0.684,0.000,-0.6944,-0.4616,TRACKING,R+C
1786998178.431,29.4,0.000,0.792,0.860,0.5128,-0.0384,0.37,-0.85471,0.150,0.685,0.000,-0.7506,-0.4985,TRACKING,R+C
1786998178.449,29.4,0.000,0.793,0.850,0.5176,-0.0421,0.62,-0.86552,0.150,0.685,0.000,-0.8037,-0.5334,TRACKING,R+C
1786998178.463,29.4,0.000,0.799,0.848,0.5212,-0.0456,1.35,-0.82777,0.150,0.686,0.000,-0.8575,-0.5684,TRACKING,R+C
1786998178.477,29.4,0.000,0.806,0.833,0.5238,-0.0502,1.69,-0.81249,0.150,0.687,0.000,-0.9119,-0.6036,TRACKING,R+C
1786998178.494,29.4,0.000,0.813,0.841,0.5280,-0.0563,1.67,-0.82107,0.150,0.688,0.000,-0.9698,-0.6407,TRACKING,R+C
1786998178.507,29.4,0.000,0.815,0.833,0.5354,-0.0600,2.96,-0.75041,0.150,0.688,0.000,-1.0000,-0.6629,TRACKING,R+C
1786998178.524,29.4,0.000,0.818,0.828,0.5396,-0.0652,3.65,-0.70704,0.150,0.689,0.000,-1.0000,-0.6663,TRACKING,R+C
1786998178.538,29.4,0.000,0.790,0.809,0.5459,-0.0731,1.38,-0.96065,0.150,0.689,0.000,-1.0000,-0.6670,TRACKING,R+C
1786998178.555,29.4,0.000,0.790,0.809,0.5459,-0.0585,1.11,-0.76852,0.150,0.690,0.000,-1.0000,-0.6667,TRACKING,prediction
1786998178.581,29.4,0.000,0.820,0.809,0.5644,-0.0819,3.70,-0.74248,0.150,0.690,0.000,-1.0000,-0.6672,TRACKING,R+C
1786998178.594,29.4,0.000,0.816,0.812,0.5670,-0.0864,2.94,-0.82923,0.150,0.691,0.000,-1.0000,-0.6672,TRACKING,R+C
1786998178.608,29.4,0.000,0.831,0.815,0.5690,-0.0894,2.91,-0.79555,0.150,0.691,0.000,-1.0000,-0.6670,TRACKING,R+C
1786998178.622,29.4,0.000,0.830,0.820,0.5695,-0.0890,3.69,-0.73849,0.150,0.692,0.000,-1.0000,-0.6668,TRACKING,R+C
1786998178.637,29.4,0.000,0.823,0.814,0.5685,-0.0916,3.49,-0.77905,0.150,0.692,0.000,-1.0000,-0.6668,TRACKING,R+C
1786998178.656,29.4,0.000,0.826,0.809,0.5687,-0.0959,3.18,-0.82035,0.150,0.693,0.000,-1.0000,-0.6669,TRACKING,R+C
1786998178.674,29.4,0.000,0.826,0.809,0.5687,-0.0767,2.55,-0.65628,0.150,0.693,0.000,-1.0000,-0.6666,TRACKING,prediction
1786998178.688,29.4,0.000,0.838,0.803,0.5707,-0.1028,3.15,-0.88472,0.150,0.693,0.000,-1.0000,-0.6671,TRACKING,R+C
1786998178.704,29.4,0.000,0.838,0.803,0.5707,-0.0822,2.52,-0.70778,0.150,0.694,0.000,-1.0000,-0.6669,TRACKING,prediction
1786998178.719,29.4,0.000,0.838,0.803,0.5707,-0.0658,2.02,-0.56622,0.150,0.694,0.000,-1.0000,-0.6666,TRACKING,prediction
1786998178.733,29.4,0.000,0.840,0.801,0.5746,-0.1025,3.34,-0.85762,0.150,0.694,0.000,-1.0000,-0.6664,TRACKING,R+C
1786998178.750,29.4,0.000,0.846,0.805,0.5759,-0.1003,4.00,-0.78184,0.150,0.695,0.000,-1.0000,-0.6660,TRACKING,R+C
1786998178.774,29.4,0.000,0.846,0.805,0.5759,-0.0803,3.20,-0.62547,0.150,0.695,0.000,-1.0000,-0.6658,TRACKING,prediction
1786998178.803,29.4,0.000,0.840,0.796,0.5797,-0.1065,2.84,-0.91462,0.150,0.695,0.000,-1.0000,-0.6661,TRACKING,R+C
1786998178.819,29.4,0.000,0.840,0.796,0.5797,-0.0852,2.27,-0.73170,0.150,0.695,0.000,-1.0000,-0.6659,TRACKING,prediction
1786998179.117,29.4,0.000,0.840,0.796,0.5797,-0.0681,1.82,-0.58536,0.150,0.696,0.000,-1.0000,-0.6658,TRACKING,prediction
1786998179.132,29.4,0.000,0.837,0.788,0.5814,-0.1090,2.22,-1.01184,0.150,0.696,0.000,-1.0000,-0.6659,TRACKING,R+C
1786998179.148,29.4,0.000,0.847,0.795,0.5821,-0.1049,2.45,-0.98456,0.150,0.696,0.000,-1.0000,-0.6654,TRACKING,R+C
1786998179.164,29.4,0.000,0.847,0.795,0.5821,-0.0840,1.96,-0.78765,0.150,0.696,0.000,-1.0000,-0.6653,TRACKING,prediction
1786998179.176,29.4,0.000,0.830,0.793,0.5794,-0.0955,2.56,-1.03091,0.150,0.696,0.000,-1.0000,-0.6646,TRACKING,R+C
1786998179.204,29.4,0.000,0.824,0.795,0.5781,-0.0920,2.31,-1.06387,0.150,0.697,0.000,-1.0000,-0.6642,TRACKING,R+C
1786998179.216,29.4,0.000,0.821,0.796,0.5746,-0.0868,2.08,-1.11341,0.150,0.697,0.000,-1.0000,-0.6637,TRACKING,R+C
1786998179.230,29.4,0.000,0.814,0.795,0.5726,-0.0821,2.01,-1.12409,0.150,0.697,0.000,-1.0000,-0.6632,TRACKING,R+C
1786998179.250,29.4,0.000,0.819,0.804,0.5689,-0.0800,1.41,-1.18759,0.150,0.697,0.000,-1.0000,-0.6629,TRACKING,R+C
1786998179.273,29.4,0.000,0.820,0.805,0.5697,-0.0777,2.04,-1.14704,0.150,0.697,0.000,-1.0000,-0.6627,TRACKING,R+C
1786998179.287,29.4,0.000,0.815,0.797,0.5759,-0.0780,3.06,-1.06965,0.150,0.697,0.000,-1.0000,-0.6627,TRACKING,R+C
1786998179.301,29.4,0.000,0.812,0.792,0.5802,-0.0822,2.95,-1.13983,0.150,0.697,0.000,-1.0000,-0.6632,TRACKING,R+C
1786998179.315,29.4,0.000,0.817,0.783,0.5870,-0.0867,3.98,-1.07366,0.150,0.698,0.000,-1.0000,-0.6636,TRACKING,R+C
1786998179.331,29.4,0.000,0.817,0.781,0.5939,-0.0913,4.55,-1.07074,0.150,0.698,0.000,-1.0000,-0.6641,TRACKING,R+C
1786998179.346,29.4,0.000,0.817,0.778,0.5999,-0.0951,4.81,-1.08132,0.150,0.698,0.000,-1.0000,-0.6645,TRACKING,R+C
1786998179.363,29.4,0.000,0.817,0.778,0.5999,-0.0760,3.85,-0.86506,0.150,0.698,0.000,-1.0000,-0.6644,TRACKING,prediction
1786998179.375,29.4,0.000,0.815,0.777,0.6053,-0.0980,5.36,-1.08995,0.150,0.698,0.000,-1.0000,-0.6648,TRACKING,R+C
1786998179.399,43.5,0.000,0.821,0.787,0.6088,-0.0978,5.47,-1.12557,0.150,0.698,0.000,-1.0000,-0.6648,TRACKING,R+C
1786998179.414,43.5,0.000,0.817,0.782,0.6084,-0.0987,5.05,-1.23494,0.150,0.698,0.000,-1.0000,-0.6650,TRACKING,R+C
1786998179.434,43.5,0.000,0.807,0.678,0.5970,-0.1009,4.56,-1.33979,0.150,0.698,0.000,-1.0000,-0.6653,TRACKING,R+C
1786998179.453,43.5,0.000,0.816,0.775,0.6120,-0.1012,5.68,-1.22681,0.150,0.698,0.000,-1.0000,-0.6653,TRACKING,R+C
1786998179.466,43.5,0.000,0.805,0.670,0.5929,-0.1022,3.69,-1.49102,0.150,0.698,0.000,-1.0000,-0.6655,TRACKING,R+C
1786998179.481,43.5,0.000,0.821,0.794,0.6103,-0.0964,6.62,-1.15856,0.150,0.699,0.000,-1.0000,-0.6650,TRACKING,R+C
1786998179.495,43.5,0.000,0.808,0.676,0.5985,-0.0954,5.83,-1.34700,0.150,0.699,0.000,-1.0000,-0.6651,TRACKING,R+C
1786998179.516,43.5,0.000,0.808,0.676,0.5985,-0.0763,4.66,-1.07760,0.150,0.699,0.000,-1.0000,-0.6651,TRACKING,prediction
1786998179.532,43.5,0.000,0.808,0.676,0.5985,-0.0611,3.73,-0.86208,0.150,0.699,0.000,-1.0000,-0.6650,TRACKING,prediction
1786998179.548,43.5,0.000,0.808,0.676,0.5985,-0.0488,2.98,-0.68966,0.150,0.699,0.000,-1.0000,-0.6650,TRACKING,prediction
1786998179.780,43.5,0.000,0.808,0.676,0.5985,-0.0391,2.39,-0.55173,0.150,0.699,0.000,-1.0000,-0.6650,TRACKING,prediction
1786998179.797,43.5,0.000,0.808,0.676,0.5985,-0.0313,1.91,-0.44139,0.150,0.699,0.000,-1.0000,-0.6649,TRACKING,prediction
1786998179.813,43.5,0.000,0.831,0.666,0.6561,-0.1159,7.90,-1.36485,0.150,0.699,0.000,-1.0000,-0.6673,TRACKING,R+C
1786998179.835,43.5,0.000,0.840,0.662,0.6640,-0.1206,8.76,-1.26167,0.150,0.699,0.000,-1.0000,-0.6677,TRACKING,R+C
1786998179.852,43.5,0.000,0.840,0.662,0.6640,-0.0965,7.01,-1.00934,0.150,0.699,0.000,-1.0000,-0.6676,TRACKING,prediction
1786998179.871,43.5,0.000,0.840,0.662,0.6640,-0.0772,5.61,-0.80747,0.150,0.699,0.000,-1.0000,-0.6676,TRACKING,prediction
1786998179.886,43.5,0.000,0.840,0.662,0.6640,-0.0618,4.49,-0.64598,0.150,0.699,0.000,-1.0000,-0.6676,TRACKING,prediction
1786998179.901,43.5,0.000,0.840,0.662,0.6640,-0.0494,3.59,-0.51678,0.150,0.699,0.000,-1.0000,-0.6675,TRACKING,prediction
1786998179.928,43.5,0.000,0.865,0.652,0.7096,-0.1457,13.05,-0.69629,0.150,0.699,0.000,-1.0000,-0.6693,TRACKING,R+C
1786998179.946,43.5,0.000,0.866,0.652,0.7130,-0.1461,13.95,-0.53044,0.150,0.699,0.000,-1.0000,-0.6692,TRACKING,R+C
1786998179.959,43.5,0.000,0.867,0.647,0.7199,-0.1479,12.91,-0.67786,0.150,0.699,0.000,-1.0000,-0.6694,TRACKING,R+C
1786998179.982,43.5,0.000,0.867,0.647,0.7199,-0.1183,10.33,-0.54228,0.150,0.699,0.000,-1.0000,-0.6693,TRACKING,prediction
1786998179.998,43.5,0.000,0.867,0.647,0.7199,-0.0946,8.26,-0.43383,0.150,0.699,0.000,-1.0000,-0.6693,TRACKING,prediction
1786998180.017,43.5,0.000,0.867,0.647,0.7199,-0.0757,6.61,-0.34706,0.150,0.699,0.000,-1.0000,-0.6693,TRACKING,prediction
1786998180.033,43.5,0.000,0.867,0.647,0.7199,-0.0606,5.29,-0.27765,0.150,0.699,0.000,-1.0000,-0.6693,TRACKING,prediction
1786998180.058,43.5,0.000,0.867,0.647,0.7199,-0.0484,4.23,-0.22212,0.150,0.699,0.000,-1.0000,-0.6693,TRACKING,prediction
1786998180.074,43.5,0.000,0.867,0.647,0.7199,-0.0388,3.38,-0.17770,0.150,0.700,0.000,-1.0000,-0.6692,TRACKING,prediction
1786998180.092,43.5,0.000,0.867,0.647,0.7199,-0.0310,2.71,-0.14216,0.150,0.700,0.000,-1.0000,-0.6692,TRACKING,prediction
1786998180.109,43.5,0.000,0.867,0.647,0.7199,-0.0248,2.17,-0.11373,0.150,0.700,0.000,-1.0000,-0.6692,TRACKING,prediction
1786998180.381,43.5,0.000,0.867,0.647,0.7199,-0.0198,1.73,-0.09098,0.150,0.690,0.000,-1.0000,-0.6692,TRACKING,prediction
1786998180.399,43.5,0.000,0.867,0.647,0.7199,-0.0159,1.39,-0.07278,0.150,0.673,0.000,-1.0000,-0.6746,TRACKING,prediction
1786998180.414,30.5,0.000,0.867,0.647,0.7199,-0.0127,1.11,-0.05823,0.150,0.652,0.000,-1.0000,-0.6847,TRACKING,prediction
1786998180.429,30.5,0.000,0.867,0.647,0.7199,-0.0102,0.89,-0.04658,0.150,0.628,0.000,-1.0000,-0.6982,TRACKING,prediction
1786998180.446,30.5,0.000,0.867,0.647,0.7199,-0.0081,0.71,-0.03727,0.150,0.587,0.000,-1.0000,-0.7135,UNCERTAIN,prediction
1786998180.465,30.5,0.000,0.867,0.647,0.7199,-0.0065,0.57,-0.02981,0.150,0.558,0.000,-1.0000,-0.7390,UNCERTAIN,prediction
1786998180.479,30.5,0.000,0.867,0.647,0.7199,-0.0052,0.45,-0.02385,0.150,0.537,0.000,-1.0000,-0.7588,UNCERTAIN,prediction
1786998180.509,30.5,0.000,0.867,0.647,0.7199,-0.0042,0.36,-0.01908,0.150,0.516,0.000,-1.0000,-0.7730,UNCERTAIN,prediction
1786998180.524,30.5,0.000,0.867,0.647,0.7199,-0.0033,0.29,-0.01526,0.150,0.494,0.000,-1.0000,-0.7868,UNCERTAIN,prediction
1786998180.538,30.5,0.913,0.651,0.000,0.6786,0.1704,-4.45,-1.95652,0.150,0.505,0.000,1.0000,-0.1438,TRACKING,L+C
1786998180.556,30.5,0.911,0.651,0.000,0.6705,0.1707,-4.17,-1.86179,0.150,0.514,0.000,1.0000,0.4273,TRACKING,L+C
1786998180.572,30.5,0.000,0.910,0.652,0.6609,-0.1676,4.07,0.11000,0.189,0.524,0.000,-1.0000,-0.2145,TRACKING,R+C
1786998180.587,30.5,0.894,0.652,0.000,0.6550,0.1731,-4.20,-1.71475,0.150,0.532,0.000,1.0000,0.4210,TRACKING,L+C
1786998180.603,30.5,0.000,0.875,0.651,0.6475,-0.1585,2.26,0.04692,0.195,0.541,0.000,-1.0000,-0.2033,TRACKING,R+C
1786998180.622,30.5,0.000,0.852,0.652,0.6415,-0.1544,0.38,-0.08748,0.191,0.549,0.000,-1.0000,-0.6832,TRACKING,R+C
1786998180.647,30.5,0.000,0.832,0.651,0.6363,-0.1502,-0.81,-0.14648,0.185,0.556,0.000,-1.0000,-0.7505,TRACKING,R+C
1786998180.663,30.5,0.000,0.814,0.650,0.6251,-0.1452,-1.81,-0.18908,0.181,0.564,0.000,-1.0000,-0.7560,TRACKING,R+C
1786998180.678,30.5,0.000,0.814,0.647,0.6139,-0.1407,-2.61,-0.21849,0.178,0.570,0.000,-1.0000,-0.7524,TRACKING,R+C
1786998180.696,30.5,0.000,0.775,0.645,0.6026,-0.1408,-6.20,-0.49644,0.150,0.577,0.000,-1.0000,-0.7478,TRACKING,R+C
1786998180.711,30.5,0.000,0.742,0.643,0.5948,-0.1375,-7.14,-0.59380,0.150,0.583,0.000,-1.0000,-0.7433,TRACKING,R+C
1786998180.727,30.5,0.000,0.749,0.641,0.5904,-0.1363,-7.24,-0.58412,0.150,0.589,0.000,-1.0000,-0.7390,TRACKING,R+C
1786998181.445,18.4,0.000,0.732,0.641,0.5887,-0.1386,-8.65,-0.70073,0.150,0.594,0.000,-1.0000,-0.7352,TRACKING,R+C
1786998181.461,18.4,0.000,0.724,0.640,0.5896,-0.1412,-9.76,-0.78750,0.150,0.600,0.000,-1.0000,-0.7316,TRACKING,R+C
1786998181.475,18.4,0.000,0.720,0.638,0.5861,-0.1417,-10.98,-0.87890,0.150,0.605,0.000,-1.0000,-0.7280,TRACKING,R+C
1786998181.491,18.4,0.000,0.702,0.637,0.5797,-0.1415,-13.75,-1.05576,0.150,0.609,0.000,-1.0000,-0.7244,TRACKING,R+C
1786998181.507,18.4,0.000,0.707,0.634,0.5714,-0.1301,-12.32,-0.99502,0.150,0.614,0.000,-1.0000,-0.7206,TRACKING,R+C
1786998181.524,18.4,0.000,0.704,0.626,0.5607,-0.1216,-12.90,-1.03428,0.150,0.618,0.000,-1.0000,-0.7168,TRACKING,R+C
1786998181.538,18.4,0.000,0.688,0.626,0.5502,-0.1144,-15.14,-1.19333,0.150,0.622,0.000,-1.0000,-0.7133,TRACKING,R+C
1786998181.570,18.4,0.939,0.687,0.625,0.4472,-0.1048,-15.63,-1.23143,0.150,0.626,0.000,-1.0000,-0.7098,TRACKING,L+C+R_fused
1786998181.588,18.4,0.932,0.688,0.626,0.5294,-0.0979,-17.22,-1.34870,0.150,0.630,0.000,-0.9725,-0.6905,TRACKING,L+C+R_fused
1786998181.614,18.4,0.933,0.697,0.622,0.5246,-0.0927,-18.25,-1.40618,0.150,0.633,0.000,-0.9054,-0.6462,TRACKING,L+C+R_fused
1786998181.632,18.4,0.940,0.696,0.623,0.5317,-0.0842,-17.02,-1.41398,0.150,0.637,0.000,-0.8501,-0.6054,TRACKING,L+C+R_fused
1786998181.647,18.4,0.929,0.702,0.624,0.5410,-0.0794,-17.29,-1.49245,0.150,0.640,0.000,-0.8006,-0.5689,TRACKING,L+C+R_fused
1786998181.677,18.4,0.935,0.712,0.631,0.5207,-0.0724,-16.98,-1.52746,0.150,0.643,0.000,-0.7303,-0.5209,TRACKING,L+C+R_fused
1786998181.693,18.4,0.926,0.709,0.630,0.5217,-0.0626,-16.75,-1.56509,0.150,0.646,0.000,-0.6153,-0.4454,TRACKING,L+C+R_fused
1786998181.724,18.4,0.899,0.715,0.635,0.5345,-0.0516,-16.77,-1.61799,0.150,0.649,0.000,-0.4629,-0.3441,TRACKING,L+C+R_fused
1786998181.746,18.4,0.899,0.718,0.638,0.5263,-0.0401,-16.05,-1.64560,0.150,0.651,0.000,-0.3111,-0.2396,TRACKING,L+C+R_fused
1786998181.763,18.4,0.928,0.725,0.651,0.5130,-0.0291,-14.56,-1.63353,0.150,0.654,0.000,-0.1828,-0.1486,TRACKING,L+C+R_fused
1786998181.781,18.4,0.925,0.731,0.663,0.5106,-0.0220,-13.63,-1.65958,0.150,0.656,0.000,-0.1035,-0.0887,TRACKING,L+C+R_fused
1786998181.797,18.4,0.927,0.734,0.660,0.5141,-0.0169,-12.17,-1.64504,0.150,0.658,0.000,-0.0736,-0.0624,TRACKING,L+C+R_fused
1786998181.816,18.4,0.930,0.732,0.668,0.5129,-0.0128,-11.14,-1.65732,0.150,0.660,0.000,-0.0465,-0.0429,TRACKING,L+C+R_fused
1786998181.832,18.4,0.938,0.732,0.676,0.5135,-0.0075,-10.18,-1.66816,0.150,0.662,0.000,0.0047,-0.0103,TRACKING,L+C+R_fused
1786998181.849,18.4,0.923,0.736,0.701,0.5204,-0.0004,-8.64,-1.64829,0.150,0.664,0.000,0.0670,0.0308,TRACKING,L+C+R_fused
1786998181.863,18.4,0.923,0.737,0.696,0.5299,0.0050,-7.24,-1.63873,0.150,0.666,0.000,0.1052,0.0588,TRACKING,L+C+R_fused
1786998182.320,18.4,0.942,0.735,0.702,0.5038,0.0070,-6.01,-1.62701,0.150,0.668,0.000,0.0889,0.0531,TRACKING,L+C+R_fused
1786998182.337,18.4,0.639,0.732,0.718,0.4906,0.0067,-5.04,-1.64481,0.150,0.669,0.000,0.0388,0.0224,TRACKING,L+C+R_fused
1786998182.350,18.4,0.000,0.730,0.701,0.6045,0.0060,-4.11,-1.66820,0.150,0.671,0.000,-0.0194,-0.0164,TRACKING,R+C
1786998182.365,18.4,0.000,0.730,0.860,0.5037,0.0037,-3.52,-1.68309,0.150,0.672,0.000,-0.0892,-0.0625,TRACKING,R+C
1786998182.380,18.4,0.000,0.735,0.669,0.4960,0.0036,-1.46,-1.60058,0.150,0.674,0.000,-0.1649,-0.1128,TRACKING,R+C
1786998182.395,18.4,0.000,0.735,0.816,0.5160,0.0019,-0.57,-1.60005,0.150,0.675,0.000,-0.2324,-0.1590,TRACKING,R+C
1786998182.409,18.4,0.000,0.739,0.866,0.5236,0.0003,0.76,-1.55025,0.150,0.676,0.000,-0.3073,-0.2085,TRACKING,R+C
1786998182.430,18.4,0.000,0.736,0.828,0.5314,-0.0029,1.24,-1.57397,0.150,0.677,0.000,-0.3850,-0.2600,TRACKING,R+C
1786998182.445,31.0,0.000,0.736,0.828,0.5314,-0.0023,1.00,-1.25917,0.150,0.678,0.000,-0.3850,-0.2672,TRACKING,prediction
1786998182.460,31.0,0.000,0.736,0.828,0.5314,-0.0019,0.80,-1.00734,0.150,0.680,0.000,-0.3850,-0.2680,TRACKING,prediction
1786998182.474,31.0,0.000,0.736,0.828,0.5314,-0.0015,0.64,-0.80587,0.150,0.681,0.000,-0.3850,-0.2679,TRACKING,prediction
1786998182.492,31.0,0.000,0.736,0.828,0.5314,-0.0012,0.51,-0.64470,0.150,0.682,0.000,-0.3850,-0.2677,TRACKING,prediction
1786998182.508,31.0,0.000,0.736,0.828,0.5314,-0.0010,0.41,-0.51576,0.150,0.682,0.000,-0.3850,-0.2674,TRACKING,prediction
1786998182.524,31.0,0.000,0.766,0.821,0.5608,-0.0028,7.37,-1.24245,0.150,0.683,0.000,-0.5716,-0.3726,TRACKING,R+C
1786998182.549,31.0,0.000,0.751,0.811,0.5590,-0.0010,6.41,-1.37240,0.150,0.684,0.000,-0.5289,-0.3640,TRACKING,R+C
1786998182.569,31.0,0.000,0.750,0.815,0.5581,-0.0005,6.26,-1.40795,0.150,0.685,0.000,-0.5212,-0.3583,TRACKING,R+C
1786998182.585,31.0,0.000,0.744,0.799,0.5634,-0.0014,8.17,-1.24688,0.150,0.686,0.000,-0.5828,-0.3915,TRACKING,R+C
1786998182.598,31.0,0.000,0.750,0.799,0.5696,-0.0050,8.41,-1.25383,0.150,0.686,0.000,-0.6426,-0.4297,TRACKING,R+C
1786998182.619,31.0,0.000,0.749,0.801,0.5734,-0.0073,8.96,-1.20837,0.150,0.687,0.000,-0.6862,-0.4594,TRACKING,R+C
1786998182.633,31.0,0.000,0.749,0.801,0.5734,-0.0058,7.17,-0.96669,0.150,0.688,0.000,-0.6862,-0.4635,TRACKING,prediction
1786998182.649,31.0,0.000,0.758,0.789,0.5728,-0.0065,9.77,-1.14024,0.150,0.688,0.000,-0.6949,-0.4686,TRACKING,R+C
1786998182.662,31.0,0.000,0.757,0.789,0.5745,-0.0080,9.54,-1.15714,0.150,0.689,0.000,-0.7076,-0.4762,TRACKING,R+C
1786998182.675,31.0,0.000,0.747,0.795,0.5798,-0.0107,9.71,-1.16149,0.150,0.689,0.000,-0.7478,-0.4996,TRACKING,R+C
1786998182.693,31.0,0.000,0.747,0.795,0.5798,-0.0086,7.77,-0.92919,0.150,0.690,0.000,-0.7478,-0.5027,TRACKING,prediction
1786998182.708,31.0,0.000,0.755,0.780,0.5991,-0.0231,11.45,-0.98259,0.150,0.691,0.000,-0.9146,-0.5953,TRACKING,R+C
1786998182.721,31.0,0.000,0.755,0.780,0.5991,-0.0185,9.16,-0.78608,0.150,0.691,0.000,-0.9146,-0.6086,TRACKING,prediction
1786998182.737,31.0,0.000,0.769,0.791,0.6122,-0.0338,11.53,-0.97566,0.150,0.691,0.000,-1.0000,-0.6576,TRACKING,R+C
1786998182.754,31.0,0.000,0.769,0.791,0.6122,-0.0271,9.23,-0.78053,0.150,0.692,0.000,-1.0000,-0.6646,TRACKING,prediction
1786998183.070,31.0,0.000,0.774,0.786,0.6077,-0.0349,11.40,-0.97850,0.150,0.692,0.000,-1.0000,-0.6654,TRACKING,R+C
1786998183.086,31.0,0.000,0.774,0.786,0.6077,-0.0279,9.12,-0.78280,0.150,0.693,0.000,-1.0000,-0.6653,TRACKING,prediction
1786998183.102,31.0,0.000,0.774,0.786,0.6077,-0.0223,7.30,-0.62624,0.150,0.693,0.000,-1.0000,-0.6651,TRACKING,prediction
1786998183.117,31.0,0.000,0.774,0.786,0.6077,-0.0178,5.84,-0.50099,0.150,0.693,0.000,-1.0000,-0.6648,TRACKING,prediction
1786998183.143,31.0,0.000,0.774,0.786,0.6077,-0.0143,4.67,-0.40079,0.150,0.694,0.000,-1.0000,-0.6646,TRACKING,prediction
1786998183.161,31.0,0.000,0.774,0.786,0.6077,-0.0114,3.74,-0.32064,0.150,0.694,0.000,-1.0000,-0.6644,TRACKING,prediction
1786998183.180,31.0,0.000,0.774,0.786,0.6077,-0.0091,2.99,-0.25651,0.150,0.694,0.000,-1.0000,-0.6641,TRACKING,prediction
1786998183.197,31.0,0.000,0.774,0.786,0.6077,-0.0073,2.39,-0.20521,0.150,0.695,0.000,-1.0000,-0.6639,TRACKING,prediction
1786998183.220,31.0,0.000,0.774,0.786,0.6077,-0.0058,1.91,-0.16417,0.150,0.695,0.000,-1.0000,-0.6638,TRACKING,prediction
1786998183.238,31.0,0.000,0.774,0.786,0.6077,-0.0047,1.53,-0.13133,0.150,0.693,0.000,-1.0000,-0.6636,TRACKING,prediction
1786998183.261,31.0,0.000,0.774,0.786,0.6077,-0.0037,1.22,-0.10507,0.150,0.681,0.000,-1.0000,-0.6647,TRACKING,prediction
1786998183.276,31.0,0.000,0.774,0.786,0.6077,-0.0030,0.98,-0.08405,0.150,0.663,0.000,-1.0000,-0.6715,TRACKING,prediction
1786998183.297,31.0,0.000,0.774,0.786,0.6077,-0.0024,0.78,-0.06724,0.150,0.641,0.000,-1.0000,-0.6827,TRACKING,prediction
1786998183.318,31.0,0.000,0.774,0.786,0.6077,-0.0019,0.63,-0.05379,0.150,0.617,0.000,-1.0000,-0.6968,TRACKING,prediction
1786998183.334,31.0,0.000,0.774,0.786,0.6077,-0.0015,0.50,-0.04303,0.150,0.579,0.000,-1.0000,-0.7125,UNCERTAIN,prediction
1786998183.364,31.0,0.000,0.774,0.786,0.6077,-0.0012,0.40,-0.03443,0.150,0.552,0.000,-1.0000,-0.7364,UNCERTAIN,prediction
1786998183.380,31.0,0.000,0.774,0.786,0.6077,-0.0010,0.32,-0.02754,0.150,0.531,0.000,-1.0000,-0.7550,UNCERTAIN,prediction
1786998183.395,31.0,0.000,0.774,0.786,0.6077,-0.0008,0.26,-0.02203,0.150,0.509,0.000,-1.0000,-0.7698,UNCERTAIN,prediction
1786998183.410,31.0,0.000,0.774,0.786,0.6077,-0.0006,0.21,-0.01763,0.150,0.486,0.000,-1.0000,-0.7844,UNCERTAIN,prediction
1786998183.435,31.0,0.000,0.774,0.786,0.6077,-0.0005,0.16,-0.01410,0.150,0.464,0.000,-1.0000,-0.7991,UNCERTAIN,prediction
1786998183.455,39.6,0.000,0.774,0.786,0.6077,-0.0004,0.13,-0.01128,0.150,0.442,0.000,-1.0000,-0.8137,UNCERTAIN,prediction
1786998183.487,39.6,0.000,0.774,0.786,0.6077,-0.0003,0.11,-0.00903,0.150,0.421,0.000,-1.0000,-0.8280,UNCERTAIN,prediction
1786998183.504,39.6,0.000,0.774,0.786,0.6077,-0.0003,0.08,-0.00722,0.150,0.401,0.000,-1.0000,-0.8418,UNCERTAIN,prediction
1786998183.520,39.6,0.000,0.774,0.786,0.6077,-0.0002,0.07,-0.00578,0.150,0.381,0.000,-1.0000,-0.8552,UNCERTAIN,prediction
1786998183.550,39.6,0.000,0.774,0.786,0.6077,-0.0002,0.05,-0.00462,0.150,0.363,0.000,-1.0000,-0.8680,UNCERTAIN,prediction
1786998183.565,39.6,0.000,0.774,0.786,0.6077,-0.0001,0.04,-0.00370,0.150,0.345,0.000,-1.0000,-0.8802,UNCERTAIN,prediction
1786998183.582,39.6,0.000,0.774,0.786,0.6077,-0.0001,0.03,-0.00296,0.150,0.328,0.000,-1.0000,-0.8919,UNCERTAIN,prediction
1786998183.607,39.6,0.000,0.774,0.786,0.6077,-0.0001,0.03,-0.00237,0.150,0.311,0.000,-1.0000,-0.9031,UNCERTAIN,prediction
1786998183.620,39.6,0.000,0.834,0.766,0.5748,-0.0674,9.19,-0.55716,0.150,0.331,0.000,-1.0000,-0.9139,TRACKING,R+C
1786998183.634,39.6,0.000,0.834,0.768,0.5733,-0.0700,8.96,-0.55140,0.150,0.349,0.000,-1.0000,-0.9048,TRACKING,R+C
1786998183.649,39.6,0.000,0.836,0.770,0.5770,-0.0743,9.18,-0.50637,0.150,0.367,0.000,-1.0000,-0.8934,TRACKING,R+C
1786998183.663,39.6,0.000,0.842,0.766,0.5746,-0.0787,9.22,-0.48592,0.151,0.383,0.000,-1.0000,-0.8822,TRACKING,R+C
1786998183.680,39.6,0.000,0.842,0.766,0.5746,-0.0630,7.38,-0.38873,0.151,0.399,0.000,-1.0000,-0.8713,TRACKING,prediction
1786998183.694,39.6,0.000,0.848,0.765,0.5728,-0.0843,8.01,-0.57579,0.150,0.414,0.000,-1.0000,-0.8612,TRACKING,R+C
1786998183.712,39.6,0.000,0.848,0.765,0.5728,-0.0674,6.41,-0.46063,0.150,0.429,0.000,-1.0000,-0.8513,TRACKING,prediction
1786998183.736,39.6,0.000,0.838,0.761,0.5703,-0.0784,8.05,-0.50615,0.150,0.442,0.000,-1.0000,-0.8415,TRACKING,R+C
1786998183.760,39.6,0.000,0.838,0.761,0.5703,-0.0627,6.44,-0.40492,0.150,0.455,0.000,-1.0000,-0.8326,TRACKING,prediction
1786998183.775,39.6,0.000,0.838,0.761,0.5703,-0.0501,5.15,-0.32393,0.150,0.467,0.000,-1.0000,-0.8241,TRACKING,prediction
1786998183.790,39.6,0.000,0.838,0.761,0.5703,-0.0401,4.12,-0.25915,0.150,0.479,0.000,-1.0000,-0.8160,TRACKING,prediction
1786998183.804,39.6,0.000,0.838,0.761,0.5703,-0.0321,3.30,-0.20732,0.150,0.490,0.000,-1.0000,-0.8083,TRACKING,prediction
1786998183.822,39.6,0.000,0.838,0.761,0.5703,-0.0257,2.64,-0.16585,0.150,0.501,0.000,-1.0000,-0.8010,TRACKING,prediction
1786998183.840,39.6,0.000,0.838,0.761,0.5703,-0.0205,2.11,-0.13268,0.150,0.510,0.000,-1.0000,-0.7941,TRACKING,prediction
1786998183.855,39.6,0.000,0.838,0.761,0.5703,-0.0164,1.69,-0.10615,0.150,0.520,0.000,-1.0000,-0.7875,TRACKING,prediction
1786998183.890,39.6,0.000,0.838,0.761,0.5703,-0.0131,1.35,-0.08492,0.150,0.529,0.000,-1.0000,-0.7812,TRACKING,prediction
1786998183.905,39.6,0.000,0.838,0.761,0.5703,-0.0105,1.08,-0.06793,0.150,0.538,0.000,-1.0000,-0.7752,TRACKING,prediction
1786998183.919,39.6,0.000,0.828,0.782,0.5338,-0.0374,5.09,-0.58475,0.150,0.546,0.000,-0.8445,-0.6680,TRACKING,R+C
1786998183.935,39.6,0.000,0.828,0.782,0.5338,-0.0299,4.07,-0.46780,0.150,0.553,0.000,-0.8445,-0.6486,TRACKING,prediction
1786998183.948,39.6,0.000,0.832,0.777,0.5395,-0.0398,4.93,-0.58693,0.150,0.561,0.000,-0.8657,-0.6553,TRACKING,R+C
1786998183.962,39.6,0.000,0.829,0.779,0.5350,-0.0380,4.85,-0.59853,0.150,0.568,0.000,-0.8461,-0.6404,TRACKING,R+C
1786998183.976,39.6,0.000,0.817,0.780,0.5325,-0.0333,4.53,-0.63441,0.150,0.574,0.000,-0.7888,-0.5991,TRACKING,R+C
1786998183.997,39.6,0.774,0.820,0.790,0.4504,-0.0288,4.83,-0.59780,0.150,0.581,0.000,-0.7390,-0.5590,TRACKING,L+C+R_fused
1786998184.010,39.6,0.000,0.819,0.783,0.5240,-0.0259,4.47,-0.63032,0.150,0.587,0.000,-0.6953,-0.5234,TRACKING,R+C
1786998184.026,39.6,0.720,0.820,0.784,0.4650,-0.0257,4.65,-0.61427,0.150,0.592,0.000,-0.6968,-0.5166,TRACKING,L+C+R_fused
1786998184.053,39.6,0.000,0.823,0.787,0.5313,-0.0270,4.78,-0.60529,0.150,0.598,0.000,-0.7161,-0.5252,TRACKING,R+C
1786998184.076,39.6,0.000,0.823,0.787,0.5313,-0.0216,3.82,-0.48423,0.150,0.603,0.000,-0.7161,-0.5242,TRACKING,prediction
1786998184.099,39.6,0.641,0.821,0.790,0.4531,-0.0240,5.00,-0.58813,0.150,0.608,0.000,-0.6828,-0.5017,TRACKING,L+C+R_fused
1786998184.117,39.6,0.000,0.812,0.794,0.5258,-0.0174,5.15,-0.57494,0.150,0.612,0.000,-0.5978,-0.4450,TRACKING,R+C
1786998184.136,39.6,0.644,0.812,0.785,0.4779,-0.0114,3.98,-0.66690,0.150,0.617,0.000,-0.4794,-0.3635,TRACKING,L+C+R_fused
1786998184.152,39.6,0.830,0.813,0.793,0.5455,-0.0045,4.42,-0.63684,0.150,0.621,0.000,-0.3843,-0.2928,TRACKING,L+C+R_fused
1786998184.169,39.6,0.370,0.817,0.801,0.5004,-0.0004,4.50,-0.64143,0.150,0.625,0.000,-0.3202,-0.2429,TRACKING,L+C+R_fused
1786998184.189,39.6,0.668,0.820,0.799,0.4818,0.0004,4.48,-0.65244,0.150,0.628,0.000,-0.3088,-0.2279,TRACKING,L+C+R_fused
1786998184.204,39.6,0.370,0.817,0.802,0.4999,0.0001,4.15,-0.71277,0.150,0.632,0.000,-0.3105,-0.2262,TRACKING,L+C+R_fused
1786998184.221,39.6,0.734,0.819,0.801,0.5047,0.0004,4.51,-0.70226,0.150,0.635,0.000,-0.3178,-0.2297,TRACKING,L+C+R_fused
1786998184.238,39.6,0.734,0.819,0.801,0.5047,0.0004,3.61,-0.56181,0.150,0.639,0.000,-0.3178,-0.2295,TRACKING,prediction
1786998184.248,39.6,0.734,0.819,0.801,0.5047,0.0003,2.89,-0.44945,0.150,0.642,0.000,-0.3178,-0.2289,TRACKING,prediction
1786998184.273,39.6,0.594,0.817,0.804,0.4930,0.0079,4.28,-0.76472,0.150,0.645,0.000,-0.1910,-0.1535,TRACKING,L+C+R_fused
1786998184.302,39.6,0.594,0.817,0.804,0.4930,0.0064,3.42,-0.61178,0.150,0.647,0.000,-0.1910,-0.1420,TRACKING,prediction
1786998184.317,39.6,0.594,0.817,0.804,0.4930,0.0051,2.74,-0.48942,0.150,0.650,0.000,-0.1910,-0.1400,TRACKING,prediction
1786998184.336,39.6,0.945,0.814,0.811,0.4957,0.0025,4.84,-0.79999,0.150,0.653,0.000,-0.3154,-0.2128,TRACKING,L+C+R_fused
1786998184.352,39.6,0.945,0.814,0.811,0.4957,0.0020,3.87,-0.63999,0.150,0.655,0.000,-0.3154,-0.2229,TRACKING,prediction
1786998184.368,39.6,0.840,0.825,0.812,0.4940,0.0010,5.76,-0.74907,0.150,0.657,0.000,-0.3690,-0.2553,TRACKING,L+C+R_fused
1786998184.384,39.6,0.689,0.824,0.813,0.4924,0.0018,5.72,-0.75264,0.150,0.659,0.000,-0.3555,-0.2517,TRACKING,L+C+R_fused
1786998184.399,39.6,0.000,0.822,0.818,0.4977,0.0010,4.45,-0.87518,0.150,0.661,0.000,-0.3363,-0.2398,TRACKING,R+C
1786998184.419,39.6,0.951,0.815,0.818,0.4632,-0.0003,4.96,-0.84919,0.150,0.663,0.000,-0.3749,-0.2600,TRACKING,L+C+R_fused
1786998184.438,39.6,0.375,0.810,0.809,0.4294,-0.0041,5.22,-0.83114,0.150,0.665,0.000,-0.4417,-0.3010,TRACKING,L+C+R_fused
1786998184.460,54.8,0.000,0.816,0.813,0.5128,-0.0074,5.53,-0.82666,0.150,0.667,0.000,-0.5040,-0.3425,TRACKING,R+C
1786998184.474,54.8,0.000,0.819,0.812,0.5154,-0.0100,5.89,-0.80299,0.150,0.669,0.000,-0.5535,-0.3764,TRACKING,R+C
1786998184.491,54.8,0.000,0.820,0.813,0.5165,-0.0102,6.20,-0.78043,0.150,0.670,0.000,-0.5637,-0.3867,TRACKING,R+C
1786998184.508,54.8,0.000,0.820,0.813,0.5165,-0.0081,4.96,-0.62435,0.150,0.672,0.000,-0.5637,-0.3877,TRACKING,prediction
1786998184.527,54.8,0.000,0.809,0.824,0.5126,-0.0024,5.38,-0.83155,0.150,0.673,0.000,-0.4219,-0.3065,TRACKING,R+C
1786998184.543,54.8,0.000,0.797,0.822,0.5058,0.0054,5.93,-0.80222,0.150,0.674,0.000,-0.3132,-0.2320,TRACKING,R+C
1786998184.558,54.8,0.660,0.800,0.832,0.4786,0.0116,5.83,-0.80971,0.150,0.676,0.000,-0.2048,-0.1587,TRACKING,L+C+R_fused
1786998184.570,54.8,0.877,0.803,0.834,0.5018,0.0166,5.91,-0.81045,0.150,0.677,0.000,-0.1218,-0.1002,TRACKING,L+C+R_fused
1786998184.586,54.8,0.874,0.808,0.835,0.4898,0.0188,6.05,-0.79687,0.150,0.678,0.000,-0.0855,-0.0707,TRACKING,L+C+R_fused
1786998184.596,54.8,0.654,0.805,0.841,0.4881,0.0193,6.48,-0.76615,0.150,0.679,0.000,-0.0914,-0.0696,TRACKING,L+C+R_fused
1786998184.621,54.8,0.000,0.804,0.834,0.5011,0.0207,6.72,-0.75828,0.150,0.680,0.000,-0.0753,-0.0602,TRACKING,R+C
1786998184.649,54.8,0.375,0.798,0.850,0.5122,0.0223,5.33,-0.90470,0.150,0.681,0.000,-0.0117,-0.0228,TRACKING,L+C+R_fused
1786998184.665,54.8,0.816,0.787,0.852,0.4856,0.0279,5.44,-0.90816,0.150,0.682,0.000,0.0828,0.0372,TRACKING,L+C+R_fused
1786998184.680,54.8,0.931,0.789,0.859,0.5036,0.0359,5.98,-0.86391,0.150,0.683,0.000,0.2059,0.1170,TRACKING,L+C+R_fused
1786998184.696,54.8,0.918,0.789,0.863,0.5119,0.0415,5.82,-0.90140,0.150,0.684,0.000,0.3028,0.1842,TRACKING,L+C+R_fused
1786998184.713,54.8,0.920,0.797,0.865,0.5128,0.0462,6.36,-0.87157,0.150,0.685,0.000,0.3624,0.2283,TRACKING,L+C+R_fused
1786998184.731,54.8,0.929,0.793,0.865,0.5085,0.0471,6.35,-0.90257,0.150,0.685,0.000,0.3713,0.2396,TRACKING,L+C+R_fused
1786998184.753,54.8,0.945,0.776,0.840,0.4967,0.0443,5.32,-1.06008,0.150,0.686,0.000,0.3416,0.2234,TRACKING,L+C+R_fused
1786998184.768,54.8,0.376,0.779,0.852,0.4784,0.0397,4.64,-1.14857,0.150,0.687,0.000,0.2800,0.1853,TRACKING,L+C+R_fused
1786998184.783,54.8,0.000,0.770,0.849,0.4900,0.0382,5.70,-1.11379,0.150,0.687,0.000,0.2128,0.1408,TRACKING,R+C
1786998184.795,54.8,0.000,0.774,0.847,0.4942,0.0358,6.74,-1.05097,0.150,0.688,0.000,0.1359,0.0902,TRACKING,R+C
1786998184.809,54.8,0.000,0.773,0.850,0.4940,0.0325,6.91,-1.07924,0.150,0.689,0.000,0.0648,0.0416,TRACKING,R+C
1786998184.822,54.8,0.000,0.767,0.845,0.5001,0.0278,6.51,-1.16494,0.150,0.689,0.000,-0.0178,-0.0131,TRACKING,R+C
1786998184.851,54.8,0.000,0.763,0.822,0.5067,0.0232,6.68,-1.18253,0.150,0.690,0.000,-0.1090,-0.0727,TRACKING,R+C
1786998184.877,54.8,0.000,0.765,0.820,0.5176,0.0184,6.66,-1.22593,0.150,0.690,0.000,-0.2005,-0.1332,TRACKING,R+C
1786998184.891,54.8,0.000,0.767,0.812,0.5276,0.0121,5.34,-1.38689,0.150,0.691,0.000,-0.2781,-0.1860,TRACKING,R+C
1786998184.906,54.8,0.000,0.753,0.791,0.5328,0.0118,6.95,-1.26939,0.150,0.691,0.000,-0.3329,-0.2243,TRACKING,R+C
1786998184.924,54.8,0.000,0.753,0.791,0.5328,0.0095,5.56,-1.01551,0.150,0.692,0.000,-0.3329,-0.2299,TRACKING,prediction
1786998184.950,54.8,0.000,0.753,0.791,0.5328,0.0076,4.45,-0.81241,0.150,0.692,0.000,-0.3329,-0.2306,TRACKING,prediction
1786998184.970,54.8,0.000,0.753,0.791,0.5328,0.0061,3.56,-0.64993,0.150,0.693,0.000,-0.3329,-0.2307,TRACKING,prediction
1786998184.998,54.8,0.000,0.753,0.791,0.5328,0.0048,2.85,-0.51994,0.150,0.693,0.000,-0.3329,-0.2306,TRACKING,prediction
1786998185.016,54.8,0.000,0.753,0.791,0.5328,0.0039,2.28,-0.41595,0.150,0.693,0.000,-0.3329,-0.2305,TRACKING,prediction
1786998185.032,54.8,0.000,0.753,0.791,0.5328,0.0031,1.82,-0.33276,0.150,0.694,0.000,-0.3329,-0.2304,TRACKING,prediction
1786998185.048,54.8,0.000,0.753,0.791,0.5328,0.0025,1.46,-0.26621,0.150,0.694,0.000,-0.3329,-0.2303,TRACKING,prediction
1786998185.072,54.8,0.000,0.736,0.784,0.5613,0.0071,7.87,-1.43931,0.150,0.694,0.000,-0.4767,-0.3115,TRACKING,R+C
1786998185.089,54.8,0.000,0.726,0.785,0.5701,0.0013,6.85,-1.62476,0.150,0.694,0.000,-0.5517,-0.3654,TRACKING,R+C
1786998185.117,54.8,0.000,0.725,0.777,0.5800,-0.0028,6.72,-1.71836,0.150,0.695,0.000,-0.6182,-0.4103,TRACKING,R+C
1786998185.135,54.8,0.000,0.725,0.777,0.5800,-0.0022,5.37,-1.37469,0.150,0.695,0.000,-0.6182,-0.4168,TRACKING,prediction
1786998185.149,54.8,0.000,0.739,0.773,0.5810,0.0012,8.61,-1.55111,0.150,0.695,0.000,-0.6095,-0.4127,TRACKING,R+C
1786998185.162,54.8,0.000,0.735,0.775,0.5780,0.0050,8.61,-1.59750,0.150,0.696,0.000,-0.5615,-0.3857,TRACKING,R+C
1786998185.176,54.8,0.000,0.729,0.775,0.5724,0.0076,8.11,-1.69805,0.150,0.696,0.000,-0.5197,-0.3588,TRACKING,R+C
1786998185.197,54.8,0.000,0.725,0.781,0.5703,0.0093,8.20,-1.72266,0.150,0.696,0.000,-0.5030,-0.3456,TRACKING,R+C
1786998185.212,54.8,0.000,0.726,0.780,0.5743,0.0083,8.86,-1.70741,0.150,0.696,0.000,-0.5407,-0.3645,TRACKING,R+C
1786998185.225,54.8,0.000,0.733,0.781,0.5779,0.0065,9.98,-1.60707,0.150,0.696,0.000,-0.5962,-0.3978,TRACKING,R+C
1786998185.239,54.8,0.000,0.729,0.784,0.5833,0.0039,9.07,-1.81502,0.150,0.697,0.000,-0.6283,-0.4209,TRACKING,R+C
1786998185.253,54.8,0.000,0.725,0.779,0.5876,0.0051,9.47,-1.83553,0.150,0.697,0.000,-0.6291,-0.4248,TRACKING,R+C
1786998185.268,54.8,0.000,0.724,0.783,0.5885,0.0079,10.43,-1.75790,0.150,0.697,0.000,-0.6164,-0.4183,TRACKING,R+C
1786998185.282,54.8,0.000,0.724,0.783,0.5899,0.0090,11.27,-1.67834,0.150,0.697,0.000,-0.6212,-0.4198,TRACKING,R+C
1786998185.296,54.8,0.000,0.725,0.789,0.5990,0.0082,11.70,-1.65947,0.150,0.697,0.000,-0.6456,-0.4335,TRACKING,R+C
1786998185.320,54.8,0.000,0.724,0.782,0.6095,0.0019,10.97,-1.75084,0.150,0.697,0.000,-0.7141,-0.4733,TRACKING,R+C
1786998185.334,54.8,0.000,0.715,0.787,0.6223,-0.0036,13.65,-1.51720,0.150,0.697,0.000,-0.8372,-0.5464,TRACKING,R+C
1786998185.351,54.8,0.000,0.715,0.787,0.6223,-0.0028,10.92,-1.21376,0.150,0.698,0.000,-0.8372,-0.5571,TRACKING,prediction
1786998185.368,54.8,0.000,0.715,0.787,0.6223,-0.0023,8.74,-0.97101,0.150,0.698,0.000,-0.8372,-0.5587,TRACKING,prediction
1786998185.383,54.8,0.000,0.715,0.787,0.6223,-0.0018,6.99,-0.77681,0.150,0.698,0.000,-0.8372,-0.5589,TRACKING,prediction
1786998185.402,54.8,0.000,0.715,0.787,0.6223,-0.0015,5.59,-0.62145,0.150,0.698,0.000,-0.8372,-0.5588,TRACKING,prediction
1786998185.419,54.8,0.000,0.715,0.787,0.6223,-0.0012,4.47,-0.49716,0.150,0.698,0.000,-0.8372,-0.5588,TRACKING,prediction
1786998185.434,54.8,0.000,0.755,0.792,0.6711,-0.0270,22.83,-0.45889,0.154,0.698,0.000,-1.0000,-0.6484,TRACKING,R+C
1786998185.447,54.8,0.000,0.746,0.785,0.6683,-0.0255,24.27,-0.27206,0.173,0.698,0.000,-0.9873,-0.6543,TRACKING,R+C
1786998185.464,57.8,0.000,0.746,0.785,0.6683,-0.0204,19.42,-0.21765,0.173,0.698,0.000,-0.9873,-0.6552,TRACKING,prediction
1786998185.480,57.8,0.000,0.746,0.785,0.6683,-0.0163,15.54,-0.17412,0.173,0.698,0.000,-0.9873,-0.6553,TRACKING,prediction
1786998185.504,57.8,0.000,0.746,0.785,0.6683,-0.0130,12.43,-0.13929,0.173,0.698,0.000,-0.9873,-0.6552,TRACKING,prediction
1786998185.532,57.8,0.000,0.746,0.785,0.6683,-0.0104,9.94,-0.11143,0.173,0.699,0.000,-0.9873,-0.6552,TRACKING,prediction
1786998185.550,57.8,0.000,0.746,0.785,0.6683,-0.0083,7.95,-0.08915,0.173,0.699,0.000,-0.9873,-0.6551,TRACKING,prediction
1786998185.565,57.8,0.000,0.746,0.785,0.6683,-0.0067,6.36,-0.07132,0.173,0.699,0.000,-0.9873,-0.6551,TRACKING,prediction
1786998185.585,57.8,0.000,0.746,0.785,0.6683,-0.0053,5.09,-0.05705,0.173,0.699,0.000,-0.9873,-0.6550,TRACKING,prediction
1786998185.603,57.8,0.000,0.746,0.785,0.6683,-0.0043,4.07,-0.04564,0.173,0.699,0.000,-0.9873,-0.6550,TRACKING,prediction
1786998185.622,57.8,0.000,0.746,0.785,0.6683,-0.0034,3.26,-0.03651,0.173,0.692,0.000,-0.9873,-0.6549,TRACKING,prediction
1786998185.639,57.8,0.000,0.746,0.785,0.6683,-0.0027,2.61,-0.02921,0.173,0.677,0.000,-0.9873,-0.6588,TRACKING,prediction
1786998185.657,57.8,0.000,0.746,0.785,0.6683,-0.0022,2.09,-0.02337,0.173,0.657,0.000,-0.9873,-0.6678,TRACKING,prediction
1786998185.676,57.8,0.000,0.746,0.785,0.6683,-0.0018,1.67,-0.01870,0.173,0.634,0.000,-0.9873,-0.6804,TRACKING,prediction
1786998185.691,57.8,0.000,0.746,0.785,0.6683,-0.0014,1.33,-0.01496,0.173,0.591,0.000,-0.9873,-0.6952,UNCERTAIN,prediction
1786998185.707,57.8,0.000,0.746,0.785,0.6683,-0.0011,1.07,-0.01197,0.173,0.560,0.000,-0.9873,-0.7214,UNCERTAIN,prediction
1786998185.730,57.8,0.000,0.746,0.785,0.6683,-0.0009,0.85,-0.00957,0.173,0.539,0.000,-0.9873,-0.7420,UNCERTAIN,prediction
1786998185.747,57.8,0.000,0.746,0.785,0.6683,-0.0007,0.68,-0.00766,0.173,0.519,0.000,-0.9873,-0.7567,UNCERTAIN,prediction
1786998185.764,57.8,0.000,0.746,0.785,0.6683,-0.0006,0.55,-0.00613,0.173,0.498,0.000,-0.9873,-0.7700,UNCERTAIN,prediction
1786998185.793,57.8,0.000,0.790,0.763,0.6319,-0.1035,10.69,-0.08626,0.191,0.508,0.000,-1.0000,-0.7921,TRACKING,R+C
1786998185.808,57.8,0.000,0.792,0.768,0.6232,-0.1014,10.39,-0.04090,0.196,0.518,0.000,-1.0000,-0.7894,TRACKING,R+C
1786998185.824,57.8,0.000,0.792,0.768,0.6232,-0.0811,8.32,-0.03272,0.196,0.527,0.000,-1.0000,-0.7837,TRACKING,prediction
1786998185.851,57.8,0.000,0.792,0.768,0.6232,-0.0649,6.65,-0.02618,0.196,0.535,0.000,-1.0000,-0.7777,TRACKING,prediction
1786998185.869,57.8,0.000,0.792,0.768,0.6232,-0.0519,5.32,-0.02094,0.196,0.544,0.000,-1.0000,-0.7720,TRACKING,prediction
1786998185.893,57.8,0.000,0.792,0.768,0.6232,-0.0415,4.26,-0.01675,0.196,0.551,0.000,-1.0000,-0.7666,TRACKING,prediction
1786998185.913,57.8,0.000,0.792,0.768,0.6232,-0.0332,3.41,-0.01340,0.196,0.559,0.000,-1.0000,-0.7614,TRACKING,prediction
1786998185.930,57.8,0.000,0.792,0.768,0.6232,-0.0266,2.72,-0.01072,0.196,0.566,0.000,-1.0000,-0.7564,TRACKING,prediction
1786998185.950,57.8,0.000,0.774,0.812,0.5675,-0.0756,4.28,-0.21357,0.179,0.573,0.000,-0.9445,-0.7145,TRACKING,R+C
1786998185.967,57.8,0.000,0.768,0.813,0.5609,-0.0690,3.58,-0.24506,0.175,0.579,0.000,-0.9085,-0.6825,TRACKING,R+C
1786998185.982,57.8,0.000,0.751,0.821,0.5516,-0.0631,1.55,-0.40813,0.159,0.585,0.000,-0.9157,-0.6782,TRACKING,R+C
1786998185.997,57.8,0.375,0.745,0.822,0.4429,-0.0573,0.04,-0.50909,0.150,0.591,0.000,-0.9104,-0.6705,TRACKING,L+C+R_fused
1786998186.015,57.8,0.000,0.743,0.839,0.5343,-0.0517,-1.49,-0.61041,0.150,0.596,0.000,-0.8222,-0.6125,TRACKING,R+C
1786998186.029,57.8,0.000,0.744,0.842,0.5276,-0.0444,-1.05,-0.57785,0.150,0.601,0.000,-0.7462,-0.5550,TRACKING,R+C
1786998186.050,57.8,0.000,0.746,0.850,0.5215,-0.0404,-1.78,-0.64738,0.150,0.606,0.000,-0.6818,-0.5051,TRACKING,R+C
1786998186.071,57.8,0.000,0.727,0.858,0.5129,-0.0408,-4.50,-0.91574,0.150,0.611,0.000,-0.6335,-0.4668,TRACKING,R+C
1786998186.091,57.8,0.000,0.741,0.861,0.5137,-0.0408,-4.14,-0.87928,0.150,0.615,0.000,-0.6407,-0.4637,TRACKING,R+C
1786998186.116,57.8,0.000,0.735,0.861,0.5113,-0.0429,-6.19,-1.06554,0.150,0.620,0.000,-0.6258,-0.4529,TRACKING,R+C
1786998186.131,57.8,0.372,0.743,0.859,0.4672,-0.0407,-5.81,-1.06250,0.150,0.624,0.000,-0.6083,-0.4392,TRACKING,L+C+R_fused
1786998186.158,57.8,0.627,0.733,0.857,0.4654,-0.0352,-5.88,-1.10985,0.150,0.628,0.000,-0.5355,-0.3925,TRACKING,L+C+R_fused
1786998186.177,57.8,0.830,0.737,0.866,0.5020,-0.0262,-5.79,-1.12083,0.150,0.631,0.000,-0.4017,-0.3045,TRACKING,L+C+R_fused
1786998186.192,57.8,0.811,0.737,0.867,0.4902,-0.0183,-6.64,-1.23733,0.150,0.635,0.000,-0.2554,-0.2037,TRACKING,L+C+R_fused
1786998186.207,57.8,0.932,0.743,0.873,0.5048,-0.0106,-6.98,-1.30399,0.150,0.638,0.000,-0.1206,-0.1080,TRACKING,L+C+R_fused
1786998186.225,57.8,0.939,0.755,0.877,0.5013,-0.0070,-7.78,-1.39825,0.150,0.641,0.000,-0.0395,-0.0455,TRACKING,L+C+R_fused
1786998186.241,57.8,0.938,0.756,0.884,0.4958,-0.0026,-7.31,-1.42992,0.150,0.644,0.000,0.0112,-0.0064,TRACKING,L+C+R_fused
1786998186.257,57.8,0.938,0.755,0.881,0.4888,0.0032,-6.52,-1.44190,0.150,0.647,0.000,0.0784,0.0394,TRACKING,L+C+R_fused
1786998186.279,57.8,0.931,0.753,0.882,0.4991,0.0104,-5.94,-1.46640,0.150,0.649,0.000,0.1760,0.1040,TRACKING,L+C+R_fused
1786998186.301,57.8,0.927,0.749,0.762,0.5083,0.0199,-6.12,-1.58052,0.150,0.652,0.000,0.3244,0.2010,TRACKING,L+C+R_fused
1786998186.314,57.8,0.911,0.748,0.638,0.5057,0.0302,-5.67,-1.63551,0.150,0.654,0.000,0.4636,0.2972,TRACKING,L+C+R_fused
1786998186.329,57.8,0.909,0.752,0.630,0.5368,0.0399,-4.79,-1.64046,0.150,0.657,0.000,0.5738,0.3760,TRACKING,L+C+R_fused
1786998186.360,57.8,0.906,0.756,0.367,0.5262,0.0497,-3.03,-1.60497,0.150,0.659,0.000,0.6548,0.4346,TRACKING,L+C+R_fused
1786998186.385,57.8,0.920,0.759,0.373,0.5204,0.0556,-1.67,-1.58779,0.150,0.661,0.000,0.6897,0.4627,TRACKING,L+C+R_fused
1786998186.400,57.8,0.933,0.759,0.362,0.5433,0.0577,-0.78,-1.60389,0.150,0.663,0.000,0.6866,0.4639,TRACKING,L+C+R_fused
1786998186.414,57.8,0.942,0.755,0.367,0.5170,0.0587,0.45,-1.58362,0.150,0.665,0.000,0.6614,0.4481,TRACKING,L+C+R_fused
1786998186.429,57.8,0.710,0.757,0.353,0.5322,0.0593,2.08,-1.50711,0.150,0.666,0.000,0.6249,0.4234,TRACKING,L+C+R_fused
1786998186.450,57.8,0.000,0.750,0.373,0.4254,0.0576,0.17,-1.77108,0.150,0.668,0.000,0.6310,0.4218,TRACKING,R+C
1786998186.469,52.7,0.000,0.744,0.367,0.4965,0.0613,2.13,-1.68098,0.150,0.670,0.000,0.6265,0.4182,TRACKING,R+C
1786998186.483,52.7,0.000,0.749,0.000,0.4965,0.0656,4.42,-1.51663,0.150,0.671,0.000,0.6272,0.4176,TRACKING,C_only
1786998186.499,52.7,0.000,0.752,0.366,0.4010,0.0669,5.00,-1.51585,0.150,0.673,0.000,0.6251,0.4155,TRACKING,R+C
1786998186.516,52.7,0.000,0.752,0.366,0.4010,0.0535,4.00,-1.21268,0.150,0.674,0.000,0.6251,0.4148,TRACKING,prediction
1786998186.531,52.7,0.000,0.741,0.564,0.5917,0.0622,5.11,-1.67033,0.150,0.675,0.000,0.5304,0.3577,TRACKING,R+C
1786998186.547,52.7,0.000,0.741,0.309,0.4812,0.0585,5.77,-1.65793,0.150,0.677,0.000,0.4497,0.3019,TRACKING,R+C
1786998186.561,52.7,0.000,0.741,0.374,0.5418,0.0566,8.51,-1.47319,0.150,0.678,0.000,0.3343,0.2264,TRACKING,R+C
1786998186.583,52.7,0.000,0.738,0.592,0.4973,0.0521,10.00,-1.37460,0.150,0.679,0.000,0.2084,0.1421,TRACKING,R+C
1786998186.597,52.7,0.000,0.740,0.000,0.4973,0.0460,10.64,-1.35833,0.150,0.680,0.000,0.0738,0.0515,TRACKING,C_only
1786998186.610,52.7,0.000,0.736,0.363,0.6872,0.0403,11.38,-1.34234,0.150,0.681,0.000,-0.0606,-0.0393,TRACKING,R+C
1786998186.625,52.7,0.000,0.740,0.269,0.5919,0.0339,12.09,-1.30043,0.150,0.682,0.000,-0.2005,-0.1318,TRACKING,R+C
1786998186.641,52.7,0.000,0.743,0.517,0.5716,0.0282,13.39,-1.18227,0.150,0.683,0.000,-0.3371,-0.2222,TRACKING,R+C
1786998186.668,52.7,0.000,0.741,0.753,0.5942,0.0221,14.71,-1.06780,0.150,0.684,0.000,-0.4734,-0.3119,TRACKING,R+C
1786998186.683,52.7,0.000,0.739,0.830,0.6043,0.0143,15.56,-1.00086,0.150,0.684,0.000,-0.6113,-0.4021,TRACKING,R+C
1786998186.695,52.7,0.000,0.745,0.811,0.6086,0.0058,15.92,-0.97142,0.150,0.685,0.000,-0.7311,-0.4820,TRACKING,R+C
1786998186.710,52.7,0.000,0.750,0.820,0.6149,-0.0015,16.24,-0.93944,0.150,0.686,0.000,-0.8241,-0.5452,TRACKING,R+C
1786998186.728,52.7,0.000,0.750,0.820,0.6149,-0.0012,12.99,-0.75155,0.150,0.687,0.000,-0.8241,-0.5541,TRACKING,prediction
1786998186.754,52.7,0.000,0.750,0.820,0.6149,-0.0010,10.40,-0.60124,0.150,0.687,0.000,-0.8241,-0.5552,TRACKING,prediction
1786998186.773,52.7,0.000,0.750,0.820,0.6149,-0.0008,8.32,-0.48099,0.150,0.688,0.000,-0.8241,-0.5550,TRACKING,prediction
1786998186.790,52.7,0.000,0.750,0.820,0.6149,-0.0006,6.65,-0.38479,0.150,0.689,0.000,-0.8241,-0.5547,TRACKING,prediction
1786998186.805,52.7,0.000,0.750,0.820,0.6149,-0.0005,5.32,-0.30783,0.150,0.689,0.000,-0.8241,-0.5543,TRACKING,prediction
1786998186.820,52.7,0.000,0.750,0.820,0.6149,-0.0004,4.26,-0.24627,0.150,0.690,0.000,-0.8241,-0.5540,TRACKING,prediction
1786998186.837,52.7,0.000,0.750,0.820,0.6149,-0.0003,3.41,-0.19701,0.150,0.690,0.000,-0.8241,-0.5537,TRACKING,prediction
1786998186.851,52.7,0.000,0.750,0.820,0.6149,-0.0003,2.73,-0.15761,0.150,0.691,0.000,-0.8241,-0.5534,TRACKING,prediction
1786998186.867,52.7,0.000,0.750,0.820,0.6149,-0.0002,2.18,-0.12609,0.150,0.691,0.000,-0.8241,-0.5531,TRACKING,prediction
1786998186.882,52.7,0.000,0.750,0.820,0.6149,-0.0002,1.74,-0.10087,0.150,0.681,0.000,-0.8241,-0.5531,TRACKING,prediction
1786998186.899,52.7,0.000,0.750,0.820,0.6149,-0.0001,1.40,-0.08070,0.150,0.664,0.000,-0.8241,-0.5577,TRACKING,prediction
1786998186.913,52.7,0.000,0.750,0.820,0.6149,-0.0001,1.12,-0.06456,0.150,0.643,0.000,-0.8241,-0.5664,TRACKING,prediction
1786998186.931,52.7,0.000,0.750,0.820,0.6149,-0.0001,0.89,-0.05165,0.150,0.619,0.000,-0.8241,-0.5776,TRACKING,prediction
1786998186.960,52.7,0.000,0.750,0.820,0.6149,-0.0001,0.71,-0.04132,0.150,0.581,0.000,-0.8241,-0.5905,UNCERTAIN,prediction
1786998186.982,52.7,0.000,0.750,0.820,0.6149,-0.0001,0.57,-0.03305,0.150,0.553,0.000,-0.8241,-0.6107,UNCERTAIN,prediction
1786998186.999,52.7,0.000,0.750,0.820,0.6149,-0.0000,0.46,-0.02644,0.150,0.532,0.000,-0.8241,-0.6265,UNCERTAIN,prediction
1786998187.016,52.7,0.000,0.750,0.820,0.6149,-0.0000,0.37,-0.02115,0.150,0.511,0.000,-0.8241,-0.6386,UNCERTAIN,prediction
1786998187.034,52.7,0.000,0.750,0.820,0.6149,-0.0000,0.29,-0.01692,0.150,0.488,0.000,-0.8241,-0.6507,UNCERTAIN,prediction
1786998187.049,52.7,0.000,0.825,0.758,0.6833,-0.1249,13.53,-0.70839,0.150,0.499,0.000,-1.0000,-0.7843,TRACKING,R+C
1786998187.065,52.7,0.000,0.825,0.758,0.6833,-0.0999,10.82,-0.56671,0.150,0.509,0.000,-1.0000,-0.7968,TRACKING,prediction
1786998187.080,52.7,0.000,0.825,0.758,0.6833,-0.0799,8.66,-0.45337,0.150,0.519,0.000,-1.0000,-0.7932,TRACKING,prediction
1786998187.094,52.7,0.000,0.825,0.758,0.6833,-0.0640,6.93,-0.36269,0.150,0.528,0.000,-1.0000,-0.7874,TRACKING,prediction
1786998187.109,52.7,0.000,0.825,0.758,0.6833,-0.0512,5.54,-0.29016,0.150,0.536,0.000,-1.0000,-0.7815,TRACKING,prediction
1786998187.134,52.7,0.000,0.825,0.758,0.6833,-0.0409,4.43,-0.23212,0.150,0.544,0.000,-1.0000,-0.7759,TRACKING,prediction
1786998187.164,52.7,0.000,0.825,0.758,0.6833,-0.0327,3.55,-0.18570,0.150,0.552,0.000,-1.0000,-0.7706,TRACKING,prediction
1786998187.185,52.7,0.000,0.825,0.758,0.6833,-0.0262,2.84,-0.14856,0.150,0.560,0.000,-1.0000,-0.7654,TRACKING,prediction
1786998187.204,52.7,0.000,0.825,0.758,0.6833,-0.0210,2.27,-0.11885,0.150,0.567,0.000,-1.0000,-0.7606,TRACKING,prediction
1786998187.227,52.7,0.000,0.825,0.758,0.6833,-0.0168,1.82,-0.09508,0.150,0.573,0.000,-1.0000,-0.7560,TRACKING,prediction
1786998187.243,52.7,0.000,0.825,0.758,0.6833,-0.0134,1.45,-0.07606,0.150,0.578,0.000,-1.0000,-0.7516,TRACKING,prediction
1786998187.267,52.7,0.000,0.825,0.758,0.6833,-0.0107,1.16,-0.06085,0.150,0.580,0.000,-1.0000,-0.7485,TRACKING,prediction
1786998187.295,52.7,0.000,0.825,0.758,0.6833,-0.0086,0.93,-0.04868,0.150,0.581,0.000,-1.0000,-0.7465,TRACKING,prediction
1786998187.312,52.7,0.000,0.825,0.758,0.6833,-0.0069,0.74,-0.03894,0.150,0.578,0.000,-1.0000,-0.7457,TRACKING,prediction
1786998187.328,52.7,0.000,0.825,0.758,0.6833,-0.0055,0.59,-0.03116,0.150,0.551,0.000,-1.0000,-0.7477,UNCERTAIN,prediction
1786998187.344,52.7,0.000,0.825,0.758,0.6833,-0.0044,0.48,-0.02492,0.150,0.533,0.000,-1.0000,-0.7626,UNCERTAIN,prediction
1786998187.371,52.7,0.000,0.825,0.758,0.6833,-0.0035,0.38,-0.01994,0.150,0.519,0.000,-1.0000,-0.7750,UNCERTAIN,prediction
1786998187.386,52.7,0.000,0.825,0.758,0.6833,-0.0028,0.30,-0.01595,0.150,0.503,0.000,-1.0000,-0.7842,UNCERTAIN,prediction
1786998187.413,52.7,0.000,0.825,0.758,0.6833,-0.0023,0.24,-0.01276,0.150,0.484,0.000,-1.0000,-0.7949,UNCERTAIN,prediction
1786998187.428,52.7,0.000,0.825,0.758,0.6833,-0.0018,0.19,-0.01021,0.150,0.464,0.000,-1.0000,-0.8067,UNCERTAIN,prediction
1786998187.440,52.7,0.000,0.847,0.818,0.5767,-0.0985,5.73,-0.65441,0.150,0.476,0.000,-1.0000,-0.8153,TRACKING,R+C
1786998187.455,52.7,0.000,0.847,0.818,0.5767,-0.0788,4.58,-0.52353,0.150,0.487,0.000,-1.0000,-0.8107,TRACKING,prediction
1786998187.484,55.1,0.000,0.847,0.818,0.5767,-0.0630,3.66,-0.41882,0.150,0.498,0.000,-1.0000,-0.8038,TRACKING,prediction
1786998187.503,55.1,0.000,0.847,0.818,0.5767,-0.0504,2.93,-0.33506,0.150,0.508,0.000,-1.0000,-0.7968,TRACKING,prediction
1786998187.519,55.1,0.000,0.847,0.818,0.5767,-0.0403,2.35,-0.26805,0.150,0.518,0.000,-1.0000,-0.7902,TRACKING,prediction
1786998187.535,55.1,0.000,0.847,0.798,0.5861,-0.1263,6.29,-0.50974,0.150,0.527,0.000,-1.0000,-0.7855,TRACKING,R+C
1786998187.558,55.1,0.000,0.847,0.798,0.5861,-0.1010,5.03,-0.40779,0.150,0.535,0.000,-1.0000,-0.7795,TRACKING,prediction
1786998187.573,55.1,0.000,0.847,0.798,0.5861,-0.0808,4.03,-0.32623,0.150,0.544,0.000,-1.0000,-0.7738,TRACKING,prediction
1786998187.597,55.1,0.000,0.847,0.798,0.5861,-0.0647,3.22,-0.26099,0.150,0.551,0.000,-1.0000,-0.7683,TRACKING,prediction
1786998187.626,55.1,0.000,0.865,0.790,0.5861,-0.1514,4.30,-0.69072,0.150,0.559,0.000,-1.0000,-0.7648,TRACKING,R+C
1786998187.642,55.1,0.000,0.869,0.789,0.5836,-0.1529,5.52,-0.55683,0.150,0.566,0.000,-1.0000,-0.7601,TRACKING,R+C
1786998187.658,55.1,0.000,0.869,0.789,0.5836,-0.1223,4.41,-0.44546,0.150,0.573,0.000,-1.0000,-0.7554,TRACKING,prediction
1786998187.686,55.1,0.000,0.869,0.789,0.5836,-0.0979,3.53,-0.35637,0.150,0.579,0.000,-1.0000,-0.7510,TRACKING,prediction
1786998187.710,55.1,0.000,0.869,0.789,0.5836,-0.0783,2.82,-0.28510,0.150,0.585,0.000,-1.0000,-0.7468,TRACKING,prediction
1786998187.728,55.1,0.000,0.869,0.789,0.5836,-0.0626,2.26,-0.22808,0.150,0.591,0.000,-1.0000,-0.7428,TRACKING,prediction
1786998187.741,55.1,0.865,0.794,0.000,0.5615,0.2069,22.59,-0.62896,0.150,0.596,0.000,1.0000,-0.1932,TRACKING,L+C
1786998187.770,55.1,0.000,0.864,0.797,0.5598,-0.1427,3.20,-0.57124,0.150,0.601,0.000,-1.0000,-0.6610,TRACKING,R+C
1786998187.797,55.1,0.000,0.864,0.797,0.5598,-0.1141,2.56,-0.45699,0.150,0.606,0.000,-1.0000,-0.7195,TRACKING,prediction
1786998187.824,55.1,0.000,0.855,0.802,0.5522,-0.1354,1.75,-0.66728,0.150,0.611,0.000,-1.0000,-0.7248,TRACKING,R+C
1786998187.854,55.1,0.000,0.852,0.807,0.5503,-0.1302,1.75,-0.62820,0.150,0.615,0.000,-1.0000,-0.7226,TRACKING,R+C
1786998187.870,55.1,0.000,0.852,0.807,0.5503,-0.1042,1.40,-0.50256,0.150,0.620,0.000,-1.0000,-0.7198,TRACKING,prediction
1786998187.884,55.1,0.000,0.845,0.815,0.5431,-0.1191,1.23,-0.62672,0.150,0.624,0.000,-1.0000,-0.7160,TRACKING,R+C
1786998187.899,55.1,0.000,0.845,0.815,0.5431,-0.0953,0.98,-0.50138,0.150,0.628,0.000,-1.0000,-0.7133,TRACKING,prediction
1786998187.923,55.1,0.000,0.845,0.815,0.5431,-0.0762,0.79,-0.40110,0.150,0.631,0.000,-1.0000,-0.7108,TRACKING,prediction
1786998187.951,55.1,0.000,0.844,0.821,0.5435,-0.1079,0.53,-0.60503,0.150,0.635,0.000,-1.0000,-0.7072,TRACKING,R+C
1786998187.967,55.1,0.000,0.852,0.820,0.5411,-0.1093,-0.16,-0.65435,0.150,0.638,0.000,-1.0000,-0.7049,TRACKING,R+C
1786998187.989,55.1,0.000,0.852,0.820,0.5411,-0.0874,-0.13,-0.52348,0.150,0.641,0.000,-1.0000,-0.7027,TRACKING,prediction
1786998188.007,55.1,0.000,0.852,0.820,0.5411,-0.0699,-0.10,-0.41878,0.150,0.644,0.000,-1.0000,-0.7006,TRACKING,prediction
1786998188.022,55.1,0.000,0.853,0.812,0.5440,-0.1211,0.84,-0.60664,0.150,0.647,0.000,-1.0000,-0.6998,TRACKING,R+C
1786998188.038,55.1,0.000,0.853,0.812,0.5440,-0.0969,0.67,-0.48531,0.150,0.649,0.000,-1.0000,-0.6979,TRACKING,prediction
1786998188.055,55.1,0.000,0.853,0.812,0.5440,-0.0775,0.53,-0.38825,0.150,0.652,0.000,-1.0000,-0.6961,TRACKING,prediction
1786998188.082,55.1,0.000,0.868,0.814,0.5462,-0.1300,1.44,-0.55490,0.150,0.654,0.000,-1.0000,-0.6952,TRACKING,R+C
1786998188.100,55.1,0.000,0.868,0.814,0.5462,-0.1040,1.15,-0.44392,0.150,0.657,0.000,-1.0000,-0.6936,TRACKING,prediction
1786998188.118,55.1,0.000,0.868,0.814,0.5462,-0.0832,0.92,-0.35513,0.150,0.659,0.000,-1.0000,-0.6920,TRACKING,prediction
1786998188.136,55.1,0.000,0.868,0.814,0.5462,-0.0665,0.74,-0.28411,0.150,0.661,0.000,-1.0000,-0.6906,TRACKING,prediction
1786998188.152,55.1,0.000,0.855,0.811,0.5309,-0.1187,-0.11,-0.67139,0.150,0.663,0.000,-1.0000,-0.6881,TRACKING,R+C
1786998188.166,55.1,0.000,0.852,0.815,0.5308,-0.1186,-0.96,-0.74441,0.150,0.665,0.000,-1.0000,-0.6867,TRACKING,R+C
1786998188.189,55.1,0.000,0.855,0.816,0.5301,-0.1186,0.00,-0.66792,0.150,0.666,0.000,-1.0000,-0.6856,TRACKING,R+C
1786998188.204,55.1,0.000,0.860,0.818,0.5280,-0.1208,-0.36,-0.71074,0.150,0.668,0.000,-1.0000,-0.6846,TRACKING,R+C
1786998188.218,55.1,0.000,0.858,0.818,0.5266,-0.1226,-0.63,-0.72832,0.150,0.670,0.000,-1.0000,-0.6836,TRACKING,R+C
1786998188.231,55.1,0.000,0.858,0.823,0.5238,-0.1219,-1.05,-0.76852,0.150,0.671,0.000,-1.0000,-0.6824,TRACKING,R+C
1786998188.245,55.1,0.000,0.835,0.822,0.5220,-0.1193,-2.36,-0.87559,0.150,0.673,0.000,-1.0000,-0.6811,TRACKING,R+C
1786998188.259,55.1,0.000,0.830,0.816,0.5259,-0.1133,-2.14,-0.83948,0.150,0.674,0.000,-1.0000,-0.6796,TRACKING,R+C
1786998188.273,55.1,0.000,0.832,0.822,0.5265,-0.1090,-2.23,-0.83267,0.150,0.675,0.000,-1.0000,-0.6783,TRACKING,R+C
1786998188.287,55.1,0.000,0.834,0.824,0.5278,-0.1039,-1.29,-0.73750,0.150,0.677,0.000,-1.0000,-0.6770,TRACKING,R+C
1786998188.301,55.1,0.000,0.828,0.829,0.5293,-0.1015,-2.48,-0.82726,0.150,0.678,0.000,-1.0000,-0.6759,TRACKING,R+C
1786998188.316,55.1,0.000,0.835,0.831,0.5307,-0.0968,-1.92,-0.77213,0.150,0.679,0.000,-1.0000,-0.6747,TRACKING,R+C
1786998188.331,55.1,0.000,0.823,0.832,0.5300,-0.0913,-2.42,-0.80556,0.150,0.680,0.000,-1.0000,-0.6735,TRACKING,R+C
1786998188.356,55.1,0.000,0.817,0.840,0.5296,-0.0844,-2.10,-0.75848,0.150,0.681,0.000,-1.0000,-0.6722,TRACKING,R+C
1786998188.372,55.1,0.000,0.812,0.840,0.5301,-0.0774,-2.23,-0.75114,0.150,0.682,0.000,-1.0000,-0.6708,TRACKING,R+C
1786998188.388,55.1,0.000,0.812,0.840,0.5301,-0.0620,-1.78,-0.60091,0.150,0.683,0.000,-1.0000,-0.6702,TRACKING,prediction
1786998188.404,55.1,0.000,0.802,0.858,0.5184,-0.0595,-1.89,-0.75877,0.150,0.684,0.000,-0.9100,-0.6187,TRACKING,R+C
1786998188.419,55.1,0.000,0.811,0.863,0.5150,-0.0523,-1.70,-0.75300,0.150,0.684,0.000,-0.8394,-0.5711,TRACKING,R+C
1786998188.434,55.1,0.000,0.804,0.856,0.5108,-0.0457,-1.46,-0.75319,0.150,0.685,0.000,-0.7714,-0.5255,TRACKING,R+C
1786998188.448,55.1,0.000,0.811,0.864,0.5066,-0.0401,-1.19,-0.75124,0.150,0.686,0.000,-0.7109,-0.4844,TRACKING,R+C
1786998188.463,55.1,0.000,0.817,0.866,0.5024,-0.0357,-0.94,-0.75419,0.150,0.687,0.000,-0.6615,-0.4504,TRACKING,R+C
1786998188.476,55.1,0.000,0.810,0.872,0.4971,-0.0304,-1.51,-0.82422,0.150,0.687,0.000,-0.5802,-0.3994,TRACKING,R+C
1786998188.495,54.4,0.000,0.812,0.869,0.4904,-0.0232,-1.06,-0.82103,0.150,0.688,0.000,-0.4892,-0.3406,TRACKING,R+C
1786998188.511,54.4,0.000,0.816,0.869,0.4864,-0.0172,-0.33,-0.78590,0.150,0.689,0.000,-0.4191,-0.2922,TRACKING,R+C
1786998188.526,54.4,0.000,0.814,0.872,0.4887,-0.0145,0.12,-0.77190,0.150,0.689,0.000,-0.3917,-0.2695,TRACKING,R+C
1786998188.543,54.4,0.000,0.808,0.862,0.4887,-0.0161,-0.47,-0.86723,0.150,0.690,0.000,-0.4101,-0.2767,TRACKING,R+C
1786998188.556,54.4,0.000,0.811,0.871,0.5010,-0.0169,1.13,-0.72262,0.150,0.690,0.000,-0.4612,-0.3061,TRACKING,R+C
1786998188.571,54.4,0.000,0.787,0.865,0.5021,-0.0216,-0.93,-0.96663,0.150,0.691,0.000,-0.4937,-0.3291,TRACKING,R+C
1786998188.593,54.4,0.000,0.792,0.869,0.5068,-0.0247,-0.80,-0.98725,0.150,0.691,0.000,-0.5470,-0.3623,TRACKING,R+C
1786998188.607,54.4,0.000,0.797,0.859,0.5094,-0.0270,-0.42,-0.98009,0.150,0.692,0.000,-0.5929,-0.3928,TRACKING,R+C
1786998188.635,54.4,0.000,0.798,0.863,0.5145,-0.0274,1.15,-0.87704,0.150,0.692,0.000,-0.6381,-0.4224,TRACKING,R+C
1786998188.650,54.4,0.000,0.801,0.856,0.5174,-0.0297,1.27,-0.90362,0.150,0.692,0.000,-0.6765,-0.4481,TRACKING,R+C
1786998188.664,54.4,0.000,0.793,0.848,0.5179,-0.0302,0.70,-0.97341,0.150,0.693,0.000,-0.6741,-0.4506,TRACKING,R+C
1786998188.689,54.4,0.000,0.784,0.843,0.5152,-0.0288,0.50,-1.03805,0.150,0.693,0.000,-0.6574,-0.4416,TRACKING,R+C
1786998188.703,54.4,0.000,0.784,0.843,0.5152,-0.0230,0.40,-0.83044,0.150,0.693,0.000,-0.6574,-0.4401,TRACKING,prediction
1786998188.717,54.4,0.000,0.780,0.846,0.5136,-0.0199,0.46,-1.09684,0.150,0.694,0.000,-0.5405,-0.3749,TRACKING,R+C
1786998188.731,54.4,0.000,0.787,0.840,0.5119,-0.0144,1.14,-1.06036,0.150,0.694,0.000,-0.4778,-0.3301,TRACKING,R+C
1786998188.746,54.4,0.000,0.785,0.842,0.5079,-0.0120,2.05,-1.01350,0.150,0.694,0.000,-0.4686,-0.3183,TRACKING,R+C
1786998188.761,54.4,0.000,0.784,0.847,0.5114,-0.0130,2.06,-1.03387,0.150,0.695,0.000,-0.4885,-0.3277,TRACKING,R+C
1786998188.781,54.4,0.000,0.784,0.852,0.5173,-0.0160,2.20,-1.05160,0.150,0.695,0.000,-0.5405,-0.3581,TRACKING,R+C
1786998188.795,54.4,0.000,0.782,0.850,0.5241,-0.0197,2.83,-1.02569,0.150,0.695,0.000,-0.6127,-0.4027,TRACKING,R+C
1786998188.814,54.4,0.000,0.781,0.850,0.5302,-0.0242,3.02,-1.04894,0.150,0.695,0.000,-0.6824,-0.4480,TRACKING,R+C
1786998188.842,54.4,0.000,0.786,0.842,0.5347,-0.0298,2.96,-1.07054,0.150,0.696,0.000,-0.7528,-0.4937,TRACKING,R+C
1786998188.857,54.4,0.000,0.787,0.832,0.5386,-0.0362,1.49,-1.26390,0.150,0.696,0.000,-0.8084,-0.5315,TRACKING,R+C
1786998188.871,54.4,0.000,0.782,0.825,0.5478,-0.0386,2.91,-1.19771,0.150,0.696,0.000,-0.8664,-0.5690,TRACKING,R+C
1786998188.885,54.4,0.000,0.782,0.825,0.5478,-0.0309,2.33,-0.95817,0.150,0.696,0.000,-0.8664,-0.5744,TRACKING,prediction
1786998188.899,54.4,0.000,0.784,0.801,0.5651,-0.0473,4.26,-1.14040,0.150,0.696,0.000,-0.9787,-0.6371,TRACKING,R+C
1786998188.914,54.4,0.000,0.784,0.801,0.5651,-0.0379,3.41,-0.91232,0.150,0.697,0.000,-0.9787,-0.6462,TRACKING,prediction
1786998188.931,54.4,0.000,0.784,0.801,0.5651,-0.0303,2.73,-0.72986,0.150,0.697,0.000,-0.9787,-0.6475,TRACKING,prediction
1786998188.952,54.4,0.000,0.784,0.801,0.5651,-0.0242,2.18,-0.58389,0.150,0.697,0.000,-0.9787,-0.6476,TRACKING,prediction
1786998188.967,54.4,0.000,0.813,0.792,0.5880,-0.0738,5.61,-1.16213,0.150,0.697,0.000,-1.0000,-0.6617,TRACKING,R+C
1786998188.980,54.4,0.000,0.816,0.792,0.5910,-0.0770,6.31,-1.10411,0.150,0.697,0.000,-1.0000,-0.6637,TRACKING,R+C
1786998188.997,54.4,0.000,0.816,0.792,0.5910,-0.0616,5.05,-0.88329,0.150,0.697,0.000,-1.0000,-0.6638,TRACKING,prediction
1786998189.013,54.4,0.000,0.810,0.786,0.5954,-0.0758,6.07,-1.21841,0.150,0.698,0.000,-1.0000,-0.6640,TRACKING,R+C
1786998189.036,54.4,0.000,0.808,0.777,0.5989,-0.0738,6.51,-1.18141,0.150,0.698,0.000,-1.0000,-0.6638,TRACKING,R+C
1786998189.053,54.4,0.000,0.806,0.782,0.6013,-0.0739,6.33,-1.23080,0.150,0.698,0.000,-1.0000,-0.6638,TRACKING,R+C
1786998189.069,54.4,0.000,0.806,0.782,0.6013,-0.0591,5.06,-0.98464,0.150,0.698,0.000,-1.0000,-0.6637,TRACKING,prediction
1786998189.085,54.4,0.000,0.806,0.782,0.6013,-0.0473,4.05,-0.78771,0.150,0.698,0.000,-1.0000,-0.6636,TRACKING,prediction
1786998189.099,54.4,0.000,0.802,0.777,0.6152,-0.0842,7.32,-1.25916,0.150,0.698,0.000,-1.0000,-0.6649,TRACKING,R+C
1786998189.117,54.4,0.000,0.802,0.777,0.6152,-0.0673,5.85,-1.00733,0.150,0.698,0.000,-1.0000,-0.6648,TRACKING,prediction
1786998189.131,54.4,0.000,0.807,0.687,0.6130,-0.0842,8.60,-1.12560,0.150,0.698,0.000,-1.0000,-0.6648,TRACKING,R+C
1786998189.159,54.4,0.000,0.806,0.786,0.6192,-0.0819,8.57,-1.13005,0.150,0.698,0.000,-1.0000,-0.6645,TRACKING,R+C
1786998189.176,54.4,0.000,0.804,0.682,0.6071,-0.0829,7.61,-1.26135,0.150,0.698,0.000,-1.0000,-0.6646,TRACKING,R+C
1786998189.190,54.4,0.000,0.795,0.678,0.6085,-0.0831,7.63,-1.38110,0.150,0.699,0.000,-1.0000,-0.6650,TRACKING,R+C
1786998189.207,54.4,0.000,0.795,0.678,0.6085,-0.0665,6.10,-1.10488,0.150,0.699,0.000,-1.0000,-0.6649,TRACKING,prediction
1786998189.225,54.4,0.000,0.805,0.681,0.6166,-0.0891,8.52,-1.38143,0.150,0.699,0.000,-1.0000,-0.6657,TRACKING,R+C
1786998189.239,54.4,0.000,0.809,0.674,0.6299,-0.0915,8.96,-1.36609,0.150,0.699,0.000,-1.0000,-0.6660,TRACKING,R+C
1786998189.253,54.4,0.000,0.809,0.674,0.6299,-0.0732,7.17,-1.09287,0.150,0.699,0.000,-1.0000,-0.6659,TRACKING,prediction
1786998189.273,54.4,0.000,0.809,0.674,0.6299,-0.0585,5.73,-0.87430,0.150,0.699,0.000,-1.0000,-0.6659,TRACKING,prediction
1786998189.295,54.4,0.000,0.809,0.674,0.6299,-0.0468,4.59,-0.69944,0.150,0.699,0.000,-1.0000,-0.6658,TRACKING,prediction
1786998189.308,54.4,0.000,0.809,0.663,0.6689,-0.0995,9.89,-1.36964,0.150,0.699,0.000,-1.0000,-0.6668,TRACKING,R+C
1786998189.324,54.4,0.000,0.809,0.663,0.6689,-0.0796,7.91,-1.09571,0.150,0.699,0.000,-1.0000,-0.6667,TRACKING,prediction
1786998189.343,54.4,0.000,0.809,0.663,0.6689,-0.0637,6.33,-0.87657,0.150,0.699,0.000,-1.0000,-0.6667,TRACKING,prediction
1786998189.368,54.4,0.000,0.838,0.656,0.7002,-0.1196,13.21,-0.99673,0.150,0.699,0.000,-1.0000,-0.6683,TRACKING,R+C
1786998189.394,54.4,0.000,0.838,0.656,0.7002,-0.0957,10.56,-0.79739,0.150,0.699,0.000,-1.0000,-0.6683,TRACKING,prediction
1786998190.429,27.4,0.000,0.839,0.650,0.7170,-0.1247,14.37,-0.78775,0.150,0.699,0.000,-1.0000,-0.6685,TRACKING,R+C
1786998190.446,27.4,0.000,0.839,0.650,0.7170,-0.0998,11.49,-0.63020,0.150,0.699,0.000,-1.0000,-0.6685,TRACKING,prediction
1786998190.463,27.4,0.000,0.839,0.650,0.7170,-0.0798,9.19,-0.50416,0.150,0.699,0.000,-1.0000,-0.6684,TRACKING,prediction
1786998190.489,27.4,0.000,0.839,0.650,0.7170,-0.0639,7.36,-0.40333,0.150,0.699,0.000,-1.0000,-0.6684,TRACKING,prediction
1786998190.505,27.4,0.000,0.839,0.650,0.7170,-0.0511,5.88,-0.32266,0.150,0.699,0.000,-1.0000,-0.6684,TRACKING,prediction
1786998190.522,27.4,0.000,0.839,0.650,0.7170,-0.0409,4.71,-0.25813,0.150,0.699,0.000,-1.0000,-0.6684,TRACKING,prediction
1786998190.539,27.4,0.000,0.839,0.650,0.7170,-0.0327,3.77,-0.20650,0.150,0.699,0.000,-1.0000,-0.6683,TRACKING,prediction
1786998190.560,27.4,0.000,0.839,0.650,0.7170,-0.0262,3.01,-0.16520,0.150,0.699,0.000,-1.0000,-0.6683,TRACKING,prediction
1786998190.576,27.4,0.000,0.839,0.650,0.7170,-0.0209,2.41,-0.13216,0.150,0.697,0.000,-1.0000,-0.6683,TRACKING,prediction
1786998190.593,27.4,0.000,0.839,0.650,0.7170,-0.0167,1.93,-0.10573,0.150,0.685,0.000,-1.0000,-0.6697,TRACKING,prediction
1786998190.614,27.4,0.000,0.839,0.650,0.7170,-0.0134,1.54,-0.08458,0.150,0.667,0.000,-1.0000,-0.6767,TRACKING,prediction
1786998190.632,27.4,0.000,0.839,0.650,0.7170,-0.0107,1.23,-0.06767,0.150,0.644,0.000,-1.0000,-0.6881,TRACKING,prediction
1786998190.652,27.4,0.000,0.839,0.650,0.7170,-0.0086,0.99,-0.05413,0.150,0.620,0.000,-1.0000,-0.7023,TRACKING,prediction
1786998190.672,27.4,0.000,0.839,0.650,0.7170,-0.0069,0.79,-0.04331,0.150,0.581,0.000,-1.0000,-0.7180,UNCERTAIN,prediction
1786998190.690,27.4,0.000,0.839,0.650,0.7170,-0.0055,0.63,-0.03465,0.150,0.554,0.000,-1.0000,-0.7421,UNCERTAIN,prediction
1786998190.711,27.4,0.000,0.839,0.650,0.7170,-0.0044,0.51,-0.02772,0.150,0.532,0.000,-1.0000,-0.7608,UNCERTAIN,prediction
1786998190.736,27.4,0.000,0.839,0.650,0.7170,-0.0035,0.40,-0.02217,0.150,0.510,0.000,-1.0000,-0.7753,UNCERTAIN,prediction
1786998190.762,27.4,0.000,0.839,0.650,0.7170,-0.0028,0.32,-0.01774,0.150,0.488,0.000,-1.0000,-0.7897,UNCERTAIN,prediction
1786998190.783,27.4,0.000,0.839,0.650,0.7170,-0.0022,0.26,-0.01419,0.150,0.466,0.000,-1.0000,-0.8041,UNCERTAIN,prediction
1786998190.804,27.4,0.000,0.839,0.650,0.7170,-0.0018,0.21,-0.01135,0.150,0.444,0.000,-1.0000,-0.8184,UNCERTAIN,prediction
1786998190.822,27.4,0.000,0.839,0.650,0.7170,-0.0014,0.17,-0.00908,0.150,0.423,0.000,-1.0000,-0.8323,UNCERTAIN,prediction
1786998190.836,27.4,0.000,0.839,0.650,0.7170,-0.0012,0.13,-0.00727,0.150,0.402,0.000,-1.0000,-0.8459,UNCERTAIN,prediction
1786998190.857,27.4,0.000,0.915,0.651,0.6713,-0.1712,5.01,0.10326,0.190,0.417,0.000,-1.0000,-0.8574,TRACKING,R+C
1786998190.876,27.4,0.000,0.909,0.652,0.6651,-0.1688,3.88,0.07467,0.193,0.431,0.000,-1.0000,-0.8509,TRACKING,R+C
1786998190.893,27.4,0.883,0.652,0.000,0.6578,0.1730,-4.48,-1.77413,0.150,0.445,0.000,1.0000,-0.1571,TRACKING,L+C
1786998190.912,27.4,0.000,0.879,0.651,0.6504,-0.1605,2.47,0.04138,0.196,0.458,0.000,-1.0000,-0.7427,TRACKING,R+C
1786998190.929,27.4,0.000,0.858,0.652,0.6431,-0.1563,1.33,-0.01191,0.199,0.470,0.000,-1.0000,-0.8106,TRACKING,R+C
1786998190.944,27.4,0.000,0.832,0.652,0.6376,-0.1522,-0.50,-0.14343,0.186,0.481,0.000,-1.0000,-0.8138,TRACKING,R+C
1786998190.963,27.4,0.000,0.820,0.652,0.6296,-0.1471,-1.37,-0.17708,0.182,0.492,0.000,-1.0000,-0.8075,TRACKING,R+C
1786998190.982,27.4,0.000,0.801,0.647,0.6164,-0.1438,-3.82,-0.33830,0.166,0.503,0.000,-1.0000,-0.8001,TRACKING,R+C
1786998191.002,27.4,0.000,0.765,0.644,0.6049,-0.1398,-5.60,-0.50154,0.150,0.512,0.000,-1.0000,-0.7929,TRACKING,R+C
1786998191.019,27.4,0.000,0.756,0.642,0.5966,-0.1363,-6.28,-0.54056,0.150,0.522,0.000,-1.0000,-0.7861,TRACKING,R+C
1786998191.036,27.4,0.000,0.763,0.642,0.5942,-0.1355,-6.58,-0.55131,0.150,0.531,0.000,-1.0000,-0.7797,TRACKING,R+C
1786998191.053,27.4,0.000,0.723,0.642,0.5903,-0.1398,-9.56,-0.80599,0.150,0.539,0.000,-1.0000,-0.7740,TRACKING,R+C
1786998191.070,27.4,0.000,0.711,0.641,0.5890,-0.1444,-11.24,-0.93374,0.150,0.547,0.000,-1.0000,-0.7686,TRACKING,R+C
1786998191.086,27.4,0.000,0.727,0.641,0.5897,-0.1494,-12.87,-1.01914,0.150,0.555,0.000,-1.0000,-0.7634,TRACKING,R+C
1786998191.105,27.4,0.000,0.702,0.641,0.5899,-0.1464,-12.34,-1.04751,0.150,0.562,0.000,-1.0000,-0.7583,TRACKING,R+C
1786998191.124,27.4,0.000,0.697,0.638,0.5828,-0.1433,-13.35,-1.13078,0.150,0.569,0.000,-1.0000,-0.7533,TRACKING,R+C
1786998191.141,27.4,0.000,0.698,0.638,0.5774,-0.1369,-13.69,-1.15625,0.150,0.576,0.000,-1.0000,-0.7482,TRACKING,R+C
1786998191.159,27.4,0.000,0.698,0.635,0.5666,-0.1294,-14.58,-1.22798,0.150,0.582,0.000,-1.0000,-0.7432,TRACKING,R+C
1786998191.176,27.4,0.000,0.701,0.632,0.5594,-0.1226,-15.84,-1.29879,0.150,0.588,0.000,-1.0000,-0.7385,TRACKING,R+C
1786998191.193,27.4,0.000,0.706,0.634,0.5508,-0.1159,-17.50,-1.38980,0.150,0.593,0.000,-1.0000,-0.7339,TRACKING,R+C
1786998191.209,27.4,0.000,0.700,0.629,0.5425,-0.1019,-16.37,-1.38608,0.150,0.599,0.000,-1.0000,-0.7293,TRACKING,R+C
1786998191.227,27.4,0.856,0.696,0.631,0.5013,-0.0911,-16.87,-1.45097,0.150,0.604,0.000,-0.9284,-0.6823,TRACKING,L+C+R_fused
1786998191.244,27.4,0.921,0.705,0.625,0.4998,-0.0806,-17.01,-1.49614,0.150,0.609,0.000,-0.8218,-0.6083,TRACKING,L+C+R_fused
1786998191.261,27.4,0.920,0.715,0.630,0.5208,-0.0720,-17.01,-1.53832,0.150,0.613,0.000,-0.7264,-0.5377,TRACKING,L+C+R_fused
1786998191.279,27.4,0.915,0.722,0.630,0.5216,-0.0656,-16.86,-1.57614,0.150,0.617,0.000,-0.6545,-0.4822,TRACKING,L+C+R_fused
1786998191.295,27.4,0.934,0.727,0.632,0.5071,-0.0633,-17.44,-1.67624,0.150,0.622,0.000,-0.6210,-0.4525,TRACKING,L+C+R_fused
1786998191.313,27.4,0.895,0.723,0.634,0.4853,-0.0584,-15.65,-1.67858,0.150,0.626,0.000,-0.6138,-0.4425,TRACKING,L+C+R_fused
1786998191.327,27.4,0.000,0.726,0.641,0.5244,-0.0548,-14.57,-1.70617,0.150,0.629,0.000,-0.6039,-0.4340,TRACKING,R+C
1786998191.341,27.4,0.000,0.728,0.634,0.5261,-0.0488,-13.13,-1.70065,0.150,0.633,0.000,-0.5666,-0.4095,TRACKING,R+C
1786998191.355,27.4,0.000,0.725,0.646,0.5224,-0.0407,-11.82,-1.68842,0.150,0.636,0.000,-0.4919,-0.3606,TRACKING,R+C
1786998191.369,27.4,0.000,0.722,0.653,0.5203,-0.0298,-10.96,-1.69238,0.150,0.639,0.000,-0.3532,-0.2705,TRACKING,R+C
1786998191.388,27.4,0.950,0.722,0.634,0.5222,-0.0180,-9.69,-1.68115,0.150,0.642,0.000,-0.2049,-0.1690,TRACKING,L+C+R_fused
1786998191.403,27.4,0.933,0.725,0.669,0.5017,-0.0054,-7.95,-1.63601,0.150,0.645,0.000,-0.0484,-0.0611,TRACKING,L+C+R_fused
1786998191.420,27.4,0.930,0.731,0.857,0.5176,0.0038,-6.88,-1.61481,0.150,0.648,0.000,0.0723,0.0266,TRACKING,L+C+R_fused
1786998191.437,55.6,0.918,0.734,0.708,0.5166,0.0104,-5.80,-1.60835,0.150,0.651,0.000,0.1439,0.0819,TRACKING,L+C+R_fused
1786998191.454,55.6,0.933,0.731,0.683,0.5050,0.0136,-4.91,-1.60682,0.150,0.653,0.000,0.1616,0.1001,TRACKING,L+C+R_fused
1786998191.470,55.6,0.952,0.733,0.708,0.5164,0.0139,-4.23,-1.61990,0.150,0.655,0.000,0.1346,0.0862,TRACKING,L+C+R_fused
1786998191.494,55.6,0.000,0.735,0.712,0.5144,0.0137,-3.42,-1.62992,0.150,0.658,0.000,0.0936,0.0594,TRACKING,R+C
1786998191.508,55.6,0.000,0.735,0.727,0.4936,0.0141,-1.78,-1.58332,0.150,0.660,0.000,0.0385,0.0226,TRACKING,R+C
1786998191.522,55.6,0.000,0.733,0.730,0.5039,0.0123,-0.67,-1.56634,0.150,0.662,0.000,-0.0406,-0.0295,TRACKING,R+C
1786998191.536,55.6,0.000,0.729,0.740,0.4990,0.0095,0.34,-1.56451,0.150,0.664,0.000,-0.1334,-0.0912,TRACKING,R+C
1786998191.552,55.6,0.000,0.731,0.841,0.5195,0.0061,0.85,-1.59903,0.150,0.665,0.000,-0.2228,-0.1522,TRACKING,R+C
1786998191.566,55.6,0.000,0.733,0.841,0.5271,0.0021,1.25,-1.61215,0.150,0.667,0.000,-0.3097,-0.2111,TRACKING,R+C
1786998191.582,55.6,0.000,0.737,0.842,0.5358,-0.0000,2.87,-1.52438,0.150,0.669,0.000,-0.3974,-0.2697,TRACKING,R+C
1786998191.598,55.6,0.000,0.737,0.842,0.5358,-0.0000,2.30,-1.21950,0.150,0.670,0.000,-0.3974,-0.2779,TRACKING,prediction
1786998191.612,55.6,0.000,0.737,0.842,0.5358,-0.0000,1.84,-0.97560,0.150,0.672,0.000,-0.3974,-0.2788,TRACKING,prediction
1786998191.626,55.6,0.000,0.737,0.842,0.5358,-0.0000,1.47,-0.78048,0.150,0.673,0.000,-0.3974,-0.2786,TRACKING,prediction
1786998191.643,55.6,0.000,0.737,0.842,0.5358,-0.0000,1.18,-0.62439,0.150,0.675,0.000,-0.3974,-0.2782,TRACKING,prediction
1786998191.658,55.6,0.000,0.757,0.795,0.5853,-0.0251,7.36,-1.31889,0.150,0.676,0.000,-0.8586,-0.5391,TRACKING,R+C
1786998191.678,55.6,0.000,0.757,0.795,0.5853,-0.0200,5.89,-1.05511,0.150,0.677,0.000,-0.8586,-0.5766,TRACKING,prediction
1786998191.705,55.6,0.000,0.766,0.792,0.5998,-0.0311,9.11,-1.16419,0.150,0.678,0.000,-0.9491,-0.6323,TRACKING,R+C
1786998191.723,55.6,0.000,0.766,0.792,0.5998,-0.0249,7.29,-0.93135,0.150,0.679,0.000,-0.9491,-0.6399,TRACKING,prediction
1786998191.738,55.6,0.000,0.766,0.792,0.5998,-0.0199,5.83,-0.74508,0.150,0.680,0.000,-0.9491,-0.6404,TRACKING,prediction
1786998191.757,55.6,0.000,0.766,0.792,0.5998,-0.0159,4.66,-0.59606,0.150,0.681,0.000,-0.9491,-0.6399,TRACKING,prediction
1786998191.772,55.6,0.000,0.773,0.788,0.5942,-0.0295,9.10,-1.17816,0.150,0.682,0.000,-0.9347,-0.6313,TRACKING,R+C
1786998191.787,55.6,0.000,0.773,0.788,0.5942,-0.0236,7.28,-0.94253,0.150,0.683,0.000,-0.9347,-0.6296,TRACKING,prediction
1786998191.802,55.6,0.000,0.773,0.788,0.5942,-0.0189,5.82,-0.75402,0.150,0.684,0.000,-0.9347,-0.6288,TRACKING,prediction
1786998191.816,55.6,0.000,0.776,0.789,0.6047,-0.0383,10.51,-1.04952,0.150,0.685,0.000,-1.0000,-0.6648,TRACKING,R+C
1786998191.838,55.6,0.000,0.776,0.789,0.6047,-0.0306,8.40,-0.83961,0.150,0.686,0.000,-1.0000,-0.6696,TRACKING,prediction
1786998191.857,55.6,0.000,0.778,0.783,0.6095,-0.0383,10.32,-1.03164,0.150,0.686,0.000,-1.0000,-0.6697,TRACKING,R+C
1786998191.872,55.6,0.000,0.778,0.783,0.6095,-0.0306,8.26,-0.82531,0.150,0.687,0.000,-1.0000,-0.6694,TRACKING,prediction
1786998191.892,55.6,0.000,0.778,0.793,0.6001,-0.0327,10.98,-0.92379,0.150,0.688,0.000,-0.9854,-0.6604,TRACKING,R+C
1786998191.913,55.6,0.000,0.778,0.793,0.6001,-0.0261,8.79,-0.73903,0.150,0.688,0.000,-0.9854,-0.6588,TRACKING,prediction
1786998191.929,55.6,0.000,0.778,0.793,0.6001,-0.0209,7.03,-0.59123,0.150,0.689,0.000,-0.9854,-0.6582,TRACKING,prediction
1786998191.956,55.6,0.000,0.782,0.792,0.5942,-0.0318,10.97,-0.88914,0.150,0.689,0.000,-0.9738,-0.6513,TRACKING,R+C
1786998191.977,55.6,0.000,0.785,0.795,0.5974,-0.0353,10.98,-0.87282,0.150,0.690,0.000,-1.0000,-0.6644,TRACKING,R+C
1786998191.995,55.6,0.000,0.785,0.795,0.5974,-0.0282,8.79,-0.69826,0.150,0.690,0.000,-1.0000,-0.6661,TRACKING,prediction
1786998192.010,55.6,0.000,0.785,0.795,0.5974,-0.0226,7.03,-0.55861,0.150,0.691,0.000,-1.0000,-0.6660,TRACKING,prediction
1786998192.028,55.6,0.000,0.785,0.795,0.5974,-0.0181,5.62,-0.44689,0.150,0.691,0.000,-1.0000,-0.6658,TRACKING,prediction
1786998192.043,55.6,0.000,0.785,0.795,0.5974,-0.0144,4.50,-0.35751,0.150,0.692,0.000,-1.0000,-0.6655,TRACKING,prediction
1786998192.059,55.6,0.000,0.785,0.795,0.5974,-0.0116,3.60,-0.28601,0.150,0.692,0.000,-1.0000,-0.6652,TRACKING,prediction
1786998192.077,55.6,0.000,0.785,0.795,0.5974,-0.0092,2.88,-0.22881,0.150,0.693,0.000,-1.0000,-0.6649,TRACKING,prediction
1786998192.091,55.6,0.000,0.785,0.795,0.5974,-0.0074,2.30,-0.18304,0.150,0.693,0.000,-1.0000,-0.6646,TRACKING,prediction
1786998192.110,55.6,0.000,0.785,0.795,0.5974,-0.0059,1.84,-0.14644,0.150,0.693,0.000,-1.0000,-0.6644,TRACKING,prediction
1786998192.126,55.6,0.000,0.785,0.795,0.5974,-0.0047,1.47,-0.11715,0.150,0.694,0.000,-1.0000,-0.6641,TRACKING,prediction
1786998192.143,55.6,0.000,0.785,0.795,0.5974,-0.0038,1.18,-0.09372,0.150,0.684,0.000,-1.0000,-0.6640,TRACKING,prediction
1786998192.156,55.6,0.000,0.790,0.791,0.5535,-0.0124,9.96,-0.79876,0.150,0.685,0.000,-0.7285,-0.5175,TRACKING,R+C
1786998192.173,55.6,0.000,0.790,0.791,0.5535,-0.0099,7.97,-0.63901,0.150,0.686,0.000,-0.7285,-0.4956,TRACKING,prediction
1786998192.190,55.6,0.000,0.790,0.791,0.5535,-0.0079,6.37,-0.51121,0.150,0.686,0.000,-0.7285,-0.4919,TRACKING,prediction
1786998192.213,55.6,0.000,0.790,0.791,0.5535,-0.0063,5.10,-0.40897,0.150,0.687,0.000,-0.7285,-0.4911,TRACKING,prediction
1786998192.229,55.6,0.000,0.797,0.813,0.5366,0.0009,9.61,-0.75488,0.150,0.688,0.000,-0.5280,-0.3783,TRACKING,R+C
1786998192.244,55.6,0.000,0.797,0.813,0.5366,0.0007,7.68,-0.60391,0.150,0.688,0.000,-0.5280,-0.3615,TRACKING,prediction
1786998192.262,55.6,0.000,0.797,0.813,0.5366,0.0006,6.15,-0.48313,0.150,0.689,0.000,-0.5280,-0.3587,TRACKING,prediction
1786998192.278,55.6,0.000,0.797,0.813,0.5366,0.0005,4.92,-0.38650,0.150,0.689,0.000,-0.5280,-0.3582,TRACKING,prediction
1786998192.302,55.6,0.000,0.797,0.813,0.5366,0.0004,3.93,-0.30920,0.150,0.690,0.000,-0.5280,-0.3579,TRACKING,prediction
1786998192.317,55.6,0.000,0.797,0.813,0.5366,0.0003,3.15,-0.24736,0.150,0.691,0.000,-0.5280,-0.3577,TRACKING,prediction
1786998192.345,55.6,0.000,0.797,0.813,0.5366,0.0002,2.52,-0.19789,0.150,0.691,0.000,-0.5280,-0.3575,TRACKING,prediction
