timestamp,fps,left_conf,center_conf,right_conf,lane_width_m,lateral_error_m,heading_error_deg,curvature,lookahead_m,target_speed,actual_speed,steer_raw,steer_filtered,tracking_state,reconstruction_method
1786994850.073,0.0,0.888,0.778,0.627,0.4954,-0.0045,7.81,-0.00383,0.200,0.206,0.000,-0.3042,-0.2717,TRACKING,L+C+R_fused
1786994850.164,0.0,0.886,0.780,0.629,0.4957,-0.0046,7.72,-0.01234,0.199,0.231,0.000,-0.3060,-0.3049,TRACKING,L+C+R_fused
1786994850.188,0.0,0.885,0.780,0.627,0.4944,-0.0045,7.78,-0.00856,0.199,0.254,0.000,-0.3055,-0.3054,TRACKING,L+C+R_fused
1786994850.196,0.0,0.884,0.781,0.627,0.4942,-0.0046,7.68,-0.01496,0.199,0.276,0.000,-0.3066,-0.3021,TRACKING,L+C+R_fused
1786994850.226,0.0,0.880,0.781,0.627,0.4936,-0.0046,7.73,-0.01174,0.199,0.298,0.000,-0.3063,-0.2973,TRACKING,L+C+R_fused
1786994850.243,0.0,0.880,0.779,0.627,0.4937,-0.0046,7.73,-0.00947,0.199,0.318,0.000,-0.3054,-0.2921,TRACKING,L+C+R_fused
1786994850.270,0.0,0.881,0.779,0.627,0.4937,-0.0045,7.75,-0.00942,0.199,0.337,0.000,-0.3052,-0.2876,TRACKING,L+C+R_fused
1786994850.293,0.0,0.882,0.780,0.629,0.4937,-0.0045,7.80,-0.00610,0.199,0.355,0.000,-0.3048,-0.2831,TRACKING,L+C+R_fused
1786994850.307,0.0,0.882,0.779,0.629,0.4938,-0.0046,7.77,-0.00741,0.199,0.372,0.000,-0.3051,-0.2794,TRACKING,L+C+R_fused
1786994850.334,0.0,0.879,0.780,0.629,0.4935,-0.0046,7.75,-0.00893,0.199,0.389,0.000,-0.3055,-0.2760,TRACKING,L+C+R_fused
1786994850.352,0.0,0.879,0.780,0.629,0.4934,-0.0046,7.75,-0.00867,0.199,0.404,0.000,-0.3054,-0.2726,TRACKING,L+C+R_fused
1786994850.372,0.0,0.879,0.780,0.629,0.4935,-0.0046,7.74,-0.00906,0.199,0.419,0.000,-0.3055,-0.2693,TRACKING,L+C+R_fused
1786994850.388,0.0,0.888,0.781,0.630,0.4959,-0.0046,7.70,-0.01628,0.198,0.433,0.000,-0.3074,-0.2674,TRACKING,L+C+R_fused
1786994850.403,0.0,0.887,0.781,0.630,0.4956,-0.0046,7.72,-0.01535,0.198,0.446,0.000,-0.3072,-0.2645,TRACKING,L+C+R_fused
1786994850.418,0.0,0.882,0.781,0.630,0.4950,-0.0046,7.72,-0.01492,0.199,0.459,0.000,-0.3073,-0.2617,TRACKING,L+C+R_fused
1786994850.450,0.0,0.881,0.782,0.630,0.4949,-0.0046,7.71,-0.01496,0.199,0.471,0.000,-0.3076,-0.2592,TRACKING,L+C+R_fused
1786994850.479,0.0,0.880,0.781,0.630,0.4952,-0.0046,7.71,-0.01624,0.198,0.483,0.000,-0.3073,-0.2564,TRACKING,L+C+R_fused
1786994850.497,0.0,0.879,0.781,0.630,0.4950,-0.0045,7.71,-0.01598,0.198,0.493,0.000,-0.3071,-0.2538,TRACKING,L+C+R_fused
1786994850.513,0.0,0.880,0.781,0.630,0.4952,-0.0046,7.70,-0.01684,0.198,0.504,0.000,-0.3074,-0.2516,TRACKING,L+C+R_fused
1786994850.528,0.0,0.880,0.781,0.630,0.4952,-0.0046,7.70,-0.01619,0.198,0.514,0.000,-0.3073,-0.2493,TRACKING,L+C+R_fused
1786994850.556,0.0,0.877,0.781,0.630,0.4958,-0.0046,7.67,-0.01823,0.198,0.523,0.000,-0.3077,-0.2475,TRACKING,L+C+R_fused
1786994850.576,0.0,0.876,0.781,0.630,0.4956,-0.0047,7.69,-0.01632,0.198,0.532,0.000,-0.3076,-0.2455,TRACKING,L+C+R_fused
1786994850.595,0.0,0.876,0.781,0.630,0.4957,-0.0047,7.69,-0.01614,0.198,0.540,0.000,-0.3078,-0.2436,TRACKING,L+C+R_fused
1786994850.616,0.0,0.876,0.782,0.630,0.4956,-0.0047,7.68,-0.01658,0.198,0.548,0.000,-0.3079,-0.2419,TRACKING,L+C+R_fused
1786994850.637,0.0,0.879,0.781,0.627,0.4943,-0.0046,7.75,-0.01135,0.199,0.556,0.000,-0.3062,-0.2391,TRACKING,L+C+R_fused
1786994850.658,0.0,0.879,0.782,0.627,0.4942,-0.0046,7.75,-0.01099,0.199,0.563,0.000,-0.3064,-0.2374,TRACKING,L+C+R_fused
1786994850.695,0.0,0.879,0.781,0.627,0.4946,-0.0047,7.67,-0.01611,0.198,0.570,0.000,-0.3071,-0.2363,TRACKING,L+C+R_fused
1786994850.713,0.0,0.879,0.781,0.624,0.4948,-0.0046,7.70,-0.01478,0.199,0.576,0.000,-0.3066,-0.2345,TRACKING,L+C+R_fused
1786994850.734,0.0,0.879,0.781,0.624,0.4947,-0.0046,7.70,-0.01461,0.199,0.583,0.000,-0.3068,-0.2333,TRACKING,L+C+R_fused
1786994850.754,0.0,0.879,0.781,0.624,0.4947,-0.0046,7.70,-0.01485,0.199,0.588,0.000,-0.3070,-0.2320,TRACKING,L+C+R_fused
1786994850.771,0.0,0.877,0.781,0.624,0.4950,-0.0045,7.74,-0.01290,0.199,0.594,0.000,-0.3063,-0.2304,TRACKING,L+C+R_fused
1786994850.782,0.0,0.878,0.782,0.627,0.4945,-0.0047,7.66,-0.01691,0.198,0.599,0.000,-0.3078,-0.2300,TRACKING,L+C+R_fused
1786994850.812,0.0,0.876,0.782,0.627,0.4942,-0.0047,7.67,-0.01648,0.198,0.604,0.000,-0.3077,-0.2289,TRACKING,L+C+R_fused
1786994850.826,0.0,0.876,0.781,0.627,0.4944,-0.0046,7.68,-0.01633,0.198,0.609,0.000,-0.3073,-0.2276,TRACKING,L+C+R_fused
1786994850.837,0.0,0.876,0.781,0.627,0.4945,-0.0044,7.73,-0.01516,0.198,0.614,0.000,-0.3061,-0.2258,TRACKING,L+C+R_fused
1786994850.853,0.0,0.873,0.778,0.627,0.4937,-0.0038,7.75,-0.00826,0.199,0.618,0.000,-0.2979,-0.2196,TRACKING,L+C+R_fused
1786994850.869,0.0,0.879,0.780,0.628,0.4968,-0.0038,7.64,-0.01899,0.198,0.622,0.000,-0.2997,-0.2190,TRACKING,L+C+R_fused
1786994850.897,0.0,0.882,0.780,0.625,0.4958,-0.0039,7.57,-0.02390,0.198,0.626,0.000,-0.3002,-0.2185,TRACKING,L+C+R_fused
1786994850.917,0.0,0.885,0.779,0.625,0.4949,-0.0039,7.59,-0.02261,0.198,0.630,0.000,-0.3003,-0.2178,TRACKING,L+C+R_fused
1786994850.957,39.8,0.884,0.780,0.625,0.4950,-0.0039,7.62,-0.01998,0.198,0.633,0.000,-0.3000,-0.2169,TRACKING,L+C+R_fused
1786994850.984,39.8,0.884,0.780,0.625,0.4950,-0.0039,7.61,-0.02149,0.198,0.637,0.000,-0.3000,-0.2161,TRACKING,L+C+R_fused
1786994851.000,39.8,0.884,0.780,0.625,0.4950,-0.0039,7.62,-0.02095,0.198,0.640,0.000,-0.2999,-0.2153,TRACKING,L+C+R_fused
1786994851.019,39.8,0.884,0.780,0.625,0.4950,-0.0039,7.66,-0.01662,0.198,0.643,0.000,-0.2991,-0.2142,TRACKING,L+C+R_fused
1786994851.034,39.8,0.884,0.780,0.626,0.4949,-0.0039,7.65,-0.01782,0.198,0.646,0.000,-0.2994,-0.2136,TRACKING,L+C+R_fused
1786994851.061,39.8,0.885,0.781,0.626,0.4949,-0.0042,7.55,-0.02200,0.198,0.648,0.000,-0.3012,-0.2141,TRACKING,L+C+R_fused
1786994851.077,39.8,0.884,0.782,0.626,0.4947,-0.0042,7.64,-0.01428,0.199,0.651,0.000,-0.3007,-0.2135,TRACKING,L+C+R_fused
1786994851.098,39.8,0.882,0.782,0.624,0.4977,-0.0045,7.69,-0.01052,0.199,0.653,0.000,-0.3032,-0.2144,TRACKING,L+C+R_fused
1786994851.117,39.8,0.880,0.781,0.628,0.4950,-0.0047,7.80,0.00094,0.200,0.656,0.000,-0.3038,-0.2145,TRACKING,L+C+R_fused
1786994851.142,39.8,0.874,0.780,0.629,0.4957,-0.0049,7.74,-0.00037,0.200,0.658,0.000,-0.3034,-0.2138,TRACKING,L+C+R_fused
1786994851.148,39.8,0.874,0.782,0.628,0.4990,-0.0056,7.71,0.00106,0.200,0.660,0.000,-0.3098,-0.2171,TRACKING,L+C+R_fused
1786994851.167,39.8,0.872,0.780,0.626,0.4993,-0.0062,7.65,-0.00095,0.200,0.662,0.000,-0.3131,-0.2191,TRACKING,L+C+R_fused
1786994851.188,39.8,0.871,0.780,0.628,0.5015,-0.0071,7.67,0.00753,0.199,0.664,0.000,-0.3230,-0.2248,TRACKING,L+C+R_fused
1786994851.213,39.8,0.865,0.781,0.630,0.5039,-0.0078,7.75,0.01849,0.198,0.666,0.000,-0.3342,-0.2318,TRACKING,L+C+R_fused
1786994851.229,39.8,0.862,0.781,0.633,0.5073,-0.0095,7.72,0.02890,0.197,0.667,0.000,-0.3507,-0.2420,TRACKING,L+C+R_fused
1786994851.250,39.8,0.867,0.783,0.632,0.5098,-0.0110,7.74,0.04155,0.196,0.669,0.000,-0.3676,-0.2529,TRACKING,L+C+R_fused
1786994851.270,39.8,0.856,0.781,0.629,0.5127,-0.0126,7.59,0.02714,0.197,0.671,0.000,-0.3754,-0.2588,TRACKING,L+C+R_fused
1786994851.291,39.8,0.866,0.779,0.629,0.5214,-0.0141,7.55,0.03573,0.196,0.672,0.000,-0.3898,-0.2676,TRACKING,L+C+R_fused
1786994851.313,39.8,0.869,0.782,0.630,0.5199,-0.0163,7.24,0.02059,0.198,0.673,0.000,-0.3970,-0.2729,TRACKING,L+C+R_fused
1786994851.331,39.8,0.873,0.784,0.630,0.5273,-0.0184,7.11,0.02490,0.198,0.675,0.000,-0.4134,-0.2828,TRACKING,L+C+R_fused
1786994851.351,39.8,0.868,0.781,0.632,0.5317,-0.0199,7.19,0.03956,0.196,0.676,0.000,-0.4331,-0.2951,TRACKING,L+C+R_fused
1786994851.375,39.8,0.878,0.783,0.634,0.5330,-0.0216,7.19,0.04409,0.196,0.677,0.000,-0.4498,-0.3062,TRACKING,L+C+R_fused
1786994851.388,39.8,0.868,0.786,0.635,0.5380,-0.0229,6.93,0.03462,0.197,0.678,0.000,-0.4511,-0.3084,TRACKING,L+C+R_fused
1786994851.408,39.8,0.864,0.782,0.630,0.5392,-0.0234,6.75,0.03720,0.196,0.679,0.000,-0.4512,-0.3084,TRACKING,L+C+R_fused
1786994851.431,39.8,0.863,0.783,0.627,0.5407,-0.0231,6.51,0.03087,0.197,0.680,0.000,-0.4391,-0.3011,TRACKING,L+C+R_fused
1786994851.450,39.8,0.867,0.781,0.623,0.5388,-0.0212,6.20,0.02271,0.198,0.681,0.000,-0.4109,-0.2836,TRACKING,L+C+R_fused
1786994851.472,39.8,0.864,0.778,0.620,0.5350,-0.0183,5.88,0.01428,0.199,0.682,0.000,-0.3723,-0.2587,TRACKING,L+C+R_fused
1786994851.490,39.8,0.860,0.777,0.618,0.5364,-0.0156,5.65,0.01287,0.199,0.683,0.000,-0.3390,-0.2355,TRACKING,L+C+R_fused
1786994851.511,39.8,0.845,0.784,0.616,0.5336,-0.0148,5.20,-0.00520,0.199,0.684,0.000,-0.3183,-0.2201,TRACKING,L+C+R_fused
1786994851.531,39.8,0.849,0.779,0.615,0.5353,-0.0156,4.99,-0.00480,0.200,0.685,0.000,-0.3191,-0.2181,TRACKING,L+C+R_fused
1786994851.551,39.8,0.851,0.778,0.616,0.5357,-0.0168,4.76,-0.01557,0.198,0.686,0.000,-0.3280,-0.2228,TRACKING,L+C+R_fused
1786994851.572,39.8,0.846,0.778,0.615,0.5345,-0.0180,4.75,-0.01172,0.199,0.686,0.000,-0.3376,-0.2288,TRACKING,L+C+R_fused
1786994851.593,39.8,0.849,0.782,0.616,0.5380,-0.0194,4.49,-0.02520,0.197,0.687,0.000,-0.3487,-0.2359,TRACKING,L+C+R_fused
1786994851.618,39.8,0.839,0.781,0.617,0.5379,-0.0208,4.11,-0.04847,0.195,0.688,0.000,-0.3625,-0.2445,TRACKING,L+C+R_fused
1786994851.634,39.8,0.826,0.775,0.618,0.5438,-0.0227,3.92,-0.05101,0.195,0.688,0.000,-0.3757,-0.2532,TRACKING,L+C+R_fused
1786994851.655,39.8,0.828,0.775,0.617,0.5458,-0.0249,3.45,-0.08073,0.192,0.689,0.000,-0.3984,-0.2671,TRACKING,L+C+R_fused
1786994851.679,39.8,0.819,0.773,0.616,0.5491,-0.0287,2.51,-0.14680,0.185,0.689,0.000,-0.4439,-0.2947,TRACKING,L+C+R_fused
1786994851.695,39.8,0.820,0.768,0.618,0.5516,-0.0314,2.19,-0.17326,0.183,0.690,0.000,-0.4776,-0.3175,TRACKING,L+C+R_fused
1786994851.716,39.8,0.825,0.760,0.620,0.5495,-0.0342,1.91,-0.19856,0.180,0.690,0.000,-0.5149,-0.3418,TRACKING,L+C+R_fused
1786994851.737,39.8,0.858,0.759,0.620,0.5529,-0.0375,0.67,-0.29960,0.170,0.691,0.000,-0.5812,-0.3821,TRACKING,L+C+R_fused
1786994851.757,39.8,0.859,0.746,0.622,0.5588,-0.0405,-0.09,-0.37031,0.163,0.691,0.000,-0.6109,-0.4046,TRACKING,L+C+R_fused
1786994851.782,39.8,0.866,0.742,0.621,0.5523,-0.0432,-1.03,-0.43525,0.156,0.692,0.000,-0.6660,-0.4383,TRACKING,L+C+R_fused
1786994851.797,39.8,0.852,0.733,0.620,0.5592,-0.0439,-2.63,-0.54819,0.150,0.692,0.000,-0.6861,-0.4540,TRACKING,L+C+R_fused
1786994851.821,39.8,0.855,0.717,0.620,0.5504,-0.0416,-3.17,-0.60971,0.150,0.693,0.000,-0.6464,-0.4341,TRACKING,L+C+R_fused
1786994851.837,39.8,0.871,0.712,0.617,0.5400,-0.0395,-3.94,-0.67608,0.150,0.693,0.000,-0.6007,-0.4055,TRACKING,L+C+R_fused
1786994851.858,39.8,0.845,0.701,0.619,0.5474,-0.0381,-5.09,-0.78171,0.150,0.693,0.000,-0.5559,-0.3762,TRACKING,L+C+R_fused
1786994851.879,39.8,0.854,0.702,0.618,0.5419,-0.0389,-6.43,-0.89939,0.150,0.694,0.000,-0.5359,-0.3607,TRACKING,L+C+R_fused
1786994851.899,39.8,0.868,0.699,0.621,0.5376,-0.0404,-7.48,-0.98291,0.150,0.694,0.000,-0.5331,-0.3568,TRACKING,L+C+R_fused
1786994851.920,39.8,0.884,0.696,0.622,0.5321,-0.0416,-8.46,-1.07795,0.150,0.694,0.000,-0.5300,-0.3546,TRACKING,L+C+R_fused
1786994851.940,39.8,0.899,0.689,0.629,0.5302,-0.0425,-8.85,-1.13822,0.150,0.695,0.000,-0.5386,-0.3592,TRACKING,L+C+R_fused
1786994851.961,49.8,0.906,0.687,0.632,0.5210,-0.0448,-9.65,-1.23264,0.150,0.695,0.000,-0.5581,-0.3709,TRACKING,L+C+R_fused
1786994851.981,49.8,0.918,0.689,0.633,0.5297,-0.0458,-10.39,-1.31700,0.150,0.695,0.000,-0.5591,-0.3732,TRACKING,L+C+R_fused
1786994852.001,49.8,0.920,0.690,0.638,0.5209,-0.0450,-10.97,-1.40600,0.150,0.695,0.000,-0.5405,-0.3634,TRACKING,L+C+R_fused
1786994852.022,49.8,0.928,0.697,0.636,0.5127,-0.0441,-12.50,-1.52191,0.150,0.696,0.000,-0.4918,-0.3348,TRACKING,L+C+R_fused
1786994852.043,49.8,0.925,0.700,0.635,0.4982,-0.0395,-11.83,-1.54121,0.150,0.696,0.000,-0.4482,-0.3064,TRACKING,L+C+R_fused
1786994852.064,49.8,0.947,0.707,0.639,0.4930,-0.0385,-12.20,-1.61004,0.150,0.696,0.000,-0.4310,-0.2927,TRACKING,L+C+R_fused
1786994852.085,49.8,0.376,0.714,0.644,0.4880,-0.0386,-12.01,-1.63651,0.150,0.696,0.000,-0.4439,-0.2980,TRACKING,L+C+R_fused
1786994852.105,49.8,0.000,0.722,0.647,0.5067,-0.0384,-11.79,-1.68838,0.150,0.696,0.000,-0.4584,-0.3071,TRACKING,R+C
1786994852.126,49.8,0.000,0.727,0.647,0.5098,-0.0371,-11.67,-1.73116,0.150,0.697,0.000,-0.4506,-0.3042,TRACKING,R+C
1786994852.147,49.8,0.000,0.734,0.649,0.5096,-0.0338,-11.68,-1.79246,0.150,0.697,0.000,-0.4083,-0.2805,TRACKING,R+C
1786994852.168,49.8,0.000,0.720,0.644,0.5068,-0.0238,-9.88,-1.77818,0.150,0.697,0.000,-0.3136,-0.2244,TRACKING,R+C
1786994852.186,49.8,0.000,0.728,0.643,0.4998,-0.0144,-8.93,-1.77673,0.150,0.697,0.000,-0.1923,-0.1484,TRACKING,R+C
1786994852.207,49.8,0.000,0.725,0.644,0.4951,-0.0064,-8.11,-1.78672,0.150,0.697,0.000,-0.0878,-0.0789,TRACKING,R+C
1786994852.230,49.8,0.000,0.731,0.644,0.4888,-0.0015,-7.28,-1.79018,0.150,0.697,0.000,-0.0381,-0.0410,TRACKING,R+C
1786994852.242,49.8,0.000,0.733,0.642,0.4875,-0.0011,-6.54,-1.81913,0.150,0.697,0.000,-0.0674,-0.0522,TRACKING,R+C
1786994852.258,49.8,0.000,0.736,0.641,0.4881,-0.0012,-5.93,-1.86162,0.150,0.698,0.000,-0.1038,-0.0746,TRACKING,R+C
1786994852.279,49.8,0.000,0.734,0.636,0.4960,0.0027,-3.78,-1.79583,0.150,0.698,0.000,-0.1164,-0.0852,TRACKING,R+C
1786994852.299,49.8,0.000,0.732,0.635,0.4871,0.0079,-2.43,-1.76960,0.150,0.698,0.000,-0.0778,-0.0654,TRACKING,R+C
1786994852.320,49.8,0.000,0.730,0.631,0.4925,0.0133,-1.44,-1.75247,0.150,0.698,0.000,-0.0232,-0.0321,TRACKING,R+C
1786994852.330,49.8,0.000,0.735,0.628,0.4778,0.0173,-0.49,-1.72798,0.150,0.698,0.000,0.0112,-0.0081,TRACKING,R+C
1786994852.350,49.8,0.000,0.730,0.628,0.4829,0.0179,0.09,-1.71268,0.150,0.698,0.000,-0.0009,-0.0114,TRACKING,R+C
1786994852.371,49.8,0.000,0.725,0.629,0.5113,0.0165,1.02,-1.70566,0.150,0.698,0.000,-0.0663,-0.0488,TRACKING,R+C
1786994852.381,49.8,0.000,0.730,0.633,0.5352,0.0148,2.63,-1.63010,0.150,0.698,0.000,-0.1547,-0.1038,TRACKING,R+C
1786994852.402,49.8,0.000,0.733,0.634,0.5455,0.0117,3.77,-1.58539,0.150,0.698,0.000,-0.2516,-0.1660,TRACKING,R+C
1786994852.415,49.8,0.000,0.727,0.676,0.5762,0.0080,4.22,-1.62320,0.150,0.698,0.000,-0.3396,-0.2244,TRACKING,R+C
1786994852.433,49.8,0.000,0.727,0.724,0.5366,0.0035,4.88,-1.60357,0.150,0.699,0.000,-0.4366,-0.2868,TRACKING,R+C
1786994852.451,49.8,0.000,0.727,0.724,0.5366,0.0028,3.90,-1.28286,0.150,0.699,0.000,-0.4366,-0.2959,TRACKING,prediction
1786994852.471,49.8,0.000,0.727,0.724,0.5366,0.0022,3.12,-1.02629,0.150,0.699,0.000,-0.4366,-0.2973,TRACKING,prediction
1786994852.492,49.8,0.000,0.727,0.724,0.5366,0.0018,2.50,-0.82103,0.150,0.699,0.000,-0.4366,-0.2975,TRACKING,prediction
1786994852.512,49.8,0.000,0.727,0.724,0.5366,0.0014,2.00,-0.65682,0.150,0.699,0.000,-0.4366,-0.2975,TRACKING,prediction
1786994852.532,49.8,0.000,0.727,0.724,0.5366,0.0011,1.60,-0.52546,0.150,0.699,0.000,-0.4366,-0.2975,TRACKING,prediction
1786994852.556,49.8,0.000,0.727,0.724,0.5366,0.0009,1.28,-0.42037,0.150,0.699,0.000,-0.4366,-0.2975,TRACKING,prediction
1786994852.575,49.8,0.000,0.727,0.724,0.5366,0.0007,1.02,-0.33629,0.150,0.699,0.000,-0.4366,-0.2975,TRACKING,prediction
1786994852.595,49.8,0.000,0.727,0.724,0.5366,0.0006,0.82,-0.26903,0.150,0.691,0.000,-0.4366,-0.2974,TRACKING,prediction
1786994852.616,49.8,0.000,0.727,0.724,0.5366,0.0005,0.66,-0.21523,0.150,0.676,0.000,-0.4366,-0.2994,TRACKING,prediction
1786994852.636,49.8,0.000,0.727,0.724,0.5366,0.0004,0.52,-0.17218,0.150,0.656,0.000,-0.4366,-0.3038,TRACKING,prediction
1786994852.657,49.8,0.000,0.727,0.724,0.5366,0.0003,0.42,-0.13775,0.150,0.632,0.000,-0.4366,-0.3097,TRACKING,prediction
1786994852.678,49.8,0.000,0.727,0.724,0.5366,0.0002,0.34,-0.11020,0.150,0.590,0.000,-0.4366,-0.3167,UNCERTAIN,prediction
1786994852.699,49.8,0.000,0.727,0.724,0.5366,0.0002,0.27,-0.08816,0.150,0.560,0.000,-0.4366,-0.3289,UNCERTAIN,prediction
1786994852.721,49.8,0.000,0.727,0.724,0.5366,0.0002,0.21,-0.07053,0.150,0.539,0.000,-0.4366,-0.3385,UNCERTAIN,prediction
1786994852.740,49.8,0.000,0.727,0.724,0.5366,0.0001,0.17,-0.05642,0.150,0.518,0.000,-0.4366,-0.3453,UNCERTAIN,prediction
1786994852.761,49.8,0.000,0.727,0.724,0.5366,0.0001,0.14,-0.04514,0.150,0.497,0.000,-0.4366,-0.3517,UNCERTAIN,prediction
1786994852.785,49.8,0.000,0.727,0.724,0.5366,0.0001,0.11,-0.03611,0.150,0.475,0.000,-0.4366,-0.3581,UNCERTAIN,prediction
1786994852.802,49.8,0.000,0.788,0.773,0.6352,-0.0574,11.36,-1.07906,0.150,0.487,0.000,-1.0000,-0.7448,TRACKING,R+C
1786994852.823,49.8,0.000,0.788,0.773,0.6352,-0.0459,9.09,-0.86325,0.150,0.497,0.000,-1.0000,-0.7944,TRACKING,prediction
1786994852.842,49.8,0.000,0.788,0.773,0.6352,-0.0367,7.27,-0.69060,0.150,0.507,0.000,-1.0000,-0.7959,TRACKING,prediction
1786994852.864,49.8,0.000,0.788,0.773,0.6352,-0.0294,5.82,-0.55248,0.150,0.517,0.000,-1.0000,-0.7905,TRACKING,prediction
1786994852.883,49.8,0.000,0.788,0.773,0.6352,-0.0235,4.65,-0.44198,0.150,0.526,0.000,-1.0000,-0.7843,TRACKING,prediction
1786994852.903,49.8,0.000,0.788,0.773,0.6352,-0.0188,3.72,-0.35359,0.150,0.535,0.000,-1.0000,-0.7783,TRACKING,prediction
1786994852.913,49.8,0.000,0.788,0.773,0.6352,-0.0150,2.98,-0.28287,0.150,0.543,0.000,-1.0000,-0.7725,TRACKING,prediction
1786994852.934,49.8,0.000,0.788,0.773,0.6352,-0.0120,2.38,-0.22630,0.150,0.551,0.000,-1.0000,-0.7671,TRACKING,prediction
1786994852.956,49.8,0.000,0.796,0.784,0.6151,-0.0595,10.15,-0.99991,0.150,0.558,0.000,-1.0000,-0.7614,TRACKING,R+C
1786994852.971,51.5,0.000,0.796,0.784,0.6151,-0.0476,8.12,-0.79993,0.150,0.565,0.000,-1.0000,-0.7564,TRACKING,prediction
1786994852.992,51.5,0.000,0.796,0.784,0.6151,-0.0381,6.49,-0.63994,0.150,0.572,0.000,-1.0000,-0.7517,TRACKING,prediction
1786994853.012,51.5,0.000,0.796,0.784,0.6151,-0.0304,5.20,-0.51196,0.150,0.579,0.000,-1.0000,-0.7473,TRACKING,prediction
1786994853.033,51.5,0.000,0.796,0.784,0.6151,-0.0244,4.16,-0.40956,0.150,0.585,0.000,-1.0000,-0.7430,TRACKING,prediction
1786994853.053,51.5,0.000,0.796,0.784,0.6151,-0.0195,3.33,-0.32765,0.150,0.590,0.000,-1.0000,-0.7390,TRACKING,prediction
1786994853.076,51.5,0.000,0.796,0.784,0.6151,-0.0156,2.66,-0.26212,0.150,0.596,0.000,-1.0000,-0.7351,TRACKING,prediction
1786994853.094,51.5,0.000,0.796,0.784,0.6151,-0.0125,2.13,-0.20970,0.150,0.601,0.000,-1.0000,-0.7315,TRACKING,prediction
1786994853.106,51.5,0.000,0.796,0.784,0.6151,-0.0100,1.70,-0.16776,0.150,0.606,0.000,-1.0000,-0.7280,TRACKING,prediction
1786994853.126,51.5,0.000,0.796,0.784,0.6151,-0.0080,1.36,-0.13421,0.150,0.611,0.000,-1.0000,-0.7247,TRACKING,prediction
1786994853.147,51.5,0.000,0.796,0.784,0.6151,-0.0064,1.09,-0.10736,0.150,0.613,0.000,-1.0000,-0.7216,TRACKING,prediction
1786994853.171,51.5,0.000,0.796,0.784,0.6151,-0.0051,0.87,-0.08589,0.150,0.614,0.000,-1.0000,-0.7197,TRACKING,prediction
1786994853.188,51.5,0.000,0.796,0.784,0.6151,-0.0041,0.70,-0.06871,0.150,0.609,0.000,-1.0000,-0.7190,TRACKING,prediction
1786994853.209,51.5,0.000,0.796,0.784,0.6151,-0.0033,0.56,-0.05497,0.150,0.597,0.000,-1.0000,-0.7216,TRACKING,prediction
1786994853.232,51.5,0.000,0.796,0.784,0.6151,-0.0026,0.45,-0.04398,0.150,0.565,0.000,-1.0000,-0.7290,UNCERTAIN,prediction
1786994853.246,51.5,0.000,0.796,0.784,0.6151,-0.0021,0.36,-0.03518,0.150,0.542,0.000,-1.0000,-0.7481,UNCERTAIN,prediction
1786994853.263,51.5,0.000,0.796,0.784,0.6151,-0.0017,0.29,-0.02815,0.150,0.526,0.000,-1.0000,-0.7635,UNCERTAIN,prediction
1786994853.284,51.5,0.000,0.796,0.784,0.6151,-0.0013,0.23,-0.02252,0.150,0.507,0.000,-1.0000,-0.7750,UNCERTAIN,prediction
1786994853.304,51.5,0.000,0.796,0.784,0.6151,-0.0011,0.18,-0.01801,0.150,0.487,0.000,-1.0000,-0.7873,UNCERTAIN,prediction
1786994853.325,51.5,0.000,0.796,0.784,0.6151,-0.0009,0.15,-0.01441,0.150,0.466,0.000,-1.0000,-0.8004,UNCERTAIN,prediction
1786994853.345,51.5,0.000,0.796,0.784,0.6151,-0.0007,0.12,-0.01153,0.150,0.445,0.000,-1.0000,-0.8139,UNCERTAIN,prediction
1786994853.365,51.5,0.000,0.796,0.784,0.6151,-0.0005,0.09,-0.00922,0.150,0.425,0.000,-1.0000,-0.8274,UNCERTAIN,prediction
1786994853.394,51.5,0.000,0.796,0.784,0.6151,-0.0004,0.07,-0.00738,0.150,0.405,0.000,-1.0000,-0.8407,UNCERTAIN,prediction
1786994853.415,51.5,0.000,0.796,0.784,0.6151,-0.0004,0.06,-0.00590,0.150,0.385,0.000,-1.0000,-0.8538,UNCERTAIN,prediction
1786994853.435,51.5,0.000,0.869,0.774,0.5736,-0.0960,7.09,-0.57557,0.150,0.401,0.000,-1.0000,-0.8666,TRACKING,R+C
1786994853.456,51.5,0.000,0.866,0.780,0.5684,-0.0929,6.62,-0.58125,0.150,0.416,0.000,-1.0000,-0.8596,TRACKING,R+C
1786994853.476,51.5,0.000,0.868,0.781,0.5643,-0.0888,6.58,-0.55135,0.150,0.430,0.000,-1.0000,-0.8501,TRACKING,R+C
1786994853.497,51.5,0.000,0.861,0.786,0.5572,-0.0856,5.62,-0.61005,0.150,0.444,0.000,-1.0000,-0.8405,TRACKING,R+C
1786994853.518,51.5,0.000,0.861,0.786,0.5572,-0.0685,4.50,-0.48804,0.150,0.456,0.000,-1.0000,-0.8317,TRACKING,prediction
1786994853.539,51.5,0.000,0.861,0.786,0.5572,-0.0548,3.60,-0.39043,0.150,0.469,0.000,-1.0000,-0.8232,TRACKING,prediction
1786994853.559,51.5,0.000,0.861,0.786,0.5572,-0.0438,2.88,-0.31234,0.150,0.480,0.000,-1.0000,-0.8152,TRACKING,prediction
1786994853.579,51.5,0.000,0.843,0.794,0.5479,-0.0637,5.22,-0.55354,0.150,0.491,0.000,-1.0000,-0.8060,TRACKING,R+C
1786994853.602,51.5,0.000,0.842,0.801,0.5421,-0.0584,4.53,-0.60872,0.150,0.502,0.000,-1.0000,-0.7983,TRACKING,R+C
1786994853.620,51.5,0.000,0.842,0.801,0.5421,-0.0467,3.63,-0.48697,0.150,0.512,0.000,-1.0000,-0.7913,TRACKING,prediction
1786994853.643,51.5,0.000,0.842,0.801,0.5421,-0.0374,2.90,-0.38958,0.150,0.521,0.000,-1.0000,-0.7847,TRACKING,prediction
1786994853.661,51.5,0.000,0.842,0.801,0.5421,-0.0299,2.32,-0.31166,0.150,0.530,0.000,-1.0000,-0.7784,TRACKING,prediction
1786994853.685,51.5,0.000,0.842,0.801,0.5421,-0.0239,1.86,-0.24933,0.150,0.538,0.000,-1.0000,-0.7725,TRACKING,prediction
1786994853.702,51.5,0.000,0.842,0.801,0.5421,-0.0191,1.49,-0.19946,0.150,0.546,0.000,-1.0000,-0.7668,TRACKING,prediction
1786994853.723,51.5,0.376,0.821,0.802,0.5421,-0.0187,3.21,-0.66531,0.150,0.554,0.000,-0.5591,-0.4807,TRACKING,L+C+R_fused
1786994853.747,51.5,0.376,0.821,0.802,0.5421,-0.0150,2.56,-0.53225,0.150,0.561,0.000,-0.5591,-0.4358,TRACKING,prediction
1786994853.763,51.5,0.755,0.827,0.821,0.5145,-0.0050,3.06,-0.66931,0.150,0.568,0.000,-0.3418,-0.2887,TRACKING,L+C+R_fused
1786994853.787,51.5,0.688,0.826,0.820,0.5222,-0.0006,3.03,-0.67065,0.150,0.575,0.000,-0.2664,-0.2179,TRACKING,L+C+R_fused
1786994853.804,51.5,0.648,0.833,0.813,0.5159,0.0011,2.70,-0.70027,0.150,0.581,0.000,-0.2272,-0.1816,TRACKING,L+C+R_fused
1786994853.825,51.5,0.357,0.826,0.823,0.5090,0.0013,3.03,-0.68395,0.150,0.587,0.000,-0.2364,-0.1812,TRACKING,L+C+R_fused
1786994853.847,51.5,0.356,0.824,0.818,0.5246,-0.0008,3.51,-0.65785,0.150,0.593,0.000,-0.2886,-0.2129,TRACKING,L+C+R_fused
1786994853.867,51.5,0.635,0.824,0.824,0.5397,-0.0041,3.74,-0.65420,0.150,0.598,0.000,-0.3520,-0.2559,TRACKING,L+C+R_fused
1786994853.888,51.5,0.365,0.824,0.815,0.5349,-0.0066,3.93,-0.65893,0.150,0.603,0.000,-0.4017,-0.2917,TRACKING,L+C+R_fused
1786994853.906,51.5,0.656,0.826,0.815,0.5513,-0.0092,4.09,-0.65770,0.150,0.608,0.000,-0.4481,-0.3242,TRACKING,L+C+R_fused
1786994853.926,51.5,0.000,0.829,0.812,0.5179,-0.0104,4.04,-0.67404,0.150,0.613,0.000,-0.4677,-0.3397,TRACKING,R+C
1786994853.947,51.5,0.000,0.829,0.812,0.5179,-0.0083,3.23,-0.53923,0.150,0.617,0.000,-0.4677,-0.3407,TRACKING,prediction
1786994853.968,51.5,0.578,0.827,0.802,0.5775,-0.0089,4.33,-0.66324,0.150,0.621,0.000,-0.4544,-0.3317,TRACKING,L+C+R_fused
1786994853.989,49.1,0.000,0.829,0.811,0.5228,-0.0087,4.16,-0.68616,0.150,0.625,0.000,-0.4480,-0.3255,TRACKING,R+C
1786994854.009,49.1,0.799,0.826,0.809,0.5535,-0.0127,3.15,-0.76492,0.150,0.629,0.000,-0.4824,-0.3442,TRACKING,L+C+R_fused
1786994854.030,49.1,0.664,0.816,0.811,0.5624,-0.0144,4.04,-0.72178,0.150,0.632,0.000,-0.5362,-0.3779,TRACKING,L+C+R_fused
1786994854.050,49.1,0.583,0.818,0.810,0.6501,-0.0184,4.04,-0.73880,0.150,0.636,0.000,-0.5957,-0.4172,TRACKING,L+C+R_fused
1786994854.071,49.1,0.669,0.825,0.805,0.4711,-0.0206,4.18,-0.74876,0.150,0.639,0.000,-0.6325,-0.4435,TRACKING,L+C+R_fused
1786994854.093,49.1,0.705,0.821,0.814,0.4843,-0.0213,3.96,-0.78557,0.150,0.642,0.000,-0.6389,-0.4501,TRACKING,L+C+R_fused
1786994854.112,49.1,0.808,0.822,0.812,0.5602,-0.0190,4.16,-0.77461,0.150,0.645,0.000,-0.6129,-0.4347,TRACKING,L+C+R_fused
1786994854.133,49.1,0.732,0.816,0.818,0.4955,-0.0154,3.64,-0.82939,0.150,0.648,0.000,-0.5512,-0.3954,TRACKING,L+C+R_fused
1786994854.156,49.1,0.732,0.816,0.818,0.4955,-0.0123,2.91,-0.66351,0.150,0.650,0.000,-0.5512,-0.3887,TRACKING,prediction
1786994854.179,49.1,0.732,0.816,0.818,0.4955,-0.0098,2.33,-0.53081,0.150,0.653,0.000,-0.5512,-0.3868,TRACKING,prediction
1786994854.192,49.1,0.732,0.816,0.818,0.4955,-0.0079,1.86,-0.42465,0.150,0.655,0.000,-0.5512,-0.3857,TRACKING,prediction
1786994854.217,49.1,0.732,0.816,0.818,0.4955,-0.0063,1.49,-0.33972,0.150,0.657,0.000,-0.5512,-0.3848,TRACKING,prediction
1786994854.244,49.1,0.943,0.816,0.834,0.5216,-0.0039,3.56,-0.92228,0.150,0.660,0.000,-0.3864,-0.2889,TRACKING,L+C+R_fused
1786994854.275,49.1,0.936,0.800,0.834,0.5050,0.0012,2.83,-1.01836,0.150,0.662,0.000,-0.2884,-0.2177,TRACKING,L+C+R_fused
1786994854.295,49.1,0.914,0.802,0.843,0.5001,0.0076,2.64,-1.02394,0.150,0.663,0.000,-0.1709,-0.1386,TRACKING,L+C+R_fused
1786994854.319,49.1,0.905,0.814,0.851,0.4986,0.0136,2.27,-1.03618,0.150,0.665,0.000,-0.0506,-0.0568,TRACKING,L+C+R_fused
1786994854.337,49.1,0.885,0.805,0.853,0.4941,0.0236,3.50,-0.95400,0.150,0.667,0.000,0.0855,0.0348,TRACKING,L+C+R_fused
1786994854.357,49.1,0.871,0.800,0.854,0.4915,0.0310,3.19,-0.98769,0.150,0.669,0.000,0.2233,0.1288,TRACKING,L+C+R_fused
1786994854.379,49.1,0.818,0.804,0.865,0.4894,0.0389,3.22,-0.99012,0.150,0.670,0.000,0.3546,0.2192,TRACKING,L+C+R_fused
1786994854.397,49.1,0.768,0.803,0.871,0.4870,0.0455,2.85,-1.03947,0.150,0.672,0.000,0.4657,0.2970,TRACKING,L+C+R_fused
1786994854.418,49.1,0.831,0.806,0.879,0.4832,0.0502,2.99,-1.02885,0.150,0.673,0.000,0.5333,0.3475,TRACKING,L+C+R_fused
1786994854.441,49.1,0.838,0.810,0.889,0.4844,0.0532,3.18,-1.01621,0.150,0.675,0.000,0.5724,0.3773,TRACKING,L+C+R_fused
1786994854.460,49.1,0.837,0.810,0.888,0.4863,0.0547,3.18,-1.02713,0.150,0.676,0.000,0.5912,0.3921,TRACKING,L+C+R_fused
1786994854.480,49.1,0.822,0.798,0.882,0.4875,0.0587,3.30,-1.03637,0.150,0.677,0.000,0.6412,0.4226,TRACKING,L+C+R_fused
1786994854.501,49.1,0.815,0.792,0.887,0.4871,0.0661,3.78,-1.02207,0.150,0.678,0.000,0.7232,0.4737,TRACKING,L+C+R_fused
1786994854.524,49.1,0.752,0.787,0.877,0.4842,0.0733,3.95,-1.02198,0.150,0.679,0.000,0.8037,0.5269,TRACKING,L+C+R_fused
1786994854.546,49.1,0.728,0.791,0.891,0.4824,0.0792,4.06,-1.02021,0.150,0.680,0.000,0.8654,0.5695,TRACKING,L+C+R_fused
1786994854.563,49.1,0.738,0.797,0.894,0.4812,0.0825,4.31,-1.02767,0.150,0.681,0.000,0.8919,0.5903,TRACKING,L+C+R_fused
1786994854.584,49.1,0.805,0.797,0.900,0.4840,0.0833,4.88,-0.99684,0.150,0.682,0.000,0.8884,0.5909,TRACKING,L+C+R_fused
1786994854.603,49.1,0.842,0.783,0.890,0.4865,0.0797,4.61,-1.05110,0.150,0.683,0.000,0.8520,0.5697,TRACKING,L+C+R_fused
1786994854.645,49.1,0.804,0.780,0.874,0.4894,0.0748,3.94,-1.14340,0.150,0.684,0.000,0.8066,0.5401,TRACKING,L+C+R_fused
1786994854.667,49.1,0.839,0.772,0.868,0.4935,0.0736,4.69,-1.14551,0.150,0.685,0.000,0.7705,0.5147,TRACKING,L+C+R_fused
1786994854.686,49.1,0.871,0.767,0.864,0.4972,0.0706,4.98,-1.16078,0.150,0.685,0.000,0.7226,0.4832,TRACKING,L+C+R_fused
1786994854.706,49.1,0.891,0.767,0.861,0.5024,0.0677,5.58,-1.14777,0.150,0.686,0.000,0.6670,0.4463,TRACKING,L+C+R_fused
1786994854.726,49.1,0.918,0.772,0.862,0.5041,0.0652,6.00,-1.14089,0.150,0.687,0.000,0.6193,0.4129,TRACKING,L+C+R_fused
1786994854.747,49.1,0.929,0.764,0.858,0.4994,0.0621,6.02,-1.17602,0.150,0.688,0.000,0.5699,0.3790,TRACKING,L+C+R_fused
1786994854.768,49.1,0.736,0.758,0.848,0.4950,0.0573,5.45,-1.27210,0.150,0.688,0.000,0.5077,0.3377,TRACKING,L+C+R_fused
1786994854.789,49.1,0.000,0.757,0.828,0.4704,0.0533,4.95,-1.35440,0.150,0.689,0.000,0.4530,0.2997,TRACKING,R+C
1786994854.809,49.1,0.000,0.754,0.830,0.4768,0.0515,6.26,-1.29774,0.150,0.689,0.000,0.3800,0.2520,TRACKING,R+C
1786994854.820,49.1,0.000,0.756,0.831,0.4841,0.0484,6.57,-1.30084,0.150,0.690,0.000,0.3139,0.2068,TRACKING,R+C
1786994854.843,49.1,0.000,0.758,0.829,0.4867,0.0463,7.13,-1.27368,0.150,0.690,0.000,0.2590,0.1686,TRACKING,R+C
1786994854.862,49.1,0.000,0.753,0.823,0.4894,0.0448,6.77,-1.36049,0.150,0.691,0.000,0.2340,0.1482,TRACKING,R+C
1786994854.875,49.1,0.000,0.751,0.822,0.4909,0.0457,6.28,-1.43347,0.150,0.691,0.000,0.2584,0.1589,TRACKING,R+C
1786994854.895,49.1,0.000,0.751,0.821,0.4919,0.0477,5.48,-1.53201,0.150,0.692,0.000,0.3096,0.1894,TRACKING,R+C
1786994854.915,49.1,0.000,0.756,0.820,0.4921,0.0539,7.21,-1.40947,0.150,0.692,0.000,0.3576,0.2213,TRACKING,R+C
1786994854.935,49.1,0.000,0.756,0.816,0.4917,0.0563,7.69,-1.37921,0.150,0.693,0.000,0.3820,0.2398,TRACKING,R+C
1786994854.956,49.1,0.000,0.748,0.817,0.4944,0.0551,7.78,-1.40287,0.150,0.693,0.000,0.3544,0.2265,TRACKING,R+C
1786994854.976,49.1,0.000,0.743,0.814,0.5004,0.0509,7.98,-1.43149,0.150,0.693,0.000,0.2698,0.1759,TRACKING,R+C
1786994854.986,49.1,0.000,0.742,0.816,0.5107,0.0463,8.59,-1.41569,0.150,0.694,0.000,0.1653,0.1087,TRACKING,R+C
1786994855.006,48.2,0.000,0.742,0.816,0.5107,0.0370,6.87,-1.13255,0.150,0.694,0.000,0.1653,0.0989,TRACKING,prediction
1786994855.031,48.2,0.000,0.742,0.816,0.5107,0.0296,5.50,-0.90604,0.150,0.694,0.000,0.1653,0.0974,TRACKING,prediction
1786994855.047,48.2,0.000,0.731,0.799,0.5398,0.0310,9.66,-1.43664,0.150,0.695,0.000,-0.1606,-0.0879,TRACKING,R+C
1786994855.068,48.2,0.000,0.738,0.794,0.5523,0.0278,9.74,-1.45470,0.150,0.695,0.000,-0.2226,-0.1494,TRACKING,R+C
1786994855.088,48.2,0.000,0.733,0.794,0.5583,0.0267,9.23,-1.57247,0.150,0.695,0.000,-0.2403,-0.1687,TRACKING,R+C
1786994855.109,48.2,0.000,0.731,0.793,0.5592,0.0259,9.09,-1.64147,0.150,0.695,0.000,-0.2595,-0.1826,TRACKING,R+C
1786994855.129,48.2,0.000,0.728,0.786,0.5639,0.0249,9.55,-1.62573,0.150,0.696,0.000,-0.2947,-0.2041,TRACKING,R+C
1786994855.150,48.2,0.000,0.734,0.789,0.5699,0.0202,10.02,-1.60100,0.150,0.696,0.000,-0.3885,-0.2594,TRACKING,R+C
1786994855.170,48.2,0.000,0.728,0.782,0.5791,0.0162,11.26,-1.54910,0.150,0.696,0.000,-0.4962,-0.3273,TRACKING,R+C
1786994855.191,48.2,0.000,0.734,0.786,0.5878,0.0112,11.30,-1.60939,0.150,0.696,0.000,-0.5812,-0.3845,TRACKING,R+C
1786994855.212,48.2,0.000,0.736,0.787,0.5935,0.0091,11.69,-1.61664,0.150,0.696,0.000,-0.6264,-0.4179,TRACKING,R+C
1786994855.232,48.2,0.000,0.742,0.791,0.5885,0.0099,12.63,-1.53897,0.150,0.697,0.000,-0.6402,-0.4303,TRACKING,R+C
1786994855.253,48.2,0.000,0.739,0.788,0.5913,0.0103,11.75,-1.66698,0.150,0.697,0.000,-0.6209,-0.4217,TRACKING,R+C
1786994855.273,48.2,0.000,0.734,0.788,0.5933,0.0120,11.84,-1.72624,0.150,0.697,0.000,-0.6096,-0.4144,TRACKING,R+C
1786994855.294,48.2,0.000,0.730,0.790,0.6006,0.0124,11.64,-1.80137,0.150,0.697,0.000,-0.6073,-0.4122,TRACKING,R+C
1786994855.314,48.2,0.000,0.727,0.794,0.6081,0.0096,12.62,-1.70350,0.150,0.697,0.000,-0.6685,-0.4453,TRACKING,R+C
1786994855.335,48.2,0.000,0.724,0.790,0.6192,0.0048,12.87,-1.72317,0.150,0.697,0.000,-0.7412,-0.4902,TRACKING,R+C
1786994855.355,48.2,0.000,0.729,0.794,0.6289,-0.0002,13.28,-1.70449,0.150,0.697,0.000,-0.8107,-0.5349,TRACKING,R+C
1786994855.375,48.2,0.000,0.729,0.794,0.6289,-0.0001,10.62,-1.36359,0.150,0.698,0.000,-0.8107,-0.5414,TRACKING,prediction
1786994855.396,48.2,0.000,0.735,0.799,0.6384,-0.0015,15.66,-1.47524,0.150,0.698,0.000,-0.8729,-0.5762,TRACKING,R+C
1786994855.408,48.2,0.000,0.738,0.805,0.6352,0.0005,17.42,-1.27005,0.150,0.698,0.000,-0.8810,-0.5855,TRACKING,R+C
1786994855.433,48.2,0.000,0.738,0.805,0.6352,0.0004,13.93,-1.01604,0.150,0.698,0.000,-0.8810,-0.5868,TRACKING,prediction
1786994855.465,48.2,0.000,0.736,0.798,0.6377,0.0060,20.98,-0.82407,0.150,0.698,0.000,-0.8801,-0.5859,TRACKING,R+C
1786994855.485,48.2,0.000,0.739,0.800,0.6374,0.0077,23.08,-0.58842,0.150,0.698,0.000,-0.8984,-0.5955,TRACKING,R+C
1786994855.505,48.2,0.000,0.739,0.800,0.6374,0.0062,18.47,-0.47074,0.150,0.698,0.000,-0.8984,-0.5969,TRACKING,prediction
1786994855.528,48.2,0.000,0.739,0.800,0.6374,0.0049,14.77,-0.37659,0.150,0.698,0.000,-0.8984,-0.5971,TRACKING,prediction
1786994855.547,48.2,0.000,0.749,0.797,0.6352,0.0086,25.89,-0.20829,0.179,0.698,0.000,-0.7118,-0.4962,TRACKING,R+C
1786994855.568,48.2,0.000,0.748,0.792,0.6414,0.0085,26.44,-0.10716,0.189,0.698,0.000,-0.8443,-0.5522,TRACKING,R+C
1786994855.595,48.2,0.000,0.751,0.792,0.6476,0.0075,26.82,-0.02368,0.198,0.699,0.000,-0.7953,-0.5340,TRACKING,R+C
1786994855.616,48.2,0.000,0.751,0.792,0.6476,0.0060,21.46,-0.01894,0.198,0.699,0.000,-0.7953,-0.5313,TRACKING,prediction
1786994855.636,48.2,0.000,0.751,0.792,0.6476,0.0048,17.17,-0.01515,0.198,0.699,0.000,-0.7953,-0.5308,TRACKING,prediction
1786994855.657,48.2,0.000,0.751,0.792,0.6476,0.0039,13.73,-0.01212,0.198,0.699,0.000,-0.7953,-0.5307,TRACKING,prediction
1786994855.677,48.2,0.000,0.751,0.792,0.6476,0.0031,10.99,-0.00970,0.198,0.699,0.000,-0.7953,-0.5307,TRACKING,prediction
1786994855.701,48.2,0.000,0.751,0.792,0.6476,0.0025,8.79,-0.00776,0.198,0.699,0.000,-0.7953,-0.5306,TRACKING,prediction
1786994855.717,48.2,0.000,0.751,0.792,0.6476,0.0020,7.03,-0.00621,0.198,0.699,0.000,-0.7953,-0.5306,TRACKING,prediction
1786994855.737,48.2,0.000,0.751,0.792,0.6476,0.0016,5.62,-0.00497,0.198,0.699,0.000,-0.7953,-0.5306,TRACKING,prediction
1786994855.758,48.2,0.000,0.751,0.792,0.6476,0.0013,4.50,-0.00397,0.198,0.699,0.000,-0.7953,-0.5305,TRACKING,prediction
1786994855.779,48.2,0.000,0.751,0.792,0.6476,0.0010,3.60,-0.00318,0.198,0.694,0.000,-0.7953,-0.5305,TRACKING,prediction
1786994855.802,48.2,0.000,0.751,0.792,0.6476,0.0008,2.88,-0.00254,0.198,0.679,0.000,-0.7953,-0.5331,TRACKING,prediction
1786994855.820,48.2,0.000,0.751,0.792,0.6476,0.0006,2.30,-0.00203,0.198,0.660,0.000,-0.7953,-0.5399,TRACKING,prediction
1786994855.840,48.2,0.000,0.751,0.792,0.6476,0.0005,1.84,-0.00163,0.198,0.637,0.000,-0.7953,-0.5499,TRACKING,prediction
1786994855.858,48.2,0.000,0.751,0.792,0.6476,0.0004,1.47,-0.00130,0.198,0.593,0.000,-0.7953,-0.5619,UNCERTAIN,prediction
1786994855.880,48.2,0.000,0.784,0.771,0.6489,-0.0900,13.27,-0.10309,0.190,0.598,0.000,-1.0000,-0.7085,TRACKING,R+C
1786994855.901,48.2,0.000,0.790,0.771,0.6432,-0.0935,11.90,-0.14560,0.185,0.603,0.000,-1.0000,-0.7266,TRACKING,R+C
1786994855.921,48.2,0.000,0.784,0.751,0.6402,-0.0966,11.29,-0.14769,0.185,0.608,0.000,-1.0000,-0.7265,TRACKING,R+C
1786994855.942,48.2,0.000,0.784,0.751,0.6402,-0.0773,9.03,-0.11816,0.185,0.613,0.000,-1.0000,-0.7238,TRACKING,prediction
1786994855.963,48.2,0.000,0.784,0.751,0.6402,-0.0618,7.23,-0.09452,0.185,0.617,0.000,-1.0000,-0.7208,TRACKING,prediction
1786994855.983,48.2,0.000,0.784,0.751,0.6402,-0.0495,5.78,-0.07562,0.185,0.621,0.000,-1.0000,-0.7179,TRACKING,prediction
1786994856.005,48.2,0.000,0.784,0.751,0.6402,-0.0396,4.62,-0.06050,0.185,0.625,0.000,-1.0000,-0.7151,TRACKING,prediction
1786994856.024,48.2,0.000,0.784,0.751,0.6402,-0.0317,3.70,-0.04840,0.185,0.629,0.000,-1.0000,-0.7125,TRACKING,prediction
1786994856.044,48.2,0.000,0.752,0.787,0.5960,-0.0979,4.60,-0.41017,0.159,0.632,0.000,-1.0000,-0.7087,TRACKING,R+C
1786994856.066,48.2,0.000,0.752,0.793,0.5893,-0.0933,4.05,-0.40671,0.159,0.636,0.000,-1.0000,-0.7057,TRACKING,R+C
1786994856.074,48.2,0.000,0.751,0.797,0.5827,-0.0887,3.26,-0.44079,0.156,0.639,0.000,-1.0000,-0.7029,TRACKING,R+C
1786994856.094,48.2,0.000,0.747,0.799,0.5746,-0.0846,2.12,-0.50654,0.150,0.642,0.000,-1.0000,-0.7003,TRACKING,R+C
1786994856.115,48.2,0.000,0.747,0.799,0.5746,-0.0677,1.69,-0.40523,0.150,0.645,0.000,-1.0000,-0.6982,TRACKING,prediction
1786994856.137,48.2,0.000,0.729,0.809,0.5566,-0.0775,-1.57,-0.75885,0.150,0.648,0.000,-1.0000,-0.6953,TRACKING,R+C
1786994856.156,48.2,0.000,0.718,0.810,0.5487,-0.0705,-2.20,-0.81460,0.150,0.650,0.000,-1.0000,-0.6928,TRACKING,R+C
1786994856.176,48.2,0.000,0.711,0.816,0.5397,-0.0642,-3.17,-0.89758,0.150,0.653,0.000,-0.9381,-0.6553,TRACKING,R+C
1786994856.196,48.2,0.000,0.723,0.819,0.5320,-0.0575,-3.52,-0.90708,0.150,0.655,0.000,-0.8629,-0.6050,TRACKING,R+C
1786994856.218,48.2,0.000,0.715,0.822,0.5267,-0.0534,-5.10,-1.04335,0.150,0.657,0.000,-0.7906,-0.5548,TRACKING,R+C
1786994856.236,48.2,0.000,0.709,0.830,0.5196,-0.0517,-7.66,-1.25091,0.150,0.660,0.000,-0.7200,-0.5060,TRACKING,R+C
1786994856.256,48.2,0.000,0.718,0.837,0.5184,-0.0497,-7.72,-1.27657,0.150,0.662,0.000,-0.6968,-0.4845,TRACKING,R+C
1786994856.266,48.2,0.000,0.716,0.840,0.5178,-0.0483,-7.92,-1.33940,0.150,0.664,0.000,-0.6806,-0.4714,TRACKING,R+C
1786994856.286,48.2,0.000,0.724,0.838,0.5168,-0.0474,-8.23,-1.39259,0.150,0.665,0.000,-0.6660,-0.4604,TRACKING,R+C
1786994856.301,48.2,0.000,0.730,0.839,0.5179,-0.0447,-7.81,-1.38617,0.150,0.667,0.000,-0.6434,-0.4451,TRACKING,R+C
1786994856.318,48.2,0.000,0.728,0.841,0.5154,-0.0401,-8.50,-1.48405,0.150,0.669,0.000,-0.5692,-0.4000,TRACKING,R+C
1786994856.339,48.2,0.000,0.732,0.851,0.5118,-0.0351,-9.84,-1.60763,0.150,0.670,0.000,-0.4669,-0.3345,TRACKING,R+C
1786994856.359,48.2,0.000,0.741,0.854,0.5086,-0.0273,-8.71,-1.59538,0.150,0.672,0.000,-0.3854,-0.2779,TRACKING,R+C
1786994856.380,48.2,0.000,0.752,0.862,0.5071,-0.0225,-7.95,-1.62285,0.150,0.673,0.000,-0.3423,-0.2448,TRACKING,R+C
1786994856.401,48.2,0.000,0.755,0.865,0.5082,-0.0199,-8.04,-1.70867,0.150,0.675,0.000,-0.3101,-0.2216,TRACKING,R+C
1786994856.421,48.2,0.000,0.753,0.865,0.5076,-0.0159,-7.47,-1.74606,0.150,0.676,0.000,-0.2723,-0.1966,TRACKING,R+C
1786994856.442,48.2,0.000,0.759,0.858,0.5086,-0.0103,-5.81,-1.68967,0.150,0.677,0.000,-0.2354,-0.1718,TRACKING,R+C
1786994856.462,48.2,0.000,0.756,0.848,0.5067,-0.0074,-6.04,-1.79079,0.150,0.678,0.000,-0.1955,-0.1457,TRACKING,R+C
1786994856.483,48.2,0.000,0.757,0.855,0.5096,-0.0040,-3.39,-1.64479,0.150,0.679,0.000,-0.2220,-0.1567,TRACKING,R+C
1786994856.503,48.2,0.000,0.744,0.854,0.5129,-0.0051,-4.08,-1.83329,0.150,0.680,0.000,-0.2458,-0.1726,TRACKING,R+C
1786994856.524,48.2,0.000,0.741,0.851,0.5195,-0.0037,-3.14,-1.84090,0.150,0.681,0.000,-0.2627,-0.1845,TRACKING,R+C
1786994856.544,48.2,0.000,0.747,0.852,0.5238,-0.0017,-1.67,-1.78477,0.150,0.682,0.000,-0.2799,-0.1959,TRACKING,R+C
1786994856.564,48.2,0.000,0.748,0.848,0.5262,0.0003,-1.25,-1.82404,0.150,0.683,0.000,-0.2714,-0.1930,TRACKING,R+C
1786994856.579,48.2,0.000,0.751,0.838,0.5285,0.0008,-1.07,-1.83989,0.150,0.684,0.000,-0.2720,-0.1928,TRACKING,R+C
1786994856.596,48.2,0.000,0.748,0.842,0.5337,0.0025,1.12,-1.73124,0.150,0.685,0.000,-0.3184,-0.2190,TRACKING,R+C
1786994856.617,48.2,0.000,0.742,0.841,0.5449,-0.0002,1.33,-1.80248,0.150,0.686,0.000,-0.3831,-0.2595,TRACKING,R+C
1786994856.641,48.2,0.000,0.750,0.838,0.5505,-0.0009,2.86,-1.71411,0.150,0.686,0.000,-0.4408,-0.2977,TRACKING,R+C
1786994856.659,48.2,0.000,0.754,0.831,0.5576,-0.0013,3.89,-1.67821,0.150,0.687,0.000,-0.4830,-0.3268,TRACKING,R+C
1786994856.679,48.2,0.000,0.761,0.832,0.5615,0.0004,5.12,-1.59991,0.150,0.688,0.000,-0.4933,-0.3367,TRACKING,R+C
1786994856.700,48.2,0.000,0.755,0.823,0.5594,0.0058,6.18,-1.54179,0.150,0.688,0.000,-0.4445,-0.3108,TRACKING,R+C
1786994856.720,48.2,0.000,0.755,0.823,0.5594,0.0046,4.95,-1.23343,0.150,0.689,0.000,-0.4445,-0.3068,TRACKING,prediction
1786994856.741,48.2,0.000,0.760,0.836,0.5557,0.0129,8.30,-1.37662,0.150,0.689,0.000,-0.3923,-0.2767,TRACKING,R+C
1786994856.762,48.2,0.000,0.759,0.835,0.5580,0.0127,8.75,-1.35253,0.150,0.690,0.000,-0.4111,-0.2828,TRACKING,R+C
1786994856.783,48.2,0.000,0.756,0.831,0.5678,0.0104,9.62,-1.27666,0.150,0.690,0.000,-0.4708,-0.3167,TRACKING,R+C
1786994856.803,48.2,0.000,0.758,0.833,0.5692,0.0069,9.86,-1.27956,0.150,0.691,0.000,-0.5334,-0.3566,TRACKING,R+C
1786994856.826,48.2,0.000,0.758,0.833,0.5692,0.0055,7.89,-1.02364,0.150,0.691,0.000,-0.5334,-0.3623,TRACKING,prediction
1786994856.834,48.2,0.000,0.756,0.830,0.5831,0.0059,11.41,-1.15423,0.150,0.692,0.000,-0.5890,-0.3939,TRACKING,R+C
1786994856.857,48.2,0.000,0.755,0.825,0.5900,0.0043,12.18,-1.08210,0.150,0.692,0.000,-0.6298,-0.4210,TRACKING,R+C
1786994856.876,48.2,0.000,0.750,0.813,0.5969,-0.0009,12.36,-1.09554,0.150,0.693,0.000,-0.7068,-0.4676,TRACKING,R+C
1786994856.897,48.2,0.000,0.754,0.813,0.6094,-0.0084,12.91,-1.05400,0.150,0.693,0.000,-0.8095,-0.5312,TRACKING,R+C
1786994856.907,48.2,0.000,0.757,0.807,0.6224,-0.0193,12.10,-1.13574,0.150,0.693,0.000,-0.9111,-0.5964,TRACKING,R+C
1786994856.928,48.2,0.000,0.757,0.807,0.6224,-0.0155,9.68,-0.90860,0.150,0.694,0.000,-0.9111,-0.6059,TRACKING,prediction
1786994856.949,48.2,0.000,0.757,0.807,0.6224,-0.0124,7.74,-0.72688,0.150,0.694,0.000,-0.9111,-0.6071,TRACKING,prediction
1786994856.969,48.2,0.000,0.757,0.807,0.6224,-0.0099,6.19,-0.58150,0.150,0.694,0.000,-0.9111,-0.6071,TRACKING,prediction
1786994856.990,48.2,0.000,0.757,0.807,0.6224,-0.0079,4.96,-0.46520,0.150,0.695,0.000,-0.9111,-0.6070,TRACKING,prediction
1786994857.013,48.2,0.000,0.757,0.807,0.6224,-0.0063,3.96,-0.37216,0.150,0.695,0.000,-0.9111,-0.6068,TRACKING,prediction
1786994857.027,51.8,0.000,0.757,0.807,0.6224,-0.0051,3.17,-0.29773,0.150,0.695,0.000,-0.9111,-0.6066,TRACKING,prediction
1786994857.048,51.8,0.000,0.757,0.807,0.6224,-0.0041,2.54,-0.23818,0.150,0.695,0.000,-0.9111,-0.6065,TRACKING,prediction
1786994857.070,51.8,0.000,0.757,0.807,0.6224,-0.0032,2.03,-0.19055,0.150,0.696,0.000,-0.9111,-0.6063,TRACKING,prediction
1786994857.089,51.8,0.000,0.757,0.807,0.6224,-0.0026,1.62,-0.15244,0.150,0.694,0.000,-0.9111,-0.6062,TRACKING,prediction
1786994857.110,51.8,0.000,0.757,0.807,0.6224,-0.0021,1.30,-0.12195,0.150,0.682,0.000,-0.9111,-0.6070,TRACKING,prediction
1786994857.131,51.8,0.000,0.757,0.807,0.6224,-0.0017,1.04,-0.09756,0.150,0.665,0.000,-0.9111,-0.6131,TRACKING,prediction
1786994857.151,51.8,0.000,0.797,0.778,0.6505,-0.0687,11.99,-0.92489,0.150,0.666,0.000,-1.0000,-0.6761,TRACKING,R+C
1786994857.161,51.8,0.000,0.795,0.782,0.6459,-0.0660,12.61,-0.84092,0.150,0.668,0.000,-1.0000,-0.6837,TRACKING,R+C
1786994857.182,51.8,0.000,0.789,0.786,0.6411,-0.0647,12.29,-0.82321,0.150,0.670,0.000,-1.0000,-0.6836,TRACKING,R+C
1786994857.202,51.8,0.000,0.786,0.782,0.6367,-0.0655,11.43,-0.87742,0.150,0.671,0.000,-1.0000,-0.6827,TRACKING,R+C
1786994857.223,51.8,0.000,0.788,0.780,0.6367,-0.0680,11.15,-0.88757,0.150,0.673,0.000,-1.0000,-0.6818,TRACKING,R+C
1786994857.244,51.8,0.000,0.787,0.781,0.6369,-0.0728,11.15,-0.86225,0.150,0.674,0.000,-1.0000,-0.6812,TRACKING,R+C
1786994857.264,51.8,0.000,0.784,0.782,0.6390,-0.0811,10.68,-0.87759,0.150,0.675,0.000,-1.0000,-0.6808,TRACKING,R+C
1786994857.285,51.8,0.000,0.796,0.785,0.6439,-0.0896,10.84,-0.83960,0.150,0.677,0.000,-1.0000,-0.6805,TRACKING,R+C
1786994857.305,51.8,0.000,0.801,0.787,0.6456,-0.0954,11.47,-0.75748,0.150,0.678,0.000,-1.0000,-0.6801,TRACKING,R+C
1786994857.315,51.8,0.000,0.801,0.787,0.6456,-0.0763,9.17,-0.60599,0.150,0.679,0.000,-1.0000,-0.6793,TRACKING,prediction
1786994857.336,51.8,0.000,0.801,0.787,0.6456,-0.0610,7.34,-0.48479,0.150,0.680,0.000,-1.0000,-0.6786,TRACKING,prediction
1786994857.356,51.8,0.000,0.801,0.787,0.6456,-0.0488,5.87,-0.38783,0.150,0.681,0.000,-1.0000,-0.6779,TRACKING,prediction
1786994857.380,51.8,0.000,0.801,0.787,0.6456,-0.0391,4.70,-0.31027,0.150,0.682,0.000,-1.0000,-0.6772,TRACKING,prediction
1786994857.396,51.8,0.000,0.801,0.787,0.6456,-0.0313,3.76,-0.24821,0.150,0.683,0.000,-1.0000,-0.6766,TRACKING,prediction
1786994857.416,51.8,0.000,0.801,0.787,0.6456,-0.0250,3.01,-0.19857,0.150,0.684,0.000,-1.0000,-0.6760,TRACKING,prediction
1786994857.436,51.8,0.000,0.801,0.787,0.6456,-0.0200,2.40,-0.15886,0.150,0.684,0.000,-1.0000,-0.6754,TRACKING,prediction
1786994857.458,51.8,0.000,0.801,0.787,0.6456,-0.0160,1.92,-0.12708,0.150,0.685,0.000,-1.0000,-0.6748,TRACKING,prediction
1786994857.467,51.8,0.000,0.801,0.787,0.6456,-0.0128,1.54,-0.10167,0.150,0.686,0.000,-1.0000,-0.6743,TRACKING,prediction
1786994857.488,51.8,0.000,0.801,0.787,0.6456,-0.0102,1.23,-0.08133,0.150,0.680,0.000,-1.0000,-0.6738,TRACKING,prediction
1786994857.508,51.8,0.000,0.801,0.787,0.6456,-0.0082,0.98,-0.06507,0.150,0.666,0.000,-1.0000,-0.6772,TRACKING,prediction
1786994857.529,51.8,0.000,0.801,0.787,0.6456,-0.0066,0.79,-0.05205,0.150,0.646,0.000,-1.0000,-0.6858,TRACKING,prediction
1786994857.550,51.8,0.000,0.801,0.787,0.6456,-0.0052,0.63,-0.04164,0.150,0.623,0.000,-1.0000,-0.6981,TRACKING,prediction
1786994857.571,51.8,0.000,0.801,0.787,0.6456,-0.0042,0.50,-0.03331,0.150,0.583,0.000,-1.0000,-0.7127,UNCERTAIN,prediction
1786994857.592,51.8,0.000,0.801,0.787,0.6456,-0.0034,0.40,-0.02665,0.150,0.555,0.000,-1.0000,-0.7373,UNCERTAIN,prediction
1786994857.613,51.8,0.000,0.801,0.787,0.6456,-0.0027,0.32,-0.02132,0.150,0.536,0.000,-1.0000,-0.7565,UNCERTAIN,prediction
1786994857.634,51.8,0.000,0.801,0.787,0.6456,-0.0021,0.26,-0.01706,0.150,0.514,0.000,-1.0000,-0.7704,UNCERTAIN,prediction
1786994857.654,51.8,0.000,0.801,0.787,0.6456,-0.0017,0.21,-0.01365,0.150,0.492,0.000,-1.0000,-0.7843,UNCERTAIN,prediction
1786994857.675,51.8,0.000,0.801,0.787,0.6456,-0.0014,0.17,-0.01092,0.150,0.471,0.000,-1.0000,-0.7985,UNCERTAIN,prediction
1786994857.696,51.8,0.000,0.801,0.787,0.6456,-0.0011,0.13,-0.00873,0.150,0.449,0.000,-1.0000,-0.8127,UNCERTAIN,prediction
1786994857.717,51.8,0.000,0.801,0.787,0.6456,-0.0009,0.11,-0.00699,0.150,0.428,0.000,-1.0000,-0.8267,UNCERTAIN,prediction
1786994857.732,51.8,0.000,0.801,0.787,0.6456,-0.0007,0.08,-0.00559,0.150,0.407,0.000,-1.0000,-0.8404,UNCERTAIN,prediction
1786994857.748,51.8,0.000,0.801,0.787,0.6456,-0.0006,0.07,-0.00447,0.150,0.388,0.000,-1.0000,-0.8536,UNCERTAIN,prediction
1786994857.769,51.8,0.000,0.801,0.787,0.6456,-0.0005,0.05,-0.00358,0.150,0.369,0.000,-1.0000,-0.8663,UNCERTAIN,prediction
1786994857.792,51.8,0.000,0.801,0.787,0.6456,-0.0004,0.04,-0.00286,0.150,0.351,0.000,-1.0000,-0.8786,UNCERTAIN,prediction
1786994857.804,51.8,0.000,0.854,0.813,0.5729,-0.1262,2.62,-0.76244,0.150,0.368,0.000,-1.0000,-0.8899,TRACKING,R+C
1786994857.815,51.8,0.000,0.849,0.814,0.5712,-0.1230,2.37,-0.75127,0.150,0.385,0.000,-1.0000,-0.8819,TRACKING,R+C
1786994857.834,51.8,0.000,0.852,0.816,0.5680,-0.1202,2.05,-0.74182,0.150,0.400,0.000,-1.0000,-0.8714,TRACKING,R+C
1786994857.856,51.8,0.000,0.843,0.818,0.5627,-0.1157,2.46,-0.68815,0.150,0.415,0.000,-1.0000,-0.8610,TRACKING,R+C
1786994857.876,51.8,0.000,0.843,0.818,0.5627,-0.0925,1.97,-0.55052,0.150,0.430,0.000,-1.0000,-0.8512,TRACKING,prediction
1786994857.886,51.8,0.000,0.840,0.822,0.5578,-0.1120,2.34,-0.66765,0.150,0.443,0.000,-1.0000,-0.8417,TRACKING,R+C
1786994857.906,51.8,0.000,0.847,0.819,0.5572,-0.1129,2.32,-0.65475,0.150,0.456,0.000,-1.0000,-0.8328,TRACKING,R+C
1786994857.927,51.8,0.000,0.849,0.817,0.5568,-0.1153,1.97,-0.65961,0.150,0.468,0.000,-1.0000,-0.8245,TRACKING,R+C
1786994857.947,51.8,0.000,0.842,0.822,0.5562,-0.1160,2.10,-0.64464,0.150,0.480,0.000,-1.0000,-0.8165,TRACKING,R+C
1786994857.967,51.8,0.000,0.845,0.818,0.5522,-0.1164,1.14,-0.71335,0.150,0.491,0.000,-1.0000,-0.8088,TRACKING,R+C
1786994857.977,51.8,0.000,0.844,0.822,0.5503,-0.1141,1.20,-0.69661,0.150,0.501,0.000,-1.0000,-0.8014,TRACKING,R+C
1786994857.997,51.8,0.000,0.845,0.822,0.5477,-0.1124,1.48,-0.67144,0.150,0.511,0.000,-1.0000,-0.7944,TRACKING,R+C
1786994858.018,51.8,0.000,0.851,0.829,0.5470,-0.1129,1.67,-0.63889,0.150,0.521,0.000,-1.0000,-0.7878,TRACKING,R+C
1786994858.039,52.4,0.000,0.855,0.831,0.5476,-0.1144,1.41,-0.65315,0.150,0.530,0.000,-1.0000,-0.7816,TRACKING,R+C
1786994858.060,52.4,0.000,0.855,0.831,0.5476,-0.0915,1.13,-0.52252,0.150,0.538,0.000,-1.0000,-0.7757,TRACKING,prediction
1786994858.080,52.4,0.000,0.852,0.828,0.5465,-0.1162,0.13,-0.76592,0.150,0.546,0.000,-1.0000,-0.7701,TRACKING,R+C
1786994858.096,52.4,0.000,0.852,0.828,0.5465,-0.0930,0.11,-0.61273,0.150,0.554,0.000,-1.0000,-0.7648,TRACKING,prediction
1786994858.111,52.4,0.000,0.866,0.829,0.5461,-0.1159,0.07,-0.70684,0.150,0.561,0.000,-1.0000,-0.7594,TRACKING,R+C
1786994858.131,52.4,0.000,0.861,0.823,0.5454,-0.1173,0.11,-0.71217,0.150,0.568,0.000,-1.0000,-0.7547,TRACKING,R+C
1786994858.152,52.4,0.000,0.861,0.823,0.5454,-0.0938,0.09,-0.56974,0.150,0.575,0.000,-1.0000,-0.7501,TRACKING,prediction
1786994858.173,52.4,0.000,0.861,0.823,0.5454,-0.0751,0.07,-0.45579,0.150,0.581,0.000,-1.0000,-0.7457,TRACKING,prediction
1786994858.194,52.4,0.000,0.861,0.823,0.5454,-0.0601,0.06,-0.36463,0.150,0.587,0.000,-1.0000,-0.7416,TRACKING,prediction
1786994858.214,52.4,0.000,0.849,0.822,0.5415,-0.1156,-0.27,-0.74169,0.150,0.593,0.000,-1.0000,-0.7374,TRACKING,R+C
1786994858.235,52.4,0.000,0.843,0.822,0.5388,-0.1106,-0.73,-0.76646,0.150,0.598,0.000,-1.0000,-0.7332,TRACKING,R+C
1786994858.258,52.4,0.000,0.843,0.822,0.5388,-0.0885,-0.58,-0.61317,0.150,0.603,0.000,-1.0000,-0.7296,TRACKING,prediction
1786994858.266,52.4,0.000,0.837,0.832,0.5263,-0.0995,-2.31,-0.86281,0.150,0.608,0.000,-1.0000,-0.7252,TRACKING,R+C
1786994858.286,52.4,0.000,0.828,0.837,0.5218,-0.0901,-1.29,-0.79953,0.150,0.613,0.000,-1.0000,-0.7214,TRACKING,R+C
1786994858.309,52.4,0.000,0.828,0.837,0.5218,-0.0720,-1.03,-0.63962,0.150,0.617,0.000,-1.0000,-0.7183,TRACKING,prediction
1786994858.317,52.4,0.000,0.828,0.837,0.5218,-0.0576,-0.82,-0.51170,0.150,0.621,0.000,-1.0000,-0.7153,TRACKING,prediction
1786994858.338,52.4,0.000,0.828,0.837,0.5218,-0.0461,-0.66,-0.40936,0.150,0.625,0.000,-1.0000,-0.7126,TRACKING,prediction
1786994858.358,52.4,0.000,0.823,0.849,0.4971,-0.0605,-1.50,-0.81648,0.150,0.629,0.000,-0.9344,-0.6694,TRACKING,R+C
1786994858.378,52.4,0.000,0.823,0.849,0.4971,-0.0484,-1.20,-0.65319,0.150,0.632,0.000,-0.9344,-0.6613,TRACKING,prediction
1786994858.399,52.4,0.759,0.816,0.861,0.5607,-0.0444,-2.07,-0.86283,0.150,0.636,0.000,-0.7512,-0.5503,TRACKING,L+C+R_fused
1786994858.413,52.4,0.737,0.815,0.860,0.5749,-0.0356,-1.92,-0.85048,0.150,0.639,0.000,-0.6407,-0.4672,TRACKING,L+C+R_fused
1786994858.432,52.4,0.743,0.815,0.871,0.5738,-0.0280,-1.33,-0.81206,0.150,0.642,0.000,-0.5495,-0.3999,TRACKING,L+C+R_fused
1786994858.453,52.4,0.000,0.819,0.881,0.4781,-0.0225,-1.09,-0.78830,0.150,0.645,0.000,-0.4730,-0.3439,TRACKING,R+C
1786994858.466,52.4,0.000,0.818,0.885,0.4793,-0.0191,-0.89,-0.78629,0.150,0.648,0.000,-0.4275,-0.3081,TRACKING,R+C
1786994858.474,52.4,0.647,0.817,0.887,0.5691,-0.0188,-0.49,-0.76119,0.150,0.650,0.000,-0.4339,-0.3059,TRACKING,L+C+R_fused
1786994858.504,52.4,0.000,0.816,0.879,0.4903,-0.0200,-0.10,-0.74948,0.150,0.653,0.000,-0.4655,-0.3234,TRACKING,R+C
1786994858.528,52.4,0.803,0.814,0.865,0.5579,-0.0224,-0.18,-0.76914,0.150,0.655,0.000,-0.5033,-0.3474,TRACKING,L+C+R_fused
1786994858.551,52.4,0.780,0.814,0.880,0.5596,-0.0249,-0.08,-0.77330,0.150,0.657,0.000,-0.5450,-0.3746,TRACKING,L+C+R_fused
1786994858.572,52.4,0.735,0.814,0.879,0.4591,-0.0283,-0.21,-0.80291,0.150,0.659,0.000,-0.5927,-0.4056,TRACKING,L+C+R_fused
1786994858.592,52.4,0.000,0.806,0.874,0.5092,-0.0304,0.31,-0.79258,0.150,0.661,0.000,-0.6386,-0.4360,TRACKING,R+C
1786994858.612,52.4,0.000,0.799,0.864,0.5126,-0.0347,0.18,-0.83861,0.150,0.663,0.000,-0.6970,-0.4735,TRACKING,R+C
1786994858.633,52.4,0.000,0.798,0.859,0.5143,-0.0388,0.21,-0.86808,0.150,0.665,0.000,-0.7524,-0.5101,TRACKING,R+C
1786994858.654,52.4,0.000,0.797,0.850,0.5187,-0.0422,0.63,-0.86522,0.150,0.667,0.000,-0.8051,-0.5449,TRACKING,R+C
1786994858.674,52.4,0.000,0.803,0.843,0.5219,-0.0458,1.28,-0.83097,0.150,0.669,0.000,-0.8580,-0.5794,TRACKING,R+C
1786994858.695,52.4,0.000,0.812,0.838,0.5247,-0.0503,1.65,-0.81632,0.150,0.670,0.000,-0.9124,-0.6146,TRACKING,R+C
1786994858.715,52.4,0.000,0.816,0.838,0.5290,-0.0565,1.44,-0.84313,0.150,0.672,0.000,-0.9691,-0.6512,TRACKING,R+C
1786994858.735,52.4,0.000,0.815,0.830,0.5354,-0.0609,2.08,-0.83709,0.150,0.673,0.000,-1.0000,-0.6734,TRACKING,R+C
1786994858.755,52.4,0.000,0.801,0.825,0.5379,-0.0674,1.23,-0.96125,0.150,0.674,0.000,-1.0000,-0.6765,TRACKING,R+C
1786994858.776,52.4,0.000,0.794,0.815,0.5451,-0.0740,0.23,-1.08622,0.150,0.676,0.000,-1.0000,-0.6767,TRACKING,R+C
1786994858.796,52.4,0.000,0.794,0.815,0.5451,-0.0592,0.18,-0.86898,0.150,0.677,0.000,-1.0000,-0.6759,TRACKING,prediction
1786994858.817,52.4,0.000,0.818,0.815,0.5636,-0.0831,2.37,-0.88951,0.150,0.678,0.000,-1.0000,-0.6760,TRACKING,R+C
1786994858.837,52.4,0.000,0.824,0.815,0.5675,-0.0870,2.61,-0.85560,0.150,0.679,0.000,-1.0000,-0.6755,TRACKING,R+C
1786994858.858,52.4,0.000,0.823,0.818,0.5695,-0.0909,1.49,-0.93672,0.150,0.680,0.000,-1.0000,-0.6749,TRACKING,R+C
1786994858.878,52.4,0.000,0.830,0.822,0.5696,-0.0897,3.01,-0.81126,0.150,0.681,0.000,-1.0000,-0.6743,TRACKING,R+C
1786994858.899,52.4,0.000,0.819,0.819,0.5677,-0.0930,2.11,-0.92158,0.150,0.682,0.000,-1.0000,-0.6739,TRACKING,R+C
1786994858.919,52.4,0.000,0.818,0.810,0.5671,-0.0972,1.50,-1.01242,0.150,0.683,0.000,-1.0000,-0.6737,TRACKING,R+C
1786994858.937,52.4,0.000,0.818,0.810,0.5671,-0.0777,1.20,-0.80994,0.150,0.684,0.000,-1.0000,-0.6731,TRACKING,prediction
1786994858.958,52.4,0.000,0.845,0.813,0.5713,-0.1030,3.01,-0.89993,0.150,0.685,0.000,-1.0000,-0.6732,TRACKING,R+C
1786994858.979,52.4,0.000,0.861,0.807,0.5757,-0.1042,3.15,-0.87975,0.150,0.685,0.000,-1.0000,-0.6727,TRACKING,R+C
1786994858.989,52.4,0.000,0.866,0.806,0.5744,-0.1061,1.92,-0.98694,0.150,0.686,0.000,-1.0000,-0.6723,TRACKING,R+C
1786994859.014,52.4,0.000,0.834,0.805,0.5747,-0.1036,1.82,-1.03754,0.150,0.687,0.000,-1.0000,-0.6717,TRACKING,R+C
1786994859.042,50.9,0.000,0.840,0.807,0.5762,-0.1016,2.54,-0.95641,0.150,0.688,0.000,-1.0000,-0.6711,TRACKING,R+C
1786994859.061,50.9,0.000,0.839,0.804,0.5781,-0.1030,2.64,-0.93948,0.150,0.688,0.000,-1.0000,-0.6707,TRACKING,R+C
1786994859.082,50.9,0.000,0.848,0.798,0.5813,-0.1066,2.60,-0.94575,0.150,0.689,0.000,-1.0000,-0.6706,TRACKING,R+C
1786994859.102,50.9,0.000,0.851,0.794,0.5843,-0.1082,3.08,-0.91922,0.150,0.689,0.000,-1.0000,-0.6704,TRACKING,R+C
1786994859.123,50.9,0.000,0.847,0.792,0.5833,-0.1105,1.91,-1.06390,0.150,0.690,0.000,-1.0000,-0.6703,TRACKING,R+C
1786994859.143,50.9,0.000,0.850,0.793,0.5829,-0.1093,1.94,-1.04352,0.150,0.690,0.000,-1.0000,-0.6698,TRACKING,R+C
1786994859.166,50.9,0.000,0.850,0.793,0.5829,-0.0874,1.56,-0.83482,0.150,0.691,0.000,-1.0000,-0.6694,TRACKING,prediction
1786994859.184,50.9,0.000,0.850,0.793,0.5829,-0.0699,1.24,-0.66785,0.150,0.691,0.000,-1.0000,-0.6691,TRACKING,prediction
1786994859.204,50.9,0.000,0.832,0.792,0.5808,-0.0963,1.57,-1.15378,0.150,0.692,0.000,-1.0000,-0.6679,TRACKING,R+C
1786994859.224,50.9,0.000,0.829,0.795,0.5797,-0.0922,1.82,-1.13615,0.150,0.692,0.000,-1.0000,-0.6673,TRACKING,R+C
1786994859.245,50.9,0.000,0.825,0.799,0.5761,-0.0871,1.76,-1.15029,0.150,0.693,0.000,-1.0000,-0.6667,TRACKING,R+C
1786994859.265,50.9,0.000,0.812,0.798,0.5731,-0.0830,1.08,-1.23136,0.150,0.693,0.000,-1.0000,-0.6661,TRACKING,R+C
1786994859.286,50.9,0.000,0.818,0.749,0.5690,-0.0814,0.12,-1.32312,0.150,0.693,0.000,-1.0000,-0.6657,TRACKING,R+C
1786994859.307,50.9,0.000,0.819,0.694,0.5636,-0.0789,0.58,-1.31463,0.150,0.694,0.000,-1.0000,-0.6654,TRACKING,R+C
1786994859.328,50.9,0.000,0.809,0.691,0.5675,-0.0792,1.48,-1.26569,0.150,0.694,0.000,-1.0000,-0.6653,TRACKING,R+C
1786994859.347,50.9,0.000,0.809,0.691,0.5675,-0.0633,1.18,-1.01255,0.150,0.694,0.000,-1.0000,-0.6651,TRACKING,prediction
1786994859.367,50.9,0.000,0.822,0.683,0.5776,-0.0872,2.87,-1.22710,0.150,0.695,0.000,-1.0000,-0.6659,TRACKING,R+C
1786994859.387,50.9,0.000,0.824,0.676,0.5835,-0.0918,3.97,-1.15084,0.150,0.695,0.000,-1.0000,-0.6662,TRACKING,R+C
1786994859.408,50.9,0.000,0.826,0.678,0.5892,-0.0953,4.62,-1.10718,0.150,0.695,0.000,-1.0000,-0.6664,TRACKING,R+C
1786994859.429,50.9,0.830,0.670,0.603,0.5908,0.2930,38.30,0.48369,0.152,0.695,0.000,1.0000,-0.1911,TRACKING,L+C+R_fused
1786994859.452,50.9,0.830,0.670,0.603,0.5908,0.2344,30.64,0.38695,0.152,0.696,0.000,1.0000,0.2309,TRACKING,prediction
1786994859.469,50.9,0.000,0.833,0.672,0.5965,-0.0979,5.49,-1.11541,0.150,0.696,0.000,-1.0000,-0.2544,TRACKING,R+C
1786994859.489,50.9,0.000,0.822,0.670,0.5948,-0.0991,4.55,-1.30443,0.150,0.696,0.000,-1.0000,-0.6050,TRACKING,R+C
1786994859.512,50.9,0.000,0.822,0.670,0.5948,-0.0792,3.64,-1.04355,0.150,0.696,0.000,-1.0000,-0.6573,TRACKING,prediction
1786994859.522,50.9,0.000,0.822,0.670,0.5948,-0.0634,2.91,-0.83484,0.150,0.696,0.000,-1.0000,-0.6650,TRACKING,prediction
1786994859.541,50.9,0.000,0.822,0.670,0.5948,-0.0507,2.33,-0.66787,0.150,0.697,0.000,-1.0000,-0.6661,TRACKING,prediction
1786994859.562,50.9,0.000,0.822,0.670,0.5948,-0.0406,1.86,-0.53430,0.150,0.697,0.000,-1.0000,-0.6661,TRACKING,prediction
1786994859.582,50.9,0.000,0.822,0.670,0.5948,-0.0325,1.49,-0.42744,0.150,0.697,0.000,-1.0000,-0.6661,TRACKING,prediction
1786994859.603,50.9,0.000,0.822,0.670,0.5948,-0.0260,1.19,-0.34195,0.150,0.697,0.000,-1.0000,-0.6660,TRACKING,prediction
1786994859.623,50.9,0.000,0.820,0.663,0.6217,-0.0972,5.83,-1.43319,0.150,0.697,0.000,-1.0000,-0.6666,TRACKING,R+C
1786994859.645,50.9,0.000,0.832,0.662,0.6291,-0.1017,7.02,-1.31098,0.150,0.697,0.000,-1.0000,-0.6669,TRACKING,R+C
1786994859.667,50.9,0.000,0.832,0.662,0.6291,-0.0814,5.61,-1.04879,0.150,0.697,0.000,-1.0000,-0.6668,TRACKING,prediction
1786994859.685,50.9,0.000,0.832,0.662,0.6291,-0.0651,4.49,-0.83903,0.150,0.698,0.000,-1.0000,-0.6667,TRACKING,prediction
1786994859.708,50.9,0.000,0.832,0.662,0.6291,-0.0521,3.59,-0.67122,0.150,0.698,0.000,-1.0000,-0.6666,TRACKING,prediction
1786994859.727,50.9,0.853,0.659,0.689,0.4159,0.2889,43.23,0.90310,0.150,0.698,0.000,1.0000,-0.1888,TRACKING,L+C+R_fused
1786994859.750,50.9,0.853,0.659,0.689,0.4159,0.2311,34.59,0.72248,0.150,0.698,0.000,1.0000,0.2307,TRACKING,prediction
1786994859.767,50.9,0.853,0.659,0.689,0.4159,0.1849,27.67,0.57798,0.150,0.698,0.000,1.0000,0.5989,TRACKING,prediction
1786994859.786,50.9,0.853,0.659,0.689,0.4159,0.1479,22.14,0.46239,0.150,0.698,0.000,1.0000,0.6541,TRACKING,prediction
1786994859.804,50.9,0.853,0.659,0.689,0.4159,0.1183,17.71,0.36991,0.150,0.698,0.000,1.0000,0.6623,TRACKING,prediction
1786994859.825,50.9,0.853,0.659,0.689,0.4159,0.0947,14.17,0.29593,0.150,0.698,0.000,1.0000,0.6635,TRACKING,prediction
1786994859.847,50.9,0.853,0.659,0.689,0.4159,0.0757,11.33,0.23674,0.150,0.698,0.000,1.0000,0.6636,TRACKING,prediction
1786994859.866,50.9,0.853,0.659,0.689,0.4159,0.0606,9.07,0.18939,0.150,0.698,0.000,1.0000,0.6636,TRACKING,prediction
1786994859.886,50.9,0.853,0.659,0.689,0.4159,0.0485,7.25,0.15151,0.150,0.694,0.000,1.0000,0.6636,TRACKING,prediction
1786994859.907,50.9,0.853,0.659,0.689,0.4159,0.0388,5.80,0.12121,0.150,0.681,0.000,1.0000,0.6658,TRACKING,prediction
1786994859.927,50.9,0.853,0.659,0.689,0.4159,0.0310,4.64,0.09697,0.150,0.662,0.000,1.0000,0.6736,TRACKING,prediction
1786994859.937,50.9,0.853,0.659,0.689,0.4159,0.0248,3.71,0.07758,0.150,0.640,0.000,1.0000,0.6855,TRACKING,prediction
1786994859.968,50.9,0.853,0.659,0.689,0.4159,0.0199,2.97,0.06206,0.150,0.595,0.000,1.0000,0.7000,UNCERTAIN,prediction
1786994859.990,50.9,0.853,0.659,0.689,0.4159,0.0159,2.38,0.04965,0.150,0.563,0.000,1.0000,0.7275,UNCERTAIN,prediction
1786994860.009,50.9,0.853,0.659,0.689,0.4159,0.0127,1.90,0.03972,0.150,0.541,0.000,1.0000,0.7492,UNCERTAIN,prediction
1786994860.030,50.9,0.853,0.659,0.689,0.4159,0.0102,1.52,0.03177,0.150,0.523,0.000,1.0000,0.7647,UNCERTAIN,prediction
1786994860.051,49.6,0.853,0.659,0.689,0.4159,0.0081,1.22,0.02542,0.150,0.502,0.000,1.0000,0.7776,UNCERTAIN,prediction
1786994860.071,49.6,0.853,0.659,0.689,0.4159,0.0065,0.97,0.02034,0.150,0.481,0.000,1.0000,0.7908,UNCERTAIN,prediction
1786994860.092,49.6,0.853,0.659,0.689,0.4159,0.0052,0.78,0.01627,0.150,0.460,0.000,1.0000,0.8045,UNCERTAIN,prediction
1786994860.102,49.6,0.853,0.659,0.689,0.4159,0.0042,0.62,0.01302,0.150,0.439,0.000,1.0000,0.8183,UNCERTAIN,prediction
1786994860.132,49.6,0.853,0.659,0.689,0.4159,0.0033,0.50,0.01041,0.150,0.418,0.000,1.0000,0.8320,UNCERTAIN,prediction
1786994860.158,49.6,0.853,0.659,0.689,0.4159,0.0027,0.40,0.00833,0.150,0.398,0.000,1.0000,0.8454,UNCERTAIN,prediction
1786994860.177,49.6,0.853,0.659,0.689,0.4159,0.0021,0.32,0.00666,0.150,0.379,0.000,1.0000,0.8584,UNCERTAIN,prediction
1786994860.194,49.6,0.853,0.659,0.689,0.4159,0.0017,0.26,0.00533,0.150,0.361,0.000,1.0000,0.8709,UNCERTAIN,prediction
1786994860.214,49.6,0.853,0.659,0.689,0.4159,0.0014,0.20,0.00426,0.150,0.343,0.000,1.0000,0.8829,UNCERTAIN,prediction
1786994860.225,49.6,0.932,0.652,0.000,0.6775,0.1710,-3.93,-1.92906,0.150,0.361,0.000,1.0000,0.8927,TRACKING,L+C
1786994860.247,49.6,0.932,0.652,0.000,0.6775,0.1368,-3.15,-1.54325,0.150,0.378,0.000,1.0000,0.8846,TRACKING,prediction
1786994860.267,49.6,0.000,0.927,0.653,0.6619,-0.1688,3.20,0.03110,0.197,0.394,0.000,-1.0000,0.1295,TRACKING,R+C
1786994860.286,49.6,0.000,0.916,0.653,0.6554,-0.1637,2.96,0.06499,0.194,0.409,0.000,-1.0000,-0.5141,TRACKING,R+C
1786994860.297,49.6,0.000,0.890,0.653,0.6475,-0.1587,1.95,0.01470,0.199,0.424,0.000,-1.0000,-0.8030,TRACKING,R+C
1786994860.317,49.6,0.000,0.869,0.652,0.6405,-0.1540,0.76,-0.05202,0.195,0.437,0.000,-1.0000,-0.8382,TRACKING,R+C
1786994860.338,49.6,0.000,0.827,0.651,0.6341,-0.1507,-1.44,-0.21532,0.178,0.451,0.000,-1.0000,-0.8356,TRACKING,R+C
1786994860.359,49.6,0.000,0.816,0.649,0.6221,-0.1458,-2.39,-0.24531,0.175,0.463,0.000,-1.0000,-0.8276,TRACKING,R+C
1786994860.369,49.6,0.000,0.792,0.646,0.6095,-0.1425,-4.42,-0.38883,0.161,0.475,0.000,-1.0000,-0.8192,TRACKING,R+C
1786994860.389,49.6,0.000,0.780,0.644,0.6009,-0.1411,-6.39,-0.51022,0.150,0.486,0.000,-1.0000,-0.8111,TRACKING,R+C
1786994860.410,49.6,0.000,0.750,0.641,0.5929,-0.1373,-6.96,-0.58043,0.150,0.497,0.000,-1.0000,-0.8035,TRACKING,R+C
1786994860.430,49.6,0.000,0.743,0.639,0.5878,-0.1366,-7.68,-0.62718,0.150,0.507,0.000,-1.0000,-0.7963,TRACKING,R+C
1786994860.450,49.6,0.000,0.720,0.639,0.5854,-0.1394,-9.50,-0.77760,0.150,0.517,0.000,-1.0000,-0.7897,TRACKING,R+C
1786994860.461,49.6,0.000,0.712,0.640,0.5875,-0.1419,-10.52,-0.85577,0.150,0.526,0.000,-1.0000,-0.7834,TRACKING,R+C
1786994860.481,49.6,0.000,0.706,0.638,0.5839,-0.1427,-11.88,-0.95264,0.150,0.535,0.000,-1.0000,-0.7772,TRACKING,R+C
1786994860.502,49.6,0.000,0.706,0.635,0.5784,-0.1418,-13.86,-1.06046,0.150,0.543,0.000,-1.0000,-0.7712,TRACKING,R+C
1786994860.519,49.6,0.000,0.699,0.629,0.5687,-0.1308,-13.05,-1.05323,0.150,0.551,0.000,-1.0000,-0.7651,TRACKING,R+C
1786994860.535,49.6,0.000,0.694,0.625,0.5588,-0.1224,-13.77,-1.10416,0.150,0.558,0.000,-1.0000,-0.7592,TRACKING,R+C
1786994860.552,49.6,0.000,0.690,0.627,0.5502,-0.1141,-14.95,-1.18219,0.150,0.565,0.000,-1.0000,-0.7536,TRACKING,R+C
1786994860.575,49.6,0.942,0.690,0.627,0.4723,-0.1047,-15.48,-1.22346,0.150,0.572,0.000,-1.0000,-0.7481,TRACKING,L+C+R_fused
1786994860.585,49.6,0.924,0.690,0.628,0.5464,-0.0977,-17.15,-1.34498,0.150,0.578,0.000,-0.9726,-0.7263,TRACKING,L+C+R_fused
1786994860.606,49.6,0.930,0.707,0.628,0.5589,-0.0927,-18.22,-1.40288,0.150,0.584,0.000,-0.9066,-0.6789,TRACKING,L+C+R_fused
1786994860.616,49.6,0.937,0.704,0.631,0.5535,-0.0841,-17.04,-1.41787,0.150,0.590,0.000,-0.8498,-0.6339,TRACKING,L+C+R_fused
1786994860.641,49.6,0.931,0.711,0.638,0.5515,-0.0792,-17.15,-1.48624,0.150,0.596,0.000,-0.8012,-0.5949,TRACKING,L+C+R_fused
1786994860.658,49.6,0.931,0.717,0.642,0.5314,-0.0723,-16.98,-1.52994,0.150,0.601,0.000,-0.7304,-0.5435,TRACKING,L+C+R_fused
1786994860.667,49.6,0.921,0.720,0.643,0.5316,-0.0624,-16.65,-1.55858,0.150,0.606,0.000,-0.6161,-0.4641,TRACKING,L+C+R_fused
1786994860.690,49.6,0.907,0.730,0.644,0.5348,-0.0515,-16.70,-1.61536,0.150,0.611,0.000,-0.4633,-0.3579,TRACKING,L+C+R_fused
1786994860.702,49.6,0.909,0.730,0.643,0.5295,-0.0401,-16.06,-1.64392,0.150,0.615,0.000,-0.3114,-0.2488,TRACKING,L+C+R_fused
1786994860.719,49.6,0.903,0.736,0.645,0.5322,-0.0290,-14.51,-1.63275,0.150,0.619,0.000,-0.1830,-0.1542,TRACKING,L+C+R_fused
1786994860.729,49.6,0.912,0.740,0.646,0.5280,-0.0219,-13.52,-1.65358,0.150,0.623,0.000,-0.1048,-0.0926,TRACKING,L+C+R_fused
1786994860.750,49.6,0.921,0.745,0.644,0.5259,-0.0169,-12.09,-1.63984,0.150,0.627,0.000,-0.0749,-0.0654,TRACKING,L+C+R_fused
1786994860.768,49.6,0.932,0.743,0.641,0.5217,-0.0126,-10.96,-1.64316,0.150,0.631,0.000,-0.0479,-0.0453,TRACKING,L+C+R_fused
1786994860.780,49.6,0.940,0.744,0.641,0.5176,-0.0073,-10.09,-1.66259,0.150,0.634,0.000,0.0047,-0.0109,TRACKING,L+C+R_fused
1786994860.801,49.6,0.929,0.745,0.635,0.5227,-0.0005,-8.68,-1.65050,0.150,0.638,0.000,0.0666,0.0313,TRACKING,L+C+R_fused
1786994860.813,49.6,0.930,0.750,0.633,0.5125,0.0052,-7.16,-1.63312,0.150,0.641,0.000,0.1047,0.0600,TRACKING,L+C+R_fused
1786994860.827,49.6,0.946,0.747,0.640,0.5013,0.0071,-5.96,-1.62349,0.150,0.644,0.000,0.0891,0.0544,TRACKING,L+C+R_fused
1786994860.846,49.6,0.374,0.743,0.636,0.5361,0.0068,-4.96,-1.64035,0.150,0.646,0.000,0.0380,0.0224,TRACKING,L+C+R_fused
1786994860.857,49.6,0.000,0.742,0.636,0.5085,0.0060,-4.05,-1.66564,0.150,0.649,0.000,-0.0205,-0.0176,TRACKING,R+C
1786994860.867,49.6,0.000,0.745,0.639,0.5183,0.0034,-3.66,-1.69289,0.150,0.652,0.000,-0.0895,-0.0643,TRACKING,R+C
1786994860.888,49.6,0.000,0.745,0.644,0.5298,0.0035,-1.60,-1.61669,0.150,0.654,0.000,-0.1641,-0.1149,TRACKING,R+C
1786994860.902,49.6,0.000,0.746,0.661,0.5030,0.0021,-0.49,-1.59451,0.150,0.656,0.000,-0.2326,-0.1623,TRACKING,R+C
1786994860.928,49.6,0.000,0.749,0.744,0.5138,0.0001,0.55,-1.57137,0.150,0.659,0.000,-0.3054,-0.2113,TRACKING,R+C
1786994860.949,49.6,0.000,0.745,0.799,0.5277,-0.0027,1.31,-1.57041,0.150,0.661,0.000,-0.3843,-0.2640,TRACKING,R+C
1786994860.959,49.6,0.000,0.745,0.799,0.5277,-0.0022,1.05,-1.25633,0.150,0.663,0.000,-0.3843,-0.2713,TRACKING,prediction
1786994860.984,49.6,0.000,0.745,0.799,0.5277,-0.0018,0.84,-1.00507,0.150,0.664,0.000,-0.3843,-0.2719,TRACKING,prediction
1786994861.000,49.6,0.000,0.745,0.799,0.5277,-0.0014,0.67,-0.80405,0.150,0.666,0.000,-0.3843,-0.2716,TRACKING,prediction
1786994861.013,49.6,0.000,0.745,0.799,0.5277,-0.0011,0.54,-0.64324,0.150,0.668,0.000,-0.3843,-0.2711,TRACKING,prediction
1786994861.031,49.6,0.000,0.745,0.799,0.5277,-0.0009,0.43,-0.51459,0.150,0.670,0.000,-0.3843,-0.2707,TRACKING,prediction
1786994861.041,49.6,0.000,0.745,0.799,0.5277,-0.0007,0.34,-0.41167,0.150,0.671,0.000,-0.3843,-0.2702,TRACKING,prediction
1786994861.062,57.4,0.000,0.745,0.799,0.5277,-0.0006,0.27,-0.32934,0.150,0.673,0.000,-0.3843,-0.2698,TRACKING,prediction
1786994861.075,57.4,0.000,0.745,0.799,0.5277,-0.0005,0.22,-0.26347,0.150,0.674,0.000,-0.3843,-0.2694,TRACKING,prediction
1786994861.093,57.4,0.000,0.745,0.799,0.5277,-0.0004,0.18,-0.21078,0.150,0.674,0.000,-0.3843,-0.2690,TRACKING,prediction
1786994861.113,57.4,0.000,0.745,0.799,0.5277,-0.0003,0.14,-0.16862,0.150,0.666,0.000,-0.3843,-0.2689,TRACKING,prediction
1786994861.123,57.4,0.000,0.758,0.804,0.5746,-0.0075,8.71,-1.23891,0.150,0.668,0.000,-0.6846,-0.4431,TRACKING,R+C
1786994861.144,57.4,0.000,0.758,0.804,0.5746,-0.0060,6.97,-0.99113,0.150,0.669,0.000,-0.6846,-0.4679,TRACKING,prediction
1786994861.157,57.4,0.000,0.764,0.797,0.5730,-0.0075,8.85,-1.24235,0.150,0.671,0.000,-0.6894,-0.4737,TRACKING,R+C
1786994861.175,57.4,0.000,0.762,0.793,0.5750,-0.0091,8.54,-1.26504,0.150,0.672,0.000,-0.7020,-0.4811,TRACKING,R+C
1786994861.191,57.4,0.000,0.762,0.793,0.5750,-0.0073,6.83,-1.01203,0.150,0.674,0.000,-0.7020,-0.4816,TRACKING,prediction
1786994861.200,57.4,0.000,0.756,0.794,0.5915,-0.0166,10.28,-1.11163,0.150,0.675,0.000,-0.8272,-0.5515,TRACKING,R+C
1786994861.221,57.4,0.000,0.756,0.794,0.5915,-0.0132,8.22,-0.88930,0.150,0.676,0.000,-0.8272,-0.5612,TRACKING,prediction
1786994861.231,57.4,0.000,0.762,0.787,0.6055,-0.0305,10.05,-1.14835,0.150,0.678,0.000,-0.9654,-0.6396,TRACKING,R+C
1786994861.250,57.4,0.000,0.778,0.792,0.6125,-0.0347,10.69,-1.07078,0.150,0.679,0.000,-1.0000,-0.6698,TRACKING,R+C
1786994861.270,57.4,0.000,0.778,0.792,0.6125,-0.0277,8.55,-0.85662,0.150,0.680,0.000,-1.0000,-0.6737,TRACKING,prediction
1786994861.291,57.4,0.000,0.778,0.792,0.6125,-0.0222,6.84,-0.68530,0.150,0.681,0.000,-1.0000,-0.6736,TRACKING,prediction
1786994861.311,57.4,0.000,0.778,0.792,0.6125,-0.0178,5.47,-0.54824,0.150,0.682,0.000,-1.0000,-0.6731,TRACKING,prediction
1786994861.327,57.4,0.000,0.778,0.792,0.6125,-0.0142,4.38,-0.43859,0.150,0.683,0.000,-1.0000,-0.6724,TRACKING,prediction
1786994861.339,57.4,0.000,0.778,0.792,0.6125,-0.0114,3.50,-0.35087,0.150,0.684,0.000,-1.0000,-0.6718,TRACKING,prediction
1786994861.359,57.4,0.000,0.778,0.792,0.6125,-0.0091,2.80,-0.28070,0.150,0.684,0.000,-1.0000,-0.6712,TRACKING,prediction
1786994861.380,57.4,0.000,0.778,0.792,0.6125,-0.0073,2.24,-0.22456,0.150,0.685,0.000,-1.0000,-0.6707,TRACKING,prediction
1786994861.400,57.4,0.000,0.778,0.792,0.6125,-0.0058,1.79,-0.17965,0.150,0.686,0.000,-1.0000,-0.6702,TRACKING,prediction
1786994861.410,57.4,0.000,0.778,0.792,0.6125,-0.0047,1.43,-0.14372,0.150,0.686,0.000,-1.0000,-0.6697,TRACKING,prediction
1786994861.433,57.4,0.000,0.778,0.792,0.6125,-0.0037,1.15,-0.11497,0.150,0.678,0.000,-1.0000,-0.6694,TRACKING,prediction
1786994861.455,57.4,0.000,0.778,0.792,0.6125,-0.0030,0.92,-0.09198,0.150,0.662,0.000,-1.0000,-0.6742,TRACKING,prediction
1786994861.473,57.4,0.000,0.778,0.792,0.6125,-0.0024,0.73,-0.07358,0.150,0.641,0.000,-1.0000,-0.6839,TRACKING,prediction
1786994861.497,57.4,0.000,0.778,0.792,0.6125,-0.0019,0.59,-0.05887,0.150,0.618,0.000,-1.0000,-0.6969,TRACKING,prediction
1786994861.521,57.4,0.000,0.778,0.792,0.6125,-0.0015,0.47,-0.04709,0.150,0.580,0.000,-1.0000,-0.7119,UNCERTAIN,prediction
1786994861.548,57.4,0.000,0.778,0.792,0.6125,-0.0012,0.38,-0.03767,0.150,0.553,0.000,-1.0000,-0.7359,UNCERTAIN,prediction
1786994861.573,57.4,0.000,0.778,0.792,0.6125,-0.0010,0.30,-0.03014,0.150,0.532,0.000,-1.0000,-0.7546,UNCERTAIN,prediction
1786994861.598,57.4,0.000,0.778,0.792,0.6125,-0.0008,0.24,-0.02411,0.150,0.510,0.000,-1.0000,-0.7690,UNCERTAIN,prediction
1786994861.616,57.4,0.000,0.778,0.792,0.6125,-0.0006,0.19,-0.01929,0.150,0.488,0.000,-1.0000,-0.7834,UNCERTAIN,prediction
1786994861.636,57.4,0.000,0.778,0.792,0.6125,-0.0005,0.15,-0.01543,0.150,0.466,0.000,-1.0000,-0.7979,UNCERTAIN,prediction
1786994861.657,57.4,0.000,0.778,0.792,0.6125,-0.0004,0.12,-0.01235,0.150,0.444,0.000,-1.0000,-0.8123,UNCERTAIN,prediction
1786994861.670,57.4,0.000,0.778,0.792,0.6125,-0.0003,0.10,-0.00988,0.150,0.423,0.000,-1.0000,-0.8266,UNCERTAIN,prediction
1786994861.689,57.4,0.000,0.778,0.792,0.6125,-0.0003,0.08,-0.00790,0.150,0.403,0.000,-1.0000,-0.8404,UNCERTAIN,prediction
1786994861.710,57.4,0.000,0.778,0.792,0.6125,-0.0002,0.06,-0.00632,0.150,0.383,0.000,-1.0000,-0.8537,UNCERTAIN,prediction
1786994861.726,57.4,0.000,0.778,0.792,0.6125,-0.0002,0.05,-0.00506,0.150,0.365,0.000,-1.0000,-0.8666,UNCERTAIN,prediction
1786994861.742,57.4,0.000,0.778,0.792,0.6125,-0.0001,0.04,-0.00405,0.150,0.347,0.000,-1.0000,-0.8789,UNCERTAIN,prediction
1786994861.759,57.4,0.000,0.778,0.792,0.6125,-0.0001,0.03,-0.00324,0.150,0.330,0.000,-1.0000,-0.8906,UNCERTAIN,prediction
1786994861.779,57.4,0.000,0.778,0.792,0.6125,-0.0001,0.03,-0.00259,0.150,0.313,0.000,-1.0000,-0.9018,UNCERTAIN,prediction
1786994861.800,57.4,0.000,0.778,0.792,0.6125,-0.0001,0.02,-0.00207,0.150,0.298,0.000,-1.0000,-0.9125,UNCERTAIN,prediction
1786994861.821,57.4,0.000,0.778,0.792,0.6125,-0.0001,0.02,-0.00166,0.150,0.283,0.000,-1.0000,-0.9226,UNCERTAIN,prediction
1786994861.844,57.4,0.000,0.778,0.792,0.6125,-0.0000,0.01,-0.00133,0.150,0.269,0.000,-1.0000,-0.9323,UNCERTAIN,prediction
1786994861.863,57.4,0.000,0.844,0.781,0.5742,-0.0703,8.58,-0.59830,0.150,0.290,0.000,-1.0000,-0.9416,TRACKING,R+C
1786994861.873,57.4,0.000,0.846,0.783,0.5776,-0.0748,8.64,-0.56972,0.150,0.311,0.000,-1.0000,-0.9313,TRACKING,R+C
1786994861.893,57.4,0.000,0.849,0.779,0.5752,-0.0792,8.61,-0.56028,0.150,0.330,0.000,-1.0000,-0.9186,TRACKING,R+C
1786994861.924,57.4,0.000,0.857,0.777,0.5743,-0.0835,8.07,-0.58921,0.150,0.349,0.000,-1.0000,-0.9062,TRACKING,R+C
1786994861.945,57.4,0.000,0.847,0.779,0.5725,-0.0854,6.87,-0.69498,0.150,0.366,0.000,-1.0000,-0.8942,TRACKING,R+C
1786994861.960,57.4,0.000,0.850,0.777,0.5746,-0.0823,7.65,-0.58346,0.150,0.383,0.000,-1.0000,-0.8826,TRACKING,R+C
1786994861.972,57.4,0.000,0.845,0.777,0.5706,-0.0788,7.45,-0.57637,0.150,0.399,0.000,-1.0000,-0.8715,TRACKING,R+C
1786994861.988,57.4,0.000,0.841,0.780,0.5662,-0.0756,6.56,-0.63443,0.150,0.414,0.000,-1.0000,-0.8608,TRACKING,R+C
1786994862.016,57.4,0.000,0.841,0.780,0.5662,-0.0605,5.25,-0.50754,0.150,0.428,0.000,-1.0000,-0.8510,TRACKING,prediction
1786994862.037,57.4,0.000,0.841,0.780,0.5662,-0.0484,4.20,-0.40603,0.150,0.442,0.000,-1.0000,-0.8415,TRACKING,prediction
1786994862.058,57.4,0.000,0.841,0.780,0.5662,-0.0387,3.36,-0.32483,0.150,0.455,0.000,-1.0000,-0.8326,TRACKING,prediction
1786994862.078,53.1,0.000,0.841,0.780,0.5662,-0.0310,2.69,-0.25986,0.150,0.467,0.000,-1.0000,-0.8241,TRACKING,prediction
1786994862.099,53.1,0.000,0.841,0.780,0.5662,-0.0248,2.15,-0.20789,0.150,0.479,0.000,-1.0000,-0.8160,TRACKING,prediction
1786994862.120,53.1,0.000,0.841,0.780,0.5662,-0.0198,1.72,-0.16631,0.150,0.490,0.000,-1.0000,-0.8083,TRACKING,prediction
1786994862.141,53.1,0.000,0.841,0.780,0.5662,-0.0159,1.38,-0.13305,0.150,0.500,0.000,-1.0000,-0.8010,TRACKING,prediction
1786994862.155,53.1,0.000,0.841,0.780,0.5662,-0.0127,1.10,-0.10644,0.150,0.510,0.000,-1.0000,-0.7940,TRACKING,prediction
1786994862.176,53.1,0.000,0.841,0.780,0.5662,-0.0101,0.88,-0.08515,0.150,0.520,0.000,-1.0000,-0.7874,TRACKING,prediction
1786994862.198,53.1,0.000,0.841,0.780,0.5662,-0.0081,0.70,-0.06812,0.150,0.528,0.000,-1.0000,-0.7811,TRACKING,prediction
1786994862.217,53.1,0.000,0.834,0.792,0.5395,-0.0408,3.88,-0.69525,0.150,0.536,0.000,-0.8599,-0.6837,TRACKING,R+C
1786994862.238,53.1,0.000,0.834,0.792,0.5395,-0.0326,3.10,-0.55620,0.150,0.544,0.000,-0.8599,-0.6653,TRACKING,prediction
1786994862.258,53.1,0.000,0.819,0.790,0.5328,-0.0339,3.88,-0.70258,0.150,0.552,0.000,-0.7843,-0.6105,TRACKING,R+C
1786994862.278,53.1,0.846,0.822,0.802,0.5007,-0.0293,4.23,-0.65856,0.150,0.560,0.000,-0.7349,-0.5675,TRACKING,L+C+R_fused
1786994862.288,53.1,0.000,0.823,0.798,0.5249,-0.0262,4.17,-0.66071,0.150,0.567,0.000,-0.6935,-0.5319,TRACKING,R+C
1786994862.313,53.1,0.000,0.823,0.798,0.5249,-0.0209,3.33,-0.52857,0.150,0.573,0.000,-0.6935,-0.5239,TRACKING,prediction
1786994862.327,53.1,0.000,0.825,0.800,0.5317,-0.0276,4.16,-0.66455,0.150,0.580,0.000,-0.7121,-0.5316,TRACKING,R+C
1786994862.347,53.1,0.000,0.825,0.800,0.5317,-0.0221,3.33,-0.53164,0.150,0.586,0.000,-0.7121,-0.5302,TRACKING,prediction
1786994862.369,53.1,0.757,0.821,0.806,0.5353,-0.0248,4.12,-0.67746,0.150,0.591,0.000,-0.6760,-0.5052,TRACKING,L+C+R_fused
1786994862.387,53.1,0.881,0.813,0.809,0.5919,-0.0183,4.19,-0.67192,0.150,0.597,0.000,-0.5901,-0.4465,TRACKING,L+C+R_fused
1786994862.408,53.1,0.887,0.815,0.803,0.5613,-0.0121,3.32,-0.72985,0.150,0.602,0.000,-0.4743,-0.3650,TRACKING,L+C+R_fused
1786994862.429,53.1,0.917,0.815,0.811,0.5617,-0.0053,3.67,-0.70895,0.150,0.607,0.000,-0.3778,-0.2925,TRACKING,L+C+R_fused
1786994862.450,53.1,0.913,0.817,0.817,0.5515,-0.0010,3.83,-0.70799,0.150,0.612,0.000,-0.3140,-0.2418,TRACKING,L+C+R_fused
1786994862.472,53.1,0.919,0.819,0.821,0.5439,-0.0004,3.68,-0.73251,0.150,0.616,0.000,-0.3013,-0.2257,TRACKING,L+C+R_fused
1786994862.491,53.1,0.920,0.816,0.821,0.5314,-0.0007,3.37,-0.79229,0.150,0.620,0.000,-0.3036,-0.2242,TRACKING,L+C+R_fused
1786994862.511,53.1,0.928,0.814,0.824,0.5331,-0.0005,3.55,-0.80021,0.150,0.624,0.000,-0.3090,-0.2265,TRACKING,L+C+R_fused
1786994862.532,53.1,0.924,0.811,0.829,0.5307,0.0014,3.19,-0.85024,0.150,0.628,0.000,-0.2714,-0.2037,TRACKING,L+C+R_fused
1786994862.552,53.1,0.938,0.810,0.833,0.5176,0.0041,2.80,-0.89531,0.150,0.632,0.000,-0.2155,-0.1663,TRACKING,L+C+R_fused
1786994862.574,53.1,0.908,0.811,0.834,0.5176,0.0064,2.74,-0.91547,0.150,0.635,0.000,-0.1778,-0.1379,TRACKING,L+C+R_fused
1786994862.593,53.1,0.902,0.811,0.833,0.5213,0.0067,3.15,-0.91376,0.150,0.638,0.000,-0.1890,-0.1401,TRACKING,L+C+R_fused
1786994862.614,53.1,0.937,0.807,0.831,0.5138,0.0041,3.14,-0.94427,0.150,0.641,0.000,-0.2395,-0.1702,TRACKING,L+C+R_fused
1786994862.634,53.1,0.929,0.814,0.834,0.5162,0.0015,3.79,-0.91240,0.150,0.644,0.000,-0.3056,-0.2133,TRACKING,L+C+R_fused
1786994862.657,53.1,0.943,0.805,0.831,0.5102,-0.0013,3.03,-1.03251,0.150,0.647,0.000,-0.3409,-0.2402,TRACKING,L+C+R_fused
1786994862.676,53.1,0.938,0.820,0.838,0.5076,-0.0007,3.93,-0.94703,0.150,0.650,0.000,-0.3534,-0.2508,TRACKING,L+C+R_fused
1786994862.696,53.1,0.948,0.820,0.839,0.5143,-0.0004,3.56,-0.97817,0.150,0.652,0.000,-0.3393,-0.2436,TRACKING,L+C+R_fused
1786994862.717,53.1,0.947,0.822,0.838,0.5204,-0.0002,3.44,-0.97702,0.150,0.655,0.000,-0.3297,-0.2363,TRACKING,L+C+R_fused
1786994862.736,53.1,0.950,0.810,0.840,0.4848,-0.0015,3.60,-0.99655,0.150,0.657,0.000,-0.3625,-0.2540,TRACKING,L+C+R_fused
1786994862.755,53.1,0.950,0.810,0.840,0.4848,-0.0012,2.88,-0.79724,0.150,0.659,0.000,-0.3625,-0.2561,TRACKING,prediction
1786994862.766,53.1,0.000,0.811,0.836,0.5126,-0.0084,4.33,-0.95580,0.150,0.661,0.000,-0.4939,-0.3321,TRACKING,R+C
1786994862.787,53.1,0.000,0.812,0.835,0.5146,-0.0114,4.31,-0.97281,0.150,0.663,0.000,-0.5409,-0.3698,TRACKING,R+C
1786994862.797,53.1,0.000,0.811,0.830,0.5157,-0.0117,4.53,-0.96219,0.150,0.665,0.000,-0.5510,-0.3805,TRACKING,R+C
1786994862.828,53.1,0.000,0.810,0.839,0.5128,-0.0093,4.32,-0.96848,0.150,0.667,0.000,-0.5093,-0.3576,TRACKING,R+C
1786994862.848,53.1,0.000,0.805,0.842,0.5115,-0.0043,3.62,-1.00809,0.150,0.668,0.000,-0.4104,-0.2969,TRACKING,R+C
1786994862.868,53.1,0.000,0.795,0.839,0.5040,0.0041,4.48,-0.95896,0.150,0.670,0.000,-0.2999,-0.2242,TRACKING,R+C
1786994862.890,53.1,0.629,0.789,0.842,0.5055,0.0099,3.98,-1.00488,0.150,0.671,0.000,-0.1866,-0.1481,TRACKING,L+C+R_fused
1786994862.906,53.1,0.776,0.792,0.855,0.4994,0.0148,4.01,-1.01336,0.150,0.673,0.000,-0.1035,-0.0889,TRACKING,L+C+R_fused
1786994862.921,53.1,0.784,0.801,0.852,0.4882,0.0175,4.48,-0.96675,0.150,0.674,0.000,-0.0701,-0.0608,TRACKING,L+C+R_fused
1786994862.941,53.1,0.622,0.796,0.857,0.5115,0.0176,4.51,-0.97825,0.150,0.675,0.000,-0.0714,-0.0574,TRACKING,L+C+R_fused
1786994862.962,53.1,0.382,0.792,0.855,0.5245,0.0186,4.46,-0.99578,0.150,0.677,0.000,-0.0549,-0.0474,TRACKING,L+C+R_fused
1786994862.972,53.1,0.376,0.795,0.863,0.6864,0.0209,4.12,-1.02411,0.150,0.678,0.000,-0.0030,-0.0162,TRACKING,L+C+R_fused
1786994862.997,53.1,0.746,0.785,0.864,0.4947,0.0265,4.05,-1.05228,0.150,0.679,0.000,0.0951,0.0451,TRACKING,L+C+R_fused
1786994863.016,53.1,0.932,0.782,0.875,0.5051,0.0342,4.17,-1.05523,0.150,0.680,0.000,0.2227,0.1278,TRACKING,L+C+R_fused
1786994863.037,53.1,0.924,0.783,0.870,0.5091,0.0402,4.29,-1.06439,0.150,0.681,0.000,0.3176,0.1945,TRACKING,L+C+R_fused
1786994863.058,53.1,0.910,0.787,0.873,0.5131,0.0444,4.36,-1.08756,0.150,0.682,0.000,0.3801,0.2401,TRACKING,L+C+R_fused
1786994863.081,50.9,0.926,0.783,0.876,0.5060,0.0453,4.42,-1.10701,0.150,0.683,0.000,0.3885,0.2513,TRACKING,L+C+R_fused
1786994863.099,50.9,0.947,0.769,0.863,0.5014,0.0426,3.66,-1.23118,0.150,0.684,0.000,0.3557,0.2334,TRACKING,L+C+R_fused
1786994863.118,50.9,0.378,0.763,0.841,0.5249,0.0370,2.25,-1.38778,0.150,0.685,0.000,0.2959,0.1957,TRACKING,L+C+R_fused
1786994863.136,50.9,0.000,0.763,0.843,0.4796,0.0367,3.97,-1.30429,0.150,0.685,0.000,0.2302,0.1522,TRACKING,R+C
1786994863.148,50.9,0.000,0.766,0.846,0.4868,0.0343,5.01,-1.24470,0.150,0.686,0.000,0.1529,0.1013,TRACKING,R+C
1786994863.158,50.9,0.000,0.765,0.844,0.4902,0.0309,5.16,-1.27136,0.150,0.687,0.000,0.0817,0.0526,TRACKING,R+C
1786994863.189,50.9,0.000,0.762,0.834,0.4982,0.0267,5.31,-1.30131,0.150,0.687,0.000,-0.0068,-0.0056,TRACKING,R+C
1786994863.202,50.9,0.000,0.748,0.827,0.5073,0.0212,4.39,-1.43854,0.150,0.688,0.000,-0.0871,-0.0600,TRACKING,R+C
1786994863.220,50.9,0.000,0.753,0.825,0.5182,0.0164,4.54,-1.46332,0.150,0.689,0.000,-0.1828,-0.1221,TRACKING,R+C
1786994863.232,50.9,0.000,0.769,0.819,0.5271,0.0116,4.77,-1.45037,0.150,0.689,0.000,-0.2731,-0.1819,TRACKING,R+C
1786994863.251,50.9,0.000,0.769,0.819,0.5271,0.0093,3.82,-1.16030,0.150,0.690,0.000,-0.2731,-0.1907,TRACKING,prediction
1786994863.271,50.9,0.000,0.769,0.819,0.5271,0.0074,3.05,-0.92824,0.150,0.690,0.000,-0.2731,-0.1919,TRACKING,prediction
1786994863.292,50.9,0.000,0.761,0.801,0.5431,0.0111,6.71,-1.36820,0.150,0.691,0.000,-0.3523,-0.2366,TRACKING,R+C
1786994863.312,50.9,0.000,0.761,0.801,0.5431,0.0089,5.37,-1.09456,0.150,0.691,0.000,-0.3523,-0.2430,TRACKING,prediction
1786994863.323,50.9,0.000,0.761,0.801,0.5431,0.0071,4.30,-0.87565,0.150,0.692,0.000,-0.3523,-0.2439,TRACKING,prediction
1786994863.343,50.9,0.000,0.761,0.801,0.5431,0.0057,3.44,-0.70052,0.150,0.692,0.000,-0.3523,-0.2439,TRACKING,prediction
1786994863.363,50.9,0.000,0.750,0.802,0.5365,0.0163,6.76,-1.47529,0.150,0.692,0.000,-0.2860,-0.2074,TRACKING,R+C
1786994863.384,50.9,0.000,0.744,0.797,0.5483,0.0127,7.44,-1.44399,0.150,0.693,0.000,-0.3706,-0.2492,TRACKING,R+C
1786994863.404,50.9,0.000,0.737,0.795,0.5582,0.0065,7.13,-1.53341,0.150,0.693,0.000,-0.4707,-0.3113,TRACKING,R+C
1786994863.414,50.9,0.000,0.735,0.792,0.5705,0.0013,6.82,-1.63137,0.150,0.694,0.000,-0.5519,-0.3658,TRACKING,R+C
1786994863.434,50.9,0.000,0.735,0.792,0.5705,0.0010,5.46,-1.30510,0.150,0.694,0.000,-0.5519,-0.3736,TRACKING,prediction
1786994863.455,50.9,0.000,0.739,0.785,0.5804,-0.0038,6.88,-1.71289,0.150,0.694,0.000,-0.6373,-0.4223,TRACKING,R+C
1786994863.472,50.9,0.000,0.738,0.783,0.5793,0.0005,7.75,-1.66349,0.150,0.694,0.000,-0.6036,-0.4108,TRACKING,R+C
1786994863.490,50.9,0.000,0.738,0.781,0.5752,0.0047,8.11,-1.66302,0.150,0.695,0.000,-0.5574,-0.3835,TRACKING,R+C
1786994863.503,50.9,0.000,0.735,0.783,0.5719,0.0076,8.12,-1.70017,0.150,0.695,0.000,-0.5199,-0.3588,TRACKING,R+C
1786994863.523,50.9,0.000,0.730,0.786,0.5709,0.0093,8.17,-1.72847,0.150,0.695,0.000,-0.5025,-0.3456,TRACKING,R+C
1786994863.544,50.9,0.000,0.731,0.785,0.5756,0.0081,8.74,-1.72051,0.150,0.695,0.000,-0.5407,-0.3648,TRACKING,R+C
1786994863.565,50.9,0.000,0.735,0.789,0.5781,0.0057,9.11,-1.71696,0.150,0.696,0.000,-0.5902,-0.3950,TRACKING,R+C
1786994863.585,50.9,0.000,0.736,0.793,0.5839,0.0038,9.05,-1.81811,0.150,0.696,0.000,-0.6286,-0.4209,TRACKING,R+C
1786994863.605,50.9,0.000,0.729,0.787,0.5886,0.0050,9.14,-1.88089,0.150,0.696,0.000,-0.6258,-0.4233,TRACKING,R+C
1786994863.625,50.9,0.000,0.728,0.786,0.5893,0.0071,9.44,-1.89082,0.150,0.696,0.000,-0.6085,-0.4141,TRACKING,R+C
1786994863.641,50.9,0.000,0.730,0.791,0.5908,0.0083,10.41,-1.79194,0.150,0.697,0.000,-0.6145,-0.4159,TRACKING,R+C
1786994863.662,50.9,0.000,0.734,0.792,0.6001,0.0080,11.40,-1.70006,0.150,0.697,0.000,-0.6434,-0.4320,TRACKING,R+C
1786994863.678,50.9,0.000,0.733,0.792,0.6099,0.0026,11.64,-1.67048,0.150,0.697,0.000,-0.7180,-0.4752,TRACKING,R+C
1786994863.687,50.9,0.000,0.724,0.793,0.6225,-0.0032,13.92,-1.48713,0.150,0.697,0.000,-0.8381,-0.5474,TRACKING,R+C
1786994863.715,50.9,0.000,0.731,0.794,0.6361,-0.0117,15.53,-1.33849,0.150,0.697,0.000,-0.9536,-0.6211,TRACKING,R+C
1786994863.735,50.9,0.000,0.731,0.794,0.6361,-0.0094,12.42,-1.07079,0.150,0.697,0.000,-0.9536,-0.6319,TRACKING,prediction
1786994863.749,50.9,0.000,0.744,0.798,0.6619,-0.0238,19.97,-0.84312,0.150,0.697,0.000,-1.0000,-0.6595,TRACKING,R+C
1786994863.770,50.9,0.000,0.744,0.798,0.6619,-0.0191,15.97,-0.67450,0.150,0.698,0.000,-1.0000,-0.6634,TRACKING,prediction
1786994863.791,50.9,0.000,0.744,0.798,0.6619,-0.0152,12.78,-0.53960,0.150,0.698,0.000,-1.0000,-0.6639,TRACKING,prediction
1786994863.811,50.9,0.000,0.744,0.798,0.6619,-0.0122,10.22,-0.43168,0.150,0.698,0.000,-1.0000,-0.6639,TRACKING,prediction
1786994863.832,50.9,0.000,0.744,0.798,0.6619,-0.0098,8.18,-0.34534,0.150,0.698,0.000,-1.0000,-0.6638,TRACKING,prediction
1786994863.856,50.9,0.000,0.744,0.798,0.6619,-0.0078,6.54,-0.27628,0.150,0.698,0.000,-1.0000,-0.6637,TRACKING,prediction
1786994863.867,50.9,0.000,0.744,0.798,0.6619,-0.0062,5.23,-0.22102,0.150,0.698,0.000,-1.0000,-0.6637,TRACKING,prediction
1786994863.888,50.9,0.000,0.744,0.798,0.6619,-0.0050,4.19,-0.17682,0.150,0.698,0.000,-1.0000,-0.6636,TRACKING,prediction
1786994863.909,50.9,0.000,0.744,0.798,0.6619,-0.0040,3.35,-0.14145,0.150,0.698,0.000,-1.0000,-0.6635,TRACKING,prediction
1786994863.929,50.9,0.000,0.771,0.788,0.6879,-0.0358,24.74,0.09016,0.191,0.698,0.000,-1.0000,-0.6628,TRACKING,R+C
1786994863.949,50.9,0.000,0.771,0.788,0.6879,-0.0286,19.79,0.07213,0.191,0.698,0.000,-1.0000,-0.6627,TRACKING,prediction
1786994863.970,50.9,0.000,0.771,0.788,0.6879,-0.0229,15.83,0.05770,0.191,0.699,0.000,-1.0000,-0.6627,TRACKING,prediction
1786994863.990,50.9,0.000,0.771,0.788,0.6879,-0.0183,12.67,0.04616,0.191,0.699,0.000,-1.0000,-0.6626,TRACKING,prediction
1786994864.010,50.9,0.000,0.771,0.788,0.6879,-0.0147,10.13,0.03693,0.191,0.699,0.000,-1.0000,-0.6626,TRACKING,prediction
1786994864.030,50.9,0.000,0.771,0.788,0.6879,-0.0117,8.11,0.02954,0.191,0.699,0.000,-1.0000,-0.6625,TRACKING,prediction
1786994864.054,50.9,0.000,0.771,0.788,0.6879,-0.0094,6.49,0.02364,0.191,0.699,0.000,-1.0000,-0.6625,TRACKING,prediction
1786994864.061,50.9,0.000,0.771,0.788,0.6879,-0.0075,5.19,0.01891,0.191,0.699,0.000,-1.0000,-0.6624,TRACKING,prediction
1786994864.082,53.9,0.000,0.771,0.788,0.6879,-0.0060,4.15,0.01513,0.191,0.699,0.000,-1.0000,-0.6624,TRACKING,prediction
1786994864.103,53.9,0.000,0.771,0.788,0.6879,-0.0048,3.32,0.01210,0.191,0.696,0.000,-1.0000,-0.6624,TRACKING,prediction
1786994864.123,53.9,0.000,0.771,0.788,0.6879,-0.0038,2.66,0.00968,0.191,0.683,0.000,-1.0000,-0.6642,TRACKING,prediction
1786994864.144,53.9,0.000,0.771,0.788,0.6879,-0.0031,2.13,0.00775,0.191,0.664,0.000,-1.0000,-0.6717,TRACKING,prediction
1786994864.166,53.9,0.000,0.771,0.788,0.6879,-0.0025,1.70,0.00620,0.191,0.642,0.000,-1.0000,-0.6833,TRACKING,prediction
1786994864.187,53.9,0.000,0.771,0.788,0.6879,-0.0020,1.36,0.00496,0.191,0.618,0.000,-1.0000,-0.6977,TRACKING,prediction
1786994864.205,53.9,0.000,0.771,0.788,0.6879,-0.0016,1.09,0.00397,0.191,0.579,0.000,-1.0000,-0.7137,UNCERTAIN,prediction
1786994864.215,53.9,0.000,0.790,0.776,0.6140,-0.1007,8.56,-0.14171,0.186,0.585,0.000,-1.0000,-0.7376,TRACKING,R+C
1786994864.238,53.9,0.000,0.790,0.776,0.6140,-0.0805,6.85,-0.11337,0.186,0.591,0.000,-1.0000,-0.7377,TRACKING,prediction
1786994864.252,53.9,0.000,0.770,0.771,0.5990,-0.0958,6.17,-0.24636,0.175,0.597,0.000,-1.0000,-0.7337,TRACKING,R+C
1786994864.264,53.9,0.000,0.761,0.800,0.5910,-0.0931,4.70,-0.32105,0.168,0.602,0.000,-1.0000,-0.7297,TRACKING,R+C
1786994864.285,53.9,0.000,0.761,0.800,0.5910,-0.0744,3.76,-0.25684,0.168,0.607,0.000,-1.0000,-0.7263,TRACKING,prediction
1786994864.306,53.9,0.000,0.761,0.800,0.5910,-0.0596,3.01,-0.20547,0.168,0.611,0.000,-1.0000,-0.7230,TRACKING,prediction
1786994864.327,53.9,0.000,0.743,0.819,0.5656,-0.0782,1.50,-0.49501,0.150,0.616,0.000,-1.0000,-0.7182,TRACKING,R+C
1786994864.337,53.9,0.000,0.731,0.822,0.5592,-0.0719,0.59,-0.54363,0.150,0.620,0.000,-1.0000,-0.7146,TRACKING,R+C
1786994864.368,53.9,0.000,0.732,0.829,0.5509,-0.0648,-0.13,-0.57289,0.150,0.624,0.000,-0.9828,-0.7010,TRACKING,R+C
1786994864.389,53.9,0.375,0.722,0.830,0.4281,-0.0593,-2.04,-0.71045,0.150,0.628,0.000,-0.8989,-0.6472,TRACKING,L+C+R_fused
1786994864.411,53.9,0.638,0.718,0.838,0.5365,-0.0545,-3.96,-0.83348,0.150,0.631,0.000,-0.8100,-0.5847,TRACKING,L+C+R_fused
1786994864.432,53.9,0.760,0.726,0.842,0.5429,-0.0464,-3.16,-0.78538,0.150,0.635,0.000,-0.7322,-0.5277,TRACKING,L+C+R_fused
1786994864.451,53.9,0.681,0.724,0.845,0.5417,-0.0424,-3.86,-0.85170,0.150,0.638,0.000,-0.6679,-0.4799,TRACKING,L+C+R_fused
1786994864.472,53.9,0.839,0.713,0.845,0.5142,-0.0414,-5.26,-0.99567,0.150,0.641,0.000,-0.6276,-0.4481,TRACKING,L+C+R_fused
1786994864.490,53.9,0.376,0.723,0.854,0.5223,-0.0418,-5.39,-1.00545,0.150,0.644,0.000,-0.6302,-0.4437,TRACKING,L+C+R_fused
1786994864.511,53.9,0.382,0.728,0.852,0.4678,-0.0436,-6.84,-1.12860,0.150,0.647,0.000,-0.6232,-0.4381,TRACKING,L+C+R_fused
1786994864.533,53.9,0.382,0.728,0.852,0.4678,-0.0349,-5.47,-0.90288,0.150,0.650,0.000,-0.6232,-0.4363,TRACKING,prediction
1786994864.552,53.9,0.379,0.729,0.859,0.5247,-0.0361,-6.79,-1.19745,0.150,0.652,0.000,-0.5282,-0.3799,TRACKING,L+C+R_fused
1786994864.573,53.9,0.790,0.718,0.869,0.4811,-0.0286,-8.38,-1.36874,0.150,0.654,0.000,-0.3797,-0.2845,TRACKING,L+C+R_fused
1786994864.593,53.9,0.934,0.722,0.876,0.4931,-0.0205,-9.18,-1.47049,0.150,0.657,0.000,-0.2305,-0.1831,TRACKING,L+C+R_fused
1786994864.614,53.9,0.921,0.731,0.883,0.5043,-0.0130,-9.45,-1.52153,0.150,0.659,0.000,-0.0973,-0.0902,TRACKING,L+C+R_fused
1786994864.633,53.9,0.939,0.747,0.886,0.4985,-0.0088,-9.60,-1.55985,0.150,0.661,0.000,-0.0234,-0.0333,TRACKING,L+C+R_fused
1786994864.652,53.9,0.940,0.746,0.889,0.5001,-0.0045,-9.21,-1.60213,0.150,0.663,0.000,0.0287,0.0053,TRACKING,L+C+R_fused
1786994864.673,53.9,0.934,0.750,0.883,0.4953,0.0014,-8.70,-1.65041,0.150,0.665,0.000,0.1007,0.0528,TRACKING,L+C+R_fused
1786994864.694,53.9,0.937,0.750,0.888,0.5016,0.0090,-7.71,-1.63995,0.150,0.667,0.000,0.1946,0.1147,TRACKING,L+C+R_fused
1786994864.715,53.9,0.932,0.744,0.887,0.5036,0.0183,-8.11,-1.76992,0.150,0.668,0.000,0.3445,0.2106,TRACKING,L+C+R_fused
1786994864.737,53.9,0.912,0.747,0.905,0.5061,0.0290,-7.29,-1.79303,0.150,0.670,0.000,0.4795,0.3032,TRACKING,L+C+R_fused
1786994864.745,53.9,0.914,0.755,0.902,0.5056,0.0384,-6.31,-1.78448,0.150,0.671,0.000,0.5842,0.3775,TRACKING,L+C+R_fused
1786994864.755,53.9,0.915,0.757,0.919,0.5070,0.0489,-4.07,-1.71409,0.150,0.673,0.000,0.6628,0.4338,TRACKING,L+C+R_fused
1786994864.780,53.9,0.930,0.763,0.916,0.5055,0.0547,-2.67,-1.69088,0.150,0.674,0.000,0.6972,0.4612,TRACKING,L+C+R_fused
1786994864.786,53.9,0.935,0.764,0.923,0.5080,0.0572,-1.44,-1.67687,0.150,0.675,0.000,0.6918,0.4613,TRACKING,L+C+R_fused
1786994864.806,53.9,0.945,0.753,0.913,0.5042,0.0568,-1.59,-1.79824,0.150,0.677,0.000,0.6745,0.4500,TRACKING,L+C+R_fused
1786994864.816,53.9,0.641,0.750,0.913,0.5044,0.0565,-0.96,-1.82991,0.150,0.678,0.000,0.6453,0.4305,TRACKING,L+C+R_fused
1786994864.828,53.9,0.000,0.752,0.894,0.4678,0.0569,-0.73,-1.86719,0.150,0.679,0.000,0.6378,0.4225,TRACKING,R+C
1786994864.847,53.9,0.000,0.748,0.891,0.4740,0.0609,1.47,-1.76074,0.150,0.680,0.000,0.6317,0.4173,TRACKING,R+C
1786994864.867,53.9,0.000,0.750,0.897,0.4778,0.0648,3.39,-1.63929,0.150,0.681,0.000,0.6351,0.4181,TRACKING,R+C
1786994864.888,53.9,0.000,0.753,0.904,0.4831,0.0657,3.63,-1.67381,0.150,0.682,0.000,0.6349,0.4174,TRACKING,R+C
1786994864.909,53.9,0.000,0.745,0.863,0.4854,0.0653,4.39,-1.68896,0.150,0.683,0.000,0.5997,0.3961,TRACKING,R+C
1786994864.919,53.9,0.000,0.746,0.880,0.4936,0.0621,4.83,-1.70961,0.150,0.684,0.000,0.5338,0.3543,TRACKING,R+C
1786994864.941,53.9,0.000,0.745,0.880,0.5038,0.0584,5.63,-1.67905,0.150,0.684,0.000,0.4509,0.2999,TRACKING,R+C
1786994864.960,53.9,0.000,0.745,0.888,0.5155,0.0564,8.25,-1.50577,0.150,0.685,0.000,0.3373,0.2263,TRACKING,R+C
1786994864.973,53.9,0.000,0.746,0.875,0.5297,0.0521,9.93,-1.38837,0.150,0.686,0.000,0.2089,0.1415,TRACKING,R+C
1786994864.989,53.9,0.000,0.746,0.859,0.5383,0.0468,11.01,-1.32980,0.150,0.687,0.000,0.0745,0.0517,TRACKING,R+C
1786994865.002,53.9,0.000,0.745,0.857,0.5502,0.0403,11.42,-1.33515,0.150,0.687,0.000,-0.0618,-0.0396,TRACKING,R+C
1786994865.020,53.9,0.000,0.745,0.857,0.5502,0.0322,9.13,-1.06812,0.150,0.688,0.000,-0.0618,-0.0528,TRACKING,prediction
1786994865.041,53.9,0.000,0.745,0.857,0.5502,0.0258,7.31,-0.85450,0.150,0.689,0.000,-0.0618,-0.0547,TRACKING,prediction
1786994865.051,53.9,0.000,0.746,0.850,0.5841,0.0216,14.18,-1.13532,0.150,0.689,0.000,-0.4684,-0.2831,TRACKING,R+C
1786994865.071,53.9,0.000,0.746,0.850,0.5841,0.0173,11.34,-0.90825,0.150,0.690,0.000,-0.4684,-0.3163,TRACKING,prediction
1786994865.082,53.9,0.000,0.746,0.850,0.5841,0.0139,9.07,-0.72660,0.150,0.690,0.000,-0.4684,-0.3212,TRACKING,prediction
1786994865.102,54.9,0.000,0.746,0.850,0.5841,0.0111,7.26,-0.58128,0.150,0.691,0.000,-0.4684,-0.3217,TRACKING,prediction
1786994865.123,54.9,0.000,0.746,0.850,0.5841,0.0089,5.81,-0.46503,0.150,0.691,0.000,-0.4684,-0.3217,TRACKING,prediction
1786994865.144,54.9,0.000,0.746,0.850,0.5841,0.0071,4.65,-0.37202,0.150,0.692,0.000,-0.4684,-0.3216,TRACKING,prediction
1786994865.154,54.9,0.000,0.746,0.850,0.5841,0.0057,3.72,-0.29762,0.150,0.692,0.000,-0.4684,-0.3214,TRACKING,prediction
1786994865.175,54.9,0.000,0.746,0.850,0.5841,0.0045,2.97,-0.23809,0.150,0.692,0.000,-0.4684,-0.3213,TRACKING,prediction
1786994865.187,54.9,0.000,0.746,0.850,0.5841,0.0036,2.38,-0.19047,0.150,0.693,0.000,-0.4684,-0.3211,TRACKING,prediction
1786994865.205,54.9,0.000,0.746,0.850,0.5841,0.0029,1.90,-0.15238,0.150,0.693,0.000,-0.4684,-0.3210,TRACKING,prediction
1786994865.225,54.9,0.000,0.746,0.850,0.5841,0.0023,1.52,-0.12190,0.150,0.686,0.000,-0.4684,-0.3209,TRACKING,prediction
1786994865.247,54.9,0.000,0.746,0.850,0.5841,0.0019,1.22,-0.09752,0.150,0.671,0.000,-0.4684,-0.3229,TRACKING,prediction
1786994865.261,54.9,0.000,0.746,0.850,0.5841,0.0015,0.97,-0.07802,0.150,0.651,0.000,-0.4684,-0.3275,TRACKING,prediction
1786994865.283,54.9,0.000,0.746,0.850,0.5841,0.0012,0.78,-0.06241,0.150,0.628,0.000,-0.4684,-0.3338,TRACKING,prediction
1786994865.290,54.9,0.000,0.746,0.850,0.5841,0.0010,0.62,-0.04993,0.150,0.586,0.000,-0.4684,-0.3412,UNCERTAIN,prediction
1786994865.311,54.9,0.000,0.746,0.850,0.5841,0.0008,0.50,-0.03995,0.150,0.557,0.000,-0.4684,-0.3538,UNCERTAIN,prediction
1786994865.328,54.9,0.000,0.746,0.850,0.5841,0.0006,0.40,-0.03196,0.150,0.537,0.000,-0.4684,-0.3637,UNCERTAIN,prediction
1786994865.341,54.9,0.000,0.746,0.850,0.5841,0.0005,0.32,-0.02557,0.150,0.516,0.000,-0.4684,-0.3708,UNCERTAIN,prediction
1786994865.364,54.9,0.000,0.746,0.850,0.5841,0.0004,0.26,-0.02045,0.150,0.495,0.000,-0.4684,-0.3777,UNCERTAIN,prediction
1786994865.374,54.9,0.000,0.746,0.850,0.5841,0.0003,0.20,-0.01636,0.150,0.473,0.000,-0.4684,-0.3847,UNCERTAIN,prediction
1786994865.405,54.9,0.000,0.746,0.850,0.5841,0.0002,0.16,-0.01309,0.150,0.451,0.000,-0.4684,-0.3918,UNCERTAIN,prediction
1786994865.416,54.9,0.000,0.746,0.850,0.5841,0.0002,0.13,-0.01047,0.150,0.430,0.000,-0.4684,-0.3988,UNCERTAIN,prediction
1786994865.426,54.9,0.000,0.746,0.850,0.5841,0.0002,0.10,-0.00838,0.150,0.409,0.000,-0.4684,-0.4057,UNCERTAIN,prediction
1786994865.447,54.9,0.000,0.746,0.850,0.5841,0.0001,0.08,-0.00670,0.150,0.390,0.000,-0.4684,-0.4124,UNCERTAIN,prediction
1786994865.468,54.9,0.000,0.746,0.850,0.5841,0.0001,0.07,-0.00536,0.150,0.371,0.000,-0.4684,-0.4188,UNCERTAIN,prediction
1786994865.490,54.9,0.000,0.746,0.850,0.5841,0.0001,0.05,-0.00429,0.150,0.352,0.000,-0.4684,-0.4250,UNCERTAIN,prediction
1786994865.510,54.9,0.000,0.746,0.850,0.5841,0.0001,0.04,-0.00343,0.150,0.335,0.000,-0.4684,-0.4309,UNCERTAIN,prediction
1786994865.532,54.9,0.000,0.746,0.850,0.5841,0.0001,0.03,-0.00275,0.150,0.318,0.000,-0.4684,-0.4366,UNCERTAIN,prediction
1786994865.551,54.9,0.000,0.746,0.850,0.5841,0.0000,0.03,-0.00220,0.150,0.303,0.000,-0.4684,-0.4420,UNCERTAIN,prediction
1786994865.576,54.9,0.000,0.746,0.850,0.5841,0.0000,0.02,-0.00176,0.150,0.288,0.000,-0.4684,-0.4471,UNCERTAIN,prediction
1786994865.595,54.9,0.000,0.746,0.850,0.5841,0.0000,0.02,-0.00141,0.150,0.273,0.000,-0.4684,-0.4520,UNCERTAIN,prediction
1786994865.613,54.9,0.000,0.746,0.850,0.5841,0.0000,0.01,-0.00112,0.150,0.260,0.000,-0.4684,-0.4566,UNCERTAIN,prediction
1786994865.634,54.9,0.000,0.746,0.850,0.5841,0.0000,0.01,-0.00090,0.150,0.247,0.000,-0.4684,-0.4610,UNCERTAIN,prediction
1786994865.645,54.9,0.000,0.746,0.850,0.5841,0.0000,0.01,-0.00072,0.150,0.236,0.000,-0.4684,-0.4652,UNCERTAIN,prediction
1786994865.675,54.9,0.000,0.746,0.850,0.5841,0.0000,0.01,-0.00058,0.150,0.228,0.000,-0.4684,-0.4688,UNCERTAIN,prediction
1786994865.697,54.9,0.000,0.746,0.850,0.5841,0.0000,0.01,-0.00046,0.150,0.223,0.000,-0.4684,-0.4715,UNCERTAIN,prediction
1786994865.716,54.9,0.000,0.746,0.850,0.5841,0.0000,0.00,-0.00037,0.150,0.219,0.000,-0.4684,-0.4733,UNCERTAIN,prediction
1786994865.746,54.9,0.000,0.746,0.850,0.5841,0.0000,0.00,-0.00029,0.150,0.216,0.000,-0.4684,-0.4746,UNCERTAIN,prediction
1786994865.767,54.9,0.000,0.746,0.850,0.5841,0.0000,0.00,-0.00024,0.150,0.214,0.000,-0.4684,-0.4756,UNCERTAIN,prediction
1786994865.787,54.9,0.000,0.746,0.850,0.5841,0.0000,0.00,-0.00019,0.150,0.213,0.000,-0.4684,-0.4762,UNCERTAIN,prediction
1786994865.808,54.9,0.000,0.746,0.850,0.5841,0.0000,0.00,-0.00015,0.150,0.203,0.000,-0.4684,-0.4766,PREDICTING,prediction
1786994865.818,54.9,0.000,0.746,0.850,0.5841,0.0000,0.00,-0.00012,0.150,0.196,0.000,-0.4684,-0.4794,PREDICTING,prediction
1786994865.839,54.9,0.000,0.746,0.850,0.5841,0.0000,0.00,-0.00010,0.150,0.191,0.000,-0.4684,-0.4817,PREDICTING,prediction
1786994865.849,54.9,0.000,0.849,0.821,0.5795,-0.1022,5.14,-0.67182,0.150,0.217,0.000,-1.0000,-0.9182,TRACKING,R+C
1786994865.870,54.9,0.000,0.849,0.821,0.5795,-0.0818,4.11,-0.53746,0.150,0.241,0.000,-1.0000,-0.9679,TRACKING,prediction
1786994865.890,54.9,0.000,0.849,0.821,0.5795,-0.0654,3.29,-0.42997,0.150,0.264,0.000,-1.0000,-0.9624,TRACKING,prediction
1786994865.911,54.9,0.000,0.849,0.821,0.5795,-0.0523,2.63,-0.34397,0.150,0.286,0.000,-1.0000,-0.9491,TRACKING,prediction
1786994865.931,54.9,0.000,0.849,0.821,0.5795,-0.0419,2.11,-0.27518,0.150,0.306,0.000,-1.0000,-0.9353,TRACKING,prediction
1786994865.952,54.9,0.000,0.849,0.821,0.5795,-0.0335,1.69,-0.22014,0.150,0.326,0.000,-1.0000,-0.9219,TRACKING,prediction
1786994865.972,54.9,0.000,0.873,0.798,0.5886,-0.1397,5.69,-0.57868,0.150,0.345,0.000,-1.0000,-0.9105,TRACKING,R+C
1786994865.993,54.9,0.000,0.873,0.798,0.5886,-0.1117,4.55,-0.46295,0.150,0.363,0.000,-1.0000,-0.8985,TRACKING,prediction
1786994866.013,54.9,0.874,0.796,0.000,0.5875,0.2115,22.04,-0.80842,0.150,0.379,0.000,1.0000,-0.1645,TRACKING,L+C
1786994866.033,54.9,0.874,0.796,0.000,0.5875,0.1692,17.63,-0.64673,0.150,0.395,0.000,1.0000,0.5094,TRACKING,prediction
1786994866.054,54.9,0.876,0.792,0.000,0.5819,0.2078,23.09,-0.72271,0.150,0.411,0.000,1.0000,0.8059,TRACKING,L+C
1786994866.074,54.9,0.876,0.792,0.000,0.5819,0.1662,18.47,-0.57816,0.150,0.425,0.000,1.0000,0.8419,TRACKING,prediction
1786994866.097,54.9,0.876,0.792,0.000,0.5819,0.1330,14.78,-0.46253,0.150,0.439,0.000,1.0000,0.8392,TRACKING,prediction
1786994866.123,52.0,0.876,0.792,0.000,0.5819,0.1064,11.82,-0.37003,0.150,0.452,0.000,1.0000,0.8311,TRACKING,prediction
1786994866.137,52.0,0.876,0.792,0.000,0.5819,0.0851,9.46,-0.29602,0.150,0.464,0.000,1.0000,0.8225,TRACKING,prediction
1786994866.154,52.0,0.000,0.872,0.797,0.5617,-0.1433,2.54,-0.64657,0.150,0.476,0.000,-1.0000,0.1448,TRACKING,R+C
1786994866.175,52.0,0.000,0.872,0.797,0.5617,-0.1147,2.03,-0.51726,0.150,0.487,0.000,-1.0000,-0.4399,TRACKING,prediction
1786994866.189,52.0,0.000,0.870,0.803,0.5552,-0.1352,2.10,-0.63314,0.150,0.498,0.000,-1.0000,-0.7489,TRACKING,R+C
1786994866.201,52.0,0.000,0.865,0.810,0.5521,-0.1302,1.69,-0.64105,0.150,0.508,0.000,-1.0000,-0.7892,TRACKING,R+C
1786994866.217,52.0,0.000,0.865,0.810,0.5521,-0.1041,1.35,-0.51284,0.150,0.518,0.000,-1.0000,-0.7898,TRACKING,prediction
1786994866.231,52.0,0.000,0.854,0.823,0.5441,-0.1196,0.85,-0.66191,0.150,0.527,0.000,-1.0000,-0.7836,TRACKING,R+C
1786994866.247,52.0,0.000,0.854,0.823,0.5441,-0.0956,0.68,-0.52953,0.150,0.535,0.000,-1.0000,-0.7778,TRACKING,prediction
1786994866.263,52.0,0.000,0.854,0.823,0.5441,-0.0765,0.54,-0.42363,0.150,0.544,0.000,-1.0000,-0.7721,TRACKING,prediction
1786994866.279,52.0,0.000,0.854,0.823,0.5441,-0.0612,0.43,-0.33890,0.150,0.551,0.000,-1.0000,-0.7666,TRACKING,prediction
1786994866.294,52.0,0.000,0.856,0.827,0.5409,-0.1105,-1.23,-0.75734,0.150,0.559,0.000,-1.0000,-0.7604,TRACKING,R+C
1786994866.310,52.0,0.000,0.856,0.827,0.5409,-0.0884,-0.98,-0.60588,0.150,0.566,0.000,-1.0000,-0.7555,TRACKING,prediction
1786994866.325,52.0,0.000,0.856,0.827,0.5409,-0.0707,-0.79,-0.48470,0.150,0.573,0.000,-1.0000,-0.7508,TRACKING,prediction
1786994866.340,52.0,0.000,0.859,0.818,0.5448,-0.1216,0.28,-0.67087,0.150,0.579,0.000,-1.0000,-0.7474,TRACKING,R+C
1786994866.353,52.0,0.000,0.863,0.819,0.5456,-0.1260,0.76,-0.62513,0.150,0.585,0.000,-1.0000,-0.7435,TRACKING,R+C
1786994866.370,52.0,0.000,0.863,0.819,0.5456,-0.1008,0.61,-0.50010,0.150,0.591,0.000,-1.0000,-0.7395,TRACKING,prediction
1786994866.385,52.0,0.000,0.872,0.819,0.5475,-0.1305,1.02,-0.60499,0.150,0.596,0.000,-1.0000,-0.7360,TRACKING,R+C
1786994866.401,52.0,0.000,0.872,0.819,0.5475,-0.1044,0.81,-0.48399,0.150,0.601,0.000,-1.0000,-0.7324,TRACKING,prediction
1786994866.417,52.0,0.000,0.872,0.819,0.5475,-0.0835,0.65,-0.38719,0.150,0.606,0.000,-1.0000,-0.7289,TRACKING,prediction
1786994866.432,52.0,0.000,0.872,0.819,0.5475,-0.0668,0.52,-0.30975,0.150,0.611,0.000,-1.0000,-0.7256,TRACKING,prediction
1786994866.454,52.0,0.000,0.852,0.812,0.5313,-0.1196,-1.08,-0.77165,0.150,0.616,0.000,-1.0000,-0.7215,TRACKING,R+C
1786994866.467,52.0,0.000,0.855,0.817,0.5322,-0.1187,-0.97,-0.74536,0.150,0.620,0.000,-1.0000,-0.7184,TRACKING,R+C
1786994866.480,52.0,0.000,0.853,0.817,0.5305,-0.1200,-1.17,-0.78438,0.150,0.624,0.000,-1.0000,-0.7157,TRACKING,R+C
1786994866.496,52.0,0.000,0.852,0.816,0.5292,-0.1218,-1.22,-0.79704,0.150,0.628,0.000,-1.0000,-0.7132,TRACKING,R+C
1786994866.507,52.0,0.000,0.849,0.817,0.5271,-0.1237,-1.66,-0.83230,0.150,0.631,0.000,-1.0000,-0.7108,TRACKING,R+C
1786994866.518,52.0,0.000,0.855,0.817,0.5251,-0.1229,-1.86,-0.84649,0.150,0.635,0.000,-1.0000,-0.7083,TRACKING,R+C
1786994866.548,52.0,0.000,0.855,0.817,0.5251,-0.0984,-1.49,-0.67719,0.150,0.638,0.000,-1.0000,-0.7060,TRACKING,prediction
1786994866.569,52.0,0.000,0.837,0.815,0.5269,-0.1132,-2.01,-0.83250,0.150,0.641,0.000,-1.0000,-0.7029,TRACKING,R+C
1786994866.589,52.0,0.000,0.834,0.822,0.5271,-0.1092,-2.41,-0.85013,0.150,0.644,0.000,-1.0000,-0.7005,TRACKING,R+C
1786994866.609,52.0,0.000,0.833,0.826,0.5282,-0.1048,-2.05,-0.80616,0.150,0.647,0.000,-1.0000,-0.6981,TRACKING,R+C
1786994866.630,52.0,0.000,0.831,0.826,0.5300,-0.1016,-2.48,-0.82586,0.150,0.649,0.000,-1.0000,-0.6959,TRACKING,R+C
1786994866.644,52.0,0.000,0.837,0.832,0.5315,-0.0971,-2.09,-0.78866,0.150,0.652,0.000,-1.0000,-0.6938,TRACKING,R+C
1786994866.659,52.0,0.000,0.837,0.832,0.5315,-0.0776,-1.67,-0.63093,0.150,0.654,0.000,-1.0000,-0.6921,TRACKING,prediction
1786994866.677,52.0,0.000,0.823,0.843,0.5303,-0.0847,-2.30,-0.77735,0.150,0.657,0.000,-1.0000,-0.6894,TRACKING,R+C
1786994866.693,52.0,0.000,0.823,0.843,0.5303,-0.0677,-1.84,-0.62188,0.150,0.659,0.000,-1.0000,-0.6878,TRACKING,prediction
1786994866.707,52.0,0.000,0.823,0.843,0.5303,-0.0542,-1.47,-0.49751,0.150,0.661,0.000,-1.0000,-0.6864,TRACKING,prediction
1786994866.720,52.0,0.000,0.806,0.852,0.5194,-0.0597,-1.92,-0.76172,0.150,0.663,0.000,-0.9111,-0.6330,TRACKING,R+C
1786994866.734,52.0,0.000,0.818,0.868,0.5154,-0.0528,-2.11,-0.78956,0.150,0.665,0.000,-0.8378,-0.5823,TRACKING,R+C
1786994866.758,52.0,0.000,0.818,0.868,0.5154,-0.0423,-1.69,-0.63165,0.150,0.666,0.000,-0.8378,-0.5739,TRACKING,prediction
1786994866.771,52.0,0.000,0.816,0.872,0.5077,-0.0406,-1.44,-0.77061,0.150,0.668,0.000,-0.7115,-0.4997,TRACKING,R+C
1786994866.777,52.0,0.000,0.823,0.872,0.5034,-0.0359,-1.00,-0.76059,0.150,0.670,0.000,-0.6633,-0.4605,TRACKING,R+C
1786994866.798,52.0,0.000,0.816,0.873,0.4980,-0.0307,-1.68,-0.83946,0.150,0.671,0.000,-0.5799,-0.4065,TRACKING,R+C
1786994866.816,52.0,0.000,0.811,0.862,0.4910,-0.0236,-1.50,-0.86391,0.150,0.673,0.000,-0.4866,-0.3448,TRACKING,R+C
1786994866.833,52.0,0.348,0.814,0.869,0.5852,-0.0180,-1.11,-0.86089,0.150,0.674,0.000,-0.4137,-0.2936,TRACKING,L+C+R_fused
1786994866.849,52.0,0.000,0.806,0.875,0.4881,-0.0160,-1.34,-0.91292,0.150,0.675,0.000,-0.3809,-0.2672,TRACKING,R+C
1786994866.863,52.0,0.000,0.797,0.875,0.4872,-0.0177,-2.00,-1.01693,0.150,0.677,0.000,-0.3981,-0.2730,TRACKING,R+C
1786994866.876,52.0,0.000,0.790,0.872,0.4987,-0.0198,-1.94,-1.02925,0.150,0.678,0.000,-0.4367,-0.2957,TRACKING,R+C
1786994866.890,52.0,0.000,0.789,0.871,0.5029,-0.0224,-1.56,-1.02727,0.150,0.679,0.000,-0.4908,-0.3295,TRACKING,R+C
1786994866.903,52.0,0.000,0.794,0.877,0.5075,-0.0257,-1.62,-1.06011,0.150,0.680,0.000,-0.5436,-0.3643,TRACKING,R+C
1786994866.921,52.0,0.000,0.796,0.871,0.5099,-0.0280,-1.34,-1.06468,0.150,0.681,0.000,-0.5875,-0.3940,TRACKING,R+C
1786994866.932,52.0,0.000,0.789,0.870,0.5144,-0.0287,-0.16,-1.00453,0.150,0.682,0.000,-0.6291,-0.4216,TRACKING,R+C
1786994866.949,52.0,0.000,0.788,0.865,0.5169,-0.0313,-0.39,-1.06547,0.150,0.683,0.000,-0.6646,-0.4455,TRACKING,R+C
1786994866.972,52.0,0.000,0.788,0.865,0.5169,-0.0250,-0.32,-0.85237,0.150,0.684,0.000,-0.6646,-0.4487,TRACKING,prediction
1786994867.451,40.7,0.000,0.788,0.865,0.5169,-0.0200,-0.25,-0.68190,0.150,0.684,0.000,-0.6646,-0.4488,TRACKING,prediction
1786994867.458,40.7,0.000,0.788,0.865,0.5169,-0.0160,-0.20,-0.54552,0.150,0.685,0.000,-0.6646,-0.4485,TRACKING,prediction
1786994867.478,40.7,0.000,0.783,0.857,0.5141,-0.0206,-0.05,-1.14292,0.150,0.686,0.000,-0.5394,-0.3782,TRACKING,R+C
1786994867.498,40.7,0.000,0.780,0.854,0.5113,-0.0156,-0.07,-1.17860,0.150,0.687,0.000,-0.4688,-0.3279,TRACKING,R+C
1786994867.520,40.7,0.000,0.778,0.858,0.5072,-0.0134,0.54,-1.16836,0.150,0.687,0.000,-0.4565,-0.3135,TRACKING,R+C
1786994867.543,40.7,0.000,0.776,0.854,0.5103,-0.0146,0.39,-1.20987,0.150,0.688,0.000,-0.4749,-0.3217,TRACKING,R+C
1786994867.558,40.7,0.000,0.780,0.859,0.5167,-0.0172,0.92,-1.18478,0.150,0.689,0.000,-0.5305,-0.3539,TRACKING,R+C
1786994867.570,40.7,0.000,0.777,0.851,0.5233,-0.0213,1.08,-1.21553,0.150,0.689,0.000,-0.5997,-0.3974,TRACKING,R+C
1786994867.596,40.7,0.000,0.785,0.842,0.5304,-0.0249,2.20,-1.14217,0.150,0.690,0.000,-0.6769,-0.4467,TRACKING,R+C
1786994867.604,40.7,0.000,0.789,0.845,0.5350,-0.0308,1.90,-1.18279,0.150,0.690,0.000,-0.7476,-0.4933,TRACKING,R+C
1786994867.617,40.7,0.000,0.798,0.839,0.5395,-0.0363,1.42,-1.27274,0.150,0.691,0.000,-0.8079,-0.5337,TRACKING,R+C
1786994867.641,40.7,0.000,0.790,0.836,0.5489,-0.0386,2.95,-1.19597,0.150,0.691,0.000,-0.8667,-0.5721,TRACKING,R+C
1786994867.650,40.7,0.000,0.795,0.824,0.5563,-0.0429,3.58,-1.17714,0.150,0.692,0.000,-0.9246,-0.6096,TRACKING,R+C
1786994867.673,40.7,0.000,0.795,0.824,0.5563,-0.0343,2.86,-0.94171,0.150,0.692,0.000,-0.9246,-0.6149,TRACKING,prediction
1786994867.690,40.7,0.000,0.795,0.824,0.5563,-0.0274,2.29,-0.75337,0.150,0.692,0.000,-0.9246,-0.6155,TRACKING,prediction
1786994867.705,40.7,0.000,0.795,0.824,0.5563,-0.0220,1.83,-0.60270,0.150,0.693,0.000,-0.9246,-0.6154,TRACKING,prediction
1786994867.719,40.7,0.000,0.795,0.824,0.5563,-0.0176,1.47,-0.48216,0.150,0.693,0.000,-0.9246,-0.6152,TRACKING,prediction
1786994867.732,40.7,0.000,0.823,0.702,0.5847,-0.0738,5.57,-1.17008,0.150,0.693,0.000,-1.0000,-0.6592,TRACKING,R+C
1786994867.745,40.7,0.000,0.823,0.669,0.5823,-0.0772,6.09,-1.13727,0.150,0.694,0.000,-1.0000,-0.6654,TRACKING,R+C
1786994867.760,40.7,0.000,0.817,0.668,0.5846,-0.0780,5.95,-1.19226,0.150,0.694,0.000,-1.0000,-0.6663,TRACKING,R+C
1786994867.775,40.7,0.000,0.815,0.672,0.5873,-0.0761,5.65,-1.27843,0.150,0.694,0.000,-1.0000,-0.6662,TRACKING,R+C
1786994867.788,40.7,0.000,0.815,0.675,0.5941,-0.0743,5.87,-1.27332,0.150,0.695,0.000,-1.0000,-0.6660,TRACKING,R+C
1786994867.803,40.7,0.000,0.815,0.675,0.5941,-0.0594,4.70,-1.01866,0.150,0.695,0.000,-1.0000,-0.6658,TRACKING,prediction
1786994867.819,40.7,0.000,0.815,0.675,0.5941,-0.0475,3.76,-0.81493,0.150,0.695,0.000,-1.0000,-0.6656,TRACKING,prediction
1786994867.834,40.7,0.810,0.669,0.256,0.4448,0.3279,43.52,0.57312,0.150,0.695,0.000,1.0000,-0.1874,TRACKING,L+C+R_fused
1786994867.848,40.7,0.805,0.667,0.635,0.5884,0.3278,44.78,0.60678,0.150,0.696,0.000,1.0000,0.2332,TRACKING,L+C+R_fused
1786994867.865,40.7,0.805,0.667,0.635,0.5884,0.2623,35.82,0.48542,0.150,0.696,0.000,1.0000,0.6007,TRACKING,prediction
1786994867.891,40.7,0.000,0.810,0.670,0.6106,-0.0850,7.31,-1.32713,0.150,0.696,0.000,-1.0000,0.1176,TRACKING,R+C
1786994867.911,40.7,0.000,0.810,0.670,0.6106,-0.0680,5.85,-1.06170,0.150,0.696,0.000,-1.0000,-0.2998,TRACKING,prediction
1786994867.924,40.7,0.000,0.810,0.670,0.6106,-0.0544,4.68,-0.84936,0.150,0.696,0.000,-1.0000,-0.6113,TRACKING,prediction
1786994867.946,40.7,0.000,0.810,0.670,0.6106,-0.0435,3.74,-0.67949,0.150,0.697,0.000,-1.0000,-0.6579,TRACKING,prediction
