timestamp,fps,left_conf,center_conf,right_conf,lane_width_m,lateral_error_m,heading_error_deg,curvature,lookahead_m,target_speed,actual_speed,steer_raw,steer_filtered,tracking_state,reconstruction_method
1786998855.051,0.0,0.870,0.774,0.631,0.4955,-0.0044,7.79,-0.00652,0.199,0.206,0.000,-0.3041,-0.2715,TRACKING,L+C+R_fused
1786998855.143,0.0,0.867,0.775,0.629,0.4961,-0.0045,7.73,-0.01132,0.199,0.231,0.000,-0.3053,-0.3043,TRACKING,L+C+R_fused
1786998855.165,0.0,0.867,0.775,0.632,0.4956,-0.0045,7.78,-0.00866,0.199,0.254,0.000,-0.3050,-0.3049,TRACKING,L+C+R_fused
1786998855.188,0.0,0.867,0.777,0.632,0.4946,-0.0046,7.68,-0.01615,0.198,0.276,0.000,-0.3063,-0.3018,TRACKING,L+C+R_fused
1786998855.209,0.0,0.863,0.777,0.632,0.4909,-0.0045,7.72,-0.01302,0.199,0.298,0.000,-0.3058,-0.2969,TRACKING,L+C+R_fused
1786998855.229,0.0,0.863,0.776,0.632,0.4911,-0.0046,7.70,-0.01382,0.199,0.318,0.000,-0.3058,-0.2924,TRACKING,L+C+R_fused
1786998855.246,0.0,0.862,0.776,0.632,0.4907,-0.0045,7.72,-0.01305,0.199,0.337,0.000,-0.3057,-0.2879,TRACKING,L+C+R_fused
1786998855.267,0.0,0.864,0.778,0.632,0.4920,-0.0045,7.75,-0.01152,0.199,0.355,0.000,-0.3057,-0.2838,TRACKING,L+C+R_fused
1786998855.291,0.0,0.864,0.777,0.629,0.4906,-0.0045,7.73,-0.01197,0.199,0.372,0.000,-0.3057,-0.2800,TRACKING,L+C+R_fused
1786998855.310,0.0,0.863,0.777,0.631,0.4914,-0.0045,7.74,-0.01108,0.199,0.389,0.000,-0.3055,-0.2762,TRACKING,L+C+R_fused
1786998855.328,0.0,0.862,0.777,0.631,0.4924,-0.0045,7.75,-0.01044,0.199,0.404,0.000,-0.3053,-0.2725,TRACKING,L+C+R_fused
1786998855.345,0.0,0.862,0.777,0.631,0.4909,-0.0045,7.73,-0.01123,0.199,0.419,0.000,-0.3054,-0.2691,TRACKING,L+C+R_fused
1786998855.368,0.0,0.868,0.777,0.629,0.4856,-0.0046,7.66,-0.01944,0.198,0.433,0.000,-0.3077,-0.2676,TRACKING,L+C+R_fused
1786998855.386,0.0,0.868,0.778,0.628,0.4880,-0.0046,7.68,-0.01818,0.198,0.446,0.000,-0.3073,-0.2646,TRACKING,L+C+R_fused
1786998855.405,0.0,0.866,0.777,0.628,0.4869,-0.0045,7.70,-0.01666,0.198,0.459,0.000,-0.3070,-0.2615,TRACKING,L+C+R_fused
1786998855.423,0.0,0.865,0.778,0.631,0.4859,-0.0046,7.70,-0.01585,0.198,0.471,0.000,-0.3070,-0.2587,TRACKING,L+C+R_fused
1786998855.440,0.0,0.865,0.777,0.631,0.4865,-0.0045,7.68,-0.01810,0.198,0.483,0.000,-0.3070,-0.2561,TRACKING,L+C+R_fused
1786998855.471,0.0,0.864,0.777,0.631,0.4878,-0.0045,7.70,-0.01721,0.198,0.493,0.000,-0.3067,-0.2534,TRACKING,L+C+R_fused
1786998855.502,18.9,0.864,0.777,0.631,0.4873,-0.0045,7.70,-0.01686,0.198,0.504,0.000,-0.3068,-0.2511,TRACKING,L+C+R_fused
1786998855.521,18.9,0.864,0.777,0.631,0.4873,-0.0045,7.70,-0.01695,0.198,0.514,0.000,-0.3068,-0.2489,TRACKING,L+C+R_fused
1786998855.538,18.9,0.860,0.777,0.631,0.4909,-0.0046,7.68,-0.01808,0.198,0.523,0.000,-0.3072,-0.2471,TRACKING,L+C+R_fused
1786998855.557,18.9,0.860,0.777,0.631,0.4909,-0.0046,7.69,-0.01620,0.198,0.532,0.000,-0.3072,-0.2451,TRACKING,L+C+R_fused
1786998855.573,18.9,0.861,0.777,0.629,0.4944,-0.0046,7.70,-0.01562,0.198,0.540,0.000,-0.3071,-0.2431,TRACKING,L+C+R_fused
1786998855.598,18.9,0.861,0.778,0.629,0.4943,-0.0046,7.68,-0.01689,0.198,0.548,0.000,-0.3073,-0.2414,TRACKING,L+C+R_fused
1786998855.621,18.9,0.865,0.778,0.631,0.4875,-0.0046,7.67,-0.01617,0.198,0.556,0.000,-0.3064,-0.2391,TRACKING,L+C+R_fused
1786998855.642,18.9,0.865,0.779,0.631,0.4872,-0.0046,7.67,-0.01606,0.198,0.563,0.000,-0.3064,-0.2374,TRACKING,L+C+R_fused
1786998855.662,18.9,0.865,0.778,0.631,0.4873,-0.0046,7.65,-0.01723,0.198,0.570,0.000,-0.3067,-0.2360,TRACKING,L+C+R_fused
1786998855.683,18.9,0.865,0.777,0.631,0.4874,-0.0046,7.68,-0.01544,0.198,0.576,0.000,-0.3061,-0.2342,TRACKING,L+C+R_fused
1786998855.703,18.9,0.865,0.777,0.631,0.4876,-0.0046,7.70,-0.01397,0.199,0.583,0.000,-0.3060,-0.2327,TRACKING,L+C+R_fused
1786998855.723,18.9,0.865,0.778,0.633,0.4904,-0.0046,7.68,-0.01527,0.198,0.588,0.000,-0.3063,-0.2315,TRACKING,L+C+R_fused
1786998855.740,18.9,0.862,0.777,0.633,0.4925,-0.0045,7.69,-0.01497,0.199,0.594,0.000,-0.3061,-0.2301,TRACKING,L+C+R_fused
1786998855.757,18.9,0.863,0.779,0.632,0.4909,-0.0047,7.64,-0.01776,0.198,0.599,0.000,-0.3072,-0.2296,TRACKING,L+C+R_fused
1786998855.774,18.9,0.862,0.778,0.632,0.4895,-0.0048,7.63,-0.01855,0.198,0.604,0.000,-0.3077,-0.2288,TRACKING,L+C+R_fused
1786998855.793,18.9,0.861,0.778,0.632,0.4896,-0.0046,7.67,-0.01670,0.198,0.609,0.000,-0.3067,-0.2272,TRACKING,L+C+R_fused
1786998855.812,18.9,0.864,0.777,0.632,0.4886,-0.0045,7.64,-0.02031,0.198,0.614,0.000,-0.3065,-0.2260,TRACKING,L+C+R_fused
1786998855.843,18.9,0.857,0.774,0.633,0.4948,-0.0038,7.72,-0.01001,0.199,0.618,0.000,-0.2975,-0.2194,TRACKING,L+C+R_fused
1786998855.862,18.9,0.866,0.777,0.630,0.4922,-0.0039,7.59,-0.02112,0.198,0.622,0.000,-0.2997,-0.2190,TRACKING,L+C+R_fused
1786998855.881,18.9,0.867,0.777,0.635,0.4943,-0.0040,7.53,-0.02467,0.198,0.626,0.000,-0.3001,-0.2184,TRACKING,L+C+R_fused
1786998855.898,18.9,0.871,0.775,0.636,0.4940,-0.0040,7.53,-0.02463,0.198,0.630,0.000,-0.3001,-0.2177,TRACKING,L+C+R_fused
1786998855.916,18.9,0.868,0.777,0.635,0.4942,-0.0040,7.58,-0.02146,0.198,0.633,0.000,-0.2997,-0.2167,TRACKING,L+C+R_fused
1786998855.937,18.9,0.868,0.777,0.635,0.4941,-0.0039,7.57,-0.02224,0.198,0.637,0.000,-0.2997,-0.2159,TRACKING,L+C+R_fused
1786998855.957,18.9,0.868,0.777,0.635,0.4941,-0.0039,7.58,-0.02197,0.198,0.640,0.000,-0.2996,-0.2151,TRACKING,L+C+R_fused
1786998855.974,18.9,0.868,0.777,0.633,0.4927,-0.0039,7.60,-0.02058,0.198,0.643,0.000,-0.2997,-0.2145,TRACKING,L+C+R_fused
1786998855.993,18.9,0.868,0.777,0.633,0.4926,-0.0039,7.59,-0.02180,0.198,0.646,0.000,-0.2999,-0.2140,TRACKING,L+C+R_fused
1786998856.011,18.9,0.867,0.778,0.633,0.4928,-0.0042,7.50,-0.02579,0.197,0.648,0.000,-0.3017,-0.2145,TRACKING,L+C+R_fused
1786998856.028,18.9,0.871,0.778,0.633,0.4910,-0.0042,7.61,-0.01592,0.198,0.651,0.000,-0.3009,-0.2136,TRACKING,L+C+R_fused
1786998856.046,18.9,0.870,0.778,0.632,0.4952,-0.0045,7.65,-0.01369,0.199,0.653,0.000,-0.3032,-0.2144,TRACKING,L+C+R_fused
1786998856.064,18.9,0.865,0.778,0.628,0.4915,-0.0048,7.68,-0.00694,0.199,0.656,0.000,-0.3044,-0.2148,TRACKING,L+C+R_fused
1786998856.082,18.9,0.856,0.776,0.627,0.4836,-0.0048,7.72,0.00013,0.200,0.658,0.000,-0.3026,-0.2134,TRACKING,L+C+R_fused
1786998856.099,18.9,0.855,0.779,0.630,0.4910,-0.0057,7.65,-0.00264,0.200,0.660,0.000,-0.3097,-0.2170,TRACKING,L+C+R_fused
1786998856.118,18.9,0.856,0.776,0.629,0.4929,-0.0061,7.66,0.00066,0.200,0.662,0.000,-0.3124,-0.2187,TRACKING,L+C+R_fused
1786998856.138,18.9,0.854,0.778,0.635,0.5022,-0.0070,7.68,0.00737,0.199,0.664,0.000,-0.3227,-0.2246,TRACKING,L+C+R_fused
1786998856.159,18.9,0.849,0.778,0.633,0.5047,-0.0078,7.72,0.01549,0.198,0.666,0.000,-0.3323,-0.2306,TRACKING,L+C+R_fused
1786998856.180,18.9,0.846,0.779,0.627,0.5052,-0.0096,7.65,0.02458,0.198,0.667,0.000,-0.3483,-0.2404,TRACKING,L+C+R_fused
1786998856.203,18.9,0.846,0.780,0.635,0.5099,-0.0110,7.69,0.03835,0.196,0.669,0.000,-0.3657,-0.2516,TRACKING,L+C+R_fused
1786998856.225,18.9,0.837,0.777,0.637,0.5145,-0.0127,7.52,0.02301,0.198,0.671,0.000,-0.3735,-0.2575,TRACKING,L+C+R_fused
1786998856.245,18.9,0.849,0.775,0.635,0.5232,-0.0141,7.51,0.03142,0.197,0.672,0.000,-0.3875,-0.2661,TRACKING,L+C+R_fused
1786998856.268,18.9,0.850,0.778,0.632,0.5204,-0.0161,7.23,0.02040,0.198,0.673,0.000,-0.3959,-0.2720,TRACKING,L+C+R_fused
1786998856.287,18.9,0.854,0.780,0.631,0.5284,-0.0184,7.09,0.02386,0.198,0.675,0.000,-0.4126,-0.2821,TRACKING,L+C+R_fused
1786998856.313,18.9,0.852,0.778,0.625,0.5319,-0.0200,7.13,0.03700,0.196,0.676,0.000,-0.4314,-0.2941,TRACKING,L+C+R_fused
1786998856.335,18.9,0.857,0.780,0.625,0.5326,-0.0217,7.12,0.03887,0.196,0.677,0.000,-0.4472,-0.3046,TRACKING,L+C+R_fused
1786998856.352,18.9,0.850,0.782,0.622,0.5370,-0.0228,6.93,0.03459,0.197,0.678,0.000,-0.4506,-0.3078,TRACKING,L+C+R_fused
1786998856.372,18.9,0.846,0.779,0.620,0.5351,-0.0235,6.72,0.03637,0.196,0.679,0.000,-0.4505,-0.3079,TRACKING,L+C+R_fused
1786998856.395,18.9,0.841,0.780,0.621,0.5416,-0.0231,6.46,0.02788,0.197,0.680,0.000,-0.4371,-0.2999,TRACKING,L+C+R_fused
1786998856.417,18.9,0.855,0.778,0.620,0.5400,-0.0213,6.17,0.02258,0.198,0.681,0.000,-0.4105,-0.2832,TRACKING,L+C+R_fused
1786998856.435,18.9,0.853,0.776,0.630,0.5347,-0.0184,5.80,0.01014,0.199,0.682,0.000,-0.3699,-0.2572,TRACKING,L+C+R_fused
1786998856.459,18.9,0.848,0.774,0.628,0.5371,-0.0155,5.62,0.01058,0.199,0.683,0.000,-0.3377,-0.2346,TRACKING,L+C+R_fused
1786998856.484,18.9,0.832,0.782,0.633,0.5325,-0.0149,5.10,-0.01398,0.199,0.684,0.000,-0.3202,-0.2211,TRACKING,L+C+R_fused
1786998856.505,49.8,0.833,0.776,0.630,0.5353,-0.0156,4.93,-0.00841,0.199,0.685,0.000,-0.3193,-0.2184,TRACKING,L+C+R_fused
1786998856.528,49.8,0.837,0.776,0.628,0.5359,-0.0167,4.74,-0.01622,0.198,0.686,0.000,-0.3273,-0.2224,TRACKING,L+C+R_fused
1786998856.550,49.8,0.833,0.776,0.636,0.5341,-0.0180,4.76,-0.00901,0.199,0.686,0.000,-0.3362,-0.2280,TRACKING,L+C+R_fused
1786998856.573,49.8,0.835,0.780,0.630,0.5364,-0.0194,4.45,-0.02607,0.197,0.687,0.000,-0.3483,-0.2355,TRACKING,L+C+R_fused
1786998856.593,49.8,0.834,0.779,0.622,0.5360,-0.0209,3.97,-0.05806,0.194,0.688,0.000,-0.3641,-0.2454,TRACKING,L+C+R_fused
1786998856.615,49.8,0.845,0.771,0.620,0.5342,-0.0228,3.80,-0.06046,0.194,0.688,0.000,-0.3778,-0.2545,TRACKING,L+C+R_fused
1786998856.632,49.8,0.845,0.772,0.620,0.5378,-0.0249,3.44,-0.08290,0.192,0.689,0.000,-0.3991,-0.2677,TRACKING,L+C+R_fused
1786998856.650,49.8,0.863,0.769,0.628,0.5334,-0.0287,2.36,-0.16104,0.184,0.689,0.000,-0.4485,-0.2973,TRACKING,L+C+R_fused
1786998856.668,49.8,0.854,0.765,0.618,0.5352,-0.0313,2.18,-0.17401,0.183,0.690,0.000,-0.4769,-0.3176,TRACKING,L+C+R_fused
1786998856.687,49.8,0.863,0.758,0.617,0.5325,-0.0341,1.96,-0.19512,0.180,0.690,0.000,-0.5130,-0.3407,TRACKING,L+C+R_fused
1786998856.706,49.8,0.866,0.745,0.617,0.5384,-0.0380,0.27,-0.33778,0.166,0.691,0.000,-0.5677,-0.3745,TRACKING,L+C+R_fused
1786998856.724,49.8,0.865,0.739,0.617,0.5423,-0.0410,-0.48,-0.40516,0.159,0.691,0.000,-0.6314,-0.4148,TRACKING,L+C+R_fused
1786998856.752,49.8,0.877,0.731,0.617,0.5390,-0.0435,-1.46,-0.47760,0.152,0.692,0.000,-0.6923,-0.4543,TRACKING,L+C+R_fused
1786998856.781,49.8,0.878,0.725,0.619,0.5383,-0.0442,-2.97,-0.58231,0.150,0.692,0.000,-0.6828,-0.4546,TRACKING,L+C+R_fused
1786998856.808,49.8,0.882,0.711,0.618,0.5297,-0.0421,-3.64,-0.65006,0.150,0.693,0.000,-0.6425,-0.4320,TRACKING,L+C+R_fused
1786998856.835,49.8,0.884,0.706,0.618,0.5260,-0.0398,-4.31,-0.71037,0.150,0.693,0.000,-0.5972,-0.4033,TRACKING,L+C+R_fused
1786998856.865,49.8,0.900,0.697,0.620,0.5221,-0.0383,-5.29,-0.80106,0.150,0.693,0.000,-0.5537,-0.3747,TRACKING,L+C+R_fused
1786998856.887,49.8,0.901,0.699,0.621,0.5128,-0.0390,-6.59,-0.91503,0.150,0.694,0.000,-0.5344,-0.3596,TRACKING,L+C+R_fused
1786998856.908,49.8,0.901,0.698,0.620,0.5168,-0.0402,-7.44,-0.98691,0.150,0.694,0.000,-0.5316,-0.3559,TRACKING,L+C+R_fused
1786998856.939,49.8,0.906,0.691,0.618,0.5104,-0.0416,-8.52,-1.08793,0.150,0.694,0.000,-0.5286,-0.3537,TRACKING,L+C+R_fused
1786998856.961,49.8,0.915,0.689,0.621,0.5119,-0.0426,-8.94,-1.14818,0.150,0.695,0.000,-0.5377,-0.3585,TRACKING,L+C+R_fused
1786998856.981,49.8,0.917,0.686,0.619,0.5095,-0.0447,-9.86,-1.25616,0.150,0.695,0.000,-0.5534,-0.3682,TRACKING,L+C+R_fused
1786998857.004,49.8,0.916,0.688,0.622,0.5147,-0.0458,-10.56,-1.33489,0.150,0.695,0.000,-0.5559,-0.3711,TRACKING,L+C+R_fused
1786998857.025,49.8,0.910,0.688,0.621,0.5161,-0.0449,-11.03,-1.41546,0.150,0.695,0.000,-0.5393,-0.3624,TRACKING,L+C+R_fused
1786998857.040,49.8,0.919,0.689,0.618,0.5122,-0.0444,-12.72,-1.53670,0.150,0.696,0.000,-0.4895,-0.3334,TRACKING,L+C+R_fused
1786998857.056,49.8,0.918,0.689,0.621,0.4974,-0.0398,-12.14,-1.55990,0.150,0.696,0.000,-0.4454,-0.3046,TRACKING,L+C+R_fused
1786998857.073,49.8,0.944,0.698,0.624,0.4865,-0.0388,-12.47,-1.62625,0.150,0.696,0.000,-0.4286,-0.2912,TRACKING,L+C+R_fused
1786998857.090,49.8,0.642,0.705,0.627,0.4853,-0.0390,-12.34,-1.65721,0.150,0.696,0.000,-0.4412,-0.2963,TRACKING,L+C+R_fused
1786998857.103,49.8,0.000,0.714,0.633,0.5071,-0.0386,-11.95,-1.69454,0.150,0.696,0.000,-0.4574,-0.3063,TRACKING,R+C
1786998857.119,49.8,0.000,0.716,0.627,0.5038,-0.0373,-11.82,-1.74284,0.150,0.697,0.000,-0.4497,-0.3037,TRACKING,R+C
1786998857.135,49.8,0.000,0.722,0.629,0.5022,-0.0341,-11.98,-1.81298,0.150,0.697,0.000,-0.4056,-0.2789,TRACKING,R+C
1786998857.150,49.8,0.000,0.709,0.634,0.5056,-0.0240,-10.00,-1.78512,0.150,0.697,0.000,-0.3127,-0.2236,TRACKING,R+C
1786998857.165,49.8,0.000,0.716,0.635,0.4936,-0.0146,-9.07,-1.78730,0.150,0.697,0.000,-0.1914,-0.1478,TRACKING,R+C
1786998857.181,49.8,0.000,0.715,0.633,0.4838,-0.0065,-8.11,-1.78232,0.150,0.697,0.000,-0.0894,-0.0797,TRACKING,R+C
1786998857.198,49.8,0.000,0.718,0.522,0.4715,-0.0016,-7.33,-1.79193,0.150,0.697,0.000,-0.0383,-0.0412,TRACKING,R+C
1786998857.211,49.8,0.000,0.718,0.591,0.4835,-0.0011,-6.59,-1.82226,0.150,0.697,0.000,-0.0671,-0.0521,TRACKING,R+C
1786998857.226,49.8,0.000,0.721,0.637,0.4917,-0.0012,-5.88,-1.85695,0.150,0.698,0.000,-0.1043,-0.0749,TRACKING,R+C
1786998857.241,49.8,0.000,0.720,0.649,0.5074,0.0024,-4.01,-1.81261,0.150,0.698,0.000,-0.1137,-0.0837,TRACKING,R+C
1786998857.268,49.8,0.000,0.722,0.641,0.4921,0.0079,-2.47,-1.77052,0.150,0.698,0.000,-0.0762,-0.0642,TRACKING,R+C
1786998857.281,49.8,0.000,0.718,0.641,0.4878,0.0133,-1.40,-1.74646,0.150,0.698,0.000,-0.0234,-0.0320,TRACKING,R+C
1786998857.295,49.8,0.000,0.725,0.685,0.5604,0.0172,-0.50,-1.72563,0.150,0.698,0.000,0.0099,-0.0088,TRACKING,R+C
1786998857.314,49.8,0.000,0.718,0.668,0.5719,0.0180,0.16,-1.70597,0.150,0.698,0.000,-0.0023,-0.0123,TRACKING,R+C
1786998857.328,49.8,0.000,0.711,0.656,0.4942,0.0163,0.84,-1.72004,0.150,0.698,0.000,-0.0653,-0.0484,TRACKING,R+C
1786998857.343,49.8,0.000,0.718,0.658,0.5060,0.0148,2.60,-1.63239,0.150,0.698,0.000,-0.1544,-0.1036,TRACKING,R+C
1786998857.363,49.8,0.000,0.718,0.658,0.5060,0.0118,2.08,-1.30591,0.150,0.698,0.000,-0.1544,-0.1116,TRACKING,prediction
1786998857.384,49.8,0.000,0.716,0.731,0.5299,0.0080,4.27,-1.61270,0.150,0.698,0.000,-0.3406,-0.2169,TRACKING,R+C
1786998857.399,49.8,0.000,0.714,0.807,0.5449,0.0034,4.93,-1.59369,0.150,0.699,0.000,-0.4380,-0.2864,TRACKING,R+C
1786998857.418,49.8,0.000,0.714,0.807,0.5449,0.0028,3.95,-1.27495,0.150,0.699,0.000,-0.4380,-0.2966,TRACKING,prediction
1786998857.447,49.8,0.000,0.714,0.807,0.5449,0.0022,3.16,-1.01996,0.150,0.699,0.000,-0.4380,-0.2981,TRACKING,prediction
1786998861.282,10.3,0.000,0.714,0.807,0.5449,0.0018,2.53,-0.81597,0.150,0.699,0.000,-0.4380,-0.2983,TRACKING,prediction
1786998861.299,10.3,0.000,0.714,0.807,0.5449,0.0014,2.02,-0.65278,0.150,0.699,0.000,-0.4380,-0.2984,TRACKING,prediction
1786998861.316,10.3,0.000,0.714,0.807,0.5449,0.0011,1.62,-0.52222,0.150,0.699,0.000,-0.4380,-0.2983,TRACKING,prediction
1786998861.334,10.3,0.000,0.714,0.807,0.5449,0.0009,1.29,-0.41778,0.150,0.699,0.000,-0.4380,-0.2983,TRACKING,prediction
1786998861.349,10.3,0.000,0.714,0.807,0.5449,0.0007,1.03,-0.33422,0.150,0.699,0.000,-0.4380,-0.2983,TRACKING,prediction
1786998861.368,10.3,0.000,0.714,0.807,0.5449,0.0006,0.83,-0.26738,0.150,0.699,0.000,-0.4380,-0.2983,TRACKING,prediction
1786998861.381,10.3,0.000,0.756,0.784,0.6179,-0.0343,11.23,-1.21466,0.150,0.699,0.000,-1.0000,-0.6083,TRACKING,R+C
1786998861.401,10.3,0.000,0.756,0.784,0.6179,-0.0275,8.98,-0.97173,0.150,0.699,0.000,-1.0000,-0.6534,TRACKING,prediction
1786998861.419,10.3,0.000,0.756,0.784,0.6179,-0.0220,7.19,-0.77738,0.150,0.699,0.000,-1.0000,-0.6602,TRACKING,prediction
1786998861.439,10.3,0.000,0.756,0.784,0.6179,-0.0176,5.75,-0.62191,0.150,0.699,0.000,-1.0000,-0.6612,TRACKING,prediction
1786998861.458,10.3,0.000,0.756,0.784,0.6179,-0.0141,4.60,-0.49752,0.150,0.699,0.000,-1.0000,-0.6613,TRACKING,prediction
1786998861.475,10.3,0.000,0.756,0.784,0.6179,-0.0112,3.68,-0.39802,0.150,0.699,0.000,-1.0000,-0.6613,TRACKING,prediction
1786998861.493,10.3,0.000,0.756,0.784,0.6179,-0.0090,2.94,-0.31842,0.150,0.699,0.000,-1.0000,-0.6613,TRACKING,prediction
1786998861.510,10.3,0.000,0.756,0.784,0.6179,-0.0072,2.36,-0.25473,0.150,0.699,0.000,-1.0000,-0.6612,TRACKING,prediction
1786998861.536,10.3,0.000,0.756,0.784,0.6179,-0.0058,1.88,-0.20379,0.150,0.699,0.000,-1.0000,-0.6612,TRACKING,prediction
1786998861.553,10.3,0.000,0.780,0.766,0.6348,-0.0568,11.94,-1.00925,0.150,0.699,0.000,-1.0000,-0.6626,TRACKING,R+C
1786998861.927,10.3,0.000,0.780,0.766,0.6348,-0.0454,9.55,-0.80740,0.150,0.699,0.000,-1.0000,-0.6626,TRACKING,prediction
1786998861.943,10.3,0.000,0.780,0.766,0.6348,-0.0364,7.64,-0.64592,0.150,0.699,0.000,-1.0000,-0.6626,TRACKING,prediction
1786998861.961,10.3,0.000,0.780,0.766,0.6348,-0.0291,6.11,-0.51674,0.150,0.700,0.000,-1.0000,-0.6626,TRACKING,prediction
1786998861.978,10.3,0.000,0.780,0.766,0.6348,-0.0233,4.89,-0.41339,0.150,0.700,0.000,-1.0000,-0.6626,TRACKING,prediction
1786998861.995,10.3,0.000,0.780,0.766,0.6348,-0.0186,3.91,-0.33071,0.150,0.700,0.000,-1.0000,-0.6625,TRACKING,prediction
1786998862.014,10.3,0.000,0.780,0.766,0.6348,-0.0149,3.13,-0.26457,0.150,0.700,0.000,-1.0000,-0.6625,TRACKING,prediction
1786998862.030,10.3,0.000,0.780,0.766,0.6348,-0.0119,2.50,-0.21166,0.150,0.700,0.000,-1.0000,-0.6625,TRACKING,prediction
1786998862.050,10.3,0.000,0.780,0.766,0.6348,-0.0095,2.00,-0.16932,0.150,0.700,0.000,-1.0000,-0.6625,TRACKING,prediction
1786998862.072,10.3,0.000,0.780,0.766,0.6348,-0.0076,1.60,-0.13546,0.150,0.694,0.000,-1.0000,-0.6625,TRACKING,prediction
1786998862.098,10.3,0.000,0.780,0.766,0.6348,-0.0061,1.28,-0.10837,0.150,0.680,0.000,-1.0000,-0.6655,TRACKING,prediction
1786998862.116,10.3,0.000,0.780,0.766,0.6348,-0.0049,1.03,-0.08669,0.150,0.661,0.000,-1.0000,-0.6738,TRACKING,prediction
1786998862.133,10.3,0.000,0.780,0.766,0.6348,-0.0039,0.82,-0.06936,0.150,0.638,0.000,-1.0000,-0.6861,TRACKING,prediction
1786998862.150,10.3,0.000,0.780,0.766,0.6348,-0.0031,0.66,-0.05548,0.150,0.594,0.000,-1.0000,-0.7008,UNCERTAIN,prediction
1786998862.168,10.3,0.000,0.780,0.766,0.6348,-0.0025,0.53,-0.04439,0.150,0.563,0.000,-1.0000,-0.7281,UNCERTAIN,prediction
1786998866.288,6.0,0.000,0.780,0.766,0.6348,-0.0020,0.42,-0.03551,0.150,0.448,0.000,-1.0000,-0.7495,PREDICTING,prediction
1786998866.306,6.0,0.000,0.780,0.766,0.6348,-0.0016,0.34,-0.02841,0.150,0.367,0.000,-1.0000,-0.8167,PREDICTING,prediction
1786998866.323,6.0,0.000,0.780,0.766,0.6348,-0.0013,0.27,-0.02273,0.150,0.311,0.000,-1.0000,-0.8709,PREDICTING,prediction
1786998866.344,6.0,0.000,0.780,0.766,0.6348,-0.0010,0.22,-0.01818,0.150,0.272,0.000,-1.0000,-0.9097,PREDICTING,prediction
1786998866.376,6.0,0.000,0.780,0.766,0.6348,-0.0008,0.17,-0.01454,0.150,0.244,0.000,-1.0000,-0.9369,PREDICTING,prediction
1786998866.406,6.0,0.000,0.780,0.766,0.6348,-0.0007,0.14,-0.01164,0.150,0.225,0.000,-1.0000,-0.9559,PREDICTING,prediction
1786998866.422,6.0,0.000,0.780,0.766,0.6348,-0.0005,0.11,-0.00931,0.150,0.212,0.000,-1.0000,-0.9691,PREDICTING,prediction
1786998866.441,6.0,0.000,0.780,0.766,0.6348,-0.0004,0.09,-0.00745,0.150,0.202,0.000,-1.0000,-0.9784,PREDICTING,prediction
1786998866.461,6.0,0.000,0.780,0.766,0.6348,-0.0003,0.07,-0.00596,0.150,0.195,0.000,-1.0000,-0.9849,PREDICTING,prediction
1786998866.478,6.0,0.000,0.780,0.766,0.6348,-0.0003,0.06,-0.00477,0.150,0.191,0.000,-1.0000,-0.9894,PREDICTING,prediction
1786998866.492,6.0,0.000,0.780,0.766,0.6348,-0.0002,0.05,-0.00381,0.150,0.188,0.000,-1.0000,-0.9926,PREDICTING,prediction
1786998866.509,6.0,0.000,0.780,0.766,0.6348,-0.0002,0.04,-0.00305,0.150,0.185,0.000,-1.0000,-0.9948,PREDICTING,prediction
1786998866.528,6.0,0.000,0.780,0.766,0.6348,-0.0001,0.03,-0.00244,0.150,0.184,0.000,-1.0000,-0.9964,PREDICTING,prediction
1786998866.545,6.0,0.000,0.780,0.766,0.6348,-0.0001,0.02,-0.00195,0.150,0.183,0.000,-1.0000,-0.9975,PREDICTING,prediction
1786998866.563,6.0,0.000,0.780,0.766,0.6348,-0.0001,0.02,-0.00156,0.150,0.182,0.000,-1.0000,-0.9982,PREDICTING,prediction
1786998866.581,6.0,0.000,0.780,0.766,0.6348,-0.0001,0.01,-0.00125,0.150,0.181,0.000,-1.0000,-0.9988,PREDICTING,prediction
1786998866.600,6.0,0.000,0.780,0.766,0.6348,-0.0001,0.01,-0.00100,0.150,0.181,0.000,-1.0000,-0.9991,PREDICTING,prediction
1786998866.616,6.0,0.000,0.862,0.759,0.5730,-0.0956,7.60,-0.51717,0.150,0.207,0.000,-1.0000,-0.9994,TRACKING,R+C
1786998866.636,6.0,0.000,0.862,0.759,0.5730,-0.0765,6.08,-0.41373,0.150,0.232,0.000,-1.0000,-0.9855,TRACKING,prediction
1786998866.652,6.0,0.000,0.858,0.768,0.5638,-0.0883,7.19,-0.48166,0.152,0.255,0.000,-1.0000,-0.9699,TRACKING,R+C
1786998866.673,6.0,0.000,0.858,0.768,0.5638,-0.0706,5.75,-0.38532,0.152,0.277,0.000,-1.0000,-0.9549,TRACKING,prediction
1786998867.163,6.0,0.000,0.858,0.768,0.5638,-0.0565,4.60,-0.30826,0.152,0.298,0.000,-1.0000,-0.9405,TRACKING,prediction
1786998867.181,6.0,0.000,0.858,0.768,0.5638,-0.0452,3.68,-0.24661,0.152,0.318,0.000,-1.0000,-0.9268,TRACKING,prediction
1786998867.197,6.0,0.000,0.858,0.768,0.5638,-0.0362,2.95,-0.19729,0.152,0.337,0.000,-1.0000,-0.9138,TRACKING,prediction
1786998867.210,6.0,0.000,0.834,0.773,0.5475,-0.0633,5.69,-0.50069,0.150,0.356,0.000,-1.0000,-0.9002,TRACKING,R+C
1786998867.227,6.0,0.000,0.834,0.773,0.5475,-0.0507,4.55,-0.40055,0.150,0.373,0.000,-1.0000,-0.8883,TRACKING,prediction
1786998867.247,6.0,0.000,0.834,0.773,0.5475,-0.0405,3.64,-0.32044,0.150,0.389,0.000,-1.0000,-0.8770,TRACKING,prediction
1786998867.278,6.0,0.000,0.834,0.773,0.5475,-0.0324,2.91,-0.25635,0.150,0.405,0.000,-1.0000,-0.8662,TRACKING,prediction
1786998867.295,27.8,0.000,0.834,0.773,0.5475,-0.0259,2.33,-0.20508,0.150,0.419,0.000,-1.0000,-0.8559,TRACKING,prediction
1786998867.313,27.8,0.000,0.834,0.773,0.5475,-0.0208,1.87,-0.16407,0.150,0.434,0.000,-1.0000,-0.8462,TRACKING,prediction
1786998867.331,27.8,0.000,0.834,0.773,0.5475,-0.0166,1.49,-0.13125,0.150,0.447,0.000,-1.0000,-0.8369,TRACKING,prediction
1786998867.360,27.8,0.000,0.834,0.773,0.5475,-0.0133,1.19,-0.10500,0.150,0.460,0.000,-1.0000,-0.8281,TRACKING,prediction
1786998867.387,27.8,0.000,0.834,0.773,0.5475,-0.0106,0.96,-0.08400,0.150,0.472,0.000,-1.0000,-0.8197,TRACKING,prediction
1786998867.401,27.8,0.377,0.825,0.784,0.4684,-0.0046,3.55,-0.61807,0.150,0.483,0.000,-0.3470,-0.3678,TRACKING,L+C+R_fused
1786998867.417,27.8,0.371,0.823,0.793,0.4774,-0.0000,3.62,-0.61254,0.150,0.494,0.000,-0.2716,-0.2467,TRACKING,L+C+R_fused
1786998876.849,0.7,0.000,0.826,0.801,0.4892,0.0014,2.87,-0.68585,0.150,0.504,0.000,-0.2269,-0.1969,TRACKING,R+C
1786998876.863,0.7,0.000,0.822,0.817,0.4946,0.0017,3.41,-0.64681,0.150,0.514,0.000,-0.2397,-0.1967,TRACKING,R+C
1786998876.877,0.7,0.000,0.817,0.811,0.4987,-0.0005,3.79,-0.63004,0.150,0.523,0.000,-0.2908,-0.2292,TRACKING,R+C
1786998876.892,0.7,0.000,0.817,0.810,0.5021,-0.0040,3.84,-0.64563,0.150,0.532,0.000,-0.3524,-0.2731,TRACKING,R+C
1786998876.906,0.7,0.000,0.819,0.798,0.5071,-0.0063,4.26,-0.62874,0.150,0.540,0.000,-0.4047,-0.3118,TRACKING,R+C
1786998876.921,0.7,0.000,0.822,0.801,0.5144,-0.0087,4.64,-0.60176,0.150,0.548,0.000,-0.4533,-0.3469,TRACKING,R+C
1786998876.949,0.7,0.000,0.827,0.802,0.5172,-0.0098,4.75,-0.60202,0.150,0.556,0.000,-0.4744,-0.3636,TRACKING,R+C
1786998876.973,0.7,0.000,0.828,0.798,0.5211,-0.0095,5.04,-0.58503,0.150,0.563,0.000,-0.4786,-0.3667,TRACKING,R+C
1786998876.987,0.7,0.000,0.827,0.787,0.5221,-0.0080,5.23,-0.57243,0.150,0.570,0.000,-0.4616,-0.3543,TRACKING,R+C
1786998877.005,0.7,0.000,0.831,0.799,0.5228,-0.0077,5.18,-0.58526,0.150,0.577,0.000,-0.4559,-0.3471,TRACKING,R+C
1786998877.018,0.7,0.000,0.824,0.799,0.5227,-0.0118,3.95,-0.69146,0.150,0.583,0.000,-0.4878,-0.3644,TRACKING,R+C
1786998877.032,0.7,0.000,0.817,0.800,0.5258,-0.0138,4.74,-0.65110,0.150,0.589,0.000,-0.5416,-0.3986,TRACKING,R+C
1786998877.051,0.7,0.000,0.820,0.806,0.5259,-0.0176,4.97,-0.64319,0.150,0.594,0.000,-0.6038,-0.4403,TRACKING,R+C
1786998877.066,0.7,0.722,0.827,0.802,0.4480,-0.0197,5.22,-0.64053,0.150,0.599,0.000,-0.6412,-0.4674,TRACKING,L+C+R_fused
1786998877.494,0.7,0.765,0.829,0.809,0.4669,-0.0197,5.73,-0.60022,0.150,0.604,0.000,-0.6521,-0.4761,TRACKING,L+C+R_fused
1786998877.510,0.7,0.952,0.827,0.809,0.5279,-0.0176,5.65,-0.62084,0.150,0.609,0.000,-0.6242,-0.4586,TRACKING,L+C+R_fused
1786998877.525,0.7,0.371,0.824,0.812,0.4763,-0.0135,5.50,-0.64025,0.150,0.614,0.000,-0.5649,-0.4184,TRACKING,L+C+R_fused
1786998877.540,0.7,0.371,0.824,0.812,0.4763,-0.0108,4.40,-0.51220,0.150,0.618,0.000,-0.5649,-0.4110,TRACKING,prediction
1786998877.556,0.7,0.371,0.824,0.812,0.4763,-0.0087,3.52,-0.40976,0.150,0.622,0.000,-0.5649,-0.4085,TRACKING,prediction
1786998877.571,0.7,0.371,0.824,0.812,0.4763,-0.0069,2.82,-0.32781,0.150,0.626,0.000,-0.5649,-0.4067,TRACKING,prediction
1786998877.593,0.7,0.371,0.824,0.812,0.4763,-0.0055,2.25,-0.26225,0.150,0.630,0.000,-0.5649,-0.4052,TRACKING,prediction
1786998877.608,0.7,0.371,0.822,0.827,0.4733,-0.0023,5.39,-0.72278,0.150,0.633,0.000,-0.4033,-0.3080,TRACKING,L+C+R_fused
1786998877.621,0.7,0.377,0.805,0.831,0.4538,0.0023,4.10,-0.88525,0.150,0.637,0.000,-0.3004,-0.2320,TRACKING,L+C+R_fused
1786998877.638,0.7,0.786,0.808,0.834,0.4761,0.0093,4.30,-0.85419,0.150,0.640,0.000,-0.1849,-0.1514,TRACKING,L+C+R_fused
1786998877.652,0.7,0.944,0.812,0.841,0.4831,0.0150,3.53,-0.91170,0.150,0.643,0.000,-0.0602,-0.0651,TRACKING,L+C+R_fused
1786998877.679,0.7,0.947,0.801,0.838,0.4803,0.0243,4.34,-0.86503,0.150,0.646,0.000,0.0772,0.0297,TRACKING,L+C+R_fused
1786998877.706,0.7,0.948,0.801,0.840,0.4814,0.0320,4.34,-0.86714,0.150,0.648,0.000,0.2124,0.1244,TRACKING,L+C+R_fused
1786998879.803,9.1,0.937,0.805,0.835,0.4816,0.0401,4.44,-0.86203,0.150,0.651,0.000,0.3441,0.2166,TRACKING,L+C+R_fused
1786998879.818,9.1,0.928,0.812,0.846,0.4808,0.0471,4.68,-0.84921,0.150,0.653,0.000,0.4499,0.2927,TRACKING,L+C+R_fused
1786998879.834,9.1,0.929,0.810,0.858,0.4808,0.0516,4.49,-0.87597,0.150,0.656,0.000,0.5218,0.3460,TRACKING,L+C+R_fused
1786998879.850,9.1,0.932,0.813,0.869,0.4832,0.0547,4.63,-0.87148,0.150,0.658,0.000,0.5617,0.3767,TRACKING,L+C+R_fused
1786998879.879,9.1,0.919,0.811,0.867,0.4859,0.0561,4.44,-0.90369,0.150,0.660,0.000,0.5839,0.3935,TRACKING,L+C+R_fused
1786998879.910,9.1,0.909,0.804,0.857,0.4868,0.0604,4.94,-0.87557,0.150,0.662,0.000,0.6305,0.4225,TRACKING,L+C+R_fused
1786998879.934,9.1,0.910,0.796,0.865,0.4857,0.0676,5.38,-0.85894,0.150,0.664,0.000,0.7122,0.4737,TRACKING,L+C+R_fused
1786998879.949,9.1,0.906,0.788,0.867,0.4851,0.0742,4.92,-0.92210,0.150,0.666,0.000,0.7976,0.5300,TRACKING,L+C+R_fused
1786998879.979,9.1,0.906,0.800,0.875,0.4837,0.0809,5.82,-0.84153,0.150,0.667,0.000,0.8553,0.5710,TRACKING,L+C+R_fused
1786998879.995,9.1,0.915,0.794,0.875,0.4654,0.0833,5.20,-0.93645,0.150,0.669,0.000,0.8869,0.5943,TRACKING,L+C+R_fused
1786998880.010,9.1,0.908,0.796,0.883,0.4610,0.0843,5.94,-0.88763,0.150,0.671,0.000,0.8827,0.5945,TRACKING,L+C+R_fused
1786998880.027,9.1,0.904,0.780,0.877,0.4842,0.0806,5.52,-0.96092,0.150,0.672,0.000,0.8474,0.5733,TRACKING,L+C+R_fused
1786998880.043,9.1,0.873,0.783,0.859,0.4891,0.0765,5.54,-0.98744,0.150,0.674,0.000,0.7982,0.5411,TRACKING,L+C+R_fused
1786998880.461,9.1,0.873,0.779,0.841,0.4918,0.0752,6.36,-0.97400,0.150,0.675,0.000,0.7594,0.5132,TRACKING,L+C+R_fused
1786998880.478,9.1,0.885,0.777,0.848,0.4972,0.0725,6.98,-0.95174,0.150,0.676,0.000,0.7083,0.4790,TRACKING,L+C+R_fused
1786998880.495,9.1,0.886,0.768,0.851,0.5026,0.0685,6.51,-1.04699,0.150,0.677,0.000,0.6602,0.4456,TRACKING,L+C+R_fused
1786998880.518,9.1,0.915,0.773,0.842,0.5041,0.0662,7.12,-1.02135,0.150,0.678,0.000,0.6109,0.4113,TRACKING,L+C+R_fused
1786998880.533,9.1,0.925,0.769,0.832,0.4991,0.0633,7.29,-1.04044,0.150,0.679,0.000,0.5598,0.3760,TRACKING,L+C+R_fused
1786998880.552,9.1,0.773,0.765,0.839,0.4934,0.0595,7.48,-1.06254,0.150,0.681,0.000,0.4938,0.3319,TRACKING,L+C+R_fused
1786998880.566,9.1,0.000,0.767,0.831,0.4724,0.0554,6.96,-1.14451,0.150,0.681,0.000,0.4377,0.2924,TRACKING,R+C
1786998880.581,9.1,0.000,0.761,0.841,0.4877,0.0531,7.93,-1.11113,0.150,0.682,0.000,0.3659,0.2447,TRACKING,R+C
1786998880.596,9.1,0.000,0.761,0.834,0.4886,0.0497,8.09,-1.12778,0.150,0.683,0.000,0.3003,0.1995,TRACKING,R+C
1786998880.612,9.1,0.000,0.759,0.831,0.4893,0.0473,8.24,-1.14378,0.150,0.684,0.000,0.2487,0.1628,TRACKING,R+C
1786998880.635,9.1,0.000,0.761,0.820,0.4873,0.0461,8.17,-1.20175,0.150,0.685,0.000,0.2213,0.1412,TRACKING,R+C
1786998880.646,9.1,0.000,0.758,0.826,0.4912,0.0471,7.69,-1.27801,0.150,0.686,0.000,0.2460,0.1519,TRACKING,R+C
1786998880.663,9.1,0.000,0.751,0.823,0.4929,0.0487,6.44,-1.42820,0.150,0.686,0.000,0.3029,0.1857,TRACKING,R+C
1786998880.678,9.1,0.000,0.751,0.810,0.4894,0.0544,7.73,-1.35158,0.150,0.687,0.000,0.3531,0.2194,TRACKING,R+C
1786998880.705,9.1,0.000,0.754,0.809,0.4903,0.0568,8.17,-1.32376,0.150,0.688,0.000,0.3785,0.2387,TRACKING,R+C
1786998880.720,9.1,0.000,0.754,0.809,0.4903,0.0454,6.54,-1.05901,0.150,0.688,0.000,0.3785,0.2415,TRACKING,prediction
1786998880.748,9.1,0.000,0.754,0.809,0.4903,0.0364,5.23,-0.84721,0.150,0.689,0.000,0.3785,0.2417,TRACKING,prediction
1786998880.763,9.1,0.000,0.734,0.825,0.5154,0.0464,8.72,-1.39862,0.150,0.689,0.000,0.1647,0.1184,TRACKING,R+C
1786998885.461,5.5,0.000,0.734,0.825,0.5154,0.0371,6.98,-1.11890,0.150,0.690,0.000,0.1647,0.1004,TRACKING,prediction
1786998885.479,5.5,0.000,0.734,0.825,0.5154,0.0297,5.58,-0.89512,0.150,0.691,0.000,0.1647,0.0977,TRACKING,prediction
1786998885.498,5.5,0.000,0.734,0.825,0.5154,0.0238,4.46,-0.71609,0.150,0.691,0.000,0.1647,0.0972,TRACKING,prediction
1786998885.520,5.5,0.000,0.736,0.783,0.5527,0.0284,10.45,-1.36662,0.150,0.691,0.000,-0.2292,-0.1266,TRACKING,R+C
1786998885.551,5.5,0.000,0.729,0.781,0.5593,0.0269,9.61,-1.52271,0.150,0.692,0.000,-0.2449,-0.1683,TRACKING,R+C
1786998885.572,5.5,0.000,0.726,0.780,0.5606,0.0259,9.13,-1.63671,0.150,0.692,0.000,-0.2611,-0.1839,TRACKING,R+C
1786998885.604,5.5,0.000,0.726,0.780,0.5606,0.0207,7.30,-1.30937,0.150,0.693,0.000,-0.2611,-0.1861,TRACKING,prediction
1786998885.625,5.5,0.000,0.726,0.780,0.5606,0.0165,5.84,-1.04749,0.150,0.693,0.000,-0.2611,-0.1863,TRACKING,prediction
1786998885.638,5.5,0.000,0.721,0.772,0.5770,0.0161,11.13,-1.56389,0.150,0.693,0.000,-0.4948,-0.3167,TRACKING,R+C
1786998885.659,5.5,0.000,0.721,0.772,0.5770,0.0129,8.91,-1.25111,0.150,0.694,0.000,-0.4948,-0.3357,TRACKING,prediction
1786998885.673,5.5,0.000,0.731,0.777,0.5922,0.0092,11.84,-1.59254,0.150,0.694,0.000,-0.6274,-0.4122,TRACKING,R+C
1786998885.687,5.5,0.000,0.737,0.786,0.5896,0.0101,12.82,-1.51214,0.150,0.694,0.000,-0.6409,-0.4307,TRACKING,R+C
1786998885.709,5.5,0.000,0.736,0.780,0.5898,0.0108,12.35,-1.58365,0.150,0.695,0.000,-0.6240,-0.4241,TRACKING,R+C
1786998886.142,5.5,0.000,0.732,0.776,0.5918,0.0126,12.69,-1.60045,0.150,0.695,0.000,-0.6151,-0.4183,TRACKING,R+C
1786998886.156,5.5,0.000,0.726,0.781,0.5993,0.0128,12.09,-1.74187,0.150,0.695,0.000,-0.6102,-0.4150,TRACKING,R+C
1786998886.170,5.5,0.000,0.723,0.790,0.6071,0.0098,12.84,-1.67431,0.150,0.695,0.000,-0.6698,-0.4472,TRACKING,R+C
1786998886.195,5.5,0.000,0.719,0.782,0.6179,0.0053,13.64,-1.60960,0.150,0.696,0.000,-0.7462,-0.4939,TRACKING,R+C
1786998886.212,5.5,0.000,0.722,0.783,0.6266,0.0002,13.67,-1.64510,0.150,0.696,0.000,-0.8122,-0.5370,TRACKING,R+C
1786998886.227,5.5,0.000,0.722,0.783,0.6266,0.0002,10.94,-1.31608,0.150,0.696,0.000,-0.8122,-0.5432,TRACKING,prediction
1786998886.242,5.5,0.000,0.722,0.783,0.6266,0.0001,8.75,-1.05287,0.150,0.696,0.000,-0.8122,-0.5441,TRACKING,prediction
1786998886.259,5.5,0.000,0.722,0.783,0.6266,0.0001,7.00,-0.84229,0.150,0.696,0.000,-0.8122,-0.5441,TRACKING,prediction
1786998886.284,5.5,0.000,0.731,0.795,0.6362,0.0029,18.27,-1.16487,0.150,0.697,0.000,-0.8695,-0.5750,TRACKING,R+C
1786998886.299,5.5,0.000,0.731,0.783,0.6367,0.0047,19.70,-0.98008,0.150,0.697,0.000,-0.8730,-0.5812,TRACKING,R+C
1786998886.315,5.5,0.000,0.731,0.783,0.6367,0.0038,15.76,-0.78406,0.150,0.697,0.000,-0.8730,-0.5820,TRACKING,prediction
1786998886.330,5.5,0.000,0.736,0.797,0.6340,0.0083,24.42,-0.42586,0.157,0.697,0.000,-0.8528,-0.5708,TRACKING,R+C
1786998886.346,5.5,0.000,0.736,0.797,0.6340,0.0067,19.54,-0.34068,0.157,0.697,0.000,-0.8528,-0.5691,TRACKING,prediction
1786998886.360,5.5,0.000,0.740,0.786,0.6354,0.0087,25.90,-0.20875,0.179,0.697,0.000,-0.7119,-0.4926,TRACKING,R+C
1786998886.377,5.5,0.000,0.742,0.782,0.6387,0.0086,26.47,-0.10591,0.189,0.697,0.000,-0.8437,-0.5518,TRACKING,R+C
1786998886.758,21.6,0.000,0.742,0.783,0.6459,0.0075,26.81,-0.02449,0.198,0.698,0.000,-0.7959,-0.5347,TRACKING,R+C
1786998886.776,21.6,0.000,0.742,0.783,0.6459,0.0060,21.45,-0.01960,0.198,0.698,0.000,-0.7959,-0.5321,TRACKING,prediction
1786998886.806,21.6,0.000,0.742,0.783,0.6459,0.0048,17.16,-0.01568,0.198,0.698,0.000,-0.7959,-0.5317,TRACKING,prediction
1786998886.829,21.6,0.000,0.742,0.783,0.6459,0.0038,13.73,-0.01254,0.198,0.698,0.000,-0.7959,-0.5316,TRACKING,prediction
1786998886.851,21.6,0.000,0.742,0.783,0.6459,0.0031,10.98,-0.01003,0.198,0.698,0.000,-0.7959,-0.5315,TRACKING,prediction
1786998886.868,21.6,0.000,0.742,0.783,0.6459,0.0025,8.79,-0.00803,0.198,0.698,0.000,-0.7959,-0.5315,TRACKING,prediction
1786998886.885,21.6,0.000,0.742,0.783,0.6459,0.0020,7.03,-0.00642,0.198,0.698,0.000,-0.7959,-0.5314,TRACKING,prediction
1786998886.901,21.6,0.000,0.742,0.783,0.6459,0.0016,5.62,-0.00514,0.198,0.698,0.000,-0.7959,-0.5314,TRACKING,prediction
1786998886.918,21.6,0.000,0.742,0.783,0.6459,0.0013,4.50,-0.00411,0.198,0.698,0.000,-0.7959,-0.5313,TRACKING,prediction
1786998886.936,21.6,0.000,0.742,0.783,0.6459,0.0010,3.60,-0.00329,0.198,0.691,0.000,-0.7959,-0.5313,TRACKING,prediction
1786998886.953,21.6,0.000,0.742,0.783,0.6459,0.0008,2.88,-0.00263,0.198,0.675,0.000,-0.7959,-0.5348,TRACKING,prediction
1786998886.971,21.6,0.000,0.742,0.783,0.6459,0.0006,2.30,-0.00210,0.198,0.655,0.000,-0.7959,-0.5425,TRACKING,prediction
1786998886.997,21.6,0.000,0.742,0.783,0.6459,0.0005,1.84,-0.00168,0.198,0.631,0.000,-0.7959,-0.5530,TRACKING,prediction
1786998887.014,21.6,0.000,0.742,0.783,0.6459,0.0004,1.47,-0.00135,0.198,0.589,0.000,-0.7959,-0.5652,UNCERTAIN,prediction
1786998887.032,21.6,0.000,0.742,0.783,0.6459,0.0003,1.18,-0.00108,0.198,0.559,0.000,-0.7959,-0.5865,UNCERTAIN,prediction
1786998887.049,21.6,0.000,0.742,0.783,0.6459,0.0003,0.94,-0.00086,0.198,0.539,0.000,-0.7959,-0.6031,UNCERTAIN,prediction
1786998887.066,21.6,0.000,0.781,0.758,0.6403,-0.0965,11.52,-0.11953,0.188,0.547,0.000,-1.0000,-0.7449,TRACKING,R+C
1786998887.083,21.6,0.000,0.781,0.758,0.6403,-0.0772,9.22,-0.09562,0.188,0.554,0.000,-1.0000,-0.7610,TRACKING,prediction
1786998889.011,8.0,0.000,0.781,0.758,0.6403,-0.0618,7.37,-0.07650,0.188,0.562,0.000,-1.0000,-0.7591,TRACKING,prediction
1786998889.036,8.0,0.000,0.781,0.758,0.6403,-0.0494,5.90,-0.06120,0.188,0.568,0.000,-1.0000,-0.7548,TRACKING,prediction
1786998889.069,8.0,0.000,0.781,0.758,0.6403,-0.0395,4.72,-0.04896,0.188,0.575,0.000,-1.0000,-0.7503,TRACKING,prediction
1786998889.102,8.0,0.000,0.781,0.758,0.6403,-0.0316,3.78,-0.03917,0.188,0.581,0.000,-1.0000,-0.7459,TRACKING,prediction
1786998889.127,8.0,0.000,0.781,0.758,0.6403,-0.0253,3.02,-0.03133,0.188,0.587,0.000,-1.0000,-0.7418,TRACKING,prediction
1786998889.152,8.0,0.000,0.781,0.758,0.6403,-0.0202,2.42,-0.02507,0.188,0.593,0.000,-1.0000,-0.7378,TRACKING,prediction
1786998889.179,8.0,0.000,0.781,0.758,0.6403,-0.0162,1.93,-0.02005,0.188,0.598,0.000,-1.0000,-0.7341,TRACKING,prediction
1786998889.200,8.0,0.000,0.781,0.758,0.6403,-0.0130,1.55,-0.01604,0.188,0.602,0.000,-1.0000,-0.7305,TRACKING,prediction
1786998889.234,8.0,0.000,0.781,0.758,0.6403,-0.0104,1.24,-0.01283,0.188,0.604,0.000,-1.0000,-0.7277,TRACKING,prediction
1786998889.253,8.0,0.000,0.781,0.758,0.6403,-0.0083,0.99,-0.01027,0.188,0.605,0.000,-1.0000,-0.7261,TRACKING,prediction
1786998889.278,8.0,0.000,0.781,0.758,0.6403,-0.0066,0.79,-0.00821,0.188,0.598,0.000,-1.0000,-0.7256,TRACKING,prediction
1786998889.302,8.0,0.000,0.781,0.758,0.6403,-0.0053,0.63,-0.00657,0.188,0.566,0.000,-1.0000,-0.7294,UNCERTAIN,prediction
1786998889.322,8.0,0.000,0.781,0.758,0.6403,-0.0042,0.51,-0.00526,0.188,0.543,0.000,-1.0000,-0.7481,UNCERTAIN,prediction
1786998893.501,2.9,0.000,0.720,0.820,0.5270,-0.0522,-3.93,-0.93710,0.150,0.551,0.000,-0.7970,-0.6303,TRACKING,R+C
1786998893.517,2.9,0.000,0.729,0.832,0.5207,-0.0494,-5.55,-1.06394,0.150,0.558,0.000,-0.7312,-0.5682,TRACKING,R+C
1786998893.530,2.9,0.000,0.728,0.831,0.5189,-0.0485,-6.54,-1.17079,0.150,0.565,0.000,-0.7043,-0.5391,TRACKING,R+C
1786998893.545,2.9,0.000,0.732,0.835,0.5192,-0.0467,-6.09,-1.16378,0.150,0.572,0.000,-0.6939,-0.5254,TRACKING,R+C
1786998893.563,2.9,0.000,0.734,0.835,0.5175,-0.0460,-6.85,-1.26640,0.150,0.578,0.000,-0.6743,-0.5086,TRACKING,R+C
1786998893.581,2.9,0.000,0.736,0.835,0.5188,-0.0437,-6.63,-1.27257,0.150,0.585,0.000,-0.6521,-0.4899,TRACKING,R+C
1786998893.595,2.9,0.000,0.734,0.834,0.5167,-0.0385,-6.97,-1.34446,0.150,0.590,0.000,-0.5798,-0.4403,TRACKING,R+C
1786998893.610,2.9,0.000,0.737,0.839,0.5137,-0.0330,-7.84,-1.43681,0.150,0.596,0.000,-0.4807,-0.3702,TRACKING,R+C
1786998893.625,2.9,0.000,0.744,0.854,0.5107,-0.0256,-6.90,-1.43047,0.150,0.601,0.000,-0.4012,-0.3096,TRACKING,R+C
1786998893.639,2.9,0.000,0.750,0.852,0.5083,-0.0218,-7.15,-1.54533,0.150,0.606,0.000,-0.3487,-0.2678,TRACKING,R+C
1786998893.657,2.9,0.000,0.754,0.854,0.5097,-0.0186,-6.57,-1.57201,0.150,0.611,0.000,-0.3234,-0.2454,TRACKING,R+C
1786998893.672,2.9,0.000,0.753,0.857,0.5095,-0.0142,-5.61,-1.56699,0.150,0.615,0.000,-0.2889,-0.2204,TRACKING,R+C
1786998893.686,2.9,0.000,0.755,0.854,0.5096,-0.0095,-4.98,-1.60704,0.150,0.619,0.000,-0.2423,-0.1881,TRACKING,R+C
1786998893.701,2.9,0.000,0.756,0.854,0.5102,-0.0061,-4.67,-1.66022,0.150,0.623,0.000,-0.2070,-0.1618,TRACKING,R+C
1786998893.721,2.9,0.000,0.752,0.852,0.5141,-0.0034,-2.68,-1.56960,0.150,0.627,0.000,-0.2276,-0.1699,TRACKING,R+C
1786998893.733,2.9,0.000,0.751,0.848,0.5193,-0.0032,-1.83,-1.60044,0.150,0.631,0.000,-0.2663,-0.1941,TRACKING,R+C
1786998893.746,2.9,0.000,0.736,0.847,0.5231,-0.0032,-2.49,-1.76770,0.150,0.634,0.000,-0.2687,-0.1992,TRACKING,R+C
1786998893.761,2.9,0.000,0.753,0.846,0.5261,0.0009,1.27,-1.45960,0.150,0.638,0.000,-0.3035,-0.2194,TRACKING,R+C
1786998894.140,2.9,0.000,0.747,0.842,0.5313,0.0019,0.45,-1.64126,0.150,0.641,0.000,-0.2844,-0.2113,TRACKING,R+C
1786998894.153,2.9,0.000,0.750,0.809,0.5250,0.0025,0.51,-1.67675,0.150,0.644,0.000,-0.2824,-0.2085,TRACKING,R+C
1786998894.171,2.9,0.000,0.742,0.837,0.5344,0.0030,1.72,-1.66380,0.150,0.647,0.000,-0.3231,-0.2318,TRACKING,R+C
1786998894.189,2.9,0.000,0.742,0.829,0.5454,0.0011,2.75,-1.64524,0.150,0.649,0.000,-0.3941,-0.2763,TRACKING,R+C
1786998894.206,2.9,0.000,0.742,0.829,0.5454,0.0009,2.20,-1.31619,0.150,0.652,0.000,-0.3941,-0.2822,TRACKING,prediction
1786998894.223,2.9,0.000,0.747,0.819,0.5539,-0.0009,4.20,-1.64606,0.150,0.654,0.000,-0.4833,-0.3347,TRACKING,R+C
1786998894.247,2.9,0.000,0.751,0.827,0.5625,0.0008,5.28,-1.58822,0.150,0.656,0.000,-0.4912,-0.3462,TRACKING,R+C
1786998894.261,2.9,0.000,0.748,0.819,0.5602,0.0058,6.21,-1.54185,0.150,0.659,0.000,-0.4449,-0.3207,TRACKING,R+C
1786998894.278,2.9,0.000,0.749,0.822,0.5559,0.0102,7.23,-1.44982,0.150,0.661,0.000,-0.4021,-0.2916,TRACKING,R+C
1786998894.296,2.9,0.000,0.753,0.815,0.5515,0.0131,8.33,-1.37767,0.150,0.663,0.000,-0.3910,-0.2805,TRACKING,R+C
1786998894.321,2.9,0.000,0.753,0.815,0.5515,0.0105,6.67,-1.10213,0.150,0.665,0.000,-0.3910,-0.2784,TRACKING,prediction
1786998894.350,2.9,0.000,0.748,0.814,0.5682,0.0104,9.63,-1.27367,0.150,0.666,0.000,-0.4708,-0.3232,TRACKING,R+C
1786998894.366,2.9,0.000,0.751,0.827,0.5772,0.0074,10.34,-1.22531,0.150,0.668,0.000,-0.5369,-0.3671,TRACKING,R+C
1786998894.381,2.9,0.000,0.751,0.827,0.5772,0.0059,8.27,-0.98024,0.150,0.670,0.000,-0.5369,-0.3730,TRACKING,prediction
1786998896.834,9.6,0.000,0.753,0.839,0.5861,0.0062,11.82,-1.10255,0.150,0.671,0.000,-0.5936,-0.4055,TRACKING,R+C
1786998896.848,9.6,0.000,0.749,0.826,0.5914,0.0043,12.35,-1.06046,0.150,0.673,0.000,-0.6333,-0.4323,TRACKING,R+C
1786998896.873,9.6,0.000,0.748,0.805,0.5949,-0.0003,13.18,-0.99224,0.150,0.674,0.000,-0.7134,-0.4809,TRACKING,R+C
1786998896.887,9.6,0.000,0.748,0.805,0.5949,-0.0002,10.54,-0.79379,0.150,0.675,0.000,-0.7134,-0.4875,TRACKING,prediction
1786998896.903,9.6,0.000,0.748,0.805,0.5949,-0.0002,8.43,-0.63503,0.150,0.676,0.000,-0.7134,-0.4880,TRACKING,prediction
1786998896.931,9.6,0.000,0.744,0.797,0.6312,-0.0268,14.20,-0.93519,0.150,0.678,0.000,-1.0000,-0.6485,TRACKING,R+C
1786998896.947,9.6,0.000,0.744,0.797,0.6312,-0.0214,11.36,-0.74815,0.150,0.679,0.000,-1.0000,-0.6713,TRACKING,prediction
1786998896.962,9.6,0.000,0.744,0.797,0.6312,-0.0171,9.09,-0.59852,0.150,0.680,0.000,-1.0000,-0.6741,TRACKING,prediction
1786998896.976,9.6,0.000,0.744,0.797,0.6312,-0.0137,7.27,-0.47882,0.150,0.681,0.000,-1.0000,-0.6739,TRACKING,prediction
1786998896.993,9.6,0.000,0.744,0.797,0.6312,-0.0110,5.82,-0.38305,0.150,0.682,0.000,-1.0000,-0.6733,TRACKING,prediction
1786998897.008,9.6,0.000,0.744,0.797,0.6312,-0.0088,4.65,-0.30644,0.150,0.683,0.000,-1.0000,-0.6727,TRACKING,prediction
1786998897.032,9.6,0.000,0.744,0.797,0.6312,-0.0070,3.72,-0.24515,0.150,0.684,0.000,-1.0000,-0.6721,TRACKING,prediction
1786998897.053,9.6,0.000,0.744,0.797,0.6312,-0.0056,2.98,-0.19612,0.150,0.684,0.000,-1.0000,-0.6715,TRACKING,prediction
1786998897.070,9.6,0.000,0.744,0.797,0.6312,-0.0045,2.38,-0.15690,0.150,0.685,0.000,-1.0000,-0.6710,TRACKING,prediction
1786998897.086,9.6,0.000,0.744,0.797,0.6312,-0.0036,1.91,-0.12552,0.150,0.684,0.000,-1.0000,-0.6704,TRACKING,prediction
1786998897.101,9.6,0.000,0.744,0.797,0.6312,-0.0029,1.53,-0.10042,0.150,0.672,0.000,-1.0000,-0.6713,TRACKING,prediction
1786998897.119,9.6,0.000,0.744,0.797,0.6312,-0.0023,1.22,-0.08033,0.150,0.655,0.000,-1.0000,-0.6778,TRACKING,prediction
1786998897.139,9.6,0.000,0.744,0.797,0.6312,-0.0018,0.98,-0.06427,0.150,0.633,0.000,-1.0000,-0.6888,TRACKING,prediction
1786998897.155,9.6,0.000,0.744,0.797,0.6312,-0.0015,0.78,-0.05141,0.150,0.590,0.000,-1.0000,-0.7026,UNCERTAIN,prediction
1786998897.548,9.6,0.000,0.784,0.776,0.6362,-0.0649,12.06,-0.80092,0.150,0.596,0.000,-1.0000,-0.7306,TRACKING,R+C
1786998897.561,9.6,0.000,0.781,0.775,0.6352,-0.0674,11.65,-0.83147,0.150,0.601,0.000,-1.0000,-0.7315,TRACKING,R+C
1786998897.574,9.6,0.000,0.781,0.778,0.6353,-0.0724,11.51,-0.82635,0.150,0.606,0.000,-1.0000,-0.7290,TRACKING,R+C
1786998897.602,9.6,0.000,0.782,0.779,0.6371,-0.0803,11.25,-0.82191,0.150,0.611,0.000,-1.0000,-0.7263,TRACKING,R+C
1786998897.616,9.6,0.000,0.784,0.781,0.6426,-0.0895,10.88,-0.83528,0.150,0.615,0.000,-1.0000,-0.7238,TRACKING,R+C
1786998897.646,9.6,0.000,0.792,0.784,0.6444,-0.0955,11.57,-0.74137,0.150,0.619,0.000,-1.0000,-0.7212,TRACKING,R+C
1786998897.660,9.6,0.000,0.800,0.786,0.6482,-0.1008,11.12,-0.76271,0.150,0.623,0.000,-1.0000,-0.7187,TRACKING,R+C
1786998897.676,9.6,0.000,0.800,0.786,0.6482,-0.0806,8.90,-0.61017,0.150,0.627,0.000,-1.0000,-0.7160,TRACKING,prediction
1786998897.692,9.6,0.000,0.818,0.793,0.6463,-0.1031,11.13,-0.67371,0.150,0.631,0.000,-1.0000,-0.7133,TRACKING,R+C
1786998897.722,9.6,0.000,0.818,0.793,0.6463,-0.0825,8.90,-0.53897,0.150,0.634,0.000,-1.0000,-0.7109,TRACKING,prediction
1786998897.739,9.6,0.000,0.818,0.793,0.6463,-0.0660,7.12,-0.43118,0.150,0.638,0.000,-1.0000,-0.7086,TRACKING,prediction
1786998897.753,9.6,0.000,0.818,0.793,0.6463,-0.0528,5.70,-0.34494,0.150,0.641,0.000,-1.0000,-0.7064,TRACKING,prediction
1786998897.783,9.6,0.000,0.818,0.793,0.6463,-0.0422,4.56,-0.27595,0.150,0.644,0.000,-1.0000,-0.7043,TRACKING,prediction
1786998897.799,9.6,0.000,0.818,0.793,0.6463,-0.0338,3.65,-0.22076,0.150,0.646,0.000,-1.0000,-0.7024,TRACKING,prediction
1786998897.817,9.6,0.000,0.818,0.793,0.6463,-0.0270,2.92,-0.17661,0.150,0.649,0.000,-1.0000,-0.7005,TRACKING,prediction
1786998898.170,25.4,0.000,0.818,0.793,0.6463,-0.0216,2.33,-0.14129,0.150,0.652,0.000,-1.0000,-0.6987,TRACKING,prediction
1786998898.187,25.4,0.000,0.818,0.793,0.6463,-0.0173,1.87,-0.11303,0.150,0.654,0.000,-1.0000,-0.6970,TRACKING,prediction
1786998898.203,25.4,0.000,0.818,0.793,0.6463,-0.0138,1.49,-0.09042,0.150,0.656,0.000,-1.0000,-0.6954,TRACKING,prediction
1786998898.233,25.4,0.000,0.818,0.793,0.6463,-0.0111,1.20,-0.07234,0.150,0.657,0.000,-1.0000,-0.6938,TRACKING,prediction
1786998898.257,25.4,0.000,0.818,0.793,0.6463,-0.0089,0.96,-0.05787,0.150,0.653,0.000,-1.0000,-0.6931,TRACKING,prediction
1786998898.272,25.4,0.000,0.818,0.793,0.6463,-0.0071,0.76,-0.04630,0.150,0.640,0.000,-1.0000,-0.6957,TRACKING,prediction
1786998898.287,25.4,0.000,0.818,0.793,0.6463,-0.0057,0.61,-0.03704,0.150,0.621,0.000,-1.0000,-0.7034,TRACKING,prediction
1786998898.305,25.4,0.000,0.818,0.793,0.6463,-0.0045,0.49,-0.02963,0.150,0.582,0.000,-1.0000,-0.7148,UNCERTAIN,prediction
1786998898.321,25.4,0.000,0.818,0.793,0.6463,-0.0036,0.39,-0.02370,0.150,0.554,0.000,-1.0000,-0.7386,UNCERTAIN,prediction
1786998898.338,25.4,0.000,0.818,0.793,0.6463,-0.0029,0.31,-0.01896,0.150,0.535,0.000,-1.0000,-0.7575,UNCERTAIN,prediction
1786998898.352,25.4,0.000,0.818,0.793,0.6463,-0.0023,0.25,-0.01517,0.150,0.516,0.000,-1.0000,-0.7710,UNCERTAIN,prediction
1786998898.375,25.4,0.000,0.818,0.793,0.6463,-0.0019,0.20,-0.01214,0.150,0.496,0.000,-1.0000,-0.7836,UNCERTAIN,prediction
1786998898.390,25.4,0.000,0.852,0.793,0.5858,-0.1374,6.24,-0.47960,0.152,0.506,0.000,-1.0000,-0.7971,TRACKING,R+C
1786998898.408,25.4,0.000,0.852,0.793,0.5858,-0.1099,5.00,-0.38368,0.152,0.515,0.000,-1.0000,-0.7933,TRACKING,prediction
1786998898.426,25.4,0.000,0.852,0.793,0.5858,-0.0879,4.00,-0.30694,0.152,0.525,0.000,-1.0000,-0.7874,TRACKING,prediction
1786998904.798,2.3,0.000,0.852,0.793,0.5858,-0.0703,3.20,-0.24556,0.152,0.533,0.000,-1.0000,-0.7814,TRACKING,prediction
1786998904.812,2.3,0.000,0.855,0.808,0.5715,-0.1253,3.29,-0.69561,0.150,0.542,0.000,-1.0000,-0.7745,TRACKING,R+C
1786998904.832,2.3,0.000,0.850,0.806,0.5695,-0.1218,3.12,-0.68550,0.150,0.550,0.000,-1.0000,-0.7687,TRACKING,R+C
1786998904.849,2.3,0.000,0.850,0.806,0.5695,-0.0974,2.49,-0.54840,0.150,0.557,0.000,-1.0000,-0.7635,TRACKING,prediction
1786998904.873,2.3,0.000,0.843,0.815,0.5602,-0.1149,2.79,-0.65906,0.150,0.564,0.000,-1.0000,-0.7579,TRACKING,R+C
1786998904.905,2.3,0.000,0.843,0.815,0.5602,-0.0920,2.23,-0.52724,0.150,0.571,0.000,-1.0000,-0.7531,TRACKING,prediction
1786998904.921,2.3,0.000,0.843,0.815,0.5602,-0.0736,1.78,-0.42180,0.150,0.578,0.000,-1.0000,-0.7486,TRACKING,prediction
1786998904.942,2.3,0.000,0.853,0.817,0.5545,-0.1123,2.64,-0.61601,0.150,0.584,0.000,-1.0000,-0.7440,TRACKING,R+C
1786998904.957,2.3,0.000,0.847,0.816,0.5548,-0.1144,2.71,-0.58747,0.150,0.590,0.000,-1.0000,-0.7400,TRACKING,R+C
1786998904.971,2.3,0.000,0.838,0.821,0.5540,-0.1151,2.93,-0.55493,0.150,0.595,0.000,-1.0000,-0.7362,TRACKING,R+C
1786998905.000,2.3,0.000,0.838,0.817,0.5495,-0.1155,1.78,-0.64616,0.150,0.600,0.000,-1.0000,-0.7324,TRACKING,R+C
1786998905.013,2.3,0.000,0.837,0.822,0.5473,-0.1137,1.45,-0.66561,0.150,0.605,0.000,-1.0000,-0.7287,TRACKING,R+C
1786998905.028,2.3,0.000,0.837,0.822,0.5473,-0.0909,1.16,-0.53249,0.150,0.610,0.000,-1.0000,-0.7254,TRACKING,prediction
1786998905.042,2.3,0.000,0.844,0.823,0.5452,-0.1128,1.73,-0.63438,0.150,0.615,0.000,-1.0000,-0.7222,TRACKING,R+C
1786998905.058,2.3,0.000,0.844,0.823,0.5452,-0.0902,1.38,-0.50750,0.150,0.619,0.000,-1.0000,-0.7192,TRACKING,prediction
1786998905.838,14.4,0.000,0.844,0.823,0.5452,-0.0722,1.11,-0.40600,0.150,0.623,0.000,-1.0000,-0.7163,TRACKING,prediction
1786998905.851,14.4,0.000,0.854,0.822,0.5466,-0.1152,1.25,-0.64508,0.150,0.627,0.000,-1.0000,-0.7137,TRACKING,R+C
1786998905.868,14.4,0.000,0.854,0.822,0.5466,-0.0922,1.00,-0.51607,0.150,0.630,0.000,-1.0000,-0.7111,TRACKING,prediction
1786998905.883,14.4,0.000,0.854,0.822,0.5466,-0.0737,0.80,-0.41285,0.150,0.634,0.000,-1.0000,-0.7086,TRACKING,prediction
1786998905.899,14.4,0.000,0.854,0.822,0.5466,-0.0590,0.64,-0.33028,0.150,0.637,0.000,-1.0000,-0.7063,TRACKING,prediction
1786998905.928,14.4,0.000,0.854,0.822,0.5466,-0.0472,0.51,-0.26423,0.150,0.640,0.000,-1.0000,-0.7041,TRACKING,prediction
1786998905.962,14.4,0.000,0.854,0.822,0.5466,-0.0378,0.41,-0.21138,0.150,0.643,0.000,-1.0000,-0.7020,TRACKING,prediction
1786998905.980,14.4,0.000,0.854,0.822,0.5466,-0.0302,0.33,-0.16910,0.150,0.646,0.000,-1.0000,-0.7000,TRACKING,prediction
1786998905.994,14.4,0.000,0.857,0.825,0.5409,-0.1144,0.92,-0.61674,0.150,0.649,0.000,-1.0000,-0.6978,TRACKING,R+C
1786998906.018,14.4,0.000,0.852,0.828,0.5378,-0.1090,0.84,-0.60520,0.150,0.651,0.000,-1.0000,-0.6955,TRACKING,R+C
1786998906.045,14.4,0.000,0.852,0.828,0.5378,-0.0872,0.67,-0.48416,0.150,0.654,0.000,-1.0000,-0.6938,TRACKING,prediction
1786998906.078,14.4,0.000,0.852,0.828,0.5378,-0.0697,0.54,-0.38733,0.150,0.656,0.000,-1.0000,-0.6922,TRACKING,prediction
1786998906.104,14.4,0.000,0.837,0.843,0.5211,-0.0886,0.02,-0.66935,0.150,0.658,0.000,-1.0000,-0.6889,TRACKING,R+C
1786998906.117,14.4,0.000,0.835,0.847,0.5172,-0.0817,0.04,-0.65958,0.150,0.660,0.000,-1.0000,-0.6869,TRACKING,R+C
1786998906.132,14.4,0.000,0.840,0.854,0.5106,-0.0746,-0.30,-0.68164,0.150,0.662,0.000,-1.0000,-0.6849,TRACKING,R+C
1786998906.146,14.4,0.000,0.831,0.857,0.5029,-0.0667,-0.14,-0.67666,0.150,0.664,0.000,-1.0000,-0.6829,TRACKING,R+C
1786998906.160,14.4,0.000,0.830,0.870,0.4954,-0.0593,-0.38,-0.70242,0.150,0.666,0.000,-0.9385,-0.6466,TRACKING,R+C
1786998906.173,14.4,0.000,0.824,0.867,0.4880,-0.0504,0.01,-0.68104,0.150,0.668,0.000,-0.8565,-0.5935,TRACKING,R+C
1786998906.186,14.4,0.000,0.819,0.868,0.4845,-0.0426,-0.46,-0.71048,0.150,0.669,0.000,-0.7588,-0.5291,TRACKING,R+C
1786998906.201,14.4,0.000,0.815,0.871,0.4807,-0.0340,-0.44,-0.70799,0.150,0.671,0.000,-0.6499,-0.4566,TRACKING,R+C
1786998906.220,14.4,0.000,0.818,0.880,0.4774,-0.0266,0.06,-0.67340,0.150,0.672,0.000,-0.5592,-0.3935,TRACKING,R+C
1786998906.249,14.4,0.000,0.818,0.885,0.4778,-0.0212,0.10,-0.67138,0.150,0.674,0.000,-0.4792,-0.3379,TRACKING,R+C
1786998906.263,14.4,0.000,0.819,0.883,0.4790,-0.0178,0.36,-0.66314,0.150,0.675,0.000,-0.4358,-0.3045,TRACKING,R+C
1786998906.277,14.4,0.000,0.818,0.882,0.4839,-0.0174,0.74,-0.64066,0.150,0.676,0.000,-0.4418,-0.3026,TRACKING,R+C
1786998906.290,14.4,0.000,0.819,0.884,0.4899,-0.0186,1.09,-0.63277,0.150,0.677,0.000,-0.4721,-0.3194,TRACKING,R+C
1786998906.305,14.4,0.376,0.817,0.876,0.4169,-0.0209,1.11,-0.64453,0.150,0.679,0.000,-0.5105,-0.3434,TRACKING,L+C+R_fused
1786998906.318,14.4,0.000,0.814,0.876,0.4991,-0.0231,1.45,-0.63293,0.150,0.680,0.000,-0.5524,-0.3705,TRACKING,R+C
1786998906.332,14.4,0.640,0.818,0.875,0.4894,-0.0264,1.38,-0.65367,0.150,0.681,0.000,-0.6013,-0.4020,TRACKING,L+C+R_fused
1786998906.346,14.4,0.000,0.812,0.873,0.5092,-0.0286,1.96,-0.63212,0.150,0.682,0.000,-0.6476,-0.4325,TRACKING,R+C
1786998907.935,13.8,0.000,0.791,0.871,0.5104,-0.0348,-0.04,-0.85881,0.150,0.683,0.000,-0.6932,-0.4627,TRACKING,R+C
1786998907.949,13.8,0.000,0.792,0.864,0.5126,-0.0383,0.38,-0.85601,0.150,0.683,0.000,-0.7497,-0.4987,TRACKING,R+C
1786998907.962,13.8,0.000,0.793,0.858,0.5170,-0.0421,0.60,-0.86705,0.150,0.684,0.000,-0.8027,-0.5335,TRACKING,R+C
1786998907.976,13.8,0.000,0.800,0.857,0.5207,-0.0455,1.32,-0.83041,0.150,0.685,0.000,-0.8564,-0.5683,TRACKING,R+C
1786998907.993,13.8,0.000,0.808,0.844,0.5232,-0.0500,1.73,-0.81171,0.150,0.686,0.000,-0.9109,-0.6036,TRACKING,R+C
1786998908.006,13.8,0.000,0.815,0.848,0.5276,-0.0560,1.78,-0.81443,0.150,0.687,0.000,-0.9692,-0.6409,TRACKING,R+C
1786998908.033,13.8,0.000,0.815,0.844,0.5346,-0.0599,3.08,-0.73734,0.150,0.687,0.000,-1.0000,-0.6635,TRACKING,R+C
1786998908.047,13.8,0.000,0.818,0.841,0.5387,-0.0651,3.74,-0.69702,0.150,0.688,0.000,-1.0000,-0.6669,TRACKING,R+C
1786998908.076,13.8,0.000,0.815,0.818,0.5487,-0.0707,4.24,-0.64655,0.150,0.688,0.000,-1.0000,-0.6674,TRACKING,R+C
1786998908.089,13.8,0.000,0.817,0.817,0.5572,-0.0764,4.66,-0.60396,0.150,0.689,0.000,-1.0000,-0.6676,TRACKING,R+C
1786998908.103,13.8,0.000,0.819,0.818,0.5643,-0.0816,3.95,-0.71236,0.150,0.690,0.000,-1.0000,-0.6677,TRACKING,R+C
1786998908.117,13.8,0.000,0.808,0.820,0.5667,-0.0864,3.07,-0.80493,0.150,0.690,0.000,-1.0000,-0.6677,TRACKING,R+C
1786998908.146,13.8,0.000,0.830,0.823,0.5697,-0.0899,2.67,-0.80847,0.150,0.691,0.000,-1.0000,-0.6675,TRACKING,R+C
1786998908.162,13.8,0.000,0.830,0.823,0.5697,-0.0719,2.13,-0.64678,0.150,0.691,0.000,-1.0000,-0.6672,TRACKING,prediction
1786998908.176,13.8,0.000,0.830,0.823,0.5697,-0.0575,1.71,-0.51742,0.150,0.691,0.000,-1.0000,-0.6669,TRACKING,prediction
1786998908.190,13.8,0.000,0.825,0.817,0.5686,-0.0960,3.15,-0.82405,0.150,0.692,0.000,-1.0000,-0.6673,TRACKING,R+C
1786998908.209,13.8,0.000,0.825,0.817,0.5686,-0.0768,2.52,-0.65924,0.150,0.692,0.000,-1.0000,-0.6670,TRACKING,prediction
1786998908.224,13.8,0.000,0.825,0.817,0.5686,-0.0614,2.02,-0.52739,0.150,0.693,0.000,-1.0000,-0.6667,TRACKING,prediction
1786998908.995,17.0,0.000,0.825,0.817,0.5686,-0.0491,1.61,-0.42191,0.150,0.693,0.000,-1.0000,-0.6665,TRACKING,prediction
1786998909.015,17.0,0.000,0.856,0.808,0.5733,-0.1060,2.01,-0.97605,0.150,0.693,0.000,-1.0000,-0.6671,TRACKING,R+C
1786998909.029,17.0,0.000,0.856,0.808,0.5733,-0.0848,1.61,-0.78084,0.150,0.694,0.000,-1.0000,-0.6669,TRACKING,prediction
1786998909.045,17.0,0.000,0.856,0.808,0.5733,-0.0678,1.29,-0.62467,0.150,0.694,0.000,-1.0000,-0.6667,TRACKING,prediction
1786998909.065,17.0,0.000,0.856,0.808,0.5733,-0.0543,1.03,-0.49974,0.150,0.694,0.000,-1.0000,-0.6665,TRACKING,prediction
1786998909.079,17.0,0.000,0.838,0.803,0.5797,-0.1064,2.87,-0.90976,0.150,0.695,0.000,-1.0000,-0.6664,TRACKING,R+C
1786998909.099,17.0,0.000,0.838,0.803,0.5797,-0.0852,2.30,-0.72781,0.150,0.695,0.000,-1.0000,-0.6662,TRACKING,prediction
1786998909.115,17.0,0.000,0.838,0.803,0.5797,-0.0681,1.84,-0.58225,0.150,0.695,0.000,-1.0000,-0.6660,TRACKING,prediction
1786998909.129,17.0,0.000,0.837,0.795,0.5814,-0.1090,2.22,-1.01163,0.150,0.695,0.000,-1.0000,-0.6662,TRACKING,R+C
1786998909.145,17.0,0.000,0.845,0.797,0.5818,-0.1050,2.37,-0.99465,0.150,0.696,0.000,-1.0000,-0.6657,TRACKING,R+C
1786998909.163,17.0,0.000,0.845,0.797,0.5818,-0.0840,1.90,-0.79572,0.150,0.696,0.000,-1.0000,-0.6655,TRACKING,prediction
1786998909.176,17.0,0.000,0.824,0.798,0.5788,-0.0961,1.85,-1.11760,0.150,0.696,0.000,-1.0000,-0.6648,TRACKING,R+C
1786998909.196,17.0,0.000,0.822,0.799,0.5775,-0.0922,1.97,-1.10492,0.150,0.696,0.000,-1.0000,-0.6644,TRACKING,R+C
1786998909.872,17.0,0.000,0.817,0.801,0.5745,-0.0869,2.00,-1.12440,0.150,0.696,0.000,-1.0000,-0.6639,TRACKING,R+C
1786998909.886,17.0,0.000,0.813,0.803,0.5719,-0.0821,2.01,-1.12472,0.150,0.697,0.000,-1.0000,-0.6634,TRACKING,R+C
1786998909.902,17.0,0.000,0.818,0.809,0.5684,-0.0800,1.36,-1.19092,0.150,0.697,0.000,-1.0000,-0.6631,TRACKING,R+C
1786998909.915,17.0,0.000,0.813,0.810,0.5687,-0.0784,1.20,-1.24291,0.150,0.697,0.000,-1.0000,-0.6629,TRACKING,R+C
1786998909.929,17.0,0.000,0.808,0.801,0.5751,-0.0785,2.33,-1.15977,0.150,0.697,0.000,-1.0000,-0.6630,TRACKING,R+C
1786998909.953,17.0,0.000,0.810,0.802,0.5789,-0.0822,2.98,-1.13656,0.150,0.697,0.000,-1.0000,-0.6633,TRACKING,R+C
1786998909.967,17.0,0.000,0.815,0.788,0.5862,-0.0867,3.90,-1.07954,0.150,0.697,0.000,-1.0000,-0.6637,TRACKING,R+C
1786998909.981,17.0,0.000,0.816,0.787,0.5937,-0.0914,4.55,-1.06974,0.150,0.698,0.000,-1.0000,-0.6642,TRACKING,R+C
1786998909.994,17.0,0.000,0.815,0.782,0.5995,-0.0951,4.66,-1.10088,0.150,0.698,0.000,-1.0000,-0.6646,TRACKING,R+C
1786998910.009,21.7,0.000,0.815,0.782,0.5995,-0.0761,3.73,-0.88070,0.150,0.698,0.000,-1.0000,-0.6645,TRACKING,prediction
1786998910.030,21.7,0.000,0.812,0.780,0.6049,-0.0982,5.06,-1.13299,0.150,0.698,0.000,-1.0000,-0.6649,TRACKING,R+C
1786998910.045,21.7,0.000,0.820,0.789,0.6085,-0.0979,5.39,-1.14107,0.150,0.698,0.000,-1.0000,-0.6650,TRACKING,R+C
1786998910.061,21.7,0.000,0.815,0.784,0.6080,-0.0986,5.18,-1.22010,0.150,0.698,0.000,-1.0000,-0.6651,TRACKING,R+C
1786998910.082,21.7,0.000,0.806,0.699,0.6020,-0.1009,4.56,-1.33848,0.150,0.698,0.000,-1.0000,-0.6654,TRACKING,R+C
1786998910.095,21.7,0.000,0.815,0.777,0.6116,-0.1012,5.65,-1.23095,0.150,0.698,0.000,-1.0000,-0.6654,TRACKING,R+C
1786998910.112,21.7,0.000,0.815,0.777,0.6116,-0.0810,4.52,-0.98476,0.150,0.698,0.000,-1.0000,-0.6654,TRACKING,prediction
1786998910.131,21.7,0.000,0.819,0.794,0.6100,-0.0964,6.61,-1.16197,0.150,0.698,0.000,-1.0000,-0.6650,TRACKING,R+C
1786998910.154,21.7,0.000,0.809,0.779,0.6122,-0.0954,5.83,-1.34634,0.150,0.699,0.000,-1.0000,-0.6652,TRACKING,R+C
1786998910.175,21.7,0.000,0.809,0.779,0.6122,-0.0763,4.67,-1.07707,0.150,0.699,0.000,-1.0000,-0.6652,TRACKING,prediction
1786998910.188,21.7,0.000,0.809,0.779,0.6122,-0.0610,3.73,-0.86166,0.150,0.699,0.000,-1.0000,-0.6651,TRACKING,prediction
1786998910.203,21.7,0.000,0.809,0.779,0.6122,-0.0488,2.99,-0.68933,0.150,0.699,0.000,-1.0000,-0.6651,TRACKING,prediction
1786998910.219,21.7,0.000,0.809,0.779,0.6122,-0.0391,2.39,-0.55146,0.150,0.699,0.000,-1.0000,-0.6650,TRACKING,prediction
1786998910.237,21.7,0.000,0.809,0.779,0.6122,-0.0313,1.91,-0.44117,0.150,0.699,0.000,-1.0000,-0.6650,TRACKING,prediction
1786998910.255,21.7,0.000,0.829,0.666,0.6543,-0.1160,7.85,-1.36915,0.150,0.699,0.000,-1.0000,-0.6674,TRACKING,R+C
1786998910.270,21.7,0.000,0.829,0.666,0.6543,-0.0928,6.28,-1.09532,0.150,0.699,0.000,-1.0000,-0.6674,TRACKING,prediction
1786998910.286,21.7,0.000,0.829,0.666,0.6543,-0.0742,5.03,-0.87625,0.150,0.699,0.000,-1.0000,-0.6673,TRACKING,prediction
1786998910.313,21.7,0.000,0.829,0.666,0.6543,-0.0594,4.02,-0.70100,0.150,0.699,0.000,-1.0000,-0.6673,TRACKING,prediction
1786998910.331,21.7,0.000,0.829,0.666,0.6543,-0.0475,3.22,-0.56080,0.150,0.699,0.000,-1.0000,-0.6672,TRACKING,prediction
1786998910.356,21.7,0.000,0.829,0.666,0.6543,-0.0380,2.57,-0.44864,0.150,0.699,0.000,-1.0000,-0.6672,TRACKING,prediction
1786998910.370,21.7,0.000,0.863,0.655,0.7103,-0.1458,13.03,-0.70341,0.150,0.699,0.000,-1.0000,-0.6694,TRACKING,R+C
1786998910.398,21.7,0.000,0.863,0.655,0.7103,-0.1166,10.42,-0.56273,0.150,0.699,0.000,-1.0000,-0.6694,TRACKING,prediction
1786998910.413,21.7,0.000,0.861,0.652,0.7167,-0.1470,14.61,-0.37654,0.162,0.699,0.000,-1.0000,-0.6690,TRACKING,R+C
1786998910.429,21.7,0.000,0.861,0.652,0.7167,-0.1176,11.69,-0.30123,0.162,0.699,0.000,-1.0000,-0.6690,TRACKING,prediction
1786998910.453,21.7,0.000,0.861,0.652,0.7167,-0.0941,9.35,-0.24099,0.162,0.699,0.000,-1.0000,-0.6690,TRACKING,prediction
1786998910.469,21.7,0.000,0.861,0.652,0.7167,-0.0753,7.48,-0.19279,0.162,0.699,0.000,-1.0000,-0.6690,TRACKING,prediction
1786998910.483,21.7,0.000,0.861,0.652,0.7167,-0.0602,5.99,-0.15423,0.162,0.699,0.000,-1.0000,-0.6689,TRACKING,prediction
1786998910.501,21.7,0.000,0.861,0.652,0.7167,-0.0482,4.79,-0.12338,0.162,0.699,0.000,-1.0000,-0.6689,TRACKING,prediction
1786998910.532,21.7,0.000,0.861,0.652,0.7167,-0.0385,3.83,-0.09871,0.162,0.699,0.000,-1.0000,-0.6689,TRACKING,prediction
1786998910.558,21.7,0.000,0.861,0.652,0.7167,-0.0308,3.06,-0.07897,0.162,0.699,0.000,-1.0000,-0.6689,TRACKING,prediction
1786998910.578,21.7,0.000,0.861,0.652,0.7167,-0.0247,2.45,-0.06317,0.162,0.700,0.000,-1.0000,-0.6689,TRACKING,prediction
1786998910.594,21.7,0.000,0.861,0.652,0.7167,-0.0197,1.96,-0.05054,0.162,0.690,0.000,-1.0000,-0.6688,TRACKING,prediction
1786998910.612,21.7,0.000,0.861,0.652,0.7167,-0.0158,1.57,-0.04043,0.162,0.673,0.000,-1.0000,-0.6743,TRACKING,prediction
1786998910.630,21.7,0.000,0.861,0.652,0.7167,-0.0126,1.26,-0.03234,0.162,0.652,0.000,-1.0000,-0.6846,TRACKING,prediction
1786998910.651,21.7,0.000,0.861,0.652,0.7167,-0.0101,1.00,-0.02588,0.162,0.628,0.000,-1.0000,-0.6981,TRACKING,prediction
1786998910.680,21.7,0.000,0.861,0.652,0.7167,-0.0081,0.80,-0.02070,0.162,0.586,0.000,-1.0000,-0.7135,UNCERTAIN,prediction
1786998910.696,21.7,0.000,0.861,0.652,0.7167,-0.0065,0.64,-0.01656,0.162,0.558,0.000,-1.0000,-0.7389,UNCERTAIN,prediction
1786998910.713,21.7,0.000,0.861,0.652,0.7167,-0.0052,0.51,-0.01325,0.162,0.537,0.000,-1.0000,-0.7587,UNCERTAIN,prediction
1786998910.739,21.7,0.000,0.861,0.652,0.7167,-0.0041,0.41,-0.01060,0.162,0.516,0.000,-1.0000,-0.7728,UNCERTAIN,prediction
1786998910.770,21.7,0.000,0.861,0.652,0.7167,-0.0033,0.33,-0.00848,0.162,0.494,0.000,-1.0000,-0.7867,UNCERTAIN,prediction
1786998910.797,21.7,0.000,0.861,0.652,0.7167,-0.0026,0.26,-0.00678,0.162,0.472,0.000,-1.0000,-0.8008,UNCERTAIN,prediction
1786998910.824,21.7,0.907,0.651,0.000,0.6707,0.1704,-4.33,-1.86729,0.150,0.483,0.000,1.0000,-0.1386,TRACKING,L+C
1786998910.838,21.7,0.000,0.905,0.652,0.6613,-0.1675,4.17,0.11492,0.189,0.494,0.000,-1.0000,-0.7192,TRACKING,R+C
1786998910.861,21.7,0.000,0.892,0.652,0.6551,-0.1640,2.69,0.03682,0.196,0.504,0.000,-1.0000,-0.7875,TRACKING,R+C
1786998910.877,21.7,0.000,0.869,0.652,0.6479,-0.1587,2.04,0.02468,0.198,0.514,0.000,-1.0000,-0.7917,TRACKING,R+C
1786998910.892,21.7,0.000,0.849,0.651,0.6403,-0.1544,0.34,-0.09103,0.191,0.523,0.000,-1.0000,-0.7865,TRACKING,R+C
1786998910.911,21.7,0.000,0.828,0.652,0.6365,-0.1502,-0.73,-0.13795,0.186,0.532,0.000,-1.0000,-0.7802,TRACKING,R+C
1786998910.936,21.7,0.000,0.812,0.650,0.6253,-0.1452,-1.81,-0.19027,0.181,0.541,0.000,-1.0000,-0.7739,TRACKING,R+C
1786998910.951,21.7,0.000,0.788,0.647,0.6120,-0.1423,-4.16,-0.36319,0.164,0.549,0.000,-1.0000,-0.7679,TRACKING,R+C
1786998910.967,21.7,0.000,0.773,0.645,0.6039,-0.1409,-6.22,-0.49644,0.150,0.556,0.000,-1.0000,-0.7623,TRACKING,R+C
1786998910.981,21.7,0.000,0.742,0.643,0.5946,-0.1376,-7.15,-0.59395,0.150,0.563,0.000,-1.0000,-0.7570,TRACKING,R+C
1786998911.013,50.8,0.000,0.745,0.640,0.5892,-0.1364,-7.40,-0.59910,0.150,0.570,0.000,-1.0000,-0.7521,TRACKING,R+C
1786998911.029,50.8,0.000,0.726,0.642,0.5882,-0.1391,-9.04,-0.73402,0.150,0.577,0.000,-1.0000,-0.7476,TRACKING,R+C
1786998911.044,50.8,0.000,0.720,0.642,0.5899,-0.1414,-10.00,-0.80678,0.150,0.583,0.000,-1.0000,-0.7434,TRACKING,R+C
1786998911.062,50.8,0.000,0.716,0.639,0.5859,-0.1418,-11.11,-0.88980,0.150,0.589,0.000,-1.0000,-0.7392,TRACKING,R+C
1786998911.077,50.8,0.000,0.698,0.637,0.5795,-0.1417,-13.90,-1.06640,0.150,0.594,0.000,-1.0000,-0.7351,TRACKING,R+C
1786998911.092,50.8,0.000,0.693,0.633,0.5706,-0.1308,-13.03,-1.05155,0.150,0.600,0.000,-1.0000,-0.7307,TRACKING,R+C
1786998911.109,50.8,0.000,0.696,0.625,0.5601,-0.1221,-13.41,-1.07389,0.150,0.605,0.000,-1.0000,-0.7265,TRACKING,R+C
1786998911.135,50.8,0.368,0.688,0.625,0.4797,-0.1145,-15.20,-1.19665,0.150,0.609,0.000,-1.0000,-0.7224,TRACKING,L+C+R_fused
1786998911.151,50.8,0.939,0.686,0.624,0.4454,-0.1049,-15.73,-1.23887,0.150,0.614,0.000,-1.0000,-0.7185,TRACKING,L+C+R_fused
1786998911.170,50.8,0.932,0.687,0.622,0.5287,-0.0978,-17.20,-1.34982,0.150,0.618,0.000,-0.9721,-0.6984,TRACKING,L+C+R_fused
1786998911.198,50.8,0.932,0.695,0.623,0.5192,-0.0928,-18.34,-1.41096,0.150,0.622,0.000,-0.9049,-0.6532,TRACKING,L+C+R_fused
1786998911.938,50.8,0.941,0.695,0.622,0.5256,-0.0842,-17.06,-1.41611,0.150,0.626,0.000,-0.8496,-0.6116,TRACKING,L+C+R_fused
1786998911.954,50.8,0.929,0.700,0.624,0.5365,-0.0795,-17.32,-1.49413,0.150,0.630,0.000,-0.8006,-0.5747,TRACKING,L+C+R_fused
1786998911.971,50.8,0.934,0.709,0.630,0.5206,-0.0726,-17.22,-1.54390,0.150,0.633,0.000,-0.7285,-0.5250,TRACKING,L+C+R_fused
1786998911.992,50.8,0.925,0.706,0.629,0.5247,-0.0627,-16.86,-1.57190,0.150,0.637,0.000,-0.6143,-0.4488,TRACKING,L+C+R_fused
1786998912.009,50.8,0.923,0.711,0.628,0.5152,-0.0515,-16.76,-1.61943,0.150,0.640,0.000,-0.4619,-0.3464,TRACKING,L+C+R_fused
1786998912.026,15.8,0.930,0.716,0.626,0.5078,-0.0401,-16.05,-1.64525,0.150,0.643,0.000,-0.3109,-0.2414,TRACKING,L+C+R_fused
1786998912.042,15.8,0.924,0.723,0.657,0.5135,-0.0291,-14.55,-1.63255,0.150,0.646,0.000,-0.1828,-0.1498,TRACKING,L+C+R_fused
1786998912.057,15.8,0.929,0.728,0.665,0.5094,-0.0220,-13.66,-1.66006,0.150,0.648,0.000,-0.1031,-0.0892,TRACKING,L+C+R_fused
1786998912.073,15.8,0.926,0.732,0.663,0.5127,-0.0169,-12.18,-1.64536,0.150,0.651,0.000,-0.0734,-0.0628,TRACKING,L+C+R_fused
1786998912.102,15.8,0.928,0.730,0.673,0.5237,-0.0127,-11.12,-1.65525,0.150,0.653,0.000,-0.0464,-0.0431,TRACKING,L+C+R_fused
1786998912.132,15.8,0.938,0.728,0.670,0.5044,-0.0075,-10.23,-1.67212,0.150,0.656,0.000,0.0047,-0.0105,TRACKING,L+C+R_fused
1786998912.149,15.8,0.932,0.734,0.711,0.5192,-0.0004,-8.61,-1.64557,0.150,0.658,0.000,0.0663,0.0306,TRACKING,L+C+R_fused
1786998912.164,15.8,0.928,0.733,0.712,0.5282,0.0049,-7.29,-1.64031,0.150,0.660,0.000,0.1048,0.0589,TRACKING,L+C+R_fused
1786998912.180,15.8,0.942,0.733,0.704,0.5025,0.0069,-6.08,-1.63096,0.150,0.662,0.000,0.0892,0.0535,TRACKING,L+C+R_fused
1786998912.195,15.8,0.639,0.728,0.718,0.4876,0.0067,-5.07,-1.64675,0.150,0.664,0.000,0.0393,0.0228,TRACKING,L+C+R_fused
1786998912.213,15.8,0.000,0.729,0.718,0.5988,0.0060,-4.12,-1.66875,0.150,0.666,0.000,-0.0191,-0.0163,TRACKING,R+C
1786998915.345,3.3,0.000,0.728,0.691,0.4863,0.0037,-3.48,-1.67978,0.150,0.668,0.000,-0.0891,-0.0628,TRACKING,R+C
1786998915.357,3.3,0.000,0.729,0.720,0.5472,0.0031,-1.95,-1.64638,0.150,0.669,0.000,-0.1603,-0.1109,TRACKING,R+C
1786998915.384,3.3,0.000,0.733,0.810,0.5149,0.0019,-0.64,-1.60560,0.150,0.671,0.000,-0.2315,-0.1588,TRACKING,R+C
1786998915.398,3.3,0.000,0.737,0.869,0.5233,0.0002,0.56,-1.57039,0.150,0.672,0.000,-0.3055,-0.2083,TRACKING,R+C
1786998915.416,3.3,0.000,0.734,0.845,0.5316,-0.0030,1.12,-1.58671,0.150,0.674,0.000,-0.3840,-0.2603,TRACKING,R+C
1786998915.431,3.3,0.000,0.731,0.843,0.5388,-0.0062,1.98,-1.55969,0.150,0.675,0.000,-0.4642,-0.3133,TRACKING,R+C
1786998915.447,3.3,0.000,0.731,0.843,0.5388,-0.0050,1.58,-1.24775,0.150,0.676,0.000,-0.4642,-0.3208,TRACKING,prediction
1786998915.466,3.3,0.000,0.731,0.843,0.5388,-0.0040,1.27,-0.99820,0.150,0.677,0.000,-0.4642,-0.3215,TRACKING,prediction
1786998915.480,3.3,0.000,0.731,0.843,0.5388,-0.0032,1.01,-0.79856,0.150,0.678,0.000,-0.4642,-0.3213,TRACKING,prediction
1786998915.502,3.3,0.000,0.731,0.843,0.5388,-0.0025,0.81,-0.63885,0.150,0.680,0.000,-0.4642,-0.3210,TRACKING,prediction
1786998915.519,3.3,0.000,0.731,0.843,0.5388,-0.0020,0.65,-0.51108,0.150,0.681,0.000,-0.4642,-0.3206,TRACKING,prediction
1786998915.532,3.3,0.000,0.743,0.822,0.5571,-0.0016,5.74,-1.44571,0.150,0.682,0.000,-0.5239,-0.3546,TRACKING,R+C
1786998915.550,3.3,0.000,0.743,0.822,0.5571,-0.0013,4.60,-1.15656,0.150,0.682,0.000,-0.5239,-0.3592,TRACKING,prediction
1786998915.564,3.3,0.000,0.733,0.805,0.5622,-0.0023,7.20,-1.35438,0.150,0.683,0.000,-0.5756,-0.3887,TRACKING,R+C
1786998915.577,3.3,0.000,0.746,0.807,0.5695,-0.0051,8.27,-1.27012,0.150,0.684,0.000,-0.6415,-0.4296,TRACKING,R+C
1786998915.593,3.3,0.000,0.747,0.809,0.5728,-0.0073,8.98,-1.20663,0.150,0.685,0.000,-0.6862,-0.4603,TRACKING,R+C
1786998915.606,3.3,0.000,0.755,0.801,0.5730,-0.0071,9.61,-1.15124,0.150,0.686,0.000,-0.6980,-0.4711,TRACKING,R+C
1786998915.620,3.3,0.000,0.756,0.794,0.5725,-0.0065,9.77,-1.13890,0.150,0.686,0.000,-0.6945,-0.4704,TRACKING,R+C
1786998917.410,8.7,0.000,0.755,0.796,0.5738,-0.0080,9.54,-1.15668,0.150,0.687,0.000,-0.7078,-0.4774,TRACKING,R+C
1786998917.423,8.7,0.000,0.742,0.799,0.5792,-0.0109,9.46,-1.18860,0.150,0.688,0.000,-0.7461,-0.4996,TRACKING,R+C
1786998917.441,8.7,0.000,0.742,0.799,0.5792,-0.0087,7.57,-0.95088,0.150,0.688,0.000,-0.7461,-0.5025,TRACKING,prediction
1786998917.456,8.7,0.000,0.752,0.790,0.6006,-0.0234,11.20,-1.01045,0.150,0.689,0.000,-0.9132,-0.5954,TRACKING,R+C
1786998917.479,8.7,0.000,0.751,0.786,0.6041,-0.0305,10.06,-1.14717,0.150,0.689,0.000,-0.9655,-0.6378,TRACKING,R+C
1786998917.499,8.7,0.000,0.767,0.795,0.6116,-0.0339,11.47,-0.98307,0.150,0.690,0.000,-1.0000,-0.6627,TRACKING,R+C
1786998917.519,8.7,0.000,0.767,0.795,0.6116,-0.0271,9.18,-0.78646,0.150,0.691,0.000,-1.0000,-0.6661,TRACKING,prediction
1786998917.536,8.7,0.000,0.771,0.789,0.6072,-0.0350,11.31,-0.98929,0.150,0.691,0.000,-1.0000,-0.6664,TRACKING,R+C
1786998917.554,8.7,0.000,0.771,0.789,0.6072,-0.0280,9.05,-0.79143,0.150,0.691,0.000,-1.0000,-0.6662,TRACKING,prediction
1786998917.581,8.7,0.000,0.771,0.789,0.6072,-0.0224,7.24,-0.63314,0.150,0.692,0.000,-1.0000,-0.6659,TRACKING,prediction
1786998917.596,8.7,0.000,0.771,0.789,0.6072,-0.0179,5.79,-0.50651,0.150,0.692,0.000,-1.0000,-0.6656,TRACKING,prediction
1786998917.620,8.7,0.000,0.771,0.789,0.6072,-0.0143,4.63,-0.40521,0.150,0.693,0.000,-1.0000,-0.6653,TRACKING,prediction
1786998917.652,8.7,0.000,0.771,0.789,0.6072,-0.0115,3.71,-0.32417,0.150,0.693,0.000,-1.0000,-0.6651,TRACKING,prediction
1786998917.667,8.7,0.000,0.771,0.789,0.6072,-0.0092,2.97,-0.25934,0.150,0.693,0.000,-1.0000,-0.6648,TRACKING,prediction
1786998918.177,8.7,0.000,0.771,0.789,0.6072,-0.0073,2.37,-0.20747,0.150,0.694,0.000,-1.0000,-0.6646,TRACKING,prediction
1786998918.195,8.7,0.000,0.771,0.789,0.6072,-0.0059,1.90,-0.16597,0.150,0.694,0.000,-1.0000,-0.6644,TRACKING,prediction
1786998918.211,8.7,0.000,0.771,0.789,0.6072,-0.0047,1.52,-0.13278,0.150,0.692,0.000,-1.0000,-0.6642,TRACKING,prediction
1786998918.240,8.7,0.000,0.771,0.789,0.6072,-0.0038,1.21,-0.10622,0.150,0.681,0.000,-1.0000,-0.6651,TRACKING,prediction
1786998918.255,8.7,0.000,0.771,0.789,0.6072,-0.0030,0.97,-0.08498,0.150,0.663,0.000,-1.0000,-0.6717,TRACKING,prediction
1786998918.271,8.7,0.000,0.771,0.789,0.6072,-0.0024,0.78,-0.06798,0.150,0.641,0.000,-1.0000,-0.6829,TRACKING,prediction
1786998918.294,8.7,0.000,0.771,0.789,0.6072,-0.0019,0.62,-0.05439,0.150,0.617,0.000,-1.0000,-0.6969,TRACKING,prediction
1786998918.312,8.7,0.000,0.771,0.789,0.6072,-0.0015,0.50,-0.04351,0.150,0.579,0.000,-1.0000,-0.7126,UNCERTAIN,prediction
1786998918.327,8.7,0.000,0.771,0.789,0.6072,-0.0012,0.40,-0.03481,0.150,0.552,0.000,-1.0000,-0.7365,UNCERTAIN,prediction
1786998918.341,8.7,0.000,0.771,0.789,0.6072,-0.0010,0.32,-0.02785,0.150,0.531,0.000,-1.0000,-0.7550,UNCERTAIN,prediction
1786998918.362,8.7,0.000,0.771,0.789,0.6072,-0.0008,0.25,-0.02228,0.150,0.509,0.000,-1.0000,-0.7698,UNCERTAIN,prediction
1786998918.376,8.7,0.000,0.771,0.789,0.6072,-0.0006,0.20,-0.01782,0.150,0.486,0.000,-1.0000,-0.7844,UNCERTAIN,prediction
1786998918.394,8.7,0.000,0.771,0.789,0.6072,-0.0005,0.16,-0.01426,0.150,0.464,0.000,-1.0000,-0.7991,UNCERTAIN,prediction
1786998918.411,27.0,0.000,0.771,0.789,0.6072,-0.0004,0.13,-0.01141,0.150,0.442,0.000,-1.0000,-0.8137,UNCERTAIN,prediction
1786998918.428,27.0,0.000,0.771,0.789,0.6072,-0.0003,0.10,-0.00912,0.150,0.421,0.000,-1.0000,-0.8280,UNCERTAIN,prediction
1786998918.448,27.0,0.000,0.771,0.789,0.6072,-0.0003,0.08,-0.00730,0.150,0.401,0.000,-1.0000,-0.8418,UNCERTAIN,prediction
1786998918.464,27.0,0.000,0.771,0.789,0.6072,-0.0002,0.07,-0.00584,0.150,0.381,0.000,-1.0000,-0.8551,UNCERTAIN,prediction
1786998918.478,27.0,0.000,0.771,0.789,0.6072,-0.0002,0.05,-0.00467,0.150,0.363,0.000,-1.0000,-0.8679,UNCERTAIN,prediction
1786998918.494,27.0,0.000,0.771,0.789,0.6072,-0.0001,0.04,-0.00374,0.150,0.345,0.000,-1.0000,-0.8802,UNCERTAIN,prediction
1786998918.516,27.0,0.000,0.771,0.789,0.6072,-0.0001,0.03,-0.00299,0.150,0.328,0.000,-1.0000,-0.8919,UNCERTAIN,prediction
1786998918.537,27.0,0.000,0.771,0.789,0.6072,-0.0001,0.03,-0.00239,0.150,0.311,0.000,-1.0000,-0.9030,UNCERTAIN,prediction
1786998918.552,27.0,0.000,0.771,0.789,0.6072,-0.0001,0.02,-0.00191,0.150,0.296,0.000,-1.0000,-0.9137,UNCERTAIN,prediction
1786998918.580,27.0,0.000,0.833,0.770,0.5732,-0.0699,8.98,-0.54885,0.150,0.316,0.000,-1.0000,-0.9239,TRACKING,R+C
1786998918.596,27.0,0.000,0.835,0.772,0.5766,-0.0743,9.19,-0.50524,0.150,0.335,0.000,-1.0000,-0.9145,TRACKING,R+C
1786998918.620,27.0,0.000,0.835,0.772,0.5766,-0.0594,7.35,-0.40419,0.150,0.354,0.000,-1.0000,-0.9025,TRACKING,prediction
1786998918.643,27.0,0.000,0.847,0.765,0.5736,-0.0827,8.96,-0.48742,0.151,0.371,0.000,-1.0000,-0.8910,TRACKING,R+C
1786998918.659,27.0,0.000,0.847,0.765,0.5736,-0.0661,7.16,-0.38994,0.151,0.387,0.000,-1.0000,-0.8797,TRACKING,prediction
1786998918.675,27.0,0.000,0.847,0.765,0.5736,-0.0529,5.73,-0.31195,0.151,0.403,0.000,-1.0000,-0.8689,TRACKING,prediction
1786998918.690,27.0,0.000,0.838,0.764,0.5697,-0.0784,7.96,-0.51618,0.150,0.418,0.000,-1.0000,-0.8583,TRACKING,R+C
1786998919.126,27.0,0.000,0.838,0.764,0.5697,-0.0627,6.37,-0.41295,0.150,0.432,0.000,-1.0000,-0.8486,TRACKING,prediction
1786998919.141,27.0,0.000,0.838,0.764,0.5697,-0.0502,5.10,-0.33036,0.150,0.445,0.000,-1.0000,-0.8393,TRACKING,prediction
1786998919.161,27.0,0.000,0.838,0.764,0.5697,-0.0401,4.08,-0.26429,0.150,0.458,0.000,-1.0000,-0.8305,TRACKING,prediction
1786998919.179,27.0,0.000,0.838,0.764,0.5697,-0.0321,3.26,-0.21143,0.150,0.470,0.000,-1.0000,-0.8221,TRACKING,prediction
1786998919.206,27.0,0.000,0.838,0.764,0.5697,-0.0257,2.61,-0.16914,0.150,0.482,0.000,-1.0000,-0.8141,TRACKING,prediction
1786998919.223,27.0,0.000,0.838,0.764,0.5697,-0.0206,2.09,-0.13531,0.150,0.493,0.000,-1.0000,-0.8066,TRACKING,prediction
1786998919.240,27.0,0.000,0.838,0.764,0.5697,-0.0164,1.67,-0.10825,0.150,0.503,0.000,-1.0000,-0.7993,TRACKING,prediction
1786998919.256,27.0,0.000,0.838,0.764,0.5697,-0.0132,1.34,-0.08660,0.150,0.513,0.000,-1.0000,-0.7925,TRACKING,prediction
1786998919.280,27.0,0.000,0.838,0.764,0.5697,-0.0105,1.07,-0.06928,0.150,0.522,0.000,-1.0000,-0.7860,TRACKING,prediction
1786998919.308,27.0,0.000,0.838,0.764,0.5697,-0.0084,0.86,-0.05542,0.150,0.530,0.000,-1.0000,-0.7797,TRACKING,prediction
1786998919.335,27.0,0.000,0.838,0.764,0.5697,-0.0067,0.68,-0.04434,0.150,0.535,0.000,-1.0000,-0.7747,TRACKING,prediction
1786998919.349,27.0,0.000,0.838,0.764,0.5697,-0.0054,0.55,-0.03547,0.150,0.539,0.000,-1.0000,-0.7709,TRACKING,prediction
1786998919.363,27.0,0.000,0.825,0.788,0.5369,-0.0389,4.01,-0.67961,0.150,0.547,0.000,-0.8419,-0.6653,TRACKING,R+C
1786998919.379,27.0,0.000,0.816,0.789,0.5319,-0.0333,4.54,-0.63366,0.150,0.554,0.000,-0.7886,-0.6122,TRACKING,R+C
1786998919.405,27.0,0.774,0.818,0.798,0.4502,-0.0289,4.71,-0.60935,0.150,0.562,0.000,-0.7382,-0.5689,TRACKING,L+C+R_fused
1786998919.425,30.6,0.632,0.818,0.794,0.4549,-0.0258,4.47,-0.63096,0.150,0.569,0.000,-0.6951,-0.5324,TRACKING,L+C+R_fused
1786998919.443,30.6,0.685,0.819,0.793,0.4556,-0.0257,4.63,-0.61540,0.150,0.575,0.000,-0.6966,-0.5251,TRACKING,L+C+R_fused
1786998919.460,30.6,0.000,0.821,0.797,0.5308,-0.0270,4.76,-0.60702,0.150,0.581,0.000,-0.7160,-0.5334,TRACKING,R+C
1786998919.480,30.6,0.000,0.822,0.794,0.5327,-0.0269,4.90,-0.59957,0.150,0.587,0.000,-0.7182,-0.5334,TRACKING,R+C
1786998919.507,30.6,0.000,0.822,0.794,0.5327,-0.0215,3.92,-0.47965,0.150,0.593,0.000,-0.7182,-0.5310,TRACKING,prediction
1786998919.526,30.6,0.000,0.808,0.800,0.5250,-0.0178,4.83,-0.60578,0.150,0.598,0.000,-0.5957,-0.4532,TRACKING,R+C
1786998919.546,30.6,0.371,0.811,0.787,0.5122,-0.0114,3.99,-0.66537,0.150,0.603,0.000,-0.4797,-0.3688,TRACKING,L+C+R_fused
1786998919.563,30.6,0.940,0.812,0.795,0.5325,-0.0045,4.42,-0.63766,0.150,0.608,0.000,-0.3842,-0.2965,TRACKING,L+C+R_fused
1786998919.581,30.6,0.940,0.812,0.795,0.5325,-0.0036,3.53,-0.51013,0.150,0.613,0.000,-0.3842,-0.2848,TRACKING,prediction
1786998919.603,30.6,0.365,0.820,0.801,0.5267,0.0004,4.48,-0.65271,0.150,0.617,0.000,-0.3087,-0.2362,TRACKING,L+C+R_fused
1786998919.620,30.6,0.370,0.816,0.805,0.4996,-0.0000,4.09,-0.71790,0.150,0.621,0.000,-0.3100,-0.2293,TRACKING,L+C+R_fused
1786998919.643,30.6,0.762,0.817,0.805,0.5074,0.0004,4.52,-0.70167,0.150,0.625,0.000,-0.3182,-0.2324,TRACKING,L+C+R_fused
1786998919.672,30.6,0.946,0.824,0.807,0.5074,0.0037,5.51,-0.61929,0.150,0.629,0.000,-0.2919,-0.2162,TRACKING,L+C+R_fused
1786998919.690,30.6,0.946,0.824,0.807,0.5074,0.0029,4.41,-0.49544,0.150,0.632,0.000,-0.2919,-0.2132,TRACKING,prediction
1786998919.712,30.6,0.800,0.816,0.809,0.4793,0.0079,4.25,-0.76848,0.150,0.636,0.000,-0.1907,-0.1521,TRACKING,L+C+R_fused
1786998919.725,30.6,0.000,0.815,0.813,0.4867,0.0081,4.64,-0.76254,0.150,0.639,0.000,-0.2034,-0.1503,TRACKING,R+C
1786998919.742,30.6,0.946,0.806,0.812,0.4965,0.0048,4.00,-0.85384,0.150,0.642,0.000,-0.2486,-0.1768,TRACKING,L+C+R_fused
1786998919.758,30.6,0.948,0.813,0.810,0.4924,0.0024,4.83,-0.80117,0.150,0.645,0.000,-0.3154,-0.2196,TRACKING,L+C+R_fused
1786998919.775,30.6,0.370,0.813,0.810,0.4648,-0.0002,4.23,-0.90531,0.150,0.648,0.000,-0.3520,-0.2473,TRACKING,L+C+R_fused
1786998919.795,30.6,0.897,0.820,0.812,0.4943,0.0006,5.19,-0.81331,0.150,0.650,0.000,-0.3638,-0.2575,TRACKING,L+C+R_fused
1786998919.812,30.6,0.897,0.819,0.815,0.4906,0.0011,5.02,-0.82650,0.150,0.653,0.000,-0.3502,-0.2505,TRACKING,L+C+R_fused
1786998919.827,30.6,0.374,0.820,0.821,0.4564,0.0009,4.36,-0.88495,0.150,0.655,0.000,-0.3357,-0.2406,TRACKING,L+C+R_fused
1786998919.845,30.6,0.947,0.813,0.817,0.4720,-0.0005,4.82,-0.86487,0.150,0.657,0.000,-0.3735,-0.2607,TRACKING,L+C+R_fused
1786998919.865,30.6,0.375,0.809,0.811,0.4717,-0.0041,5.21,-0.83267,0.150,0.660,0.000,-0.4415,-0.3025,TRACKING,L+C+R_fused
1786998919.881,30.6,0.000,0.814,0.812,0.5123,-0.0074,5.51,-0.82724,0.150,0.662,0.000,-0.5038,-0.3442,TRACKING,R+C
1786998919.897,30.6,0.000,0.817,0.818,0.5147,-0.0101,5.79,-0.81429,0.150,0.664,0.000,-0.5528,-0.3780,TRACKING,R+C
1786998919.915,30.6,0.000,0.819,0.813,0.5161,-0.0101,6.22,-0.77910,0.150,0.665,0.000,-0.5637,-0.3886,TRACKING,R+C
1786998919.940,30.6,0.000,0.819,0.813,0.5161,-0.0081,4.97,-0.62328,0.150,0.667,0.000,-0.5637,-0.3896,TRACKING,prediction
1786998919.957,30.6,0.000,0.807,0.826,0.5121,-0.0024,5.36,-0.83361,0.150,0.669,0.000,-0.4219,-0.3078,TRACKING,R+C
1786998920.388,30.6,0.000,0.796,0.824,0.5051,0.0053,5.82,-0.81500,0.150,0.670,0.000,-0.3118,-0.2322,TRACKING,R+C
1786998920.411,30.6,0.686,0.799,0.831,0.4800,0.0117,5.86,-0.80743,0.150,0.672,0.000,-0.2048,-0.1593,TRACKING,L+C+R_fused
1786998920.427,30.9,0.891,0.801,0.835,0.5012,0.0166,5.88,-0.81460,0.150,0.673,0.000,-0.1214,-0.1004,TRACKING,L+C+R_fused
1786998920.446,30.9,0.884,0.807,0.838,0.4900,0.0189,6.07,-0.79515,0.150,0.675,0.000,-0.0855,-0.0709,TRACKING,L+C+R_fused
1786998920.466,30.9,0.670,0.804,0.843,0.4845,0.0192,6.39,-0.77562,0.150,0.676,0.000,-0.0907,-0.0695,TRACKING,L+C+R_fused
1786998920.480,30.9,0.000,0.799,0.840,0.4999,0.0201,5.98,-0.83765,0.150,0.677,0.000,-0.0686,-0.0567,TRACKING,R+C
1786998920.497,30.9,0.375,0.796,0.851,0.5120,0.0222,5.31,-0.90580,0.150,0.678,0.000,-0.0115,-0.0222,TRACKING,L+C+R_fused
1786998920.515,30.9,0.816,0.786,0.852,0.4855,0.0280,5.46,-0.90686,0.150,0.679,0.000,0.0831,0.0376,TRACKING,L+C+R_fused
1786998920.532,30.9,0.931,0.789,0.863,0.5024,0.0358,5.93,-0.86883,0.150,0.680,0.000,0.2066,0.1177,TRACKING,L+C+R_fused
1786998920.547,30.9,0.919,0.788,0.867,0.5099,0.0415,5.82,-0.90161,0.150,0.681,0.000,0.3028,0.1848,TRACKING,L+C+R_fused
1786998920.570,30.9,0.921,0.788,0.874,0.5133,0.0454,5.45,-0.97000,0.150,0.682,0.000,0.3706,0.2334,TRACKING,L+C+R_fused
1786998920.588,30.9,0.927,0.792,0.868,0.5096,0.0471,6.35,-0.90281,0.150,0.683,0.000,0.3715,0.2410,TRACKING,L+C+R_fused
1786998920.600,30.9,0.944,0.775,0.846,0.4975,0.0442,5.26,-1.06605,0.150,0.684,0.000,0.3420,0.2242,TRACKING,L+C+R_fused
1786998920.628,30.9,0.376,0.778,0.852,0.4853,0.0397,4.62,-1.15065,0.150,0.685,0.000,0.2798,0.1856,TRACKING,L+C+R_fused
1786998920.646,30.9,0.000,0.769,0.850,0.4896,0.0382,5.67,-1.11646,0.150,0.686,0.000,0.2133,0.1414,TRACKING,R+C
1786998920.660,30.9,0.000,0.774,0.847,0.4922,0.0358,6.73,-1.05206,0.150,0.686,0.000,0.1361,0.0905,TRACKING,R+C
1786998920.670,30.9,0.000,0.771,0.855,0.4914,0.0323,6.69,-1.10240,0.150,0.687,0.000,0.0666,0.0427,TRACKING,R+C
1786998925.658,2.9,0.000,0.764,0.852,0.4992,0.0277,6.41,-1.17790,0.150,0.688,0.000,-0.0168,-0.0125,TRACKING,R+C
1786998925.671,2.9,0.000,0.763,0.830,0.5056,0.0232,6.66,-1.18662,0.150,0.688,0.000,-0.1085,-0.0725,TRACKING,R+C
1786998925.687,2.9,0.000,0.759,0.822,0.5161,0.0177,5.90,-1.31128,0.150,0.689,0.000,-0.1939,-0.1299,TRACKING,R+C
1786998925.700,2.9,0.000,0.765,0.814,0.5261,0.0120,5.23,-1.40001,0.150,0.689,0.000,-0.2768,-0.1851,TRACKING,R+C
1786998925.715,2.9,0.000,0.765,0.814,0.5261,0.0096,4.18,-1.12001,0.150,0.690,0.000,-0.2768,-0.1931,TRACKING,prediction
1786998925.730,2.9,0.000,0.765,0.814,0.5261,0.0077,3.35,-0.89601,0.150,0.690,0.000,-0.2768,-0.1942,TRACKING,prediction
1786998925.741,2.9,0.000,0.758,0.798,0.5429,0.0114,7.09,-1.31880,0.150,0.691,0.000,-0.3553,-0.2385,TRACKING,R+C
1786998925.760,2.9,0.000,0.758,0.798,0.5429,0.0091,5.67,-1.05504,0.150,0.691,0.000,-0.3553,-0.2449,TRACKING,prediction
1786998925.776,2.9,0.000,0.758,0.798,0.5429,0.0073,4.54,-0.84403,0.150,0.692,0.000,-0.3553,-0.2457,TRACKING,prediction
1786998925.791,2.9,0.000,0.758,0.798,0.5429,0.0058,3.63,-0.67523,0.150,0.692,0.000,-0.3553,-0.2458,TRACKING,prediction
1786998925.804,2.9,0.000,0.743,0.796,0.5401,0.0165,6.94,-1.45527,0.150,0.693,0.000,-0.2873,-0.2083,TRACKING,R+C
1786998925.820,2.9,0.000,0.743,0.796,0.5401,0.0132,5.55,-1.16421,0.150,0.693,0.000,-0.2873,-0.2026,TRACKING,prediction
1786998925.834,2.9,0.000,0.735,0.786,0.5588,0.0071,7.87,-1.44086,0.150,0.693,0.000,-0.4764,-0.3074,TRACKING,R+C
1786998925.850,2.9,0.000,0.725,0.786,0.5721,0.0013,6.82,-1.62841,0.150,0.694,0.000,-0.5512,-0.3648,TRACKING,R+C
1786998925.877,2.9,0.000,0.724,0.777,0.5798,-0.0028,6.76,-1.71241,0.150,0.694,0.000,-0.6190,-0.4109,TRACKING,R+C
1786998925.892,2.9,0.000,0.724,0.777,0.5798,-0.0022,5.41,-1.36993,0.150,0.694,0.000,-0.6190,-0.4176,TRACKING,prediction
1786998925.907,2.9,0.000,0.736,0.774,0.5806,0.0011,8.54,-1.56090,0.150,0.695,0.000,-0.6088,-0.4127,TRACKING,R+C
1786998925.920,2.9,0.000,0.734,0.778,0.5772,0.0050,8.61,-1.59699,0.150,0.695,0.000,-0.5616,-0.3860,TRACKING,R+C
1786998925.934,2.9,0.000,0.728,0.777,0.5714,0.0076,8.07,-1.70226,0.150,0.695,0.000,-0.5193,-0.3588,TRACKING,R+C
1786998925.950,2.9,0.000,0.723,0.780,0.5697,0.0093,8.17,-1.72726,0.150,0.695,0.000,-0.5023,-0.3454,TRACKING,R+C
1786998925.964,2.9,0.000,0.726,0.784,0.5735,0.0083,8.85,-1.70887,0.150,0.696,0.000,-0.5405,-0.3646,TRACKING,R+C
1786998925.977,2.9,0.000,0.732,0.783,0.5778,0.0065,9.99,-1.60838,0.150,0.696,0.000,-0.5955,-0.3976,TRACKING,R+C
1786998925.993,2.9,0.000,0.729,0.786,0.5828,0.0039,9.08,-1.81645,0.150,0.696,0.000,-0.6285,-0.4212,TRACKING,R+C
1786998926.006,2.9,0.000,0.723,0.783,0.5871,0.0053,9.57,-1.82621,0.150,0.696,0.000,-0.6291,-0.4251,TRACKING,R+C
1786998926.020,2.9,0.000,0.723,0.785,0.5877,0.0079,10.42,-1.75774,0.150,0.696,0.000,-0.6162,-0.4184,TRACKING,R+C
1786998926.034,2.9,0.000,0.723,0.786,0.5897,0.0090,11.22,-1.68485,0.150,0.697,0.000,-0.6207,-0.4198,TRACKING,R+C
1786998926.049,2.9,0.000,0.724,0.791,0.5989,0.0080,11.50,-1.68573,0.150,0.697,0.000,-0.6446,-0.4332,TRACKING,R+C
1786998926.384,2.9,0.000,0.723,0.783,0.6088,0.0019,11.00,-1.74710,0.150,0.697,0.000,-0.7143,-0.4735,TRACKING,R+C
1786998926.398,2.9,0.000,0.713,0.787,0.6211,-0.0036,13.58,-1.52649,0.150,0.697,0.000,-0.8367,-0.5464,TRACKING,R+C
1786998926.414,2.9,0.000,0.713,0.787,0.6211,-0.0029,10.86,-1.22119,0.150,0.697,0.000,-0.8367,-0.5571,TRACKING,prediction
1786998926.430,2.9,0.000,0.725,0.789,0.6512,-0.0188,17.67,-1.09318,0.150,0.697,0.000,-1.0000,-0.6480,TRACKING,R+C
1786998926.445,2.9,0.000,0.725,0.789,0.6512,-0.0151,14.13,-0.87454,0.150,0.697,0.000,-1.0000,-0.6613,TRACKING,prediction
1786998926.459,2.9,0.000,0.725,0.789,0.6512,-0.0121,11.31,-0.69963,0.150,0.698,0.000,-1.0000,-0.6632,TRACKING,prediction
1786998926.488,2.9,0.000,0.725,0.789,0.6512,-0.0097,9.04,-0.55971,0.150,0.698,0.000,-1.0000,-0.6634,TRACKING,prediction
1786998926.502,2.9,0.000,0.756,0.794,0.6707,-0.0268,22.97,-0.44490,0.156,0.698,0.000,-1.0000,-0.6639,TRACKING,R+C
1786998926.517,2.9,0.000,0.756,0.794,0.6707,-0.0215,18.37,-0.35592,0.156,0.698,0.000,-1.0000,-0.6638,TRACKING,prediction
1786998926.532,2.9,0.000,0.741,0.777,0.6693,-0.0256,25.17,-0.14811,0.185,0.698,0.000,-0.9087,-0.6146,TRACKING,R+C
1786998926.548,2.9,0.000,0.741,0.777,0.6693,-0.0205,20.13,-0.11849,0.185,0.698,0.000,-0.9087,-0.6072,TRACKING,prediction
1786998926.563,2.9,0.000,0.741,0.777,0.6693,-0.0164,16.11,-0.09479,0.185,0.698,0.000,-0.9087,-0.6060,TRACKING,prediction
1786998926.577,2.9,0.000,0.741,0.777,0.6693,-0.0131,12.88,-0.07583,0.185,0.698,0.000,-0.9087,-0.6058,TRACKING,prediction
1786998926.593,2.9,0.000,0.741,0.777,0.6693,-0.0105,10.31,-0.06066,0.185,0.698,0.000,-0.9087,-0.6057,TRACKING,prediction
1786998926.613,2.9,0.000,0.741,0.777,0.6693,-0.0084,8.25,-0.04853,0.185,0.698,0.000,-0.9087,-0.6057,TRACKING,prediction
1786998926.628,2.9,0.000,0.741,0.777,0.6693,-0.0067,6.60,-0.03883,0.185,0.699,0.000,-0.9087,-0.6056,TRACKING,prediction
1786998926.645,2.9,0.000,0.741,0.777,0.6693,-0.0054,5.28,-0.03106,0.185,0.699,0.000,-0.9087,-0.6056,TRACKING,prediction
1786998926.662,43.8,0.000,0.741,0.777,0.6693,-0.0043,4.22,-0.02485,0.185,0.699,0.000,-0.9087,-0.6055,TRACKING,prediction
1786998926.689,43.8,0.000,0.741,0.777,0.6693,-0.0034,3.38,-0.01988,0.185,0.690,0.000,-0.9087,-0.6055,TRACKING,prediction
1786998926.704,43.8,0.000,0.741,0.777,0.6693,-0.0027,2.70,-0.01590,0.185,0.674,0.000,-0.9087,-0.6101,TRACKING,prediction
1786998926.718,43.8,0.000,0.741,0.777,0.6693,-0.0022,2.16,-0.01272,0.185,0.653,0.000,-0.9087,-0.6192,TRACKING,prediction
1786998926.734,43.8,0.000,0.741,0.777,0.6693,-0.0018,1.73,-0.01018,0.185,0.629,0.000,-0.9087,-0.6313,TRACKING,prediction
1786998927.656,43.8,0.000,0.741,0.777,0.6693,-0.0014,1.38,-0.00814,0.185,0.587,0.000,-0.9087,-0.6454,UNCERTAIN,prediction
1786998927.671,5.9,0.000,0.801,0.753,0.6625,-0.1040,14.21,0.02060,0.198,0.593,0.000,-1.0000,-0.7245,TRACKING,R+C
1786998927.687,5.9,0.000,0.801,0.753,0.6625,-0.0832,11.37,0.01648,0.198,0.598,0.000,-1.0000,-0.7328,TRACKING,prediction
1786998927.704,5.9,0.000,0.801,0.753,0.6625,-0.0666,9.09,0.01318,0.198,0.603,0.000,-1.0000,-0.7311,TRACKING,prediction
1786998927.733,5.9,0.000,0.801,0.753,0.6625,-0.0532,7.28,0.01055,0.198,0.608,0.000,-1.0000,-0.7280,TRACKING,prediction
1786998927.747,5.9,0.000,0.801,0.753,0.6625,-0.0426,5.82,0.00844,0.198,0.613,0.000,-1.0000,-0.7248,TRACKING,prediction
1786998927.768,5.9,0.000,0.801,0.753,0.6625,-0.0341,4.66,0.00675,0.198,0.617,0.000,-1.0000,-0.7217,TRACKING,prediction
1786998927.784,5.9,0.000,0.801,0.753,0.6625,-0.0273,3.73,0.00540,0.198,0.621,0.000,-1.0000,-0.7188,TRACKING,prediction
1786998927.801,5.9,0.000,0.801,0.753,0.6625,-0.0218,2.98,0.00432,0.198,0.625,0.000,-1.0000,-0.7161,TRACKING,prediction
1786998927.825,5.9,0.000,0.801,0.753,0.6625,-0.0174,2.38,0.00346,0.198,0.629,0.000,-1.0000,-0.7135,TRACKING,prediction
1786998928.217,5.9,0.000,0.783,0.798,0.5833,-0.0866,5.82,-0.14990,0.185,0.633,0.000,-0.9934,-0.7035,TRACKING,R+C
1786998928.229,5.9,0.000,0.760,0.804,0.5752,-0.0822,3.98,-0.29105,0.171,0.636,0.000,-1.0000,-0.7038,TRACKING,R+C
1786998928.245,5.9,0.000,0.768,0.811,0.5666,-0.0761,3.72,-0.27116,0.173,0.639,0.000,-0.9831,-0.6917,TRACKING,R+C
1786998928.258,5.9,0.000,0.761,0.815,0.5596,-0.0695,2.93,-0.31369,0.169,0.642,0.000,-0.9549,-0.6714,TRACKING,R+C
1786998928.272,5.9,0.000,0.752,0.823,0.5513,-0.0628,1.68,-0.39939,0.160,0.645,0.000,-0.9087,-0.6396,TRACKING,R+C
1786998928.299,5.9,0.375,0.733,0.825,0.4427,-0.0582,-0.84,-0.59422,0.150,0.648,0.000,-0.9055,-0.6309,TRACKING,L+C+R_fused
1786998928.312,5.9,0.000,0.740,0.840,0.5342,-0.0516,-1.44,-0.60848,0.150,0.650,0.000,-0.8222,-0.5798,TRACKING,R+C
1786998928.325,5.9,0.000,0.743,0.845,0.5274,-0.0443,-1.02,-0.57759,0.150,0.653,0.000,-0.7457,-0.5265,TRACKING,R+C
1786998928.338,5.9,0.000,0.744,0.849,0.5210,-0.0406,-1.98,-0.66837,0.150,0.655,0.000,-0.6801,-0.4796,TRACKING,R+C
1786998928.355,5.9,0.000,0.726,0.856,0.5129,-0.0408,-4.50,-0.91581,0.150,0.658,0.000,-0.6334,-0.4450,TRACKING,R+C
1786998928.370,5.9,0.000,0.739,0.862,0.5134,-0.0409,-4.25,-0.89113,0.150,0.660,0.000,-0.6398,-0.4427,TRACKING,R+C
1786998928.383,5.9,0.000,0.734,0.863,0.5110,-0.0428,-6.17,-1.06376,0.150,0.662,0.000,-0.6257,-0.4337,TRACKING,R+C
1786998928.401,5.9,0.370,0.743,0.862,0.4698,-0.0407,-5.86,-1.06733,0.150,0.664,0.000,-0.6076,-0.4212,TRACKING,L+C+R_fused
1786998928.418,5.9,0.627,0.732,0.861,0.4652,-0.0352,-5.88,-1.11023,0.150,0.665,0.000,-0.5352,-0.3772,TRACKING,L+C+R_fused
1786998928.447,5.9,0.833,0.731,0.869,0.5013,-0.0267,-6.35,-1.17656,0.150,0.667,0.000,-0.3969,-0.2906,TRACKING,L+C+R_fused
1786998928.461,5.9,0.871,0.736,0.869,0.4889,-0.0182,-6.64,-1.23682,0.150,0.669,0.000,-0.2552,-0.1959,TRACKING,L+C+R_fused
1786998928.476,5.9,0.933,0.744,0.879,0.5012,-0.0105,-6.99,-1.30743,0.150,0.670,0.000,-0.1188,-0.1032,TRACKING,L+C+R_fused
1786998928.490,5.9,0.937,0.755,0.880,0.5009,-0.0070,-7.83,-1.40247,0.150,0.672,0.000,-0.0385,-0.0433,TRACKING,L+C+R_fused
1786998928.505,5.9,0.938,0.755,0.887,0.4956,-0.0027,-7.32,-1.42893,0.150,0.673,0.000,0.0111,-0.0060,TRACKING,L+C+R_fused
1786998928.535,5.9,0.933,0.753,0.885,0.4908,0.0031,-6.59,-1.44772,0.150,0.675,0.000,0.0788,0.0386,TRACKING,L+C+R_fused
1786998928.552,5.9,0.930,0.753,0.887,0.4978,0.0101,-6.15,-1.48371,0.150,0.676,0.000,0.1763,0.1013,TRACKING,L+C+R_fused
1786998928.578,5.9,0.927,0.749,0.877,0.5034,0.0197,-6.22,-1.58638,0.150,0.677,0.000,0.3242,0.1956,TRACKING,L+C+R_fused
1786998928.593,5.9,0.913,0.748,0.672,0.4998,0.0300,-5.82,-1.64419,0.150,0.678,0.000,0.4633,0.2896,TRACKING,L+C+R_fused
1786998928.607,5.9,0.909,0.753,0.606,0.5585,0.0393,-5.14,-1.66491,0.150,0.679,0.000,0.5738,0.3670,TRACKING,L+C+R_fused
1786998928.638,5.9,0.909,0.757,0.367,0.5255,0.0498,-2.93,-1.59651,0.150,0.680,0.000,0.6537,0.4242,TRACKING,L+C+R_fused
1786998928.654,5.9,0.921,0.759,0.372,0.4794,0.0556,-1.72,-1.59453,0.150,0.681,0.000,0.6904,0.4530,TRACKING,L+C+R_fused
1786998928.669,5.9,0.933,0.758,0.362,0.5426,0.0575,-0.94,-1.62020,0.150,0.682,0.000,0.6873,0.4548,TRACKING,L+C+R_fused
1786998928.683,35.6,0.939,0.753,0.367,0.5174,0.0583,-0.00,-1.63310,0.150,0.683,0.000,0.6643,0.4409,TRACKING,L+C+R_fused
1786998928.706,35.6,0.722,0.756,0.367,0.5331,0.0591,1.93,-1.52071,0.150,0.684,0.000,0.6253,0.4160,TRACKING,L+C+R_fused
1786998928.719,35.6,0.000,0.750,0.373,0.4255,0.0574,0.10,-1.77467,0.150,0.685,0.000,0.6300,0.4138,TRACKING,R+C
1786998928.734,35.6,0.000,0.743,0.373,0.4279,0.0611,1.98,-1.69592,0.150,0.686,0.000,0.6269,0.4113,TRACKING,R+C
1786998928.749,35.6,0.000,0.749,0.332,0.4461,0.0654,4.35,-1.51951,0.150,0.686,0.000,0.6264,0.4106,TRACKING,R+C
1786998928.763,35.6,0.000,0.749,0.332,0.4461,0.0523,3.48,-1.21561,0.150,0.687,0.000,0.6264,0.4102,TRACKING,prediction
1786998928.777,35.6,0.000,0.749,0.332,0.4461,0.0418,2.79,-0.97249,0.150,0.686,0.000,0.6264,0.4099,TRACKING,prediction
1786998928.789,35.6,0.000,0.741,0.632,0.5551,0.0620,5.06,-1.67340,0.150,0.686,0.000,0.5300,0.3532,TRACKING,R+C
1786998928.810,35.6,0.000,0.740,0.373,0.4798,0.0583,5.73,-1.65786,0.150,0.687,0.000,0.4494,0.2983,TRACKING,R+C
1786998928.828,35.6,0.000,0.742,0.373,0.4763,0.0564,8.40,-1.48064,0.150,0.688,0.000,0.3350,0.2243,TRACKING,R+C
1786998928.840,35.6,0.000,0.740,0.592,0.4969,0.0523,10.25,-1.33758,0.150,0.688,0.000,0.2054,0.1391,TRACKING,R+C
1786998928.870,35.6,0.000,0.738,0.271,0.7869,0.0468,11.12,-1.31185,0.150,0.689,0.000,0.0734,0.0507,TRACKING,R+C
1786998928.889,35.6,0.000,0.736,0.372,0.5299,0.0403,11.33,-1.34928,0.150,0.690,0.000,-0.0602,-0.0387,TRACKING,R+C
1786998928.902,35.6,0.000,0.740,0.366,0.4895,0.0339,12.04,-1.30677,0.150,0.690,0.000,-0.2001,-0.1304,TRACKING,R+C
1786998928.924,35.6,0.000,0.742,0.282,0.6683,0.0283,13.46,-1.17836,0.150,0.691,0.000,-0.3370,-0.2203,TRACKING,R+C
1786998928.938,35.6,0.000,0.741,0.732,0.5921,0.0221,14.77,-1.06140,0.150,0.691,0.000,-0.4739,-0.3097,TRACKING,R+C
1786998928.952,35.6,0.000,0.741,0.836,0.5927,0.0142,15.46,-1.01734,0.150,0.691,0.000,-0.6107,-0.3988,TRACKING,R+C
1786998928.966,35.6,0.000,0.745,0.838,0.6170,0.0057,15.85,-0.97807,0.150,0.692,0.000,-0.7313,-0.4786,TRACKING,R+C
1786998928.981,35.6,0.000,0.745,0.838,0.6170,0.0046,12.68,-0.78246,0.150,0.692,0.000,-0.7313,-0.4902,TRACKING,prediction
1786998929.010,35.6,0.000,0.745,0.838,0.6170,0.0036,10.14,-0.62597,0.150,0.693,0.000,-0.7313,-0.4918,TRACKING,prediction
1786998929.023,35.6,0.000,0.745,0.838,0.6170,0.0029,8.11,-0.50077,0.150,0.693,0.000,-0.7313,-0.4919,TRACKING,prediction
1786998929.036,35.6,0.000,0.745,0.838,0.6170,0.0023,6.49,-0.40062,0.150,0.693,0.000,-0.7313,-0.4917,TRACKING,prediction
1786998929.051,35.6,0.000,0.745,0.838,0.6170,0.0019,5.19,-0.32049,0.150,0.694,0.000,-0.7313,-0.4916,TRACKING,prediction
1786998929.066,35.6,0.000,0.745,0.838,0.6170,0.0015,4.15,-0.25640,0.150,0.694,0.000,-0.7313,-0.4914,TRACKING,prediction
1786998929.086,35.6,0.000,0.745,0.838,0.6170,0.0012,3.32,-0.20512,0.150,0.694,0.000,-0.7313,-0.4912,TRACKING,prediction
1786998929.102,35.6,0.000,0.745,0.838,0.6170,0.0010,2.66,-0.16409,0.150,0.695,0.000,-0.7313,-0.4911,TRACKING,prediction
1786998929.116,35.6,0.000,0.745,0.838,0.6170,0.0008,2.13,-0.13127,0.150,0.695,0.000,-0.7313,-0.4910,TRACKING,prediction
1786998929.131,35.6,0.000,0.745,0.838,0.6170,0.0006,1.70,-0.10502,0.150,0.685,0.000,-0.7313,-0.4909,TRACKING,prediction
1786998929.151,35.6,0.000,0.745,0.838,0.6170,0.0005,1.36,-0.08402,0.150,0.669,0.000,-0.7313,-0.4948,TRACKING,prediction
1786998929.167,35.6,0.000,0.745,0.838,0.6170,0.0004,1.09,-0.06721,0.150,0.648,0.000,-0.7313,-0.5025,TRACKING,prediction
1786998929.182,35.6,0.000,0.745,0.838,0.6170,0.0003,0.87,-0.05377,0.150,0.624,0.000,-0.7313,-0.5125,TRACKING,prediction
1786998929.212,35.6,0.000,0.745,0.838,0.6170,0.0003,0.70,-0.04302,0.150,0.584,0.000,-0.7313,-0.5240,UNCERTAIN,prediction
1786998930.946,14.1,0.000,0.745,0.838,0.6170,0.0002,0.56,-0.03441,0.150,0.463,0.000,-0.7313,-0.5427,PREDICTING,prediction
1786998930.961,14.1,0.000,0.745,0.838,0.6170,0.0002,0.45,-0.02753,0.150,0.378,0.000,-0.7313,-0.5964,PREDICTING,prediction
1786998930.979,14.1,0.000,0.745,0.838,0.6170,0.0001,0.36,-0.02202,0.150,0.319,0.000,-0.7313,-0.6396,PREDICTING,prediction
1786998930.995,14.1,0.000,0.745,0.838,0.6170,0.0001,0.29,-0.01762,0.150,0.277,0.000,-0.7313,-0.6706,PREDICTING,prediction
1786998931.009,14.1,0.000,0.745,0.838,0.6170,0.0001,0.23,-0.01410,0.150,0.248,0.000,-0.7313,-0.6923,PREDICTING,prediction
1786998931.023,14.1,0.000,0.745,0.838,0.6170,0.0001,0.18,-0.01128,0.150,0.228,0.000,-0.7313,-0.7075,PREDICTING,prediction
1786998931.052,14.1,0.000,0.745,0.838,0.6170,0.0001,0.15,-0.00902,0.150,0.213,0.000,-0.7313,-0.7181,PREDICTING,prediction
1786998931.079,14.1,0.000,0.745,0.838,0.6170,0.0000,0.12,-0.00722,0.150,0.203,0.000,-0.7313,-0.7255,PREDICTING,prediction
1786998931.094,14.1,0.000,0.745,0.838,0.6170,0.0000,0.09,-0.00577,0.150,0.196,0.000,-0.7313,-0.7307,PREDICTING,prediction
1786998931.109,14.1,0.000,0.745,0.838,0.6170,0.0000,0.07,-0.00462,0.150,0.191,0.000,-0.7313,-0.7343,PREDICTING,prediction
1786998931.128,14.1,0.000,0.745,0.838,0.6170,0.0000,0.06,-0.00370,0.150,0.188,0.000,-0.7313,-0.7369,PREDICTING,prediction
1786998931.141,14.1,0.000,0.832,0.785,0.6528,-0.1272,10.13,-0.74214,0.150,0.214,0.000,-1.0000,-0.9579,TRACKING,R+C
1786998931.154,14.1,0.000,0.826,0.782,0.6456,-0.1269,9.36,-0.76803,0.150,0.238,0.000,-1.0000,-0.9760,TRACKING,R+C
1786998931.169,14.1,0.000,0.826,0.782,0.6456,-0.1015,7.49,-0.61443,0.150,0.261,0.000,-1.0000,-0.9658,TRACKING,prediction
1786998931.184,14.1,0.000,0.826,0.782,0.6456,-0.0812,5.99,-0.49154,0.150,0.283,0.000,-1.0000,-0.9520,TRACKING,prediction
1786998931.199,14.1,0.000,0.826,0.782,0.6456,-0.0650,4.79,-0.39323,0.150,0.304,0.000,-1.0000,-0.9382,TRACKING,prediction
1786998931.217,14.1,0.000,0.826,0.782,0.6456,-0.0520,3.83,-0.31459,0.150,0.324,0.000,-1.0000,-0.9250,TRACKING,prediction
1786998931.233,14.1,0.000,0.826,0.782,0.6456,-0.0416,3.07,-0.25167,0.150,0.342,0.000,-1.0000,-0.9124,TRACKING,prediction
1786998931.250,14.1,0.000,0.826,0.782,0.6456,-0.0333,2.45,-0.20134,0.150,0.360,0.000,-1.0000,-0.9004,TRACKING,prediction
1786998931.268,14.1,0.000,0.826,0.782,0.6456,-0.0266,1.96,-0.16107,0.150,0.377,0.000,-1.0000,-0.8890,TRACKING,prediction
1786998931.297,14.1,0.000,0.826,0.782,0.6456,-0.0213,1.57,-0.12885,0.150,0.393,0.000,-1.0000,-0.8781,TRACKING,prediction
1786998931.311,14.1,0.000,0.826,0.782,0.6456,-0.0170,1.26,-0.10308,0.150,0.409,0.000,-1.0000,-0.8677,TRACKING,prediction
1786998931.336,14.1,0.000,0.826,0.782,0.6456,-0.0136,1.00,-0.08247,0.150,0.422,0.000,-1.0000,-0.8578,TRACKING,prediction
1786998931.351,14.1,0.000,0.836,0.813,0.5833,-0.0989,6.22,-0.67418,0.150,0.436,0.000,-1.0000,-0.8467,TRACKING,R+C
1786998931.370,14.1,0.000,0.836,0.813,0.5833,-0.0791,4.97,-0.53935,0.150,0.449,0.000,-1.0000,-0.8377,TRACKING,prediction
1786998931.384,14.1,0.000,0.850,0.822,0.5763,-0.0985,5.74,-0.65371,0.150,0.462,0.000,-1.0000,-0.8289,TRACKING,R+C
1786998931.399,14.1,0.000,0.850,0.822,0.5763,-0.0788,4.59,-0.52297,0.150,0.474,0.000,-1.0000,-0.8207,TRACKING,prediction
1786998931.427,14.1,0.000,0.846,0.817,0.5792,-0.1070,5.67,-0.60176,0.150,0.485,0.000,-1.0000,-0.8132,TRACKING,R+C
1786998931.442,14.1,0.000,0.846,0.817,0.5792,-0.0856,4.53,-0.48141,0.150,0.496,0.000,-1.0000,-0.8058,TRACKING,prediction
1786998931.456,14.1,0.000,0.846,0.817,0.5792,-0.0685,3.63,-0.38513,0.150,0.506,0.000,-1.0000,-0.7987,TRACKING,prediction
1786998931.470,14.1,0.000,0.846,0.817,0.5792,-0.0548,2.90,-0.30810,0.150,0.516,0.000,-1.0000,-0.7920,TRACKING,prediction
1786998931.488,14.1,0.000,0.846,0.817,0.5792,-0.0438,2.32,-0.24648,0.150,0.525,0.000,-1.0000,-0.7856,TRACKING,prediction
1786998931.503,14.1,0.000,0.846,0.817,0.5792,-0.0351,1.86,-0.19718,0.150,0.534,0.000,-1.0000,-0.7795,TRACKING,prediction
1786998931.519,14.1,0.000,0.846,0.817,0.5792,-0.0280,1.49,-0.15775,0.150,0.542,0.000,-1.0000,-0.7737,TRACKING,prediction
1786998931.532,14.1,0.000,0.866,0.792,0.5854,-0.1513,4.31,-0.69262,0.150,0.550,0.000,-1.0000,-0.7711,TRACKING,R+C
1786998931.556,14.1,0.000,0.866,0.792,0.5854,-0.1210,3.45,-0.55409,0.150,0.557,0.000,-1.0000,-0.7659,TRACKING,prediction
1786998931.580,14.1,0.000,0.866,0.792,0.5854,-0.0968,2.76,-0.44328,0.150,0.564,0.000,-1.0000,-0.7610,TRACKING,prediction
1786998931.609,14.1,0.000,0.866,0.792,0.5854,-0.0774,2.20,-0.35462,0.150,0.571,0.000,-1.0000,-0.7563,TRACKING,prediction
1786998931.625,14.1,0.000,0.866,0.792,0.5854,-0.0620,1.76,-0.28370,0.150,0.578,0.000,-1.0000,-0.7518,TRACKING,prediction
1786998931.642,14.1,0.000,0.866,0.792,0.5854,-0.0496,1.41,-0.22696,0.150,0.584,0.000,-1.0000,-0.7475,TRACKING,prediction
1786998931.657,14.1,0.000,0.864,0.795,0.5609,-0.1460,3.64,-0.55032,0.150,0.590,0.000,-1.0000,-0.7425,TRACKING,R+C
1786998933.873,14.0,0.000,0.862,0.797,0.5596,-0.1426,3.26,-0.56544,0.150,0.595,0.000,-1.0000,-0.7383,TRACKING,R+C
1786998933.886,14.0,0.000,0.865,0.802,0.5555,-0.1409,1.19,-0.72838,0.150,0.600,0.000,-1.0000,-0.7343,TRACKING,R+C
1786998933.906,14.0,0.000,0.853,0.805,0.5518,-0.1354,1.73,-0.66935,0.150,0.605,0.000,-1.0000,-0.7304,TRACKING,R+C
1786998933.923,14.0,0.000,0.853,0.805,0.5518,-0.1083,1.38,-0.53548,0.150,0.610,0.000,-1.0000,-0.7271,TRACKING,prediction
1786998933.946,14.0,0.000,0.853,0.805,0.5518,-0.0866,1.11,-0.42838,0.150,0.615,0.000,-1.0000,-0.7240,TRACKING,prediction
1786998933.961,14.0,0.000,0.841,0.819,0.5426,-0.1192,1.18,-0.63067,0.150,0.619,0.000,-1.0000,-0.7194,TRACKING,R+C
1786998933.977,14.0,0.000,0.841,0.819,0.5426,-0.0953,0.94,-0.50453,0.150,0.623,0.000,-1.0000,-0.7166,TRACKING,prediction
1786998934.003,14.0,0.000,0.841,0.819,0.5426,-0.0763,0.75,-0.40363,0.150,0.627,0.000,-1.0000,-0.7139,TRACKING,prediction
1786998934.018,14.0,0.000,0.843,0.825,0.5433,-0.1079,0.58,-0.60126,0.150,0.630,0.000,-1.0000,-0.7101,TRACKING,R+C
1786998934.034,14.0,0.000,0.851,0.824,0.5406,-0.1091,-0.07,-0.64828,0.150,0.634,0.000,-1.0000,-0.7077,TRACKING,R+C
1786998934.059,14.0,0.000,0.851,0.824,0.5406,-0.0873,-0.06,-0.51862,0.150,0.637,0.000,-1.0000,-0.7054,TRACKING,prediction
1786998934.086,14.0,0.000,0.851,0.824,0.5406,-0.0698,-0.05,-0.41490,0.150,0.640,0.000,-1.0000,-0.7032,TRACKING,prediction
1786998934.099,14.0,0.000,0.852,0.818,0.5433,-0.1210,0.83,-0.60900,0.150,0.643,0.000,-1.0000,-0.7022,TRACKING,R+C
1786998934.115,14.0,0.000,0.852,0.818,0.5433,-0.0968,0.66,-0.48720,0.150,0.646,0.000,-1.0000,-0.7002,TRACKING,prediction
1786998934.131,14.0,0.000,0.852,0.818,0.5433,-0.0775,0.53,-0.38976,0.150,0.649,0.000,-1.0000,-0.6983,TRACKING,prediction
1786998934.148,14.0,0.000,0.867,0.818,0.5454,-0.1300,1.31,-0.56695,0.150,0.651,0.000,-1.0000,-0.6972,TRACKING,R+C
1786998934.161,14.0,0.000,0.871,0.818,0.5407,-0.1295,0.88,-0.60751,0.150,0.654,0.000,-1.0000,-0.6955,TRACKING,R+C
1786998934.176,14.0,0.000,0.871,0.818,0.5407,-0.1036,0.71,-0.48601,0.150,0.656,0.000,-1.0000,-0.6938,TRACKING,prediction
1786998934.190,14.0,0.000,0.851,0.822,0.5333,-0.1218,0.32,-0.63792,0.150,0.658,0.000,-1.0000,-0.6916,TRACKING,R+C
1786998934.203,14.0,0.000,0.855,0.818,0.5305,-0.1186,-0.08,-0.66860,0.150,0.660,0.000,-1.0000,-0.6898,TRACKING,R+C
1786998934.221,14.0,0.000,0.853,0.823,0.5306,-0.1185,-0.95,-0.74474,0.150,0.662,0.000,-1.0000,-0.6883,TRACKING,R+C
1786998934.236,14.0,0.000,0.853,0.825,0.5289,-0.1187,-0.23,-0.69394,0.150,0.664,0.000,-1.0000,-0.6871,TRACKING,R+C
1786998934.251,14.0,0.000,0.861,0.825,0.5277,-0.1209,-0.50,-0.72555,0.150,0.666,0.000,-1.0000,-0.6860,TRACKING,R+C
1786998934.268,14.0,0.000,0.857,0.827,0.5258,-0.1227,-0.93,-0.75816,0.150,0.668,0.000,-1.0000,-0.6850,TRACKING,R+C
1786998934.557,14.0,0.000,0.857,0.830,0.5230,-0.1220,-1.16,-0.78025,0.150,0.669,0.000,-1.0000,-0.6837,TRACKING,R+C
1786998934.572,14.0,0.000,0.836,0.829,0.5216,-0.1193,-2.39,-0.87792,0.150,0.671,0.000,-1.0000,-0.6823,TRACKING,R+C
1786998934.586,14.0,0.000,0.831,0.827,0.5254,-0.1134,-2.32,-0.85567,0.150,0.672,0.000,-1.0000,-0.6808,TRACKING,R+C
1786998934.596,14.0,0.000,0.839,0.831,0.5265,-0.1084,-1.74,-0.78774,0.150,0.674,0.000,-1.0000,-0.6794,TRACKING,R+C
1786998934.619,14.0,0.000,0.835,0.834,0.5277,-0.1040,-1.39,-0.74771,0.150,0.675,0.000,-1.0000,-0.6781,TRACKING,R+C
1786998934.634,14.0,0.000,0.822,0.838,0.5289,-0.1018,-2.76,-0.85319,0.150,0.676,0.000,-1.0000,-0.6769,TRACKING,R+C
1786998934.646,14.0,0.000,0.828,0.841,0.5297,-0.0971,-2.30,-0.80514,0.150,0.677,0.000,-1.0000,-0.6757,TRACKING,R+C
1786998934.674,14.0,0.000,0.821,0.843,0.5291,-0.0912,-2.44,-0.80987,0.150,0.679,0.000,-1.0000,-0.6744,TRACKING,R+C
1786998934.694,14.0,0.000,0.817,0.850,0.5296,-0.0844,-2.15,-0.76399,0.150,0.680,0.000,-1.0000,-0.6730,TRACKING,R+C
1786998934.708,14.0,0.000,0.809,0.853,0.5294,-0.0776,-2.48,-0.77510,0.150,0.681,0.000,-1.0000,-0.6717,TRACKING,R+C
1786998934.723,14.0,0.000,0.800,0.862,0.5240,-0.0673,-1.43,-0.72007,0.150,0.682,0.000,-0.9896,-0.6646,TRACKING,R+C
1786998934.749,14.0,0.000,0.801,0.866,0.5176,-0.0595,-1.98,-0.77009,0.150,0.683,0.000,-0.9081,-0.6174,TRACKING,R+C
1786998934.773,14.0,0.000,0.809,0.875,0.5138,-0.0529,-2.31,-0.80761,0.150,0.683,0.000,-0.8354,-0.5692,TRACKING,R+C
1786998934.795,14.0,0.000,0.803,0.866,0.5096,-0.0455,-1.59,-0.77330,0.150,0.684,0.000,-0.7672,-0.5233,TRACKING,R+C
1786998934.808,14.0,0.000,0.812,0.877,0.5061,-0.0401,-1.31,-0.76615,0.150,0.685,0.000,-0.7092,-0.4836,TRACKING,R+C
1786998934.820,14.0,0.000,0.818,0.876,0.5018,-0.0357,-0.97,-0.75715,0.150,0.686,0.000,-0.6616,-0.4506,TRACKING,R+C
1786998934.834,14.0,0.000,0.812,0.883,0.4970,-0.0301,-1.30,-0.80698,0.150,0.687,0.000,-0.5807,-0.4000,TRACKING,R+C
1786998934.847,14.0,0.000,0.812,0.882,0.4899,-0.0231,-0.99,-0.81549,0.150,0.687,0.000,-0.4898,-0.3412,TRACKING,R+C
1786998934.860,14.0,0.000,0.814,0.877,0.4859,-0.0172,-0.36,-0.78932,0.150,0.688,0.000,-0.4186,-0.2922,TRACKING,R+C
1786998934.884,42.5,0.000,0.816,0.877,0.4886,-0.0143,0.32,-0.75172,0.150,0.688,0.000,-0.3934,-0.2706,TRACKING,R+C
1786998934.899,42.5,0.000,0.818,0.878,0.4895,-0.0149,0.82,-0.73356,0.150,0.689,0.000,-0.4209,-0.2828,TRACKING,R+C
1786998934.912,42.5,0.000,0.812,0.877,0.5004,-0.0167,1.26,-0.70925,0.150,0.690,0.000,-0.4617,-0.3074,TRACKING,R+C
1786998934.924,42.5,0.000,0.792,0.872,0.5024,-0.0209,-0.19,-0.89145,0.150,0.690,0.000,-0.4986,-0.3321,TRACKING,R+C
1786998934.939,42.5,0.000,0.793,0.876,0.5063,-0.0246,-0.79,-0.98838,0.150,0.691,0.000,-0.5462,-0.3625,TRACKING,R+C
1786998934.953,42.5,0.000,0.798,0.864,0.5090,-0.0269,-0.41,-0.98032,0.150,0.691,0.000,-0.5925,-0.3928,TRACKING,R+C
1786998934.975,42.5,0.000,0.797,0.866,0.5140,-0.0274,1.15,-0.87818,0.150,0.692,0.000,-0.6380,-0.4225,TRACKING,R+C
1786998934.989,42.5,0.000,0.788,0.859,0.5159,-0.0306,0.27,-1.00438,0.150,0.692,0.000,-0.6692,-0.4444,TRACKING,R+C
1786998935.001,42.5,0.000,0.801,0.848,0.5184,-0.0294,1.53,-0.88909,0.150,0.692,0.000,-0.6799,-0.4533,TRACKING,R+C
1786998935.022,42.5,0.000,0.786,0.863,0.5147,-0.0288,0.42,-1.04904,0.150,0.693,0.000,-0.6564,-0.4417,TRACKING,R+C
1786998935.036,42.5,0.000,0.782,0.847,0.5160,-0.0246,0.69,-1.06302,0.150,0.693,0.000,-0.6102,-0.4142,TRACKING,R+C
1786998935.052,42.5,0.000,0.785,0.852,0.5138,-0.0193,1.06,-1.03693,0.150,0.693,0.000,-0.5445,-0.3733,TRACKING,R+C
1786998935.067,42.5,0.000,0.788,0.849,0.5114,-0.0144,1.09,-1.07051,0.150,0.694,0.000,-0.4776,-0.3299,TRACKING,R+C
1786998935.079,42.5,0.000,0.786,0.854,0.5075,-0.0120,1.98,-1.02353,0.150,0.694,0.000,-0.4675,-0.3178,TRACKING,R+C
1786998935.093,42.5,0.000,0.784,0.854,0.5111,-0.0130,2.02,-1.04040,0.150,0.694,0.000,-0.4877,-0.3273,TRACKING,R+C
1786998935.110,42.5,0.000,0.783,0.857,0.5169,-0.0160,2.18,-1.05394,0.150,0.695,0.000,-0.5401,-0.3579,TRACKING,R+C
1786998935.122,42.5,0.000,0.779,0.851,0.5233,-0.0198,2.77,-1.02971,0.150,0.695,0.000,-0.6117,-0.4022,TRACKING,R+C
1786998935.136,42.5,0.000,0.778,0.858,0.5299,-0.0243,2.92,-1.05915,0.150,0.695,0.000,-0.6817,-0.4477,TRACKING,R+C
1786998935.150,42.5,0.000,0.785,0.849,0.5343,-0.0298,2.86,-1.07997,0.150,0.695,0.000,-0.7517,-0.4932,TRACKING,R+C
1786998935.164,42.5,0.000,0.785,0.834,0.5383,-0.0363,1.45,-1.26612,0.150,0.696,0.000,-0.8081,-0.5313,TRACKING,R+C
1786998935.179,42.5,0.000,0.780,0.830,0.5476,-0.0386,2.87,-1.20015,0.150,0.696,0.000,-0.8661,-0.5689,TRACKING,R+C
1786998935.195,42.5,0.000,0.780,0.830,0.5476,-0.0309,2.30,-0.96012,0.150,0.696,0.000,-0.8661,-0.5743,TRACKING,prediction
1786998935.216,42.5,0.000,0.781,0.809,0.5645,-0.0475,4.00,-1.17157,0.150,0.696,0.000,-0.9775,-0.6366,TRACKING,R+C
1786998935.231,42.5,0.000,0.781,0.809,0.5645,-0.0380,3.20,-0.93725,0.150,0.696,0.000,-0.9775,-0.6456,TRACKING,prediction
1786998935.256,42.5,0.000,0.781,0.809,0.5645,-0.0304,2.56,-0.74980,0.150,0.697,0.000,-0.9775,-0.6469,TRACKING,prediction
1786998935.270,42.5,0.000,0.781,0.809,0.5645,-0.0243,2.05,-0.59984,0.150,0.697,0.000,-0.9775,-0.6470,TRACKING,prediction
1786998935.284,42.5,0.000,0.781,0.809,0.5645,-0.0195,1.64,-0.47987,0.150,0.697,0.000,-0.9775,-0.6469,TRACKING,prediction
1786998935.298,42.5,0.000,0.781,0.809,0.5645,-0.0156,1.31,-0.38390,0.150,0.697,0.000,-0.9775,-0.6468,TRACKING,prediction
1786998935.314,42.5,0.000,0.781,0.809,0.5645,-0.0125,1.05,-0.30712,0.150,0.697,0.000,-0.9775,-0.6467,TRACKING,prediction
1786998935.334,42.5,0.000,0.808,0.786,0.5962,-0.0758,6.07,-1.21678,0.150,0.697,0.000,-1.0000,-0.6620,TRACKING,R+C
1786998935.349,42.5,0.000,0.805,0.782,0.5978,-0.0741,6.08,-1.24223,0.150,0.698,0.000,-1.0000,-0.6636,TRACKING,R+C
1786998935.365,42.5,0.000,0.805,0.782,0.5978,-0.0593,4.86,-0.99379,0.150,0.698,0.000,-1.0000,-0.6638,TRACKING,prediction
1786998935.379,42.5,0.000,0.805,0.782,0.5978,-0.0474,3.89,-0.79503,0.150,0.698,0.000,-1.0000,-0.6638,TRACKING,prediction
1786998935.406,42.5,0.000,0.805,0.782,0.5978,-0.0379,3.11,-0.63602,0.150,0.698,0.000,-1.0000,-0.6637,TRACKING,prediction
1786998935.421,42.5,0.000,0.801,0.780,0.6151,-0.0842,7.36,-1.25090,0.150,0.698,0.000,-1.0000,-0.6649,TRACKING,R+C
1786998935.436,42.5,0.000,0.806,0.780,0.6190,-0.0854,8.59,-1.10012,0.150,0.698,0.000,-1.0000,-0.6649,TRACKING,R+C
1786998935.457,42.5,0.000,0.806,0.782,0.6211,-0.0842,8.60,-1.12207,0.150,0.698,0.000,-1.0000,-0.6649,TRACKING,R+C
1786998935.470,42.5,0.000,0.804,0.789,0.6187,-0.0820,8.59,-1.12357,0.150,0.698,0.000,-1.0000,-0.6646,TRACKING,R+C
1786998935.481,42.5,0.000,0.803,0.691,0.6086,-0.0830,7.51,-1.27616,0.150,0.698,0.000,-1.0000,-0.6647,TRACKING,R+C
1786998935.497,42.5,0.000,0.794,0.691,0.6103,-0.0832,7.58,-1.38802,0.150,0.698,0.000,-1.0000,-0.6651,TRACKING,R+C
1786998935.509,42.5,0.000,0.798,0.687,0.6105,-0.0861,7.63,-1.44494,0.150,0.699,0.000,-1.0000,-0.6654,TRACKING,R+C
1786998935.527,42.5,0.000,0.802,0.685,0.6157,-0.0891,8.54,-1.37808,0.150,0.699,0.000,-1.0000,-0.6658,TRACKING,R+C
1786998935.540,42.5,0.000,0.807,0.680,0.6269,-0.0915,8.89,-1.37510,0.150,0.699,0.000,-1.0000,-0.6660,TRACKING,R+C
1786998935.567,42.5,0.000,0.807,0.680,0.6269,-0.0732,7.11,-1.10008,0.150,0.699,0.000,-1.0000,-0.6660,TRACKING,prediction
1786998935.592,42.5,0.000,0.807,0.680,0.6269,-0.0586,5.69,-0.88007,0.150,0.699,0.000,-1.0000,-0.6659,TRACKING,prediction
1786998935.608,42.5,0.000,0.807,0.680,0.6269,-0.0469,4.55,-0.70405,0.150,0.699,0.000,-1.0000,-0.6659,TRACKING,prediction
1786998935.638,42.5,0.000,0.807,0.680,0.6269,-0.0375,3.64,-0.56324,0.150,0.699,0.000,-1.0000,-0.6659,TRACKING,prediction
1786998935.668,42.5,0.000,0.807,0.680,0.6269,-0.0300,2.91,-0.45059,0.150,0.699,0.000,-1.0000,-0.6658,TRACKING,prediction
1786998935.699,42.5,0.000,0.807,0.680,0.6269,-0.0240,2.33,-0.36047,0.150,0.699,0.000,-1.0000,-0.6658,TRACKING,prediction
1786998935.726,42.5,0.000,0.836,0.661,0.7012,-0.1195,13.26,-0.99513,0.150,0.699,0.000,-1.0000,-0.6684,TRACKING,R+C
1786998935.746,42.5,0.000,0.836,0.661,0.7012,-0.0956,10.61,-0.79610,0.150,0.699,0.000,-1.0000,-0.6683,TRACKING,prediction
1786998935.759,42.5,0.000,0.836,0.653,0.7150,-0.1247,14.41,-0.78147,0.150,0.699,0.000,-1.0000,-0.6685,TRACKING,R+C
1786998935.784,42.5,0.000,0.836,0.653,0.7150,-0.0998,11.53,-0.62518,0.150,0.699,0.000,-1.0000,-0.6685,TRACKING,prediction
1786998935.800,42.5,0.000,0.836,0.653,0.7150,-0.0798,9.22,-0.50014,0.150,0.699,0.000,-1.0000,-0.6685,TRACKING,prediction
1786998935.814,42.5,0.000,0.864,0.641,0.7313,-0.1404,16.61,-0.37858,0.162,0.699,0.000,-1.0000,-0.6692,TRACKING,R+C
1786998935.839,42.5,0.000,0.864,0.641,0.7313,-0.1123,13.29,-0.30286,0.162,0.699,0.000,-1.0000,-0.6692,TRACKING,prediction
1786998935.870,42.5,0.000,0.864,0.641,0.7313,-0.0898,10.63,-0.24229,0.162,0.699,0.000,-1.0000,-0.6692,TRACKING,prediction
1786998935.886,56.8,0.000,0.864,0.641,0.7313,-0.0719,8.51,-0.19383,0.162,0.699,0.000,-1.0000,-0.6692,TRACKING,prediction
1786998935.913,56.8,0.000,0.864,0.641,0.7313,-0.0575,6.80,-0.15506,0.162,0.699,0.000,-1.0000,-0.6691,TRACKING,prediction
1786998935.928,56.8,0.000,0.864,0.641,0.7313,-0.0460,5.44,-0.12405,0.162,0.699,0.000,-1.0000,-0.6691,TRACKING,prediction
1786998935.942,56.8,0.000,0.864,0.641,0.7313,-0.0368,4.35,-0.09924,0.162,0.699,0.000,-1.0000,-0.6691,TRACKING,prediction
1786998935.960,56.8,0.000,0.864,0.641,0.7313,-0.0294,3.48,-0.07939,0.162,0.699,0.000,-1.0000,-0.6691,TRACKING,prediction
1786998935.991,56.8,0.000,0.864,0.641,0.7313,-0.0235,2.79,-0.06351,0.162,0.699,0.000,-1.0000,-0.6691,TRACKING,prediction
1786998936.005,56.8,0.000,0.864,0.641,0.7313,-0.0188,2.23,-0.05081,0.162,0.689,0.000,-1.0000,-0.6692,TRACKING,prediction
1786998936.020,56.8,0.000,0.864,0.641,0.7313,-0.0151,1.78,-0.04065,0.162,0.671,0.000,-1.0000,-0.6752,TRACKING,prediction
1786998936.054,56.8,0.000,0.864,0.641,0.7313,-0.0121,1.43,-0.03252,0.162,0.650,0.000,-1.0000,-0.6859,TRACKING,prediction
1786998936.087,56.8,0.000,0.864,0.641,0.7313,-0.0096,1.14,-0.02602,0.162,0.626,0.000,-1.0000,-0.6997,TRACKING,prediction
1786998936.102,56.8,0.000,0.864,0.641,0.7313,-0.0077,0.91,-0.02081,0.162,0.585,0.000,-1.0000,-0.7152,UNCERTAIN,prediction
1786998936.134,56.8,0.000,0.864,0.641,0.7313,-0.0062,0.73,-0.01665,0.162,0.556,0.000,-1.0000,-0.7402,UNCERTAIN,prediction
1786998936.166,56.8,0.000,0.864,0.641,0.7313,-0.0049,0.58,-0.01332,0.162,0.536,0.000,-1.0000,-0.7596,UNCERTAIN,prediction
1786998936.182,56.8,0.000,0.864,0.641,0.7313,-0.0040,0.47,-0.01066,0.162,0.514,0.000,-1.0000,-0.7738,UNCERTAIN,prediction
1786998936.196,56.8,0.000,0.864,0.641,0.7313,-0.0032,0.37,-0.00852,0.162,0.492,0.000,-1.0000,-0.7879,UNCERTAIN,prediction
1786998936.219,56.8,0.916,0.652,0.000,0.6776,0.1708,-4.02,-1.97576,0.150,0.503,0.000,1.0000,-0.1438,TRACKING,L+C
1786998936.250,56.8,0.916,0.652,0.000,0.6776,0.1366,-3.22,-1.58061,0.150,0.512,0.000,1.0000,0.4286,TRACKING,prediction
1786998936.266,56.8,0.000,0.906,0.652,0.6647,-0.1688,3.96,0.08198,0.192,0.522,0.000,-1.0000,-0.2145,TRACKING,R+C
1786998936.279,56.8,0.000,0.878,0.652,0.6567,-0.1650,2.79,0.01840,0.198,0.531,0.000,-1.0000,-0.6965,TRACKING,R+C
1786998936.305,56.8,0.000,0.875,0.651,0.6507,-0.1606,2.48,0.04403,0.196,0.539,0.000,-1.0000,-0.7636,TRACKING,R+C
1786998936.321,56.8,0.000,0.856,0.652,0.6426,-0.1563,1.32,-0.01259,0.199,0.547,0.000,-1.0000,-0.7686,TRACKING,R+C
1786998936.350,56.8,0.000,0.830,0.653,0.6376,-0.1522,-0.53,-0.14698,0.185,0.555,0.000,-1.0000,-0.7645,TRACKING,R+C
1786998936.363,56.8,0.000,0.805,0.651,0.6272,-0.1482,-2.38,-0.27213,0.173,0.562,0.000,-1.0000,-0.7592,TRACKING,R+C
1786998936.378,56.8,0.000,0.779,0.646,0.6135,-0.1455,-5.25,-0.46580,0.153,0.569,0.000,-1.0000,-0.7539,TRACKING,R+C
1786998936.393,56.8,0.000,0.764,0.644,0.6052,-0.1399,-5.61,-0.50224,0.150,0.576,0.000,-1.0000,-0.7489,TRACKING,R+C
1786998936.408,56.8,0.000,0.755,0.642,0.5963,-0.1364,-6.34,-0.54490,0.150,0.582,0.000,-1.0000,-0.7442,TRACKING,R+C
1786998936.425,56.8,0.000,0.732,0.642,0.5924,-0.1371,-8.10,-0.68793,0.150,0.588,0.000,-1.0000,-0.7399,TRACKING,R+C
1786998936.439,56.8,0.000,0.720,0.642,0.5903,-0.1401,-9.81,-0.82808,0.150,0.593,0.000,-1.0000,-0.7361,TRACKING,R+C
1786998936.460,56.8,0.000,0.710,0.642,0.5891,-0.1445,-11.27,-0.93489,0.150,0.599,0.000,-1.0000,-0.7326,TRACKING,R+C
1786998936.478,56.8,0.000,0.723,0.641,0.5887,-0.1497,-13.03,-1.03256,0.150,0.604,0.000,-1.0000,-0.7292,TRACKING,R+C
1786998936.493,56.8,0.000,0.698,0.641,0.5897,-0.1465,-12.52,-1.06109,0.150,0.609,0.000,-1.0000,-0.7258,TRACKING,R+C
1786998936.507,56.8,0.000,0.696,0.639,0.5829,-0.1434,-13.38,-1.13263,0.150,0.613,0.000,-1.0000,-0.7223,TRACKING,R+C
1786998936.524,56.8,0.000,0.695,0.638,0.5773,-0.1372,-13.92,-1.17464,0.150,0.617,0.000,-1.0000,-0.7188,TRACKING,R+C
1786998936.540,56.8,0.000,0.689,0.637,0.5665,-0.1300,-15.15,-1.26844,0.150,0.622,0.000,-1.0000,-0.7153,TRACKING,R+C
1786998936.553,56.8,0.000,0.695,0.631,0.5588,-0.1229,-16.16,-1.32132,0.150,0.625,0.000,-1.0000,-0.7119,TRACKING,R+C
1786998936.579,56.8,0.000,0.699,0.632,0.5502,-0.1159,-17.66,-1.40438,0.150,0.629,0.000,-1.0000,-0.7085,TRACKING,R+C
1786998936.593,56.8,0.000,0.696,0.629,0.5418,-0.1021,-16.52,-1.39647,0.150,0.633,0.000,-1.0000,-0.7053,TRACKING,R+C
1786998936.611,56.8,0.856,0.694,0.630,0.5012,-0.0912,-16.98,-1.45742,0.150,0.636,0.000,-0.9275,-0.6601,TRACKING,L+C+R_fused
1786998936.629,56.8,0.922,0.701,0.626,0.5014,-0.0807,-17.12,-1.50403,0.150,0.639,0.000,-0.8209,-0.5893,TRACKING,L+C+R_fused
1786998936.646,56.8,0.915,0.713,0.629,0.5262,-0.0721,-17.07,-1.54180,0.150,0.642,0.000,-0.7262,-0.5219,TRACKING,L+C+R_fused
1786998936.677,56.8,0.913,0.720,0.631,0.5212,-0.0656,-16.87,-1.57745,0.150,0.645,0.000,-0.6542,-0.4686,TRACKING,L+C+R_fused
1786998936.982,37.4,0.935,0.726,0.632,0.5067,-0.0633,-17.44,-1.67754,0.150,0.648,0.000,-0.6202,-0.4400,TRACKING,L+C+R_fused
1786998936.998,37.4,0.900,0.721,0.636,0.4838,-0.0585,-15.68,-1.68050,0.150,0.651,0.000,-0.6136,-0.4312,TRACKING,L+C+R_fused
1786998937.018,37.4,0.000,0.726,0.638,0.5237,-0.0549,-14.61,-1.70865,0.150,0.653,0.000,-0.6038,-0.4235,TRACKING,R+C
1786998937.042,37.4,0.000,0.725,0.637,0.5231,-0.0488,-13.20,-1.70431,0.150,0.655,0.000,-0.5657,-0.3996,TRACKING,R+C
1786998937.066,37.4,0.000,0.722,0.647,0.5250,-0.0407,-11.83,-1.68819,0.150,0.658,0.000,-0.4918,-0.3525,TRACKING,R+C
1786998937.080,37.4,0.375,0.719,0.636,0.4390,-0.0298,-11.04,-1.69813,0.150,0.660,0.000,-0.3525,-0.2644,TRACKING,L+C+R_fused
1786998937.095,37.4,0.950,0.720,0.647,0.5181,-0.0180,-9.70,-1.68127,0.150,0.662,0.000,-0.2048,-0.1654,TRACKING,L+C+R_fused
1786998937.112,37.4,0.928,0.723,0.692,0.5029,-0.0054,-7.93,-1.63468,0.150,0.664,0.000,-0.0485,-0.0599,TRACKING,L+C+R_fused
1786998937.128,37.4,0.929,0.729,0.857,0.5160,0.0038,-6.88,-1.61584,0.150,0.665,0.000,0.0722,0.0261,TRACKING,L+C+R_fused
1786998937.143,37.4,0.915,0.732,0.728,0.5162,0.0105,-5.77,-1.60681,0.150,0.667,0.000,0.1439,0.0805,TRACKING,L+C+R_fused
1786998937.160,37.4,0.931,0.729,0.700,0.5078,0.0136,-4.92,-1.60749,0.150,0.669,0.000,0.1615,0.0984,TRACKING,L+C+R_fused
1786998937.176,37.4,0.952,0.730,0.867,0.5134,0.0139,-4.19,-1.61725,0.150,0.670,0.000,0.1345,0.0849,TRACKING,L+C+R_fused
1786998937.195,37.4,0.000,0.732,0.704,0.5382,0.0137,-3.36,-1.62528,0.150,0.672,0.000,0.0929,0.0582,TRACKING,R+C
1786998937.212,37.4,0.000,0.733,0.730,0.4911,0.0141,-1.81,-1.58553,0.150,0.673,0.000,0.0387,0.0224,TRACKING,R+C
1786998937.227,37.4,0.000,0.730,0.735,0.4996,0.0123,-0.66,-1.56568,0.150,0.675,0.000,-0.0408,-0.0292,TRACKING,R+C
1786998937.243,37.4,0.000,0.730,0.735,0.4996,0.0098,-0.53,-1.25254,0.150,0.676,0.000,-0.0408,-0.0366,TRACKING,prediction
1786998937.258,37.4,0.000,0.729,0.847,0.5170,0.0060,0.85,-1.59732,0.150,0.677,0.000,-0.2225,-0.1423,TRACKING,R+C
1786998937.272,37.4,0.000,0.731,0.853,0.5280,0.0020,1.24,-1.61225,0.150,0.678,0.000,-0.3101,-0.2076,TRACKING,R+C
1786998937.300,37.4,0.000,0.735,0.843,0.5350,-0.0000,2.91,-1.51957,0.150,0.679,0.000,-0.3981,-0.2669,TRACKING,R+C
1786998937.316,37.4,0.000,0.735,0.843,0.5350,-0.0000,2.33,-1.21566,0.150,0.680,0.000,-0.3981,-0.2754,TRACKING,prediction
1786998937.330,37.4,0.000,0.735,0.843,0.5350,-0.0000,1.86,-0.97253,0.150,0.681,0.000,-0.3981,-0.2764,TRACKING,prediction
1786998937.346,37.4,0.000,0.735,0.843,0.5350,-0.0000,1.49,-0.77802,0.150,0.682,0.000,-0.3981,-0.2763,TRACKING,prediction
1786998938.729,12.6,0.000,0.735,0.843,0.5350,-0.0000,1.19,-0.62242,0.150,0.683,0.000,-0.3981,-0.2761,TRACKING,prediction
1786998938.743,12.6,0.000,0.754,0.803,0.5855,-0.0252,7.18,-1.33948,0.150,0.684,0.000,-0.8572,-0.5338,TRACKING,R+C
1786998938.772,12.6,0.000,0.758,0.809,0.5920,-0.0285,8.21,-1.24957,0.150,0.685,0.000,-0.9093,-0.6000,TRACKING,R+C
1786998938.795,12.6,0.000,0.764,0.797,0.5993,-0.0312,8.97,-1.17966,0.150,0.686,0.000,-0.9483,-0.6311,TRACKING,R+C
1786998938.812,12.6,0.000,0.764,0.797,0.5993,-0.0250,7.18,-0.94373,0.150,0.686,0.000,-0.9483,-0.6353,TRACKING,prediction
1786998938.827,12.6,0.000,0.764,0.797,0.5993,-0.0200,5.74,-0.75498,0.150,0.687,0.000,-0.9483,-0.6355,TRACKING,prediction
1786998938.843,12.6,0.000,0.764,0.797,0.5993,-0.0160,4.59,-0.60399,0.150,0.688,0.000,-0.9483,-0.6352,TRACKING,prediction
1786998938.858,12.6,0.000,0.764,0.797,0.5993,-0.0128,3.68,-0.48319,0.150,0.688,0.000,-0.9483,-0.6348,TRACKING,prediction
1786998938.873,12.6,0.000,0.764,0.797,0.5993,-0.0102,2.94,-0.38655,0.150,0.689,0.000,-0.9483,-0.6344,TRACKING,prediction
1786998938.899,12.6,0.000,0.770,0.800,0.6017,-0.0347,11.08,-0.98132,0.150,0.689,0.000,-1.0000,-0.6626,TRACKING,R+C
1786998938.918,12.6,0.000,0.775,0.788,0.6046,-0.0383,10.50,-1.05030,0.150,0.690,0.000,-1.0000,-0.6667,TRACKING,R+C
1786998938.932,12.6,0.000,0.779,0.796,0.6095,-0.0394,10.42,-1.04361,0.150,0.690,0.000,-1.0000,-0.6670,TRACKING,R+C
1786998938.962,12.6,0.000,0.775,0.786,0.6092,-0.0384,10.21,-1.04191,0.150,0.691,0.000,-1.0000,-0.6666,TRACKING,R+C
1786998938.977,12.6,0.000,0.780,0.792,0.6034,-0.0369,10.16,-1.02508,0.150,0.691,0.000,-1.0000,-0.6661,TRACKING,R+C
1786998939.002,12.6,0.000,0.777,0.793,0.5997,-0.0327,10.97,-0.92493,0.150,0.692,0.000,-0.9853,-0.6575,TRACKING,R+C
1786998939.018,12.6,0.000,0.777,0.793,0.5997,-0.0261,8.77,-0.73994,0.150,0.692,0.000,-0.9853,-0.6560,TRACKING,prediction
1786998939.034,12.6,0.000,0.777,0.793,0.5997,-0.0209,7.02,-0.59195,0.150,0.693,0.000,-0.9853,-0.6555,TRACKING,prediction
1786998939.049,12.6,0.000,0.779,0.794,0.5938,-0.0318,10.92,-0.89479,0.150,0.693,0.000,-0.9735,-0.6487,TRACKING,R+C
1786998939.080,12.6,0.000,0.782,0.795,0.5967,-0.0356,10.63,-0.91352,0.150,0.693,0.000,-1.0000,-0.6620,TRACKING,R+C
1786998939.392,12.6,0.000,0.782,0.795,0.5967,-0.0285,8.50,-0.73081,0.150,0.694,0.000,-1.0000,-0.6638,TRACKING,prediction
1786998939.407,12.6,0.000,0.782,0.795,0.5967,-0.0228,6.80,-0.58465,0.150,0.694,0.000,-1.0000,-0.6639,TRACKING,prediction
1786998939.424,12.6,0.000,0.782,0.795,0.5967,-0.0182,5.44,-0.46772,0.150,0.694,0.000,-1.0000,-0.6637,TRACKING,prediction
1786998939.440,12.6,0.000,0.782,0.795,0.5967,-0.0146,4.35,-0.37418,0.150,0.695,0.000,-1.0000,-0.6635,TRACKING,prediction
1786998939.454,12.6,0.000,0.782,0.795,0.5967,-0.0117,3.48,-0.29934,0.150,0.695,0.000,-1.0000,-0.6633,TRACKING,prediction
1786998939.473,12.6,0.000,0.782,0.795,0.5967,-0.0093,2.79,-0.23947,0.150,0.695,0.000,-1.0000,-0.6632,TRACKING,prediction
1786998939.502,12.6,0.000,0.782,0.795,0.5967,-0.0075,2.23,-0.19158,0.150,0.695,0.000,-1.0000,-0.6630,TRACKING,prediction
1786998939.517,12.6,0.000,0.782,0.795,0.5967,-0.0060,1.78,-0.15326,0.150,0.696,0.000,-1.0000,-0.6628,TRACKING,prediction
1786998939.533,12.6,0.000,0.782,0.795,0.5967,-0.0048,1.43,-0.12261,0.150,0.696,0.000,-1.0000,-0.6627,TRACKING,prediction
1786998939.553,12.6,0.000,0.782,0.795,0.5967,-0.0038,1.14,-0.09809,0.150,0.685,0.000,-1.0000,-0.6626,TRACKING,prediction
1786998939.569,12.6,0.000,0.713,0.792,0.5514,-0.0198,6.13,-1.08072,0.150,0.686,0.000,-0.7324,-0.5192,TRACKING,R+C
1786998939.585,12.6,0.000,0.713,0.792,0.5514,-0.0158,4.90,-0.86458,0.150,0.687,0.000,-0.7324,-0.4977,TRACKING,prediction
1786998939.599,12.6,0.000,0.713,0.792,0.5514,-0.0127,3.92,-0.69166,0.150,0.687,0.000,-0.7324,-0.4942,TRACKING,prediction
1786998939.630,12.6,0.000,0.713,0.792,0.5514,-0.0101,3.14,-0.55333,0.150,0.688,0.000,-0.7324,-0.4934,TRACKING,prediction
1786998939.656,12.6,0.000,0.713,0.792,0.5514,-0.0081,2.51,-0.44266,0.150,0.689,0.000,-0.7324,-0.4930,TRACKING,prediction
1786998939.671,12.6,0.000,0.713,0.792,0.5514,-0.0065,2.01,-0.35413,0.150,0.689,0.000,-0.7324,-0.4926,TRACKING,prediction
1786998939.688,12.6,0.000,0.713,0.792,0.5514,-0.0052,1.61,-0.28330,0.150,0.690,0.000,-0.7324,-0.4924,TRACKING,prediction
1786998939.714,12.6,0.000,0.713,0.792,0.5514,-0.0042,1.29,-0.22664,0.150,0.690,0.000,-0.7324,-0.4921,TRACKING,prediction
1786998939.730,37.0,0.000,0.713,0.792,0.5514,-0.0033,1.03,-0.18131,0.150,0.691,0.000,-0.7324,-0.4918,TRACKING,prediction
1786998939.745,37.0,0.000,0.817,0.819,0.5593,-0.0234,11.11,-0.60366,0.150,0.691,0.000,-0.8657,-0.5652,TRACKING,R+C
1786998939.760,37.0,0.000,0.817,0.819,0.5593,-0.0187,8.89,-0.48293,0.150,0.691,0.000,-0.8657,-0.5758,TRACKING,prediction
1786998939.777,37.0,0.000,0.817,0.819,0.5593,-0.0150,7.11,-0.38634,0.150,0.692,0.000,-0.8657,-0.5772,TRACKING,prediction
1786998939.790,37.0,0.000,0.804,0.787,0.5730,-0.0444,11.31,-0.53923,0.150,0.692,0.000,-1.0000,-0.6520,TRACKING,R+C
1786998939.807,37.0,0.000,0.804,0.770,0.5721,-0.0489,11.22,-0.53077,0.150,0.693,0.000,-1.0000,-0.6629,TRACKING,R+C
1786998939.820,37.0,0.000,0.828,0.780,0.5760,-0.0515,11.17,-0.51629,0.150,0.693,0.000,-1.0000,-0.6645,TRACKING,R+C
1786998939.843,37.0,0.000,0.825,0.786,0.5727,-0.0507,11.17,-0.47759,0.152,0.693,0.000,-1.0000,-0.6643,TRACKING,R+C
1786998939.875,37.0,0.000,0.825,0.786,0.5727,-0.0405,8.94,-0.38207,0.152,0.694,0.000,-1.0000,-0.6641,TRACKING,prediction
1786998939.888,37.0,0.000,0.835,0.812,0.5583,-0.0429,10.58,-0.47245,0.153,0.694,0.000,-0.9988,-0.6623,TRACKING,R+C
1786998939.902,37.0,0.000,0.835,0.812,0.5583,-0.0343,8.46,-0.37796,0.153,0.694,0.000,-0.9988,-0.6620,TRACKING,prediction
1786998939.921,37.0,0.000,0.835,0.812,0.5583,-0.0274,6.77,-0.30237,0.153,0.695,0.000,-0.9988,-0.6618,TRACKING,prediction
1786998939.934,37.0,0.000,0.807,0.801,0.5464,-0.0262,9.77,-0.47790,0.152,0.695,0.000,-0.8244,-0.5651,TRACKING,R+C
1786998939.950,37.0,0.000,0.807,0.801,0.5464,-0.0209,7.82,-0.38232,0.152,0.695,0.000,-0.8244,-0.5507,TRACKING,prediction
1786998940.284,37.0,0.000,0.807,0.801,0.5464,-0.0167,6.26,-0.30586,0.152,0.695,0.000,-0.8244,-0.5484,TRACKING,prediction
1786998940.301,37.0,0.000,0.807,0.801,0.5464,-0.0134,5.00,-0.24468,0.152,0.696,0.000,-0.8244,-0.5480,TRACKING,prediction
1786998940.316,37.0,0.000,0.807,0.801,0.5464,-0.0107,4.00,-0.19575,0.152,0.696,0.000,-0.8244,-0.5478,TRACKING,prediction
1786998940.336,37.0,0.000,0.807,0.801,0.5464,-0.0086,3.20,-0.15660,0.152,0.696,0.000,-0.8244,-0.5477,TRACKING,prediction
1786998940.354,37.0,0.000,0.807,0.801,0.5464,-0.0069,2.56,-0.12528,0.152,0.696,0.000,-0.8244,-0.5475,TRACKING,prediction
1786998940.370,37.0,0.000,0.807,0.801,0.5464,-0.0055,2.05,-0.10022,0.152,0.696,0.000,-0.8244,-0.5474,TRACKING,prediction
1786998940.385,37.0,0.000,0.817,0.805,0.5233,-0.0133,7.98,-0.54390,0.150,0.697,0.000,-0.6376,-0.4434,TRACKING,R+C
1786998940.406,37.0,0.000,0.817,0.805,0.5233,-0.0107,6.38,-0.43512,0.150,0.697,0.000,-0.6376,-0.4280,TRACKING,prediction
1786998940.428,37.0,0.000,0.817,0.805,0.5233,-0.0085,5.11,-0.34810,0.150,0.697,0.000,-0.6376,-0.4256,TRACKING,prediction
1786998940.447,37.0,0.000,0.817,0.805,0.5233,-0.0068,4.09,-0.27848,0.150,0.697,0.000,-0.6376,-0.4252,TRACKING,prediction
1786998940.466,37.0,0.000,0.817,0.805,0.5233,-0.0055,3.27,-0.22278,0.150,0.697,0.000,-0.6376,-0.4251,TRACKING,prediction
1786998940.494,37.0,0.000,0.800,0.800,0.5161,-0.0019,6.66,-0.63615,0.150,0.697,0.000,-0.4335,-0.3116,TRACKING,R+C
1786998940.513,37.0,0.000,0.802,0.808,0.5108,0.0054,6.55,-0.63373,0.150,0.698,0.000,-0.3101,-0.2258,TRACKING,R+C
1786998940.530,37.0,0.371,0.802,0.810,0.4989,0.0125,6.49,-0.63304,0.150,0.698,0.000,-0.1867,-0.1441,TRACKING,L+C+R_fused
1786998940.548,37.0,0.361,0.812,0.809,0.5912,0.0176,6.90,-0.58452,0.150,0.698,0.000,-0.1071,-0.0872,TRACKING,L+C+R_fused
1786998940.564,37.0,0.372,0.814,0.813,0.5042,0.0209,6.54,-0.63545,0.150,0.698,0.000,-0.0422,-0.0425,TRACKING,L+C+R_fused
1786998940.578,37.0,0.362,0.821,0.815,0.5620,0.0226,7.02,-0.59698,0.150,0.698,0.000,-0.0266,-0.0271,TRACKING,L+C+R_fused
1786998940.597,37.0,0.371,0.819,0.809,0.5042,0.0209,7.08,-0.60081,0.150,0.698,0.000,-0.0598,-0.0435,TRACKING,L+C+R_fused
1786998940.612,37.0,0.370,0.816,0.812,0.5085,0.0190,6.82,-0.63733,0.150,0.698,0.000,-0.0876,-0.0616,TRACKING,L+C+R_fused
1786998940.634,37.0,0.377,0.816,0.808,0.4473,0.0185,6.85,-0.64316,0.150,0.698,0.000,-0.1001,-0.0713,TRACKING,L+C+R_fused
1786998940.649,37.0,0.370,0.822,0.815,0.4999,0.0188,7.16,-0.60076,0.150,0.698,0.000,-0.0998,-0.0725,TRACKING,L+C+R_fused
1786998943.622,9.0,0.365,0.815,0.819,0.5342,0.0190,7.42,-0.59889,0.150,0.698,0.000,-0.1086,-0.0777,TRACKING,L+C+R_fused
1786998943.634,9.0,0.000,0.815,0.815,0.5060,0.0169,7.20,-0.63511,0.150,0.699,0.000,-0.1423,-0.0974,TRACKING,R+C
1786998943.653,9.0,0.795,0.814,0.815,0.5218,0.0140,7.50,-0.61515,0.150,0.699,0.000,-0.2020,-0.1338,TRACKING,L+C+R_fused
1786998943.674,9.0,0.726,0.821,0.818,0.5280,0.0110,7.85,-0.59602,0.150,0.699,0.000,-0.2667,-0.1753,TRACKING,L+C+R_fused
1786998943.697,9.0,0.371,0.819,0.809,0.5216,0.0094,8.02,-0.60157,0.150,0.699,0.000,-0.3023,-0.2014,TRACKING,L+C+R_fused
1786998943.720,9.0,0.372,0.822,0.815,0.5280,0.0090,8.28,-0.58514,0.150,0.699,0.000,-0.3170,-0.2134,TRACKING,L+C+R_fused
1786998943.743,9.0,0.635,0.820,0.810,0.4655,0.0105,7.69,-0.64348,0.150,0.699,0.000,-0.2756,-0.1922,TRACKING,L+C+R_fused
1786998943.759,9.0,0.714,0.810,0.816,0.4850,0.0151,7.42,-0.70328,0.150,0.699,0.000,-0.1955,-0.1445,TRACKING,L+C+R_fused
1786998943.776,9.0,0.948,0.811,0.815,0.4908,0.0212,7.43,-0.70778,0.150,0.699,0.000,-0.0913,-0.0791,TRACKING,L+C+R_fused
1786998943.790,9.0,0.949,0.815,0.817,0.4846,0.0259,7.31,-0.73780,0.150,0.699,0.000,-0.0075,-0.0227,TRACKING,L+C+R_fused
1786998943.804,9.0,0.943,0.814,0.824,0.4783,0.0280,6.08,-0.89612,0.150,0.699,0.000,0.0575,0.0219,TRACKING,L+C+R_fused
1786998943.823,9.0,0.948,0.814,0.831,0.4765,0.0306,6.04,-0.90417,0.150,0.699,0.000,0.1043,0.0550,TRACKING,L+C+R_fused
1786998943.838,9.0,0.940,0.812,0.828,0.4789,0.0349,5.95,-0.89915,0.150,0.699,0.000,0.1829,0.1045,TRACKING,L+C+R_fused
1786998944.459,9.0,0.936,0.804,0.824,0.4810,0.0410,5.69,-0.92090,0.150,0.699,0.000,0.2962,0.1759,TRACKING,L+C+R_fused
1786998944.475,9.0,0.928,0.798,0.817,0.4837,0.0497,6.06,-0.89163,0.150,0.699,0.000,0.4269,0.2606,TRACKING,L+C+R_fused
1786998944.492,9.0,0.918,0.798,0.839,0.4841,0.0578,6.16,-0.88386,0.150,0.699,0.000,0.5482,0.3420,TRACKING,L+C+R_fused
1786998944.512,9.0,0.908,0.800,0.842,0.4818,0.0658,6.27,-0.87039,0.150,0.699,0.000,0.6575,0.4157,TRACKING,L+C+R_fused
1786998944.528,9.0,0.901,0.804,0.851,0.4817,0.0723,5.83,-0.91207,0.150,0.699,0.000,0.7487,0.4777,TRACKING,L+C+R_fused
1786998944.543,9.0,0.898,0.809,0.855,0.4804,0.0784,6.24,-0.88073,0.150,0.699,0.000,0.8115,0.5220,TRACKING,L+C+R_fused
1786998944.559,9.0,0.900,0.814,0.879,0.4803,0.0814,6.50,-0.86403,0.150,0.699,0.000,0.8387,0.5438,TRACKING,L+C+R_fused
1786998944.574,9.0,0.884,0.813,0.856,0.4807,0.0820,6.26,-0.90654,0.150,0.699,0.000,0.8477,0.5520,TRACKING,L+C+R_fused
1786998944.588,9.0,0.885,0.807,0.850,0.4921,0.0850,6.82,-0.87565,0.150,0.699,0.000,0.8677,0.5644,TRACKING,L+C+R_fused
1786998944.604,9.0,0.875,0.803,0.862,0.4864,0.0876,7.35,-0.86589,0.150,0.699,0.000,0.8808,0.5735,TRACKING,L+C+R_fused
1786998944.624,22.9,0.883,0.806,0.859,0.4877,0.0900,7.89,-0.83349,0.150,0.700,0.000,0.8951,0.5828,TRACKING,L+C+R_fused
1786998944.641,22.9,0.876,0.797,0.866,0.4856,0.0918,7.42,-0.90858,0.150,0.700,0.000,0.9165,0.5960,TRACKING,L+C+R_fused
1786998944.665,22.9,0.869,0.800,0.861,0.4812,0.0923,8.21,-0.86042,0.150,0.700,0.000,0.9065,0.5924,TRACKING,L+C+R_fused
1786998944.681,22.9,0.868,0.787,0.868,0.4865,0.0893,7.70,-0.93937,0.150,0.700,0.000,0.8807,0.5773,TRACKING,L+C+R_fused
1786998944.698,22.9,0.883,0.792,0.865,0.4910,0.0867,7.80,-0.93717,0.150,0.700,0.000,0.8515,0.5587,TRACKING,L+C+R_fused
1786998944.712,22.9,0.904,0.787,0.866,0.4979,0.0837,7.90,-0.95362,0.150,0.700,0.000,0.8134,0.5345,TRACKING,L+C+R_fused
1786998944.726,22.9,0.883,0.785,0.865,0.4994,0.0818,8.70,-0.91868,0.150,0.700,0.000,0.7715,0.5073,TRACKING,L+C+R_fused
1786998944.742,22.9,0.905,0.778,0.865,0.5052,0.0786,8.84,-0.93659,0.150,0.700,0.000,0.7257,0.4775,TRACKING,L+C+R_fused
1786998944.758,22.9,0.929,0.777,0.857,0.5048,0.0749,8.90,-0.97301,0.150,0.700,0.000,0.6720,0.4426,TRACKING,L+C+R_fused
1786998946.699,4.3,0.954,0.775,0.859,0.4963,0.0718,9.51,-0.94584,0.150,0.700,0.000,0.6124,0.4034,TRACKING,L+C+R_fused
1786998946.712,4.3,0.000,0.772,0.860,0.4554,0.0681,9.61,-0.97778,0.150,0.700,0.000,0.5505,0.3622,TRACKING,R+C
1786998946.726,4.3,0.000,0.770,0.841,0.4854,0.0626,8.61,-1.10541,0.150,0.700,0.000,0.4883,0.3204,TRACKING,R+C
1786998946.738,4.3,0.000,0.764,0.840,0.4812,0.0596,9.25,-1.10759,0.150,0.700,0.000,0.4138,0.2718,TRACKING,R+C
1786998946.764,4.3,0.000,0.762,0.835,0.4895,0.0548,9.64,-1.11917,0.150,0.700,0.000,0.3172,0.2096,TRACKING,R+C
1786998946.779,4.3,0.000,0.760,0.844,0.5031,0.0488,10.05,-1.11278,0.150,0.700,0.000,0.1978,0.1328,TRACKING,R+C
1786998946.804,4.3,0.000,0.762,0.838,0.5073,0.0430,10.19,-1.15147,0.150,0.700,0.000,0.0817,0.0555,TRACKING,R+C
1786998946.818,4.3,0.000,0.765,0.838,0.5123,0.0391,10.39,-1.16192,0.150,0.700,0.000,0.0002,-0.0021,TRACKING,R+C
1786998946.832,4.3,0.000,0.762,0.829,0.5122,0.0359,9.05,-1.32466,0.150,0.700,0.000,-0.0233,-0.0242,TRACKING,R+C
1786998946.844,4.3,0.000,0.759,0.829,0.5169,0.0368,8.94,-1.35744,0.150,0.700,0.000,-0.0087,-0.0194,TRACKING,R+C
1786998946.861,4.3,0.000,0.759,0.829,0.5169,0.0294,7.15,-1.08595,0.150,0.700,0.000,-0.0087,-0.0187,TRACKING,prediction
1786998946.881,4.3,0.000,0.759,0.826,0.5208,0.0445,10.40,-1.22706,0.150,0.700,0.000,0.0836,0.0338,TRACKING,R+C
1786998946.897,4.3,0.000,0.759,0.826,0.5208,0.0356,8.32,-0.98165,0.150,0.700,0.000,0.0836,0.0414,TRACKING,prediction
1786998946.914,4.3,0.000,0.744,0.815,0.5223,0.0449,9.59,-1.37265,0.150,0.700,0.000,0.1012,0.0519,TRACKING,R+C
1786998946.929,4.3,0.000,0.744,0.815,0.5223,0.0359,7.67,-1.09812,0.150,0.700,0.000,0.1012,0.0536,TRACKING,prediction
1786998946.943,4.3,0.000,0.744,0.815,0.5223,0.0287,6.14,-0.87850,0.150,0.700,0.000,0.1012,0.0538,TRACKING,prediction
1786998946.960,4.3,0.000,0.744,0.815,0.5223,0.0230,4.91,-0.70280,0.150,0.700,0.000,0.1012,0.0538,TRACKING,prediction
1786998946.973,4.3,0.000,0.738,0.801,0.5597,0.0247,11.72,-1.29731,0.150,0.700,0.000,-0.3385,-0.1923,TRACKING,R+C
1786998946.996,4.3,0.000,0.732,0.799,0.5738,0.0189,11.14,-1.42686,0.150,0.700,0.000,-0.4295,-0.2788,TRACKING,R+C
1786998947.009,4.3,0.000,0.736,0.793,0.5749,0.0156,10.75,-1.56049,0.150,0.700,0.000,-0.4862,-0.3234,TRACKING,R+C
1786998947.028,4.3,0.000,0.736,0.793,0.5749,0.0125,8.60,-1.24839,0.150,0.700,0.000,-0.4862,-0.3299,TRACKING,prediction
1786998947.041,4.3,0.000,0.747,0.790,0.5788,0.0153,11.30,-1.53389,0.150,0.700,0.000,-0.5090,-0.3435,TRACKING,R+C
1786998947.053,4.3,0.000,0.737,0.790,0.5777,0.0165,12.07,-1.48855,0.150,0.700,0.000,-0.5160,-0.3494,TRACKING,R+C
1786998947.066,4.3,0.000,0.731,0.783,0.5849,0.0141,11.85,-1.55003,0.150,0.700,0.000,-0.5522,-0.3704,TRACKING,R+C
1786998947.082,4.3,0.000,0.719,0.787,0.5972,0.0081,12.36,-1.54593,0.150,0.700,0.000,-0.6546,-0.4299,TRACKING,R+C
1786998947.096,4.3,0.000,0.719,0.786,0.6078,0.0007,12.79,-1.54434,0.150,0.700,0.000,-0.7638,-0.4986,TRACKING,R+C
1786998947.114,4.3,0.000,0.729,0.783,0.6155,-0.0056,13.19,-1.53641,0.150,0.700,0.000,-0.8475,-0.5545,TRACKING,R+C
1786998947.138,4.3,0.000,0.730,0.777,0.6242,-0.0101,12.09,-1.73485,0.150,0.700,0.000,-0.8852,-0.5837,TRACKING,R+C
1786998947.156,4.3,0.000,0.722,0.784,0.6249,-0.0093,12.94,-1.70207,0.150,0.700,0.000,-0.8977,-0.5948,TRACKING,R+C
1786998947.184,4.3,0.000,0.724,0.780,0.6285,-0.0086,13.33,-1.67343,0.150,0.700,0.000,-0.8982,-0.5967,TRACKING,R+C
1786998947.198,4.3,0.000,0.721,0.780,0.6330,-0.0086,13.92,-1.60147,0.150,0.700,0.000,-0.9081,-0.6023,TRACKING,R+C
1786998947.214,4.3,0.000,0.716,0.782,0.6391,-0.0129,13.78,-1.65835,0.150,0.700,0.000,-0.9512,-0.6267,TRACKING,R+C
1786998947.228,4.3,0.000,0.718,0.789,0.6529,-0.0230,12.14,-1.89623,0.150,0.700,0.000,-1.0000,-0.6572,TRACKING,R+C
1786998947.729,32.1,0.000,0.721,0.781,0.6639,-0.0280,14.70,-1.64738,0.150,0.700,0.000,-1.0000,-0.6623,TRACKING,R+C
1786998947.744,32.1,0.000,0.729,0.779,0.6712,-0.0351,15.89,-1.52742,0.150,0.700,0.000,-1.0000,-0.6636,TRACKING,R+C
1786998947.760,32.1,0.000,0.729,0.779,0.6712,-0.0281,12.71,-1.22194,0.150,0.700,0.000,-1.0000,-0.6637,TRACKING,prediction
1786998947.777,32.1,0.000,0.729,0.779,0.6712,-0.0225,10.17,-0.97755,0.150,0.700,0.000,-1.0000,-0.6638,TRACKING,prediction
1786998947.798,32.1,0.000,0.729,0.779,0.6712,-0.0180,8.14,-0.78204,0.150,0.700,0.000,-1.0000,-0.6638,TRACKING,prediction
1786998947.813,32.1,0.000,0.729,0.779,0.6712,-0.0144,6.51,-0.62563,0.150,0.700,0.000,-1.0000,-0.6638,TRACKING,prediction
1786998947.844,32.1,0.000,0.729,0.779,0.6712,-0.0115,5.21,-0.50051,0.150,0.700,0.000,-1.0000,-0.6638,TRACKING,prediction
1786998947.859,32.1,0.000,0.729,0.779,0.6712,-0.0092,4.17,-0.40040,0.150,0.700,0.000,-1.0000,-0.6638,TRACKING,prediction
1786998947.872,32.1,0.000,0.763,0.771,0.7304,-0.0671,25.41,-0.18973,0.181,0.700,0.000,-1.0000,-0.6657,TRACKING,R+C
1786998947.887,32.1,0.000,0.770,0.770,0.7360,-0.0709,26.15,-0.05880,0.194,0.700,0.000,-1.0000,-0.6658,TRACKING,R+C
1786998947.903,32.1,0.000,0.771,0.765,0.7365,-0.0758,25.68,-0.00504,0.199,0.700,0.000,-1.0000,-0.6657,TRACKING,R+C
1786998947.916,32.1,0.000,0.775,0.769,0.7375,-0.0797,25.65,0.07284,0.193,0.700,0.000,-1.0000,-0.6657,TRACKING,R+C
1786998947.929,32.1,0.000,0.772,0.760,0.7406,-0.0861,25.22,0.13045,0.187,0.700,0.000,-1.0000,-0.6658,TRACKING,R+C
1786998947.957,32.1,0.000,0.772,0.760,0.7406,-0.0688,20.18,0.10436,0.187,0.700,0.000,-1.0000,-0.6658,TRACKING,prediction
1786998947.984,32.1,0.000,0.772,0.760,0.7406,-0.0551,16.14,0.08349,0.187,0.700,0.000,-1.0000,-0.6658,TRACKING,prediction
1786998948.001,32.1,0.000,0.772,0.760,0.7406,-0.0441,12.91,0.06679,0.187,0.700,0.000,-1.0000,-0.6658,TRACKING,prediction
1786998948.021,32.1,0.000,0.772,0.760,0.7406,-0.0352,10.33,0.05343,0.187,0.700,0.000,-1.0000,-0.6658,TRACKING,prediction
1786998948.037,32.1,0.000,0.772,0.760,0.7406,-0.0282,8.26,0.04275,0.187,0.700,0.000,-1.0000,-0.6658,TRACKING,prediction
1786998948.059,32.1,0.000,0.772,0.760,0.7406,-0.0226,6.61,0.03420,0.187,0.700,0.000,-1.0000,-0.6658,TRACKING,prediction
1786998948.075,32.1,0.000,0.772,0.760,0.7406,-0.0180,5.29,0.02736,0.187,0.700,0.000,-1.0000,-0.6658,TRACKING,prediction
1786998948.091,32.1,0.000,0.772,0.760,0.7406,-0.0144,4.23,0.02189,0.187,0.700,0.000,-1.0000,-0.6658,TRACKING,prediction
1786998952.889,4.1,0.000,0.772,0.760,0.7406,-0.0115,3.39,0.01751,0.187,0.693,0.000,-1.0000,-0.6658,TRACKING,prediction
1786998952.906,4.1,0.000,0.772,0.760,0.7406,-0.0092,2.71,0.01401,0.187,0.677,0.000,-1.0000,-0.6700,TRACKING,prediction
1786998952.924,4.1,0.839,0.746,0.000,0.6665,0.2855,35.05,-0.16959,0.183,0.679,0.000,1.0000,-0.1854,TRACKING,L+C
1786998952.940,4.1,0.839,0.746,0.000,0.6665,0.2284,28.04,-0.13567,0.183,0.680,0.000,1.0000,0.2512,TRACKING,prediction
1786998952.964,4.1,0.839,0.746,0.000,0.6665,0.1827,22.43,-0.10854,0.183,0.681,0.000,1.0000,0.6091,TRACKING,prediction
1786998952.980,4.1,0.839,0.746,0.000,0.6665,0.1462,17.94,-0.08683,0.183,0.682,0.000,1.0000,0.6622,TRACKING,prediction
1786998952.994,4.1,0.000,0.822,0.762,0.6319,-0.1383,9.69,0.04816,0.195,0.683,0.000,-1.0000,0.1707,TRACKING,R+C
1786998953.009,4.1,0.000,0.822,0.762,0.6319,-0.1106,7.75,0.03853,0.195,0.683,0.000,-1.0000,-0.2589,TRACKING,prediction
1786998953.024,4.1,0.000,0.822,0.762,0.6319,-0.0885,6.20,0.03083,0.195,0.684,0.000,-1.0000,-0.6131,TRACKING,prediction
1786998953.048,4.1,0.000,0.822,0.762,0.6319,-0.0708,4.96,0.02466,0.195,0.685,0.000,-1.0000,-0.6657,TRACKING,prediction
1786998953.063,4.1,0.000,0.822,0.762,0.6319,-0.0566,3.97,0.01973,0.195,0.686,0.000,-1.0000,-0.6732,TRACKING,prediction
1786998953.092,4.1,0.000,0.774,0.776,0.5873,-0.1295,2.16,-0.32951,0.167,0.686,0.000,-1.0000,-0.6718,TRACKING,R+C
1786998953.109,4.1,0.000,0.774,0.782,0.5817,-0.1242,1.97,-0.31369,0.169,0.687,0.000,-1.0000,-0.6709,TRACKING,R+C
1786998953.124,4.1,0.000,0.760,0.788,0.5773,-0.1197,1.43,-0.31955,0.168,0.688,0.000,-1.0000,-0.6700,TRACKING,R+C
1786998953.139,4.1,0.000,0.778,0.796,0.5729,-0.1147,1.08,-0.29691,0.170,0.688,0.000,-1.0000,-0.6689,TRACKING,R+C
1786998953.154,4.1,0.000,0.762,0.807,0.5663,-0.1096,-0.06,-0.36287,0.164,0.689,0.000,-1.0000,-0.6679,TRACKING,R+C
1786998953.170,4.1,0.000,0.759,0.808,0.5599,-0.1046,-1.49,-0.44907,0.155,0.690,0.000,-1.0000,-0.6669,TRACKING,R+C
1786998953.186,4.1,0.000,0.752,0.815,0.5517,-0.0995,-3.36,-0.57821,0.150,0.690,0.000,-1.0000,-0.6659,TRACKING,R+C
1786998953.201,4.1,0.000,0.747,0.818,0.5469,-0.0916,-3.65,-0.59897,0.150,0.691,0.000,-1.0000,-0.6649,TRACKING,R+C
1786998953.217,4.1,0.000,0.743,0.827,0.5407,-0.0834,-4.40,-0.66190,0.150,0.691,0.000,-1.0000,-0.6638,TRACKING,R+C
1786998953.233,4.1,0.000,0.744,0.841,0.5337,-0.0756,-5.20,-0.71861,0.150,0.691,0.000,-0.9790,-0.6513,TRACKING,R+C
1786998953.249,4.1,0.724,0.738,0.848,0.5080,-0.0667,-5.99,-0.80452,0.150,0.692,0.000,-0.8836,-0.5962,TRACKING,L+C+R_fused
1786998953.263,4.1,0.000,0.738,0.853,0.5186,-0.0583,-6.94,-0.87763,0.150,0.692,0.000,-0.7732,-0.5264,TRACKING,R+C
1786998953.276,4.1,0.000,0.751,0.861,0.5106,-0.0518,-8.09,-0.98107,0.150,0.693,0.000,-0.6703,-0.4585,TRACKING,R+C
1786998953.290,4.1,0.000,0.749,0.865,0.5046,-0.0452,-8.16,-1.02956,0.150,0.693,0.000,-0.5855,-0.4010,TRACKING,R+C
1786998953.302,4.1,0.000,0.753,0.867,0.5021,-0.0420,-8.91,-1.13647,0.150,0.693,0.000,-0.5289,-0.3609,TRACKING,R+C
1786998953.684,4.1,0.730,0.752,0.868,0.4839,-0.0405,-9.09,-1.21546,0.150,0.694,0.000,-0.5120,-0.3457,TRACKING,L+C+R_fused
1786998953.701,4.1,0.862,0.759,0.870,0.4873,-0.0407,-8.71,-1.23898,0.150,0.694,0.000,-0.5332,-0.3554,TRACKING,L+C+R_fused
1786998953.714,4.1,0.000,0.766,0.867,0.5066,-0.0422,-9.26,-1.32776,0.150,0.694,0.000,-0.5488,-0.3657,TRACKING,R+C
1786998953.728,4.1,0.000,0.763,0.876,0.5106,-0.0415,-9.08,-1.37819,0.150,0.695,0.000,-0.5532,-0.3698,TRACKING,R+C
1786998953.753,4.1,0.000,0.773,0.865,0.5124,-0.0387,-8.18,-1.37564,0.150,0.695,0.000,-0.5443,-0.3655,TRACKING,R+C
1786998953.770,4.1,0.000,0.767,0.868,0.5146,-0.0347,-7.56,-1.41443,0.150,0.695,0.000,-0.5142,-0.3483,TRACKING,R+C
1786998953.784,4.1,0.000,0.766,0.872,0.5141,-0.0267,-6.51,-1.39018,0.150,0.695,0.000,-0.4269,-0.2970,TRACKING,R+C
1786998953.801,4.1,0.000,0.760,0.877,0.5112,-0.0168,-6.31,-1.45920,0.150,0.696,0.000,-0.2837,-0.2096,TRACKING,R+C
1786998953.816,4.1,0.000,0.761,0.886,0.5028,-0.0052,-5.70,-1.49578,0.150,0.696,0.000,-0.1158,-0.1028,TRACKING,R+C
1786998953.832,4.1,0.377,0.751,0.877,0.4828,0.0081,-4.07,-1.43890,0.150,0.696,0.000,0.0586,0.0111,TRACKING,L+C+R_fused
1786998953.851,4.1,0.953,0.755,0.579,0.4982,0.0199,-3.67,-1.50088,0.150,0.696,0.000,0.2361,0.1283,TRACKING,L+C+R_fused
1786998953.864,4.1,0.938,0.755,0.297,0.5352,0.0324,-2.24,-1.44588,0.150,0.696,0.000,0.3953,0.2360,TRACKING,L+C+R_fused
1786998953.881,4.1,0.925,0.760,0.539,0.5331,0.0413,-1.67,-1.47567,0.150,0.697,0.000,0.5069,0.3150,TRACKING,L+C+R_fused
1786998953.895,38.8,0.939,0.750,0.000,0.5538,0.0459,-2.90,-1.69596,0.150,0.697,0.000,0.5846,0.3699,TRACKING,L+C
1786998953.909,38.8,0.934,0.762,0.000,0.5514,0.0496,-1.73,-1.66520,0.150,0.697,0.000,0.6004,0.3868,TRACKING,L+C
1786998953.924,38.8,0.952,0.776,0.000,0.5537,0.0562,2.09,-1.37594,0.150,0.697,0.000,0.6005,0.3898,TRACKING,L+C
1786998953.938,38.8,0.939,0.760,0.000,0.5412,0.0569,0.57,-1.63592,0.150,0.697,0.000,0.6270,0.4041,TRACKING,L+C
1786998953.951,38.8,0.950,0.764,0.000,0.5405,0.0616,2.69,-1.49885,0.150,0.697,0.000,0.6367,0.4119,TRACKING,L+C
1786998953.964,38.8,0.903,0.754,0.000,0.5317,0.0636,2.13,-1.63216,0.150,0.698,0.000,0.6633,0.4275,TRACKING,L+C
1786998953.978,38.8,0.000,0.745,0.378,0.4269,0.0635,2.85,-1.60796,0.150,0.698,0.000,0.6412,0.4171,TRACKING,R+C
1786998953.992,38.8,0.000,0.758,0.000,0.4269,0.0610,3.93,-1.57736,0.150,0.698,0.000,0.5714,0.3755,TRACKING,C_only
1786998954.006,38.8,0.000,0.758,0.373,0.4495,0.0609,6.70,-1.38465,0.150,0.698,0.000,0.4946,0.3257,TRACKING,R+C
1786998954.023,38.8,0.000,0.759,0.373,0.4618,0.0588,8.11,-1.29487,0.150,0.698,0.000,0.4188,0.2752,TRACKING,R+C
1786998954.035,38.8,0.000,0.758,0.000,0.4618,0.0554,8.35,-1.34140,0.150,0.698,0.000,0.3445,0.2251,TRACKING,C_only
1786998954.047,38.8,0.000,0.759,0.000,0.4618,0.0534,9.35,-1.28599,0.150,0.698,0.000,0.2771,0.1795,TRACKING,C_only
1786998954.060,38.8,0.000,0.761,0.000,0.4618,0.0531,9.84,-1.26879,0.150,0.698,0.000,0.2519,0.1583,TRACKING,C_only
1786998956.250,5.5,0.000,0.759,0.000,0.4618,0.0540,10.39,-1.24666,0.150,0.698,0.000,0.2465,0.1520,TRACKING,C_only
1786998956.263,5.5,0.000,0.757,0.304,0.5394,0.0584,11.66,-1.15802,0.150,0.698,0.000,0.2779,0.1689,TRACKING,R+C
1786998956.282,5.5,0.000,0.756,0.379,0.5601,0.0631,12.47,-1.07791,0.150,0.699,0.000,0.3347,0.2038,TRACKING,R+C
1786998956.304,5.5,0.000,0.759,0.373,0.4844,0.0666,13.14,-1.03289,0.150,0.699,0.000,0.3694,0.2286,TRACKING,R+C
1786998956.317,5.5,0.000,0.763,0.379,0.5520,0.0691,13.39,-1.01858,0.150,0.699,0.000,0.4002,0.2496,TRACKING,R+C
1786998956.330,5.5,0.000,0.760,0.379,0.5549,0.0677,13.42,-1.01632,0.150,0.699,0.000,0.3768,0.2394,TRACKING,R+C
1786998956.346,5.5,0.000,0.748,0.379,0.5646,0.0642,14.09,-0.96996,0.150,0.699,0.000,0.2968,0.1925,TRACKING,R+C
1786998956.363,5.5,0.000,0.748,0.379,0.5646,0.0514,11.27,-0.77597,0.150,0.699,0.000,0.2968,0.1857,TRACKING,prediction
1786998956.378,5.5,0.000,0.748,0.379,0.5646,0.0411,9.02,-0.62077,0.150,0.699,0.000,0.2968,0.1846,TRACKING,prediction
1786998956.408,5.5,0.000,0.748,0.379,0.5646,0.0329,7.22,-0.49662,0.150,0.692,0.000,0.2968,0.1844,TRACKING,prediction
1786998956.423,5.5,0.000,0.748,0.379,0.5646,0.0263,5.77,-0.39729,0.150,0.677,0.000,0.2968,0.1855,TRACKING,prediction
1786998956.452,5.5,0.000,0.748,0.379,0.5646,0.0210,4.62,-0.31784,0.150,0.657,0.000,0.2968,0.1880,TRACKING,prediction
1786998956.469,5.5,0.000,0.748,0.379,0.5646,0.0168,3.69,-0.25427,0.150,0.634,0.000,0.2968,0.1916,TRACKING,prediction
1786998956.490,5.5,0.000,0.745,0.801,0.6107,0.0103,16.51,-0.85601,0.150,0.637,0.000,-0.6789,-0.2965,TRACKING,R+C
1786998956.505,5.5,0.000,0.745,0.801,0.6107,0.0083,13.21,-0.68480,0.150,0.640,0.000,-0.6789,-0.4553,TRACKING,prediction
1786998956.520,5.5,0.000,0.745,0.801,0.6107,0.0066,10.57,-0.54784,0.150,0.643,0.000,-0.6789,-0.4779,TRACKING,prediction
1786998956.536,5.5,0.000,0.745,0.801,0.6107,0.0053,8.45,-0.43827,0.150,0.646,0.000,-0.6789,-0.4801,TRACKING,prediction
1786998956.551,5.5,0.000,0.745,0.801,0.6107,0.0042,6.76,-0.35062,0.150,0.649,0.000,-0.6789,-0.4793,TRACKING,prediction
1786998956.567,5.5,0.000,0.745,0.801,0.6107,0.0034,5.41,-0.28050,0.150,0.651,0.000,-0.6789,-0.4782,TRACKING,prediction
1786998956.586,5.5,0.000,0.745,0.801,0.6107,0.0027,4.33,-0.22440,0.150,0.654,0.000,-0.6789,-0.4770,TRACKING,prediction
1786998956.601,5.5,0.000,0.745,0.801,0.6107,0.0022,3.46,-0.17952,0.150,0.656,0.000,-0.6789,-0.4758,TRACKING,prediction
1786998956.624,5.5,0.000,0.745,0.801,0.6107,0.0017,2.77,-0.14361,0.150,0.658,0.000,-0.6789,-0.4748,TRACKING,prediction
1786998956.654,5.5,0.000,0.769,0.803,0.6347,-0.0350,14.72,-0.81690,0.150,0.660,0.000,-1.0000,-0.6573,TRACKING,R+C
1786998956.673,5.5,0.000,0.769,0.803,0.6347,-0.0280,11.78,-0.65352,0.150,0.662,0.000,-1.0000,-0.6828,TRACKING,prediction
1786998957.019,5.5,0.000,0.769,0.803,0.6347,-0.0224,9.42,-0.52281,0.150,0.664,0.000,-1.0000,-0.6855,TRACKING,prediction
1786998957.034,5.5,0.000,0.766,0.812,0.6405,-0.0500,14.10,-0.78514,0.150,0.666,0.000,-1.0000,-0.6857,TRACKING,R+C
1786998957.049,5.5,0.000,0.766,0.812,0.6405,-0.0400,11.28,-0.62811,0.150,0.668,0.000,-1.0000,-0.6846,TRACKING,prediction
1786998957.066,5.5,0.000,0.766,0.812,0.6405,-0.0320,9.02,-0.50249,0.150,0.669,0.000,-1.0000,-0.6835,TRACKING,prediction
1786998957.084,5.5,0.000,0.766,0.812,0.6405,-0.0256,7.22,-0.40199,0.150,0.671,0.000,-1.0000,-0.6824,TRACKING,prediction
1786998957.101,5.5,0.000,0.766,0.812,0.6405,-0.0205,5.78,-0.32159,0.150,0.672,0.000,-1.0000,-0.6814,TRACKING,prediction
1786998957.118,5.5,0.000,0.766,0.812,0.6405,-0.0164,4.62,-0.25727,0.150,0.674,0.000,-1.0000,-0.6804,TRACKING,prediction
1786998957.134,5.5,0.000,0.766,0.812,0.6405,-0.0131,3.70,-0.20582,0.150,0.675,0.000,-1.0000,-0.6795,TRACKING,prediction
1786998957.151,5.5,0.000,0.766,0.812,0.6405,-0.0105,2.96,-0.16466,0.150,0.676,0.000,-1.0000,-0.6786,TRACKING,prediction
1786998957.167,5.5,0.000,0.766,0.812,0.6405,-0.0084,2.37,-0.13172,0.150,0.677,0.000,-1.0000,-0.6778,TRACKING,prediction
1786998957.188,5.5,0.000,0.766,0.812,0.6405,-0.0067,1.89,-0.10538,0.150,0.678,0.000,-1.0000,-0.6770,TRACKING,prediction
1786998957.204,5.5,0.000,0.766,0.812,0.6405,-0.0054,1.51,-0.08430,0.150,0.673,0.000,-1.0000,-0.6763,TRACKING,prediction
1786998957.219,5.5,0.000,0.766,0.812,0.6405,-0.0043,1.21,-0.06744,0.150,0.660,0.000,-1.0000,-0.6791,TRACKING,prediction
1786998957.251,37.0,0.000,0.766,0.812,0.6405,-0.0034,0.97,-0.05395,0.150,0.641,0.000,-1.0000,-0.6872,TRACKING,prediction
1786998957.282,37.0,0.000,0.766,0.812,0.6405,-0.0028,0.78,-0.04316,0.150,0.619,0.000,-1.0000,-0.6991,TRACKING,prediction
1786998957.313,37.0,0.000,0.766,0.812,0.6405,-0.0022,0.62,-0.03453,0.150,0.580,0.000,-1.0000,-0.7133,UNCERTAIN,prediction
1786998957.327,37.0,0.000,0.766,0.812,0.6405,-0.0018,0.50,-0.02762,0.150,0.553,0.000,-1.0000,-0.7372,UNCERTAIN,prediction
1786998957.344,37.0,0.000,0.766,0.812,0.6405,-0.0014,0.40,-0.02210,0.150,0.533,0.000,-1.0000,-0.7559,UNCERTAIN,prediction
1786998957.374,37.0,0.000,0.766,0.812,0.6405,-0.0011,0.32,-0.01768,0.150,0.512,0.000,-1.0000,-0.7699,UNCERTAIN,prediction
1786998957.389,37.0,0.000,0.766,0.812,0.6405,-0.0009,0.25,-0.01414,0.150,0.490,0.000,-1.0000,-0.7839,UNCERTAIN,prediction
1786998957.406,37.0,0.000,0.766,0.812,0.6405,-0.0007,0.20,-0.01132,0.150,0.468,0.000,-1.0000,-0.7982,UNCERTAIN,prediction
1786998957.420,37.0,0.000,0.766,0.812,0.6405,-0.0006,0.16,-0.00905,0.150,0.446,0.000,-1.0000,-0.8124,UNCERTAIN,prediction
1786998957.448,37.0,0.000,0.832,0.811,0.5800,-0.0831,7.40,-0.68327,0.150,0.459,0.000,-1.0000,-0.8264,TRACKING,R+C
1786998957.464,37.0,0.000,0.832,0.811,0.5800,-0.0665,5.92,-0.54661,0.150,0.471,0.000,-1.0000,-0.8214,TRACKING,prediction
1786998957.477,37.0,0.000,0.831,0.822,0.5731,-0.0799,7.04,-0.63794,0.150,0.482,0.000,-1.0000,-0.8136,TRACKING,R+C
1786998957.492,37.0,0.000,0.835,0.827,0.5712,-0.0795,6.99,-0.62365,0.150,0.493,0.000,-1.0000,-0.8061,TRACKING,R+C
1786998957.506,37.0,0.000,0.829,0.827,0.5738,-0.0824,6.96,-0.59503,0.150,0.504,0.000,-1.0000,-0.7990,TRACKING,R+C
1786998957.520,37.0,0.000,0.820,0.817,0.5728,-0.0904,4.29,-0.84599,0.150,0.514,0.000,-1.0000,-0.7926,TRACKING,R+C
1786998957.535,37.0,0.000,0.834,0.815,0.5731,-0.0920,6.10,-0.66995,0.150,0.523,0.000,-1.0000,-0.7862,TRACKING,R+C
1786998957.549,37.0,0.000,0.834,0.819,0.5729,-0.0940,5.82,-0.68104,0.150,0.532,0.000,-1.0000,-0.7802,TRACKING,R+C
1786998957.570,37.0,0.000,0.834,0.819,0.5729,-0.0752,4.65,-0.54483,0.150,0.540,0.000,-1.0000,-0.7743,TRACKING,prediction
1786998957.600,37.0,0.000,0.834,0.819,0.5729,-0.0601,3.72,-0.43587,0.150,0.548,0.000,-1.0000,-0.7687,TRACKING,prediction
1786998957.616,37.0,0.000,0.834,0.819,0.5729,-0.0481,2.98,-0.34869,0.150,0.556,0.000,-1.0000,-0.7634,TRACKING,prediction
1786998957.639,37.0,0.000,0.834,0.819,0.5729,-0.0385,2.38,-0.27895,0.150,0.563,0.000,-1.0000,-0.7584,TRACKING,prediction
1786998957.653,37.0,0.000,0.823,0.831,0.5503,-0.0755,3.79,-0.75610,0.150,0.570,0.000,-1.0000,-0.7518,TRACKING,R+C
1786998957.669,37.0,0.000,0.823,0.831,0.5503,-0.0604,3.03,-0.60488,0.150,0.576,0.000,-1.0000,-0.7473,TRACKING,prediction
1786998957.692,37.0,0.000,0.823,0.840,0.5421,-0.0661,4.71,-0.65612,0.150,0.582,0.000,-1.0000,-0.7422,TRACKING,R+C
1786998957.707,37.0,0.000,0.821,0.843,0.5371,-0.0645,4.63,-0.65191,0.150,0.588,0.000,-1.0000,-0.7379,TRACKING,R+C
1786998957.722,37.0,0.000,0.821,0.843,0.5371,-0.0516,3.70,-0.52153,0.150,0.594,0.000,-1.0000,-0.7340,TRACKING,prediction
1786998957.739,37.0,0.000,0.821,0.843,0.5371,-0.0413,2.96,-0.41722,0.150,0.599,0.000,-1.0000,-0.7303,TRACKING,prediction
1786998957.756,37.0,0.000,0.821,0.843,0.5371,-0.0330,2.37,-0.33378,0.150,0.604,0.000,-1.0000,-0.7267,TRACKING,prediction
1786998957.772,37.0,0.000,0.821,0.843,0.5371,-0.0264,1.90,-0.26702,0.150,0.609,0.000,-1.0000,-0.7233,TRACKING,prediction
1786998961.921,6.2,0.000,0.821,0.843,0.5371,-0.0211,1.52,-0.21362,0.150,0.614,0.000,-1.0000,-0.7201,TRACKING,prediction
1786998961.938,6.2,0.000,0.821,0.843,0.5371,-0.0169,1.21,-0.17089,0.150,0.618,0.000,-1.0000,-0.7171,TRACKING,prediction
1786998961.957,6.2,0.000,0.821,0.843,0.5371,-0.0135,0.97,-0.13672,0.150,0.622,0.000,-1.0000,-0.7142,TRACKING,prediction
1786998961.981,6.2,0.000,0.821,0.843,0.5371,-0.0108,0.78,-0.10937,0.150,0.626,0.000,-1.0000,-0.7114,TRACKING,prediction
1786998962.009,6.2,0.000,0.821,0.843,0.5371,-0.0087,0.62,-0.08750,0.150,0.630,0.000,-1.0000,-0.7088,TRACKING,prediction
1786998962.024,6.2,0.000,0.821,0.843,0.5371,-0.0069,0.50,-0.07000,0.150,0.633,0.000,-1.0000,-0.7063,TRACKING,prediction
1786998962.042,6.2,0.000,0.821,0.843,0.5371,-0.0055,0.40,-0.05600,0.150,0.634,0.000,-1.0000,-0.7040,TRACKING,prediction
1786998962.056,6.2,0.000,0.829,0.839,0.5257,-0.0624,2.68,-0.71025,0.150,0.638,0.000,-1.0000,-0.7022,TRACKING,R+C
1786998962.071,6.2,0.000,0.823,0.845,0.5220,-0.0628,2.83,-0.71140,0.150,0.641,0.000,-1.0000,-0.7003,TRACKING,R+C
1786998962.088,6.2,0.000,0.823,0.845,0.5220,-0.0502,2.26,-0.56912,0.150,0.644,0.000,-1.0000,-0.6982,TRACKING,prediction
1786998962.110,6.2,0.000,0.817,0.848,0.5110,-0.0560,2.36,-0.78119,0.150,0.647,0.000,-0.9792,-0.6839,TRACKING,R+C
1786998962.120,6.2,0.000,0.820,0.853,0.5072,-0.0505,3.28,-0.68581,0.150,0.649,0.000,-0.9412,-0.6582,TRACKING,R+C
1786998962.145,6.2,0.000,0.812,0.854,0.5022,-0.0477,2.26,-0.78106,0.150,0.652,0.000,-0.8981,-0.6281,TRACKING,R+C
1786998962.158,6.2,0.000,0.820,0.859,0.5016,-0.0454,2.47,-0.75432,0.150,0.654,0.000,-0.8774,-0.6103,TRACKING,R+C
1786998962.173,6.2,0.000,0.820,0.859,0.5016,-0.0363,1.97,-0.60346,0.150,0.657,0.000,-0.8774,-0.6065,TRACKING,prediction
1786998962.186,6.2,0.000,0.819,0.863,0.5022,-0.0428,1.94,-0.79078,0.150,0.659,0.000,-0.8395,-0.5830,TRACKING,R+C
1786998967.677,2.8,0.000,0.812,0.860,0.5036,-0.0370,2.57,-0.74775,0.150,0.661,0.000,-0.7872,-0.5484,TRACKING,R+C
1786998967.692,2.8,0.000,0.802,0.868,0.5030,-0.0320,2.01,-0.79444,0.150,0.663,0.000,-0.7148,-0.5009,TRACKING,R+C
1786998967.706,2.8,0.000,0.805,0.859,0.5016,-0.0276,2.27,-0.76868,0.150,0.665,0.000,-0.6637,-0.4636,TRACKING,R+C
1786998967.725,2.8,0.000,0.808,0.873,0.5039,-0.0259,2.26,-0.76444,0.150,0.666,0.000,-0.6406,-0.4441,TRACKING,R+C
1786998967.742,2.8,0.000,0.805,0.875,0.5075,-0.0272,2.17,-0.78422,0.150,0.668,0.000,-0.6569,-0.4500,TRACKING,R+C
1786998967.756,2.8,0.000,0.796,0.872,0.5108,-0.0314,1.74,-0.83019,0.150,0.670,0.000,-0.7046,-0.4775,TRACKING,R+C
1786998967.770,2.8,0.000,0.794,0.861,0.5167,-0.0374,1.15,-0.89101,0.150,0.671,0.000,-0.7666,-0.5163,TRACKING,R+C
1786998967.787,2.8,0.000,0.792,0.861,0.5237,-0.0422,1.94,-0.84838,0.150,0.673,0.000,-0.8393,-0.5627,TRACKING,R+C
1786998967.814,2.8,0.000,0.780,0.851,0.5284,-0.0496,1.87,-0.88839,0.150,0.674,0.000,-0.9186,-0.6138,TRACKING,R+C
1786998967.839,2.8,0.000,0.787,0.848,0.5374,-0.0598,2.18,-0.87761,0.150,0.675,0.000,-1.0000,-0.6667,TRACKING,R+C
1786998967.852,2.8,0.000,0.798,0.837,0.5486,-0.0725,2.70,-0.85068,0.150,0.677,0.000,-1.0000,-0.6748,TRACKING,R+C
1786998967.866,2.8,0.000,0.804,0.833,0.5594,-0.0856,3.48,-0.80536,0.150,0.678,0.000,-1.0000,-0.6764,TRACKING,R+C
1786998967.879,2.8,0.000,0.805,0.823,0.5671,-0.0993,4.07,-0.77718,0.150,0.679,0.000,-1.0000,-0.6770,TRACKING,R+C
1786998967.905,2.8,0.000,0.825,0.815,0.5750,-0.1114,4.94,-0.71063,0.150,0.680,0.000,-1.0000,-0.6773,TRACKING,R+C
1786998967.931,2.8,0.000,0.825,0.815,0.5750,-0.0891,3.95,-0.56850,0.150,0.681,0.000,-1.0000,-0.6766,TRACKING,prediction
1786998967.944,2.8,0.000,0.862,0.807,0.5819,-0.1256,5.64,-0.62525,0.150,0.682,0.000,-1.0000,-0.6771,TRACKING,R+C
1786998967.957,2.8,0.000,0.855,0.795,0.5820,-0.1295,4.97,-0.70165,0.150,0.683,0.000,-1.0000,-0.6768,TRACKING,R+C
1786998967.974,2.8,0.000,0.855,0.795,0.5820,-0.1036,3.97,-0.56132,0.150,0.684,0.000,-1.0000,-0.6762,TRACKING,prediction
1786998967.996,2.8,0.000,0.855,0.795,0.5820,-0.0829,3.18,-0.44906,0.150,0.684,0.000,-1.0000,-0.6756,TRACKING,prediction
1786998968.010,2.8,0.000,0.866,0.798,0.5869,-0.1368,4.14,-0.74085,0.150,0.685,0.000,-1.0000,-0.6755,TRACKING,R+C
1786998968.026,2.8,0.000,0.870,0.790,0.5867,-0.1421,4.15,-0.72458,0.150,0.686,0.000,-1.0000,-0.6753,TRACKING,R+C
1786998969.735,10.2,0.000,0.870,0.790,0.5867,-0.1137,3.32,-0.57967,0.150,0.687,0.000,-1.0000,-0.6748,TRACKING,prediction
1786998969.754,10.2,0.000,0.870,0.790,0.5867,-0.0910,2.65,-0.46373,0.150,0.687,0.000,-1.0000,-0.6744,TRACKING,prediction
1786998969.773,10.2,0.000,0.870,0.790,0.5867,-0.0728,2.12,-0.37099,0.150,0.688,0.000,-1.0000,-0.6739,TRACKING,prediction
1786998969.791,10.2,0.000,0.870,0.790,0.5867,-0.0582,1.70,-0.29679,0.150,0.689,0.000,-1.0000,-0.6735,TRACKING,prediction
1786998969.809,10.2,0.000,0.906,0.788,0.5863,-0.1593,4.58,-0.67387,0.150,0.689,0.000,-1.0000,-0.6745,TRACKING,R+C
1786998969.829,10.2,0.904,0.792,0.000,0.5843,0.1948,19.25,-0.89651,0.150,0.690,0.000,1.0000,-0.2073,TRACKING,L+C
1786998969.859,10.2,0.909,0.783,0.000,0.5832,0.1996,19.83,-0.86467,0.150,0.690,0.000,1.0000,0.2232,TRACKING,L+C
1786998969.875,10.2,0.909,0.783,0.000,0.5832,0.1596,15.87,-0.69173,0.150,0.691,0.000,1.0000,0.5967,TRACKING,prediction
1786998969.895,10.2,0.909,0.783,0.000,0.5832,0.1277,12.69,-0.55339,0.150,0.691,0.000,1.0000,0.6524,TRACKING,prediction
1786998969.912,10.2,0.909,0.783,0.000,0.5832,0.1022,10.15,-0.44271,0.150,0.692,0.000,1.0000,0.6605,TRACKING,prediction
1786998969.929,10.2,0.000,0.882,0.792,0.5802,-0.1414,2.46,-0.77373,0.150,0.692,0.000,-1.0000,0.1796,TRACKING,R+C
1786998969.953,10.2,0.000,0.881,0.797,0.5785,-0.1368,2.37,-0.77145,0.150,0.692,0.000,-1.0000,-0.2420,TRACKING,R+C
1786998972.450,4.4,0.000,0.881,0.797,0.5785,-0.1095,1.90,-0.61716,0.150,0.693,0.000,-1.0000,-0.6054,TRACKING,prediction
1786998972.465,4.4,0.000,0.881,0.797,0.5785,-0.0876,1.52,-0.49373,0.150,0.693,0.000,-1.0000,-0.6597,TRACKING,prediction
1786998972.481,4.4,0.000,0.881,0.797,0.5785,-0.0701,1.21,-0.39498,0.150,0.693,0.000,-1.0000,-0.6676,TRACKING,prediction
1786998972.497,4.4,0.000,0.876,0.789,0.5775,-0.1410,1.13,-0.92458,0.150,0.694,0.000,-1.0000,-0.6690,TRACKING,R+C
1786998972.510,4.4,0.000,0.883,0.789,0.5817,-0.1467,0.89,-0.98720,0.150,0.694,0.000,-1.0000,-0.6696,TRACKING,R+C
1786998972.535,4.4,0.000,0.883,0.789,0.5817,-0.1174,0.72,-0.78976,0.150,0.694,0.000,-1.0000,-0.6694,TRACKING,prediction
1786998972.551,4.4,0.000,0.881,0.780,0.5917,-0.1529,2.29,-0.86533,0.150,0.695,0.000,-1.0000,-0.6698,TRACKING,R+C
1786998972.566,4.4,0.876,0.779,0.000,0.5957,0.2033,18.69,-0.80896,0.150,0.695,0.000,1.0000,-0.2043,TRACKING,L+C
1786998972.580,4.4,0.876,0.782,0.000,0.5945,0.2036,18.31,-0.82882,0.150,0.695,0.000,1.0000,0.2209,TRACKING,L+C
1786998972.596,4.4,0.000,0.854,0.776,0.5934,-0.1486,0.90,-1.05267,0.150,0.695,0.000,-1.0000,-0.2596,TRACKING,R+C
1786998972.613,4.4,0.000,0.859,0.783,0.5916,-0.1465,-0.22,-1.14547,0.150,0.696,0.000,-1.0000,-0.6071,TRACKING,R+C
1786998972.643,4.4,0.000,0.856,0.788,0.5890,-0.1414,0.24,-1.11330,0.150,0.696,0.000,-1.0000,-0.6589,TRACKING,R+C
1786998972.657,4.4,0.000,0.851,0.786,0.5873,-0.1350,1.10,-1.03700,0.150,0.696,0.000,-1.0000,-0.6661,TRACKING,R+C
1786998972.675,4.4,0.000,0.843,0.785,0.5904,-0.1293,1.46,-0.99190,0.150,0.696,0.000,-1.0000,-0.6667,TRACKING,R+C
1786998972.689,4.4,0.000,0.838,0.783,0.5893,-0.1232,1.64,-0.98961,0.150,0.696,0.000,-1.0000,-0.6663,TRACKING,R+C
1786998972.703,4.4,0.000,0.831,0.781,0.5885,-0.1177,1.77,-0.98414,0.150,0.697,0.000,-1.0000,-0.6657,TRACKING,R+C
1786998972.718,4.4,0.000,0.821,0.786,0.5874,-0.1132,1.20,-1.08299,0.150,0.697,0.000,-1.0000,-0.6654,TRACKING,R+C
1786998972.747,4.4,0.000,0.821,0.782,0.5871,-0.1090,0.79,-1.14121,0.150,0.697,0.000,-1.0000,-0.6650,TRACKING,R+C
1786998972.763,4.4,0.000,0.818,0.784,0.5829,-0.1050,0.60,-1.18463,0.150,0.697,0.000,-1.0000,-0.6646,TRACKING,R+C
1786998972.778,4.4,0.000,0.815,0.795,0.5758,-0.0990,0.94,-1.22755,0.150,0.697,0.000,-1.0000,-0.6643,TRACKING,R+C
1786998972.792,4.4,0.000,0.812,0.798,0.5785,-0.0946,1.25,-1.20747,0.150,0.697,0.000,-1.0000,-0.6638,TRACKING,R+C
1786998972.814,4.4,0.000,0.807,0.805,0.5772,-0.0899,0.82,-1.30126,0.150,0.698,0.000,-1.0000,-0.6635,TRACKING,R+C
1786998972.830,4.4,0.000,0.807,0.805,0.5772,-0.0719,0.66,-1.04101,0.150,0.698,0.000,-1.0000,-0.6634,TRACKING,prediction
1786998973.235,4.4,0.000,0.807,0.805,0.5772,-0.0575,0.53,-0.83281,0.150,0.698,0.000,-1.0000,-0.6633,TRACKING,prediction
1786998973.249,4.4,0.000,0.807,0.809,0.5715,-0.0745,0.55,-1.45001,0.150,0.698,0.000,-1.0000,-0.6624,TRACKING,R+C
1786998973.263,4.4,0.000,0.794,0.807,0.5705,-0.0667,1.89,-1.37725,0.150,0.698,0.000,-1.0000,-0.6619,TRACKING,R+C
1786998973.287,4.4,0.000,0.794,0.807,0.5705,-0.0534,1.52,-1.10180,0.150,0.698,0.000,-1.0000,-0.6618,TRACKING,prediction
1786998973.313,4.4,0.000,0.794,0.763,0.5692,-0.0582,1.86,-1.50603,0.150,0.698,0.000,-1.0000,-0.6615,TRACKING,R+C
1786998973.328,4.4,0.000,0.792,0.825,0.5767,-0.0569,2.76,-1.44444,0.150,0.698,0.000,-1.0000,-0.6614,TRACKING,R+C
1786998973.342,4.4,0.000,0.795,0.810,0.5854,-0.0594,3.33,-1.44662,0.150,0.698,0.000,-1.0000,-0.6618,TRACKING,R+C
1786998973.359,4.4,0.000,0.800,0.749,0.5908,-0.0653,3.08,-1.51466,0.150,0.698,0.000,-1.0000,-0.6623,TRACKING,R+C
1786998973.372,4.4,0.000,0.800,0.749,0.5908,-0.0522,2.46,-1.21173,0.150,0.699,0.000,-1.0000,-0.6623,TRACKING,prediction
1786998973.390,4.4,0.000,0.798,0.696,0.6116,-0.0762,6.61,-1.27724,0.150,0.699,0.000,-1.0000,-0.6636,TRACKING,R+C
1786998973.404,4.4,0.000,0.795,0.659,0.6431,-0.0838,8.32,-1.12888,0.150,0.699,0.000,-1.0000,-0.6644,TRACKING,R+C
1786998973.422,4.4,0.000,0.795,0.659,0.6431,-0.0671,6.65,-0.90310,0.150,0.699,0.000,-1.0000,-0.6643,TRACKING,prediction
1786998973.437,4.4,0.000,0.808,0.654,0.6635,-0.0972,11.25,-0.83292,0.150,0.699,0.000,-1.0000,-0.6655,TRACKING,R+C
1786998973.458,35.7,0.000,0.808,0.654,0.6635,-0.0777,9.00,-0.66634,0.150,0.699,0.000,-1.0000,-0.6655,TRACKING,prediction
1786998973.474,35.7,0.000,0.808,0.654,0.6635,-0.0622,7.20,-0.53307,0.150,0.699,0.000,-1.0000,-0.6655,TRACKING,prediction
1786998973.491,35.7,0.000,0.816,0.643,0.6779,-0.0991,15.69,-0.27747,0.172,0.699,0.000,-1.0000,-0.6654,TRACKING,R+C
1786998973.508,35.7,0.000,0.821,0.641,0.6787,-0.0975,16.05,-0.19541,0.180,0.699,0.000,-1.0000,-0.6651,TRACKING,R+C
1786998973.526,35.7,0.000,0.833,0.631,0.6795,-0.0957,16.11,-0.14137,0.186,0.699,0.000,-1.0000,-0.6647,TRACKING,R+C
1786998973.540,35.7,0.000,0.830,0.627,0.6719,-0.0931,16.80,-0.02651,0.197,0.699,0.000,-1.0000,-0.6643,TRACKING,R+C
1786998973.557,35.7,0.000,0.830,0.627,0.6719,-0.0744,13.44,-0.02121,0.197,0.699,0.000,-1.0000,-0.6643,TRACKING,prediction
1786998973.584,35.7,0.000,0.830,0.627,0.6719,-0.0596,10.75,-0.01697,0.197,0.699,0.000,-1.0000,-0.6642,TRACKING,prediction
1786998973.605,35.7,0.000,0.830,0.627,0.6719,-0.0476,8.60,-0.01357,0.197,0.699,0.000,-1.0000,-0.6642,TRACKING,prediction
1786998973.620,35.7,0.000,0.827,0.648,0.6633,-0.0986,14.98,0.06482,0.194,0.699,0.000,-1.0000,-0.6637,TRACKING,R+C
1786998973.640,35.7,0.000,0.827,0.648,0.6633,-0.0789,11.98,0.05186,0.194,0.699,0.000,-1.0000,-0.6636,TRACKING,prediction
1786998973.658,35.7,0.000,0.839,0.652,0.6589,-0.1044,13.61,0.08212,0.192,0.699,0.000,-1.0000,-0.6635,TRACKING,R+C
1786998973.674,35.7,0.000,0.831,0.653,0.6537,-0.1046,12.46,0.05872,0.194,0.699,0.000,-1.0000,-0.6632,TRACKING,R+C
1786998973.691,35.7,0.000,0.831,0.653,0.6537,-0.0837,9.96,0.04697,0.194,0.699,0.000,-1.0000,-0.6632,TRACKING,prediction
1786998973.706,35.7,0.000,0.828,0.654,0.6380,-0.1019,10.87,0.04984,0.195,0.699,0.000,-1.0000,-0.6624,TRACKING,R+C
1786998973.722,35.7,0.000,0.825,0.653,0.6318,-0.0995,10.13,0.05335,0.195,0.699,0.000,-1.0000,-0.6619,TRACKING,R+C
1786998973.737,35.7,0.000,0.828,0.652,0.6234,-0.0967,9.27,0.03563,0.196,0.699,0.000,-1.0000,-0.6614,TRACKING,R+C
1786998973.754,35.7,0.000,0.826,0.653,0.6152,-0.0932,8.63,0.03524,0.196,0.700,0.000,-0.9871,-0.6539,TRACKING,R+C
1786998973.770,35.7,0.000,0.815,0.650,0.6077,-0.0899,7.68,0.01285,0.199,0.700,0.000,-0.9407,-0.6274,TRACKING,R+C
1786998973.786,35.7,0.000,0.809,0.649,0.5985,-0.0850,7.14,0.01134,0.199,0.700,0.000,-0.9026,-0.6024,TRACKING,R+C
1786998973.800,35.7,0.000,0.803,0.651,0.5898,-0.0800,6.25,-0.02353,0.198,0.700,0.000,-0.8671,-0.5789,TRACKING,R+C
1786998973.829,35.7,0.000,0.793,0.644,0.5832,-0.0746,5.35,-0.04985,0.195,0.700,0.000,-0.8331,-0.5562,TRACKING,R+C
1786998973.846,35.7,0.375,0.789,0.641,0.4372,-0.0687,4.81,-0.06264,0.194,0.700,0.000,-0.7912,-0.5295,TRACKING,L+C+R_fused
1786998973.864,35.7,0.000,0.783,0.640,0.5669,-0.0653,3.76,-0.10802,0.189,0.700,0.000,-0.7758,-0.5166,TRACKING,R+C
1786998973.881,35.7,0.000,0.783,0.621,0.5587,-0.0618,3.41,-0.11587,0.188,0.700,0.000,-0.7463,-0.4981,TRACKING,R+C
1786998973.895,35.7,0.000,0.779,0.621,0.5588,-0.0629,2.55,-0.15871,0.184,0.700,0.000,-0.7651,-0.5055,TRACKING,R+C
1786998973.913,35.7,0.935,0.763,0.634,0.5442,-0.0665,1.23,-0.27214,0.173,0.700,0.000,-0.8514,-0.5537,TRACKING,L+C+R_fused
1786998973.929,35.7,0.930,0.739,0.630,0.5888,-0.0715,-0.49,-0.41065,0.159,0.700,0.000,-0.9454,-0.6121,TRACKING,L+C+R_fused
1786998973.951,35.7,0.936,0.721,0.632,0.5420,-0.0781,-2.43,-0.56204,0.150,0.700,0.000,-1.0000,-0.6508,TRACKING,L+C+R_fused
1786998973.981,35.7,0.924,0.717,0.640,0.5431,-0.0834,-3.89,-0.67579,0.150,0.700,0.000,-1.0000,-0.6568,TRACKING,L+C+R_fused
1786998974.009,35.7,0.950,0.705,0.642,0.4941,-0.0857,-4.15,-0.71597,0.150,0.700,0.000,-1.0000,-0.6579,TRACKING,L+C+R_fused
1786998974.027,35.7,0.623,0.698,0.641,0.4814,-0.0890,-5.04,-0.79350,0.150,0.700,0.000,-1.0000,-0.6582,TRACKING,L+C+R_fused
1786998974.043,35.7,0.000,0.691,0.637,0.5605,-0.0910,-6.08,-0.87925,0.150,0.700,0.000,-1.0000,-0.6583,TRACKING,R+C
1786998974.061,35.7,0.000,0.689,0.638,0.5581,-0.0920,-7.33,-0.96793,0.150,0.700,0.000,-1.0000,-0.6583,TRACKING,R+C
1786998974.078,35.7,0.000,0.687,0.631,0.5515,-0.0899,-8.73,-1.06246,0.150,0.700,0.000,-1.0000,-0.6580,TRACKING,R+C
1786998974.419,35.7,0.611,0.686,0.629,0.4643,-0.0836,-9.84,-1.14317,0.150,0.700,0.000,-0.9883,-0.6510,TRACKING,L+C+R_fused
1786998974.437,35.7,0.942,0.683,0.626,0.4851,-0.0740,-10.08,-1.18445,0.150,0.700,0.000,-0.8961,-0.5993,TRACKING,L+C+R_fused
1786998974.453,35.7,0.899,0.685,0.621,0.5088,-0.0649,-10.57,-1.22127,0.150,0.700,0.000,-0.7888,-0.5324,TRACKING,L+C+R_fused
1786998974.481,37.2,0.903,0.686,0.618,0.5117,-0.0563,-11.38,-1.29137,0.150,0.700,0.000,-0.6668,-0.4550,TRACKING,L+C+R_fused
1786998974.498,37.2,0.910,0.686,0.623,0.5059,-0.0471,-12.24,-1.36799,0.150,0.700,0.000,-0.5199,-0.3621,TRACKING,L+C+R_fused
1786998974.517,37.2,0.901,0.687,0.623,0.5046,-0.0395,-13.67,-1.46784,0.150,0.700,0.000,-0.3642,-0.2619,TRACKING,L+C+R_fused
1786998974.534,37.2,0.897,0.688,0.628,0.5005,-0.0278,-13.35,-1.49662,0.150,0.700,0.000,-0.1842,-0.1466,TRACKING,L+C+R_fused
1786998974.550,37.2,0.896,0.689,0.635,0.4951,-0.0164,-13.42,-1.55200,0.150,0.700,0.000,0.0078,-0.0222,TRACKING,L+C+R_fused
1786998974.582,37.2,0.891,0.702,0.646,0.4938,-0.0069,-13.22,-1.58797,0.150,0.700,0.000,0.1609,0.0825,TRACKING,L+C+R_fused
1786998974.612,37.2,0.899,0.710,0.657,0.4878,0.0013,-12.96,-1.63185,0.150,0.700,0.000,0.2816,0.1659,TRACKING,L+C+R_fused
1786998974.629,37.2,0.899,0.720,0.654,0.4652,0.0067,-12.74,-1.67027,0.150,0.700,0.000,0.3562,0.2202,TRACKING,L+C+R_fused
1786998974.661,37.2,0.899,0.720,0.703,0.4924,0.0086,-12.62,-1.71855,0.150,0.700,0.000,0.3742,0.2381,TRACKING,L+C+R_fused
1786998974.676,37.2,0.909,0.722,0.697,0.5030,0.0129,-10.76,-1.70987,0.150,0.700,0.000,0.3718,0.2389,TRACKING,L+C+R_fused
1786998974.697,37.2,0.903,0.725,0.664,0.5040,0.0144,-9.90,-1.72867,0.150,0.700,0.000,0.3598,0.2319,TRACKING,L+C+R_fused
1786998974.717,37.2,0.903,0.722,0.674,0.5165,0.0159,-9.11,-1.77298,0.150,0.700,0.000,0.3451,0.2221,TRACKING,L+C+R_fused
1786998974.738,37.2,0.910,0.721,0.596,0.4731,0.0174,-8.06,-1.79894,0.150,0.700,0.000,0.3233,0.2079,TRACKING,L+C+R_fused
1786998974.754,37.2,0.945,0.720,0.726,0.4781,0.0184,-6.84,-1.80170,0.150,0.700,0.000,0.2900,0.1866,TRACKING,L+C+R_fused
1786998975.117,37.2,0.377,0.720,0.675,0.4642,0.0182,-5.97,-1.81010,0.150,0.700,0.000,0.2494,0.1602,TRACKING,L+C+R_fused
1786998975.130,37.2,0.000,0.719,0.688,0.5146,0.0193,-3.87,-1.75744,0.150,0.700,0.000,0.1889,0.1217,TRACKING,R+C
1786998975.146,37.2,0.000,0.722,0.681,0.5299,0.0175,-2.97,-1.78287,0.150,0.700,0.000,0.1131,0.0728,TRACKING,R+C
1786998975.161,37.2,0.000,0.722,0.691,0.5310,0.0158,-1.68,-1.76611,0.150,0.700,0.000,0.0302,0.0184,TRACKING,R+C
1786998975.181,37.2,0.000,0.720,0.680,0.5077,0.0135,-0.66,-1.76800,0.150,0.700,0.000,-0.0571,-0.0390,TRACKING,R+C
1786998975.196,37.2,0.000,0.720,0.671,0.5021,0.0103,0.03,-1.77610,0.150,0.700,0.000,-0.1440,-0.0961,TRACKING,R+C
1786998975.216,37.2,0.000,0.719,0.702,0.5073,0.0067,0.49,-1.77717,0.150,0.700,0.000,-0.2273,-0.1510,TRACKING,R+C
1786998975.232,37.2,0.000,0.719,0.739,0.5226,0.0060,2.73,-1.65608,0.150,0.700,0.000,-0.3148,-0.2078,TRACKING,R+C
1786998975.247,37.2,0.000,0.711,0.682,0.5287,0.0023,3.50,-1.65261,0.150,0.700,0.000,-0.4068,-0.2673,TRACKING,R+C
1786998975.270,37.2,0.000,0.714,0.791,0.5538,-0.0022,4.40,-1.63012,0.150,0.700,0.000,-0.5093,-0.3329,TRACKING,R+C
1786998975.286,37.2,0.000,0.714,0.764,0.5630,-0.0075,4.91,-1.63217,0.150,0.700,0.000,-0.6055,-0.3958,TRACKING,R+C
1786998975.298,37.2,0.000,0.725,0.802,0.5724,-0.0128,6.45,-1.52379,0.150,0.700,0.000,-0.7147,-0.4651,TRACKING,R+C
1786998975.317,37.2,0.000,0.725,0.802,0.5724,-0.0103,5.16,-1.21903,0.150,0.700,0.000,-0.7147,-0.4753,TRACKING,prediction
1786998975.331,37.2,0.000,0.725,0.802,0.5724,-0.0082,4.13,-0.97522,0.150,0.700,0.000,-0.7147,-0.4768,TRACKING,prediction
1786998975.358,37.2,0.000,0.725,0.802,0.5724,-0.0066,3.30,-0.78018,0.150,0.700,0.000,-0.7147,-0.4770,TRACKING,prediction
1786998975.374,37.2,0.000,0.725,0.802,0.5724,-0.0053,2.64,-0.62414,0.150,0.700,0.000,-0.7147,-0.4771,TRACKING,prediction
1786998975.392,37.2,0.000,0.725,0.802,0.5724,-0.0042,2.11,-0.49931,0.150,0.700,0.000,-0.7147,-0.4771,TRACKING,prediction
1786998975.411,37.2,0.000,0.725,0.802,0.5724,-0.0034,1.69,-0.39945,0.150,0.700,0.000,-0.7147,-0.4771,TRACKING,prediction
1786998975.427,37.2,0.000,0.725,0.802,0.5724,-0.0027,1.35,-0.31956,0.150,0.700,0.000,-0.7147,-0.4771,TRACKING,prediction
1786998975.445,37.2,0.000,0.725,0.802,0.5724,-0.0022,1.08,-0.25565,0.150,0.700,0.000,-0.7147,-0.4771,TRACKING,prediction
1786998975.463,37.2,0.000,0.725,0.802,0.5724,-0.0017,0.87,-0.20452,0.150,0.692,0.000,-0.7147,-0.4771,TRACKING,prediction
1786998975.479,37.2,0.000,0.725,0.802,0.5724,-0.0014,0.69,-0.16362,0.150,0.676,0.000,-0.7147,-0.4804,TRACKING,prediction
1786998975.496,35.5,0.000,0.725,0.802,0.5724,-0.0011,0.55,-0.13089,0.150,0.656,0.000,-0.7147,-0.4873,TRACKING,prediction
1786998975.526,35.5,0.000,0.725,0.802,0.5724,-0.0009,0.44,-0.10471,0.150,0.632,0.000,-0.7147,-0.4969,TRACKING,prediction
1786998975.543,35.5,0.000,0.725,0.802,0.5724,-0.0007,0.35,-0.08377,0.150,0.590,0.000,-0.7147,-0.5080,UNCERTAIN,prediction
1786998975.573,35.5,0.000,0.788,0.761,0.6603,-0.0847,11.37,-1.09129,0.150,0.595,0.000,-1.0000,-0.7048,TRACKING,R+C
1786998975.598,35.5,0.000,0.790,0.762,0.6574,-0.0827,11.93,-0.97339,0.150,0.600,0.000,-1.0000,-0.7292,TRACKING,R+C
1786998975.612,35.5,0.000,0.785,0.765,0.6517,-0.0808,10.84,-1.08038,0.150,0.605,0.000,-1.0000,-0.7298,TRACKING,R+C
1786998975.627,35.5,0.000,0.788,0.767,0.6458,-0.0786,10.77,-1.04414,0.150,0.610,0.000,-1.0000,-0.7268,TRACKING,R+C
1786998975.644,35.5,0.000,0.788,0.767,0.6458,-0.0629,8.62,-0.83531,0.150,0.615,0.000,-1.0000,-0.7238,TRACKING,prediction
1786998975.662,35.5,0.000,0.788,0.767,0.6458,-0.0503,6.89,-0.66825,0.150,0.619,0.000,-1.0000,-0.7208,TRACKING,prediction
1786998975.683,35.5,0.000,0.788,0.767,0.6458,-0.0402,5.51,-0.53460,0.150,0.623,0.000,-1.0000,-0.7179,TRACKING,prediction
1786998975.698,35.5,0.000,0.788,0.767,0.6458,-0.0322,4.41,-0.42768,0.150,0.627,0.000,-1.0000,-0.7152,TRACKING,prediction
1786998975.715,35.5,0.000,0.788,0.767,0.6458,-0.0258,3.53,-0.34214,0.150,0.630,0.000,-1.0000,-0.7127,TRACKING,prediction
1786998975.739,35.5,0.000,0.788,0.767,0.6458,-0.0206,2.82,-0.27371,0.150,0.634,0.000,-1.0000,-0.7102,TRACKING,prediction
1786998975.756,35.5,0.000,0.788,0.767,0.6458,-0.0165,2.26,-0.21897,0.150,0.637,0.000,-1.0000,-0.7079,TRACKING,prediction
1786998975.771,35.5,0.000,0.788,0.767,0.6458,-0.0132,1.81,-0.17518,0.150,0.640,0.000,-1.0000,-0.7057,TRACKING,prediction
1786998975.793,35.5,0.000,0.788,0.767,0.6458,-0.0105,1.45,-0.14014,0.150,0.643,0.000,-1.0000,-0.7036,TRACKING,prediction
1786998975.809,35.5,0.000,0.788,0.767,0.6458,-0.0084,1.16,-0.11211,0.150,0.643,0.000,-1.0000,-0.7020,TRACKING,prediction
1786998975.826,35.5,0.000,0.788,0.767,0.6458,-0.0068,0.93,-0.08969,0.150,0.636,0.000,-1.0000,-0.7015,TRACKING,prediction
1786998975.848,35.5,0.000,0.788,0.767,0.6458,-0.0054,0.74,-0.07175,0.150,0.622,0.000,-1.0000,-0.7055,TRACKING,prediction
1786998975.861,35.5,0.000,0.718,0.781,0.5909,-0.0554,9.47,-0.79071,0.150,0.626,0.000,-1.0000,-0.7111,TRACKING,R+C
1786998975.876,35.5,0.000,0.789,0.779,0.5866,-0.0552,8.50,-0.87761,0.150,0.629,0.000,-1.0000,-0.7101,TRACKING,R+C
1786998975.893,35.5,0.000,0.789,0.779,0.5866,-0.0442,6.80,-0.70209,0.150,0.633,0.000,-1.0000,-0.7078,TRACKING,prediction
1786998975.922,35.5,0.000,0.789,0.779,0.5866,-0.0353,5.44,-0.56167,0.150,0.636,0.000,-1.0000,-0.7055,TRACKING,prediction
1786998975.947,35.5,0.000,0.789,0.779,0.5866,-0.0283,4.35,-0.44934,0.150,0.639,0.000,-1.0000,-0.7033,TRACKING,prediction
1786998975.960,35.5,0.000,0.781,0.778,0.5930,-0.0675,8.44,-0.82214,0.150,0.642,0.000,-1.0000,-0.7019,TRACKING,R+C
1786998975.982,35.5,0.000,0.781,0.778,0.5930,-0.0540,6.75,-0.65771,0.150,0.645,0.000,-1.0000,-0.6999,TRACKING,prediction
1786998975.999,35.5,0.000,0.781,0.778,0.5930,-0.0432,5.40,-0.52617,0.150,0.648,0.000,-1.0000,-0.6979,TRACKING,prediction
1786998976.015,35.5,0.000,0.781,0.778,0.5930,-0.0346,4.32,-0.42093,0.150,0.651,0.000,-1.0000,-0.6961,TRACKING,prediction
1786998976.033,35.5,0.000,0.781,0.778,0.5930,-0.0277,3.46,-0.33675,0.150,0.653,0.000,-1.0000,-0.6944,TRACKING,prediction
1786998976.064,35.5,0.000,0.781,0.778,0.5930,-0.0221,2.77,-0.26940,0.150,0.655,0.000,-1.0000,-0.6927,TRACKING,prediction
1786998976.080,35.5,0.000,0.781,0.778,0.5930,-0.0177,2.21,-0.21552,0.150,0.658,0.000,-1.0000,-0.6911,TRACKING,prediction
1786998976.096,35.5,0.000,0.808,0.784,0.5590,-0.0431,8.55,-0.65016,0.150,0.660,0.000,-0.9941,-0.6839,TRACKING,R+C
1786998976.115,35.5,0.000,0.803,0.789,0.5533,-0.0373,8.51,-0.62977,0.150,0.662,0.000,-0.9387,-0.6503,TRACKING,R+C
1786998976.132,35.5,0.000,0.822,0.808,0.5482,-0.0316,8.73,-0.58239,0.150,0.664,0.000,-0.8826,-0.6122,TRACKING,R+C
1786998976.161,35.5,0.000,0.822,0.808,0.5482,-0.0253,6.98,-0.46591,0.150,0.665,0.000,-0.8826,-0.6056,TRACKING,prediction
1786998976.181,35.5,0.000,0.822,0.808,0.5482,-0.0202,5.59,-0.37273,0.150,0.667,0.000,-0.8826,-0.6037,TRACKING,prediction
1786998976.196,35.5,0.000,0.799,0.801,0.5272,-0.0127,8.45,-0.56614,0.150,0.669,0.000,-0.6480,-0.4688,TRACKING,R+C
1786998976.210,35.5,0.000,0.795,0.813,0.5225,-0.0063,8.40,-0.54701,0.150,0.670,0.000,-0.5549,-0.3949,TRACKING,R+C
1786998976.232,35.5,0.376,0.798,0.810,0.4164,-0.0001,8.24,-0.54223,0.150,0.672,0.000,-0.4547,-0.3262,TRACKING,L+C+R_fused
1786998976.250,35.5,0.376,0.805,0.806,0.4560,0.0055,8.20,-0.54406,0.150,0.673,0.000,-0.3647,-0.2641,TRACKING,L+C+R_fused
1786998976.264,35.5,0.000,0.800,0.809,0.4976,0.0127,8.51,-0.51332,0.150,0.675,0.000,-0.2510,-0.1895,TRACKING,R+C
1786998976.278,35.5,0.000,0.801,0.819,0.4896,0.0188,7.91,-0.55135,0.150,0.676,0.000,-0.1258,-0.1065,TRACKING,R+C
1786998976.300,35.5,0.000,0.799,0.828,0.4816,0.0265,8.22,-0.51617,0.150,0.677,0.000,0.0028,-0.0200,TRACKING,R+C
1786998976.316,35.5,0.374,0.804,0.831,0.4805,0.0340,8.28,-0.50725,0.150,0.678,0.000,0.1343,0.0689,TRACKING,L+C+R_fused
1786998976.348,35.5,0.373,0.802,0.846,0.4751,0.0394,8.22,-0.50481,0.150,0.679,0.000,0.2310,0.1378,TRACKING,L+C+R_fused
1786998976.364,35.5,0.373,0.802,0.846,0.4751,0.0315,6.58,-0.40385,0.150,0.680,0.000,0.2310,0.1478,TRACKING,prediction
1786998976.382,35.5,0.373,0.802,0.846,0.4751,0.0252,5.26,-0.32308,0.150,0.681,0.000,0.2310,0.1492,TRACKING,prediction
1786998976.763,37.1,0.373,0.802,0.846,0.4751,0.0201,4.21,-0.25846,0.150,0.682,0.000,0.2310,0.1493,TRACKING,prediction
1786998976.779,37.1,0.373,0.802,0.846,0.4751,0.0161,3.37,-0.20677,0.150,0.683,0.000,0.2310,0.1492,TRACKING,prediction
1786998976.795,37.1,0.373,0.802,0.846,0.4751,0.0129,2.69,-0.16542,0.150,0.684,0.000,0.2310,0.1490,TRACKING,prediction
1786998976.814,37.1,0.377,0.807,0.810,0.4932,0.0359,8.27,-0.53725,0.150,0.685,0.000,0.1625,0.1093,TRACKING,L+C+R_fused
1786998976.831,37.1,0.377,0.806,0.805,0.4423,0.0321,8.27,-0.54838,0.150,0.686,0.000,0.0951,0.0646,TRACKING,L+C+R_fused
1786998976.847,37.1,0.377,0.803,0.821,0.4726,0.0270,7.36,-0.66516,0.150,0.686,0.000,0.0230,0.0162,TRACKING,L+C+R_fused
1786998976.861,37.1,0.000,0.806,0.827,0.4935,0.0220,7.60,-0.65341,0.150,0.687,0.000,-0.0736,-0.0460,TRACKING,R+C
1786998976.892,37.1,0.000,0.806,0.827,0.4935,0.0176,6.08,-0.52273,0.150,0.688,0.000,-0.0736,-0.0550,TRACKING,prediction
1786998976.923,37.1,0.372,0.808,0.795,0.5552,0.0121,7.98,-0.63803,0.150,0.688,0.000,-0.2601,-0.1621,TRACKING,L+C+R_fused
1786998976.953,37.1,0.000,0.813,0.803,0.5105,0.0056,7.44,-0.68848,0.150,0.689,0.000,-0.3543,-0.2309,TRACKING,R+C
1786998976.970,37.1,0.644,0.808,0.803,0.4491,0.0021,8.05,-0.64102,0.150,0.689,0.000,-0.4287,-0.2827,TRACKING,L+C+R_fused
1786998976.984,37.1,0.000,0.810,0.807,0.5229,-0.0002,8.77,-0.56390,0.150,0.690,0.000,-0.4804,-0.3191,TRACKING,R+C
1786998976.998,37.1,0.000,0.815,0.798,0.5243,-0.0026,8.51,-0.59657,0.150,0.690,0.000,-0.5119,-0.3421,TRACKING,R+C
1786998977.015,37.1,0.000,0.813,0.796,0.5261,-0.0009,8.55,-0.59060,0.150,0.691,0.000,-0.4880,-0.3319,TRACKING,R+C
1786998977.031,37.1,0.000,0.813,0.796,0.5261,-0.0008,6.84,-0.47248,0.150,0.691,0.000,-0.4880,-0.3303,TRACKING,prediction
1786998977.047,37.1,0.000,0.813,0.796,0.5261,-0.0006,5.47,-0.37799,0.150,0.692,0.000,-0.4880,-0.3299,TRACKING,prediction
1786998977.075,37.1,0.000,0.805,0.803,0.5130,0.0175,8.16,-0.60097,0.150,0.692,0.000,-0.1682,-0.1500,TRACKING,R+C
1786998977.479,37.1,0.000,0.807,0.810,0.5068,0.0246,8.35,-0.57745,0.150,0.693,0.000,-0.0481,-0.0557,TRACKING,R+C
1786998977.493,37.1,0.372,0.801,0.815,0.4824,0.0310,7.45,-0.64582,0.150,0.693,0.000,0.0933,0.0386,TRACKING,L+C+R_fused
1786998977.509,37.1,0.364,0.810,0.818,0.5257,0.0370,7.22,-0.65171,0.150,0.693,0.000,0.2078,0.1178,TRACKING,L+C+R_fused
1786998977.530,37.1,0.951,0.814,0.819,0.5062,0.0408,7.40,-0.65412,0.150,0.694,0.000,0.2645,0.1616,TRACKING,L+C+R_fused
1786998977.546,37.1,0.953,0.819,0.824,0.5025,0.0414,7.72,-0.64482,0.150,0.694,0.000,0.2622,0.1667,TRACKING,L+C+R_fused
1786998977.567,37.1,0.372,0.818,0.822,0.4921,0.0402,8.10,-0.62746,0.150,0.694,0.000,0.2290,0.1484,TRACKING,L+C+R_fused
1786998977.584,37.1,0.372,0.818,0.822,0.4921,0.0322,6.48,-0.50197,0.150,0.695,0.000,0.2290,0.1457,TRACKING,prediction
1786998977.600,37.1,0.372,0.818,0.822,0.4921,0.0257,5.18,-0.40158,0.150,0.695,0.000,0.2290,0.1453,TRACKING,prediction
1786998977.615,37.1,0.372,0.818,0.822,0.4921,0.0206,4.15,-0.32126,0.150,0.695,0.000,0.2290,0.1452,TRACKING,prediction
1786998977.631,37.1,0.942,0.816,0.832,0.4874,0.0469,8.72,-0.63270,0.150,0.695,0.000,0.3140,0.1932,TRACKING,L+C+R_fused
1786998977.648,37.1,0.931,0.808,0.831,0.4834,0.0520,7.82,-0.74907,0.150,0.696,0.000,0.4143,0.2570,TRACKING,L+C+R_fused
1786998977.665,37.1,0.933,0.813,0.826,0.4802,0.0570,8.02,-0.72828,0.150,0.696,0.000,0.4873,0.3080,TRACKING,L+C+R_fused
1786998977.681,37.1,0.931,0.819,0.823,0.4808,0.0590,8.22,-0.71875,0.150,0.696,0.000,0.5114,0.3292,TRACKING,L+C+R_fused
1786998977.698,37.1,0.934,0.821,0.845,0.4761,0.0573,8.19,-0.76217,0.150,0.696,0.000,0.4801,0.3141,TRACKING,L+C+R_fused
1786998977.725,37.1,0.933,0.817,0.838,0.4789,0.0568,8.30,-0.76392,0.150,0.696,0.000,0.4671,0.3045,TRACKING,L+C+R_fused
1786998977.746,37.1,0.925,0.811,0.827,0.4810,0.0560,7.05,-0.89871,0.150,0.697,0.000,0.4833,0.3118,TRACKING,L+C+R_fused
1786998977.761,37.1,0.933,0.809,0.834,0.4833,0.0595,7.11,-0.89864,0.150,0.697,0.000,0.5339,0.3418,TRACKING,L+C+R_fused
1786998978.118,25.1,0.926,0.804,0.838,0.4793,0.0662,7.68,-0.85350,0.150,0.697,0.000,0.6156,0.3928,TRACKING,L+C+R_fused
1786998978.137,25.1,0.909,0.807,0.837,0.4803,0.0725,7.54,-0.87561,0.150,0.697,0.000,0.7007,0.4481,TRACKING,L+C+R_fused
1786998978.154,25.1,0.912,0.805,0.844,0.4769,0.0799,7.80,-0.85747,0.150,0.697,0.000,0.7843,0.5033,TRACKING,L+C+R_fused
1786998978.177,25.1,0.899,0.804,0.861,0.4787,0.0864,7.50,-0.88971,0.150,0.697,0.000,0.8619,0.5549,TRACKING,L+C+R_fused
1786998978.194,25.1,0.894,0.808,0.864,0.4778,0.0924,7.57,-0.88918,0.150,0.697,0.000,0.9213,0.5957,TRACKING,L+C+R_fused
1786998978.216,25.1,0.876,0.812,0.863,0.4825,0.0959,7.59,-0.88658,0.150,0.698,0.000,0.9542,0.6201,TRACKING,L+C+R_fused
1786998978.231,25.1,0.870,0.814,0.870,0.4889,0.0986,7.76,-0.87693,0.150,0.698,0.000,0.9755,0.6356,TRACKING,L+C+R_fused
1786998978.246,25.1,0.879,0.806,0.860,0.4895,0.0994,8.05,-0.88807,0.150,0.698,0.000,0.9745,0.6372,TRACKING,L+C+R_fused
1786998978.262,25.1,0.887,0.799,0.869,0.4936,0.0977,8.70,-0.85043,0.150,0.698,0.000,0.9478,0.6224,TRACKING,L+C+R_fused
1786998978.282,25.1,0.872,0.787,0.872,0.5041,0.0940,7.78,-0.98316,0.150,0.698,0.000,0.9217,0.6054,TRACKING,L+C+R_fused
1786998978.308,25.1,0.889,0.785,0.867,0.4909,0.0921,8.66,-0.92875,0.150,0.698,0.000,0.8853,0.5825,TRACKING,L+C+R_fused
1786998978.324,25.1,0.887,0.791,0.869,0.4963,0.0906,9.72,-0.84366,0.150,0.698,0.000,0.8495,0.5590,TRACKING,L+C+R_fused
1786998978.340,25.1,0.911,0.786,0.863,0.5012,0.0868,9.38,-0.90430,0.150,0.698,0.000,0.8102,0.5333,TRACKING,L+C+R_fused
1786998978.354,25.1,0.900,0.789,0.867,0.5037,0.0815,8.19,-1.02005,0.150,0.698,0.000,0.7705,0.5070,TRACKING,L+C+R_fused
1786998978.377,25.1,0.919,0.781,0.855,0.5081,0.0798,9.63,-0.93071,0.150,0.698,0.000,0.7154,0.4720,TRACKING,L+C+R_fused
1786998978.394,25.1,0.945,0.778,0.850,0.5007,0.0753,10.08,-0.93229,0.150,0.699,0.000,0.6414,0.4245,TRACKING,L+C+R_fused
1786998978.706,25.1,0.000,0.775,0.844,0.4707,0.0705,10.27,-0.95642,0.150,0.699,0.000,0.5635,0.3729,TRACKING,R+C
1786998978.721,25.1,0.000,0.777,0.844,0.4749,0.0662,10.87,-0.92705,0.150,0.699,0.000,0.4798,0.3176,TRACKING,R+C
1786998978.738,25.1,0.000,0.768,0.841,0.4810,0.0614,10.86,-0.96160,0.150,0.699,0.000,0.3985,0.2631,TRACKING,R+C
1786998978.754,25.1,0.000,0.766,0.843,0.4962,0.0553,10.15,-1.06311,0.150,0.699,0.000,0.3126,0.2060,TRACKING,R+C
1786998978.767,25.1,0.000,0.767,0.840,0.4938,0.0507,9.96,-1.09976,0.150,0.699,0.000,0.2359,0.1540,TRACKING,R+C
1786998978.782,25.1,0.000,0.762,0.831,0.5176,0.0470,11.21,-1.02276,0.150,0.699,0.000,0.1275,0.0849,TRACKING,R+C
1786998978.796,25.1,0.000,0.758,0.829,0.5265,0.0406,10.98,-1.08455,0.150,0.699,0.000,0.0132,0.0097,TRACKING,R+C
1786998978.811,25.1,0.000,0.757,0.824,0.5327,0.0342,11.36,-1.06624,0.150,0.699,0.000,-0.1150,-0.0731,TRACKING,R+C
1786998978.824,25.1,0.000,0.753,0.823,0.5307,0.0272,10.55,-1.20532,0.150,0.699,0.000,-0.2237,-0.1463,TRACKING,R+C
1786998978.839,25.1,0.000,0.755,0.833,0.5485,0.0209,10.78,-1.20603,0.150,0.699,0.000,-0.3422,-0.2229,TRACKING,R+C
1786998978.855,25.1,0.000,0.757,0.815,0.5506,0.0118,9.01,-1.40299,0.150,0.699,0.000,-0.4454,-0.2916,TRACKING,R+C
1786998978.869,25.1,0.000,0.755,0.800,0.5610,0.0087,11.90,-1.11936,0.150,0.699,0.000,-0.5637,-0.3667,TRACKING,R+C
1786998978.883,25.1,0.000,0.748,0.800,0.5761,0.0008,11.87,-1.16342,0.150,0.699,0.000,-0.6774,-0.4407,TRACKING,R+C
1786998978.897,25.1,0.000,0.753,0.796,0.5908,-0.0068,11.71,-1.22092,0.150,0.699,0.000,-0.7744,-0.5050,TRACKING,R+C
1786998978.929,25.1,0.000,0.753,0.796,0.5908,-0.0054,9.37,-0.97674,0.150,0.699,0.000,-0.7744,-0.5145,TRACKING,prediction
1786998978.945,25.1,0.000,0.753,0.796,0.5908,-0.0044,7.50,-0.78139,0.150,0.699,0.000,-0.7744,-0.5159,TRACKING,prediction
1786998978.970,25.1,0.000,0.753,0.796,0.5908,-0.0035,6.00,-0.62511,0.150,0.699,0.000,-0.7744,-0.5161,TRACKING,prediction
1786998978.995,25.1,0.000,0.753,0.796,0.5908,-0.0028,4.80,-0.50009,0.150,0.699,0.000,-0.7744,-0.5161,TRACKING,prediction
1786998979.021,25.1,0.000,0.748,0.785,0.6026,-0.0127,10.98,-1.35825,0.150,0.699,0.000,-0.8353,-0.5497,TRACKING,R+C
1786998979.037,25.1,0.000,0.748,0.785,0.6026,-0.0101,8.79,-1.08660,0.150,0.699,0.000,-0.8353,-0.5546,TRACKING,prediction
1786998979.066,25.1,0.000,0.748,0.785,0.6026,-0.0081,7.03,-0.86928,0.150,0.700,0.000,-0.8353,-0.5554,TRACKING,prediction
1786998979.094,25.1,0.000,0.748,0.785,0.6026,-0.0065,5.62,-0.69543,0.150,0.700,0.000,-0.8353,-0.5555,TRACKING,prediction
1786998979.110,25.1,0.000,0.748,0.785,0.6026,-0.0052,4.50,-0.55634,0.150,0.700,0.000,-0.8353,-0.5555,TRACKING,prediction
1786998979.126,38.7,0.000,0.744,0.787,0.6187,-0.0222,11.06,-1.47807,0.150,0.700,0.000,-0.9477,-0.6173,TRACKING,R+C
1786998979.140,38.7,0.000,0.737,0.796,0.6270,-0.0277,10.50,-1.63398,0.150,0.700,0.000,-0.9982,-0.6542,TRACKING,R+C
1786998979.155,38.7,0.000,0.737,0.796,0.6270,-0.0221,8.40,-1.30718,0.150,0.700,0.000,-0.9982,-0.6596,TRACKING,prediction
1786998979.496,38.7,0.000,0.737,0.796,0.6270,-0.0177,6.72,-1.04574,0.150,0.700,0.000,-0.9982,-0.6604,TRACKING,prediction
1786998979.516,38.7,0.000,0.756,0.786,0.6386,-0.0350,12.81,-1.42173,0.150,0.700,0.000,-1.0000,-0.6623,TRACKING,R+C
1786998979.531,38.7,0.000,0.745,0.786,0.6391,-0.0398,9.27,-1.92065,0.150,0.700,0.000,-1.0000,-0.6629,TRACKING,R+C
1786998979.548,38.7,0.000,0.736,0.783,0.6419,-0.0398,10.75,-1.81394,0.150,0.700,0.000,-1.0000,-0.6632,TRACKING,R+C
1786998979.576,38.7,0.000,0.734,0.780,0.6514,-0.0447,11.66,-1.71370,0.150,0.700,0.000,-1.0000,-0.6636,TRACKING,R+C
1786998979.593,38.7,0.000,0.736,0.780,0.6649,-0.0521,13.26,-1.50970,0.150,0.700,0.000,-1.0000,-0.6642,TRACKING,R+C
1786998979.625,38.7,0.000,0.736,0.780,0.6649,-0.0417,10.61,-1.20776,0.150,0.700,0.000,-1.0000,-0.6642,TRACKING,prediction
1786998979.639,38.7,0.000,0.738,0.769,0.6925,-0.0728,11.77,-1.82005,0.150,0.700,0.000,-1.0000,-0.6659,TRACKING,R+C
1786998979.659,38.7,0.000,0.738,0.769,0.6925,-0.0582,9.41,-1.45604,0.150,0.700,0.000,-1.0000,-0.6659,TRACKING,prediction
1786998979.677,38.7,0.000,0.738,0.769,0.6925,-0.0466,7.53,-1.16483,0.150,0.700,0.000,-1.0000,-0.6659,TRACKING,prediction
1786998979.691,38.7,0.000,0.762,0.764,0.7081,-0.0863,13.86,-1.58423,0.150,0.700,0.000,-1.0000,-0.6670,TRACKING,R+C
1786998979.716,38.7,0.000,0.762,0.764,0.7081,-0.0690,11.09,-1.26739,0.150,0.700,0.000,-1.0000,-0.6670,TRACKING,prediction
1786998979.730,38.7,0.000,0.769,0.761,0.7114,-0.0846,16.91,-1.13254,0.150,0.700,0.000,-1.0000,-0.6668,TRACKING,R+C
1786998979.744,38.7,0.000,0.766,0.763,0.7135,-0.0841,18.56,-0.87878,0.150,0.700,0.000,-1.0000,-0.6667,TRACKING,R+C
1786998979.758,38.7,0.000,0.766,0.763,0.7135,-0.0673,14.85,-0.70303,0.150,0.700,0.000,-1.0000,-0.6667,TRACKING,prediction
1786998979.772,38.7,0.000,0.770,0.762,0.7168,-0.0834,21.46,-0.45346,0.155,0.700,0.000,-1.0000,-0.6665,TRACKING,R+C
1786998979.789,38.7,0.000,0.770,0.762,0.7168,-0.0667,17.17,-0.36276,0.155,0.700,0.000,-1.0000,-0.6664,TRACKING,prediction
1786998979.812,38.7,0.000,0.778,0.761,0.7200,-0.0855,22.83,-0.20139,0.180,0.700,0.000,-1.0000,-0.6662,TRACKING,R+C
1786998979.841,38.7,0.000,0.778,0.761,0.7200,-0.0684,18.27,-0.16111,0.180,0.700,0.000,-1.0000,-0.6662,TRACKING,prediction
1786998979.859,38.7,0.000,0.778,0.761,0.7200,-0.0547,14.61,-0.12889,0.180,0.700,0.000,-1.0000,-0.6662,TRACKING,prediction
1786998979.874,38.7,0.000,0.778,0.761,0.7200,-0.0438,11.69,-0.10311,0.180,0.700,0.000,-1.0000,-0.6662,TRACKING,prediction
1786998979.891,38.7,0.000,0.778,0.761,0.7200,-0.0350,9.35,-0.08249,0.180,0.700,0.000,-1.0000,-0.6662,TRACKING,prediction
1786998979.907,38.7,0.000,0.778,0.761,0.7200,-0.0280,7.48,-0.06599,0.180,0.700,0.000,-1.0000,-0.6662,TRACKING,prediction
1786998981.890,9.4,0.000,0.778,0.761,0.7200,-0.0224,5.99,-0.05279,0.180,0.700,0.000,-1.0000,-0.6662,TRACKING,prediction
1786998981.906,9.4,0.000,0.778,0.761,0.7200,-0.0179,4.79,-0.04223,0.180,0.700,0.000,-1.0000,-0.6662,TRACKING,prediction
1786998981.922,9.4,0.000,0.778,0.761,0.7200,-0.0143,3.83,-0.03379,0.180,0.700,0.000,-1.0000,-0.6662,TRACKING,prediction
1786998981.938,9.4,0.000,0.778,0.761,0.7200,-0.0115,3.06,-0.02703,0.180,0.694,0.000,-1.0000,-0.6662,TRACKING,prediction
1786998981.952,9.4,0.000,0.824,0.761,0.6776,-0.1123,14.62,-0.02214,0.198,0.694,0.000,-1.0000,-0.6681,TRACKING,R+C
1786998981.981,9.4,0.000,0.824,0.761,0.6776,-0.0898,11.70,-0.01771,0.198,0.694,0.000,-1.0000,-0.6684,TRACKING,prediction
1786998981.998,9.4,0.000,0.824,0.761,0.6776,-0.0719,9.36,-0.01417,0.198,0.695,0.000,-1.0000,-0.6683,TRACKING,prediction
1786998982.013,9.4,0.000,0.798,0.762,0.6542,-0.1091,12.62,-0.01295,0.199,0.695,0.000,-1.0000,-0.6671,TRACKING,R+C
1786998982.030,9.4,0.000,0.798,0.762,0.6542,-0.0873,10.09,-0.01036,0.199,0.695,0.000,-1.0000,-0.6669,TRACKING,prediction
1786998982.050,9.4,0.000,0.809,0.764,0.6352,-0.1076,11.67,0.05685,0.194,0.695,0.000,-1.0000,-0.6660,TRACKING,R+C
1786998982.064,9.4,0.000,0.796,0.773,0.6258,-0.1074,9.71,-0.05287,0.195,0.696,0.000,-1.0000,-0.6655,TRACKING,R+C
1786998982.079,9.4,0.000,0.796,0.778,0.6164,-0.1052,9.17,-0.03775,0.196,0.696,0.000,-1.0000,-0.6649,TRACKING,R+C
1786998982.094,9.4,0.000,0.788,0.781,0.6076,-0.1032,8.03,-0.07997,0.192,0.696,0.000,-1.0000,-0.6643,TRACKING,R+C
1786998982.113,9.4,0.000,0.794,0.785,0.6003,-0.0994,7.75,-0.06037,0.194,0.696,0.000,-1.0000,-0.6637,TRACKING,R+C
1786998982.128,9.4,0.000,0.786,0.791,0.5942,-0.0961,7.03,-0.06452,0.194,0.696,0.000,-1.0000,-0.6631,TRACKING,R+C
1786998982.145,9.4,0.000,0.786,0.791,0.5942,-0.0769,5.63,-0.05162,0.194,0.697,0.000,-1.0000,-0.6630,TRACKING,prediction
1786998982.174,9.4,0.000,0.779,0.801,0.5795,-0.0867,5.47,-0.10529,0.189,0.697,0.000,-0.9527,-0.6361,TRACKING,R+C
1786998982.191,9.4,0.000,0.765,0.784,0.5685,-0.0823,3.49,-0.23824,0.176,0.697,0.000,-0.9910,-0.6522,TRACKING,R+C
1786998982.209,9.4,0.369,0.759,0.808,0.5169,-0.0769,2.36,-0.29636,0.170,0.697,0.000,-0.9792,-0.6476,TRACKING,L+C+R_fused
1786998982.226,9.4,0.921,0.735,0.820,0.6326,-0.0709,0.72,-0.42429,0.158,0.697,0.000,-0.9780,-0.6455,TRACKING,L+C+R_fused
1786998982.241,9.4,0.765,0.748,0.824,0.5917,-0.0627,0.96,-0.36459,0.164,0.697,0.000,-0.8620,-0.5814,TRACKING,L+C+R_fused
1786998982.270,9.4,0.695,0.747,0.828,0.5726,-0.0552,0.71,-0.36146,0.164,0.697,0.000,-0.7830,-0.5280,TRACKING,L+C+R_fused
1786998982.286,9.4,0.000,0.720,0.833,0.5284,-0.0494,-1.75,-0.56879,0.150,0.698,0.000,-0.7830,-0.5191,TRACKING,R+C
1786998982.303,9.4,0.818,0.722,0.847,0.4520,-0.0429,-3.30,-0.68092,0.150,0.698,0.000,-0.6698,-0.4549,TRACKING,L+C+R_fused
1786998982.320,9.4,0.848,0.728,0.851,0.4626,-0.0378,-4.25,-0.74468,0.150,0.698,0.000,-0.5759,-0.3932,TRACKING,L+C+R_fused
1786998982.335,9.4,0.938,0.720,0.855,0.5142,-0.0317,-4.34,-0.77620,0.150,0.698,0.000,-0.4881,-0.3351,TRACKING,L+C+R_fused
1786998982.350,9.4,0.879,0.722,0.859,0.4389,-0.0297,-5.38,-0.87442,0.150,0.698,0.000,-0.4324,-0.2955,TRACKING,L+C+R_fused
1786998982.366,9.4,0.888,0.731,0.859,0.4796,-0.0292,-5.47,-0.88684,0.150,0.698,0.000,-0.4225,-0.2841,TRACKING,L+C+R_fused
1786998982.380,9.4,0.364,0.718,0.865,0.4035,-0.0308,-6.50,-1.01132,0.150,0.698,0.000,-0.4291,-0.2864,TRACKING,L+C+R_fused
1786998982.411,9.4,0.885,0.732,0.863,0.4950,-0.0335,-7.05,-1.07804,0.150,0.698,0.000,-0.4598,-0.3040,TRACKING,L+C+R_fused
1786998982.426,9.4,0.000,0.733,0.863,0.5001,-0.0347,-7.53,-1.15208,0.150,0.698,0.000,-0.4728,-0.3140,TRACKING,R+C
1786998982.442,9.4,0.708,0.734,0.862,0.4993,-0.0356,-7.54,-1.19556,0.150,0.698,0.000,-0.4935,-0.3272,TRACKING,L+C+R_fused
1786998982.473,9.4,0.662,0.741,0.865,0.4709,-0.0359,-7.45,-1.22405,0.150,0.699,0.000,-0.5050,-0.3356,TRACKING,L+C+R_fused
1786998982.502,9.4,0.000,0.740,0.855,0.5081,-0.0354,-7.73,-1.27375,0.150,0.699,0.000,-0.4960,-0.3320,TRACKING,R+C
1786998982.516,9.4,0.000,0.748,0.858,0.5080,-0.0333,-7.72,-1.32944,0.150,0.699,0.000,-0.4730,-0.3189,TRACKING,R+C
1786998982.530,9.4,0.000,0.758,0.873,0.5066,-0.0287,-7.93,-1.38246,0.150,0.699,0.000,-0.4014,-0.2772,TRACKING,R+C
1786998982.548,9.4,0.000,0.744,0.870,0.4991,-0.0188,-7.39,-1.42685,0.150,0.699,0.000,-0.2673,-0.1965,TRACKING,R+C
1786998982.564,9.4,0.809,0.738,0.871,0.4815,-0.0081,-7.03,-1.46648,0.150,0.699,0.000,-0.1040,-0.0935,TRACKING,L+C+R_fused
1786998982.575,9.4,0.931,0.737,0.876,0.4902,0.0032,-6.83,-1.53442,0.150,0.699,0.000,0.0750,0.0219,TRACKING,L+C+R_fused
1786998982.594,9.4,0.909,0.739,0.893,0.4948,0.0126,-7.13,-1.63769,0.150,0.699,0.000,0.2324,0.1277,TRACKING,L+C+R_fused
1786998982.614,9.4,0.914,0.758,0.889,0.5027,0.0223,-6.05,-1.61951,0.150,0.699,0.000,0.3538,0.2119,TRACKING,L+C+R_fused
1786998982.630,9.4,0.930,0.767,0.604,0.4978,0.0286,-5.46,-1.63876,0.150,0.699,0.000,0.4291,0.2667,TRACKING,L+C+R_fused
1786998982.660,9.4,0.937,0.761,0.361,0.4975,0.0343,-3.00,-1.54520,0.150,0.699,0.000,0.4385,0.2799,TRACKING,L+C+R_fused
1786998982.682,9.4,0.945,0.759,0.585,0.4556,0.0378,-1.95,-1.54322,0.150,0.699,0.000,0.4531,0.2898,TRACKING,L+C+R_fused
1786998982.698,9.4,0.962,0.764,0.363,0.5017,0.0423,-0.59,-1.50322,0.150,0.699,0.000,0.4760,0.3041,TRACKING,L+C+R_fused
1786998982.712,9.4,0.711,0.764,0.352,0.5426,0.0463,0.28,-1.49214,0.150,0.699,0.000,0.5058,0.3229,TRACKING,L+C+R_fused
1786998982.725,9.4,0.000,0.761,0.367,0.4229,0.0504,1.40,-1.46463,0.150,0.699,0.000,0.5284,0.3382,TRACKING,R+C
1786998982.740,9.4,0.000,0.752,0.379,0.5337,0.0498,0.21,-1.69170,0.150,0.699,0.000,0.5306,0.3407,TRACKING,R+C
1786998982.756,9.4,0.000,0.756,0.379,0.5394,0.0519,2.73,-1.53905,0.150,0.699,0.000,0.4895,0.3179,TRACKING,R+C
1786998982.769,9.4,0.000,0.757,0.362,0.4199,0.0506,3.92,-1.50844,0.150,0.699,0.000,0.4274,0.2789,TRACKING,R+C
1786998982.783,9.4,0.000,0.754,0.323,0.5063,0.0486,4.64,-1.53318,0.150,0.699,0.000,0.3611,0.2352,TRACKING,R+C
1786998982.795,9.4,0.000,0.744,0.282,0.5158,0.0459,5.05,-1.56722,0.150,0.699,0.000,0.2915,0.1890,TRACKING,R+C
1786998982.809,9.4,0.000,0.748,0.239,0.5620,0.0421,6.12,-1.53722,0.150,0.697,0.000,0.1839,0.1210,TRACKING,R+C
1786998982.824,9.4,0.000,0.744,0.310,0.5060,0.0374,6.56,-1.57687,0.150,0.697,0.000,0.0736,0.0482,TRACKING,R+C
1786998982.840,9.4,0.000,0.746,0.695,0.5811,0.0342,8.62,-1.42118,0.150,0.697,0.000,-0.0506,-0.0326,TRACKING,R+C
1786998982.854,9.4,0.000,0.743,0.668,0.5334,0.0291,9.34,-1.39800,0.150,0.697,0.000,-0.1705,-0.1115,TRACKING,R+C
1786998982.867,9.4,0.000,0.744,0.532,0.7160,0.0233,10.08,-1.36124,0.150,0.698,0.000,-0.2981,-0.1941,TRACKING,R+C
1786998982.887,9.4,0.000,0.747,0.749,0.5573,0.0175,10.87,-1.31956,0.150,0.698,0.000,-0.4211,-0.2746,TRACKING,R+C
1786998982.900,57.4,0.000,0.748,0.820,0.5842,0.0107,11.88,-1.23197,0.150,0.698,0.000,-0.5518,-0.3586,TRACKING,R+C
1786998982.924,57.4,0.000,0.742,0.814,0.6023,0.0040,13.24,-1.10762,0.150,0.698,0.000,-0.6775,-0.4402,TRACKING,R+C
1786998982.936,57.4,0.000,0.746,0.838,0.6143,-0.0045,13.97,-1.05756,0.150,0.698,0.000,-0.7998,-0.5195,TRACKING,R+C
1786998982.961,57.4,0.000,0.748,0.832,0.6245,-0.0134,14.05,-1.06377,0.150,0.698,0.000,-0.8984,-0.5853,TRACKING,R+C
1786998982.978,57.4,0.000,0.748,0.832,0.6245,-0.0107,11.24,-0.85102,0.150,0.698,0.000,-0.8984,-0.5949,TRACKING,prediction
1786998982.992,57.4,0.000,0.752,0.804,0.6474,-0.0310,15.54,-0.93692,0.150,0.698,0.000,-1.0000,-0.6527,TRACKING,R+C
1786998983.014,57.4,0.000,0.755,0.801,0.6581,-0.0421,15.31,-0.92778,0.150,0.698,0.000,-1.0000,-0.6618,TRACKING,R+C
1786998983.030,57.4,0.000,0.755,0.801,0.6581,-0.0337,12.24,-0.74223,0.150,0.698,0.000,-1.0000,-0.6630,TRACKING,prediction
1786998983.046,57.4,0.000,0.755,0.801,0.6581,-0.0269,9.80,-0.59378,0.150,0.699,0.000,-1.0000,-0.6631,TRACKING,prediction
1786998983.062,57.4,0.000,0.755,0.801,0.6581,-0.0215,7.84,-0.47502,0.150,0.699,0.000,-1.0000,-0.6631,TRACKING,prediction
1786998983.077,57.4,0.000,0.755,0.801,0.6581,-0.0172,6.27,-0.38002,0.150,0.699,0.000,-1.0000,-0.6631,TRACKING,prediction
1786998983.092,57.4,0.000,0.755,0.801,0.6581,-0.0138,5.02,-0.30402,0.150,0.699,0.000,-1.0000,-0.6630,TRACKING,prediction
1786998983.108,57.4,0.000,0.755,0.801,0.6581,-0.0110,4.01,-0.24321,0.150,0.699,0.000,-1.0000,-0.6630,TRACKING,prediction
1786998983.136,57.4,0.000,0.755,0.801,0.6581,-0.0088,3.21,-0.19457,0.150,0.699,0.000,-1.0000,-0.6629,TRACKING,prediction
1786998983.164,57.4,0.000,0.755,0.801,0.6581,-0.0071,2.57,-0.15566,0.150,0.699,0.000,-1.0000,-0.6629,TRACKING,prediction
1786998983.184,57.4,0.000,0.755,0.801,0.6581,-0.0056,2.05,-0.12452,0.150,0.695,0.000,-1.0000,-0.6628,TRACKING,prediction
1786998983.198,57.4,0.000,0.755,0.801,0.6581,-0.0045,1.64,-0.09962,0.150,0.682,0.000,-1.0000,-0.6650,TRACKING,prediction
1786998983.217,57.4,0.000,0.755,0.801,0.6581,-0.0036,1.31,-0.07970,0.150,0.663,0.000,-1.0000,-0.6726,TRACKING,prediction
1786998983.244,57.4,0.000,0.755,0.801,0.6581,-0.0029,1.05,-0.06376,0.150,0.641,0.000,-1.0000,-0.6844,TRACKING,prediction
1786998983.264,57.4,0.000,0.755,0.801,0.6581,-0.0023,0.84,-0.05101,0.150,0.596,0.000,-1.0000,-0.6989,UNCERTAIN,prediction
1786998983.280,57.4,0.000,0.755,0.801,0.6581,-0.0019,0.67,-0.04080,0.150,0.564,0.000,-1.0000,-0.7266,UNCERTAIN,prediction
1786998983.293,57.4,0.000,0.755,0.801,0.6581,-0.0015,0.54,-0.03264,0.150,0.542,0.000,-1.0000,-0.7485,UNCERTAIN,prediction
1786998983.307,57.4,0.000,0.755,0.801,0.6581,-0.0012,0.43,-0.02611,0.150,0.523,0.000,-1.0000,-0.7641,UNCERTAIN,prediction
1786998983.320,57.4,0.000,0.755,0.801,0.6581,-0.0009,0.34,-0.02089,0.150,0.503,0.000,-1.0000,-0.7769,UNCERTAIN,prediction
1786998983.334,57.4,0.000,0.755,0.801,0.6581,-0.0008,0.28,-0.01671,0.150,0.482,0.000,-1.0000,-0.7901,UNCERTAIN,prediction
1786998983.359,57.4,0.000,0.755,0.801,0.6581,-0.0006,0.22,-0.01337,0.150,0.461,0.000,-1.0000,-0.8038,UNCERTAIN,prediction
1786998983.372,57.4,0.000,0.701,0.000,0.6581,0.1580,34.53,-0.46765,0.153,0.473,0.000,0.7510,-0.1840,TRACKING,C_only
1786998983.382,57.4,0.000,0.000,0.696,0.6581,-0.1757,34.70,-0.40302,0.160,0.473,0.000,-1.0000,-0.7350,UNCERTAIN,R_only
1786998983.403,57.4,0.000,0.000,0.693,0.6581,-0.1815,34.64,-0.35789,0.164,0.474,0.000,-1.0000,-0.8078,UNCERTAIN,R_only
1786998983.414,57.4,0.000,0.000,0.694,0.6581,-0.1888,33.87,-0.37551,0.162,0.474,0.000,-1.0000,-0.8185,UNCERTAIN,R_only
1786998983.428,57.4,0.000,0.000,0.700,0.6581,-0.1958,32.84,-0.42606,0.157,0.475,0.000,-1.0000,-0.8199,UNCERTAIN,R_only
1786998983.443,57.4,0.000,0.000,0.714,0.6581,-0.2018,32.07,-0.43102,0.157,0.476,0.000,-1.0000,-0.8197,UNCERTAIN,R_only
1786998983.458,57.4,0.000,0.000,0.715,0.6581,-0.2072,31.15,-0.46109,0.154,0.477,0.000,-1.0000,-0.8194,UNCERTAIN,R_only
1786998983.470,57.4,0.000,0.000,0.718,0.6581,-0.2110,30.69,-0.44327,0.156,0.477,0.000,-1.0000,-0.8190,UNCERTAIN,R_only
1786998983.482,57.4,0.000,0.000,0.725,0.6581,-0.2146,30.14,-0.43362,0.157,0.478,0.000,-1.0000,-0.8186,UNCERTAIN,R_only
1786998983.498,57.4,0.000,0.726,0.000,0.6581,0.1095,29.54,-0.42873,0.157,0.489,0.000,0.3343,-0.2064,TRACKING,C_only
1786998983.510,57.4,0.000,0.735,0.000,0.6581,0.1054,29.29,-0.40758,0.159,0.500,0.000,0.2835,0.1457,TRACKING,C_only
1786998983.523,57.4,0.000,0.739,0.000,0.6581,0.1017,29.17,-0.34762,0.165,0.510,0.000,0.2312,0.1627,TRACKING,C_only
1786998983.536,57.4,0.000,0.745,0.000,0.6581,0.0989,28.81,-0.32027,0.168,0.519,0.000,0.2078,0.1488,TRACKING,C_only
1786998983.546,57.4,0.000,0.746,0.000,0.6581,0.0959,28.29,-0.31086,0.169,0.528,0.000,0.1900,0.1342,TRACKING,C_only
1786998983.560,57.4,0.000,0.753,0.000,0.6581,0.0923,27.71,-0.30118,0.170,0.537,0.000,0.1671,0.1163,TRACKING,C_only
1786998983.574,57.4,0.000,0.754,0.000,0.6581,0.0883,26.90,-0.32239,0.168,0.545,0.000,0.1485,0.1008,TRACKING,C_only
1786998983.584,57.4,0.000,0.759,0.000,0.6581,0.0863,26.28,-0.33143,0.167,0.553,0.000,0.1487,0.0983,TRACKING,C_only
1786998983.596,57.4,0.000,0.763,0.000,0.6581,0.0846,25.57,-0.33702,0.166,0.560,0.000,0.1578,0.1037,TRACKING,C_only
1786998983.607,57.4,0.000,0.766,0.000,0.6581,0.0841,25.00,-0.33183,0.167,0.567,0.000,0.1767,0.1167,TRACKING,C_only
1786998983.620,57.4,0.000,0.765,0.000,0.6581,0.0842,24.49,-0.32174,0.168,0.574,0.000,0.1997,0.1333,TRACKING,C_only
1786998983.632,57.4,0.000,0.770,0.000,0.6581,0.0849,23.65,-0.34537,0.165,0.580,0.000,0.2476,0.1660,TRACKING,C_only
1786998983.656,57.4,0.000,0.771,0.000,0.6581,0.0856,22.67,-0.38076,0.162,0.586,0.000,0.3058,0.2072,TRACKING,C_only
1786998983.674,57.4,0.371,0.773,0.000,0.5694,0.0871,21.66,-0.43105,0.157,0.592,0.000,0.3835,0.2615,TRACKING,L+C
1786998983.697,57.4,0.586,0.772,0.000,0.5372,0.0892,21.09,-0.43368,0.157,0.597,0.000,0.4390,0.3036,TRACKING,L+C
1786998983.717,57.4,0.898,0.774,0.000,0.4995,0.0921,20.15,-0.48456,0.152,0.602,0.000,0.5413,0.3724,TRACKING,L+C
1786998983.731,57.4,0.952,0.775,0.000,0.5142,0.0948,19.81,-0.47152,0.153,0.607,0.000,0.5867,0.4100,TRACKING,L+C
1786998983.747,57.4,0.830,0.778,0.000,0.5190,0.0964,19.03,-0.50460,0.150,0.612,0.000,0.6536,0.4554,TRACKING,L+C
1786998983.761,57.4,0.888,0.780,0.000,0.5175,0.0982,18.71,-0.50146,0.150,0.616,0.000,0.6897,0.4830,TRACKING,L+C
1786998983.777,57.4,0.955,0.783,0.000,0.5210,0.1000,17.55,-0.57093,0.150,0.620,0.000,0.7448,0.5196,TRACKING,L+C
1786998983.793,57.4,0.952,0.789,0.000,0.5215,0.1027,17.42,-0.54523,0.150,0.624,0.000,0.7843,0.5474,TRACKING,L+C
1786998983.808,57.4,0.946,0.789,0.000,0.5218,0.1054,17.11,-0.54720,0.150,0.628,0.000,0.8248,0.5742,TRACKING,L+C
1786998983.821,57.4,0.938,0.792,0.000,0.5237,0.1091,16.85,-0.54079,0.150,0.632,0.000,0.8741,0.6061,TRACKING,L+C
1786998983.838,57.4,0.933,0.793,0.000,0.5238,0.1141,17.24,-0.48196,0.152,0.635,0.000,0.9047,0.6276,TRACKING,L+C
1786998983.854,57.4,0.931,0.790,0.000,0.5249,0.1179,16.50,-0.54131,0.150,0.638,0.000,0.9690,0.6672,TRACKING,L+C
1786998983.870,57.4,0.928,0.788,0.000,0.5260,0.1226,16.25,-0.53565,0.150,0.641,0.000,1.0000,0.6898,TRACKING,L+C
1786998983.900,61.0,0.937,0.792,0.000,0.5249,0.1265,15.93,-0.53979,0.150,0.644,0.000,1.0000,0.6918,TRACKING,L+C
1786998983.918,61.0,0.927,0.795,0.000,0.5261,0.1322,15.93,-0.51519,0.150,0.647,0.000,1.0000,0.6909,TRACKING,L+C
1786998983.935,61.0,0.920,0.798,0.000,0.5270,0.1376,15.62,-0.53022,0.150,0.650,0.000,1.0000,0.6896,TRACKING,L+C
1786998983.951,61.0,0.910,0.796,0.000,0.5280,0.1415,14.32,-0.63993,0.150,0.652,0.000,1.0000,0.6883,TRACKING,L+C
1786998983.967,61.0,0.903,0.804,0.000,0.5260,0.1467,14.96,-0.55251,0.150,0.655,0.000,1.0000,0.6871,TRACKING,L+C
1786998983.982,61.0,0.893,0.806,0.000,0.5252,0.1513,14.38,-0.59165,0.150,0.657,0.000,1.0000,0.6859,TRACKING,L+C
1786998983.997,61.0,0.900,0.810,0.000,0.5246,0.1537,12.94,-0.72788,0.150,0.659,0.000,1.0000,0.6847,TRACKING,L+C
1786998984.024,61.0,0.897,0.814,0.000,0.5210,0.1564,13.35,-0.67821,0.150,0.661,0.000,1.0000,0.6834,TRACKING,L+C
1786998984.039,61.0,0.898,0.816,0.000,0.5206,0.1578,13.67,-0.64478,0.150,0.663,0.000,1.0000,0.6822,TRACKING,L+C
1786998984.059,61.0,0.898,0.815,0.000,0.5202,0.1561,13.48,-0.67611,0.150,0.665,0.000,1.0000,0.6807,TRACKING,L+C
1786998984.081,61.0,0.900,0.813,0.000,0.5173,0.1529,13.65,-0.69629,0.150,0.667,0.000,1.0000,0.6790,TRACKING,L+C
1786998984.097,61.0,0.908,0.816,0.000,0.5167,0.1500,14.01,-0.67637,0.150,0.668,0.000,1.0000,0.6776,TRACKING,L+C
1786998984.120,61.0,0.914,0.814,0.000,0.5189,0.1475,13.76,-0.71883,0.150,0.670,0.000,1.0000,0.6762,TRACKING,L+C
1786998984.134,61.0,0.915,0.816,0.000,0.5175,0.1456,14.33,-0.67794,0.150,0.671,0.000,1.0000,0.6749,TRACKING,L+C
1786998984.149,61.0,0.909,0.814,0.000,0.5181,0.1450,14.67,-0.66161,0.150,0.673,0.000,1.0000,0.6737,TRACKING,L+C
1786998984.166,61.0,0.918,0.811,0.000,0.5206,0.1454,15.10,-0.61143,0.150,0.674,0.000,1.0000,0.6728,TRACKING,L+C
1786998984.179,61.0,0.921,0.809,0.000,0.5218,0.1466,15.47,-0.57662,0.150,0.676,0.000,1.0000,0.6720,TRACKING,L+C
1786998984.194,61.0,0.924,0.809,0.000,0.5215,0.1493,15.56,-0.56053,0.150,0.677,0.000,1.0000,0.6713,TRACKING,L+C
1786998984.223,61.0,0.902,0.814,0.000,0.5218,0.1534,14.82,-0.61401,0.150,0.678,0.000,1.0000,0.6709,TRACKING,L+C
1786998984.238,61.0,0.892,0.817,0.000,0.5213,0.1595,15.27,-0.53790,0.150,0.679,0.000,1.0000,0.6707,TRACKING,L+C
1786998984.257,61.0,0.900,0.819,0.000,0.5210,0.1645,14.88,-0.55086,0.150,0.680,0.000,1.0000,0.6705,TRACKING,L+C
1786998984.276,61.0,0.000,0.885,0.822,0.5205,-0.1625,-6.59,-0.59567,0.150,0.681,0.000,-1.0000,0.1848,TRACKING,R+C
1786998984.293,61.0,0.000,0.875,0.828,0.5185,-0.1557,-6.87,-0.61793,0.150,0.682,0.000,-1.0000,-0.2460,TRACKING,R+C
1786998984.308,61.0,0.000,0.868,0.830,0.5168,-0.1483,-6.85,-0.60545,0.150,0.683,0.000,-1.0000,-0.6093,TRACKING,R+C
1786998984.326,61.0,0.000,0.860,0.841,0.5113,-0.1412,-7.54,-0.64066,0.150,0.684,0.000,-1.0000,-0.6629,TRACKING,R+C
1786998984.341,61.0,0.000,0.849,0.847,0.5066,-0.1340,-8.28,-0.70872,0.150,0.685,0.000,-1.0000,-0.6699,TRACKING,R+C
1786998984.358,61.0,0.000,0.848,0.850,0.5036,-0.1257,-7.73,-0.68771,0.150,0.685,0.000,-1.0000,-0.6700,TRACKING,R+C
1786998984.372,61.0,0.000,0.845,0.854,0.5018,-0.1202,-7.73,-0.69622,0.150,0.686,0.000,-1.0000,-0.6693,TRACKING,R+C
1786998984.388,61.0,0.000,0.843,0.856,0.5021,-0.1166,-7.56,-0.70971,0.150,0.687,0.000,-1.0000,-0.6686,TRACKING,R+C
1786998984.401,61.0,0.000,0.848,0.854,0.5010,-0.1153,-7.68,-0.74228,0.150,0.687,0.000,-1.0000,-0.6681,TRACKING,R+C
1786998984.419,61.0,0.000,0.837,0.860,0.4983,-0.1161,-7.95,-0.78662,0.150,0.688,0.000,-1.0000,-0.6678,TRACKING,R+C
1786998984.446,61.0,0.000,0.846,0.862,0.4998,-0.1161,-7.72,-0.79392,0.150,0.689,0.000,-1.0000,-0.6675,TRACKING,R+C
1786998984.459,61.0,0.000,0.848,0.851,0.5043,-0.1150,-7.05,-0.74637,0.150,0.689,0.000,-1.0000,-0.6670,TRACKING,R+C
1786998984.474,61.0,0.000,0.851,0.858,0.5067,-0.1127,-7.05,-0.74852,0.150,0.690,0.000,-1.0000,-0.6665,TRACKING,R+C
1786998984.488,61.0,0.000,0.826,0.861,0.5091,-0.1067,-6.62,-0.73151,0.150,0.690,0.000,-1.0000,-0.6657,TRACKING,R+C
1786998984.503,61.0,0.000,0.814,0.858,0.5089,-0.0988,-6.86,-0.75035,0.150,0.691,0.000,-1.0000,-0.6647,TRACKING,R+C
1786998984.524,61.0,0.000,0.811,0.861,0.5066,-0.0896,-6.47,-0.72561,0.150,0.691,0.000,-1.0000,-0.6637,TRACKING,R+C
1786998984.542,61.0,0.000,0.799,0.863,0.5033,-0.0805,-6.58,-0.73240,0.150,0.692,0.000,-0.9934,-0.6590,TRACKING,R+C
1786998984.560,61.0,0.000,0.809,0.870,0.5020,-0.0713,-6.07,-0.71074,0.150,0.692,0.000,-0.9180,-0.6162,TRACKING,R+C
1786998984.584,61.0,0.000,0.808,0.871,0.4992,-0.0645,-5.89,-0.70602,0.150,0.692,0.000,-0.8526,-0.5732,TRACKING,R+C
1786998984.596,61.0,0.000,0.820,0.876,0.4992,-0.0611,-5.81,-0.71897,0.150,0.693,0.000,-0.8189,-0.5480,TRACKING,R+C
1786998984.613,61.0,0.000,0.823,0.867,0.5020,-0.0601,-5.88,-0.73863,0.150,0.693,0.000,-0.8079,-0.5379,TRACKING,R+C
1786998984.627,61.0,0.000,0.825,0.868,0.5049,-0.0582,-5.11,-0.71797,0.150,0.694,0.000,-0.8062,-0.5354,TRACKING,R+C
1786998984.641,61.0,0.000,0.816,0.862,0.5037,-0.0561,-4.49,-0.70335,0.150,0.694,0.000,-0.7976,-0.5301,TRACKING,R+C
1786998984.656,61.0,0.000,0.821,0.863,0.5032,-0.0522,-3.87,-0.69132,0.150,0.694,0.000,-0.7693,-0.5135,TRACKING,R+C
1786998984.670,61.0,0.000,0.821,0.863,0.5016,-0.0491,-3.40,-0.68094,0.150,0.694,0.000,-0.7447,-0.4972,TRACKING,R+C
1786998984.684,61.0,0.000,0.823,0.859,0.4995,-0.0476,-2.91,-0.66406,0.150,0.695,0.000,-0.7386,-0.4913,TRACKING,R+C
1786998984.697,61.0,0.000,0.822,0.867,0.5022,-0.0474,-1.99,-0.62085,0.150,0.695,0.000,-0.7590,-0.5017,TRACKING,R+C
1786998984.716,61.0,0.000,0.825,0.867,0.5050,-0.0508,-2.26,-0.65614,0.150,0.695,0.000,-0.7959,-0.5238,TRACKING,R+C
1786998984.729,61.0,0.000,0.825,0.870,0.5077,-0.0513,-1.11,-0.60910,0.150,0.695,0.000,-0.8282,-0.5449,TRACKING,R+C
1786998984.742,61.0,0.000,0.801,0.863,0.5108,-0.0558,-2.95,-0.82542,0.150,0.696,0.000,-0.8515,-0.5612,TRACKING,R+C
1786998984.757,61.0,0.000,0.799,0.864,0.5151,-0.0589,-2.74,-0.85257,0.150,0.696,0.000,-0.8925,-0.5863,TRACKING,R+C
1786998984.770,61.0,0.000,0.800,0.855,0.5205,-0.0628,-2.67,-0.88296,0.150,0.696,0.000,-0.9354,-0.6137,TRACKING,R+C
1786998984.785,61.0,0.000,0.807,0.841,0.5246,-0.0661,-2.47,-0.88775,0.150,0.696,0.000,-0.9712,-0.6375,TRACKING,R+C
1786998984.799,61.0,0.000,0.795,0.844,0.5277,-0.0698,-3.36,-1.01571,0.150,0.697,0.000,-0.9964,-0.6549,TRACKING,R+C
1786998984.814,61.0,0.000,0.797,0.838,0.5330,-0.0741,-3.55,-1.01717,0.150,0.697,0.000,-1.0000,-0.6596,TRACKING,R+C
1786998984.828,61.0,0.000,0.794,0.839,0.5355,-0.0754,-2.80,-1.00612,0.150,0.697,0.000,-1.0000,-0.6605,TRACKING,R+C
1786998984.840,61.0,0.000,0.797,0.845,0.5370,-0.0776,-2.05,-0.97860,0.150,0.697,0.000,-1.0000,-0.6609,TRACKING,R+C
1786998984.854,61.0,0.000,0.798,0.836,0.5408,-0.0794,-1.11,-0.91976,0.150,0.697,0.000,-1.0000,-0.6611,TRACKING,R+C
1786998984.877,61.0,0.000,0.817,0.829,0.5404,-0.0806,0.20,-0.83904,0.150,0.697,0.000,-1.0000,-0.6612,TRACKING,R+C
1786998984.892,61.0,0.000,0.816,0.825,0.5435,-0.0840,-0.83,-0.97754,0.150,0.697,0.000,-1.0000,-0.6615,TRACKING,R+C
1786998984.906,60.7,0.000,0.814,0.825,0.5517,-0.0877,-0.57,-0.96534,0.150,0.698,0.000,-1.0000,-0.6618,TRACKING,R+C
1786998984.918,60.7,0.000,0.814,0.821,0.5553,-0.0930,-0.84,-1.01239,0.150,0.698,0.000,-1.0000,-0.6622,TRACKING,R+C
1786998984.934,60.7,0.000,0.822,0.813,0.5580,-0.0973,-0.18,-0.99234,0.150,0.698,0.000,-1.0000,-0.6626,TRACKING,R+C
1786998984.948,60.7,0.000,0.824,0.806,0.5621,-0.1015,0.75,-0.93704,0.150,0.698,0.000,-1.0000,-0.6630,TRACKING,R+C
1786998984.965,60.7,0.000,0.824,0.806,0.5621,-0.0812,0.60,-0.74963,0.150,0.698,0.000,-1.0000,-0.6630,TRACKING,prediction
1786998984.980,60.7,0.000,0.827,0.799,0.5680,-0.1125,0.56,-1.00774,0.150,0.698,0.000,-1.0000,-0.6639,TRACKING,R+C
1786998984.996,60.7,0.000,0.827,0.799,0.5680,-0.0900,0.45,-0.80619,0.150,0.698,0.000,-1.0000,-0.6639,TRACKING,prediction
1786998985.017,60.7,0.000,0.848,0.794,0.5795,-0.1235,1.96,-0.89415,0.150,0.698,0.000,-1.0000,-0.6648,TRACKING,R+C
1786998985.046,60.7,0.000,0.848,0.794,0.5795,-0.0988,1.57,-0.71532,0.150,0.698,0.000,-1.0000,-0.6648,TRACKING,prediction
1786998985.062,60.7,0.000,0.848,0.794,0.5795,-0.0790,1.26,-0.57225,0.150,0.698,0.000,-1.0000,-0.6647,TRACKING,prediction
1786998985.089,60.7,0.000,0.848,0.794,0.5795,-0.0632,1.00,-0.45780,0.150,0.699,0.000,-1.0000,-0.6647,TRACKING,prediction
1786998985.104,60.7,0.000,0.848,0.794,0.5795,-0.0506,0.80,-0.36624,0.150,0.699,0.000,-1.0000,-0.6646,TRACKING,prediction
1786998985.120,60.7,0.000,0.848,0.794,0.5795,-0.0405,0.64,-0.29299,0.150,0.699,0.000,-1.0000,-0.6646,TRACKING,prediction
1786998985.135,60.7,0.000,0.848,0.794,0.5795,-0.0324,0.51,-0.23440,0.150,0.699,0.000,-1.0000,-0.6645,TRACKING,prediction
1786998985.150,60.7,0.888,0.791,0.000,0.6014,0.2058,18.04,-0.90922,0.150,0.699,0.000,1.0000,-0.2045,TRACKING,L+C
1786998985.164,60.7,0.893,0.789,0.000,0.5983,0.2050,18.44,-0.89047,0.150,0.699,0.000,1.0000,0.2170,TRACKING,L+C
1786998985.193,60.7,0.000,0.888,0.791,0.5972,-0.1538,1.91,-1.08695,0.150,0.699,0.000,-1.0000,-0.2619,TRACKING,R+C
1786998985.210,60.7,0.000,0.892,0.782,0.6001,-0.1570,2.68,-1.02788,0.150,0.699,0.000,-1.0000,-0.6070,TRACKING,R+C
1786998985.223,60.7,0.000,0.909,0.779,0.5999,-0.1585,4.05,-0.87697,0.150,0.699,0.000,-1.0000,-0.6588,TRACKING,R+C
1786998985.244,60.7,0.000,0.901,0.777,0.6023,-0.1590,4.32,-0.86044,0.150,0.699,0.000,-1.0000,-0.6666,TRACKING,R+C
1786998985.257,60.7,0.000,0.901,0.775,0.6049,-0.1586,3.55,-0.98884,0.150,0.699,0.000,-1.0000,-0.6678,TRACKING,R+C
1786998985.284,60.7,0.000,0.901,0.775,0.6049,-0.1269,2.84,-0.79107,0.150,0.699,0.000,-1.0000,-0.6679,TRACKING,prediction
1786998985.297,60.7,0.917,0.772,0.000,0.6053,0.2017,17.15,-1.14131,0.150,0.699,0.000,1.0000,-0.2068,TRACKING,L+C
1786998985.311,60.7,0.000,0.905,0.772,0.6079,-0.1523,3.88,-0.92001,0.150,0.699,0.000,-1.0000,-0.6065,TRACKING,R+C
1786998985.335,60.7,0.000,0.892,0.778,0.6063,-0.1496,4.95,-0.78157,0.150,0.699,0.000,-1.0000,-0.6579,TRACKING,R+C
1786998985.349,60.7,0.000,0.893,0.781,0.6077,-0.1492,5.01,-0.78835,0.150,0.699,0.000,-1.0000,-0.6656,TRACKING,R+C
1786998985.363,60.7,0.000,0.902,0.781,0.6094,-0.1509,5.62,-0.72573,0.150,0.699,0.000,-1.0000,-0.6669,TRACKING,R+C
1786998985.378,60.7,0.000,0.942,0.779,0.6110,-0.1531,5.04,-0.84530,0.150,0.699,0.000,-1.0000,-0.6674,TRACKING,R+C
1786998985.391,60.7,0.925,0.690,0.000,0.6026,0.2140,27.58,-0.11133,0.189,0.699,0.000,1.0000,-0.2056,TRACKING,L+C
1786998985.404,60.7,0.000,0.907,0.694,0.6095,-0.1607,3.07,-1.16535,0.150,0.699,0.000,-1.0000,-0.6078,TRACKING,R+C
1786998985.420,60.7,0.000,0.908,0.713,0.6126,-0.1576,4.94,-0.99246,0.150,0.699,0.000,-1.0000,-0.6591,TRACKING,R+C
1786998985.433,60.7,0.000,0.906,0.693,0.6106,-0.1547,5.44,-0.98074,0.150,0.700,0.000,-1.0000,-0.6667,TRACKING,R+C
1786998985.451,60.7,0.000,0.906,0.693,0.6106,-0.1238,4.35,-0.78459,0.150,0.700,0.000,-1.0000,-0.6678,TRACKING,prediction
1786998985.467,60.7,0.000,0.906,0.693,0.6106,-0.0990,3.48,-0.62767,0.150,0.700,0.000,-1.0000,-0.6680,TRACKING,prediction
1786998985.481,60.7,0.000,0.906,0.693,0.6106,-0.0792,2.79,-0.50214,0.150,0.700,0.000,-1.0000,-0.6680,TRACKING,prediction
1786998985.498,60.7,0.000,0.906,0.693,0.6106,-0.0634,2.23,-0.40171,0.150,0.700,0.000,-1.0000,-0.6680,TRACKING,prediction
1786998985.524,60.7,0.000,0.906,0.693,0.6106,-0.0507,1.78,-0.32137,0.150,0.700,0.000,-1.0000,-0.6680,TRACKING,prediction
1786998985.545,60.7,0.912,0.673,0.000,0.6216,0.2316,33.10,0.44580,0.155,0.700,0.000,1.0000,-0.2006,TRACKING,L+C
1786998985.560,60.7,0.912,0.673,0.000,0.6216,0.1853,26.48,0.35664,0.155,0.700,0.000,1.0000,0.2198,TRACKING,prediction
1786998985.576,60.7,0.912,0.673,0.000,0.6216,0.1482,21.19,0.28531,0.155,0.700,0.000,1.0000,0.5929,TRACKING,prediction
1786998985.599,60.7,0.000,0.890,0.668,0.6332,-0.1441,6.44,-1.05663,0.150,0.700,0.000,-1.0000,0.1076,TRACKING,R+C
1786998985.613,60.7,0.000,0.864,0.652,0.6490,-0.1411,7.20,-0.94353,0.150,0.700,0.000,-1.0000,-0.3036,TRACKING,R+C
1786998985.626,60.7,0.000,0.873,0.653,0.6505,-0.1392,6.94,-0.96557,0.150,0.700,0.000,-1.0000,-0.6126,TRACKING,R+C
1786998985.642,60.7,0.000,0.873,0.653,0.6505,-0.1114,5.55,-0.77245,0.150,0.700,0.000,-1.0000,-0.6589,TRACKING,prediction
1786998985.656,60.7,0.000,0.855,0.636,0.6678,-0.1334,9.21,-0.63380,0.150,0.700,0.000,-1.0000,-0.6652,TRACKING,R+C
1786998985.671,60.7,0.000,0.855,0.636,0.6678,-0.1067,7.37,-0.50704,0.150,0.700,0.000,-1.0000,-0.6662,TRACKING,prediction
1786998985.686,60.7,0.000,0.855,0.636,0.6678,-0.0853,5.90,-0.40563,0.150,0.700,0.000,-1.0000,-0.6664,TRACKING,prediction
1786998985.714,60.7,0.000,0.855,0.636,0.6678,-0.0683,4.72,-0.32451,0.150,0.700,0.000,-1.0000,-0.6664,TRACKING,prediction
1786998985.730,60.7,0.000,0.855,0.636,0.6678,-0.0546,3.77,-0.25961,0.150,0.700,0.000,-1.0000,-0.6664,TRACKING,prediction
1786998985.762,60.7,0.000,0.855,0.636,0.6678,-0.0437,3.02,-0.20768,0.150,0.700,0.000,-1.0000,-0.6664,TRACKING,prediction
1786998985.789,60.7,0.000,0.855,0.636,0.6678,-0.0350,2.41,-0.16615,0.150,0.700,0.000,-1.0000,-0.6664,TRACKING,prediction
1786998985.810,60.7,0.000,0.855,0.636,0.6678,-0.0280,1.93,-0.13292,0.150,0.700,0.000,-1.0000,-0.6663,TRACKING,prediction
1786998985.828,60.7,0.000,0.855,0.636,0.6678,-0.0224,1.55,-0.10633,0.150,0.698,0.000,-1.0000,-0.6663,TRACKING,prediction
1786998985.843,60.7,0.000,0.877,0.649,0.6934,-0.1496,11.03,0.09573,0.190,0.698,0.000,-1.0000,-0.6672,TRACKING,R+C
1786998985.858,60.7,0.000,0.877,0.649,0.6934,-0.1197,8.83,0.07658,0.190,0.698,0.000,-1.0000,-0.6673,TRACKING,prediction
1786998985.873,60.7,0.000,0.871,0.654,0.6806,-0.1456,9.45,0.10081,0.190,0.698,0.000,-1.0000,-0.6663,TRACKING,R+C
1786998985.890,60.7,0.000,0.872,0.653,0.6737,-0.1424,9.04,0.12802,0.187,0.698,0.000,-1.0000,-0.6658,TRACKING,R+C
1786998985.904,60.7,0.000,0.866,0.653,0.6662,-0.1400,8.04,0.10139,0.190,0.698,0.000,-1.0000,-0.6652,TRACKING,R+C
1786998985.926,56.9,0.000,0.863,0.653,0.6614,-0.1375,7.43,0.10776,0.189,0.698,0.000,-1.0000,-0.6648,TRACKING,R+C
1786998985.949,56.9,0.000,0.861,0.652,0.6539,-0.1348,6.51,0.08657,0.191,0.698,0.000,-1.0000,-0.6642,TRACKING,R+C
1786998985.964,56.9,0.000,0.860,0.651,0.6467,-0.1313,6.09,0.10733,0.189,0.698,0.000,-1.0000,-0.6637,TRACKING,R+C
1786998985.979,56.9,0.000,0.852,0.651,0.6405,-0.1281,5.30,0.09158,0.191,0.698,0.000,-1.0000,-0.6631,TRACKING,R+C
1786998985.996,56.9,0.000,0.841,0.653,0.6313,-0.1239,4.53,0.06917,0.193,0.699,0.000,-1.0000,-0.6625,TRACKING,R+C
1786998986.026,56.9,0.000,0.832,0.652,0.6236,-0.1196,3.76,0.05317,0.195,0.699,0.000,-1.0000,-0.6619,TRACKING,R+C
1786998986.041,56.9,0.000,0.821,0.652,0.6153,-0.1142,3.15,0.04429,0.196,0.699,0.000,-1.0000,-0.6612,TRACKING,R+C
1786998986.065,56.9,0.000,0.801,0.650,0.6009,-0.1093,1.73,-0.04570,0.195,0.699,0.000,-0.9637,-0.6411,TRACKING,R+C
1786998986.078,56.9,0.000,0.788,0.644,0.5902,-0.1038,0.69,-0.08946,0.191,0.699,0.000,-0.9463,-0.6280,TRACKING,R+C
1786998986.095,56.9,0.000,0.775,0.640,0.5794,-0.0992,-0.34,-0.15517,0.184,0.699,0.000,-0.9491,-0.6270,TRACKING,R+C
1786998986.109,56.9,0.000,0.769,0.624,0.5733,-0.0952,-1.17,-0.20718,0.179,0.699,0.000,-0.9475,-0.6256,TRACKING,R+C
1786998986.124,56.9,0.000,0.766,0.622,0.5677,-0.0932,-1.91,-0.25225,0.175,0.699,0.000,-0.9549,-0.6291,TRACKING,R+C
1786998986.140,56.9,0.936,0.755,0.621,0.5646,-0.0943,-2.99,-0.33395,0.167,0.699,0.000,-1.0000,-0.6540,TRACKING,L+C+R_fused
1786998986.165,56.9,0.934,0.743,0.624,0.5468,-0.0967,-4.14,-0.42659,0.157,0.699,0.000,-1.0000,-0.6578,TRACKING,L+C+R_fused
1786998986.189,56.9,0.933,0.733,0.617,0.5321,-0.0994,-5.95,-0.56341,0.150,0.699,0.000,-1.0000,-0.6584,TRACKING,L+C+R_fused
1786998986.206,56.9,0.931,0.722,0.618,0.5374,-0.0977,-6.09,-0.58577,0.150,0.699,0.000,-1.0000,-0.6584,TRACKING,L+C+R_fused
1786998986.225,56.9,0.930,0.703,0.618,0.5239,-0.0948,-7.51,-0.70953,0.150,0.699,0.000,-1.0000,-0.6580,TRACKING,L+C+R_fused
1786998986.242,56.9,0.926,0.691,0.618,0.5212,-0.0886,-8.70,-0.79980,0.150,0.699,0.000,-1.0000,-0.6574,TRACKING,L+C+R_fused
1786998986.274,56.9,0.913,0.688,0.618,0.5208,-0.0811,-9.95,-0.89005,0.150,0.699,0.000,-0.9379,-0.6229,TRACKING,L+C+R_fused
1786998986.290,56.9,0.897,0.685,0.619,0.5210,-0.0731,-11.14,-0.96951,0.150,0.699,0.000,-0.8346,-0.5607,TRACKING,L+C+R_fused
1786998986.306,56.9,0.894,0.684,0.618,0.5171,-0.0645,-12.59,-1.06862,0.150,0.699,0.000,-0.7026,-0.4784,TRACKING,L+C+R_fused
1786998986.338,56.9,0.896,0.685,0.619,0.5185,-0.0526,-12.40,-1.08319,0.150,0.699,0.000,-0.5486,-0.3806,TRACKING,L+C+R_fused
1786998986.368,56.9,0.883,0.686,0.620,0.5086,-0.0443,-13.03,-1.15696,0.150,0.699,0.000,-0.4095,-0.2887,TRACKING,L+C+R_fused
1786998986.392,56.9,0.877,0.688,0.628,0.5036,-0.0371,-13.56,-1.21764,0.150,0.699,0.000,-0.2824,-0.2042,TRACKING,L+C+R_fused
1786998986.423,56.9,0.869,0.690,0.625,0.5069,-0.0328,-14.04,-1.27557,0.150,0.699,0.000,-0.1989,-0.1450,TRACKING,L+C+R_fused
1786998986.440,56.9,0.881,0.690,0.636,0.5024,-0.0306,-14.26,-1.32114,0.150,0.700,0.000,-0.1600,-0.1147,TRACKING,L+C+R_fused
1786998986.458,56.9,0.900,0.711,0.630,0.4988,-0.0317,-15.61,-1.42783,0.150,0.700,0.000,-0.1427,-0.1009,TRACKING,L+C+R_fused
1786998986.474,56.9,0.895,0.701,0.624,0.4994,-0.0279,-14.59,-1.45191,0.150,0.700,0.000,-0.1243,-0.0888,TRACKING,L+C+R_fused
1786998986.490,56.9,0.892,0.703,0.626,0.5000,-0.0268,-14.62,-1.51097,0.150,0.700,0.000,-0.1156,-0.0825,TRACKING,L+C+R_fused
1786998986.508,56.9,0.906,0.709,0.626,0.4984,-0.0258,-14.38,-1.56268,0.150,0.700,0.000,-0.1189,-0.0838,TRACKING,L+C+R_fused
1786998986.538,56.9,0.905,0.704,0.638,0.5031,-0.0254,-14.27,-1.63706,0.150,0.700,0.000,-0.1318,-0.0916,TRACKING,L+C+R_fused
1786998986.556,56.9,0.919,0.723,0.631,0.5084,-0.0252,-13.96,-1.68971,0.150,0.700,0.000,-0.1510,-0.1039,TRACKING,L+C+R_fused
1786998986.575,56.9,0.917,0.721,0.630,0.5148,-0.0250,-13.60,-1.75070,0.150,0.700,0.000,-0.1755,-0.1198,TRACKING,L+C+R_fused
1786998986.593,56.9,0.944,0.718,0.636,0.4859,-0.0223,-12.01,-1.74911,0.150,0.700,0.000,-0.1953,-0.1335,TRACKING,L+C+R_fused
1786998986.607,56.9,0.000,0.727,0.637,0.4798,-0.0205,-10.60,-1.74480,0.150,0.700,0.000,-0.2222,-0.1508,TRACKING,R+C
1786998986.623,56.9,0.000,0.729,0.614,0.4805,-0.0199,-9.70,-1.77305,0.150,0.700,0.000,-0.2539,-0.1714,TRACKING,R+C
1786998986.641,56.9,0.000,0.729,0.646,0.5179,-0.0199,-8.77,-1.80983,0.150,0.700,0.000,-0.2992,-0.2000,TRACKING,R+C
1786998986.654,56.9,0.000,0.730,0.651,0.5240,-0.0205,-7.90,-1.81860,0.150,0.700,0.000,-0.3447,-0.2297,TRACKING,R+C
1786998986.671,56.9,0.000,0.728,0.649,0.5133,-0.0202,-6.41,-1.77205,0.150,0.700,0.000,-0.3905,-0.2597,TRACKING,R+C
1786998986.689,56.9,0.000,0.725,0.667,0.5166,-0.0200,-4.89,-1.74537,0.150,0.700,0.000,-0.4426,-0.2932,TRACKING,R+C
1786998986.708,56.9,0.000,0.727,0.638,0.5267,-0.0212,-4.08,-1.76346,0.150,0.700,0.000,-0.4943,-0.3271,TRACKING,R+C
1786998986.721,56.9,0.000,0.724,0.638,0.5263,-0.0231,-3.18,-1.77114,0.150,0.700,0.000,-0.5560,-0.3664,TRACKING,R+C
1786998986.736,56.9,0.000,0.730,0.641,0.5340,-0.0249,-1.61,-1.71248,0.150,0.700,0.000,-0.6276,-0.4118,TRACKING,R+C
1786998986.751,56.9,0.000,0.726,0.657,0.5829,-0.0298,-1.74,-1.79097,0.150,0.700,0.000,-0.6995,-0.4585,TRACKING,R+C
1786998986.768,56.9,0.000,0.737,0.667,0.5944,-0.0313,1.08,-1.60640,0.150,0.700,0.000,-0.7805,-0.5098,TRACKING,R+C
1786998986.787,56.9,0.000,0.735,0.667,0.6034,-0.0357,1.66,-1.63037,0.150,0.700,0.000,-0.8493,-0.5554,TRACKING,R+C
1786998986.801,56.9,0.000,0.732,0.674,0.5659,-0.0403,1.90,-1.67754,0.150,0.700,0.000,-0.9080,-0.5944,TRACKING,R+C
1786998986.824,56.9,0.000,0.732,0.674,0.5659,-0.0322,1.52,-1.34203,0.150,0.700,0.000,-0.9080,-0.6001,TRACKING,prediction
1786998986.840,56.9,0.000,0.754,0.722,0.5856,-0.0414,4.61,-1.48568,0.150,0.700,0.000,-0.9665,-0.6330,TRACKING,R+C
1786998986.855,56.9,0.000,0.754,0.722,0.5856,-0.0332,3.69,-1.18855,0.150,0.700,0.000,-0.9665,-0.6378,TRACKING,prediction
1786998986.872,56.9,0.000,0.754,0.722,0.5856,-0.0265,2.95,-0.95084,0.150,0.700,0.000,-0.9665,-0.6385,TRACKING,prediction
1786998986.894,56.9,0.000,0.754,0.722,0.5856,-0.0212,2.36,-0.76067,0.150,0.700,0.000,-0.9665,-0.6386,TRACKING,prediction
1786998986.913,56.9,0.000,0.754,0.722,0.5856,-0.0170,1.89,-0.60854,0.150,0.700,0.000,-0.9665,-0.6386,TRACKING,prediction
1786998986.940,52.3,0.000,0.754,0.722,0.5856,-0.0136,1.51,-0.48683,0.150,0.700,0.000,-0.9665,-0.6386,TRACKING,prediction
1786998986.954,52.3,0.000,0.754,0.804,0.5865,-0.0251,7.25,-1.35431,0.150,0.700,0.000,-0.8602,-0.5806,TRACKING,R+C
1786998986.971,52.3,0.000,0.759,0.791,0.5852,-0.0239,7.58,-1.33415,0.150,0.700,0.000,-0.8547,-0.5690,TRACKING,R+C
1786998986.987,52.3,0.000,0.756,0.796,0.5839,-0.0193,8.60,-1.24795,0.150,0.700,0.000,-0.8241,-0.5504,TRACKING,R+C
1786998987.013,52.3,0.000,0.756,0.796,0.5839,-0.0155,6.88,-0.99836,0.150,0.700,0.000,-0.8241,-0.5477,TRACKING,prediction
1786998987.030,52.3,0.000,0.756,0.796,0.5839,-0.0124,5.50,-0.79869,0.150,0.700,0.000,-0.8241,-0.5473,TRACKING,prediction
1786998987.052,52.3,0.000,0.756,0.796,0.5839,-0.0099,4.40,-0.63895,0.150,0.700,0.000,-0.8241,-0.5472,TRACKING,prediction
1786998987.081,52.3,0.000,0.756,0.796,0.5839,-0.0079,3.52,-0.51116,0.150,0.700,0.000,-0.8241,-0.5472,TRACKING,prediction
1786998987.094,52.3,0.000,0.756,0.788,0.5763,-0.0099,8.85,-1.22363,0.150,0.700,0.000,-0.7180,-0.4889,TRACKING,R+C
1786998987.108,52.3,0.000,0.752,0.801,0.5749,-0.0087,9.47,-1.17095,0.150,0.700,0.000,-0.7163,-0.4793,TRACKING,R+C
1786998987.127,52.3,0.000,0.753,0.794,0.5740,-0.0053,10.33,-1.08011,0.150,0.700,0.000,-0.6903,-0.4635,TRACKING,R+C
1786998987.141,52.3,0.000,0.754,0.798,0.5706,-0.0020,10.24,-1.08203,0.150,0.700,0.000,-0.6434,-0.4353,TRACKING,R+C
1786998987.155,52.3,0.000,0.747,0.787,0.5686,0.0005,9.41,-1.15267,0.150,0.700,0.000,-0.5896,-0.4015,TRACKING,R+C
1786998987.169,52.3,0.000,0.753,0.791,0.5652,0.0045,10.15,-1.07139,0.150,0.700,0.000,-0.5467,-0.3727,TRACKING,R+C
1786998987.184,52.3,0.000,0.751,0.796,0.5601,0.0060,8.75,-1.18591,0.150,0.700,0.000,-0.4869,-0.3355,TRACKING,R+C
1786998987.199,52.3,0.000,0.751,0.796,0.5601,0.0048,7.00,-0.94872,0.150,0.700,0.000,-0.4869,-0.3300,TRACKING,prediction
1786998987.213,52.3,0.000,0.754,0.798,0.5556,0.0112,10.63,-1.02226,0.150,0.700,0.000,-0.4588,-0.3135,TRACKING,R+C
1786998987.229,52.3,0.000,0.761,0.804,0.5565,0.0097,11.46,-0.93384,0.150,0.700,0.000,-0.5009,-0.3342,TRACKING,R+C
1786998987.245,52.3,0.000,0.761,0.804,0.5565,0.0077,9.16,-0.74707,0.150,0.700,0.000,-0.5009,-0.3373,TRACKING,prediction
1786998987.265,52.3,0.000,0.762,0.808,0.5689,-0.0038,11.59,-0.93025,0.150,0.700,0.000,-0.6940,-0.4444,TRACKING,R+C
1786998987.281,52.3,0.000,0.762,0.808,0.5689,-0.0031,9.27,-0.74420,0.150,0.700,0.000,-0.6940,-0.4601,TRACKING,prediction
1786998987.299,52.3,0.000,0.762,0.808,0.5689,-0.0025,7.42,-0.59536,0.150,0.700,0.000,-0.6940,-0.4624,TRACKING,prediction
1786998987.317,52.3,0.000,0.762,0.808,0.5689,-0.0020,5.93,-0.47629,0.150,0.700,0.000,-0.6940,-0.4628,TRACKING,prediction
1786998987.333,52.3,0.000,0.762,0.808,0.5689,-0.0016,4.75,-0.38103,0.150,0.700,0.000,-0.6940,-0.4629,TRACKING,prediction
1786998987.350,52.3,0.000,0.762,0.808,0.5689,-0.0013,3.80,-0.30482,0.150,0.700,0.000,-0.6940,-0.4629,TRACKING,prediction
1786998987.381,52.3,0.000,0.762,0.808,0.5689,-0.0010,3.04,-0.24386,0.150,0.700,0.000,-0.6940,-0.4629,TRACKING,prediction
1786998987.398,52.3,0.000,0.762,0.808,0.5689,-0.0008,2.43,-0.19509,0.150,0.700,0.000,-0.6940,-0.4629,TRACKING,prediction
1786998987.413,52.3,0.000,0.762,0.808,0.5689,-0.0006,1.94,-0.15607,0.150,0.700,0.000,-0.6940,-0.4629,TRACKING,prediction
1786998987.429,52.3,0.000,0.762,0.808,0.5689,-0.0005,1.56,-0.12486,0.150,0.698,0.000,-0.6940,-0.4629,TRACKING,prediction
1786998987.444,52.3,0.000,0.762,0.808,0.5689,-0.0004,1.24,-0.09988,0.150,0.686,0.000,-0.6940,-0.4638,TRACKING,prediction
1786998987.462,52.3,0.000,0.762,0.808,0.5689,-0.0003,1.00,-0.07991,0.150,0.667,0.000,-0.6940,-0.4688,TRACKING,prediction
1786998987.495,52.3,0.000,0.762,0.808,0.5689,-0.0003,0.80,-0.06393,0.150,0.645,0.000,-0.6940,-0.4769,TRACKING,prediction
1786998987.523,52.3,0.000,0.762,0.808,0.5689,-0.0002,0.64,-0.05114,0.150,0.621,0.000,-0.6940,-0.4870,TRACKING,prediction
1786998987.538,52.3,0.000,0.762,0.808,0.5689,-0.0002,0.51,-0.04091,0.150,0.582,0.000,-0.6940,-0.4983,UNCERTAIN,prediction
1786998987.567,52.3,0.000,0.762,0.808,0.5689,-0.0001,0.41,-0.03273,0.150,0.554,0.000,-0.6940,-0.5158,UNCERTAIN,prediction
1786998987.593,52.3,0.000,0.762,0.808,0.5689,-0.0001,0.33,-0.02618,0.150,0.533,0.000,-0.6940,-0.5293,UNCERTAIN,prediction
1786998987.625,52.3,0.000,0.762,0.808,0.5689,-0.0001,0.26,-0.02095,0.150,0.511,0.000,-0.6940,-0.5398,UNCERTAIN,prediction
1786998987.639,52.3,0.000,0.762,0.808,0.5689,-0.0001,0.21,-0.01676,0.150,0.489,0.000,-0.6940,-0.5502,UNCERTAIN,prediction
1786998987.663,52.3,0.000,0.762,0.808,0.5689,-0.0001,0.17,-0.01341,0.150,0.466,0.000,-0.6940,-0.5606,UNCERTAIN,prediction
1786998987.694,52.3,0.000,0.762,0.808,0.5689,-0.0000,0.13,-0.01073,0.150,0.445,0.000,-0.6940,-0.5710,UNCERTAIN,prediction
1786998987.710,52.3,0.000,0.762,0.808,0.5689,-0.0000,0.11,-0.00858,0.150,0.423,0.000,-0.6940,-0.5812,UNCERTAIN,prediction
1786998987.725,52.3,0.000,0.762,0.808,0.5689,-0.0000,0.09,-0.00686,0.150,0.403,0.000,-0.6940,-0.5911,UNCERTAIN,prediction
1786998987.742,52.3,0.000,0.762,0.808,0.5689,-0.0000,0.07,-0.00549,0.150,0.383,0.000,-0.6940,-0.6007,UNCERTAIN,prediction
1786998987.759,52.3,0.000,0.762,0.808,0.5689,-0.0000,0.05,-0.00439,0.150,0.365,0.000,-0.6940,-0.6099,UNCERTAIN,prediction
1786998987.773,52.3,0.000,0.838,0.782,0.5823,-0.0662,10.76,-0.50489,0.150,0.381,0.000,-1.0000,-0.8416,TRACKING,R+C
1786998987.790,52.3,0.000,0.838,0.782,0.5823,-0.0529,8.61,-0.40391,0.150,0.397,0.000,-1.0000,-0.8662,TRACKING,prediction
1786998987.814,52.3,0.000,0.836,0.793,0.5665,-0.0578,10.37,-0.46961,0.153,0.412,0.000,-1.0000,-0.8605,TRACKING,R+C
1786998987.830,52.3,0.000,0.836,0.793,0.5665,-0.0462,8.29,-0.37569,0.153,0.427,0.000,-1.0000,-0.8514,TRACKING,prediction
1786998987.844,52.3,0.000,0.826,0.799,0.5591,-0.0476,9.80,-0.46677,0.153,0.440,0.000,-1.0000,-0.8414,TRACKING,R+C
1786998987.869,52.3,0.000,0.824,0.803,0.5568,-0.0428,9.54,-0.46818,0.153,0.453,0.000,-0.9711,-0.8124,TRACKING,R+C
1786998987.886,52.3,0.000,0.824,0.803,0.5568,-0.0343,7.63,-0.37455,0.153,0.466,0.000,-0.9711,-0.8010,TRACKING,prediction
1786998987.904,52.3,0.000,0.824,0.803,0.5568,-0.0274,6.10,-0.29964,0.153,0.478,0.000,-0.9711,-0.7926,TRACKING,prediction
1786998987.921,52.3,0.000,0.824,0.803,0.5568,-0.0219,4.88,-0.23971,0.153,0.489,0.000,-0.9711,-0.7850,TRACKING,prediction
1786998987.938,52.3,0.000,0.824,0.803,0.5568,-0.0175,3.91,-0.19177,0.153,0.499,0.000,-0.9711,-0.7778,TRACKING,prediction
1786998987.961,52.9,0.000,0.824,0.803,0.5568,-0.0140,3.13,-0.15341,0.153,0.509,0.000,-0.9711,-0.7709,TRACKING,prediction
1786998987.977,52.9,0.000,0.824,0.803,0.5568,-0.0112,2.50,-0.12273,0.153,0.519,0.000,-0.9711,-0.7644,TRACKING,prediction
1786998988.004,52.9,0.000,0.824,0.803,0.5568,-0.0090,2.00,-0.09819,0.153,0.528,0.000,-0.9711,-0.7583,TRACKING,prediction
1786998988.024,52.9,0.000,0.824,0.803,0.5568,-0.0072,1.60,-0.07855,0.153,0.536,0.000,-0.9711,-0.7524,TRACKING,prediction
1786998988.039,52.9,0.000,0.824,0.803,0.5568,-0.0057,1.28,-0.06284,0.153,0.545,0.000,-0.9711,-0.7468,TRACKING,prediction
1786998988.057,52.9,0.000,0.824,0.803,0.5568,-0.0046,1.02,-0.05027,0.153,0.551,0.000,-0.9711,-0.7415,TRACKING,prediction
1786998988.073,52.9,0.000,0.824,0.803,0.5568,-0.0037,0.82,-0.04022,0.153,0.556,0.000,-0.9711,-0.7369,TRACKING,prediction
1786998988.088,52.9,0.000,0.813,0.784,0.5117,-0.0041,5.99,-0.66575,0.150,0.563,0.000,-0.4466,-0.4023,TRACKING,R+C
1786998988.104,52.9,0.000,0.812,0.780,0.5178,-0.0099,5.40,-0.71736,0.150,0.570,0.000,-0.5198,-0.3972,TRACKING,R+C
1786998988.119,52.9,0.000,0.807,0.779,0.5255,-0.0133,6.49,-0.62536,0.150,0.577,0.000,-0.5957,-0.4417,TRACKING,R+C
1786998988.139,52.9,0.000,0.807,0.779,0.5255,-0.0107,5.19,-0.50028,0.150,0.583,0.000,-0.5957,-0.4460,TRACKING,prediction
1786998988.153,52.9,0.000,0.818,0.782,0.5349,-0.0203,6.72,-0.61609,0.150,0.589,0.000,-0.6964,-0.5068,TRACKING,R+C
1786998988.181,52.9,0.000,0.818,0.782,0.5349,-0.0163,5.37,-0.49287,0.150,0.594,0.000,-0.6964,-0.5134,TRACKING,prediction
1786998988.198,52.9,0.000,0.818,0.782,0.5349,-0.0130,4.30,-0.39430,0.150,0.600,0.000,-0.6964,-0.5122,TRACKING,prediction
1786998988.216,52.9,0.000,0.818,0.782,0.5349,-0.0104,3.44,-0.31544,0.150,0.605,0.000,-0.6964,-0.5099,TRACKING,prediction
1786998988.232,52.9,0.000,0.818,0.782,0.5349,-0.0083,2.75,-0.25235,0.150,0.609,0.000,-0.6964,-0.5075,TRACKING,prediction
1786998988.250,52.9,0.366,0.808,0.785,0.5261,0.0050,6.53,-0.60545,0.150,0.614,0.000,-0.3116,-0.2720,TRACKING,L+C+R_fused
1786998988.265,52.9,0.376,0.800,0.789,0.4713,0.0110,5.28,-0.71213,0.150,0.618,0.000,-0.1736,-0.1527,TRACKING,L+C+R_fused
1786998988.297,52.9,0.677,0.798,0.799,0.4881,0.0198,6.08,-0.64584,0.150,0.622,0.000,-0.0419,-0.0545,TRACKING,L+C+R_fused
1786998988.332,52.9,0.371,0.802,0.803,0.4249,0.0255,6.03,-0.65000,0.150,0.626,0.000,0.0619,0.0233,TRACKING,L+C+R_fused
1786998988.351,52.9,0.937,0.812,0.813,0.5053,0.0302,5.95,-0.67214,0.150,0.630,0.000,0.1436,0.0844,TRACKING,L+C+R_fused
1786998988.367,52.9,0.923,0.812,0.807,0.5056,0.0319,5.73,-0.70845,0.150,0.633,0.000,0.1772,0.1134,TRACKING,L+C+R_fused
1786998988.382,52.9,0.944,0.806,0.812,0.5011,0.0307,5.64,-0.74052,0.150,0.637,0.000,0.1542,0.1032,TRACKING,L+C+R_fused
1786998988.399,52.9,0.940,0.811,0.815,0.4958,0.0284,6.49,-0.69097,0.150,0.640,0.000,0.0833,0.0587,TRACKING,L+C+R_fused
1786998988.422,52.9,0.940,0.811,0.815,0.4958,0.0227,5.19,-0.55277,0.150,0.643,0.000,0.0833,0.0521,TRACKING,prediction
1786998988.438,52.9,0.940,0.811,0.815,0.4958,0.0182,4.15,-0.44222,0.150,0.646,0.000,0.0833,0.0509,TRACKING,prediction
1786998988.454,52.9,0.945,0.796,0.810,0.4960,0.0141,5.66,-0.85620,0.150,0.648,0.000,-0.1617,-0.0957,TRACKING,L+C+R_fused
1786998988.469,52.9,0.945,0.796,0.810,0.4960,0.0113,4.53,-0.68496,0.150,0.651,0.000,-0.1617,-0.1167,TRACKING,prediction
1786998988.485,52.9,0.954,0.796,0.794,0.4779,0.0044,5.70,-0.91588,0.150,0.654,0.000,-0.3401,-0.2244,TRACKING,L+C+R_fused
1786998988.499,52.9,0.000,0.802,0.797,0.4971,-0.0006,6.56,-0.85401,0.150,0.656,0.000,-0.4461,-0.3013,TRACKING,R+C
1786998988.521,52.9,0.000,0.803,0.798,0.5021,-0.0060,6.19,-0.90457,0.150,0.658,0.000,-0.5217,-0.3560,TRACKING,R+C
1786998988.538,52.9,0.000,0.803,0.798,0.5021,-0.0048,4.95,-0.72365,0.150,0.660,0.000,-0.5217,-0.3634,TRACKING,prediction
1786998988.567,52.9,0.000,0.803,0.798,0.5021,-0.0038,3.96,-0.57892,0.150,0.662,0.000,-0.5217,-0.3639,TRACKING,prediction
1786998988.579,52.9,0.000,0.808,0.793,0.5240,-0.0169,6.60,-0.86639,0.150,0.664,0.000,-0.6825,-0.4556,TRACKING,R+C
1786998988.593,52.9,0.000,0.812,0.794,0.5289,-0.0179,6.99,-0.82156,0.150,0.666,0.000,-0.7026,-0.4798,TRACKING,R+C
1786998988.607,52.9,0.000,0.809,0.789,0.5295,-0.0167,6.74,-0.83854,0.150,0.668,0.000,-0.6804,-0.4700,TRACKING,R+C
1786998988.637,52.9,0.000,0.801,0.795,0.5250,-0.0114,7.18,-0.79905,0.150,0.669,0.000,-0.6195,-0.4331,TRACKING,R+C
1786998988.662,52.9,0.000,0.796,0.797,0.5204,-0.0060,6.81,-0.82288,0.150,0.671,0.000,-0.5321,-0.3772,TRACKING,R+C
1786998988.679,52.9,0.000,0.790,0.796,0.5144,-0.0015,5.96,-0.88100,0.150,0.672,0.000,-0.4403,-0.3160,TRACKING,R+C
1786998988.693,52.9,0.000,0.796,0.806,0.5132,0.0036,6.06,-0.86622,0.150,0.674,0.000,-0.3599,-0.2606,TRACKING,R+C
1786998988.707,52.9,0.000,0.796,0.813,0.5116,0.0080,6.42,-0.83745,0.150,0.675,0.000,-0.2969,-0.2161,TRACKING,R+C
1786998988.721,52.9,0.000,0.798,0.822,0.5109,0.0083,6.59,-0.82736,0.150,0.676,0.000,-0.2977,-0.2098,TRACKING,R+C
1786998988.738,52.9,0.000,0.798,0.823,0.5132,0.0059,6.84,-0.81475,0.150,0.677,0.000,-0.3466,-0.2365,TRACKING,R+C
1786998988.758,52.9,0.000,0.799,0.825,0.5146,0.0050,6.98,-0.81203,0.150,0.678,0.000,-0.3670,-0.2518,TRACKING,R+C
1786998988.781,52.9,0.000,0.799,0.817,0.5159,0.0048,7.62,-0.75851,0.150,0.680,0.000,-0.3870,-0.2651,TRACKING,R+C
1786998988.794,52.9,0.000,0.790,0.822,0.5153,0.0060,6.88,-0.84691,0.150,0.681,0.000,-0.3515,-0.2469,TRACKING,R+C
1786998988.809,52.9,0.000,0.781,0.819,0.5099,0.0092,5.32,-0.98822,0.150,0.682,0.000,-0.2552,-0.1896,TRACKING,R+C
1786998988.839,52.9,0.000,0.775,0.823,0.5089,0.0170,6.08,-0.92893,0.150,0.682,0.000,-0.1437,-0.1175,TRACKING,R+C
1786998988.856,52.9,0.000,0.781,0.838,0.5029,0.0226,6.28,-0.91515,0.150,0.683,0.000,-0.0510,-0.0540,TRACKING,R+C
1786998988.870,52.9,0.000,0.779,0.834,0.4945,0.0279,6.42,-0.91599,0.150,0.684,0.000,0.0358,0.0050,TRACKING,R+C
1786998988.886,52.9,0.000,0.786,0.841,0.4880,0.0322,6.67,-0.90186,0.150,0.685,0.000,0.1032,0.0524,TRACKING,R+C
1786998988.903,52.9,0.000,0.784,0.848,0.4875,0.0361,7.00,-0.89149,0.150,0.686,0.000,0.1589,0.0913,TRACKING,R+C
1786998988.919,52.9,0.658,0.775,0.841,0.4935,0.0414,6.02,-1.01619,0.150,0.686,0.000,0.2707,0.1608,TRACKING,L+C+R_fused
1786998988.941,52.9,0.946,0.767,0.845,0.4967,0.0458,3.95,-1.22594,0.150,0.687,0.000,0.3956,0.2422,TRACKING,L+C+R_fused
1786998988.957,52.9,0.936,0.771,0.855,0.4967,0.0532,5.95,-1.08167,0.150,0.688,0.000,0.4551,0.2884,TRACKING,L+C+R_fused
1786998988.973,54.4,0.922,0.776,0.871,0.4975,0.0575,6.18,-1.08498,0.150,0.688,0.000,0.5116,0.3274,TRACKING,L+C+R_fused
1786998988.997,54.4,0.933,0.778,0.855,0.4963,0.0594,6.04,-1.13907,0.150,0.689,0.000,0.5354,0.3463,TRACKING,L+C+R_fused
1786998989.029,54.4,0.959,0.776,0.856,0.4983,0.0583,6.08,-1.18644,0.150,0.689,0.000,0.5113,0.3348,TRACKING,L+C+R_fused
1786998989.043,54.4,0.000,0.765,0.865,0.4565,0.0563,5.85,-1.26163,0.150,0.690,0.000,0.4769,0.3128,TRACKING,R+C
1786998989.058,54.4,0.000,0.754,0.838,0.4748,0.0499,4.12,-1.47406,0.150,0.691,0.000,0.4125,0.2719,TRACKING,R+C
1786998989.086,54.4,0.000,0.757,0.845,0.4882,0.0474,5.70,-1.38422,0.150,0.691,0.000,0.3204,0.2131,TRACKING,R+C
1786998989.100,54.4,0.000,0.755,0.829,0.4975,0.0442,7.21,-1.27095,0.150,0.691,0.000,0.2192,0.1467,TRACKING,R+C
1786998989.113,54.4,0.000,0.755,0.822,0.5075,0.0400,7.85,-1.25084,0.150,0.692,0.000,0.1201,0.0801,TRACKING,R+C
1786998989.131,54.4,0.000,0.749,0.812,0.5169,0.0347,7.85,-1.30016,0.150,0.692,0.000,0.0180,0.0117,TRACKING,R+C
1786998989.161,54.4,0.000,0.749,0.812,0.5169,0.0278,6.28,-1.04013,0.150,0.693,0.000,0.0180,0.0017,TRACKING,prediction
1786998989.177,54.4,0.000,0.732,0.815,0.5299,0.0226,7.25,-1.46109,0.150,0.693,0.000,-0.1977,-0.1219,TRACKING,R+C
1786998989.207,54.4,0.000,0.732,0.815,0.5299,0.0181,5.80,-1.16887,0.150,0.693,0.000,-0.1977,-0.1398,TRACKING,prediction
1786998989.221,54.4,0.000,0.733,0.796,0.5557,0.0096,8.54,-1.41913,0.150,0.694,0.000,-0.4613,-0.2898,TRACKING,R+C
1786998989.240,54.4,0.000,0.733,0.796,0.5557,0.0077,6.83,-1.13531,0.150,0.694,0.000,-0.4613,-0.3116,TRACKING,prediction
1786998989.256,54.4,0.000,0.727,0.787,0.5835,-0.0041,8.00,-1.60417,0.150,0.694,0.000,-0.6662,-0.4291,TRACKING,R+C
1786998989.271,54.4,0.000,0.737,0.782,0.5936,-0.0083,8.91,-1.54975,0.150,0.695,0.000,-0.7433,-0.4887,TRACKING,R+C
1786998989.295,54.4,0.000,0.744,0.775,0.5933,-0.0097,9.52,-1.51378,0.150,0.695,0.000,-0.7746,-0.5147,TRACKING,R+C
1786998989.310,54.4,0.000,0.753,0.777,0.5946,-0.0099,9.21,-1.55423,0.150,0.695,0.000,-0.7731,-0.5177,TRACKING,R+C
1786998989.336,54.4,0.000,0.738,0.782,0.5918,-0.0066,9.68,-1.56080,0.150,0.695,0.000,-0.7494,-0.5051,TRACKING,R+C
1786998989.351,54.4,0.000,0.738,0.782,0.5918,-0.0053,7.74,-1.24864,0.150,0.696,0.000,-0.7494,-0.5031,TRACKING,prediction
1786998989.369,54.4,0.000,0.728,0.781,0.5885,-0.0042,9.14,-1.70964,0.150,0.696,0.000,-0.7217,-0.4878,TRACKING,R+C
1786998989.385,54.4,0.000,0.729,0.774,0.5932,-0.0058,9.89,-1.64380,0.150,0.696,0.000,-0.7583,-0.5055,TRACKING,R+C
1786998989.399,54.4,0.000,0.730,0.775,0.6050,-0.0109,10.79,-1.57700,0.150,0.696,0.000,-0.8365,-0.5510,TRACKING,R+C
1786998989.413,54.4,0.000,0.731,0.777,0.6104,-0.0184,8.70,-1.87239,0.150,0.696,0.000,-0.8887,-0.5866,TRACKING,R+C
1786998989.429,54.4,0.000,0.722,0.779,0.6186,-0.0209,9.79,-1.84435,0.150,0.697,0.000,-0.9396,-0.6197,TRACKING,R+C
1786998989.442,54.4,0.000,0.732,0.780,0.6251,-0.0220,10.81,-1.75350,0.150,0.697,0.000,-0.9668,-0.6393,TRACKING,R+C
1786998989.456,54.4,0.000,0.734,0.778,0.6317,-0.0220,11.37,-1.71620,0.150,0.697,0.000,-0.9777,-0.6481,TRACKING,R+C
1786998989.472,54.4,0.000,0.737,0.782,0.6343,-0.0213,12.38,-1.60916,0.150,0.697,0.000,-0.9863,-0.6539,TRACKING,R+C
1786998989.501,54.4,0.000,0.737,0.782,0.6343,-0.0170,9.91,-1.28733,0.150,0.697,0.000,-0.9863,-0.6547,TRACKING,prediction
1786998989.523,54.4,0.000,0.736,0.783,0.6479,-0.0274,12.22,-1.70460,0.150,0.697,0.000,-1.0000,-0.6628,TRACKING,R+C
1786998989.536,54.4,0.000,0.731,0.791,0.6578,-0.0315,13.59,-1.58073,0.150,0.698,0.000,-1.0000,-0.6643,TRACKING,R+C
1786998989.566,54.4,0.000,0.731,0.791,0.6578,-0.0252,10.87,-1.26459,0.150,0.698,0.000,-1.0000,-0.6644,TRACKING,prediction
1786998989.579,54.4,0.000,0.731,0.791,0.6578,-0.0202,8.70,-1.01167,0.150,0.698,0.000,-1.0000,-0.6643,TRACKING,prediction
1786998989.607,54.4,0.000,0.748,0.788,0.6670,-0.0359,19.20,-0.87651,0.150,0.698,0.000,-1.0000,-0.6646,TRACKING,R+C
1786998989.622,54.4,0.000,0.746,0.790,0.6680,-0.0360,20.26,-0.72448,0.150,0.698,0.000,-1.0000,-0.6645,TRACKING,R+C
1786998989.638,54.4,0.000,0.746,0.790,0.6680,-0.0288,16.21,-0.57959,0.150,0.698,0.000,-1.0000,-0.6644,TRACKING,prediction
1786998989.663,54.4,0.000,0.752,0.785,0.6717,-0.0333,23.30,-0.33582,0.166,0.698,0.000,-1.0000,-0.6639,TRACKING,R+C
1786998989.676,54.4,0.000,0.753,0.785,0.6706,-0.0329,23.97,-0.22687,0.177,0.698,0.000,-0.9927,-0.6598,TRACKING,R+C
1786998989.693,54.4,0.000,0.753,0.785,0.6706,-0.0263,19.18,-0.18150,0.177,0.698,0.000,-0.9927,-0.6591,TRACKING,prediction
1786998989.708,54.4,0.000,0.757,0.778,0.6734,-0.0329,25.06,-0.02594,0.197,0.698,0.000,-0.9896,-0.6569,TRACKING,R+C
1786998989.724,54.4,0.000,0.757,0.778,0.6734,-0.0263,20.05,-0.02075,0.197,0.699,0.000,-0.9896,-0.6566,TRACKING,prediction
1786998989.748,54.4,0.000,0.757,0.778,0.6734,-0.0211,16.04,-0.01660,0.197,0.699,0.000,-0.9896,-0.6565,TRACKING,prediction
1786998989.765,54.4,0.000,0.757,0.778,0.6734,-0.0169,12.83,-0.01328,0.197,0.699,0.000,-0.9896,-0.6565,TRACKING,prediction
1786998989.780,54.4,0.000,0.757,0.778,0.6734,-0.0135,10.26,-0.01062,0.197,0.699,0.000,-0.9896,-0.6564,TRACKING,prediction
1786998989.797,54.4,0.000,0.757,0.778,0.6734,-0.0108,8.21,-0.00850,0.197,0.699,0.000,-0.9896,-0.6564,TRACKING,prediction
1786998989.814,54.4,0.000,0.757,0.778,0.6734,-0.0086,6.57,-0.00680,0.197,0.699,0.000,-0.9896,-0.6563,TRACKING,prediction
1786998989.829,54.4,0.000,0.757,0.778,0.6734,-0.0069,5.25,-0.00544,0.197,0.699,0.000,-0.9896,-0.6563,TRACKING,prediction
1786998989.857,54.4,0.000,0.757,0.778,0.6734,-0.0055,4.20,-0.00435,0.197,0.699,0.000,-0.9896,-0.6563,TRACKING,prediction
1786998989.878,54.4,0.000,0.811,0.749,0.6995,-0.1196,16.95,0.01939,0.198,0.699,0.000,-1.0000,-0.6655,TRACKING,R+C
1786998989.894,54.4,0.000,0.811,0.749,0.6995,-0.0957,13.56,0.01551,0.198,0.699,0.000,-1.0000,-0.6663,TRACKING,prediction
1786998989.910,54.4,0.000,0.811,0.749,0.6995,-0.0766,10.85,0.01241,0.198,0.699,0.000,-1.0000,-0.6664,TRACKING,prediction
1786998989.928,54.4,0.000,0.811,0.749,0.6995,-0.0612,8.68,0.00993,0.198,0.699,0.000,-1.0000,-0.6664,TRACKING,prediction
1786998989.944,54.4,0.000,0.811,0.749,0.6995,-0.0490,6.94,0.00794,0.198,0.699,0.000,-1.0000,-0.6663,TRACKING,prediction
1786998989.961,54.4,0.000,0.811,0.749,0.6995,-0.0392,5.55,0.00635,0.198,0.699,0.000,-1.0000,-0.6663,TRACKING,prediction
1786998989.978,53.7,0.000,0.811,0.749,0.6995,-0.0314,4.44,0.00508,0.198,0.699,0.000,-1.0000,-0.6663,TRACKING,prediction
1786998990.003,53.7,0.000,0.806,0.765,0.6347,-0.1202,9.77,-0.07356,0.193,0.699,0.000,-1.0000,-0.6640,TRACKING,R+C
1786998990.016,53.7,0.000,0.809,0.768,0.6265,-0.1173,9.48,-0.03667,0.196,0.699,0.000,-1.0000,-0.6635,TRACKING,R+C
1786998990.031,53.7,0.000,0.817,0.777,0.6200,-0.1166,8.18,-0.07743,0.192,0.699,0.000,-1.0000,-0.6631,TRACKING,R+C
1786998990.046,53.7,0.000,0.817,0.777,0.6200,-0.0933,6.55,-0.06195,0.192,0.699,0.000,-1.0000,-0.6631,TRACKING,prediction
1786998990.063,53.7,0.000,0.817,0.777,0.6200,-0.0746,5.24,-0.04956,0.192,0.699,0.000,-1.0000,-0.6631,TRACKING,prediction
1786998990.084,53.7,0.000,0.800,0.788,0.5948,-0.1067,6.16,-0.09993,0.190,0.699,0.000,-1.0000,-0.6616,TRACKING,R+C
1786998990.100,53.7,0.000,0.776,0.791,0.5857,-0.1052,2.98,-0.33132,0.167,0.699,0.000,-1.0000,-0.6611,TRACKING,R+C
1786998990.113,53.7,0.000,0.770,0.797,0.5789,-0.0992,3.11,-0.29564,0.170,0.700,0.000,-1.0000,-0.6605,TRACKING,R+C
1786998990.131,53.7,0.000,0.770,0.797,0.5789,-0.0794,2.49,-0.23651,0.170,0.700,0.000,-1.0000,-0.6605,TRACKING,prediction
1786998990.148,53.7,0.000,0.756,0.805,0.5614,-0.0884,1.41,-0.37526,0.162,0.700,0.000,-1.0000,-0.6592,TRACKING,R+C
1786998990.162,53.7,0.000,0.756,0.814,0.5555,-0.0825,0.87,-0.39193,0.161,0.700,0.000,-1.0000,-0.6586,TRACKING,R+C
1786998990.178,53.7,0.000,0.746,0.819,0.5480,-0.0760,-0.39,-0.47754,0.152,0.700,0.000,-1.0000,-0.6579,TRACKING,R+C
1786998990.194,53.7,0.375,0.742,0.823,0.4534,-0.0704,-2.11,-0.58832,0.150,0.700,0.000,-0.9899,-0.6517,TRACKING,L+C+R_fused
1786998990.222,53.7,0.811,0.737,0.828,0.4712,-0.0615,-2.46,-0.61844,0.150,0.700,0.000,-0.9011,-0.6019,TRACKING,L+C+R_fused
1786998990.245,53.7,0.000,0.717,0.834,0.5237,-0.0553,-4.87,-0.82708,0.150,0.700,0.000,-0.7923,-0.5346,TRACKING,R+C
1786998990.262,53.7,0.817,0.726,0.844,0.4942,-0.0480,-4.56,-0.79480,0.150,0.700,0.000,-0.7102,-0.4790,TRACKING,L+C+R_fused
1786998990.277,53.7,0.000,0.727,0.854,0.5102,-0.0447,-6.39,-0.96217,0.150,0.700,0.000,-0.6294,-0.4262,TRACKING,R+C
1786998990.293,53.7,0.000,0.738,0.856,0.5086,-0.0432,-6.78,-1.00487,0.150,0.700,0.000,-0.6019,-0.4031,TRACKING,R+C
1786998990.308,53.7,0.369,0.734,0.853,0.5741,-0.0450,-7.99,-1.12444,0.150,0.700,0.000,-0.6031,-0.4006,TRACKING,L+C+R_fused
1786998990.336,53.7,0.000,0.736,0.855,0.5106,-0.0455,-7.94,-1.17399,0.150,0.700,0.000,-0.6189,-0.4092,TRACKING,R+C
1786998990.349,53.7,0.000,0.738,0.860,0.5127,-0.0466,-7.71,-1.19928,0.150,0.700,0.000,-0.6445,-0.4247,TRACKING,R+C
1786998990.364,53.7,0.000,0.746,0.855,0.5152,-0.0479,-7.64,-1.23575,0.150,0.700,0.000,-0.6699,-0.4412,TRACKING,R+C
1786998990.390,53.7,0.000,0.749,0.856,0.5168,-0.0495,-8.16,-1.33401,0.150,0.700,0.000,-0.6881,-0.4540,TRACKING,R+C
1786998990.403,53.7,0.000,0.757,0.856,0.5195,-0.0514,-8.29,-1.39194,0.150,0.700,0.000,-0.7156,-0.4713,TRACKING,R+C
1786998990.428,53.7,0.000,0.764,0.847,0.5230,-0.0499,-7.52,-1.39150,0.150,0.700,0.000,-0.7206,-0.4767,TRACKING,R+C
1786998990.456,53.7,0.000,0.763,0.854,0.5264,-0.0469,-7.03,-1.40960,0.150,0.700,0.000,-0.6997,-0.4660,TRACKING,R+C
1786998990.472,53.7,0.000,0.765,0.854,0.5287,-0.0404,-6.07,-1.39352,0.150,0.700,0.000,-0.6433,-0.4334,TRACKING,R+C
1786998990.495,53.7,0.000,0.747,0.855,0.5225,-0.0315,-6.72,-1.54521,0.150,0.700,0.000,-0.5177,-0.3595,TRACKING,R+C
1786998990.509,53.7,0.000,0.749,0.859,0.5163,-0.0201,-5.41,-1.49912,0.150,0.700,0.000,-0.3831,-0.2738,TRACKING,R+C
1786998990.528,53.7,0.000,0.749,0.871,0.5089,-0.0100,-5.56,-1.59552,0.150,0.700,0.000,-0.2247,-0.1734,TRACKING,R+C
1786998990.544,53.7,0.000,0.739,0.866,0.5002,0.0016,-4.47,-1.59099,0.150,0.700,0.000,-0.0679,-0.0712,TRACKING,R+C
1786998990.559,53.7,0.000,0.750,0.871,0.4957,0.0137,-2.42,-1.49237,0.150,0.700,0.000,0.0751,0.0243,TRACKING,R+C
1786998990.573,53.7,0.000,0.743,0.893,0.4839,0.0239,-2.29,-1.56537,0.150,0.700,0.000,0.2354,0.1286,TRACKING,R+C
1786998990.587,53.7,0.776,0.734,0.825,0.4720,0.0329,-3.27,-1.74217,0.150,0.700,0.000,0.3947,0.2334,TRACKING,L+C+R_fused
1786998990.602,53.7,0.949,0.740,0.361,0.4934,0.0410,-3.11,-1.80142,0.150,0.700,0.000,0.5057,0.3116,TRACKING,L+C+R_fused
1786998990.618,53.7,0.944,0.750,0.331,0.4744,0.0474,-2.19,-1.75271,0.150,0.700,0.000,0.5735,0.3616,TRACKING,L+C+R_fused
1786998990.634,53.7,0.946,0.750,0.327,0.4565,0.0544,-0.06,-1.66301,0.150,0.700,0.000,0.6099,0.3894,TRACKING,L+C+R_fused
1786998990.649,53.7,0.960,0.762,0.553,0.4481,0.0576,2.54,-1.48091,0.150,0.700,0.000,0.5890,0.3818,TRACKING,L+C+R_fused
1786998990.674,53.7,0.000,0.757,0.363,0.5585,0.0567,3.04,-1.53623,0.150,0.700,0.000,0.5495,0.3576,TRACKING,R+C
1786998990.687,53.7,0.000,0.753,0.373,0.4750,0.0550,3.92,-1.52798,0.150,0.700,0.000,0.4916,0.3209,TRACKING,R+C
1786998990.703,53.7,0.000,0.743,0.310,0.3991,0.0515,3.48,-1.64820,0.150,0.700,0.000,0.4361,0.2835,TRACKING,R+C
1786998990.718,53.7,0.000,0.747,0.366,0.4492,0.0487,4.77,-1.57840,0.150,0.700,0.000,0.3494,0.2289,TRACKING,R+C
1786998990.733,53.7,0.000,0.743,0.798,0.5069,0.0472,6.22,-1.52018,0.150,0.700,0.000,0.2703,0.1758,TRACKING,R+C
1786998990.748,53.7,0.000,0.747,0.854,0.5093,0.0444,8.21,-1.36744,0.150,0.700,0.000,0.1586,0.1049,TRACKING,R+C
1786998990.764,53.7,0.000,0.746,0.663,0.5397,0.0401,9.08,-1.33823,0.150,0.700,0.000,0.0476,0.0315,TRACKING,R+C
1786998990.780,53.7,0.000,0.743,0.510,0.5531,0.0347,9.81,-1.31725,0.150,0.700,0.000,-0.0787,-0.0504,TRACKING,R+C
1786998990.799,53.7,0.000,0.743,0.510,0.5531,0.0278,7.85,-1.05380,0.150,0.700,0.000,-0.0787,-0.0623,TRACKING,prediction
1786998990.816,53.7,0.000,0.743,0.510,0.5531,0.0222,6.28,-0.84304,0.150,0.700,0.000,-0.0787,-0.0641,TRACKING,prediction
1786998990.831,53.7,0.000,0.743,0.845,0.5849,0.0159,12.86,-1.10966,0.150,0.700,0.000,-0.4955,-0.2957,TRACKING,R+C
1786998990.846,53.7,0.000,0.742,0.832,0.5936,0.0087,13.34,-1.07365,0.150,0.700,0.000,-0.6125,-0.3942,TRACKING,R+C
1786998990.863,53.7,0.000,0.745,0.828,0.6023,0.0005,13.84,-1.03507,0.150,0.700,0.000,-0.7326,-0.4748,TRACKING,R+C
1786998990.881,53.7,0.000,0.745,0.828,0.6023,0.0004,11.07,-0.82806,0.150,0.700,0.000,-0.7326,-0.4867,TRACKING,prediction
1786998990.896,53.7,0.000,0.748,0.810,0.6277,-0.0175,14.62,-0.98305,0.150,0.700,0.000,-0.9456,-0.6052,TRACKING,R+C
1786998990.911,53.7,0.000,0.744,0.808,0.6417,-0.0264,15.18,-0.92094,0.150,0.700,0.000,-1.0000,-0.6526,TRACKING,R+C
1786998990.926,53.7,0.000,0.747,0.801,0.6522,-0.0361,15.86,-0.84700,0.150,0.700,0.000,-1.0000,-0.6604,TRACKING,R+C
1786998990.944,53.7,0.000,0.747,0.801,0.6522,-0.0288,12.69,-0.67760,0.150,0.700,0.000,-1.0000,-0.6614,TRACKING,prediction
1786998990.969,53.7,0.000,0.747,0.801,0.6522,-0.0231,10.15,-0.54208,0.150,0.700,0.000,-1.0000,-0.6616,TRACKING,prediction
1786998990.989,57.3,0.000,0.747,0.801,0.6522,-0.0185,8.12,-0.43367,0.150,0.700,0.000,-1.0000,-0.6616,TRACKING,prediction
1786998991.007,57.3,0.000,0.747,0.801,0.6522,-0.0148,6.50,-0.34693,0.150,0.700,0.000,-1.0000,-0.6616,TRACKING,prediction
1786998991.026,57.3,0.000,0.747,0.801,0.6522,-0.0118,5.20,-0.27755,0.150,0.700,0.000,-1.0000,-0.6616,TRACKING,prediction
1786998991.044,57.3,0.000,0.747,0.801,0.6522,-0.0095,4.16,-0.22204,0.150,0.700,0.000,-1.0000,-0.6616,TRACKING,prediction
1786998991.060,57.3,0.000,0.747,0.801,0.6522,-0.0076,3.33,-0.17763,0.150,0.700,0.000,-1.0000,-0.6616,TRACKING,prediction
1786998991.074,57.3,0.000,0.747,0.801,0.6522,-0.0060,2.66,-0.14210,0.150,0.700,0.000,-1.0000,-0.6616,TRACKING,prediction
1786998991.090,57.3,0.000,0.747,0.801,0.6522,-0.0048,2.13,-0.11368,0.150,0.695,0.000,-1.0000,-0.6616,TRACKING,prediction
1786998991.108,57.3,0.000,0.747,0.801,0.6522,-0.0039,1.70,-0.09095,0.150,0.681,0.000,-1.0000,-0.6645,TRACKING,prediction
1786998991.125,57.3,0.000,0.747,0.801,0.6522,-0.0031,1.36,-0.07276,0.150,0.662,0.000,-1.0000,-0.6727,TRACKING,prediction
1786998991.144,57.3,0.000,0.747,0.801,0.6522,-0.0025,1.09,-0.05821,0.150,0.639,0.000,-1.0000,-0.6849,TRACKING,prediction
1786998991.162,57.3,0.000,0.747,0.801,0.6522,-0.0020,0.87,-0.04656,0.150,0.594,0.000,-1.0000,-0.6997,UNCERTAIN,prediction
1786998991.178,57.3,0.000,0.747,0.801,0.6522,-0.0016,0.70,-0.03725,0.150,0.563,0.000,-1.0000,-0.7271,UNCERTAIN,prediction
1786998991.193,57.3,0.000,0.747,0.801,0.6522,-0.0013,0.56,-0.02980,0.150,0.541,0.000,-1.0000,-0.7487,UNCERTAIN,prediction
1786998991.208,57.3,0.000,0.833,0.755,0.6710,-0.1355,12.15,-0.69367,0.150,0.549,0.000,-1.0000,-0.7694,TRACKING,R+C
1786998991.226,57.3,0.000,0.833,0.755,0.6710,-0.1084,9.72,-0.55494,0.150,0.557,0.000,-1.0000,-0.7672,TRACKING,prediction
1786998991.240,57.3,0.000,0.833,0.758,0.6631,-0.1375,10.86,-0.72719,0.150,0.564,0.000,-1.0000,-0.7626,TRACKING,R+C
1786998991.254,57.3,0.000,0.831,0.761,0.6584,-0.1402,11.05,-0.65423,0.150,0.571,0.000,-1.0000,-0.7580,TRACKING,R+C
1786998991.272,57.3,0.000,0.829,0.764,0.6552,-0.1452,9.96,-0.76151,0.150,0.577,0.000,-1.0000,-0.7538,TRACKING,R+C
1786998991.287,57.3,0.839,0.761,0.000,0.6531,0.2394,23.72,-1.08725,0.150,0.583,0.000,1.0000,-0.1906,TRACKING,L+C
1786998991.302,57.3,0.000,0.841,0.766,0.6475,-0.1553,9.25,-0.77198,0.150,0.589,0.000,-1.0000,-0.6727,TRACKING,R+C
1786998991.317,57.3,0.000,0.841,0.766,0.6475,-0.1242,7.40,-0.61758,0.150,0.595,0.000,-1.0000,-0.7312,TRACKING,prediction
1786998991.332,57.3,0.000,0.841,0.766,0.6475,-0.0994,5.92,-0.49406,0.150,0.600,0.000,-1.0000,-0.7369,TRACKING,prediction
1786998991.346,57.3,0.847,0.769,0.000,0.6351,0.2314,25.53,-0.87809,0.150,0.605,0.000,1.0000,-0.1941,TRACKING,L+C
1786998991.363,57.3,0.000,0.853,0.766,0.6290,-0.1584,8.12,-0.67784,0.150,0.610,0.000,-1.0000,-0.6600,TRACKING,R+C
1786998991.378,57.3,0.000,0.853,0.766,0.6290,-0.1267,6.50,-0.54227,0.150,0.614,0.000,-1.0000,-0.7175,TRACKING,prediction
1786998991.394,57.3,0.000,0.853,0.766,0.6290,-0.1014,5.20,-0.43382,0.150,0.618,0.000,-1.0000,-0.7236,TRACKING,prediction
1786998991.410,57.3,0.000,0.853,0.766,0.6290,-0.0811,4.16,-0.34705,0.150,0.623,0.000,-1.0000,-0.7221,TRACKING,prediction
1786998991.424,57.3,0.000,0.853,0.766,0.6290,-0.0649,3.33,-0.27764,0.150,0.626,0.000,-1.0000,-0.7196,TRACKING,prediction
1786998991.442,57.3,0.000,0.853,0.766,0.6290,-0.0519,2.66,-0.22212,0.150,0.630,0.000,-1.0000,-0.7171,TRACKING,prediction
1786998991.457,57.3,0.000,0.853,0.766,0.6290,-0.0415,2.13,-0.17769,0.150,0.634,0.000,-1.0000,-0.7146,TRACKING,prediction
1786998991.471,57.3,0.000,0.853,0.766,0.6290,-0.0332,1.70,-0.14215,0.150,0.637,0.000,-1.0000,-0.7123,TRACKING,prediction
1786998991.491,57.3,0.000,0.853,0.766,0.6290,-0.0266,1.36,-0.11372,0.150,0.640,0.000,-1.0000,-0.7101,TRACKING,prediction
1786998991.508,57.3,0.000,0.853,0.766,0.6290,-0.0213,1.09,-0.09098,0.150,0.643,0.000,-1.0000,-0.7080,TRACKING,prediction
1786998991.524,57.3,0.000,0.853,0.766,0.6290,-0.0170,0.87,-0.07278,0.150,0.645,0.000,-1.0000,-0.7060,TRACKING,prediction
1786998991.537,57.3,0.000,0.847,0.786,0.5808,-0.1336,3.90,-0.65606,0.150,0.648,0.000,-1.0000,-0.7013,TRACKING,R+C
1786998991.554,57.3,0.000,0.847,0.786,0.5808,-0.1068,3.12,-0.52485,0.150,0.650,0.000,-1.0000,-0.6995,TRACKING,prediction
1786998991.579,57.3,0.000,0.853,0.794,0.5751,-0.1272,3.76,-0.58973,0.150,0.653,0.000,-1.0000,-0.6970,TRACKING,R+C
1786998991.609,57.3,0.000,0.853,0.794,0.5751,-0.1017,3.01,-0.47179,0.150,0.655,0.000,-1.0000,-0.6953,TRACKING,prediction
1786998991.624,57.3,0.000,0.836,0.812,0.5671,-0.1184,3.80,-0.53007,0.150,0.657,0.000,-1.0000,-0.6929,TRACKING,R+C
1786998991.640,57.3,0.000,0.837,0.814,0.5652,-0.1139,4.03,-0.49050,0.151,0.659,0.000,-1.0000,-0.6910,TRACKING,R+C
1786998991.656,57.3,0.000,0.837,0.814,0.5652,-0.0911,3.22,-0.39240,0.151,0.661,0.000,-1.0000,-0.6895,TRACKING,prediction
1786998991.680,57.3,0.000,0.837,0.825,0.5545,-0.1065,1.16,-0.74436,0.150,0.663,0.000,-1.0000,-0.6874,TRACKING,R+C
1786998991.693,57.3,0.000,0.833,0.827,0.5509,-0.1010,0.60,-0.79270,0.150,0.665,0.000,-1.0000,-0.6856,TRACKING,R+C
1786998991.707,57.3,0.000,0.826,0.833,0.5469,-0.0945,1.01,-0.73311,0.150,0.667,0.000,-1.0000,-0.6838,TRACKING,R+C
1786998991.720,57.3,0.000,0.829,0.841,0.5431,-0.0893,0.49,-0.74971,0.150,0.669,0.000,-1.0000,-0.6821,TRACKING,R+C
1786998991.734,57.3,0.000,0.824,0.841,0.5391,-0.0830,0.54,-0.75072,0.150,0.670,0.000,-1.0000,-0.6805,TRACKING,R+C
1786998991.747,57.3,0.000,0.824,0.845,0.5368,-0.0791,0.61,-0.73509,0.150,0.672,0.000,-1.0000,-0.6791,TRACKING,R+C
1786998991.769,57.3,0.000,0.834,0.845,0.5331,-0.0772,0.48,-0.74516,0.150,0.673,0.000,-1.0000,-0.6780,TRACKING,R+C
1786998991.783,57.3,0.000,0.837,0.848,0.5322,-0.0771,0.49,-0.75481,0.150,0.674,0.000,-1.0000,-0.6770,TRACKING,R+C
1786998991.797,57.3,0.000,0.828,0.846,0.5348,-0.0777,1.32,-0.68695,0.150,0.676,0.000,-1.0000,-0.6762,TRACKING,R+C
1786998991.812,57.3,0.000,0.833,0.848,0.5330,-0.0788,1.23,-0.68875,0.150,0.677,0.000,-1.0000,-0.6754,TRACKING,R+C
1786998991.826,57.3,0.000,0.835,0.854,0.5304,-0.0769,1.03,-0.70252,0.150,0.678,0.000,-1.0000,-0.6744,TRACKING,R+C
1786998991.855,57.3,0.000,0.821,0.860,0.5264,-0.0725,0.66,-0.72461,0.150,0.679,0.000,-1.0000,-0.6733,TRACKING,R+C
1786998991.872,57.3,0.000,0.821,0.860,0.5264,-0.0580,0.53,-0.57969,0.150,0.680,0.000,-1.0000,-0.6725,TRACKING,prediction
1786998991.886,57.3,0.000,0.821,0.860,0.5264,-0.0464,0.43,-0.46375,0.150,0.681,0.000,-1.0000,-0.6718,TRACKING,prediction
1786998991.900,57.3,0.000,0.822,0.865,0.5147,-0.0593,1.48,-0.65750,0.150,0.682,0.000,-0.9779,-0.6580,TRACKING,R+C
1786998991.918,57.3,0.000,0.821,0.864,0.5154,-0.0579,1.24,-0.66875,0.150,0.683,0.000,-0.9602,-0.6456,TRACKING,R+C
1786998991.934,57.3,0.369,0.818,0.852,0.5196,-0.0555,0.82,-0.71747,0.150,0.684,0.000,-0.9323,-0.6277,TRACKING,L+C+R_fused
1786998991.949,57.3,0.369,0.818,0.852,0.5196,-0.0444,0.66,-0.57398,0.150,0.685,0.000,-0.9323,-0.6246,TRACKING,prediction
1786998991.965,57.3,0.000,0.812,0.867,0.5088,-0.0444,0.06,-0.75931,0.150,0.685,0.000,-0.8004,-0.5498,TRACKING,R+C
1786998991.987,57.3,0.000,0.814,0.872,0.5038,-0.0380,0.36,-0.74997,0.150,0.686,0.000,-0.7320,-0.5001,TRACKING,R+C
1786998992.001,60.3,0.000,0.814,0.875,0.5012,-0.0328,0.97,-0.70410,0.150,0.687,0.000,-0.6796,-0.4630,TRACKING,R+C
1786998992.016,60.3,0.000,0.817,0.877,0.5005,-0.0318,1.37,-0.67345,0.150,0.688,0.000,-0.6758,-0.4550,TRACKING,R+C
1786998992.031,60.3,0.000,0.818,0.883,0.5017,-0.0333,1.62,-0.66187,0.150,0.688,0.000,-0.7021,-0.4684,TRACKING,R+C
1786998992.046,60.3,0.000,0.809,0.878,0.5034,-0.0374,0.93,-0.74295,0.150,0.689,0.000,-0.7421,-0.4926,TRACKING,R+C
1786998992.059,60.3,0.000,0.816,0.868,0.5057,-0.0409,1.44,-0.71630,0.150,0.689,0.000,-0.7955,-0.5258,TRACKING,R+C
1786998992.076,60.3,0.000,0.816,0.868,0.5057,-0.0327,1.15,-0.57304,0.150,0.690,0.000,-0.7955,-0.5305,TRACKING,prediction
1786998992.091,60.3,0.000,0.820,0.857,0.5059,-0.0494,1.23,-0.75863,0.150,0.690,0.000,-0.8871,-0.5821,TRACKING,R+C
1786998992.116,60.3,0.000,0.809,0.859,0.5063,-0.0530,1.11,-0.80550,0.150,0.691,0.000,-0.9239,-0.6100,TRACKING,R+C
1786998992.142,60.3,0.000,0.800,0.853,0.5068,-0.0588,0.27,-0.90749,0.150,0.691,0.000,-0.9688,-0.6389,TRACKING,R+C
1786998992.157,60.3,0.000,0.807,0.852,0.5149,-0.0644,1.43,-0.81128,0.150,0.692,0.000,-1.0000,-0.6605,TRACKING,R+C
1786998992.173,60.3,0.000,0.811,0.840,0.5226,-0.0729,2.00,-0.78227,0.150,0.692,0.000,-1.0000,-0.6642,TRACKING,R+C
1786998992.205,60.3,0.000,0.811,0.840,0.5226,-0.0583,1.60,-0.62581,0.150,0.693,0.000,-1.0000,-0.6644,TRACKING,prediction
1786998992.222,60.3,0.000,0.811,0.840,0.5226,-0.0467,1.28,-0.50065,0.150,0.693,0.000,-1.0000,-0.6642,TRACKING,prediction
1786998992.248,60.3,0.000,0.811,0.840,0.5226,-0.0373,1.02,-0.40052,0.150,0.693,0.000,-1.0000,-0.6639,TRACKING,prediction
1786998992.282,60.3,0.000,0.811,0.840,0.5226,-0.0299,0.82,-0.32042,0.150,0.694,0.000,-1.0000,-0.6637,TRACKING,prediction
1786998992.304,60.3,0.000,0.845,0.829,0.5482,-0.1126,3.44,-0.66399,0.150,0.694,0.000,-1.0000,-0.6668,TRACKING,R+C
1786998992.326,60.3,0.000,0.832,0.822,0.5486,-0.1185,1.66,-0.84362,0.150,0.694,0.000,-1.0000,-0.6670,TRACKING,R+C
1786998992.344,60.3,0.000,0.832,0.822,0.5486,-0.0948,1.33,-0.67490,0.150,0.695,0.000,-1.0000,-0.6668,TRACKING,prediction
1786998992.365,60.3,0.000,0.832,0.822,0.5486,-0.0758,1.06,-0.53992,0.150,0.695,0.000,-1.0000,-0.6667,TRACKING,prediction
1786998992.384,60.3,0.000,0.832,0.822,0.5486,-0.0607,0.85,-0.43193,0.150,0.695,0.000,-1.0000,-0.6665,TRACKING,prediction
1786998992.399,60.3,0.000,0.859,0.820,0.5646,-0.1301,2.11,-0.72707,0.150,0.695,0.000,-1.0000,-0.6670,TRACKING,R+C
1786998992.414,60.3,0.000,0.854,0.820,0.5680,-0.1373,0.99,-0.82406,0.150,0.696,0.000,-1.0000,-0.6674,TRACKING,R+C
1786998992.430,60.3,0.000,0.862,0.819,0.5699,-0.1412,1.48,-0.77850,0.150,0.696,0.000,-1.0000,-0.6676,TRACKING,R+C
1786998992.446,60.3,0.863,0.811,0.000,0.5737,0.2045,19.39,-0.69028,0.150,0.696,0.000,1.0000,-0.2038,TRACKING,L+C
1786998992.460,60.3,0.000,0.874,0.806,0.5749,-0.1454,3.10,-0.61082,0.150,0.696,0.000,-1.0000,-0.6062,TRACKING,R+C
1786998992.476,60.3,0.000,0.878,0.808,0.5754,-0.1457,3.25,-0.58218,0.150,0.696,0.000,-1.0000,-0.6583,TRACKING,R+C
1786998992.489,60.3,0.870,0.811,0.000,0.5725,0.2050,19.68,-0.65907,0.150,0.697,0.000,1.0000,-0.1941,TRACKING,L+C
1786998992.516,60.3,0.000,0.879,0.810,0.5715,-0.1397,3.74,-0.46654,0.153,0.697,0.000,-1.0000,-0.6036,TRACKING,R+C
1786998992.529,60.3,0.000,0.832,0.817,0.5637,-0.1410,0.03,-0.82560,0.150,0.697,0.000,-1.0000,-0.6570,TRACKING,R+C
1786998992.546,60.3,0.842,0.814,0.000,0.5600,0.2032,17.59,-0.76862,0.150,0.697,0.000,1.0000,-0.1930,TRACKING,L+C
1786998992.559,60.3,0.000,0.855,0.814,0.5613,-0.1379,0.14,-0.83164,0.150,0.697,0.000,-1.0000,-0.6030,TRACKING,R+C
1786998992.574,60.3,0.000,0.852,0.811,0.5584,-0.1359,0.51,-0.79124,0.150,0.697,0.000,-1.0000,-0.6563,TRACKING,R+C
1786998992.588,60.3,0.000,0.852,0.810,0.5631,-0.1333,0.34,-0.79742,0.150,0.697,0.000,-1.0000,-0.6639,TRACKING,R+C
1786998992.603,60.3,0.000,0.854,0.816,0.5653,-0.1288,0.57,-0.73922,0.150,0.698,0.000,-1.0000,-0.6646,TRACKING,R+C
1786998992.620,60.3,0.000,0.843,0.812,0.5631,-0.1242,0.26,-0.75512,0.150,0.698,0.000,-1.0000,-0.6643,TRACKING,R+C
1786998992.637,60.3,0.000,0.835,0.815,0.5617,-0.1197,0.02,-0.75565,0.150,0.698,0.000,-1.0000,-0.6638,TRACKING,R+C
1786998992.651,60.3,0.000,0.840,0.817,0.5590,-0.1146,-0.12,-0.75749,0.150,0.698,0.000,-1.0000,-0.6632,TRACKING,R+C
1786998992.668,60.3,0.000,0.823,0.830,0.5564,-0.1111,-1.93,-0.92474,0.150,0.698,0.000,-1.0000,-0.6628,TRACKING,R+C
1786998992.683,60.3,0.000,0.825,0.829,0.5533,-0.1026,-0.48,-0.80676,0.150,0.698,0.000,-1.0000,-0.6621,TRACKING,R+C
1786998992.697,60.3,0.000,0.802,0.833,0.5476,-0.0973,-2.32,-0.99449,0.150,0.698,0.000,-1.0000,-0.6616,TRACKING,R+C
1786998992.712,60.3,0.000,0.815,0.835,0.5411,-0.0896,-1.64,-0.93909,0.150,0.698,0.000,-1.0000,-0.6610,TRACKING,R+C
1786998992.727,60.3,0.000,0.817,0.834,0.5389,-0.0831,-1.42,-0.94088,0.150,0.698,0.000,-1.0000,-0.6604,TRACKING,R+C
1786998992.756,60.3,0.000,0.819,0.828,0.5403,-0.0784,-1.01,-0.92479,0.150,0.698,0.000,-1.0000,-0.6601,TRACKING,R+C
1786998992.770,60.3,0.000,0.809,0.834,0.5415,-0.0789,-2.00,-1.03199,0.150,0.699,0.000,-1.0000,-0.6601,TRACKING,R+C
1786998992.784,60.3,0.000,0.813,0.830,0.5401,-0.0816,-3.09,-1.12868,0.150,0.699,0.000,-1.0000,-0.6602,TRACKING,R+C
1786998992.798,60.3,0.000,0.813,0.829,0.5443,-0.0786,-1.06,-0.99207,0.150,0.699,0.000,-1.0000,-0.6601,TRACKING,R+C
1786998992.811,60.3,0.000,0.806,0.827,0.5425,-0.0763,-1.12,-1.01827,0.150,0.699,0.000,-1.0000,-0.6600,TRACKING,R+C
1786998992.826,60.3,0.000,0.809,0.830,0.5393,-0.0705,-0.51,-0.98081,0.150,0.699,0.000,-1.0000,-0.6595,TRACKING,R+C
1786998992.856,60.3,0.000,0.808,0.833,0.5373,-0.0651,-0.19,-0.96783,0.150,0.699,0.000,-1.0000,-0.6591,TRACKING,R+C
1786998992.870,60.3,0.000,0.805,0.840,0.5356,-0.0624,-0.93,-1.05351,0.150,0.699,0.000,-0.9880,-0.6524,TRACKING,R+C
1786998992.884,60.3,0.000,0.807,0.837,0.5350,-0.0609,-0.33,-1.02197,0.150,0.699,0.000,-0.9850,-0.6497,TRACKING,R+C
1786998992.898,60.3,0.000,0.803,0.836,0.5388,-0.0648,-1.74,-1.19031,0.150,0.699,0.000,-1.0000,-0.6578,TRACKING,R+C
1786998992.912,60.3,0.000,0.800,0.829,0.5463,-0.0657,-0.68,-1.16155,0.150,0.699,0.000,-1.0000,-0.6593,TRACKING,R+C
1786998992.926,60.3,0.000,0.799,0.831,0.5510,-0.0665,-0.22,-1.15206,0.150,0.699,0.000,-1.0000,-0.6596,TRACKING,R+C
1786998992.939,60.3,0.000,0.810,0.830,0.5523,-0.0635,0.43,-1.13534,0.150,0.699,0.000,-1.0000,-0.6595,TRACKING,R+C
1786998992.953,60.3,0.000,0.800,0.820,0.5501,-0.0586,0.54,-1.15850,0.150,0.699,0.000,-0.9963,-0.6572,TRACKING,R+C
1786998992.982,60.3,0.000,0.796,0.820,0.5482,-0.0532,0.96,-1.14358,0.150,0.699,0.000,-0.9558,-0.6347,TRACKING,R+C
1786998993.011,56.4,0.000,0.794,0.822,0.5456,-0.0506,0.34,-1.21104,0.150,0.699,0.000,-0.9229,-0.6133,TRACKING,R+C
1786998993.030,56.4,0.000,0.794,0.825,0.5450,-0.0518,-0.87,-1.34976,0.150,0.699,0.000,-0.9198,-0.6086,TRACKING,R+C
1786998993.043,56.4,0.000,0.787,0.817,0.5500,-0.0516,1.03,-1.24347,0.150,0.699,0.000,-0.9526,-0.6259,TRACKING,R+C
1786998993.059,56.4,0.000,0.790,0.813,0.5528,-0.0546,1.17,-1.29846,0.150,0.699,0.000,-0.9879,-0.6480,TRACKING,R+C
1786998993.073,56.4,0.000,0.788,0.807,0.5577,-0.0562,1.68,-1.30998,0.150,0.699,0.000,-1.0000,-0.6580,TRACKING,R+C
1786998993.087,56.4,0.000,0.790,0.807,0.5634,-0.0562,2.25,-1.29602,0.150,0.699,0.000,-1.0000,-0.6596,TRACKING,R+C
1786998993.111,56.4,0.000,0.794,0.797,0.5667,-0.0541,3.04,-1.25356,0.150,0.699,0.000,-1.0000,-0.6598,TRACKING,R+C
1786998993.126,56.4,0.000,0.791,0.803,0.5662,-0.0522,3.23,-1.27916,0.150,0.700,0.000,-1.0000,-0.6598,TRACKING,R+C
1786998993.139,56.4,0.000,0.797,0.813,0.5677,-0.0504,3.50,-1.29123,0.150,0.700,0.000,-1.0000,-0.6598,TRACKING,R+C
1786998993.156,56.4,0.000,0.786,0.813,0.5730,-0.0509,4.55,-1.22616,0.150,0.700,0.000,-1.0000,-0.6600,TRACKING,R+C
1786998993.170,56.4,0.000,0.789,0.814,0.5778,-0.0546,5.39,-1.20673,0.150,0.700,0.000,-1.0000,-0.6605,TRACKING,R+C
1786998993.185,56.4,0.000,0.781,0.803,0.5853,-0.0607,4.92,-1.34108,0.150,0.700,0.000,-1.0000,-0.6612,TRACKING,R+C
1786998993.200,56.4,0.000,0.780,0.802,0.5908,-0.0653,5.03,-1.37506,0.150,0.700,0.000,-1.0000,-0.6618,TRACKING,R+C
1786998993.214,56.4,0.000,0.782,0.795,0.5963,-0.0687,5.15,-1.40129,0.150,0.700,0.000,-1.0000,-0.6622,TRACKING,R+C
1786998993.240,56.4,0.000,0.788,0.797,0.5981,-0.0690,5.12,-1.46337,0.150,0.700,0.000,-1.0000,-0.6623,TRACKING,R+C
1786998993.255,56.4,0.000,0.782,0.794,0.5961,-0.0658,6.22,-1.40326,0.150,0.700,0.000,-1.0000,-0.6623,TRACKING,R+C
1786998993.272,56.4,0.000,0.788,0.799,0.5987,-0.0634,6.49,-1.44240,0.150,0.700,0.000,-1.0000,-0.6623,TRACKING,R+C
1786998993.286,56.4,0.000,0.788,0.794,0.6041,-0.0619,7.20,-1.39149,0.150,0.700,0.000,-1.0000,-0.6623,TRACKING,R+C
1786998993.317,56.4,0.000,0.788,0.794,0.6041,-0.0495,5.76,-1.11319,0.150,0.700,0.000,-1.0000,-0.6623,TRACKING,prediction
1786998993.339,56.4,0.000,0.789,0.699,0.6153,-0.0681,7.27,-1.46708,0.150,0.700,0.000,-1.0000,-0.6630,TRACKING,R+C
1786998993.353,56.4,0.000,0.791,0.746,0.6235,-0.0731,6.47,-1.61573,0.150,0.700,0.000,-1.0000,-0.6636,TRACKING,R+C
1786998993.373,56.4,0.000,0.791,0.746,0.6235,-0.0585,5.18,-1.29258,0.150,0.700,0.000,-1.0000,-0.6636,TRACKING,prediction
1786998993.387,56.4,0.000,0.796,0.675,0.6492,-0.0798,9.33,-1.35900,0.150,0.700,0.000,-1.0000,-0.6644,TRACKING,R+C
1786998993.403,56.4,0.000,0.796,0.675,0.6492,-0.0638,7.46,-1.08720,0.150,0.700,0.000,-1.0000,-0.6644,TRACKING,prediction
1786998993.419,56.4,0.000,0.796,0.675,0.6492,-0.0511,5.97,-0.86976,0.150,0.700,0.000,-1.0000,-0.6644,TRACKING,prediction
1786998993.433,56.4,0.000,0.807,0.659,0.6913,-0.1031,13.44,-0.91517,0.150,0.700,0.000,-1.0000,-0.6664,TRACKING,R+C
1786998993.447,56.4,0.000,0.817,0.653,0.7032,-0.1118,13.53,-0.87417,0.150,0.700,0.000,-1.0000,-0.6670,TRACKING,R+C
1786998993.477,56.4,0.000,0.823,0.648,0.7118,-0.1168,15.61,-0.57355,0.150,0.700,0.000,-1.0000,-0.6672,TRACKING,R+C
1786998993.491,56.4,0.000,0.829,0.644,0.7133,-0.1206,16.02,-0.49813,0.150,0.700,0.000,-1.0000,-0.6674,TRACKING,R+C
1786998993.518,56.4,0.000,0.838,0.641,0.7137,-0.1217,17.17,-0.29589,0.170,0.700,0.000,-1.0000,-0.6673,TRACKING,R+C
1786998993.533,56.4,0.000,0.848,0.632,0.7276,-0.1225,18.59,-0.07709,0.192,0.700,0.000,-1.0000,-0.6671,TRACKING,R+C
1786998993.550,56.4,0.000,0.848,0.632,0.7276,-0.0980,14.88,-0.06167,0.192,0.700,0.000,-1.0000,-0.6671,TRACKING,prediction
1786998993.581,56.4,0.000,0.848,0.632,0.7276,-0.0784,11.90,-0.04934,0.192,0.700,0.000,-1.0000,-0.6671,TRACKING,prediction
1786998993.613,56.4,0.000,0.848,0.632,0.7276,-0.0627,9.52,-0.03947,0.192,0.700,0.000,-1.0000,-0.6671,TRACKING,prediction
1786998993.642,56.4,0.000,0.848,0.632,0.7276,-0.0502,7.62,-0.03158,0.192,0.700,0.000,-1.0000,-0.6671,TRACKING,prediction
1786998993.659,56.4,0.000,0.848,0.632,0.7276,-0.0402,6.09,-0.02526,0.192,0.700,0.000,-1.0000,-0.6671,TRACKING,prediction
1786998993.680,56.4,0.000,0.848,0.632,0.7276,-0.0321,4.87,-0.02021,0.192,0.700,0.000,-1.0000,-0.6671,TRACKING,prediction
1786998993.700,56.4,0.000,0.848,0.632,0.7276,-0.0257,3.90,-0.01617,0.192,0.700,0.000,-1.0000,-0.6670,TRACKING,prediction
1786998993.717,56.4,0.000,0.848,0.632,0.7276,-0.0206,3.12,-0.01293,0.192,0.696,0.000,-1.0000,-0.6670,TRACKING,prediction
1786998993.746,56.4,0.000,0.848,0.632,0.7276,-0.0164,2.50,-0.01035,0.192,0.683,0.000,-1.0000,-0.6692,TRACKING,prediction
1786998993.761,56.4,0.000,0.848,0.632,0.7276,-0.0132,2.00,-0.00828,0.192,0.664,0.000,-1.0000,-0.6769,TRACKING,prediction
1786998993.784,56.4,0.000,0.848,0.632,0.7276,-0.0105,1.60,-0.00662,0.192,0.642,0.000,-1.0000,-0.6887,TRACKING,prediction
1786998993.813,56.4,0.000,0.848,0.632,0.7276,-0.0084,1.28,-0.00530,0.192,0.596,0.000,-1.0000,-0.7031,UNCERTAIN,prediction
1786998993.833,56.4,0.000,0.848,0.632,0.7276,-0.0067,1.02,-0.00424,0.192,0.564,0.000,-1.0000,-0.7307,UNCERTAIN,prediction
1786998993.849,56.4,0.000,0.844,0.653,0.6505,-0.1230,8.02,0.05165,0.195,0.571,0.000,-1.0000,-0.7487,TRACKING,R+C
1786998993.863,56.4,0.000,0.844,0.653,0.6415,-0.1204,7.33,0.04490,0.196,0.578,0.000,-1.0000,-0.7477,TRACKING,R+C
1786998993.878,56.4,0.000,0.843,0.651,0.6345,-0.1175,6.76,0.06372,0.194,0.584,0.000,-1.0000,-0.7436,TRACKING,R+C
1786998993.894,56.4,0.000,0.836,0.653,0.6261,-0.1140,5.74,0.01646,0.198,0.590,0.000,-1.0000,-0.7392,TRACKING,R+C
1786998993.909,56.4,0.000,0.826,0.652,0.6176,-0.1102,4.64,-0.03098,0.197,0.595,0.000,-1.0000,-0.7348,TRACKING,R+C
1786998993.928,56.4,0.000,0.821,0.654,0.6128,-0.1072,4.23,-0.01797,0.198,0.600,0.000,-0.9765,-0.7168,TRACKING,R+C
1786998993.942,56.4,0.000,0.809,0.653,0.6075,-0.1053,3.23,-0.06793,0.193,0.605,0.000,-0.9858,-0.7165,TRACKING,R+C
1786998993.958,56.4,0.000,0.808,0.653,0.6057,-0.1057,2.61,-0.09112,0.191,0.610,0.000,-0.9940,-0.7184,TRACKING,R+C
1786998993.983,56.4,0.000,0.789,0.655,0.6056,-0.1090,1.16,-0.20013,0.180,0.615,0.000,-1.0000,-0.7197,TRACKING,R+C
1786998994.003,56.4,0.000,0.761,0.653,0.6050,-0.1147,-1.25,-0.41652,0.158,0.619,0.000,-1.0000,-0.7176,TRACKING,R+C
1786998994.018,53.6,0.000,0.764,0.650,0.6031,-0.1180,-2.35,-0.48580,0.151,0.623,0.000,-1.0000,-0.7149,TRACKING,R+C
1786998994.035,53.6,0.000,0.723,0.653,0.6011,-0.1207,-4.84,-0.69080,0.150,0.627,0.000,-1.0000,-0.7123,TRACKING,R+C
1786998994.050,53.6,0.000,0.708,0.652,0.5950,-0.1173,-5.24,-0.72390,0.150,0.630,0.000,-1.0000,-0.7094,TRACKING,R+C
1786998994.072,53.6,0.000,0.700,0.648,0.5843,-0.1126,-6.48,-0.81194,0.150,0.634,0.000,-1.0000,-0.7064,TRACKING,R+C
1786998994.086,53.6,0.000,0.705,0.641,0.5701,-0.1059,-7.11,-0.83992,0.150,0.637,0.000,-1.0000,-0.7035,TRACKING,R+C
1786998994.102,53.6,0.000,0.689,0.637,0.5575,-0.1005,-9.07,-0.97485,0.150,0.640,0.000,-1.0000,-0.7006,TRACKING,R+C
1786998994.119,53.6,0.951,0.688,0.619,0.4706,-0.0948,-10.53,-1.06379,0.150,0.643,0.000,-1.0000,-0.6979,TRACKING,L+C+R_fused
1786998994.141,53.6,0.920,0.685,0.619,0.4965,-0.0882,-11.17,-1.12781,0.150,0.646,0.000,-0.9975,-0.6939,TRACKING,L+C+R_fused
1786998994.163,53.6,0.910,0.686,0.619,0.5395,-0.0823,-11.41,-1.15244,0.150,0.649,0.000,-0.9417,-0.6595,TRACKING,L+C+R_fused
1786998994.198,53.6,0.920,0.688,0.620,0.5147,-0.0800,-11.87,-1.19775,0.150,0.651,0.000,-0.9133,-0.6366,TRACKING,L+C+R_fused
1786998994.213,53.6,0.945,0.687,0.620,0.4845,-0.0805,-13.08,-1.30747,0.150,0.654,0.000,-0.9006,-0.6246,TRACKING,L+C+R_fused
1786998994.229,53.6,0.375,0.688,0.623,0.4389,-0.0817,-13.51,-1.37290,0.150,0.656,0.000,-0.9092,-0.6266,TRACKING,L+C+R_fused
1786998994.258,53.6,0.000,0.689,0.627,0.5303,-0.0858,-15.06,-1.49024,0.150,0.658,0.000,-0.9249,-0.6350,TRACKING,R+C
1786998994.270,53.6,0.000,0.691,0.623,0.5344,-0.0856,-14.36,-1.51762,0.150,0.660,0.000,-0.9423,-0.6451,TRACKING,R+C
1786998994.288,53.6,0.000,0.697,0.633,0.5381,-0.0869,-14.30,-1.55732,0.150,0.662,0.000,-0.9607,-0.6561,TRACKING,R+C
1786998994.302,53.6,0.000,0.701,0.638,0.5426,-0.0874,-14.41,-1.61443,0.150,0.664,0.000,-0.9683,-0.6611,TRACKING,R+C
1786998994.318,53.6,0.000,0.705,0.633,0.5472,-0.0863,-14.13,-1.63778,0.150,0.666,0.000,-0.9667,-0.6600,TRACKING,R+C
1786998994.336,53.6,0.000,0.709,0.639,0.5497,-0.0837,-14.27,-1.70285,0.150,0.668,0.000,-0.9469,-0.6477,TRACKING,R+C
1786998994.351,53.6,0.000,0.708,0.644,0.5471,-0.0783,-14.64,-1.76995,0.150,0.669,0.000,-0.8928,-0.6144,TRACKING,R+C
1786998994.365,53.6,0.000,0.706,0.637,0.5418,-0.0671,-12.80,-1.73256,0.150,0.671,0.000,-0.8161,-0.5652,TRACKING,R+C
1786998994.381,53.6,0.000,0.706,0.635,0.5341,-0.0565,-12.14,-1.76492,0.150,0.672,0.000,-0.7133,-0.4990,TRACKING,R+C
1786998994.404,53.6,0.000,0.704,0.641,0.5289,-0.0450,-10.82,-1.73414,0.150,0.674,0.000,-0.5980,-0.4232,TRACKING,R+C
1786998994.420,53.6,0.000,0.700,0.641,0.5260,-0.0342,-10.09,-1.75348,0.150,0.675,0.000,-0.4681,-0.3378,TRACKING,R+C
1786998994.442,53.6,0.000,0.706,0.639,0.5183,-0.0236,-9.26,-1.75949,0.150,0.676,0.000,-0.3316,-0.2472,TRACKING,R+C
1786998994.473,53.6,0.000,0.714,0.643,0.5024,-0.0150,-8.75,-1.76991,0.150,0.677,0.000,-0.2089,-0.1638,TRACKING,R+C
1786998994.490,53.6,0.000,0.716,0.646,0.4847,-0.0057,-6.74,-1.70013,0.150,0.679,0.000,-0.1189,-0.1000,TRACKING,R+C
1786998994.506,53.6,0.000,0.694,0.670,0.5306,-0.0000,-4.30,-1.58362,0.150,0.680,0.000,-0.1020,-0.0809,TRACKING,R+C
1786998994.519,53.6,0.000,0.708,0.663,0.4844,-0.0009,-4.71,-1.70217,0.150,0.681,0.000,-0.1207,-0.0893,TRACKING,R+C
1786998994.551,53.6,0.000,0.710,0.661,0.4893,-0.0020,-3.70,-1.69402,0.150,0.682,0.000,-0.1820,-0.1255,TRACKING,R+C
1786998994.576,53.6,0.000,0.707,0.665,0.5108,-0.0037,-2.93,-1.70280,0.150,0.683,0.000,-0.2458,-0.1672,TRACKING,R+C
1786998994.593,53.6,0.000,0.711,0.687,0.5215,-0.0068,-2.60,-1.73617,0.150,0.683,0.000,-0.3185,-0.2145,TRACKING,R+C
1786998994.608,53.6,0.000,0.716,0.758,0.5287,-0.0069,-0.46,-1.63675,0.150,0.684,0.000,-0.3901,-0.2618,TRACKING,R+C
1786998994.634,53.6,0.000,0.712,0.818,0.5360,-0.0098,0.28,-1.64727,0.150,0.685,0.000,-0.4666,-0.3119,TRACKING,R+C
1786998994.648,53.6,0.000,0.714,0.824,0.5438,-0.0132,1.16,-1.63852,0.150,0.686,0.000,-0.5496,-0.3658,TRACKING,R+C
1786998994.663,53.6,0.000,0.714,0.806,0.5516,-0.0174,1.69,-1.65592,0.150,0.687,0.000,-0.6305,-0.4190,TRACKING,R+C
1786998994.679,53.6,0.000,0.714,0.806,0.5516,-0.0139,1.35,-1.32474,0.150,0.687,0.000,-0.6305,-0.4265,TRACKING,prediction
1786998994.708,53.6,0.000,0.714,0.806,0.5516,-0.0111,1.08,-1.05979,0.150,0.688,0.000,-0.6305,-0.4274,TRACKING,prediction
1786998994.734,53.6,0.000,0.722,0.801,0.5707,-0.0230,4.35,-1.55806,0.150,0.688,0.000,-0.7751,-0.5082,TRACKING,R+C
1786998994.760,53.6,0.000,0.722,0.801,0.5707,-0.0184,3.48,-1.24645,0.150,0.689,0.000,-0.7751,-0.5197,TRACKING,prediction
1786998994.778,53.6,0.000,0.722,0.801,0.5707,-0.0147,2.78,-0.99716,0.150,0.690,0.000,-0.7751,-0.5212,TRACKING,prediction
1786998994.806,53.6,0.000,0.722,0.801,0.5707,-0.0118,2.23,-0.79773,0.150,0.690,0.000,-0.7751,-0.5212,TRACKING,prediction
1786998994.835,53.6,0.000,0.727,0.791,0.5732,-0.0185,5.94,-1.49958,0.150,0.691,0.000,-0.7640,-0.5149,TRACKING,R+C
1786998994.850,53.6,0.000,0.728,0.792,0.5838,-0.0231,6.66,-1.45448,0.150,0.691,0.000,-0.8330,-0.5520,TRACKING,R+C
1786998994.866,53.6,0.000,0.728,0.792,0.5838,-0.0185,5.33,-1.16358,0.150,0.691,0.000,-0.8330,-0.5572,TRACKING,prediction
1786998994.891,53.6,0.000,0.741,0.782,0.6047,-0.0349,9.00,-1.24612,0.150,0.692,0.000,-0.9892,-0.6439,TRACKING,R+C
1786998994.914,53.6,0.000,0.742,0.780,0.6142,-0.0425,9.28,-1.24132,0.150,0.692,0.000,-1.0000,-0.6629,TRACKING,R+C
1786998994.929,53.6,0.000,0.748,0.780,0.6224,-0.0505,9.82,-1.20281,0.150,0.693,0.000,-1.0000,-0.6662,TRACKING,R+C
1786998994.946,53.6,0.000,0.756,0.778,0.6307,-0.0595,10.05,-1.16144,0.150,0.693,0.000,-1.0000,-0.6671,TRACKING,R+C
1786998994.962,53.6,0.000,0.756,0.778,0.6307,-0.0476,8.04,-0.92916,0.150,0.693,0.000,-1.0000,-0.6669,TRACKING,prediction
1786998994.979,53.6,0.000,0.763,0.762,0.6516,-0.0776,11.18,-1.06073,0.150,0.694,0.000,-1.0000,-0.6682,TRACKING,R+C
1786998994.996,53.6,0.000,0.777,0.760,0.6565,-0.0867,11.50,-1.02488,0.150,0.694,0.000,-1.0000,-0.6688,TRACKING,R+C
1786998995.014,53.6,0.000,0.777,0.760,0.6565,-0.0693,9.20,-0.81990,0.150,0.694,0.000,-1.0000,-0.6686,TRACKING,prediction
1786998995.029,51.5,0.000,0.777,0.760,0.6565,-0.0555,7.36,-0.65592,0.150,0.695,0.000,-1.0000,-0.6684,TRACKING,prediction
1786998995.060,51.5,0.000,0.777,0.760,0.6565,-0.0444,5.89,-0.52474,0.150,0.695,0.000,-1.0000,-0.6682,TRACKING,prediction
1786998995.078,51.5,0.000,0.777,0.760,0.6565,-0.0355,4.71,-0.41979,0.150,0.695,0.000,-1.0000,-0.6680,TRACKING,prediction
1786998995.097,51.5,0.000,0.777,0.760,0.6565,-0.0284,3.77,-0.33583,0.150,0.695,0.000,-1.0000,-0.6678,TRACKING,prediction
1786998995.114,51.5,0.000,0.777,0.760,0.6565,-0.0227,3.02,-0.26867,0.150,0.696,0.000,-1.0000,-0.6676,TRACKING,prediction
1786998995.128,51.5,0.000,0.823,0.766,0.6502,-0.1055,11.57,-0.76864,0.150,0.696,0.000,-1.0000,-0.6682,TRACKING,R+C
1786998995.148,51.5,0.000,0.823,0.766,0.6502,-0.0844,9.26,-0.61491,0.150,0.696,0.000,-1.0000,-0.6681,TRACKING,prediction
1786998995.173,51.5,0.000,0.823,0.766,0.6502,-0.0675,7.40,-0.49193,0.150,0.696,0.000,-1.0000,-0.6679,TRACKING,prediction
1786998995.190,51.5,0.000,0.823,0.766,0.6502,-0.0540,5.92,-0.39354,0.150,0.696,0.000,-1.0000,-0.6678,TRACKING,prediction
1786998995.208,51.5,0.000,0.823,0.766,0.6502,-0.0432,4.74,-0.31484,0.150,0.697,0.000,-1.0000,-0.6677,TRACKING,prediction
1786998995.234,51.5,0.000,0.823,0.766,0.6502,-0.0346,3.79,-0.25187,0.150,0.697,0.000,-1.0000,-0.6675,TRACKING,prediction
1786998995.254,51.5,0.000,0.823,0.766,0.6502,-0.0276,3.03,-0.20149,0.150,0.697,0.000,-1.0000,-0.6674,TRACKING,prediction
1786998995.272,51.5,0.000,0.823,0.766,0.6502,-0.0221,2.43,-0.16120,0.150,0.697,0.000,-1.0000,-0.6673,TRACKING,prediction
1786998995.292,51.5,0.000,0.760,0.778,0.6171,-0.0937,9.68,-0.68528,0.150,0.697,0.000,-1.0000,-0.6653,TRACKING,R+C
1786998995.309,51.5,0.000,0.760,0.778,0.6171,-0.0750,7.75,-0.54822,0.150,0.697,0.000,-1.0000,-0.6652,TRACKING,prediction
1786998995.327,51.5,0.000,0.760,0.778,0.6171,-0.0600,6.20,-0.43858,0.150,0.698,0.000,-1.0000,-0.6651,TRACKING,prediction
1786998995.344,51.5,0.000,0.760,0.778,0.6171,-0.0480,4.96,-0.35086,0.150,0.698,0.000,-1.0000,-0.6650,TRACKING,prediction
1786998995.360,51.5,0.000,0.760,0.778,0.6171,-0.0384,3.97,-0.28069,0.150,0.698,0.000,-1.0000,-0.6649,TRACKING,prediction
1786998995.386,51.5,0.000,0.760,0.778,0.6171,-0.0307,3.17,-0.22455,0.150,0.698,0.000,-1.0000,-0.6648,TRACKING,prediction
1786998995.408,51.5,0.000,0.760,0.778,0.6171,-0.0246,2.54,-0.17964,0.150,0.698,0.000,-1.0000,-0.6647,TRACKING,prediction
1786998995.426,51.5,0.000,0.760,0.778,0.6171,-0.0197,2.03,-0.14371,0.150,0.698,0.000,-1.0000,-0.6647,TRACKING,prediction
1786998995.441,51.5,0.000,0.760,0.778,0.6171,-0.0157,1.62,-0.11497,0.150,0.698,0.000,-1.0000,-0.6646,TRACKING,prediction
1786998995.458,51.5,0.000,0.760,0.778,0.6171,-0.0126,1.30,-0.09198,0.150,0.692,0.000,-1.0000,-0.6645,TRACKING,prediction
1786998995.488,51.5,0.000,0.760,0.778,0.6171,-0.0101,1.04,-0.07358,0.150,0.678,0.000,-1.0000,-0.6679,TRACKING,prediction
1786998995.514,51.5,0.000,0.760,0.778,0.6171,-0.0081,0.83,-0.05886,0.150,0.658,0.000,-1.0000,-0.6765,TRACKING,prediction
1786998995.545,51.5,0.000,0.760,0.778,0.6171,-0.0064,0.67,-0.04709,0.150,0.635,0.000,-1.0000,-0.6889,TRACKING,prediction
1786998995.559,51.5,0.000,0.760,0.778,0.6171,-0.0052,0.53,-0.03767,0.150,0.592,0.000,-1.0000,-0.7037,UNCERTAIN,prediction
1786998995.576,51.5,0.000,0.760,0.778,0.6171,-0.0041,0.43,-0.03014,0.150,0.561,0.000,-1.0000,-0.7304,UNCERTAIN,prediction
1786998995.591,51.5,0.000,0.760,0.778,0.6171,-0.0033,0.34,-0.02411,0.150,0.540,0.000,-1.0000,-0.7515,UNCERTAIN,prediction
1786998995.609,51.5,0.000,0.866,0.778,0.5814,-0.1067,5.45,-0.67023,0.150,0.548,0.000,-1.0000,-0.7660,TRACKING,R+C
1786998995.636,51.5,0.000,0.866,0.778,0.5814,-0.0853,4.36,-0.53619,0.150,0.555,0.000,-1.0000,-0.7638,TRACKING,prediction
1786998995.653,51.5,0.000,0.866,0.778,0.5814,-0.0683,3.49,-0.42895,0.150,0.563,0.000,-1.0000,-0.7592,TRACKING,prediction
1786998995.678,51.5,0.000,0.866,0.778,0.5814,-0.0546,2.79,-0.34316,0.150,0.570,0.000,-1.0000,-0.7545,TRACKING,prediction
1786998995.697,51.5,0.000,0.864,0.793,0.5619,-0.0932,5.72,-0.54999,0.150,0.576,0.000,-1.0000,-0.7487,TRACKING,R+C
1786998995.712,51.5,0.000,0.867,0.793,0.5607,-0.0933,5.77,-0.52913,0.150,0.582,0.000,-1.0000,-0.7443,TRACKING,R+C
1786998995.727,51.5,0.000,0.865,0.794,0.5593,-0.0937,5.84,-0.49899,0.150,0.588,0.000,-1.0000,-0.7402,TRACKING,R+C
1786998995.742,51.5,0.000,0.871,0.796,0.5585,-0.0943,5.44,-0.52789,0.150,0.594,0.000,-1.0000,-0.7362,TRACKING,R+C
1786998995.761,51.5,0.000,0.860,0.801,0.5549,-0.0928,5.03,-0.54308,0.150,0.599,0.000,-1.0000,-0.7323,TRACKING,R+C
1786998995.777,51.5,0.000,0.845,0.793,0.5538,-0.0871,5.14,-0.51413,0.150,0.604,0.000,-1.0000,-0.7283,TRACKING,R+C
1786998995.791,51.5,0.000,0.850,0.794,0.5521,-0.0812,5.04,-0.50296,0.150,0.609,0.000,-1.0000,-0.7244,TRACKING,R+C
1786998995.808,51.5,0.000,0.850,0.794,0.5521,-0.0649,4.03,-0.40237,0.150,0.613,0.000,-1.0000,-0.7212,TRACKING,prediction
1786998995.832,51.5,0.000,0.850,0.794,0.5521,-0.0519,3.22,-0.32189,0.150,0.618,0.000,-1.0000,-0.7181,TRACKING,prediction
1786998995.848,51.5,0.000,0.850,0.794,0.5521,-0.0416,2.58,-0.25751,0.150,0.622,0.000,-1.0000,-0.7152,TRACKING,prediction
1786998995.865,51.5,0.000,0.850,0.794,0.5521,-0.0332,2.06,-0.20601,0.150,0.626,0.000,-1.0000,-0.7125,TRACKING,prediction
1786998995.880,51.5,0.000,0.850,0.794,0.5521,-0.0266,1.65,-0.16481,0.150,0.630,0.000,-1.0000,-0.7099,TRACKING,prediction
1786998995.901,51.5,0.000,0.850,0.794,0.5521,-0.0213,1.32,-0.13185,0.150,0.633,0.000,-1.0000,-0.7074,TRACKING,prediction
1786998995.918,51.5,0.000,0.850,0.794,0.5521,-0.0170,1.06,-0.10548,0.150,0.636,0.000,-1.0000,-0.7050,TRACKING,prediction
1786998995.943,51.5,0.000,0.850,0.794,0.5521,-0.0136,0.84,-0.08438,0.150,0.640,0.000,-1.0000,-0.7028,TRACKING,prediction
1786998995.974,51.5,0.000,0.850,0.794,0.5521,-0.0109,0.68,-0.06751,0.150,0.643,0.000,-1.0000,-0.7006,TRACKING,prediction
1786998995.998,51.5,0.000,0.850,0.794,0.5521,-0.0087,0.54,-0.05400,0.150,0.645,0.000,-1.0000,-0.6986,TRACKING,prediction
1786998996.013,51.5,0.000,0.850,0.794,0.5521,-0.0070,0.43,-0.04320,0.150,0.645,0.000,-1.0000,-0.6970,TRACKING,prediction
1786998996.029,51.0,0.000,0.850,0.794,0.5521,-0.0056,0.35,-0.03456,0.150,0.638,0.000,-1.0000,-0.6965,TRACKING,prediction
1786998996.044,51.0,0.000,0.838,0.815,0.5270,-0.0399,2.98,-0.58436,0.150,0.641,0.000,-0.8132,-0.5891,TRACKING,R+C
1786998996.057,51.0,0.000,0.836,0.818,0.5317,-0.0388,3.27,-0.57117,0.150,0.644,0.000,-0.8067,-0.5683,TRACKING,R+C
1786998996.071,51.0,0.000,0.833,0.815,0.5355,-0.0408,3.65,-0.54345,0.150,0.647,0.000,-0.8363,-0.5811,TRACKING,R+C
1786998996.087,51.0,0.000,0.831,0.820,0.5355,-0.0435,3.16,-0.59822,0.150,0.650,0.000,-0.8590,-0.5949,TRACKING,R+C
1786998996.114,51.0,0.000,0.837,0.821,0.5382,-0.0446,3.56,-0.57135,0.150,0.652,0.000,-0.8783,-0.6067,TRACKING,R+C
1786998996.129,51.0,0.000,0.830,0.814,0.5379,-0.0429,3.19,-0.61454,0.150,0.655,0.000,-0.8551,-0.5939,TRACKING,R+C
1786998996.157,51.0,0.000,0.825,0.810,0.5347,-0.0368,3.48,-0.58812,0.150,0.657,0.000,-0.7925,-0.5547,TRACKING,R+C
1786998996.172,51.0,0.000,0.821,0.811,0.5313,-0.0293,3.65,-0.56920,0.150,0.659,0.000,-0.7047,-0.4971,TRACKING,R+C
1786998996.187,51.0,0.000,0.819,0.816,0.5210,-0.0213,3.49,-0.58098,0.150,0.661,0.000,-0.5940,-0.4239,TRACKING,R+C
1786998996.213,51.0,0.000,0.818,0.826,0.5132,-0.0139,2.82,-0.64213,0.150,0.663,0.000,-0.4681,-0.3397,TRACKING,R+C
1786998996.231,51.0,0.000,0.819,0.830,0.5064,-0.0049,3.36,-0.58826,0.150,0.665,0.000,-0.3377,-0.2512,TRACKING,R+C
1786998996.246,51.0,0.000,0.810,0.836,0.4964,0.0043,3.09,-0.63451,0.150,0.667,0.000,-0.1784,-0.1457,TRACKING,R+C
1786998996.263,51.0,0.665,0.811,0.848,0.4880,0.0134,3.30,-0.61579,0.150,0.668,0.000,-0.0237,-0.0401,TRACKING,L+C+R_fused
1786998996.288,51.0,0.713,0.815,0.851,0.4913,0.0227,3.10,-0.64444,0.150,0.670,0.000,0.1453,0.0740,TRACKING,L+C+R_fused
1786998996.311,51.0,0.914,0.817,0.862,0.4964,0.0310,3.19,-0.65105,0.150,0.671,0.000,0.2825,0.1708,TRACKING,L+C+R_fused
1786998996.342,51.0,0.908,0.814,0.855,0.4926,0.0376,3.41,-0.65771,0.150,0.673,0.000,0.3825,0.2430,TRACKING,L+C+R_fused
1786998996.364,51.0,0.920,0.822,0.847,0.4846,0.0417,3.30,-0.69507,0.150,0.674,0.000,0.4446,0.2892,TRACKING,L+C+R_fused
1786998996.383,51.0,0.921,0.823,0.843,0.4847,0.0422,3.14,-0.73408,0.150,0.675,0.000,0.4529,0.3004,TRACKING,L+C+R_fused
1786998996.412,51.0,0.919,0.818,0.844,0.4813,0.0415,3.65,-0.73506,0.150,0.677,0.000,0.4217,0.2834,TRACKING,L+C+R_fused
1786998996.436,51.0,0.927,0.810,0.840,0.4788,0.0389,3.23,-0.82643,0.150,0.678,0.000,0.3815,0.2568,TRACKING,L+C+R_fused
1786998996.452,51.0,0.920,0.808,0.826,0.4778,0.0366,3.33,-0.85632,0.150,0.679,0.000,0.3349,0.2255,TRACKING,L+C+R_fused
1786998996.479,51.0,0.920,0.802,0.813,0.4770,0.0339,3.13,-0.91845,0.150,0.680,0.000,0.2873,0.1928,TRACKING,L+C+R_fused
1786998996.494,51.0,0.924,0.805,0.821,0.4739,0.0315,3.45,-0.93773,0.150,0.681,0.000,0.2298,0.1544,TRACKING,L+C+R_fused
1786998996.513,51.0,0.920,0.807,0.807,0.4760,0.0288,4.00,-0.90752,0.150,0.682,0.000,0.1640,0.1107,TRACKING,L+C+R_fused
1786998996.529,51.0,0.929,0.811,0.812,0.4770,0.0253,3.82,-0.93687,0.150,0.683,0.000,0.1040,0.0695,TRACKING,L+C+R_fused
1786998996.548,51.0,0.924,0.810,0.809,0.4810,0.0250,4.61,-0.88589,0.150,0.684,0.000,0.0730,0.0455,TRACKING,L+C+R_fused
1786998996.568,51.0,0.919,0.809,0.813,0.4876,0.0257,4.99,-0.87292,0.150,0.685,0.000,0.0700,0.0402,TRACKING,L+C+R_fused
1786998996.587,51.0,0.923,0.800,0.806,0.4913,0.0298,5.32,-0.84298,0.150,0.685,0.000,0.1327,0.0754,TRACKING,L+C+R_fused
1786998996.605,51.0,0.921,0.792,0.805,0.4876,0.0358,4.70,-0.91918,0.150,0.686,0.000,0.2519,0.1488,TRACKING,L+C+R_fused
1786998996.620,51.0,0.904,0.791,0.808,0.4872,0.0434,4.63,-0.92989,0.150,0.687,0.000,0.3791,0.2326,TRACKING,L+C+R_fused
1786998996.655,51.0,0.901,0.796,0.824,0.4853,0.0515,4.88,-0.90505,0.150,0.687,0.000,0.4995,0.3141,TRACKING,L+C+R_fused
1786998996.671,51.0,0.899,0.794,0.830,0.4837,0.0581,4.90,-0.90669,0.150,0.688,0.000,0.5949,0.3805,TRACKING,L+C+R_fused
1786998996.687,51.0,0.891,0.796,0.843,0.4839,0.0637,4.99,-0.90364,0.150,0.689,0.000,0.6683,0.4319,TRACKING,L+C+R_fused
1786998996.719,51.0,0.886,0.794,0.839,0.4855,0.0671,4.99,-0.93155,0.150,0.689,0.000,0.7083,0.4618,TRACKING,L+C+R_fused
1786998996.742,51.0,0.893,0.791,0.841,0.4857,0.0688,5.00,-0.95706,0.150,0.690,0.000,0.7258,0.4759,TRACKING,L+C+R_fused
1786998996.769,51.0,0.890,0.789,0.849,0.4868,0.0712,5.47,-0.93594,0.150,0.690,0.000,0.7431,0.4875,TRACKING,L+C+R_fused
1786998996.785,51.0,0.881,0.781,0.850,0.4878,0.0756,5.51,-0.95132,0.150,0.691,0.000,0.7929,0.5172,TRACKING,L+C+R_fused
1786998996.804,51.0,0.843,0.780,0.857,0.4856,0.0830,6.11,-0.90642,0.150,0.691,0.000,0.8620,0.5604,TRACKING,L+C+R_fused
1786998996.821,51.0,0.854,0.782,0.862,0.4845,0.0886,5.60,-0.96003,0.150,0.692,0.000,0.9264,0.6028,TRACKING,L+C+R_fused
1786998996.850,51.0,0.853,0.788,0.875,0.4815,0.0925,4.67,-1.03858,0.150,0.692,0.000,0.9775,0.6376,TRACKING,L+C+R_fused
1786998996.864,51.0,0.853,0.790,0.868,0.4806,0.0980,6.10,-0.95185,0.150,0.692,0.000,1.0000,0.6551,TRACKING,L+C+R_fused
1786998996.882,51.0,0.865,0.783,0.829,0.4829,0.0992,5.64,-1.03644,0.150,0.693,0.000,1.0000,0.6575,TRACKING,L+C+R_fused
1786998996.901,51.0,0.849,0.778,0.741,0.4718,0.1021,5.63,-1.06820,0.150,0.693,0.000,1.0000,0.6578,TRACKING,L+C+R_fused
1786998996.916,51.0,0.840,0.784,0.670,0.4941,0.1086,6.86,-0.96354,0.150,0.694,0.000,1.0000,0.6580,TRACKING,L+C+R_fused
1786998996.935,51.0,0.806,0.779,0.371,0.4792,0.1148,6.09,-1.07626,0.150,0.694,0.000,1.0000,0.6582,TRACKING,L+C+R_fused
1786998996.953,51.0,0.775,0.780,0.628,0.5198,0.1213,5.83,-1.11822,0.150,0.694,0.000,1.0000,0.6585,TRACKING,L+C+R_fused
1786998996.977,51.0,0.768,0.780,0.000,0.5691,0.1253,4.75,-1.23767,0.150,0.694,0.000,1.0000,0.6586,TRACKING,L+C
1786998996.993,51.0,0.753,0.772,0.000,0.5697,0.1288,4.90,-1.29373,0.150,0.695,0.000,1.0000,0.6585,TRACKING,L+C
1786998997.007,51.0,0.755,0.778,0.000,0.5698,0.1300,5.99,-1.23906,0.150,0.695,0.000,1.0000,0.6582,TRACKING,L+C
1786998997.025,51.0,0.747,0.772,0.365,0.5002,0.1288,6.31,-1.25887,0.150,0.695,0.000,1.0000,0.6577,TRACKING,L+C+R_fused
1786998997.038,50.5,0.750,0.772,0.000,0.5700,0.1269,6.81,-1.27815,0.150,0.695,0.000,1.0000,0.6571,TRACKING,L+C
1786998997.056,50.5,0.777,0.771,0.376,0.4353,0.1257,7.05,-1.31286,0.150,0.696,0.000,1.0000,0.6567,TRACKING,L+C+R_fused
1786998997.081,50.5,0.796,0.755,0.000,0.5798,0.1225,5.86,-1.48427,0.150,0.696,0.000,1.0000,0.6562,TRACKING,L+C
1786998997.096,50.5,0.827,0.745,0.372,0.5157,0.1192,5.74,-1.58411,0.150,0.696,0.000,1.0000,0.6555,TRACKING,L+C+R_fused
1786998997.128,50.5,0.855,0.751,0.377,0.4531,0.1181,7.97,-1.45111,0.150,0.696,0.000,1.0000,0.6548,TRACKING,L+C+R_fused
1786998997.144,50.5,0.882,0.755,0.362,0.5878,0.1156,9.29,-1.36817,0.150,0.697,0.000,1.0000,0.6543,TRACKING,L+C+R_fused
1786998997.159,50.5,0.946,0.748,0.350,0.4105,0.1133,10.15,-1.32144,0.150,0.697,0.000,1.0000,0.6538,TRACKING,L+C+R_fused
1786998997.189,50.5,0.000,0.733,0.817,0.4401,0.1086,9.64,-1.45847,0.150,0.697,0.000,0.9642,0.6332,TRACKING,R+C
1786998997.218,50.5,0.000,0.731,0.689,0.4727,0.1039,9.49,-1.53850,0.150,0.697,0.000,0.9153,0.6024,TRACKING,R+C
1786998997.248,50.5,0.000,0.732,0.680,0.5209,0.0987,9.50,-1.57570,0.150,0.697,0.000,0.8572,0.5642,TRACKING,R+C
1786998997.269,50.5,0.000,0.725,0.761,0.4875,0.0961,11.65,-1.42920,0.150,0.697,0.000,0.7798,0.5141,TRACKING,R+C
1786998997.284,50.5,0.000,0.728,0.815,0.5034,0.0902,13.00,-1.34534,0.150,0.697,0.000,0.6719,0.4448,TRACKING,R+C
1786998997.309,50.5,0.000,0.719,0.805,0.5100,0.0845,12.66,-1.46352,0.150,0.698,0.000,0.5882,0.3862,TRACKING,R+C
1786998997.327,50.5,0.000,0.719,0.805,0.5100,0.0676,10.13,-1.17082,0.150,0.698,0.000,0.5882,0.3777,TRACKING,prediction
1786998997.357,50.5,0.000,0.709,0.808,0.5423,0.0709,13.76,-1.47927,0.150,0.698,0.000,0.3290,0.2281,TRACKING,R+C
1786998997.374,50.5,0.000,0.711,0.800,0.5522,0.0618,13.26,-1.57499,0.150,0.698,0.000,0.1791,0.1209,TRACKING,R+C
1786998997.389,50.5,0.000,0.711,0.800,0.5522,0.0494,10.61,-1.25999,0.150,0.698,0.000,0.1791,0.1052,TRACKING,prediction
1786998997.405,50.5,0.000,0.693,0.780,0.5819,0.0462,15.76,-1.49013,0.150,0.698,0.000,-0.2078,-0.1154,TRACKING,R+C
1786998997.420,50.5,0.000,0.707,0.790,0.5998,0.0368,16.40,-1.47267,0.150,0.698,0.000,-0.3935,-0.2502,TRACKING,R+C
1786998997.441,50.5,0.000,0.707,0.790,0.5998,0.0294,13.12,-1.17813,0.150,0.698,0.000,-0.3935,-0.2700,TRACKING,prediction
1786998997.458,50.5,0.000,0.707,0.790,0.5998,0.0235,10.50,-0.94251,0.150,0.698,0.000,-0.3935,-0.2729,TRACKING,prediction
1786998997.477,50.5,0.000,0.706,0.786,0.6440,0.0052,16.28,-1.65588,0.150,0.698,0.000,-0.8438,-0.5212,TRACKING,R+C
1786998997.498,50.5,0.000,0.706,0.786,0.6558,-0.0037,17.64,-1.54297,0.150,0.699,0.000,-0.9603,-0.6208,TRACKING,R+C
1786998997.514,50.5,0.000,0.706,0.786,0.6558,-0.0029,14.11,-1.23438,0.150,0.699,0.000,-0.9603,-0.6355,TRACKING,prediction
1786998997.531,50.5,0.000,0.706,0.786,0.6558,-0.0024,11.29,-0.98750,0.150,0.699,0.000,-0.9603,-0.6377,TRACKING,prediction
1786998997.545,50.5,0.000,0.716,0.777,0.6965,-0.0280,17.76,-1.64663,0.150,0.699,0.000,-1.0000,-0.6613,TRACKING,R+C
1786998997.564,50.5,0.000,0.722,0.771,0.7022,-0.0311,17.75,-1.66018,0.150,0.699,0.000,-1.0000,-0.6647,TRACKING,R+C
1786998997.579,50.5,0.000,0.723,0.777,0.7016,-0.0318,18.90,-1.50791,0.150,0.699,0.000,-1.0000,-0.6652,TRACKING,R+C
1786998997.593,50.5,0.000,0.726,0.780,0.7028,-0.0332,19.42,-1.41207,0.150,0.699,0.000,-1.0000,-0.6653,TRACKING,R+C
1786998997.610,50.5,0.000,0.726,0.780,0.7028,-0.0266,15.53,-1.12965,0.150,0.699,0.000,-1.0000,-0.6653,TRACKING,prediction
1786998997.629,50.5,0.000,0.726,0.780,0.7028,-0.0213,12.43,-0.90372,0.150,0.699,0.000,-1.0000,-0.6652,TRACKING,prediction
1786998997.643,50.5,0.000,0.732,0.776,0.7065,-0.0373,23.68,-0.74663,0.150,0.699,0.000,-1.0000,-0.6653,TRACKING,R+C
1786998997.661,50.5,0.000,0.732,0.776,0.7065,-0.0298,18.94,-0.59730,0.150,0.699,0.000,-1.0000,-0.6652,TRACKING,prediction
1786998997.676,50.5,0.000,0.744,0.776,0.7132,-0.0395,27.23,-0.24712,0.175,0.699,0.000,-1.0000,-0.6651,TRACKING,R+C
1786998997.707,50.5,0.000,0.744,0.776,0.7132,-0.0316,21.78,-0.19770,0.175,0.699,0.000,-1.0000,-0.6651,TRACKING,prediction
1786998997.722,50.5,0.000,0.751,0.774,0.7170,-0.0437,28.17,-0.03633,0.196,0.699,0.000,-1.0000,-0.6648,TRACKING,R+C
1786998997.749,50.5,0.000,0.751,0.774,0.7170,-0.0349,22.54,-0.02907,0.196,0.699,0.000,-1.0000,-0.6648,TRACKING,prediction
1786998997.776,50.5,0.000,0.751,0.774,0.7170,-0.0280,18.03,-0.02325,0.196,0.699,0.000,-1.0000,-0.6648,TRACKING,prediction
1786998997.806,50.5,0.000,0.751,0.774,0.7170,-0.0224,14.42,-0.01860,0.196,0.699,0.000,-1.0000,-0.6648,TRACKING,prediction
1786998997.825,50.5,0.000,0.751,0.774,0.7170,-0.0179,11.54,-0.01488,0.196,0.699,0.000,-1.0000,-0.6647,TRACKING,prediction
1786998997.841,50.5,0.000,0.751,0.774,0.7170,-0.0143,9.23,-0.01191,0.196,0.699,0.000,-1.0000,-0.6647,TRACKING,prediction
1786998997.867,50.5,0.000,0.751,0.774,0.7170,-0.0115,7.39,-0.00952,0.196,0.699,0.000,-1.0000,-0.6647,TRACKING,prediction
1786998997.887,50.5,0.000,0.751,0.774,0.7170,-0.0092,5.91,-0.00762,0.196,0.699,0.000,-1.0000,-0.6647,TRACKING,prediction
1786998997.916,50.5,0.000,0.751,0.774,0.7170,-0.0073,4.73,-0.00610,0.196,0.700,0.000,-1.0000,-0.6647,TRACKING,prediction
1786998997.933,50.5,0.000,0.751,0.774,0.7170,-0.0059,3.78,-0.00488,0.196,0.691,0.000,-1.0000,-0.6647,TRACKING,prediction
1786998997.949,50.5,0.000,0.751,0.774,0.7170,-0.0047,3.02,-0.00390,0.196,0.676,0.000,-1.0000,-0.6692,TRACKING,prediction
1786998997.963,50.5,0.000,0.751,0.774,0.7170,-0.0038,2.42,-0.00312,0.196,0.655,0.000,-1.0000,-0.6788,TRACKING,prediction
1786998997.984,50.5,0.000,0.751,0.774,0.7170,-0.0030,1.94,-0.00250,0.196,0.632,0.000,-1.0000,-0.6918,TRACKING,prediction
1786998998.011,50.5,0.000,0.751,0.774,0.7170,-0.0024,1.55,-0.00200,0.196,0.589,0.000,-1.0000,-0.7070,UNCERTAIN,prediction
1786998998.026,50.5,0.000,0.751,0.774,0.7170,-0.0019,1.24,-0.00160,0.196,0.559,0.000,-1.0000,-0.7332,UNCERTAIN,prediction
1786998998.048,49.5,0.000,0.751,0.774,0.7170,-0.0015,0.99,-0.00128,0.196,0.539,0.000,-1.0000,-0.7536,UNCERTAIN,prediction
1786998998.073,49.5,0.000,0.751,0.774,0.7170,-0.0012,0.79,-0.00102,0.196,0.518,0.000,-1.0000,-0.7683,UNCERTAIN,prediction
1786998998.089,49.5,0.000,0.751,0.774,0.7170,-0.0010,0.63,-0.00082,0.196,0.496,0.000,-1.0000,-0.7819,UNCERTAIN,prediction
1786998998.110,49.5,0.000,0.751,0.774,0.7170,-0.0008,0.51,-0.00065,0.196,0.475,0.000,-1.0000,-0.7958,UNCERTAIN,prediction
1786998998.126,49.5,0.000,0.751,0.774,0.7170,-0.0006,0.41,-0.00052,0.196,0.453,0.000,-1.0000,-0.8099,UNCERTAIN,prediction
1786998998.141,49.5,0.000,0.768,0.749,0.5871,-0.0688,7.47,-0.22284,0.178,0.466,0.000,-0.9787,-0.8058,TRACKING,R+C
1786998998.158,49.5,0.000,0.768,0.749,0.5871,-0.0551,5.97,-0.17827,0.178,0.477,0.000,-0.9787,-0.7990,TRACKING,prediction
1786998998.187,49.5,0.000,0.762,0.750,0.5724,-0.0614,5.76,-0.27467,0.173,0.488,0.000,-0.9323,-0.7601,TRACKING,R+C
1786998998.213,49.5,0.000,0.762,0.750,0.5724,-0.0491,4.61,-0.21973,0.173,0.499,0.000,-0.9323,-0.7485,TRACKING,prediction
1786998998.227,49.5,0.000,0.757,0.826,0.5571,-0.0522,4.54,-0.30833,0.169,0.509,0.000,-0.8571,-0.6912,TRACKING,R+C
1786998998.242,49.5,0.000,0.758,0.827,0.5517,-0.0499,3.76,-0.35261,0.165,0.519,0.000,-0.7989,-0.6399,TRACKING,R+C
1786998998.259,49.5,0.000,0.749,0.834,0.5464,-0.0508,2.23,-0.47596,0.152,0.528,0.000,-0.8772,-0.6781,TRACKING,R+C
1786998998.274,49.5,0.000,0.736,0.833,0.5418,-0.0550,0.27,-0.63755,0.150,0.536,0.000,-0.9068,-0.6983,TRACKING,R+C
1786998998.288,49.5,0.000,0.753,0.833,0.5447,-0.0577,1.27,-0.52707,0.150,0.544,0.000,-0.9450,-0.7212,TRACKING,R+C
1786998998.307,49.5,0.000,0.730,0.832,0.5429,-0.0639,-1.53,-0.79864,0.150,0.552,0.000,-0.9641,-0.7326,TRACKING,R+C
1786998998.322,49.5,0.000,0.740,0.825,0.5473,-0.0669,-1.37,-0.77259,0.150,0.560,0.000,-0.9923,-0.7477,TRACKING,R+C
1786998998.336,49.5,0.000,0.755,0.828,0.5500,-0.0690,-0.79,-0.71214,0.150,0.567,0.000,-1.0000,-0.7507,TRACKING,R+C
1786998998.349,49.5,0.000,0.747,0.825,0.5485,-0.0723,-2.61,-0.88543,0.150,0.573,0.000,-1.0000,-0.7473,TRACKING,R+C
1786998998.363,49.5,0.000,0.765,0.823,0.5484,-0.0738,-2.83,-0.87800,0.150,0.580,0.000,-1.0000,-0.7431,TRACKING,R+C
1786998998.378,49.5,0.000,0.748,0.824,0.5439,-0.0705,-3.65,-1.00487,0.150,0.586,0.000,-0.9945,-0.7354,TRACKING,R+C
1786998998.392,49.5,0.000,0.747,0.829,0.5389,-0.0655,-4.92,-1.14963,0.150,0.591,0.000,-0.9342,-0.6942,TRACKING,R+C
1786998998.407,49.5,0.000,0.741,0.833,0.5328,-0.0577,-5.26,-1.18740,0.150,0.597,0.000,-0.8510,-0.6343,TRACKING,R+C
1786998998.421,49.5,0.000,0.738,0.844,0.5277,-0.0504,-6.43,-1.30723,0.150,0.602,0.000,-0.7490,-0.5609,TRACKING,R+C
1786998998.440,49.5,0.000,0.745,0.853,0.5209,-0.0414,-6.63,-1.34179,0.150,0.607,0.000,-0.6311,-0.4763,TRACKING,R+C
1786998998.454,49.5,0.000,0.746,0.858,0.5120,-0.0330,-7.62,-1.44953,0.150,0.612,0.000,-0.4916,-0.3776,TRACKING,R+C
1786998998.470,49.5,0.000,0.746,0.862,0.5062,-0.0206,-6.52,-1.43519,0.150,0.616,0.000,-0.3347,-0.2667,TRACKING,R+C
1786998998.499,49.5,0.000,0.744,0.873,0.4973,-0.0108,-7.01,-1.55177,0.150,0.620,0.000,-0.1681,-0.1491,TRACKING,R+C
1786998998.515,49.5,0.376,0.749,0.874,0.4710,0.0020,-5.91,-1.53528,0.150,0.624,0.000,0.0130,-0.0217,TRACKING,L+C+R_fused
1786998998.529,49.5,0.944,0.749,0.883,0.4935,0.0131,-5.37,-1.54949,0.150,0.628,0.000,0.1835,0.1009,TRACKING,L+C+R_fused
1786998998.544,49.5,0.931,0.751,0.645,0.4981,0.0232,-6.02,-1.67272,0.150,0.632,0.000,0.3580,0.2243,TRACKING,L+C+R_fused
1786998998.559,49.5,0.905,0.751,0.595,0.5399,0.0360,-4.38,-1.60717,0.150,0.635,0.000,0.5078,0.3327,TRACKING,L+C+R_fused
1786998998.571,49.5,0.903,0.754,0.587,0.5247,0.0475,-2.71,-1.56583,0.150,0.638,0.000,0.6202,0.4156,TRACKING,L+C+R_fused
1786998998.589,49.5,0.903,0.761,0.372,0.5312,0.0568,-1.11,-1.50766,0.150,0.641,0.000,0.6981,0.4732,TRACKING,L+C+R_fused
1786998998.618,49.5,0.919,0.762,0.328,0.5284,0.0619,-0.24,-1.51977,0.150,0.644,0.000,0.7328,0.5010,TRACKING,L+C+R_fused
1786998998.632,49.5,0.929,0.746,0.533,0.5081,0.0611,-1.68,-1.78278,0.150,0.647,0.000,0.7348,0.5043,TRACKING,L+C+R_fused
1786998998.648,49.5,0.946,0.750,0.000,0.5429,0.0598,-0.96,-1.79344,0.150,0.650,0.000,0.6933,0.4784,TRACKING,L+C
1786998998.663,49.5,0.000,0.753,0.000,0.5429,0.0619,2.46,-1.55933,0.150,0.652,0.000,0.6394,0.4414,TRACKING,C_only
1786998998.681,49.5,0.000,0.756,0.000,0.5429,0.0611,3.79,-1.50644,0.150,0.655,0.000,0.5895,0.4050,TRACKING,C_only
1786998998.705,49.5,0.000,0.751,0.378,0.4446,0.0599,4.51,-1.52944,0.150,0.657,0.000,0.5420,0.3702,TRACKING,R+C
1786998998.719,49.5,0.000,0.754,0.373,0.4766,0.0577,5.41,-1.52763,0.150,0.659,0.000,0.4732,0.3232,TRACKING,R+C
1786998998.731,49.5,0.000,0.745,0.000,0.4766,0.0536,4.92,-1.66537,0.150,0.661,0.000,0.4075,0.2762,TRACKING,C_only
1786998998.751,49.5,0.000,0.747,0.365,0.4005,0.0488,5.50,-1.66222,0.150,0.663,0.000,0.3051,0.2083,TRACKING,R+C
1786998998.763,49.5,0.000,0.751,0.000,0.4005,0.0473,8.08,-1.48302,0.150,0.665,0.000,0.1941,0.1327,TRACKING,C_only
1786998998.790,49.5,0.000,0.744,0.363,0.4519,0.0438,9.81,-1.33975,0.150,0.667,0.000,0.0774,0.0532,TRACKING,R+C
1786998998.808,49.5,0.000,0.741,0.377,0.5174,0.0386,10.25,-1.35779,0.150,0.668,0.000,-0.0386,-0.0267,TRACKING,R+C
1786998998.823,49.5,0.000,0.739,0.607,0.6272,0.0326,10.86,-1.35374,0.150,0.670,0.000,-0.1742,-0.1163,TRACKING,R+C
1786998998.838,49.5,0.000,0.733,0.825,0.5622,0.0269,12.11,-1.26354,0.150,0.671,0.000,-0.3128,-0.2085,TRACKING,R+C
1786998998.850,49.5,0.000,0.752,0.836,0.5882,0.0177,12.26,-1.24643,0.150,0.673,0.000,-0.4654,-0.3086,TRACKING,R+C
1786998998.867,49.5,0.000,0.744,0.816,0.5912,0.0112,13.81,-1.14217,0.150,0.674,0.000,-0.6080,-0.4037,TRACKING,R+C
1786998998.882,49.5,0.000,0.742,0.833,0.6131,0.0032,15.25,-0.99380,0.150,0.675,0.000,-0.7432,-0.4933,TRACKING,R+C
1786998998.907,49.5,0.000,0.746,0.837,0.6257,-0.0068,15.02,-1.03267,0.150,0.677,0.000,-0.8556,-0.5692,TRACKING,R+C
1786998998.922,49.5,0.000,0.746,0.837,0.6257,-0.0055,12.02,-0.82614,0.150,0.678,0.000,-0.8556,-0.5798,TRACKING,prediction
1786998998.950,49.5,0.000,0.746,0.837,0.6257,-0.0044,9.62,-0.66091,0.150,0.679,0.000,-0.8556,-0.5808,TRACKING,prediction
1786998998.963,49.5,0.000,0.750,0.807,0.6557,-0.0354,16.55,-0.87688,0.150,0.680,0.000,-1.0000,-0.6621,TRACKING,R+C
1786998998.978,49.5,0.000,0.750,0.807,0.6557,-0.0283,13.24,-0.70150,0.150,0.681,0.000,-1.0000,-0.6733,TRACKING,prediction
1786998998.993,49.5,0.000,0.763,0.800,0.6750,-0.0549,16.81,-0.82726,0.150,0.682,0.000,-1.0000,-0.6759,TRACKING,R+C
1786998999.007,49.5,0.000,0.763,0.800,0.6750,-0.0439,13.45,-0.66181,0.150,0.683,0.000,-1.0000,-0.6755,TRACKING,prediction
1786998999.031,49.5,0.000,0.763,0.800,0.6750,-0.0351,10.76,-0.52945,0.150,0.684,0.000,-1.0000,-0.6750,TRACKING,prediction
1786998999.047,49.5,0.000,0.763,0.800,0.6750,-0.0281,8.61,-0.42356,0.150,0.685,0.000,-1.0000,-0.6744,TRACKING,prediction
1786998999.064,58.1,0.000,0.763,0.800,0.6750,-0.0225,6.89,-0.33885,0.150,0.685,0.000,-1.0000,-0.6738,TRACKING,prediction
1786998999.079,58.1,0.000,0.763,0.800,0.6750,-0.0180,5.51,-0.27108,0.150,0.686,0.000,-1.0000,-0.6733,TRACKING,prediction
1786998999.102,58.1,0.000,0.763,0.800,0.6750,-0.0144,4.41,-0.21686,0.150,0.687,0.000,-1.0000,-0.6728,TRACKING,prediction
1786998999.118,58.1,0.000,0.763,0.800,0.6750,-0.0115,3.53,-0.17349,0.150,0.687,0.000,-1.0000,-0.6724,TRACKING,prediction
1786998999.142,58.1,0.000,0.763,0.800,0.6750,-0.0092,2.82,-0.13879,0.150,0.688,0.000,-1.0000,-0.6719,TRACKING,prediction
1786998999.156,58.1,0.000,0.763,0.800,0.6750,-0.0074,2.26,-0.11103,0.150,0.688,0.000,-1.0000,-0.6715,TRACKING,prediction
1786998999.172,58.1,0.000,0.763,0.800,0.6750,-0.0059,1.81,-0.08883,0.150,0.678,0.000,-1.0000,-0.6714,TRACKING,prediction
1786998999.188,58.1,0.000,0.763,0.800,0.6750,-0.0047,1.44,-0.07106,0.150,0.661,0.000,-1.0000,-0.6770,TRACKING,prediction
1786998999.216,58.1,0.000,0.763,0.800,0.6750,-0.0038,1.16,-0.05685,0.150,0.640,0.000,-1.0000,-0.6873,TRACKING,prediction
1786998999.234,58.1,0.000,0.763,0.800,0.6750,-0.0030,0.92,-0.04548,0.150,0.617,0.000,-1.0000,-0.7007,TRACKING,prediction
1786998999.250,58.1,0.000,0.763,0.800,0.6750,-0.0024,0.74,-0.03638,0.150,0.579,0.000,-1.0000,-0.7160,UNCERTAIN,prediction
1786998999.264,58.1,0.000,0.763,0.800,0.6750,-0.0019,0.59,-0.02911,0.150,0.552,0.000,-1.0000,-0.7397,UNCERTAIN,prediction
1786998999.278,58.1,0.000,0.763,0.800,0.6750,-0.0015,0.47,-0.02329,0.150,0.531,0.000,-1.0000,-0.7580,UNCERTAIN,prediction
1786998999.292,58.1,0.000,0.763,0.800,0.6750,-0.0012,0.38,-0.01863,0.150,0.509,0.000,-1.0000,-0.7725,UNCERTAIN,prediction
1786998999.322,58.1,0.000,0.763,0.800,0.6750,-0.0010,0.30,-0.01490,0.150,0.487,0.000,-1.0000,-0.7870,UNCERTAIN,prediction
1786998999.335,58.1,0.000,0.763,0.800,0.6750,-0.0008,0.24,-0.01192,0.150,0.464,0.000,-1.0000,-0.8015,UNCERTAIN,prediction
1786998999.347,58.1,0.000,0.680,0.000,0.6750,0.1313,37.33,-0.44575,0.155,0.476,0.000,0.2023,-0.1958,TRACKING,C_only
1786998999.361,58.1,0.000,0.677,0.000,0.6750,0.1128,38.85,-0.24458,0.176,0.487,0.000,-0.1105,-0.1292,TRACKING,C_only
1786998999.390,58.1,0.000,0.673,0.000,0.6750,0.0929,39.25,-0.14265,0.186,0.498,0.000,-0.3176,-0.2564,TRACKING,C_only
1786998999.405,58.1,0.000,0.676,0.000,0.6750,0.0734,38.00,-0.22546,0.177,0.508,0.000,-0.5246,-0.4092,TRACKING,C_only
1786998999.417,58.1,0.000,0.679,0.000,0.6750,0.0585,37.18,-0.21059,0.179,0.518,0.000,-0.6283,-0.4956,TRACKING,C_only
1786998999.430,58.1,0.000,0.692,0.000,0.6750,0.0446,35.52,-0.29798,0.170,0.527,0.000,-0.7682,-0.5939,TRACKING,C_only
1786998999.446,58.1,0.000,0.708,0.000,0.6750,0.0344,34.58,-0.28599,0.171,0.536,0.000,-0.8158,-0.6346,TRACKING,C_only
1786998999.458,58.1,0.000,0.717,0.000,0.6750,0.0244,33.39,-0.29970,0.170,0.544,0.000,-0.8732,-0.6724,TRACKING,C_only
1786998999.481,58.1,0.000,0.726,0.000,0.6750,0.0153,32.92,-0.24096,0.176,0.552,0.000,-0.8801,-0.6785,TRACKING,C_only
1786998999.493,58.1,0.000,0.734,0.000,0.6750,0.0069,31.93,-0.22405,0.178,0.559,0.000,-0.9013,-0.6886,TRACKING,C_only
1786998999.507,58.1,0.000,0.741,0.000,0.6750,-0.0003,31.09,-0.20610,0.179,0.566,0.000,-0.9159,-0.6952,TRACKING,C_only
1786998999.524,58.1,0.000,0.752,0.000,0.6750,-0.0071,30.15,-0.18327,0.182,0.573,0.000,-0.9220,-0.6962,TRACKING,C_only
1786998999.536,58.1,0.000,0.761,0.000,0.6750,-0.0135,29.18,-0.17714,0.182,0.579,0.000,-0.9371,-0.7019,TRACKING,C_only
1786998999.547,58.1,0.000,0.764,0.000,0.6750,-0.0196,27.75,-0.23030,0.177,0.585,0.000,-0.9879,-0.7297,TRACKING,C_only
1786998999.563,58.1,0.000,0.769,0.000,0.6750,-0.0249,26.43,-0.28985,0.171,0.591,0.000,-1.0000,-0.7378,TRACKING,C_only
1786998999.580,58.1,0.000,0.777,0.000,0.6750,-0.0296,25.63,-0.27444,0.173,0.596,0.000,-1.0000,-0.7357,TRACKING,C_only
1786998999.592,58.1,0.000,0.779,0.000,0.6750,-0.0335,24.77,-0.27329,0.173,0.602,0.000,-1.0000,-0.7323,TRACKING,C_only
1786998999.604,58.1,0.000,0.785,0.000,0.6750,-0.0367,23.64,-0.31738,0.168,0.606,0.000,-1.0000,-0.7288,TRACKING,C_only
1786998999.621,58.1,0.000,0.792,0.000,0.6750,-0.0380,22.71,-0.33431,0.167,0.611,0.000,-1.0000,-0.7254,TRACKING,C_only
1786998999.650,58.1,0.000,0.793,0.000,0.6750,-0.0389,22.23,-0.29180,0.171,0.616,0.000,-1.0000,-0.7220,TRACKING,C_only
1786998999.661,58.1,0.000,0.794,0.000,0.6750,-0.0406,20.79,-0.37244,0.163,0.620,0.000,-1.0000,-0.7188,TRACKING,C_only
1786998999.672,58.1,0.000,0.800,0.000,0.6750,-0.0413,20.26,-0.35482,0.165,0.624,0.000,-1.0000,-0.7158,TRACKING,C_only
1786998999.686,58.1,0.000,0.800,0.000,0.6750,-0.0423,18.93,-0.43363,0.157,0.628,0.000,-1.0000,-0.7130,TRACKING,C_only
1786998999.702,58.1,0.000,0.805,0.000,0.6750,-0.0427,18.41,-0.42634,0.157,0.631,0.000,-1.0000,-0.7102,TRACKING,C_only
1786998999.714,58.1,0.000,0.807,0.000,0.6750,-0.0432,17.58,-0.44148,0.156,0.635,0.000,-1.0000,-0.7076,TRACKING,C_only
1786998999.725,58.1,0.000,0.807,0.000,0.6750,-0.0426,16.66,-0.48168,0.152,0.638,0.000,-1.0000,-0.7050,TRACKING,C_only
1786998999.738,58.1,0.000,0.807,0.000,0.6750,-0.0414,16.56,-0.43507,0.156,0.641,0.000,-1.0000,-0.7025,TRACKING,C_only
1786998999.749,58.1,0.000,0.808,0.000,0.6750,-0.0403,15.52,-0.49010,0.151,0.644,0.000,-1.0000,-0.7001,TRACKING,C_only
1786998999.764,58.1,0.000,0.810,0.000,0.6750,-0.0384,15.15,-0.46687,0.153,0.647,0.000,-1.0000,-0.6978,TRACKING,C_only
1786998999.778,58.1,0.000,0.811,0.000,0.6750,-0.0370,14.58,-0.47669,0.152,0.649,0.000,-1.0000,-0.6956,TRACKING,C_only
1786998999.790,58.1,0.000,0.817,0.000,0.6750,-0.0354,14.25,-0.45322,0.155,0.652,0.000,-1.0000,-0.6935,TRACKING,C_only
1786998999.803,58.1,0.000,0.815,0.000,0.6750,-0.0345,14.15,-0.41960,0.158,0.654,0.000,-0.9612,-0.6697,TRACKING,C_only
1786998999.814,58.1,0.000,0.814,0.000,0.6750,-0.0327,13.70,-0.41700,0.158,0.657,0.000,-0.9342,-0.6493,TRACKING,C_only
1786998999.826,58.1,0.000,0.814,0.000,0.6750,-0.0307,13.38,-0.39767,0.160,0.659,0.000,-0.8918,-0.6209,TRACKING,C_only
1786998999.849,58.1,0.000,0.816,0.000,0.6750,-0.0282,12.73,-0.42006,0.158,0.661,0.000,-0.8728,-0.6045,TRACKING,C_only
1786998999.862,58.1,0.000,0.817,0.000,0.6750,-0.0250,12.38,-0.41968,0.158,0.663,0.000,-0.8323,-0.5778,TRACKING,C_only
1786998999.873,58.1,0.000,0.817,0.000,0.6750,-0.0225,12.01,-0.42581,0.157,0.665,0.000,-0.8023,-0.5557,TRACKING,C_only
1786998999.896,58.1,0.000,0.816,0.000,0.6750,-0.0192,11.74,-0.42476,0.158,0.666,0.000,-0.7587,-0.5267,TRACKING,C_only
1786998999.919,58.1,0.000,0.816,0.000,0.6750,-0.0158,11.24,-0.44929,0.155,0.668,0.000,-0.7267,-0.5031,TRACKING,C_only
1786998999.931,58.1,0.000,0.816,0.000,0.6750,-0.0125,11.06,-0.43884,0.156,0.670,0.000,-0.6723,-0.4679,TRACKING,C_only
1786998999.945,58.1,0.000,0.819,0.000,0.6750,-0.0084,10.44,-0.47492,0.153,0.671,0.000,-0.6303,-0.4378,TRACKING,C_only
1786998999.959,58.1,0.000,0.817,0.000,0.6750,-0.0048,10.05,-0.49263,0.151,0.673,0.000,-0.5813,-0.4048,TRACKING,C_only
1786998999.974,58.1,0.000,0.818,0.000,0.6750,0.0009,9.91,-0.47548,0.152,0.674,0.000,-0.4817,-0.3427,TRACKING,C_only
1786998999.987,58.1,0.000,0.821,0.000,0.6750,0.0057,9.33,-0.51738,0.150,0.675,0.000,-0.4043,-0.2889,TRACKING,C_only
1786999000.006,58.1,0.611,0.821,0.000,0.4329,0.0112,8.87,-0.55834,0.150,0.677,0.000,-0.3016,-0.2221,TRACKING,L+C
1786999000.021,58.1,0.856,0.823,0.000,0.4066,0.0167,8.89,-0.53435,0.150,0.678,0.000,-0.2040,-0.1561,TRACKING,L+C
1786999000.037,58.1,0.856,0.823,0.000,0.4066,0.0134,7.11,-0.42748,0.150,0.679,0.000,-0.2040,-0.1462,TRACKING,prediction
1786999000.050,58.1,0.630,0.823,0.000,0.4537,0.0281,8.50,-0.55613,0.150,0.680,0.000,0.0113,-0.0213,TRACKING,L+C
1786999000.063,58.1,0.682,0.827,0.000,0.4429,0.0343,8.12,-0.57924,0.150,0.681,0.000,0.1339,0.0678,TRACKING,L+C
1786999000.085,63.7,0.891,0.824,0.000,0.4170,0.0420,8.18,-0.57089,0.150,0.682,0.000,0.2667,0.1576,TRACKING,L+C
1786999000.098,63.7,0.924,0.824,0.000,0.4741,0.0512,8.23,-0.54971,0.150,0.683,0.000,0.4190,0.2587,TRACKING,L+C
1786999000.112,63.7,0.933,0.822,0.000,0.4292,0.0600,8.02,-0.56595,0.150,0.684,0.000,0.5580,0.3534,TRACKING,L+C
1786999000.128,63.7,0.907,0.823,0.000,0.4813,0.0692,8.20,-0.54179,0.150,0.684,0.000,0.6817,0.4377,TRACKING,L+C
1786999000.143,63.7,0.929,0.823,0.000,0.4896,0.0789,8.48,-0.51101,0.150,0.685,0.000,0.7952,0.5145,TRACKING,L+C
1786999000.157,63.7,0.931,0.828,0.000,0.4984,0.0879,8.56,-0.49162,0.151,0.686,0.000,0.8858,0.5769,TRACKING,L+C
1786999000.170,63.7,0.926,0.829,0.000,0.5013,0.0970,8.26,-0.51298,0.150,0.687,0.000,0.9845,0.6415,TRACKING,L+C
1786999000.184,63.7,0.916,0.831,0.000,0.5014,0.1043,8.30,-0.49789,0.150,0.687,0.000,1.0000,0.6599,TRACKING,L+C
1786999000.199,63.7,0.923,0.831,0.000,0.5076,0.1107,8.18,-0.50952,0.150,0.688,0.000,1.0000,0.6627,TRACKING,L+C
1786999000.214,63.7,0.924,0.834,0.000,0.5112,0.1146,8.17,-0.51333,0.150,0.689,0.000,1.0000,0.6630,TRACKING,L+C
1786999000.231,63.7,0.918,0.840,0.000,0.5075,0.1159,8.65,-0.47804,0.152,0.689,0.000,1.0000,0.6627,TRACKING,L+C
1786999000.246,63.7,0.921,0.840,0.000,0.5054,0.1147,8.87,-0.48029,0.152,0.690,0.000,1.0000,0.6621,TRACKING,L+C
1786999000.262,63.7,0.906,0.839,0.000,0.5011,0.1123,8.92,-0.49964,0.150,0.690,0.000,1.0000,0.6615,TRACKING,L+C
1786999000.277,63.7,0.887,0.835,0.000,0.4992,0.1101,8.53,-0.57051,0.150,0.691,0.000,1.0000,0.6608,TRACKING,L+C
1786999000.301,63.7,0.903,0.840,0.000,0.4973,0.1091,9.04,-0.54140,0.150,0.691,0.000,1.0000,0.6603,TRACKING,L+C
1786999000.323,63.7,0.890,0.832,0.000,0.4975,0.1075,9.07,-0.55713,0.150,0.692,0.000,1.0000,0.6598,TRACKING,L+C
1786999000.338,63.7,0.900,0.831,0.000,0.4991,0.1066,9.50,-0.52280,0.150,0.692,0.000,1.0000,0.6594,TRACKING,L+C
1786999000.351,63.7,0.925,0.829,0.000,0.5013,0.1047,9.05,-0.58487,0.150,0.692,0.000,1.0000,0.6589,TRACKING,L+C
1786999000.365,63.7,0.911,0.835,0.000,0.4957,0.1036,9.41,-0.56071,0.150,0.693,0.000,1.0000,0.6585,TRACKING,L+C
1786999000.386,63.7,0.929,0.830,0.000,0.4967,0.1015,9.27,-0.59276,0.150,0.693,0.000,0.9928,0.6541,TRACKING,L+C
1786999000.400,63.7,0.939,0.831,0.000,0.4936,0.0993,9.36,-0.59354,0.150,0.694,0.000,0.9713,0.6411,TRACKING,L+C
1786999000.417,63.7,0.940,0.834,0.000,0.4900,0.0976,9.35,-0.61480,0.150,0.694,0.000,0.9535,0.6290,TRACKING,L+C
1786999000.430,63.7,0.939,0.828,0.000,0.4941,0.0963,9.01,-0.65175,0.150,0.694,0.000,0.9466,0.6231,TRACKING,L+C
1786999000.451,63.7,0.938,0.828,0.000,0.4998,0.0956,9.25,-0.63623,0.150,0.694,0.000,0.9351,0.6156,TRACKING,L+C
1786999000.468,63.7,0.935,0.827,0.000,0.4992,0.0950,9.79,-0.59219,0.150,0.695,0.000,0.9206,0.6063,TRACKING,L+C
1786999000.482,63.7,0.936,0.824,0.000,0.5018,0.0943,9.44,-0.62271,0.150,0.695,0.000,0.9195,0.6041,TRACKING,L+C
1786999000.512,63.7,0.938,0.823,0.000,0.5103,0.0935,9.37,-0.62973,0.150,0.695,0.000,0.9124,0.5997,TRACKING,L+C
1786999000.521,63.7,0.937,0.821,0.000,0.5118,0.0928,9.66,-0.60333,0.150,0.695,0.000,0.9006,0.5923,TRACKING,L+C
1786999000.537,63.7,0.943,0.821,0.000,0.5092,0.0913,9.73,-0.60018,0.150,0.696,0.000,0.8844,0.5820,TRACKING,L+C
1786999000.551,63.7,0.948,0.820,0.000,0.5298,0.0889,9.60,-0.61842,0.150,0.696,0.000,0.8606,0.5669,TRACKING,L+C
1786999000.572,63.7,0.947,0.816,0.000,0.5223,0.0868,9.65,-0.61290,0.150,0.696,0.000,0.8370,0.5513,TRACKING,L+C
1786999000.589,63.7,0.953,0.813,0.000,0.5205,0.0841,9.54,-0.63509,0.150,0.696,0.000,0.8082,0.5327,TRACKING,L+C
1786999000.616,63.7,0.954,0.812,0.000,0.5305,0.0822,10.10,-0.59219,0.150,0.696,0.000,0.7745,0.5109,TRACKING,L+C
1786999000.628,63.7,0.953,0.808,0.000,0.5220,0.0798,10.08,-0.59747,0.150,0.697,0.000,0.7452,0.4911,TRACKING,L+C
1786999000.649,63.7,0.365,0.809,0.000,0.5250,0.0780,10.40,-0.56973,0.150,0.697,0.000,0.7157,0.4716,TRACKING,L+C
1786999000.661,63.7,0.000,0.802,0.000,0.5250,0.0763,10.62,-0.54941,0.150,0.697,0.000,0.6898,0.4541,TRACKING,C_only
1786999000.673,63.7,0.000,0.803,0.000,0.5250,0.0740,11.01,-0.52052,0.150,0.697,0.000,0.6505,0.4292,TRACKING,C_only
1786999000.687,63.7,0.711,0.795,0.000,0.5025,0.0700,11.31,-0.50227,0.150,0.697,0.000,0.5866,0.3895,TRACKING,L+C
1786999000.714,63.7,0.000,0.800,0.000,0.5025,0.0659,11.36,-0.51381,0.150,0.697,0.000,0.5242,0.3481,TRACKING,C_only
1786999000.726,63.7,0.000,0.800,0.000,0.5025,0.0618,11.86,-0.47445,0.153,0.698,0.000,0.4332,0.2904,TRACKING,C_only
1786999000.737,63.7,0.000,0.795,0.000,0.5025,0.0570,12.08,-0.45848,0.154,0.698,0.000,0.3455,0.2321,TRACKING,C_only
1786999000.750,63.7,0.000,0.793,0.000,0.5025,0.0526,12.32,-0.44304,0.156,0.698,0.000,0.2632,0.1768,TRACKING,C_only
1786999000.760,63.7,0.000,0.793,0.000,0.5025,0.0480,12.15,-0.47293,0.153,0.698,0.000,0.2005,0.1327,TRACKING,C_only
1786999000.772,63.7,0.000,0.787,0.000,0.5025,0.0437,12.15,-0.48012,0.152,0.698,0.000,0.1266,0.0843,TRACKING,C_only
1786999000.792,63.7,0.000,0.790,0.000,0.5025,0.0387,12.45,-0.45256,0.155,0.698,0.000,0.0314,0.0232,TRACKING,C_only
1786999000.815,63.7,0.000,0.792,0.000,0.5025,0.0335,12.59,-0.44083,0.156,0.698,0.000,-0.0588,-0.0367,TRACKING,C_only
1786999000.829,63.7,0.000,0.790,0.000,0.5025,0.0276,11.98,-0.50544,0.150,0.698,0.000,-0.1509,-0.0972,TRACKING,C_only
1786999000.840,63.7,0.000,0.789,0.000,0.5025,0.0236,12.90,-0.40069,0.160,0.698,0.000,-0.2149,-0.1419,TRACKING,C_only
1786999000.861,63.7,0.000,0.790,0.000,0.5025,0.0174,11.96,-0.49456,0.151,0.698,0.000,-0.3205,-0.2073,TRACKING,C_only
1786999000.877,63.7,0.000,0.789,0.000,0.5025,0.0118,10.84,-0.61145,0.150,0.699,0.000,-0.3862,-0.2538,TRACKING,C_only
1786999000.892,63.7,0.000,0.794,0.000,0.5025,0.0085,11.50,-0.54146,0.150,0.699,0.000,-0.4548,-0.2986,TRACKING,C_only
1786999000.919,63.7,0.000,0.792,0.000,0.5025,0.0043,11.12,-0.57297,0.150,0.699,0.000,-0.5077,-0.3346,TRACKING,C_only
1786999000.939,63.7,0.000,0.796,0.000,0.5025,0.0015,11.11,-0.56932,0.150,0.699,0.000,-0.5487,-0.3627,TRACKING,C_only
1786999000.953,63.7,0.000,0.795,0.000,0.5025,-0.0023,10.48,-0.63313,0.150,0.699,0.000,-0.5889,-0.3892,TRACKING,C_only
1786999000.968,63.7,0.000,0.800,0.000,0.5025,-0.0052,10.90,-0.58927,0.150,0.699,0.000,-0.6387,-0.4206,TRACKING,C_only
1786999000.983,63.7,0.000,0.799,0.000,0.5025,-0.0087,10.97,-0.58220,0.150,0.699,0.000,-0.6861,-0.4514,TRACKING,C_only
1786999000.994,63.7,0.000,0.800,0.000,0.5025,-0.0124,10.69,-0.61601,0.150,0.699,0.000,-0.7276,-0.4789,TRACKING,C_only
1786999001.007,63.7,0.000,0.800,0.000,0.5025,-0.0160,10.33,-0.65062,0.150,0.699,0.000,-0.7653,-0.5038,TRACKING,C_only
1786999001.020,63.7,0.000,0.802,0.000,0.5025,-0.0189,10.88,-0.59183,0.150,0.699,0.000,-0.8078,-0.5308,TRACKING,C_only
1786999001.043,63.7,0.000,0.802,0.000,0.5025,-0.0227,10.59,-0.61505,0.150,0.699,0.000,-0.8442,-0.5549,TRACKING,C_only
1786999001.056,63.7,0.000,0.805,0.000,0.5025,-0.0260,10.50,-0.63131,0.150,0.699,0.000,-0.8791,-0.5776,TRACKING,C_only
1786999001.068,63.7,0.000,0.788,0.000,0.5025,-0.0305,8.55,-0.84081,0.150,0.699,0.000,-0.8943,-0.5896,TRACKING,C_only
1786999001.082,63.7,0.000,0.805,0.000,0.5025,-0.0312,10.45,-0.64093,0.150,0.699,0.000,-0.9306,-0.6110,TRACKING,C_only
1786999001.099,62.2,0.000,0.807,0.000,0.5025,-0.0342,9.90,-0.70261,0.150,0.699,0.000,-0.9511,-0.6255,TRACKING,C_only
1786999001.111,62.2,0.000,0.807,0.000,0.5025,-0.0366,10.02,-0.69399,0.150,0.699,0.000,-0.9747,-0.6406,TRACKING,C_only
1786999001.126,62.2,0.000,0.809,0.000,0.5025,-0.0390,10.04,-0.68427,0.150,0.699,0.000,-0.9960,-0.6545,TRACKING,C_only
1786999001.140,62.2,0.000,0.808,0.000,0.5025,-0.0405,10.11,-0.66946,0.150,0.699,0.000,-1.0000,-0.6588,TRACKING,C_only
1786999001.153,62.2,0.000,0.806,0.000,0.5025,-0.0425,10.18,-0.64693,0.150,0.699,0.000,-1.0000,-0.6595,TRACKING,C_only
1786999001.164,62.2,0.000,0.806,0.000,0.5025,-0.0444,10.22,-0.64262,0.150,0.699,0.000,-1.0000,-0.6597,TRACKING,C_only
1786999001.179,62.2,0.000,0.806,0.000,0.5025,-0.0466,9.85,-0.67565,0.150,0.699,0.000,-1.0000,-0.6598,TRACKING,C_only
1786999001.194,62.2,0.000,0.807,0.000,0.5025,-0.0480,9.95,-0.66937,0.150,0.700,0.000,-1.0000,-0.6600,TRACKING,C_only
1786999001.208,62.2,0.000,0.807,0.000,0.5025,-0.0491,10.15,-0.64265,0.150,0.700,0.000,-1.0000,-0.6600,TRACKING,C_only
1786999001.222,62.2,0.000,0.806,0.000,0.5025,-0.0508,9.81,-0.67748,0.150,0.700,0.000,-1.0000,-0.6601,TRACKING,C_only
1786999001.237,62.2,0.000,0.802,0.000,0.5025,-0.0524,9.15,-0.74619,0.150,0.700,0.000,-1.0000,-0.6602,TRACKING,C_only
1786999001.249,62.2,0.000,0.804,0.000,0.5025,-0.0532,9.38,-0.72024,0.150,0.700,0.000,-1.0000,-0.6603,TRACKING,C_only
1786999001.261,62.2,0.000,0.804,0.000,0.5025,-0.0536,9.64,-0.69681,0.150,0.700,0.000,-1.0000,-0.6603,TRACKING,C_only
1786999001.273,62.2,0.000,0.806,0.000,0.5025,-0.0540,9.68,-0.69086,0.150,0.700,0.000,-1.0000,-0.6603,TRACKING,C_only
1786999001.284,62.2,0.000,0.805,0.000,0.5025,-0.0543,9.85,-0.67073,0.150,0.700,0.000,-1.0000,-0.6603,TRACKING,C_only
1786999001.306,62.2,0.000,0.807,0.000,0.5025,-0.0542,9.98,-0.65561,0.150,0.700,0.000,-1.0000,-0.6603,TRACKING,C_only
1786999001.317,62.2,0.000,0.808,0.000,0.5025,-0.0545,10.19,-0.63612,0.150,0.700,0.000,-1.0000,-0.6603,TRACKING,C_only
1786999001.334,62.2,0.000,0.810,0.000,0.5025,-0.0549,10.17,-0.63229,0.150,0.700,0.000,-1.0000,-0.6603,TRACKING,C_only
1786999001.346,62.2,0.000,0.810,0.000,0.5025,-0.0549,10.13,-0.63634,0.150,0.700,0.000,-1.0000,-0.6603,TRACKING,C_only
1786999001.361,62.2,0.000,0.810,0.000,0.5025,-0.0549,10.13,-0.63650,0.150,0.700,0.000,-1.0000,-0.6603,TRACKING,C_only
1786999001.382,62.2,0.000,0.810,0.000,0.5025,-0.0549,10.12,-0.63796,0.150,0.700,0.000,-1.0000,-0.6603,TRACKING,C_only
1786999001.396,62.2,0.000,0.810,0.000,0.5025,-0.0549,10.12,-0.63812,0.150,0.700,0.000,-1.0000,-0.6603,TRACKING,C_only
1786999001.425,62.2,0.000,0.804,0.000,0.5025,-0.0552,9.56,-0.70385,0.150,0.700,0.000,-1.0000,-0.6603,TRACKING,C_only
1786999001.439,62.2,0.000,0.805,0.000,0.5025,-0.0552,9.54,-0.70589,0.150,0.700,0.000,-1.0000,-0.6603,TRACKING,C_only
1786999001.459,62.2,0.000,0.800,0.000,0.5025,-0.0551,9.30,-0.72778,0.150,0.700,0.000,-1.0000,-0.6603,TRACKING,C_only
1786999001.472,62.2,0.000,0.805,0.000,0.5025,-0.0540,9.52,-0.70307,0.150,0.700,0.000,-1.0000,-0.6602,TRACKING,C_only
1786999001.487,62.2,0.000,0.804,0.000,0.5025,-0.0545,9.59,-0.69462,0.150,0.700,0.000,-1.0000,-0.6602,TRACKING,C_only
1786999001.502,62.2,0.000,0.804,0.000,0.5025,-0.0528,9.64,-0.69750,0.150,0.700,0.000,-1.0000,-0.6601,TRACKING,C_only
1786999001.523,62.2,0.000,0.801,0.000,0.5025,-0.0511,9.30,-0.73535,0.150,0.700,0.000,-1.0000,-0.6600,TRACKING,C_only
1786999001.536,62.2,0.000,0.802,0.000,0.5025,-0.0495,9.39,-0.73335,0.150,0.700,0.000,-1.0000,-0.6598,TRACKING,C_only
1786999001.547,62.2,0.000,0.798,0.000,0.5025,-0.0472,9.24,-0.75131,0.150,0.700,0.000,-1.0000,-0.6597,TRACKING,C_only
1786999001.560,62.2,0.000,0.800,0.000,0.5025,-0.0451,9.45,-0.73219,0.150,0.700,0.000,-1.0000,-0.6595,TRACKING,C_only
1786999001.572,62.2,0.000,0.803,0.000,0.5025,-0.0432,9.60,-0.71582,0.150,0.700,0.000,-1.0000,-0.6593,TRACKING,C_only
1786999001.586,62.2,0.000,0.800,0.000,0.5025,-0.0412,9.45,-0.74082,0.150,0.700,0.000,-1.0000,-0.6592,TRACKING,C_only
1786999001.605,62.2,0.000,0.809,0.000,0.5025,-0.0382,10.33,-0.65617,0.150,0.700,0.000,-0.9929,-0.6552,TRACKING,C_only
1786999001.621,62.2,0.000,0.806,0.000,0.5025,-0.0354,10.51,-0.63756,0.150,0.700,0.000,-0.9705,-0.6423,TRACKING,C_only
1786999001.637,62.2,0.000,0.803,0.000,0.5025,-0.0323,10.32,-0.65814,0.150,0.700,0.000,-0.9395,-0.6234,TRACKING,C_only
1786999001.656,62.2,0.000,0.803,0.000,0.5025,-0.0292,10.23,-0.66704,0.150,0.700,0.000,-0.9080,-0.6033,TRACKING,C_only
1786999001.669,62.2,0.000,0.802,0.000,0.5025,-0.0260,10.24,-0.66525,0.150,0.700,0.000,-0.8752,-0.5823,TRACKING,C_only
1786999001.685,62.2,0.000,0.796,0.000,0.5025,-0.0230,9.65,-0.72678,0.150,0.700,0.000,-0.8341,-0.5567,TRACKING,C_only
1786999001.698,62.2,0.000,0.797,0.000,0.5025,-0.0194,9.95,-0.69496,0.150,0.700,0.000,-0.7978,-0.5329,TRACKING,C_only
