timestamp,fps,left_conf,center_conf,right_conf,lane_width_m,lateral_error_m,heading_error_deg,curvature,lookahead_m,target_speed,actual_speed,steer_raw,steer_filtered,tracking_state,reconstruction_method
1787000225.833,0.0,0.875,0.775,0.631,0.4956,-0.0044,7.81,-0.00505,0.199,0.193,0.000,-0.3039,-0.2714,TRACKING,L+C+R_fused
1787000225.886,0.0,0.876,0.776,0.629,0.4915,-0.0045,7.74,-0.01079,0.199,0.206,0.000,-0.3053,-0.3072,TRACKING,L+C+R_fused
1787000225.903,0.0,0.874,0.777,0.632,0.4950,-0.0044,7.80,-0.00793,0.199,0.219,0.000,-0.3049,-0.3105,TRACKING,L+C+R_fused
1787000225.922,0.0,0.870,0.778,0.632,0.4952,-0.0045,7.67,-0.01689,0.198,0.230,0.000,-0.3064,-0.3104,TRACKING,L+C+R_fused
1787000225.940,0.0,0.866,0.778,0.632,0.4922,-0.0045,7.74,-0.01250,0.199,0.241,0.000,-0.3058,-0.3082,TRACKING,L+C+R_fused
1787000225.957,0.0,0.866,0.778,0.632,0.4924,-0.0045,7.72,-0.01330,0.199,0.252,0.000,-0.3058,-0.3061,TRACKING,L+C+R_fused
1787000225.976,0.0,0.868,0.777,0.632,0.4910,-0.0045,7.73,-0.01313,0.199,0.261,0.000,-0.3057,-0.3042,TRACKING,L+C+R_fused
1787000225.993,0.0,0.868,0.779,0.632,0.4911,-0.0045,7.73,-0.01294,0.199,0.271,0.000,-0.3059,-0.3026,TRACKING,L+C+R_fused
1787000226.011,0.0,0.868,0.778,0.629,0.4897,-0.0045,7.74,-0.01251,0.199,0.280,0.000,-0.3058,-0.3008,TRACKING,L+C+R_fused
1787000226.034,0.0,0.864,0.778,0.631,0.4909,-0.0045,7.74,-0.01197,0.199,0.288,0.000,-0.3058,-0.2992,TRACKING,L+C+R_fused
1787000226.053,0.0,0.865,0.779,0.631,0.4924,-0.0045,7.73,-0.01214,0.199,0.296,0.000,-0.3056,-0.2975,TRACKING,L+C+R_fused
1787000226.072,0.0,0.865,0.778,0.631,0.4914,-0.0045,7.74,-0.01161,0.199,0.304,0.000,-0.3056,-0.2960,TRACKING,L+C+R_fused
1787000226.089,0.0,0.873,0.778,0.629,0.4857,-0.0046,7.67,-0.01923,0.198,0.311,0.000,-0.3076,-0.2963,TRACKING,L+C+R_fused
1787000226.109,0.0,0.873,0.778,0.628,0.4880,-0.0045,7.71,-0.01672,0.198,0.318,0.000,-0.3071,-0.2948,TRACKING,L+C+R_fused
1787000226.130,0.0,0.870,0.778,0.628,0.4868,-0.0045,7.71,-0.01584,0.198,0.325,0.000,-0.3069,-0.2934,TRACKING,L+C+R_fused
1787000226.149,0.0,0.869,0.779,0.631,0.4859,-0.0045,7.72,-0.01504,0.198,0.331,0.000,-0.3070,-0.2922,TRACKING,L+C+R_fused
1787000226.169,0.0,0.866,0.778,0.631,0.4878,-0.0045,7.70,-0.01751,0.198,0.337,0.000,-0.3070,-0.2911,TRACKING,L+C+R_fused
1787000226.192,0.0,0.866,0.778,0.631,0.4878,-0.0045,7.71,-0.01670,0.198,0.343,0.000,-0.3067,-0.2898,TRACKING,L+C+R_fused
1787000226.210,0.0,0.869,0.778,0.631,0.4877,-0.0045,7.72,-0.01590,0.198,0.348,0.000,-0.3068,-0.2888,TRACKING,L+C+R_fused
1787000226.229,0.0,0.869,0.778,0.631,0.4877,-0.0045,7.72,-0.01599,0.198,0.353,0.000,-0.3068,-0.2878,TRACKING,L+C+R_fused
1787000226.250,0.0,0.865,0.778,0.631,0.4912,-0.0045,7.70,-0.01678,0.198,0.358,0.000,-0.3071,-0.2872,TRACKING,L+C+R_fused
1787000226.269,0.0,0.865,0.778,0.631,0.4914,-0.0046,7.71,-0.01529,0.198,0.363,0.000,-0.3072,-0.2864,TRACKING,L+C+R_fused
1787000226.287,0.0,0.865,0.779,0.629,0.4942,-0.0046,7.74,-0.01330,0.199,0.367,0.000,-0.3069,-0.2854,TRACKING,L+C+R_fused
1787000226.303,0.0,0.865,0.779,0.629,0.4942,-0.0046,7.71,-0.01484,0.199,0.371,0.000,-0.3071,-0.2847,TRACKING,L+C+R_fused
1787000226.333,0.0,0.868,0.779,0.631,0.4875,-0.0046,7.71,-0.01362,0.199,0.375,0.000,-0.3060,-0.2831,TRACKING,L+C+R_fused
1787000226.351,0.0,0.868,0.780,0.631,0.4873,-0.0046,7.71,-0.01364,0.199,0.379,0.000,-0.3060,-0.2823,TRACKING,L+C+R_fused
1787000226.381,0.0,0.868,0.778,0.631,0.4874,-0.0046,7.68,-0.01526,0.198,0.382,0.000,-0.3064,-0.2819,TRACKING,L+C+R_fused
1787000226.400,0.0,0.868,0.778,0.631,0.4874,-0.0046,7.69,-0.01434,0.199,0.386,0.000,-0.3060,-0.2810,TRACKING,L+C+R_fused
1787000226.418,0.0,0.868,0.778,0.631,0.4875,-0.0046,7.72,-0.01270,0.199,0.389,0.000,-0.3059,-0.2803,TRACKING,L+C+R_fused
1787000226.446,0.0,0.868,0.779,0.633,0.4904,-0.0046,7.71,-0.01369,0.199,0.392,0.000,-0.3060,-0.2798,TRACKING,L+C+R_fused
1787000226.477,0.0,0.864,0.778,0.633,0.4925,-0.0045,7.71,-0.01365,0.199,0.395,0.000,-0.3058,-0.2791,TRACKING,L+C+R_fused
1787000226.507,0.0,0.866,0.780,0.632,0.4908,-0.0047,7.65,-0.01662,0.198,0.398,0.000,-0.3071,-0.2794,TRACKING,L+C+R_fused
1787000226.523,0.0,0.865,0.779,0.632,0.4894,-0.0047,7.65,-0.01720,0.198,0.400,0.000,-0.3074,-0.2793,TRACKING,L+C+R_fused
1787000226.542,33.8,0.864,0.778,0.632,0.4892,-0.0046,7.69,-0.01519,0.198,0.403,0.000,-0.3065,-0.2782,TRACKING,L+C+R_fused
1787000226.574,33.8,0.867,0.778,0.632,0.4881,-0.0045,7.67,-0.01878,0.198,0.405,0.000,-0.3063,-0.2776,TRACKING,L+C+R_fused
1787000226.594,33.8,0.863,0.775,0.632,0.4933,-0.0038,7.72,-0.01024,0.199,0.407,0.000,-0.2975,-0.2704,TRACKING,L+C+R_fused
1787000226.616,33.8,0.869,0.778,0.630,0.4925,-0.0039,7.61,-0.01963,0.198,0.410,0.000,-0.2993,-0.2704,TRACKING,L+C+R_fused
1787000226.638,33.8,0.873,0.777,0.635,0.4940,-0.0039,7.56,-0.02336,0.198,0.412,0.000,-0.2997,-0.2704,TRACKING,L+C+R_fused
1787000226.656,33.8,0.878,0.776,0.635,0.4903,-0.0040,7.55,-0.02347,0.198,0.413,0.000,-0.3000,-0.2703,TRACKING,L+C+R_fused
1787000226.673,33.8,0.878,0.778,0.635,0.4896,-0.0039,7.60,-0.01996,0.198,0.415,0.000,-0.2995,-0.2696,TRACKING,L+C+R_fused
1787000226.689,33.8,0.878,0.777,0.635,0.4897,-0.0039,7.60,-0.02082,0.198,0.417,0.000,-0.2995,-0.2693,TRACKING,L+C+R_fused
1787000226.706,33.8,0.878,0.778,0.635,0.4897,-0.0039,7.60,-0.02045,0.198,0.419,0.000,-0.2995,-0.2689,TRACKING,L+C+R_fused
1787000226.724,33.8,0.878,0.777,0.633,0.4873,-0.0039,7.63,-0.01918,0.198,0.420,0.000,-0.2996,-0.2687,TRACKING,L+C+R_fused
1787000226.744,33.8,0.878,0.778,0.633,0.4872,-0.0039,7.59,-0.02139,0.198,0.422,0.000,-0.3000,-0.2688,TRACKING,L+C+R_fused
1787000226.759,33.8,0.878,0.779,0.633,0.4872,-0.0042,7.52,-0.02437,0.198,0.423,0.000,-0.3018,-0.2698,TRACKING,L+C+R_fused
1787000226.779,33.8,0.878,0.779,0.633,0.4894,-0.0042,7.63,-0.01500,0.199,0.424,0.000,-0.3010,-0.2692,TRACKING,L+C+R_fused
1787000226.803,33.8,0.875,0.779,0.632,0.4934,-0.0045,7.67,-0.01221,0.199,0.426,0.000,-0.3032,-0.2707,TRACKING,L+C+R_fused
1787000226.820,33.8,0.867,0.779,0.629,0.4910,-0.0048,7.73,-0.00399,0.200,0.427,0.000,-0.3041,-0.2713,TRACKING,L+C+R_fused
1787000226.852,33.8,0.859,0.776,0.628,0.4820,-0.0048,7.74,0.00091,0.200,0.428,0.000,-0.3029,-0.2703,TRACKING,L+C+R_fused
1787000226.882,33.8,0.860,0.779,0.630,0.4926,-0.0057,7.66,-0.00229,0.200,0.429,0.000,-0.3097,-0.2751,TRACKING,L+C+R_fused
1787000226.909,33.8,0.858,0.777,0.628,0.4944,-0.0061,7.68,0.00216,0.200,0.430,0.000,-0.3131,-0.2782,TRACKING,L+C+R_fused
1787000226.926,33.8,0.862,0.778,0.636,0.5015,-0.0070,7.67,0.00719,0.199,0.431,0.000,-0.3226,-0.2855,TRACKING,L+C+R_fused
1787000226.942,33.8,0.853,0.778,0.633,0.5036,-0.0078,7.74,0.01693,0.198,0.432,0.000,-0.3332,-0.2941,TRACKING,L+C+R_fused
1787000226.959,33.8,0.846,0.780,0.628,0.5055,-0.0095,7.66,0.02557,0.197,0.433,0.000,-0.3488,-0.3067,TRACKING,L+C+R_fused
1787000226.984,33.8,0.851,0.780,0.635,0.5102,-0.0110,7.69,0.03877,0.196,0.434,0.000,-0.3660,-0.3211,TRACKING,L+C+R_fused
1787000227.015,33.8,0.843,0.778,0.637,0.5140,-0.0127,7.52,0.02303,0.198,0.435,0.000,-0.3733,-0.3287,TRACKING,L+C+R_fused
1787000227.033,33.8,0.852,0.776,0.635,0.5229,-0.0141,7.50,0.03118,0.197,0.435,0.000,-0.3875,-0.3399,TRACKING,L+C+R_fused
1787000227.049,33.8,0.851,0.779,0.633,0.5190,-0.0161,7.25,0.02142,0.198,0.436,0.000,-0.3964,-0.3482,TRACKING,L+C+R_fused
1787000227.067,33.8,0.854,0.782,0.631,0.5292,-0.0184,7.11,0.02499,0.198,0.437,0.000,-0.4132,-0.3616,TRACKING,L+C+R_fused
1787000227.095,33.8,0.853,0.779,0.626,0.5324,-0.0199,7.16,0.03882,0.196,0.438,0.000,-0.4325,-0.3775,TRACKING,L+C+R_fused
1787000227.112,33.8,0.858,0.781,0.625,0.5336,-0.0216,7.14,0.03982,0.196,0.438,0.000,-0.4476,-0.3908,TRACKING,L+C+R_fused
1787000227.128,33.8,0.857,0.783,0.622,0.5371,-0.0228,6.94,0.03496,0.197,0.439,0.000,-0.4508,-0.3950,TRACKING,L+C+R_fused
1787000227.158,33.8,0.849,0.780,0.620,0.5377,-0.0235,6.73,0.03678,0.196,0.439,0.000,-0.4507,-0.3954,TRACKING,L+C+R_fused
1787000227.174,33.8,0.848,0.781,0.621,0.5447,-0.0231,6.47,0.02875,0.197,0.440,0.000,-0.4376,-0.3857,TRACKING,L+C+R_fused
1787000227.190,33.8,0.857,0.779,0.620,0.5401,-0.0213,6.17,0.02220,0.198,0.440,0.000,-0.4103,-0.3641,TRACKING,L+C+R_fused
1787000227.205,33.8,0.857,0.777,0.629,0.5344,-0.0184,5.81,0.01100,0.199,0.441,0.000,-0.3703,-0.3314,TRACKING,L+C+R_fused
1787000227.235,33.8,0.849,0.774,0.627,0.5377,-0.0156,5.63,0.01116,0.199,0.441,0.000,-0.3380,-0.3026,TRACKING,L+C+R_fused
1787000227.250,33.8,0.835,0.783,0.633,0.5332,-0.0149,5.10,-0.01373,0.199,0.442,0.000,-0.3203,-0.2851,TRACKING,L+C+R_fused
1787000227.281,33.8,0.835,0.777,0.630,0.5351,-0.0156,4.95,-0.00720,0.199,0.442,0.000,-0.3192,-0.2817,TRACKING,L+C+R_fused
1787000227.299,33.8,0.840,0.777,0.626,0.5363,-0.0168,4.74,-0.01625,0.198,0.443,0.000,-0.3274,-0.2872,TRACKING,L+C+R_fused
1787000227.326,33.8,0.838,0.777,0.635,0.5346,-0.0180,4.74,-0.01029,0.199,0.443,0.000,-0.3364,-0.2945,TRACKING,L+C+R_fused
1787000227.343,33.8,0.844,0.781,0.630,0.5438,-0.0194,4.48,-0.02395,0.198,0.443,0.000,-0.3479,-0.3040,TRACKING,L+C+R_fused
1787000227.360,33.8,0.836,0.780,0.622,0.5364,-0.0209,4.02,-0.05483,0.195,0.444,0.000,-0.3635,-0.3166,TRACKING,L+C+R_fused
1787000227.376,33.8,0.847,0.772,0.624,0.5332,-0.0227,3.84,-0.05824,0.194,0.444,0.000,-0.3774,-0.3286,TRACKING,L+C+R_fused
1787000227.405,33.8,0.847,0.772,0.623,0.5373,-0.0249,3.46,-0.08163,0.192,0.444,0.000,-0.3986,-0.3458,TRACKING,L+C+R_fused
1787000227.435,33.8,0.864,0.770,0.628,0.5337,-0.0288,2.37,-0.16014,0.184,0.445,0.000,-0.4485,-0.3843,TRACKING,L+C+R_fused
1787000227.467,33.8,0.860,0.765,0.618,0.5363,-0.0313,2.19,-0.17317,0.183,0.445,0.000,-0.4768,-0.4106,TRACKING,L+C+R_fused
1787000227.497,33.8,0.868,0.758,0.617,0.5329,-0.0341,1.96,-0.19480,0.181,0.445,0.000,-0.5128,-0.4405,TRACKING,L+C+R_fused
1787000227.528,33.8,0.872,0.755,0.617,0.5392,-0.0376,0.64,-0.30149,0.170,0.445,0.000,-0.5823,-0.4945,TRACKING,L+C+R_fused
1787000227.543,45.9,0.867,0.740,0.617,0.5430,-0.0409,-0.43,-0.40072,0.160,0.446,0.000,-0.6286,-0.5358,TRACKING,L+C+R_fused
1787000227.561,45.9,0.880,0.734,0.617,0.5391,-0.0434,-1.31,-0.46311,0.154,0.446,0.000,-0.6832,-0.5808,TRACKING,L+C+R_fused
1787000227.576,45.9,0.882,0.728,0.619,0.5384,-0.0442,-2.88,-0.57164,0.150,0.446,0.000,-0.6841,-0.5879,TRACKING,L+C+R_fused
1787000227.593,45.9,0.886,0.712,0.618,0.5291,-0.0421,-3.63,-0.64841,0.150,0.446,0.000,-0.6429,-0.5593,TRACKING,L+C+R_fused
1787000227.623,45.9,0.887,0.707,0.618,0.5257,-0.0398,-4.22,-0.70216,0.150,0.446,0.000,-0.5983,-0.5229,TRACKING,L+C+R_fused
1787000227.654,45.9,0.901,0.697,0.620,0.5219,-0.0382,-5.28,-0.80051,0.150,0.447,0.000,-0.5535,-0.4853,TRACKING,L+C+R_fused
1787000227.684,45.9,0.906,0.699,0.621,0.5137,-0.0390,-6.55,-0.91213,0.150,0.447,0.000,-0.5347,-0.4663,TRACKING,L+C+R_fused
1787000227.700,45.9,0.903,0.698,0.620,0.5168,-0.0403,-7.50,-0.98943,0.150,0.447,0.000,-0.5317,-0.4614,TRACKING,L+C+R_fused
1787000227.725,45.9,0.910,0.692,0.619,0.5115,-0.0415,-8.49,-1.08403,0.150,0.447,0.000,-0.5291,-0.4589,TRACKING,L+C+R_fused
1787000227.757,45.9,0.919,0.689,0.620,0.5113,-0.0425,-8.93,-1.14824,0.150,0.447,0.000,-0.5375,-0.4648,TRACKING,L+C+R_fused
1787000227.772,45.9,0.920,0.686,0.619,0.5097,-0.0447,-9.82,-1.25306,0.150,0.447,0.000,-0.5538,-0.4777,TRACKING,L+C+R_fused
1787000227.789,45.9,0.918,0.688,0.622,0.5138,-0.0457,-10.42,-1.32369,0.150,0.447,0.000,-0.5574,-0.4823,TRACKING,L+C+R_fused
1787000227.805,45.9,0.911,0.689,0.623,0.5172,-0.0449,-11.05,-1.41527,0.150,0.448,0.000,-0.5388,-0.4699,TRACKING,L+C+R_fused
1787000227.821,45.9,0.921,0.692,0.619,0.5155,-0.0443,-12.70,-1.53518,0.150,0.448,0.000,-0.4897,-0.4328,TRACKING,L+C+R_fused
1787000227.849,45.9,0.918,0.693,0.621,0.4994,-0.0397,-12.07,-1.55804,0.150,0.448,0.000,-0.4461,-0.3961,TRACKING,L+C+R_fused
1787000227.880,45.9,0.945,0.699,0.624,0.4874,-0.0388,-12.43,-1.62337,0.150,0.448,0.000,-0.4290,-0.3786,TRACKING,L+C+R_fused
1787000227.897,45.9,0.623,0.707,0.627,0.4901,-0.0388,-12.24,-1.65132,0.150,0.448,0.000,-0.4420,-0.3856,TRACKING,L+C+R_fused
1787000227.926,45.9,0.000,0.716,0.633,0.5072,-0.0386,-11.93,-1.69481,0.150,0.448,0.000,-0.4574,-0.3979,TRACKING,R+C
1787000227.942,45.9,0.000,0.718,0.627,0.5041,-0.0373,-11.75,-1.73849,0.150,0.448,0.000,-0.4506,-0.3951,TRACKING,R+C
1787000227.971,45.9,0.000,0.725,0.629,0.5022,-0.0340,-11.95,-1.81146,0.150,0.448,0.000,-0.4053,-0.3624,TRACKING,R+C
1787000227.987,45.9,0.000,0.712,0.635,0.5062,-0.0239,-9.95,-1.78178,0.150,0.448,0.000,-0.3132,-0.2914,TRACKING,R+C
1787000228.004,45.9,0.000,0.717,0.637,0.5007,-0.0146,-9.07,-1.78720,0.150,0.448,0.000,-0.1914,-0.1930,TRACKING,R+C
1787000228.020,45.9,0.000,0.716,0.632,0.4832,-0.0065,-8.18,-1.78988,0.150,0.449,0.000,-0.0879,-0.1036,TRACKING,R+C
1787000228.033,45.9,0.000,0.722,0.503,0.4721,-0.0015,-7.27,-1.78777,0.150,0.449,0.000,-0.0379,-0.0543,TRACKING,R+C
1787000228.049,45.9,0.000,0.722,0.574,0.4831,-0.0012,-6.57,-1.82004,0.150,0.449,0.000,-0.0678,-0.0694,TRACKING,R+C
1787000228.064,45.9,0.000,0.723,0.514,0.4849,-0.0012,-5.89,-1.85850,0.150,0.449,0.000,-0.1039,-0.0984,TRACKING,R+C
1787000228.081,45.9,0.000,0.723,0.649,0.5014,0.0025,-3.96,-1.80940,0.150,0.449,0.000,-0.1141,-0.1103,TRACKING,R+C
1787000228.107,45.9,0.000,0.724,0.641,0.4922,0.0079,-2.48,-1.77087,0.150,0.449,0.000,-0.0764,-0.0850,TRACKING,R+C
1787000228.124,45.9,0.000,0.719,0.642,0.4878,0.0132,-1.54,-1.76001,0.150,0.449,0.000,-0.0219,-0.0420,TRACKING,R+C
1787000228.141,45.9,0.000,0.726,0.685,0.5604,0.0172,-0.54,-1.72938,0.150,0.449,0.000,0.0107,-0.0121,TRACKING,R+C
1787000228.170,45.9,0.000,0.720,0.671,0.5665,0.0179,0.14,-1.70785,0.150,0.449,0.000,-0.0019,-0.0171,TRACKING,R+C
1787000228.187,45.9,0.000,0.714,0.651,0.4940,0.0164,0.96,-1.70999,0.150,0.449,0.000,-0.0663,-0.0651,TRACKING,R+C
1787000228.201,45.9,0.000,0.720,0.652,0.5055,0.0148,2.58,-1.63483,0.150,0.449,0.000,-0.1541,-0.1359,TRACKING,R+C
1787000228.220,45.9,0.000,0.720,0.652,0.5055,0.0118,2.07,-1.30787,0.150,0.449,0.000,-0.1541,-0.1463,TRACKING,prediction
1787000228.248,45.9,0.000,0.719,0.733,0.5300,0.0082,4.47,-1.59309,0.150,0.449,0.000,-0.3423,-0.2840,TRACKING,R+C
1787000228.266,45.9,0.000,0.718,0.811,0.5443,0.0036,5.11,-1.57433,0.150,0.449,0.000,-0.4399,-0.3742,TRACKING,R+C
1787000228.283,45.9,0.000,0.718,0.811,0.5443,0.0029,4.09,-1.25946,0.150,0.449,0.000,-0.4399,-0.3875,TRACKING,prediction
1787000228.313,45.9,0.000,0.718,0.811,0.5443,0.0023,3.27,-1.00757,0.150,0.449,0.000,-0.4399,-0.3894,TRACKING,prediction
1787000228.330,45.9,0.000,0.718,0.811,0.5443,0.0018,2.61,-0.80606,0.150,0.449,0.000,-0.4399,-0.3897,TRACKING,prediction
1787000228.361,45.9,0.000,0.718,0.811,0.5443,0.0015,2.09,-0.64484,0.150,0.449,0.000,-0.4399,-0.3898,TRACKING,prediction
1787000228.391,45.9,0.000,0.718,0.811,0.5443,0.0012,1.67,-0.51588,0.150,0.449,0.000,-0.4399,-0.3898,TRACKING,prediction
1787000228.423,45.9,0.000,0.718,0.811,0.5443,0.0009,1.34,-0.41270,0.150,0.449,0.000,-0.4399,-0.3898,TRACKING,prediction
1787000228.438,45.9,0.000,0.718,0.811,0.5443,0.0007,1.07,-0.33016,0.150,0.449,0.000,-0.4399,-0.3898,TRACKING,prediction
1787000228.466,45.9,0.000,0.718,0.811,0.5443,0.0006,0.86,-0.26413,0.150,0.450,0.000,-0.4399,-0.3898,TRACKING,prediction
1787000228.495,45.9,0.000,0.758,0.787,0.6181,-0.0343,11.27,-1.21062,0.150,0.450,0.000,-1.0000,-0.7865,TRACKING,R+C
1787000228.512,45.9,0.000,0.758,0.787,0.6181,-0.0274,9.02,-0.96850,0.150,0.450,0.000,-1.0000,-0.8444,TRACKING,prediction
1787000228.528,45.9,0.000,0.758,0.787,0.6181,-0.0219,7.21,-0.77480,0.150,0.450,0.000,-1.0000,-0.8531,TRACKING,prediction
1787000228.542,45.9,0.000,0.758,0.787,0.6181,-0.0176,5.77,-0.61984,0.150,0.450,0.000,-1.0000,-0.8543,TRACKING,prediction
1787000228.574,46.6,0.000,0.758,0.787,0.6181,-0.0140,4.62,-0.49587,0.150,0.450,0.000,-1.0000,-0.8545,TRACKING,prediction
1787000228.590,46.6,0.000,0.758,0.787,0.6181,-0.0112,3.69,-0.39670,0.150,0.450,0.000,-1.0000,-0.8545,TRACKING,prediction
1787000228.606,46.6,0.000,0.758,0.787,0.6181,-0.0090,2.95,-0.31736,0.150,0.450,0.000,-1.0000,-0.8545,TRACKING,prediction
1787000228.628,46.6,0.000,0.758,0.787,0.6181,-0.0072,2.36,-0.25389,0.150,0.450,0.000,-1.0000,-0.8545,TRACKING,prediction
1787000228.659,46.6,0.000,0.758,0.787,0.6181,-0.0058,1.89,-0.20311,0.150,0.450,0.000,-1.0000,-0.8545,TRACKING,prediction
1787000228.684,46.6,0.000,0.782,0.769,0.6347,-0.0568,11.98,-1.00490,0.150,0.450,0.000,-1.0000,-0.8554,TRACKING,R+C
1787000228.700,46.6,0.000,0.782,0.769,0.6347,-0.0454,9.58,-0.80392,0.150,0.450,0.000,-1.0000,-0.8554,TRACKING,prediction
1787000228.732,46.6,0.000,0.782,0.769,0.6347,-0.0363,7.67,-0.64314,0.150,0.450,0.000,-1.0000,-0.8554,TRACKING,prediction
1787000228.748,46.6,0.000,0.782,0.769,0.6347,-0.0291,6.13,-0.51451,0.150,0.450,0.000,-1.0000,-0.8554,TRACKING,prediction
1787000228.779,46.6,0.000,0.782,0.769,0.6347,-0.0232,4.91,-0.41161,0.150,0.450,0.000,-1.0000,-0.8554,TRACKING,prediction
1787000228.801,46.6,0.000,0.782,0.769,0.6347,-0.0186,3.93,-0.32929,0.150,0.450,0.000,-1.0000,-0.8554,TRACKING,prediction
1787000228.817,46.6,0.000,0.782,0.769,0.6347,-0.0149,3.14,-0.26343,0.150,0.450,0.000,-1.0000,-0.8554,TRACKING,prediction
1787000228.842,46.6,0.000,0.782,0.769,0.6347,-0.0119,2.51,-0.21074,0.150,0.450,0.000,-1.0000,-0.8554,TRACKING,prediction
1787000228.872,46.6,0.000,0.789,0.775,0.6144,-0.0593,10.32,-0.97981,0.150,0.450,0.000,-1.0000,-0.8550,TRACKING,R+C
1787000228.894,46.6,0.000,0.789,0.775,0.6144,-0.0474,8.26,-0.78385,0.150,0.450,0.000,-1.0000,-0.8550,TRACKING,prediction
1787000228.914,46.6,0.000,0.789,0.775,0.6144,-0.0379,6.61,-0.62708,0.150,0.450,0.000,-1.0000,-0.8550,TRACKING,prediction
1787000228.930,46.6,0.000,0.789,0.775,0.6144,-0.0303,5.29,-0.50166,0.150,0.450,0.000,-1.0000,-0.8550,TRACKING,prediction
1787000228.950,46.6,0.000,0.789,0.775,0.6144,-0.0243,4.23,-0.40133,0.150,0.450,0.000,-1.0000,-0.8550,TRACKING,prediction
1787000228.968,46.6,0.000,0.789,0.775,0.6144,-0.0194,3.38,-0.32106,0.150,0.450,0.000,-1.0000,-0.8550,TRACKING,prediction
1787000228.990,46.6,0.000,0.789,0.775,0.6144,-0.0155,2.71,-0.25685,0.150,0.450,0.000,-1.0000,-0.8550,TRACKING,prediction
1787000229.005,46.6,0.000,0.789,0.775,0.6144,-0.0124,2.16,-0.20548,0.150,0.450,0.000,-1.0000,-0.8550,TRACKING,prediction
1787000229.022,46.6,0.000,0.789,0.775,0.6144,-0.0099,1.73,-0.16438,0.150,0.450,0.000,-1.0000,-0.8550,TRACKING,prediction
1787000229.038,46.6,0.000,0.789,0.775,0.6144,-0.0080,1.39,-0.13151,0.150,0.448,0.000,-1.0000,-0.8550,TRACKING,prediction
1787000229.065,46.6,0.000,0.789,0.775,0.6144,-0.0064,1.11,-0.10521,0.150,0.440,0.000,-1.0000,-0.8559,TRACKING,prediction
1787000229.096,46.6,0.000,0.789,0.775,0.6144,-0.0051,0.89,-0.08416,0.150,0.428,0.000,-1.0000,-0.8597,TRACKING,prediction
1787000229.128,46.6,0.000,0.789,0.775,0.6144,-0.0041,0.71,-0.06733,0.150,0.414,0.000,-1.0000,-0.8657,TRACKING,prediction
1787000229.158,46.6,0.000,0.789,0.775,0.6144,-0.0033,0.57,-0.05387,0.150,0.398,0.000,-1.0000,-0.8733,TRACKING,prediction
1787000229.189,46.6,0.000,0.789,0.775,0.6144,-0.0026,0.45,-0.04309,0.150,0.373,0.000,-1.0000,-0.8816,UNCERTAIN,prediction
1787000229.220,46.6,0.000,0.789,0.775,0.6144,-0.0021,0.36,-0.03447,0.150,0.356,0.000,-1.0000,-0.8944,UNCERTAIN,prediction
1787000229.236,46.6,0.000,0.789,0.775,0.6144,-0.0017,0.29,-0.02758,0.150,0.342,0.000,-1.0000,-0.9042,UNCERTAIN,prediction
1787000229.253,46.6,0.000,0.789,0.775,0.6144,-0.0013,0.23,-0.02206,0.150,0.328,0.000,-1.0000,-0.9120,UNCERTAIN,prediction
1787000229.282,46.6,0.000,0.789,0.775,0.6144,-0.0011,0.19,-0.01765,0.150,0.313,0.000,-1.0000,-0.9197,UNCERTAIN,prediction
1787000229.313,46.6,0.000,0.789,0.775,0.6144,-0.0009,0.15,-0.01412,0.150,0.299,0.000,-1.0000,-0.9275,UNCERTAIN,prediction
1787000229.329,46.6,0.000,0.789,0.775,0.6144,-0.0007,0.12,-0.01130,0.150,0.285,0.000,-1.0000,-0.9352,UNCERTAIN,prediction
1787000229.344,46.6,0.000,0.789,0.775,0.6144,-0.0005,0.10,-0.00904,0.150,0.271,0.000,-1.0000,-0.9427,UNCERTAIN,prediction
1787000229.375,46.6,0.000,0.789,0.775,0.6144,-0.0004,0.08,-0.00723,0.150,0.258,0.000,-1.0000,-0.9500,UNCERTAIN,prediction
1787000229.390,46.6,0.000,0.789,0.775,0.6144,-0.0003,0.06,-0.00578,0.150,0.246,0.000,-1.0000,-0.9571,UNCERTAIN,prediction
1787000229.405,46.6,0.000,0.864,0.762,0.5732,-0.0957,7.58,-0.51863,0.150,0.256,0.000,-1.0000,-0.9639,TRACKING,R+C
1787000229.421,46.6,0.000,0.864,0.762,0.5732,-0.0765,6.07,-0.41491,0.150,0.266,0.000,-1.0000,-0.9603,TRACKING,prediction
1787000229.451,46.6,0.000,0.859,0.771,0.5640,-0.0883,7.13,-0.48747,0.151,0.275,0.000,-1.0000,-0.9551,TRACKING,R+C
1787000229.467,46.6,0.000,0.854,0.776,0.5570,-0.0849,6.22,-0.54997,0.150,0.284,0.000,-1.0000,-0.9501,TRACKING,R+C
1787000229.483,46.6,0.000,0.854,0.776,0.5570,-0.0679,4.98,-0.43998,0.150,0.292,0.000,-1.0000,-0.9454,TRACKING,prediction
1787000229.500,46.6,0.000,0.854,0.776,0.5570,-0.0543,3.98,-0.35198,0.150,0.300,0.000,-1.0000,-0.9408,TRACKING,prediction
1787000229.516,46.6,0.000,0.854,0.776,0.5570,-0.0435,3.19,-0.28158,0.150,0.307,0.000,-1.0000,-0.9365,TRACKING,prediction
1787000229.546,46.6,0.000,0.854,0.776,0.5570,-0.0348,2.55,-0.22527,0.150,0.314,0.000,-1.0000,-0.9325,TRACKING,prediction
1787000229.577,44.8,0.000,0.854,0.776,0.5570,-0.0278,2.04,-0.18021,0.150,0.321,0.000,-1.0000,-0.9286,TRACKING,prediction
1787000229.609,44.8,0.000,0.854,0.776,0.5570,-0.0223,1.63,-0.14417,0.150,0.328,0.000,-1.0000,-0.9249,TRACKING,prediction
1787000229.641,44.8,0.000,0.854,0.776,0.5570,-0.0178,1.31,-0.11534,0.150,0.334,0.000,-1.0000,-0.9214,TRACKING,prediction
1787000229.673,44.8,0.000,0.854,0.776,0.5570,-0.0142,1.04,-0.09227,0.150,0.340,0.000,-1.0000,-0.9180,TRACKING,prediction
1787000229.701,44.8,0.000,0.820,0.782,0.5180,-0.0321,4.10,-0.58285,0.150,0.345,0.000,-0.7554,-0.7287,TRACKING,R+C
1787000229.720,44.8,0.000,0.820,0.782,0.5180,-0.0257,3.28,-0.46628,0.150,0.350,0.000,-0.7554,-0.6986,TRACKING,prediction
1787000229.736,44.8,0.000,0.820,0.782,0.5180,-0.0206,2.62,-0.37303,0.150,0.355,0.000,-0.7554,-0.6922,TRACKING,prediction
1787000229.752,44.8,0.000,0.820,0.782,0.5180,-0.0165,2.10,-0.29842,0.150,0.360,0.000,-0.7554,-0.6895,TRACKING,prediction
1787000229.767,44.8,0.377,0.827,0.803,0.4685,-0.0046,3.61,-0.61165,0.150,0.365,0.000,-0.3477,-0.3776,TRACKING,L+C+R_fused
1787000229.783,44.8,0.377,0.827,0.803,0.4685,-0.0037,2.89,-0.48932,0.150,0.369,0.000,-0.3477,-0.3306,TRACKING,prediction
1787000229.810,44.8,0.000,0.827,0.791,0.4903,0.0017,3.08,-0.66512,0.150,0.373,0.000,-0.2287,-0.2320,TRACKING,R+C
1787000229.825,44.8,0.000,0.823,0.805,0.4956,0.0017,3.40,-0.64922,0.150,0.377,0.000,-0.2395,-0.2253,TRACKING,R+C
1787000229.841,44.8,0.000,0.819,0.798,0.4995,-0.0005,3.81,-0.62981,0.150,0.380,0.000,-0.2912,-0.2632,TRACKING,R+C
1787000229.857,44.8,0.000,0.820,0.805,0.5037,-0.0035,4.39,-0.58953,0.150,0.384,0.000,-0.3579,-0.3187,TRACKING,R+C
1787000229.870,44.8,0.000,0.821,0.795,0.5078,-0.0063,4.24,-0.62987,0.150,0.387,0.000,-0.4046,-0.3617,TRACKING,R+C
1787000229.887,44.8,0.000,0.823,0.788,0.5153,-0.0086,4.63,-0.60358,0.150,0.390,0.000,-0.4525,-0.4033,TRACKING,R+C
1787000229.903,44.8,0.000,0.828,0.791,0.5182,-0.0096,4.90,-0.58713,0.150,0.393,0.000,-0.4757,-0.4262,TRACKING,R+C
1787000229.918,44.8,0.000,0.829,0.788,0.5221,-0.0095,5.06,-0.58402,0.150,0.396,0.000,-0.4790,-0.4314,TRACKING,R+C
1787000229.934,44.8,0.000,0.828,0.779,0.5229,-0.0080,5.22,-0.57330,0.150,0.399,0.000,-0.4615,-0.4184,TRACKING,R+C
1787000229.949,44.8,0.000,0.832,0.793,0.5238,-0.0075,5.35,-0.56752,0.150,0.401,0.000,-0.4572,-0.4127,TRACKING,R+C
1787000229.965,44.8,0.000,0.825,0.794,0.5232,-0.0117,3.96,-0.68938,0.150,0.404,0.000,-0.4876,-0.4341,TRACKING,R+C
1787000229.981,44.8,0.000,0.817,0.793,0.5266,-0.0138,4.75,-0.65029,0.150,0.406,0.000,-0.5417,-0.4768,TRACKING,R+C
1787000229.996,44.8,0.000,0.821,0.796,0.5265,-0.0176,5.00,-0.64148,0.150,0.408,0.000,-0.6040,-0.5284,TRACKING,R+C
1787000230.013,44.8,0.722,0.828,0.795,0.4484,-0.0197,5.22,-0.64047,0.150,0.410,0.000,-0.6410,-0.5627,TRACKING,L+C+R_fused
1787000230.028,44.8,0.765,0.830,0.802,0.4672,-0.0196,5.75,-0.59816,0.150,0.412,0.000,-0.6522,-0.5753,TRACKING,L+C+R_fused
1787000230.058,44.8,0.765,0.830,0.802,0.4672,-0.0157,4.60,-0.47853,0.150,0.414,0.000,-0.6522,-0.5766,TRACKING,prediction
1787000230.090,44.8,0.636,0.826,0.802,0.4436,-0.0136,5.47,-0.64246,0.150,0.416,0.000,-0.5647,-0.5122,TRACKING,L+C+R_fused
1787000230.106,44.8,0.636,0.826,0.802,0.4436,-0.0109,4.38,-0.51397,0.150,0.418,0.000,-0.5647,-0.5021,TRACKING,prediction
1787000230.123,44.8,0.636,0.826,0.802,0.4436,-0.0087,3.50,-0.41117,0.150,0.419,0.000,-0.5647,-0.5002,TRACKING,prediction
1787000230.138,44.8,0.636,0.826,0.802,0.4436,-0.0069,2.80,-0.32894,0.150,0.421,0.000,-0.5647,-0.4994,TRACKING,prediction
1787000230.151,44.8,0.000,0.825,0.809,0.5027,-0.0069,5.04,-0.74792,0.150,0.422,0.000,-0.4658,-0.4269,TRACKING,R+C
1787000230.168,44.8,0.371,0.823,0.822,0.4747,-0.0024,5.37,-0.72418,0.150,0.424,0.000,-0.4031,-0.3699,TRACKING,L+C+R_fused
1787000230.194,44.8,0.377,0.807,0.818,0.4625,0.0025,4.23,-0.87191,0.150,0.425,0.000,-0.3015,-0.2870,TRACKING,L+C+R_fused
1787000230.211,44.8,0.368,0.808,0.824,0.4848,0.0093,4.30,-0.85294,0.150,0.426,0.000,-0.1851,-0.1887,TRACKING,L+C+R_fused
1787000230.241,44.8,0.941,0.813,0.829,0.4848,0.0151,3.58,-0.90685,0.150,0.427,0.000,-0.0606,-0.0821,TRACKING,L+C+R_fused
1787000230.257,44.8,0.892,0.804,0.830,0.4834,0.0244,4.44,-0.85512,0.150,0.429,0.000,0.0762,0.0357,TRACKING,L+C+R_fused
1787000230.287,44.8,0.946,0.803,0.828,0.4824,0.0321,4.42,-0.85781,0.150,0.430,0.000,0.2114,0.1545,TRACKING,L+C+R_fused
1787000230.304,44.8,0.939,0.806,0.839,0.4818,0.0401,4.51,-0.85457,0.150,0.431,0.000,0.3434,0.2708,TRACKING,L+C+R_fused
1787000230.334,44.8,0.931,0.814,0.851,0.4809,0.0472,4.75,-0.84120,0.150,0.432,0.000,0.4495,0.3673,TRACKING,L+C+R_fused
1787000230.348,44.8,0.931,0.811,0.862,0.4809,0.0517,4.59,-0.86504,0.150,0.433,0.000,0.5208,0.4347,TRACKING,L+C+R_fused
1787000230.366,44.8,0.933,0.815,0.870,0.4825,0.0548,4.75,-0.85834,0.150,0.433,0.000,0.5607,0.4742,TRACKING,L+C+R_fused
1787000230.395,44.8,0.923,0.816,0.870,0.4859,0.0567,5.04,-0.84405,0.150,0.434,0.000,0.5798,0.4939,TRACKING,L+C+R_fused
1787000230.412,44.8,0.912,0.805,0.861,0.4870,0.0605,4.99,-0.87145,0.150,0.435,0.000,0.6302,0.5337,TRACKING,L+C+R_fused
1787000230.429,44.8,0.912,0.798,0.866,0.4862,0.0676,5.36,-0.86003,0.150,0.436,0.000,0.7123,0.5998,TRACKING,L+C+R_fused
1787000230.459,44.8,0.907,0.790,0.868,0.4849,0.0742,4.90,-0.92455,0.150,0.437,0.000,0.7978,0.6719,TRACKING,L+C+R_fused
1787000230.490,44.8,0.907,0.801,0.875,0.4836,0.0810,5.90,-0.83268,0.150,0.437,0.000,0.8547,0.7240,TRACKING,L+C+R_fused
1787000230.506,44.8,0.917,0.797,0.863,0.4670,0.0835,5.47,-0.90686,0.150,0.438,0.000,0.8853,0.7536,TRACKING,L+C+R_fused
1787000230.537,44.8,0.910,0.797,0.884,0.4601,0.0843,5.96,-0.88579,0.150,0.438,0.000,0.8828,0.7559,TRACKING,L+C+R_fused
1787000230.569,44.8,0.906,0.782,0.880,0.4815,0.0807,5.56,-0.95740,0.150,0.439,0.000,0.8471,0.7299,TRACKING,L+C+R_fused
1787000230.599,48.0,0.878,0.784,0.861,0.4892,0.0766,5.57,-0.98422,0.150,0.440,0.000,0.7980,0.6898,TRACKING,L+C+R_fused
1787000230.617,48.0,0.891,0.780,0.843,0.4911,0.0752,6.32,-0.97597,0.150,0.440,0.000,0.7598,0.6556,TRACKING,L+C+R_fused
1787000230.646,48.0,0.887,0.778,0.848,0.4973,0.0724,6.96,-0.95394,0.150,0.441,0.000,0.7086,0.6127,TRACKING,L+C+R_fused
1787000230.662,48.0,0.887,0.771,0.852,0.5031,0.0687,6.64,-1.03698,0.150,0.441,0.000,0.6589,0.5694,TRACKING,L+C+R_fused
1787000230.678,48.0,0.916,0.776,0.847,0.5038,0.0663,7.26,-1.00647,0.150,0.442,0.000,0.6096,0.5259,TRACKING,L+C+R_fused
1787000230.700,48.0,0.925,0.770,0.836,0.4995,0.0633,7.35,-1.03471,0.150,0.442,0.000,0.5592,0.4814,TRACKING,L+C+R_fused
1787000230.715,48.0,0.766,0.766,0.840,0.4941,0.0595,7.48,-1.06198,0.150,0.442,0.000,0.4939,0.4256,TRACKING,L+C+R_fused
1787000230.729,48.0,0.000,0.769,0.836,0.4744,0.0555,7.05,-1.13480,0.150,0.443,0.000,0.4369,0.3745,TRACKING,R+C
1787000230.745,48.0,0.000,0.762,0.840,0.4888,0.0531,7.93,-1.11144,0.150,0.443,0.000,0.3659,0.3137,TRACKING,R+C
1787000230.774,48.0,0.000,0.762,0.835,0.4888,0.0497,8.09,-1.12729,0.150,0.443,0.000,0.3002,0.2557,TRACKING,R+C
1787000230.792,48.0,0.000,0.761,0.834,0.4897,0.0473,8.27,-1.14109,0.150,0.444,0.000,0.2483,0.2083,TRACKING,R+C
1787000230.808,48.0,0.000,0.762,0.828,0.4866,0.0461,8.14,-1.20412,0.150,0.444,0.000,0.2213,0.1808,TRACKING,R+C
1787000230.845,48.0,0.000,0.759,0.832,0.4921,0.0471,7.74,-1.27208,0.150,0.444,0.000,0.2457,0.1945,TRACKING,R+C
1787000230.869,48.0,0.000,0.755,0.824,0.4925,0.0491,6.81,-1.38809,0.150,0.445,0.000,0.3001,0.2365,TRACKING,R+C
1787000230.885,48.0,0.000,0.755,0.813,0.4898,0.0547,8.14,-1.30264,0.150,0.445,0.000,0.3495,0.2793,TRACKING,R+C
1787000230.901,48.0,0.000,0.755,0.814,0.4897,0.0568,8.15,-1.32678,0.150,0.445,0.000,0.3787,0.3070,TRACKING,R+C
1787000230.927,48.0,0.000,0.755,0.814,0.4897,0.0454,6.52,-1.06142,0.150,0.445,0.000,0.3787,0.3110,TRACKING,prediction
1787000230.956,48.0,0.000,0.738,0.810,0.5023,0.0508,7.90,-1.44009,0.150,0.446,0.000,0.2709,0.2306,TRACKING,R+C
1787000230.970,48.0,0.000,0.735,0.828,0.5157,0.0464,8.76,-1.39294,0.150,0.446,0.000,0.1639,0.1394,TRACKING,R+C
1787000230.987,48.0,0.000,0.735,0.828,0.5157,0.0371,7.01,-1.11435,0.150,0.446,0.000,0.1639,0.1261,TRACKING,prediction
1787000231.018,48.0,0.000,0.735,0.828,0.5157,0.0297,5.61,-0.89148,0.150,0.446,0.000,0.1639,0.1240,TRACKING,prediction
1787000231.050,48.0,0.000,0.735,0.828,0.5157,0.0238,4.49,-0.71319,0.150,0.446,0.000,0.1639,0.1237,TRACKING,prediction
1787000231.079,48.0,0.000,0.738,0.789,0.5533,0.0284,10.42,-1.36976,0.150,0.447,0.000,-0.2292,-0.1652,TRACKING,R+C
1787000231.102,48.0,0.000,0.730,0.790,0.5587,0.0270,9.64,-1.51966,0.150,0.447,0.000,-0.2449,-0.2188,TRACKING,R+C
1787000231.120,48.0,0.000,0.730,0.790,0.5587,0.0216,7.71,-1.21573,0.150,0.447,0.000,-0.2449,-0.2267,TRACKING,prediction
1787000231.150,48.0,0.000,0.730,0.790,0.5587,0.0172,6.17,-0.97258,0.150,0.447,0.000,-0.2449,-0.2278,TRACKING,prediction
1787000231.183,48.0,0.000,0.732,0.780,0.5694,0.0210,10.89,-1.48516,0.150,0.447,0.000,-0.3945,-0.3357,TRACKING,R+C
1787000231.200,48.0,0.000,0.722,0.778,0.5771,0.0162,11.19,-1.55562,0.150,0.447,0.000,-0.4952,-0.4239,TRACKING,R+C
1787000231.227,48.0,0.000,0.730,0.785,0.5864,0.0113,11.49,-1.58462,0.150,0.448,0.000,-0.5828,-0.4993,TRACKING,R+C
1787000231.244,48.0,0.000,0.733,0.783,0.5918,0.0092,11.90,-1.58380,0.150,0.448,0.000,-0.6279,-0.5424,TRACKING,R+C
1787000231.260,48.0,0.000,0.738,0.793,0.5871,0.0101,12.82,-1.51357,0.150,0.448,0.000,-0.6411,-0.5580,TRACKING,R+C
1787000231.274,48.0,0.000,0.737,0.785,0.5900,0.0108,12.34,-1.58570,0.150,0.448,0.000,-0.6240,-0.5484,TRACKING,R+C
1787000231.304,48.0,0.000,0.733,0.781,0.5913,0.0126,12.68,-1.60331,0.150,0.448,0.000,-0.6150,-0.5408,TRACKING,R+C
1787000231.321,48.0,0.000,0.727,0.790,0.5984,0.0128,12.09,-1.73847,0.150,0.448,0.000,-0.6104,-0.5368,TRACKING,R+C
1787000231.335,48.0,0.000,0.724,0.794,0.6072,0.0098,12.84,-1.67460,0.150,0.448,0.000,-0.6698,-0.5780,TRACKING,R+C
1787000231.351,48.0,0.000,0.721,0.788,0.6175,0.0053,13.59,-1.61610,0.150,0.448,0.000,-0.7459,-0.6376,TRACKING,R+C
1787000231.369,48.0,0.000,0.724,0.791,0.6267,0.0003,13.84,-1.62115,0.150,0.448,0.000,-0.8132,-0.6936,TRACKING,R+C
1787000231.382,48.0,0.000,0.734,0.791,0.6352,-0.0043,12.95,-1.75799,0.150,0.448,0.000,-0.8528,-0.7297,TRACKING,R+C
1787000231.396,48.0,0.000,0.728,0.798,0.6368,-0.0020,15.16,-1.54009,0.150,0.449,0.000,-0.8704,-0.7472,TRACKING,R+C
1787000231.412,48.0,0.000,0.732,0.801,0.6343,0.0000,16.89,-1.33679,0.150,0.449,0.000,-0.8781,-0.7550,TRACKING,R+C
1787000231.429,48.0,0.000,0.733,0.802,0.6367,0.0029,18.20,-1.17405,0.150,0.449,0.000,-0.8690,-0.7496,TRACKING,R+C
1787000231.460,48.0,0.000,0.733,0.802,0.6367,0.0023,14.56,-0.93924,0.150,0.449,0.000,-0.8690,-0.7488,TRACKING,prediction
1787000231.493,48.0,0.000,0.733,0.802,0.6367,0.0019,11.65,-0.75139,0.150,0.449,0.000,-0.8690,-0.7486,TRACKING,prediction
1787000231.509,48.0,0.000,0.733,0.802,0.6367,0.0015,9.32,-0.60111,0.150,0.449,0.000,-0.8690,-0.7486,TRACKING,prediction
1787000231.539,48.0,0.000,0.733,0.802,0.6367,0.0012,7.46,-0.48089,0.150,0.449,0.000,-0.8690,-0.7485,TRACKING,prediction
1787000231.552,48.0,0.000,0.742,0.793,0.6344,0.0087,25.90,-0.20827,0.179,0.449,0.000,-0.7118,-0.6389,TRACKING,R+C
1787000231.569,48.0,0.000,0.744,0.789,0.6388,0.0085,26.41,-0.11041,0.189,0.449,0.000,-0.8464,-0.7155,TRACKING,R+C
1787000231.584,48.0,0.000,0.744,0.789,0.6451,0.0075,26.79,-0.02595,0.197,0.449,0.000,-0.7967,-0.6924,TRACKING,R+C
1787000231.602,47.9,0.000,0.744,0.789,0.6451,0.0060,21.43,-0.02076,0.197,0.449,0.000,-0.7967,-0.6889,TRACKING,prediction
1787000231.632,47.9,0.000,0.744,0.789,0.6451,0.0048,17.15,-0.01661,0.197,0.449,0.000,-0.7967,-0.6884,TRACKING,prediction
1787000231.649,47.9,0.000,0.744,0.789,0.6451,0.0038,13.72,-0.01329,0.197,0.449,0.000,-0.7967,-0.6883,TRACKING,prediction
1787000231.678,47.9,0.000,0.744,0.789,0.6451,0.0031,10.97,-0.01063,0.197,0.449,0.000,-0.7967,-0.6882,TRACKING,prediction
1787000231.710,47.9,0.000,0.744,0.789,0.6451,0.0024,8.78,-0.00850,0.197,0.449,0.000,-0.7967,-0.6882,TRACKING,prediction
1787000231.727,47.9,0.000,0.744,0.789,0.6451,0.0020,7.02,-0.00680,0.197,0.449,0.000,-0.7967,-0.6882,TRACKING,prediction
1787000231.758,47.9,0.000,0.744,0.789,0.6451,0.0016,5.62,-0.00544,0.197,0.449,0.000,-0.7967,-0.6882,TRACKING,prediction
1787000231.789,47.9,0.000,0.744,0.789,0.6451,0.0013,4.50,-0.00435,0.197,0.449,0.000,-0.7967,-0.6882,TRACKING,prediction
1787000231.821,47.9,0.000,0.744,0.789,0.6451,0.0010,3.60,-0.00348,0.197,0.445,0.000,-0.7967,-0.6881,TRACKING,prediction
1787000231.852,47.9,0.000,0.744,0.789,0.6451,0.0008,2.88,-0.00279,0.197,0.435,0.000,-0.7967,-0.6898,TRACKING,prediction
1787000231.882,47.9,0.000,0.744,0.789,0.6451,0.0006,2.30,-0.00223,0.197,0.422,0.000,-0.7967,-0.6937,TRACKING,prediction
1787000231.898,47.9,0.000,0.744,0.789,0.6451,0.0005,1.84,-0.00178,0.197,0.408,0.000,-0.7967,-0.6991,TRACKING,prediction
1787000231.929,47.9,0.000,0.744,0.789,0.6451,0.0004,1.47,-0.00143,0.197,0.380,0.000,-0.7967,-0.7056,UNCERTAIN,prediction
1787000231.958,47.9,0.000,0.795,0.770,0.6492,-0.0895,14.10,-0.01623,0.198,0.383,0.000,-1.0000,-0.8658,TRACKING,R+C
1787000231.970,47.9,0.000,0.802,0.766,0.6443,-0.0925,13.05,-0.02917,0.197,0.387,0.000,-1.0000,-0.8875,TRACKING,R+C
1787000231.987,47.9,0.000,0.782,0.763,0.6401,-0.0966,11.52,-0.11948,0.188,0.390,0.000,-1.0000,-0.8893,TRACKING,R+C
1787000232.012,47.9,0.000,0.782,0.763,0.6401,-0.0772,9.21,-0.09559,0.188,0.393,0.000,-1.0000,-0.8881,TRACKING,prediction
1787000232.028,47.9,0.000,0.782,0.763,0.6401,-0.0618,7.37,-0.07647,0.188,0.396,0.000,-1.0000,-0.8865,TRACKING,prediction
1787000232.051,47.9,0.000,0.795,0.774,0.6241,-0.1044,9.79,-0.09796,0.190,0.398,0.000,-1.0000,-0.8850,TRACKING,R+C
1787000232.074,47.9,0.000,0.795,0.774,0.6241,-0.0835,7.83,-0.07836,0.190,0.401,0.000,-1.0000,-0.8835,TRACKING,prediction
1787000232.089,47.9,0.000,0.795,0.774,0.6241,-0.0668,6.27,-0.06269,0.190,0.403,0.000,-1.0000,-0.8821,TRACKING,prediction
1787000232.111,47.9,0.000,0.779,0.781,0.5973,-0.0961,6.51,-0.21358,0.179,0.406,0.000,-1.0000,-0.8800,TRACKING,R+C
1787000232.131,47.9,0.000,0.778,0.787,0.5909,-0.0914,6.18,-0.18687,0.181,0.408,0.000,-1.0000,-0.8784,TRACKING,R+C
1787000232.146,47.9,0.000,0.773,0.793,0.5839,-0.0866,5.51,-0.20605,0.179,0.410,0.000,-1.0000,-0.8768,TRACKING,R+C
1787000232.165,47.9,0.000,0.757,0.797,0.5743,-0.0834,3.25,-0.39361,0.161,0.412,0.000,-1.0000,-0.8754,TRACKING,R+C
1787000232.182,47.9,0.000,0.757,0.797,0.5743,-0.0667,2.60,-0.31489,0.161,0.414,0.000,-1.0000,-0.8743,TRACKING,prediction
1787000232.201,47.9,0.000,0.757,0.797,0.5743,-0.0534,2.08,-0.25191,0.161,0.416,0.000,-1.0000,-0.8733,TRACKING,prediction
1787000232.225,47.9,0.000,0.734,0.809,0.5490,-0.0690,-0.52,-0.64469,0.150,0.417,0.000,-1.0000,-0.8713,TRACKING,R+C
1787000232.240,47.9,0.000,0.719,0.818,0.5391,-0.0633,-2.24,-0.80014,0.150,0.419,0.000,-0.9420,-0.8286,TRACKING,R+C
1787000232.257,47.9,0.000,0.728,0.824,0.5321,-0.0565,-2.38,-0.79157,0.150,0.421,0.000,-0.8703,-0.7697,TRACKING,R+C
1787000232.273,47.9,0.000,0.725,0.829,0.5271,-0.0522,-3.82,-0.91951,0.150,0.422,0.000,-0.7987,-0.7086,TRACKING,R+C
1787000232.288,47.9,0.000,0.731,0.840,0.5204,-0.0495,-5.56,-1.06100,0.150,0.423,0.000,-0.7319,-0.6506,TRACKING,R+C
1787000232.304,47.9,0.000,0.731,0.840,0.5188,-0.0483,-6.30,-1.14821,0.150,0.425,0.000,-0.7056,-0.6226,TRACKING,R+C
1787000232.319,47.9,0.000,0.735,0.844,0.5192,-0.0466,-6.01,-1.15825,0.150,0.426,0.000,-0.6940,-0.6096,TRACKING,R+C
1787000232.335,47.9,0.000,0.737,0.842,0.5176,-0.0460,-6.81,-1.26308,0.150,0.427,0.000,-0.6754,-0.5939,TRACKING,R+C
1787000232.351,47.9,0.000,0.738,0.845,0.5184,-0.0436,-6.61,-1.27209,0.150,0.428,0.000,-0.6515,-0.5740,TRACKING,R+C
1787000232.366,47.9,0.000,0.735,0.840,0.5168,-0.0385,-6.96,-1.34325,0.150,0.429,0.000,-0.5798,-0.5188,TRACKING,R+C
1787000232.381,47.9,0.000,0.740,0.854,0.5138,-0.0330,-7.91,-1.44258,0.150,0.431,0.000,-0.4800,-0.4379,TRACKING,R+C
1787000232.397,47.9,0.000,0.749,0.862,0.5107,-0.0256,-6.83,-1.42394,0.150,0.431,0.000,-0.4015,-0.3686,TRACKING,R+C
1787000232.410,47.9,0.000,0.752,0.864,0.5083,-0.0217,-7.08,-1.53919,0.150,0.432,0.000,-0.3489,-0.3205,TRACKING,R+C
1787000232.428,47.9,0.000,0.762,0.866,0.5107,-0.0179,-5.74,-1.48710,0.150,0.433,0.000,-0.3307,-0.2999,TRACKING,R+C
1787000232.443,47.9,0.000,0.757,0.870,0.5095,-0.0142,-5.59,-1.56418,0.150,0.434,0.000,-0.2892,-0.2670,TRACKING,R+C
1787000232.464,47.9,0.000,0.757,0.865,0.5093,-0.0094,-4.95,-1.60407,0.150,0.435,0.000,-0.2419,-0.2279,TRACKING,R+C
1787000232.478,47.9,0.000,0.759,0.864,0.5101,-0.0062,-4.70,-1.66177,0.150,0.436,0.000,-0.2066,-0.1967,TRACKING,R+C
1787000232.494,47.9,0.000,0.753,0.867,0.5147,-0.0033,-2.63,-1.56298,0.150,0.436,0.000,-0.2285,-0.2081,TRACKING,R+C
1787000232.509,47.9,0.000,0.753,0.863,0.5193,-0.0032,-1.77,-1.59251,0.150,0.437,0.000,-0.2671,-0.2383,TRACKING,R+C
1787000232.526,47.9,0.000,0.753,0.858,0.5249,-0.0015,-0.50,-1.55322,0.150,0.438,0.000,-0.2859,-0.2566,TRACKING,R+C
1787000232.541,47.9,0.000,0.756,0.862,0.5283,0.0008,1.25,-1.45994,0.150,0.438,0.000,-0.3040,-0.2724,TRACKING,R+C
1787000232.557,47.9,0.000,0.750,0.850,0.5314,0.0020,0.59,-1.62410,0.150,0.439,0.000,-0.2859,-0.2623,TRACKING,R+C
1787000232.573,47.9,0.000,0.752,0.858,0.5349,0.0029,0.83,-1.64416,0.150,0.439,0.000,-0.2839,-0.2594,TRACKING,R+C
1787000232.587,47.9,0.000,0.746,0.845,0.5404,0.0036,2.35,-1.59152,0.150,0.440,0.000,-0.3279,-0.2911,TRACKING,R+C
1787000232.604,50.9,0.000,0.744,0.845,0.5470,0.0013,3.03,-1.61204,0.150,0.440,0.000,-0.3963,-0.3454,TRACKING,R+C
1787000232.617,50.9,0.000,0.747,0.841,0.5466,-0.0002,3.36,-1.66187,0.150,0.441,0.000,-0.4424,-0.3869,TRACKING,R+C
1787000232.635,50.9,0.000,0.753,0.835,0.5547,-0.0006,4.44,-1.62146,0.150,0.441,0.000,-0.4849,-0.4235,TRACKING,R+C
1787000232.650,50.9,0.000,0.756,0.848,0.5621,0.0008,5.32,-1.58304,0.150,0.442,0.000,-0.4922,-0.4341,TRACKING,R+C
1787000232.668,50.9,0.000,0.751,0.828,0.5602,0.0059,6.30,-1.53195,0.150,0.442,0.000,-0.4456,-0.4022,TRACKING,R+C
1787000232.696,50.9,0.000,0.753,0.841,0.5544,0.0106,7.59,-1.40546,0.150,0.443,0.000,-0.4047,-0.3679,TRACKING,R+C
1787000232.713,50.9,0.000,0.755,0.847,0.5559,0.0131,8.33,-1.37700,0.150,0.443,0.000,-0.3912,-0.3532,TRACKING,R+C
1787000232.728,50.9,0.000,0.755,0.847,0.5562,0.0130,9.10,-1.31401,0.150,0.443,0.000,-0.4141,-0.3673,TRACKING,R+C
1787000232.745,50.9,0.000,0.755,0.847,0.5562,0.0104,7.28,-1.05121,0.150,0.444,0.000,-0.4141,-0.3693,TRACKING,prediction
1787000232.775,50.9,0.000,0.755,0.830,0.5775,0.0073,10.28,-1.23368,0.150,0.444,0.000,-0.5368,-0.4575,TRACKING,R+C
1787000232.791,50.9,0.000,0.755,0.830,0.5775,0.0059,8.22,-0.98695,0.150,0.444,0.000,-0.5368,-0.4703,TRACKING,prediction
1787000232.806,50.9,0.000,0.753,0.820,0.5803,0.0062,11.85,-1.09814,0.150,0.445,0.000,-0.5933,-0.5124,TRACKING,R+C
1787000232.824,50.9,0.000,0.753,0.820,0.5803,0.0050,9.48,-0.87851,0.150,0.445,0.000,-0.5933,-0.5186,TRACKING,prediction
1787000232.860,50.9,0.000,0.747,0.810,0.5972,-0.0001,13.32,-0.97483,0.150,0.445,0.000,-0.7139,-0.6051,TRACKING,R+C
1787000232.884,50.9,0.000,0.747,0.810,0.6087,-0.0076,13.89,-0.92835,0.150,0.445,0.000,-0.8157,-0.6899,TRACKING,R+C
1787000232.902,50.9,0.000,0.747,0.810,0.6087,-0.0061,11.11,-0.74268,0.150,0.446,0.000,-0.8157,-0.7023,TRACKING,prediction
1787000232.932,50.9,0.000,0.747,0.810,0.6087,-0.0049,8.89,-0.59414,0.150,0.446,0.000,-0.8157,-0.7041,TRACKING,prediction
1787000232.954,50.9,0.000,0.747,0.810,0.6087,-0.0039,7.11,-0.47531,0.150,0.446,0.000,-0.8157,-0.7043,TRACKING,prediction
1787000232.983,50.9,0.000,0.747,0.810,0.6087,-0.0031,5.69,-0.38025,0.150,0.446,0.000,-0.8157,-0.7042,TRACKING,prediction
1787000233.000,50.9,0.000,0.747,0.810,0.6087,-0.0025,4.55,-0.30420,0.150,0.446,0.000,-0.8157,-0.7041,TRACKING,prediction
1787000233.033,50.9,0.000,0.747,0.810,0.6087,-0.0020,3.64,-0.24336,0.150,0.447,0.000,-0.8157,-0.7040,TRACKING,prediction
1787000233.061,50.9,0.000,0.747,0.810,0.6087,-0.0016,2.91,-0.19469,0.150,0.447,0.000,-0.8157,-0.7040,TRACKING,prediction
1787000233.079,50.9,0.000,0.747,0.810,0.6087,-0.0013,2.33,-0.15575,0.150,0.447,0.000,-0.8157,-0.7039,TRACKING,prediction
1787000233.108,50.9,0.000,0.747,0.810,0.6087,-0.0010,1.86,-0.12460,0.150,0.445,0.000,-0.8157,-0.7038,TRACKING,prediction
1787000233.139,50.9,0.000,0.747,0.810,0.6087,-0.0008,1.49,-0.09968,0.150,0.438,0.000,-0.8157,-0.7044,TRACKING,prediction
1787000233.170,50.9,0.000,0.747,0.810,0.6087,-0.0007,1.19,-0.07974,0.150,0.426,0.000,-0.8157,-0.7075,TRACKING,prediction
1787000233.201,50.9,0.000,0.747,0.810,0.6087,-0.0005,0.95,-0.06380,0.150,0.412,0.000,-0.8157,-0.7125,TRACKING,prediction
1787000233.217,50.9,0.000,0.747,0.810,0.6087,-0.0004,0.76,-0.05104,0.150,0.383,0.000,-0.8157,-0.7187,UNCERTAIN,prediction
1787000233.249,50.9,0.000,0.747,0.810,0.6087,-0.0003,0.61,-0.04083,0.150,0.362,0.000,-0.8157,-0.7308,UNCERTAIN,prediction
1787000233.278,50.9,0.000,0.783,0.782,0.6399,-0.0644,12.50,-0.79868,0.150,0.367,0.000,-1.0000,-0.8776,TRACKING,R+C
1787000233.294,50.9,0.000,0.783,0.776,0.6362,-0.0649,12.08,-0.79854,0.150,0.371,0.000,-1.0000,-0.8968,TRACKING,R+C
1787000233.309,50.9,0.000,0.784,0.773,0.6368,-0.0672,12.07,-0.77915,0.150,0.375,0.000,-1.0000,-0.8979,TRACKING,R+C
1787000233.325,50.9,0.000,0.782,0.775,0.6363,-0.0725,11.47,-0.82634,0.150,0.379,0.000,-1.0000,-0.8964,TRACKING,R+C
1787000233.341,50.9,0.000,0.782,0.775,0.6363,-0.0580,9.18,-0.66107,0.150,0.382,0.000,-1.0000,-0.8944,TRACKING,prediction
1787000233.356,50.9,0.000,0.788,0.779,0.6434,-0.0894,11.08,-0.81221,0.150,0.386,0.000,-1.0000,-0.8931,TRACKING,R+C
1787000233.372,50.9,0.000,0.793,0.783,0.6451,-0.0953,11.63,-0.73680,0.150,0.389,0.000,-1.0000,-0.8915,TRACKING,R+C
1787000233.388,50.9,0.000,0.803,0.785,0.6490,-0.1005,11.36,-0.73933,0.150,0.392,0.000,-1.0000,-0.8899,TRACKING,R+C
1787000233.419,50.9,0.000,0.803,0.785,0.6490,-0.0804,9.09,-0.59147,0.150,0.395,0.000,-1.0000,-0.8883,TRACKING,prediction
1787000233.436,50.9,0.000,0.803,0.785,0.6490,-0.0643,7.27,-0.47317,0.150,0.398,0.000,-1.0000,-0.8867,TRACKING,prediction
1787000233.452,50.9,0.000,0.803,0.785,0.6490,-0.0515,5.82,-0.37854,0.150,0.400,0.000,-1.0000,-0.8852,TRACKING,prediction
1787000233.468,50.9,0.000,0.803,0.785,0.6490,-0.0412,4.65,-0.30283,0.150,0.403,0.000,-1.0000,-0.8838,TRACKING,prediction
1787000233.491,50.9,0.000,0.803,0.785,0.6490,-0.0329,3.72,-0.24226,0.150,0.405,0.000,-1.0000,-0.8824,TRACKING,prediction
1787000233.522,50.9,0.000,0.803,0.785,0.6490,-0.0264,2.98,-0.19381,0.150,0.407,0.000,-1.0000,-0.8812,TRACKING,prediction
1787000233.538,50.9,0.000,0.803,0.785,0.6490,-0.0211,2.38,-0.15505,0.150,0.409,0.000,-1.0000,-0.8799,TRACKING,prediction
1787000233.569,50.9,0.000,0.803,0.785,0.6490,-0.0169,1.91,-0.12404,0.150,0.411,0.000,-1.0000,-0.8788,TRACKING,prediction
1787000233.600,50.9,0.000,0.803,0.785,0.6490,-0.0135,1.53,-0.09923,0.150,0.413,0.000,-1.0000,-0.8777,TRACKING,prediction
1787000233.631,44.8,0.000,0.803,0.785,0.6490,-0.0108,1.22,-0.07939,0.150,0.414,0.000,-1.0000,-0.8766,TRACKING,prediction
1787000233.648,44.8,0.000,0.803,0.785,0.6490,-0.0086,0.98,-0.06351,0.150,0.412,0.000,-1.0000,-0.8762,TRACKING,prediction
1787000233.680,44.8,0.000,0.803,0.785,0.6490,-0.0069,0.78,-0.05081,0.150,0.404,0.000,-1.0000,-0.8771,TRACKING,prediction
1787000233.706,44.8,0.000,0.803,0.785,0.6490,-0.0055,0.62,-0.04065,0.150,0.393,0.000,-1.0000,-0.8808,TRACKING,prediction
1787000233.725,44.8,0.000,0.803,0.785,0.6490,-0.0044,0.50,-0.03252,0.150,0.370,0.000,-1.0000,-0.8864,UNCERTAIN,prediction
1787000233.752,44.8,0.000,0.803,0.785,0.6490,-0.0035,0.40,-0.02601,0.150,0.353,0.000,-1.0000,-0.8979,UNCERTAIN,prediction
1787000233.769,44.8,0.000,0.803,0.785,0.6490,-0.0028,0.32,-0.02081,0.150,0.342,0.000,-1.0000,-0.9070,UNCERTAIN,prediction
1787000233.799,44.8,0.000,0.803,0.785,0.6490,-0.0023,0.26,-0.01665,0.150,0.329,0.000,-1.0000,-0.9137,UNCERTAIN,prediction
1787000233.830,44.8,0.000,0.803,0.785,0.6490,-0.0018,0.20,-0.01332,0.150,0.315,0.000,-1.0000,-0.9205,UNCERTAIN,prediction
1787000233.844,44.8,0.000,0.867,0.786,0.5912,-0.1452,5.85,-0.58113,0.150,0.322,0.000,-1.0000,-0.9279,TRACKING,R+C
1787000233.862,44.8,0.000,0.867,0.786,0.5912,-0.1161,4.68,-0.46491,0.150,0.328,0.000,-1.0000,-0.9260,TRACKING,prediction
1787000233.877,44.8,0.000,0.852,0.793,0.5866,-0.1374,6.31,-0.47172,0.153,0.334,0.000,-1.0000,-0.9225,TRACKING,R+C
1787000233.910,44.8,0.000,0.852,0.793,0.5866,-0.1099,5.05,-0.37738,0.153,0.340,0.000,-1.0000,-0.9193,TRACKING,prediction
1787000233.925,44.8,0.000,0.852,0.793,0.5866,-0.0879,4.04,-0.30190,0.153,0.346,0.000,-1.0000,-0.9162,TRACKING,prediction
1787000233.938,44.8,0.000,0.857,0.799,0.5762,-0.1282,4.15,-0.61947,0.150,0.351,0.000,-1.0000,-0.9128,TRACKING,R+C
1787000233.968,44.8,0.000,0.856,0.807,0.5722,-0.1253,3.48,-0.66917,0.150,0.356,0.000,-1.0000,-0.9098,TRACKING,R+C
1787000233.984,44.8,0.000,0.849,0.808,0.5702,-0.1222,3.02,-0.68841,0.150,0.361,0.000,-1.0000,-0.9070,TRACKING,R+C
1787000234.002,44.8,0.000,0.849,0.808,0.5702,-0.0977,2.42,-0.55073,0.150,0.365,0.000,-1.0000,-0.9045,TRACKING,prediction
1787000234.017,44.8,0.000,0.840,0.815,0.5610,-0.1151,2.88,-0.64829,0.150,0.369,0.000,-1.0000,-0.9017,TRACKING,R+C
1787000234.047,44.8,0.000,0.840,0.815,0.5610,-0.0920,2.30,-0.51863,0.150,0.373,0.000,-1.0000,-0.8994,TRACKING,prediction
1787000234.078,44.8,0.000,0.840,0.815,0.5610,-0.0736,1.84,-0.41490,0.150,0.377,0.000,-1.0000,-0.8972,TRACKING,prediction
1787000234.108,44.8,0.000,0.847,0.816,0.5556,-0.1122,2.91,-0.59447,0.150,0.381,0.000,-1.0000,-0.8949,TRACKING,R+C
1787000234.138,44.8,0.000,0.846,0.817,0.5553,-0.1146,2.69,-0.58855,0.150,0.384,0.000,-1.0000,-0.8930,TRACKING,R+C
1787000234.154,44.8,0.000,0.837,0.822,0.5549,-0.1151,3.07,-0.54291,0.150,0.388,0.000,-1.0000,-0.8911,TRACKING,R+C
1787000234.169,44.8,0.000,0.840,0.818,0.5502,-0.1149,2.44,-0.57849,0.150,0.391,0.000,-1.0000,-0.8893,TRACKING,R+C
1787000234.184,44.8,0.000,0.837,0.821,0.5481,-0.1134,1.69,-0.64410,0.150,0.394,0.000,-1.0000,-0.8875,TRACKING,R+C
1787000234.201,44.8,0.000,0.837,0.822,0.5452,-0.1125,1.30,-0.68424,0.150,0.396,0.000,-1.0000,-0.8858,TRACKING,R+C
1787000234.214,44.8,0.000,0.845,0.824,0.5455,-0.1129,1.67,-0.63714,0.150,0.399,0.000,-1.0000,-0.8843,TRACKING,R+C
1787000234.230,44.8,0.000,0.850,0.822,0.5461,-0.1141,1.66,-0.62664,0.150,0.402,0.000,-1.0000,-0.8829,TRACKING,R+C
1787000234.248,44.8,0.000,0.850,0.822,0.5461,-0.0912,1.33,-0.50131,0.150,0.404,0.000,-1.0000,-0.8815,TRACKING,prediction
1787000234.276,44.8,0.000,0.856,0.821,0.5471,-0.1152,1.26,-0.64384,0.150,0.406,0.000,-1.0000,-0.8802,TRACKING,R+C
1787000234.291,44.8,0.000,0.856,0.820,0.5461,-0.1143,1.24,-0.62784,0.150,0.409,0.000,-1.0000,-0.8788,TRACKING,R+C
1787000234.306,44.8,0.000,0.856,0.820,0.5461,-0.0914,0.99,-0.50227,0.150,0.411,0.000,-1.0000,-0.8776,TRACKING,prediction
1787000234.324,44.8,0.000,0.855,0.818,0.5452,-0.1166,0.81,-0.63470,0.150,0.413,0.000,-1.0000,-0.8765,TRACKING,R+C
1787000234.341,44.8,0.000,0.855,0.818,0.5452,-0.0933,0.65,-0.50776,0.150,0.414,0.000,-1.0000,-0.8755,TRACKING,prediction
1787000234.357,44.8,0.000,0.855,0.818,0.5452,-0.0747,0.52,-0.40621,0.150,0.416,0.000,-1.0000,-0.8744,TRACKING,prediction
1787000234.387,44.8,0.000,0.854,0.818,0.5466,-0.1183,1.46,-0.57468,0.150,0.418,0.000,-1.0000,-0.8736,TRACKING,R+C
1787000234.402,44.8,0.000,0.858,0.816,0.5418,-0.1144,1.03,-0.60686,0.150,0.420,0.000,-1.0000,-0.8724,TRACKING,R+C
1787000234.417,44.8,0.000,0.855,0.822,0.5392,-0.1090,0.95,-0.59299,0.150,0.421,0.000,-1.0000,-0.8713,TRACKING,R+C
1787000234.435,44.8,0.000,0.855,0.822,0.5392,-0.0872,0.76,-0.47439,0.150,0.423,0.000,-1.0000,-0.8704,TRACKING,prediction
1787000234.463,44.8,0.000,0.845,0.831,0.5264,-0.0969,-0.30,-0.67980,0.150,0.424,0.000,-1.0000,-0.8690,TRACKING,R+C
1787000234.479,44.8,0.000,0.828,0.838,0.5206,-0.0895,-0.84,-0.75332,0.150,0.425,0.000,-1.0000,-0.8679,TRACKING,R+C
1787000234.493,44.8,0.000,0.822,0.842,0.5160,-0.0831,-1.40,-0.80280,0.150,0.406,0.000,-1.0000,-0.8669,TRACKING,R+C
1787000234.506,44.8,0.000,0.834,0.848,0.5106,-0.0756,-1.24,-0.77555,0.150,0.408,0.000,-1.0000,-0.8755,TRACKING,R+C
1787000234.528,44.8,0.000,0.825,0.845,0.5031,-0.0679,-1.34,-0.79359,0.150,0.394,0.000,-1.0000,-0.8755,TRACKING,R+C
1787000234.541,44.8,0.000,0.822,0.859,0.4955,-0.0603,-1.48,-0.81232,0.150,0.396,0.000,-0.9330,-0.8333,TRACKING,R+C
1787000234.555,44.8,0.000,0.816,0.857,0.4880,-0.0515,-0.98,-0.77847,0.150,0.399,0.000,-0.8526,-0.7670,TRACKING,R+C
1787000234.574,44.8,0.000,0.814,0.862,0.4839,-0.0440,-1.64,-0.82251,0.150,0.402,0.000,-0.7532,-0.6830,TRACKING,R+C
1787000234.588,44.8,0.000,0.813,0.863,0.4798,-0.0353,-1.62,-0.82004,0.150,0.404,0.000,-0.6432,-0.5885,TRACKING,R+C
1787000234.605,44.8,0.000,0.815,0.873,0.4773,-0.0276,-0.96,-0.77561,0.150,0.406,0.000,-0.5525,-0.5066,TRACKING,R+C
1787000234.619,44.8,0.000,0.816,0.883,0.4773,-0.0221,-0.79,-0.76078,0.150,0.408,0.000,-0.4733,-0.4352,TRACKING,R+C
1787000234.635,50.8,0.000,0.813,0.885,0.4780,-0.0192,-1.03,-0.79723,0.150,0.411,0.000,-0.4255,-0.3887,TRACKING,R+C
1787000234.651,50.8,0.000,0.812,0.884,0.4830,-0.0188,-0.56,-0.76759,0.150,0.413,0.000,-0.4325,-0.3866,TRACKING,R+C
1787000234.666,50.8,0.000,0.813,0.884,0.4892,-0.0198,-0.11,-0.74917,0.150,0.414,0.000,-0.4630,-0.4085,TRACKING,R+C
1787000234.681,50.8,0.000,0.809,0.871,0.4940,-0.0223,-0.24,-0.77551,0.150,0.416,0.000,-0.5008,-0.4392,TRACKING,R+C
1787000234.699,50.8,0.000,0.806,0.876,0.4984,-0.0249,-0.11,-0.77684,0.150,0.418,0.000,-0.5436,-0.4749,TRACKING,R+C
1787000234.729,50.8,0.686,0.808,0.871,0.4486,-0.0282,-0.16,-0.79847,0.150,0.419,0.000,-0.5924,-0.5156,TRACKING,L+C+R_fused
1787000234.745,50.8,0.000,0.798,0.869,0.5076,-0.0304,0.18,-0.80573,0.150,0.421,0.000,-0.6354,-0.5527,TRACKING,R+C
1787000234.759,50.8,0.000,0.793,0.861,0.5113,-0.0348,0.01,-0.85201,0.150,0.422,0.000,-0.6947,-0.6011,TRACKING,R+C
1787000234.776,50.8,0.000,0.794,0.863,0.5130,-0.0384,0.40,-0.85233,0.150,0.424,0.000,-0.7513,-0.6490,TRACKING,R+C
1787000234.791,50.8,0.000,0.793,0.851,0.5177,-0.0422,0.54,-0.87342,0.150,0.425,0.000,-0.8034,-0.6934,TRACKING,R+C
1787000234.807,50.8,0.000,0.800,0.848,0.5212,-0.0457,1.26,-0.83624,0.150,0.426,0.000,-0.8571,-0.7382,TRACKING,R+C
1787000234.837,50.8,0.000,0.807,0.834,0.5240,-0.0501,1.70,-0.81384,0.150,0.428,0.000,-0.9119,-0.7837,TRACKING,R+C
1787000234.853,50.8,0.000,0.813,0.842,0.5280,-0.0564,1.56,-0.83240,0.150,0.429,0.000,-0.9695,-0.8311,TRACKING,R+C
1787000234.869,50.8,0.000,0.816,0.837,0.5351,-0.0600,2.94,-0.75190,0.150,0.430,0.000,-1.0000,-0.8596,TRACKING,R+C
1787000234.903,50.8,0.000,0.818,0.830,0.5398,-0.0652,3.60,-0.71322,0.150,0.431,0.000,-1.0000,-0.8636,TRACKING,R+C
1787000234.919,50.8,0.000,0.794,0.810,0.5463,-0.0728,1.68,-0.92693,0.150,0.432,0.000,-1.0000,-0.8640,TRACKING,R+C
1787000234.948,50.8,0.000,0.794,0.810,0.5463,-0.0583,1.35,-0.74154,0.150,0.433,0.000,-1.0000,-0.8636,TRACKING,prediction
1787000234.978,50.8,0.000,0.820,0.813,0.5645,-0.0819,3.76,-0.73692,0.150,0.434,0.000,-1.0000,-0.8636,TRACKING,R+C
1787000235.006,50.8,0.000,0.812,0.813,0.5668,-0.0867,2.84,-0.83005,0.150,0.434,0.000,-1.0000,-0.8634,TRACKING,R+C
1787000235.020,50.8,0.000,0.829,0.816,0.5687,-0.0895,2.84,-0.79742,0.150,0.435,0.000,-1.0000,-0.8630,TRACKING,R+C
1787000235.035,50.8,0.000,0.829,0.821,0.5693,-0.0891,3.63,-0.73924,0.150,0.436,0.000,-1.0000,-0.8626,TRACKING,R+C
1787000235.049,50.8,0.000,0.823,0.815,0.5683,-0.0917,3.40,-0.78313,0.150,0.437,0.000,-1.0000,-0.8624,TRACKING,R+C
1787000235.067,50.8,0.000,0.827,0.809,0.5685,-0.0959,3.14,-0.82635,0.150,0.437,0.000,-1.0000,-0.8622,TRACKING,R+C
1787000235.084,50.8,0.000,0.827,0.809,0.5685,-0.0767,2.51,-0.66108,0.150,0.438,0.000,-1.0000,-0.8618,TRACKING,prediction
1787000235.114,50.8,0.000,0.842,0.805,0.5710,-0.1025,3.47,-0.84670,0.150,0.438,0.000,-1.0000,-0.8619,TRACKING,R+C
1787000235.131,50.8,0.000,0.842,0.805,0.5710,-0.0820,2.78,-0.67736,0.150,0.439,0.000,-1.0000,-0.8616,TRACKING,prediction
1787000235.147,50.8,0.000,0.842,0.805,0.5710,-0.0656,2.22,-0.54189,0.150,0.440,0.000,-1.0000,-0.8613,TRACKING,prediction
1787000235.160,50.8,0.000,0.841,0.803,0.5747,-0.1025,3.33,-0.85917,0.150,0.440,0.000,-1.0000,-0.8610,TRACKING,R+C
1787000235.176,50.8,0.000,0.848,0.806,0.5759,-0.1003,4.08,-0.77137,0.150,0.441,0.000,-1.0000,-0.8606,TRACKING,R+C
1787000235.207,50.8,0.000,0.848,0.806,0.5759,-0.0802,3.26,-0.61709,0.150,0.441,0.000,-1.0000,-0.8603,TRACKING,prediction
1787000235.222,50.8,0.000,0.842,0.797,0.5798,-0.1065,2.78,-0.92101,0.150,0.442,0.000,-1.0000,-0.8604,TRACKING,R+C
1787000235.238,50.8,0.000,0.842,0.797,0.5798,-0.0852,2.23,-0.73680,0.150,0.442,0.000,-1.0000,-0.8601,TRACKING,prediction
1787000235.265,50.8,0.000,0.842,0.797,0.5798,-0.0682,1.78,-0.58944,0.150,0.442,0.000,-1.0000,-0.8599,TRACKING,prediction
1787000235.278,50.8,0.000,0.841,0.789,0.5815,-0.1089,2.28,-1.00767,0.150,0.443,0.000,-1.0000,-0.8598,TRACKING,R+C
1787000235.303,50.8,0.000,0.850,0.796,0.5824,-0.1050,2.43,-0.98771,0.150,0.443,0.000,-1.0000,-0.8594,TRACKING,R+C
1787000235.334,50.8,0.000,0.850,0.796,0.5824,-0.0840,1.95,-0.79017,0.150,0.443,0.000,-1.0000,-0.8592,TRACKING,prediction
1787000235.349,50.8,0.000,0.832,0.796,0.5795,-0.0956,2.51,-1.03486,0.150,0.444,0.000,-1.0000,-0.8587,TRACKING,R+C
1787000235.365,50.8,0.000,0.824,0.796,0.5783,-0.0919,2.34,-1.06167,0.150,0.444,0.000,-1.0000,-0.8583,TRACKING,R+C
1787000235.381,50.8,0.000,0.822,0.799,0.5748,-0.0868,2.06,-1.11490,0.150,0.444,0.000,-1.0000,-0.8579,TRACKING,R+C
1787000235.397,50.8,0.000,0.816,0.798,0.5727,-0.0820,2.13,-1.10851,0.150,0.445,0.000,-1.0000,-0.8575,TRACKING,R+C
1787000235.411,50.8,0.000,0.823,0.806,0.5692,-0.0797,1.69,-1.15459,0.150,0.445,0.000,-1.0000,-0.8573,TRACKING,R+C
1787000235.427,50.8,0.000,0.820,0.806,0.5699,-0.0776,2.08,-1.14264,0.150,0.445,0.000,-1.0000,-0.8571,TRACKING,R+C
1787000235.444,50.8,0.000,0.817,0.800,0.5759,-0.0779,3.10,-1.06686,0.150,0.445,0.000,-1.0000,-0.8570,TRACKING,R+C
1787000235.458,50.8,0.000,0.817,0.793,0.5809,-0.0818,3.54,-1.06373,0.150,0.446,0.000,-1.0000,-0.8572,TRACKING,R+C
1787000235.472,50.8,0.000,0.818,0.784,0.5872,-0.0866,4.00,-1.07407,0.150,0.446,0.000,-1.0000,-0.8574,TRACKING,R+C
1787000235.490,50.8,0.000,0.819,0.784,0.5938,-0.0912,4.65,-1.05748,0.150,0.446,0.000,-1.0000,-0.8576,TRACKING,R+C
1787000235.506,50.8,0.000,0.819,0.779,0.6002,-0.0947,5.35,-1.00618,0.150,0.446,0.000,-1.0000,-0.8578,TRACKING,R+C
1787000235.521,50.8,0.000,0.819,0.779,0.6002,-0.0757,4.28,-0.80495,0.150,0.446,0.000,-1.0000,-0.8577,TRACKING,prediction
1787000235.537,50.8,0.000,0.818,0.778,0.6056,-0.0977,5.87,-1.01342,0.150,0.447,0.000,-1.0000,-0.8578,TRACKING,R+C
1787000235.550,50.8,0.000,0.823,0.790,0.6090,-0.0976,5.90,-1.05884,0.150,0.447,0.000,-1.0000,-0.8578,TRACKING,R+C
1787000235.579,50.8,0.000,0.817,0.783,0.6085,-0.0987,5.14,-1.22146,0.150,0.447,0.000,-1.0000,-0.8579,TRACKING,R+C
1787000235.594,50.8,0.000,0.810,0.679,0.5976,-0.1004,5.35,-1.22299,0.150,0.447,0.000,-1.0000,-0.8580,TRACKING,R+C
1787000235.611,50.8,0.000,0.820,0.778,0.6122,-0.1007,6.35,-1.12648,0.150,0.447,0.000,-1.0000,-0.8580,TRACKING,R+C
1787000235.627,50.8,0.000,0.806,0.669,0.5930,-0.1020,3.84,-1.47199,0.150,0.447,0.000,-1.0000,-0.8581,TRACKING,R+C
1787000235.658,52.8,0.000,0.823,0.796,0.6105,-0.0963,6.65,-1.15844,0.150,0.448,0.000,-1.0000,-0.8577,TRACKING,R+C
1787000235.681,52.8,0.000,0.810,0.675,0.5985,-0.0954,5.79,-1.35319,0.150,0.448,0.000,-1.0000,-0.8578,TRACKING,R+C
1787000235.698,52.8,0.000,0.810,0.675,0.5985,-0.0763,4.63,-1.08256,0.150,0.448,0.000,-1.0000,-0.8577,TRACKING,prediction
1787000235.729,52.8,0.000,0.810,0.675,0.5985,-0.0610,3.71,-0.86604,0.150,0.448,0.000,-1.0000,-0.8577,TRACKING,prediction
1787000235.761,52.8,0.000,0.810,0.675,0.5985,-0.0488,2.97,-0.69284,0.150,0.448,0.000,-1.0000,-0.8576,TRACKING,prediction
1787000235.791,52.8,0.000,0.810,0.675,0.5985,-0.0391,2.37,-0.55427,0.150,0.448,0.000,-1.0000,-0.8575,TRACKING,prediction
1787000235.807,52.8,0.000,0.810,0.675,0.5985,-0.0313,1.90,-0.44341,0.150,0.448,0.000,-1.0000,-0.8575,TRACKING,prediction
1787000235.836,52.8,0.000,0.831,0.667,0.6540,-0.1158,8.07,-1.33320,0.150,0.448,0.000,-1.0000,-0.8589,TRACKING,R+C
1787000235.852,52.8,0.000,0.841,0.663,0.6630,-0.1206,8.76,-1.25849,0.150,0.448,0.000,-1.0000,-0.8591,TRACKING,R+C
1787000235.869,52.8,0.000,0.841,0.663,0.6630,-0.0965,7.01,-1.00679,0.150,0.448,0.000,-1.0000,-0.8591,TRACKING,prediction
1787000235.884,52.8,0.000,0.841,0.663,0.6630,-0.0772,5.61,-0.80544,0.150,0.449,0.000,-1.0000,-0.8591,TRACKING,prediction
1787000235.914,52.8,0.000,0.841,0.663,0.6630,-0.0618,4.49,-0.64435,0.150,0.449,0.000,-1.0000,-0.8590,TRACKING,prediction
1787000235.930,52.8,0.000,0.841,0.663,0.6630,-0.0494,3.59,-0.51548,0.150,0.449,0.000,-1.0000,-0.8590,TRACKING,prediction
1787000235.957,52.8,0.000,0.868,0.653,0.7105,-0.1461,12.37,-0.81309,0.150,0.449,0.000,-1.0000,-0.8601,TRACKING,R+C
1787000235.973,52.8,0.000,0.867,0.652,0.7128,-0.1462,13.74,-0.55496,0.150,0.449,0.000,-1.0000,-0.8600,TRACKING,R+C
1787000235.987,52.8,0.000,0.871,0.648,0.7196,-0.1477,13.15,-0.63276,0.150,0.449,0.000,-1.0000,-0.8600,TRACKING,R+C
1787000236.007,52.8,0.000,0.871,0.648,0.7196,-0.1182,10.52,-0.50621,0.150,0.449,0.000,-1.0000,-0.8600,TRACKING,prediction
1787000236.037,52.8,0.000,0.871,0.648,0.7196,-0.0945,8.42,-0.40497,0.150,0.449,0.000,-1.0000,-0.8600,TRACKING,prediction
1787000236.068,52.8,0.000,0.871,0.648,0.7196,-0.0756,6.74,-0.32397,0.150,0.449,0.000,-1.0000,-0.8599,TRACKING,prediction
1787000236.099,52.8,0.000,0.871,0.648,0.7196,-0.0605,5.39,-0.25918,0.150,0.449,0.000,-1.0000,-0.8599,TRACKING,prediction
1787000236.133,52.8,0.000,0.871,0.648,0.7196,-0.0484,4.31,-0.20734,0.150,0.449,0.000,-1.0000,-0.8599,TRACKING,prediction
1787000236.149,52.8,0.000,0.871,0.648,0.7196,-0.0387,3.45,-0.16587,0.150,0.449,0.000,-1.0000,-0.8598,TRACKING,prediction
1787000236.178,52.8,0.000,0.871,0.648,0.7196,-0.0310,2.76,-0.13270,0.150,0.449,0.000,-1.0000,-0.8598,TRACKING,prediction
1787000236.204,52.8,0.000,0.871,0.648,0.7196,-0.0248,2.21,-0.10616,0.150,0.449,0.000,-1.0000,-0.8598,TRACKING,prediction
1787000236.235,52.8,0.000,0.871,0.648,0.7196,-0.0198,1.77,-0.08493,0.150,0.444,0.000,-1.0000,-0.8598,TRACKING,prediction
1787000236.267,52.8,0.000,0.871,0.648,0.7196,-0.0159,1.41,-0.06794,0.150,0.433,0.000,-1.0000,-0.8623,TRACKING,prediction
1787000236.295,52.8,0.000,0.871,0.648,0.7196,-0.0127,1.13,-0.05435,0.150,0.420,0.000,-1.0000,-0.8673,TRACKING,prediction
1787000236.313,52.8,0.000,0.871,0.648,0.7196,-0.0101,0.90,-0.04348,0.150,0.405,0.000,-1.0000,-0.8741,TRACKING,prediction
1787000236.332,52.8,0.000,0.871,0.648,0.7196,-0.0081,0.72,-0.03479,0.150,0.378,0.000,-1.0000,-0.8820,UNCERTAIN,prediction
1787000236.362,52.8,0.000,0.871,0.648,0.7196,-0.0065,0.58,-0.02783,0.150,0.359,0.000,-1.0000,-0.8952,UNCERTAIN,prediction
1787000236.381,52.8,0.000,0.871,0.648,0.7196,-0.0052,0.46,-0.02226,0.150,0.346,0.000,-1.0000,-0.9056,UNCERTAIN,prediction
1787000236.408,52.8,0.000,0.871,0.648,0.7196,-0.0042,0.37,-0.01781,0.150,0.332,0.000,-1.0000,-0.9130,UNCERTAIN,prediction
1787000236.436,52.8,0.000,0.871,0.648,0.7196,-0.0033,0.30,-0.01425,0.150,0.318,0.000,-1.0000,-0.9201,UNCERTAIN,prediction
1787000236.453,52.8,0.916,0.651,0.000,0.6771,0.1702,-4.07,-1.92474,0.150,0.325,0.000,1.0000,-0.1152,TRACKING,L+C
1787000236.469,52.8,0.916,0.651,0.000,0.6771,0.1362,-3.26,-1.53979,0.150,0.331,0.000,1.0000,0.6103,TRACKING,prediction
1787000236.484,52.8,0.911,0.652,0.000,0.6607,0.1715,-3.69,-1.75340,0.150,0.337,0.000,1.0000,0.8723,TRACKING,L+C
1787000236.500,52.8,0.898,0.652,0.000,0.6547,0.1732,-4.12,-1.71029,0.150,0.343,0.000,1.0000,0.9090,TRACKING,L+C
1787000236.516,52.8,0.000,0.877,0.651,0.6474,-0.1585,2.29,0.04890,0.195,0.348,0.000,-1.0000,0.1049,TRACKING,R+C
1787000236.532,52.8,0.000,0.866,0.652,0.6422,-0.1536,1.33,0.00845,0.199,0.353,0.000,-1.0000,-0.5937,TRACKING,R+C
1787000236.561,52.8,0.000,0.844,0.651,0.6364,-0.1495,-0.08,-0.07406,0.193,0.358,0.000,-1.0000,-0.8604,TRACKING,R+C
1787000236.579,52.8,0.000,0.817,0.650,0.6251,-0.1451,-1.69,-0.17709,0.182,0.363,0.000,-1.0000,-0.8981,TRACKING,R+C
1787000236.608,52.8,0.000,0.816,0.647,0.6136,-0.1407,-2.63,-0.22018,0.178,0.367,0.000,-1.0000,-0.9014,TRACKING,R+C
1787000236.625,52.8,0.000,0.780,0.644,0.6028,-0.1406,-5.99,-0.47813,0.152,0.371,0.000,-1.0000,-0.8998,TRACKING,R+C
1787000236.639,52.8,0.000,0.759,0.643,0.5955,-0.1368,-6.36,-0.52189,0.150,0.375,0.000,-1.0000,-0.8975,TRACKING,R+C
1787000236.670,43.5,0.000,0.750,0.641,0.5903,-0.1362,-7.23,-0.58424,0.150,0.379,0.000,-1.0000,-0.8953,TRACKING,R+C
1787000236.687,43.5,0.000,0.736,0.641,0.5887,-0.1385,-8.51,-0.68815,0.150,0.382,0.000,-1.0000,-0.8933,TRACKING,R+C
1787000236.703,43.5,0.000,0.730,0.641,0.5898,-0.1408,-9.46,-0.76253,0.150,0.386,0.000,-1.0000,-0.8914,TRACKING,R+C
1787000236.732,43.5,0.000,0.723,0.639,0.5860,-0.1416,-10.90,-0.87406,0.150,0.389,0.000,-1.0000,-0.8896,TRACKING,R+C
1787000236.748,43.5,0.000,0.729,0.637,0.5815,-0.1394,-12.05,-0.92803,0.150,0.392,0.000,-1.0000,-0.8876,TRACKING,R+C
1787000236.765,43.5,0.000,0.713,0.634,0.5717,-0.1297,-12.02,-0.97062,0.150,0.395,0.000,-1.0000,-0.8856,TRACKING,R+C
1787000236.781,43.5,0.000,0.707,0.626,0.5610,-0.1214,-12.76,-1.02339,0.150,0.398,0.000,-1.0000,-0.8836,TRACKING,R+C
1787000236.810,43.5,0.000,0.688,0.626,0.5502,-0.1144,-15.12,-1.19246,0.150,0.400,0.000,-1.0000,-0.8817,TRACKING,R+C
1787000236.827,43.5,0.940,0.687,0.625,0.4534,-0.1048,-15.66,-1.23490,0.150,0.403,0.000,-1.0000,-0.8798,TRACKING,L+C+R_fused
1787000236.843,43.5,0.940,0.688,0.624,0.5165,-0.0978,-17.19,-1.34701,0.150,0.405,0.000,-0.9726,-0.8584,TRACKING,L+C+R_fused
1787000236.874,43.5,0.934,0.698,0.623,0.5309,-0.0929,-18.36,-1.41191,0.150,0.407,0.000,-0.9053,-0.8052,TRACKING,L+C+R_fused
1787000236.890,43.5,0.943,0.699,0.623,0.5318,-0.0842,-17.03,-1.41534,0.150,0.410,0.000,-0.8496,-0.7558,TRACKING,L+C+R_fused
1787000236.920,43.5,0.931,0.704,0.626,0.5413,-0.0794,-17.24,-1.49087,0.150,0.412,0.000,-0.8008,-0.7122,TRACKING,L+C+R_fused
1787000236.937,43.5,0.943,0.711,0.632,0.5181,-0.0725,-17.13,-1.53812,0.150,0.413,0.000,-0.7294,-0.6529,TRACKING,L+C+R_fused
1787000236.960,43.5,0.930,0.709,0.631,0.5135,-0.0626,-16.80,-1.56965,0.150,0.415,0.000,-0.6146,-0.5595,TRACKING,L+C+R_fused
1787000236.989,43.5,0.900,0.718,0.636,0.5344,-0.0516,-16.79,-1.61951,0.150,0.417,0.000,-0.4627,-0.4337,TRACKING,L+C+R_fused
1787000237.007,43.5,0.900,0.720,0.641,0.5276,-0.0401,-16.05,-1.64544,0.150,0.419,0.000,-0.3112,-0.3030,TRACKING,L+C+R_fused
1787000237.024,43.5,0.931,0.726,0.653,0.5139,-0.0291,-14.58,-1.63610,0.150,0.420,0.000,-0.1824,-0.1883,TRACKING,L+C+R_fused
1787000237.053,43.5,0.927,0.733,0.661,0.5125,-0.0220,-13.60,-1.65792,0.150,0.422,0.000,-0.1036,-0.1132,TRACKING,L+C+R_fused
1787000237.069,43.5,0.928,0.736,0.658,0.5135,-0.0170,-12.25,-1.65158,0.150,0.423,0.000,-0.0730,-0.0796,TRACKING,L+C+R_fused
1787000237.086,43.5,0.935,0.734,0.668,0.5139,-0.0127,-11.09,-1.65303,0.150,0.424,0.000,-0.0466,-0.0554,TRACKING,L+C+R_fused
1787000237.115,43.5,0.938,0.734,0.650,0.5050,-0.0075,-10.19,-1.66994,0.150,0.426,0.000,0.0049,-0.0140,TRACKING,L+C+R_fused
1787000237.145,43.5,0.924,0.737,0.700,0.5226,-0.0004,-8.65,-1.64960,0.150,0.427,0.000,0.0674,0.0387,TRACKING,L+C+R_fused
1787000237.174,43.5,0.925,0.739,0.699,0.5329,0.0051,-7.24,-1.63919,0.150,0.428,0.000,0.1058,0.0747,TRACKING,L+C+R_fused
1787000237.193,43.5,0.943,0.738,0.693,0.5433,0.0070,-6.02,-1.62787,0.150,0.429,0.000,0.0889,0.0669,TRACKING,L+C+R_fused
1787000237.224,43.5,0.601,0.734,0.714,0.5082,0.0067,-5.04,-1.64587,0.150,0.430,0.000,0.0387,0.0275,TRACKING,L+C+R_fused
1787000237.253,43.5,0.000,0.732,0.729,0.6582,0.0060,-4.13,-1.66993,0.150,0.431,0.000,-0.0190,-0.0220,TRACKING,R+C
1787000237.273,43.5,0.000,0.732,0.729,0.6582,0.0048,-3.31,-1.33595,0.150,0.432,0.000,-0.0190,-0.0290,TRACKING,prediction
1787000237.300,43.5,0.000,0.737,0.866,0.5115,0.0036,-1.52,-1.60818,0.150,0.433,0.000,-0.1644,-0.1377,TRACKING,R+C
1787000237.314,43.5,0.000,0.738,0.749,0.5165,0.0020,-0.50,-1.59354,0.150,0.434,0.000,-0.2328,-0.2038,TRACKING,R+C
1787000237.332,43.5,0.000,0.745,0.865,0.5244,0.0008,1.29,-1.49463,0.150,0.435,0.000,-0.3120,-0.2712,TRACKING,R+C
1787000237.346,43.5,0.000,0.738,0.830,0.5315,-0.0028,1.34,-1.56523,0.150,0.435,0.000,-0.3856,-0.3349,TRACKING,R+C
1787000237.365,43.5,0.000,0.738,0.830,0.5315,-0.0022,1.07,-1.25218,0.150,0.436,0.000,-0.3856,-0.3441,TRACKING,prediction
1787000237.395,43.5,0.000,0.738,0.830,0.5315,-0.0018,0.86,-1.00175,0.150,0.437,0.000,-0.3856,-0.3453,TRACKING,prediction
1787000237.411,43.5,0.000,0.738,0.830,0.5315,-0.0014,0.69,-0.80140,0.150,0.438,0.000,-0.3856,-0.3454,TRACKING,prediction
1787000237.439,43.5,0.000,0.738,0.830,0.5315,-0.0011,0.55,-0.64112,0.150,0.438,0.000,-0.3856,-0.3452,TRACKING,prediction
1787000237.454,43.5,0.000,0.738,0.830,0.5315,-0.0009,0.44,-0.51289,0.150,0.439,0.000,-0.3856,-0.3451,TRACKING,prediction
1787000237.469,43.5,0.000,0.768,0.810,0.5580,-0.0028,7.37,-1.24185,0.150,0.439,0.000,-0.5719,-0.4796,TRACKING,R+C
1787000237.484,43.5,0.000,0.753,0.813,0.5592,-0.0008,6.62,-1.35078,0.150,0.440,0.000,-0.5305,-0.4698,TRACKING,R+C
1787000237.501,43.5,0.000,0.753,0.813,0.5592,-0.0006,5.30,-1.08062,0.150,0.440,0.000,-0.5305,-0.4682,TRACKING,prediction
1787000237.531,43.5,0.000,0.745,0.800,0.5635,-0.0014,8.15,-1.25004,0.150,0.441,0.000,-0.5827,-0.5053,TRACKING,R+C
1787000237.545,43.5,0.000,0.753,0.802,0.5695,-0.0048,8.57,-1.23659,0.150,0.441,0.000,-0.6437,-0.5543,TRACKING,R+C
1787000237.561,43.5,0.000,0.751,0.801,0.5736,-0.0072,9.07,-1.19728,0.150,0.442,0.000,-0.6872,-0.5923,TRACKING,R+C
1787000237.579,43.5,0.000,0.751,0.801,0.5736,-0.0058,7.26,-0.95782,0.150,0.442,0.000,-0.6872,-0.5978,TRACKING,prediction
1787000237.602,43.5,0.000,0.760,0.791,0.5728,-0.0065,9.76,-1.14122,0.150,0.443,0.000,-0.6946,-0.6037,TRACKING,R+C
1787000237.627,43.5,0.000,0.759,0.791,0.5747,-0.0081,9.47,-1.16157,0.150,0.443,0.000,-0.7079,-0.6140,TRACKING,R+C
1787000237.645,43.5,0.000,0.751,0.795,0.5802,-0.0105,9.99,-1.12937,0.150,0.443,0.000,-0.7498,-0.6451,TRACKING,R+C
1787000237.661,43.5,0.000,0.751,0.795,0.5802,-0.0084,7.99,-0.90350,0.150,0.444,0.000,-0.7498,-0.6496,TRACKING,prediction
1787000237.690,47.0,0.000,0.751,0.795,0.5802,-0.0067,6.40,-0.72280,0.150,0.444,0.000,-0.7498,-0.6502,TRACKING,prediction
1787000237.720,47.0,0.000,0.756,0.782,0.6047,-0.0302,10.34,-1.11577,0.150,0.444,0.000,-0.9668,-0.8034,TRACKING,R+C
1787000237.735,47.0,0.000,0.772,0.792,0.6126,-0.0336,11.75,-0.95229,0.150,0.445,0.000,-1.0000,-0.8490,TRACKING,R+C
1787000237.752,47.0,0.000,0.772,0.792,0.6126,-0.0269,9.40,-0.76183,0.150,0.445,0.000,-1.0000,-0.8557,TRACKING,prediction
1787000237.769,47.0,0.000,0.772,0.792,0.6126,-0.0215,7.52,-0.60947,0.150,0.445,0.000,-1.0000,-0.8566,TRACKING,prediction
1787000237.799,47.0,0.000,0.772,0.792,0.6126,-0.0172,6.01,-0.48757,0.150,0.445,0.000,-1.0000,-0.8566,TRACKING,prediction
1787000237.824,47.0,0.000,0.772,0.792,0.6126,-0.0138,4.81,-0.39006,0.150,0.446,0.000,-1.0000,-0.8565,TRACKING,prediction
1787000237.854,47.0,0.000,0.772,0.792,0.6126,-0.0110,3.85,-0.31205,0.150,0.446,0.000,-1.0000,-0.8563,TRACKING,prediction
1787000237.870,47.0,0.000,0.772,0.792,0.6126,-0.0088,3.08,-0.24964,0.150,0.446,0.000,-1.0000,-0.8562,TRACKING,prediction
1787000237.902,47.0,0.000,0.772,0.792,0.6126,-0.0071,2.46,-0.19971,0.150,0.446,0.000,-1.0000,-0.8561,TRACKING,prediction
1787000237.932,47.0,0.000,0.772,0.792,0.6126,-0.0056,1.97,-0.15977,0.150,0.446,0.000,-1.0000,-0.8560,TRACKING,prediction
1787000237.960,47.0,0.000,0.772,0.792,0.6126,-0.0045,1.58,-0.12781,0.150,0.446,0.000,-1.0000,-0.8559,TRACKING,prediction
1787000237.978,47.0,0.000,0.772,0.792,0.6126,-0.0036,1.26,-0.10225,0.150,0.438,0.000,-1.0000,-0.8563,TRACKING,prediction
1787000237.998,47.0,0.000,0.772,0.792,0.6126,-0.0029,1.01,-0.08180,0.150,0.427,0.000,-1.0000,-0.8597,TRACKING,prediction
1787000238.028,47.0,0.000,0.772,0.792,0.6126,-0.0023,0.81,-0.06544,0.150,0.413,0.000,-1.0000,-0.8655,TRACKING,prediction
1787000238.044,47.0,0.000,0.772,0.792,0.6126,-0.0018,0.65,-0.05235,0.150,0.397,0.000,-1.0000,-0.8728,TRACKING,prediction
1787000238.060,47.0,0.000,0.772,0.792,0.6126,-0.0015,0.52,-0.04188,0.150,0.373,0.000,-1.0000,-0.8811,UNCERTAIN,prediction
1787000238.091,47.0,0.000,0.772,0.792,0.6126,-0.0012,0.41,-0.03351,0.150,0.355,0.000,-1.0000,-0.8938,UNCERTAIN,prediction
1787000238.122,47.0,0.000,0.772,0.792,0.6126,-0.0009,0.33,-0.02680,0.150,0.342,0.000,-1.0000,-0.9037,UNCERTAIN,prediction
1787000238.139,47.0,0.000,0.772,0.792,0.6126,-0.0008,0.26,-0.02144,0.150,0.327,0.000,-1.0000,-0.9115,UNCERTAIN,prediction
1787000238.154,47.0,0.000,0.772,0.792,0.6126,-0.0006,0.21,-0.01715,0.150,0.313,0.000,-1.0000,-0.9192,UNCERTAIN,prediction
1787000238.168,47.0,0.000,0.772,0.792,0.6126,-0.0005,0.17,-0.01372,0.150,0.299,0.000,-1.0000,-0.9270,UNCERTAIN,prediction
1787000238.183,47.0,0.000,0.772,0.792,0.6126,-0.0004,0.14,-0.01098,0.150,0.285,0.000,-1.0000,-0.9347,UNCERTAIN,prediction
1787000238.199,47.0,0.000,0.772,0.792,0.6126,-0.0003,0.11,-0.00878,0.150,0.271,0.000,-1.0000,-0.9423,UNCERTAIN,prediction
1787000238.231,47.0,0.000,0.772,0.792,0.6126,-0.0002,0.09,-0.00703,0.150,0.258,0.000,-1.0000,-0.9496,UNCERTAIN,prediction
1787000238.248,47.0,0.000,0.772,0.792,0.6126,-0.0002,0.07,-0.00562,0.150,0.246,0.000,-1.0000,-0.9567,UNCERTAIN,prediction
1787000238.278,47.0,0.000,0.772,0.792,0.6126,-0.0002,0.06,-0.00450,0.150,0.234,0.000,-1.0000,-0.9635,UNCERTAIN,prediction
1787000238.309,47.0,0.000,0.772,0.792,0.6126,-0.0001,0.04,-0.00360,0.150,0.222,0.000,-1.0000,-0.9701,UNCERTAIN,prediction
1787000238.340,47.0,0.000,0.772,0.792,0.6126,-0.0001,0.04,-0.00288,0.150,0.211,0.000,-1.0000,-0.9763,UNCERTAIN,prediction
1787000238.372,47.0,0.000,0.772,0.792,0.6126,-0.0001,0.03,-0.00230,0.150,0.202,0.000,-1.0000,-0.9823,UNCERTAIN,prediction
1787000238.400,47.0,0.000,0.772,0.792,0.6126,-0.0001,0.02,-0.00184,0.150,0.195,0.000,-1.0000,-0.9874,UNCERTAIN,prediction
1787000238.418,47.0,0.000,0.772,0.792,0.6126,-0.0001,0.02,-0.00147,0.150,0.191,0.000,-1.0000,-0.9912,UNCERTAIN,prediction
1787000238.445,47.0,0.000,0.835,0.771,0.5750,-0.0674,9.21,-0.55498,0.150,0.204,0.000,-1.0000,-0.9938,TRACKING,R+C
1787000238.460,47.0,0.000,0.836,0.771,0.5735,-0.0699,9.02,-0.54644,0.150,0.216,0.000,-1.0000,-0.9883,TRACKING,R+C
1787000238.476,47.0,0.000,0.839,0.772,0.5771,-0.0743,9.16,-0.50811,0.150,0.228,0.000,-1.0000,-0.9819,TRACKING,R+C
1787000238.492,47.0,0.000,0.844,0.768,0.5749,-0.0787,9.29,-0.47932,0.152,0.239,0.000,-1.0000,-0.9757,TRACKING,R+C
1787000238.523,47.0,0.000,0.844,0.768,0.5749,-0.0629,7.43,-0.38346,0.152,0.249,0.000,-1.0000,-0.9697,TRACKING,prediction
1787000238.554,47.0,0.000,0.849,0.767,0.5729,-0.0842,8.07,-0.57059,0.150,0.259,0.000,-1.0000,-0.9640,TRACKING,R+C
1787000238.571,47.0,0.000,0.849,0.767,0.5729,-0.0674,6.45,-0.45647,0.150,0.269,0.000,-1.0000,-0.9586,TRACKING,prediction
1787000238.599,47.0,0.000,0.841,0.765,0.5705,-0.0783,8.18,-0.49088,0.151,0.278,0.000,-1.0000,-0.9533,TRACKING,R+C
1787000238.619,47.0,0.000,0.841,0.765,0.5705,-0.0626,6.54,-0.39270,0.151,0.287,0.000,-1.0000,-0.9484,TRACKING,prediction
1787000238.648,47.0,0.000,0.841,0.765,0.5705,-0.0501,5.23,-0.31416,0.151,0.295,0.000,-1.0000,-0.9437,TRACKING,prediction
1787000238.679,47.0,0.000,0.841,0.765,0.5705,-0.0401,4.19,-0.25133,0.151,0.302,0.000,-1.0000,-0.9393,TRACKING,prediction
1787000238.711,42.1,0.000,0.841,0.765,0.5705,-0.0321,3.35,-0.20106,0.151,0.310,0.000,-1.0000,-0.9351,TRACKING,prediction
1787000238.728,42.1,0.000,0.841,0.765,0.5705,-0.0256,2.68,-0.16085,0.151,0.317,0.000,-1.0000,-0.9311,TRACKING,prediction
1787000238.757,42.1,0.000,0.841,0.765,0.5705,-0.0205,2.14,-0.12868,0.151,0.324,0.000,-1.0000,-0.9272,TRACKING,prediction
1787000238.771,42.1,0.000,0.841,0.765,0.5705,-0.0164,1.71,-0.10294,0.151,0.330,0.000,-1.0000,-0.9236,TRACKING,prediction
1787000238.790,42.1,0.000,0.841,0.765,0.5705,-0.0131,1.37,-0.08236,0.151,0.336,0.000,-1.0000,-0.9202,TRACKING,prediction
1787000238.805,42.1,0.000,0.841,0.765,0.5705,-0.0105,1.10,-0.06588,0.151,0.342,0.000,-1.0000,-0.9169,TRACKING,prediction
1787000238.821,42.1,0.000,0.841,0.765,0.5705,-0.0084,0.88,-0.05271,0.151,0.346,0.000,-1.0000,-0.9138,TRACKING,prediction
1787000238.851,42.1,0.000,0.841,0.765,0.5705,-0.0067,0.70,-0.04217,0.151,0.349,0.000,-1.0000,-0.9112,TRACKING,prediction
1787000238.884,42.1,0.000,0.841,0.765,0.5705,-0.0054,0.56,-0.03373,0.151,0.351,0.000,-1.0000,-0.9093,TRACKING,prediction
1787000238.904,42.1,0.000,0.830,0.780,0.5372,-0.0381,4.80,-0.60301,0.150,0.356,0.000,-0.8459,-0.7916,TRACKING,R+C
1787000238.920,42.1,0.000,0.818,0.782,0.5328,-0.0333,4.53,-0.63488,0.150,0.361,0.000,-0.7887,-0.7293,TRACKING,R+C
1787000238.940,42.1,0.774,0.821,0.791,0.4505,-0.0288,4.83,-0.59722,0.150,0.365,0.000,-0.7391,-0.6809,TRACKING,L+C+R_fused
1787000238.967,42.1,0.000,0.820,0.785,0.5242,-0.0259,4.47,-0.63030,0.150,0.370,0.000,-0.6954,-0.6393,TRACKING,R+C
1787000238.984,42.1,0.000,0.821,0.787,0.5276,-0.0257,4.63,-0.61624,0.150,0.374,0.000,-0.6964,-0.6324,TRACKING,R+C
1787000239.001,42.1,0.000,0.824,0.789,0.5313,-0.0270,4.75,-0.60767,0.150,0.378,0.000,-0.7159,-0.6447,TRACKING,R+C
1787000239.030,42.1,0.000,0.824,0.789,0.5333,-0.0269,4.91,-0.59880,0.150,0.381,0.000,-0.7180,-0.6468,TRACKING,R+C
1787000239.058,42.1,0.000,0.822,0.793,0.5329,-0.0240,5.00,-0.58822,0.150,0.385,0.000,-0.6828,-0.6196,TRACKING,R+C
1787000239.074,42.1,0.000,0.813,0.796,0.5259,-0.0173,5.19,-0.57277,0.150,0.388,0.000,-0.5976,-0.5508,TRACKING,R+C
1787000239.107,42.1,0.624,0.813,0.789,0.4793,-0.0114,3.97,-0.66720,0.150,0.391,0.000,-0.4792,-0.4514,TRACKING,L+C+R_fused
1787000239.135,42.1,0.000,0.814,0.798,0.5173,-0.0045,4.47,-0.63199,0.150,0.394,0.000,-0.3847,-0.3651,TRACKING,R+C
1787000239.150,42.1,0.000,0.818,0.804,0.5134,-0.0004,4.49,-0.64199,0.150,0.397,0.000,-0.3201,-0.3034,TRACKING,R+C
1787000239.170,42.1,0.668,0.822,0.803,0.4818,0.0006,4.73,-0.62763,0.150,0.399,0.000,-0.3111,-0.2871,TRACKING,L+C+R_fused
1787000239.201,42.1,0.370,0.818,0.806,0.5000,0.0001,4.26,-0.70022,0.150,0.402,0.000,-0.3118,-0.2851,TRACKING,L+C+R_fused
1787000239.231,42.1,0.734,0.820,0.807,0.5047,0.0004,4.49,-0.70449,0.150,0.404,0.000,-0.3180,-0.2891,TRACKING,L+C+R_fused
1787000239.247,42.1,0.842,0.826,0.809,0.5078,0.0036,5.45,-0.62406,0.150,0.407,0.000,-0.2916,-0.2695,TRACKING,L+C+R_fused
1787000239.262,42.1,0.842,0.826,0.809,0.5078,0.0029,4.36,-0.49925,0.150,0.409,0.000,-0.2916,-0.2663,TRACKING,prediction
1787000239.278,42.1,0.842,0.826,0.809,0.5078,0.0023,3.49,-0.39940,0.150,0.411,0.000,-0.2916,-0.2655,TRACKING,prediction
1787000239.294,42.1,0.842,0.826,0.809,0.5078,0.0018,2.79,-0.31952,0.150,0.413,0.000,-0.2916,-0.2650,TRACKING,prediction
1787000239.313,42.1,0.842,0.826,0.809,0.5078,0.0015,2.23,-0.25562,0.150,0.415,0.000,-0.2916,-0.2647,TRACKING,prediction
1787000239.329,42.1,0.948,0.815,0.812,0.4910,0.0024,4.81,-0.80314,0.150,0.416,0.000,-0.3155,-0.2831,TRACKING,L+C+R_fused
1787000239.344,42.1,0.948,0.815,0.812,0.4910,0.0019,3.85,-0.64251,0.150,0.418,0.000,-0.3155,-0.2854,TRACKING,prediction
1787000239.360,42.1,0.377,0.828,0.815,0.4556,0.0011,5.85,-0.73851,0.150,0.420,0.000,-0.3698,-0.3255,TRACKING,L+C+R_fused
1787000239.383,42.1,0.673,0.827,0.816,0.4910,0.0019,5.78,-0.74595,0.150,0.421,0.000,-0.3555,-0.3206,TRACKING,L+C+R_fused
1787000239.405,42.1,0.000,0.824,0.823,0.4979,0.0009,4.41,-0.87743,0.150,0.423,0.000,-0.3364,-0.3059,TRACKING,R+C
1787000239.422,42.1,0.952,0.814,0.819,0.4558,-0.0003,5.02,-0.84265,0.150,0.424,0.000,-0.3754,-0.3321,TRACKING,L+C+R_fused
1787000239.438,42.1,0.000,0.811,0.812,0.5075,-0.0040,5.22,-0.83164,0.150,0.425,0.000,-0.4413,-0.3840,TRACKING,R+C
1787000239.452,42.1,0.000,0.817,0.814,0.5130,-0.0074,5.50,-0.82811,0.150,0.427,0.000,-0.5038,-0.4371,TRACKING,R+C
1787000239.464,42.1,0.000,0.820,0.815,0.5158,-0.0100,5.91,-0.80152,0.150,0.428,0.000,-0.5536,-0.4809,TRACKING,R+C
1787000239.482,42.1,0.000,0.821,0.815,0.5167,-0.0101,6.21,-0.77970,0.150,0.429,0.000,-0.5635,-0.4942,TRACKING,R+C
1787000239.499,42.1,0.000,0.821,0.815,0.5167,-0.0081,4.97,-0.62376,0.150,0.430,0.000,-0.5635,-0.4959,TRACKING,prediction
1787000239.512,42.1,0.000,0.813,0.827,0.5134,-0.0018,5.95,-0.77176,0.150,0.431,0.000,-0.4261,-0.3957,TRACKING,R+C
1787000239.528,42.1,0.000,0.802,0.825,0.5064,0.0058,6.41,-0.74776,0.150,0.432,0.000,-0.3178,-0.3017,TRACKING,R+C
1787000239.545,42.1,0.643,0.802,0.834,0.4839,0.0117,5.97,-0.79340,0.150,0.433,0.000,-0.2061,-0.2060,TRACKING,L+C+R_fused
1787000239.562,42.1,0.856,0.805,0.837,0.5029,0.0166,5.92,-0.80977,0.150,0.434,0.000,-0.1219,-0.1300,TRACKING,L+C+R_fused
1787000239.577,42.1,0.845,0.809,0.840,0.4928,0.0189,6.09,-0.79190,0.150,0.434,0.000,-0.0862,-0.0924,TRACKING,L+C+R_fused
1787000239.608,42.1,0.651,0.807,0.846,0.4890,0.0193,6.51,-0.76412,0.150,0.435,0.000,-0.0918,-0.0909,TRACKING,L+C+R_fused
1787000239.637,42.1,0.000,0.805,0.837,0.5012,0.0208,6.74,-0.75526,0.150,0.436,0.000,-0.0754,-0.0786,TRACKING,R+C
1787000239.653,42.1,0.000,0.800,0.853,0.4983,0.0224,5.60,-0.87201,0.150,0.437,0.000,-0.0152,-0.0328,TRACKING,R+C
1787000239.672,42.1,0.806,0.790,0.855,0.4888,0.0282,5.80,-0.86795,0.150,0.437,0.000,0.0789,0.0439,TRACKING,L+C+R_fused
1787000239.700,42.1,0.937,0.791,0.862,0.5029,0.0359,6.04,-0.85624,0.150,0.438,0.000,0.2053,0.1494,TRACKING,L+C+R_fused
1787000239.715,49.8,0.922,0.791,0.864,0.5140,0.0416,5.84,-0.89778,0.150,0.439,0.000,0.3028,0.2373,TRACKING,L+C+R_fused
1787000239.732,49.8,0.922,0.799,0.865,0.5139,0.0463,6.40,-0.86941,0.150,0.439,0.000,0.3624,0.2946,TRACKING,L+C+R_fused
1787000239.764,49.8,0.929,0.794,0.867,0.5088,0.0471,6.36,-0.90014,0.150,0.440,0.000,0.3711,0.3091,TRACKING,L+C+R_fused
1787000239.779,49.8,0.946,0.782,0.843,0.4979,0.0448,5.93,-0.99553,0.150,0.440,0.000,0.3365,0.2848,TRACKING,L+C+R_fused
1787000239.812,49.8,0.376,0.780,0.855,0.4761,0.0397,4.64,-1.14824,0.150,0.441,0.000,0.2797,0.2382,TRACKING,L+C+R_fused
1787000239.828,49.8,0.000,0.779,0.850,0.4912,0.0391,6.73,-1.00183,0.150,0.441,0.000,0.2029,0.1743,TRACKING,R+C
1787000239.842,49.8,0.000,0.776,0.848,0.4943,0.0359,6.84,-1.03951,0.150,0.442,0.000,0.1353,0.1141,TRACKING,R+C
1787000239.859,49.8,0.000,0.775,0.852,0.4939,0.0325,6.89,-1.08153,0.150,0.442,0.000,0.0654,0.0529,TRACKING,R+C
1787000239.874,49.8,0.000,0.768,0.848,0.5020,0.0278,6.51,-1.16608,0.150,0.442,0.000,-0.0177,-0.0183,TRACKING,R+C
1787000239.889,49.8,0.000,0.765,0.830,0.5070,0.0233,6.77,-1.17300,0.150,0.443,0.000,-0.1100,-0.0961,TRACKING,R+C
1787000239.905,49.8,0.000,0.767,0.823,0.5179,0.0186,6.78,-1.21369,0.150,0.443,0.000,-0.2012,-0.1742,TRACKING,R+C
1787000239.922,49.8,0.000,0.768,0.816,0.5272,0.0122,5.41,-1.37842,0.150,0.443,0.000,-0.2788,-0.2423,TRACKING,R+C
1787000239.938,49.8,0.000,0.768,0.816,0.5272,0.0097,4.33,-1.10274,0.150,0.444,0.000,-0.2788,-0.2522,TRACKING,prediction
1787000239.953,49.8,0.000,0.768,0.816,0.5272,0.0078,3.46,-0.88219,0.150,0.444,0.000,-0.2788,-0.2536,TRACKING,prediction
1787000239.970,49.8,0.000,0.768,0.816,0.5272,0.0062,2.77,-0.70575,0.150,0.444,0.000,-0.2788,-0.2538,TRACKING,prediction
1787000239.987,49.8,0.000,0.768,0.816,0.5272,0.0050,2.21,-0.56460,0.150,0.445,0.000,-0.2788,-0.2538,TRACKING,prediction
1787000240.017,49.8,0.000,0.768,0.816,0.5272,0.0040,1.77,-0.45168,0.150,0.445,0.000,-0.2788,-0.2537,TRACKING,prediction
1787000240.033,49.8,0.000,0.768,0.816,0.5272,0.0032,1.42,-0.36135,0.150,0.445,0.000,-0.2788,-0.2537,TRACKING,prediction
1787000240.050,49.8,0.000,0.768,0.816,0.5272,0.0026,1.13,-0.28908,0.150,0.445,0.000,-0.2788,-0.2537,TRACKING,prediction
1787000240.080,49.8,0.000,0.768,0.816,0.5272,0.0020,0.91,-0.23126,0.150,0.446,0.000,-0.2788,-0.2536,TRACKING,prediction
1787000240.108,49.8,0.000,0.737,0.788,0.5615,0.0071,7.84,-1.44438,0.150,0.446,0.000,-0.4761,-0.3970,TRACKING,R+C
1787000240.125,49.8,0.000,0.727,0.786,0.5696,0.0013,6.87,-1.62265,0.150,0.446,0.000,-0.5517,-0.4723,TRACKING,R+C
1787000240.148,49.8,0.000,0.726,0.779,0.5799,-0.0028,6.72,-1.71820,0.150,0.446,0.000,-0.6183,-0.5311,TRACKING,R+C
1787000240.175,49.8,0.000,0.743,0.776,0.5829,-0.0027,7.97,-1.58155,0.150,0.446,0.000,-0.6430,-0.5570,TRACKING,R+C
1787000240.193,49.8,0.000,0.741,0.776,0.5808,0.0012,8.68,-1.54031,0.150,0.447,0.000,-0.6099,-0.5374,TRACKING,R+C
1787000240.210,49.8,0.000,0.737,0.776,0.5781,0.0052,8.84,-1.56925,0.150,0.447,0.000,-0.5635,-0.5016,TRACKING,R+C
1787000240.224,49.8,0.000,0.731,0.776,0.5726,0.0077,8.24,-1.68187,0.150,0.447,0.000,-0.5208,-0.4662,TRACKING,R+C
1787000240.252,49.8,0.000,0.726,0.783,0.5704,0.0093,8.18,-1.72488,0.150,0.447,0.000,-0.5025,-0.4481,TRACKING,R+C
1787000240.268,49.8,0.000,0.728,0.781,0.5743,0.0084,8.91,-1.70148,0.150,0.447,0.000,-0.5411,-0.4730,TRACKING,R+C
1787000240.283,49.8,0.000,0.735,0.782,0.5772,0.0065,10.00,-1.60663,0.150,0.447,0.000,-0.5962,-0.5156,TRACKING,R+C
1787000240.299,49.8,0.000,0.731,0.786,0.5833,0.0039,9.07,-1.81516,0.150,0.448,0.000,-0.6284,-0.5454,TRACKING,R+C
1787000240.314,49.8,0.000,0.725,0.782,0.5878,0.0051,9.44,-1.83915,0.150,0.448,0.000,-0.6284,-0.5498,TRACKING,R+C
1787000240.329,49.8,0.000,0.725,0.784,0.5886,0.0080,10.53,-1.74420,0.150,0.448,0.000,-0.6169,-0.5422,TRACKING,R+C
1787000240.345,49.8,0.000,0.725,0.789,0.5899,0.0090,11.25,-1.67889,0.150,0.448,0.000,-0.6210,-0.5440,TRACKING,R+C
1787000240.360,49.8,0.000,0.726,0.791,0.5993,0.0082,11.65,-1.66517,0.150,0.448,0.000,-0.6451,-0.5613,TRACKING,R+C
1787000240.376,49.8,0.000,0.725,0.783,0.6093,0.0020,11.05,-1.73883,0.150,0.448,0.000,-0.7145,-0.6129,TRACKING,R+C
1787000240.392,49.8,0.000,0.715,0.789,0.6223,-0.0036,13.54,-1.53330,0.150,0.448,0.000,-0.8366,-0.7061,TRACKING,R+C
1787000240.409,49.8,0.000,0.715,0.789,0.6223,-0.0029,10.84,-1.22664,0.150,0.448,0.000,-0.8366,-0.7198,TRACKING,prediction
1787000240.432,49.8,0.000,0.715,0.789,0.6223,-0.0023,8.67,-0.98131,0.150,0.448,0.000,-0.8366,-0.7218,TRACKING,prediction
1787000240.447,49.8,0.000,0.737,0.792,0.6611,-0.0244,19.38,-0.91442,0.150,0.448,0.000,-1.0000,-0.8364,TRACKING,R+C
1787000240.465,49.8,0.000,0.737,0.792,0.6611,-0.0195,15.51,-0.73153,0.150,0.449,0.000,-1.0000,-0.8532,TRACKING,prediction
1787000240.481,49.8,0.000,0.737,0.792,0.6611,-0.0156,12.41,-0.58523,0.150,0.449,0.000,-1.0000,-0.8557,TRACKING,prediction
1787000240.503,49.8,0.000,0.755,0.795,0.6710,-0.0272,22.64,-0.47917,0.152,0.449,0.000,-1.0000,-0.8560,TRACKING,R+C
1787000240.519,49.8,0.000,0.747,0.787,0.6683,-0.0255,24.24,-0.27541,0.172,0.449,0.000,-0.9896,-0.8487,TRACKING,R+C
1787000240.537,49.8,0.000,0.747,0.787,0.6683,-0.0204,19.39,-0.22033,0.172,0.449,0.000,-0.9896,-0.8476,TRACKING,prediction
1787000240.553,49.8,0.000,0.747,0.787,0.6683,-0.0163,15.51,-0.17626,0.172,0.449,0.000,-0.9896,-0.8474,TRACKING,prediction
1787000240.576,49.8,0.000,0.747,0.787,0.6683,-0.0131,12.41,-0.14101,0.172,0.449,0.000,-0.9896,-0.8474,TRACKING,prediction
1787000240.594,49.8,0.000,0.747,0.787,0.6683,-0.0105,9.93,-0.11281,0.172,0.449,0.000,-0.9896,-0.8474,TRACKING,prediction
1787000240.620,49.8,0.000,0.763,0.792,0.6864,-0.0359,24.74,0.09237,0.191,0.449,0.000,-1.0000,-0.8542,TRACKING,R+C
1787000240.638,49.8,0.000,0.763,0.792,0.6864,-0.0287,19.80,0.07389,0.191,0.449,0.000,-1.0000,-0.8552,TRACKING,prediction
1787000240.654,49.8,0.000,0.763,0.792,0.6864,-0.0230,15.84,0.05911,0.191,0.449,0.000,-1.0000,-0.8554,TRACKING,prediction
1787000240.671,49.8,0.000,0.763,0.792,0.6864,-0.0184,12.67,0.04729,0.191,0.449,0.000,-1.0000,-0.8553,TRACKING,prediction
1787000240.701,49.8,0.000,0.763,0.792,0.6864,-0.0147,10.14,0.03783,0.191,0.449,0.000,-1.0000,-0.8553,TRACKING,prediction
1787000240.730,52.2,0.000,0.763,0.792,0.6864,-0.0118,8.11,0.03027,0.191,0.449,0.000,-1.0000,-0.8553,TRACKING,prediction
1787000240.746,52.2,0.000,0.763,0.792,0.6864,-0.0094,6.49,0.02421,0.191,0.449,0.000,-1.0000,-0.8553,TRACKING,prediction
1787000240.778,52.2,0.000,0.763,0.792,0.6864,-0.0075,5.19,0.01937,0.191,0.449,0.000,-1.0000,-0.8553,TRACKING,prediction
1787000240.793,52.2,0.000,0.763,0.792,0.6864,-0.0060,4.15,0.01550,0.191,0.449,0.000,-1.0000,-0.8552,TRACKING,prediction
1787000240.811,52.2,0.000,0.763,0.792,0.6864,-0.0048,3.32,0.01240,0.191,0.447,0.000,-1.0000,-0.8552,TRACKING,prediction
1787000240.841,52.2,0.000,0.763,0.792,0.6864,-0.0039,2.66,0.00992,0.191,0.438,0.000,-1.0000,-0.8564,TRACKING,prediction
1787000240.871,52.2,0.000,0.763,0.792,0.6864,-0.0031,2.13,0.00793,0.191,0.426,0.000,-1.0000,-0.8604,TRACKING,prediction
1787000240.888,52.2,0.000,0.763,0.792,0.6864,-0.0025,1.70,0.00635,0.191,0.412,0.000,-1.0000,-0.8667,TRACKING,prediction
1787000240.904,52.2,0.000,0.763,0.792,0.6864,-0.0020,1.36,0.00508,0.191,0.383,0.000,-1.0000,-0.8743,UNCERTAIN,prediction
1787000240.931,52.2,0.000,0.793,0.769,0.6233,-0.1014,10.43,-0.03773,0.196,0.386,0.000,-1.0000,-0.8890,TRACKING,R+C
1787000240.951,52.2,0.000,0.793,0.769,0.6233,-0.0811,8.34,-0.03018,0.196,0.389,0.000,-1.0000,-0.8896,TRACKING,prediction
1787000240.979,52.2,0.000,0.795,0.790,0.6039,-0.0979,8.08,-0.11190,0.189,0.392,0.000,-1.0000,-0.8878,TRACKING,R+C
1787000240.996,52.2,0.000,0.795,0.790,0.6039,-0.0783,6.47,-0.08952,0.189,0.395,0.000,-1.0000,-0.8862,TRACKING,prediction
1787000241.023,52.2,0.000,0.795,0.790,0.6039,-0.0626,5.17,-0.07162,0.189,0.398,0.000,-1.0000,-0.8846,TRACKING,prediction
1787000241.045,52.2,0.000,0.795,0.790,0.6039,-0.0501,4.14,-0.05729,0.189,0.401,0.000,-1.0000,-0.8831,TRACKING,prediction
1787000241.066,52.2,0.000,0.795,0.790,0.6039,-0.0401,3.31,-0.04583,0.189,0.403,0.000,-1.0000,-0.8817,TRACKING,prediction
1787000241.081,52.2,0.000,0.774,0.814,0.5676,-0.0756,4.32,-0.21025,0.179,0.405,0.000,-0.9424,-0.8376,TRACKING,R+C
1787000241.094,52.2,0.000,0.770,0.814,0.5613,-0.0689,3.74,-0.22691,0.177,0.408,0.000,-0.8965,-0.7967,TRACKING,R+C
1787000241.120,52.2,0.000,0.753,0.822,0.5516,-0.0630,1.64,-0.39946,0.160,0.410,0.000,-0.9094,-0.7984,TRACKING,R+C
1787000241.136,52.2,0.375,0.748,0.824,0.4497,-0.0572,0.17,-0.49717,0.150,0.412,0.000,-0.9085,-0.7965,TRACKING,L+C+R_fused
1787000241.151,52.2,0.000,0.744,0.843,0.5343,-0.0518,-1.48,-0.60904,0.150,0.414,0.000,-0.8226,-0.7329,TRACKING,R+C
1787000241.169,52.2,0.000,0.748,0.846,0.5277,-0.0443,-0.92,-0.56541,0.150,0.415,0.000,-0.7476,-0.6679,TRACKING,R+C
1787000241.188,52.2,0.000,0.747,0.853,0.5214,-0.0404,-1.78,-0.64743,0.150,0.417,0.000,-0.6821,-0.6098,TRACKING,R+C
1787000241.211,52.2,0.000,0.730,0.860,0.5131,-0.0407,-4.35,-0.89992,0.150,0.419,0.000,-0.6348,-0.5664,TRACKING,R+C
1787000241.237,52.2,0.000,0.743,0.862,0.5142,-0.0407,-3.96,-0.85894,0.150,0.420,0.000,-0.6424,-0.5648,TRACKING,R+C
1787000241.250,52.2,0.000,0.737,0.864,0.5116,-0.0426,-5.95,-1.04370,0.150,0.422,0.000,-0.6274,-0.5535,TRACKING,R+C
1787000241.268,52.2,0.376,0.745,0.862,0.4503,-0.0406,-5.72,-1.05179,0.150,0.423,0.000,-0.6094,-0.5383,TRACKING,L+C+R_fused
1787000241.286,52.2,0.370,0.735,0.858,0.4734,-0.0353,-5.85,-1.10565,0.150,0.425,0.000,-0.5362,-0.4823,TRACKING,L+C+R_fused
1787000241.302,52.2,0.641,0.738,0.869,0.4626,-0.0263,-5.83,-1.12475,0.150,0.426,0.000,-0.4015,-0.3750,TRACKING,L+C+R_fused
1787000241.329,52.2,0.693,0.738,0.869,0.4696,-0.0184,-6.73,-1.24238,0.150,0.427,0.000,-0.2549,-0.2515,TRACKING,L+C+R_fused
1787000241.352,52.2,0.945,0.746,0.874,0.4915,-0.0106,-7.00,-1.30538,0.150,0.428,0.000,-0.1193,-0.1332,TRACKING,L+C+R_fused
1787000241.378,52.2,0.943,0.756,0.879,0.5008,-0.0070,-7.79,-1.39890,0.150,0.429,0.000,-0.0396,-0.0571,TRACKING,L+C+R_fused
1787000241.402,52.2,0.951,0.757,0.884,0.4853,-0.0027,-7.32,-1.43044,0.150,0.430,0.000,0.0112,-0.0086,TRACKING,L+C+R_fused
1787000241.419,52.2,0.939,0.757,0.882,0.4893,0.0032,-6.53,-1.44348,0.150,0.431,0.000,0.0786,0.0486,TRACKING,L+C+R_fused
1787000241.435,52.2,0.930,0.754,0.884,0.4991,0.0104,-5.97,-1.46962,0.150,0.432,0.000,0.1766,0.1299,TRACKING,L+C+R_fused
1787000241.452,52.2,0.927,0.751,0.716,0.5069,0.0199,-6.09,-1.57852,0.150,0.433,0.000,0.3242,0.2514,TRACKING,L+C+R_fused
1787000241.467,52.2,0.913,0.751,0.561,0.5270,0.0303,-5.62,-1.63082,0.150,0.434,0.000,0.4637,0.3730,TRACKING,L+C+R_fused
1787000241.483,52.2,0.910,0.754,0.629,0.5396,0.0399,-4.72,-1.63482,0.150,0.435,0.000,0.5729,0.4722,TRACKING,L+C+R_fused
1787000241.500,52.2,0.910,0.757,0.367,0.5265,0.0498,-2.97,-1.59836,0.150,0.436,0.000,0.6545,0.5474,TRACKING,L+C+R_fused
1787000241.530,52.2,0.925,0.761,0.373,0.5209,0.0555,-1.71,-1.59134,0.150,0.436,0.000,0.6901,0.5842,TRACKING,L+C+R_fused
1787000241.546,52.2,0.936,0.761,0.367,0.5269,0.0577,-0.82,-1.60681,0.150,0.437,0.000,0.6870,0.5868,TRACKING,L+C+R_fused
1787000241.562,52.2,0.943,0.756,0.372,0.4776,0.0587,0.44,-1.58511,0.150,0.438,0.000,0.6616,0.5674,TRACKING,L+C+R_fused
1787000241.577,52.2,0.691,0.758,0.378,0.4819,0.0593,2.07,-1.50816,0.150,0.438,0.000,0.6251,0.5368,TRACKING,L+C+R_fused
1787000241.591,52.2,0.000,0.750,0.373,0.4256,0.0579,0.40,-1.74500,0.150,0.439,0.000,0.6296,0.5343,TRACKING,R+C
1787000241.608,52.2,0.000,0.745,0.367,0.4965,0.0614,2.16,-1.67860,0.150,0.439,0.000,0.6264,0.5311,TRACKING,R+C
1787000241.622,52.2,0.000,0.750,0.000,0.4965,0.0656,4.46,-1.51233,0.150,0.440,0.000,0.6270,0.5312,TRACKING,C_only
1787000241.639,52.2,0.000,0.754,0.366,0.4011,0.0670,5.11,-1.50328,0.150,0.440,0.000,0.6247,0.5289,TRACKING,R+C
1787000241.649,52.2,0.000,0.754,0.366,0.4011,0.0536,4.08,-1.20263,0.150,0.441,0.000,0.6247,0.5285,TRACKING,prediction
1787000241.671,52.2,0.000,0.743,0.299,0.5999,0.0622,5.13,-1.66919,0.150,0.441,0.000,0.5304,0.4561,TRACKING,R+C
1787000241.688,52.2,0.000,0.741,0.309,0.4812,0.0585,5.81,-1.65396,0.150,0.442,0.000,0.4490,0.3846,TRACKING,R+C
1787000241.702,52.2,0.000,0.742,0.000,0.4812,0.0566,8.49,-1.47440,0.150,0.442,0.000,0.3346,0.2887,TRACKING,C_only
1787000241.719,52.2,0.000,0.739,0.320,0.6034,0.0521,9.97,-1.37828,0.150,0.443,0.000,0.2088,0.1809,TRACKING,R+C
1787000241.731,51.9,0.000,0.740,0.000,0.6034,0.0460,10.58,-1.36750,0.150,0.443,0.000,0.0745,0.0649,TRACKING,C_only
1787000241.750,51.9,0.000,0.738,0.363,0.6873,0.0403,11.37,-1.34090,0.150,0.443,0.000,-0.0614,-0.0526,TRACKING,R+C
1787000241.766,51.9,0.000,0.741,0.366,0.5041,0.0339,12.09,-1.30001,0.150,0.444,0.000,-0.2005,-0.1704,TRACKING,R+C
1787000241.782,51.9,0.000,0.741,0.366,0.5041,0.0271,9.67,-1.04001,0.150,0.444,0.000,-0.2005,-0.1877,TRACKING,prediction
1787000241.797,51.9,0.000,0.742,0.516,0.5911,0.0220,14.71,-1.06552,0.150,0.444,0.000,-0.4734,-0.3861,TRACKING,R+C
1787000241.814,51.9,0.000,0.742,0.516,0.5911,0.0176,11.77,-0.85242,0.150,0.445,0.000,-0.4734,-0.4152,TRACKING,prediction
1787000241.844,51.9,0.000,0.742,0.516,0.5911,0.0141,9.42,-0.68194,0.150,0.445,0.000,-0.4734,-0.4195,TRACKING,prediction
1787000241.875,51.9,0.000,0.742,0.516,0.5911,0.0113,7.53,-0.54555,0.150,0.445,0.000,-0.4734,-0.4200,TRACKING,prediction
1787000241.891,51.9,0.000,0.742,0.516,0.5911,0.0090,6.03,-0.43644,0.150,0.445,0.000,-0.4734,-0.4201,TRACKING,prediction
1787000241.907,51.9,0.000,0.742,0.516,0.5911,0.0072,4.82,-0.34915,0.150,0.443,0.000,-0.4734,-0.4200,TRACKING,prediction
1787000241.922,51.9,0.000,0.742,0.516,0.5911,0.0058,3.86,-0.27932,0.150,0.435,0.000,-0.4734,-0.4205,TRACKING,prediction
1787000241.938,51.9,0.000,0.742,0.516,0.5911,0.0046,3.09,-0.22346,0.150,0.423,0.000,-0.4734,-0.4225,TRACKING,prediction
1787000241.967,51.9,0.000,0.742,0.516,0.5911,0.0037,2.47,-0.17877,0.150,0.409,0.000,-0.4734,-0.4256,TRACKING,prediction
1787000241.986,51.9,0.000,0.742,0.516,0.5911,0.0030,1.97,-0.14301,0.150,0.381,0.000,-0.4734,-0.4294,UNCERTAIN,prediction
1787000242.014,51.9,0.000,0.742,0.516,0.5911,0.0024,1.58,-0.11441,0.150,0.361,0.000,-0.4734,-0.4365,UNCERTAIN,prediction
1787000242.044,51.9,0.000,0.742,0.516,0.5911,0.0019,1.26,-0.09153,0.150,0.347,0.000,-0.4734,-0.4422,UNCERTAIN,prediction
1787000242.060,51.9,0.000,0.742,0.516,0.5911,0.0015,1.01,-0.07322,0.150,0.335,0.000,-0.4734,-0.4462,UNCERTAIN,prediction
1787000242.089,51.9,0.000,0.742,0.516,0.5911,0.0012,0.81,-0.05858,0.150,0.322,0.000,-0.4734,-0.4497,UNCERTAIN,prediction
1787000242.108,51.9,0.000,0.742,0.516,0.5911,0.0010,0.65,-0.04686,0.150,0.308,0.000,-0.4734,-0.4533,UNCERTAIN,prediction
1787000242.141,51.9,0.000,0.742,0.516,0.5911,0.0008,0.52,-0.03749,0.150,0.294,0.000,-0.4734,-0.4570,UNCERTAIN,prediction
1787000242.171,51.9,0.000,0.742,0.516,0.5911,0.0006,0.41,-0.02999,0.150,0.281,0.000,-0.4734,-0.4607,UNCERTAIN,prediction
1787000242.187,51.9,0.000,0.742,0.516,0.5911,0.0005,0.33,-0.02399,0.150,0.267,0.000,-0.4734,-0.4644,UNCERTAIN,prediction
1787000242.219,51.9,0.000,0.742,0.516,0.5911,0.0004,0.27,-0.01919,0.150,0.255,0.000,-0.4734,-0.4680,UNCERTAIN,prediction
1787000242.249,51.9,0.000,0.742,0.516,0.5911,0.0003,0.21,-0.01536,0.150,0.242,0.000,-0.4734,-0.4715,UNCERTAIN,prediction
1787000242.264,51.9,0.000,0.742,0.516,0.5911,0.0003,0.17,-0.01228,0.150,0.231,0.000,-0.4734,-0.4749,UNCERTAIN,prediction
1787000242.295,51.9,0.000,0.742,0.516,0.5911,0.0002,0.14,-0.00983,0.150,0.219,0.000,-0.4734,-0.4781,UNCERTAIN,prediction
1787000242.310,51.9,0.000,0.827,0.759,0.6835,-0.1249,13.53,-0.70865,0.150,0.231,0.000,-1.0000,-0.9087,TRACKING,R+C
1787000242.328,51.9,0.000,0.827,0.759,0.6835,-0.0999,10.82,-0.56692,0.150,0.242,0.000,-1.0000,-0.9640,TRACKING,prediction
1787000242.343,51.9,0.000,0.827,0.759,0.6835,-0.0800,8.66,-0.45354,0.150,0.252,0.000,-1.0000,-0.9675,TRACKING,prediction
1787000242.376,51.9,0.000,0.827,0.759,0.6835,-0.0640,6.93,-0.36283,0.150,0.262,0.000,-1.0000,-0.9634,TRACKING,prediction
1787000242.392,51.9,0.000,0.827,0.759,0.6835,-0.0512,5.54,-0.29026,0.150,0.271,0.000,-1.0000,-0.9584,TRACKING,prediction
1787000242.422,51.9,0.000,0.827,0.759,0.6835,-0.0409,4.43,-0.23221,0.150,0.280,0.000,-1.0000,-0.9535,TRACKING,prediction
1787000242.437,51.9,0.000,0.827,0.759,0.6835,-0.0327,3.55,-0.18577,0.150,0.289,0.000,-1.0000,-0.9488,TRACKING,prediction
1787000242.451,51.9,0.000,0.827,0.759,0.6835,-0.0262,2.84,-0.14861,0.150,0.297,0.000,-1.0000,-0.9444,TRACKING,prediction
1787000242.475,51.9,0.000,0.827,0.759,0.6835,-0.0210,2.27,-0.11889,0.150,0.305,0.000,-1.0000,-0.9401,TRACKING,prediction
1787000242.505,51.9,0.000,0.827,0.759,0.6835,-0.0168,1.82,-0.09511,0.150,0.312,0.000,-1.0000,-0.9361,TRACKING,prediction
1787000242.523,51.9,0.000,0.827,0.759,0.6835,-0.0134,1.45,-0.07609,0.150,0.318,0.000,-1.0000,-0.9322,TRACKING,prediction
1787000242.539,51.9,0.000,0.827,0.759,0.6835,-0.0107,1.16,-0.06087,0.150,0.322,0.000,-1.0000,-0.9291,TRACKING,prediction
1787000242.568,51.9,0.000,0.827,0.759,0.6835,-0.0086,0.93,-0.04870,0.150,0.325,0.000,-1.0000,-0.9266,TRACKING,prediction
1787000242.585,51.9,0.000,0.827,0.759,0.6835,-0.0069,0.74,-0.03896,0.150,0.327,0.000,-1.0000,-0.9248,TRACKING,prediction
1787000242.600,51.9,0.000,0.827,0.759,0.6835,-0.0055,0.60,-0.03117,0.150,0.324,0.000,-1.0000,-0.9236,UNCERTAIN,prediction
1787000242.615,51.9,0.000,0.827,0.759,0.6835,-0.0044,0.48,-0.02493,0.150,0.321,0.000,-1.0000,-0.9251,UNCERTAIN,prediction
1787000242.634,51.9,0.000,0.827,0.759,0.6835,-0.0035,0.38,-0.01995,0.150,0.319,0.000,-1.0000,-0.9265,UNCERTAIN,prediction
1787000242.648,51.9,0.000,0.827,0.759,0.6835,-0.0028,0.30,-0.01596,0.150,0.313,0.000,-1.0000,-0.9276,UNCERTAIN,prediction
1787000242.664,51.9,0.000,0.827,0.759,0.6835,-0.0023,0.24,-0.01277,0.150,0.304,0.000,-1.0000,-0.9305,UNCERTAIN,prediction
1787000242.694,51.9,0.000,0.827,0.759,0.6835,-0.0018,0.19,-0.01021,0.150,0.278,0.000,-1.0000,-0.9348,UNCERTAIN,prediction
1787000242.708,51.9,0.000,0.848,0.821,0.5767,-0.0984,5.80,-0.64620,0.150,0.286,0.000,-1.0000,-0.9459,TRACKING,R+C
1787000242.726,51.9,0.000,0.848,0.821,0.5767,-0.0788,4.64,-0.51696,0.150,0.294,0.000,-1.0000,-0.9439,TRACKING,prediction
1787000242.756,46.8,0.000,0.848,0.821,0.5767,-0.0630,3.71,-0.41357,0.150,0.302,0.000,-1.0000,-0.9398,TRACKING,prediction
1787000242.774,46.8,0.000,0.848,0.821,0.5767,-0.0504,2.97,-0.33086,0.150,0.310,0.000,-1.0000,-0.9357,TRACKING,prediction
1787000242.804,46.8,0.000,0.848,0.821,0.5767,-0.0403,2.37,-0.26468,0.150,0.317,0.000,-1.0000,-0.9317,TRACKING,prediction
1787000242.829,46.8,0.000,0.848,0.821,0.5767,-0.0323,1.90,-0.21175,0.150,0.319,0.000,-1.0000,-0.9279,TRACKING,prediction
1787000242.861,46.8,0.000,0.848,0.821,0.5767,-0.0258,1.52,-0.16940,0.150,0.321,0.000,-1.0000,-0.9263,TRACKING,prediction
1787000242.876,46.8,0.000,0.848,0.821,0.5767,-0.0206,1.22,-0.13552,0.150,0.323,0.000,-1.0000,-0.9252,TRACKING,prediction
1787000242.907,46.8,0.000,0.848,0.821,0.5767,-0.0165,0.97,-0.10841,0.150,0.329,0.000,-1.0000,-0.9241,TRACKING,prediction
1787000242.936,46.8,0.000,0.867,0.793,0.5860,-0.1514,4.26,-0.69432,0.150,0.335,0.000,-1.0000,-0.9225,TRACKING,R+C
1787000242.956,46.8,0.000,0.867,0.793,0.5860,-0.1211,3.41,-0.55546,0.150,0.341,0.000,-1.0000,-0.9193,TRACKING,prediction
1787000242.981,46.8,0.000,0.867,0.793,0.5860,-0.0969,2.73,-0.44437,0.150,0.346,0.000,-1.0000,-0.9163,TRACKING,prediction
1787000242.996,46.8,0.000,0.867,0.793,0.5860,-0.0775,2.18,-0.35549,0.150,0.352,0.000,-1.0000,-0.9134,TRACKING,prediction
1787000243.017,46.8,0.000,0.867,0.793,0.5860,-0.0620,1.75,-0.28439,0.150,0.356,0.000,-1.0000,-0.9106,TRACKING,prediction
1787000243.044,46.8,0.000,0.866,0.796,0.5662,-0.1491,3.96,-0.55699,0.150,0.361,0.000,-1.0000,-0.9077,TRACKING,R+C
1787000243.057,46.8,0.868,0.796,0.000,0.5613,0.2074,22.96,-0.58886,0.150,0.366,0.000,1.0000,-0.1473,TRACKING,L+C
1787000243.071,46.8,0.000,0.866,0.798,0.5598,-0.1426,3.21,-0.57061,0.150,0.370,0.000,-1.0000,-0.8009,TRACKING,R+C
1787000243.091,46.8,0.000,0.870,0.802,0.5562,-0.1404,1.60,-0.68848,0.150,0.374,0.000,-1.0000,-0.8847,TRACKING,R+C
1787000243.108,46.8,0.000,0.856,0.803,0.5524,-0.1353,1.82,-0.66084,0.150,0.378,0.000,-1.0000,-0.8953,TRACKING,R+C
1787000243.123,46.8,0.000,0.854,0.808,0.5506,-0.1301,1.92,-0.61050,0.150,0.381,0.000,-1.0000,-0.8949,TRACKING,R+C
1787000243.143,46.8,0.000,0.854,0.808,0.5506,-0.1040,1.54,-0.48840,0.150,0.385,0.000,-1.0000,-0.8933,TRACKING,prediction
1787000243.168,46.8,0.000,0.847,0.818,0.5432,-0.1192,1.19,-0.62878,0.150,0.388,0.000,-1.0000,-0.8909,TRACKING,R+C
1787000243.187,46.8,0.000,0.847,0.818,0.5432,-0.0954,0.95,-0.50302,0.150,0.391,0.000,-1.0000,-0.8891,TRACKING,prediction
1787000243.216,46.8,0.000,0.847,0.818,0.5432,-0.0763,0.76,-0.40242,0.150,0.394,0.000,-1.0000,-0.8874,TRACKING,prediction
1787000243.233,46.8,0.000,0.846,0.824,0.5438,-0.1080,0.55,-0.60339,0.150,0.397,0.000,-1.0000,-0.8852,TRACKING,R+C
1787000243.247,46.8,0.000,0.853,0.821,0.5413,-0.1092,-0.10,-0.65080,0.150,0.399,0.000,-1.0000,-0.8837,TRACKING,R+C
1787000243.264,46.8,0.000,0.853,0.821,0.5413,-0.0873,-0.08,-0.52064,0.150,0.402,0.000,-1.0000,-0.8822,TRACKING,prediction
1787000243.296,46.8,0.000,0.853,0.821,0.5413,-0.0699,-0.06,-0.41651,0.150,0.404,0.000,-1.0000,-0.8808,TRACKING,prediction
1787000243.326,46.8,0.000,0.856,0.813,0.5447,-0.1206,1.44,-0.53774,0.150,0.407,0.000,-1.0000,-0.8801,TRACKING,R+C
1787000243.345,46.8,0.000,0.856,0.813,0.5447,-0.0965,1.15,-0.43019,0.150,0.409,0.000,-1.0000,-0.8789,TRACKING,prediction
1787000243.361,46.8,0.000,0.856,0.813,0.5447,-0.0772,0.92,-0.34415,0.150,0.411,0.000,-1.0000,-0.8777,TRACKING,prediction
1787000243.388,46.8,0.000,0.869,0.815,0.5464,-0.1300,1.45,-0.55372,0.150,0.413,0.000,-1.0000,-0.8770,TRACKING,R+C
1787000243.401,46.8,0.000,0.869,0.815,0.5464,-0.1040,1.16,-0.44297,0.150,0.415,0.000,-1.0000,-0.8759,TRACKING,prediction
1787000243.418,46.8,0.000,0.869,0.815,0.5464,-0.0832,0.93,-0.35438,0.150,0.416,0.000,-1.0000,-0.8749,TRACKING,prediction
1787000243.433,46.8,0.000,0.869,0.815,0.5464,-0.0665,0.74,-0.28350,0.150,0.418,0.000,-1.0000,-0.8740,TRACKING,prediction
1787000243.448,46.8,0.000,0.869,0.815,0.5464,-0.0532,0.60,-0.22680,0.150,0.420,0.000,-1.0000,-0.8731,TRACKING,prediction
1787000243.465,46.8,0.000,0.852,0.816,0.5310,-0.1186,-0.92,-0.74059,0.150,0.421,0.000,-1.0000,-0.8715,TRACKING,R+C
1787000243.476,46.8,0.000,0.857,0.817,0.5304,-0.1185,0.17,-0.64870,0.150,0.423,0.000,-1.0000,-0.8707,TRACKING,R+C
1787000243.494,46.8,0.000,0.862,0.818,0.5282,-0.1209,-0.34,-0.70849,0.150,0.424,0.000,-1.0000,-0.8701,TRACKING,R+C
1787000243.508,46.8,0.000,0.862,0.818,0.5271,-0.1223,-0.25,-0.68948,0.150,0.425,0.000,-1.0000,-0.8694,TRACKING,R+C
1787000243.524,46.8,0.000,0.860,0.823,0.5239,-0.1220,-1.06,-0.76968,0.150,0.427,0.000,-1.0000,-0.8686,TRACKING,R+C
1787000243.540,46.8,0.000,0.835,0.825,0.5221,-0.1193,-2.37,-0.87684,0.150,0.428,0.000,-1.0000,-0.8678,TRACKING,R+C
1787000243.555,46.8,0.000,0.831,0.817,0.5262,-0.1133,-2.08,-0.83496,0.150,0.429,0.000,-1.0000,-0.8668,TRACKING,R+C
1787000243.571,46.8,0.000,0.835,0.823,0.5268,-0.1089,-2.12,-0.82139,0.150,0.430,0.000,-1.0000,-0.8660,TRACKING,R+C
1787000243.584,46.8,0.000,0.835,0.825,0.5278,-0.1040,-1.36,-0.74262,0.150,0.431,0.000,-1.0000,-0.8652,TRACKING,R+C
1787000243.598,46.8,0.000,0.824,0.829,0.5291,-0.1017,-2.71,-0.84842,0.150,0.432,0.000,-1.0000,-0.8644,TRACKING,R+C
1787000243.616,46.8,0.000,0.831,0.832,0.5305,-0.0971,-2.18,-0.79617,0.150,0.433,0.000,-1.0000,-0.8637,TRACKING,R+C
1787000243.630,46.8,0.000,0.823,0.833,0.5300,-0.0914,-2.49,-0.81220,0.150,0.434,0.000,-1.0000,-0.8629,TRACKING,R+C
1787000243.648,46.8,0.000,0.818,0.840,0.5297,-0.0845,-2.19,-0.76623,0.150,0.434,0.000,-1.0000,-0.8620,TRACKING,R+C
1787000243.663,46.8,0.000,0.811,0.840,0.5299,-0.0777,-2.43,-0.76821,0.150,0.435,0.000,-1.0000,-0.8612,TRACKING,R+C
1787000243.681,46.8,0.000,0.811,0.840,0.5299,-0.0622,-1.95,-0.61457,0.150,0.436,0.000,-1.0000,-0.8608,TRACKING,prediction
1787000243.704,46.8,0.000,0.800,0.859,0.5183,-0.0597,-2.10,-0.77893,0.150,0.437,0.000,-0.9088,-0.7951,TRACKING,R+C
1787000243.717,46.8,0.000,0.807,0.865,0.5146,-0.0528,-2.16,-0.79744,0.150,0.437,0.000,-0.8369,-0.7336,TRACKING,R+C
1787000243.734,46.8,0.000,0.799,0.859,0.5107,-0.0461,-1.86,-0.79192,0.150,0.438,0.000,-0.7690,-0.6755,TRACKING,R+C
1787000243.749,46.8,0.000,0.808,0.870,0.5064,-0.0406,-1.60,-0.79100,0.150,0.439,0.000,-0.7086,-0.6232,TRACKING,R+C
1787000243.766,52.5,0.000,0.818,0.869,0.5026,-0.0358,-1.05,-0.76648,0.150,0.439,0.000,-0.6612,-0.5811,TRACKING,R+C
1787000243.778,52.5,0.000,0.810,0.873,0.4971,-0.0305,-1.59,-0.83329,0.150,0.440,0.000,-0.5797,-0.5159,TRACKING,R+C
1787000243.796,52.5,0.000,0.812,0.873,0.4901,-0.0232,-1.12,-0.82817,0.150,0.440,0.000,-0.4888,-0.4403,TRACKING,R+C
1787000243.812,52.5,0.000,0.816,0.868,0.4866,-0.0172,-0.36,-0.78940,0.150,0.441,0.000,-0.4189,-0.3783,TRACKING,R+C
1787000243.828,52.5,0.000,0.815,0.874,0.4889,-0.0145,0.12,-0.77424,0.150,0.441,0.000,-0.3921,-0.3496,TRACKING,R+C
1787000243.840,52.5,0.000,0.809,0.863,0.4890,-0.0161,-0.42,-0.86135,0.150,0.442,0.000,-0.4110,-0.3593,TRACKING,R+C
1787000243.855,52.5,0.000,0.812,0.872,0.5011,-0.0169,1.11,-0.72399,0.150,0.442,0.000,-0.4615,-0.3969,TRACKING,R+C
1787000243.872,52.5,0.000,0.789,0.866,0.5023,-0.0216,-0.86,-0.96134,0.150,0.442,0.000,-0.4944,-0.4270,TRACKING,R+C
1787000243.887,52.5,0.000,0.797,0.872,0.5075,-0.0243,-0.37,-0.94449,0.150,0.443,0.000,-0.5506,-0.4719,TRACKING,R+C
1787000243.902,52.5,0.000,0.799,0.862,0.5096,-0.0269,-0.38,-0.97707,0.150,0.443,0.000,-0.5933,-0.5094,TRACKING,R+C
1787000243.917,52.5,0.000,0.798,0.863,0.5147,-0.0273,1.20,-0.87184,0.150,0.444,0.000,-0.6384,-0.5472,TRACKING,R+C
1787000243.934,52.5,0.000,0.801,0.861,0.5176,-0.0297,1.34,-0.89352,0.150,0.444,0.000,-0.6770,-0.5805,TRACKING,R+C
1787000243.951,52.5,0.000,0.805,0.851,0.5194,-0.0292,1.84,-0.85864,0.150,0.444,0.000,-0.6828,-0.5895,TRACKING,R+C
1787000243.966,52.5,0.000,0.784,0.852,0.5154,-0.0288,0.48,-1.03903,0.150,0.444,0.000,-0.6575,-0.5729,TRACKING,R+C
1787000243.983,52.5,0.000,0.784,0.852,0.5154,-0.0231,0.38,-0.83122,0.150,0.445,0.000,-0.6575,-0.5704,TRACKING,prediction
1787000244.011,52.5,0.000,0.782,0.848,0.5138,-0.0201,0.39,-1.10199,0.150,0.445,0.000,-0.5408,-0.4864,TRACKING,R+C
1787000244.026,52.5,0.000,0.788,0.842,0.5120,-0.0144,1.17,-1.05789,0.150,0.445,0.000,-0.4781,-0.4287,TRACKING,R+C
1787000244.043,52.5,0.000,0.787,0.846,0.5081,-0.0120,2.03,-1.01459,0.150,0.445,0.000,-0.4683,-0.4131,TRACKING,R+C
1787000244.058,52.5,0.000,0.787,0.849,0.5116,-0.0130,2.09,-1.03115,0.150,0.446,0.000,-0.4889,-0.4256,TRACKING,R+C
1787000244.074,52.5,0.000,0.784,0.852,0.5174,-0.0160,2.23,-1.04594,0.150,0.446,0.000,-0.5405,-0.4647,TRACKING,R+C
1787000244.090,52.5,0.000,0.785,0.850,0.5244,-0.0197,2.88,-1.02156,0.150,0.446,0.000,-0.6129,-0.5225,TRACKING,R+C
1787000244.105,52.5,0.000,0.791,0.851,0.5313,-0.0233,4.00,-0.94489,0.150,0.446,0.000,-0.6889,-0.5853,TRACKING,R+C
1787000244.120,52.5,0.000,0.790,0.846,0.5349,-0.0296,3.09,-1.05706,0.150,0.446,0.000,-0.7536,-0.6408,TRACKING,R+C
1787000244.136,52.5,0.000,0.789,0.834,0.5388,-0.0362,1.46,-1.26704,0.150,0.447,0.000,-0.8082,-0.6881,TRACKING,R+C
1787000244.151,52.5,0.000,0.782,0.830,0.5479,-0.0387,2.90,-1.19862,0.150,0.447,0.000,-0.8666,-0.7364,TRACKING,R+C
1787000244.167,52.5,0.000,0.790,0.819,0.5554,-0.0426,3.88,-1.14103,0.150,0.447,0.000,-0.9262,-0.7856,TRACKING,R+C
1787000244.183,52.5,0.000,0.785,0.802,0.5653,-0.0473,4.30,-1.13563,0.150,0.447,0.000,-0.9790,-0.8299,TRACKING,R+C
1787000244.201,52.5,0.000,0.785,0.802,0.5653,-0.0378,3.44,-0.90850,0.150,0.447,0.000,-0.9790,-0.8364,TRACKING,prediction
1787000244.216,52.5,0.000,0.785,0.802,0.5653,-0.0303,2.75,-0.72680,0.150,0.447,0.000,-0.9790,-0.8373,TRACKING,prediction
1787000244.230,52.5,0.000,0.785,0.802,0.5653,-0.0242,2.20,-0.58144,0.150,0.448,0.000,-0.9790,-0.8374,TRACKING,prediction
1787000244.246,52.5,0.000,0.814,0.796,0.5882,-0.0737,5.62,-1.16118,0.150,0.448,0.000,-1.0000,-0.8537,TRACKING,R+C
1787000244.261,52.5,0.000,0.817,0.794,0.5912,-0.0770,6.28,-1.10688,0.150,0.448,0.000,-1.0000,-0.8560,TRACKING,R+C
1787000244.279,52.5,0.000,0.817,0.794,0.5912,-0.0616,5.03,-0.88550,0.150,0.448,0.000,-1.0000,-0.8563,TRACKING,prediction
1787000244.307,52.5,0.000,0.812,0.788,0.5956,-0.0757,6.20,-1.20094,0.150,0.448,0.000,-1.0000,-0.8564,TRACKING,R+C
1787000244.320,52.5,0.000,0.809,0.778,0.5991,-0.0738,6.51,-1.18185,0.150,0.448,0.000,-1.0000,-0.8563,TRACKING,R+C
1787000244.349,52.5,0.000,0.807,0.784,0.6013,-0.0738,6.46,-1.21070,0.150,0.448,0.000,-1.0000,-0.8562,TRACKING,R+C
1787000244.362,52.5,0.000,0.807,0.784,0.6013,-0.0590,5.17,-0.96856,0.150,0.448,0.000,-1.0000,-0.8562,TRACKING,prediction
1787000244.375,52.5,0.000,0.804,0.786,0.6114,-0.0798,7.78,-1.13105,0.150,0.448,0.000,-1.0000,-0.8566,TRACKING,R+C
1787000244.388,52.5,0.000,0.804,0.779,0.6153,-0.0842,7.30,-1.25979,0.150,0.448,0.000,-1.0000,-0.8569,TRACKING,R+C
1787000244.404,52.5,0.000,0.804,0.779,0.6153,-0.0674,5.84,-1.00783,0.150,0.449,0.000,-1.0000,-0.8569,TRACKING,prediction
1787000244.428,52.5,0.000,0.809,0.689,0.6138,-0.0841,8.68,-1.11756,0.150,0.449,0.000,-1.0000,-0.8569,TRACKING,R+C
1787000244.455,52.5,0.000,0.807,0.789,0.6195,-0.0819,8.59,-1.12647,0.150,0.449,0.000,-1.0000,-0.8567,TRACKING,R+C
1787000244.470,52.5,0.000,0.805,0.683,0.6076,-0.0829,7.54,-1.27435,0.150,0.449,0.000,-1.0000,-0.8568,TRACKING,R+C
1787000244.485,52.5,0.000,0.797,0.680,0.6088,-0.0831,7.63,-1.38209,0.150,0.449,0.000,-1.0000,-0.8570,TRACKING,R+C
1787000244.497,52.5,0.000,0.797,0.680,0.6088,-0.0665,6.10,-1.10567,0.150,0.449,0.000,-1.0000,-0.8570,TRACKING,prediction
1787000244.529,52.5,0.000,0.806,0.682,0.6162,-0.0891,8.59,-1.36743,0.150,0.449,0.000,-1.0000,-0.8574,TRACKING,R+C
1787000244.546,52.5,0.000,0.806,0.682,0.6162,-0.0713,6.87,-1.09394,0.150,0.449,0.000,-1.0000,-0.8574,TRACKING,prediction
1787000244.563,52.5,0.000,0.806,0.682,0.6162,-0.0570,5.50,-0.87515,0.150,0.449,0.000,-1.0000,-0.8574,TRACKING,prediction
1787000244.592,52.5,0.000,0.806,0.682,0.6162,-0.0456,4.40,-0.70012,0.150,0.449,0.000,-1.0000,-0.8573,TRACKING,prediction
1787000244.608,52.5,0.000,0.806,0.682,0.6162,-0.0365,3.52,-0.56010,0.150,0.449,0.000,-1.0000,-0.8573,TRACKING,prediction
1787000244.623,52.5,0.000,0.810,0.663,0.6687,-0.0995,9.88,-1.37124,0.150,0.449,0.000,-1.0000,-0.8581,TRACKING,R+C
1787000244.640,52.5,0.000,0.810,0.663,0.6687,-0.0796,7.91,-1.09699,0.150,0.449,0.000,-1.0000,-0.8581,TRACKING,prediction
1787000244.655,52.5,0.000,0.810,0.663,0.6687,-0.0637,6.33,-0.87759,0.150,0.449,0.000,-1.0000,-0.8581,TRACKING,prediction
1787000244.669,52.5,0.000,0.810,0.663,0.6687,-0.0510,5.06,-0.70207,0.150,0.449,0.000,-1.0000,-0.8580,TRACKING,prediction
1787000244.687,52.5,0.000,0.810,0.663,0.6687,-0.0408,4.05,-0.56166,0.150,0.449,0.000,-1.0000,-0.8580,TRACKING,prediction
1787000244.715,52.5,0.000,0.839,0.650,0.7162,-0.1249,14.14,-0.82270,0.150,0.449,0.000,-1.0000,-0.8592,TRACKING,R+C
1787000244.727,52.5,0.000,0.847,0.647,0.7228,-0.1280,15.40,-0.60151,0.150,0.449,0.000,-1.0000,-0.8592,TRACKING,R+C
1787000244.749,52.5,0.000,0.847,0.647,0.7228,-0.1024,12.32,-0.48121,0.150,0.449,0.000,-1.0000,-0.8592,TRACKING,prediction
1787000244.763,52.5,0.000,0.847,0.647,0.7228,-0.0819,9.86,-0.38497,0.150,0.449,0.000,-1.0000,-0.8592,TRACKING,prediction
1787000244.780,58.2,0.000,0.847,0.647,0.7228,-0.0655,7.89,-0.30797,0.150,0.449,0.000,-1.0000,-0.8592,TRACKING,prediction
1787000244.812,58.2,0.000,0.847,0.647,0.7228,-0.0524,6.31,-0.24638,0.150,0.450,0.000,-1.0000,-0.8591,TRACKING,prediction
1787000244.842,58.2,0.000,0.847,0.647,0.7228,-0.0419,5.05,-0.19710,0.150,0.450,0.000,-1.0000,-0.8591,TRACKING,prediction
1787000244.858,58.2,0.000,0.847,0.647,0.7228,-0.0335,4.04,-0.15768,0.150,0.450,0.000,-1.0000,-0.8591,TRACKING,prediction
1787000244.874,58.2,0.000,0.847,0.647,0.7228,-0.0268,3.23,-0.12615,0.150,0.450,0.000,-1.0000,-0.8591,TRACKING,prediction
1787000244.889,58.2,0.000,0.847,0.647,0.7228,-0.0215,2.58,-0.10092,0.150,0.449,0.000,-1.0000,-0.8591,TRACKING,prediction
1787000244.904,58.2,0.000,0.847,0.647,0.7228,-0.0172,2.07,-0.08073,0.150,0.441,0.000,-1.0000,-0.8596,TRACKING,prediction
1787000244.920,58.2,0.000,0.847,0.647,0.7228,-0.0137,1.65,-0.06459,0.150,0.430,0.000,-1.0000,-0.8630,TRACKING,prediction
1787000244.943,58.2,0.000,0.847,0.647,0.7228,-0.0110,1.32,-0.05167,0.150,0.415,0.000,-1.0000,-0.8687,TRACKING,prediction
1787000244.960,58.2,0.000,0.847,0.647,0.7228,-0.0088,1.06,-0.04134,0.150,0.400,0.000,-1.0000,-0.8760,TRACKING,prediction
1787000244.978,58.2,0.000,0.847,0.647,0.7228,-0.0070,0.85,-0.03307,0.150,0.374,0.000,-1.0000,-0.8841,UNCERTAIN,prediction
1787000244.994,58.2,0.000,0.847,0.647,0.7228,-0.0056,0.68,-0.02645,0.150,0.357,0.000,-1.0000,-0.8967,UNCERTAIN,prediction
1787000245.010,58.2,0.000,0.847,0.647,0.7228,-0.0045,0.54,-0.02116,0.150,0.343,0.000,-1.0000,-0.9066,UNCERTAIN,prediction
1787000245.036,58.2,0.000,0.847,0.647,0.7228,-0.0036,0.43,-0.01693,0.150,0.329,0.000,-1.0000,-0.9141,UNCERTAIN,prediction
1787000245.053,58.2,0.000,0.847,0.647,0.7228,-0.0029,0.35,-0.01354,0.150,0.315,0.000,-1.0000,-0.9215,UNCERTAIN,prediction
1787000245.066,58.2,0.000,0.847,0.647,0.7228,-0.0023,0.28,-0.01084,0.150,0.300,0.000,-1.0000,-0.9290,UNCERTAIN,prediction
1787000245.090,58.2,0.000,0.847,0.647,0.7228,-0.0018,0.22,-0.00867,0.150,0.286,0.000,-1.0000,-0.9364,UNCERTAIN,prediction
1787000245.105,58.2,0.000,0.847,0.647,0.7228,-0.0015,0.18,-0.00693,0.150,0.273,0.000,-1.0000,-0.9437,UNCERTAIN,prediction
1787000245.121,58.2,0.000,0.917,0.651,0.6698,-0.1712,5.00,0.10295,0.190,0.282,0.000,-1.0000,-0.9502,TRACKING,R+C
1787000245.139,58.2,0.000,0.912,0.652,0.6649,-0.1689,3.88,0.07504,0.192,0.290,0.000,-1.0000,-0.9472,TRACKING,R+C
1787000245.150,58.2,0.886,0.653,0.000,0.6585,0.1729,-4.74,-1.79380,0.150,0.298,0.000,1.0000,-0.1214,TRACKING,L+C
1787000245.167,58.2,0.000,0.882,0.651,0.6499,-0.1605,2.44,0.03763,0.196,0.306,0.000,-1.0000,-0.8304,TRACKING,R+C
1787000245.182,58.2,0.000,0.860,0.652,0.6431,-0.1562,1.36,-0.01149,0.199,0.313,0.000,-1.0000,-0.9179,TRACKING,R+C
1787000245.197,58.2,0.000,0.838,0.652,0.6378,-0.1519,-0.21,-0.11351,0.189,0.320,0.000,-1.0000,-0.9276,TRACKING,R+C
1787000245.210,58.2,0.000,0.824,0.652,0.6296,-0.1470,-1.26,-0.16549,0.183,0.326,0.000,-1.0000,-0.9258,TRACKING,R+C
1787000245.224,58.2,0.000,0.811,0.646,0.6159,-0.1430,-3.12,-0.27254,0.173,0.332,0.000,-1.0000,-0.9223,TRACKING,R+C
1787000245.239,58.2,0.000,0.767,0.644,0.6044,-0.1399,-5.65,-0.50477,0.150,0.338,0.000,-1.0000,-0.9189,TRACKING,R+C
1787000245.255,58.2,0.000,0.757,0.642,0.5963,-0.1364,-6.33,-0.54325,0.150,0.344,0.000,-1.0000,-0.9155,TRACKING,R+C
1787000245.276,58.2,0.000,0.764,0.642,0.5940,-0.1356,-6.63,-0.55506,0.150,0.349,0.000,-1.0000,-0.9124,TRACKING,R+C
1787000245.291,58.2,0.000,0.732,0.641,0.5900,-0.1393,-9.10,-0.76667,0.150,0.354,0.000,-1.0000,-0.9096,TRACKING,R+C
1787000245.317,58.2,0.000,0.717,0.642,0.5892,-0.1441,-10.96,-0.91157,0.150,0.359,0.000,-1.0000,-0.9070,TRACKING,R+C
1787000245.332,58.2,0.000,0.730,0.641,0.5898,-0.1493,-12.76,-1.01317,0.150,0.364,0.000,-1.0000,-0.9044,TRACKING,R+C
1787000245.346,58.2,0.000,0.718,0.641,0.5911,-0.1454,-11.40,-0.97121,0.150,0.368,0.000,-1.0000,-0.9019,TRACKING,R+C
1787000245.366,58.2,0.000,0.700,0.638,0.5830,-0.1431,-13.16,-1.11664,0.150,0.372,0.000,-1.0000,-0.8995,TRACKING,R+C
1787000245.379,58.2,0.000,0.704,0.638,0.5774,-0.1368,-13.53,-1.14290,0.150,0.376,0.000,-1.0000,-0.8970,TRACKING,R+C
1787000245.395,58.2,0.000,0.703,0.635,0.5668,-0.1291,-14.32,-1.20916,0.150,0.380,0.000,-1.0000,-0.8945,TRACKING,R+C
1787000245.410,58.2,0.000,0.703,0.632,0.5594,-0.1226,-15.83,-1.29747,0.150,0.383,0.000,-1.0000,-0.8921,TRACKING,R+C
1787000245.426,58.2,0.000,0.707,0.634,0.5507,-0.1161,-17.64,-1.39829,0.150,0.386,0.000,-1.0000,-0.8898,TRACKING,R+C
1787000245.440,58.2,0.000,0.702,0.629,0.5426,-0.1018,-16.29,-1.38059,0.150,0.390,0.000,-1.0000,-0.8876,TRACKING,R+C
1787000245.457,58.2,0.794,0.699,0.629,0.4852,-0.0910,-16.87,-1.45039,0.150,0.393,0.000,-0.9282,-0.8331,TRACKING,L+C+R_fused
1787000245.474,58.2,0.922,0.706,0.625,0.5038,-0.0805,-16.98,-1.49514,0.150,0.396,0.000,-0.8218,-0.7456,TRACKING,L+C+R_fused
1787000245.489,58.2,0.921,0.716,0.630,0.5240,-0.0719,-16.93,-1.53362,0.150,0.398,0.000,-0.7267,-0.6615,TRACKING,L+C+R_fused
1787000245.521,58.2,0.917,0.724,0.631,0.5223,-0.0655,-16.77,-1.57040,0.150,0.401,0.000,-0.6550,-0.5952,TRACKING,L+C+R_fused
1787000245.553,58.2,0.935,0.730,0.632,0.5100,-0.0632,-17.32,-1.66929,0.150,0.403,0.000,-0.6222,-0.5606,TRACKING,L+C+R_fused
1787000245.583,58.2,0.848,0.726,0.634,0.4755,-0.0584,-15.59,-1.67462,0.150,0.406,0.000,-0.6143,-0.5492,TRACKING,L+C+R_fused
1787000245.596,58.2,0.000,0.729,0.641,0.5244,-0.0548,-14.55,-1.70529,0.150,0.408,0.000,-0.6039,-0.5395,TRACKING,R+C
1787000245.611,58.2,0.000,0.729,0.634,0.5256,-0.0487,-13.12,-1.69955,0.150,0.410,0.000,-0.5667,-0.5102,TRACKING,R+C
1787000245.629,58.2,0.000,0.727,0.653,0.5237,-0.0405,-11.75,-1.68555,0.150,0.412,0.000,-0.4918,-0.4503,TRACKING,R+C
1787000245.644,58.2,0.000,0.725,0.653,0.5230,-0.0299,-11.01,-1.69557,0.150,0.414,0.000,-0.3536,-0.3392,TRACKING,R+C
1787000245.661,58.2,0.950,0.727,0.658,0.5282,-0.0180,-9.62,-1.67457,0.150,0.416,0.000,-0.2057,-0.2132,TRACKING,L+C+R_fused
1787000245.677,58.2,0.935,0.726,0.687,0.5031,-0.0054,-7.94,-1.63538,0.150,0.417,0.000,-0.0485,-0.0777,TRACKING,L+C+R_fused
1787000245.691,58.2,0.931,0.733,0.858,0.5181,0.0038,-6.87,-1.61468,0.150,0.419,0.000,0.0720,0.0325,TRACKING,L+C+R_fused
1787000245.709,58.2,0.920,0.736,0.708,0.5167,0.0105,-5.79,-1.60819,0.150,0.421,0.000,0.1439,0.1025,TRACKING,L+C+R_fused
1787000245.720,58.2,0.936,0.734,0.676,0.5057,0.0136,-4.89,-1.60568,0.150,0.422,0.000,0.1613,0.1256,TRACKING,L+C+R_fused
1787000245.737,58.2,0.955,0.735,0.703,0.5105,0.0139,-4.21,-1.61909,0.150,0.423,0.000,0.1348,0.1085,TRACKING,L+C+R_fused
1787000245.751,58.2,0.000,0.737,0.862,0.4893,0.0137,-3.44,-1.63241,0.150,0.425,0.000,0.0941,0.0748,TRACKING,R+C
1787000245.767,58.2,0.000,0.738,0.693,0.5648,0.0142,-1.70,-1.57651,0.150,0.426,0.000,0.0377,0.0271,TRACKING,R+C
1787000245.782,56.9,0.000,0.736,0.699,0.5897,0.0124,-0.53,-1.55302,0.150,0.427,0.000,-0.0420,-0.0398,TRACKING,R+C
1787000245.797,56.9,0.000,0.733,0.739,0.4983,0.0096,0.46,-1.55124,0.150,0.428,0.000,-0.1344,-0.1180,TRACKING,R+C
1787000245.813,56.9,0.000,0.733,0.843,0.5200,0.0061,0.93,-1.59150,0.150,0.429,0.000,-0.2239,-0.1956,TRACKING,R+C
1787000245.828,56.9,0.000,0.734,0.840,0.5260,0.0022,1.32,-1.60636,0.150,0.430,0.000,-0.3099,-0.2699,TRACKING,R+C
1787000245.847,56.9,0.000,0.734,0.840,0.5260,0.0017,1.05,-1.28509,0.150,0.431,0.000,-0.3099,-0.2806,TRACKING,prediction
1787000245.863,56.9,0.000,0.734,0.840,0.5260,0.0014,0.84,-1.02807,0.150,0.432,0.000,-0.3099,-0.2821,TRACKING,prediction
1787000245.879,56.9,0.000,0.734,0.840,0.5260,0.0011,0.67,-0.82246,0.150,0.433,0.000,-0.3099,-0.2822,TRACKING,prediction
1787000245.894,56.9,0.000,0.734,0.840,0.5260,0.0009,0.54,-0.65796,0.150,0.434,0.000,-0.3099,-0.2820,TRACKING,prediction
1787000245.909,56.9,0.000,0.734,0.840,0.5260,0.0007,0.43,-0.52637,0.150,0.435,0.000,-0.3099,-0.2819,TRACKING,prediction
1787000245.923,56.9,0.000,0.759,0.796,0.5854,-0.0250,7.36,-1.31832,0.150,0.436,0.000,-0.8586,-0.6770,TRACKING,R+C
1787000245.940,56.9,0.000,0.759,0.796,0.5854,-0.0200,5.89,-1.05466,0.150,0.436,0.000,-0.8586,-0.7344,TRACKING,prediction
1787000245.952,56.9,0.000,0.768,0.795,0.5999,-0.0311,9.06,-1.17042,0.150,0.437,0.000,-0.9486,-0.8063,TRACKING,R+C
1787000245.967,56.9,0.000,0.768,0.795,0.5999,-0.0249,7.24,-0.93633,0.150,0.438,0.000,-0.9486,-0.8166,TRACKING,prediction
1787000245.981,56.9,0.000,0.768,0.795,0.5999,-0.0199,5.80,-0.74907,0.150,0.438,0.000,-0.9486,-0.8179,TRACKING,prediction
1787000245.995,56.9,0.000,0.768,0.795,0.5999,-0.0159,4.64,-0.59925,0.150,0.439,0.000,-0.9486,-0.8178,TRACKING,prediction
1787000246.018,56.9,0.000,0.768,0.795,0.5999,-0.0128,3.71,-0.47940,0.150,0.439,0.000,-0.9486,-0.8176,TRACKING,prediction
1787000246.036,56.9,0.000,0.768,0.795,0.5999,-0.0102,2.97,-0.38352,0.150,0.440,0.000,-0.9486,-0.8173,TRACKING,prediction
1787000246.052,56.9,0.000,0.768,0.795,0.5999,-0.0082,2.37,-0.30682,0.150,0.440,0.000,-0.9486,-0.8170,TRACKING,prediction
1787000246.064,56.9,0.000,0.780,0.790,0.6050,-0.0379,10.98,-0.99228,0.150,0.441,0.000,-1.0000,-0.8530,TRACKING,R+C
1787000246.079,56.9,0.000,0.780,0.790,0.6050,-0.0303,8.79,-0.79382,0.150,0.441,0.000,-1.0000,-0.8580,TRACKING,prediction
1787000246.094,56.9,0.000,0.781,0.786,0.6096,-0.0380,10.64,-0.99364,0.150,0.442,0.000,-1.0000,-0.8585,TRACKING,R+C
1787000246.112,56.9,0.000,0.781,0.786,0.6096,-0.0304,8.51,-0.79491,0.150,0.442,0.000,-1.0000,-0.8584,TRACKING,prediction
1787000246.141,56.9,0.000,0.780,0.796,0.6001,-0.0326,11.02,-0.92011,0.150,0.443,0.000,-0.9856,-0.8478,TRACKING,R+C
1787000246.158,56.9,0.000,0.780,0.796,0.6001,-0.0261,8.82,-0.73609,0.150,0.443,0.000,-0.9856,-0.8461,TRACKING,prediction
1787000246.173,56.9,0.000,0.780,0.796,0.6001,-0.0209,7.05,-0.58887,0.150,0.443,0.000,-0.9856,-0.8457,TRACKING,prediction
1787000246.189,56.9,0.000,0.783,0.797,0.5942,-0.0318,10.96,-0.88897,0.150,0.444,0.000,-0.9738,-0.8372,TRACKING,R+C
1787000246.204,56.9,0.000,0.788,0.797,0.5978,-0.0350,11.29,-0.83751,0.150,0.444,0.000,-1.0000,-0.8541,TRACKING,R+C
1787000246.219,56.9,0.000,0.788,0.797,0.5978,-0.0280,9.03,-0.67001,0.150,0.444,0.000,-1.0000,-0.8565,TRACKING,prediction
1787000246.237,56.9,0.000,0.788,0.797,0.5978,-0.0224,7.22,-0.53601,0.150,0.445,0.000,-1.0000,-0.8567,TRACKING,prediction
1787000246.251,56.9,0.000,0.788,0.797,0.5978,-0.0179,5.78,-0.42880,0.150,0.445,0.000,-1.0000,-0.8566,TRACKING,prediction
1787000246.269,56.9,0.000,0.788,0.797,0.5978,-0.0143,4.62,-0.34304,0.150,0.445,0.000,-1.0000,-0.8564,TRACKING,prediction
1787000246.283,56.9,0.000,0.788,0.797,0.5978,-0.0115,3.70,-0.27444,0.150,0.445,0.000,-1.0000,-0.8563,TRACKING,prediction
1787000246.300,56.9,0.000,0.788,0.797,0.5978,-0.0092,2.96,-0.21955,0.150,0.446,0.000,-1.0000,-0.8562,TRACKING,prediction
1787000246.316,56.9,0.000,0.788,0.797,0.5978,-0.0073,2.37,-0.17564,0.150,0.446,0.000,-1.0000,-0.8560,TRACKING,prediction
1787000246.345,56.9,0.000,0.788,0.797,0.5978,-0.0059,1.89,-0.14051,0.150,0.446,0.000,-1.0000,-0.8559,TRACKING,prediction
1787000246.361,56.9,0.000,0.788,0.797,0.5978,-0.0047,1.51,-0.11241,0.150,0.446,0.000,-1.0000,-0.8558,TRACKING,prediction
1787000246.376,56.9,0.000,0.788,0.797,0.5978,-0.0038,1.21,-0.08993,0.150,0.440,0.000,-1.0000,-0.8557,TRACKING,prediction
1787000246.389,56.9,0.000,0.715,0.794,0.5522,-0.0198,6.17,-1.07816,0.150,0.441,0.000,-0.7332,-0.6692,TRACKING,R+C
1787000246.407,56.9,0.000,0.715,0.794,0.5522,-0.0158,4.94,-0.86253,0.150,0.441,0.000,-0.7332,-0.6413,TRACKING,prediction
1787000246.421,56.9,0.000,0.715,0.794,0.5522,-0.0127,3.95,-0.69003,0.150,0.442,0.000,-0.7332,-0.6370,TRACKING,prediction
1787000246.439,56.9,0.000,0.715,0.794,0.5522,-0.0101,3.16,-0.55202,0.150,0.442,0.000,-0.7332,-0.6362,TRACKING,prediction
1787000246.454,56.9,0.000,0.799,0.816,0.5368,0.0009,9.65,-0.74988,0.150,0.443,0.000,-0.5287,-0.4890,TRACKING,R+C
1787000246.468,56.9,0.000,0.799,0.816,0.5368,0.0008,7.72,-0.59991,0.150,0.443,0.000,-0.5287,-0.4672,TRACKING,prediction
1787000246.487,56.9,0.000,0.799,0.816,0.5368,0.0006,6.17,-0.47993,0.150,0.443,0.000,-0.5287,-0.4639,TRACKING,prediction
1787000246.517,56.9,0.000,0.799,0.816,0.5368,0.0005,4.94,-0.38394,0.150,0.444,0.000,-0.5287,-0.4633,TRACKING,prediction
1787000246.532,56.9,0.000,0.799,0.816,0.5368,0.0004,3.95,-0.30715,0.150,0.444,0.000,-0.5287,-0.4631,TRACKING,prediction
1787000246.548,56.9,0.000,0.799,0.816,0.5368,0.0003,3.16,-0.24572,0.150,0.444,0.000,-0.5287,-0.4630,TRACKING,prediction
1787000246.563,56.9,0.000,0.799,0.816,0.5368,0.0002,2.53,-0.19658,0.150,0.445,0.000,-0.5287,-0.4629,TRACKING,prediction
1787000246.578,56.9,0.000,0.799,0.816,0.5368,0.0002,2.02,-0.15726,0.150,0.445,0.000,-0.5287,-0.4628,TRACKING,prediction
1787000246.597,56.9,0.000,0.799,0.816,0.5368,0.0002,1.62,-0.12581,0.150,0.445,0.000,-0.5287,-0.4627,TRACKING,prediction
1787000246.626,56.9,0.000,0.806,0.765,0.5730,-0.0489,11.26,-0.52651,0.150,0.445,0.000,-1.0000,-0.7987,TRACKING,R+C
1787000246.640,56.9,0.000,0.830,0.780,0.5762,-0.0516,11.11,-0.52107,0.150,0.446,0.000,-1.0000,-0.8477,TRACKING,R+C
1787000246.655,56.9,0.000,0.830,0.780,0.5762,-0.0413,8.89,-0.41686,0.150,0.446,0.000,-1.0000,-0.8549,TRACKING,prediction
1787000246.673,56.9,0.000,0.831,0.796,0.5654,-0.0471,11.04,-0.47021,0.153,0.446,0.000,-1.0000,-0.8555,TRACKING,R+C
1787000246.688,56.9,0.000,0.838,0.812,0.5588,-0.0425,10.86,-0.44502,0.155,0.446,0.000,-0.9769,-0.8392,TRACKING,R+C
1787000246.703,56.9,0.000,0.814,0.801,0.5545,-0.0375,10.44,-0.45378,0.155,0.446,0.000,-0.9321,-0.8051,TRACKING,R+C
1787000246.718,56.9,0.000,0.814,0.801,0.5545,-0.0300,8.35,-0.36303,0.155,0.447,0.000,-0.9321,-0.7999,TRACKING,prediction
1787000246.734,56.9,0.000,0.809,0.799,0.5471,-0.0262,9.79,-0.47587,0.152,0.447,0.000,-0.8233,-0.7218,TRACKING,R+C
1787000246.750,56.9,0.000,0.809,0.799,0.5471,-0.0209,7.83,-0.38069,0.152,0.447,0.000,-0.8233,-0.7102,TRACKING,prediction
1787000246.764,56.9,0.000,0.819,0.800,0.5334,-0.0170,9.39,-0.47165,0.153,0.447,0.000,-0.7022,-0.6221,TRACKING,R+C
1787000246.781,56.9,0.000,0.819,0.800,0.5334,-0.0136,7.51,-0.37732,0.153,0.447,0.000,-0.7022,-0.6090,TRACKING,prediction
1787000246.796,60.2,0.000,0.819,0.800,0.5334,-0.0109,6.01,-0.30186,0.153,0.447,0.000,-0.7022,-0.6070,TRACKING,prediction
1787000246.815,60.2,0.374,0.822,0.803,0.4528,-0.0079,8.08,-0.53030,0.150,0.447,0.000,-0.5630,-0.5065,TRACKING,L+C+R_fused
1787000246.842,60.2,0.374,0.822,0.803,0.4528,-0.0063,6.47,-0.42424,0.150,0.448,0.000,-0.5630,-0.4917,TRACKING,prediction
1787000246.858,60.2,0.374,0.822,0.803,0.4528,-0.0050,5.17,-0.33939,0.150,0.448,0.000,-0.5630,-0.4894,TRACKING,prediction
1787000246.872,60.2,0.000,0.820,0.799,0.5233,-0.0134,7.96,-0.54598,0.150,0.448,0.000,-0.6379,-0.5428,TRACKING,R+C
1787000246.888,60.2,0.000,0.820,0.799,0.5233,-0.0107,6.36,-0.43679,0.150,0.448,0.000,-0.6379,-0.5507,TRACKING,prediction
1787000246.904,60.2,0.000,0.820,0.799,0.5233,-0.0086,5.09,-0.34943,0.150,0.448,0.000,-0.6379,-0.5518,TRACKING,prediction
1787000246.922,60.2,0.000,0.820,0.799,0.5233,-0.0069,4.07,-0.27954,0.150,0.448,0.000,-0.6379,-0.5519,TRACKING,prediction
1787000246.951,60.2,0.747,0.815,0.786,0.4504,-0.0089,6.92,-0.61512,0.150,0.448,0.000,-0.5470,-0.4868,TRACKING,L+C+R_fused
1787000246.966,60.2,0.000,0.804,0.792,0.5190,-0.0014,7.20,-0.57925,0.150,0.448,0.000,-0.4382,-0.3987,TRACKING,R+C
1787000246.981,60.2,0.376,0.805,0.807,0.4296,0.0054,6.55,-0.63408,0.150,0.448,0.000,-0.3105,-0.2935,TRACKING,L+C+R_fused
1787000246.997,60.2,0.000,0.805,0.807,0.5022,0.0125,6.51,-0.63168,0.150,0.448,0.000,-0.1872,-0.1883,TRACKING,R+C
1787000247.014,60.2,0.377,0.814,0.806,0.4458,0.0176,6.94,-0.58055,0.150,0.449,0.000,-0.1082,-0.1150,TRACKING,L+C+R_fused
1787000247.025,60.2,0.376,0.817,0.805,0.4827,0.0208,6.55,-0.63168,0.150,0.449,0.000,-0.0429,-0.0568,TRACKING,L+C+R_fused
1787000247.052,60.2,0.373,0.822,0.809,0.5006,0.0226,7.02,-0.59561,0.150,0.449,0.000,-0.0267,-0.0362,TRACKING,L+C+R_fused
1787000247.067,60.2,0.377,0.822,0.807,0.4871,0.0209,7.05,-0.60477,0.150,0.449,0.000,-0.0592,-0.0571,TRACKING,L+C+R_fused
1787000247.084,60.2,0.377,0.819,0.811,0.4875,0.0190,6.78,-0.64086,0.150,0.449,0.000,-0.0879,-0.0813,TRACKING,L+C+R_fused
1787000247.100,60.2,0.377,0.823,0.815,0.4477,0.0191,7.46,-0.58128,0.150,0.449,0.000,-0.1062,-0.0980,TRACKING,L+C+R_fused
1787000247.121,60.2,0.370,0.824,0.816,0.5086,0.0189,7.27,-0.58895,0.150,0.449,0.000,-0.1010,-0.0966,TRACKING,L+C+R_fused
1787000247.136,60.2,0.370,0.817,0.820,0.5066,0.0190,7.45,-0.59630,0.150,0.449,0.000,-0.1091,-0.1026,TRACKING,L+C+R_fused
1787000247.154,60.2,0.000,0.818,0.817,0.5069,0.0170,7.35,-0.62022,0.150,0.449,0.000,-0.1440,-0.1290,TRACKING,R+C
1787000247.167,60.2,0.000,0.817,0.815,0.5104,0.0141,7.53,-0.61174,0.150,0.449,0.000,-0.2020,-0.1751,TRACKING,R+C
1787000247.181,60.2,0.000,0.822,0.817,0.5139,0.0110,7.88,-0.59091,0.150,0.449,0.000,-0.2673,-0.2293,TRACKING,R+C
1787000247.196,60.2,0.372,0.821,0.808,0.5294,0.0094,8.01,-0.60318,0.150,0.449,0.000,-0.3022,-0.2626,TRACKING,L+C+R_fused
1787000247.214,60.2,0.372,0.821,0.808,0.5294,0.0075,6.41,-0.48254,0.150,0.422,0.000,-0.3022,-0.2675,TRACKING,prediction
1787000247.229,60.2,0.372,0.821,0.808,0.5294,0.0060,5.13,-0.38603,0.150,0.424,0.000,-0.3022,-0.2724,TRACKING,prediction
1787000247.245,60.2,0.615,0.814,0.820,0.5136,0.0155,7.85,-0.65554,0.150,0.425,0.000,-0.1997,-0.1976,TRACKING,L+C+R_fused
1787000247.258,60.2,0.875,0.814,0.817,0.4840,0.0213,7.56,-0.69261,0.150,0.426,0.000,-0.0928,-0.1076,TRACKING,L+C+R_fused
1787000247.272,60.2,0.903,0.817,0.819,0.4801,0.0260,7.35,-0.73525,0.150,0.428,0.000,-0.0069,-0.0309,TRACKING,L+C+R_fused
1787000247.292,60.2,0.944,0.819,0.824,0.4787,0.0284,6.51,-0.84882,0.150,0.429,0.000,0.0529,0.0247,TRACKING,L+C+R_fused
1787000247.307,60.2,0.950,0.827,0.831,0.4770,0.0320,7.57,-0.73560,0.150,0.430,0.000,0.0899,0.0611,TRACKING,L+C+R_fused
1787000247.325,60.2,0.943,0.814,0.828,0.4787,0.0349,5.96,-0.89666,0.150,0.431,0.000,0.1832,0.1358,TRACKING,L+C+R_fused
1787000247.338,60.2,0.934,0.808,0.822,0.4804,0.0411,5.76,-0.91300,0.150,0.432,0.000,0.2954,0.2308,TRACKING,L+C+R_fused
1787000247.353,60.2,0.929,0.802,0.820,0.4839,0.0496,6.04,-0.89288,0.150,0.433,0.000,0.4270,0.3433,TRACKING,L+C+R_fused
1787000247.379,60.2,0.918,0.802,0.836,0.4850,0.0578,6.15,-0.88385,0.150,0.433,0.000,0.5479,0.4504,TRACKING,L+C+R_fused
1787000247.395,60.2,0.912,0.805,0.839,0.4822,0.0659,6.29,-0.86878,0.150,0.434,0.000,0.6575,0.5474,TRACKING,L+C+R_fused
1787000247.426,60.2,0.903,0.810,0.852,0.4804,0.0729,6.42,-0.85112,0.150,0.435,0.000,0.7451,0.6260,TRACKING,L+C+R_fused
1787000247.440,60.2,0.908,0.812,0.860,0.4795,0.0785,6.33,-0.87127,0.150,0.436,0.000,0.8107,0.6855,TRACKING,L+C+R_fused
1787000247.458,60.2,0.898,0.818,0.882,0.4793,0.0814,6.55,-0.86032,0.150,0.437,0.000,0.8384,0.7142,TRACKING,L+C+R_fused
1787000247.474,60.2,0.890,0.817,0.856,0.4801,0.0821,6.34,-0.89805,0.150,0.437,0.000,0.8469,0.7244,TRACKING,L+C+R_fused
1787000247.489,60.2,0.885,0.811,0.852,0.4897,0.0850,6.85,-0.87176,0.150,0.438,0.000,0.8674,0.7405,TRACKING,L+C+R_fused
1787000247.505,60.2,0.877,0.806,0.860,0.4836,0.0876,7.38,-0.86216,0.150,0.438,0.000,0.8804,0.7521,TRACKING,L+C+R_fused
1787000247.521,60.2,0.886,0.808,0.855,0.4845,0.0901,7.92,-0.83167,0.150,0.439,0.000,0.8950,0.7642,TRACKING,L+C+R_fused
1787000247.534,60.2,0.879,0.807,0.864,0.4849,0.0924,8.17,-0.82802,0.150,0.440,0.000,0.9123,0.7783,TRACKING,L+C+R_fused
1787000247.550,60.2,0.872,0.803,0.855,0.4832,0.0924,8.32,-0.84659,0.150,0.440,0.000,0.9061,0.7756,TRACKING,L+C+R_fused
1787000247.567,60.2,0.859,0.793,0.862,0.4868,0.0897,8.11,-0.89686,0.150,0.441,0.000,0.8786,0.7549,TRACKING,L+C+R_fused
1787000247.597,60.2,0.883,0.796,0.871,0.4901,0.0868,7.86,-0.93251,0.150,0.441,0.000,0.8510,0.7314,TRACKING,L+C+R_fused
1787000247.612,60.2,0.907,0.790,0.869,0.4992,0.0837,7.90,-0.95267,0.150,0.442,0.000,0.8133,0.7002,TRACKING,L+C+R_fused
1787000247.627,60.2,0.895,0.787,0.863,0.4996,0.0818,8.70,-0.91835,0.150,0.442,0.000,0.7718,0.6650,TRACKING,L+C+R_fused
1787000247.641,60.2,0.905,0.780,0.863,0.5056,0.0786,8.81,-0.93988,0.150,0.442,0.000,0.7261,0.6260,TRACKING,L+C+R_fused
1787000247.656,60.2,0.931,0.784,0.853,0.5055,0.0754,9.46,-0.91214,0.150,0.443,0.000,0.6674,0.5767,TRACKING,L+C+R_fused
1787000247.671,60.2,0.956,0.776,0.852,0.5025,0.0719,9.58,-0.93836,0.150,0.443,0.000,0.6120,0.5274,TRACKING,L+C+R_fused
1787000247.688,60.2,0.000,0.774,0.868,0.4646,0.0680,9.55,-0.98339,0.150,0.443,0.000,0.5507,0.4740,TRACKING,R+C
1787000247.703,60.2,0.000,0.772,0.840,0.4851,0.0627,8.69,-1.09611,0.150,0.444,0.000,0.4878,0.4186,TRACKING,R+C
1787000247.719,60.2,0.000,0.767,0.839,0.4797,0.0596,9.29,-1.10385,0.150,0.444,0.000,0.4136,0.3548,TRACKING,R+C
1787000247.735,60.2,0.000,0.765,0.836,0.4968,0.0549,9.70,-1.11243,0.150,0.444,0.000,0.3165,0.2729,TRACKING,R+C
1787000247.749,60.2,0.000,0.763,0.844,0.4988,0.0488,10.00,-1.11822,0.150,0.445,0.000,0.1985,0.1730,TRACKING,R+C
1787000247.766,60.2,0.000,0.763,0.838,0.5119,0.0430,10.25,-1.14361,0.150,0.445,0.000,0.0810,0.0707,TRACKING,R+C
1787000247.781,60.2,0.000,0.767,0.838,0.5144,0.0391,10.44,-1.15815,0.150,0.445,0.000,-0.0005,-0.0050,TRACKING,R+C
1787000247.796,59.0,0.000,0.763,0.835,0.5142,0.0360,9.13,-1.31653,0.150,0.445,0.000,-0.0239,-0.0338,TRACKING,R+C
1787000247.812,59.0,0.000,0.761,0.833,0.5253,0.0367,8.90,-1.36136,0.150,0.446,0.000,-0.0088,-0.0273,TRACKING,R+C
1787000247.828,59.0,0.000,0.759,0.826,0.5290,0.0415,10.38,-1.21662,0.150,0.446,0.000,0.0328,0.0049,TRACKING,R+C
1787000247.846,59.0,0.000,0.759,0.826,0.5290,0.0332,8.30,-0.97330,0.150,0.446,0.000,0.0328,0.0095,TRACKING,prediction
1787000247.876,59.0,0.000,0.759,0.826,0.5290,0.0265,6.64,-0.77864,0.150,0.446,0.000,0.0328,0.0102,TRACKING,prediction
1787000247.900,59.0,0.000,0.759,0.826,0.5290,0.0212,5.31,-0.62291,0.150,0.446,0.000,0.0328,0.0103,TRACKING,prediction
1787000247.916,59.0,0.000,0.759,0.826,0.5290,0.0170,4.25,-0.49833,0.150,0.447,0.000,0.0328,0.0104,TRACKING,prediction
1787000247.929,59.0,0.000,0.759,0.826,0.5290,0.0136,3.40,-0.39866,0.150,0.447,0.000,0.0328,0.0104,TRACKING,prediction
1787000247.950,59.0,0.000,0.759,0.826,0.5290,0.0109,2.72,-0.31893,0.150,0.447,0.000,0.0328,0.0104,TRACKING,prediction
1787000247.963,59.0,0.000,0.741,0.803,0.5601,0.0245,11.62,-1.30591,0.150,0.447,0.000,-0.3384,-0.2603,TRACKING,R+C
1787000247.976,59.0,0.000,0.735,0.800,0.5734,0.0190,11.34,-1.40169,0.150,0.447,0.000,-0.4312,-0.3663,TRACKING,R+C
1787000247.992,59.0,0.000,0.735,0.800,0.5734,0.0152,9.07,-1.12135,0.150,0.447,0.000,-0.4312,-0.3819,TRACKING,prediction
1787000248.010,59.0,0.000,0.735,0.800,0.5734,0.0122,7.26,-0.89708,0.150,0.448,0.000,-0.4312,-0.3842,TRACKING,prediction
1787000248.022,59.0,0.000,0.750,0.792,0.5792,0.0153,11.26,-1.53855,0.150,0.448,0.000,-0.5087,-0.4406,TRACKING,R+C
1787000248.036,59.0,0.000,0.739,0.792,0.5774,0.0166,12.17,-1.47686,0.150,0.448,0.000,-0.5169,-0.4546,TRACKING,R+C
1787000248.050,59.0,0.000,0.734,0.784,0.5859,0.0143,12.06,-1.52253,0.150,0.448,0.000,-0.5540,-0.4832,TRACKING,R+C
1787000248.060,59.0,0.000,0.721,0.787,0.5981,0.0082,12.34,-1.55126,0.150,0.448,0.000,-0.6543,-0.5586,TRACKING,R+C
1787000248.077,59.0,0.000,0.721,0.786,0.6088,0.0007,12.77,-1.54656,0.150,0.448,0.000,-0.7638,-0.6469,TRACKING,R+C
1787000248.094,59.0,0.000,0.731,0.783,0.6151,-0.0058,13.03,-1.55752,0.150,0.448,0.000,-0.8468,-0.7182,TRACKING,R+C
1787000248.108,59.0,0.000,0.733,0.784,0.6242,-0.0101,12.13,-1.73285,0.150,0.448,0.000,-0.8854,-0.7560,TRACKING,R+C
1787000248.123,59.0,0.000,0.724,0.785,0.6256,-0.0093,12.94,-1.70239,0.150,0.448,0.000,-0.8976,-0.7701,TRACKING,R+C
1787000248.136,59.0,0.000,0.726,0.781,0.6290,-0.0085,13.33,-1.67502,0.150,0.448,0.000,-0.8980,-0.7724,TRACKING,R+C
1787000248.150,59.0,0.000,0.723,0.778,0.6344,-0.0085,13.96,-1.59961,0.150,0.449,0.000,-0.9080,-0.7796,TRACKING,R+C
1787000248.166,59.0,0.000,0.719,0.786,0.6395,-0.0127,13.92,-1.63858,0.150,0.449,0.000,-0.9516,-0.8111,TRACKING,R+C
1787000248.185,59.0,0.000,0.720,0.789,0.6532,-0.0230,12.09,-1.90436,0.150,0.449,0.000,-1.0000,-0.8495,TRACKING,R+C
1787000248.199,59.0,0.000,0.724,0.783,0.6653,-0.0280,14.71,-1.64950,0.150,0.449,0.000,-1.0000,-0.8555,TRACKING,R+C
1787000248.215,59.0,0.000,0.731,0.780,0.6719,-0.0350,16.04,-1.50783,0.150,0.449,0.000,-1.0000,-0.8567,TRACKING,R+C
1787000248.235,59.0,0.000,0.731,0.780,0.6719,-0.0280,12.83,-1.20627,0.150,0.449,0.000,-1.0000,-0.8568,TRACKING,prediction
1787000248.250,59.0,0.000,0.731,0.780,0.6719,-0.0224,10.27,-0.96501,0.150,0.449,0.000,-1.0000,-0.8568,TRACKING,prediction
1787000248.265,59.0,0.000,0.745,0.785,0.6964,-0.0443,19.79,-0.99818,0.150,0.449,0.000,-1.0000,-0.8572,TRACKING,R+C
1787000248.276,59.0,0.000,0.740,0.781,0.7009,-0.0464,22.45,-0.63580,0.150,0.449,0.000,-1.0000,-0.8572,TRACKING,R+C
1787000248.289,59.0,0.000,0.745,0.785,0.7076,-0.0524,23.12,-0.52462,0.150,0.449,0.000,-1.0000,-0.8574,TRACKING,R+C
1787000248.309,59.0,0.000,0.745,0.785,0.7076,-0.0419,18.49,-0.41969,0.150,0.449,0.000,-1.0000,-0.8574,TRACKING,prediction
1787000248.325,59.0,0.000,0.765,0.773,0.7307,-0.0671,25.33,-0.19905,0.180,0.449,0.000,-1.0000,-0.8579,TRACKING,R+C
1787000248.338,59.0,0.000,0.773,0.770,0.7365,-0.0709,26.10,-0.06357,0.194,0.449,0.000,-1.0000,-0.8579,TRACKING,R+C
1787000248.355,59.0,0.000,0.773,0.770,0.7365,-0.0567,20.88,-0.05085,0.194,0.449,0.000,-1.0000,-0.8579,TRACKING,prediction
1787000248.379,59.0,0.000,0.777,0.768,0.7378,-0.0798,25.57,0.06585,0.193,0.449,0.000,-1.0000,-0.8578,TRACKING,R+C
1787000248.395,59.0,0.000,0.774,0.759,0.7412,-0.0860,25.24,0.13059,0.187,0.449,0.000,-1.0000,-0.8579,TRACKING,R+C
1787000248.413,59.0,0.000,0.774,0.759,0.7412,-0.0688,20.19,0.10447,0.187,0.449,0.000,-1.0000,-0.8578,TRACKING,prediction
1787000248.428,59.0,0.000,0.774,0.759,0.7412,-0.0551,16.16,0.08358,0.187,0.449,0.000,-1.0000,-0.8578,TRACKING,prediction
1787000248.446,59.0,0.000,0.774,0.759,0.7412,-0.0440,12.92,0.06686,0.187,0.449,0.000,-1.0000,-0.8578,TRACKING,prediction
1787000248.461,59.0,0.000,0.774,0.759,0.7412,-0.0352,10.34,0.05349,0.187,0.449,0.000,-1.0000,-0.8578,TRACKING,prediction
1787000248.476,59.0,0.000,0.774,0.759,0.7412,-0.0282,8.27,0.04279,0.187,0.449,0.000,-1.0000,-0.8578,TRACKING,prediction
1787000248.492,59.0,0.000,0.774,0.759,0.7412,-0.0225,6.62,0.03423,0.187,0.449,0.000,-1.0000,-0.8578,TRACKING,prediction
1787000248.512,59.0,0.000,0.774,0.759,0.7412,-0.0180,5.29,0.02739,0.187,0.450,0.000,-1.0000,-0.8577,TRACKING,prediction
1787000248.528,59.0,0.000,0.774,0.759,0.7412,-0.0144,4.24,0.02191,0.187,0.450,0.000,-1.0000,-0.8577,TRACKING,prediction
1787000248.545,59.0,0.000,0.774,0.759,0.7412,-0.0115,3.39,0.01753,0.187,0.445,0.000,-1.0000,-0.8577,TRACKING,prediction
1787000248.562,59.0,0.000,0.774,0.759,0.7412,-0.0092,2.71,0.01402,0.187,0.436,0.000,-1.0000,-0.8597,TRACKING,prediction
1787000248.591,59.0,0.000,0.774,0.759,0.7412,-0.0074,2.17,0.01122,0.187,0.423,0.000,-1.0000,-0.8644,TRACKING,prediction
1787000248.607,59.0,0.000,0.774,0.759,0.7412,-0.0059,1.73,0.00897,0.187,0.408,0.000,-1.0000,-0.8710,TRACKING,prediction
1787000248.624,59.0,0.000,0.774,0.759,0.7412,-0.0047,1.39,0.00718,0.187,0.380,0.000,-1.0000,-0.8788,UNCERTAIN,prediction
1787000248.649,59.0,0.000,0.774,0.759,0.7412,-0.0038,1.11,0.00574,0.187,0.360,0.000,-1.0000,-0.8925,UNCERTAIN,prediction
1787000248.664,59.0,0.000,0.819,0.720,0.6311,-0.1388,9.44,0.03217,0.197,0.365,0.000,-1.0000,-0.9028,TRACKING,R+C
1787000248.681,59.0,0.000,0.821,0.650,0.6112,-0.1358,9.02,0.06995,0.193,0.369,0.000,-1.0000,-0.9022,TRACKING,R+C
1787000248.698,59.0,0.000,0.821,0.650,0.6112,-0.1087,7.22,0.05596,0.193,0.373,0.000,-1.0000,-0.9002,TRACKING,prediction
1787000248.726,59.0,0.000,0.799,0.663,0.5951,-0.1317,6.61,-0.04374,0.196,0.377,0.000,-1.0000,-0.8976,TRACKING,R+C
1787000248.742,59.0,0.000,0.798,0.661,0.5872,-0.1287,6.06,-0.03680,0.196,0.381,0.000,-1.0000,-0.8953,TRACKING,R+C
1787000248.757,59.0,0.000,0.774,0.681,0.5811,-0.1290,2.46,-0.30874,0.169,0.384,0.000,-1.0000,-0.8932,TRACKING,R+C
1787000248.775,59.0,0.000,0.774,0.681,0.5811,-0.1032,1.97,-0.24699,0.169,0.387,0.000,-1.0000,-0.8913,TRACKING,prediction
1787000248.790,59.0,0.000,0.774,0.681,0.5811,-0.0826,1.57,-0.19760,0.169,0.391,0.000,-1.0000,-0.8895,TRACKING,prediction
1787000248.805,59.5,0.000,0.776,0.676,0.5644,-0.1143,1.31,-0.28308,0.172,0.394,0.000,-1.0000,-0.8869,TRACKING,R+C
1787000248.820,59.5,0.000,0.765,0.689,0.5604,-0.1092,0.26,-0.33644,0.166,0.396,0.000,-1.0000,-0.8850,TRACKING,R+C
1787000248.836,59.5,0.000,0.757,0.808,0.5605,-0.1043,-1.24,-0.43118,0.157,0.399,0.000,-1.0000,-0.8831,TRACKING,R+C
1787000248.852,59.5,0.000,0.751,0.764,0.5502,-0.0990,-2.98,-0.55244,0.150,0.402,0.000,-1.0000,-0.8813,TRACKING,R+C
1787000248.867,59.5,0.000,0.747,0.816,0.5478,-0.0910,-3.22,-0.56473,0.150,0.404,0.000,-1.0000,-0.8795,TRACKING,R+C
1787000248.882,59.5,0.000,0.739,0.826,0.5420,-0.0832,-4.08,-0.63554,0.150,0.406,0.000,-1.0000,-0.8778,TRACKING,R+C
1787000248.908,59.5,0.000,0.739,0.826,0.5420,-0.0666,-3.26,-0.50843,0.150,0.392,0.000,-1.0000,-0.8765,TRACKING,prediction
1787000248.923,59.5,0.000,0.739,0.826,0.5420,-0.0533,-2.61,-0.40675,0.150,0.383,0.000,-1.0000,-0.8828,TRACKING,prediction
1787000248.950,59.5,0.000,0.745,0.852,0.5209,-0.0570,-5.56,-0.74891,0.150,0.376,0.000,-0.7832,-0.7277,TRACKING,R+C
1787000248.968,59.5,0.000,0.754,0.856,0.5126,-0.0511,-7.18,-0.89575,0.150,0.380,0.000,-0.6789,-0.6290,TRACKING,R+C
1787000248.980,59.5,0.000,0.751,0.865,0.5056,-0.0451,-7.98,-1.01428,0.150,0.383,0.000,-0.5880,-0.5452,TRACKING,R+C
1787000248.997,59.5,0.000,0.754,0.868,0.5030,-0.0419,-8.59,-1.10251,0.150,0.386,0.000,-0.5335,-0.4911,TRACKING,R+C
1787000249.017,59.5,0.642,0.759,0.869,0.4905,-0.0400,-8.33,-1.13918,0.150,0.390,0.000,-0.5200,-0.4724,TRACKING,L+C+R_fused
1787000249.031,59.5,0.724,0.759,0.870,0.4839,-0.0408,-8.67,-1.23376,0.150,0.393,0.000,-0.5353,-0.4806,TRACKING,L+C+R_fused
1787000249.043,59.5,0.000,0.766,0.866,0.5071,-0.0423,-9.18,-1.31590,0.150,0.396,0.000,-0.5515,-0.4934,TRACKING,R+C
1787000249.061,59.5,0.000,0.764,0.877,0.5114,-0.0416,-8.98,-1.36861,0.150,0.398,0.000,-0.5565,-0.4985,TRACKING,R+C
1787000249.077,59.5,0.000,0.774,0.866,0.5129,-0.0389,-8.22,-1.37717,0.150,0.401,0.000,-0.5455,-0.4905,TRACKING,R+C
1787000249.095,59.5,0.000,0.766,0.871,0.5153,-0.0348,-7.50,-1.40699,0.150,0.403,0.000,-0.5167,-0.4676,TRACKING,R+C
1787000249.107,59.5,0.000,0.766,0.874,0.5149,-0.0269,-6.48,-1.38570,0.150,0.406,0.000,-0.4294,-0.3990,TRACKING,R+C
1787000249.127,59.5,0.000,0.766,0.876,0.5124,-0.0161,-5.30,-1.34935,0.150,0.408,0.000,-0.2951,-0.2887,TRACKING,R+C
1787000249.149,59.5,0.000,0.761,0.891,0.5042,-0.0053,-5.60,-1.48083,0.150,0.410,0.000,-0.1203,-0.1427,TRACKING,R+C
1787000249.169,59.5,0.000,0.754,0.869,0.5066,0.0083,-3.82,-1.41567,0.150,0.412,0.000,0.0558,0.0110,TRACKING,R+C
1787000249.184,59.5,0.954,0.755,0.632,0.5032,0.0205,-3.06,-1.44056,0.150,0.414,0.000,0.2312,0.1662,TRACKING,L+C+R_fused
1787000249.199,59.5,0.942,0.757,0.293,0.5380,0.0326,-2.06,-1.42966,0.150,0.416,0.000,0.3946,0.3124,TRACKING,L+C+R_fused
1787000249.220,59.5,0.930,0.765,0.311,0.5303,0.0420,-0.90,-1.39271,0.150,0.417,0.000,0.5012,0.4142,TRACKING,L+C+R_fused
1787000249.235,59.5,0.944,0.753,0.000,0.5574,0.0461,-2.71,-1.67993,0.150,0.419,0.000,0.5840,0.4899,TRACKING,L+C
1787000249.247,59.5,0.936,0.773,0.000,0.5530,0.0521,0.79,-1.40359,0.150,0.421,0.000,0.5853,0.5025,TRACKING,L+C
1787000249.265,59.5,0.767,0.779,0.000,0.5500,0.0567,2.69,-1.30552,0.150,0.422,0.000,0.5968,0.5123,TRACKING,L+C
1787000249.283,59.5,0.943,0.760,0.373,0.4828,0.0572,0.69,-1.63013,0.150,0.423,0.000,0.6272,0.5344,TRACKING,L+C+R_fused
1787000249.299,59.5,0.951,0.765,0.000,0.5423,0.0619,2.85,-1.48727,0.150,0.425,0.000,0.6360,0.5443,TRACKING,L+C
1787000249.313,59.5,0.885,0.754,0.000,0.5301,0.0636,2.10,-1.63927,0.150,0.426,0.000,0.6640,0.5656,TRACKING,L+C
1787000249.328,59.5,0.000,0.743,0.378,0.4266,0.0634,2.66,-1.63308,0.150,0.427,0.000,0.6433,0.5524,TRACKING,R+C
1787000249.343,59.5,0.000,0.761,0.000,0.4266,0.0611,4.09,-1.56020,0.150,0.428,0.000,0.5700,0.4945,TRACKING,C_only
1787000249.359,59.5,0.000,0.759,0.379,0.4668,0.0611,6.83,-1.37161,0.150,0.429,0.000,0.4943,0.4289,TRACKING,R+C
1787000249.376,59.5,0.000,0.761,0.373,0.4603,0.0587,7.96,-1.31363,0.150,0.430,0.000,0.4202,0.3631,TRACKING,R+C
1787000249.388,59.5,0.000,0.759,0.000,0.4603,0.0554,8.32,-1.34616,0.150,0.431,0.000,0.3452,0.2963,TRACKING,C_only
1787000249.405,59.5,0.000,0.761,0.000,0.4603,0.0532,9.21,-1.29931,0.150,0.432,0.000,0.2772,0.2354,TRACKING,C_only
1787000249.415,59.5,0.000,0.762,0.000,0.4603,0.0530,9.83,-1.26606,0.150,0.433,0.000,0.2512,0.2068,TRACKING,C_only
1787000249.428,59.5,0.000,0.762,0.000,0.4603,0.0424,7.87,-1.01284,0.150,0.434,0.000,0.2512,0.2025,TRACKING,prediction
1787000249.453,59.5,0.000,0.760,0.373,0.4748,0.0583,11.70,-1.15059,0.150,0.435,0.000,0.2765,0.2205,TRACKING,R+C
1787000249.465,59.5,0.000,0.757,0.379,0.5602,0.0632,12.52,-1.07330,0.150,0.436,0.000,0.3342,0.2664,TRACKING,R+C
1787000249.484,59.5,0.000,0.759,0.379,0.5557,0.0667,13.13,-1.03241,0.150,0.436,0.000,0.3703,0.2999,TRACKING,R+C
1787000249.499,59.5,0.000,0.765,0.000,0.5557,0.0693,13.70,-0.98046,0.150,0.437,0.000,0.3975,0.3253,TRACKING,C_only
1787000249.516,59.5,0.000,0.765,0.000,0.5557,0.0555,10.96,-0.78437,0.150,0.438,0.000,0.3975,0.3288,TRACKING,prediction
1787000249.530,59.5,0.000,0.765,0.000,0.5557,0.0444,8.77,-0.62749,0.150,0.438,0.000,0.3975,0.3292,TRACKING,prediction
1787000249.548,59.5,0.000,0.765,0.000,0.5557,0.0355,7.01,-0.50199,0.150,0.439,0.000,0.3975,0.3292,TRACKING,prediction
1787000249.564,59.5,0.000,0.746,0.528,0.7643,0.0507,15.36,-0.90204,0.150,0.439,0.000,0.0135,0.0423,TRACKING,R+C
1787000249.577,59.5,0.000,0.746,0.528,0.7643,0.0406,12.29,-0.72163,0.150,0.440,0.000,0.0135,0.0005,TRACKING,prediction
1787000249.598,59.5,0.000,0.746,0.528,0.7643,0.0325,9.83,-0.57730,0.150,0.440,0.000,0.0135,-0.0058,TRACKING,prediction
1787000249.611,59.5,0.000,0.746,0.528,0.7643,0.0260,7.86,-0.46184,0.150,0.441,0.000,0.0135,-0.0067,TRACKING,prediction
1787000249.628,59.5,0.000,0.746,0.528,0.7643,0.0208,6.29,-0.36947,0.150,0.441,0.000,0.0135,-0.0069,TRACKING,prediction
1787000249.652,59.5,0.000,0.746,0.528,0.7643,0.0166,5.03,-0.29558,0.150,0.442,0.000,0.0135,-0.0069,TRACKING,prediction
1787000249.677,59.5,0.000,0.746,0.528,0.7643,0.0133,4.03,-0.23646,0.150,0.436,0.000,0.0135,-0.0069,TRACKING,prediction
1787000249.694,59.5,0.000,0.746,0.528,0.7643,0.0106,3.22,-0.18917,0.150,0.425,0.000,0.0135,-0.0069,TRACKING,prediction
1787000249.710,59.5,0.000,0.746,0.528,0.7643,0.0085,2.58,-0.15134,0.150,0.412,0.000,0.0135,-0.0070,TRACKING,prediction
1787000249.739,59.5,0.000,0.746,0.528,0.7643,0.0068,2.06,-0.12107,0.150,0.397,0.000,0.0135,-0.0071,TRACKING,prediction
1787000249.755,59.5,0.000,0.746,0.528,0.7643,0.0054,1.65,-0.09686,0.150,0.372,0.000,0.0135,-0.0073,UNCERTAIN,prediction
1787000249.770,59.5,0.000,0.746,0.528,0.7643,0.0044,1.32,-0.07748,0.150,0.355,0.000,0.0135,-0.0075,UNCERTAIN,prediction
1787000249.800,59.5,0.000,0.746,0.528,0.7643,0.0035,1.06,-0.06199,0.150,0.341,0.000,0.0135,-0.0076,UNCERTAIN,prediction
1787000249.819,58.2,0.000,0.746,0.528,0.7643,0.0028,0.84,-0.04959,0.150,0.327,0.000,0.0135,-0.0077,UNCERTAIN,prediction
1787000249.834,58.2,0.000,0.772,0.806,0.6354,-0.0345,15.10,-0.77604,0.150,0.333,0.000,-1.0000,-0.7498,TRACKING,R+C
1787000249.847,58.2,0.000,0.771,0.806,0.6327,-0.0377,14.12,-0.82915,0.150,0.339,0.000,-1.0000,-0.8925,TRACKING,R+C
1787000249.863,58.2,0.000,0.771,0.806,0.6327,-0.0302,11.30,-0.66332,0.150,0.345,0.000,-1.0000,-0.9112,TRACKING,prediction
1787000249.878,58.2,0.000,0.766,0.810,0.6412,-0.0501,14.10,-0.78230,0.150,0.350,0.000,-1.0000,-0.9118,TRACKING,R+C
1787000249.894,58.2,0.000,0.769,0.805,0.6500,-0.0599,13.89,-0.76973,0.150,0.355,0.000,-1.0000,-0.9098,TRACKING,R+C
1787000249.910,58.2,0.000,0.779,0.800,0.6554,-0.0677,14.48,-0.68837,0.150,0.360,0.000,-1.0000,-0.9074,TRACKING,R+C
1787000249.925,58.2,0.000,0.783,0.789,0.6557,-0.0761,13.40,-0.77200,0.150,0.364,0.000,-1.0000,-0.9051,TRACKING,R+C
1787000249.938,58.2,0.000,0.783,0.789,0.6557,-0.0609,10.72,-0.61760,0.150,0.369,0.000,-1.0000,-0.9026,TRACKING,prediction
1787000249.958,58.2,0.000,0.783,0.789,0.6557,-0.0487,8.58,-0.49408,0.150,0.373,0.000,-1.0000,-0.9003,TRACKING,prediction
1787000249.973,58.2,0.000,0.783,0.789,0.6557,-0.0389,6.86,-0.39526,0.150,0.377,0.000,-1.0000,-0.8981,TRACKING,prediction
1787000249.989,58.2,0.000,0.783,0.789,0.6557,-0.0312,5.49,-0.31621,0.150,0.380,0.000,-1.0000,-0.8960,TRACKING,prediction
1787000250.004,58.2,0.000,0.783,0.789,0.6557,-0.0249,4.39,-0.25297,0.150,0.384,0.000,-1.0000,-0.8940,TRACKING,prediction
1787000250.020,58.2,0.000,0.783,0.789,0.6557,-0.0199,3.51,-0.20237,0.150,0.387,0.000,-1.0000,-0.8921,TRACKING,prediction
1787000250.038,58.2,0.000,0.783,0.789,0.6557,-0.0160,2.81,-0.16190,0.150,0.390,0.000,-1.0000,-0.8903,TRACKING,prediction
1787000250.052,58.2,0.000,0.783,0.789,0.6557,-0.0128,2.25,-0.12952,0.150,0.393,0.000,-1.0000,-0.8886,TRACKING,prediction
1787000250.080,58.2,0.000,0.783,0.789,0.6557,-0.0102,1.80,-0.10362,0.150,0.396,0.000,-1.0000,-0.8870,TRACKING,prediction
1787000250.096,58.2,0.000,0.783,0.789,0.6557,-0.0082,1.44,-0.08289,0.150,0.397,0.000,-1.0000,-0.8856,TRACKING,prediction
1787000250.112,58.2,0.000,0.783,0.789,0.6557,-0.0065,1.15,-0.06631,0.150,0.397,0.000,-1.0000,-0.8847,TRACKING,prediction
1787000250.130,58.2,0.000,0.783,0.789,0.6557,-0.0052,0.92,-0.05305,0.150,0.393,0.000,-1.0000,-0.8845,TRACKING,prediction
1787000250.144,58.2,0.000,0.783,0.789,0.6557,-0.0042,0.74,-0.04244,0.150,0.384,0.000,-1.0000,-0.8865,TRACKING,prediction
1787000250.175,58.2,0.000,0.783,0.789,0.6557,-0.0033,0.59,-0.03395,0.150,0.363,0.000,-1.0000,-0.8909,UNCERTAIN,prediction
1787000250.189,58.2,0.000,0.783,0.789,0.6557,-0.0027,0.47,-0.02716,0.150,0.349,0.000,-1.0000,-0.9010,UNCERTAIN,prediction
1787000250.204,58.2,0.000,0.783,0.789,0.6557,-0.0021,0.38,-0.02173,0.150,0.338,0.000,-1.0000,-0.9091,UNCERTAIN,prediction
1787000250.217,58.2,0.000,0.783,0.789,0.6557,-0.0017,0.30,-0.01738,0.150,0.325,0.000,-1.0000,-0.9154,UNCERTAIN,prediction
1787000250.230,58.2,0.000,0.825,0.810,0.5804,-0.0832,7.41,-0.67611,0.150,0.331,0.000,-1.0000,-0.9213,TRACKING,R+C
1787000250.244,58.2,0.000,0.825,0.810,0.5804,-0.0666,5.93,-0.54089,0.150,0.333,0.000,-1.0000,-0.9194,TRACKING,prediction
1787000250.260,58.2,0.000,0.825,0.810,0.5804,-0.0532,4.74,-0.43271,0.150,0.334,0.000,-1.0000,-0.9185,TRACKING,prediction
1787000250.280,58.2,0.000,0.830,0.827,0.5720,-0.0796,7.03,-0.61693,0.150,0.335,0.000,-1.0000,-0.9175,TRACKING,R+C
1787000250.293,58.2,0.000,0.828,0.824,0.5746,-0.0825,6.90,-0.59714,0.150,0.337,0.000,-1.0000,-0.9168,TRACKING,R+C
1787000250.313,58.2,0.000,0.820,0.815,0.5729,-0.0905,4.28,-0.83831,0.150,0.338,0.000,-1.0000,-0.9163,TRACKING,R+C
1787000250.328,58.2,0.000,0.835,0.814,0.5737,-0.0920,6.13,-0.66612,0.150,0.343,0.000,-1.0000,-0.9158,TRACKING,R+C
1787000250.344,58.2,0.000,0.833,0.818,0.5734,-0.0940,5.86,-0.67370,0.150,0.349,0.000,-1.0000,-0.9132,TRACKING,R+C
1787000250.358,58.2,0.000,0.833,0.818,0.5734,-0.0752,4.69,-0.53896,0.150,0.354,0.000,-1.0000,-0.9103,TRACKING,prediction
1787000250.376,58.2,0.000,0.833,0.818,0.5734,-0.0601,3.75,-0.43117,0.150,0.359,0.000,-1.0000,-0.9076,TRACKING,prediction
1787000250.393,58.2,0.000,0.833,0.818,0.5734,-0.0481,3.00,-0.34494,0.150,0.363,0.000,-1.0000,-0.9050,TRACKING,prediction
1787000250.407,58.2,0.000,0.821,0.827,0.5585,-0.0788,4.74,-0.70622,0.150,0.367,0.000,-1.0000,-0.9018,TRACKING,R+C
1787000250.427,58.2,0.000,0.824,0.830,0.5511,-0.0751,4.07,-0.73295,0.150,0.372,0.000,-1.0000,-0.8992,TRACKING,R+C
1787000250.440,58.2,0.000,0.826,0.834,0.5458,-0.0689,4.83,-0.65825,0.150,0.376,0.000,-1.0000,-0.8967,TRACKING,R+C
1787000250.452,58.2,0.000,0.826,0.839,0.5429,-0.0662,4.74,-0.65434,0.150,0.379,0.000,-1.0000,-0.8944,TRACKING,R+C
1787000250.476,58.2,0.000,0.826,0.839,0.5429,-0.0530,3.79,-0.52347,0.150,0.383,0.000,-1.0000,-0.8924,TRACKING,prediction
1787000250.490,58.2,0.000,0.820,0.839,0.5367,-0.0654,4.68,-0.63424,0.150,0.386,0.000,-1.0000,-0.8903,TRACKING,R+C
1787000250.507,58.2,0.000,0.820,0.839,0.5367,-0.0523,3.74,-0.50739,0.150,0.389,0.000,-1.0000,-0.8885,TRACKING,prediction
1787000250.539,58.2,0.000,0.820,0.839,0.5367,-0.0418,2.99,-0.40591,0.150,0.392,0.000,-1.0000,-0.8867,TRACKING,prediction
1787000250.570,58.2,0.000,0.820,0.839,0.5367,-0.0335,2.40,-0.32473,0.150,0.395,0.000,-1.0000,-0.8851,TRACKING,prediction
1787000250.585,58.2,0.000,0.820,0.839,0.5367,-0.0268,1.92,-0.25978,0.150,0.398,0.000,-1.0000,-0.8835,TRACKING,prediction
1787000250.599,58.2,0.000,0.820,0.839,0.5367,-0.0214,1.53,-0.20783,0.150,0.401,0.000,-1.0000,-0.8820,TRACKING,prediction
1787000250.615,58.2,0.000,0.820,0.839,0.5367,-0.0171,1.23,-0.16626,0.150,0.403,0.000,-1.0000,-0.8805,TRACKING,prediction
1787000250.630,58.2,0.000,0.809,0.837,0.5409,-0.0686,3.76,-0.64477,0.150,0.405,0.000,-1.0000,-0.8791,TRACKING,R+C
1787000250.646,58.2,0.000,0.809,0.837,0.5409,-0.0548,3.01,-0.51581,0.150,0.408,0.000,-1.0000,-0.8778,TRACKING,prediction
1787000250.661,58.2,0.000,0.809,0.837,0.5409,-0.0439,2.40,-0.41265,0.150,0.410,0.000,-1.0000,-0.8766,TRACKING,prediction
1787000250.678,58.2,0.000,0.809,0.837,0.5409,-0.0351,1.92,-0.33012,0.150,0.412,0.000,-1.0000,-0.8754,TRACKING,prediction
1787000250.702,58.2,0.000,0.828,0.836,0.5271,-0.0617,3.31,-0.64699,0.150,0.414,0.000,-1.0000,-0.8739,TRACKING,R+C
1787000250.717,58.2,0.000,0.823,0.838,0.5222,-0.0629,2.76,-0.71673,0.150,0.416,0.000,-1.0000,-0.8730,TRACKING,R+C
1787000250.735,58.2,0.000,0.823,0.838,0.5222,-0.0503,2.21,-0.57338,0.150,0.417,0.000,-1.0000,-0.8719,TRACKING,prediction
1787000250.763,58.2,0.000,0.818,0.839,0.5133,-0.0558,2.59,-0.75560,0.150,0.419,0.000,-0.9807,-0.8570,TRACKING,R+C
1787000250.780,58.2,0.000,0.820,0.845,0.5069,-0.0503,3.49,-0.65995,0.150,0.420,0.000,-0.9420,-0.8262,TRACKING,R+C
1787000250.795,58.2,0.000,0.820,0.845,0.5069,-0.0403,2.79,-0.52796,0.150,0.422,0.000,-0.9420,-0.8209,TRACKING,prediction
1787000250.808,58.2,0.000,0.824,0.852,0.5029,-0.0448,3.15,-0.68352,0.150,0.423,0.000,-0.8812,-0.7758,TRACKING,R+C
1787000250.826,58.6,0.000,0.821,0.856,0.5008,-0.0442,2.67,-0.73932,0.150,0.425,0.000,-0.8681,-0.7591,TRACKING,R+C
1787000250.842,58.6,0.000,0.821,0.856,0.5027,-0.0428,1.97,-0.78696,0.150,0.426,0.000,-0.8398,-0.7356,TRACKING,R+C
1787000250.856,58.6,0.000,0.814,0.855,0.5045,-0.0368,2.68,-0.73873,0.150,0.427,0.000,-0.7872,-0.6938,TRACKING,R+C
1787000250.872,58.6,0.000,0.802,0.859,0.5036,-0.0319,2.11,-0.78488,0.150,0.428,0.000,-0.7160,-0.6356,TRACKING,R+C
1787000250.888,58.6,0.000,0.807,0.858,0.5025,-0.0274,2.44,-0.75248,0.150,0.429,0.000,-0.6651,-0.5897,TRACKING,R+C
1787000250.904,58.6,0.000,0.809,0.874,0.5047,-0.0259,2.28,-0.76259,0.150,0.430,0.000,-0.6408,-0.5649,TRACKING,R+C
1787000250.918,58.6,0.000,0.808,0.873,0.5085,-0.0270,2.41,-0.76105,0.150,0.431,0.000,-0.6591,-0.5743,TRACKING,R+C
1787000250.936,58.6,0.000,0.808,0.873,0.5085,-0.0216,1.93,-0.60884,0.150,0.432,0.000,-0.6591,-0.5753,TRACKING,prediction
1787000250.965,58.6,0.000,0.797,0.857,0.5178,-0.0372,1.33,-0.87687,0.150,0.433,0.000,-0.7690,-0.6547,TRACKING,R+C
1787000250.980,58.6,0.000,0.791,0.857,0.5244,-0.0426,1.69,-0.86970,0.150,0.434,0.000,-0.8397,-0.7168,TRACKING,R+C
1787000250.993,58.6,0.000,0.781,0.843,0.5291,-0.0496,1.93,-0.88443,0.150,0.435,0.000,-0.9193,-0.7827,TRACKING,R+C
1787000251.006,58.6,0.000,0.790,0.842,0.5378,-0.0595,2.53,-0.84411,0.150,0.436,0.000,-1.0000,-0.8495,TRACKING,R+C
1787000251.028,58.6,0.000,0.799,0.831,0.5495,-0.0724,2.93,-0.82751,0.150,0.436,0.000,-1.0000,-0.8598,TRACKING,R+C
1787000251.044,58.6,0.000,0.802,0.826,0.5595,-0.0860,3.20,-0.83359,0.150,0.437,0.000,-1.0000,-0.8616,TRACKING,R+C
1787000251.057,58.6,0.000,0.805,0.814,0.5671,-0.0993,3.92,-0.79763,0.150,0.438,0.000,-1.0000,-0.8622,TRACKING,R+C
1787000251.074,58.6,0.000,0.826,0.810,0.5755,-0.1112,4.98,-0.71065,0.150,0.438,0.000,-1.0000,-0.8625,TRACKING,R+C
1787000251.091,58.6,0.000,0.826,0.810,0.5755,-0.0890,3.98,-0.56852,0.150,0.439,0.000,-1.0000,-0.8622,TRACKING,prediction
1787000251.106,58.6,0.000,0.826,0.810,0.5755,-0.0712,3.19,-0.45481,0.150,0.439,0.000,-1.0000,-0.8619,TRACKING,prediction
1787000251.118,58.6,0.000,0.854,0.788,0.5821,-0.1298,4.50,-0.75940,0.150,0.440,0.000,-1.0000,-0.8625,TRACKING,R+C
1787000251.138,58.6,0.000,0.854,0.788,0.5821,-0.1038,3.60,-0.60752,0.150,0.440,0.000,-1.0000,-0.8622,TRACKING,prediction
1787000251.154,58.6,0.000,0.857,0.795,0.5871,-0.1332,4.50,-0.73050,0.150,0.441,0.000,-1.0000,-0.8620,TRACKING,R+C
1787000251.173,58.6,0.000,0.857,0.795,0.5871,-0.1066,3.60,-0.58440,0.150,0.441,0.000,-1.0000,-0.8618,TRACKING,prediction
1787000251.191,58.6,0.000,0.872,0.784,0.5870,-0.1419,4.35,-0.70258,0.150,0.442,0.000,-1.0000,-0.8619,TRACKING,R+C
1787000251.210,58.6,0.898,0.786,0.000,0.5878,0.2096,21.47,-0.73029,0.150,0.442,0.000,1.0000,-0.1548,TRACKING,L+C
1787000251.229,58.6,0.898,0.786,0.000,0.5878,0.1677,17.18,-0.58424,0.150,0.443,0.000,1.0000,0.5022,TRACKING,prediction
1787000251.249,58.6,0.898,0.786,0.000,0.5878,0.1341,13.74,-0.46739,0.150,0.443,0.000,1.0000,0.8027,TRACKING,prediction
1787000251.275,58.6,0.898,0.786,0.000,0.5878,0.1073,10.99,-0.37391,0.150,0.443,0.000,1.0000,0.8477,TRACKING,prediction
1787000251.289,58.6,0.000,0.914,0.784,0.5863,-0.1591,4.70,-0.66367,0.150,0.444,0.000,-1.0000,0.1045,TRACKING,R+C
1787000251.303,58.6,0.911,0.788,0.000,0.5843,0.1952,19.41,-0.87916,0.150,0.444,0.000,1.0000,0.7555,TRACKING,L+C
1787000251.316,58.6,0.914,0.780,0.000,0.5835,0.1974,18.89,-0.93496,0.150,0.444,0.000,1.0000,0.8398,TRACKING,L+C
1787000251.330,58.6,0.914,0.780,0.000,0.5835,0.1579,15.11,-0.74797,0.150,0.445,0.000,1.0000,0.8523,TRACKING,prediction
1787000251.345,58.6,0.914,0.780,0.000,0.5835,0.1264,12.09,-0.59837,0.150,0.445,0.000,1.0000,0.8540,TRACKING,prediction
1787000251.360,58.6,0.000,0.886,0.786,0.5812,-0.1451,2.52,-0.79450,0.150,0.445,0.000,-1.0000,0.1188,TRACKING,R+C
1787000251.373,58.6,0.000,0.886,0.788,0.5805,-0.1412,2.67,-0.75117,0.150,0.445,0.000,-1.0000,-0.5179,TRACKING,R+C
1787000251.387,58.6,0.000,0.886,0.793,0.5783,-0.1369,2.28,-0.78062,0.150,0.446,0.000,-1.0000,-0.8079,TRACKING,R+C
1787000251.403,58.6,0.000,0.886,0.793,0.5783,-0.1095,1.83,-0.62450,0.150,0.446,0.000,-1.0000,-0.8514,TRACKING,prediction
1787000251.419,58.6,0.000,0.886,0.793,0.5783,-0.0876,1.46,-0.49960,0.150,0.446,0.000,-1.0000,-0.8578,TRACKING,prediction
1787000251.434,58.6,0.000,0.877,0.793,0.5753,-0.1358,1.51,-0.87228,0.150,0.446,0.000,-1.0000,-0.8586,TRACKING,R+C
1787000251.449,58.6,0.000,0.887,0.786,0.5779,-0.1405,1.63,-0.86012,0.150,0.446,0.000,-1.0000,-0.8589,TRACKING,R+C
1787000251.462,58.6,0.000,0.889,0.785,0.5821,-0.1464,1.13,-0.96156,0.150,0.447,0.000,-1.0000,-0.8592,TRACKING,R+C
1787000251.476,58.6,0.000,0.887,0.780,0.5877,-0.1496,2.42,-0.84728,0.150,0.447,0.000,-1.0000,-0.8593,TRACKING,R+C
1787000251.491,58.6,0.000,0.885,0.777,0.5919,-0.1527,2.52,-0.83317,0.150,0.447,0.000,-1.0000,-0.8594,TRACKING,R+C
1787000251.504,58.6,0.880,0.776,0.000,0.5958,0.2036,18.84,-0.79266,0.150,0.447,0.000,1.0000,-0.1535,TRACKING,L+C
1787000251.519,58.6,0.880,0.780,0.000,0.5945,0.2040,18.50,-0.80914,0.150,0.447,0.000,1.0000,0.4997,TRACKING,L+C
1787000251.537,58.6,0.000,0.857,0.775,0.5936,-0.1484,0.98,-1.04825,0.150,0.447,0.000,-1.0000,-0.2356,TRACKING,R+C
1787000251.551,58.6,0.000,0.862,0.780,0.5922,-0.1462,0.07,-1.11597,0.150,0.447,0.000,-1.0000,-0.7651,TRACKING,R+C
1787000251.564,58.6,0.000,0.860,0.785,0.5894,-0.1412,0.45,-1.08718,0.150,0.448,0.000,-1.0000,-0.8444,TRACKING,R+C
1787000251.578,58.6,0.000,0.856,0.785,0.5877,-0.1350,1.09,-1.03926,0.150,0.448,0.000,-1.0000,-0.8560,TRACKING,R+C
1787000251.597,58.6,0.000,0.850,0.786,0.5906,-0.1293,1.38,-0.99874,0.150,0.448,0.000,-1.0000,-0.8574,TRACKING,R+C
1787000251.614,58.6,0.000,0.850,0.786,0.5906,-0.1034,1.10,-0.79899,0.150,0.448,0.000,-1.0000,-0.8576,TRACKING,prediction
1787000251.627,58.6,0.000,0.835,0.779,0.5894,-0.1176,1.88,-0.97166,0.150,0.448,0.000,-1.0000,-0.8571,TRACKING,R+C
1787000251.643,58.6,0.000,0.825,0.785,0.5879,-0.1131,1.31,-1.06642,0.150,0.448,0.000,-1.0000,-0.8568,TRACKING,R+C
1787000251.660,58.6,0.000,0.826,0.781,0.5872,-0.1089,0.90,-1.12667,0.150,0.448,0.000,-1.0000,-0.8566,TRACKING,R+C
1787000251.671,58.6,0.000,0.820,0.784,0.5838,-0.1048,0.82,-1.16339,0.150,0.448,0.000,-1.0000,-0.8564,TRACKING,R+C
1787000251.687,58.6,0.000,0.819,0.793,0.5770,-0.0990,1.13,-1.19688,0.150,0.448,0.000,-1.0000,-0.8562,TRACKING,R+C
1787000251.699,58.6,0.000,0.817,0.798,0.5791,-0.0945,1.37,-1.18831,0.150,0.448,0.000,-1.0000,-0.8560,TRACKING,R+C
1787000251.716,58.6,0.000,0.812,0.803,0.5782,-0.0893,1.68,-1.18945,0.150,0.449,0.000,-1.0000,-0.8557,TRACKING,R+C
1787000251.734,58.6,0.000,0.812,0.803,0.5782,-0.0714,1.34,-0.95156,0.150,0.449,0.000,-1.0000,-0.8557,TRACKING,prediction
1787000251.747,58.6,0.000,0.812,0.803,0.5782,-0.0571,1.07,-0.76125,0.150,0.449,0.000,-1.0000,-0.8556,TRACKING,prediction
1787000251.762,58.6,0.000,0.809,0.790,0.5703,-0.0747,0.46,-1.45795,0.150,0.449,0.000,-1.0000,-0.8551,TRACKING,R+C
1787000251.777,58.6,0.000,0.797,0.802,0.5714,-0.0666,2.17,-1.33796,0.150,0.449,0.000,-1.0000,-0.8548,TRACKING,R+C
1787000251.794,58.6,0.000,0.797,0.802,0.5714,-0.0533,1.74,-1.07037,0.150,0.449,0.000,-1.0000,-0.8548,TRACKING,prediction
1787000251.808,58.6,0.000,0.797,0.802,0.5714,-0.0426,1.39,-0.85630,0.150,0.449,0.000,-1.0000,-0.8547,TRACKING,prediction
1787000251.824,58.6,0.000,0.794,0.780,0.5756,-0.0568,2.83,-1.43485,0.150,0.449,0.000,-1.0000,-0.8545,TRACKING,R+C
1787000251.840,63.1,0.000,0.794,0.780,0.5756,-0.0454,2.27,-1.14788,0.150,0.449,0.000,-1.0000,-0.8545,TRACKING,prediction
1787000251.855,63.1,0.000,0.801,0.743,0.5912,-0.0652,3.21,-1.49501,0.150,0.449,0.000,-1.0000,-0.8551,TRACKING,R+C
1787000251.871,63.1,0.000,0.801,0.743,0.5912,-0.0522,2.57,-1.19601,0.150,0.449,0.000,-1.0000,-0.8551,TRACKING,prediction
1787000251.884,63.1,0.000,0.801,0.743,0.5912,-0.0418,2.06,-0.95681,0.150,0.449,0.000,-1.0000,-0.8551,TRACKING,prediction
1787000251.896,63.1,0.000,0.798,0.658,0.6427,-0.0842,7.88,-1.18808,0.150,0.449,0.000,-1.0000,-0.8565,TRACKING,R+C
1787000251.909,63.1,0.000,0.808,0.650,0.6467,-0.0914,9.10,-1.07838,0.150,0.449,0.000,-1.0000,-0.8569,TRACKING,R+C
1787000251.922,63.1,0.000,0.811,0.646,0.6609,-0.0972,11.16,-0.84544,0.150,0.449,0.000,-1.0000,-0.8572,TRACKING,R+C
1787000251.941,63.1,0.000,0.819,0.648,0.6752,-0.1016,11.99,-0.74529,0.150,0.449,0.000,-1.0000,-0.8574,TRACKING,R+C
1787000251.960,63.1,0.000,0.819,0.648,0.6752,-0.0813,9.60,-0.59623,0.150,0.449,0.000,-1.0000,-0.8574,TRACKING,prediction
1787000251.974,63.1,0.000,0.815,0.640,0.6750,-0.0996,15.21,-0.32899,0.167,0.449,0.000,-1.0000,-0.8571,TRACKING,R+C
1787000251.990,63.1,0.000,0.823,0.633,0.6863,-0.0976,15.93,-0.20934,0.179,0.449,0.000,-1.0000,-0.8569,TRACKING,R+C
1787000252.004,63.1,0.000,0.834,0.632,0.6754,-0.0957,16.09,-0.14474,0.186,0.449,0.000,-1.0000,-0.8567,TRACKING,R+C
1787000252.018,63.1,0.000,0.832,0.635,0.6728,-0.0929,16.86,-0.02349,0.198,0.449,0.000,-1.0000,-0.8564,TRACKING,R+C
1787000252.040,63.1,0.000,0.832,0.635,0.6728,-0.0743,13.49,-0.01879,0.198,0.450,0.000,-1.0000,-0.8564,TRACKING,prediction
1787000252.058,63.1,0.000,0.832,0.635,0.6728,-0.0595,10.79,-0.01503,0.198,0.450,0.000,-1.0000,-0.8564,TRACKING,prediction
1787000252.073,63.1,0.000,0.832,0.635,0.6728,-0.0476,8.63,-0.01203,0.198,0.450,0.000,-1.0000,-0.8564,TRACKING,prediction
1787000252.100,63.1,0.000,0.828,0.650,0.6635,-0.0986,15.05,0.07094,0.193,0.450,0.000,-1.0000,-0.8560,TRACKING,R+C
1787000252.116,63.1,0.000,0.841,0.650,0.6634,-0.1024,14.44,0.08259,0.192,0.450,0.000,-1.0000,-0.8561,TRACKING,R+C
1787000252.132,63.1,0.000,0.842,0.652,0.6590,-0.1043,13.61,0.08095,0.192,0.450,0.000,-1.0000,-0.8560,TRACKING,R+C
1787000252.149,63.1,0.000,0.842,0.652,0.6590,-0.0835,10.89,0.06476,0.192,0.450,0.000,-1.0000,-0.8560,TRACKING,prediction
1787000252.164,63.1,0.000,0.833,0.654,0.6467,-0.1035,11.55,0.04402,0.196,0.450,0.000,-1.0000,-0.8555,TRACKING,R+C
1787000252.178,63.1,0.000,0.830,0.654,0.6388,-0.1019,10.89,0.04992,0.195,0.450,0.000,-1.0000,-0.8553,TRACKING,R+C
1787000252.194,63.1,0.000,0.828,0.653,0.6321,-0.0995,10.14,0.05248,0.195,0.450,0.000,-1.0000,-0.8550,TRACKING,R+C
1787000252.206,63.1,0.000,0.832,0.653,0.6240,-0.0967,9.24,0.03196,0.197,0.450,0.000,-1.0000,-0.8547,TRACKING,R+C
1787000252.223,63.1,0.000,0.829,0.654,0.6154,-0.0933,8.56,0.02739,0.197,0.450,0.000,-0.9819,-0.8419,TRACKING,R+C
1787000252.239,63.1,0.000,0.819,0.651,0.6082,-0.0899,7.66,0.00913,0.199,0.450,0.000,-0.9383,-0.8095,TRACKING,R+C
1787000252.256,63.1,0.000,0.813,0.651,0.5988,-0.0849,7.19,0.01521,0.198,0.450,0.000,-0.9051,-0.7812,TRACKING,R+C
1787000252.270,63.1,0.000,0.808,0.652,0.5899,-0.0799,6.34,-0.01490,0.199,0.450,0.000,-0.8620,-0.7465,TRACKING,R+C
1787000252.286,63.1,0.000,0.797,0.648,0.5811,-0.0745,5.38,-0.04969,0.195,0.450,0.000,-0.8329,-0.7203,TRACKING,R+C
1787000252.300,63.1,0.000,0.794,0.645,0.5735,-0.0687,4.82,-0.06280,0.194,0.450,0.000,-0.7917,-0.6870,TRACKING,R+C
1787000252.317,63.1,0.000,0.787,0.642,0.5657,-0.0652,3.89,-0.09766,0.190,0.450,0.000,-0.7704,-0.6666,TRACKING,R+C
1787000252.334,63.1,0.000,0.785,0.632,0.5624,-0.0619,3.37,-0.11922,0.188,0.450,0.000,-0.7484,-0.6476,TRACKING,R+C
1787000252.348,63.1,0.000,0.783,0.630,0.5592,-0.0627,2.73,-0.14533,0.185,0.450,0.000,-0.7579,-0.6514,TRACKING,R+C
1787000252.363,63.1,0.937,0.769,0.636,0.5381,-0.0661,1.59,-0.23850,0.176,0.450,0.000,-0.8299,-0.7027,TRACKING,L+C+R_fused
1787000252.377,63.1,0.930,0.745,0.641,0.5849,-0.0711,-0.07,-0.36873,0.163,0.450,0.000,-0.9151,-0.7703,TRACKING,L+C+R_fused
1787000252.392,63.1,0.938,0.724,0.640,0.5612,-0.0780,-2.28,-0.54614,0.150,0.450,0.000,-1.0000,-0.8400,TRACKING,L+C+R_fused
1787000252.412,63.1,0.928,0.720,0.642,0.5511,-0.0834,-3.85,-0.67101,0.150,0.450,0.000,-1.0000,-0.8506,TRACKING,L+C+R_fused
1787000252.442,63.1,0.951,0.709,0.643,0.5019,-0.0855,-3.97,-0.69945,0.150,0.450,0.000,-1.0000,-0.8523,TRACKING,L+C+R_fused
1787000252.461,63.1,0.369,0.702,0.642,0.4964,-0.0889,-4.87,-0.77632,0.150,0.450,0.000,-1.0000,-0.8527,TRACKING,L+C+R_fused
1787000252.481,63.1,0.000,0.694,0.640,0.5614,-0.0909,-6.02,-0.87369,0.150,0.450,0.000,-1.0000,-0.8528,TRACKING,R+C
1787000252.499,63.1,0.000,0.689,0.642,0.5586,-0.0920,-7.33,-0.96833,0.150,0.450,0.000,-1.0000,-0.8528,TRACKING,R+C
1787000252.519,63.1,0.000,0.689,0.635,0.5523,-0.0899,-8.69,-1.05865,0.150,0.450,0.000,-1.0000,-0.8525,TRACKING,R+C
1787000252.539,63.1,0.375,0.687,0.632,0.4369,-0.0836,-9.79,-1.13688,0.150,0.450,0.000,-0.9887,-0.8442,TRACKING,L+C+R_fused
1787000252.569,63.1,0.942,0.684,0.628,0.4908,-0.0738,-9.93,-1.17433,0.150,0.450,0.000,-0.8967,-0.7781,TRACKING,L+C+R_fused
1787000252.590,63.1,0.902,0.686,0.623,0.5109,-0.0649,-10.54,-1.21967,0.150,0.450,0.000,-0.7895,-0.6920,TRACKING,L+C+R_fused
1787000252.607,63.1,0.885,0.687,0.622,0.5201,-0.0561,-11.27,-1.28375,0.150,0.450,0.000,-0.6673,-0.5920,TRACKING,L+C+R_fused
1787000252.622,63.1,0.882,0.687,0.622,0.5194,-0.0471,-12.24,-1.36587,0.150,0.450,0.000,-0.5198,-0.4714,TRACKING,L+C+R_fused
1787000252.640,63.1,0.902,0.688,0.628,0.5044,-0.0396,-13.66,-1.46476,0.150,0.450,0.000,-0.3650,-0.3418,TRACKING,L+C+R_fused
1787000252.656,63.1,0.899,0.691,0.632,0.5018,-0.0279,-13.45,-1.50159,0.150,0.450,0.000,-0.1829,-0.1908,TRACKING,L+C+R_fused
1787000252.672,63.1,0.900,0.694,0.629,0.4950,-0.0163,-13.30,-1.54316,0.150,0.450,0.000,0.0065,-0.0304,TRACKING,L+C+R_fused
1787000252.687,63.1,0.893,0.704,0.628,0.4921,-0.0070,-13.26,-1.58931,0.150,0.450,0.000,0.1609,0.1069,TRACKING,L+C+R_fused
1787000252.706,63.1,0.899,0.714,0.638,0.4791,0.0013,-12.92,-1.62814,0.150,0.450,0.000,0.2812,0.2157,TRACKING,L+C+R_fused
1787000252.736,63.1,0.902,0.723,0.653,0.4907,0.0067,-12.74,-1.66904,0.150,0.450,0.000,0.3558,0.2865,TRACKING,L+C+R_fused
1787000252.754,63.1,0.896,0.726,0.676,0.4787,0.0086,-12.61,-1.71727,0.150,0.450,0.000,0.3736,0.3096,TRACKING,L+C+R_fused
1787000252.768,63.1,0.914,0.728,0.709,0.4863,0.0127,-10.87,-1.71547,0.150,0.450,0.000,0.3717,0.3110,TRACKING,L+C+R_fused
1787000252.798,63.1,0.902,0.729,0.663,0.5073,0.0143,-9.97,-1.73374,0.150,0.450,0.000,0.3598,0.3019,TRACKING,L+C+R_fused
1787000252.815,63.1,0.905,0.726,0.669,0.5124,0.0159,-9.09,-1.77331,0.150,0.450,0.000,0.3443,0.2885,TRACKING,L+C+R_fused
1787000252.845,56.7,0.912,0.726,0.651,0.4767,0.0175,-7.94,-1.78964,0.150,0.450,0.000,0.3212,0.2688,TRACKING,L+C+R_fused
1787000252.860,56.7,0.946,0.725,0.687,0.4728,0.0184,-6.82,-1.79945,0.150,0.450,0.000,0.2891,0.2416,TRACKING,L+C+R_fused
1787000252.875,56.7,0.000,0.725,0.678,0.4618,0.0182,-5.95,-1.80910,0.150,0.450,0.000,0.2488,0.2074,TRACKING,R+C
1787000252.900,56.7,0.000,0.721,0.658,0.4682,0.0192,-3.98,-1.76942,0.150,0.450,0.000,0.1902,0.1585,TRACKING,R+C
1787000252.916,56.7,0.000,0.727,0.662,0.4787,0.0175,-2.94,-1.78178,0.150,0.450,0.000,0.1131,0.0938,TRACKING,R+C
1787000252.930,56.7,0.000,0.726,0.684,0.5346,0.0159,-1.63,-1.76370,0.150,0.450,0.000,0.0298,0.0223,TRACKING,R+C
1787000252.945,56.7,0.000,0.724,0.681,0.5409,0.0135,-0.68,-1.77110,0.150,0.450,0.000,-0.0568,-0.0521,TRACKING,R+C
1787000252.958,56.7,0.000,0.723,0.684,0.5554,0.0103,0.02,-1.77605,0.150,0.450,0.000,-0.1442,-0.1266,TRACKING,R+C
1787000252.975,56.7,0.000,0.724,0.681,0.5459,0.0066,0.37,-1.79010,0.150,0.450,0.000,-0.2273,-0.1978,TRACKING,R+C
1787000252.987,56.7,0.000,0.727,0.776,0.5291,0.0064,3.14,-1.61259,0.150,0.450,0.000,-0.3187,-0.2740,TRACKING,R+C
1787000253.006,56.7,0.000,0.716,0.669,0.5290,0.0023,3.50,-1.65339,0.150,0.450,0.000,-0.4070,-0.3489,TRACKING,R+C
1787000253.021,56.7,0.000,0.717,0.791,0.5540,-0.0023,4.30,-1.64335,0.150,0.450,0.000,-0.5088,-0.4329,TRACKING,R+C
1787000253.037,56.7,0.000,0.718,0.812,0.5663,-0.0075,4.93,-1.62978,0.150,0.450,0.000,-0.6060,-0.5145,TRACKING,R+C
1787000253.049,56.7,0.000,0.730,0.804,0.5722,-0.0128,6.44,-1.52707,0.150,0.450,0.000,-0.7143,-0.6033,TRACKING,R+C
1787000253.069,56.7,0.000,0.730,0.804,0.5722,-0.0103,5.15,-1.22165,0.150,0.450,0.000,-0.7143,-0.6164,TRACKING,prediction
1787000253.084,56.7,0.000,0.730,0.804,0.5722,-0.0082,4.12,-0.97732,0.150,0.450,0.000,-0.7143,-0.6184,TRACKING,prediction
1787000253.102,56.7,0.000,0.730,0.804,0.5722,-0.0066,3.30,-0.78186,0.150,0.450,0.000,-0.7143,-0.6187,TRACKING,prediction
1787000253.117,56.7,0.000,0.730,0.804,0.5722,-0.0053,2.64,-0.62549,0.150,0.450,0.000,-0.7143,-0.6188,TRACKING,prediction
1787000253.133,56.7,0.000,0.730,0.804,0.5722,-0.0042,2.11,-0.50039,0.150,0.450,0.000,-0.7143,-0.6188,TRACKING,prediction
1787000253.148,56.7,0.000,0.730,0.804,0.5722,-0.0034,1.69,-0.40031,0.150,0.450,0.000,-0.7143,-0.6188,TRACKING,prediction
1787000253.164,56.7,0.000,0.730,0.804,0.5722,-0.0027,1.35,-0.32025,0.150,0.450,0.000,-0.7143,-0.6188,TRACKING,prediction
1787000253.180,56.7,0.000,0.730,0.804,0.5722,-0.0022,1.08,-0.25620,0.150,0.450,0.000,-0.7143,-0.6188,TRACKING,prediction
1787000253.212,56.7,0.000,0.730,0.804,0.5722,-0.0017,0.86,-0.20496,0.150,0.445,0.000,-0.7143,-0.6188,TRACKING,prediction
1787000253.227,56.7,0.000,0.730,0.804,0.5722,-0.0014,0.69,-0.16397,0.150,0.436,0.000,-0.7143,-0.6203,TRACKING,prediction
1787000253.255,56.7,0.000,0.730,0.804,0.5722,-0.0011,0.55,-0.13117,0.150,0.423,0.000,-0.7143,-0.6238,TRACKING,prediction
1787000253.273,56.7,0.000,0.730,0.804,0.5722,-0.0009,0.44,-0.10494,0.150,0.408,0.000,-0.7143,-0.6288,TRACKING,prediction
1787000253.303,56.7,0.000,0.730,0.804,0.5722,-0.0007,0.35,-0.08395,0.150,0.380,0.000,-0.7143,-0.6346,UNCERTAIN,prediction
1787000253.321,56.7,0.000,0.730,0.804,0.5722,-0.0006,0.28,-0.06716,0.150,0.361,0.000,-0.7143,-0.6450,UNCERTAIN,prediction
1787000253.350,56.7,0.000,0.795,0.761,0.6576,-0.0826,11.93,-0.97369,0.150,0.365,0.000,-1.0000,-0.8671,TRACKING,R+C
1787000253.367,56.7,0.000,0.795,0.761,0.6576,-0.0661,9.55,-0.77895,0.150,0.369,0.000,-1.0000,-0.8969,TRACKING,prediction
1787000253.381,56.7,0.000,0.794,0.766,0.6468,-0.0780,11.46,-0.95925,0.150,0.373,0.000,-1.0000,-0.8991,TRACKING,R+C
1787000253.395,56.7,0.000,0.794,0.766,0.6468,-0.0624,9.17,-0.76740,0.150,0.377,0.000,-1.0000,-0.8977,TRACKING,prediction
1787000253.412,56.7,0.000,0.794,0.766,0.6468,-0.0499,7.34,-0.61392,0.150,0.381,0.000,-1.0000,-0.8957,TRACKING,prediction
1787000253.428,56.7,0.000,0.794,0.766,0.6468,-0.0399,5.87,-0.49114,0.150,0.384,0.000,-1.0000,-0.8937,TRACKING,prediction
1787000253.444,56.7,0.000,0.794,0.766,0.6468,-0.0319,4.69,-0.39291,0.150,0.388,0.000,-1.0000,-0.8919,TRACKING,prediction
1787000253.460,56.7,0.000,0.794,0.766,0.6468,-0.0255,3.76,-0.31433,0.150,0.391,0.000,-1.0000,-0.8901,TRACKING,prediction
1787000253.474,56.7,0.000,0.794,0.766,0.6468,-0.0204,3.00,-0.25146,0.150,0.394,0.000,-1.0000,-0.8884,TRACKING,prediction
1787000253.489,56.7,0.000,0.794,0.766,0.6468,-0.0164,2.40,-0.20117,0.150,0.396,0.000,-1.0000,-0.8868,TRACKING,prediction
1787000253.505,56.7,0.000,0.794,0.766,0.6468,-0.0131,1.92,-0.16094,0.150,0.399,0.000,-1.0000,-0.8852,TRACKING,prediction
1787000253.522,56.7,0.000,0.794,0.766,0.6468,-0.0105,1.54,-0.12875,0.150,0.401,0.000,-1.0000,-0.8838,TRACKING,prediction
1787000253.552,56.7,0.000,0.794,0.766,0.6468,-0.0084,1.23,-0.10300,0.150,0.402,0.000,-1.0000,-0.8826,TRACKING,prediction
1787000253.581,56.7,0.000,0.794,0.766,0.6468,-0.0067,0.98,-0.08240,0.150,0.401,0.000,-1.0000,-0.8820,TRACKING,prediction
1787000254.969,19.8,0.000,0.794,0.766,0.6468,-0.0054,0.79,-0.06592,0.150,0.395,0.000,-1.0000,-0.8823,TRACKING,prediction
1787000254.984,19.8,0.000,0.794,0.766,0.6468,-0.0043,0.63,-0.05274,0.150,0.384,0.000,-1.0000,-0.8853,TRACKING,prediction
1787000254.999,19.8,0.000,0.799,0.782,0.5876,-0.0547,8.90,-0.83820,0.150,0.388,0.000,-1.0000,-0.8888,TRACKING,R+C
1787000255.024,19.8,0.000,0.799,0.782,0.5876,-0.0438,7.12,-0.67056,0.150,0.391,0.000,-1.0000,-0.8881,TRACKING,prediction
1787000255.042,19.8,0.000,0.799,0.782,0.5876,-0.0350,5.70,-0.53645,0.150,0.394,0.000,-1.0000,-0.8865,TRACKING,prediction
1787000255.057,19.8,0.000,0.799,0.782,0.5876,-0.0280,4.56,-0.42916,0.150,0.397,0.000,-1.0000,-0.8849,TRACKING,prediction
1787000255.073,19.8,0.000,0.799,0.782,0.5876,-0.0224,3.65,-0.34333,0.150,0.399,0.000,-1.0000,-0.8834,TRACKING,prediction
1787000255.086,19.8,0.000,0.799,0.782,0.5876,-0.0179,2.92,-0.27466,0.150,0.402,0.000,-1.0000,-0.8819,TRACKING,prediction
1787000255.104,19.8,0.000,0.799,0.782,0.5876,-0.0143,2.33,-0.21973,0.150,0.404,0.000,-1.0000,-0.8806,TRACKING,prediction
1787000255.120,19.8,0.000,0.799,0.782,0.5876,-0.0115,1.87,-0.17578,0.150,0.407,0.000,-1.0000,-0.8792,TRACKING,prediction
1787000255.138,19.8,0.000,0.799,0.782,0.5876,-0.0092,1.49,-0.14063,0.150,0.409,0.000,-1.0000,-0.8780,TRACKING,prediction
1787000255.153,19.8,0.000,0.799,0.782,0.5876,-0.0073,1.20,-0.11250,0.150,0.411,0.000,-1.0000,-0.8768,TRACKING,prediction
1787000255.170,19.8,0.000,0.799,0.782,0.5876,-0.0059,0.96,-0.09000,0.150,0.411,0.000,-1.0000,-0.8757,TRACKING,prediction
1787000255.183,19.8,0.000,0.811,0.786,0.5597,-0.0430,8.66,-0.63856,0.150,0.413,0.000,-0.9946,-0.8704,TRACKING,R+C
1787000255.200,19.8,0.000,0.811,0.786,0.5597,-0.0344,6.93,-0.51085,0.150,0.415,0.000,-0.9946,-0.8688,TRACKING,prediction
1787000255.214,19.8,0.000,0.826,0.807,0.5487,-0.0316,8.72,-0.58355,0.150,0.417,0.000,-0.8828,-0.7873,TRACKING,R+C
1787000255.236,19.8,0.000,0.826,0.807,0.5487,-0.0253,6.97,-0.46684,0.150,0.419,0.000,-0.8828,-0.7745,TRACKING,prediction
1787000255.249,19.8,0.000,0.802,0.792,0.5320,-0.0190,8.37,-0.59235,0.150,0.420,0.000,-0.7312,-0.6622,TRACKING,R+C
1787000255.264,19.8,0.000,0.803,0.803,0.5279,-0.0128,8.36,-0.57314,0.150,0.422,0.000,-0.6474,-0.5841,TRACKING,R+C
1787000255.279,19.8,0.000,0.798,0.811,0.5234,-0.0062,8.54,-0.53425,0.150,0.423,0.000,-0.5565,-0.5056,TRACKING,R+C
1787000255.294,19.8,0.000,0.801,0.811,0.5154,-0.0001,8.22,-0.54463,0.150,0.424,0.000,-0.4548,-0.4193,TRACKING,R+C
1787000255.576,19.8,0.376,0.807,0.805,0.4593,0.0057,8.44,-0.51803,0.150,0.426,0.000,-0.3666,-0.3415,TRACKING,L+C+R_fused
1787000255.591,19.8,0.000,0.804,0.806,0.4984,0.0127,8.47,-0.51759,0.150,0.427,0.000,-0.2509,-0.2447,TRACKING,R+C
1787000255.611,19.8,0.000,0.804,0.809,0.4914,0.0193,8.41,-0.50053,0.150,0.428,0.000,-0.1299,-0.1408,TRACKING,R+C
1787000255.624,19.8,0.000,0.802,0.816,0.4827,0.0266,8.27,-0.51119,0.150,0.429,0.000,0.0027,-0.0272,TRACKING,R+C
1787000255.639,19.8,0.374,0.806,0.829,0.4807,0.0339,8.27,-0.50891,0.150,0.430,0.000,0.1341,0.0881,TRACKING,L+C+R_fused
1787000255.659,19.8,0.373,0.805,0.835,0.4776,0.0394,8.25,-0.50306,0.150,0.431,0.000,0.2307,0.1774,TRACKING,L+C+R_fused
1787000255.672,19.8,0.372,0.813,0.844,0.4667,0.0439,8.47,-0.47080,0.153,0.432,0.000,0.2929,0.2375,TRACKING,L+C+R_fused
1787000255.690,19.8,0.373,0.817,0.852,0.4888,0.0455,8.46,-0.47380,0.153,0.433,0.000,0.3186,0.2653,TRACKING,L+C+R_fused
1787000255.704,19.8,0.373,0.817,0.852,0.4888,0.0364,6.77,-0.37904,0.153,0.434,0.000,0.3186,0.2692,TRACKING,prediction
1787000255.717,19.8,0.000,0.816,0.843,0.4678,0.0413,8.40,-0.48959,0.151,0.435,0.000,0.2560,0.2226,TRACKING,R+C
1787000255.732,19.8,0.000,0.816,0.843,0.4678,0.0331,6.72,-0.39167,0.151,0.435,0.000,0.2560,0.2157,TRACKING,prediction
1787000255.747,19.8,0.000,0.816,0.843,0.4678,0.0264,5.38,-0.31334,0.151,0.436,0.000,0.2560,0.2146,TRACKING,prediction
1787000255.769,19.8,0.000,0.816,0.843,0.4678,0.0212,4.30,-0.25067,0.151,0.437,0.000,0.2560,0.2143,TRACKING,prediction
1787000255.785,19.8,0.000,0.810,0.821,0.4894,0.0278,8.31,-0.56419,0.150,0.438,0.000,0.0130,0.0322,TRACKING,R+C
1787000255.800,19.8,0.000,0.808,0.819,0.4931,0.0220,7.58,-0.65476,0.150,0.438,0.000,-0.0734,-0.0587,TRACKING,R+C
1787000255.815,19.8,0.000,0.809,0.808,0.5010,0.0178,8.49,-0.56984,0.150,0.439,0.000,-0.1732,-0.1449,TRACKING,R+C
1787000255.831,19.8,0.000,0.809,0.808,0.5010,0.0142,6.79,-0.45587,0.150,0.439,0.000,-0.1732,-0.1575,TRACKING,prediction
1787000256.112,33.3,0.000,0.816,0.805,0.5111,0.0057,7.53,-0.68021,0.150,0.440,0.000,-0.3554,-0.2927,TRACKING,R+C
1787000256.128,33.3,0.628,0.809,0.804,0.4548,0.0021,8.07,-0.64061,0.150,0.440,0.000,-0.4288,-0.3656,TRACKING,L+C+R_fused
1787000256.143,33.3,0.000,0.812,0.809,0.5231,-0.0002,8.77,-0.56426,0.150,0.441,0.000,-0.4808,-0.4137,TRACKING,R+C
1787000256.158,33.3,0.000,0.818,0.803,0.5252,-0.0022,8.91,-0.55220,0.150,0.441,0.000,-0.5152,-0.4456,TRACKING,R+C
1787000256.176,33.3,0.000,0.817,0.798,0.5273,-0.0005,9.04,-0.53981,0.150,0.442,0.000,-0.4923,-0.4336,TRACKING,R+C
1787000256.190,33.3,0.000,0.806,0.799,0.5229,0.0036,8.21,-0.62048,0.150,0.442,0.000,-0.4080,-0.3709,TRACKING,R+C
1787000256.207,33.3,0.000,0.806,0.799,0.5229,0.0029,6.57,-0.49638,0.150,0.443,0.000,-0.4080,-0.3616,TRACKING,prediction
1787000256.221,33.3,0.000,0.807,0.801,0.5132,0.0175,8.14,-0.60289,0.150,0.443,0.000,-0.1682,-0.1856,TRACKING,R+C
1787000256.247,33.3,0.000,0.810,0.818,0.5067,0.0248,8.51,-0.56045,0.150,0.443,0.000,-0.0497,-0.0728,TRACKING,R+C
1787000256.260,33.3,0.372,0.805,0.813,0.4829,0.0309,7.42,-0.64837,0.150,0.444,0.000,0.0940,0.0499,TRACKING,L+C+R_fused
1787000256.274,33.3,0.372,0.814,0.814,0.4964,0.0371,7.35,-0.64008,0.150,0.444,0.000,0.2064,0.1516,TRACKING,L+C+R_fused
1787000256.290,33.3,0.834,0.818,0.824,0.5065,0.0411,7.76,-0.61665,0.150,0.444,0.000,0.2608,0.2069,TRACKING,L+C+R_fused
1787000256.311,33.3,0.766,0.821,0.828,0.5033,0.0414,7.78,-0.63913,0.150,0.445,0.000,0.2614,0.2152,TRACKING,L+C+R_fused
1787000256.327,33.3,0.373,0.820,0.826,0.4930,0.0402,8.06,-0.63102,0.150,0.445,0.000,0.2292,0.1925,TRACKING,L+C+R_fused
1787000256.356,33.3,0.361,0.820,0.825,0.4979,0.0397,8.47,-0.60699,0.150,0.445,0.000,0.2065,0.1723,TRACKING,L+C+R_fused
1787000256.627,33.3,0.361,0.820,0.825,0.4979,0.0317,6.78,-0.48559,0.150,0.445,0.000,0.2065,0.1693,TRACKING,prediction
1787000256.641,33.3,0.611,0.822,0.838,0.4859,0.0417,8.63,-0.62844,0.150,0.446,0.000,0.2297,0.1857,TRACKING,L+C+R_fused
1787000256.656,33.3,0.950,0.818,0.833,0.4864,0.0470,8.72,-0.63384,0.150,0.446,0.000,0.3143,0.2508,TRACKING,L+C+R_fused
1787000256.670,33.3,0.937,0.815,0.828,0.4829,0.0526,8.58,-0.66433,0.150,0.446,0.000,0.4070,0.3290,TRACKING,L+C+R_fused
1787000256.687,33.3,0.932,0.815,0.821,0.4773,0.0570,8.13,-0.71697,0.150,0.446,0.000,0.4863,0.3992,TRACKING,L+C+R_fused
1787000256.704,33.3,0.938,0.822,0.827,0.4805,0.0591,8.35,-0.70454,0.150,0.446,0.000,0.5106,0.4275,TRACKING,L+C+R_fused
1787000256.717,33.3,0.939,0.825,0.841,0.4769,0.0573,8.21,-0.76115,0.150,0.447,0.000,0.4802,0.4086,TRACKING,L+C+R_fused
1787000256.733,33.3,0.944,0.820,0.845,0.4785,0.0567,8.24,-0.76976,0.150,0.447,0.000,0.4682,0.3968,TRACKING,L+C+R_fused
1787000256.751,33.3,0.919,0.814,0.834,0.4823,0.0560,7.02,-0.90236,0.150,0.447,0.000,0.4841,0.4064,TRACKING,L+C+R_fused
1787000256.780,33.3,0.933,0.814,0.839,0.4839,0.0597,7.31,-0.87751,0.150,0.447,0.000,0.5320,0.4436,TRACKING,L+C+R_fused
1787000256.795,33.3,0.933,0.808,0.833,0.4799,0.0663,7.79,-0.83910,0.150,0.447,0.000,0.6148,0.5107,TRACKING,L+C+R_fused
1787000256.812,33.3,0.917,0.810,0.844,0.4836,0.0727,7.70,-0.85785,0.150,0.447,0.000,0.6997,0.5825,TRACKING,L+C+R_fused
1787000256.828,33.3,0.913,0.809,0.851,0.4797,0.0799,7.88,-0.84756,0.150,0.447,0.000,0.7836,0.6543,TRACKING,L+C+R_fused
1787000256.843,33.3,0.902,0.811,0.860,0.4792,0.0869,8.03,-0.83188,0.150,0.448,0.000,0.8585,0.7194,TRACKING,L+C+R_fused
1787000256.857,33.3,0.898,0.813,0.870,0.4755,0.0926,7.77,-0.86774,0.150,0.448,0.000,0.9200,0.7735,TRACKING,L+C+R_fused
1787000256.871,33.3,0.875,0.817,0.866,0.4817,0.0963,7.94,-0.84898,0.150,0.448,0.000,0.9528,0.8051,TRACKING,L+C+R_fused
1787000257.145,30.0,0.884,0.816,0.874,0.4860,0.0987,7.83,-0.87071,0.150,0.448,0.000,0.9753,0.8260,TRACKING,L+C+R_fused
1787000257.159,30.0,0.874,0.809,0.864,0.4957,0.0994,8.04,-0.88996,0.150,0.448,0.000,0.9749,0.8287,TRACKING,L+C+R_fused
1787000257.186,30.0,0.885,0.804,0.867,0.4938,0.0978,8.75,-0.84441,0.150,0.448,0.000,0.9476,0.8094,TRACKING,L+C+R_fused
1787000257.201,30.0,0.871,0.791,0.873,0.4996,0.0942,7.95,-0.96595,0.150,0.448,0.000,0.9208,0.7870,TRACKING,L+C+R_fused
1787000257.219,30.0,0.886,0.788,0.868,0.4902,0.0922,8.76,-0.91740,0.150,0.448,0.000,0.8847,0.7575,TRACKING,L+C+R_fused
1787000257.232,30.0,0.885,0.798,0.871,0.4958,0.0910,10.17,-0.79575,0.150,0.448,0.000,0.8470,0.7257,TRACKING,L+C+R_fused
1787000257.255,30.0,0.878,0.789,0.863,0.5005,0.0869,9.44,-0.89847,0.150,0.448,0.000,0.8099,0.6938,TRACKING,L+C+R_fused
1787000257.270,30.0,0.900,0.791,0.865,0.5078,0.0817,8.36,-1.00466,0.150,0.449,0.000,0.7696,0.6596,TRACKING,L+C+R_fused
1787000257.297,30.0,0.917,0.783,0.856,0.5088,0.0798,9.63,-0.93070,0.150,0.449,0.000,0.7150,0.6146,TRACKING,L+C+R_fused
1787000257.314,30.0,0.946,0.780,0.850,0.5011,0.0753,10.07,-0.93251,0.150,0.449,0.000,0.6411,0.5528,TRACKING,L+C+R_fused
1787000257.328,30.0,0.000,0.779,0.843,0.4797,0.0706,10.32,-0.95084,0.150,0.449,0.000,0.5629,0.4851,TRACKING,R+C
1787000257.615,30.0,0.000,0.781,0.842,0.4766,0.0663,10.96,-0.91653,0.150,0.449,0.000,0.4795,0.4132,TRACKING,R+C
1787000257.630,30.0,0.000,0.771,0.843,0.4783,0.0614,10.86,-0.96272,0.150,0.449,0.000,0.3986,0.3422,TRACKING,R+C
1787000257.644,30.0,0.000,0.769,0.840,0.4988,0.0552,10.06,-1.07578,0.150,0.449,0.000,0.3126,0.2675,TRACKING,R+C
1787000257.657,30.0,0.000,0.770,0.838,0.4921,0.0509,10.26,-1.06596,0.150,0.449,0.000,0.2330,0.1976,TRACKING,R+C
1787000257.674,30.0,0.000,0.765,0.826,0.5111,0.0472,11.50,-0.98806,0.150,0.449,0.000,0.1250,0.1073,TRACKING,R+C
1787000257.690,30.0,0.000,0.761,0.829,0.5279,0.0407,11.10,-1.06919,0.150,0.449,0.000,0.0122,0.0101,TRACKING,R+C
1787000257.705,30.0,0.000,0.760,0.826,0.5362,0.0343,11.41,-1.06208,0.150,0.449,0.000,-0.1147,-0.0965,TRACKING,R+C
1787000257.718,30.0,0.000,0.757,0.824,0.5382,0.0274,10.71,-1.18503,0.150,0.449,0.000,-0.2252,-0.1926,TRACKING,R+C
1787000257.738,30.0,0.000,0.757,0.829,0.5499,0.0209,10.79,-1.20588,0.150,0.449,0.000,-0.3427,-0.2912,TRACKING,R+C
1787000257.754,30.0,0.000,0.760,0.816,0.5520,0.0120,9.19,-1.38241,0.150,0.449,0.000,-0.4462,-0.3803,TRACKING,R+C
1787000257.770,30.0,0.000,0.759,0.805,0.5622,0.0090,12.31,-1.06537,0.150,0.449,0.000,-0.5667,-0.4787,TRACKING,R+C
1787000257.784,30.0,0.000,0.752,0.798,0.5771,0.0010,12.13,-1.13016,0.150,0.449,0.000,-0.6791,-0.5733,TRACKING,R+C
1787000257.798,30.0,0.000,0.756,0.798,0.5918,-0.0067,11.87,-1.19981,0.150,0.449,0.000,-0.7756,-0.6557,TRACKING,R+C
1787000257.830,30.0,0.000,0.756,0.798,0.5918,-0.0054,9.50,-0.95985,0.150,0.449,0.000,-0.7756,-0.6678,TRACKING,prediction
1787000257.844,30.0,0.000,0.756,0.798,0.5918,-0.0043,7.60,-0.76788,0.150,0.449,0.000,-0.7756,-0.6696,TRACKING,prediction
1787000257.859,30.0,0.000,0.756,0.798,0.5918,-0.0034,6.08,-0.61430,0.150,0.449,0.000,-0.7756,-0.6699,TRACKING,prediction
1787000257.881,30.0,0.000,0.756,0.798,0.5918,-0.0027,4.86,-0.49144,0.150,0.449,0.000,-0.7756,-0.6699,TRACKING,prediction
1787000257.911,30.0,0.000,0.754,0.784,0.6043,-0.0124,11.46,-1.28945,0.150,0.450,0.000,-0.8384,-0.7143,TRACKING,R+C
1787000257.928,30.0,0.000,0.754,0.784,0.6043,-0.0099,9.17,-1.03156,0.150,0.450,0.000,-0.8384,-0.7208,TRACKING,prediction
1787000258.238,27.4,0.000,0.754,0.784,0.6043,-0.0079,7.33,-0.82525,0.150,0.450,0.000,-0.8384,-0.7218,TRACKING,prediction
1787000258.251,27.4,0.000,0.758,0.789,0.6069,-0.0120,10.96,-1.42721,0.150,0.450,0.000,-0.8351,-0.7199,TRACKING,R+C
1787000258.272,27.4,0.000,0.758,0.789,0.6069,-0.0096,8.77,-1.14177,0.150,0.450,0.000,-0.8351,-0.7195,TRACKING,prediction
1787000258.288,27.4,0.000,0.758,0.789,0.6069,-0.0076,7.02,-0.91341,0.150,0.450,0.000,-0.8351,-0.7195,TRACKING,prediction
1787000258.299,27.4,0.000,0.740,0.798,0.6267,-0.0277,10.49,-1.63598,0.150,0.450,0.000,-0.9984,-0.8338,TRACKING,R+C
1787000258.317,27.4,0.000,0.746,0.783,0.6357,-0.0319,11.09,-1.58244,0.150,0.450,0.000,-1.0000,-0.8520,TRACKING,R+C
1787000258.334,27.4,0.000,0.751,0.786,0.6371,-0.0344,11.59,-1.55867,0.150,0.450,0.000,-1.0000,-0.8549,TRACKING,R+C
1787000258.348,27.4,0.000,0.751,0.786,0.6371,-0.0275,9.27,-1.24693,0.150,0.450,0.000,-1.0000,-0.8553,TRACKING,prediction
1787000258.363,27.4,0.000,0.748,0.779,0.6372,-0.0396,9.58,-1.87549,0.150,0.450,0.000,-1.0000,-0.8557,TRACKING,R+C
1787000258.380,27.4,0.000,0.739,0.784,0.6398,-0.0398,10.77,-1.81051,0.150,0.450,0.000,-1.0000,-0.8559,TRACKING,R+C
1787000258.397,27.4,0.000,0.736,0.783,0.6505,-0.0448,11.61,-1.72072,0.150,0.450,0.000,-1.0000,-0.8561,TRACKING,R+C
1787000258.410,27.4,0.000,0.739,0.780,0.6646,-0.0520,13.39,-1.49022,0.150,0.450,0.000,-1.0000,-0.8565,TRACKING,R+C
1787000258.427,27.4,0.000,0.739,0.780,0.6646,-0.0416,10.71,-1.19217,0.150,0.450,0.000,-1.0000,-0.8565,TRACKING,prediction
1787000258.442,27.4,0.000,0.741,0.768,0.6924,-0.0725,12.15,-1.75744,0.150,0.450,0.000,-1.0000,-0.8575,TRACKING,R+C
1787000258.455,27.4,0.000,0.751,0.770,0.7000,-0.0811,11.85,-1.81754,0.150,0.450,0.000,-1.0000,-0.8579,TRACKING,R+C
1787000258.469,27.4,0.000,0.751,0.770,0.7000,-0.0649,9.48,-1.45403,0.150,0.450,0.000,-1.0000,-0.8579,TRACKING,prediction
1787000258.487,27.4,0.000,0.763,0.763,0.7084,-0.0862,13.99,-1.56665,0.150,0.450,0.000,-1.0000,-0.8582,TRACKING,R+C
1787000258.504,27.4,0.000,0.763,0.763,0.7084,-0.0689,11.19,-1.25332,0.150,0.450,0.000,-1.0000,-0.8582,TRACKING,prediction
1787000258.519,27.4,0.000,0.770,0.761,0.7115,-0.0847,16.85,-1.14395,0.150,0.450,0.000,-1.0000,-0.8581,TRACKING,R+C
1787000258.535,27.4,0.000,0.769,0.764,0.7136,-0.0844,18.25,-0.91803,0.150,0.450,0.000,-1.0000,-0.8581,TRACKING,R+C
1787000258.550,27.4,0.000,0.766,0.757,0.7172,-0.0834,19.98,-0.65719,0.150,0.450,0.000,-1.0000,-0.8579,TRACKING,R+C
1787000258.562,27.4,0.000,0.772,0.762,0.7172,-0.0834,21.38,-0.46100,0.154,0.450,0.000,-1.0000,-0.8579,TRACKING,R+C
1787000258.584,27.4,0.000,0.772,0.762,0.7172,-0.0667,17.10,-0.36880,0.154,0.450,0.000,-1.0000,-0.8579,TRACKING,prediction
1787000258.599,27.4,0.000,0.772,0.762,0.7172,-0.0534,13.68,-0.29504,0.154,0.450,0.000,-1.0000,-0.8579,TRACKING,prediction
1787000262.627,5.5,0.000,0.784,0.761,0.7219,-0.0866,23.38,-0.08402,0.192,0.450,0.000,-1.0000,-0.8577,TRACKING,R+C
1787000262.641,5.5,0.000,0.781,0.765,0.7212,-0.0906,22.92,-0.03227,0.197,0.450,0.000,-1.0000,-0.8576,TRACKING,R+C
1787000262.655,5.5,0.000,0.781,0.765,0.7212,-0.0724,18.33,-0.02582,0.197,0.450,0.000,-1.0000,-0.8576,TRACKING,prediction
1787000262.679,5.5,0.000,0.781,0.765,0.7212,-0.0580,14.67,-0.02065,0.197,0.450,0.000,-1.0000,-0.8576,TRACKING,prediction
1787000262.709,5.5,0.000,0.781,0.765,0.7212,-0.0464,11.73,-0.01652,0.197,0.450,0.000,-1.0000,-0.8576,TRACKING,prediction
1787000262.725,5.5,0.000,0.781,0.765,0.7212,-0.0371,9.39,-0.01322,0.197,0.450,0.000,-1.0000,-0.8576,TRACKING,prediction
1787000262.741,5.5,0.000,0.781,0.765,0.7212,-0.0297,7.51,-0.01057,0.197,0.450,0.000,-1.0000,-0.8576,TRACKING,prediction
1787000262.771,5.5,0.000,0.781,0.765,0.7212,-0.0237,6.01,-0.00846,0.197,0.450,0.000,-1.0000,-0.8576,TRACKING,prediction
1787000262.787,5.5,0.000,0.781,0.765,0.7212,-0.0190,4.81,-0.00677,0.197,0.450,0.000,-1.0000,-0.8576,TRACKING,prediction
1787000262.802,5.5,0.000,0.781,0.765,0.7212,-0.0152,3.85,-0.00541,0.197,0.450,0.000,-1.0000,-0.8576,TRACKING,prediction
1787000262.833,5.5,0.000,0.781,0.765,0.7212,-0.0122,3.08,-0.00433,0.197,0.447,0.000,-1.0000,-0.8576,TRACKING,prediction
1787000262.850,5.5,0.000,0.781,0.765,0.7212,-0.0097,2.46,-0.00347,0.197,0.438,0.000,-1.0000,-0.8591,TRACKING,prediction
1787000262.879,5.5,0.000,0.811,0.678,0.6529,-0.1085,13.30,0.05290,0.195,0.438,0.000,-1.0000,-0.8619,TRACKING,R+C
1787000262.898,5.5,0.000,0.811,0.678,0.6529,-0.0868,10.64,0.04232,0.195,0.439,0.000,-1.0000,-0.8623,TRACKING,prediction
1787000262.914,5.5,0.000,0.811,0.678,0.6529,-0.0694,8.51,0.03385,0.195,0.439,0.000,-1.0000,-0.8621,TRACKING,prediction
1787000262.927,5.5,0.000,0.806,0.697,0.6246,-0.1070,10.11,-0.01424,0.199,0.440,0.000,-1.0000,-0.8611,TRACKING,R+C
1787000262.940,5.5,0.000,0.799,0.696,0.6141,-0.1056,8.91,-0.05656,0.194,0.440,0.000,-1.0000,-0.8606,TRACKING,R+C
1787000262.957,5.5,0.000,0.792,0.696,0.6056,-0.1032,8.10,-0.07212,0.193,0.441,0.000,-1.0000,-0.8601,TRACKING,R+C
1787000262.973,5.5,0.000,0.792,0.696,0.6056,-0.0825,6.48,-0.05769,0.193,0.441,0.000,-1.0000,-0.8598,TRACKING,prediction
1787000262.992,5.5,0.000,0.792,0.696,0.6056,-0.0660,5.19,-0.04616,0.193,0.442,0.000,-1.0000,-0.8596,TRACKING,prediction
1787000263.005,5.5,0.000,0.785,0.699,0.5851,-0.0914,6.61,-0.04480,0.196,0.442,0.000,-0.9551,-0.8271,TRACKING,R+C
1787000263.022,5.5,0.000,0.785,0.699,0.5851,-0.0731,5.29,-0.03584,0.196,0.443,0.000,-0.9551,-0.8222,TRACKING,prediction
1787000276.468,1.6,0.000,0.774,0.719,0.5679,-0.0816,4.32,-0.15818,0.184,0.443,0.000,-0.9395,-0.8095,TRACKING,R+C
1787000276.484,1.6,0.374,0.761,0.761,0.4169,-0.0770,2.37,-0.29628,0.170,0.443,0.000,-0.9798,-0.8353,TRACKING,L+C+R_fused
1787000276.509,1.6,0.924,0.719,0.743,0.6114,-0.0707,0.86,-0.40449,0.160,0.444,0.000,-0.9617,-0.8258,TRACKING,L+C+R_fused
1787000276.522,1.6,0.000,0.704,0.822,0.5449,-0.0635,-0.20,-0.46732,0.153,0.444,0.000,-0.9324,-0.8032,TRACKING,R+C
1787000276.540,1.6,0.689,0.699,0.828,0.6188,-0.0555,-1.21,-0.53167,0.150,0.444,0.000,-0.8614,-0.7489,TRACKING,L+C+R_fused
1787000276.555,1.6,0.000,0.695,0.833,0.5254,-0.0494,-2.79,-0.65897,0.150,0.445,0.000,-0.7635,-0.6708,TRACKING,R+C
1787000276.576,1.6,0.000,0.709,0.845,0.5173,-0.0430,-3.60,-0.70970,0.150,0.445,0.000,-0.6648,-0.5881,TRACKING,R+C
1787000276.592,1.6,0.000,0.710,0.854,0.5098,-0.0374,-4.20,-0.73714,0.150,0.445,0.000,-0.5708,-0.5079,TRACKING,R+C
1787000276.609,1.6,0.892,0.722,0.856,0.6211,-0.0317,-4.23,-0.76710,0.150,0.445,0.000,-0.4898,-0.4374,TRACKING,L+C+R_fused
1787000276.624,1.6,0.834,0.723,0.857,0.4312,-0.0297,-5.31,-0.86819,0.150,0.446,0.000,-0.4332,-0.3861,TRACKING,L+C+R_fused
1787000276.640,1.6,0.844,0.732,0.859,0.4730,-0.0291,-5.43,-0.88638,0.150,0.446,0.000,-0.4233,-0.3713,TRACKING,L+C+R_fused
1787000276.655,1.6,0.000,0.722,0.864,0.4971,-0.0307,-6.28,-0.99158,0.150,0.446,0.000,-0.4316,-0.3754,TRACKING,R+C
1787000276.673,1.6,0.667,0.734,0.866,0.4934,-0.0335,-7.01,-1.07493,0.150,0.446,0.000,-0.4607,-0.3973,TRACKING,L+C+R_fused
1787000276.702,1.6,0.000,0.735,0.865,0.5001,-0.0349,-7.58,-1.15363,0.150,0.446,0.000,-0.4734,-0.4099,TRACKING,R+C
1787000276.719,1.6,0.375,0.734,0.864,0.4584,-0.0357,-7.52,-1.19147,0.150,0.447,0.000,-0.4953,-0.4278,TRACKING,L+C+R_fused
1787000276.733,1.6,0.646,0.742,0.865,0.4672,-0.0361,-7.50,-1.22234,0.150,0.447,0.000,-0.5066,-0.4387,TRACKING,L+C+R_fused
1787000276.747,1.6,0.000,0.742,0.856,0.5088,-0.0355,-7.69,-1.27019,0.150,0.447,0.000,-0.4977,-0.4340,TRACKING,R+C
1787000276.764,1.6,0.000,0.748,0.860,0.5083,-0.0335,-7.77,-1.33093,0.150,0.447,0.000,-0.4742,-0.4166,TRACKING,R+C
1787000276.779,1.6,0.000,0.760,0.875,0.5069,-0.0290,-8.05,-1.38785,0.150,0.447,0.000,-0.4024,-0.3623,TRACKING,R+C
1787000276.794,1.6,0.000,0.746,0.868,0.4998,-0.0189,-7.43,-1.42836,0.150,0.447,0.000,-0.2687,-0.2578,TRACKING,R+C
1787000276.812,1.6,0.789,0.740,0.872,0.4790,-0.0078,-6.60,-1.42040,0.150,0.447,0.000,-0.1099,-0.1270,TRACKING,L+C+R_fused
1787000276.842,1.6,0.937,0.738,0.880,0.4913,0.0035,-6.63,-1.52207,0.150,0.448,0.000,0.0735,0.0260,TRACKING,L+C+R_fused
1787000276.859,1.6,0.910,0.740,0.891,0.4954,0.0130,-6.75,-1.60111,0.150,0.448,0.000,0.2293,0.1636,TRACKING,L+C+R_fused
1787000276.874,1.6,0.909,0.759,0.885,0.5027,0.0224,-5.97,-1.61415,0.150,0.448,0.000,0.3534,0.2754,TRACKING,L+C+R_fused
1787000276.897,1.6,0.933,0.767,0.607,0.4972,0.0288,-5.39,-1.63541,0.150,0.448,0.000,0.4295,0.3478,TRACKING,L+C+R_fused
1787000276.916,1.6,0.939,0.763,0.367,0.4795,0.0346,-2.76,-1.52778,0.150,0.448,0.000,0.4376,0.3642,TRACKING,L+C+R_fused
1787000276.929,1.6,0.947,0.759,0.339,0.4621,0.0379,-1.89,-1.53808,0.150,0.448,0.000,0.4539,0.3782,TRACKING,L+C+R_fused
1787000276.945,1.6,0.910,0.765,0.368,0.5181,0.0425,-0.41,-1.48440,0.150,0.448,0.000,0.4752,0.3958,TRACKING,L+C+R_fused
1787000276.960,1.6,0.660,0.766,0.357,0.5660,0.0464,0.40,-1.48019,0.150,0.448,0.000,0.5052,0.4203,TRACKING,L+C+R_fused
1787000276.975,1.6,0.000,0.762,0.356,0.6206,0.0506,1.53,-1.45614,0.150,0.448,0.000,0.5282,0.4406,TRACKING,R+C
1787000276.988,1.6,0.000,0.751,0.000,0.6206,0.0496,-0.09,-1.72316,0.150,0.448,0.000,0.5330,0.4456,TRACKING,C_only
1787000277.004,1.6,0.000,0.757,0.000,0.6206,0.0519,2.67,-1.54741,0.150,0.449,0.000,0.4904,0.4149,TRACKING,C_only
1787000277.021,1.6,0.000,0.756,0.000,0.6206,0.0509,4.04,-1.49701,0.150,0.449,0.000,0.4276,0.3634,TRACKING,C_only
1787000277.036,1.6,0.000,0.755,0.323,0.6341,0.0488,4.74,-1.52363,0.150,0.449,0.000,0.3609,0.3057,TRACKING,R+C
1787000277.052,1.6,0.000,0.747,0.368,0.5744,0.0462,5.27,-1.54849,0.150,0.449,0.000,0.2901,0.2443,TRACKING,R+C
1787000277.068,1.6,0.000,0.747,0.368,0.5744,0.0369,4.22,-1.23879,0.150,0.449,0.000,0.2901,0.2354,TRACKING,prediction
1787000277.084,1.6,0.000,0.745,0.356,0.4600,0.0374,6.63,-1.56984,0.150,0.449,0.000,0.0723,0.0717,TRACKING,R+C
1787000277.099,1.6,0.000,0.748,0.291,0.6533,0.0342,8.65,-1.41409,0.150,0.449,0.000,-0.0514,-0.0430,TRACKING,R+C
1787000277.116,1.6,0.000,0.745,0.584,0.4941,0.0291,9.34,-1.39771,0.150,0.449,0.000,-0.1712,-0.1466,TRACKING,R+C
1787000277.130,1.6,0.000,0.746,0.551,0.4955,0.0230,9.94,-1.37306,0.150,0.449,0.000,-0.2992,-0.2540,TRACKING,R+C
1787000277.148,1.6,0.000,0.746,0.551,0.4955,0.0184,7.95,-1.09845,0.150,0.449,0.000,-0.2992,-0.2698,TRACKING,prediction
1787000277.177,1.6,0.000,0.749,0.825,0.5843,0.0106,11.87,-1.22971,0.150,0.449,0.000,-0.5525,-0.4532,TRACKING,R+C
1787000277.200,1.6,0.000,0.743,0.815,0.5970,0.0040,13.27,-1.10176,0.150,0.449,0.000,-0.6778,-0.5689,TRACKING,R+C
1787000277.217,1.6,0.000,0.747,0.838,0.6148,-0.0044,14.04,-1.04902,0.150,0.449,0.000,-0.7998,-0.6721,TRACKING,R+C
1787000277.234,1.6,0.000,0.747,0.838,0.6148,-0.0035,11.23,-0.83922,0.150,0.449,0.000,-0.7998,-0.6873,TRACKING,prediction
1787000277.262,1.6,0.000,0.748,0.823,0.6367,-0.0211,15.21,-0.95583,0.150,0.449,0.000,-0.9901,-0.8229,TRACKING,R+C
1787000277.279,1.6,0.000,0.754,0.803,0.6478,-0.0306,15.97,-0.87910,0.150,0.449,0.000,-1.0000,-0.8503,TRACKING,R+C
1787000277.294,1.6,0.000,0.758,0.801,0.6588,-0.0420,15.40,-0.91896,0.150,0.449,0.000,-1.0000,-0.8548,TRACKING,R+C
1787000277.311,1.6,0.000,0.758,0.801,0.6588,-0.0336,12.32,-0.73517,0.150,0.449,0.000,-1.0000,-0.8554,TRACKING,prediction
1787000277.326,1.6,0.000,0.758,0.801,0.6588,-0.0269,9.86,-0.58814,0.150,0.449,0.000,-1.0000,-0.8555,TRACKING,prediction
1787000277.342,1.6,0.000,0.758,0.801,0.6588,-0.0215,7.88,-0.47051,0.150,0.449,0.000,-1.0000,-0.8555,TRACKING,prediction
1787000277.359,1.6,0.000,0.758,0.801,0.6588,-0.0172,6.31,-0.37641,0.150,0.449,0.000,-1.0000,-0.8555,TRACKING,prediction
1787000277.371,1.6,0.000,0.758,0.801,0.6588,-0.0138,5.05,-0.30113,0.150,0.450,0.000,-1.0000,-0.8554,TRACKING,prediction
1787000277.404,1.6,0.000,0.758,0.801,0.6588,-0.0110,4.04,-0.24090,0.150,0.450,0.000,-1.0000,-0.8554,TRACKING,prediction
1787000277.434,1.6,0.000,0.758,0.801,0.6588,-0.0088,3.23,-0.19272,0.150,0.450,0.000,-1.0000,-0.8554,TRACKING,prediction
1787000277.465,1.6,0.000,0.758,0.801,0.6588,-0.0070,2.58,-0.15418,0.150,0.450,0.000,-1.0000,-0.8554,TRACKING,prediction
1787000277.496,54.4,0.000,0.758,0.801,0.6588,-0.0056,2.07,-0.12334,0.150,0.447,0.000,-1.0000,-0.8554,TRACKING,prediction
1787000277.526,54.4,0.000,0.758,0.801,0.6588,-0.0045,1.65,-0.09867,0.150,0.439,0.000,-1.0000,-0.8564,TRACKING,prediction
1787000277.541,54.4,0.000,0.758,0.801,0.6588,-0.0036,1.32,-0.07894,0.150,0.427,0.000,-1.0000,-0.8603,TRACKING,prediction
1787000277.558,54.4,0.000,0.758,0.801,0.6588,-0.0029,1.06,-0.06315,0.150,0.413,0.000,-1.0000,-0.8665,TRACKING,prediction
1787000277.570,54.4,0.000,0.758,0.801,0.6588,-0.0023,0.85,-0.05052,0.150,0.397,0.000,-1.0000,-0.8740,TRACKING,prediction
1787000277.587,54.4,0.000,0.758,0.801,0.6588,-0.0018,0.68,-0.04042,0.150,0.372,0.000,-1.0000,-0.8824,UNCERTAIN,prediction
1787000277.601,54.4,0.000,0.758,0.801,0.6588,-0.0015,0.54,-0.03233,0.150,0.355,0.000,-1.0000,-0.8950,UNCERTAIN,prediction
1787000277.617,54.4,0.000,0.758,0.801,0.6588,-0.0012,0.43,-0.02587,0.150,0.341,0.000,-1.0000,-0.9047,UNCERTAIN,prediction
1787000277.634,54.4,0.000,0.758,0.801,0.6588,-0.0009,0.35,-0.02069,0.150,0.327,0.000,-1.0000,-0.9125,UNCERTAIN,prediction
1787000277.650,54.4,0.000,0.758,0.801,0.6588,-0.0008,0.28,-0.01655,0.150,0.312,0.000,-1.0000,-0.9203,UNCERTAIN,prediction
1787000277.664,54.4,0.000,0.758,0.801,0.6588,-0.0006,0.22,-0.01324,0.150,0.298,0.000,-1.0000,-0.9280,UNCERTAIN,prediction
1787000277.677,54.4,0.000,0.758,0.801,0.6588,-0.0005,0.18,-0.01059,0.150,0.284,0.000,-1.0000,-0.9357,UNCERTAIN,prediction
1787000277.696,54.4,0.000,0.000,0.695,0.6588,-0.1758,34.69,-0.40411,0.160,0.286,0.000,-1.0000,-0.9465,UNCERTAIN,R_only
1787000277.722,54.4,0.000,0.000,0.693,0.6588,-0.1819,34.57,-0.36340,0.164,0.287,0.000,-1.0000,-0.9470,UNCERTAIN,R_only
1787000277.738,54.4,0.000,0.000,0.692,0.6588,-0.1888,33.96,-0.36588,0.163,0.288,0.000,-1.0000,-0.9466,UNCERTAIN,R_only
