timestamp,fps,left_conf,center_conf,right_conf,lane_width_m,lateral_error_m,heading_error_deg,curvature,lookahead_m,target_speed,actual_speed,steer_raw,steer_filtered,tracking_state,reconstruction_method
1787289455.819,0.5,0.000,0.645,0.000,0.6000,-0.0100,-1.23,-0.11401,0.229,0.359,0.000,-0.0613,-0.0648,TRACKING,CENTER_LOCKED
1787289455.897,0.5,0.000,0.645,0.298,0.6000,-0.0122,-2.07,-0.16014,0.221,0.467,0.000,-0.0664,-0.0700,TRACKING,R+C
1787289455.991,0.5,0.000,0.645,0.437,0.6000,-0.0120,-2.03,-0.15815,0.222,0.551,0.000,-0.0659,-0.0695,TRACKING,R+C
1787289456.079,0.5,0.000,0.644,0.000,0.6000,-0.0092,-1.11,-0.11161,0.230,0.617,0.000,-0.0587,-0.0620,TRACKING,CENTER_LOCKED
1787289456.142,0.5,0.000,0.643,0.000,0.6000,-0.0061,-0.64,-0.09358,0.233,0.668,0.000,-0.0453,-0.0480,TRACKING,CENTER_LOCKED
1787289456.218,0.5,0.000,0.642,0.278,0.6000,-0.0028,-0.01,-0.05569,0.240,0.708,0.000,-0.0302,-0.0321,TRACKING,R+C
1787289456.270,0.5,0.000,0.642,0.000,0.6000,-0.0002,0.37,-0.03153,0.244,0.739,0.000,-0.0178,-0.0189,TRACKING,CENTER_LOCKED
1787289456.331,0.5,0.000,0.642,0.000,0.6000,0.0012,0.02,-0.07893,0.236,0.764,0.000,-0.0082,-0.0089,TRACKING,CENTER_LOCKED
1787289456.385,0.5,0.000,0.642,0.000,0.6000,0.0021,-0.82,-0.19762,0.214,0.783,0.000,0.0103,0.0096,TRACKING,CENTER_LOCKED
1787289456.452,0.5,0.000,0.643,0.285,0.6000,0.0040,-0.34,-0.15137,0.223,0.797,0.000,0.0084,0.0082,TRACKING,R+C
1787289456.517,0.5,0.000,0.644,0.649,0.6000,0.0057,-0.16,-0.12121,0.228,0.809,0.000,0.0226,0.0232,TRACKING,R+C
1787289456.581,0.5,0.000,0.647,0.653,0.6000,0.0079,0.13,-0.08331,0.235,0.818,0.000,0.0360,0.0376,TRACKING,R+C
1787289456.645,0.5,0.000,0.646,0.469,0.6000,0.0112,0.63,-0.04195,0.242,0.825,0.000,0.0496,0.0522,TRACKING,R+C
1787289456.715,0.5,0.000,0.645,0.503,0.6000,0.0122,0.42,-0.03732,0.243,0.831,0.000,0.0630,0.0663,TRACKING,R+C
1787289456.783,0.5,0.000,0.644,0.266,0.6000,0.0126,-0.38,-0.08575,0.235,0.835,0.000,0.0852,0.0893,TRACKING,R+C
1787289456.856,14.5,0.000,0.643,0.663,0.6000,0.0147,-0.39,-0.08930,0.234,0.838,0.000,0.1001,0.1049,TRACKING,R+C
1787289456.912,14.5,0.000,0.642,0.000,0.6000,0.0166,-0.29,-0.08926,0.234,0.841,0.000,0.1113,0.1166,TRACKING,CENTER_LOCKED
1787289456.964,14.5,0.000,0.641,0.000,0.6000,0.0177,-0.65,-0.14404,0.224,0.843,0.000,0.1296,0.1352,TRACKING,CENTER_LOCKED
1787289457.036,14.5,0.000,0.641,0.491,0.6000,0.0184,-1.27,-0.23615,0.207,0.755,0.000,0.1686,0.1741,TRACKING,R+C
1787289457.109,14.5,0.000,0.643,0.486,0.6000,0.0205,-0.08,-0.14478,0.224,0.693,0.000,0.1323,0.1380,TRACKING,R+C
1787289457.177,14.5,0.000,0.646,0.653,0.6000,0.0210,0.37,-0.09787,0.232,0.650,0.000,0.1230,0.1289,TRACKING,R+C
1787289457.244,14.5,0.000,0.648,0.664,0.6000,0.0211,0.27,-0.10181,0.232,0.620,0.000,0.1267,0.1327,TRACKING,R+C
1787289457.293,14.5,0.000,0.649,0.000,0.6000,0.0209,0.37,-0.09027,0.234,0.599,0.000,0.1223,0.1283,TRACKING,CENTER_LOCKED
1787289457.343,14.5,0.000,0.647,0.000,0.6000,0.0183,-0.25,-0.11270,0.230,0.584,0.000,0.1213,0.1269,TRACKING,CENTER_LOCKED
1787289457.414,14.5,0.000,0.647,0.667,0.6000,0.0166,-0.59,-0.13018,0.227,0.574,0.000,0.1192,0.1245,TRACKING,R+C
1787289457.490,14.5,0.000,0.646,0.657,0.6000,0.0167,-0.22,-0.10683,0.231,0.567,0.000,0.1094,0.1145,TRACKING,R+C
1787289457.548,14.5,0.000,0.645,0.000,0.6000,0.0165,0.14,-0.09085,0.234,0.562,0.000,0.0972,0.1018,TRACKING,CENTER_LOCKED
1787289457.602,14.5,0.000,0.643,0.000,0.6000,0.0163,0.76,-0.05151,0.241,0.558,0.000,0.0804,0.0846,TRACKING,CENTER_LOCKED
1787289457.655,14.5,0.000,0.643,0.000,0.6000,0.0164,1.70,0.02818,0.245,0.622,0.000,0.0672,0.0711,TRACKING,CENTER_LOCKED
1787289457.727,14.5,0.000,0.642,0.361,0.6000,0.0157,2.16,0.06936,0.238,0.673,0.000,0.0616,0.0651,TRACKING,R+C
1787289457.781,14.5,0.000,0.642,0.000,0.6000,0.0147,2.08,0.05315,0.240,0.712,0.000,0.0518,0.0548,TRACKING,CENTER_LOCKED
1787289457.871,15.8,0.644,0.644,0.596,0.6000,0.0138,2.00,0.03573,0.244,0.742,0.000,0.0434,0.0459,TRACKING,L+C+R_fused
1787289457.954,15.8,0.646,0.646,0.655,0.6000,0.0131,2.15,0.04179,0.242,0.766,0.000,0.0363,0.0385,TRACKING,L+C+R_fused
1787289458.016,15.8,0.000,0.647,0.390,0.6000,0.0126,2.13,0.03542,0.244,0.784,0.000,0.0318,0.0337,TRACKING,R+C
1787289458.081,15.8,0.000,0.645,0.656,0.6000,0.0091,1.13,-0.01780,0.247,0.799,0.000,0.0254,0.0268,TRACKING,R+C
1787289458.150,15.8,0.000,0.644,0.645,0.6000,0.0080,0.88,-0.03396,0.244,0.810,0.000,0.0225,0.0237,TRACKING,R+C
1787289458.204,15.8,0.000,0.643,0.000,0.6000,0.0072,0.86,-0.03934,0.243,0.819,0.000,0.0170,0.0178,TRACKING,CENTER_LOCKED
1787289458.283,15.8,0.000,0.641,0.654,0.6000,0.0072,1.14,-0.02704,0.245,0.826,0.000,0.0106,0.0111,TRACKING,R+C
1787289458.354,15.8,0.000,0.641,0.378,0.6000,0.0073,1.58,0.00390,0.249,0.831,0.000,0.0050,0.0053,TRACKING,R+C
1787289458.425,15.8,0.000,0.641,0.652,0.6000,0.0073,1.71,0.01313,0.248,0.835,0.000,0.0036,0.0039,TRACKING,R+C
1787289458.494,15.8,0.000,0.641,0.419,0.6000,0.0079,2.38,0.10349,0.231,0.838,0.000,0.0072,0.0079,TRACKING,R+C
1787289458.558,15.8,0.000,0.643,0.657,0.6000,0.0079,2.03,0.05697,0.240,0.841,0.000,0.0073,0.0079,TRACKING,R+C
1787289458.612,15.8,0.000,0.645,0.000,0.6000,0.0082,2.14,0.05203,0.241,0.843,0.000,0.0054,0.0058,TRACKING,CENTER_LOCKED
1787289458.660,15.8,0.000,0.648,0.000,0.6000,0.0080,2.05,0.03837,0.243,0.845,0.000,0.0038,0.0041,TRACKING,CENTER_LOCKED
1787289458.722,15.8,0.000,0.648,0.663,0.6000,0.0077,1.94,0.02710,0.245,0.846,0.000,0.0023,0.0025,TRACKING,R+C
1787289458.775,15.8,0.000,0.646,0.000,0.6000,0.0045,0.85,-0.03577,0.244,0.847,0.000,-0.0005,-0.0007,TRACKING,CENTER_LOCKED
1787289458.854,15.8,0.000,0.645,0.324,0.6000,0.0040,0.85,-0.03948,0.243,0.847,0.000,-0.0044,-0.0048,TRACKING,R+C
1787289458.911,15.4,0.000,0.644,0.000,0.6000,0.0040,0.93,-0.03796,0.243,0.848,0.000,-0.0067,-0.0072,TRACKING,CENTER_LOCKED
1787289458.988,15.4,0.000,0.642,0.528,0.6000,0.0047,1.23,-0.02071,0.246,0.848,0.000,-0.0070,-0.0074,TRACKING,R+C
1787289459.060,15.4,0.000,0.642,0.379,0.6000,0.0054,1.42,-0.00613,0.249,0.849,0.000,-0.0048,-0.0051,TRACKING,R+C
1787289459.135,15.4,0.000,0.642,0.269,0.6000,0.0061,1.56,0.00784,0.249,0.849,0.000,-0.0017,-0.0018,TRACKING,R+C
1787289459.207,15.4,0.000,0.643,0.273,0.6000,0.0066,1.36,-0.00865,0.248,0.849,0.000,0.0043,0.0046,TRACKING,R+C
1787289459.276,15.4,0.000,0.644,0.656,0.6000,0.0071,1.21,-0.02296,0.246,0.849,0.000,0.0093,0.0097,TRACKING,R+C
1787289459.326,15.4,0.000,0.645,0.000,0.6000,0.0079,1.24,-0.02586,0.245,0.850,0.000,0.0130,0.0137,TRACKING,CENTER_LOCKED
1787289459.377,15.4,0.000,0.646,0.000,0.6000,0.0085,1.52,-0.00822,0.249,0.850,0.000,0.0124,0.0131,TRACKING,CENTER_LOCKED
1787289459.443,15.4,0.000,0.646,0.654,0.6000,0.0088,1.82,0.01376,0.248,0.850,0.000,0.0102,0.0109,TRACKING,R+C
1787289459.495,15.4,0.000,0.645,0.000,0.6000,0.0081,1.54,-0.00107,0.250,0.850,0.000,0.0107,0.0113,TRACKING,CENTER_LOCKED
1787289459.552,15.4,0.000,0.644,0.000,0.6000,0.0077,1.31,-0.01293,0.248,0.850,0.000,0.0121,0.0128,TRACKING,CENTER_LOCKED
1787289459.605,15.4,0.000,0.643,0.000,0.6000,0.0079,1.10,-0.02528,0.245,0.850,0.000,0.0169,0.0178,TRACKING,CENTER_LOCKED
1787289459.682,15.4,0.000,0.642,0.516,0.6000,0.0088,1.16,-0.02113,0.246,0.850,0.000,0.0218,0.0230,TRACKING,R+C
1787289459.750,15.4,0.000,0.642,0.275,0.6000,0.0097,1.24,-0.01498,0.247,0.850,0.000,0.0271,0.0286,TRACKING,R+C
1787289459.803,15.4,0.000,0.641,0.000,0.6000,0.0106,1.28,-0.01054,0.248,0.850,0.000,0.0322,0.0340,TRACKING,CENTER_LOCKED
1787289459.853,15.4,0.000,0.641,0.000,0.6000,0.0110,0.81,-0.07279,0.237,0.850,0.000,0.0393,0.0411,TRACKING,CENTER_LOCKED
1787289459.916,15.9,0.000,0.642,0.274,0.6000,0.0117,0.96,-0.05434,0.240,0.850,0.000,0.0426,0.0447,TRACKING,R+C
1787289460.003,15.9,0.644,0.644,0.586,0.6000,0.0124,1.07,-0.04097,0.243,0.850,0.000,0.0461,0.0485,TRACKING,L+C+R_fused
1787289460.053,15.9,0.000,0.647,0.000,0.6000,0.0130,1.18,-0.02695,0.245,0.850,0.000,0.0483,0.0509,TRACKING,CENTER_LOCKED
1787289460.115,15.9,0.000,0.648,0.586,0.6000,0.0133,1.16,-0.02440,0.246,0.850,0.000,0.0512,0.0540,TRACKING,R+C
1787289460.166,15.9,0.000,0.645,0.000,0.6000,0.0137,1.05,-0.02758,0.245,0.850,0.000,0.0565,0.0596,TRACKING,CENTER_LOCKED
1787289460.223,15.9,0.000,0.644,0.000,0.6000,0.0147,1.15,-0.02026,0.246,0.850,0.000,0.0609,0.0643,TRACKING,CENTER_LOCKED
1787289460.282,15.9,0.000,0.643,0.000,0.6000,0.0151,1.01,-0.02695,0.245,0.850,0.000,0.0672,0.0709,TRACKING,CENTER_LOCKED
1787289460.341,15.9,0.000,0.642,0.000,0.6000,0.0157,0.90,-0.03410,0.244,0.850,0.000,0.0736,0.0775,TRACKING,CENTER_LOCKED
1787289460.396,15.9,0.000,0.642,0.000,0.6000,0.0165,0.85,-0.04132,0.243,0.850,0.000,0.0798,0.0841,TRACKING,CENTER_LOCKED
1787289460.469,15.9,0.000,0.642,0.657,0.6000,0.0170,0.73,-0.05438,0.240,0.850,0.000,0.0853,0.0897,TRACKING,R+C
1787289460.528,15.9,0.000,0.641,0.000,0.6000,0.0174,0.63,-0.08190,0.235,0.850,0.000,0.0898,0.0942,TRACKING,CENTER_LOCKED
1787289460.584,15.9,0.000,0.642,0.000,0.6000,0.0181,0.94,-0.05882,0.239,0.850,0.000,0.0864,0.0909,TRACKING,CENTER_LOCKED
1787289460.641,15.9,0.000,0.644,0.000,0.6000,0.0184,1.41,-0.02711,0.245,0.850,0.000,0.0775,0.0818,TRACKING,CENTER_LOCKED
1787289460.690,15.9,0.000,0.646,0.000,0.6000,0.0180,1.51,-0.01869,0.247,0.850,0.000,0.0732,0.0773,TRACKING,CENTER_LOCKED
1787289460.739,15.9,0.000,0.647,0.000,0.6000,0.0176,1.52,-0.01494,0.247,0.850,0.000,0.0707,0.0747,TRACKING,CENTER_LOCKED
1787289460.788,15.9,0.000,0.647,0.000,0.6000,0.0159,1.01,-0.03689,0.243,0.850,0.000,0.0716,0.0754,TRACKING,CENTER_LOCKED
1787289460.842,15.9,0.000,0.646,0.000,0.6000,0.0155,0.89,-0.04102,0.243,0.850,0.000,0.0721,0.0760,TRACKING,CENTER_LOCKED
1787289460.912,15.9,0.000,0.645,0.657,0.6000,0.0157,0.98,-0.03735,0.243,0.850,0.000,0.0714,0.0752,TRACKING,R+C
1787289460.983,16.9,0.000,0.644,0.660,0.6000,0.0159,0.98,-0.03930,0.243,0.850,0.000,0.0719,0.0757,TRACKING,R+C
1787289461.038,16.9,0.000,0.643,0.000,0.6000,0.0159,1.05,-0.03816,0.243,0.850,0.000,0.0704,0.0742,TRACKING,CENTER_LOCKED
1787289461.093,16.9,0.000,0.642,0.000,0.6000,0.0161,1.23,-0.03102,0.244,0.850,0.000,0.0669,0.0705,TRACKING,CENTER_LOCKED
1787289461.169,16.9,0.000,0.642,0.662,0.6000,0.0161,1.34,-0.02635,0.245,0.850,0.000,0.0643,0.0679,TRACKING,R+C
1787289461.225,16.9,0.000,0.641,0.000,0.6000,0.0154,1.43,-0.02294,0.246,0.850,0.000,0.0575,0.0606,TRACKING,CENTER_LOCKED
1787289461.276,16.9,0.000,0.641,0.000,0.6000,0.0148,1.58,-0.01022,0.248,0.850,0.000,0.0515,0.0544,TRACKING,CENTER_LOCKED
1787289461.342,16.9,0.000,0.644,0.660,0.6000,0.0140,1.57,-0.01438,0.247,0.850,0.000,0.0459,0.0485,TRACKING,R+C
1787289461.405,16.9,0.000,0.646,0.665,0.6000,0.0135,1.58,-0.01558,0.247,0.850,0.000,0.0420,0.0444,TRACKING,R+C
1787289461.455,16.9,0.000,0.649,0.000,0.6000,0.0129,1.51,-0.02394,0.246,0.850,0.000,0.0393,0.0414,TRACKING,CENTER_LOCKED
1787289461.515,16.9,0.000,0.647,0.564,0.6000,0.0138,1.91,-0.00805,0.249,0.850,0.000,0.0361,0.0382,TRACKING,R+C
1787289461.565,16.9,0.000,0.645,0.000,0.6000,0.0134,1.92,-0.00980,0.248,0.850,0.000,0.0332,0.0351,TRACKING,CENTER_LOCKED
1787289461.620,16.9,0.000,0.645,0.000,0.6000,0.0130,1.89,-0.01291,0.248,0.850,0.000,0.0308,0.0325,TRACKING,CENTER_LOCKED
1787289461.681,16.9,0.000,0.644,0.000,0.6000,0.0119,1.63,-0.03248,0.244,0.850,0.000,0.0276,0.0290,TRACKING,CENTER_LOCKED
1787289461.741,16.9,0.000,0.643,0.000,0.6000,0.0112,1.47,-0.04774,0.241,0.850,0.000,0.0252,0.0264,TRACKING,CENTER_LOCKED
1787289461.798,16.9,0.000,0.642,0.000,0.6000,0.0104,1.30,-0.07394,0.237,0.850,0.000,0.0202,0.0210,TRACKING,CENTER_LOCKED
1787289461.852,16.9,0.000,0.642,0.000,0.6000,0.0096,1.08,-0.10360,0.231,0.850,0.000,0.0157,0.0161,TRACKING,CENTER_LOCKED
1787289461.908,16.9,0.000,0.641,0.000,0.6000,0.0101,2.24,0.01329,0.248,0.850,0.000,0.0075,0.0079,TRACKING,CENTER_LOCKED
1787289461.963,16.9,0.000,0.643,0.000,0.6000,0.0094,1.70,-0.09224,0.233,0.850,0.000,-0.0028,-0.0033,TRACKING,CENTER_LOCKED
1787289462.019,17.4,0.000,0.643,0.000,0.6000,0.0092,1.70,-0.13401,0.226,0.850,0.000,-0.0141,-0.0152,TRACKING,CENTER_LOCKED
1787289462.083,17.4,0.000,0.644,0.683,0.6000,0.0089,2.00,-0.16565,0.220,0.850,0.000,-0.0349,-0.0371,TRACKING,R+C
1787289462.132,17.4,0.000,0.646,0.000,0.6000,0.0084,2.74,-0.16408,0.220,0.850,0.000,-0.0648,-0.0684,TRACKING,CENTER_LOCKED
1787289462.183,17.4,0.000,0.646,0.000,0.6000,0.0080,3.55,-0.14699,0.224,0.850,0.000,-0.0888,-0.0935,TRACKING,CENTER_LOCKED
1787289462.232,17.4,0.000,0.644,0.000,0.6000,-0.0001,1.99,-0.25263,0.205,0.760,0.000,-0.1086,-0.1154,TRACKING,CENTER_LOCKED
1787289462.284,17.4,0.000,0.643,0.000,0.6000,-0.0053,1.13,-0.32702,0.200,0.697,0.000,-0.1501,-0.1586,TRACKING,CENTER_LOCKED
1787289462.337,17.4,0.000,0.642,0.000,0.6000,-0.0072,1.65,-0.33505,0.200,0.653,0.000,-0.1877,-0.1978,TRACKING,CENTER_LOCKED
1787289462.414,17.4,0.000,0.642,0.678,0.6000,-0.0090,2.86,-0.29749,0.200,0.622,0.000,-0.2380,-0.2502,TRACKING,R+C
1787289462.485,17.4,0.000,0.641,0.677,0.6000,-0.0110,4.56,-0.21451,0.211,0.600,0.000,-0.2671,-0.2816,TRACKING,R+C
1787289462.554,17.4,0.000,0.641,0.673,0.6000,-0.0144,5.81,-0.15411,0.222,0.585,0.000,-0.3424,-0.3593,TRACKING,R+C
1787289462.623,17.4,0.000,0.641,0.671,0.6000,-0.0191,6.07,-0.19277,0.215,0.575,0.000,-0.3619,-0.3815,TRACKING,R+C
1787289462.691,17.4,0.000,0.643,0.670,0.6000,-0.0242,6.43,-0.21114,0.212,0.567,0.000,-0.4259,-0.4482,TRACKING,R+C
1787289462.784,17.4,0.643,0.645,0.668,0.3734,-0.0292,7.08,-0.20148,0.214,0.562,0.000,-0.4736,-0.4988,TRACKING,L+C+R_fused
1787289462.850,17.4,0.000,0.653,0.667,0.3734,-0.0346,8.24,-0.14817,0.223,0.558,0.000,-0.5524,-0.5806,TRACKING,R+C
1787289462.916,17.4,0.000,0.650,0.667,0.3734,-0.0522,5.02,-0.31992,0.200,0.556,0.000,-0.6760,-0.7082,TRACKING,R+C
1787289462.985,17.4,0.000,0.646,0.666,0.3734,-0.0608,4.45,-0.36798,0.200,0.554,0.000,-0.7296,-0.7648,TRACKING,R+C
1787289463.065,15.3,0.000,0.644,0.666,0.3734,-0.0645,5.41,-0.33842,0.200,0.553,0.000,-0.7731,-0.8108,TRACKING,R+C
1787289463.150,15.3,0.000,0.642,0.666,0.3734,-0.0666,6.85,-0.27337,0.201,0.552,0.000,-0.8065,-0.8463,TRACKING,R+C
1787289463.219,15.3,0.000,0.641,0.668,0.3734,-0.0688,8.37,-0.17305,0.219,0.551,0.000,-0.7385,-0.7802,TRACKING,R+C
1787289463.288,15.3,0.000,0.642,0.668,0.3734,-0.0722,8.23,-0.23416,0.208,0.551,0.000,-0.8232,-0.8668,TRACKING,R+C
1787289463.363,15.3,0.000,0.643,0.667,0.3734,-0.0749,8.31,-0.25966,0.203,0.551,0.000,-0.8704,-0.9155,TRACKING,R+C
1787289463.454,15.3,0.647,0.644,0.668,0.4397,-0.0769,8.62,-0.25492,0.204,0.550,0.000,-0.8818,-0.9281,TRACKING,L+C+R_fused
1787289463.522,15.3,0.000,0.645,0.668,0.4397,-0.0780,9.13,-0.23399,0.208,0.550,0.000,-0.8731,-0.9203,TRACKING,R+C
1787289463.589,15.3,0.000,0.645,0.667,0.4397,-0.0851,7.45,-0.32145,0.200,0.550,0.000,-0.9365,-0.9850,TRACKING,R+C
1787289463.658,15.3,0.000,0.644,0.663,0.4397,-0.0934,4.57,-0.48285,0.200,0.550,0.000,-0.9442,-0.9935,TRACKING,R+C
1787289463.737,15.3,0.000,0.643,0.666,0.4397,-0.0929,4.51,-0.49777,0.200,0.550,0.000,-0.9419,-0.9911,TRACKING,R+C
1787289463.815,15.3,0.000,0.642,0.668,0.4397,-0.0895,5.20,-0.48840,0.200,0.550,0.000,-0.9356,-0.9846,TRACKING,R+C
1787289463.887,15.3,0.000,0.642,0.667,0.4397,-0.0874,5.19,-0.53767,0.200,0.550,0.000,-0.9291,-0.9779,TRACKING,R+C
1787289463.958,15.3,0.000,0.641,0.667,0.4397,-0.0854,5.32,-0.56499,0.200,0.550,0.000,-0.9235,-0.9722,TRACKING,R+C
1787289464.030,15.3,0.000,0.643,0.668,0.4397,-0.0832,5.84,-0.53033,0.200,0.550,0.000,-0.9177,-0.9660,TRACKING,R+C
1787289464.101,13.5,0.000,0.643,0.669,0.4397,-0.0816,6.05,-0.50581,0.200,0.550,0.000,-0.9098,-0.9574,TRACKING,R+C
1787289464.170,13.5,0.000,0.644,0.669,0.4397,-0.0790,5.91,-0.51095,0.200,0.550,0.000,-0.8932,-0.9397,TRACKING,R+C
1787289464.254,13.5,0.329,0.644,0.669,0.0265,-0.0757,6.68,-0.44435,0.200,0.550,0.000,-0.8826,-0.9281,TRACKING,L+C+R_fused
1787289464.323,13.5,0.000,0.643,0.670,0.0265,-0.0876,2.10,-0.66130,0.200,0.550,0.000,-0.8840,-0.9297,TRACKING,R+C
1787289464.394,13.5,0.000,0.643,0.671,0.0265,-0.0861,1.92,-0.65947,0.200,0.550,0.000,-0.8715,-0.9164,TRACKING,R+C
1787289464.481,13.5,0.000,0.642,0.670,0.0265,-0.0811,3.17,-0.58211,0.200,0.550,0.000,-0.8584,-0.9022,TRACKING,R+C
1787289464.557,13.5,0.000,0.640,0.672,0.0265,-0.0766,3.58,-0.59918,0.200,0.550,0.000,-0.8421,-0.8852,TRACKING,R+C
1787289464.630,13.5,0.000,0.641,0.670,0.0265,-0.0739,3.22,-0.69280,0.200,0.550,0.000,-0.8284,-0.8712,TRACKING,R+C
1787289464.701,13.5,0.000,0.640,0.672,0.0265,-0.0707,3.72,-0.69107,0.200,0.550,0.000,-0.8186,-0.8611,TRACKING,R+C
1787289464.775,13.5,0.000,0.640,0.678,0.0265,-0.0677,4.09,-0.65375,0.200,0.550,0.000,-0.8033,-0.8446,TRACKING,R+C
1787289464.865,13.5,0.643,0.642,0.651,0.4752,-0.0648,4.06,-0.65259,0.200,0.550,0.000,-0.7837,-0.8239,TRACKING,L+C+R_fused
1787289464.950,13.5,0.643,0.643,0.667,0.5325,-0.0610,5.29,-0.56556,0.200,0.550,0.000,-0.7754,-0.8149,TRACKING,L+C+R_fused
1787289465.017,13.5,0.000,0.642,0.670,0.5325,-0.0689,2.80,-0.66705,0.200,0.550,0.000,-0.7842,-0.8242,TRACKING,R+C
1787289465.088,13.5,0.000,0.642,0.670,0.5325,-0.0675,3.55,-0.60536,0.200,0.550,0.000,-0.7842,-0.8239,TRACKING,R+C
1787289465.163,13.2,0.000,0.641,0.670,0.5325,-0.0650,4.84,-0.51901,0.200,0.550,0.000,-0.7858,-0.8253,TRACKING,R+C
1787289465.258,13.2,0.520,0.640,0.669,0.5933,-0.0629,5.71,-0.47717,0.200,0.550,0.000,-0.7865,-0.8261,TRACKING,L+C+R_fused
1787289465.351,13.2,0.663,0.641,0.670,0.5778,-0.0613,6.27,-0.45242,0.200,0.550,0.000,-0.7857,-0.8252,TRACKING,L+C+R_fused
1787289465.437,13.2,0.584,0.644,0.671,0.5485,-0.0602,7.00,-0.36797,0.200,0.550,0.000,-0.7849,-0.8240,TRACKING,L+C+R_fused
1787289465.526,13.2,0.655,0.649,0.670,0.5101,-0.0596,7.88,-0.26249,0.203,0.550,0.000,-0.7711,-0.8098,TRACKING,L+C+R_fused
1787289465.611,13.2,0.662,0.648,0.666,0.5548,-0.0579,8.84,-0.14835,0.223,0.550,0.000,-0.7113,-0.7492,TRACKING,L+C+R_fused
1787289465.695,13.2,0.383,0.645,0.668,0.5686,-0.0618,7.60,-0.14058,0.225,0.550,0.000,-0.6948,-0.7321,TRACKING,L+C+R_fused
1787289465.787,13.2,0.350,0.644,0.672,0.4960,-0.0618,7.01,-0.11547,0.229,0.550,0.000,-0.6540,-0.6899,TRACKING,L+C+R_fused
1787289465.870,13.2,0.000,0.642,0.675,0.4960,-0.0590,7.00,-0.05577,0.240,0.550,0.000,-0.5806,-0.6147,TRACKING,R+C
1787289465.948,13.2,0.000,0.641,0.676,0.4960,-0.0559,6.84,-0.00832,0.249,0.550,0.000,-0.5182,-0.5501,TRACKING,R+C
1787289466.016,13.2,0.000,0.641,0.680,0.4960,-0.0529,6.56,0.02468,0.246,0.550,0.000,-0.5009,-0.5308,TRACKING,R+C
1787289466.082,13.2,0.000,0.640,0.687,0.4960,-0.0489,5.87,0.01196,0.248,0.550,0.000,-0.4557,-0.4831,TRACKING,R+C
1787289466.153,13.2,0.000,0.642,0.686,0.4960,-0.0448,5.28,0.00413,0.249,0.550,0.000,-0.4147,-0.4398,TRACKING,R+C
1787289466.220,12.3,0.000,0.644,0.690,0.4960,-0.0411,4.66,-0.00892,0.248,0.550,0.000,-0.3824,-0.4053,TRACKING,R+C
1787289466.270,12.3,0.000,0.647,0.000,0.4960,-0.0365,4.26,-0.01046,0.248,0.616,0.000,-0.3463,-0.3668,TRACKING,CENTER_LOCKED
1787289466.320,12.3,0.000,0.647,0.000,0.4960,-0.0274,5.32,0.05729,0.240,0.667,0.000,-0.3268,-0.3446,TRACKING,CENTER_LOCKED
1787289466.370,12.3,0.000,0.645,0.000,0.4960,-0.0251,4.25,0.01236,0.248,0.708,0.000,-0.2731,-0.2891,TRACKING,CENTER_LOCKED
1787289466.423,12.3,0.000,0.643,0.000,0.4960,-0.0221,3.17,-0.04697,0.242,0.739,0.000,-0.2486,-0.2626,TRACKING,CENTER_LOCKED
1787289466.478,12.3,0.000,0.643,0.000,0.4960,-0.0191,2.42,-0.09246,0.233,0.763,0.000,-0.2320,-0.2443,TRACKING,CENTER_LOCKED
1787289466.538,12.3,0.000,0.642,0.000,0.4960,-0.0152,2.08,-0.12067,0.228,0.782,0.000,-0.2087,-0.2194,TRACKING,CENTER_LOCKED
1787289466.594,12.3,0.000,0.641,0.000,0.4960,-0.0112,2.05,-0.13524,0.226,0.797,0.000,-0.1845,-0.1939,TRACKING,CENTER_LOCKED
1787289466.649,12.3,0.000,0.641,0.000,0.4960,-0.0079,2.19,-0.13866,0.225,0.809,0.000,-0.1656,-0.1740,TRACKING,CENTER_LOCKED
1787289466.701,12.3,0.000,0.641,0.000,0.4960,-0.0048,2.54,-0.12941,0.227,0.818,0.000,-0.1489,-0.1566,TRACKING,CENTER_LOCKED
1787289466.752,12.3,0.000,0.641,0.000,0.4960,-0.0028,2.41,-0.19346,0.215,0.825,0.000,-0.1247,-0.1323,TRACKING,CENTER_LOCKED
1787289466.803,12.3,0.000,0.642,0.000,0.4960,-0.0012,2.45,-0.22871,0.209,0.742,0.000,-0.1251,-0.1328,TRACKING,CENTER_LOCKED
1787289466.856,12.3,0.000,0.642,0.000,0.4960,0.0000,2.83,-0.23786,0.207,0.685,0.000,-0.1286,-0.1365,TRACKING,CENTER_LOCKED
1787289466.907,12.3,0.000,0.643,0.000,0.4960,0.0011,3.39,-0.22768,0.209,0.644,0.000,-0.1320,-0.1402,TRACKING,CENTER_LOCKED
1787289466.957,12.3,0.000,0.645,0.000,0.4960,0.0023,4.49,-0.18248,0.217,0.616,0.000,-0.1840,-0.1928,TRACKING,CENTER_LOCKED
1787289467.007,12.3,0.000,0.645,0.000,0.4960,0.0041,5.76,-0.12941,0.227,0.596,0.000,-0.1848,-0.1943,TRACKING,CENTER_LOCKED
1787289467.059,12.3,0.000,0.643,0.000,0.4960,-0.0059,3.18,-0.28173,0.200,0.582,0.000,-0.2153,-0.2266,TRACKING,CENTER_LOCKED
1787289467.113,12.3,0.000,0.643,0.000,0.4960,-0.0115,2.00,-0.36427,0.200,0.573,0.000,-0.2456,-0.2583,TRACKING,CENTER_LOCKED
1787289467.169,12.3,0.000,0.642,0.000,0.4960,-0.0136,2.45,-0.36520,0.200,0.566,0.000,-0.2807,-0.2950,TRACKING,CENTER_LOCKED
1787289467.226,18.9,0.000,0.640,0.000,0.4960,-0.0144,4.04,-0.29500,0.200,0.561,0.000,-0.3267,-0.3427,TRACKING,CENTER_LOCKED
1787289467.294,18.9,0.000,0.640,0.000,0.4960,-0.0153,5.42,-0.22914,0.209,0.558,0.000,-0.3388,-0.3564,TRACKING,CENTER_LOCKED
1787289467.372,18.9,0.000,0.640,0.676,0.4960,-0.0178,6.61,-0.16460,0.220,0.555,0.000,-0.4014,-0.4210,TRACKING,R+C
1787289467.444,18.9,0.000,0.641,0.675,0.4960,-0.0227,6.82,-0.20243,0.214,0.554,0.000,-0.4180,-0.4403,TRACKING,R+C
1787289467.514,18.9,0.000,0.643,0.673,0.4960,-0.0277,7.21,-0.21571,0.211,0.553,0.000,-0.4784,-0.5034,TRACKING,R+C
1787289467.591,18.9,0.000,0.644,0.673,0.4960,-0.0323,8.01,-0.19220,0.215,0.552,0.000,-0.5123,-0.5399,TRACKING,R+C
1787289467.662,18.9,0.000,0.647,0.673,0.4960,-0.0367,9.30,-0.12692,0.227,0.551,0.000,-0.5743,-0.6047,TRACKING,R+C
1787289467.728,18.9,0.000,0.646,0.669,0.4960,-0.0490,7.66,-0.21419,0.211,0.551,0.000,-0.6427,-0.6764,TRACKING,R+C
1787289467.802,18.9,0.000,0.645,0.667,0.4960,-0.0562,7.45,-0.24170,0.206,0.551,0.000,-0.7157,-0.7522,TRACKING,R+C
1787289467.880,18.9,0.000,0.645,0.669,0.4960,-0.0621,7.78,-0.24428,0.206,0.550,0.000,-0.7640,-0.8032,TRACKING,R+C
1787289467.983,18.9,0.642,0.642,0.668,0.4382,-0.0662,8.67,-0.21165,0.212,0.550,0.000,-0.7708,-0.8126,TRACKING,L+C+R_fused
1787289468.054,18.9,0.000,0.643,0.666,0.4382,-0.0708,8.75,-0.24540,0.206,0.550,0.000,-0.8387,-0.8828,TRACKING,R+C
1787289468.125,18.9,0.000,0.644,0.665,0.4382,-0.0747,8.86,-0.26461,0.202,0.550,0.000,-0.8856,-0.9317,TRACKING,R+C
1787289468.201,18.9,0.000,0.644,0.671,0.4382,-0.0778,9.00,-0.26873,0.202,0.550,0.000,-0.9108,-0.9583,TRACKING,R+C
1787289468.268,13.4,0.000,0.646,0.655,0.4382,-0.0805,9.22,-0.25975,0.203,0.550,0.000,-0.9184,-0.9672,TRACKING,R+C
1787289468.334,13.4,0.000,0.647,0.671,0.4382,-0.0818,9.72,-0.23381,0.208,0.550,0.000,-0.9039,-0.9535,TRACKING,R+C
1787289468.403,13.4,0.000,0.646,0.669,0.4382,-0.0977,5.04,-0.47555,0.200,0.550,0.000,-0.9742,-1.0000,TRACKING,R+C
1787289468.479,13.4,0.000,0.645,0.668,0.4382,-0.1013,4.04,-0.53538,0.200,0.550,0.000,-0.9809,-1.0000,TRACKING,R+C
1787289468.551,13.4,0.000,0.644,0.669,0.4382,-0.0997,4.65,-0.50682,0.200,0.550,0.000,-0.9804,-1.0000,TRACKING,R+C
1787289468.633,13.4,0.000,0.642,0.668,0.4382,-0.0969,5.29,-0.49420,0.200,0.550,0.000,-0.9761,-1.0000,TRACKING,R+C
1787289468.714,13.4,0.000,0.642,0.669,0.4382,-0.0950,5.07,-0.55911,0.200,0.550,0.000,-0.9687,-1.0000,TRACKING,R+C
1787289468.784,13.4,0.000,0.643,0.670,0.4382,-0.0922,5.52,-0.54883,0.200,0.550,0.000,-0.9617,-1.0000,TRACKING,R+C
1787289468.853,13.4,0.000,0.643,0.669,0.4382,-0.0898,5.99,-0.51286,0.200,0.550,0.000,-0.9538,-1.0000,TRACKING,R+C
1787289468.923,13.4,0.000,0.643,0.669,0.4382,-0.0878,5.98,-0.50587,0.200,0.550,0.000,-0.9425,-0.9923,TRACKING,R+C
1787289468.999,13.4,0.000,0.644,0.670,0.4382,-0.0856,5.99,-0.50053,0.200,0.550,0.000,-0.9302,-0.9791,TRACKING,R+C
1787289469.072,13.4,0.000,0.645,0.670,0.4382,-0.1116,-3.21,-0.93361,0.200,0.465,0.000,-0.9467,-0.9970,TRACKING,R+C
1787289469.144,13.4,0.000,0.644,0.670,0.4382,-0.1107,-4.00,-0.97055,0.200,0.423,0.000,-0.9311,-0.9804,TRACKING,R+C
1787289469.218,13.4,0.000,0.643,0.669,0.4382,-0.1011,-1.91,-0.86952,0.200,0.401,0.000,-0.9065,-0.9540,TRACKING,R+C
1787289469.291,13.7,0.000,0.642,0.669,0.4382,-0.0920,-0.14,-0.79308,0.200,0.391,0.000,-0.8799,-0.9256,TRACKING,R+C
1787289469.367,13.7,0.000,0.641,0.671,0.4382,-0.0849,0.43,-0.81488,0.200,0.385,0.000,-0.8517,-0.8960,TRACKING,R+C
1787289469.441,13.7,0.000,0.640,0.671,0.4382,-0.0783,1.05,-0.84213,0.200,0.383,0.000,-0.8270,-0.8701,TRACKING,R+C
1787289469.511,13.7,0.000,0.641,0.671,0.4382,-0.0721,2.37,-0.76712,0.200,0.381,0.000,-0.8072,-0.8491,TRACKING,R+C
1787289469.580,13.7,0.000,0.643,0.672,0.4382,-0.0672,3.14,-0.70655,0.200,0.381,0.000,-0.7855,-0.8259,TRACKING,R+C
1787289469.649,13.7,0.000,0.643,0.671,0.4382,-0.0634,3.06,-0.70344,0.200,0.380,0.000,-0.7581,-0.7969,TRACKING,R+C
1787289469.732,13.7,0.671,0.644,0.672,0.3582,-0.0590,3.89,-0.64056,0.200,0.380,0.000,-0.7391,-0.7766,TRACKING,L+C+R_fused
1787289469.799,13.7,0.000,0.645,0.671,0.3582,-0.0845,-4.34,-0.98706,0.200,0.380,0.000,-0.7685,-0.8077,TRACKING,R+C
1787289469.871,13.7,0.000,0.645,0.671,0.3582,-0.0818,-3.46,-0.91763,0.200,0.380,0.000,-0.7610,-0.7996,TRACKING,R+C
1787289469.948,13.7,0.000,0.644,0.671,0.3582,-0.0723,-0.15,-0.73271,0.200,0.380,0.000,-0.7488,-0.7862,TRACKING,R+C
1787289470.023,13.7,0.000,0.643,0.670,0.3582,-0.0647,2.76,-0.56125,0.200,0.380,0.000,-0.7420,-0.7788,TRACKING,R+C
1787289470.113,13.7,0.000,0.642,0.671,0.3582,-0.0598,4.67,-0.45148,0.200,0.380,0.000,-0.7387,-0.7750,TRACKING,R+C
1787289470.189,13.7,0.000,0.642,0.666,0.3582,-0.0571,5.40,-0.43808,0.200,0.380,0.000,-0.7361,-0.7724,TRACKING,R+C
1787289470.260,13.7,0.000,0.643,0.670,0.3582,-0.0549,6.14,-0.39469,0.200,0.380,0.000,-0.7325,-0.7686,TRACKING,R+C
1787289470.359,13.1,0.644,0.644,0.674,0.4090,-0.0532,6.68,-0.34635,0.200,0.380,0.000,-0.7272,-0.7628,TRACKING,L+C+R_fused
1787289470.434,13.1,0.000,0.646,0.672,0.4090,-0.0517,6.94,-0.31489,0.200,0.380,0.000,-0.7187,-0.7537,TRACKING,R+C
1787289470.505,13.1,0.000,0.645,0.671,0.4090,-0.0672,1.69,-0.56149,0.200,0.380,0.000,-0.7343,-0.7703,TRACKING,R+C
1787289470.578,13.1,0.000,0.645,0.672,0.4090,-0.0669,1.61,-0.55385,0.200,0.380,0.000,-0.7291,-0.7647,TRACKING,R+C
1787289470.652,13.1,0.000,0.644,0.673,0.4090,-0.0631,2.76,-0.48886,0.200,0.380,0.000,-0.7217,-0.7568,TRACKING,R+C
1787289470.729,13.1,0.000,0.644,0.674,0.4090,-0.0590,4.20,-0.40825,0.200,0.417,0.000,-0.7162,-0.7509,TRACKING,R+C
1787289470.811,13.1,0.000,0.642,0.673,0.4090,-0.0553,5.36,-0.34927,0.200,0.447,0.000,-0.7103,-0.7446,TRACKING,R+C
1787289470.884,13.1,0.000,0.641,0.673,0.4090,-0.0534,4.96,-0.44651,0.200,0.469,0.000,-0.7005,-0.7349,TRACKING,R+C
1787289470.952,13.1,0.000,0.643,0.672,0.4090,-0.0510,5.67,-0.40423,0.200,0.487,0.000,-0.6950,-0.7291,TRACKING,R+C
1787289471.021,13.1,0.000,0.644,0.673,0.4090,-0.0490,6.52,-0.33701,0.200,0.501,0.000,-0.6918,-0.7254,TRACKING,R+C
1787289471.090,13.1,0.000,0.645,0.678,0.4090,-0.0474,7.30,-0.27280,0.201,0.512,0.000,-0.6862,-0.7196,TRACKING,R+C
1787289471.158,13.1,0.000,0.646,0.673,0.4090,-0.0462,7.95,-0.22399,0.210,0.520,0.000,-0.6407,-0.6739,TRACKING,R+C
1787289471.226,13.1,0.000,0.645,0.677,0.4090,-0.0617,3.08,-0.45596,0.200,0.527,0.000,-0.7150,-0.7496,TRACKING,R+C
1787289471.297,13.1,0.000,0.643,0.674,0.4090,-0.0639,2.21,-0.50559,0.200,0.532,0.000,-0.7162,-0.7509,TRACKING,R+C
1787289471.376,13.8,0.000,0.643,0.672,0.4090,-0.0611,3.05,-0.46993,0.200,0.536,0.000,-0.7118,-0.7463,TRACKING,R+C
1787289471.456,13.8,0.000,0.641,0.673,0.4090,-0.0560,5.20,-0.33507,0.200,0.539,0.000,-0.7099,-0.7441,TRACKING,R+C
1787289471.541,13.8,0.000,0.641,0.679,0.4090,-0.0529,6.67,-0.23688,0.207,0.541,0.000,-0.6698,-0.7036,TRACKING,R+C
1787289471.614,13.8,0.000,0.641,0.669,0.4090,-0.0514,7.00,-0.25562,0.204,0.543,0.000,-0.6880,-0.7221,TRACKING,R+C
1787289471.685,13.8,0.000,0.643,0.666,0.4090,-0.0506,7.43,-0.23928,0.207,0.545,0.000,-0.6744,-0.7087,TRACKING,R+C
1787289471.756,13.8,0.000,0.644,0.672,0.4090,-0.0502,8.03,-0.20158,0.214,0.546,0.000,-0.6461,-0.6806,TRACKING,R+C
1787289471.826,13.8,0.000,0.646,0.683,0.4090,-0.0500,8.90,-0.13744,0.225,0.547,0.000,-0.6554,-0.6903,TRACKING,R+C
1787289471.893,13.8,0.000,0.647,0.668,0.4090,-0.0494,9.46,-0.09025,0.234,0.548,0.000,-0.6181,-0.6530,TRACKING,R+C
1787289471.962,13.8,0.000,0.645,0.666,0.4090,-0.0564,7.07,-0.20191,0.214,0.548,0.000,-0.6654,-0.7007,TRACKING,R+C
1787289472.041,13.8,0.000,0.644,0.672,0.4090,-0.0570,6.77,-0.20911,0.212,0.548,0.000,-0.6701,-0.7053,TRACKING,R+C
1787289472.115,13.8,0.000,0.643,0.672,0.4090,-0.0551,7.50,-0.14413,0.224,0.549,0.000,-0.6571,-0.6918,TRACKING,R+C
1787289472.187,13.8,0.000,0.642,0.684,0.4090,-0.0541,8.08,-0.08353,0.235,0.549,0.000,-0.6045,-0.6388,TRACKING,R+C
1787289472.259,13.8,0.000,0.642,0.679,0.4090,-0.0535,8.43,-0.03218,0.244,0.549,0.000,-0.5622,-0.5961,TRACKING,R+C
1787289472.328,13.8,0.000,0.642,0.659,0.4090,-0.0538,8.04,-0.06302,0.239,0.549,0.000,-0.5827,-0.6165,TRACKING,R+C
1787289472.402,13.6,0.000,0.644,0.673,0.4090,-0.0540,7.89,-0.06646,0.238,0.550,0.000,-0.5833,-0.6170,TRACKING,R+C
1787289472.474,13.6,0.000,0.646,0.673,0.4090,-0.0536,7.96,-0.04518,0.242,0.550,0.000,-0.5637,-0.5971,TRACKING,R+C
1787289472.559,13.6,0.521,0.649,0.683,0.4090,-0.0528,8.24,-0.00035,0.250,0.550,0.000,-0.5270,-0.5599,TRACKING,L+C+R_fused
1787289472.625,13.6,0.000,0.647,0.672,0.4090,-0.0566,6.58,-0.05915,0.239,0.550,0.000,-0.5602,-0.5927,TRACKING,R+C
1787289472.703,13.6,0.000,0.645,0.671,0.4090,-0.0566,6.12,-0.05997,0.239,0.550,0.000,-0.5496,-0.5814,TRACKING,R+C
1787289472.783,13.6,0.000,0.644,0.678,0.4090,-0.0546,6.27,-0.01493,0.247,0.616,0.000,-0.5036,-0.5342,TRACKING,R+C
1787289472.866,13.6,0.000,0.642,0.679,0.4090,-0.0528,6.36,0.02907,0.245,0.667,0.000,-0.4976,-0.5271,TRACKING,R+C
1787289472.948,13.6,0.000,0.642,0.680,0.4090,-0.0511,6.01,0.03825,0.243,0.708,0.000,-0.4834,-0.5115,TRACKING,R+C
1787289473.015,13.6,0.000,0.643,0.684,0.4090,-0.0481,5.32,0.01633,0.247,0.739,0.000,-0.4398,-0.4660,TRACKING,R+C
1787289473.081,13.6,0.000,0.642,0.691,0.4090,-0.0449,4.68,0.00509,0.249,0.763,0.000,-0.4009,-0.4251,TRACKING,R+C
1787289473.150,13.6,0.000,0.645,0.680,0.4090,-0.0409,4.42,0.01760,0.247,0.782,0.000,-0.3750,-0.3971,TRACKING,R+C
1787289473.200,13.6,0.000,0.649,0.000,0.4090,-0.0364,4.23,0.03964,0.243,0.797,0.000,-0.3501,-0.3698,TRACKING,CENTER_LOCKED
1787289473.253,13.6,0.000,0.647,0.000,0.4090,-0.0337,3.47,0.03760,0.243,0.809,0.000,-0.3119,-0.3295,TRACKING,CENTER_LOCKED
1787289473.306,13.6,0.000,0.646,0.000,0.4090,-0.0316,2.68,0.02540,0.245,0.818,0.000,-0.2750,-0.2907,TRACKING,CENTER_LOCKED
1787289473.359,13.6,0.000,0.645,0.000,0.4090,-0.0279,2.16,0.02268,0.246,0.825,0.000,-0.2371,-0.2507,TRACKING,CENTER_LOCKED
1787289473.442,14.4,0.000,0.644,0.261,0.4090,-0.0241,2.01,0.03553,0.244,0.830,0.000,-0.2101,-0.2218,TRACKING,R+C
1787289473.497,14.4,0.000,0.644,0.000,0.4090,-0.0180,1.68,0.04100,0.243,0.835,0.000,-0.1608,-0.1696,TRACKING,CENTER_LOCKED
1787289473.551,14.4,0.000,0.643,0.000,0.4090,-0.0132,1.44,0.04984,0.241,0.838,0.000,-0.1224,-0.1289,TRACKING,CENTER_LOCKED
1787289473.622,14.4,0.000,0.642,0.257,0.4090,-0.0081,1.04,0.04211,0.242,0.841,0.000,-0.0766,-0.0806,TRACKING,R+C
1787289473.674,14.4,0.000,0.642,0.000,0.4090,-0.0020,0.73,0.04224,0.242,0.843,0.000,-0.0261,-0.0274,TRACKING,CENTER_LOCKED
1787289473.727,14.4,0.000,0.645,0.000,0.4090,0.0041,0.32,0.04899,0.241,0.844,0.000,0.0286,0.0303,TRACKING,CENTER_LOCKED
1787289473.779,14.4,0.000,0.645,0.000,0.4090,0.0092,-0.15,0.04987,0.241,0.846,0.000,0.0770,0.0814,TRACKING,CENTER_LOCKED
1787289473.845,14.4,0.000,0.648,0.000,0.4090,0.0146,-0.86,0.02721,0.245,0.847,0.000,0.1263,0.1335,TRACKING,CENTER_LOCKED
1787289473.892,14.4,0.000,0.651,0.000,0.4090,0.0211,-1.46,0.00656,0.249,0.847,0.000,0.1755,0.1858,TRACKING,CENTER_LOCKED
1787289473.941,14.4,0.000,0.648,0.000,0.4090,0.0266,-1.77,0.01062,0.248,0.848,0.000,0.2209,0.2338,TRACKING,CENTER_LOCKED
1787289473.993,14.4,0.000,0.646,0.000,0.4090,0.0364,-0.15,0.12224,0.228,0.848,0.000,0.3058,0.3214,TRACKING,CENTER_LOCKED
1787289474.048,14.4,0.000,0.646,0.000,0.4090,0.0422,0.78,0.19639,0.215,0.849,0.000,0.3642,0.3816,TRACKING,CENTER_LOCKED
1787289474.100,14.4,0.000,0.645,0.000,0.4090,0.0456,0.58,0.21335,0.212,0.759,0.000,0.4099,0.4292,TRACKING,CENTER_LOCKED
1787289474.156,14.4,0.000,0.645,0.000,0.4090,0.0478,-0.34,0.18287,0.217,0.696,0.000,0.4427,0.4638,TRACKING,CENTER_LOCKED
1787289474.233,14.4,0.000,0.644,0.251,0.4090,0.0497,-1.20,0.14954,0.223,0.652,0.000,0.4534,0.4761,TRACKING,R+C
1787289474.296,14.4,0.000,0.644,0.000,0.4090,0.0519,-2.06,0.10595,0.231,0.622,0.000,0.4558,0.4800,TRACKING,CENTER_LOCKED
1787289474.368,14.4,0.000,0.644,0.251,0.4090,0.0543,-2.83,0.05935,0.239,0.600,0.000,0.4530,0.4787,TRACKING,R+C
1787289474.434,14.4,0.000,0.646,0.255,0.4090,0.0577,-2.89,0.10735,0.231,0.585,0.000,0.5166,0.5444,TRACKING,R+C
1787289474.518,16.7,0.676,0.647,0.285,0.5500,0.0604,-3.23,0.12330,0.228,0.575,0.000,0.5573,0.5868,TRACKING,L+C+R_fused
1787289474.604,16.7,0.674,0.649,0.252,0.5135,0.0625,-3.83,0.10809,0.231,0.567,0.000,0.5716,0.6027,TRACKING,L+C+R_fused
1787289474.673,16.7,0.674,0.649,0.000,0.5135,0.0740,-1.09,0.25510,0.204,0.562,0.000,0.7051,0.7382,TRACKING,L+C
1787289474.742,16.7,0.673,0.647,0.000,0.5135,0.0766,-0.95,0.28211,0.200,0.558,0.000,0.7464,0.7807,TRACKING,L+C
1787289474.814,16.7,0.674,0.646,0.000,0.5135,0.0771,-1.44,0.28424,0.200,0.556,0.000,0.7610,0.7963,TRACKING,L+C
1787289474.887,16.7,0.672,0.645,0.000,0.5135,0.0771,-2.20,0.27110,0.201,0.554,0.000,0.7695,0.8058,TRACKING,L+C
1787289474.986,16.7,0.644,0.644,0.298,0.5135,0.0769,-3.10,0.24696,0.206,0.553,0.000,0.7601,0.7975,TRACKING,L+C+R_fused
1787289475.055,16.7,0.670,0.644,0.000,0.5135,0.0772,-3.99,0.22368,0.210,0.552,0.000,0.7545,0.7930,TRACKING,L+C
1787289475.123,16.7,0.669,0.645,0.000,0.5135,0.0782,-4.86,0.16525,0.220,0.551,0.000,0.7483,0.7877,TRACKING,L+C
1787289475.191,16.7,0.668,0.645,0.000,0.5135,0.0797,-5.18,0.13428,0.226,0.551,0.000,0.7299,0.7699,TRACKING,L+C
1787289475.262,16.7,0.669,0.647,0.000,0.5135,0.0813,-5.02,0.13147,0.226,0.551,0.000,0.7320,0.7723,TRACKING,L+C
1787289475.328,16.7,0.670,0.649,0.000,0.5135,0.0821,-4.59,0.15346,0.222,0.550,0.000,0.7504,0.7907,TRACKING,L+C
1787289475.396,16.7,0.669,0.652,0.000,0.5135,0.0897,-2.39,0.25053,0.205,0.550,0.000,0.8282,0.8692,TRACKING,L+C
1787289475.469,16.7,0.668,0.652,0.000,0.5135,0.0898,-2.39,0.25202,0.205,0.550,0.000,0.8303,0.8714,TRACKING,L+C
1787289475.564,13.4,0.672,0.647,0.279,0.4979,0.0882,-2.76,0.22898,0.209,0.550,0.000,0.8018,0.8426,TRACKING,L+C+R_fused
1787289475.644,13.4,0.681,0.645,0.000,0.4979,0.0866,-3.44,0.18248,0.217,0.550,0.000,0.7812,0.8218,TRACKING,L+C
1787289475.720,13.4,0.668,0.646,0.000,0.4979,0.0858,-4.11,0.11350,0.230,0.550,0.000,0.7166,0.7569,TRACKING,L+C
1787289475.790,13.4,0.677,0.646,0.000,0.4979,0.0856,-3.85,0.13932,0.225,0.550,0.000,0.7374,0.7776,TRACKING,L+C
1787289475.862,13.4,0.672,0.646,0.000,0.4979,0.0836,-3.84,0.13857,0.225,0.550,0.000,0.7252,0.7646,TRACKING,L+C
1787289475.922,13.4,0.000,0.647,0.000,0.4979,0.0818,-3.69,0.13975,0.225,0.550,0.000,0.7129,0.7515,TRACKING,CENTER_LOCKED
1787289475.978,13.4,0.000,0.649,0.000,0.4979,0.0793,-3.64,0.13321,0.226,0.550,0.000,0.6909,0.7283,TRACKING,CENTER_LOCKED
1787289476.029,13.4,0.000,0.651,0.000,0.4979,0.0768,-3.67,0.12316,0.228,0.550,0.000,0.6666,0.7030,TRACKING,CENTER_LOCKED
1787289476.112,13.4,0.676,0.652,0.285,0.4986,0.0749,-3.67,0.11803,0.229,0.550,0.000,0.6505,0.6860,TRACKING,L+C+R_fused
1787289476.182,13.4,0.673,0.650,0.000,0.4986,0.0746,-2.79,0.16912,0.220,0.550,0.000,0.6804,0.7152,TRACKING,L+C
1787289476.250,13.4,0.673,0.650,0.000,0.4986,0.0723,-2.81,0.16623,0.220,0.616,0.000,0.6638,0.6978,TRACKING,L+C
1787289476.325,13.4,0.672,0.647,0.000,0.4986,0.0698,-3.00,0.15352,0.222,0.667,0.000,0.6399,0.6730,TRACKING,L+C
1787289476.400,13.4,0.671,0.646,0.000,0.4986,0.0675,-3.28,0.13244,0.226,0.708,0.000,0.6118,0.6442,TRACKING,L+C
1787289476.487,13.4,0.672,0.646,0.293,0.5913,0.0654,-3.59,0.10403,0.231,0.739,0.000,0.5788,0.6105,TRACKING,L+C+R_fused
1787289476.574,13.9,0.679,0.648,0.271,0.4961,0.0632,-3.30,0.15360,0.222,0.763,0.000,0.6064,0.6376,TRACKING,L+C+R_fused
1787289476.641,13.9,0.676,0.648,0.000,0.4961,0.0609,-3.51,0.15755,0.222,0.782,0.000,0.6015,0.6321,TRACKING,L+C
1787289476.691,13.9,0.000,0.649,0.000,0.4961,0.0592,-3.97,0.13678,0.225,0.797,0.000,0.5823,0.6127,TRACKING,CENTER_LOCKED
1787289476.742,13.9,0.000,0.650,0.000,0.4961,0.0582,-4.43,0.11210,0.230,0.809,0.000,0.5647,0.5952,TRACKING,CENTER_LOCKED
1787289476.790,13.9,0.000,0.650,0.000,0.4961,0.0577,-4.85,0.09090,0.234,0.818,0.000,0.5524,0.5830,TRACKING,CENTER_LOCKED
1787289476.842,13.9,0.000,0.647,0.000,0.4961,0.0668,-2.08,0.23225,0.208,0.738,0.000,0.6534,0.6851,TRACKING,CENTER_LOCKED
1787289476.896,13.9,0.000,0.647,0.000,0.4961,0.0701,-1.25,0.28069,0.200,0.681,0.000,0.7079,0.7403,TRACKING,CENTER_LOCKED
1787289476.950,13.9,0.000,0.645,0.000,0.4961,0.0697,-1.82,0.26059,0.203,0.642,0.000,0.6986,0.7313,TRACKING,CENTER_LOCKED
1787289477.004,13.9,0.000,0.645,0.000,0.4961,0.0691,-2.70,0.21497,0.211,0.614,0.000,0.6653,0.6986,TRACKING,CENTER_LOCKED
1787289477.064,13.9,0.000,0.644,0.000,0.4961,0.0685,-3.56,0.16906,0.220,0.595,0.000,0.6630,0.6967,TRACKING,CENTER_LOCKED
1787289477.123,13.9,0.000,0.643,0.000,0.4961,0.0680,-4.33,0.12409,0.228,0.582,0.000,0.6328,0.6669,TRACKING,CENTER_LOCKED
1787289477.178,13.9,0.000,0.643,0.000,0.4961,0.0676,-4.98,0.07405,0.237,0.572,0.000,0.5973,0.6316,TRACKING,CENTER_LOCKED
1787289477.230,13.9,0.000,0.645,0.000,0.4961,0.0677,-4.68,0.12974,0.227,0.565,0.000,0.6454,0.6800,TRACKING,CENTER_LOCKED
1787289477.300,13.9,0.000,0.645,0.267,0.4961,0.0676,-4.56,0.15659,0.222,0.561,0.000,0.6694,0.7042,TRACKING,R+C
1787289477.352,13.9,0.000,0.646,0.000,0.4961,0.0675,-4.64,0.15796,0.222,0.558,0.000,0.6724,0.7074,TRACKING,CENTER_LOCKED
1787289477.426,13.9,0.674,0.648,0.000,0.4961,0.0676,-5.11,0.12807,0.227,0.555,0.000,0.6536,0.6889,TRACKING,L+C
1787289477.499,13.9,0.674,0.650,0.000,0.4961,0.0679,-5.72,0.08753,0.234,0.554,0.000,0.6299,0.6657,TRACKING,L+C
1787289477.571,13.9,0.673,0.647,0.000,0.4961,0.0738,-4.38,0.15210,0.223,0.553,0.000,0.6972,0.7340,TRACKING,L+C
1787289477.645,16.8,0.677,0.647,0.000,0.4961,0.0760,-4.24,0.15402,0.222,0.618,0.000,0.7086,0.7460,TRACKING,L+C
1787289477.718,16.8,0.665,0.646,0.000,0.4961,0.0771,-4.59,0.12284,0.228,0.669,0.000,0.6900,0.7279,TRACKING,L+C
1787289477.790,16.8,0.673,0.645,0.000,0.4961,0.0775,-5.08,0.07542,0.236,0.709,0.000,0.6555,0.6937,TRACKING,L+C
1787289477.863,16.8,0.680,0.645,0.000,0.4961,0.0781,-5.40,0.03192,0.244,0.740,0.000,0.6244,0.6627,TRACKING,L+C
1787289477.933,16.8,0.678,0.646,0.000,0.4961,0.0790,-4.96,0.06721,0.238,0.764,0.000,0.6528,0.6913,TRACKING,L+C
1787289478.020,16.8,0.677,0.647,0.460,0.5542,0.0794,-4.68,0.07642,0.236,0.783,0.000,0.6577,0.6960,TRACKING,L+C+R_fused
1787289478.104,16.8,0.674,0.649,0.314,0.6264,0.0795,-4.68,0.06116,0.239,0.798,0.000,0.6432,0.6813,TRACKING,L+C+R_fused
1787289478.172,16.8,0.672,0.652,0.000,0.6264,0.0798,-5.00,0.01068,0.248,0.809,0.000,0.6048,0.6427,TRACKING,L+C
1787289478.240,16.8,0.675,0.650,0.000,0.6264,0.0850,-3.37,0.06508,0.238,0.818,0.000,0.6468,0.6850,TRACKING,L+C
1787289478.311,16.8,0.674,0.648,0.000,0.6264,0.0848,-3.26,0.04996,0.241,0.825,0.000,0.6290,0.6667,TRACKING,L+C
1787289478.382,16.8,0.675,0.647,0.000,0.6264,0.0842,-3.27,0.02678,0.245,0.831,0.000,0.6048,0.6419,TRACKING,L+C
1787289478.461,16.8,0.676,0.646,0.000,0.6264,0.0832,-3.25,0.00246,0.250,0.835,0.000,0.5777,0.6140,TRACKING,L+C
1787289478.548,16.8,0.676,0.645,0.000,0.6264,0.0824,-3.05,-0.01100,0.248,0.838,0.000,0.5727,0.6083,TRACKING,L+C
1787289478.615,16.8,0.679,0.645,0.000,0.6264,0.0804,-2.72,-0.01652,0.247,0.841,0.000,0.5584,0.5926,TRACKING,L+C
1787289478.681,13.5,0.680,0.647,0.000,0.6264,0.0784,-2.34,-0.02130,0.246,0.843,0.000,0.5418,0.5746,TRACKING,L+C
1787289478.755,13.5,0.684,0.648,0.000,0.6264,0.0765,-1.74,-0.01166,0.248,0.844,0.000,0.5125,0.5438,TRACKING,L+C
1787289478.811,13.5,0.000,0.648,0.000,0.6264,0.0742,-1.25,-0.00856,0.248,0.846,0.000,0.4869,0.5165,TRACKING,CENTER_LOCKED
1787289478.865,13.5,0.000,0.648,0.000,0.6264,0.0717,-0.88,-0.01855,0.247,0.847,0.000,0.4687,0.4967,TRACKING,CENTER_LOCKED
1787289478.930,13.5,0.000,0.647,0.259,0.6264,0.0653,-1.89,-0.09171,0.233,0.847,0.000,0.4913,0.5174,TRACKING,R+C
1787289478.983,13.5,0.000,0.646,0.000,0.6264,0.0607,-2.24,-0.14017,0.225,0.848,0.000,0.4955,0.5197,TRACKING,CENTER_LOCKED
1787289479.036,13.5,0.000,0.645,0.000,0.6264,0.0569,-2.16,-0.16880,0.220,0.848,0.000,0.4813,0.5036,TRACKING,CENTER_LOCKED
1787289479.091,13.5,0.000,0.644,0.000,0.6264,0.0540,-1.56,-0.16890,0.220,0.849,0.000,0.4426,0.4628,TRACKING,CENTER_LOCKED
1787289479.151,13.5,0.000,0.643,0.000,0.6264,0.0518,-0.83,-0.15366,0.222,0.849,0.000,0.3972,0.4157,TRACKING,CENTER_LOCKED
1787289479.213,13.5,0.000,0.642,0.000,0.6264,0.0484,0.06,-0.13020,0.227,0.849,0.000,0.3375,0.3536,TRACKING,CENTER_LOCKED
1787289479.267,13.5,0.000,0.641,0.000,0.6264,0.0438,1.06,-0.08669,0.234,0.849,0.000,0.2646,0.2781,TRACKING,CENTER_LOCKED
1787289479.322,13.5,0.000,0.641,0.000,0.6264,0.0396,1.99,-0.03812,0.243,0.850,0.000,0.2024,0.2136,TRACKING,CENTER_LOCKED
1787289479.373,13.5,0.000,0.643,0.000,0.6264,0.0333,2.01,-0.07762,0.236,0.850,0.000,0.1614,0.1695,TRACKING,CENTER_LOCKED
1787289479.423,13.5,0.000,0.644,0.000,0.6264,0.0278,2.07,-0.10967,0.230,0.850,0.000,0.1199,0.1254,TRACKING,CENTER_LOCKED
1787289479.474,13.5,0.000,0.646,0.000,0.6264,0.0219,2.50,-0.10875,0.230,0.850,0.000,0.0620,0.0647,TRACKING,CENTER_LOCKED
1787289479.524,13.5,0.000,0.646,0.000,0.6264,0.0171,3.33,-0.08039,0.236,0.850,0.000,0.0060,0.0060,TRACKING,CENTER_LOCKED
1787289479.576,13.5,0.000,0.650,0.000,0.6264,0.0120,4.30,-0.03765,0.243,0.850,0.000,-0.0482,-0.0510,TRACKING,CENTER_LOCKED
1787289479.628,13.5,0.000,0.648,0.000,0.6264,-0.0021,1.90,-0.17425,0.219,0.850,0.000,-0.1262,-0.1325,TRACKING,CENTER_LOCKED
1787289479.682,18.0,0.000,0.644,0.000,0.6264,-0.0089,1.50,-0.22123,0.210,0.760,0.000,-0.1621,-0.1710,TRACKING,CENTER_LOCKED
1787289479.735,18.0,0.000,0.643,0.000,0.6264,-0.0129,2.09,-0.21870,0.211,0.697,0.000,-0.2139,-0.2252,TRACKING,CENTER_LOCKED
1787289479.791,18.0,0.000,0.642,0.000,0.6264,-0.0159,2.61,-0.22402,0.210,0.653,0.000,-0.2585,-0.2718,TRACKING,CENTER_LOCKED
1787289479.879,18.0,0.000,0.641,0.688,0.6264,-0.0184,3.69,-0.18453,0.217,0.622,0.000,-0.2863,-0.3017,TRACKING,R+C
1787289479.961,18.0,0.000,0.640,0.693,0.6264,-0.0219,4.88,-0.12562,0.227,0.600,0.000,-0.3470,-0.3648,TRACKING,R+C
1787289480.035,18.0,0.000,0.640,0.682,0.6264,-0.0257,5.91,-0.05983,0.239,0.585,0.000,-0.3554,-0.3753,TRACKING,R+C
1787289480.109,18.0,0.000,0.644,0.688,0.6264,-0.0313,5.94,-0.10317,0.231,0.575,0.000,-0.4253,-0.4479,TRACKING,R+C
1787289480.184,18.0,0.000,0.647,0.686,0.6264,-0.0361,6.48,-0.10614,0.231,0.567,0.000,-0.4748,-0.5001,TRACKING,R+C
1787289480.250,18.0,0.000,0.649,0.673,0.6264,-0.0402,7.46,-0.07513,0.236,0.562,0.000,-0.5001,-0.5281,TRACKING,R+C
1787289480.320,18.0,0.000,0.646,0.677,0.6264,-0.0539,5.02,-0.21666,0.211,0.558,0.000,-0.6169,-0.6483,TRACKING,R+C
1787289480.390,18.0,0.000,0.645,0.676,0.6264,-0.0593,4.82,-0.25577,0.204,0.556,0.000,-0.6915,-0.7250,TRACKING,R+C
1787289480.468,18.0,0.000,0.644,0.672,0.6264,-0.0624,5.28,-0.25493,0.204,0.554,0.000,-0.7226,-0.7581,TRACKING,R+C
1787289480.545,18.0,0.000,0.642,0.675,0.6264,-0.0635,6.56,-0.19225,0.215,0.553,0.000,-0.6895,-0.7265,TRACKING,R+C
1787289480.617,18.0,0.000,0.642,0.674,0.6264,-0.0644,7.60,-0.13016,0.227,0.552,0.000,-0.6984,-0.7365,TRACKING,R+C
1787289480.687,13.9,0.000,0.642,0.673,0.6264,-0.0660,7.42,-0.18599,0.217,0.551,0.000,-0.7165,-0.7558,TRACKING,R+C
1787289480.757,13.9,0.000,0.643,0.677,0.6264,-0.0674,7.43,-0.21178,0.212,0.551,0.000,-0.7526,-0.7928,TRACKING,R+C
1787289480.827,13.9,0.000,0.643,0.676,0.6264,-0.0685,7.24,-0.24230,0.206,0.551,0.000,-0.7903,-0.8310,TRACKING,R+C
1787289480.894,13.9,0.000,0.645,0.676,0.6264,-0.0693,7.40,-0.24169,0.206,0.550,0.000,-0.7974,-0.8386,TRACKING,R+C
1787289480.976,13.9,0.695,0.647,0.674,0.0927,-0.0693,7.73,-0.22581,0.209,0.550,0.000,-0.7860,-0.8275,TRACKING,L+C+R_fused
1787289481.045,13.9,0.000,0.646,0.673,0.0927,-0.0780,4.82,-0.36957,0.200,0.550,0.000,-0.8503,-0.8926,TRACKING,R+C
1787289481.115,13.9,0.000,0.645,0.673,0.0927,-0.0776,4.98,-0.34828,0.200,0.550,0.000,-0.8482,-0.8902,TRACKING,R+C
1787289481.189,13.9,0.000,0.643,0.673,0.0927,-0.0754,5.39,-0.32044,0.200,0.550,0.000,-0.8405,-0.8819,TRACKING,R+C
1787289481.278,13.9,0.000,0.642,0.673,0.0927,-0.0724,6.08,-0.27204,0.201,0.550,0.000,-0.8246,-0.8654,TRACKING,R+C
1787289481.360,13.9,0.000,0.642,0.673,0.0927,-0.0697,6.08,-0.26987,0.201,0.550,0.000,-0.8049,-0.8446,TRACKING,R+C
1787289481.461,13.9,0.319,0.642,0.674,0.6199,-0.0668,6.51,-0.22495,0.210,0.550,0.000,-0.7442,-0.7829,TRACKING,L+C+R_fused
1787289481.536,13.9,0.000,0.641,0.674,0.6199,-0.0633,6.66,-0.20803,0.213,0.550,0.000,-0.7071,-0.7445,TRACKING,R+C
1787289481.613,13.9,0.000,0.641,0.674,0.6199,-0.0597,6.51,-0.24150,0.207,0.550,0.000,-0.7173,-0.7535,TRACKING,R+C
1787289481.682,13.9,0.000,0.642,0.674,0.6199,-0.0549,6.95,-0.21531,0.211,0.550,0.000,-0.6671,-0.7019,TRACKING,R+C
1787289481.748,13.2,0.000,0.644,0.674,0.6199,-0.0508,7.46,-0.17672,0.218,0.550,0.000,-0.6119,-0.6454,TRACKING,R+C
1787289481.816,13.2,0.000,0.646,0.675,0.6199,-0.0473,7.75,-0.15311,0.222,0.550,0.000,-0.6252,-0.6575,TRACKING,R+C
1787289481.886,13.2,0.000,0.644,0.674,0.6199,-0.0517,5.47,-0.26347,0.203,0.550,0.000,-0.6615,-0.6934,TRACKING,R+C
1787289481.960,13.2,0.000,0.643,0.674,0.6199,-0.0529,4.18,-0.34517,0.200,0.550,0.000,-0.6635,-0.6950,TRACKING,R+C
1787289482.041,13.2,0.000,0.642,0.673,0.6199,-0.0506,4.33,-0.35959,0.200,0.550,0.000,-0.6521,-0.6831,TRACKING,R+C
1787289482.139,13.2,0.262,0.641,0.673,0.5296,-0.0470,5.52,-0.31388,0.200,0.550,0.000,-0.6487,-0.6796,TRACKING,L+C+R_fused
1787289482.214,13.2,0.000,0.640,0.673,0.5296,-0.0451,5.95,-0.34664,0.200,0.550,0.000,-0.6500,-0.6814,TRACKING,R+C
1787289482.282,13.2,0.000,0.641,0.673,0.5296,-0.0436,6.69,-0.32878,0.200,0.550,0.000,-0.6553,-0.6870,TRACKING,R+C
1787289482.351,13.2,0.000,0.642,0.672,0.5296,-0.0431,7.36,-0.30037,0.200,0.550,0.000,-0.6649,-0.6972,TRACKING,R+C
1787289482.421,13.2,0.000,0.643,0.672,0.5296,-0.0432,7.91,-0.26999,0.201,0.550,0.000,-0.6681,-0.7009,TRACKING,R+C
1787289482.488,13.2,0.000,0.644,0.672,0.5296,-0.0437,8.29,-0.25124,0.205,0.550,0.000,-0.6600,-0.6933,TRACKING,R+C
1787289482.557,13.2,0.000,0.644,0.672,0.5296,-0.0658,1.64,-0.58203,0.200,0.550,0.000,-0.7258,-0.7615,TRACKING,R+C
1787289482.629,13.2,0.000,0.643,0.672,0.5296,-0.0690,0.90,-0.63178,0.200,0.550,0.000,-0.7375,-0.7739,TRACKING,R+C
1787289482.719,13.2,0.000,0.642,0.673,0.5296,-0.0665,2.30,-0.57300,0.200,0.550,0.000,-0.7454,-0.7823,TRACKING,R+C
1787289482.799,13.3,0.000,0.641,0.671,0.5296,-0.0633,4.27,-0.47996,0.200,0.550,0.000,-0.7568,-0.7943,TRACKING,R+C
1787289482.878,13.3,0.000,0.640,0.668,0.5296,-0.0621,5.03,-0.48381,0.200,0.550,0.000,-0.7669,-0.8052,TRACKING,R+C
1787289482.950,13.3,0.000,0.642,0.666,0.5296,-0.0615,5.77,-0.46661,0.200,0.550,0.000,-0.7773,-0.8163,TRACKING,R+C
1787289483.025,13.3,0.000,0.642,0.666,0.5296,-0.0614,6.37,-0.44028,0.200,0.550,0.000,-0.7871,-0.8267,TRACKING,R+C
1787289483.103,13.3,0.000,0.643,0.664,0.5296,-0.0617,6.81,-0.42015,0.200,0.550,0.000,-0.7964,-0.8365,TRACKING,R+C
1787289483.173,13.3,0.000,0.645,0.665,0.5296,-0.0615,7.97,-0.34742,0.200,0.550,0.000,-0.8123,-0.8532,TRACKING,R+C
1787289483.241,13.3,0.000,0.644,0.666,0.5296,-0.0796,2.83,-0.59921,0.200,0.550,0.000,-0.8444,-0.8874,TRACKING,R+C
1787289483.314,13.3,0.000,0.643,0.668,0.5296,-0.0827,2.29,-0.63110,0.200,0.550,0.000,-0.8558,-0.8996,TRACKING,R+C
1787289483.387,13.3,0.000,0.644,0.669,0.5296,-0.0805,3.74,-0.55276,0.200,0.550,0.000,-0.8632,-0.9073,TRACKING,R+C
1787289483.467,13.3,0.000,0.641,0.670,0.5296,-0.0779,5.03,-0.49779,0.200,0.550,0.000,-0.8678,-0.9122,TRACKING,R+C
1787289483.545,13.3,0.000,0.642,0.668,0.5296,-0.0767,5.39,-0.51872,0.200,0.550,0.000,-0.8705,-0.9154,TRACKING,R+C
1787289483.615,13.3,0.000,0.643,0.670,0.5296,-0.0756,5.93,-0.50651,0.200,0.550,0.000,-0.8737,-0.9189,TRACKING,R+C
1787289483.683,13.3,0.000,0.643,0.670,0.5296,-0.0748,6.42,-0.47413,0.200,0.550,0.000,-0.8752,-0.9203,TRACKING,R+C
1787289483.750,13.3,0.000,0.644,0.669,0.5296,-0.0743,6.54,-0.46295,0.200,0.550,0.000,-0.8736,-0.9187,TRACKING,R+C
1787289483.818,13.7,0.000,0.644,0.670,0.5296,-0.0736,6.68,-0.45055,0.200,0.550,0.000,-0.8709,-0.9157,TRACKING,R+C
1787289483.886,13.7,0.000,0.646,0.669,0.5296,-0.0717,7.61,-0.37936,0.200,0.550,0.000,-0.8706,-0.9152,TRACKING,R+C
1787289483.956,13.7,0.000,0.645,0.670,0.5296,-0.0782,5.77,-0.44217,0.200,0.550,0.000,-0.8785,-0.9234,TRACKING,R+C
1787289484.028,13.7,0.000,0.644,0.671,0.5296,-0.0792,5.53,-0.44040,0.200,0.550,0.000,-0.8794,-0.9243,TRACKING,R+C
1787289484.114,13.7,0.000,0.644,0.670,0.5296,-0.0781,5.84,-0.42345,0.200,0.550,0.000,-0.8771,-0.9218,TRACKING,R+C
1787289484.193,13.7,0.000,0.641,0.671,0.5296,-0.0765,6.00,-0.44652,0.200,0.550,0.000,-0.8734,-0.9181,TRACKING,R+C
1787289484.271,13.7,0.000,0.641,0.670,0.5296,-0.0754,5.84,-0.50117,0.200,0.550,0.000,-0.8703,-0.9151,TRACKING,R+C
1787289484.344,13.7,0.000,0.643,0.670,0.5296,-0.0738,6.43,-0.46779,0.200,0.550,0.000,-0.8686,-0.9134,TRACKING,R+C
1787289484.442,13.7,0.647,0.643,0.669,0.4301,-0.0726,6.85,-0.43401,0.200,0.550,0.000,-0.8663,-0.9107,TRACKING,L+C+R_fused
1787289484.512,13.7,0.000,0.645,0.669,0.4301,-0.0709,7.32,-0.40102,0.200,0.550,0.000,-0.8624,-0.9065,TRACKING,R+C
1787289484.602,13.7,0.646,0.644,0.672,0.4284,-0.0713,7.45,-0.37714,0.200,0.550,0.000,-0.8644,-0.9085,TRACKING,L+C+R_fused
1787289484.677,13.7,0.000,0.644,0.669,0.4284,-0.0771,5.50,-0.47122,0.200,0.550,0.000,-0.8698,-0.9143,TRACKING,R+C
1787289484.750,13.7,0.000,0.644,0.664,0.4284,-0.0769,5.69,-0.44954,0.200,0.550,0.000,-0.8700,-0.9144,TRACKING,R+C
1787289484.825,12.9,0.000,0.641,0.669,0.4284,-0.0749,6.29,-0.41706,0.200,0.550,0.000,-0.8670,-0.9111,TRACKING,R+C
1787289484.903,12.9,0.000,0.641,0.670,0.4284,-0.0736,6.20,-0.45515,0.200,0.550,0.000,-0.8615,-0.9055,TRACKING,R+C
1787289484.975,12.9,0.000,0.639,0.671,0.4284,-0.0717,6.17,-0.49047,0.200,0.550,0.000,-0.8537,-0.8976,TRACKING,R+C
1787289485.045,12.9,0.000,0.643,0.667,0.4284,-0.0695,6.95,-0.40610,0.200,0.550,0.000,-0.8471,-0.8901,TRACKING,R+C
1787289485.112,12.9,0.000,0.645,0.669,0.4284,-0.0679,7.34,-0.33082,0.200,0.550,0.000,-0.8365,-0.8784,TRACKING,R+C
1787289485.180,12.9,0.000,0.647,0.673,0.4284,-0.0661,8.04,-0.22512,0.209,0.550,0.000,-0.7724,-0.8132,TRACKING,R+C
1787289485.245,12.9,0.000,0.650,0.669,0.4284,-0.0635,9.10,-0.09295,0.233,0.550,0.000,-0.6901,-0.7297,TRACKING,R+C
1787289485.312,12.9,0.000,0.648,0.672,0.4284,-0.0692,6.94,-0.14065,0.225,0.550,0.000,-0.7204,-0.7594,TRACKING,R+C
1787289485.380,12.9,0.000,0.646,0.672,0.4284,-0.0679,6.52,-0.11633,0.229,0.550,0.000,-0.6778,-0.7153,TRACKING,R+C
1787289485.455,12.9,0.000,0.645,0.675,0.4284,-0.0653,6.21,-0.09314,0.233,0.550,0.000,-0.6324,-0.6681,TRACKING,R+C
1787289485.543,12.9,0.000,0.641,0.676,0.4284,-0.0614,6.27,-0.04871,0.241,0.550,0.000,-0.5700,-0.6036,TRACKING,R+C
1787289485.643,12.9,0.635,0.635,0.678,0.3539,-0.0563,6.18,-0.00420,0.249,0.550,0.000,-0.5021,-0.5331,TRACKING,L+C+R_fused
1787289485.710,12.9,0.000,0.638,0.685,0.3539,-0.0510,5.54,-0.01032,0.248,0.550,0.000,-0.4625,-0.4905,TRACKING,R+C
1787289485.781,12.9,0.000,0.643,0.689,0.3539,-0.0460,4.79,-0.02945,0.245,0.550,0.000,-0.4296,-0.4548,TRACKING,R+C
1787289485.844,13.7,0.000,0.644,0.682,0.3539,-0.0413,3.98,-0.05557,0.240,0.550,0.000,-0.3995,-0.4221,TRACKING,R+C
1787289485.910,13.7,0.000,0.647,0.556,0.3539,-0.0359,3.73,-0.04750,0.241,0.616,0.000,-0.3536,-0.3736,TRACKING,R+C
1787289485.973,13.7,0.000,0.646,0.302,0.3539,-0.0342,2.37,-0.09801,0.232,0.667,0.000,-0.3394,-0.3574,TRACKING,R+C
1787289486.025,13.7,0.000,0.645,0.000,0.3539,-0.0284,2.16,-0.10513,0.231,0.708,0.000,-0.2977,-0.3133,TRACKING,CENTER_LOCKED
1787289486.095,13.7,0.000,0.644,0.000,0.3539,-0.0230,2.20,-0.10315,0.231,0.739,0.000,-0.2590,-0.2726,TRACKING,CENTER_LOCKED
1787289486.169,13.7,0.000,0.644,0.000,0.3539,-0.0174,2.20,-0.11268,0.230,0.763,0.000,-0.2241,-0.2358,TRACKING,CENTER_LOCKED
1787289486.242,13.7,0.000,0.642,0.287,0.3539,-0.0114,2.08,-0.13767,0.225,0.782,0.000,-0.1886,-0.1982,TRACKING,R+C
1787289486.311,13.7,0.000,0.642,0.283,0.3539,-0.0061,2.38,-0.13441,0.226,0.797,0.000,-0.1557,-0.1637,TRACKING,R+C
1787289486.361,13.7,0.000,0.642,0.000,0.3539,-0.0018,2.84,-0.11358,0.230,0.809,0.000,-0.1286,-0.1354,TRACKING,CENTER_LOCKED
1787289486.430,13.7,0.000,0.642,0.286,0.3539,0.0007,2.57,-0.18454,0.217,0.818,0.000,-0.1311,-0.1376,TRACKING,R+C
1787289486.482,13.7,0.000,0.646,0.000,0.3539,0.0027,2.38,-0.25229,0.205,0.738,0.000,-0.0954,-0.1018,TRACKING,CENTER_LOCKED
1787289486.531,13.7,0.000,0.647,0.000,0.3539,0.0046,2.80,-0.26810,0.202,0.681,0.000,-0.0957,-0.1023,TRACKING,CENTER_LOCKED
1787289486.581,13.7,0.000,0.646,0.000,0.3539,0.0062,4.38,-0.19562,0.215,0.642,0.000,-0.1055,-0.1129,TRACKING,CENTER_LOCKED
1787289486.629,13.7,0.000,0.645,0.000,0.3539,0.0075,5.75,-0.13475,0.226,0.614,0.000,-0.1609,-0.1691,TRACKING,CENTER_LOCKED
1787289486.682,13.7,0.000,0.644,0.000,0.3539,-0.0060,2.19,-0.31876,0.200,0.595,0.000,-0.1908,-0.2011,TRACKING,CENTER_LOCKED
1787289486.733,13.7,0.000,0.642,0.000,0.3539,-0.0105,1.58,-0.37375,0.200,0.582,0.000,-0.2244,-0.2362,TRACKING,CENTER_LOCKED
1787289486.787,13.7,0.000,0.642,0.000,0.3539,-0.0129,1.67,-0.39291,0.200,0.572,0.000,-0.2541,-0.2673,TRACKING,CENTER_LOCKED
1787289486.842,13.7,0.000,0.641,0.000,0.3539,-0.0135,2.97,-0.34568,0.200,0.565,0.000,-0.2932,-0.3079,TRACKING,CENTER_LOCKED
1787289486.900,17.1,0.000,0.641,0.000,0.3539,-0.0147,4.81,-0.25212,0.205,0.561,0.000,-0.3314,-0.3481,TRACKING,CENTER_LOCKED
1787289486.976,17.1,0.000,0.640,0.676,0.3539,-0.0177,6.18,-0.17768,0.218,0.558,0.000,-0.3975,-0.4165,TRACKING,R+C
1787289487.045,17.1,0.000,0.640,0.676,0.3539,-0.0222,6.88,-0.15672,0.222,0.555,0.000,-0.4351,-0.4567,TRACKING,R+C
1787289487.112,17.1,0.000,0.642,0.674,0.3539,-0.0274,7.07,-0.19224,0.215,0.554,0.000,-0.4522,-0.4765,TRACKING,R+C
1787289487.184,17.1,0.000,0.644,0.672,0.3539,-0.0329,7.46,-0.20246,0.214,0.553,0.000,-0.5118,-0.5389,TRACKING,R+C
1787289487.254,17.1,0.000,0.648,0.669,0.3539,-0.0382,8.43,-0.16458,0.220,0.552,0.000,-0.5976,-0.6277,TRACKING,R+C
1787289487.339,17.1,0.358,0.651,0.670,0.0493,-0.0426,9.69,-0.10860,0.230,0.551,0.000,-0.6027,-0.6357,TRACKING,L+C+R_fused
1787289487.411,17.1,0.000,0.652,0.672,0.0493,-0.0558,7.77,-0.22862,0.209,0.551,0.000,-0.7058,-0.7424,TRACKING,R+C
1787289487.481,17.1,0.000,0.648,0.676,0.0493,-0.0637,7.56,-0.25832,0.204,0.551,0.000,-0.7861,-0.8258,TRACKING,R+C
1787289487.553,17.1,0.000,0.644,0.672,0.0493,-0.0688,8.27,-0.23274,0.208,0.550,0.000,-0.8019,-0.8442,TRACKING,R+C
1787289487.625,17.1,0.000,0.642,0.672,0.0493,-0.0731,8.89,-0.21561,0.211,0.550,0.000,-0.8198,-0.8646,TRACKING,R+C
1787289487.700,17.1,0.000,0.643,0.673,0.0493,-0.0776,8.74,-0.26671,0.202,0.550,0.000,-0.9023,-0.9493,TRACKING,R+C
1787289487.773,17.1,0.000,0.644,0.675,0.0493,-0.0818,8.89,-0.27744,0.200,0.550,0.000,-0.9409,-0.9899,TRACKING,R+C
1787289487.867,17.1,0.648,0.646,0.674,0.4488,-0.0852,9.22,-0.26774,0.202,0.550,0.000,-0.9528,-1.0000,TRACKING,L+C+R_fused
1787289487.938,13.5,0.000,0.648,0.674,0.4488,-0.0876,9.56,-0.25068,0.205,0.550,0.000,-0.9505,-1.0000,TRACKING,R+C
1787289488.010,13.5,0.000,0.647,0.678,0.4488,-0.1070,3.84,-0.54287,0.200,0.550,0.000,-1.0000,-1.0000,TRACKING,R+C
1787289488.107,13.5,0.647,0.646,0.675,0.4313,-0.1118,2.03,-0.65086,0.200,0.550,0.000,-1.0000,-1.0000,TRACKING,L+C+R_fused
1787289488.182,13.5,0.000,0.645,0.673,0.4313,-0.1079,2.66,-0.63848,0.200,0.550,0.000,-0.9995,-1.0000,TRACKING,R+C
1787289488.257,13.5,0.000,0.643,0.668,0.4313,-0.1027,3.67,-0.60985,0.200,0.550,0.000,-0.9885,-1.0000,TRACKING,R+C
1787289488.342,13.5,0.000,0.642,0.668,0.4313,-0.0990,4.02,-0.63064,0.200,0.550,0.000,-0.9775,-1.0000,TRACKING,R+C
1787289488.414,13.5,0.000,0.643,0.666,0.4313,-0.0953,4.61,-0.61665,0.200,0.550,0.000,-0.9678,-1.0000,TRACKING,R+C
1787289488.481,13.5,0.000,0.643,0.671,0.4313,-0.0920,5.26,-0.56819,0.200,0.550,0.000,-0.9576,-1.0000,TRACKING,R+C
1787289488.571,13.5,0.647,0.644,0.673,0.4235,-0.0892,5.14,-0.56821,0.200,0.550,0.000,-0.9409,-0.9908,TRACKING,L+C+R_fused
1787289488.642,13.5,0.000,0.645,0.668,0.4235,-0.0850,5.41,-0.54518,0.200,0.550,0.000,-0.9209,-0.9693,TRACKING,R+C
1787289488.711,13.5,0.000,0.645,0.667,0.4235,-0.1126,-4.51,-0.99872,0.200,0.465,0.000,-0.9352,-0.9849,TRACKING,R+C
1787289488.780,13.5,0.000,0.644,0.669,0.4235,-0.1121,-6.01,-1.06805,0.200,0.423,0.000,-0.9128,-0.9610,TRACKING,R+C
1787289488.853,13.5,0.000,0.643,0.669,0.4235,-0.1014,-4.02,-0.97784,0.200,0.401,0.000,-0.8794,-0.9253,TRACKING,R+C
1787289488.932,13.5,0.000,0.644,0.670,0.4235,-0.0909,-1.81,-0.87179,0.200,0.391,0.000,-0.8493,-0.8932,TRACKING,R+C
1787289489.007,13.1,0.000,0.641,0.684,0.4235,-0.0829,-0.98,-0.87558,0.200,0.385,0.000,-0.8170,-0.8592,TRACKING,R+C
1787289489.078,13.1,0.000,0.640,0.686,0.4235,-0.0758,-0.71,-0.95432,0.200,0.383,0.000,-0.7868,-0.8279,TRACKING,R+C
1787289489.127,13.1,0.000,0.640,0.000,0.4235,-0.0687,0.93,-0.86857,0.200,0.381,0.000,-0.7652,-0.8050,TRACKING,CENTER_LOCKED
1787289489.181,13.1,0.000,0.642,0.000,0.4235,-0.0633,2.51,-0.76009,0.200,0.381,0.000,-0.7515,-0.7902,TRACKING,CENTER_LOCKED
1787289489.247,13.1,0.000,0.643,0.658,0.4235,-0.0595,3.74,-0.65052,0.200,0.380,0.000,-0.7402,-0.7779,TRACKING,R+C
1787289489.312,13.1,0.000,0.643,0.669,0.4235,-0.0562,4.57,-0.57805,0.200,0.380,0.000,-0.7281,-0.7649,TRACKING,R+C
1787289489.377,13.1,0.000,0.645,0.676,0.4235,-0.0528,5.81,-0.48632,0.200,0.380,0.000,-0.7218,-0.7579,TRACKING,R+C
1787289489.442,13.1,0.000,0.645,0.678,0.4235,-0.0670,1.54,-0.66082,0.200,0.380,0.000,-0.7425,-0.7796,TRACKING,R+C
1787289489.511,13.1,0.000,0.645,0.677,0.4235,-0.0670,1.72,-0.63254,0.200,0.380,0.000,-0.7427,-0.7797,TRACKING,R+C
1787289489.582,13.1,0.000,0.645,0.676,0.4235,-0.0624,3.69,-0.50361,0.200,0.380,0.000,-0.7402,-0.7768,TRACKING,R+C
1787289489.654,13.1,0.000,0.643,0.674,0.4235,-0.0580,5.77,-0.36380,0.200,0.380,0.000,-0.7409,-0.7771,TRACKING,R+C
1787289489.740,13.1,0.000,0.642,0.674,0.4235,-0.0548,7.58,-0.22778,0.209,0.380,0.000,-0.6937,-0.7296,TRACKING,R+C
1787289489.812,13.1,0.000,0.642,0.672,0.4235,-0.0544,7.94,-0.20929,0.212,0.380,0.000,-0.6795,-0.7155,TRACKING,R+C
1787289489.880,13.1,0.000,0.644,0.671,0.4235,-0.0541,8.31,-0.15263,0.223,0.417,0.000,-0.6804,-0.7161,TRACKING,R+C
1787289489.946,13.1,0.000,0.645,0.675,0.4235,-0.0539,8.48,-0.09713,0.233,0.447,0.000,-0.6265,-0.6616,TRACKING,R+C
1787289490.020,14.8,0.000,0.647,0.670,0.4235,-0.0536,8.60,-0.04442,0.242,0.469,0.000,-0.5780,-0.6124,TRACKING,R+C
1787289490.092,14.8,0.000,0.649,0.670,0.4235,-0.0527,8.66,0.00000,0.250,0.487,0.000,-0.5360,-0.5695,TRACKING,R+C
1787289490.162,14.8,0.000,0.647,0.681,0.4235,-0.0552,7.36,-0.02310,0.246,0.501,0.000,-0.5392,-0.5719,TRACKING,R+C
1787289490.237,14.8,0.000,0.645,0.671,0.4235,-0.0535,7.04,0.00259,0.250,0.512,0.000,-0.5044,-0.5356,TRACKING,R+C
1787289490.312,14.8,0.000,0.644,0.671,0.4235,-0.0520,6.58,0.01449,0.247,0.520,0.000,-0.4910,-0.5206,TRACKING,R+C
1787289490.385,14.8,0.000,0.642,0.678,0.4235,-0.0501,6.26,0.03450,0.244,0.527,0.000,-0.4822,-0.5104,TRACKING,R+C
1787289490.458,14.8,0.000,0.642,0.681,0.4235,-0.0479,5.75,0.03976,0.243,0.532,0.000,-0.4591,-0.4855,TRACKING,R+C
1787289490.530,14.8,0.000,0.642,0.680,0.4235,-0.0455,5.07,0.02768,0.245,0.602,0.000,-0.4225,-0.4471,TRACKING,R+C
1787289490.598,14.8,0.000,0.643,0.682,0.4235,-0.0425,4.43,0.00613,0.249,0.656,0.000,-0.3808,-0.4036,TRACKING,R+C
1787289490.666,14.8,0.000,0.644,0.683,0.4235,-0.0388,4.08,0.00488,0.249,0.699,0.000,-0.3500,-0.3709,TRACKING,R+C
1787289490.718,14.8,0.000,0.646,0.000,0.4235,-0.0349,3.77,0.00634,0.249,0.732,0.000,-0.3192,-0.3382,TRACKING,CENTER_LOCKED
1787289490.768,14.8,0.000,0.647,0.000,0.4235,-0.0308,3.57,0.01496,0.247,0.758,0.000,-0.2914,-0.3083,TRACKING,CENTER_LOCKED
1787289490.818,14.8,0.000,0.645,0.000,0.4235,-0.0271,3.20,0.01373,0.248,0.778,0.000,-0.2581,-0.2731,TRACKING,CENTER_LOCKED
1787289490.873,14.8,0.000,0.645,0.000,0.4235,-0.0242,2.72,0.00067,0.250,0.794,0.000,-0.2254,-0.2387,TRACKING,CENTER_LOCKED
1787289490.944,14.8,0.000,0.644,0.262,0.4235,-0.0210,2.56,0.00305,0.249,0.806,0.000,-0.2019,-0.2138,TRACKING,R+C
1787289491.015,14.8,0.000,0.643,0.675,0.4235,-0.0162,2.32,0.00170,0.250,0.816,0.000,-0.1652,-0.1749,TRACKING,R+C
1787289491.070,15.2,0.000,0.642,0.000,0.4235,-0.0111,2.21,0.01211,0.248,0.823,0.000,-0.1298,-0.1372,TRACKING,CENTER_LOCKED
1787289491.155,15.2,0.000,0.642,0.658,0.4235,-0.0069,2.08,0.01772,0.247,0.829,0.000,-0.0991,-0.1048,TRACKING,R+C
1787289491.213,15.2,0.000,0.642,0.000,0.4235,-0.0017,1.95,0.02964,0.245,0.834,0.000,-0.0600,-0.0633,TRACKING,CENTER_LOCKED
1787289491.277,15.2,0.000,0.643,0.669,0.4235,0.0029,1.72,0.03002,0.245,0.837,0.000,-0.0227,-0.0239,TRACKING,R+C
1787289491.343,15.2,0.000,0.644,0.659,0.4235,0.0071,1.29,0.00155,0.250,0.840,0.000,0.0108,0.0114,TRACKING,R+C
1787289491.410,15.2,0.000,0.646,0.653,0.4235,0.0104,0.69,-0.04025,0.243,0.842,0.000,0.0434,0.0456,TRACKING,R+C
1787289491.496,15.2,0.648,0.648,0.496,0.1332,0.0142,0.76,-0.03833,0.243,0.844,0.000,0.0674,0.0710,TRACKING,L+C+R_fused
1787289491.547,15.2,0.000,0.646,0.000,0.1332,0.0206,1.95,0.02745,0.245,0.845,0.000,0.0882,0.0933,TRACKING,CENTER_LOCKED
1787289491.612,15.2,0.000,0.645,0.660,0.1332,0.0241,2.34,0.05362,0.240,0.846,0.000,0.1091,0.1152,TRACKING,R+C
1787289491.681,15.2,0.000,0.645,0.492,0.1332,0.0251,1.79,0.02938,0.245,0.847,0.000,0.1224,0.1294,TRACKING,R+C
1787289491.755,15.2,0.000,0.643,0.487,0.1332,0.0262,1.41,0.00922,0.248,0.848,0.000,0.1327,0.1405,TRACKING,R+C
1787289491.810,15.2,0.000,0.642,0.000,0.1332,0.0273,1.18,-0.00601,0.249,0.848,0.000,0.1427,0.1510,TRACKING,CENTER_LOCKED
1787289491.862,15.2,0.000,0.642,0.000,0.1332,0.0282,1.03,-0.02502,0.245,0.849,0.000,0.1527,0.1613,TRACKING,CENTER_LOCKED
1787289491.915,15.2,0.000,0.642,0.000,0.1332,0.0288,0.97,-0.03938,0.243,0.849,0.000,0.1592,0.1679,TRACKING,CENTER_LOCKED
1787289491.984,15.2,0.000,0.642,0.628,0.1332,0.0292,0.97,-0.05511,0.240,0.849,0.000,0.1625,0.1712,TRACKING,R+C
1787289492.048,15.2,0.000,0.644,0.631,0.1332,0.0289,1.11,-0.04233,0.242,0.849,0.000,0.1559,0.1644,TRACKING,R+C
1787289492.112,15.4,0.000,0.646,0.391,0.1332,0.0287,1.53,-0.00919,0.248,0.850,0.000,0.1420,0.1502,TRACKING,R+C
1787289492.160,15.4,0.000,0.646,0.000,0.1332,0.0280,1.42,-0.02251,0.246,0.850,0.000,0.1409,0.1488,TRACKING,CENTER_LOCKED
1787289492.213,15.4,0.000,0.646,0.000,0.1332,0.0177,-1.70,-0.17378,0.219,0.850,0.000,0.1649,0.1717,TRACKING,CENTER_LOCKED
1787289492.263,15.4,0.000,0.645,0.000,0.1332,0.0130,-3.28,-0.26124,0.203,0.760,0.000,0.1846,0.1908,TRACKING,CENTER_LOCKED
1787289492.314,15.4,0.000,0.645,0.000,0.1332,0.0127,-3.34,-0.27424,0.201,0.697,0.000,0.1851,0.1912,TRACKING,CENTER_LOCKED
1787289492.367,15.4,0.000,0.644,0.000,0.1332,0.0147,-2.38,-0.23840,0.207,0.653,0.000,0.1694,0.1752,TRACKING,CENTER_LOCKED
1787289492.422,15.4,0.000,0.643,0.000,0.1332,0.0165,-1.20,-0.18591,0.217,0.622,0.000,0.1376,0.1430,TRACKING,CENTER_LOCKED
1787289492.481,15.4,0.000,0.642,0.000,0.1332,0.0175,-0.36,-0.15520,0.222,0.600,0.000,0.1175,0.1224,TRACKING,CENTER_LOCKED
1787289492.541,15.4,0.000,0.642,0.000,0.1332,0.0181,0.82,-0.08572,0.235,0.585,0.000,0.0883,0.0926,TRACKING,CENTER_LOCKED
1787289492.596,15.4,0.000,0.643,0.000,0.1332,0.0166,0.99,-0.10591,0.231,0.575,0.000,0.0701,0.0733,TRACKING,CENTER_LOCKED
1787289492.647,15.4,0.000,0.644,0.000,0.1332,0.0150,1.26,-0.09313,0.233,0.567,0.000,0.0519,0.0542,TRACKING,CENTER_LOCKED
1787289492.700,15.4,0.000,0.645,0.000,0.1332,0.0131,1.50,-0.07009,0.237,0.562,0.000,0.0341,0.0357,TRACKING,CENTER_LOCKED
1787289492.769,15.4,0.000,0.647,0.672,0.1332,0.0113,1.82,-0.04032,0.243,0.558,0.000,0.0172,0.0180,TRACKING,R+C
1787289492.822,15.4,0.000,0.649,0.000,0.1332,0.0099,2.06,-0.01695,0.247,0.556,0.000,0.0055,0.0057,TRACKING,CENTER_LOCKED
1787289492.878,15.4,0.000,0.649,0.000,0.1332,0.0087,2.11,-0.00639,0.249,0.554,0.000,-0.0018,-0.0019,TRACKING,CENTER_LOCKED
1787289492.929,15.4,0.000,0.647,0.000,0.1332,0.0052,1.22,-0.04882,0.241,0.619,0.000,-0.0087,-0.0094,TRACKING,CENTER_LOCKED
1787289492.980,15.4,0.000,0.647,0.000,0.1332,0.0032,0.86,-0.06568,0.238,0.670,0.000,-0.0166,-0.0177,TRACKING,CENTER_LOCKED
1787289493.032,15.4,0.000,0.645,0.000,0.1332,0.0029,0.92,-0.06340,0.239,0.710,0.000,-0.0197,-0.0210,TRACKING,CENTER_LOCKED
1787289493.088,15.4,0.000,0.643,0.000,0.1332,0.0026,1.03,-0.05761,0.240,0.740,0.000,-0.0233,-0.0248,TRACKING,CENTER_LOCKED
1787289493.146,18.4,0.000,0.642,0.000,0.1332,0.0030,1.37,-0.03740,0.243,0.765,0.000,-0.0261,-0.0276,TRACKING,CENTER_LOCKED
1787289493.201,18.4,0.000,0.642,0.000,0.1332,0.0033,1.65,-0.01774,0.247,0.783,0.000,-0.0273,-0.0289,TRACKING,CENTER_LOCKED
1787289493.277,18.4,0.000,0.642,0.271,0.1332,0.0035,1.83,-0.00669,0.249,0.798,0.000,-0.0283,-0.0300,TRACKING,R+C
1787289493.327,18.4,0.000,0.642,0.000,0.1332,0.0026,0.53,-0.17348,0.219,0.809,0.000,-0.0387,-0.0411,TRACKING,CENTER_LOCKED
1787289493.380,18.4,0.000,0.643,0.000,0.1332,0.0031,1.01,-0.11778,0.229,0.818,0.000,-0.0343,-0.0364,TRACKING,CENTER_LOCKED
1787289493.429,18.4,0.000,0.644,0.000,0.1332,0.0038,1.35,-0.07358,0.237,0.825,0.000,-0.0285,-0.0303,TRACKING,CENTER_LOCKED
1787289493.480,18.4,0.000,0.645,0.000,0.1332,0.0043,1.50,-0.04957,0.241,0.831,0.000,-0.0238,-0.0253,TRACKING,CENTER_LOCKED
1787289493.542,18.4,0.000,0.646,0.264,0.1332,0.0048,1.57,-0.03659,0.243,0.835,0.000,-0.0194,-0.0206,TRACKING,R+C
1787289493.607,18.4,0.000,0.646,0.655,0.1332,0.0034,1.27,-0.03768,0.243,0.838,0.000,-0.0203,-0.0216,TRACKING,R+C
1787289493.676,18.4,0.000,0.644,0.271,0.1332,0.0011,0.37,-0.08177,0.235,0.841,0.000,-0.0202,-0.0216,TRACKING,R+C
1787289493.729,18.4,0.000,0.643,0.000,0.1332,0.0018,0.56,-0.06784,0.238,0.843,0.000,-0.0176,-0.0188,TRACKING,CENTER_LOCKED
1787289493.783,18.4,0.000,0.643,0.000,0.1332,0.0027,0.79,-0.05421,0.240,0.844,0.000,-0.0153,-0.0163,TRACKING,CENTER_LOCKED
1787289493.841,18.4,0.000,0.642,0.000,0.1332,0.0036,1.12,-0.03380,0.244,0.846,0.000,-0.0136,-0.0145,TRACKING,CENTER_LOCKED
1787289493.951,18.4,0.642,0.642,0.656,0.1332,0.0047,1.44,-0.01196,0.248,0.847,0.000,-0.0111,-0.0118,TRACKING,L+C+R_fused
1787289494.013,18.4,0.000,0.641,0.000,0.1332,0.0049,0.63,-0.10849,0.230,0.847,0.000,-0.0068,-0.0075,TRACKING,CENTER_LOCKED
1787289494.063,18.4,0.000,0.642,0.000,0.1332,0.0059,0.49,-0.13879,0.225,0.848,0.000,-0.0015,-0.0021,TRACKING,CENTER_LOCKED
1787289494.113,18.4,0.000,0.643,0.000,0.1332,0.0071,0.76,-0.10927,0.230,0.848,0.000,0.0059,0.0058,TRACKING,CENTER_LOCKED
1787289494.178,16.5,0.000,0.644,0.664,0.1332,0.0080,0.59,-0.10621,0.231,0.849,0.000,0.0184,0.0189,TRACKING,R+C
1787289494.247,16.5,0.000,0.647,0.646,0.1332,0.0090,0.84,-0.07214,0.237,0.849,0.000,0.0245,0.0255,TRACKING,R+C
1787289494.315,16.5,0.000,0.646,0.412,0.1332,0.0079,0.45,-0.07446,0.237,0.849,0.000,0.0277,0.0289,TRACKING,R+C
1787289494.366,16.5,0.000,0.644,0.000,0.1332,0.0089,0.75,-0.04696,0.242,0.849,0.000,0.0303,0.0317,TRACKING,CENTER_LOCKED
1787289494.420,16.5,0.000,0.644,0.000,0.1332,0.0087,0.34,-0.06922,0.238,0.850,0.000,0.0372,0.0389,TRACKING,CENTER_LOCKED
1787289494.473,16.5,0.000,0.643,0.000,0.1332,0.0087,0.00,-0.09550,0.233,0.850,0.000,0.0440,0.0459,TRACKING,CENTER_LOCKED
1787289494.531,16.5,0.000,0.643,0.000,0.1332,0.0095,-0.05,-0.10418,0.231,0.850,0.000,0.0501,0.0523,TRACKING,CENTER_LOCKED
1787289494.608,16.5,0.000,0.642,0.661,0.1332,0.0109,0.18,-0.09343,0.233,0.850,0.000,0.0550,0.0574,TRACKING,R+C
1787289494.678,16.5,0.000,0.641,0.667,0.1332,0.0131,0.33,-0.10280,0.231,0.850,0.000,0.0656,0.0685,TRACKING,R+C
1787289494.728,16.5,0.000,0.642,0.000,0.1332,0.0156,0.72,-0.09509,0.233,0.850,0.000,0.0725,0.0759,TRACKING,CENTER_LOCKED
1787289494.780,16.5,0.000,0.644,0.000,0.1332,0.0172,1.15,-0.06267,0.239,0.850,0.000,0.0745,0.0782,TRACKING,CENTER_LOCKED
1787289494.843,16.5,0.000,0.646,0.659,0.1332,0.0176,1.00,-0.06410,0.238,0.850,0.000,0.0813,0.0854,TRACKING,R+C
1787289494.908,16.5,0.000,0.647,0.658,0.1332,0.0178,1.07,-0.05465,0.240,0.850,0.000,0.0818,0.0860,TRACKING,R+C
1787289494.971,16.5,0.000,0.650,0.653,0.1332,0.0179,1.02,-0.05763,0.240,0.850,0.000,0.0830,0.0872,TRACKING,R+C
1787289495.037,16.5,0.000,0.647,0.661,0.1332,0.0154,0.26,-0.09209,0.233,0.850,0.000,0.0856,0.0897,TRACKING,R+C
1787289495.107,16.5,0.000,0.646,0.655,0.1332,0.0152,0.22,-0.09091,0.234,0.850,0.000,0.0851,0.0891,TRACKING,R+C
1787289495.160,16.5,0.000,0.646,0.000,0.1332,0.0157,0.40,-0.07984,0.236,0.850,0.000,0.0843,0.0884,TRACKING,CENTER_LOCKED
1787289495.215,16.4,0.000,0.645,0.000,0.1332,0.0164,0.53,-0.07585,0.236,0.850,0.000,0.0858,0.0900,TRACKING,CENTER_LOCKED
1787289495.270,16.4,0.000,0.643,0.000,0.1332,0.0174,0.75,-0.06358,0.239,0.850,0.000,0.0874,0.0918,TRACKING,CENTER_LOCKED
1787289495.349,16.4,0.000,0.642,0.290,0.1332,0.0184,0.79,-0.06895,0.238,0.850,0.000,0.0929,0.0976,TRACKING,R+C
1787289495.401,16.4,0.000,0.642,0.000,0.1332,0.0193,1.12,-0.03861,0.243,0.850,0.000,0.0910,0.0959,TRACKING,CENTER_LOCKED
1787289495.450,16.4,0.000,0.644,0.000,0.1332,0.0198,1.25,-0.03080,0.244,0.850,0.000,0.0911,0.0961,TRACKING,CENTER_LOCKED
1787289495.500,16.4,0.000,0.644,0.000,0.1332,0.0200,1.39,-0.02438,0.246,0.850,0.000,0.0895,0.0945,TRACKING,CENTER_LOCKED
1787289495.549,16.4,0.000,0.646,0.000,0.1332,0.0202,1.69,-0.00030,0.250,0.850,0.000,0.0838,0.0887,TRACKING,CENTER_LOCKED
1787289495.614,16.4,0.000,0.646,0.348,0.1332,0.0203,1.76,0.00588,0.249,0.850,0.000,0.0845,0.0894,TRACKING,R+C
1787289495.674,16.4,0.000,0.648,0.268,0.1332,0.0201,1.84,0.01024,0.248,0.850,0.000,0.0822,0.0870,TRACKING,R+C
1787289495.727,16.4,0.000,0.645,0.000,0.1332,0.0176,1.03,-0.03066,0.244,0.850,0.000,0.0825,0.0870,TRACKING,CENTER_LOCKED
1787289495.777,16.4,0.000,0.645,0.000,0.1332,0.0167,0.72,-0.04807,0.241,0.850,0.000,0.0843,0.0887,TRACKING,CENTER_LOCKED
1787289495.830,16.4,0.000,0.644,0.000,0.1332,0.0166,0.57,-0.05676,0.240,0.850,0.000,0.0870,0.0915,TRACKING,CENTER_LOCKED
1787289495.885,16.4,0.000,0.642,0.000,0.1332,0.0176,0.76,-0.04943,0.241,0.850,0.000,0.0893,0.0940,TRACKING,CENTER_LOCKED
1787289495.965,16.4,0.000,0.642,0.434,0.1332,0.0185,0.99,-0.03782,0.243,0.850,0.000,0.0896,0.0945,TRACKING,R+C
1787289496.039,16.4,0.000,0.641,0.264,0.1332,0.0189,1.02,-0.04548,0.242,0.850,0.000,0.0910,0.0958,TRACKING,R+C
1787289496.090,16.4,0.000,0.641,0.000,0.1332,0.0190,1.21,-0.03260,0.244,0.850,0.000,0.0873,0.0921,TRACKING,CENTER_LOCKED
1787289496.162,16.4,0.000,0.642,0.302,0.1332,0.0188,1.21,-0.03867,0.243,0.850,0.000,0.0849,0.0895,TRACKING,R+C
1787289496.212,16.4,0.000,0.644,0.000,0.1332,0.0183,1.36,-0.03422,0.244,0.850,0.000,0.0780,0.0823,TRACKING,CENTER_LOCKED
1787289496.264,17.1,0.000,0.645,0.000,0.1332,0.0177,1.59,-0.02182,0.246,0.850,0.000,0.0687,0.0725,TRACKING,CENTER_LOCKED
1787289496.314,17.1,0.000,0.647,0.000,0.1332,0.0169,1.70,-0.01549,0.247,0.850,0.000,0.0611,0.0646,TRACKING,CENTER_LOCKED
1787289496.361,17.1,0.000,0.647,0.000,0.1332,0.0164,1.85,-0.00602,0.249,0.850,0.000,0.0548,0.0580,TRACKING,CENTER_LOCKED
1787289496.413,17.1,0.000,0.645,0.000,0.1332,0.0148,1.49,-0.02463,0.246,0.850,0.000,0.0522,0.0550,TRACKING,CENTER_LOCKED
1787289496.465,17.1,0.000,0.645,0.000,0.1332,0.0140,1.28,-0.03674,0.243,0.850,0.000,0.0514,0.0541,TRACKING,CENTER_LOCKED
1787289496.539,17.1,0.000,0.644,0.256,0.1332,0.0136,1.15,-0.04405,0.242,0.850,0.000,0.0511,0.0538,TRACKING,R+C
1787289496.593,17.1,0.000,0.642,0.000,0.1332,0.0139,1.44,-0.02490,0.246,0.850,0.000,0.0475,0.0501,TRACKING,CENTER_LOCKED
1787289496.669,17.1,0.000,0.642,0.260,0.1332,0.0141,1.64,-0.01053,0.248,0.850,0.000,0.0448,0.0474,TRACKING,R+C
1787289496.733,17.1,0.000,0.642,0.000,0.1332,0.0136,1.85,0.00955,0.248,0.850,0.000,0.0397,0.0420,TRACKING,CENTER_LOCKED
1787289496.793,17.1,0.000,0.642,0.000,0.1332,0.0132,2.03,0.02743,0.245,0.850,0.000,0.0365,0.0386,TRACKING,CENTER_LOCKED
1787289496.863,17.1,0.000,0.642,0.605,0.1332,0.0124,1.75,0.00266,0.250,0.850,0.000,0.0333,0.0353,TRACKING,R+C
1787289496.913,17.1,0.000,0.644,0.000,0.1332,0.0117,1.50,-0.02327,0.246,0.850,0.000,0.0315,0.0332,TRACKING,CENTER_LOCKED
1787289496.975,17.1,0.000,0.644,0.287,0.1332,0.0115,1.54,-0.02739,0.245,0.850,0.000,0.0286,0.0301,TRACKING,R+C
1787289497.032,17.1,0.000,0.646,0.000,0.1332,0.0119,1.87,-0.00819,0.249,0.850,0.000,0.0249,0.0264,TRACKING,CENTER_LOCKED
1787289497.084,17.1,0.000,0.645,0.000,0.1332,0.0102,1.32,-0.03112,0.244,0.850,0.000,0.0248,0.0261,TRACKING,CENTER_LOCKED
1787289497.138,17.1,0.000,0.644,0.000,0.1332,0.0097,1.18,-0.03593,0.244,0.850,0.000,0.0251,0.0263,TRACKING,CENTER_LOCKED
1787289497.209,17.1,0.000,0.643,0.286,0.1332,0.0092,0.97,-0.04792,0.241,0.850,0.000,0.0257,0.0269,TRACKING,R+C
1787289497.263,17.1,0.000,0.643,0.000,0.1332,0.0091,1.01,-0.04652,0.242,0.850,0.000,0.0247,0.0258,TRACKING,CENTER_LOCKED
1787289497.319,17.1,0.000,0.642,0.000,0.1332,0.0092,1.22,-0.03411,0.244,0.850,0.000,0.0213,0.0223,TRACKING,CENTER_LOCKED
1787289497.375,17.1,0.000,0.642,0.000,0.1332,0.0092,1.35,-0.02816,0.245,0.850,0.000,0.0186,0.0196,TRACKING,CENTER_LOCKED
1787289497.428,17.1,0.000,0.641,0.000,0.1332,0.0092,1.53,-0.01317,0.248,0.850,0.000,0.0160,0.0169,TRACKING,CENTER_LOCKED
1787289497.496,17.1,0.000,0.641,0.266,0.1332,0.0091,1.60,-0.00701,0.249,0.850,0.000,0.0140,0.0147,TRACKING,R+C
1787289497.546,17.1,0.000,0.643,0.000,0.1332,0.0089,1.53,-0.01498,0.247,0.850,0.000,0.0135,0.0142,TRACKING,CENTER_LOCKED
1787289497.609,17.1,0.000,0.643,0.272,0.1332,0.0090,1.54,-0.01590,0.247,0.850,0.000,0.0135,0.0142,TRACKING,R+C
1787289497.658,17.1,0.000,0.645,0.000,0.1332,0.0094,1.65,-0.00719,0.249,0.850,0.000,0.0144,0.0152,TRACKING,CENTER_LOCKED
1787289497.708,17.1,0.000,0.647,0.000,0.1332,0.0097,1.73,0.00122,0.250,0.850,0.000,0.0159,0.0168,TRACKING,CENTER_LOCKED
1787289497.756,17.1,0.000,0.646,0.000,0.1332,0.0093,1.47,-0.01114,0.248,0.850,0.000,0.0186,0.0196,TRACKING,CENTER_LOCKED
1787289497.807,17.1,0.000,0.645,0.000,0.1332,0.0091,1.25,-0.02156,0.246,0.850,0.000,0.0213,0.0224,TRACKING,CENTER_LOCKED
1787289497.859,17.1,0.000,0.644,0.000,0.1332,0.0096,1.30,-0.01758,0.247,0.850,0.000,0.0237,0.0250,TRACKING,CENTER_LOCKED
1787289497.913,17.1,0.000,0.643,0.000,0.1332,0.0098,1.36,-0.01327,0.248,0.850,0.000,0.0243,0.0257,TRACKING,CENTER_LOCKED
1787289497.967,17.1,0.000,0.643,0.000,0.1332,0.0096,1.20,-0.02514,0.245,0.850,0.000,0.0257,0.0271,TRACKING,CENTER_LOCKED
1787289498.041,17.1,0.000,0.642,0.670,0.1332,0.0099,1.24,-0.02508,0.245,0.850,0.000,0.0265,0.0279,TRACKING,R+C
1787289498.095,17.1,0.000,0.641,0.000,0.1332,0.0098,1.17,-0.03549,0.244,0.850,0.000,0.0262,0.0276,TRACKING,CENTER_LOCKED
1787289498.155,17.1,0.000,0.641,0.000,0.1332,0.0098,1.05,-0.05370,0.240,0.850,0.000,0.0269,0.0282,TRACKING,CENTER_LOCKED
1787289498.210,17.1,0.000,0.642,0.000,0.1332,0.0104,1.16,-0.04882,0.241,0.850,0.000,0.0283,0.0297,TRACKING,CENTER_LOCKED
1787289498.259,17.1,0.000,0.643,0.000,0.1332,0.0115,1.53,-0.02266,0.246,0.850,0.000,0.0292,0.0308,TRACKING,CENTER_LOCKED
1787289498.310,17.1,0.000,0.644,0.000,0.1332,0.0122,1.71,-0.00798,0.249,0.850,0.000,0.0312,0.0329,TRACKING,CENTER_LOCKED
1787289498.358,18.3,0.000,0.647,0.000,0.1332,0.0126,1.68,-0.00612,0.249,0.850,0.000,0.0350,0.0370,TRACKING,CENTER_LOCKED
1787289498.414,18.3,0.000,0.648,0.000,0.1332,0.0128,1.61,-0.00594,0.249,0.850,0.000,0.0382,0.0403,TRACKING,CENTER_LOCKED
1787289498.463,18.3,0.000,0.647,0.000,0.1332,0.0123,1.32,-0.01780,0.247,0.850,0.000,0.0411,0.0433,TRACKING,CENTER_LOCKED
1787289498.517,18.3,0.000,0.645,0.000,0.1332,0.0121,1.17,-0.02628,0.245,0.850,0.000,0.0429,0.0452,TRACKING,CENTER_LOCKED
1787289498.585,18.3,0.000,0.645,0.663,0.1332,0.0124,1.19,-0.02715,0.245,0.850,0.000,0.0440,0.0464,TRACKING,R+C
1787289498.639,18.3,0.000,0.644,0.000,0.1332,0.0128,1.17,-0.02926,0.245,0.850,0.000,0.0469,0.0495,TRACKING,CENTER_LOCKED
1787289498.696,18.3,0.000,0.643,0.000,0.1332,0.0132,1.19,-0.02924,0.245,0.850,0.000,0.0489,0.0515,TRACKING,CENTER_LOCKED
1787289498.750,18.3,0.000,0.642,0.000,0.1332,0.0139,1.28,-0.02449,0.246,0.850,0.000,0.0518,0.0546,TRACKING,CENTER_LOCKED
1787289498.809,18.3,0.000,0.642,0.000,0.1332,0.0145,1.32,-0.02285,0.246,0.850,0.000,0.0552,0.0583,TRACKING,CENTER_LOCKED
1787289498.861,18.3,0.000,0.641,0.000,0.1332,0.0154,1.30,-0.02516,0.245,0.850,0.000,0.0610,0.0643,TRACKING,CENTER_LOCKED
1787289498.927,18.3,0.000,0.642,0.265,0.1332,0.0164,1.39,-0.01500,0.247,0.850,0.000,0.0667,0.0705,TRACKING,R+C
1787289498.993,18.3,0.000,0.645,0.660,0.1332,0.0172,1.33,-0.01842,0.247,0.850,0.000,0.0730,0.0771,TRACKING,R+C
1787289499.058,18.3,0.000,0.647,0.266,0.1332,0.0176,1.17,-0.02912,0.245,0.850,0.000,0.0792,0.0836,TRACKING,R+C
1787289499.106,18.3,0.000,0.647,0.000,0.1332,0.0180,1.23,-0.02473,0.246,0.850,0.000,0.0802,0.0846,TRACKING,CENTER_LOCKED
1787289499.156,18.3,0.000,0.647,0.000,0.1332,0.0215,2.23,0.01564,0.247,0.850,0.000,0.0823,0.0870,TRACKING,CENTER_LOCKED
1787289499.206,18.3,0.000,0.646,0.000,0.1332,0.0225,2.54,0.02770,0.245,0.850,0.000,0.0841,0.0890,TRACKING,CENTER_LOCKED
1787289499.259,18.3,0.000,0.645,0.000,0.1332,0.0206,1.91,-0.01076,0.248,0.850,0.000,0.0796,0.0841,TRACKING,CENTER_LOCKED
1787289499.311,18.3,0.000,0.645,0.000,0.1332,0.0197,1.77,-0.01898,0.247,0.850,0.000,0.0770,0.0814,TRACKING,CENTER_LOCKED
1787289499.365,17.9,0.000,0.644,0.000,0.1332,0.0189,1.51,-0.03904,0.243,0.850,0.000,0.0772,0.0814,TRACKING,CENTER_LOCKED
1787289499.422,17.9,0.000,0.642,0.000,0.1332,0.0188,1.54,-0.04186,0.242,0.850,0.000,0.0759,0.0799,TRACKING,CENTER_LOCKED
1787289499.497,17.9,0.000,0.642,0.674,0.1332,0.0186,1.33,-0.06549,0.238,0.850,0.000,0.0781,0.0820,TRACKING,R+C
1787289499.573,17.9,0.000,0.642,0.669,0.1332,0.0186,1.29,-0.08886,0.234,0.850,0.000,0.0776,0.0813,TRACKING,R+C
1787289499.625,17.9,0.000,0.643,0.000,0.1332,0.0185,1.18,-0.14903,0.223,0.850,0.000,0.0740,0.0769,TRACKING,CENTER_LOCKED
1787289499.677,17.9,0.000,0.644,0.000,0.1332,0.0182,1.26,-0.19055,0.216,0.850,0.000,0.0901,0.0922,TRACKING,CENTER_LOCKED
1787289499.725,17.9,0.000,0.645,0.000,0.1332,0.0176,1.85,-0.19714,0.215,0.850,0.000,0.0673,0.0682,TRACKING,CENTER_LOCKED
1787289499.774,17.9,0.000,0.645,0.000,0.1332,0.0170,2.80,-0.16559,0.220,0.850,0.000,0.0042,0.0037,TRACKING,CENTER_LOCKED
1787289499.827,17.9,0.000,0.646,0.000,0.1332,0.0160,3.59,-0.15539,0.222,0.850,0.000,-0.0286,-0.0305,TRACKING,CENTER_LOCKED
1787289499.883,17.9,0.000,0.644,0.000,0.1332,0.0074,2.22,-0.25514,0.204,0.760,0.000,-0.0455,-0.0499,TRACKING,CENTER_LOCKED
1787289499.940,17.9,0.000,0.643,0.000,0.1332,0.0021,1.70,-0.31500,0.200,0.697,0.000,-0.0939,-0.1003,TRACKING,CENTER_LOCKED
1787289499.993,17.9,0.000,0.642,0.000,0.1332,0.0001,3.04,-0.26254,0.203,0.653,0.000,-0.1453,-0.1539,TRACKING,CENTER_LOCKED
1787289500.071,17.9,0.000,0.642,0.676,0.1332,-0.0030,4.10,-0.23213,0.208,0.622,0.000,-0.1932,-0.2042,TRACKING,R+C
1787289500.143,17.9,0.000,0.641,0.673,0.1332,-0.0065,5.63,-0.14680,0.224,0.600,0.000,-0.2713,-0.2848,TRACKING,R+C
1787289500.213,17.9,0.000,0.642,0.672,0.1332,-0.0102,8.09,0.07255,0.237,0.585,0.000,-0.2949,-0.3105,TRACKING,R+C
1787289500.281,17.9,0.000,0.642,0.671,0.1332,-0.0165,8.22,0.03920,0.243,0.575,0.000,-0.3310,-0.3497,TRACKING,R+C
1787289500.350,17.9,0.000,0.648,0.670,0.1332,-0.0231,8.13,-0.02309,0.246,0.567,0.000,-0.3731,-0.3950,TRACKING,R+C
1787289500.418,16.1,0.000,0.651,0.672,0.1332,-0.0288,9.15,0.01209,0.248,0.562,0.000,-0.4202,-0.4454,TRACKING,R+C
1787289500.484,16.1,0.000,0.657,0.669,0.1332,-0.0346,10.27,0.05552,0.240,0.558,0.000,-0.5018,-0.5303,TRACKING,R+C
1787289500.549,16.1,0.000,0.660,0.667,0.1332,-0.0563,5.75,-0.19299,0.215,0.556,0.000,-0.6262,-0.6592,TRACKING,R+C
1787289500.617,16.1,0.000,0.653,0.666,0.1332,-0.0672,4.38,-0.29965,0.200,0.554,0.000,-0.7633,-0.7998,TRACKING,R+C
1787289500.700,16.1,0.000,0.649,0.666,0.1332,-0.0721,5.01,-0.30288,0.200,0.553,0.000,-0.8096,-0.8490,TRACKING,R+C
1787289500.777,16.1,0.000,0.646,0.666,0.1332,-0.0753,6.70,-0.23083,0.208,0.552,0.000,-0.8065,-0.8487,TRACKING,R+C
1787289500.845,16.1,0.000,0.643,0.668,0.1332,-0.0788,8.28,-0.14931,0.223,0.551,0.000,-0.8117,-0.8566,TRACKING,R+C
1787289500.923,16.1,0.000,0.643,0.667,0.1332,-0.0828,8.55,-0.18787,0.216,0.551,0.000,-0.8350,-0.8824,TRACKING,R+C
1787289501.000,16.1,0.000,0.644,0.668,0.1332,-0.0859,8.65,-0.22573,0.209,0.551,0.000,-0.8964,-0.9458,TRACKING,R+C
1787289501.097,16.1,0.648,0.645,0.667,0.4478,-0.0881,8.89,-0.23445,0.208,0.550,0.000,-0.9217,-0.9724,TRACKING,L+C+R_fused
1787289501.169,16.1,0.000,0.647,0.667,0.4478,-0.0888,9.36,-0.21924,0.211,0.550,0.000,-0.9158,-0.9673,TRACKING,R+C
1787289501.243,16.1,0.000,0.646,0.666,0.4478,-0.1063,3.87,-0.50621,0.200,0.550,0.000,-1.0000,-1.0000,TRACKING,R+C
1787289501.315,16.1,0.000,0.645,0.663,0.4478,-0.1091,2.76,-0.57928,0.200,0.550,0.000,-1.0000,-1.0000,TRACKING,R+C
1787289501.390,16.1,0.000,0.645,0.665,0.4478,-0.1060,3.66,-0.54148,0.200,0.550,0.000,-0.9981,-1.0000,TRACKING,R+C
1787289501.469,13.3,0.000,0.643,0.667,0.4478,-0.1021,4.63,-0.51227,0.200,0.550,0.000,-0.9927,-1.0000,TRACKING,R+C
1787289501.543,13.3,0.000,0.642,0.667,0.4478,-0.0990,4.89,-0.54625,0.200,0.550,0.000,-0.9849,-1.0000,TRACKING,R+C
1787289501.611,13.3,0.000,0.642,0.668,0.4478,-0.0961,5.30,-0.54875,0.200,0.550,0.000,-0.9774,-1.0000,TRACKING,R+C
1787289501.680,13.3,0.000,0.643,0.668,0.4478,-0.0932,5.82,-0.51425,0.200,0.550,0.000,-0.9687,-1.0000,TRACKING,R+C
1787289501.747,13.3,0.000,0.643,0.669,0.4478,-0.0908,5.82,-0.50613,0.200,0.550,0.000,-0.9554,-1.0000,TRACKING,R+C
1787289501.816,13.3,0.000,0.644,0.669,0.4478,-0.0884,5.43,-0.52862,0.200,0.550,0.000,-0.9377,-0.9871,TRACKING,R+C
1787289501.902,13.3,0.825,0.645,0.670,0.4478,-0.0849,5.89,-0.49306,0.200,0.550,0.000,-0.9236,-0.9720,TRACKING,L+C+R_fused
1787289501.975,13.3,0.000,0.644,0.670,0.4478,-0.0963,1.36,-0.70583,0.200,0.465,0.000,-0.9234,-0.9718,TRACKING,R+C
1787289502.075,13.3,0.644,0.643,0.670,0.4290,-0.0948,1.09,-0.70796,0.200,0.423,0.000,-0.9105,-0.9580,TRACKING,L+C+R_fused
1787289502.180,13.3,0.643,0.641,0.671,0.4264,-0.0883,2.25,-0.65489,0.200,0.401,0.000,-0.8903,-0.9364,TRACKING,L+C+R_fused
1787289502.250,13.3,0.000,0.640,0.672,0.4264,-0.0830,2.02,-0.74120,0.200,0.391,0.000,-0.8641,-0.9091,TRACKING,R+C
1787289502.326,13.3,0.000,0.640,0.672,0.4264,-0.0782,1.73,-0.84873,0.200,0.385,0.000,-0.8416,-0.8860,TRACKING,R+C
1787289502.405,13.3,0.000,0.641,0.675,0.4264,-0.0731,2.69,-0.78778,0.200,0.383,0.000,-0.8229,-0.8659,TRACKING,R+C
1787289502.489,12.7,0.473,0.642,0.666,0.4509,-0.0691,1.93,-0.83025,0.200,0.381,0.000,-0.7859,-0.8268,TRACKING,L+C+R_fused
1787289502.576,12.7,0.644,0.643,0.664,0.5804,-0.0642,2.55,-0.77748,0.200,0.381,0.000,-0.7611,-0.8005,TRACKING,L+C+R_fused
1787289502.649,12.7,0.000,0.642,0.674,0.5804,-0.0791,-2.13,-0.95134,0.200,0.380,0.000,-0.7768,-0.8168,TRACKING,R+C
1787289502.746,12.7,0.642,0.642,0.671,0.4344,-0.0766,-1.30,-0.87880,0.200,0.380,0.000,-0.7697,-0.8090,TRACKING,L+C+R_fused
1787289502.840,12.7,0.532,0.641,0.569,0.4915,-0.0686,1.53,-0.70374,0.200,0.380,0.000,-0.7578,-0.7961,TRACKING,L+C+R_fused
1787289502.932,12.7,0.609,0.640,0.670,0.5774,-0.0628,3.28,-0.61525,0.200,0.380,0.000,-0.7477,-0.7853,TRACKING,L+C+R_fused
1787289503.022,12.7,0.631,0.641,0.671,0.5596,-0.0588,4.80,-0.52048,0.200,0.380,0.000,-0.7436,-0.7808,TRACKING,L+C+R_fused
1787289503.094,12.7,0.000,0.643,0.671,0.5596,-0.0562,6.18,-0.40210,0.200,0.380,0.000,-0.7435,-0.7802,TRACKING,R+C
1787289503.185,12.7,0.287,0.646,0.670,0.5617,-0.0550,7.30,-0.28679,0.200,0.380,0.000,-0.7467,-0.7831,TRACKING,L+C+R_fused
1787289503.273,12.7,0.433,0.650,0.669,0.5356,-0.0536,8.65,-0.15152,0.223,0.380,0.000,-0.6850,-0.7211,TRACKING,L+C+R_fused
1787289503.340,12.7,0.000,0.646,0.660,0.5356,-0.0611,6.56,-0.18987,0.216,0.380,0.000,-0.6719,-0.7080,TRACKING,R+C
1787289503.428,12.7,0.564,0.645,0.671,0.5496,-0.0611,6.36,-0.15300,0.222,0.380,0.000,-0.6729,-0.7081,TRACKING,L+C+R_fused
1787289503.524,11.6,0.301,0.643,0.675,0.4790,-0.0589,6.37,-0.10536,0.231,0.380,0.000,-0.6112,-0.6449,TRACKING,L+C+R_fused
1787289503.602,11.6,0.000,0.642,0.678,0.4790,-0.0565,6.60,-0.04607,0.242,0.380,0.000,-0.5481,-0.5804,TRACKING,R+C
1787289503.675,11.6,0.000,0.642,0.677,0.4790,-0.0540,6.62,0.00260,0.250,0.417,0.000,-0.4972,-0.5278,TRACKING,R+C
1787289503.751,11.6,0.000,0.640,0.679,0.4790,-0.0510,6.48,0.03832,0.243,0.447,0.000,-0.4944,-0.5232,TRACKING,R+C
1787289503.830,11.6,0.000,0.640,0.681,0.4790,-0.0469,5.85,0.02038,0.246,0.469,0.000,-0.4473,-0.4738,TRACKING,R+C
1787289503.897,11.6,0.000,0.644,0.688,0.4790,-0.0422,5.01,-0.00507,0.249,0.487,0.000,-0.3949,-0.4187,TRACKING,R+C
1787289503.946,11.6,0.000,0.647,0.000,0.4790,-0.0370,4.15,-0.04116,0.243,0.567,0.000,-0.3672,-0.3882,TRACKING,CENTER_LOCKED
1787289503.996,11.6,0.000,0.648,0.000,0.4790,-0.0323,3.91,-0.03326,0.244,0.629,0.000,-0.3261,-0.3449,TRACKING,CENTER_LOCKED
1787289504.047,11.6,0.000,0.648,0.000,0.4790,-0.0263,4.42,0.00881,0.248,0.678,0.000,-0.2840,-0.3007,TRACKING,CENTER_LOCKED
1787289504.100,11.6,0.000,0.644,0.000,0.4790,-0.0226,3.63,-0.02487,0.246,0.716,0.000,-0.2522,-0.2668,TRACKING,CENTER_LOCKED
1787289504.155,11.6,0.000,0.643,0.000,0.4790,-0.0189,2.85,-0.06945,0.237,0.745,0.000,-0.2300,-0.2426,TRACKING,CENTER_LOCKED
1787289504.210,11.6,0.000,0.643,0.000,0.4790,-0.0161,2.21,-0.10999,0.230,0.768,0.000,-0.2132,-0.2243,TRACKING,CENTER_LOCKED
1787289504.267,11.6,0.000,0.642,0.000,0.4790,-0.0128,1.97,-0.13304,0.226,0.786,0.000,-0.1930,-0.2029,TRACKING,CENTER_LOCKED
1787289504.322,11.6,0.000,0.641,0.000,0.4790,-0.0093,2.05,-0.14294,0.224,0.800,0.000,-0.1740,-0.1828,TRACKING,CENTER_LOCKED
1787289504.378,11.6,0.000,0.641,0.000,0.4790,-0.0065,2.24,-0.14461,0.224,0.811,0.000,-0.1589,-0.1669,TRACKING,CENTER_LOCKED
1787289504.432,11.6,0.000,0.641,0.000,0.4790,-0.0034,2.65,-0.12956,0.227,0.820,0.000,-0.1417,-0.1490,TRACKING,CENTER_LOCKED
1787289504.482,11.6,0.000,0.642,0.000,0.4790,-0.0011,2.53,-0.19241,0.215,0.826,0.000,-0.1134,-0.1206,TRACKING,CENTER_LOCKED
1787289504.533,16.8,0.000,0.642,0.000,0.4790,0.0007,2.61,-0.22521,0.209,0.743,0.000,-0.1112,-0.1183,TRACKING,CENTER_LOCKED
1787289504.582,16.8,0.000,0.642,0.000,0.4790,0.0023,3.03,-0.23347,0.208,0.685,0.000,-0.1128,-0.1202,TRACKING,CENTER_LOCKED
1787289504.632,16.8,0.000,0.643,0.000,0.4790,0.0037,3.79,-0.21070,0.212,0.645,0.000,-0.1150,-0.1227,TRACKING,CENTER_LOCKED
1787289504.681,16.8,0.000,0.645,0.000,0.4790,0.0053,5.03,-0.15961,0.221,0.616,0.000,-0.1663,-0.1746,TRACKING,CENTER_LOCKED
1787289504.730,16.8,0.000,0.644,0.000,0.4790,-0.0079,1.45,-0.34307,0.200,0.596,0.000,-0.1895,-0.1997,TRACKING,CENTER_LOCKED
1787289504.781,16.8,0.000,0.643,0.000,0.4790,-0.0128,0.66,-0.40977,0.200,0.583,0.000,-0.2233,-0.2351,TRACKING,CENTER_LOCKED
1787289504.833,16.8,0.000,0.642,0.000,0.4790,-0.0156,0.54,-0.44177,0.200,0.573,0.000,-0.2525,-0.2656,TRACKING,CENTER_LOCKED
1787289504.886,16.8,0.000,0.642,0.000,0.4790,-0.0166,1.59,-0.41466,0.200,0.566,0.000,-0.2905,-0.3052,TRACKING,CENTER_LOCKED
1787289504.943,16.8,0.000,0.642,0.000,0.4790,-0.0166,2.96,-0.35849,0.200,0.561,0.000,-0.3245,-0.3406,TRACKING,CENTER_LOCKED
1787289504.997,16.8,0.000,0.640,0.000,0.4790,-0.0170,4.76,-0.27037,0.201,0.558,0.000,-0.3640,-0.3818,TRACKING,CENTER_LOCKED
1787289505.071,16.8,0.000,0.640,0.676,0.4790,-0.0189,6.17,-0.19520,0.215,0.555,0.000,-0.3643,-0.3840,TRACKING,R+C
1787289505.147,16.8,0.000,0.640,0.675,0.4790,-0.0227,6.38,-0.23846,0.207,0.554,0.000,-0.4353,-0.4575,TRACKING,R+C
1787289505.218,16.8,0.000,0.642,0.674,0.4790,-0.0269,6.77,-0.25452,0.204,0.553,0.000,-0.4951,-0.5196,TRACKING,R+C
1787289505.286,16.8,0.000,0.643,0.673,0.4790,-0.0310,7.53,-0.23587,0.208,0.552,0.000,-0.5304,-0.5575,TRACKING,R+C
1787289505.352,16.8,0.000,0.644,0.672,0.4790,-0.0350,8.76,-0.17649,0.218,0.551,0.000,-0.5352,-0.5649,TRACKING,R+C
1787289505.423,16.8,0.000,0.646,0.670,0.4790,-0.0388,10.26,-0.09097,0.234,0.551,0.000,-0.5781,-0.6104,TRACKING,R+C
1787289505.497,16.8,0.000,0.645,0.668,0.4790,-0.0513,8.23,-0.21142,0.212,0.551,0.000,-0.6684,-0.7038,TRACKING,R+C
1787289505.574,16.3,0.000,0.646,0.668,0.4790,-0.0577,8.60,-0.19724,0.214,0.550,0.000,-0.7020,-0.7402,TRACKING,R+C
1787289505.647,16.3,0.000,0.643,0.669,0.4790,-0.0629,9.13,-0.18301,0.217,0.550,0.000,-0.7299,-0.7708,TRACKING,R+C
1787289505.719,16.3,0.000,0.642,0.667,0.4790,-0.0680,9.26,-0.20487,0.213,0.550,0.000,-0.7859,-0.8292,TRACKING,R+C
1787289505.789,16.3,0.000,0.643,0.664,0.4790,-0.0728,9.11,-0.24926,0.205,0.550,0.000,-0.8616,-0.9071,TRACKING,R+C
1787289505.863,16.3,0.000,0.644,0.665,0.4790,-0.0769,9.17,-0.26408,0.202,0.550,0.000,-0.9031,-0.9504,TRACKING,R+C
1787289505.950,16.3,0.648,0.645,0.671,0.3824,-0.0807,9.47,-0.24920,0.205,0.550,0.000,-0.9116,-0.9607,TRACKING,L+C+R_fused
1787289506.015,16.3,0.000,0.646,0.652,0.3824,-0.0838,9.64,-0.24170,0.206,0.550,0.000,-0.9219,-0.9723,TRACKING,R+C
1787289506.080,16.3,0.000,0.647,0.667,0.3824,-0.0853,10.00,-0.22426,0.210,0.550,0.000,-0.9155,-0.9668,TRACKING,R+C
1787289506.150,16.3,0.000,0.646,0.670,0.3824,-0.1000,5.46,-0.46164,0.200,0.550,0.000,-0.9918,-1.0000,TRACKING,R+C
1787289506.222,16.3,0.000,0.645,0.668,0.3824,-0.1031,4.54,-0.51837,0.200,0.550,0.000,-0.9964,-1.0000,TRACKING,R+C
1787289506.302,16.3,0.000,0.645,0.670,0.3824,-0.1019,4.93,-0.50394,0.200,0.550,0.000,-0.9960,-1.0000,TRACKING,R+C
1787289506.375,16.3,0.000,0.642,0.669,0.3824,-0.0997,5.05,-0.54302,0.200,0.550,0.000,-0.9906,-1.0000,TRACKING,R+C
1787289506.444,16.3,0.000,0.642,0.669,0.3824,-0.0979,5.00,-0.59349,0.200,0.550,0.000,-0.9858,-1.0000,TRACKING,R+C
1787289506.520,16.3,0.000,0.643,0.669,0.3824,-0.0959,5.52,-0.56795,0.200,0.550,0.000,-0.9820,-1.0000,TRACKING,R+C
1787289506.599,13.7,0.000,0.643,0.670,0.3824,-0.0940,5.96,-0.52765,0.200,0.550,0.000,-0.9763,-1.0000,TRACKING,R+C
1787289506.671,13.7,0.000,0.644,0.669,0.3824,-0.0918,5.57,-0.54618,0.200,0.550,0.000,-0.9604,-1.0000,TRACKING,R+C
1787289506.739,13.7,0.000,0.645,0.670,0.3824,-0.0887,5.90,-0.51808,0.200,0.550,0.000,-0.9470,-0.9972,TRACKING,R+C
1787289506.812,13.7,0.000,0.645,0.669,0.3824,-0.1120,-2.42,-0.91132,0.200,0.465,0.000,-0.9602,-1.0000,TRACKING,R+C
1787289506.886,13.7,0.000,0.644,0.669,0.3824,-0.1108,-2.99,-0.93664,0.200,0.423,0.000,-0.9463,-0.9968,TRACKING,R+C
1787289506.963,13.7,0.000,0.644,0.669,0.3824,-0.1026,-1.03,-0.83293,0.200,0.401,0.000,-0.9270,-0.9758,TRACKING,R+C
1787289507.040,13.7,0.000,0.642,0.669,0.3824,-0.0946,0.04,-0.81450,0.200,0.391,0.000,-0.9008,-0.9482,TRACKING,R+C
1787289507.111,13.7,0.000,0.641,0.671,0.3824,-0.0882,0.27,-0.87163,0.200,0.385,0.000,-0.8742,-0.9203,TRACKING,R+C
1787289507.181,13.7,0.000,0.640,0.671,0.3824,-0.0819,1.04,-0.87454,0.200,0.383,0.000,-0.8524,-0.8974,TRACKING,R+C
1787289507.249,13.7,0.000,0.640,0.671,0.3824,-0.0757,2.17,-0.80796,0.200,0.381,0.000,-0.8307,-0.8742,TRACKING,R+C
1787289507.322,13.7,0.000,0.644,0.672,0.3824,-0.0709,2.59,-0.76708,0.200,0.381,0.000,-0.8043,-0.8461,TRACKING,R+C
1787289507.390,13.7,0.000,0.644,0.671,0.3824,-0.0669,1.98,-0.80016,0.200,0.380,0.000,-0.7689,-0.8086,TRACKING,R+C
1787289507.475,13.7,0.692,0.644,0.671,0.1610,-0.0618,3.08,-0.71223,0.200,0.380,0.000,-0.7490,-0.7873,TRACKING,L+C+R_fused
1787289507.541,13.7,0.000,0.645,0.671,0.1610,-0.0738,-0.61,-0.83502,0.200,0.380,0.000,-0.7614,-0.8002,TRACKING,R+C
1787289507.609,13.9,0.000,0.645,0.671,0.1610,-0.0734,-0.46,-0.79647,0.200,0.380,0.000,-0.7567,-0.7950,TRACKING,R+C
1787289507.682,13.9,0.000,0.644,0.672,0.1610,-0.0677,1.72,-0.65149,0.200,0.380,0.000,-0.7500,-0.7875,TRACKING,R+C
1787289507.762,13.9,0.000,0.643,0.671,0.1610,-0.0619,3.98,-0.50319,0.200,0.380,0.000,-0.7433,-0.7801,TRACKING,R+C
1787289507.838,13.9,0.000,0.642,0.663,0.1610,-0.0579,4.95,-0.45783,0.200,0.380,0.000,-0.7329,-0.7691,TRACKING,R+C
1787289507.917,13.9,0.000,0.642,0.671,0.1610,-0.0553,5.41,-0.45334,0.200,0.380,0.000,-0.7251,-0.7610,TRACKING,R+C
1787289507.995,13.9,0.000,0.643,0.668,0.1610,-0.0529,6.13,-0.39734,0.200,0.380,0.000,-0.7185,-0.7539,TRACKING,R+C
1787289508.090,13.9,0.645,0.644,0.673,0.4064,-0.0511,6.51,-0.35322,0.200,0.380,0.000,-0.7088,-0.7435,TRACKING,L+C+R_fused
1787289508.159,13.9,0.000,0.646,0.673,0.4064,-0.0497,6.89,-0.31003,0.200,0.380,0.000,-0.7029,-0.7371,TRACKING,R+C
1787289508.235,13.9,0.000,0.646,0.673,0.4064,-0.0620,2.99,-0.48091,0.200,0.380,0.000,-0.7180,-0.7529,TRACKING,R+C
1787289508.307,13.9,0.000,0.645,0.673,0.4064,-0.0622,2.75,-0.48138,0.200,0.380,0.000,-0.7142,-0.7488,TRACKING,R+C
1787289508.378,13.9,0.000,0.644,0.673,0.4064,-0.0587,3.63,-0.43057,0.200,0.417,0.000,-0.7040,-0.7380,TRACKING,R+C
1787289508.453,13.9,0.000,0.643,0.674,0.4064,-0.0548,4.76,-0.37015,0.200,0.447,0.000,-0.6947,-0.7282,TRACKING,R+C
1787289508.562,13.9,0.642,0.642,0.674,0.4006,-0.0510,5.92,-0.29973,0.200,0.469,0.000,-0.6869,-0.7198,TRACKING,L+C+R_fused
1787289508.636,12.7,0.000,0.642,0.674,0.4006,-0.0488,6.02,-0.33592,0.200,0.487,0.000,-0.6781,-0.7109,TRACKING,R+C
1787289508.707,12.7,0.000,0.643,0.675,0.4006,-0.0468,6.66,-0.29735,0.200,0.501,0.000,-0.6745,-0.7069,TRACKING,R+C
1787289508.774,12.7,0.000,0.644,0.677,0.4006,-0.0458,7.43,-0.24436,0.206,0.512,0.000,-0.6465,-0.6791,TRACKING,R+C
1787289508.840,12.7,0.000,0.646,0.675,0.4006,-0.0450,8.04,-0.20259,0.214,0.520,0.000,-0.6118,-0.6444,TRACKING,R+C
1787289508.905,12.7,0.000,0.646,0.675,0.4006,-0.0431,8.79,-0.15677,0.222,0.527,0.000,-0.6307,-0.6631,TRACKING,R+C
1787289508.973,12.7,0.000,0.644,0.676,0.4006,-0.0521,5.64,-0.31900,0.200,0.532,0.000,-0.6905,-0.7236,TRACKING,R+C
1787289509.043,12.7,0.000,0.643,0.671,0.4006,-0.0535,5.11,-0.35383,0.200,0.536,0.000,-0.6917,-0.7250,TRACKING,R+C
1787289509.116,12.7,0.000,0.643,0.675,0.4006,-0.0515,5.97,-0.30022,0.200,0.539,0.000,-0.6913,-0.7245,TRACKING,R+C
1787289509.188,12.7,0.000,0.641,0.672,0.4006,-0.0495,7.12,-0.22148,0.210,0.541,0.000,-0.6410,-0.6741,TRACKING,R+C
1787289509.262,12.7,0.000,0.640,0.682,0.4006,-0.0486,7.97,-0.15833,0.222,0.543,0.000,-0.6448,-0.6780,TRACKING,R+C
1787289509.342,12.7,0.000,0.642,0.669,0.4006,-0.0493,7.93,-0.19811,0.214,0.545,0.000,-0.6339,-0.6679,TRACKING,R+C
1787289509.409,12.7,0.000,0.643,0.666,0.4006,-0.0499,8.06,-0.20129,0.214,0.546,0.000,-0.6444,-0.6789,TRACKING,R+C
1787289509.474,12.7,0.000,0.644,0.674,0.4006,-0.0504,8.30,-0.18854,0.216,0.547,0.000,-0.6403,-0.6752,TRACKING,R+C
1787289509.539,12.7,0.000,0.647,0.683,0.4006,-0.0503,9.05,-0.13156,0.226,0.548,0.000,-0.6547,-0.6899,TRACKING,R+C
1787289509.608,12.7,0.000,0.646,0.663,0.4006,-0.0637,5.25,-0.30017,0.200,0.548,0.000,-0.7598,-0.7964,TRACKING,R+C
1787289509.675,14.4,0.000,0.645,0.667,0.4006,-0.0681,3.79,-0.37789,0.200,0.548,0.000,-0.7656,-0.8026,TRACKING,R+C
1787289509.752,14.4,0.000,0.645,0.671,0.4006,-0.0666,4.47,-0.33948,0.200,0.549,0.000,-0.7664,-0.8034,TRACKING,R+C
1787289509.832,14.4,0.000,0.644,0.672,0.4006,-0.0641,5.62,-0.26002,0.203,0.549,0.000,-0.7474,-0.7841,TRACKING,R+C
1787289509.905,14.4,0.000,0.642,0.683,0.4006,-0.0614,6.89,-0.15660,0.222,0.549,0.000,-0.6917,-0.7279,TRACKING,R+C
1787289509.974,14.4,0.000,0.642,0.675,0.4006,-0.0592,7.63,-0.07923,0.236,0.549,0.000,-0.6186,-0.6541,TRACKING,R+C
1787289510.040,14.4,0.000,0.643,0.663,0.4006,-0.0575,7.50,-0.09277,0.233,0.550,0.000,-0.6187,-0.6535,TRACKING,R+C
1787289510.107,14.4,0.000,0.644,0.675,0.4006,-0.0552,7.51,-0.07998,0.236,0.550,0.000,-0.5938,-0.6276,TRACKING,R+C
1787289510.173,14.4,0.000,0.646,0.675,0.4006,-0.0526,7.71,-0.04655,0.242,0.550,0.000,-0.5533,-0.5859,TRACKING,R+C
1787289510.238,14.4,0.000,0.649,0.683,0.4006,-0.0500,7.99,-0.00494,0.249,0.550,0.000,-0.5101,-0.5415,TRACKING,R+C
1787289510.304,14.4,0.000,0.647,0.676,0.4006,-0.0542,5.95,-0.08335,0.235,0.550,0.000,-0.5523,-0.5832,TRACKING,R+C
1787289510.400,14.4,0.646,0.646,0.670,0.4259,-0.0532,5.52,-0.08496,0.235,0.550,0.000,-0.5370,-0.5670,TRACKING,L+C+R_fused
1787289510.474,14.4,0.000,0.644,0.680,0.4259,-0.0502,5.77,-0.04177,0.242,0.550,0.000,-0.4881,-0.5166,TRACKING,R+C
1787289510.547,14.4,0.000,0.642,0.681,0.4259,-0.0471,6.03,0.00724,0.249,0.616,0.000,-0.4470,-0.4741,TRACKING,R+C
1787289510.618,14.4,0.000,0.641,0.681,0.4259,-0.0441,5.91,0.03620,0.243,0.667,0.000,-0.4391,-0.4645,TRACKING,R+C
1787289510.717,13.4,0.642,0.642,0.685,0.2981,-0.0412,5.05,-0.00743,0.249,0.708,0.000,-0.3917,-0.4153,TRACKING,L+C+R_fused
1787289510.789,13.4,0.000,0.642,0.688,0.2981,-0.0373,4.46,-0.01868,0.247,0.739,0.000,-0.3614,-0.3827,TRACKING,R+C
1787289510.842,13.4,0.000,0.644,0.000,0.2981,-0.0332,4.38,0.00296,0.249,0.763,0.000,-0.3233,-0.3426,TRACKING,CENTER_LOCKED
1787289510.890,13.4,0.000,0.648,0.000,0.2981,-0.0292,4.39,0.03302,0.244,0.782,0.000,-0.3071,-0.3245,TRACKING,CENTER_LOCKED
1787289510.939,13.4,0.000,0.649,0.000,0.2981,-0.0262,4.32,0.05592,0.240,0.797,0.000,-0.2916,-0.3074,TRACKING,CENTER_LOCKED
1787289511.001,13.4,0.000,0.647,0.000,0.2981,-0.0252,3.55,0.04704,0.242,0.809,0.000,-0.2615,-0.2758,TRACKING,CENTER_LOCKED
1787289511.058,13.4,0.000,0.645,0.000,0.2981,-0.0234,2.59,0.02230,0.246,0.818,0.000,-0.2202,-0.2327,TRACKING,CENTER_LOCKED
1787289511.115,13.4,0.000,0.644,0.000,0.2981,-0.0192,2.21,0.02542,0.245,0.825,0.000,-0.1826,-0.1929,TRACKING,CENTER_LOCKED
1787289511.189,13.4,0.000,0.644,0.670,0.2981,-0.0150,2.00,0.03265,0.244,0.830,0.000,-0.1498,-0.1581,TRACKING,R+C
1787289511.242,13.4,0.000,0.644,0.000,0.2981,-0.0104,1.64,0.03519,0.244,0.835,0.000,-0.1093,-0.1153,TRACKING,CENTER_LOCKED
1787289511.309,13.4,0.000,0.642,0.261,0.2981,-0.0055,1.23,0.02638,0.245,0.838,0.000,-0.0658,-0.0694,TRACKING,R+C
1787289511.363,13.4,0.000,0.642,0.000,0.2981,-0.0004,0.96,0.02984,0.245,0.841,0.000,-0.0239,-0.0252,TRACKING,CENTER_LOCKED
1787289511.413,13.4,0.000,0.643,0.000,0.2981,0.0041,0.83,0.06468,0.238,0.843,0.000,0.0174,0.0185,TRACKING,CENTER_LOCKED
1787289511.462,13.4,0.000,0.644,0.000,0.2981,0.0078,0.57,0.08019,0.236,0.844,0.000,0.0556,0.0588,TRACKING,CENTER_LOCKED
1787289511.513,13.4,0.000,0.646,0.000,0.2981,0.0117,-0.01,0.07107,0.237,0.846,0.000,0.0981,0.1035,TRACKING,CENTER_LOCKED
1787289511.563,13.4,0.000,0.646,0.000,0.2981,0.0151,-0.51,0.05976,0.239,0.847,0.000,0.1317,0.1390,TRACKING,CENTER_LOCKED
1787289511.612,13.4,0.000,0.648,0.000,0.2981,0.0196,-0.90,0.05857,0.239,0.847,0.000,0.1739,0.1835,TRACKING,CENTER_LOCKED
1787289511.659,13.4,0.000,0.648,0.000,0.2981,0.0337,2.08,0.21687,0.211,0.758,0.000,0.2715,0.2840,TRACKING,CENTER_LOCKED
1787289511.710,13.4,0.000,0.646,0.000,0.2981,0.0385,2.41,0.25977,0.203,0.696,0.000,0.3326,0.3470,TRACKING,CENTER_LOCKED
1787289511.760,18.2,0.000,0.646,0.000,0.2981,0.0415,2.42,0.28480,0.200,0.652,0.000,0.3750,0.3909,TRACKING,CENTER_LOCKED
1787289511.814,18.2,0.000,0.645,0.000,0.2981,0.0428,1.43,0.25953,0.203,0.621,0.000,0.4002,0.4178,TRACKING,CENTER_LOCKED
1787289511.872,18.2,0.000,0.645,0.000,0.2981,0.0436,0.38,0.22119,0.210,0.600,0.000,0.4054,0.4244,TRACKING,CENTER_LOCKED
1787289511.941,18.2,0.000,0.644,0.263,0.2981,0.0449,-0.76,0.16898,0.220,0.585,0.000,0.4223,0.4428,TRACKING,R+C
1787289512.007,18.2,0.000,0.643,0.273,0.2981,0.0463,-1.76,0.11405,0.229,0.574,0.000,0.4162,0.4380,TRACKING,R+C
1787289512.072,18.2,0.000,0.643,0.289,0.2981,0.0474,-2.65,0.04918,0.241,0.567,0.000,0.3981,0.4207,TRACKING,R+C
1787289512.128,18.2,0.000,0.644,0.000,0.2981,0.0494,-2.47,0.11584,0.229,0.562,0.000,0.4589,0.4830,TRACKING,CENTER_LOCKED
1787289512.185,18.2,0.000,0.645,0.000,0.2981,0.0509,-2.64,0.14150,0.225,0.558,0.000,0.4962,0.5215,TRACKING,CENTER_LOCKED
1787289512.257,18.2,0.000,0.646,0.300,0.2981,0.0521,-2.94,0.14744,0.223,0.556,0.000,0.5185,0.5448,TRACKING,R+C
1787289512.338,18.2,0.676,0.648,0.257,0.4497,0.0535,-3.65,0.11969,0.228,0.554,0.000,0.5214,0.5490,TRACKING,L+C+R_fused
1787289512.405,18.2,0.675,0.648,0.000,0.4497,0.0637,-1.70,0.23250,0.208,0.553,0.000,0.6229,0.6528,TRACKING,L+C
1787289512.481,18.2,0.674,0.646,0.000,0.4497,0.0672,-1.87,0.24408,0.206,0.552,0.000,0.6641,0.6958,TRACKING,L+C
1787289512.577,18.2,0.673,0.646,0.259,0.5173,0.0696,-2.20,0.25933,0.203,0.551,0.000,0.7051,0.7384,TRACKING,L+C+R_fused
1787289512.670,18.2,0.670,0.644,0.270,0.5361,0.0714,-3.15,0.23558,0.208,0.551,0.000,0.7122,0.7474,TRACKING,L+C+R_fused
1787289512.739,18.2,0.670,0.644,0.000,0.5361,0.0731,-4.09,0.21047,0.212,0.551,0.000,0.7166,0.7535,TRACKING,L+C
1787289512.807,14.3,0.669,0.645,0.000,0.5361,0.0751,-4.94,0.16711,0.220,0.550,0.000,0.7348,0.7732,TRACKING,L+C
1787289512.873,14.3,0.668,0.644,0.000,0.5361,0.0776,-5.35,0.13412,0.226,0.550,0.000,0.7227,0.7622,TRACKING,L+C
1787289512.940,14.3,0.668,0.646,0.000,0.5361,0.0806,-5.40,0.11774,0.229,0.550,0.000,0.7227,0.7632,TRACKING,L+C
1787289513.005,14.3,0.669,0.649,0.000,0.5361,0.0836,-5.12,0.12933,0.227,0.550,0.000,0.7446,0.7859,TRACKING,L+C
1787289513.071,14.3,0.668,0.652,0.000,0.5361,0.0971,-1.49,0.30169,0.200,0.550,0.000,0.8890,0.9321,TRACKING,L+C
1787289513.142,14.3,0.670,0.652,0.000,0.5361,0.0981,-1.59,0.30605,0.200,0.550,0.000,0.8967,0.9404,TRACKING,L+C
1787289513.230,14.3,0.668,0.648,0.256,0.5154,0.0982,-1.55,0.31585,0.200,0.550,0.000,0.8975,0.9413,TRACKING,L+C+R_fused
1787289513.322,14.3,0.677,0.646,0.315,0.3339,0.0952,-2.41,0.26663,0.202,0.550,0.000,0.8796,0.9230,TRACKING,L+C+R_fused
1787289513.398,14.3,0.681,0.646,0.000,0.3339,0.0931,-2.82,0.24376,0.206,0.550,0.000,0.8482,0.8910,TRACKING,L+C
1787289513.470,14.3,0.672,0.646,0.000,0.3339,0.0910,-2.95,0.22915,0.209,0.550,0.000,0.8221,0.8642,TRACKING,L+C
1787289513.544,14.3,0.678,0.646,0.000,0.3339,0.0881,-3.14,0.20850,0.212,0.550,0.000,0.7856,0.8266,TRACKING,L+C
1787289513.599,14.3,0.000,0.646,0.000,0.3339,0.0856,-3.27,0.18386,0.217,0.550,0.000,0.7729,0.8128,TRACKING,CENTER_LOCKED
1787289513.674,14.3,0.000,0.649,0.649,0.3339,0.0822,-3.25,0.16833,0.220,0.550,0.000,0.7361,0.7745,TRACKING,R+C
1787289513.735,14.3,0.000,0.651,0.000,0.3339,0.0786,-3.34,0.14980,0.223,0.550,0.000,0.6968,0.7337,TRACKING,CENTER_LOCKED
1787289513.799,14.3,0.000,0.650,0.269,0.3339,0.0815,-1.20,0.24725,0.205,0.550,0.000,0.7487,0.7847,TRACKING,R+C
1787289513.874,14.1,0.674,0.650,0.000,0.3339,0.0780,-1.08,0.25540,0.204,0.550,0.000,0.7321,0.7668,TRACKING,L+C
1787289513.947,14.1,0.674,0.649,0.000,0.3339,0.0731,-1.59,0.22662,0.209,0.550,0.000,0.6789,0.7121,TRACKING,L+C
1787289514.020,14.1,0.672,0.647,0.000,0.3339,0.0681,-2.05,0.19898,0.214,0.550,0.000,0.6274,0.6591,TRACKING,L+C
1787289514.093,14.1,0.673,0.646,0.000,0.3339,0.0634,-2.53,0.16660,0.220,0.550,0.000,0.6006,0.6308,TRACKING,L+C
1787289514.165,14.1,0.677,0.645,0.000,0.3339,0.0588,-2.62,0.17116,0.219,0.550,0.000,0.5771,0.6057,TRACKING,L+C
1787289514.233,14.1,0.680,0.646,0.000,0.3339,0.0549,-2.47,0.20436,0.213,0.550,0.000,0.5504,0.5778,TRACKING,L+C
1787289514.282,14.1,0.000,0.647,0.000,0.3339,0.0519,-2.51,0.21521,0.211,0.550,0.000,0.5398,0.5663,TRACKING,CENTER_LOCKED
1787289514.332,14.1,0.000,0.647,0.000,0.3339,0.0497,-2.74,0.21039,0.212,0.550,0.000,0.5249,0.5509,TRACKING,CENTER_LOCKED
1787289514.380,14.1,0.000,0.648,0.000,0.3339,0.0481,-3.29,0.18247,0.217,0.550,0.000,0.5348,0.5606,TRACKING,CENTER_LOCKED
1787289514.431,14.1,0.000,0.649,0.000,0.3339,0.0472,-3.85,0.15085,0.223,0.550,0.000,0.5141,0.5401,TRACKING,CENTER_LOCKED
1787289514.479,14.1,0.000,0.648,0.000,0.3339,0.0595,-0.22,0.32256,0.200,0.550,0.000,0.6089,0.6362,TRACKING,CENTER_LOCKED
1787289514.529,14.1,0.000,0.647,0.000,0.3339,0.0631,0.75,0.37358,0.200,0.550,0.000,0.6187,0.6466,TRACKING,CENTER_LOCKED
1787289514.580,14.1,0.000,0.645,0.000,0.3339,0.0621,0.05,0.34864,0.200,0.550,0.000,0.6251,0.6533,TRACKING,CENTER_LOCKED
1787289514.634,14.1,0.000,0.645,0.000,0.3339,0.0602,-0.97,0.30436,0.200,0.550,0.000,0.6308,0.6593,TRACKING,CENTER_LOCKED
1787289514.706,14.1,0.000,0.644,0.267,0.3339,0.0588,-2.05,0.25224,0.205,0.550,0.000,0.6166,0.6456,TRACKING,R+C
1787289514.761,14.1,0.000,0.643,0.000,0.3339,0.0572,-3.23,0.18544,0.217,0.550,0.000,0.5667,0.5959,TRACKING,CENTER_LOCKED
1787289514.816,14.1,0.000,0.642,0.000,0.3339,0.0557,-4.18,0.12734,0.227,0.550,0.000,0.5568,0.5861,TRACKING,CENTER_LOCKED
1787289514.868,14.1,0.000,0.642,0.000,0.3339,0.0549,-4.81,0.08458,0.235,0.550,0.000,0.5287,0.5581,TRACKING,CENTER_LOCKED
1787289514.923,17.2,0.000,0.643,0.000,0.3339,0.0553,-4.56,0.13929,0.225,0.550,0.000,0.5756,0.6056,TRACKING,CENTER_LOCKED
1787289514.981,17.2,0.000,0.644,0.000,0.3339,0.0557,-4.50,0.16709,0.220,0.550,0.000,0.6051,0.6356,TRACKING,CENTER_LOCKED
1787289515.034,17.2,0.000,0.645,0.000,0.3339,0.0567,-4.66,0.16739,0.220,0.550,0.000,0.6163,0.6473,TRACKING,CENTER_LOCKED
1787289515.085,17.2,0.000,0.647,0.000,0.3339,0.0581,-5.26,0.13309,0.226,0.550,0.000,0.6057,0.6378,TRACKING,CENTER_LOCKED
1787289515.135,17.2,0.000,0.649,0.000,0.3339,0.0592,-5.88,0.09438,0.233,0.550,0.000,0.5903,0.6232,TRACKING,CENTER_LOCKED
1787289515.203,17.2,0.673,0.648,0.000,0.3339,0.0707,-3.13,0.22314,0.210,0.550,0.000,0.6938,0.7285,TRACKING,L+C
1787289515.274,17.2,0.673,0.647,0.000,0.3339,0.0742,-2.78,0.24189,0.206,0.550,0.000,0.7300,0.7657,TRACKING,L+C
1787289515.347,17.2,0.675,0.646,0.000,0.3339,0.0751,-3.19,0.21996,0.210,0.550,0.000,0.7201,0.7565,TRACKING,L+C
1787289515.420,17.2,0.669,0.646,0.000,0.3339,0.0750,-3.99,0.16564,0.220,0.550,0.000,0.7091,0.7459,TRACKING,L+C
1787289515.475,17.2,0.000,0.645,0.000,0.3339,0.0743,-4.74,0.10737,0.231,0.550,0.000,0.6618,0.6987,TRACKING,CENTER_LOCKED
1787289515.542,17.2,0.680,0.644,0.000,0.3339,0.0740,-5.24,0.05572,0.240,0.550,0.000,0.6213,0.6581,TRACKING,L+C
1787289515.627,17.2,0.679,0.645,0.434,0.5679,0.0744,-4.94,0.07998,0.236,0.550,0.000,0.6400,0.6769,TRACKING,L+C+R_fused
1787289515.697,17.2,0.677,0.647,0.000,0.5679,0.0747,-4.76,0.08346,0.235,0.550,0.000,0.6406,0.6774,TRACKING,L+C
1787289515.764,17.2,0.673,0.648,0.000,0.5679,0.0749,-4.89,0.06014,0.239,0.550,0.000,0.6223,0.6590,TRACKING,L+C
1787289515.832,17.2,0.672,0.650,0.000,0.5679,0.0751,-5.27,0.01181,0.248,0.550,0.000,0.5878,0.6244,TRACKING,L+C
1787289515.899,17.2,0.674,0.650,0.000,0.5679,0.0836,-2.69,0.11056,0.230,0.550,0.000,0.6685,0.7057,TRACKING,L+C
1787289515.967,15.3,0.675,0.649,0.000,0.5679,0.0841,-2.28,0.11268,0.230,0.550,0.000,0.6642,0.7010,TRACKING,L+C
1787289516.038,15.3,0.675,0.647,0.000,0.5679,0.0822,-2.60,0.07830,0.236,0.616,0.000,0.6269,0.6629,TRACKING,L+C
1787289516.109,15.3,0.677,0.646,0.000,0.5679,0.0803,-2.87,0.04322,0.242,0.667,0.000,0.5899,0.6251,TRACKING,L+C
1787289516.180,15.3,0.677,0.644,0.000,0.5679,0.0782,-3.01,0.01137,0.248,0.708,0.000,0.5538,0.5881,TRACKING,L+C
1787289516.252,15.3,0.680,0.644,0.000,0.5679,0.0764,-2.85,-0.00182,0.250,0.739,0.000,0.5317,0.5648,TRACKING,L+C
1787289516.323,15.3,0.680,0.645,0.000,0.5679,0.0743,-2.64,-0.01094,0.248,0.763,0.000,0.5207,0.5525,TRACKING,L+C
1787289516.396,15.3,0.681,0.647,0.000,0.5679,0.0725,-2.34,-0.01713,0.247,0.782,0.000,0.5067,0.5373,TRACKING,L+C
1787289516.465,15.3,0.686,0.649,0.000,0.5679,0.0701,-1.71,-0.00747,0.249,0.797,0.000,0.4745,0.5034,TRACKING,L+C
1787289516.515,15.3,0.000,0.648,0.000,0.5679,0.0676,-1.35,-0.01608,0.247,0.809,0.000,0.4554,0.4826,TRACKING,CENTER_LOCKED
1787289516.564,15.3,0.000,0.648,0.000,0.5679,0.0656,-1.04,-0.02512,0.245,0.818,0.000,0.4403,0.4661,TRACKING,CENTER_LOCKED
1787289516.618,15.3,0.000,0.646,0.000,0.5679,0.0604,-1.66,-0.08354,0.235,0.825,0.000,0.4504,0.4745,TRACKING,CENTER_LOCKED
1787289516.676,15.3,0.000,0.646,0.000,0.5679,0.0568,-1.98,-0.12362,0.228,0.830,0.000,0.4533,0.4759,TRACKING,CENTER_LOCKED
1787289516.728,15.3,0.000,0.645,0.000,0.5679,0.0532,-2.05,-0.15570,0.222,0.835,0.000,0.4453,0.4662,TRACKING,CENTER_LOCKED
1787289516.783,15.3,0.000,0.644,0.000,0.5679,0.0500,-1.60,-0.16169,0.221,0.838,0.000,0.4111,0.4301,TRACKING,CENTER_LOCKED
1787289516.838,15.3,0.000,0.643,0.000,0.5679,0.0477,-0.92,-0.14752,0.223,0.841,0.000,0.3682,0.3854,TRACKING,CENTER_LOCKED
1787289516.893,15.3,0.000,0.642,0.000,0.5679,0.0449,-0.12,-0.12864,0.227,0.843,0.000,0.3172,0.3324,TRACKING,CENTER_LOCKED
1787289516.946,15.3,0.000,0.641,0.000,0.5679,0.0411,0.90,-0.08536,0.235,0.844,0.000,0.2501,0.2629,TRACKING,CENTER_LOCKED
1787289516.998,16.5,0.000,0.641,0.000,0.5679,0.0375,1.75,-0.04100,0.243,0.846,0.000,0.1952,0.2060,TRACKING,CENTER_LOCKED
1787289517.053,16.5,0.000,0.643,0.000,0.5679,0.0318,1.76,-0.08279,0.235,0.847,0.000,0.1587,0.1666,TRACKING,CENTER_LOCKED
1787289517.118,16.5,0.000,0.644,0.000,0.5679,0.0268,1.78,-0.11791,0.229,0.847,0.000,0.1215,0.1271,TRACKING,CENTER_LOCKED
1787289517.170,16.5,0.000,0.646,0.000,0.5679,0.0217,2.26,-0.11681,0.229,0.848,0.000,0.0675,0.0704,TRACKING,CENTER_LOCKED
1787289517.220,16.5,0.000,0.648,0.000,0.5679,0.0168,3.31,-0.06920,0.238,0.848,0.000,0.0067,0.0067,TRACKING,CENTER_LOCKED
1787289517.283,16.5,0.000,0.646,0.264,0.5679,0.0129,4.06,-0.04761,0.241,0.849,0.000,-0.0379,-0.0401,TRACKING,R+C
1787289517.335,16.5,0.000,0.644,0.000,0.5679,0.0017,2.26,-0.15826,0.222,0.849,0.000,-0.1003,-0.1055,TRACKING,CENTER_LOCKED
1787289517.387,16.5,0.000,0.643,0.000,0.5679,-0.0044,2.13,-0.19062,0.216,0.849,0.000,-0.1291,-0.1368,TRACKING,CENTER_LOCKED
1787289517.442,16.5,0.000,0.642,0.000,0.5679,-0.0088,2.18,-0.21806,0.211,0.759,0.000,-0.1796,-0.1895,TRACKING,CENTER_LOCKED
1787289517.497,16.5,0.000,0.641,0.000,0.5679,-0.0119,2.87,-0.20949,0.212,0.697,0.000,-0.2226,-0.2346,TRACKING,CENTER_LOCKED
1787289517.553,16.5,0.000,0.640,0.000,0.5679,-0.0148,3.90,-0.17042,0.219,0.653,0.000,-0.2945,-0.3086,TRACKING,CENTER_LOCKED
1787289517.629,16.5,0.000,0.640,0.694,0.5679,-0.0173,4.79,-0.13156,0.226,0.622,0.000,-0.3154,-0.3313,TRACKING,R+C
1787289517.699,16.5,0.000,0.640,0.679,0.5679,-0.0217,5.76,-0.06784,0.238,0.600,0.000,-0.3306,-0.3489,TRACKING,R+C
1787289517.773,16.5,0.000,0.642,0.692,0.5679,-0.0270,5.69,-0.12307,0.228,0.585,0.000,-0.4051,-0.4260,TRACKING,R+C
1787289517.845,16.5,0.000,0.644,0.690,0.5679,-0.0314,5.92,-0.14695,0.224,0.575,0.000,-0.4628,-0.4861,TRACKING,R+C
1787289517.912,16.5,0.000,0.645,0.678,0.5679,-0.0352,6.64,-0.13407,0.226,0.567,0.000,-0.4979,-0.5235,TRACKING,R+C
1787289517.974,16.5,0.000,0.647,0.674,0.5679,-0.0384,7.42,-0.11586,0.229,0.562,0.000,-0.5239,-0.5517,TRACKING,R+C
1787289518.044,16.2,0.000,0.645,0.680,0.5679,-0.0496,5.31,-0.24082,0.207,0.558,0.000,-0.6181,-0.6486,TRACKING,R+C
1787289518.115,16.2,0.000,0.644,0.674,0.5679,-0.0539,5.33,-0.25501,0.204,0.556,0.000,-0.6647,-0.6971,TRACKING,R+C
1787289518.190,16.2,0.000,0.643,0.673,0.5679,-0.0562,5.97,-0.22989,0.209,0.554,0.000,-0.6686,-0.7025,TRACKING,R+C
1787289518.268,16.2,0.000,0.642,0.674,0.5679,-0.0578,7.16,-0.16126,0.221,0.553,0.000,-0.6820,-0.7174,TRACKING,R+C
1787289518.338,16.2,0.000,0.641,0.675,0.5679,-0.0602,7.27,-0.18781,0.216,0.552,0.000,-0.6794,-0.7162,TRACKING,R+C
1787289518.407,16.2,0.000,0.642,0.680,0.5679,-0.0624,7.25,-0.22615,0.209,0.551,0.000,-0.7341,-0.7724,TRACKING,R+C
1787289518.474,16.2,0.000,0.643,0.682,0.5679,-0.0641,7.33,-0.23898,0.207,0.551,0.000,-0.7607,-0.7998,TRACKING,R+C
1787289518.540,16.2,0.000,0.644,0.677,0.5679,-0.0657,7.33,-0.24944,0.205,0.551,0.000,-0.7826,-0.8225,TRACKING,R+C
1787289518.605,16.2,0.000,0.646,0.675,0.5679,-0.0664,7.56,-0.23966,0.207,0.550,0.000,-0.7812,-0.8216,TRACKING,R+C
1787289518.671,16.2,0.000,0.646,0.675,0.5679,-0.0871,1.35,-0.53843,0.200,0.550,0.000,-0.8532,-0.8958,TRACKING,R+C
1787289518.739,16.2,0.000,0.646,0.674,0.5679,-0.0854,2.10,-0.48783,0.200,0.550,0.000,-0.8524,-0.8948,TRACKING,R+C
1787289518.809,16.2,0.000,0.645,0.672,0.5679,-0.0814,3.27,-0.42356,0.200,0.550,0.000,-0.8449,-0.8868,TRACKING,R+C
1787289518.883,16.2,0.000,0.644,0.671,0.5679,-0.0770,4.57,-0.34612,0.200,0.550,0.000,-0.8361,-0.8772,TRACKING,R+C
1787289518.965,16.2,0.000,0.642,0.673,0.5679,-0.0727,5.67,-0.27962,0.200,0.550,0.000,-0.8251,-0.8655,TRACKING,R+C
1787289519.041,16.2,0.000,0.642,0.673,0.5679,-0.0691,6.17,-0.24522,0.206,0.550,0.000,-0.7742,-0.8135,TRACKING,R+C
1787289519.143,13.7,0.314,0.642,0.673,0.5789,-0.0656,6.55,-0.21129,0.212,0.550,0.000,-0.7229,-0.7610,TRACKING,L+C+R_fused
1787289519.223,13.7,0.000,0.641,0.674,0.5789,-0.0614,6.64,-0.20298,0.213,0.550,0.000,-0.6892,-0.7257,TRACKING,R+C
1787289519.294,13.7,0.000,0.642,0.674,0.5789,-0.0563,6.76,-0.21752,0.211,0.550,0.000,-0.6744,-0.7094,TRACKING,R+C
1787289519.389,13.7,0.642,0.642,0.675,0.3909,-0.0518,7.15,-0.19774,0.214,0.550,0.000,-0.6325,-0.6662,TRACKING,L+C+R_fused
1787289519.461,13.7,0.000,0.644,0.675,0.3909,-0.0478,7.68,-0.16073,0.221,0.550,0.000,-0.6344,-0.6669,TRACKING,R+C
1787289519.530,13.7,0.000,0.645,0.674,0.3909,-0.0446,8.03,-0.13763,0.225,0.550,0.000,-0.6001,-0.6316,TRACKING,R+C
1787289519.602,13.7,0.000,0.644,0.673,0.3909,-0.0487,6.09,-0.23907,0.207,0.550,0.000,-0.6286,-0.6600,TRACKING,R+C
1787289519.673,13.7,0.000,0.643,0.673,0.3909,-0.0491,5.23,-0.30340,0.200,0.550,0.000,-0.6556,-0.6867,TRACKING,R+C
1787289519.750,13.7,0.000,0.642,0.673,0.3909,-0.0467,5.61,-0.30321,0.200,0.550,0.000,-0.6473,-0.6781,TRACKING,R+C
1787289519.828,13.7,0.000,0.640,0.673,0.3909,-0.0439,6.34,-0.27901,0.200,0.550,0.000,-0.6415,-0.6721,TRACKING,R+C
1787289519.904,13.7,0.000,0.640,0.673,0.3909,-0.0427,6.49,-0.32610,0.200,0.550,0.000,-0.6432,-0.6743,TRACKING,R+C
1787289519.972,13.7,0.000,0.642,0.672,0.3909,-0.0422,7.04,-0.32378,0.200,0.550,0.000,-0.6531,-0.6849,TRACKING,R+C
1787289520.039,13.7,0.000,0.642,0.673,0.3909,-0.0425,7.62,-0.29807,0.200,0.550,0.000,-0.6670,-0.6994,TRACKING,R+C
1787289520.106,13.7,0.000,0.642,0.672,0.3909,-0.0435,7.93,-0.28432,0.200,0.550,0.000,-0.6805,-0.7137,TRACKING,R+C
1787289520.171,13.6,0.000,0.644,0.672,0.3909,-0.0444,8.31,-0.26468,0.202,0.550,0.000,-0.6808,-0.7145,TRACKING,R+C
1787289520.238,13.6,0.000,0.644,0.671,0.3909,-0.0663,2.00,-0.57410,0.200,0.550,0.000,-0.7371,-0.7735,TRACKING,R+C
1787289520.310,13.6,0.000,0.643,0.672,0.3909,-0.0695,1.44,-0.61382,0.200,0.550,0.000,-0.7508,-0.7880,TRACKING,R+C
1787289520.383,13.6,0.000,0.642,0.673,0.3909,-0.0674,2.72,-0.55954,0.200,0.550,0.000,-0.7592,-0.7969,TRACKING,R+C
1787289520.465,13.6,0.000,0.642,0.672,0.3909,-0.0648,4.28,-0.48580,0.200,0.550,0.000,-0.7677,-0.8058,TRACKING,R+C
1787289520.551,13.6,0.000,0.640,0.669,0.3909,-0.0631,5.46,-0.43974,0.200,0.550,0.000,-0.7781,-0.8168,TRACKING,R+C
1787289520.630,13.6,0.000,0.641,0.667,0.3909,-0.0627,5.85,-0.46044,0.200,0.550,0.000,-0.7865,-0.8260,TRACKING,R+C
1787289520.701,13.6,0.000,0.643,0.666,0.3909,-0.0629,6.46,-0.43415,0.200,0.550,0.000,-0.7981,-0.8383,TRACKING,R+C
1787289520.772,13.6,0.000,0.643,0.665,0.3909,-0.0632,6.90,-0.41479,0.200,0.550,0.000,-0.8072,-0.8479,TRACKING,R+C
1787289520.844,13.6,0.000,0.644,0.665,0.3909,-0.0630,7.68,-0.36769,0.200,0.550,0.000,-0.8179,-0.8591,TRACKING,R+C
1787289520.936,13.6,0.644,0.644,0.666,0.4298,-0.0751,4.73,-0.50181,0.200,0.550,0.000,-0.8452,-0.8882,TRACKING,L+C+R_fused
1787289521.006,13.6,0.000,0.643,0.667,0.4298,-0.0797,3.74,-0.55728,0.200,0.550,0.000,-0.8588,-0.9027,TRACKING,R+C
1787289521.082,13.6,0.000,0.644,0.668,0.4298,-0.0789,4.64,-0.50823,0.200,0.550,0.000,-0.8670,-0.9113,TRACKING,R+C
1787289521.159,13.6,0.000,0.641,0.669,0.4298,-0.0772,5.56,-0.47286,0.200,0.550,0.000,-0.8715,-0.9161,TRACKING,R+C
1787289521.234,13.2,0.000,0.642,0.670,0.4298,-0.0765,5.67,-0.51292,0.200,0.550,0.000,-0.8745,-0.9197,TRACKING,R+C
1787289521.306,13.2,0.000,0.642,0.670,0.4298,-0.0757,6.07,-0.50708,0.200,0.550,0.000,-0.8772,-0.9227,TRACKING,R+C
1787289521.374,13.2,0.000,0.643,0.674,0.4298,-0.0750,6.50,-0.47498,0.200,0.550,0.000,-0.8782,-0.9236,TRACKING,R+C
1787289521.444,13.2,0.000,0.643,0.672,0.4298,-0.0746,6.52,-0.46762,0.200,0.550,0.000,-0.8755,-0.9207,TRACKING,R+C
1787289521.513,13.2,0.000,0.644,0.671,0.4298,-0.0739,6.70,-0.45144,0.200,0.550,0.000,-0.8730,-0.9180,TRACKING,R+C
1787289521.600,13.2,0.558,0.645,0.670,0.0386,-0.0722,7.40,-0.40173,0.200,0.550,0.000,-0.8718,-0.9166,TRACKING,L+C+R_fused
1787289521.670,13.2,0.000,0.644,0.669,0.0386,-0.0816,4.21,-0.56027,0.200,0.550,0.000,-0.8802,-0.9256,TRACKING,R+C
1787289521.741,13.2,0.000,0.644,0.671,0.0386,-0.0816,4.43,-0.53543,0.200,0.550,0.000,-0.8816,-0.9270,TRACKING,R+C
1787289521.814,13.2,0.000,0.642,0.671,0.0386,-0.0795,5.07,-0.50443,0.200,0.550,0.000,-0.8791,-0.9243,TRACKING,R+C
1787289521.887,13.2,0.000,0.641,0.671,0.0386,-0.0778,5.28,-0.52295,0.200,0.550,0.000,-0.8754,-0.9205,TRACKING,R+C
1787289521.969,13.2,0.000,0.641,0.670,0.0386,-0.0765,5.23,-0.57160,0.200,0.550,0.000,-0.8716,-0.9169,TRACKING,R+C
1787289522.041,13.2,0.000,0.643,0.670,0.0386,-0.0746,6.04,-0.51401,0.200,0.550,0.000,-0.8708,-0.9159,TRACKING,R+C
1787289522.132,13.2,0.302,0.643,0.644,0.1460,-0.0734,6.38,-0.48174,0.200,0.550,0.000,-0.8671,-0.9118,TRACKING,L+C+R_fused
1787289522.202,13.2,0.000,0.645,0.671,0.1460,-0.0720,6.94,-0.43938,0.200,0.550,0.000,-0.8653,-0.9098,TRACKING,R+C
1787289522.294,13.2,0.646,0.645,0.673,0.4319,-0.0712,7.63,-0.38166,0.200,0.550,0.000,-0.8681,-0.9126,TRACKING,L+C+R_fused
1787289522.370,13.2,0.000,0.644,0.670,0.4319,-0.0773,5.72,-0.46638,0.200,0.550,0.000,-0.8749,-0.9198,TRACKING,R+C
1787289522.444,13.2,0.000,0.644,0.665,0.4319,-0.0776,5.67,-0.45888,0.200,0.550,0.000,-0.8745,-0.9192,TRACKING,R+C
1787289522.523,13.2,0.000,0.641,0.670,0.4319,-0.0755,6.20,-0.43004,0.200,0.550,0.000,-0.8699,-0.9144,TRACKING,R+C
1787289522.597,13.2,0.000,0.641,0.671,0.4319,-0.0743,5.57,-0.52899,0.200,0.550,0.000,-0.8612,-0.9056,TRACKING,R+C
1787289522.693,13.2,0.643,0.640,0.671,0.4328,-0.0724,5.91,-0.51938,0.200,0.550,0.000,-0.8554,-0.8995,TRACKING,L+C+R_fused
1787289522.764,13.2,0.000,0.644,0.667,0.4328,-0.0704,6.64,-0.42436,0.200,0.550,0.000,-0.8477,-0.8909,TRACKING,R+C
1787289522.857,13.2,0.646,0.646,0.671,0.4232,-0.0685,7.46,-0.30505,0.200,0.550,0.000,-0.8398,-0.8819,TRACKING,L+C+R_fused
1787289522.925,13.2,0.000,0.649,0.669,0.4232,-0.0659,8.05,-0.20760,0.213,0.550,0.000,-0.7521,-0.7926,TRACKING,R+C
1787289522.993,13.2,0.000,0.648,0.669,0.4232,-0.0720,5.68,-0.25134,0.205,0.550,0.000,-0.7890,-0.8286,TRACKING,R+C
1787289523.066,13.2,0.000,0.646,0.673,0.4232,-0.0703,5.34,-0.21112,0.212,0.550,0.000,-0.7257,-0.7636,TRACKING,R+C
1787289523.139,13.2,0.000,0.645,0.677,0.4232,-0.0663,5.27,-0.16712,0.220,0.550,0.000,-0.6915,-0.7271,TRACKING,R+C
1787289523.210,13.2,0.000,0.643,0.678,0.4232,-0.0606,5.59,-0.10017,0.232,0.550,0.000,-0.5968,-0.6298,TRACKING,R+C
1787289523.280,13.2,0.000,0.641,0.680,0.4232,-0.0551,5.73,-0.04481,0.242,0.550,0.000,-0.5181,-0.5485,TRACKING,R+C
1787289523.358,13.2,0.000,0.640,0.681,0.4232,-0.0498,5.70,-0.00051,0.250,0.550,0.000,-0.4518,-0.4795,TRACKING,R+C
1787289523.427,13.2,0.000,0.643,0.686,0.4232,-0.0441,5.04,-0.01588,0.247,0.550,0.000,-0.4147,-0.4395,TRACKING,R+C
1787289523.477,13.2,0.000,0.646,0.000,0.4232,-0.0387,4.04,-0.05829,0.240,0.550,0.000,-0.3867,-0.4084,TRACKING,CENTER_LOCKED
1787289523.538,13.2,0.000,0.646,0.000,0.4232,-0.0340,3.39,-0.07701,0.236,0.550,0.000,-0.3523,-0.3715,TRACKING,CENTER_LOCKED
1787289523.604,13.2,0.000,0.647,0.355,0.4232,-0.0284,3.39,-0.05592,0.240,0.550,0.000,-0.3016,-0.3184,TRACKING,R+C
1787289523.669,13.2,0.000,0.646,0.000,0.4232,-0.0258,2.32,-0.09479,0.233,0.550,0.000,-0.2776,-0.2923,TRACKING,CENTER_LOCKED
1787289523.722,13.2,0.000,0.645,0.000,0.4232,-0.0205,2.00,-0.10854,0.230,0.616,0.000,-0.2381,-0.2505,TRACKING,CENTER_LOCKED
1787289523.793,13.2,0.000,0.644,0.278,0.4232,-0.0145,1.97,-0.11567,0.229,0.667,0.000,-0.1971,-0.2073,TRACKING,R+C
1787289523.868,13.2,0.000,0.643,0.284,0.4232,-0.0095,1.91,-0.13016,0.227,0.708,0.000,-0.1649,-0.1734,TRACKING,R+C
1787289523.938,13.2,0.000,0.643,0.291,0.4232,-0.0051,1.92,-0.14694,0.224,0.739,0.000,-0.1383,-0.1453,TRACKING,R+C
1787289523.991,13.2,0.000,0.642,0.000,0.4232,-0.0010,2.32,-0.13810,0.225,0.763,0.000,-0.1153,-0.1214,TRACKING,CENTER_LOCKED
1787289524.041,13.2,0.000,0.642,0.000,0.4232,0.0026,2.86,-0.11058,0.230,0.782,0.000,-0.0947,-0.0998,TRACKING,CENTER_LOCKED
1787289524.091,13.2,0.000,0.643,0.000,0.4232,0.0046,2.56,-0.18562,0.217,0.797,0.000,-0.0976,-0.1026,TRACKING,CENTER_LOCKED
1787289524.158,13.2,0.000,0.644,0.316,0.4232,0.0061,2.45,-0.23962,0.207,0.723,0.000,-0.0615,-0.0666,TRACKING,R+C
1787289524.224,13.2,0.000,0.646,0.321,0.4232,0.0077,3.03,-0.24938,0.205,0.671,0.000,-0.0677,-0.0732,TRACKING,R+C
1787289524.275,13.2,0.000,0.646,0.000,0.4232,0.0089,4.66,-0.18071,0.217,0.635,0.000,-0.1341,-0.1407,TRACKING,CENTER_LOCKED
1787289524.336,13.2,0.342,0.644,0.000,0.4232,0.0088,5.73,-0.13831,0.225,0.609,0.000,-0.1519,-0.1597,TRACKING,L+C
1787289524.402,16.3,0.000,0.643,0.330,0.4232,-0.0016,3.51,-0.26990,0.201,0.592,0.000,-0.1803,-0.1904,TRACKING,R+C
1787289524.471,16.3,0.000,0.642,0.274,0.4232,-0.0073,3.14,-0.31736,0.200,0.579,0.000,-0.2345,-0.2468,TRACKING,R+C
1787289524.525,16.3,0.000,0.642,0.000,0.4232,-0.0111,3.91,-0.29756,0.200,0.570,0.000,-0.2921,-0.3067,TRACKING,CENTER_LOCKED
1787289524.634,16.3,0.641,0.642,0.677,0.3304,-0.0142,5.40,-0.22315,0.210,0.564,0.000,-0.3241,-0.3412,TRACKING,L+C+R_fused
1787289524.708,16.3,0.000,0.643,0.676,0.3304,-0.0198,6.13,-0.19486,0.215,0.560,0.000,-0.3706,-0.3906,TRACKING,R+C
1787289524.806,16.3,0.641,0.644,0.675,0.3680,-0.0262,6.21,-0.23881,0.207,0.557,0.000,-0.4596,-0.4827,TRACKING,L+C+R_fused
1787289524.897,16.3,0.644,0.653,0.668,0.4009,-0.0329,6.97,-0.22382,0.210,0.555,0.000,-0.5188,-0.5455,TRACKING,L+C+R_fused
1787289524.979,16.3,0.635,0.671,0.668,0.3035,-0.0405,8.02,-0.18016,0.218,0.553,0.000,-0.5593,-0.5899,TRACKING,L+C+R_fused
1787289525.050,16.3,0.000,0.671,0.664,0.3035,-0.0610,4.46,-0.37420,0.200,0.552,0.000,-0.7323,-0.7676,TRACKING,R+C
1787289525.120,16.3,0.000,0.660,0.669,0.3035,-0.0729,3.28,-0.45902,0.200,0.552,0.000,-0.7958,-0.8349,TRACKING,R+C
1787289525.219,16.3,0.645,0.653,0.677,0.4922,-0.0788,4.01,-0.44445,0.200,0.551,0.000,-0.8464,-0.8887,TRACKING,L+C+R_fused
1787289525.295,16.3,0.000,0.646,0.672,0.4922,-0.0817,6.13,-0.33153,0.200,0.551,0.000,-0.8939,-0.9391,TRACKING,R+C
1787289525.391,16.3,0.644,0.644,0.673,0.4562,-0.0857,7.12,-0.31716,0.200,0.551,0.000,-0.9333,-0.9814,TRACKING,L+C+R_fused
1787289525.464,12.2,0.000,0.646,0.678,0.4562,-0.0892,7.97,-0.29834,0.200,0.550,0.000,-0.9650,-1.0000,TRACKING,R+C
1787289525.556,12.2,0.650,0.647,0.675,0.4510,-0.0915,8.77,-0.26477,0.202,0.550,0.000,-0.9733,-1.0000,TRACKING,L+C+R_fused
1787289525.640,12.2,0.667,0.649,0.676,0.4332,-0.0930,9.60,-0.21474,0.211,0.550,0.000,-0.9353,-0.9886,TRACKING,L+C+R_fused
1787289525.730,12.2,0.649,0.649,0.677,0.4362,-0.0971,8.91,-0.24380,0.206,0.550,0.000,-0.9776,-1.0000,TRACKING,L+C+R_fused
1787289525.802,12.2,0.000,0.648,0.674,0.4362,-0.0994,8.03,-0.28423,0.200,0.550,0.000,-1.0000,-1.0000,TRACKING,R+C
1787289525.873,12.2,0.000,0.647,0.673,0.4362,-0.0986,8.17,-0.26380,0.203,0.550,0.000,-0.9963,-1.0000,TRACKING,R+C
1787289525.944,12.2,0.000,0.645,0.668,0.4362,-0.0963,8.79,-0.21037,0.212,0.550,0.000,-0.9328,-0.9860,TRACKING,R+C
1787289526.016,12.2,0.000,0.644,0.664,0.4362,-0.0940,9.40,-0.14879,0.223,0.550,0.000,-0.9075,-0.9599,TRACKING,R+C
1787289526.088,12.2,0.000,0.644,0.664,0.4362,-0.0930,8.83,-0.20720,0.213,0.550,0.000,-0.9137,-0.9657,TRACKING,R+C
1787289526.170,12.2,0.000,0.645,0.670,0.4362,-0.0913,8.62,-0.23113,0.208,0.550,0.000,-0.9297,-0.9810,TRACKING,R+C
1787289526.263,12.2,0.648,0.646,0.673,0.4245,-0.0893,8.39,-0.25587,0.204,0.550,0.000,-0.9445,-0.9951,TRACKING,L+C+R_fused
1787289526.334,12.2,0.000,0.646,0.669,0.4245,-0.0861,8.07,-0.28922,0.200,0.550,0.000,-0.9501,-0.9995,TRACKING,R+C
1787289526.401,12.2,0.000,0.645,0.666,0.4245,-0.1083,-0.53,-0.72149,0.200,0.465,0.000,-0.9553,-1.0000,TRACKING,R+C
1787289526.480,12.8,0.000,0.645,0.669,0.4245,-0.1075,-2.01,-0.81065,0.200,0.423,0.000,-0.9335,-0.9824,TRACKING,R+C
1787289526.562,12.8,0.000,0.644,0.668,0.4245,-0.0987,-0.79,-0.76192,0.200,0.401,0.000,-0.9024,-0.9492,TRACKING,R+C
1787289526.637,12.8,0.000,0.642,0.675,0.4245,-0.0902,0.02,-0.75664,0.200,0.391,0.000,-0.8684,-0.9132,TRACKING,R+C
1787289526.706,12.8,0.000,0.640,0.689,0.4245,-0.0832,0.11,-0.81824,0.200,0.385,0.000,-0.8350,-0.8782,TRACKING,R+C
1787289526.778,12.8,0.000,0.640,0.691,0.4245,-0.0771,0.02,-0.91803,0.200,0.383,0.000,-0.8063,-0.8485,TRACKING,R+C
1787289526.832,12.8,0.000,0.638,0.000,0.4245,-0.0704,1.40,-0.84809,0.200,0.381,0.000,-0.7850,-0.8258,TRACKING,CENTER_LOCKED
1787289526.903,12.8,0.000,0.643,0.656,0.4245,-0.0651,2.41,-0.76714,0.200,0.381,0.000,-0.7624,-0.8017,TRACKING,R+C
1787289526.970,12.8,0.000,0.643,0.667,0.4245,-0.0612,2.53,-0.74323,0.200,0.380,0.000,-0.7355,-0.7732,TRACKING,R+C
1787289527.036,12.8,0.000,0.644,0.675,0.4245,-0.0566,3.53,-0.66409,0.200,0.380,0.000,-0.7171,-0.7535,TRACKING,R+C
1787289527.102,12.8,0.000,0.646,0.678,0.4245,-0.0813,-4.04,-0.96292,0.200,0.380,0.000,-0.7509,-0.7890,TRACKING,R+C
1787289527.172,12.8,0.000,0.645,0.676,0.4245,-0.0809,-3.91,-0.92920,0.200,0.380,0.000,-0.7467,-0.7844,TRACKING,R+C
1787289527.240,12.8,0.000,0.645,0.673,0.4245,-0.0728,-0.96,-0.76325,0.200,0.380,0.000,-0.7376,-0.7744,TRACKING,R+C
1787289527.312,12.8,0.000,0.644,0.673,0.4245,-0.0650,2.22,-0.56938,0.200,0.380,0.000,-0.7321,-0.7682,TRACKING,R+C
1787289527.395,12.8,0.000,0.642,0.674,0.4245,-0.0589,4.70,-0.41735,0.200,0.380,0.000,-0.7287,-0.7643,TRACKING,R+C
1787289527.466,12.8,0.000,0.642,0.672,0.4245,-0.0556,5.71,-0.37344,0.200,0.380,0.000,-0.7245,-0.7598,TRACKING,R+C
1787289527.542,14.1,0.000,0.643,0.668,0.4245,-0.0534,6.96,-0.25459,0.204,0.380,0.000,-0.6995,-0.7343,TRACKING,R+C
1787289527.615,14.1,0.000,0.644,0.675,0.4245,-0.0520,7.67,-0.16422,0.220,0.380,0.000,-0.6638,-0.6979,TRACKING,R+C
1787289527.683,14.1,0.000,0.645,0.672,0.4245,-0.0511,7.97,-0.09952,0.232,0.380,0.000,-0.6000,-0.6332,TRACKING,R+C
1787289527.749,14.1,0.000,0.647,0.669,0.4245,-0.0499,8.19,-0.04263,0.242,0.380,0.000,-0.5465,-0.5788,TRACKING,R+C
1787289527.819,14.1,0.000,0.649,0.678,0.4245,-0.0480,8.41,0.00966,0.248,0.380,0.000,-0.5095,-0.5407,TRACKING,R+C
1787289527.891,14.1,0.000,0.646,0.684,0.4245,-0.0496,7.23,-0.01058,0.248,0.380,0.000,-0.4945,-0.5247,TRACKING,R+C
1787289527.966,14.1,0.000,0.645,0.667,0.4245,-0.0477,6.73,0.00214,0.250,0.417,0.000,-0.4647,-0.4932,TRACKING,R+C
1787289528.042,14.1,0.000,0.643,0.676,0.4245,-0.0453,6.29,0.01472,0.247,0.447,0.000,-0.4461,-0.4728,TRACKING,R+C
1787289528.119,14.1,0.000,0.642,0.680,0.4245,-0.0427,5.87,0.02629,0.245,0.469,0.000,-0.4259,-0.4508,TRACKING,R+C
1787289528.193,14.1,0.000,0.642,0.681,0.4245,-0.0405,5.33,0.02447,0.246,0.487,0.000,-0.3981,-0.4213,TRACKING,R+C
1787289528.263,14.1,0.000,0.643,0.682,0.4245,-0.0376,4.66,0.00260,0.250,0.567,0.000,-0.3569,-0.3783,TRACKING,R+C
1787289528.331,14.1,0.000,0.644,0.680,0.4245,-0.0344,4.34,0.00540,0.249,0.629,0.000,-0.3303,-0.3499,TRACKING,R+C
1787289528.401,14.1,0.000,0.645,0.685,0.4245,-0.0312,3.99,0.00674,0.249,0.678,0.000,-0.3025,-0.3204,TRACKING,R+C
1787289528.449,14.1,0.000,0.646,0.000,0.4245,-0.0275,3.67,0.00896,0.248,0.716,0.000,-0.2718,-0.2878,TRACKING,CENTER_LOCKED
1787289528.499,14.1,0.000,0.648,0.000,0.4245,-0.0242,3.48,0.01382,0.248,0.745,0.000,-0.2473,-0.2616,TRACKING,CENTER_LOCKED
1787289528.567,14.6,0.000,0.645,0.678,0.4245,-0.0198,3.40,0.02315,0.246,0.768,0.000,-0.2185,-0.2309,TRACKING,R+C
1787289528.619,14.6,0.000,0.644,0.000,0.4245,-0.0163,2.87,0.01139,0.248,0.786,0.000,-0.1812,-0.1916,TRACKING,CENTER_LOCKED
1787289528.672,14.6,0.000,0.644,0.000,0.4245,-0.0130,2.56,0.00686,0.249,0.800,0.000,-0.1515,-0.1603,TRACKING,CENTER_LOCKED
1787289528.746,14.6,0.000,0.642,0.665,0.4245,-0.0091,2.31,0.00486,0.249,0.811,0.000,-0.1199,-0.1269,TRACKING,R+C
1787289528.819,14.6,0.000,0.642,0.663,0.4245,-0.0052,2.23,0.01492,0.247,0.820,0.000,-0.0921,-0.0974,TRACKING,R+C
1787289528.892,14.6,0.000,0.642,0.657,0.4245,-0.0015,2.14,0.02559,0.245,0.826,0.000,-0.0645,-0.0681,TRACKING,R+C
1787289528.950,14.6,0.000,0.642,0.000,0.4245,0.0018,2.09,0.04085,0.243,0.832,0.000,-0.0394,-0.0415,TRACKING,CENTER_LOCKED
1787289529.023,14.6,0.000,0.642,0.664,0.4245,0.0045,1.82,0.02623,0.245,0.836,0.000,-0.0156,-0.0163,TRACKING,R+C
1787289529.089,14.6,0.000,0.645,0.655,0.4245,0.0079,1.25,-0.01246,0.248,0.839,0.000,0.0151,0.0159,TRACKING,R+C
1787289529.155,14.6,0.000,0.648,0.647,0.4245,0.0117,1.06,-0.02743,0.245,0.841,0.000,0.0433,0.0457,TRACKING,R+C
1787289529.207,14.6,0.000,0.648,0.000,0.4245,0.0192,2.33,0.03570,0.244,0.843,0.000,0.0708,0.0749,TRACKING,CENTER_LOCKED
1787289529.297,14.6,0.647,0.647,0.566,0.1186,0.0245,3.19,0.08295,0.235,0.845,0.000,0.0975,0.1028,TRACKING,L+C+R_fused
1787289529.367,14.6,0.000,0.645,0.517,0.1186,0.0252,2.55,0.05904,0.239,0.846,0.000,0.1128,0.1191,TRACKING,R+C
1787289529.441,14.6,0.000,0.643,0.659,0.1186,0.0254,2.02,0.03560,0.244,0.847,0.000,0.1204,0.1272,TRACKING,R+C
1787289529.513,14.6,0.000,0.642,0.642,0.1186,0.0254,1.65,0.01246,0.248,0.847,0.000,0.1226,0.1297,TRACKING,R+C
1787289529.570,15.0,0.000,0.642,0.000,0.1186,0.0254,1.38,-0.00965,0.248,0.848,0.000,0.1247,0.1319,TRACKING,CENTER_LOCKED
1787289529.637,15.0,0.000,0.642,0.656,0.1186,0.0254,1.24,-0.03066,0.244,0.848,0.000,0.1286,0.1357,TRACKING,R+C
1787289529.702,15.0,0.000,0.642,0.656,0.1186,0.0253,1.17,-0.05493,0.240,0.849,0.000,0.1302,0.1371,TRACKING,R+C
1787289529.766,15.0,0.000,0.645,0.647,0.1186,0.0255,1.37,-0.03682,0.243,0.849,0.000,0.1259,0.1328,TRACKING,R+C
1787289529.829,15.0,0.000,0.646,0.294,0.1186,0.0258,1.84,0.00601,0.249,0.849,0.000,0.1178,0.1247,TRACKING,R+C
1787289529.892,15.0,0.000,0.647,0.652,0.1186,0.0261,1.77,-0.00067,0.250,0.849,0.000,0.1192,0.1262,TRACKING,R+C
1787289529.941,15.0,0.000,0.646,0.000,0.1186,0.0175,-1.18,-0.14841,0.223,0.850,0.000,0.1453,0.1516,TRACKING,CENTER_LOCKED
1787289530.006,15.0,0.000,0.645,0.661,0.1186,0.0123,-3.15,-0.26138,0.203,0.760,0.000,0.1745,0.1803,TRACKING,R+C
1787289530.075,15.0,0.000,0.645,0.668,0.1186,0.0144,-2.13,-0.21594,0.211,0.697,0.000,0.1570,0.1626,TRACKING,R+C
1787289530.148,15.0,0.000,0.644,0.661,0.1186,0.0155,-1.41,-0.19255,0.215,0.653,0.000,0.1429,0.1481,TRACKING,R+C
1787289530.224,15.0,0.000,0.642,0.659,0.1186,0.0170,-0.15,-0.12534,0.227,0.622,0.000,0.1076,0.1124,TRACKING,R+C
1787289530.275,15.0,0.000,0.642,0.000,0.1186,0.0182,2.18,0.08170,0.235,0.600,0.000,0.0823,0.0869,TRACKING,CENTER_LOCKED
1787289530.348,15.0,0.000,0.643,0.267,0.1186,0.0174,2.58,0.10020,0.232,0.585,0.000,0.0703,0.0742,TRACKING,R+C
1787289530.415,15.0,0.000,0.645,0.669,0.1186,0.0159,2.42,0.06644,0.238,0.575,0.000,0.0539,0.0571,TRACKING,R+C
1787289530.468,15.0,0.000,0.647,0.000,0.1186,0.0144,2.22,0.03627,0.243,0.567,0.000,0.0414,0.0438,TRACKING,CENTER_LOCKED
1787289530.518,15.0,0.000,0.648,0.000,0.1186,0.0129,2.13,0.01938,0.247,0.562,0.000,0.0297,0.0315,TRACKING,CENTER_LOCKED
1787289530.569,15.0,0.000,0.649,0.000,0.1186,0.0119,2.41,0.03784,0.243,0.558,0.000,0.0194,0.0207,TRACKING,CENTER_LOCKED
1787289530.638,15.9,0.000,0.647,0.665,0.1186,0.0089,1.80,0.00521,0.249,0.556,0.000,0.0097,0.0103,TRACKING,R+C
1787289530.708,15.9,0.000,0.648,0.672,0.1186,0.0066,1.46,-0.01874,0.247,0.621,0.000,-0.0000,-0.0001,TRACKING,R+C
1787289530.760,15.9,0.000,0.644,0.000,0.1186,0.0057,1.33,-0.03179,0.244,0.671,0.000,-0.0052,-0.0056,TRACKING,CENTER_LOCKED
1787289530.835,15.9,0.000,0.643,0.654,0.1186,0.0054,1.54,-0.01681,0.247,0.710,0.000,-0.0103,-0.0110,TRACKING,R+C
1787289530.891,15.9,0.000,0.642,0.000,0.1186,0.0054,1.58,-0.02231,0.246,0.741,0.000,-0.0122,-0.0130,TRACKING,CENTER_LOCKED
1787289530.944,15.9,0.000,0.642,0.000,0.1186,0.0056,1.69,-0.01613,0.247,0.765,0.000,-0.0127,-0.0135,TRACKING,CENTER_LOCKED
1787289531.020,15.9,0.000,0.642,0.471,0.1186,0.0057,1.59,-0.03203,0.244,0.784,0.000,-0.0129,-0.0137,TRACKING,R+C
1787289531.071,15.9,0.000,0.643,0.000,0.1186,0.0063,1.68,-0.02527,0.245,0.798,0.000,-0.0096,-0.0102,TRACKING,CENTER_LOCKED
1787289531.134,15.9,0.000,0.644,0.285,0.1186,0.0068,1.76,-0.01404,0.247,0.810,0.000,-0.0064,-0.0069,TRACKING,R+C
1787289531.183,15.9,0.000,0.645,0.000,0.1186,0.0069,1.91,-0.00051,0.250,0.819,0.000,-0.0073,-0.0077,TRACKING,CENTER_LOCKED
1787289531.245,15.9,0.000,0.646,0.530,0.1186,0.0069,1.89,-0.00033,0.250,0.825,0.000,-0.0064,-0.0068,TRACKING,R+C
1787289531.297,15.9,0.000,0.648,0.000,0.1186,0.0069,2.05,0.01183,0.248,0.831,0.000,-0.0086,-0.0091,TRACKING,CENTER_LOCKED
1787289531.368,15.9,0.000,0.645,0.277,0.1186,0.0069,2.31,0.03470,0.244,0.835,0.000,-0.0117,-0.0123,TRACKING,R+C
1787289531.435,15.9,0.000,0.644,0.654,0.1186,0.0055,1.78,0.00439,0.249,0.838,0.000,-0.0121,-0.0128,TRACKING,R+C
1787289531.490,15.9,0.000,0.643,0.000,0.1186,0.0053,1.72,0.00261,0.250,0.841,0.000,-0.0118,-0.0125,TRACKING,CENTER_LOCKED
1787289531.565,15.9,0.000,0.642,0.534,0.1186,0.0057,1.73,0.00297,0.249,0.843,0.000,-0.0097,-0.0102,TRACKING,R+C
1787289531.620,15.9,0.000,0.642,0.000,0.1186,0.0062,1.61,-0.00919,0.248,0.844,0.000,-0.0051,-0.0054,TRACKING,CENTER_LOCKED
1787289531.694,16.1,0.000,0.642,0.274,0.1186,0.0064,1.08,-0.06307,0.239,0.846,0.000,0.0002,-0.0000,TRACKING,R+C
1787289531.769,16.1,0.000,0.641,0.265,0.1186,0.0067,0.72,-0.11446,0.229,0.847,0.000,0.0031,0.0028,TRACKING,R+C
1787289531.820,16.1,0.000,0.643,0.000,0.1186,0.0074,1.02,-0.07875,0.236,0.847,0.000,0.0065,0.0066,TRACKING,CENTER_LOCKED
1787289531.888,16.1,0.000,0.645,0.658,0.1186,0.0075,0.90,-0.07749,0.236,0.848,0.000,0.0103,0.0105,TRACKING,R+C
1787289531.954,16.1,0.000,0.647,0.646,0.1186,0.0076,1.16,-0.04968,0.241,0.848,0.000,0.0088,0.0091,TRACKING,R+C
1787289532.022,16.1,0.000,0.646,0.524,0.1186,0.0072,1.20,-0.03494,0.244,0.849,0.000,0.0078,0.0081,TRACKING,R+C
1787289532.094,16.1,0.000,0.645,0.467,0.1186,0.0066,1.12,-0.02897,0.245,0.849,0.000,0.0072,0.0075,TRACKING,R+C
1787289532.149,16.1,0.000,0.644,0.000,0.1186,0.0064,0.64,-0.05701,0.240,0.849,0.000,0.0142,0.0148,TRACKING,CENTER_LOCKED
1787289532.205,16.1,0.000,0.643,0.000,0.1186,0.0068,0.37,-0.07756,0.236,0.849,0.000,0.0216,0.0224,TRACKING,CENTER_LOCKED
1787289532.260,16.1,0.000,0.642,0.000,0.1186,0.0083,0.47,-0.07355,0.237,0.850,0.000,0.0301,0.0314,TRACKING,CENTER_LOCKED
1787289532.332,16.1,0.000,0.641,0.669,0.1186,0.0096,0.36,-0.09286,0.233,0.850,0.000,0.0400,0.0417,TRACKING,R+C
1787289532.402,16.1,0.000,0.641,0.671,0.1186,0.0101,-0.91,-0.26869,0.202,0.760,0.000,0.0802,0.0815,TRACKING,R+C
1787289532.469,16.1,0.000,0.641,0.666,0.1186,0.0118,-0.08,-0.20665,0.213,0.697,0.000,0.0730,0.0746,TRACKING,R+C
1787289532.519,16.1,0.000,0.644,0.000,0.1186,0.0125,0.44,-0.15167,0.223,0.653,0.000,0.0505,0.0523,TRACKING,CENTER_LOCKED
1787289532.571,16.1,0.000,0.646,0.000,0.1186,0.0122,0.46,-0.13152,0.226,0.622,0.000,0.0504,0.0523,TRACKING,CENTER_LOCKED
1787289532.619,16.1,0.000,0.648,0.000,0.1186,0.0123,0.64,-0.10591,0.231,0.600,0.000,0.0491,0.0512,TRACKING,CENTER_LOCKED
1787289532.669,16.1,0.000,0.649,0.000,0.1186,0.0123,0.73,-0.09154,0.234,0.585,0.000,0.0486,0.0508,TRACKING,CENTER_LOCKED
1787289532.733,16.4,0.000,0.648,0.652,0.1186,0.0098,-0.09,-0.12094,0.228,0.575,0.000,0.0514,0.0534,TRACKING,R+C
1787289532.802,16.4,0.000,0.646,0.661,0.1186,0.0095,-0.36,-0.13056,0.226,0.567,0.000,0.0563,0.0585,TRACKING,R+C
1787289532.872,16.4,0.000,0.645,0.662,0.1186,0.0104,-0.35,-0.12984,0.227,0.562,0.000,0.0628,0.0654,TRACKING,R+C
1787289532.944,16.4,0.000,0.644,0.651,0.1186,0.0124,0.16,-0.09609,0.233,0.558,0.000,0.0658,0.0688,TRACKING,R+C
1787289533.003,16.4,0.000,0.643,0.000,0.1186,0.0134,0.14,-0.11126,0.230,0.556,0.000,0.0729,0.0762,TRACKING,CENTER_LOCKED
1787289533.069,16.4,0.000,0.642,0.265,0.1186,0.0139,0.01,-0.13898,0.225,0.621,0.000,0.0780,0.0812,TRACKING,R+C
1787289533.139,16.4,0.000,0.642,0.259,0.1186,0.0147,0.52,-0.09653,0.233,0.671,0.000,0.0720,0.0753,TRACKING,R+C
1787289533.197,16.4,0.000,0.643,0.000,0.1186,0.0153,0.79,-0.07860,0.236,0.710,0.000,0.0696,0.0730,TRACKING,CENTER_LOCKED
1787289533.250,16.4,0.000,0.644,0.000,0.1186,0.0157,1.09,-0.05351,0.240,0.741,0.000,0.0664,0.0698,TRACKING,CENTER_LOCKED
1787289533.300,16.4,0.000,0.646,0.000,0.1186,0.0162,1.55,-0.01360,0.248,0.765,0.000,0.0606,0.0640,TRACKING,CENTER_LOCKED
1787289533.349,16.4,0.000,0.647,0.000,0.1186,0.0167,1.62,-0.00439,0.249,0.784,0.000,0.0628,0.0664,TRACKING,CENTER_LOCKED
1787289533.399,16.4,0.000,0.647,0.000,0.1186,0.0171,1.69,0.00390,0.249,0.798,0.000,0.0655,0.0694,TRACKING,CENTER_LOCKED
1787289533.452,16.4,0.000,0.645,0.000,0.1186,0.0161,1.08,-0.02475,0.246,0.810,0.000,0.0718,0.0758,TRACKING,CENTER_LOCKED
1787289533.507,16.4,0.000,0.644,0.000,0.1186,0.0160,0.72,-0.04260,0.242,0.819,0.000,0.0796,0.0838,TRACKING,CENTER_LOCKED
1787289533.582,16.4,0.000,0.644,0.384,0.1186,0.0159,0.48,-0.05738,0.240,0.825,0.000,0.0852,0.0896,TRACKING,R+C
1787289533.638,16.4,0.000,0.642,0.000,0.1186,0.0168,0.69,-0.04746,0.241,0.831,0.000,0.0859,0.0904,TRACKING,CENTER_LOCKED
1787289533.691,16.4,0.000,0.642,0.000,0.1186,0.0172,0.88,-0.04298,0.242,0.835,0.000,0.0831,0.0875,TRACKING,CENTER_LOCKED
1787289533.745,16.8,0.000,0.641,0.000,0.1186,0.0168,0.73,-0.07086,0.237,0.838,0.000,0.0830,0.0872,TRACKING,CENTER_LOCKED
1787289533.798,16.8,0.000,0.641,0.000,0.1186,0.0165,0.71,-0.08231,0.235,0.841,0.000,0.0807,0.0846,TRACKING,CENTER_LOCKED
1787289533.849,16.8,0.000,0.641,0.000,0.1186,0.0162,0.81,-0.08176,0.235,0.843,0.000,0.0758,0.0794,TRACKING,CENTER_LOCKED
1787289533.935,16.8,0.642,0.642,0.418,0.1186,0.0160,0.94,-0.07004,0.237,0.844,0.000,0.0713,0.0748,TRACKING,L+C+R_fused
1787289533.983,16.8,0.000,0.645,0.000,0.1186,0.0161,1.20,-0.05005,0.241,0.846,0.000,0.0663,0.0697,TRACKING,CENTER_LOCKED
1787289534.034,16.8,0.000,0.647,0.000,0.1186,0.0162,1.29,-0.04367,0.242,0.847,0.000,0.0651,0.0685,TRACKING,CENTER_LOCKED
1787289534.083,16.8,0.000,0.646,0.000,0.1186,0.0165,1.55,-0.02049,0.246,0.847,0.000,0.0617,0.0651,TRACKING,CENTER_LOCKED
1787289534.134,16.8,0.000,0.645,0.000,0.1186,0.0167,1.77,-0.00174,0.250,0.848,0.000,0.0591,0.0626,TRACKING,CENTER_LOCKED
1787289534.186,16.8,0.000,0.645,0.000,0.1186,0.0157,1.42,-0.02014,0.246,0.848,0.000,0.0603,0.0637,TRACKING,CENTER_LOCKED
1787289534.289,16.8,0.644,0.644,0.563,0.0113,0.0148,1.23,-0.03230,0.244,0.849,0.000,0.0584,0.0616,TRACKING,L+C+R_fused
1787289534.344,16.8,0.000,0.642,0.000,0.0113,0.0143,1.51,-0.01462,0.247,0.849,0.000,0.0496,0.0523,TRACKING,CENTER_LOCKED
1787289534.400,16.8,0.000,0.642,0.000,0.0113,0.0140,1.94,0.02119,0.246,0.849,0.000,0.0429,0.0454,TRACKING,CENTER_LOCKED
1787289534.453,16.8,0.000,0.642,0.000,0.0113,0.0134,2.00,0.02549,0.245,0.849,0.000,0.0382,0.0405,TRACKING,CENTER_LOCKED
1787289534.506,16.8,0.000,0.642,0.000,0.0113,0.0125,1.60,-0.01436,0.247,0.850,0.000,0.0349,0.0369,TRACKING,CENTER_LOCKED
1787289534.561,16.8,0.000,0.642,0.000,0.0113,0.0119,1.15,-0.06245,0.239,0.850,0.000,0.0372,0.0389,TRACKING,CENTER_LOCKED
1787289534.631,16.8,0.000,0.644,0.656,0.0113,0.0120,1.10,-0.06157,0.239,0.850,0.000,0.0395,0.0414,TRACKING,R+C
1787289534.681,16.8,0.000,0.644,0.000,0.0113,0.0124,0.89,-0.08105,0.235,0.850,0.000,0.0458,0.0479,TRACKING,CENTER_LOCKED
1787289534.731,16.8,0.000,0.645,0.000,0.0113,0.0132,1.32,-0.04933,0.241,0.850,0.000,0.0433,0.0455,TRACKING,CENTER_LOCKED
1787289534.779,17.4,0.000,0.646,0.000,0.0113,0.0139,1.57,-0.03223,0.244,0.850,0.000,0.0426,0.0449,TRACKING,CENTER_LOCKED
1787289534.834,17.4,0.000,0.644,0.000,0.0113,0.0124,1.27,-0.03811,0.243,0.850,0.000,0.0405,0.0426,TRACKING,CENTER_LOCKED
1787289534.888,17.4,0.000,0.644,0.000,0.0113,0.0114,1.12,-0.04111,0.243,0.850,0.000,0.0372,0.0391,TRACKING,CENTER_LOCKED
1787289534.945,17.4,0.000,0.643,0.000,0.0113,0.0106,1.04,-0.04497,0.242,0.850,0.000,0.0342,0.0359,TRACKING,CENTER_LOCKED
1787289535.001,17.4,0.000,0.643,0.000,0.0113,0.0103,1.15,-0.03570,0.244,0.850,0.000,0.0301,0.0316,TRACKING,CENTER_LOCKED
1787289535.074,17.4,0.000,0.642,0.654,0.0113,0.0101,1.21,-0.03590,0.244,0.850,0.000,0.0271,0.0284,TRACKING,R+C
1787289535.126,17.4,0.000,0.642,0.000,0.0113,0.0096,0.90,-0.07059,0.237,0.850,0.000,0.0270,0.0282,TRACKING,CENTER_LOCKED
1787289535.196,17.4,0.000,0.641,0.511,0.0113,0.0098,1.17,-0.04647,0.242,0.850,0.000,0.0246,0.0258,TRACKING,R+C
1787289535.262,17.4,0.000,0.642,0.000,0.0113,0.0099,1.07,-0.06451,0.238,0.850,0.000,0.0249,0.0260,TRACKING,CENTER_LOCKED
1787289535.344,17.4,0.644,0.644,0.659,0.0113,0.0103,1.22,-0.04875,0.241,0.850,0.000,0.0262,0.0274,TRACKING,L+C+R_fused
1787289535.392,17.4,0.000,0.646,0.000,0.0113,0.0107,1.41,-0.02992,0.245,0.850,0.000,0.0263,0.0276,TRACKING,CENTER_LOCKED
1787289535.441,17.4,0.000,0.647,0.000,0.0113,0.0108,1.52,-0.01774,0.247,0.850,0.000,0.0254,0.0268,TRACKING,CENTER_LOCKED
1787289535.495,17.4,0.000,0.646,0.000,0.0113,0.0091,1.06,-0.03598,0.244,0.850,0.000,0.0243,0.0255,TRACKING,CENTER_LOCKED
1787289535.545,17.4,0.000,0.645,0.000,0.0113,0.0091,1.12,-0.03101,0.244,0.850,0.000,0.0239,0.0251,TRACKING,CENTER_LOCKED
1787289535.599,17.4,0.000,0.644,0.000,0.0113,0.0101,1.65,0.00318,0.249,0.850,0.000,0.0211,0.0223,TRACKING,CENTER_LOCKED
1787289535.654,17.4,0.000,0.643,0.000,0.0113,0.0096,1.47,-0.00878,0.248,0.850,0.000,0.0209,0.0220,TRACKING,CENTER_LOCKED
1787289535.708,17.4,0.000,0.642,0.000,0.0113,0.0094,1.38,-0.01774,0.247,0.850,0.000,0.0200,0.0211,TRACKING,CENTER_LOCKED
1787289535.787,16.9,0.000,0.642,0.666,0.0113,0.0092,1.10,-0.04624,0.242,0.850,0.000,0.0224,0.0234,TRACKING,R+C
1787289535.886,16.9,0.641,0.641,0.670,0.0844,0.0095,1.02,-0.05453,0.240,0.850,0.000,0.0253,0.0265,TRACKING,L+C+R_fused
1787289535.941,16.9,0.000,0.642,0.000,0.0844,0.0105,1.20,-0.04256,0.242,0.850,0.000,0.0291,0.0306,TRACKING,CENTER_LOCKED
1787289535.999,16.9,0.000,0.643,0.000,0.0844,0.0116,1.50,-0.02501,0.245,0.850,0.000,0.0308,0.0324,TRACKING,CENTER_LOCKED
1787289536.050,16.9,0.000,0.645,0.000,0.0844,0.0119,1.43,-0.02868,0.245,0.850,0.000,0.0340,0.0358,TRACKING,CENTER_LOCKED
1787289536.101,16.9,0.000,0.646,0.000,0.0844,0.0119,1.24,-0.04370,0.242,0.850,0.000,0.0370,0.0389,TRACKING,CENTER_LOCKED
1787289536.148,16.9,0.000,0.649,0.000,0.0844,0.0116,1.28,-0.03281,0.244,0.850,0.000,0.0357,0.0375,TRACKING,CENTER_LOCKED
1787289536.199,16.9,0.000,0.646,0.000,0.0844,0.0106,1.02,-0.04099,0.243,0.850,0.000,0.0349,0.0366,TRACKING,CENTER_LOCKED
1787289536.253,16.9,0.000,0.646,0.000,0.0844,0.0102,0.86,-0.04714,0.242,0.850,0.000,0.0360,0.0378,TRACKING,CENTER_LOCKED
1787289536.311,16.9,0.000,0.644,0.000,0.0844,0.0107,0.98,-0.04016,0.243,0.850,0.000,0.0368,0.0387,TRACKING,CENTER_LOCKED
1787289536.370,16.9,0.000,0.644,0.000,0.0844,0.0111,0.99,-0.03967,0.243,0.850,0.000,0.0395,0.0415,TRACKING,CENTER_LOCKED
1787289536.445,16.9,0.000,0.643,0.668,0.0844,0.0120,1.12,-0.03171,0.244,0.850,0.000,0.0432,0.0455,TRACKING,R+C
1787289536.519,16.9,0.000,0.642,0.665,0.0844,0.0131,1.22,-0.02613,0.245,0.850,0.000,0.0479,0.0505,TRACKING,R+C
1787289536.572,16.9,0.000,0.641,0.000,0.0844,0.0143,1.26,-0.02483,0.246,0.850,0.000,0.0553,0.0583,TRACKING,CENTER_LOCKED
1787289536.623,16.9,0.000,0.641,0.000,0.0844,0.0151,1.30,-0.02001,0.246,0.850,0.000,0.0600,0.0633,TRACKING,CENTER_LOCKED
1787289536.673,16.9,0.000,0.643,0.000,0.0844,0.0156,1.34,-0.01730,0.247,0.850,0.000,0.0622,0.0657,TRACKING,CENTER_LOCKED
1787289536.722,16.9,0.000,0.644,0.000,0.0844,0.0159,1.35,-0.01800,0.247,0.850,0.000,0.0640,0.0676,TRACKING,CENTER_LOCKED
1787289536.771,16.9,0.000,0.647,0.000,0.0844,0.0159,1.26,-0.02536,0.245,0.850,0.000,0.0660,0.0696,TRACKING,CENTER_LOCKED
1787289536.822,17.4,0.000,0.647,0.000,0.0844,0.0158,1.13,-0.03672,0.243,0.850,0.000,0.0679,0.0715,TRACKING,CENTER_LOCKED
1787289536.871,17.4,0.000,0.647,0.000,0.0844,0.0190,2.07,0.00540,0.249,0.850,0.000,0.0676,0.0715,TRACKING,CENTER_LOCKED
1787289536.922,17.4,0.000,0.646,0.000,0.0844,0.0208,2.60,0.02925,0.245,0.850,0.000,0.0715,0.0756,TRACKING,CENTER_LOCKED
1787289536.973,17.4,0.000,0.645,0.000,0.0844,0.0202,2.31,0.01429,0.247,0.850,0.000,0.0717,0.0758,TRACKING,CENTER_LOCKED
1787289537.025,17.4,0.000,0.644,0.000,0.0844,0.0198,2.02,-0.00251,0.250,0.850,0.000,0.0720,0.0761,TRACKING,CENTER_LOCKED
1787289537.080,17.4,0.000,0.644,0.000,0.0844,0.0194,1.64,-0.02866,0.245,0.850,0.000,0.0782,0.0825,TRACKING,CENTER_LOCKED
1787289537.136,17.4,0.000,0.642,0.000,0.0844,0.0198,1.60,-0.03493,0.244,0.850,0.000,0.0812,0.0856,TRACKING,CENTER_LOCKED
1787289537.205,17.4,0.000,0.642,0.666,0.0844,0.0198,1.42,-0.05434,0.240,0.850,0.000,0.0848,0.0892,TRACKING,R+C
1787289537.273,17.4,0.000,0.642,0.259,0.0844,0.0195,1.32,-0.07532,0.236,0.850,0.000,0.0845,0.0886,TRACKING,R+C
1787289537.343,17.4,0.000,0.642,0.672,0.0844,0.0188,0.96,-0.15153,0.223,0.850,0.000,0.0842,0.0876,TRACKING,R+C
1787289537.418,17.4,0.000,0.644,0.000,0.0844,0.0181,1.04,-0.19564,0.215,0.850,0.000,0.0949,0.0972,TRACKING,CENTER_LOCKED
1787289537.483,17.4,0.000,0.644,0.677,0.0844,0.0174,1.68,-0.20046,0.214,0.760,0.000,0.0702,0.0712,TRACKING,R+C
1787289537.533,17.4,0.000,0.646,0.000,0.0844,0.0165,2.57,-0.18803,0.216,0.697,0.000,0.0381,0.0375,TRACKING,CENTER_LOCKED
1787289537.583,17.4,0.000,0.644,0.000,0.0844,0.0059,0.40,-0.32309,0.200,0.653,0.000,-0.0136,-0.0167,TRACKING,CENTER_LOCKED
1787289537.635,17.4,0.000,0.644,0.000,0.0844,0.0009,-0.14,-0.38095,0.200,0.622,0.000,-0.0563,-0.0612,TRACKING,CENTER_LOCKED
1787289537.691,17.4,0.000,0.642,0.000,0.0844,-0.0007,0.78,-0.37116,0.200,0.600,0.000,-0.1018,-0.1086,TRACKING,CENTER_LOCKED
1787289537.769,17.4,0.000,0.643,0.678,0.0844,-0.0024,2.24,-0.32327,0.200,0.585,0.000,-0.1578,-0.1669,TRACKING,R+C
1787289537.842,16.7,0.000,0.642,0.678,0.0844,-0.0050,3.82,-0.25650,0.204,0.575,0.000,-0.2152,-0.2268,TRACKING,R+C
1787289537.912,16.7,0.000,0.642,0.674,0.0844,-0.0095,4.95,-0.20894,0.212,0.567,0.000,-0.2623,-0.2767,TRACKING,R+C
1787289537.984,16.7,0.000,0.642,0.672,0.0844,-0.0153,5.34,-0.23166,0.208,0.562,0.000,-0.3376,-0.3551,TRACKING,R+C
1787289538.056,16.7,0.000,0.646,0.670,0.0844,-0.0215,5.74,-0.25020,0.205,0.558,0.000,-0.4166,-0.4373,TRACKING,R+C
1787289538.126,16.7,0.000,0.657,0.667,0.0844,-0.0282,6.71,-0.21805,0.211,0.556,0.000,-0.4712,-0.4956,TRACKING,R+C
1787289538.194,16.7,0.000,0.660,0.666,0.0844,-0.0350,7.79,-0.17068,0.219,0.554,0.000,-0.5647,-0.5927,TRACKING,R+C
1787289538.263,16.7,0.000,0.661,0.666,0.0844,-0.0555,4.07,-0.36728,0.200,0.553,0.000,-0.6827,-0.7153,TRACKING,R+C
1787289538.333,16.7,0.000,0.654,0.665,0.0844,-0.0661,3.12,-0.43896,0.200,0.552,0.000,-0.7444,-0.7805,TRACKING,R+C
1787289538.406,16.7,0.000,0.648,0.665,0.0844,-0.0712,3.89,-0.42158,0.200,0.551,0.000,-0.7939,-0.8329,TRACKING,R+C
1787289538.481,16.7,0.000,0.644,0.665,0.0844,-0.0737,5.65,-0.33859,0.200,0.551,0.000,-0.8376,-0.8792,TRACKING,R+C
1787289538.560,16.7,0.000,0.642,0.666,0.0844,-0.0753,7.49,-0.24232,0.206,0.551,0.000,-0.8359,-0.8796,TRACKING,R+C
1787289538.633,16.7,0.000,0.642,0.667,0.0844,-0.0782,7.78,-0.27306,0.201,0.550,0.000,-0.8948,-0.9405,TRACKING,R+C
1787289538.703,16.7,0.000,0.643,0.668,0.0844,-0.0805,8.05,-0.28783,0.200,0.550,0.000,-0.9195,-0.9668,TRACKING,R+C
1787289538.805,16.7,0.645,0.644,0.668,0.4329,-0.0822,8.27,-0.28878,0.200,0.550,0.000,-0.9328,-0.9810,TRACKING,L+C+R_fused
1787289538.871,13.6,0.000,0.645,0.667,0.4329,-0.0827,8.72,-0.26769,0.202,0.550,0.000,-0.9304,-0.9792,TRACKING,R+C
1787289538.962,13.6,0.646,0.646,0.667,0.4475,-0.0825,9.11,-0.24822,0.205,0.550,0.000,-0.9130,-0.9621,TRACKING,L+C+R_fused
1787289539.040,13.6,0.000,0.644,0.663,0.4475,-0.0905,6.21,-0.40990,0.200,0.550,0.000,-0.9515,-1.0000,TRACKING,R+C
1787289539.116,13.6,0.000,0.644,0.667,0.4475,-0.0909,5.85,-0.43375,0.200,0.550,0.000,-0.9494,-0.9991,TRACKING,R+C
1787289539.199,13.6,0.000,0.641,0.667,0.4475,-0.0884,5.91,-0.46371,0.200,0.550,0.000,-0.9400,-0.9893,TRACKING,R+C
1787289539.272,13.6,0.000,0.641,0.668,0.4475,-0.0861,5.42,-0.54489,0.200,0.550,0.000,-0.9273,-0.9761,TRACKING,R+C
1787289539.343,13.6,0.000,0.641,0.668,0.4475,-0.0836,5.51,-0.56446,0.200,0.550,0.000,-0.9167,-0.9650,TRACKING,R+C
1787289539.412,13.6,0.000,0.643,0.668,0.4475,-0.0810,5.86,-0.53337,0.200,0.550,0.000,-0.9056,-0.9531,TRACKING,R+C
1787289539.481,13.6,0.000,0.643,0.669,0.4475,-0.0790,5.78,-0.52527,0.200,0.550,0.000,-0.8924,-0.9389,TRACKING,R+C
1787289539.549,13.6,0.000,0.643,0.668,0.4475,-0.0769,5.58,-0.53162,0.200,0.550,0.000,-0.8768,-0.9222,TRACKING,R+C
1787289539.633,13.6,0.691,0.644,0.670,0.2097,-0.0735,6.35,-0.46958,0.200,0.550,0.000,-0.8656,-0.9101,TRACKING,L+C+R_fused
1787289539.729,13.6,0.644,0.643,0.670,0.4158,-0.0815,3.29,-0.59888,0.200,0.550,0.000,-0.8652,-0.9097,TRACKING,L+C+R_fused
1787289539.834,13.6,0.643,0.643,0.670,0.4197,-0.0778,3.93,-0.54473,0.200,0.550,0.000,-0.8499,-0.8932,TRACKING,L+C+R_fused
1787289539.910,12.5,0.000,0.640,0.671,0.4197,-0.0734,4.18,-0.56105,0.200,0.550,0.000,-0.8305,-0.8728,TRACKING,R+C
1787289540.002,12.5,0.263,0.640,0.670,0.5751,-0.0705,3.57,-0.66600,0.200,0.550,0.000,-0.8113,-0.8530,TRACKING,L+C+R_fused
1787289540.069,12.5,0.000,0.640,0.671,0.5751,-0.0673,4.14,-0.64896,0.200,0.550,0.000,-0.8009,-0.8421,TRACKING,R+C
1787289540.170,12.5,0.640,0.641,0.677,0.3977,-0.0647,4.77,-0.59241,0.200,0.550,0.000,-0.7912,-0.8316,TRACKING,L+C+R_fused
1787289540.241,12.5,0.000,0.642,0.654,0.3977,-0.0620,4.76,-0.59444,0.200,0.550,0.000,-0.7739,-0.8134,TRACKING,R+C
1787289540.329,12.5,0.643,0.643,0.670,0.4610,-0.0584,5.85,-0.52175,0.200,0.550,0.000,-0.7658,-0.8046,TRACKING,L+C+R_fused
1787289540.400,12.5,0.000,0.642,0.670,0.4610,-0.0633,4.31,-0.57683,0.200,0.550,0.000,-0.7702,-0.8091,TRACKING,R+C
1787289540.501,12.5,0.274,0.642,0.669,0.5983,-0.0615,5.31,-0.49330,0.200,0.550,0.000,-0.7705,-0.8092,TRACKING,L+C+R_fused
1787289540.599,12.5,0.491,0.640,0.670,0.5671,-0.0597,6.18,-0.44289,0.200,0.550,0.000,-0.7719,-0.8106,TRACKING,L+C+R_fused
1787289540.694,12.5,0.463,0.640,0.669,0.5611,-0.0596,6.23,-0.47476,0.200,0.550,0.000,-0.7766,-0.8158,TRACKING,L+C+R_fused
1787289540.781,12.5,0.370,0.643,0.670,0.5420,-0.0595,7.11,-0.38162,0.200,0.550,0.000,-0.7843,-0.8235,TRACKING,L+C+R_fused
1787289540.867,12.5,0.539,0.645,0.670,0.5480,-0.0600,7.52,-0.31492,0.200,0.550,0.000,-0.7890,-0.8281,TRACKING,L+C+R_fused
1787289540.951,11.5,0.653,0.648,0.661,0.5246,-0.0592,8.29,-0.21662,0.211,0.550,0.000,-0.7262,-0.7648,TRACKING,L+C+R_fused
1787289541.038,11.5,0.658,0.646,0.671,0.5076,-0.0648,7.07,-0.19625,0.215,0.550,0.000,-0.7126,-0.7510,TRACKING,L+C+R_fused
1787289541.128,11.5,0.658,0.644,0.673,0.5163,-0.0652,6.69,-0.15159,0.223,0.550,0.000,-0.7038,-0.7411,TRACKING,L+C+R_fused
1787289541.230,11.5,0.622,0.644,0.673,0.5006,-0.0638,6.70,-0.09154,0.234,0.550,0.000,-0.6339,-0.6697,TRACKING,L+C+R_fused
1787289541.301,11.5,0.000,0.642,0.677,0.5006,-0.0620,6.72,-0.03610,0.244,0.550,0.000,-0.5726,-0.6070,TRACKING,R+C
1787289541.370,11.5,0.000,0.641,0.676,0.5006,-0.0585,6.64,0.01548,0.247,0.550,0.000,-0.5289,-0.5611,TRACKING,R+C
1787289541.439,11.5,0.000,0.640,0.681,0.5006,-0.0537,6.21,0.03355,0.244,0.550,0.000,-0.5014,-0.5308,TRACKING,R+C
1787289541.508,11.5,0.000,0.643,0.686,0.5006,-0.0484,5.50,0.01568,0.247,0.550,0.000,-0.4452,-0.4717,TRACKING,R+C
1787289541.582,11.5,0.000,0.643,0.691,0.5006,-0.0435,4.81,-0.00149,0.250,0.550,0.000,-0.3953,-0.4193,TRACKING,R+C
1787289541.651,11.5,0.000,0.649,0.691,0.5006,-0.0382,4.17,-0.02300,0.246,0.550,0.000,-0.3625,-0.3837,TRACKING,R+C
1787289541.701,11.5,0.000,0.649,0.000,0.5006,-0.0217,7.43,0.14772,0.223,0.616,0.000,-0.3782,-0.3959,TRACKING,CENTER_LOCKED
1787289541.750,11.5,0.000,0.644,0.000,0.5006,-0.0200,5.89,0.08548,0.235,0.667,0.000,-0.3012,-0.3167,TRACKING,CENTER_LOCKED
1787289541.803,11.5,0.000,0.643,0.000,0.5006,-0.0186,4.53,0.02030,0.246,0.708,0.000,-0.2410,-0.2548,TRACKING,CENTER_LOCKED
1787289541.860,11.5,0.000,0.643,0.000,0.5006,-0.0165,3.31,-0.04927,0.241,0.739,0.000,-0.2167,-0.2288,TRACKING,CENTER_LOCKED
1787289541.918,11.5,0.000,0.642,0.000,0.5006,-0.0128,2.65,-0.09380,0.233,0.763,0.000,-0.1942,-0.2045,TRACKING,CENTER_LOCKED
1787289541.973,14.7,0.000,0.641,0.000,0.5006,-0.0083,2.42,-0.11894,0.229,0.782,0.000,-0.1667,-0.1753,TRACKING,CENTER_LOCKED
1787289542.026,14.7,0.000,0.641,0.000,0.5006,-0.0046,2.47,-0.12401,0.228,0.797,0.000,-0.1426,-0.1500,TRACKING,CENTER_LOCKED
1787289542.076,14.7,0.000,0.641,0.000,0.5006,-0.0009,2.76,-0.11266,0.230,0.809,0.000,-0.1189,-0.1252,TRACKING,CENTER_LOCKED
1787289542.128,14.7,0.000,0.641,0.000,0.5006,0.0015,2.42,-0.18516,0.217,0.818,0.000,-0.1187,-0.1246,TRACKING,CENTER_LOCKED
1787289542.178,14.7,0.000,0.642,0.000,0.5006,0.0037,2.41,-0.22647,0.209,0.738,0.000,-0.0780,-0.0837,TRACKING,CENTER_LOCKED
1787289542.232,14.7,0.000,0.642,0.000,0.5006,0.0053,2.56,-0.24815,0.205,0.681,0.000,-0.0745,-0.0801,TRACKING,CENTER_LOCKED
1787289542.284,14.7,0.000,0.644,0.000,0.5006,0.0068,3.48,-0.21892,0.211,0.642,0.000,-0.0808,-0.0870,TRACKING,CENTER_LOCKED
1787289542.333,14.7,0.000,0.645,0.000,0.5006,0.0077,4.53,-0.17489,0.219,0.614,0.000,-0.1371,-0.1439,TRACKING,CENTER_LOCKED
1787289542.382,14.7,0.000,0.644,0.000,0.5006,-0.0073,0.69,-0.37230,0.200,0.595,0.000,-0.1642,-0.1735,TRACKING,CENTER_LOCKED
1787289542.434,14.7,0.000,0.643,0.000,0.5006,-0.0143,-0.82,-0.46543,0.200,0.582,0.000,-0.1999,-0.2107,TRACKING,CENTER_LOCKED
1787289542.486,14.7,0.000,0.643,0.000,0.5006,-0.0160,-0.37,-0.47580,0.200,0.572,0.000,-0.2325,-0.2448,TRACKING,CENTER_LOCKED
1787289542.539,14.7,0.000,0.642,0.000,0.5006,-0.0154,1.23,-0.42281,0.200,0.565,0.000,-0.2690,-0.2828,TRACKING,CENTER_LOCKED
1787289542.597,14.7,0.000,0.641,0.000,0.5006,-0.0148,3.01,-0.34254,0.200,0.561,0.000,-0.3062,-0.3215,TRACKING,CENTER_LOCKED
1787289542.653,14.7,0.000,0.640,0.000,0.5006,-0.0154,4.87,-0.25100,0.205,0.558,0.000,-0.3393,-0.3564,TRACKING,CENTER_LOCKED
1787289542.728,14.7,0.000,0.640,0.676,0.5006,-0.0178,6.40,-0.16329,0.221,0.555,0.000,-0.3931,-0.4123,TRACKING,R+C
1787289542.798,14.7,0.000,0.641,0.675,0.5006,-0.0220,6.67,-0.20351,0.213,0.554,0.000,-0.4089,-0.4307,TRACKING,R+C
1787289542.866,14.7,0.000,0.643,0.674,0.5006,-0.0265,7.06,-0.22004,0.210,0.553,0.000,-0.4689,-0.4933,TRACKING,R+C
1787289542.937,14.7,0.000,0.644,0.673,0.5006,-0.0311,7.79,-0.20373,0.213,0.552,0.000,-0.5085,-0.5356,TRACKING,R+C
1787289543.011,17.3,0.000,0.646,0.673,0.5006,-0.0354,8.98,-0.14970,0.223,0.551,0.000,-0.5797,-0.6095,TRACKING,R+C
1787289543.082,17.3,0.000,0.646,0.669,0.5006,-0.0407,9.77,-0.11298,0.230,0.551,0.000,-0.5976,-0.6301,TRACKING,R+C
1787289543.154,17.3,0.000,0.644,0.667,0.5006,-0.0493,9.09,-0.15894,0.221,0.551,0.000,-0.6790,-0.7143,TRACKING,R+C
1787289543.232,17.3,0.000,0.645,0.669,0.5006,-0.0571,8.74,-0.19767,0.214,0.550,0.000,-0.7021,-0.7403,TRACKING,R+C
1787289543.308,17.3,0.000,0.642,0.669,0.5006,-0.0620,9.45,-0.16688,0.220,0.550,0.000,-0.7696,-0.8104,TRACKING,R+C
1787289543.385,17.3,0.000,0.642,0.666,0.5006,-0.0673,9.35,-0.20647,0.213,0.550,0.000,-0.7852,-0.8284,TRACKING,R+C
1787289543.459,17.3,0.000,0.644,0.665,0.5006,-0.0725,9.27,-0.23895,0.207,0.550,0.000,-0.8511,-0.8966,TRACKING,R+C
1787289543.528,17.3,0.000,0.645,0.670,0.5006,-0.0769,9.35,-0.24790,0.205,0.550,0.000,-0.8870,-0.9344,TRACKING,R+C
1787289543.614,17.3,0.658,0.645,0.672,0.3754,-0.0803,9.51,-0.24448,0.206,0.550,0.000,-0.9045,-0.9534,TRACKING,L+C+R_fused
1787289543.678,17.3,0.000,0.646,0.661,0.3754,-0.0828,9.65,-0.24088,0.207,0.550,0.000,-0.9161,-0.9661,TRACKING,R+C
1787289543.761,17.3,0.367,0.647,0.673,0.3754,-0.0846,9.89,-0.22788,0.209,0.550,0.000,-0.9140,-0.9649,TRACKING,L+C+R_fused
1787289543.831,17.3,0.000,0.645,0.668,0.3754,-0.0935,7.15,-0.37651,0.200,0.550,0.000,-0.9800,-1.0000,TRACKING,R+C
1787289543.904,17.3,0.000,0.645,0.669,0.3754,-0.0958,6.59,-0.40786,0.200,0.550,0.000,-0.9848,-1.0000,TRACKING,R+C
1787289543.978,17.3,0.000,0.643,0.669,0.3754,-0.0957,6.68,-0.41644,0.200,0.550,0.000,-0.9869,-1.0000,TRACKING,R+C
1787289544.056,13.4,0.000,0.642,0.669,0.3754,-0.0959,6.31,-0.47519,0.200,0.550,0.000,-0.9868,-1.0000,TRACKING,R+C
1787289544.127,13.4,0.000,0.643,0.296,0.3754,-0.0948,6.34,-0.49605,0.200,0.550,0.000,-0.9839,-1.0000,TRACKING,R+C
1787289544.201,13.4,0.000,0.643,0.670,0.3754,-0.0932,6.57,-0.47796,0.200,0.550,0.000,-0.9782,-1.0000,TRACKING,R+C
1787289544.290,13.4,0.646,0.644,0.670,0.4253,-0.0918,6.42,-0.47899,0.200,0.550,0.000,-0.9688,-1.0000,TRACKING,L+C+R_fused
1787289544.367,13.4,0.000,0.645,0.670,0.4253,-0.0892,6.34,-0.48146,0.200,0.550,0.000,-0.9542,-1.0000,TRACKING,R+C
1787289544.435,13.4,0.000,0.645,0.670,0.4253,-0.0910,5.33,-0.51747,0.200,0.550,0.000,-0.9489,-0.9990,TRACKING,R+C
1787289544.502,13.4,0.000,0.645,0.669,0.4253,-0.1014,1.00,-0.73383,0.200,0.465,0.000,-0.9471,-0.9973,TRACKING,R+C
1787289544.571,13.4,0.000,0.644,0.669,0.4253,-0.0992,0.88,-0.73657,0.200,0.423,0.000,-0.9336,-0.9829,TRACKING,R+C
1787289544.659,13.4,0.000,0.643,0.669,0.4253,-0.0934,1.87,-0.69091,0.200,0.401,0.000,-0.9158,-0.9638,TRACKING,R+C
1787289544.738,13.4,0.000,0.640,0.671,0.4253,-0.0876,1.86,-0.75343,0.200,0.391,0.000,-0.8890,-0.9357,TRACKING,R+C
1787289544.808,13.4,0.000,0.640,0.670,0.4253,-0.0822,1.96,-0.80928,0.200,0.385,0.000,-0.8654,-0.9110,TRACKING,R+C
1787289544.877,13.4,0.000,0.640,0.671,0.4253,-0.0766,2.84,-0.76139,0.200,0.383,0.000,-0.8450,-0.8892,TRACKING,R+C
1787289544.948,13.4,0.000,0.643,0.671,0.4253,-0.0722,3.31,-0.71676,0.200,0.381,0.000,-0.8222,-0.8649,TRACKING,R+C
1787289545.015,13.4,0.000,0.643,0.672,0.4253,-0.0688,2.84,-0.73520,0.200,0.381,0.000,-0.7929,-0.8338,TRACKING,R+C
1787289545.083,13.6,0.000,0.644,0.672,0.4253,-0.0648,3.26,-0.69616,0.200,0.380,0.000,-0.7709,-0.8105,TRACKING,R+C
1787289545.150,13.6,0.000,0.645,0.672,0.4253,-0.0611,4.51,-0.59545,0.200,0.380,0.000,-0.7620,-0.8007,TRACKING,R+C
1787289545.223,13.6,0.000,0.645,0.671,0.4253,-0.0678,2.18,-0.67516,0.200,0.380,0.000,-0.7637,-0.8023,TRACKING,R+C
1787289545.299,13.6,0.000,0.645,0.672,0.4253,-0.0647,3.33,-0.57329,0.200,0.380,0.000,-0.7567,-0.7945,TRACKING,R+C
1787289545.375,13.6,0.000,0.644,0.672,0.4253,-0.0606,4.90,-0.45560,0.200,0.380,0.000,-0.7500,-0.7871,TRACKING,R+C
1787289545.448,13.6,0.000,0.642,0.663,0.4253,-0.0573,5.82,-0.39807,0.200,0.380,0.000,-0.7420,-0.7786,TRACKING,R+C
1787289545.526,13.6,0.000,0.642,0.667,0.4253,-0.0554,5.91,-0.41513,0.200,0.380,0.000,-0.7328,-0.7690,TRACKING,R+C
1787289545.599,13.6,0.000,0.643,0.673,0.4253,-0.0533,6.43,-0.37572,0.200,0.380,0.000,-0.7259,-0.7616,TRACKING,R+C
1787289545.668,13.6,0.000,0.643,0.677,0.4253,-0.0519,6.89,-0.32676,0.200,0.380,0.000,-0.7208,-0.7560,TRACKING,R+C
1787289545.770,13.6,0.645,0.645,0.674,0.4094,-0.0508,7.18,-0.29171,0.200,0.417,0.000,-0.7149,-0.7496,TRACKING,L+C+R_fused
1787289545.841,13.6,0.000,0.648,0.673,0.4094,-0.0495,7.65,-0.23755,0.207,0.447,0.000,-0.6706,-0.7048,TRACKING,R+C
1787289545.910,13.6,0.000,0.645,0.673,0.4094,-0.0580,4.53,-0.38141,0.200,0.469,0.000,-0.7140,-0.7484,TRACKING,R+C
1787289545.984,13.6,0.000,0.644,0.673,0.4094,-0.0580,4.08,-0.40165,0.200,0.487,0.000,-0.7060,-0.7401,TRACKING,R+C
1787289546.063,13.6,0.000,0.644,0.673,0.4094,-0.0552,4.62,-0.37544,0.200,0.501,0.000,-0.6947,-0.7282,TRACKING,R+C
1787289546.142,13.2,0.000,0.642,0.674,0.4094,-0.0521,5.42,-0.34407,0.200,0.512,0.000,-0.6879,-0.7210,TRACKING,R+C
1787289546.214,13.2,0.000,0.641,0.673,0.4094,-0.0499,5.98,-0.32233,0.200,0.520,0.000,-0.6830,-0.7158,TRACKING,R+C
1787289546.287,13.2,0.000,0.642,0.673,0.4094,-0.0489,6.04,-0.35161,0.200,0.527,0.000,-0.6816,-0.7146,TRACKING,R+C
1787289546.359,13.2,0.000,0.643,0.674,0.4094,-0.0477,6.79,-0.29935,0.200,0.532,0.000,-0.6844,-0.7174,TRACKING,R+C
1787289546.430,13.2,0.000,0.645,0.677,0.4094,-0.0468,7.52,-0.24605,0.206,0.536,0.000,-0.6573,-0.6903,TRACKING,R+C
1787289546.496,13.2,0.000,0.646,0.674,0.4094,-0.0458,7.88,-0.22605,0.209,0.539,0.000,-0.6379,-0.6709,TRACKING,R+C
1787289546.563,13.2,0.000,0.644,0.676,0.4094,-0.0606,3.04,-0.46422,0.200,0.541,0.000,-0.7075,-0.7418,TRACKING,R+C
1787289546.633,13.2,0.000,0.644,0.672,0.4094,-0.0617,2.73,-0.47778,0.200,0.543,0.000,-0.7092,-0.7435,TRACKING,R+C
1787289546.704,13.2,0.000,0.643,0.672,0.4094,-0.0590,3.74,-0.42709,0.200,0.545,0.000,-0.7077,-0.7420,TRACKING,R+C
1787289546.777,13.2,0.000,0.642,0.674,0.4094,-0.0555,5.29,-0.33393,0.200,0.546,0.000,-0.7082,-0.7423,TRACKING,R+C
1787289546.854,13.2,0.000,0.641,0.673,0.4094,-0.0531,6.52,-0.25890,0.203,0.547,0.000,-0.6923,-0.7264,TRACKING,R+C
1787289546.929,13.2,0.000,0.641,0.683,0.4094,-0.0522,6.81,-0.27661,0.200,0.548,0.000,-0.7130,-0.7474,TRACKING,R+C
1787289546.998,13.2,0.000,0.642,0.663,0.4094,-0.0514,7.29,-0.25904,0.203,0.548,0.000,-0.6990,-0.7337,TRACKING,R+C
1787289547.066,13.2,0.000,0.643,0.671,0.4094,-0.0511,7.57,-0.24367,0.206,0.548,0.000,-0.6865,-0.7212,TRACKING,R+C
1787289547.137,13.2,0.000,0.646,0.680,0.4094,-0.0504,8.41,-0.17966,0.218,0.549,0.000,-0.6333,-0.6682,TRACKING,R+C
1787289547.206,14.1,0.000,0.648,0.678,0.4094,-0.0493,9.28,-0.11247,0.230,0.549,0.000,-0.6350,-0.6699,TRACKING,R+C
1787289547.275,14.1,0.000,0.646,0.661,0.4094,-0.0606,5.76,-0.27665,0.200,0.549,0.000,-0.7461,-0.7820,TRACKING,R+C
1787289547.345,14.1,0.000,0.644,0.670,0.4094,-0.0640,4.45,-0.34649,0.200,0.549,0.000,-0.7495,-0.7856,TRACKING,R+C
1787289547.421,14.1,0.000,0.644,0.671,0.4094,-0.0620,5.28,-0.28855,0.200,0.550,0.000,-0.7475,-0.7833,TRACKING,R+C
1787289547.499,14.1,0.000,0.642,0.676,0.4094,-0.0587,6.63,-0.18247,0.217,0.550,0.000,-0.6509,-0.6861,TRACKING,R+C
1787289547.572,14.1,0.000,0.642,0.689,0.4094,-0.0563,7.47,-0.10304,0.231,0.550,0.000,-0.6213,-0.6558,TRACKING,R+C
1787289547.639,14.1,0.000,0.643,0.657,0.4094,-0.0547,7.34,-0.11477,0.229,0.550,0.000,-0.6202,-0.6540,TRACKING,R+C
1787289547.731,14.1,0.643,0.643,0.673,0.4120,-0.0527,7.34,-0.10825,0.231,0.550,0.000,-0.6020,-0.6350,TRACKING,L+C+R_fused
1787289547.797,14.1,0.000,0.646,0.675,0.4120,-0.0505,7.53,-0.07423,0.237,0.550,0.000,-0.5617,-0.5937,TRACKING,R+C
1787289547.864,14.1,0.000,0.648,0.682,0.4120,-0.0486,7.87,-0.02591,0.245,0.550,0.000,-0.5169,-0.5480,TRACKING,R+C
1787289547.929,14.1,0.000,0.647,0.680,0.4120,-0.0548,5.43,-0.11852,0.229,0.550,0.000,-0.5759,-0.6067,TRACKING,R+C
1787289548.022,14.1,0.645,0.645,0.669,0.4296,-0.0534,5.10,-0.11385,0.230,0.550,0.000,-0.5538,-0.5835,TRACKING,L+C+R_fused
1787289548.098,14.1,0.000,0.643,0.681,0.4296,-0.0493,5.49,-0.05970,0.239,0.550,0.000,-0.4910,-0.5191,TRACKING,R+C
1787289548.172,14.1,0.000,0.642,0.682,0.4296,-0.0452,5.83,-0.00259,0.250,0.616,0.000,-0.4305,-0.4567,TRACKING,R+C
1787289548.242,13.5,0.000,0.641,0.681,0.4296,-0.0415,5.84,0.03807,0.243,0.667,0.000,-0.4224,-0.4466,TRACKING,R+C
1787289548.315,13.5,0.000,0.641,0.683,0.4296,-0.0382,5.20,0.01829,0.247,0.708,0.000,-0.3790,-0.4012,TRACKING,R+C
1787289548.383,13.5,0.000,0.642,0.685,0.4296,-0.0348,4.66,-0.00221,0.250,0.739,0.000,-0.3411,-0.3615,TRACKING,R+C
1787289548.449,13.5,0.000,0.642,0.693,0.4296,-0.0318,4.23,-0.01281,0.248,0.763,0.000,-0.3186,-0.3374,TRACKING,R+C
1787289548.499,13.5,0.000,0.644,0.000,0.4296,-0.0284,4.34,0.01668,0.247,0.782,0.000,-0.2969,-0.3141,TRACKING,CENTER_LOCKED
1787289548.551,13.5,0.000,0.648,0.000,0.4296,-0.0253,4.29,0.04176,0.242,0.797,0.000,-0.2814,-0.2971,TRACKING,CENTER_LOCKED
1787289548.603,13.5,0.000,0.648,0.000,0.4296,-0.0222,4.39,0.07347,0.237,0.809,0.000,-0.2701,-0.2843,TRACKING,CENTER_LOCKED
1787289548.655,13.5,0.000,0.645,0.000,0.4296,-0.0210,3.50,0.05591,0.240,0.818,0.000,-0.2338,-0.2464,TRACKING,CENTER_LOCKED
1787289548.707,13.5,0.000,0.645,0.000,0.4296,-0.0184,2.65,0.03527,0.244,0.825,0.000,-0.1904,-0.2009,TRACKING,CENTER_LOCKED
1787289548.767,13.5,0.000,0.644,0.000,0.4296,-0.0153,2.19,0.03088,0.244,0.830,0.000,-0.1571,-0.1658,TRACKING,CENTER_LOCKED
1787289548.826,13.5,0.000,0.644,0.000,0.4296,-0.0109,1.83,0.03038,0.245,0.835,0.000,-0.1180,-0.1246,TRACKING,CENTER_LOCKED
1787289548.899,13.5,0.000,0.642,0.264,0.4296,-0.0070,1.47,0.02474,0.246,0.838,0.000,-0.0828,-0.0874,TRACKING,R+C
1787289548.951,13.5,0.000,0.642,0.000,0.4296,-0.0032,1.15,0.01976,0.246,0.841,0.000,-0.0490,-0.0517,TRACKING,CENTER_LOCKED
1787289549.002,13.5,0.000,0.642,0.000,0.4296,0.0013,0.93,0.02654,0.245,0.843,0.000,-0.0126,-0.0132,TRACKING,CENTER_LOCKED
1787289549.051,13.5,0.000,0.643,0.000,0.4296,0.0048,0.94,0.06717,0.238,0.844,0.000,0.0196,0.0209,TRACKING,CENTER_LOCKED
1787289549.102,13.5,0.000,0.645,0.000,0.4296,0.0088,0.55,0.07421,0.237,0.846,0.000,0.0613,0.0648,TRACKING,CENTER_LOCKED
1787289549.153,13.5,0.000,0.645,0.000,0.4296,0.0122,-0.02,0.06143,0.239,0.847,0.000,0.0984,0.1039,TRACKING,CENTER_LOCKED
1787289549.203,13.5,0.000,0.646,0.000,0.4296,0.0165,-0.50,0.05658,0.240,0.847,0.000,0.1404,0.1482,TRACKING,CENTER_LOCKED
1787289549.251,17.8,0.000,0.648,0.000,0.4296,0.0207,-0.86,0.05731,0.240,0.848,0.000,0.1794,0.1893,TRACKING,CENTER_LOCKED
1787289549.301,17.8,0.000,0.647,0.000,0.4296,0.0320,1.17,0.18059,0.217,0.848,0.000,0.2690,0.2818,TRACKING,CENTER_LOCKED
1787289549.353,17.8,0.000,0.647,0.000,0.4296,0.0379,1.91,0.24186,0.206,0.759,0.000,0.3294,0.3440,TRACKING,CENTER_LOCKED
1787289549.404,17.8,0.000,0.646,0.000,0.4296,0.0408,1.74,0.25896,0.203,0.696,0.000,0.3730,0.3893,TRACKING,CENTER_LOCKED
1787289549.457,17.8,0.000,0.645,0.000,0.4296,0.0422,1.12,0.24813,0.205,0.652,0.000,0.3949,0.4125,TRACKING,CENTER_LOCKED
1787289549.512,17.8,0.000,0.645,0.000,0.4296,0.0430,0.06,0.20372,0.213,0.622,0.000,0.3951,0.4141,TRACKING,CENTER_LOCKED
1787289549.567,17.8,0.000,0.644,0.000,0.4296,0.0438,-0.81,0.16457,0.220,0.600,0.000,0.4117,0.4318,TRACKING,CENTER_LOCKED
1787289549.622,17.8,0.000,0.643,0.000,0.4296,0.0445,-1.65,0.12014,0.228,0.585,0.000,0.4061,0.4272,TRACKING,CENTER_LOCKED
1787289549.674,17.8,0.000,0.643,0.000,0.4296,0.0455,-2.43,0.06669,0.238,0.575,0.000,0.3931,0.4149,TRACKING,CENTER_LOCKED
1787289549.726,17.8,0.000,0.643,0.000,0.4296,0.0469,-2.33,0.11118,0.230,0.567,0.000,0.4346,0.4575,TRACKING,CENTER_LOCKED
1787289549.776,17.8,0.000,0.645,0.000,0.4296,0.0486,-2.32,0.15102,0.223,0.562,0.000,0.4803,0.5043,TRACKING,CENTER_LOCKED
1787289549.827,17.8,0.000,0.645,0.000,0.4296,0.0502,-2.48,0.16806,0.220,0.558,0.000,0.5112,0.5364,TRACKING,CENTER_LOCKED
1787289549.875,17.8,0.000,0.647,0.000,0.4296,0.0519,-3.11,0.14904,0.223,0.556,0.000,0.5234,0.5500,TRACKING,CENTER_LOCKED
1787289549.945,17.8,0.677,0.648,0.000,0.4296,0.0536,-3.76,0.12280,0.228,0.554,0.000,0.5278,0.5556,TRACKING,L+C
1787289550.012,17.8,0.675,0.648,0.000,0.4296,0.0576,-3.76,0.13079,0.226,0.553,0.000,0.5610,0.5905,TRACKING,L+C
1787289550.084,17.8,0.675,0.647,0.000,0.4296,0.0641,-2.65,0.20348,0.213,0.552,0.000,0.6183,0.6494,TRACKING,L+C
1787289550.159,17.8,0.674,0.646,0.000,0.4296,0.0671,-2.59,0.23411,0.208,0.551,0.000,0.6694,0.7021,TRACKING,L+C
1787289550.260,16.9,0.673,0.645,0.258,0.5183,0.0684,-2.96,0.23917,0.207,0.551,0.000,0.6924,0.7262,TRACKING,L+C+R_fused
1787289550.333,16.9,0.671,0.643,0.000,0.5183,0.0696,-3.73,0.21736,0.211,0.551,0.000,0.6936,0.7287,TRACKING,L+C
1787289550.417,16.9,0.670,0.644,0.259,0.5510,0.0711,-4.42,0.20095,0.214,0.550,0.000,0.7009,0.7375,TRACKING,L+C+R_fused
1787289550.486,16.9,0.668,0.644,0.000,0.5510,0.0745,-5.10,0.15253,0.223,0.550,0.000,0.7193,0.7575,TRACKING,L+C
1787289550.558,16.9,0.669,0.646,0.000,0.5510,0.0784,-5.38,0.12099,0.228,0.550,0.000,0.7135,0.7531,TRACKING,L+C
1787289550.624,16.9,0.668,0.649,0.000,0.5510,0.0822,-5.25,0.12269,0.228,0.550,0.000,0.7331,0.7740,TRACKING,L+C
1787289550.693,16.9,0.668,0.652,0.000,0.5510,0.0856,-4.94,0.14274,0.224,0.550,0.000,0.7657,0.8077,TRACKING,L+C
1787289550.764,16.9,0.669,0.652,0.000,0.5510,0.0918,-3.28,0.23377,0.208,0.550,0.000,0.8378,0.8808,TRACKING,L+C
1787289550.832,16.9,0.670,0.649,0.000,0.5510,0.0948,-2.45,0.27482,0.201,0.550,0.000,0.8880,0.9314,TRACKING,L+C
1787289550.926,16.9,0.671,0.647,0.000,0.5510,0.0942,-2.77,0.25290,0.204,0.550,0.000,0.8646,0.9079,TRACKING,L+C
1787289550.999,16.9,0.682,0.645,0.000,0.5510,0.0936,-2.95,0.25306,0.204,0.550,0.000,0.8644,0.9078,TRACKING,L+C
1787289551.067,16.9,0.669,0.645,0.000,0.5510,0.0939,-2.31,0.32816,0.200,0.550,0.000,0.8892,0.9328,TRACKING,L+C
1787289551.134,16.9,0.673,0.646,0.000,0.5510,0.0935,-2.29,0.33328,0.200,0.550,0.000,0.8868,0.9303,TRACKING,L+C
1787289551.207,16.9,0.675,0.646,0.000,0.5510,0.0916,-2.62,0.29140,0.200,0.550,0.000,0.8782,0.9209,TRACKING,L+C
1787289551.273,13.8,0.000,0.648,0.646,0.5510,0.0896,-2.69,0.25873,0.203,0.550,0.000,0.8429,0.8845,TRACKING,R+C
1787289551.353,13.8,0.674,0.649,0.000,0.5510,0.0864,-2.91,0.21920,0.211,0.550,0.000,0.7827,0.8228,TRACKING,L+C
1787289551.418,13.8,0.675,0.652,0.000,0.5510,0.0829,-2.90,0.19442,0.215,0.550,0.000,0.7344,0.7729,TRACKING,L+C
1787289551.484,13.8,0.674,0.650,0.000,0.5510,0.0810,-2.03,0.22832,0.209,0.550,0.000,0.7419,0.7788,TRACKING,L+C
1787289551.557,13.8,0.673,0.649,0.000,0.5510,0.0759,-1.98,0.22194,0.210,0.550,0.000,0.7016,0.7365,TRACKING,L+C
1787289551.634,13.8,0.673,0.648,0.000,0.5510,0.0702,-2.23,0.19751,0.214,0.550,0.000,0.6438,0.6765,TRACKING,L+C
1787289551.728,13.8,0.674,0.646,0.000,0.5510,0.0646,-2.58,0.16722,0.220,0.550,0.000,0.6102,0.6409,TRACKING,L+C
1787289551.796,13.8,0.676,0.645,0.000,0.5510,0.0598,-2.98,0.12987,0.227,0.550,0.000,0.5527,0.5817,TRACKING,L+C
1787289551.863,13.8,0.679,0.646,0.000,0.5510,0.0559,-2.67,0.17928,0.218,0.550,0.000,0.5674,0.5951,TRACKING,L+C
1787289551.944,13.8,0.680,0.647,0.262,0.3957,0.0527,-2.64,0.20078,0.214,0.550,0.000,0.5356,0.5624,TRACKING,L+C+R_fused
1787289551.995,13.8,0.000,0.647,0.000,0.3957,0.0503,-2.94,0.19445,0.215,0.550,0.000,0.5198,0.5461,TRACKING,CENTER_LOCKED
1787289552.045,13.8,0.000,0.649,0.000,0.3957,0.0484,-3.50,0.16640,0.220,0.550,0.000,0.5274,0.5535,TRACKING,CENTER_LOCKED
1787289552.094,13.8,0.000,0.649,0.000,0.3957,0.0470,-4.02,0.13853,0.225,0.550,0.000,0.5065,0.5325,TRACKING,CENTER_LOCKED
1787289552.145,13.8,0.000,0.648,0.000,0.3957,0.0568,-1.03,0.28183,0.200,0.550,0.000,0.6032,0.6302,TRACKING,CENTER_LOCKED
1787289552.196,13.8,0.000,0.647,0.000,0.3957,0.0606,0.14,0.34400,0.200,0.550,0.000,0.6108,0.6383,TRACKING,CENTER_LOCKED
1787289552.248,13.8,0.000,0.645,0.000,0.3957,0.0592,-0.48,0.32137,0.200,0.550,0.000,0.6131,0.6407,TRACKING,CENTER_LOCKED
1787289552.302,15.5,0.000,0.644,0.000,0.3957,0.0575,-1.35,0.28365,0.200,0.550,0.000,0.6172,0.6450,TRACKING,CENTER_LOCKED
1787289552.355,15.5,0.000,0.644,0.000,0.3957,0.0565,-2.35,0.23273,0.208,0.550,0.000,0.5866,0.6148,TRACKING,CENTER_LOCKED
1787289552.414,15.5,0.000,0.643,0.000,0.3957,0.0557,-3.42,0.17220,0.219,0.550,0.000,0.5800,0.6088,TRACKING,CENTER_LOCKED
1787289552.467,15.5,0.000,0.643,0.000,0.3957,0.0553,-4.21,0.12763,0.227,0.550,0.000,0.5551,0.5844,TRACKING,CENTER_LOCKED
1787289552.518,15.5,0.000,0.643,0.000,0.3957,0.0552,-4.92,0.07853,0.236,0.550,0.000,0.5282,0.5578,TRACKING,CENTER_LOCKED
1787289552.568,15.5,0.000,0.644,0.000,0.3957,0.0563,-4.75,0.12861,0.227,0.550,0.000,0.5770,0.6075,TRACKING,CENTER_LOCKED
1787289552.617,15.5,0.000,0.645,0.000,0.3957,0.0573,-4.73,0.15164,0.223,0.550,0.000,0.6057,0.6369,TRACKING,CENTER_LOCKED
1787289552.667,15.5,0.000,0.646,0.000,0.3957,0.0582,-4.98,0.14603,0.224,0.550,0.000,0.6124,0.6442,TRACKING,CENTER_LOCKED
1787289552.719,15.5,0.000,0.647,0.000,0.3957,0.0590,-5.40,0.12402,0.228,0.550,0.000,0.6058,0.6382,TRACKING,CENTER_LOCKED
1787289552.773,15.5,0.000,0.648,0.000,0.3957,0.0598,-5.83,0.09666,0.233,0.550,0.000,0.5948,0.6279,TRACKING,CENTER_LOCKED
1787289552.844,15.5,0.674,0.649,0.000,0.3957,0.0614,-6.07,0.07742,0.236,0.550,0.000,0.5917,0.6255,TRACKING,L+C
1787289552.911,15.5,0.673,0.647,0.000,0.3957,0.0689,-4.17,0.17004,0.219,0.616,0.000,0.6823,0.7172,TRACKING,L+C
1787289552.983,15.5,0.674,0.646,0.000,0.3957,0.0718,-3.89,0.18430,0.217,0.667,0.000,0.6764,0.7121,TRACKING,L+C
1787289553.061,15.5,0.679,0.646,0.000,0.3957,0.0733,-4.32,0.15272,0.223,0.708,0.000,0.6934,0.7300,TRACKING,L+C
1787289553.134,15.5,0.674,0.645,0.000,0.3957,0.0747,-5.04,0.09178,0.233,0.739,0.000,0.6556,0.6929,TRACKING,L+C
1787289553.204,15.5,0.678,0.645,0.000,0.3957,0.0763,-5.53,0.03644,0.243,0.763,0.000,0.6221,0.6600,TRACKING,L+C
1787289553.292,15.5,0.677,0.646,0.608,0.5344,0.0785,-5.13,0.07309,0.237,0.782,0.000,0.6595,0.6981,TRACKING,L+C+R_fused
1787289553.379,15.8,0.674,0.648,0.311,0.6964,0.0798,-5.04,0.06964,0.237,0.797,0.000,0.6612,0.7001,TRACKING,L+C+R_fused
1787289553.444,15.8,0.671,0.649,0.000,0.6964,0.0807,-5.22,0.04074,0.243,0.809,0.000,0.6419,0.6810,TRACKING,L+C
1787289553.509,15.8,0.670,0.652,0.000,0.6964,0.0813,-5.48,-0.00049,0.250,0.818,0.000,0.6133,0.6524,TRACKING,L+C
1787289553.575,15.8,0.673,0.651,0.000,0.6964,0.0891,-3.11,0.08881,0.234,0.825,0.000,0.6862,0.7258,TRACKING,L+C
1787289553.640,15.8,0.674,0.649,0.000,0.6964,0.0898,-2.69,0.09185,0.233,0.830,0.000,0.6838,0.7230,TRACKING,L+C
1787289553.713,15.8,0.674,0.648,0.000,0.6964,0.0882,-2.97,0.05815,0.240,0.835,0.000,0.6486,0.6872,TRACKING,L+C
1787289553.790,15.8,0.675,0.647,0.000,0.6964,0.0870,-3.10,0.02794,0.245,0.838,0.000,0.6163,0.6542,TRACKING,L+C
1787289553.863,15.8,0.677,0.645,0.000,0.6964,0.0855,-2.97,0.00715,0.249,0.841,0.000,0.5871,0.6240,TRACKING,L+C
1787289553.930,15.8,0.678,0.646,0.000,0.6964,0.0836,-2.75,-0.00340,0.249,0.843,0.000,0.5688,0.6044,TRACKING,L+C
1787289553.997,15.8,0.679,0.647,0.000,0.6964,0.0818,-2.46,-0.01270,0.248,0.844,0.000,0.5577,0.5920,TRACKING,L+C
1787289554.063,15.8,0.681,0.648,0.000,0.6964,0.0798,-1.98,-0.01211,0.248,0.846,0.000,0.5359,0.5688,TRACKING,L+C
1787289554.134,15.8,0.687,0.649,0.000,0.6964,0.0775,-1.46,-0.00570,0.249,0.847,0.000,0.5084,0.5397,TRACKING,L+C
1787289554.190,15.8,0.000,0.649,0.000,0.6964,0.0746,-1.12,-0.01533,0.247,0.847,0.000,0.4894,0.5189,TRACKING,CENTER_LOCKED
1787289554.244,15.8,0.000,0.647,0.000,0.6964,0.0675,-2.08,-0.09162,0.234,0.848,0.000,0.5096,0.5368,TRACKING,CENTER_LOCKED
1787289554.296,15.8,0.000,0.646,0.000,0.6964,0.0630,-2.38,-0.13282,0.226,0.848,0.000,0.5108,0.5363,TRACKING,CENTER_LOCKED
1787289554.349,15.8,0.000,0.645,0.000,0.6964,0.0590,-2.44,-0.16717,0.220,0.849,0.000,0.5033,0.5269,TRACKING,CENTER_LOCKED
1787289554.402,15.6,0.000,0.645,0.000,0.6964,0.0557,-2.38,-0.19134,0.216,0.849,0.000,0.4910,0.5129,TRACKING,CENTER_LOCKED
1787289554.466,15.6,0.000,0.644,0.000,0.6964,0.0533,-1.58,-0.17714,0.218,0.849,0.000,0.4417,0.4616,TRACKING,CENTER_LOCKED
1787289554.523,15.6,0.000,0.642,0.000,0.6964,0.0505,-0.53,-0.14711,0.224,0.849,0.000,0.3764,0.3940,TRACKING,CENTER_LOCKED
1787289554.576,15.6,0.000,0.641,0.000,0.6964,0.0467,0.61,-0.10153,0.232,0.850,0.000,0.3011,0.3161,TRACKING,CENTER_LOCKED
1787289554.632,15.6,0.000,0.642,0.000,0.6964,0.0429,1.61,-0.05577,0.240,0.850,0.000,0.2369,0.2497,TRACKING,CENTER_LOCKED
1787289554.683,15.6,0.000,0.643,0.000,0.6964,0.0370,1.72,-0.09291,0.233,0.850,0.000,0.1975,0.2073,TRACKING,CENTER_LOCKED
1787289554.750,15.6,0.000,0.643,0.277,0.6964,0.0316,1.78,-0.12474,0.228,0.850,0.000,0.1575,0.1648,TRACKING,R+C
1787289554.799,15.6,0.000,0.650,0.000,0.6964,0.0250,2.48,-0.10380,0.231,0.850,0.000,0.0864,0.0903,TRACKING,CENTER_LOCKED
1787289554.846,15.6,0.000,0.648,0.000,0.6964,0.0193,3.25,-0.07644,0.236,0.850,0.000,0.0249,0.0260,TRACKING,CENTER_LOCKED
1787289554.895,15.6,0.000,0.647,0.000,0.6964,0.0148,4.22,-0.03610,0.244,0.850,0.000,-0.0265,-0.0281,TRACKING,CENTER_LOCKED
1787289554.947,15.6,0.000,0.646,0.000,0.6964,0.0001,1.70,-0.17089,0.219,0.850,0.000,-0.0993,-0.1044,TRACKING,CENTER_LOCKED
1787289554.997,15.6,0.000,0.643,0.000,0.6964,-0.0081,0.61,-0.25292,0.204,0.760,0.000,-0.1408,-0.1484,TRACKING,CENTER_LOCKED
1787289555.065,15.6,0.000,0.643,0.686,0.6964,-0.0118,1.23,-0.25039,0.205,0.697,0.000,-0.1938,-0.2038,TRACKING,R+C
1787289555.119,15.6,0.000,0.642,0.000,0.6964,-0.0145,2.29,-0.22418,0.210,0.653,0.000,-0.2365,-0.2488,TRACKING,CENTER_LOCKED
1787289555.197,15.6,0.000,0.641,0.691,0.6964,-0.0170,3.60,-0.17590,0.218,0.622,0.000,-0.3056,-0.3202,TRACKING,R+C
1787289555.268,15.6,0.000,0.640,0.686,0.6964,-0.0201,4.73,-0.12919,0.227,0.600,0.000,-0.3323,-0.3492,TRACKING,R+C
1787289555.336,15.6,0.000,0.640,0.686,0.6964,-0.0237,5.79,-0.06782,0.238,0.585,0.000,-0.3448,-0.3638,TRACKING,R+C
1787289555.402,17.0,0.000,0.641,0.682,0.6964,-0.0285,5.68,-0.12827,0.227,0.575,0.000,-0.4196,-0.4411,TRACKING,R+C
1787289555.466,17.0,0.000,0.643,0.689,0.6964,-0.0329,5.79,-0.16206,0.221,0.567,0.000,-0.4828,-0.5067,TRACKING,R+C
1787289555.535,17.0,0.000,0.644,0.686,0.6964,-0.0366,6.28,-0.16434,0.220,0.562,0.000,-0.5254,-0.5515,TRACKING,R+C
1787289555.607,17.0,0.000,0.646,0.672,0.6964,-0.0398,7.09,-0.14008,0.225,0.558,0.000,-0.5465,-0.5747,TRACKING,R+C
1787289555.674,17.0,0.000,0.645,0.678,0.6964,-0.0530,4.40,-0.29018,0.200,0.556,0.000,-0.6624,-0.6934,TRACKING,R+C
1787289555.741,17.0,0.000,0.644,0.675,0.6964,-0.0568,4.61,-0.29295,0.200,0.554,0.000,-0.6956,-0.7284,TRACKING,R+C
1787289555.818,17.0,0.000,0.643,0.673,0.6964,-0.0587,5.35,-0.26556,0.202,0.553,0.000,-0.7109,-0.7452,TRACKING,R+C
1787289555.895,17.0,0.000,0.642,0.676,0.6964,-0.0595,6.67,-0.19365,0.215,0.552,0.000,-0.6678,-0.7035,TRACKING,R+C
1787289555.967,17.0,0.000,0.642,0.673,0.6964,-0.0603,7.63,-0.13335,0.226,0.551,0.000,-0.6792,-0.7159,TRACKING,R+C
1787289556.039,17.0,0.000,0.642,0.673,0.6964,-0.0618,7.42,-0.19046,0.216,0.551,0.000,-0.6954,-0.7331,TRACKING,R+C
1787289556.107,17.0,0.000,0.643,0.675,0.6964,-0.0629,7.42,-0.21595,0.211,0.551,0.000,-0.7297,-0.7682,TRACKING,R+C
1787289556.173,17.0,0.000,0.643,0.675,0.6964,-0.0638,7.54,-0.21974,0.210,0.550,0.000,-0.7417,-0.7808,TRACKING,R+C
1787289556.239,17.0,0.000,0.645,0.675,0.6964,-0.0645,7.75,-0.21249,0.212,0.550,0.000,-0.7429,-0.7825,TRACKING,R+C
1787289556.323,17.0,0.280,0.648,0.675,0.6584,-0.0646,8.24,-0.18593,0.217,0.550,0.000,-0.7249,-0.7649,TRACKING,L+C+R_fused
1787289556.398,17.0,0.000,0.646,0.673,0.6584,-0.0696,6.93,-0.24094,0.207,0.550,0.000,-0.7888,-0.8294,TRACKING,R+C
1787289556.468,14.1,0.000,0.645,0.672,0.6584,-0.0710,6.57,-0.25441,0.204,0.550,0.000,-0.8052,-0.8459,TRACKING,R+C
1787289556.572,14.1,0.271,0.644,0.672,0.6220,-0.0709,6.69,-0.24154,0.207,0.550,0.000,-0.7921,-0.8328,TRACKING,L+C+R_fused
1787289556.658,14.1,0.000,0.642,0.673,0.6220,-0.0695,7.01,-0.21446,0.211,0.550,0.000,-0.7598,-0.8002,TRACKING,R+C
1787289556.733,14.1,0.000,0.642,0.673,0.6220,-0.0679,7.18,-0.18831,0.216,0.550,0.000,-0.7254,-0.7650,TRACKING,R+C
1787289556.805,14.1,0.000,0.642,0.674,0.6220,-0.0662,7.25,-0.17371,0.219,0.550,0.000,-0.7475,-0.7863,TRACKING,R+C
1787289556.903,14.1,0.641,0.641,0.673,0.4037,-0.0640,7.25,-0.17384,0.219,0.550,0.000,-0.7351,-0.7731,TRACKING,L+C+R_fused
1787289556.986,14.1,0.000,0.642,0.674,0.4037,-0.0617,7.27,-0.19438,0.215,0.550,0.000,-0.6954,-0.7329,TRACKING,R+C
1787289557.058,14.1,0.000,0.644,0.675,0.4037,-0.0592,7.65,-0.17287,0.219,0.550,0.000,-0.7157,-0.7526,TRACKING,R+C
1787289557.128,14.1,0.000,0.645,0.674,0.4037,-0.0570,7.85,-0.16106,0.221,0.550,0.000,-0.6950,-0.7313,TRACKING,R+C
1787289557.196,14.1,0.000,0.644,0.674,0.4037,-0.0669,3.99,-0.35423,0.200,0.550,0.000,-0.7595,-0.7960,TRACKING,R+C
1787289557.267,14.1,0.000,0.644,0.674,0.4037,-0.0670,3.29,-0.39763,0.200,0.550,0.000,-0.7493,-0.7854,TRACKING,R+C
1787289557.342,14.1,0.000,0.642,0.673,0.4037,-0.0649,3.04,-0.44203,0.200,0.550,0.000,-0.7349,-0.7705,TRACKING,R+C
1787289557.444,14.1,0.255,0.642,0.673,0.5373,-0.0601,4.10,-0.40932,0.200,0.550,0.000,-0.7216,-0.7565,TRACKING,L+C+R_fused
1787289557.520,12.4,0.000,0.641,0.673,0.5373,-0.0559,5.33,-0.36232,0.200,0.550,0.000,-0.7159,-0.7506,TRACKING,R+C
1787289557.592,12.4,0.000,0.641,0.673,0.5373,-0.0533,6.03,-0.36682,0.200,0.550,0.000,-0.7146,-0.7495,TRACKING,R+C
1787289557.664,12.4,0.000,0.642,0.672,0.5373,-0.0516,6.85,-0.33211,0.200,0.550,0.000,-0.7179,-0.7530,TRACKING,R+C
1787289557.732,12.4,0.000,0.642,0.672,0.5373,-0.0507,7.21,-0.31666,0.200,0.550,0.000,-0.7187,-0.7538,TRACKING,R+C
1787289557.797,12.4,0.000,0.643,0.672,0.5373,-0.0499,7.47,-0.30548,0.200,0.550,0.000,-0.7179,-0.7530,TRACKING,R+C
1787289557.864,12.4,0.000,0.644,0.673,0.5373,-0.0498,7.58,-0.29866,0.200,0.550,0.000,-0.7189,-0.7540,TRACKING,R+C
1787289557.932,12.4,0.000,0.643,0.673,0.5373,-0.0614,3.58,-0.50784,0.200,0.550,0.000,-0.7319,-0.7680,TRACKING,R+C
1787289558.002,12.4,0.000,0.642,0.672,0.5373,-0.0617,3.55,-0.51353,0.200,0.550,0.000,-0.7337,-0.7699,TRACKING,R+C
1787289558.079,12.4,0.000,0.642,0.673,0.5373,-0.0598,4.60,-0.45819,0.200,0.550,0.000,-0.7381,-0.7745,TRACKING,R+C
1787289558.159,12.4,0.000,0.640,0.670,0.5373,-0.0581,5.51,-0.42282,0.200,0.550,0.000,-0.7431,-0.7798,TRACKING,R+C
1787289558.230,12.4,0.000,0.641,0.668,0.5373,-0.0577,5.60,-0.46401,0.200,0.550,0.000,-0.7481,-0.7854,TRACKING,R+C
1787289558.301,12.4,0.000,0.642,0.666,0.5373,-0.0575,5.99,-0.46120,0.200,0.550,0.000,-0.7551,-0.7929,TRACKING,R+C
1787289558.384,12.4,0.000,0.642,0.665,0.5373,-0.0575,6.41,-0.43923,0.200,0.550,0.000,-0.7620,-0.8002,TRACKING,R+C
1787289558.452,12.4,0.000,0.644,0.665,0.5373,-0.0570,7.77,-0.33891,0.200,0.550,0.000,-0.7776,-0.8164,TRACKING,R+C
1787289558.535,13.8,0.371,0.646,0.668,0.5373,-0.0565,9.12,-0.24217,0.206,0.550,0.000,-0.7556,-0.7949,TRACKING,L+C+R_fused
1787289558.606,13.8,0.000,0.644,0.667,0.5373,-0.0679,6.19,-0.38126,0.200,0.550,0.000,-0.8175,-0.8584,TRACKING,R+C
1787289558.685,13.8,0.000,0.643,0.669,0.5373,-0.0708,5.89,-0.39561,0.200,0.550,0.000,-0.8313,-0.8729,TRACKING,R+C
1787289558.765,13.8,0.000,0.643,0.669,0.5373,-0.0703,7.13,-0.31756,0.200,0.550,0.000,-0.8456,-0.8879,TRACKING,R+C
1787289558.837,13.8,0.000,0.642,0.671,0.5373,-0.0696,8.51,-0.21779,0.211,0.550,0.000,-0.7946,-0.8374,TRACKING,R+C
1787289558.909,13.8,0.000,0.642,0.670,0.5373,-0.0706,8.11,-0.28950,0.200,0.550,0.000,-0.8641,-0.9077,TRACKING,R+C
1787289558.980,13.8,0.000,0.643,0.670,0.5373,-0.0714,7.94,-0.32757,0.200,0.550,0.000,-0.8695,-0.9137,TRACKING,R+C
1787289559.052,13.8,0.000,0.644,0.670,0.5373,-0.0718,7.91,-0.33815,0.200,0.550,0.000,-0.8728,-0.9173,TRACKING,R+C
1787289559.124,13.8,0.000,0.644,0.670,0.5373,-0.0721,7.90,-0.34659,0.200,0.550,0.000,-0.8752,-0.9199,TRACKING,R+C
1787289559.192,13.8,0.000,0.646,0.670,0.5373,-0.0713,8.40,-0.31767,0.200,0.550,0.000,-0.8772,-0.9220,TRACKING,R+C
1787289559.261,13.8,0.000,0.644,0.669,0.5373,-0.0888,2.66,-0.60603,0.200,0.550,0.000,-0.8962,-0.9425,TRACKING,R+C
1787289559.332,13.8,0.000,0.644,0.670,0.5373,-0.0905,1.86,-0.65525,0.200,0.550,0.000,-0.8953,-0.9417,TRACKING,R+C
1787289559.403,13.8,0.000,0.643,0.670,0.5373,-0.0863,3.30,-0.57205,0.200,0.550,0.000,-0.8906,-0.9364,TRACKING,R+C
1787289559.476,13.8,0.000,0.641,0.670,0.5373,-0.0824,4.34,-0.53711,0.200,0.550,0.000,-0.8849,-0.9305,TRACKING,R+C
1787289559.552,13.8,0.000,0.640,0.671,0.5373,-0.0800,4.51,-0.58059,0.200,0.550,0.000,-0.8786,-0.9242,TRACKING,R+C
1787289559.625,13.8,0.000,0.643,0.671,0.5373,-0.0773,5.47,-0.53456,0.200,0.550,0.000,-0.8770,-0.9225,TRACKING,R+C
1787289559.697,13.8,0.000,0.643,0.670,0.5373,-0.0752,6.27,-0.48061,0.200,0.550,0.000,-0.8754,-0.9206,TRACKING,R+C
1787289559.791,13.8,0.296,0.644,0.670,0.6649,-0.0741,6.52,-0.46165,0.200,0.550,0.000,-0.8716,-0.9165,TRACKING,L+C+R_fused
1787289559.863,13.8,0.000,0.645,0.671,0.6649,-0.0720,7.24,-0.40945,0.200,0.550,0.000,-0.8680,-0.9126,TRACKING,R+C
1787289559.953,13.8,0.646,0.645,0.673,0.4486,-0.0879,2.12,-0.64249,0.200,0.550,0.000,-0.8842,-0.9298,TRACKING,L+C+R_fused
1787289560.033,13.8,0.000,0.644,0.666,0.4486,-0.0860,2.47,-0.61832,0.200,0.550,0.000,-0.8776,-0.9227,TRACKING,R+C
1787289560.109,13.8,0.000,0.643,0.668,0.4486,-0.0818,3.63,-0.55801,0.200,0.550,0.000,-0.8698,-0.9143,TRACKING,R+C
1787289560.190,13.8,0.000,0.641,0.671,0.4486,-0.0772,4.99,-0.48712,0.200,0.550,0.000,-0.8620,-0.9059,TRACKING,R+C
1787289560.261,13.8,0.000,0.641,0.671,0.4486,-0.0747,4.71,-0.57968,0.200,0.550,0.000,-0.8516,-0.8955,TRACKING,R+C
1787289560.331,13.8,0.000,0.641,0.671,0.4486,-0.0719,5.49,-0.53661,0.200,0.550,0.000,-0.8457,-0.8892,TRACKING,R+C
1787289560.423,13.8,0.644,0.644,0.667,0.4422,-0.0694,6.41,-0.43864,0.200,0.550,0.000,-0.8385,-0.8811,TRACKING,L+C+R_fused
1787289560.491,13.8,0.000,0.646,0.673,0.4422,-0.0675,6.22,-0.40316,0.200,0.550,0.000,-0.8186,-0.8597,TRACKING,R+C
1787289560.572,12.8,0.737,0.650,0.670,0.0836,-0.0641,7.33,-0.26271,0.203,0.550,0.000,-0.7885,-0.8280,TRACKING,L+C+R_fused
1787289560.638,12.8,0.000,0.648,0.666,0.0836,-0.0709,4.84,-0.30722,0.200,0.550,0.000,-0.7988,-0.8375,TRACKING,R+C
1787289560.705,12.8,0.000,0.647,0.673,0.0836,-0.0687,4.71,-0.25270,0.205,0.550,0.000,-0.7486,-0.7855,TRACKING,R+C
1787289560.776,12.8,0.000,0.646,0.675,0.0836,-0.0646,4.90,-0.19271,0.215,0.550,0.000,-0.6612,-0.6960,TRACKING,R+C
1787289560.853,12.8,0.000,0.644,0.679,0.0836,-0.0594,5.24,-0.12643,0.227,0.550,0.000,-0.6067,-0.6391,TRACKING,R+C
1787289560.925,12.8,0.000,0.643,0.685,0.0836,-0.0527,5.31,-0.08429,0.235,0.550,0.000,-0.5281,-0.5575,TRACKING,R+C
1787289560.996,12.8,0.000,0.644,0.685,0.0836,-0.0462,5.00,-0.07716,0.236,0.550,0.000,-0.4742,-0.5006,TRACKING,R+C
1787289561.061,12.8,0.000,0.645,0.699,0.0836,-0.0401,4.54,-0.07377,0.237,0.550,0.000,-0.4211,-0.4444,TRACKING,R+C
1787289561.109,12.8,0.000,0.648,0.000,0.0836,-0.0346,3.54,-0.11217,0.230,0.550,0.000,-0.3862,-0.4064,TRACKING,CENTER_LOCKED
1787289561.168,12.8,0.000,0.647,0.000,0.0836,-0.0299,2.78,-0.13566,0.226,0.550,0.000,-0.3479,-0.3654,TRACKING,CENTER_LOCKED
1787289561.221,12.8,0.000,0.648,0.000,0.0836,-0.0241,2.80,-0.10889,0.230,0.550,0.000,-0.2884,-0.3034,TRACKING,CENTER_LOCKED
1787289561.274,12.8,0.000,0.647,0.000,0.0836,-0.0219,1.85,-0.13068,0.226,0.550,0.000,-0.2571,-0.2701,TRACKING,CENTER_LOCKED
1787289561.328,12.8,0.000,0.646,0.000,0.0836,-0.0188,1.38,-0.14171,0.224,0.616,0.000,-0.2251,-0.2363,TRACKING,CENTER_LOCKED
1787289561.380,12.8,0.000,0.645,0.000,0.0836,-0.0141,1.37,-0.14258,0.224,0.667,0.000,-0.1888,-0.1983,TRACKING,CENTER_LOCKED
1787289561.435,12.8,0.000,0.645,0.000,0.0836,-0.0098,1.49,-0.14023,0.225,0.708,0.000,-0.1585,-0.1666,TRACKING,CENTER_LOCKED
1787289561.494,12.8,0.000,0.644,0.000,0.0836,-0.0059,1.55,-0.15034,0.223,0.739,0.000,-0.1340,-0.1408,TRACKING,CENTER_LOCKED
1787289561.550,12.8,0.000,0.643,0.000,0.0836,-0.0017,1.73,-0.15658,0.222,0.763,0.000,-0.1090,-0.1147,TRACKING,CENTER_LOCKED
1787289561.603,16.5,0.000,0.643,0.000,0.0836,0.0025,2.17,-0.14773,0.223,0.782,0.000,-0.0868,-0.0914,TRACKING,CENTER_LOCKED
1787289561.658,16.5,0.000,0.643,0.000,0.0836,0.0056,2.52,-0.14193,0.224,0.797,0.000,-0.0717,-0.0756,TRACKING,CENTER_LOCKED
1787289561.709,16.5,0.000,0.644,0.000,0.0836,0.0076,2.30,-0.21382,0.212,0.723,0.000,-0.0362,-0.0401,TRACKING,CENTER_LOCKED
1787289561.760,16.5,0.000,0.644,0.000,0.0836,0.0090,2.36,-0.25136,0.205,0.671,0.000,-0.0341,-0.0381,TRACKING,CENTER_LOCKED
1787289561.808,16.5,0.000,0.648,0.000,0.0836,0.0093,1.81,-0.33287,0.200,0.635,0.000,-0.0293,-0.0335,TRACKING,CENTER_LOCKED
1787289561.858,16.5,0.000,0.648,0.000,0.0836,0.0101,2.23,-0.34267,0.200,0.609,0.000,-0.0371,-0.0417,TRACKING,CENTER_LOCKED
1787289561.906,16.5,0.000,0.646,0.000,0.0836,0.0103,3.40,-0.28858,0.200,0.592,0.000,-0.0644,-0.0701,TRACKING,CENTER_LOCKED
1787289561.955,16.5,0.000,0.646,0.000,0.0836,0.0098,5.23,-0.19474,0.215,0.579,0.000,-0.0987,-0.1062,TRACKING,CENTER_LOCKED
1787289562.006,16.5,0.000,0.643,0.000,0.0836,-0.0044,2.58,-0.33570,0.200,0.570,0.000,-0.1910,-0.2015,TRACKING,CENTER_LOCKED
1787289562.057,16.5,0.000,0.642,0.000,0.0836,-0.0123,1.59,-0.40166,0.200,0.564,0.000,-0.2474,-0.2603,TRACKING,CENTER_LOCKED
1787289562.110,16.5,0.000,0.643,0.000,0.0836,-0.0169,2.06,-0.39717,0.200,0.560,0.000,-0.3054,-0.3208,TRACKING,CENTER_LOCKED
1787289562.166,16.5,0.000,0.641,0.000,0.0836,-0.0196,2.99,-0.36962,0.200,0.557,0.000,-0.3546,-0.3720,TRACKING,CENTER_LOCKED
1787289562.270,16.5,0.641,0.641,0.676,0.3499,-0.0218,4.78,-0.27557,0.200,0.555,0.000,-0.4126,-0.4324,TRACKING,L+C+R_fused
1787289562.367,16.5,0.640,0.643,0.674,0.3806,-0.0269,5.79,-0.22798,0.209,0.553,0.000,-0.4440,-0.4665,TRACKING,L+C+R_fused
1787289562.434,16.5,0.000,0.647,0.674,0.3806,-0.0333,6.21,-0.24710,0.206,0.552,0.000,-0.5241,-0.5500,TRACKING,R+C
1787289562.527,16.5,0.643,0.648,0.670,0.4150,-0.0394,6.87,-0.24013,0.207,0.552,0.000,-0.5814,-0.6106,TRACKING,L+C+R_fused
1787289562.603,16.0,0.000,0.661,0.667,0.4150,-0.0462,8.00,-0.19044,0.216,0.551,0.000,-0.6075,-0.6404,TRACKING,R+C
1787289562.693,16.0,0.644,0.662,0.000,0.4150,-0.0541,8.55,-0.17144,0.219,0.551,0.000,-0.7072,-0.7436,TRACKING,L+C
1787289562.764,16.0,0.000,0.657,0.675,0.4150,-0.0660,7.25,-0.26219,0.203,0.551,0.000,-0.7982,-0.8383,TRACKING,R+C
1787289562.851,16.0,0.000,0.650,0.676,0.4150,-0.0742,7.01,-0.30120,0.200,0.550,0.000,-0.8644,-0.9078,TRACKING,R+C
1787289562.927,16.0,0.000,0.646,0.673,0.4150,-0.0803,7.64,-0.28716,0.200,0.550,0.000,-0.9104,-0.9569,TRACKING,R+C
1787289563.025,16.0,0.644,0.644,0.673,0.4562,-0.0856,8.09,-0.29461,0.200,0.550,0.000,-0.9484,-0.9977,TRACKING,L+C+R_fused
1787289563.095,16.0,0.000,0.645,0.675,0.4562,-0.0897,8.48,-0.29390,0.200,0.550,0.000,-0.9766,-1.0000,TRACKING,R+C
1787289563.187,16.0,0.648,0.646,0.678,0.4205,-0.0925,8.75,-0.29061,0.200,0.550,0.000,-0.9946,-1.0000,TRACKING,L+C+R_fused
1787289563.258,16.0,0.000,0.648,0.674,0.4205,-0.0939,8.92,-0.28688,0.200,0.550,0.000,-1.0000,-1.0000,TRACKING,R+C
1787289563.326,16.0,0.000,0.648,0.679,0.4205,-0.0945,9.06,-0.28052,0.200,0.550,0.000,-1.0000,-1.0000,TRACKING,R+C
1787289563.396,16.0,0.000,0.647,0.676,0.4205,-0.1066,4.77,-0.51067,0.200,0.550,0.000,-1.0000,-1.0000,TRACKING,R+C
1787289563.466,16.0,0.000,0.646,0.672,0.4205,-0.1076,3.95,-0.55976,0.200,0.550,0.000,-1.0000,-1.0000,TRACKING,R+C
1787289563.538,16.0,0.000,0.645,0.670,0.4205,-0.1056,3.97,-0.57736,0.200,0.550,0.000,-1.0000,-1.0000,TRACKING,R+C
1787289563.614,12.9,0.000,0.643,0.666,0.4205,-0.1020,4.37,-0.58369,0.200,0.550,0.000,-0.9943,-1.0000,TRACKING,R+C
1787289563.689,12.9,0.000,0.642,0.667,0.4205,-0.0991,4.22,-0.64358,0.200,0.550,0.000,-0.9827,-1.0000,TRACKING,R+C
1787289563.760,12.9,0.000,0.642,0.666,0.4205,-0.0959,4.70,-0.62283,0.200,0.550,0.000,-0.9732,-1.0000,TRACKING,R+C
1787289563.829,12.9,0.000,0.643,0.673,0.4205,-0.0925,5.11,-0.58383,0.200,0.550,0.000,-0.9592,-1.0000,TRACKING,R+C
1787289563.896,12.9,0.000,0.644,0.674,0.4205,-0.0894,4.65,-0.60125,0.200,0.550,0.000,-0.9363,-0.9860,TRACKING,R+C
1787289563.968,12.9,0.000,0.645,0.671,0.4205,-0.0856,4.64,-0.59440,0.200,0.550,0.000,-0.9148,-0.9629,TRACKING,R+C
1787289564.036,12.9,0.000,0.646,0.668,0.4205,-0.0816,5.29,-0.52946,0.200,0.550,0.000,-0.8979,-0.9446,TRACKING,R+C
1787289564.103,12.9,0.000,0.645,0.369,0.4205,-0.0947,-0.41,-0.80313,0.200,0.465,0.000,-0.8917,-0.9382,TRACKING,R+C
1787289564.174,12.9,0.000,0.644,0.666,0.4205,-0.0915,-0.93,-0.82331,0.200,0.423,0.000,-0.8650,-0.9098,TRACKING,R+C
1787289564.254,12.9,0.000,0.642,0.671,0.4205,-0.0833,0.63,-0.73135,0.200,0.401,0.000,-0.8369,-0.8797,TRACKING,R+C
1787289564.360,12.9,0.642,0.641,0.691,0.3666,-0.0762,0.98,-0.75466,0.200,0.391,0.000,-0.8018,-0.8428,TRACKING,L+C+R_fused
1787289564.411,12.9,0.000,0.639,0.000,0.3666,-0.0697,0.92,-0.84452,0.200,0.385,0.000,-0.7689,-0.8086,TRACKING,CENTER_LOCKED
1787289564.463,12.9,0.000,0.638,0.000,0.3666,-0.0636,1.93,-0.80863,0.200,0.383,0.000,-0.7467,-0.7853,TRACKING,CENTER_LOCKED
1787289564.514,12.9,0.000,0.642,0.000,0.3666,-0.0587,3.04,-0.71805,0.200,0.381,0.000,-0.7271,-0.7643,TRACKING,CENTER_LOCKED
1787289564.584,12.9,0.000,0.642,0.665,0.3666,-0.0555,3.28,-0.68211,0.200,0.381,0.000,-0.7056,-0.7415,TRACKING,R+C
1787289564.657,14.4,0.000,0.644,0.674,0.3666,-0.0520,4.29,-0.59502,0.200,0.380,0.000,-0.6934,-0.7283,TRACKING,R+C
1787289564.738,14.4,0.331,0.645,0.678,0.3666,-0.0486,5.72,-0.48837,0.200,0.380,0.000,-0.6901,-0.7246,TRACKING,L+C+R_fused
1787289564.804,14.4,0.000,0.645,0.678,0.3666,-0.0600,2.34,-0.62568,0.200,0.380,0.000,-0.7072,-0.7425,TRACKING,R+C
1787289564.875,14.4,0.000,0.645,0.678,0.3666,-0.0586,3.33,-0.54271,0.200,0.380,0.000,-0.7103,-0.7454,TRACKING,R+C
1787289564.955,14.4,0.000,0.645,0.676,0.3666,-0.0548,5.31,-0.40066,0.200,0.380,0.000,-0.7122,-0.7469,TRACKING,R+C
1787289565.028,14.4,0.000,0.642,0.674,0.3666,-0.0515,7.09,-0.27056,0.201,0.380,0.000,-0.7075,-0.7420,TRACKING,R+C
1787289565.097,14.4,0.000,0.642,0.673,0.3666,-0.0497,8.48,-0.14684,0.224,0.380,0.000,-0.6527,-0.6870,TRACKING,R+C
1787289565.163,14.4,0.000,0.642,0.671,0.3666,-0.0497,8.74,-0.12397,0.228,0.380,0.000,-0.6352,-0.6696,TRACKING,R+C
1787289565.229,14.4,0.000,0.644,0.674,0.3666,-0.0499,8.90,-0.08166,0.235,0.417,0.000,-0.5994,-0.6334,TRACKING,R+C
1787289565.296,14.4,0.000,0.645,0.674,0.3666,-0.0505,8.83,-0.04987,0.241,0.447,0.000,-0.5712,-0.6049,TRACKING,R+C
1787289565.368,14.4,0.000,0.647,0.668,0.3666,-0.0507,8.81,-0.01354,0.248,0.469,0.000,-0.5399,-0.5731,TRACKING,R+C
1787289565.439,14.4,0.000,0.649,0.674,0.3666,-0.0500,8.87,0.02736,0.245,0.487,0.000,-0.5405,-0.5729,TRACKING,R+C
1787289565.507,14.4,0.000,0.647,0.683,0.3666,-0.0525,7.52,-0.00384,0.249,0.501,0.000,-0.5119,-0.5436,TRACKING,R+C
1787289565.578,14.4,0.000,0.645,0.674,0.3666,-0.0520,6.99,0.00390,0.249,0.512,0.000,-0.4956,-0.5261,TRACKING,R+C
1787289565.667,13.9,0.000,0.644,0.669,0.3666,-0.0509,6.53,0.01174,0.248,0.520,0.000,-0.4822,-0.5114,TRACKING,R+C
1787289565.739,13.9,0.000,0.642,0.680,0.3666,-0.0490,6.13,0.02932,0.245,0.593,0.000,-0.4701,-0.4977,TRACKING,R+C
1787289565.814,13.9,0.000,0.642,0.680,0.3666,-0.0471,5.65,0.03505,0.244,0.649,0.000,-0.4499,-0.4759,TRACKING,R+C
1787289565.884,13.9,0.000,0.643,0.683,0.3666,-0.0447,4.89,0.01113,0.248,0.693,0.000,-0.4073,-0.4316,TRACKING,R+C
1787289565.952,13.9,0.000,0.644,0.681,0.3666,-0.0416,4.46,0.00717,0.249,0.728,0.000,-0.3766,-0.3991,TRACKING,R+C
1787289566.020,13.9,0.000,0.645,0.686,0.3666,-0.0383,4.01,0.00332,0.249,0.755,0.000,-0.3447,-0.3653,TRACKING,R+C
1787289566.084,13.9,0.000,0.647,0.686,0.3666,-0.0341,3.69,0.00814,0.249,0.776,0.000,-0.3132,-0.3317,TRACKING,R+C
1787289566.133,13.9,0.000,0.645,0.000,0.3666,-0.0306,3.03,-0.00518,0.249,0.792,0.000,-0.2759,-0.2922,TRACKING,CENTER_LOCKED
1787289566.183,13.9,0.000,0.645,0.000,0.3666,-0.0268,2.75,-0.00476,0.249,0.805,0.000,-0.2447,-0.2591,TRACKING,CENTER_LOCKED
1787289566.234,13.9,0.000,0.644,0.000,0.3666,-0.0228,2.48,-0.00579,0.249,0.815,0.000,-0.2130,-0.2256,TRACKING,CENTER_LOCKED
1787289566.292,13.9,0.000,0.643,0.000,0.3666,-0.0193,2.30,-0.00309,0.249,0.823,0.000,-0.1855,-0.1964,TRACKING,CENTER_LOCKED
1787289566.346,13.9,0.000,0.642,0.000,0.3666,-0.0157,2.18,0.00034,0.250,0.829,0.000,-0.1580,-0.1673,TRACKING,CENTER_LOCKED
1787289566.400,13.9,0.000,0.642,0.000,0.3666,-0.0128,2.10,0.00543,0.249,0.833,0.000,-0.1377,-0.1457,TRACKING,CENTER_LOCKED
1787289566.454,13.9,0.000,0.642,0.000,0.3666,-0.0096,2.04,0.01380,0.248,0.837,0.000,-0.1156,-0.1222,TRACKING,CENTER_LOCKED
1787289566.509,13.9,0.000,0.642,0.000,0.3666,-0.0061,2.00,0.02635,0.245,0.840,0.000,-0.0911,-0.0962,TRACKING,CENTER_LOCKED
1787289566.561,13.9,0.000,0.642,0.000,0.3666,-0.0031,1.98,0.04175,0.242,0.842,0.000,-0.0691,-0.0728,TRACKING,CENTER_LOCKED
1787289566.627,13.9,0.000,0.643,0.662,0.3666,0.0001,1.78,0.03672,0.243,0.844,0.000,-0.0423,-0.0445,TRACKING,R+C
1787289566.691,16.6,0.000,0.644,0.656,0.3666,0.0037,1.39,0.01271,0.248,0.845,0.000,-0.0117,-0.0123,TRACKING,R+C
1787289566.760,16.6,0.000,0.646,0.632,0.3666,0.0074,0.80,-0.03128,0.244,0.846,0.000,0.0212,0.0222,TRACKING,R+C
1787289566.827,16.6,0.000,0.649,0.352,0.3666,0.0120,1.12,-0.01396,0.247,0.847,0.000,0.0450,0.0475,TRACKING,R+C
1787289566.877,16.6,0.000,0.646,0.000,0.3666,0.0179,2.14,0.04075,0.243,0.848,0.000,0.0683,0.0722,TRACKING,CENTER_LOCKED
1787289566.943,16.6,0.000,0.645,0.657,0.3666,0.0211,2.56,0.06697,0.238,0.848,0.000,0.0868,0.0916,TRACKING,R+C
1787289567.017,16.6,0.000,0.644,0.653,0.3666,0.0215,2.18,0.05257,0.241,0.849,0.000,0.0959,0.1013,TRACKING,R+C
1787289567.096,16.6,0.000,0.643,0.651,0.3666,0.0219,1.66,0.02230,0.246,0.849,0.000,0.1027,0.1087,TRACKING,R+C
1787289567.169,16.6,0.000,0.642,0.517,0.3666,0.0228,1.32,-0.00206,0.250,0.849,0.000,0.1100,0.1164,TRACKING,R+C
1787289567.222,16.6,0.000,0.642,0.000,0.3666,0.0240,1.23,-0.01358,0.248,0.849,0.000,0.1201,0.1270,TRACKING,CENTER_LOCKED
1787289567.274,16.6,0.000,0.642,0.000,0.3666,0.0253,1.15,-0.02540,0.245,0.849,0.000,0.1305,0.1378,TRACKING,CENTER_LOCKED
1787289567.324,16.6,0.000,0.643,0.000,0.3666,0.0264,1.22,-0.01772,0.247,0.850,0.000,0.1358,0.1435,TRACKING,CENTER_LOCKED
1787289567.376,16.6,0.000,0.645,0.000,0.3666,0.0274,1.33,-0.00787,0.249,0.850,0.000,0.1390,0.1471,TRACKING,CENTER_LOCKED
1787289567.438,16.6,0.000,0.646,0.389,0.3666,0.0280,1.59,0.01335,0.248,0.850,0.000,0.1413,0.1495,TRACKING,R+C
1787289567.487,16.6,0.000,0.647,0.000,0.3666,0.0283,1.85,0.03564,0.244,0.850,0.000,0.1446,0.1528,TRACKING,CENTER_LOCKED
1787289567.542,16.6,0.000,0.646,0.000,0.3666,0.0188,-1.22,-0.11692,0.229,0.850,0.000,0.1556,0.1628,TRACKING,CENTER_LOCKED
1787289567.592,16.6,0.000,0.645,0.000,0.3666,0.0144,-2.68,-0.20020,0.214,0.760,0.000,0.1712,0.1779,TRACKING,CENTER_LOCKED
1787289567.643,16.6,0.000,0.645,0.000,0.3666,0.0146,-2.73,-0.22434,0.210,0.697,0.000,0.1772,0.1837,TRACKING,CENTER_LOCKED
1787289567.698,16.9,0.000,0.645,0.000,0.3666,0.0163,-2.11,-0.20732,0.213,0.653,0.000,0.1721,0.1785,TRACKING,CENTER_LOCKED
1787289567.751,16.9,0.000,0.644,0.000,0.3666,0.0180,-1.40,-0.18600,0.217,0.622,0.000,0.1571,0.1634,TRACKING,CENTER_LOCKED
1787289567.806,16.9,0.000,0.642,0.000,0.3666,0.0204,0.06,-0.09854,0.232,0.600,0.000,0.1279,0.1340,TRACKING,CENTER_LOCKED
1787289567.861,16.9,0.000,0.641,0.000,0.3666,0.0214,0.55,-0.09703,0.233,0.585,0.000,0.1199,0.1257,TRACKING,CENTER_LOCKED
1787289567.912,16.9,0.000,0.641,0.000,0.3666,0.0217,1.29,-0.04817,0.241,0.575,0.000,0.1021,0.1075,TRACKING,CENTER_LOCKED
1787289567.981,16.9,0.000,0.643,0.266,0.3666,0.0208,1.14,-0.08081,0.235,0.567,0.000,0.0984,0.1033,TRACKING,R+C
1787289568.047,16.9,0.000,0.646,0.672,0.3666,0.0191,1.21,-0.07220,0.237,0.562,0.000,0.0850,0.0892,TRACKING,R+C
1787289568.113,16.9,0.000,0.647,0.668,0.3666,0.0176,1.61,-0.03904,0.243,0.558,0.000,0.0660,0.0695,TRACKING,R+C
1787289568.182,16.9,0.000,0.648,0.666,0.3666,0.0164,2.14,0.00613,0.249,0.556,0.000,0.0491,0.0519,TRACKING,R+C
1787289568.232,16.9,0.000,0.647,0.000,0.3666,0.0194,4.12,0.11994,0.228,0.554,0.000,0.0426,0.0451,TRACKING,CENTER_LOCKED
1787289568.282,16.9,0.000,0.647,0.000,0.3666,0.0146,3.02,0.06348,0.239,0.619,0.000,0.0264,0.0280,TRACKING,CENTER_LOCKED
1787289568.332,16.9,0.000,0.646,0.000,0.3666,0.0125,2.61,0.04031,0.243,0.670,0.000,0.0186,0.0198,TRACKING,CENTER_LOCKED
1787289568.386,16.9,0.000,0.644,0.000,0.3666,0.0112,2.39,0.02969,0.245,0.710,0.000,0.0139,0.0147,TRACKING,CENTER_LOCKED
1787289568.465,16.9,0.000,0.643,0.656,0.3666,0.0101,2.16,0.01365,0.248,0.740,0.000,0.0090,0.0096,TRACKING,R+C
1787289568.537,16.9,0.000,0.642,0.590,0.3666,0.0097,2.11,0.01049,0.248,0.765,0.000,0.0075,0.0080,TRACKING,R+C
1787289568.595,16.9,0.000,0.642,0.000,0.3666,0.0094,2.05,0.00521,0.249,0.783,0.000,0.0061,0.0065,TRACKING,CENTER_LOCKED
1787289568.646,16.9,0.000,0.640,0.000,0.3666,0.0092,2.11,0.01432,0.247,0.798,0.000,0.0050,0.0053,TRACKING,CENTER_LOCKED
1787289568.696,16.9,0.000,0.643,0.000,0.3666,0.0089,2.01,0.00223,0.250,0.809,0.000,0.0036,0.0038,TRACKING,CENTER_LOCKED
1787289568.745,17.2,0.000,0.644,0.000,0.3666,0.0088,1.99,-0.00033,0.250,0.818,0.000,0.0029,0.0030,TRACKING,CENTER_LOCKED
1787289568.808,17.2,0.000,0.644,0.617,0.3666,0.0082,2.01,0.00404,0.249,0.825,0.000,-0.0007,-0.0007,TRACKING,R+C
1787289568.858,17.2,0.000,0.645,0.000,0.3666,0.0081,1.98,0.00123,0.250,0.831,0.000,-0.0008,-0.0009,TRACKING,CENTER_LOCKED
1787289568.905,17.2,0.000,0.648,0.000,0.3666,0.0081,2.13,0.01290,0.248,0.835,0.000,-0.0028,-0.0030,TRACKING,CENTER_LOCKED
1787289568.956,17.2,0.000,0.645,0.000,0.3666,0.0061,1.63,-0.00375,0.249,0.838,0.000,-0.0053,-0.0056,TRACKING,CENTER_LOCKED
1787289569.006,17.2,0.000,0.644,0.000,0.3666,0.0054,1.31,-0.02121,0.246,0.841,0.000,-0.0046,-0.0049,TRACKING,CENTER_LOCKED
1787289569.061,17.2,0.000,0.644,0.000,0.3666,0.0054,1.22,-0.02769,0.245,0.843,0.000,-0.0037,-0.0040,TRACKING,CENTER_LOCKED
1787289569.132,17.2,0.000,0.643,0.348,0.3666,0.0058,1.27,-0.02479,0.246,0.844,0.000,-0.0015,-0.0017,TRACKING,R+C
1787289569.204,17.2,0.000,0.642,0.657,0.3666,0.0068,1.63,-0.00000,0.250,0.846,0.000,0.0000,0.0000,TRACKING,R+C
1787289569.258,17.2,0.000,0.641,0.000,0.3666,0.0069,1.39,-0.02750,0.245,0.847,0.000,0.0017,0.0017,TRACKING,CENTER_LOCKED
1787289569.310,17.2,0.000,0.642,0.000,0.3666,0.0071,1.47,-0.02102,0.246,0.847,0.000,0.0019,0.0019,TRACKING,CENTER_LOCKED
1787289569.363,17.2,0.000,0.641,0.000,0.3666,0.0063,0.49,-0.14204,0.224,0.848,0.000,0.0011,0.0006,TRACKING,CENTER_LOCKED
1787289569.413,17.2,0.000,0.642,0.000,0.3666,0.0066,1.01,-0.08278,0.235,0.848,0.000,-0.0003,-0.0006,TRACKING,CENTER_LOCKED
1787289569.463,17.2,0.000,0.645,0.000,0.3666,0.0070,1.36,-0.04578,0.242,0.849,0.000,0.0001,-0.0001,TRACKING,CENTER_LOCKED
1787289569.530,17.2,0.000,0.645,0.663,0.3666,0.0070,1.32,-0.04236,0.242,0.849,0.000,0.0015,0.0014,TRACKING,R+C
1787289569.597,17.2,0.000,0.648,0.657,0.3666,0.0071,1.46,-0.02360,0.246,0.849,0.000,0.0021,0.0021,TRACKING,R+C
1787289569.665,17.2,0.000,0.645,0.451,0.3666,0.0062,1.18,-0.02753,0.245,0.849,0.000,0.0032,0.0033,TRACKING,R+C
1787289569.715,17.2,0.000,0.644,0.000,0.3666,0.0046,0.41,-0.06404,0.238,0.850,0.000,0.0069,0.0070,TRACKING,CENTER_LOCKED
1787289569.768,17.6,0.000,0.644,0.000,0.3666,0.0050,0.12,-0.08700,0.234,0.850,0.000,0.0144,0.0148,TRACKING,CENTER_LOCKED
1787289569.823,17.6,0.000,0.643,0.000,0.3666,0.0061,0.30,-0.07698,0.236,0.850,0.000,0.0184,0.0191,TRACKING,CENTER_LOCKED
1787289569.902,17.6,0.000,0.642,0.670,0.3666,0.0071,0.48,-0.07116,0.237,0.850,0.000,0.0215,0.0224,TRACKING,R+C
1787289569.957,17.6,0.000,0.641,0.000,0.3666,0.0076,0.28,-0.10425,0.231,0.850,0.000,0.0258,0.0267,TRACKING,CENTER_LOCKED
1787289570.028,17.6,0.000,0.641,0.678,0.3666,0.0083,0.21,-0.13842,0.225,0.850,0.000,0.0270,0.0278,TRACKING,R+C
1787289570.096,17.6,0.000,0.642,0.664,0.3666,0.0096,0.89,-0.08997,0.234,0.850,0.000,0.0243,0.0252,TRACKING,R+C
1787289570.149,17.6,0.000,0.645,0.000,0.3666,0.0102,1.32,-0.04889,0.241,0.850,0.000,0.0220,0.0231,TRACKING,CENTER_LOCKED
1787289570.198,17.6,0.000,0.647,0.000,0.3666,0.0104,1.51,-0.02567,0.245,0.850,0.000,0.0220,0.0232,TRACKING,CENTER_LOCKED
1787289570.246,17.6,0.000,0.648,0.000,0.3666,0.0105,1.33,-0.03532,0.244,0.850,0.000,0.0261,0.0274,TRACKING,CENTER_LOCKED
1787289570.297,17.6,0.000,0.648,0.000,0.3666,0.0012,-2.04,-0.20611,0.213,0.760,0.000,0.0377,0.0384,TRACKING,CENTER_LOCKED
1787289570.362,17.6,0.000,0.647,0.285,0.3666,0.0020,-1.91,-0.19614,0.215,0.697,0.000,0.0412,0.0421,TRACKING,R+C
1787289570.427,17.6,0.000,0.646,0.304,0.3666,0.0041,-1.42,-0.17139,0.219,0.653,0.000,0.0427,0.0440,TRACKING,R+C
1787289570.481,17.6,0.000,0.645,0.000,0.3666,0.0059,-1.10,-0.16226,0.221,0.622,0.000,0.0477,0.0493,TRACKING,CENTER_LOCKED
1787289570.534,17.6,0.000,0.644,0.000,0.3666,0.0086,-0.19,-0.10470,0.231,0.600,0.000,0.0478,0.0498,TRACKING,CENTER_LOCKED
1787289570.591,17.6,0.000,0.643,0.000,0.3666,0.0104,0.25,-0.08620,0.234,0.585,0.000,0.0501,0.0524,TRACKING,CENTER_LOCKED
1787289570.643,17.6,0.000,0.642,0.000,0.3666,0.0120,0.55,-0.07014,0.237,0.575,0.000,0.0540,0.0566,TRACKING,CENTER_LOCKED
1787289570.697,17.6,0.000,0.642,0.000,0.3666,0.0131,0.69,-0.06579,0.238,0.567,0.000,0.0587,0.0616,TRACKING,CENTER_LOCKED
1787289570.750,17.6,0.000,0.642,0.000,0.3666,0.0151,2.00,0.08629,0.234,0.562,0.000,0.0673,0.0711,TRACKING,CENTER_LOCKED
1787289570.802,17.4,0.000,0.644,0.000,0.3666,0.0163,1.83,0.05634,0.240,0.558,0.000,0.0712,0.0752,TRACKING,CENTER_LOCKED
1787289570.850,17.4,0.000,0.645,0.000,0.3666,0.0173,1.78,0.04284,0.242,0.623,0.000,0.0756,0.0799,TRACKING,CENTER_LOCKED
1787289570.900,17.4,0.000,0.645,0.000,0.3666,0.0185,1.80,0.03969,0.243,0.673,0.000,0.0821,0.0868,TRACKING,CENTER_LOCKED
1787289570.948,17.4,0.000,0.647,0.000,0.3666,0.0195,1.77,0.03441,0.244,0.712,0.000,0.0880,0.0930,TRACKING,CENTER_LOCKED
1787289571.001,17.4,0.000,0.648,0.000,0.3666,0.0204,1.68,0.02595,0.245,0.742,0.000,0.0934,0.0987,TRACKING,CENTER_LOCKED
1787289571.052,17.4,0.000,0.646,0.000,0.3666,0.0185,0.67,-0.02622,0.245,0.766,0.000,0.0990,0.1045,TRACKING,CENTER_LOCKED
1787289571.120,17.4,0.000,0.645,0.266,0.3666,0.0183,0.32,-0.04860,0.241,0.784,0.000,0.1065,0.1121,TRACKING,R+C
1787289571.192,17.4,0.000,0.644,0.294,0.3666,0.0186,0.23,-0.06005,0.239,0.799,0.000,0.1107,0.1164,TRACKING,R+C
1787289571.255,17.4,0.000,0.642,0.000,0.3666,0.0195,0.47,-0.05157,0.241,0.810,0.000,0.1105,0.1163,TRACKING,CENTER_LOCKED
1787289571.318,17.4,0.000,0.642,0.000,0.3666,0.0205,0.74,-0.04045,0.243,0.819,0.000,0.1097,0.1156,TRACKING,CENTER_LOCKED
1787289571.372,17.4,0.000,0.641,0.000,0.3666,0.0211,1.05,-0.02150,0.246,0.826,0.000,0.1057,0.1117,TRACKING,CENTER_LOCKED
1787289571.427,17.4,0.000,0.641,0.000,0.3666,0.0215,1.24,-0.00948,0.248,0.831,0.000,0.1040,0.1100,TRACKING,CENTER_LOCKED
1787289571.492,17.4,0.000,0.641,0.267,0.3666,0.0217,1.30,-0.00232,0.250,0.835,0.000,0.1038,0.1098,TRACKING,R+C
1787289571.557,17.4,0.000,0.644,0.530,0.3666,0.0219,1.36,-0.01002,0.248,0.838,0.000,0.1030,0.1089,TRACKING,R+C
1787289571.605,17.4,0.000,0.646,0.000,0.3666,0.0218,1.56,-0.00342,0.249,0.841,0.000,0.0974,0.1030,TRACKING,CENTER_LOCKED
1787289571.690,17.4,0.647,0.647,0.645,0.3666,0.0215,1.71,0.00345,0.249,0.843,0.000,0.0928,0.0982,TRACKING,L+C+R_fused
1787289571.740,17.4,0.000,0.646,0.000,0.3666,0.0212,2.02,0.01967,0.246,0.845,0.000,0.0872,0.0923,TRACKING,CENTER_LOCKED
1787289571.793,17.4,0.000,0.645,0.000,0.3666,0.0199,1.94,0.01371,0.248,0.846,0.000,0.0791,0.0837,TRACKING,CENTER_LOCKED
1787289571.845,17.3,0.000,0.644,0.000,0.3666,0.0179,1.55,-0.01242,0.248,0.847,0.000,0.0719,0.0760,TRACKING,CENTER_LOCKED
1787289571.898,17.3,0.000,0.644,0.000,0.3666,0.0165,1.31,-0.02974,0.245,0.847,0.000,0.0679,0.0716,TRACKING,CENTER_LOCKED
1787289571.971,17.3,0.000,0.642,0.259,0.3666,0.0159,1.49,-0.02009,0.246,0.848,0.000,0.0600,0.0633,TRACKING,R+C
1787289572.045,17.3,0.000,0.642,0.522,0.3666,0.0155,1.71,-0.00433,0.249,0.848,0.000,0.0526,0.0556,TRACKING,R+C
1787289572.145,17.3,0.642,0.642,0.576,0.1053,0.0150,1.88,0.01296,0.248,0.849,0.000,0.0488,0.0516,TRACKING,L+C+R_fused
1787289572.213,17.3,0.000,0.643,0.281,0.1053,0.0141,1.61,-0.01094,0.248,0.849,0.000,0.0456,0.0482,TRACKING,R+C
1787289572.286,17.3,0.000,0.644,0.303,0.1053,0.0133,1.43,-0.03026,0.245,0.849,0.000,0.0430,0.0453,TRACKING,R+C
1787289572.350,17.3,0.000,0.645,0.655,0.1053,0.0132,1.95,0.00270,0.250,0.849,0.000,0.0327,0.0346,TRACKING,R+C
1787289572.413,17.3,0.000,0.647,0.000,0.1053,0.0128,2.21,0.01687,0.247,0.850,0.000,0.0266,0.0282,TRACKING,CENTER_LOCKED
1787289572.467,17.3,0.000,0.645,0.000,0.1053,0.0119,2.22,0.01992,0.246,0.850,0.000,0.0211,0.0224,TRACKING,CENTER_LOCKED
1787289572.520,17.3,0.000,0.644,0.000,0.1053,0.0108,2.11,0.01731,0.247,0.850,0.000,0.0162,0.0172,TRACKING,CENTER_LOCKED
1787289572.574,17.3,0.000,0.643,0.000,0.1053,0.0091,1.68,-0.00869,0.248,0.850,0.000,0.0119,0.0125,TRACKING,CENTER_LOCKED
1787289572.650,17.3,0.000,0.642,0.000,0.1053,0.0083,1.65,-0.00802,0.249,0.850,0.000,0.0076,0.0080,TRACKING,CENTER_LOCKED
1787289572.707,17.3,0.000,0.642,0.000,0.1053,0.0080,1.67,-0.00831,0.249,0.850,0.000,0.0049,0.0051,TRACKING,CENTER_LOCKED
1787289572.786,17.3,0.000,0.642,0.653,0.1053,0.0080,1.88,0.01127,0.248,0.850,0.000,0.0028,0.0030,TRACKING,R+C
1787289572.835,17.3,0.000,0.641,0.000,0.1053,0.0076,1.89,0.01617,0.247,0.850,0.000,0.0012,0.0013,TRACKING,CENTER_LOCKED
1787289572.885,15.4,0.000,0.642,0.000,0.1053,0.0073,1.75,0.00006,0.250,0.850,0.000,-0.0000,-0.0000,TRACKING,CENTER_LOCKED
1787289572.951,15.4,0.000,0.644,0.264,0.1053,0.0074,1.73,-0.00314,0.249,0.850,0.000,0.0001,0.0001,TRACKING,R+C
1787289573.015,15.4,0.000,0.645,0.000,0.1053,0.0073,1.79,0.00103,0.250,0.850,0.000,-0.0009,-0.0010,TRACKING,CENTER_LOCKED
1787289573.063,15.4,0.000,0.647,0.000,0.1053,0.0072,1.82,0.00777,0.249,0.850,0.000,-0.0013,-0.0014,TRACKING,CENTER_LOCKED
1787289573.113,15.4,0.000,0.646,0.000,0.1053,0.0065,1.51,-0.00904,0.248,0.850,0.000,-0.0005,-0.0006,TRACKING,CENTER_LOCKED
1787289573.164,15.4,0.000,0.645,0.000,0.1053,0.0064,1.35,-0.01624,0.247,0.850,0.000,0.0015,0.0015,TRACKING,CENTER_LOCKED
1787289573.215,15.4,0.000,0.644,0.000,0.1053,0.0068,1.41,-0.01181,0.248,0.850,0.000,0.0032,0.0034,TRACKING,CENTER_LOCKED
1787289573.269,15.4,0.000,0.643,0.000,0.1053,0.0069,1.29,-0.01951,0.246,0.850,0.000,0.0060,0.0062,TRACKING,CENTER_LOCKED
1787289573.325,15.4,0.000,0.643,0.000,0.1053,0.0071,1.29,-0.01774,0.247,0.850,0.000,0.0080,0.0084,TRACKING,CENTER_LOCKED
1787289573.380,15.4,0.000,0.642,0.000,0.1053,0.0077,1.28,-0.02197,0.246,0.850,0.000,0.0114,0.0119,TRACKING,CENTER_LOCKED
1787289573.433,15.4,0.000,0.641,0.000,0.1053,0.0080,1.13,-0.03767,0.243,0.850,0.000,0.0150,0.0157,TRACKING,CENTER_LOCKED
1787289573.489,15.4,0.000,0.641,0.000,0.1053,0.0083,0.99,-0.05565,0.240,0.850,0.000,0.0176,0.0183,TRACKING,CENTER_LOCKED
1787289573.539,15.4,0.000,0.642,0.000,0.1053,0.0089,1.14,-0.04898,0.241,0.850,0.000,0.0187,0.0196,TRACKING,CENTER_LOCKED
1787289573.592,15.4,0.000,0.642,0.000,0.1053,0.0096,1.40,-0.03207,0.244,0.850,0.000,0.0190,0.0199,TRACKING,CENTER_LOCKED
1787289573.658,15.4,0.000,0.644,0.668,0.1053,0.0101,1.68,-0.01145,0.248,0.850,0.000,0.0179,0.0189,TRACKING,R+C
1787289573.705,15.4,0.000,0.647,0.000,0.1053,0.0102,1.67,-0.00771,0.249,0.850,0.000,0.0192,0.0203,TRACKING,CENTER_LOCKED
1787289573.758,15.4,0.000,0.648,0.000,0.1053,0.0102,1.62,-0.00701,0.249,0.850,0.000,0.0207,0.0218,TRACKING,CENTER_LOCKED
1787289573.812,15.4,0.000,0.649,0.000,0.1053,0.0097,1.44,-0.01291,0.248,0.850,0.000,0.0214,0.0226,TRACKING,CENTER_LOCKED
1787289573.871,15.4,0.000,0.646,0.000,0.1053,0.0093,1.17,-0.02500,0.246,0.850,0.000,0.0245,0.0258,TRACKING,CENTER_LOCKED
1787289573.945,17.9,0.000,0.645,0.669,0.1053,0.0096,1.11,-0.02886,0.245,0.850,0.000,0.0272,0.0286,TRACKING,R+C
1787289574.019,17.9,0.000,0.644,0.671,0.1053,0.0102,1.10,-0.03000,0.245,0.850,0.000,0.0315,0.0332,TRACKING,R+C
1787289574.078,17.9,0.000,0.642,0.000,0.1053,0.0111,1.18,-0.02653,0.245,0.850,0.000,0.0360,0.0379,TRACKING,CENTER_LOCKED
1787289574.154,17.9,0.000,0.642,0.667,0.1053,0.0116,1.28,-0.02082,0.246,0.850,0.000,0.0372,0.0392,TRACKING,R+C
1787289574.207,17.9,0.000,0.641,0.000,0.1053,0.0123,1.33,-0.01870,0.247,0.850,0.000,0.0406,0.0429,TRACKING,CENTER_LOCKED
1787289574.277,17.9,0.000,0.641,0.257,0.1053,0.0128,1.32,-0.02046,0.246,0.850,0.000,0.0441,0.0465,TRACKING,R+C
1787289574.344,17.9,0.000,0.643,0.577,0.1053,0.0135,1.40,-0.01399,0.247,0.850,0.000,0.0472,0.0499,TRACKING,R+C
1787289574.407,17.9,0.000,0.646,0.635,0.1053,0.0140,1.38,-0.01472,0.247,0.850,0.000,0.0513,0.0542,TRACKING,R+C
1787289574.456,17.9,0.000,0.648,0.000,0.1053,0.0146,0.83,-0.05934,0.239,0.850,0.000,0.0653,0.0686,TRACKING,CENTER_LOCKED
1787289574.505,17.9,0.000,0.647,0.000,0.1053,0.0180,1.75,-0.01440,0.247,0.850,0.000,0.0671,0.0709,TRACKING,CENTER_LOCKED
1787289574.558,17.9,0.000,0.646,0.000,0.1053,0.0199,2.27,0.01183,0.248,0.850,0.000,0.0700,0.0741,TRACKING,CENTER_LOCKED
1787289574.627,17.9,0.000,0.645,0.665,0.1053,0.0198,2.13,0.00501,0.249,0.850,0.000,0.0712,0.0753,TRACKING,R+C
1787289574.680,17.9,0.000,0.644,0.000,0.1053,0.0190,1.67,-0.02454,0.246,0.850,0.000,0.0749,0.0791,TRACKING,CENTER_LOCKED
1787289574.735,17.9,0.000,0.642,0.000,0.1053,0.0187,1.50,-0.04002,0.243,0.850,0.000,0.0767,0.0808,TRACKING,CENTER_LOCKED
1787289574.808,17.9,0.000,0.642,0.667,0.1053,0.0187,1.47,-0.04578,0.242,0.850,0.000,0.0765,0.0806,TRACKING,R+C
1787289574.863,17.9,0.000,0.642,0.000,0.1053,0.0186,1.62,-0.03400,0.244,0.850,0.000,0.0727,0.0767,TRACKING,CENTER_LOCKED
1787289574.917,17.9,0.000,0.642,0.000,0.1053,0.0192,2.48,0.05536,0.240,0.850,0.000,0.0722,0.0763,TRACKING,CENTER_LOCKED
1787289574.967,16.6,0.000,0.643,0.000,0.1053,0.0187,1.87,-0.06270,0.239,0.850,0.000,0.0635,0.0666,TRACKING,CENTER_LOCKED
1787289575.050,16.6,0.632,0.644,0.000,0.1053,0.0184,1.66,-0.13543,0.226,0.850,0.000,0.0591,0.0615,TRACKING,L+C
1787289575.125,16.6,0.673,0.670,0.270,0.3515,0.0193,0.66,-0.19745,0.214,0.850,0.000,0.1165,0.1199,TRACKING,L+C+R_fused
1787289575.183,16.6,0.673,0.670,0.270,0.3515,0.0178,0.61,-0.18165,0.214,0.850,0.000,0.1165,0.1199,TRACKING,prediction
1787289575.259,16.6,0.591,0.674,0.000,0.3515,0.0899,1.29,0.00237,0.250,0.850,0.000,0.5123,0.5441,TRACKING,L+C
1787289575.305,16.6,0.000,0.670,0.000,0.3515,0.0857,-5.43,-0.45083,0.200,0.760,0.000,0.8159,0.8500,TRACKING,CENTER_LOCKED
1787289575.351,16.6,0.000,0.671,0.000,0.3515,0.0810,-9.22,-0.67187,0.200,0.697,0.000,0.8392,0.8742,TRACKING,CENTER_LOCKED
1787289575.397,16.6,0.000,0.667,0.000,0.3515,0.0766,-10.70,-0.73197,0.200,0.538,0.000,0.8352,0.8698,TRACKING,CENTER_LOCKED
1787289575.499,16.6,0.628,0.654,0.320,0.3684,0.0705,-8.32,-0.53784,0.200,0.459,0.000,0.7689,0.8005,TRACKING,L+C+R_fused
1787289575.703,16.6,0.624,0.628,0.629,0.0193,-0.0652,35.03,0.80941,0.200,0.420,0.000,-1.0000,-0.2975,TRACKING,L+C+R_fused
1787289575.891,16.6,0.623,0.624,0.729,0.2892,-0.0689,34.39,0.80882,0.200,0.400,0.000,-1.0000,-1.0000,TRACKING,L+C+R_fused
1787289576.120,9.5,0.621,0.623,0.624,0.0342,-0.0702,34.01,0.80209,0.200,0.390,0.000,-1.0000,-1.0000,TRACKING,L+C+R_fused
1787289576.357,9.5,0.620,0.622,0.626,0.0484,-0.0710,33.79,0.79802,0.200,0.385,0.000,-1.0000,-1.0000,TRACKING,L+C+R_fused
1787289576.554,9.5,0.622,0.623,0.701,0.1961,-0.0745,32.81,0.77999,0.200,0.382,0.000,-1.0000,-1.0000,TRACKING,L+C+R_fused
1787289576.741,9.5,0.624,0.624,0.766,0.2094,-0.0801,31.34,0.75069,0.200,0.381,0.000,-1.0000,-1.0000,TRACKING,L+C+R_fused
1787289576.915,9.5,0.624,0.624,0.660,0.3129,-0.0849,30.05,0.71917,0.200,0.381,0.000,-1.0000,-1.0000,TRACKING,L+C+R_fused
1787289577.084,9.5,0.625,0.623,0.688,0.2685,-0.0884,28.87,0.67817,0.200,0.380,0.000,-1.0000,-1.0000,TRACKING,L+C+R_fused
1787289577.243,5.3,0.624,0.624,0.319,0.1460,-0.0930,27.45,0.63061,0.200,0.380,0.000,-1.0000,-1.0000,TRACKING,L+C+R_fused
1787289577.411,5.3,0.623,0.624,0.701,0.1870,-0.0964,26.42,0.59331,0.200,0.380,0.000,-1.0000,-1.0000,TRACKING,L+C+R_fused
1787289577.576,5.3,0.624,0.624,0.439,0.3616,-0.0992,25.65,0.56608,0.200,0.380,0.000,-1.0000,-1.0000,TRACKING,L+C+R_fused
1787289577.742,5.3,0.624,0.624,0.654,0.3715,-0.1012,25.21,0.55060,0.200,0.380,0.000,-1.0000,-1.0000,TRACKING,L+C+R_fused
1787289577.897,5.3,0.625,0.626,0.626,0.2538,-0.1054,24.15,0.50318,0.200,0.380,0.000,-1.0000,-1.0000,TRACKING,L+C+R_fused
1787289578.074,5.3,0.625,0.624,0.656,0.3089,-0.1073,23.57,0.47212,0.200,0.380,0.000,-1.0000,-1.0000,TRACKING,L+C+R_fused
1787289578.253,5.9,0.624,0.623,0.631,0.0429,-0.1084,23.19,0.45167,0.200,0.380,0.000,-1.0000,-1.0000,TRACKING,L+C+R_fused
1787289578.451,5.9,0.624,0.622,0.629,0.0280,-0.1087,23.08,0.44627,0.200,0.380,0.000,-1.0000,-1.0000,TRACKING,L+C+R_fused
1787289578.656,5.9,0.623,0.622,0.627,0.0265,-0.1089,22.97,0.43950,0.200,0.417,0.000,-1.0000,-1.0000,TRACKING,L+C+R_fused
1787289578.860,5.9,0.623,0.622,0.628,0.0337,-0.1090,22.93,0.43765,0.200,0.447,0.000,-1.0000,-1.0000,TRACKING,L+C+R_fused
1787289579.041,5.9,0.624,0.623,0.699,0.3178,-0.1095,22.58,0.41194,0.200,0.469,0.000,-1.0000,-1.0000,TRACKING,L+C+R_fused
1787289579.238,5.9,0.624,0.623,0.628,0.0322,-0.1101,21.98,0.36172,0.200,0.487,0.000,-1.0000,-1.0000,TRACKING,L+C+R_fused
1787289579.430,5.1,0.624,0.623,0.666,0.3215,-0.1106,21.54,0.32535,0.200,0.501,0.000,-1.0000,-1.0000,TRACKING,L+C+R_fused
1787289579.619,5.1,0.625,0.623,0.659,0.3222,-0.1115,20.79,0.25987,0.203,0.512,0.000,-1.0000,-1.0000,TRACKING,L+C+R_fused
1787289579.810,5.1,0.626,0.623,0.668,0.1762,-0.1125,19.83,0.17371,0.219,0.520,0.000,-1.0000,-1.0000,TRACKING,L+C+R_fused
1787289579.986,5.1,0.628,0.623,0.398,0.2770,-0.1134,18.99,0.09450,0.233,0.527,0.000,-1.0000,-1.0000,TRACKING,L+C+R_fused
1787289580.169,5.1,0.625,0.623,0.000,0.2770,-0.1141,18.29,0.03078,0.244,0.532,0.000,-1.0000,-1.0000,TRACKING,L+C
1787289580.351,5.1,0.628,0.622,0.784,0.2259,-0.1142,18.24,0.02622,0.245,0.536,0.000,-0.9962,-1.0000,TRACKING,L+C+R_fused
1787289580.543,5.4,0.625,0.622,0.676,0.1878,-0.1143,18.23,0.02698,0.245,0.539,0.000,-0.9969,-1.0000,TRACKING,L+C+R_fused
1787289580.700,5.4,0.624,0.626,0.415,0.3439,-0.1193,17.61,0.02796,0.245,0.541,0.000,-1.0000,-1.0000,TRACKING,L+C+R_fused
1787289580.843,5.4,0.623,0.629,0.626,0.3902,-0.1232,18.98,0.15935,0.221,0.543,0.000,-1.0000,-1.0000,TRACKING,L+C+R_fused
1787289580.951,5.4,0.634,0.631,0.629,0.3920,-0.1280,21.10,0.32018,0.200,0.545,0.000,-1.0000,-1.0000,TRACKING,L+C+R_fused
1787289581.063,5.4,0.626,0.626,0.896,0.1318,-0.1317,22.24,0.41964,0.200,0.546,0.000,-1.0000,-1.0000,TRACKING,L+C+R_fused
1787289581.163,5.4,0.629,0.629,0.743,0.1387,-0.1369,22.99,0.49638,0.200,0.547,0.000,-1.0000,-1.0000,TRACKING,L+C+R_fused
1787289581.281,5.4,0.622,0.625,0.643,0.4428,-0.1436,21.56,0.46525,0.200,0.548,0.000,-1.0000,-1.0000,TRACKING,L+C+R_fused
1787289581.415,5.4,0.624,0.625,0.642,0.2856,-0.1467,20.03,0.39306,0.200,0.548,0.000,-1.0000,-1.0000,TRACKING,L+C+R_fused
1787289581.526,5.4,0.637,0.634,0.726,0.2592,-0.1482,21.20,0.47542,0.200,0.548,0.000,-1.0000,-1.0000,TRACKING,L+C+R_fused
1787289581.631,8.3,0.644,0.643,0.965,0.2249,-0.1512,21.63,0.50775,0.200,0.549,0.000,-1.0000,-1.0000,TRACKING,L+C+R_fused
1787289581.731,8.3,0.649,0.646,0.653,0.4376,-0.1515,22.60,0.54592,0.200,0.549,0.000,-1.0000,-1.0000,TRACKING,L+C+R_fused
1787289581.842,8.3,0.642,0.643,0.958,0.2291,-0.1512,23.06,0.56968,0.200,0.465,0.000,-1.0000,-1.0000,TRACKING,L+C+R_fused
1787289581.943,8.3,0.630,0.644,0.660,0.3978,-0.1541,21.88,0.50778,0.200,0.483,0.000,-1.0000,-1.0000,TRACKING,L+C+R_fused
1787289582.053,8.3,0.641,0.641,0.941,0.2180,-0.1557,20.74,0.43801,0.200,0.498,0.000,-1.0000,-1.0000,TRACKING,L+C+R_fused
1787289582.172,8.3,0.630,0.635,0.958,0.1865,-0.1575,19.04,0.33890,0.200,0.509,0.000,-1.0000,-1.0000,TRACKING,L+C+R_fused
1787289582.291,8.3,0.633,0.635,0.669,0.4328,-0.1604,17.07,0.23006,0.209,0.518,0.000,-1.0000,-1.0000,TRACKING,L+C+R_fused
1787289582.393,8.3,0.631,0.633,0.369,0.1060,-0.1613,15.74,0.13764,0.225,0.525,0.000,-1.0000,-1.0000,TRACKING,L+C+R_fused
1787289582.479,8.3,0.633,0.634,0.000,0.1060,-0.1609,15.78,0.13846,0.225,0.531,0.000,-1.0000,-1.0000,TRACKING,L+C
1787289582.579,8.3,0.631,0.632,0.254,0.2822,-0.1582,17.06,0.20715,0.213,0.535,0.000,-1.0000,-1.0000,TRACKING,L+C+R_fused
1787289582.681,9.5,0.632,0.631,0.311,0.1213,-0.1552,18.31,0.26659,0.202,0.538,0.000,-1.0000,-1.0000,TRACKING,L+C+R_fused
1787289582.786,9.5,0.632,0.631,0.429,0.1405,-0.1531,19.25,0.31826,0.200,0.541,0.000,-1.0000,-1.0000,TRACKING,L+C+R_fused
1787289582.896,9.5,0.632,0.630,0.427,0.1372,-0.1514,19.51,0.30972,0.200,0.543,0.000,-1.0000,-1.0000,TRACKING,L+C+R_fused
1787289583.009,9.5,0.633,0.630,0.363,0.1372,-0.1511,18.63,0.21770,0.211,0.544,0.000,-1.0000,-1.0000,TRACKING,L+C+R_fused
1787289583.131,9.5,0.634,0.631,0.335,0.1372,-0.1502,18.03,0.14386,0.224,0.546,0.000,-1.0000,-1.0000,TRACKING,L+C+R_fused
1787289583.264,9.5,0.635,0.632,0.000,0.1372,-0.1497,17.18,0.06447,0.238,0.547,0.000,-1.0000,-1.0000,TRACKING,L+C
1787289583.389,9.5,0.631,0.629,0.298,0.1147,-0.1478,18.08,0.12693,0.227,0.547,0.000,-1.0000,-1.0000,TRACKING,L+C+R_fused
1787289583.506,9.5,0.640,0.631,0.000,0.1147,-0.1450,20.53,0.33362,0.200,0.548,0.000,-1.0000,-1.0000,TRACKING,L+C
1787289583.654,9.5,0.632,0.630,0.441,0.3147,-0.1433,21.62,0.41150,0.200,0.548,0.000,-1.0000,-1.0000,TRACKING,L+C+R_fused
1787289583.770,8.3,0.631,0.629,0.419,0.2280,-0.1428,21.41,0.39356,0.200,0.549,0.000,-1.0000,-1.0000,TRACKING,L+C+R_fused
1787289583.892,8.3,0.633,0.628,0.315,0.3954,-0.1430,20.48,0.32916,0.200,0.549,0.000,-1.0000,-1.0000,TRACKING,L+C+R_fused
1787289584.029,8.3,0.625,0.627,0.632,0.4247,-0.1433,19.62,0.28453,0.200,0.549,0.000,-1.0000,-1.0000,TRACKING,L+C+R_fused
1787289584.159,8.3,0.627,0.629,0.346,0.2087,-0.1404,20.49,0.41753,0.200,0.549,0.000,-1.0000,-1.0000,TRACKING,L+C+R_fused
1787289584.290,8.3,0.627,0.630,0.635,0.4088,-0.1374,21.09,0.52427,0.200,0.550,0.000,-1.0000,-1.0000,TRACKING,L+C+R_fused
1787289584.422,8.3,0.627,0.629,0.620,0.3974,-0.1350,21.42,0.59991,0.200,0.465,0.000,-1.0000,-1.0000,TRACKING,L+C+R_fused
1787289584.539,8.3,0.628,0.629,0.623,0.4087,-0.1328,21.64,0.67562,0.200,0.422,0.000,-1.0000,-1.0000,TRACKING,L+C+R_fused
1787289584.663,8.3,0.628,0.628,0.622,0.4073,-0.1307,21.89,0.74735,0.200,0.401,0.000,-1.0000,-1.0000,TRACKING,L+C+R_fused
1787289584.786,7.9,0.627,0.627,0.380,0.1834,-0.1291,22.22,0.80841,0.200,0.391,0.000,-1.0000,-1.0000,TRACKING,L+C+R_fused
1787289584.911,7.9,0.627,0.627,0.638,0.3860,-0.1273,22.97,0.90575,0.200,0.385,0.000,-1.0000,-1.0000,TRACKING,L+C+R_fused
1787289585.057,7.9,0.627,0.626,0.641,0.3867,-0.1257,23.82,0.97351,0.200,0.383,0.000,-1.0000,-1.0000,TRACKING,L+C+R_fused
1787289585.192,7.9,0.627,0.625,0.639,0.4014,-0.1252,24.03,0.96891,0.200,0.381,0.000,-1.0000,-1.0000,TRACKING,L+C+R_fused
1787289585.337,7.9,0.627,0.626,0.638,0.3940,-0.1252,23.43,0.91926,0.200,0.381,0.000,-1.0000,-1.0000,TRACKING,L+C+R_fused
1787289585.477,7.9,0.627,0.626,0.635,0.3874,-0.1251,22.71,0.86814,0.200,0.380,0.000,-1.0000,-1.0000,TRACKING,L+C+R_fused
1787289585.607,7.9,0.627,0.625,0.511,0.1990,-0.1253,22.32,0.78008,0.200,0.380,0.000,-1.0000,-1.0000,TRACKING,L+C+R_fused
1787289585.737,7.9,0.627,0.625,0.442,0.1864,-0.1254,21.95,0.71976,0.200,0.380,0.000,-1.0000,-1.0000,TRACKING,L+C+R_fused
1787289585.865,7.4,0.627,0.625,0.000,0.1864,-0.1256,21.59,0.67743,0.200,0.380,0.000,-1.0000,-1.0000,TRACKING,L+C
1787289585.998,7.4,0.627,0.626,0.422,0.1795,-0.1260,20.82,0.61679,0.200,0.380,0.000,-1.0000,-1.0000,TRACKING,L+C+R_fused
1787289586.131,7.4,0.628,0.627,0.295,0.1717,-0.1261,19.72,0.54963,0.200,0.380,0.000,-1.0000,-1.0000,TRACKING,L+C+R_fused
1787289586.264,7.4,0.628,0.627,0.361,0.1808,-0.1264,18.91,0.48602,0.200,0.380,0.000,-1.0000,-1.0000,TRACKING,L+C+R_fused
1787289587.041,3.4,0.628,0.627,0.595,0.1898,-0.1267,18.25,0.43597,0.200,0.380,0.000,-1.0000,-1.0000,TRACKING,L+C+R_fused
