timestamp,fps,left_conf,center_conf,right_conf,lane_width_m,lateral_error_m,heading_error_deg,curvature,lookahead_m,target_speed,actual_speed,steer_raw,steer_filtered,tracking_state,reconstruction_method
1787297488.486,0.5,0.665,0.652,0.383,0.4208,-0.0007,5.33,0.27942,0.278,0.349,0.000,-0.0810,-0.0664,TRACKING,L+C+R_fused
1787297488.566,0.5,0.663,0.651,0.000,0.4208,-0.0004,5.55,0.29985,0.276,0.426,0.000,-0.0824,-0.0795,TRACKING,L+C
1787297488.694,0.5,0.663,0.652,0.278,0.4286,-0.0000,5.74,0.31454,0.275,0.486,0.000,-0.0826,-0.0820,TRACKING,L+C+R_fused
1787297488.785,0.5,0.652,0.652,0.000,0.4286,0.0000,4.87,0.24373,0.281,0.533,0.000,-0.0717,-0.0736,TRACKING,L+C
1787297488.870,0.5,0.647,0.656,0.646,0.4192,0.0001,3.45,0.12227,0.290,0.570,0.000,-0.0564,-0.0595,TRACKING,L+C+R_fused
1787297488.957,0.5,0.656,0.658,0.357,0.4184,0.0042,4.45,0.18929,0.285,0.599,0.000,-0.0496,-0.0514,TRACKING,L+C+R_fused
1787297489.050,0.5,0.666,0.652,0.541,0.4168,0.0041,3.02,0.07583,0.294,0.621,0.000,-0.0354,-0.0383,TRACKING,L+C+R_fused
1787297489.139,0.5,0.674,0.648,0.263,0.4328,0.0050,1.86,-0.02670,0.298,0.638,0.000,-0.0291,-0.0308,TRACKING,L+C+R_fused
1787297489.226,0.5,0.675,0.650,0.501,0.5373,0.0070,0.59,-0.12317,0.290,0.652,0.000,-0.0030,-0.0080,TRACKING,L+C+R_fused
1787297489.314,0.5,0.672,0.650,0.304,0.6184,0.0105,-0.83,-0.24647,0.280,0.662,0.000,0.0256,0.0195,TRACKING,L+C+R_fused
1787297489.399,0.5,0.660,0.651,0.291,0.3960,-0.0048,-7.53,-0.58797,0.253,0.671,0.000,0.0126,0.0138,TRACKING,L+C+R_fused
1787297489.486,0.5,0.654,0.649,0.264,0.4187,0.0015,-7.04,-0.61960,0.250,0.677,0.000,0.0324,0.0291,TRACKING,L+C+R_fused
1787297489.558,11.2,0.659,0.646,0.000,0.4187,0.0090,-5.69,-0.60070,0.252,0.682,0.000,0.0481,0.0447,TRACKING,L+C
1787297489.649,11.2,0.670,0.653,0.667,0.3703,0.0169,-3.07,-0.39473,0.268,0.686,0.000,0.0917,0.0833,TRACKING,L+C+R_fused
1787297489.736,11.2,0.679,0.653,0.675,0.4479,0.0226,-1.92,-0.30752,0.275,0.689,0.000,0.1056,0.1016,TRACKING,L+C+R_fused
1787297489.827,11.2,0.660,0.651,0.668,0.5990,0.0077,-9.15,-0.71450,0.243,0.525,0.000,0.1112,0.1095,TRACKING,L+C+R_fused
1787297489.925,11.2,0.667,0.646,0.677,0.5825,0.0173,-6.57,-0.61338,0.251,0.442,0.000,0.1208,0.1187,TRACKING,L+C+R_fused
1787297490.020,11.2,0.667,0.649,0.679,0.5529,0.0253,-4.43,-0.51451,0.259,0.401,0.000,0.1300,0.1279,TRACKING,L+C+R_fused
1787297490.131,11.2,0.666,0.652,0.676,0.5479,0.0292,-3.15,-0.44496,0.264,0.381,0.000,0.1550,0.1502,TRACKING,L+C+R_fused
1787297490.219,11.2,0.667,0.655,0.665,0.6039,0.0316,-1.65,-0.35712,0.271,0.370,0.000,0.1399,0.1417,TRACKING,L+C+R_fused
1787297490.307,11.2,0.667,0.654,0.671,0.5855,0.0311,-0.87,-0.28253,0.277,0.365,0.000,0.1267,0.1294,TRACKING,L+C+R_fused
1787297490.403,11.2,0.669,0.652,0.663,0.5695,0.0316,-0.02,-0.21603,0.283,0.363,0.000,0.1166,0.1189,TRACKING,L+C+R_fused
1787297490.499,11.2,0.671,0.651,0.680,0.5932,0.0308,-0.32,-0.26251,0.279,0.361,0.000,0.1140,0.1149,TRACKING,L+C+R_fused
1787297490.595,10.6,0.674,0.651,0.673,0.5494,0.0318,1.06,-0.13984,0.289,0.361,0.000,0.1015,0.1039,TRACKING,L+C+R_fused
1787297490.683,10.6,0.678,0.652,0.672,0.5558,0.0316,1.35,-0.12919,0.290,0.360,0.000,0.0955,0.0970,TRACKING,L+C+R_fused
1787297490.775,10.6,0.679,0.651,0.672,0.5473,0.0316,2.08,-0.06505,0.295,0.435,0.000,0.0873,0.0890,TRACKING,L+C+R_fused
1787297490.869,10.6,0.682,0.650,0.672,0.5466,0.0312,2.76,-0.00855,0.299,0.493,0.000,0.0700,0.0734,TRACKING,L+C+R_fused
1787297490.956,10.6,0.680,0.653,0.678,0.5265,0.0303,3.75,0.07748,0.294,0.539,0.000,0.0701,0.0707,TRACKING,L+C+R_fused
1787297491.046,10.6,0.684,0.652,0.672,0.5470,0.0343,5.92,0.20002,0.284,0.574,0.000,0.0663,0.0671,TRACKING,L+C+R_fused
1787297491.134,10.6,0.684,0.650,0.000,0.5470,0.0328,5.98,0.21371,0.283,0.602,0.000,0.0605,0.0617,TRACKING,L+C
1787297491.222,10.6,0.685,0.646,0.000,0.5470,0.0304,6.34,0.29839,0.276,0.624,0.000,0.0595,0.0599,TRACKING,L+C
1787297491.310,10.6,0.687,0.648,0.000,0.5470,0.0265,5.04,0.18688,0.285,0.640,0.000,0.0459,0.0484,TRACKING,L+C
1787297491.400,10.6,0.687,0.649,0.650,0.3997,0.0233,4.57,0.14424,0.288,0.653,0.000,0.0322,0.0351,TRACKING,L+C+R_fused
1787297491.496,10.6,0.674,0.657,0.673,0.4280,0.0196,4.07,0.09984,0.292,0.664,0.000,0.0174,0.0206,TRACKING,L+C+R_fused
1787297491.585,10.6,0.682,0.651,0.677,0.5397,0.0142,2.80,0.00745,0.299,0.672,0.000,-0.0033,0.0010,TRACKING,L+C+R_fused
1787297491.682,11.0,0.684,0.648,0.640,0.3676,0.0113,2.72,0.00208,0.300,0.678,0.000,-0.0149,-0.0120,TRACKING,L+C+R_fused
1787297491.777,11.0,0.686,0.650,0.322,0.5289,0.0078,2.22,-0.04315,0.297,0.683,0.000,-0.0289,-0.0259,TRACKING,L+C+R_fused
1787297491.869,11.0,0.690,0.651,0.672,0.6527,0.0051,1.95,-0.06204,0.295,0.687,0.000,-0.0393,-0.0369,TRACKING,L+C+R_fused
1787297491.953,11.0,0.690,0.651,0.675,0.6006,-0.0010,0.34,-0.14945,0.288,0.690,0.000,-0.0404,-0.0398,TRACKING,L+C+R_fused
1787297492.025,11.0,0.000,0.647,0.676,0.6006,-0.0025,0.00,-0.19743,0.284,0.692,0.000,-0.0501,-0.0482,TRACKING,R+C
1787297492.097,11.0,0.000,0.648,0.672,0.6006,-0.0032,0.48,-0.15833,0.287,0.694,0.000,-0.0561,-0.0547,TRACKING,R+C
1787297492.170,11.0,0.000,0.651,0.659,0.6006,-0.0035,1.01,-0.10513,0.292,0.695,0.000,-0.0583,-0.0576,TRACKING,R+C
1787297492.267,11.0,0.653,0.653,0.675,0.2663,-0.0036,1.28,-0.07540,0.294,0.696,0.000,-0.0586,-0.0585,TRACKING,L+C+R_fused
1787297492.338,11.0,0.000,0.652,0.665,0.2663,-0.0030,1.66,-0.03702,0.297,0.697,0.000,-0.0629,-0.0621,TRACKING,R+C
1787297492.436,11.0,0.687,0.649,0.669,0.6849,-0.0034,1.36,-0.05236,0.296,0.698,0.000,-0.0609,-0.0611,TRACKING,L+C+R_fused
1787297492.528,11.0,0.684,0.648,0.665,0.5572,-0.0025,1.51,-0.03322,0.297,0.698,0.000,-0.0559,-0.0568,TRACKING,L+C+R_fused
1787297492.622,11.0,0.682,0.652,0.672,0.6664,-0.0006,2.22,0.03184,0.297,0.699,0.000,-0.0502,-0.0514,TRACKING,L+C+R_fused
1787297492.716,11.6,0.681,0.655,0.666,0.6085,0.0084,5.00,0.19566,0.284,0.765,0.000,-0.0411,-0.0430,TRACKING,L+C+R_fused
1787297492.811,11.6,0.681,0.653,0.672,0.5614,0.0070,3.57,0.10932,0.291,0.817,0.000,-0.0289,-0.0314,TRACKING,L+C+R_fused
1787297492.924,11.6,0.651,0.651,0.679,0.2948,0.0076,2.86,0.06930,0.294,0.857,0.000,-0.0166,-0.0193,TRACKING,L+C+R_fused
1787297493.016,11.6,0.678,0.653,0.674,0.6798,0.0103,2.71,0.06825,0.295,0.888,0.000,-0.0010,-0.0043,TRACKING,L+C+R_fused
1787297493.106,11.6,0.659,0.659,0.676,0.2836,0.0131,2.45,0.04933,0.296,0.913,0.000,0.0098,0.0073,TRACKING,L+C+R_fused
1787297493.207,11.6,0.646,0.648,0.664,0.2355,0.0164,1.98,-0.00745,0.299,0.932,0.000,0.0236,0.0207,TRACKING,L+C+R_fused
1787297493.303,11.6,0.677,0.649,0.666,0.5096,0.0217,2.57,-0.04232,0.297,0.947,0.000,0.0258,0.0249,TRACKING,L+C+R_fused
1787297493.374,11.6,0.000,0.648,0.660,0.5096,0.0276,5.96,0.10248,0.292,0.959,0.000,0.0125,0.0147,TRACKING,R+C
1787297493.445,11.6,0.000,0.645,0.661,0.5096,0.0331,11.13,0.41591,0.267,0.881,0.000,-0.0257,-0.0184,TRACKING,R+C
1787297493.523,11.6,0.000,0.642,0.657,0.5096,0.0282,13.20,0.57014,0.254,0.827,0.000,-0.0198,-0.0195,TRACKING,R+C
1787297493.596,11.6,0.000,0.640,0.653,0.5096,0.0174,17.25,0.91031,0.240,0.593,0.000,-0.1148,-0.0977,TRACKING,R+C
1787297493.664,11.6,0.000,0.688,0.653,0.5096,0.0132,24.18,1.29089,0.240,0.477,0.000,-0.2088,-0.1888,TRACKING,R+C
1787297493.735,11.8,0.000,0.708,0.653,0.5096,-0.0016,27.28,1.53120,0.240,0.418,0.000,-0.2981,-0.2785,TRACKING,R+C
1787297493.869,11.8,0.645,0.644,0.651,0.4179,-0.1053,8.85,-0.61406,0.251,0.389,0.000,-0.9096,-0.7960,TRACKING,L+C+R_fused
1787297493.977,11.8,0.649,0.650,0.655,0.4409,-0.1145,11.54,-0.37942,0.270,0.375,0.000,-0.8596,-0.8482,TRACKING,L+C+R_fused
1787297494.057,11.8,0.000,0.657,0.660,0.4409,-0.1266,12.46,-0.30219,0.276,0.367,0.000,-0.8753,-0.8704,TRACKING,R+C
1787297494.158,11.8,0.667,0.664,0.667,0.4413,-0.1378,12.68,-0.28601,0.277,0.364,0.000,-0.9045,-0.8983,TRACKING,L+C+R_fused
1787297494.238,11.8,0.000,0.666,0.670,0.4413,-0.1493,11.82,-0.32002,0.274,0.362,0.000,-0.9411,-0.9334,TRACKING,R+C
1787297494.316,11.8,0.000,0.666,0.670,0.4413,-0.1570,11.56,-0.31507,0.275,0.361,0.000,-0.9565,-0.9524,TRACKING,R+C
1787297494.397,11.8,0.000,0.665,0.669,0.4413,-0.1622,11.66,-0.28751,0.277,0.360,0.000,-0.9590,-0.9578,TRACKING,R+C
1787297494.472,11.8,0.000,0.662,0.669,0.4413,-0.1666,12.04,-0.22935,0.282,0.360,0.000,-0.9489,-0.9505,TRACKING,R+C
1787297494.553,11.8,0.000,0.661,0.670,0.4413,-0.1693,12.90,-0.13630,0.289,0.360,0.000,-0.9251,-0.9297,TRACKING,R+C
1787297494.632,11.8,0.000,0.660,0.671,0.4413,-0.1705,14.45,0.01128,0.299,0.435,0.000,-0.8907,-0.8977,TRACKING,R+C
1787297494.710,11.8,0.000,0.662,0.671,0.4413,-0.1711,16.07,0.15628,0.287,0.493,0.000,-0.9467,-0.9379,TRACKING,R+C
1787297494.782,11.5,0.000,0.665,0.672,0.4413,-0.1717,17.54,0.28843,0.277,0.539,0.000,-0.9995,-0.9885,TRACKING,R+C
1787297494.856,11.5,0.000,0.668,0.672,0.4413,-0.1728,18.60,0.39447,0.268,0.574,0.000,-1.0000,-0.9979,TRACKING,R+C
1787297494.924,11.5,0.806,0.672,0.000,0.4413,-0.1751,18.84,0.45599,0.264,0.602,0.000,-1.0000,-0.9996,TRACKING,L+C
1787297494.993,11.5,0.675,0.673,0.000,0.4413,-0.1683,21.60,0.58975,0.253,0.481,0.000,-1.0000,-0.9999,TRACKING,L+C
1787297495.063,11.5,0.676,0.674,0.000,0.4413,-0.1694,21.55,0.60233,0.252,0.420,0.000,-1.0000,-1.0000,TRACKING,L+C
1787297495.136,11.5,0.672,0.670,0.000,0.4413,-0.1728,20.53,0.56427,0.255,0.390,0.000,-1.0000,-1.0000,TRACKING,L+C
1787297495.204,11.5,0.670,0.668,0.000,0.4413,-0.1744,20.17,0.54742,0.256,0.458,0.000,-1.0000,-1.0000,TRACKING,L+C
1787297495.271,11.5,0.669,0.667,0.000,0.4413,-0.1748,20.66,0.57597,0.254,0.409,0.000,-1.0000,-1.0000,TRACKING,L+C
1787297495.361,11.5,0.669,0.666,0.672,0.4046,-0.1748,21.54,0.63360,0.249,0.385,0.000,-1.0000,-1.0000,TRACKING,L+C+R_fused
1787297495.454,11.5,0.671,0.670,0.673,0.4063,-0.1761,21.73,0.66468,0.247,0.372,0.000,-1.0000,-1.0000,TRACKING,L+C+R_fused
1787297495.551,11.5,0.668,0.669,0.674,0.4057,-0.1782,20.92,0.63889,0.249,0.366,0.000,-1.0000,-1.0000,TRACKING,L+C+R_fused
1787297495.622,11.5,0.671,0.660,0.000,0.4057,-0.1785,20.22,0.59765,0.252,0.363,0.000,-1.0000,-1.0000,TRACKING,L+C
1787297495.702,11.5,0.662,0.660,0.000,0.4057,-0.1708,21.98,0.64092,0.249,0.362,0.000,-1.0000,-1.0000,TRACKING,L+C
1787297495.772,11.5,0.664,0.664,0.000,0.4057,-0.1704,21.68,0.62233,0.250,0.361,0.000,-1.0000,-1.0000,TRACKING,L+C
1787297495.842,13.2,0.669,0.672,0.000,0.4057,-0.1729,20.52,0.57570,0.254,0.360,0.000,-1.0000,-1.0000,TRACKING,L+C
1787297495.919,13.2,0.674,0.678,0.000,0.4057,-0.1762,19.13,0.52123,0.258,0.360,0.000,-1.0000,-1.0000,TRACKING,L+C
1787297495.996,13.2,0.676,0.682,0.000,0.4057,-0.1786,18.14,0.48782,0.261,0.360,0.000,-1.0000,-1.0000,TRACKING,L+C
1787297496.068,13.2,0.676,0.683,0.000,0.4057,-0.1806,17.12,0.45470,0.264,0.360,0.000,-1.0000,-1.0000,TRACKING,L+C
1787297496.137,13.2,0.678,0.683,0.000,0.4057,-0.1824,16.10,0.42236,0.266,0.360,0.000,-1.0000,-1.0000,TRACKING,L+C
1787297496.217,13.2,0.677,0.680,0.000,0.4057,-0.1841,15.07,0.39022,0.269,0.435,0.000,-1.0000,-1.0000,TRACKING,L+C
1787297496.299,13.2,0.674,0.675,0.000,0.4057,-0.1853,14.27,0.37434,0.270,0.493,0.000,-1.0000,-1.0000,TRACKING,L+C
1787297496.371,13.2,0.667,0.667,0.000,0.4057,-0.1866,12.71,0.29957,0.276,0.539,0.000,-0.9781,-0.9820,TRACKING,L+C
1787297496.442,13.2,0.666,0.663,0.000,0.4057,-0.1885,10.19,0.15987,0.287,0.574,0.000,-0.9159,-0.9278,TRACKING,L+C
1787297496.523,13.2,0.660,0.658,0.000,0.4057,-0.2014,3.09,-0.23355,0.281,0.602,0.000,-0.9238,-0.9245,TRACKING,L+C
1787297496.605,13.2,0.000,0.654,0.707,0.4057,-0.2011,-0.24,-0.44631,0.264,0.623,0.000,-0.9783,-0.9686,TRACKING,R+C
1787297496.676,13.2,0.000,0.650,0.684,0.4057,-0.1964,-1.92,-0.55769,0.255,0.640,0.000,-1.0000,-0.9943,TRACKING,R+C
1787297496.754,13.2,0.000,0.645,0.672,0.4057,-0.1911,-4.00,-0.69590,0.244,0.500,0.000,-1.0000,-0.9990,TRACKING,R+C
1787297496.830,13.2,0.000,0.639,0.666,0.4057,-0.1831,-8.26,-1.04633,0.240,0.430,0.000,-1.0000,-0.9998,TRACKING,R+C
1787297496.902,13.2,0.000,0.646,0.668,0.4057,-0.1738,-13.29,-1.41669,0.240,0.395,0.000,-1.0000,-1.0000,TRACKING,R+C
1787297496.987,13.2,0.258,0.649,0.667,0.4679,-0.1607,-16.55,-1.68290,0.240,0.378,0.000,-0.9784,-0.9823,TRACKING,L+C+R_fused
1787297497.071,13.2,0.000,0.653,0.668,0.4679,-0.1667,-25.93,-1.96312,0.240,0.369,0.000,-0.9254,-0.9357,TRACKING,R+C
1787297497.148,13.2,0.000,0.658,0.667,0.4679,-0.1560,-29.51,-2.09269,0.240,0.364,0.000,-0.8578,-0.8718,TRACKING,R+C
1787297497.240,13.2,0.264,0.653,0.666,0.5964,-0.1433,-31.99,-2.18594,0.240,0.362,0.000,-0.7871,-0.8023,TRACKING,L+C+R_fused
1787297497.323,13.2,0.000,0.653,0.664,0.5964,-0.1292,-33.80,-2.25527,0.240,0.361,0.000,-0.7102,-0.7268,TRACKING,R+C
1787297497.414,13.2,0.679,0.657,0.669,0.5006,-0.1143,-35.43,-2.32253,0.240,0.361,0.000,-0.6297,-0.6471,TRACKING,L+C+R_fused
1787297497.502,13.2,0.681,0.656,0.673,0.5414,-0.0959,-35.43,-2.42621,0.240,0.360,0.000,-0.5579,-0.5740,TRACKING,L+C+R_fused
1787297497.582,13.2,0.687,0.641,0.676,0.5283,-0.0636,-29.29,-2.75699,0.240,0.360,0.000,-0.5454,-0.5506,TRACKING,L+C+R_fused
1787297497.673,13.2,0.686,0.633,0.675,0.5288,-0.0282,-16.07,-2.95192,0.240,0.360,0.000,-0.5991,-0.5903,TRACKING,L+C+R_fused
1787297497.759,13.2,0.686,0.656,0.675,0.4992,-0.0023,11.88,-1.33921,0.240,0.360,0.000,-0.6106,-0.6069,TRACKING,L+C+R_fused
1787297497.845,13.2,0.685,0.666,0.663,0.5406,-0.2915,-40.11,-1.46599,0.240,0.360,0.000,-1.0000,-0.9292,TRACKING,L+C+R_fused
1787297497.911,11.9,0.682,0.677,0.000,0.5406,-0.3467,-42.76,-1.23459,0.240,0.360,0.000,-1.0000,-0.9873,TRACKING,L+C
1787297497.978,11.9,0.682,0.677,0.000,0.5406,-0.3051,-37.63,-1.08644,0.240,0.360,0.000,-1.0000,-0.9977,TRACKING,prediction
1787297498.047,11.9,0.682,0.677,0.000,0.5406,-0.2685,-33.12,-0.95607,0.240,0.360,0.000,-1.0000,-0.9996,TRACKING,prediction
1787297498.114,11.9,0.682,0.677,0.000,0.5406,-0.2363,-29.14,-0.84134,0.240,0.360,0.000,-1.0000,-0.9999,TRACKING,prediction
1787297498.181,11.9,0.682,0.677,0.000,0.5406,-0.2079,-25.65,-0.74038,0.240,0.360,0.000,-1.0000,-1.0000,TRACKING,prediction
1787297498.250,11.9,0.676,0.666,0.000,0.5406,-0.3427,-36.84,-1.20284,0.240,0.360,0.000,-1.0000,-1.0000,TRACKING,L+C
1787297498.323,11.9,0.675,0.663,0.000,0.5406,-0.3299,-35.89,-1.23837,0.240,0.360,0.000,-1.0000,-1.0000,TRACKING,L+C
1787297498.400,11.9,0.675,0.661,0.000,0.5406,-0.3123,-34.48,-1.28260,0.240,0.360,0.000,-1.0000,-1.0000,TRACKING,L+C
1787297498.500,11.9,0.674,0.660,0.295,0.4469,-0.2946,-32.90,-1.32190,0.240,0.360,0.000,-1.0000,-1.0000,TRACKING,L+C+R_fused
1787297498.571,11.9,0.674,0.659,0.000,0.4469,-0.2772,-31.80,-1.36405,0.240,0.360,0.000,-1.0000,-1.0000,TRACKING,L+C
1787297498.647,11.9,0.000,0.658,0.656,0.4469,-0.2600,-30.65,-1.40458,0.240,0.360,0.000,-1.0000,-1.0000,TRACKING,R+C
1787297498.736,11.9,0.000,0.657,0.654,0.4469,-0.2437,-29.85,-1.45161,0.240,0.360,0.000,-1.0000,-1.0000,TRACKING,R+C
1787297498.815,11.9,0.000,0.651,0.659,0.4469,-0.2313,-31.49,-1.53719,0.240,0.360,0.000,-1.0000,-1.0000,TRACKING,R+C
1787297498.884,11.9,0.000,0.648,0.658,0.4469,-0.2195,-33.23,-1.61263,0.240,0.360,0.000,-0.9649,-0.9712,TRACKING,R+C
1787297498.952,13.4,0.000,0.646,0.658,0.4469,-0.2085,-35.01,-1.67405,0.240,0.360,0.000,-0.9068,-0.9184,TRACKING,R+C
1787297499.031,13.4,0.000,0.647,0.655,0.4469,-0.1995,-37.61,-1.70795,0.240,0.360,0.000,-0.8371,-0.8517,TRACKING,R+C
1787297499.099,13.4,0.000,0.645,0.657,0.4469,-0.1901,-39.62,-1.72533,0.240,0.360,0.000,-0.7663,-0.7817,TRACKING,R+C
1787297499.172,13.4,0.000,0.644,0.659,0.4469,-0.1807,-41.35,-1.73168,0.240,0.360,0.000,-0.6937,-0.7096,TRACKING,R+C
1787297499.239,13.4,0.000,0.644,0.660,0.4469,-0.1715,-42.90,-1.72909,0.240,0.360,0.000,-0.6191,-0.6354,TRACKING,R+C
1787297499.306,13.4,0.000,0.643,0.653,0.4469,-0.1620,-44.13,-1.72738,0.240,0.360,0.000,-0.5447,-0.5610,TRACKING,R+C
1787297499.401,13.4,0.681,0.642,0.638,0.2931,-0.1514,-44.87,-1.73614,0.240,0.360,0.000,-0.4729,-0.4888,TRACKING,L+C+R_fused
1787297499.476,13.4,0.000,0.642,0.653,0.2931,-0.1412,-45.73,-1.73728,0.240,0.360,0.000,-0.3980,-0.4143,TRACKING,R+C
1787297499.541,13.4,0.000,0.640,0.658,0.2931,-0.1296,-45.81,-1.76915,0.240,0.360,0.000,-0.3350,-0.3493,TRACKING,R+C
1787297499.607,13.4,0.000,0.638,0.659,0.2931,-0.1168,-45.14,-1.83599,0.240,0.360,0.000,-0.2874,-0.2985,TRACKING,R+C
1787297499.706,13.4,0.671,0.637,0.656,0.3624,-0.1032,-43.76,-1.93645,0.240,0.360,0.000,-0.2552,-0.2630,TRACKING,L+C+R_fused
1787297499.812,13.4,0.670,0.637,0.657,0.3567,-0.0884,-41.19,-2.08707,0.240,0.360,0.000,-0.2462,-0.2492,TRACKING,L+C+R_fused
1787297499.916,13.4,0.670,0.639,0.653,0.2913,-0.0728,-37.09,-2.27658,0.240,0.360,0.000,-0.2618,-0.2595,TRACKING,L+C+R_fused
1787297499.987,12.6,0.000,0.645,0.621,0.2913,-0.0573,-31.23,-2.45660,0.240,0.360,0.000,-0.3655,-0.3464,TRACKING,R+C
1787297500.067,12.6,0.000,0.651,0.630,0.2913,-0.0439,-23.32,-2.50293,0.240,0.360,0.000,-0.4267,-0.4123,TRACKING,R+C
1787297500.137,12.6,0.000,0.653,0.370,0.2913,-0.0349,-15.63,-2.33221,0.240,0.360,0.000,-0.4779,-0.4661,TRACKING,R+C
1787297500.209,12.6,0.000,0.657,0.377,0.2913,-0.0303,-9.21,-2.04635,0.240,0.360,0.000,-0.5199,-0.5102,TRACKING,R+C
1787297500.276,12.6,0.000,0.663,0.368,0.2913,-0.0292,-4.00,-1.73522,0.240,0.360,0.000,-0.5604,-0.5514,TRACKING,R+C
1787297500.351,12.6,0.000,0.666,0.652,0.2913,-0.0306,-0.07,-1.46389,0.240,0.360,0.000,-0.5990,-0.5905,TRACKING,R+C
1787297500.429,12.6,0.000,0.666,0.638,0.2913,-0.0339,2.69,-1.26415,0.240,0.360,0.000,-0.6378,-0.6293,TRACKING,R+C
1787297500.500,12.6,0.000,0.666,0.655,0.2913,-0.0391,4.67,-1.11866,0.240,0.360,0.000,-0.6801,-0.6710,TRACKING,R+C
1787297500.575,12.6,0.000,0.665,0.647,0.2913,-0.0445,6.17,-1.01169,0.240,0.360,0.000,-0.7196,-0.7108,TRACKING,R+C
1787297500.671,12.6,0.664,0.664,0.617,0.3417,-0.0498,7.42,-0.92601,0.240,0.360,0.000,-0.7563,-0.7481,TRACKING,L+C+R_fused
1787297500.744,12.6,0.000,0.664,0.639,0.3417,-0.0561,8.92,-0.82029,0.240,0.360,0.000,-0.7968,-0.7880,TRACKING,R+C
1787297500.822,12.6,0.000,0.662,0.642,0.3417,-0.0619,10.44,-0.70945,0.243,0.360,0.000,-0.8161,-0.8110,TRACKING,R+C
1787297500.898,12.6,0.000,0.660,0.647,0.3417,-0.0679,12.27,-0.56805,0.255,0.360,0.000,-0.7958,-0.7986,TRACKING,R+C
1787297500.970,12.6,0.000,0.659,0.650,0.3417,-0.0733,13.75,-0.45580,0.264,0.360,0.000,-0.7457,-0.7552,TRACKING,R+C
1787297501.042,13.3,0.000,0.659,0.650,0.3417,-0.0786,15.00,-0.36043,0.271,0.360,0.000,-0.7431,-0.7453,TRACKING,R+C
1787297501.117,13.3,0.000,0.661,0.657,0.3417,-0.0839,15.88,-0.29613,0.276,0.360,0.000,-0.7929,-0.7843,TRACKING,R+C
1787297501.204,13.3,0.000,0.663,0.655,0.3417,-0.0895,16.50,-0.24590,0.280,0.360,0.000,-0.7986,-0.7960,TRACKING,R+C
1787297501.277,13.3,0.000,0.662,0.655,0.3417,-0.0964,17.49,-0.14724,0.288,0.360,0.000,-0.7908,-0.7917,TRACKING,R+C
1787297501.362,13.3,0.000,0.661,0.654,0.3417,-0.1032,18.51,-0.04053,0.297,0.360,0.000,-0.7791,-0.7814,TRACKING,R+C
1787297501.439,13.3,0.000,0.662,0.646,0.3417,-0.1114,19.28,0.05827,0.295,0.360,0.000,-0.8083,-0.8034,TRACKING,R+C
1787297501.518,13.3,0.000,0.665,0.651,0.3417,-0.1196,19.88,0.14500,0.288,0.360,0.000,-0.8586,-0.8487,TRACKING,R+C
1787297501.598,13.3,0.000,0.667,0.652,0.3417,-0.1287,20.25,0.22489,0.282,0.435,0.000,-0.9073,-0.8967,TRACKING,R+C
1787297501.671,13.3,0.000,0.670,0.651,0.3417,-0.1369,20.40,0.28746,0.277,0.493,0.000,-0.9465,-0.9375,TRACKING,R+C
1787297501.767,13.3,0.670,0.670,0.655,0.4324,-0.1444,20.32,0.33419,0.273,0.539,0.000,-0.9769,-0.9698,TRACKING,L+C+R_fused
1787297501.866,13.3,0.672,0.674,0.654,0.4390,-0.1529,19.75,0.36460,0.271,0.574,0.000,-0.9762,-0.9750,TRACKING,L+C+R_fused
1787297501.937,13.3,0.675,0.680,0.000,0.4390,-0.1615,18.84,0.38253,0.269,0.602,0.000,-0.9933,-0.9900,TRACKING,L+C
1787297502.007,13.3,0.683,0.689,0.000,0.4390,-0.1683,18.09,0.40197,0.268,0.623,0.000,-1.0000,-0.9982,TRACKING,L+C
1787297502.079,12.5,0.689,0.699,0.000,0.4390,-0.1739,17.17,0.41098,0.267,0.640,0.000,-1.0000,-0.9997,TRACKING,L+C
1787297502.172,12.5,0.700,0.708,0.655,0.4120,-0.1793,15.44,0.36766,0.271,0.653,0.000,-1.0000,-0.9999,TRACKING,L+C+R_fused
1787297502.264,12.5,0.690,0.685,0.664,0.3964,-0.1846,12.50,0.24418,0.280,0.664,0.000,-0.9563,-0.9642,TRACKING,L+C+R_fused
1787297502.337,12.5,0.685,0.675,0.000,0.3964,-0.1884,8.65,0.04507,0.296,0.672,0.000,-0.8684,-0.8856,TRACKING,L+C
1787297502.438,12.5,0.681,0.668,0.660,0.3894,-0.1909,4.37,-0.19817,0.284,0.678,0.000,-0.8957,-0.8939,TRACKING,L+C+R_fused
1787297502.514,12.5,0.000,0.658,0.658,0.3894,-0.1913,-1.26,-0.57077,0.254,0.683,0.000,-1.0000,-0.9809,TRACKING,R+C
1787297502.594,12.5,0.000,0.662,0.656,0.3894,-0.1854,-6.48,-0.99802,0.240,0.521,0.000,-1.0000,-0.9966,TRACKING,R+C
1787297502.671,12.5,0.000,0.661,0.652,0.3894,-0.1757,-10.08,-1.31541,0.240,0.441,0.000,-1.0000,-0.9994,TRACKING,R+C
1787297502.742,12.5,0.000,0.660,0.654,0.3894,-0.1643,-13.00,-1.58160,0.240,0.400,0.000,-1.0000,-0.9999,TRACKING,R+C
1787297502.807,12.5,0.000,0.670,0.316,0.3894,-0.1484,-14.84,-1.81110,0.240,0.380,0.000,-0.9808,-0.9842,TRACKING,R+C
1787297502.878,12.5,0.000,0.680,0.344,0.3894,-0.1313,-16.40,-2.02204,0.240,0.370,0.000,-0.9259,-0.9364,TRACKING,R+C
1787297502.946,12.5,0.000,0.683,0.672,0.3894,-0.1141,-17.98,-2.22223,0.240,0.365,0.000,-0.8636,-0.8767,TRACKING,R+C
1787297503.032,12.5,0.691,0.686,0.676,0.2634,-0.0960,-19.05,-2.39446,0.240,0.363,0.000,-0.7939,-0.8088,TRACKING,L+C+R_fused
1787297503.096,12.8,0.000,0.681,0.655,0.2634,-0.0762,-19.31,-2.55016,0.240,0.361,0.000,-0.7195,-0.7355,TRACKING,R+C
1787297503.164,12.8,0.000,0.686,0.497,0.2634,-0.0576,-20.14,-2.70462,0.240,0.361,0.000,-0.6363,-0.6542,TRACKING,R+C
1787297503.229,12.8,0.000,0.687,0.567,0.2634,-0.0383,-20.68,-2.85542,0.240,0.360,0.000,-0.5491,-0.5680,TRACKING,R+C
1787297503.292,12.8,0.000,0.670,0.621,0.2634,-0.0180,-20.53,-3.00222,0.240,0.360,0.000,-0.4620,-0.4811,TRACKING,R+C
1787297503.375,12.8,0.678,0.479,0.568,0.1544,0.0067,-16.32,-3.12604,0.240,0.360,0.000,-0.4135,-0.4257,TRACKING,L+C+R_fused
1787297503.434,12.8,0.000,0.285,0.695,0.1544,0.0350,-3.36,-2.78888,0.240,0.360,0.000,-0.4386,-0.4363,TRACKING,R+C
1787297503.502,12.8,0.000,0.387,0.663,0.1544,0.0582,8.18,-2.09359,0.240,0.360,0.000,-0.2889,-0.3154,TRACKING,R+C
1787297503.568,12.8,0.000,0.453,0.676,0.1544,0.0794,16.37,-1.51295,0.240,0.360,0.000,-0.2480,-0.2602,TRACKING,R+C
1787297503.637,12.8,0.000,0.458,0.675,0.1544,0.1004,24.76,-0.89243,0.240,0.360,0.000,-0.2186,-0.2261,TRACKING,R+C
1787297503.704,12.8,0.000,0.503,0.673,0.1544,0.1199,29.41,-0.61641,0.251,0.360,0.000,-0.1600,-0.1719,TRACKING,R+C
1787297503.768,12.8,0.000,0.494,0.669,0.1544,0.1395,34.76,-0.30888,0.275,0.360,0.000,-0.0893,-0.1041,TRACKING,R+C
1787297503.831,12.8,0.000,0.458,0.676,0.1544,0.1582,38.83,-0.12118,0.290,0.360,0.000,-0.0701,-0.0763,TRACKING,R+C
1787297503.898,12.8,0.000,0.245,0.681,0.1544,0.1770,45.68,0.17205,0.286,0.360,0.000,-0.1224,-0.1141,TRACKING,R+C
1787297503.958,12.8,0.000,0.000,0.664,0.1544,-0.1295,-43.00,-0.93250,0.240,0.360,0.000,0.0156,-0.0077,TRACKING,R_only
1787297504.010,12.8,0.000,0.000,0.664,0.1544,-0.1139,-37.84,-0.82060,0.240,0.360,0.000,0.0156,0.0114,TRACKING,prediction
1787297504.058,12.8,0.000,0.000,0.664,0.1544,-0.1003,-33.30,-0.72213,0.240,0.360,0.000,0.0156,0.0149,TRACKING,prediction
1787297504.106,15.8,0.000,0.000,0.664,0.1544,-0.0882,-29.30,-0.63548,0.240,0.360,0.000,0.0156,0.0155,TRACKING,prediction
1787297504.150,15.8,0.000,0.000,0.664,0.1544,-0.0776,-25.79,-0.55922,0.240,0.360,0.000,0.0156,0.0156,TRACKING,prediction
1787297504.192,15.8,0.000,0.000,0.664,0.1544,-0.0683,-22.69,-0.49211,0.240,0.360,0.000,0.0156,0.0156,TRACKING,prediction
1787297504.233,15.8,0.000,0.000,0.664,0.1544,-0.0601,-19.97,-0.43306,0.240,0.360,0.000,0.0156,0.0156,TRACKING,prediction
1787297504.270,15.8,0.000,0.000,0.664,0.1544,-0.0529,-17.57,-0.38109,0.240,0.360,0.000,0.0156,0.0156,TRACKING,prediction
1787297504.316,15.8,0.000,0.000,0.664,0.1544,-0.0466,-15.46,-0.33536,0.240,0.360,0.000,0.0156,0.0156,TRACKING,prediction
1787297504.366,15.8,0.000,0.000,0.664,0.1544,-0.0410,-13.61,-0.29512,0.240,0.360,0.000,0.0156,0.0156,TRACKING,prediction
1787297504.419,15.8,0.000,0.000,0.664,0.1544,-0.0361,-11.98,-0.25970,0.240,0.355,0.000,0.0156,0.0156,UNCERTAIN,prediction
1787297504.467,15.8,0.000,0.000,0.664,0.1544,-0.0317,-10.54,-0.22854,0.240,0.344,0.000,0.0156,0.0156,UNCERTAIN,prediction
1787297504.517,15.8,0.000,0.000,0.664,0.1544,-0.0279,-9.27,-0.20111,0.240,0.330,0.000,0.0156,0.0156,UNCERTAIN,prediction
1787297504.565,15.8,0.000,0.000,0.664,0.1544,-0.0246,-8.16,-0.17698,0.240,0.315,0.000,0.0156,0.0156,UNCERTAIN,prediction
1787297504.615,15.8,0.000,0.000,0.664,0.1544,-0.0216,-7.18,-0.15574,0.240,0.300,0.000,0.0156,0.0156,UNCERTAIN,prediction
1787297504.666,15.8,0.000,0.000,0.664,0.1544,-0.0190,-6.32,-0.13705,0.240,0.286,0.000,0.0156,0.0156,UNCERTAIN,prediction
1787297504.715,15.8,0.000,0.000,0.664,0.1544,-0.0167,-5.56,-0.12061,0.240,0.272,0.000,0.0156,0.0156,UNCERTAIN,prediction
1787297504.767,15.8,0.000,0.000,0.664,0.1544,-0.0147,-4.89,-0.10613,0.240,0.261,0.000,0.0156,0.0156,UNCERTAIN,prediction
1787297504.823,15.8,0.000,0.000,0.664,0.1544,-0.0130,-4.31,-0.09340,0.240,0.255,0.000,0.0156,0.0156,UNCERTAIN,prediction
1787297504.865,15.8,0.000,0.000,0.664,0.1544,-0.0114,-3.79,-0.08219,0.240,0.253,0.000,0.0156,0.0156,UNCERTAIN,prediction
1787297504.916,15.8,0.000,0.000,0.664,0.1544,-0.0100,-3.34,-0.07233,0.240,0.251,0.000,0.0156,0.0156,UNCERTAIN,prediction
1787297504.980,15.8,0.000,0.000,0.664,0.1544,-0.0088,-2.93,-0.06365,0.240,0.263,0.000,0.0156,0.0156,PREDICTING,prediction
1787297505.030,15.8,0.000,0.000,0.664,0.1544,-0.0078,-2.58,-0.05601,0.240,0.273,0.000,0.0156,0.0156,PREDICTING,prediction
1787297505.080,15.8,0.000,0.000,0.664,0.1544,-0.0068,-2.27,-0.04929,0.240,0.280,0.000,0.0156,0.0156,PREDICTING,prediction
1787297505.131,20.5,0.000,0.000,0.664,0.1544,-0.0060,-2.00,-0.04337,0.240,0.286,0.000,0.0156,0.0156,PREDICTING,prediction
1787297505.181,20.5,0.644,0.000,0.000,0.1544,-0.2159,-0.91,3.53881,0.240,0.302,0.000,-0.5514,-0.4493,TRACKING,L_only
1787297505.234,20.5,0.644,0.000,0.000,0.1544,-0.1843,5.73,3.86491,0.240,0.315,0.000,-0.4593,-0.4575,TRACKING,L_only
1787297505.302,20.5,0.644,0.000,0.000,0.1544,-0.1621,5.04,3.40113,0.240,0.325,0.000,-0.4593,-0.4590,TRACKING,prediction
1787297505.379,20.5,0.644,0.000,0.000,0.1544,-0.1427,4.44,2.99299,0.240,0.333,0.000,-0.4593,-0.4593,TRACKING,prediction
1787297505.469,20.5,0.644,0.000,0.000,0.1544,-0.1256,3.90,2.63383,0.240,0.339,0.000,-0.4593,-0.4593,TRACKING,prediction
1787297505.562,20.5,0.644,0.000,0.000,0.1544,-0.1105,3.44,2.31777,0.240,0.343,0.000,-0.4593,-0.4593,TRACKING,prediction
1787297505.666,20.5,0.644,0.000,0.000,0.1544,-0.0972,3.02,2.03964,0.240,0.347,0.000,-0.4593,-0.4593,TRACKING,prediction
1787297505.773,20.5,0.644,0.000,0.000,0.1544,-0.0856,2.66,1.79488,0.240,0.350,0.000,-0.4593,-0.4593,TRACKING,prediction
1787297505.882,20.5,0.644,0.000,0.000,0.1544,-0.0753,2.34,1.57950,0.240,0.352,0.000,-0.4593,-0.4593,TRACKING,prediction
1787297505.980,20.5,0.644,0.000,0.000,0.1544,-0.0663,2.06,1.38996,0.240,0.354,0.000,-0.4593,-0.4593,TRACKING,prediction
1787297506.045,20.5,0.644,0.000,0.000,0.1544,-0.0583,1.81,1.22316,0.240,0.355,0.000,-0.4593,-0.4593,TRACKING,prediction
1787297506.125,20.5,0.000,0.647,0.651,0.0031,0.1372,-37.26,-1.12085,0.240,0.356,0.000,1.0000,0.3607,TRACKING,R+C
1787297506.187,12.3,0.000,0.511,0.613,0.0031,0.1527,-33.51,-1.12754,0.240,0.357,0.000,1.0000,0.8849,TRACKING,R+C
1787297506.263,12.3,0.621,0.451,0.000,0.0031,0.1642,-28.54,-1.05009,0.240,0.358,0.000,1.0000,0.9793,TRACKING,L+C
1787297506.350,12.3,0.621,0.396,0.411,0.6486,0.1701,-25.63,-0.97600,0.240,0.358,0.000,1.0000,0.9963,TRACKING,L+C+R_fused
1787297506.442,12.3,0.622,0.403,0.438,0.3559,0.1840,-16.84,-0.64814,0.248,0.359,0.000,1.0000,0.9993,TRACKING,L+C+R_fused
1787297506.533,12.3,0.628,0.627,0.631,0.4312,0.2178,7.90,0.78864,0.240,0.359,0.000,1.0000,0.9999,TRACKING,L+C+R_fused
1787297506.627,12.3,0.633,0.636,0.635,0.2450,0.2317,24.10,1.51954,0.240,0.359,0.000,1.0000,1.0000,TRACKING,L+C+R_fused
1787297506.730,12.3,0.629,0.635,0.637,0.2266,0.2577,35.79,1.56168,0.240,0.359,0.000,1.0000,1.0000,TRACKING,L+C+R_fused
1787297506.837,12.3,0.629,0.634,0.621,0.2647,0.2580,39.99,1.55625,0.240,0.359,0.000,1.0000,1.0000,TRACKING,L+C+R_fused
1787297506.948,12.3,0.630,0.633,0.628,0.1498,0.2482,40.56,1.61313,0.240,0.360,0.000,0.9938,0.9949,TRACKING,L+C+R_fused
1787297507.065,12.3,0.631,0.634,0.632,0.0856,0.2121,34.28,1.87125,0.240,0.360,0.000,0.9807,0.9832,TRACKING,L+C+R_fused
1787297507.165,12.3,0.000,0.642,0.638,0.0856,0.1478,14.47,1.92290,0.240,0.360,0.000,1.0000,0.9970,TRACKING,R+C
1787297507.274,10.1,0.641,0.644,0.641,0.0024,0.1182,1.38,1.40823,0.240,0.360,0.000,0.9950,0.9954,TRACKING,L+C+R_fused
1787297507.374,10.1,0.642,0.645,0.645,0.8180,0.1022,-8.89,0.76128,0.240,0.360,0.000,0.9820,0.9844,TRACKING,L+C+R_fused
1787297507.487,10.1,0.639,0.649,0.648,0.6459,0.0991,-14.55,0.33699,0.273,0.360,0.000,0.8400,0.8660,TRACKING,L+C+R_fused
1787297507.561,10.1,0.000,0.653,0.641,0.6459,0.1056,-16.99,0.09422,0.292,0.360,0.000,0.7863,0.8007,TRACKING,R+C
1787297507.629,10.1,0.000,0.654,0.651,0.6459,0.1132,-18.08,-0.05124,0.296,0.360,0.000,0.7933,0.7946,TRACKING,R+C
1787297507.699,10.1,0.000,0.658,0.655,0.6459,0.1207,-18.57,-0.15124,0.288,0.360,0.000,0.8428,0.8342,TRACKING,R+C
1787297507.785,10.1,0.615,0.658,0.655,0.4241,0.1333,-18.06,-0.20877,0.283,0.360,0.000,0.8841,0.8751,TRACKING,L+C+R_fused
1787297507.861,10.1,0.000,0.666,0.665,0.4241,0.1468,-17.94,-0.29738,0.276,0.360,0.000,0.9408,0.9290,TRACKING,R+C
1787297507.930,10.1,0.000,0.678,0.680,0.4241,0.1567,-19.11,-0.43713,0.265,0.360,0.000,0.9988,0.9862,TRACKING,R+C
1787297507.998,10.1,0.000,0.678,0.680,0.4241,0.1379,-16.82,-0.38467,0.265,0.360,0.000,0.9988,0.9965,TRACKING,prediction
1787297508.124,10.1,0.000,0.678,0.680,0.4241,0.1214,-14.80,-0.33851,0.265,0.360,0.000,0.9988,0.9984,TRACKING,prediction
1787297508.271,10.1,0.000,0.678,0.680,0.4241,0.1068,-13.03,-0.29789,0.265,0.435,0.000,0.9988,0.9987,TRACKING,prediction
1787297508.438,10.3,0.000,0.678,0.680,0.4241,0.0940,-11.46,-0.26214,0.265,0.493,0.000,0.9988,0.9988,TRACKING,prediction
1787297508.597,10.3,0.621,0.630,0.622,0.0971,-0.2649,-40.65,0.46900,0.262,0.539,0.000,-0.5434,0.1788,TRACKING,L+C+R_fused
1787297508.769,10.3,0.616,0.626,0.644,0.2990,-0.2376,-29.35,1.36756,0.240,0.449,0.000,-0.5737,-0.4382,TRACKING,L+C+R_fused
1787297508.952,10.3,0.617,0.626,0.636,0.1451,-0.2150,-17.17,2.54328,0.240,0.405,0.000,-0.3732,-0.3849,TRACKING,L+C+R_fused
1787297509.113,10.3,0.618,0.627,0.900,0.2025,-0.1845,0.06,3.95621,0.240,0.382,0.000,-0.3470,-0.3538,TRACKING,L+C+R_fused
1787297509.274,10.3,0.620,0.634,0.622,0.1632,-0.1409,22.91,4.18680,0.240,0.371,0.000,-0.4052,-0.3959,TRACKING,L+C+R_fused
1787297509.393,10.3,0.626,0.626,0.406,0.3693,-0.1282,32.36,3.69899,0.240,0.366,0.000,-0.5018,-0.4827,TRACKING,L+C+R_fused
1787297509.473,6.8,0.624,0.541,0.384,0.2517,-0.1431,27.32,4.03811,0.240,0.363,0.000,-0.4765,-0.4776,TRACKING,L+C+R_fused
1787297509.561,6.8,0.601,0.411,0.000,0.2517,-0.1508,24.10,4.19867,0.240,0.361,0.000,-0.4605,-0.4636,TRACKING,L+C
1787297509.640,6.8,0.630,0.629,0.432,0.3924,-0.1572,26.00,4.17196,0.240,0.361,0.000,-0.5073,-0.4994,TRACKING,L+C+R_fused
1787297509.712,6.8,0.771,0.665,0.571,0.4464,-0.1374,41.98,2.99806,0.240,0.360,0.000,-0.7103,-0.6723,TRACKING,L+C+R_fused
1787297509.788,6.8,0.629,0.490,0.000,0.4464,-0.1408,40.69,3.11806,0.240,0.360,0.000,-0.6959,-0.6916,TRACKING,L+C
1787297509.870,6.8,0.637,0.621,0.435,0.3316,-0.1431,40.38,3.15200,0.240,0.360,0.000,-0.6966,-0.6957,TRACKING,L+C+R_fused
1787297509.941,6.8,0.621,0.381,0.338,0.2089,-0.1434,40.44,3.16004,0.240,0.360,0.000,-0.6955,-0.6955,TRACKING,L+C+R_fused
1787297510.020,6.8,0.633,0.363,0.284,0.3664,-0.1355,42.98,2.91221,0.240,0.360,0.000,-0.7222,-0.7174,TRACKING,L+C+R_fused
1787297510.102,6.8,0.643,0.409,0.654,0.1276,-0.1259,45.84,2.62285,0.240,0.360,0.000,-0.7558,-0.7489,TRACKING,L+C+R_fused
1787297510.188,6.8,0.626,0.630,0.674,0.1504,-0.1273,45.91,2.62035,0.240,0.360,0.000,-0.7612,-0.7590,TRACKING,L+C+R_fused
1787297510.284,6.8,0.630,0.619,0.000,0.1504,-0.1184,48.25,2.38734,0.240,0.360,0.000,-0.7873,-0.7822,TRACKING,L+C
1787297510.366,6.8,0.627,0.628,0.917,0.2061,-0.1072,50.03,2.22167,0.240,0.360,0.000,-0.7900,-0.7886,TRACKING,L+C+R_fused
1787297510.452,6.8,0.647,0.630,0.665,0.1983,-0.1022,50.35,2.19993,0.240,0.360,0.000,-0.7767,-0.7788,TRACKING,L+C+R_fused
1787297510.532,12.3,0.634,0.456,0.721,0.1917,-0.0994,49.71,2.23601,0.240,0.360,0.000,-0.7588,-0.7624,TRACKING,L+C+R_fused
1787297510.613,12.3,0.638,0.608,0.514,0.2261,-0.1019,47.98,2.38458,0.240,0.360,0.000,-0.7291,-0.7351,TRACKING,L+C+R_fused
1787297510.692,12.3,0.644,0.629,0.499,0.2336,-0.1013,47.34,2.43146,0.240,0.360,0.000,-0.7148,-0.7185,TRACKING,L+C+R_fused
1787297510.783,12.3,0.628,0.624,0.477,0.2484,-0.1050,45.01,2.64052,0.240,0.360,0.000,-0.6745,-0.6824,TRACKING,L+C+R_fused
1787297510.872,12.3,0.375,0.625,0.482,0.2548,-0.0997,46.16,2.51858,0.240,0.360,0.000,-0.6865,-0.6857,TRACKING,L+C+R_fused
1787297510.965,12.3,0.622,0.621,0.642,0.2554,-0.0974,46.66,2.46305,0.240,0.360,0.000,-0.6930,-0.6917,TRACKING,L+C+R_fused
1787297511.050,12.3,0.632,0.621,0.646,0.2468,-0.0938,47.30,2.39247,0.240,0.360,0.000,-0.6991,-0.6978,TRACKING,L+C+R_fused
1787297511.135,12.3,0.413,0.625,0.643,0.2451,-0.0898,47.07,2.40166,0.240,0.360,0.000,-0.6807,-0.6838,TRACKING,L+C+R_fused
1787297511.219,12.3,0.546,0.627,0.643,0.2522,-0.0832,47.68,2.32923,0.240,0.360,0.000,-0.6757,-0.6772,TRACKING,L+C+R_fused
1787297511.308,12.3,0.622,0.629,0.645,0.2287,-0.0784,47.81,2.30180,0.240,0.360,0.000,-0.6647,-0.6669,TRACKING,L+C+R_fused
1787297511.396,12.3,0.526,0.625,0.635,0.2508,-0.0741,47.58,2.30712,0.240,0.360,0.000,-0.6459,-0.6497,TRACKING,L+C+R_fused
1787297511.477,12.3,0.000,0.622,0.652,0.2508,-0.0707,47.42,2.30706,0.240,0.360,0.000,-0.6320,-0.6352,TRACKING,R+C
1787297511.563,11.6,0.565,0.618,0.639,0.2492,-0.0689,46.86,2.34384,0.240,0.360,0.000,-0.6128,-0.6168,TRACKING,L+C+R_fused
1787297511.648,11.6,0.635,0.617,0.637,0.2203,-0.0688,45.71,2.43568,0.240,0.360,0.000,-0.5835,-0.5895,TRACKING,L+C+R_fused
1787297511.728,11.6,0.626,0.617,0.638,0.2275,-0.0675,45.21,2.46905,0.240,0.360,0.000,-0.5673,-0.5713,TRACKING,L+C+R_fused
1787297511.810,11.6,0.469,0.617,0.646,0.2125,-0.0650,45.54,2.43248,0.240,0.360,0.000,-0.5677,-0.5684,TRACKING,L+C+R_fused
1787297511.894,11.6,0.410,0.616,0.654,0.2192,-0.0625,46.16,2.37347,0.240,0.360,0.000,-0.5752,-0.5739,TRACKING,L+C+R_fused
1787297511.973,11.6,0.510,0.617,0.565,0.2445,-0.0606,46.36,2.35182,0.240,0.360,0.000,-0.5738,-0.5738,TRACKING,L+C+R_fused
1787297512.058,11.6,0.562,0.615,0.606,0.2403,-0.0592,46.33,2.34773,0.240,0.360,0.000,-0.5689,-0.5698,TRACKING,L+C+R_fused
1787297512.142,11.6,0.452,0.623,0.655,0.3017,-0.0556,47.72,2.22593,0.240,0.360,0.000,-0.5931,-0.5889,TRACKING,L+C+R_fused
1787297512.226,11.6,0.366,0.623,0.642,0.3114,-0.0542,48.20,2.18494,0.240,0.360,0.000,-0.6009,-0.5987,TRACKING,L+C+R_fused
1787297512.319,11.6,0.410,0.468,0.648,0.2228,-0.0494,48.80,2.12746,0.240,0.360,0.000,-0.5994,-0.5993,TRACKING,L+C+R_fused
1787297512.404,11.6,0.000,0.453,0.618,0.2228,-0.0396,50.44,1.97542,0.240,0.360,0.000,-0.6100,-0.6081,TRACKING,R+C
1787297512.490,11.6,0.000,0.486,0.551,0.2228,-0.0364,50.91,1.93302,0.240,0.360,0.000,-0.6120,-0.6113,TRACKING,R+C
1787297512.575,11.9,0.000,0.486,0.551,0.2228,-0.0321,44.80,1.70106,0.240,0.360,0.000,-0.6120,-0.6118,TRACKING,prediction
1787297512.658,11.9,0.614,0.430,0.625,0.3251,-0.0635,43.86,2.56038,0.240,0.360,0.000,-0.5195,-0.5361,TRACKING,L+C+R_fused
1787297512.784,11.9,0.632,0.626,0.633,0.2939,-0.0428,46.99,2.25461,0.240,0.360,0.000,-0.5232,-0.5256,TRACKING,L+C+R_fused
1787297512.965,11.9,0.620,0.624,0.622,0.0049,-0.0362,48.71,2.10416,0.240,0.360,0.000,-0.5462,-0.5425,TRACKING,L+C+R_fused
1787297513.157,11.9,0.619,0.622,0.619,0.0060,-0.0395,49.33,2.06445,0.240,0.360,0.000,-0.5765,-0.5704,TRACKING,L+C+R_fused
1787297513.311,11.9,0.657,0.623,0.631,0.0088,-0.0358,51.66,1.87774,0.240,0.360,0.000,-0.6298,-0.6191,TRACKING,L+C+R_fused
1787297513.527,11.9,0.657,0.623,0.631,0.0088,-0.0315,45.46,1.65241,0.240,0.360,0.000,-0.6298,-0.6279,TRACKING,prediction
1787297513.765,5.9,0.657,0.623,0.631,0.0088,-0.0278,40.00,1.45412,0.240,0.360,0.000,-0.6298,-0.6295,TRACKING,prediction
1787297513.951,5.9,0.657,0.623,0.631,0.0088,-0.0244,35.20,1.27963,0.240,0.360,0.000,-0.6298,-0.6298,TRACKING,prediction
1787297514.101,5.9,0.657,0.623,0.631,0.0088,-0.0215,30.98,1.12607,0.240,0.360,0.000,-0.6298,-0.6298,TRACKING,prediction
1787297514.219,5.9,0.657,0.623,0.631,0.0088,-0.0189,27.26,0.99094,0.240,0.360,0.000,-0.6298,-0.6298,TRACKING,prediction
1787297514.307,5.9,0.657,0.623,0.631,0.0088,-0.0166,23.99,0.87203,0.240,0.360,0.000,-0.6298,-0.6298,TRACKING,prediction
1787297514.427,5.9,0.638,0.617,0.648,0.2078,-0.0278,51.50,1.84791,0.240,0.360,0.000,-0.6085,-0.6124,TRACKING,L+C+R_fused
1787297514.493,5.9,0.651,0.642,0.000,0.2078,-0.0129,46.57,2.17974,0.240,0.360,0.000,-0.3978,-0.4364,TRACKING,L+C
1787297514.563,5.9,0.642,0.629,0.000,0.2078,0.0041,47.45,2.07993,0.240,0.360,0.000,-0.3445,-0.3611,TRACKING,L+C
1787297514.631,5.9,0.642,0.629,0.000,0.2078,0.0036,41.75,1.83034,0.240,0.360,0.000,-0.3445,-0.3475,TRACKING,prediction
1787297514.717,5.9,0.642,0.629,0.000,0.2078,0.0032,36.74,1.61070,0.240,0.360,0.000,-0.3445,-0.3451,TRACKING,prediction
1787297514.812,9.5,0.642,0.629,0.000,0.2078,0.0028,32.33,1.41742,0.240,0.360,0.000,-0.3445,-0.3446,TRACKING,prediction
1787297514.897,9.5,0.642,0.629,0.000,0.2078,0.0025,28.45,1.24733,0.240,0.360,0.000,-0.3445,-0.3445,TRACKING,prediction
1787297514.979,9.5,0.642,0.629,0.000,0.2078,0.0022,25.04,1.09765,0.240,0.360,0.000,-0.3445,-0.3445,TRACKING,prediction
1787297515.079,9.5,0.642,0.629,0.000,0.2078,0.0019,22.03,0.96593,0.240,0.360,0.000,-0.3445,-0.3445,TRACKING,prediction
1787297515.177,9.5,0.642,0.629,0.000,0.2078,0.0017,19.39,0.85002,0.240,0.360,0.000,-0.3445,-0.3445,TRACKING,prediction
1787297515.272,9.5,0.642,0.629,0.000,0.2078,0.0015,17.06,0.74802,0.240,0.360,0.000,-0.3445,-0.3445,TRACKING,prediction
1787297515.374,9.5,0.642,0.629,0.000,0.2078,0.0013,15.02,0.65825,0.240,0.360,0.000,-0.3445,-0.3445,UNCERTAIN,prediction
1787297515.481,9.5,0.642,0.629,0.000,0.2078,0.0011,13.21,0.57926,0.240,0.351,0.000,-0.3445,-0.3445,UNCERTAIN,prediction
1787297515.582,9.5,0.642,0.629,0.000,0.2078,0.0010,11.63,0.50975,0.240,0.338,0.000,-0.3445,-0.3445,UNCERTAIN,prediction
1787297515.660,9.5,0.641,0.655,0.000,0.3781,0.2777,46.99,1.25301,0.240,0.343,0.000,0.9258,0.4755,TRACKING,L+C
1787297515.734,9.5,0.000,0.658,0.661,0.3781,0.2575,38.97,1.41200,0.240,0.347,0.000,0.9968,0.9030,TRACKING,R+C
1787297515.805,9.5,0.000,0.657,0.659,0.3781,0.2482,32.29,1.42148,0.240,0.350,0.000,1.0000,0.9825,TRACKING,R+C
1787297515.880,11.2,0.000,0.660,0.660,0.3781,0.2382,25.12,1.31815,0.240,0.352,0.000,1.0000,0.9969,TRACKING,R+C
1787297515.959,11.2,0.000,0.661,0.661,0.3781,0.2281,18.22,1.11589,0.240,0.354,0.000,1.0000,0.9994,TRACKING,R+C
1787297516.067,11.2,0.657,0.655,0.657,0.3809,0.2180,12.32,0.85436,0.240,0.355,0.000,1.0000,0.9999,TRACKING,L+C+R_fused
1787297516.167,11.2,0.639,0.648,0.654,0.3841,0.2103,9.12,0.66552,0.247,0.356,0.000,1.0000,1.0000,TRACKING,L+C+R_fused
1787297516.270,11.2,0.641,0.643,0.652,0.3878,0.2043,8.46,0.60357,0.252,0.357,0.000,0.9926,0.9940,TRACKING,L+C+R_fused
1787297516.372,11.2,0.639,0.642,0.658,0.3712,0.2000,10.55,0.70936,0.243,0.358,0.000,1.0000,0.9989,TRACKING,L+C+R_fused
1787297516.480,11.2,0.646,0.639,0.661,0.3676,0.1953,14.39,0.93296,0.240,0.358,0.000,0.9950,0.9957,TRACKING,L+C+R_fused
1787297516.580,11.2,0.633,0.641,0.667,0.3661,0.1874,18.79,1.22366,0.240,0.359,0.000,0.9539,0.9615,TRACKING,L+C+R_fused
1787297516.671,11.2,0.660,0.650,0.659,0.3748,0.2218,34.41,1.48877,0.240,0.359,0.000,0.9289,0.9347,TRACKING,L+C+R_fused
1787297516.771,11.2,0.663,0.649,0.666,0.4667,0.2211,39.53,1.51776,0.240,0.359,0.000,0.8588,0.8725,TRACKING,L+C+R_fused
1787297516.863,11.2,0.669,0.650,0.382,0.5408,0.2108,42.05,1.54443,0.240,0.359,0.000,0.7802,0.7968,TRACKING,L+C+R_fused
1787297516.958,10.2,0.676,0.652,0.669,0.5489,0.2010,44.66,1.54357,0.240,0.359,0.000,0.6908,0.7099,TRACKING,L+C+R_fused
1787297517.050,10.2,0.688,0.667,0.661,0.5843,0.1843,45.79,1.58435,0.240,0.360,0.000,0.5971,0.6174,TRACKING,L+C+R_fused
1787297517.143,10.2,0.702,0.637,0.646,0.5517,0.0560,7.00,1.97747,0.240,0.360,0.000,0.7089,0.6925,TRACKING,L+C+R_fused
1787297517.210,10.2,0.000,0.640,0.647,0.5517,0.0419,7.12,2.15834,0.240,0.360,0.000,0.6691,0.6733,TRACKING,R+C
1787297517.275,10.2,0.000,0.635,0.646,0.5517,0.0218,-2.34,1.71180,0.240,0.360,0.000,0.6694,0.6701,TRACKING,R+C
1787297517.339,10.2,0.000,0.634,0.639,0.5517,0.0060,-17.45,0.60051,0.252,0.360,0.000,0.6445,0.6491,TRACKING,R+C
1787297517.404,10.2,0.000,0.634,0.639,0.5517,0.0052,-15.36,0.52845,0.252,0.360,0.000,0.6445,0.6454,TRACKING,prediction
1787297517.470,10.2,0.000,0.634,0.639,0.5517,0.0046,-13.51,0.46503,0.252,0.360,0.000,0.6445,0.6447,TRACKING,prediction
1787297517.535,10.2,0.000,0.634,0.639,0.5517,0.0041,-11.89,0.40923,0.252,0.360,0.000,0.6445,0.6446,TRACKING,prediction
1787297517.603,10.2,0.000,0.634,0.639,0.5517,0.0036,-10.47,0.36012,0.252,0.360,0.000,0.6445,0.6445,TRACKING,prediction
1787297517.673,10.2,0.000,0.634,0.639,0.5517,0.0031,-9.21,0.31691,0.252,0.360,0.000,0.6445,0.6445,TRACKING,prediction
1787297517.742,10.2,0.000,0.634,0.639,0.5517,0.0028,-8.10,0.27888,0.252,0.360,0.000,0.6445,0.6445,TRACKING,prediction
1787297517.822,10.2,0.000,0.634,0.639,0.5517,0.0024,-7.13,0.24541,0.252,0.360,0.000,0.6445,0.6445,TRACKING,prediction
1787297517.897,10.2,0.000,0.634,0.639,0.5517,0.0021,-6.28,0.21596,0.252,0.360,0.000,0.6445,0.6445,TRACKING,prediction
1787297517.968,13.9,0.000,0.634,0.639,0.5517,0.0019,-5.52,0.19005,0.252,0.435,0.000,0.6445,0.6445,TRACKING,prediction
1787297518.039,13.9,0.000,0.634,0.639,0.5517,0.0017,-4.86,0.16724,0.252,0.455,0.000,0.6445,0.6445,UNCERTAIN,prediction
1787297518.109,13.9,0.000,0.634,0.639,0.5517,0.0015,-4.28,0.14717,0.252,0.470,0.000,0.6445,0.6445,UNCERTAIN,prediction
1787297518.200,13.9,0.000,0.634,0.639,0.5517,0.0013,-3.76,0.12951,0.252,0.482,0.000,0.6445,0.6445,UNCERTAIN,prediction
1787297518.269,13.9,0.000,0.634,0.639,0.5517,0.0011,-3.31,0.11397,0.252,0.492,0.000,0.6445,0.6445,UNCERTAIN,prediction
1787297518.366,13.9,0.000,0.667,0.659,0.3800,0.1564,23.20,-0.08981,0.293,0.537,0.000,0.1536,0.2420,TRACKING,R+C
1787297518.422,13.9,0.000,0.714,0.000,0.3800,0.1416,24.17,-0.03573,0.297,0.573,0.000,0.0693,0.1004,TRACKING,CENTER_LOCKED
1787297518.488,13.9,0.000,0.953,0.339,0.3800,0.1220,24.68,-0.00156,0.300,0.601,0.000,-0.0247,-0.0022,TRACKING,R+C
1787297518.577,13.9,0.000,0.663,0.634,0.3800,0.0147,22.46,0.01488,0.299,0.623,0.000,-0.4271,-0.3507,TRACKING,R+C
1787297518.649,13.9,0.000,0.664,0.658,0.3800,-0.0001,22.09,0.02950,0.298,0.640,0.000,-0.4777,-0.4548,TRACKING,R+C
1787297518.715,13.9,0.000,0.709,0.650,0.3800,-0.0072,26.65,0.27983,0.278,0.653,0.000,-0.5671,-0.5469,TRACKING,R+C
1787297518.783,13.9,0.000,0.694,0.644,0.3800,-0.0215,28.75,0.41935,0.266,0.663,0.000,-0.6887,-0.6632,TRACKING,R+C
1787297518.848,13.9,0.000,0.687,0.646,0.3800,-0.0172,35.49,0.64560,0.248,0.512,0.000,-0.7323,-0.7199,TRACKING,R+C
1787297518.919,13.9,0.000,0.681,0.624,0.3800,-0.0317,37.27,0.73888,0.241,0.436,0.000,-0.8380,-0.8168,TRACKING,R+C
1787297519.013,13.4,0.681,0.683,0.635,0.4347,-0.0595,35.37,0.78720,0.240,0.398,0.000,-0.9040,-0.8883,TRACKING,L+C+R_fused
1787297519.099,13.4,0.684,0.686,0.635,0.4453,-0.0911,31.45,0.79536,0.240,0.379,0.000,-0.9542,-0.9424,TRACKING,L+C+R_fused
1787297519.189,13.4,0.690,0.690,0.636,0.4429,-0.1205,26.42,0.75045,0.240,0.369,0.000,-0.9917,-0.9828,TRACKING,L+C+R_fused
1787297519.293,13.4,0.692,0.691,0.626,0.4420,-0.1440,20.90,0.61575,0.251,0.365,0.000,-0.9873,-0.9865,TRACKING,L+C+R_fused
1787297519.386,13.4,0.695,0.695,0.622,0.4339,-0.1600,16.34,0.46695,0.263,0.362,0.000,-0.9819,-0.9827,TRACKING,L+C+R_fused
1787297519.489,13.4,0.694,0.694,0.626,0.4323,-0.1689,13.46,0.39719,0.268,0.361,0.000,-0.9646,-0.9679,TRACKING,L+C+R_fused
1787297519.586,13.4,0.737,0.737,0.624,0.4234,-0.1740,10.80,0.31639,0.275,0.361,0.000,-0.9214,-0.9298,TRACKING,L+C+R_fused
1787297519.657,13.4,0.000,0.694,0.629,0.4234,-0.1763,8.04,0.19948,0.284,0.360,0.000,-0.8608,-0.8732,TRACKING,R+C
1787297519.725,13.4,0.000,0.681,0.639,0.4234,-0.1776,4.98,0.02026,0.298,0.360,0.000,-0.7902,-0.8051,TRACKING,R+C
1787297519.796,13.4,0.000,0.671,0.623,0.4234,-0.1777,1.91,-0.17926,0.286,0.360,0.000,-0.8124,-0.8111,TRACKING,R+C
1787297519.864,13.4,0.000,0.666,0.631,0.4234,-0.1766,-0.85,-0.35766,0.271,0.360,0.000,-0.8504,-0.8433,TRACKING,R+C
1787297519.931,13.4,0.000,0.664,0.644,0.4234,-0.1743,-3.17,-0.50052,0.260,0.360,0.000,-0.9072,-0.8957,TRACKING,R+C
1787297519.997,13.4,0.000,0.677,0.658,0.4234,-0.1692,-3.07,-0.42575,0.266,0.435,0.000,-0.8223,-0.8355,TRACKING,R+C
1787297520.065,12.4,0.000,0.713,0.663,0.4234,-0.1626,-1.89,-0.25576,0.280,0.493,0.000,-0.7369,-0.7546,TRACKING,R+C
1787297520.131,12.4,0.000,0.713,0.634,0.4234,-0.1560,-1.16,-0.13302,0.289,0.539,0.000,-0.6703,-0.6855,TRACKING,R+C
1787297520.207,12.4,0.000,0.659,0.646,0.4234,-0.1583,-4.57,-0.24683,0.280,0.574,0.000,-0.6696,-0.6725,TRACKING,R+C
1787297520.262,12.4,0.000,0.314,0.674,0.4234,-0.1632,-3.93,-0.06020,0.295,0.602,0.000,-0.6169,-0.6269,TRACKING,R+C
1787297520.330,12.4,0.000,0.690,0.648,0.4234,0.0446,-4.73,-0.51994,0.258,0.623,0.000,0.2481,0.0906,TRACKING,R+C
1787297520.386,12.4,0.000,0.433,0.663,0.4234,0.0365,-2.62,-0.34248,0.273,0.640,0.000,0.1921,0.1738,TRACKING,R+C
1787297520.444,12.4,0.000,0.689,0.336,0.4234,0.0345,-2.57,-0.39464,0.268,0.653,0.000,0.1752,0.1749,TRACKING,R+C
1787297520.502,12.4,0.000,0.679,0.615,0.4234,0.0320,-3.11,-0.48565,0.261,0.664,0.000,0.1652,0.1670,TRACKING,R+C
1787297520.564,12.4,0.000,0.637,0.683,0.4234,0.0282,-6.76,-0.72596,0.242,0.512,0.000,0.1793,0.1770,TRACKING,R+C
1787297520.652,12.4,0.326,0.651,0.651,0.4056,0.0239,-9.36,-0.91574,0.240,0.436,0.000,0.1728,0.1735,TRACKING,L+C+R_fused
1787297520.731,12.4,0.512,0.702,0.624,0.3977,0.0271,-9.87,-1.05244,0.240,0.398,0.000,0.1692,0.1700,TRACKING,L+C+R_fused
1787297520.814,12.4,0.725,0.722,0.655,0.1624,0.0308,-9.31,-1.11610,0.240,0.379,0.000,0.1610,0.1627,TRACKING,L+C+R_fused
1787297520.887,12.4,0.000,0.313,0.663,0.1624,0.0304,-6.62,-0.98648,0.240,0.369,0.000,0.1208,0.1283,TRACKING,R+C
1787297520.960,12.4,0.325,0.314,0.642,0.2385,0.0352,-1.14,-0.69157,0.245,0.365,0.000,0.0759,0.0854,TRACKING,L+C+R_fused
1787297521.033,12.4,0.000,0.699,0.631,0.2385,0.0363,-0.81,-0.75765,0.240,0.362,0.000,0.0601,0.0647,TRACKING,R+C
1787297521.104,14.4,0.735,0.333,0.650,0.4563,0.0222,-10.90,-1.38284,0.240,0.361,0.000,0.0701,0.0691,TRACKING,L+C+R_fused
1787297521.179,14.4,0.492,0.427,0.648,0.1947,0.0085,-12.17,-1.41119,0.240,0.361,0.000,0.0020,0.0141,TRACKING,L+C+R_fused
1787297521.255,14.4,0.642,0.377,0.654,0.2897,-0.0011,-9.39,-1.21749,0.240,0.360,0.000,-0.0845,-0.0668,TRACKING,L+C+R_fused
1787297521.365,14.4,0.629,0.291,0.645,0.3797,-0.0087,-8.98,-1.25031,0.240,0.360,0.000,-0.1577,-0.1413,TRACKING,L+C+R_fused
1787297521.484,14.4,0.628,0.291,0.645,0.4181,-0.0173,-4.42,-0.88561,0.240,0.360,0.000,-0.2420,-0.2238,TRACKING,L+C+R_fused
1787297521.592,14.4,0.635,0.460,0.649,0.4224,-0.0340,7.96,0.16359,0.287,0.360,0.000,-0.3151,-0.2987,TRACKING,L+C+R_fused
1787297521.697,14.4,0.637,0.630,0.645,0.4343,-0.0523,6.69,0.21680,0.283,0.360,0.000,-0.3706,-0.3577,TRACKING,L+C+R_fused
1787297521.816,14.4,0.618,0.630,0.000,0.4343,-0.0690,5.21,0.21421,0.283,0.360,0.000,-0.4136,-0.4036,TRACKING,L+C
1787297521.967,14.4,0.617,0.623,0.624,0.1129,-0.0824,3.49,0.18464,0.285,0.360,0.000,-0.4346,-0.4290,TRACKING,L+C+R_fused
1787297522.169,8.5,0.616,0.619,0.639,0.3202,-0.0856,3.21,0.19367,0.285,0.360,0.000,-0.4435,-0.4409,TRACKING,L+C+R_fused
1787297522.314,8.5,0.617,0.619,0.644,0.3046,-0.0768,8.91,0.76330,0.240,0.360,0.000,-0.5270,-0.5115,TRACKING,L+C+R_fused
1787297522.395,8.5,0.000,0.621,0.656,0.3046,-0.0791,7.87,0.55767,0.255,0.360,0.000,-0.5046,-0.5059,TRACKING,R+C
1787297522.466,8.5,0.000,0.625,0.655,0.3046,-0.0873,4.36,0.07331,0.294,0.360,0.000,-0.4652,-0.4725,TRACKING,R+C
1787297522.536,8.5,0.000,0.630,0.492,0.3046,-0.1026,-1.76,-0.62080,0.250,0.360,0.000,-0.7057,-0.6637,TRACKING,R+C
1787297522.634,8.5,0.623,0.634,0.500,0.3292,-0.1171,-3.63,-0.70065,0.244,0.360,0.000,-0.7840,-0.7623,TRACKING,L+C+R_fused
1787297522.728,8.5,0.626,0.645,0.380,0.3995,-0.1273,-1.06,-0.47826,0.262,0.360,0.000,-0.7262,-0.7327,TRACKING,L+C+R_fused
1787297522.825,8.5,0.627,0.663,0.608,0.4307,-0.1184,7.50,-0.05234,0.296,0.360,0.000,-0.6514,-0.6660,TRACKING,L+C+R_fused
1787297522.905,8.5,0.627,0.663,0.608,0.4307,-0.1042,6.60,-0.04606,0.296,0.360,0.000,-0.6514,-0.6540,TRACKING,prediction
1787297522.966,8.5,0.627,0.663,0.608,0.4307,-0.0917,5.80,-0.04053,0.296,0.360,0.000,-0.6514,-0.6519,TRACKING,prediction
1787297523.058,8.5,0.627,0.663,0.608,0.4307,-0.0807,5.11,-0.03567,0.296,0.360,0.000,-0.6514,-0.6515,TRACKING,prediction
1787297523.173,11.0,0.627,0.663,0.608,0.4307,-0.0710,4.50,-0.03139,0.296,0.360,0.000,-0.6514,-0.6514,TRACKING,prediction
1787297523.271,11.0,0.627,0.663,0.608,0.4307,-0.0625,3.96,-0.02762,0.296,0.360,0.000,-0.6514,-0.6514,TRACKING,prediction
1787297523.342,11.0,0.627,0.663,0.608,0.4307,-0.0550,3.48,-0.02431,0.296,0.360,0.000,-0.6514,-0.6514,TRACKING,prediction
1787297523.431,11.0,0.627,0.663,0.608,0.4307,-0.0484,3.06,-0.02139,0.296,0.360,0.000,-0.6514,-0.6514,TRACKING,prediction
1787297523.510,11.0,0.627,0.663,0.608,0.4307,-0.0426,2.70,-0.01882,0.296,0.435,0.000,-0.6514,-0.6514,TRACKING,prediction
1787297523.616,11.0,0.627,0.663,0.608,0.4307,-0.0375,2.37,-0.01656,0.296,0.493,0.000,-0.6514,-0.6514,TRACKING,prediction
1787297523.743,11.0,0.627,0.663,0.608,0.4307,-0.0330,2.09,-0.01458,0.296,0.539,0.000,-0.6514,-0.6514,TRACKING,prediction
1787297524.005,11.0,0.627,0.663,0.608,0.4307,-0.0290,1.84,-0.01283,0.296,0.535,0.000,-0.6514,-0.6514,UNCERTAIN,prediction
1787297524.113,11.0,0.627,0.663,0.608,0.4307,-0.0255,1.62,-0.01129,0.296,0.532,0.000,-0.6514,-0.6514,UNCERTAIN,prediction
1787297524.214,8.6,0.627,0.663,0.608,0.4307,-0.0225,1.42,-0.00993,0.296,0.530,0.000,-0.6514,-0.6514,UNCERTAIN,prediction
1787297524.305,8.6,0.627,0.663,0.608,0.4307,-0.0198,1.25,-0.00874,0.296,0.528,0.000,-0.6514,-0.6514,UNCERTAIN,prediction
1787297524.393,8.6,0.627,0.663,0.608,0.4307,-0.0174,1.10,-0.00769,0.296,0.527,0.000,-0.6514,-0.6514,UNCERTAIN,prediction
1787297524.476,8.6,0.627,0.663,0.608,0.4307,-0.0153,0.97,-0.00677,0.296,0.527,0.000,-0.6514,-0.6514,UNCERTAIN,prediction
1787297524.564,8.6,0.627,0.663,0.608,0.4307,-0.0135,0.85,-0.00596,0.296,0.460,0.000,-0.6514,-0.6514,PREDICTING,prediction
1787297524.639,8.6,0.627,0.663,0.608,0.4307,-0.0119,0.75,-0.00524,0.296,0.414,0.000,-0.6514,-0.6514,PREDICTING,prediction
1787297524.722,8.6,0.627,0.663,0.608,0.4307,-0.0104,0.66,-0.00461,0.296,0.382,0.000,-0.6514,-0.6514,PREDICTING,prediction
1787297524.900,8.6,0.627,0.663,0.608,0.4307,-0.0092,0.58,-0.00406,0.296,0.359,0.000,-0.6514,-0.6514,PREDICTING,prediction
1787297525.003,8.6,0.637,0.625,0.627,0.2252,0.0016,51.45,0.75497,0.240,0.359,0.000,-0.8824,-0.8408,TRACKING,L+C+R_fused
1787297525.100,8.6,0.641,0.623,0.619,0.2208,0.0055,51.85,0.74751,0.240,0.359,0.000,-0.8762,-0.8698,TRACKING,L+C+R_fused
1787297525.209,8.6,0.641,0.623,0.619,0.2208,0.0049,45.63,0.65781,0.240,0.360,0.000,-0.8762,-0.8751,TRACKING,prediction
1787297525.342,9.8,0.630,0.630,0.624,0.3916,-0.0198,49.88,0.79712,0.240,0.360,0.000,-0.9208,-0.9125,TRACKING,L+C+R_fused
1787297525.504,9.8,0.626,0.627,0.684,0.2258,-0.0415,46.01,0.83866,0.240,0.360,0.000,-0.9269,-0.9243,TRACKING,L+C+R_fused
1787297525.687,9.8,0.620,0.624,0.669,0.2224,-0.0615,41.45,0.85887,0.240,0.360,0.000,-0.9826,-0.9721,TRACKING,L+C+R_fused
1787297525.889,9.8,0.618,0.621,0.657,0.1969,-0.0757,37.56,0.84162,0.240,0.360,0.000,-0.9777,-0.9767,TRACKING,L+C+R_fused
1787297526.100,9.8,0.616,0.621,0.649,0.2038,-0.0852,34.71,0.81251,0.240,0.360,0.000,-0.9755,-0.9757,TRACKING,L+C+R_fused
1787297526.321,9.8,0.614,0.613,0.644,0.1862,-0.0911,32.36,0.76540,0.240,0.360,0.000,-0.9722,-0.9728,TRACKING,L+C+R_fused
1787297526.388,5.7,0.614,0.613,0.644,0.1862,-0.0802,28.48,0.67355,0.240,0.360,0.000,-0.9722,-0.9723,TRACKING,prediction
1787297526.462,5.7,0.614,0.613,0.644,0.1862,-0.0706,25.06,0.59273,0.240,0.360,0.000,-0.9722,-0.9722,TRACKING,prediction
1787297526.543,5.7,0.614,0.613,0.644,0.1862,-0.0621,22.05,0.52160,0.240,0.360,0.000,-0.9722,-0.9722,TRACKING,prediction
1787297526.629,5.7,0.614,0.613,0.644,0.1862,-0.0546,19.41,0.45901,0.240,0.360,0.000,-0.9722,-0.9722,TRACKING,prediction
1787297526.714,5.7,0.614,0.613,0.644,0.1862,-0.0481,17.08,0.40393,0.240,0.360,0.000,-0.9722,-0.9722,TRACKING,prediction
1787297526.805,5.7,0.614,0.613,0.644,0.1862,-0.0423,15.03,0.35546,0.240,0.360,0.000,-0.9722,-0.9722,TRACKING,prediction
1787297526.893,5.7,0.670,0.667,0.278,0.5936,-0.0643,40.13,0.85081,0.240,0.360,0.000,-0.9751,-0.9746,TRACKING,L+C+R_fused
1787297526.995,5.7,0.671,0.668,0.646,0.3963,-0.1574,18.99,0.55246,0.256,0.360,0.000,-0.9879,-0.9855,TRACKING,L+C+R_fused
1787297527.083,5.7,0.676,0.678,0.292,0.5209,-0.1649,20.23,0.69471,0.244,0.360,0.000,-1.0000,-0.9974,TRACKING,L+C+R_fused
1787297527.184,5.7,0.672,0.674,0.339,0.3309,-0.1664,21.84,0.79888,0.240,0.360,0.000,-1.0000,-0.9995,TRACKING,L+C+R_fused
1787297527.296,5.7,0.643,0.644,0.437,0.3689,-0.1644,23.00,0.81850,0.240,0.360,0.000,-1.0000,-0.9999,TRACKING,L+C+R_fused
1787297527.401,10.9,0.640,0.640,0.563,0.3973,-0.1617,24.15,0.86118,0.240,0.360,0.000,-1.0000,-1.0000,TRACKING,L+C+R_fused
1787297527.496,10.9,0.663,0.655,0.663,0.4137,-0.1671,22.45,0.83918,0.240,0.360,0.000,-1.0000,-1.0000,TRACKING,L+C+R_fused
1787297527.596,10.9,0.370,0.660,0.384,0.6082,-0.1869,15.42,0.60363,0.252,0.360,0.000,-1.0000,-1.0000,TRACKING,L+C+R_fused
1787297527.681,10.9,0.676,0.675,0.681,0.4460,-0.1250,33.60,0.99472,0.240,0.360,0.000,-1.0000,-1.0000,TRACKING,L+C+R_fused
1787297527.779,10.9,0.000,0.645,0.657,0.4460,-0.0122,1.79,0.00646,0.299,0.360,0.000,-0.0964,-0.2591,TRACKING,R+C
1787297527.838,10.9,0.000,0.643,0.000,0.4460,-0.0105,1.87,0.00783,0.299,0.360,0.000,-0.0905,-0.1209,TRACKING,CENTER_LOCKED
1787297527.916,10.9,0.000,0.644,0.263,0.4460,-0.0078,2.03,0.01255,0.299,0.360,0.000,-0.0815,-0.0886,TRACKING,R+C
1787297528.010,10.9,0.680,0.647,0.365,0.2216,-0.0036,2.30,0.02017,0.298,0.360,0.000,-0.0679,-0.0717,TRACKING,L+C+R_fused
1787297528.090,10.9,0.689,0.649,0.000,0.2216,0.0017,2.35,0.02408,0.298,0.360,0.000,-0.0448,-0.0496,TRACKING,L+C
1787297528.183,10.9,0.698,0.649,0.421,0.5431,0.0053,0.08,-0.22660,0.282,0.360,0.000,-0.0190,-0.0245,TRACKING,L+C+R_fused
1787297528.279,10.9,0.689,0.650,0.580,0.3983,0.0104,-1.55,-0.39949,0.268,0.360,0.000,0.0140,0.0071,TRACKING,L+C+R_fused
1787297528.373,10.9,0.685,0.649,0.642,0.0920,0.0148,-3.73,-0.61774,0.251,0.360,0.000,0.0289,0.0250,TRACKING,L+C+R_fused
1787297528.470,11.2,0.683,0.647,0.441,0.3630,0.0232,-3.49,-0.52349,0.258,0.360,0.000,0.0931,0.0808,TRACKING,L+C+R_fused
1787297528.547,11.2,0.000,0.647,0.423,0.3630,0.0332,-3.32,-0.43991,0.265,0.435,0.000,0.1827,0.1643,TRACKING,R+C
1787297528.623,11.2,0.000,0.642,0.449,0.3630,0.0407,-3.16,-0.35177,0.272,0.493,0.000,0.2269,0.2156,TRACKING,R+C
1787297528.700,11.2,0.000,0.640,0.319,0.3630,0.0464,-2.78,-0.25268,0.280,0.539,0.000,0.2526,0.2459,TRACKING,R+C
1787297528.784,11.2,0.000,0.638,0.389,0.3630,0.0492,-2.43,-0.17791,0.286,0.574,0.000,0.2611,0.2584,TRACKING,R+C
1787297528.863,11.2,0.000,0.638,0.357,0.3630,0.0512,-2.18,-0.12965,0.290,0.602,0.000,0.2665,0.2650,TRACKING,R+C
1787297528.950,11.2,0.000,0.639,0.342,0.3630,0.0513,-1.97,-0.10068,0.292,0.623,0.000,0.2635,0.2637,TRACKING,R+C
1787297529.011,11.2,0.000,0.643,0.000,0.3630,0.0502,-1.83,-0.09221,0.293,0.640,0.000,0.2557,0.2571,TRACKING,CENTER_LOCKED
1787297529.089,11.2,0.000,0.643,0.294,0.3630,0.0495,-1.66,-0.08513,0.293,0.653,0.000,0.2490,0.2504,TRACKING,R+C
1787297529.158,11.2,0.000,0.642,0.517,0.3630,0.0498,-2.58,-0.22796,0.282,0.664,0.000,0.2653,0.2626,TRACKING,R+C
1787297529.227,11.2,0.000,0.644,0.527,0.3630,0.0516,-1.65,-0.15664,0.287,0.672,0.000,0.2556,0.2568,TRACKING,R+C
1787297529.292,11.2,0.000,0.647,0.391,0.3630,0.0534,-0.59,-0.07591,0.294,0.678,0.000,0.2436,0.2460,TRACKING,R+C
1787297529.358,11.2,0.000,0.645,0.313,0.3630,0.0435,-4.25,-0.26581,0.279,0.683,0.000,0.2724,0.2677,TRACKING,R+C
1787297529.429,11.2,0.000,0.644,0.423,0.3630,0.0460,-3.54,-0.25639,0.279,0.687,0.000,0.2685,0.2684,TRACKING,R+C
1787297529.501,13.6,0.000,0.643,0.259,0.3630,0.0488,-2.33,-0.22679,0.282,0.690,0.000,0.2548,0.2573,TRACKING,R+C
1787297529.552,13.6,0.000,0.643,0.000,0.3630,0.0503,-0.35,-0.09495,0.292,0.692,0.000,0.2237,0.2298,TRACKING,CENTER_LOCKED
1787297529.601,13.6,0.000,0.646,0.000,0.3630,0.0488,0.07,-0.09354,0.293,0.694,0.000,0.2080,0.2119,TRACKING,CENTER_LOCKED
1787297529.669,13.6,0.000,0.647,0.405,0.3630,0.0475,0.58,-0.07220,0.294,0.695,0.000,0.1922,0.1958,TRACKING,R+C
1787297529.718,13.6,0.000,0.647,0.000,0.3630,0.0462,1.32,-0.03708,0.297,0.696,0.000,0.1678,0.1728,TRACKING,CENTER_LOCKED
1787297529.788,13.6,0.000,0.646,0.289,0.3630,0.0432,1.70,-0.01783,0.299,0.697,0.000,0.1476,0.1522,TRACKING,R+C
1787297529.862,13.6,0.000,0.643,0.279,0.3630,0.0392,1.72,-0.02067,0.298,0.698,0.000,0.1292,0.1333,TRACKING,R+C
1787297529.917,13.6,0.000,0.641,0.000,0.3630,0.0352,2.09,0.00790,0.299,0.698,0.000,0.1078,0.1124,TRACKING,CENTER_LOCKED
1787297529.990,13.6,0.000,0.640,0.265,0.3630,0.0308,2.42,0.05858,0.295,0.699,0.000,0.0938,0.0971,TRACKING,R+C
1787297530.036,13.6,0.000,0.643,0.000,0.3630,0.0261,1.84,-0.01039,0.299,0.699,0.000,0.0697,0.0746,TRACKING,CENTER_LOCKED
1787297530.085,13.6,0.000,0.645,0.000,0.3630,0.0232,2.21,-0.00904,0.299,0.699,0.000,0.0478,0.0526,TRACKING,CENTER_LOCKED
1787297530.152,13.6,0.000,0.644,0.387,0.3630,0.0126,0.51,-0.09013,0.293,0.699,0.000,0.0313,0.0352,TRACKING,R+C
1787297530.245,13.6,0.262,0.642,0.293,0.3204,0.0081,0.85,-0.07815,0.294,0.699,0.000,0.0048,0.0103,TRACKING,L+C+R_fused
1787297530.328,13.6,0.000,0.641,0.298,0.3204,0.0048,1.54,-0.04464,0.296,0.700,0.000,-0.0263,-0.0197,TRACKING,R+C
1787297530.401,13.6,0.000,0.641,0.257,0.3204,0.0012,2.97,0.11591,0.291,0.700,0.000,-0.0412,-0.0373,TRACKING,R+C
1787297530.466,13.6,0.000,0.644,0.643,0.3204,-0.0025,3.43,0.12674,0.290,0.700,0.000,-0.0679,-0.0624,TRACKING,R+C
1787297530.533,15.5,0.000,0.646,0.644,0.3204,-0.0071,3.14,0.09188,0.293,0.766,0.000,-0.0873,-0.0828,TRACKING,R+C
1787297530.624,15.5,0.289,0.643,0.000,0.3204,-0.0117,2.57,0.04768,0.296,0.817,0.000,-0.1062,-0.1020,TRACKING,L+C
1787297530.700,15.5,0.000,0.641,0.655,0.3204,-0.0143,2.48,0.03985,0.297,0.858,0.000,-0.1171,-0.1143,TRACKING,R+C
1787297530.770,15.5,0.000,0.641,0.664,0.3204,-0.0162,2.17,0.01716,0.299,0.889,0.000,-0.1213,-0.1201,TRACKING,R+C
1787297530.836,15.5,0.000,0.645,0.635,0.3204,-0.0172,1.84,-0.00457,0.300,0.913,0.000,-0.1217,-0.1214,TRACKING,R+C
1787297530.901,15.5,0.000,0.647,0.644,0.3204,-0.0213,0.41,-0.07192,0.294,0.932,0.000,-0.1198,-0.1201,TRACKING,R+C
1787297530.972,15.5,0.000,0.644,0.644,0.3204,-0.0198,0.31,-0.07999,0.294,0.947,0.000,-0.1128,-0.1141,TRACKING,R+C
1787297531.084,15.5,0.641,0.641,0.338,0.1848,-0.0171,0.24,-0.09068,0.293,0.959,0.000,-0.1011,-0.1034,TRACKING,L+C+R_fused
1787297531.150,15.5,0.000,0.646,0.260,0.1848,-0.0114,0.56,-0.05006,0.296,0.968,0.000,-0.0770,-0.0818,TRACKING,R+C
1787297531.221,15.5,0.000,0.643,0.372,0.1848,-0.0071,-0.20,-0.07923,0.294,0.975,0.000,-0.0427,-0.0498,TRACKING,R+C
1787297531.299,15.5,0.000,0.640,0.474,0.1848,0.0006,-0.05,-0.06566,0.295,0.980,0.000,-0.0109,-0.0179,TRACKING,R+C
1787297531.381,15.5,0.260,0.641,0.340,0.1756,0.0084,-0.08,-0.07222,0.294,0.985,0.000,0.0275,0.0194,TRACKING,L+C+R_fused
1787297531.464,15.5,0.647,0.647,0.446,0.1756,0.0177,-0.06,-0.06336,0.295,0.988,0.000,0.0687,0.0598,TRACKING,L+C+R_fused
1787297531.560,12.7,0.643,0.643,0.320,0.2090,0.0262,-0.39,-0.08158,0.293,0.991,0.000,0.1156,0.1056,TRACKING,L+C+R_fused
1787297531.628,12.7,0.000,0.643,0.348,0.2090,0.0370,0.13,-0.03385,0.297,0.993,0.000,0.1559,0.1469,TRACKING,R+C
1787297531.714,12.7,0.267,0.645,0.296,0.4714,0.0460,-0.45,-0.08488,0.293,0.994,0.000,0.2069,0.1961,TRACKING,L+C+R_fused
1787297531.787,12.7,0.000,0.645,0.272,0.4714,0.0549,-0.03,-0.06488,0.295,0.996,0.000,0.2360,0.2288,TRACKING,R+C
1787297531.862,12.7,0.000,0.644,0.394,0.4714,0.0617,0.25,-0.05706,0.295,0.997,0.000,0.2601,0.2545,TRACKING,R+C
1787297531.932,12.7,0.000,0.643,0.284,0.4714,0.0668,0.63,-0.03594,0.297,0.997,0.000,0.2749,0.2712,TRACKING,R+C
1787297532.011,12.7,0.000,0.647,0.261,0.4714,0.0701,0.63,-0.06157,0.295,0.998,0.000,0.2872,0.2843,TRACKING,R+C
1787297532.089,12.7,0.000,0.643,0.343,0.4714,0.0690,1.04,-0.04473,0.296,0.998,0.000,0.2740,0.2759,TRACKING,R+C
1787297532.142,12.7,0.000,0.641,0.000,0.4714,0.0660,0.93,-0.08394,0.293,0.999,0.000,0.2668,0.2684,TRACKING,CENTER_LOCKED
1787297532.215,12.7,0.000,0.641,0.286,0.4714,0.0634,1.05,-0.11856,0.291,0.999,0.000,0.2514,0.2544,TRACKING,R+C
1787297532.268,12.7,0.000,0.647,0.000,0.4714,0.0582,2.59,-0.03426,0.297,0.999,0.000,0.1906,0.2021,TRACKING,CENTER_LOCKED
1787297532.338,12.7,0.000,0.643,0.446,0.4714,0.0477,1.76,-0.07382,0.294,0.999,0.000,0.1668,0.1731,TRACKING,R+C
1787297532.398,12.7,0.000,0.640,0.000,0.4714,0.0391,2.06,-0.06243,0.295,1.000,0.000,0.1140,0.1246,TRACKING,CENTER_LOCKED
1787297532.469,12.7,0.000,0.640,0.641,0.4714,0.0297,2.54,-0.02787,0.298,1.000,0.000,0.0651,0.0758,TRACKING,R+C
1787297532.532,12.7,0.000,0.644,0.637,0.4714,0.0180,2.36,-0.05944,0.295,1.000,0.000,0.0103,0.0221,TRACKING,R+C
1787297532.596,14.5,0.000,0.646,0.662,0.4714,-0.0029,-0.13,-0.17624,0.286,1.000,0.000,-0.0445,-0.0325,TRACKING,R+C
1787297532.669,14.5,0.000,0.643,0.669,0.4714,-0.0136,0.48,-0.15487,0.288,1.000,0.000,-0.1058,-0.0926,TRACKING,R+C
1787297532.741,14.5,0.000,0.641,0.672,0.4714,-0.0239,1.32,-0.11930,0.290,1.000,0.000,-0.1644,-0.1515,TRACKING,R+C
1787297532.810,14.5,0.000,0.649,0.672,0.4714,-0.0344,2.06,-0.12183,0.290,1.000,0.000,-0.2304,-0.2162,TRACKING,R+C
1787297532.875,14.5,0.000,0.680,0.674,0.4714,-0.0595,-1.42,-0.31891,0.274,0.910,0.000,-0.3361,-0.3146,TRACKING,R+C
1787297532.954,14.5,0.000,0.669,0.668,0.4714,-0.0715,-0.59,-0.33006,0.274,0.847,0.000,-0.4181,-0.3994,TRACKING,R+C
1787297533.023,14.5,0.000,0.704,0.660,0.4714,-0.0858,1.00,-0.29556,0.276,0.803,0.000,-0.5049,-0.4859,TRACKING,R+C
1787297533.093,14.5,0.000,0.746,0.657,0.4714,-0.1020,1.91,-0.52458,0.258,0.772,0.000,-0.7207,-0.6784,TRACKING,R+C
1787297533.186,14.5,0.467,0.854,0.660,0.7557,-0.1181,3.18,-0.45520,0.264,0.750,0.000,-0.7599,-0.7452,TRACKING,L+C+R_fused
1787297533.272,14.5,0.665,0.823,0.366,1.0965,-0.1376,4.47,-0.36861,0.271,0.735,0.000,-0.8117,-0.7997,TRACKING,L+C+R_fused
1787297533.366,14.5,0.721,0.893,0.656,0.4732,-0.1554,6.12,-0.24255,0.281,0.725,0.000,-0.8365,-0.8299,TRACKING,L+C+R_fused
1787297533.451,14.5,0.385,0.464,0.657,0.4673,-0.1677,9.42,-0.04271,0.297,0.717,0.000,-0.8309,-0.8307,TRACKING,L+C+R_fused
1787297533.530,14.5,0.387,0.368,0.659,0.4670,-0.1453,26.49,0.80123,0.240,0.539,0.000,-1.0000,-0.9695,TRACKING,L+C+R_fused
1787297533.612,12.8,0.308,0.308,0.660,0.5075,-0.2347,4.60,0.07878,0.294,0.449,0.000,-0.9445,-0.9490,TRACKING,L+C+R_fused
1787297533.676,12.8,0.308,0.308,0.660,0.5075,-0.2066,4.04,0.06932,0.294,0.405,0.000,-0.9445,-0.9453,TRACKING,prediction
1787297533.741,12.8,0.000,0.000,0.664,0.5075,0.0094,10.73,-0.28316,0.277,0.382,0.000,-0.2795,-0.3994,TRACKING,R_only
1787297533.807,12.8,0.000,0.000,0.665,0.5075,0.0032,9.59,-0.35734,0.271,0.371,0.000,-0.3085,-0.3249,TRACKING,R_only
1787297533.873,12.8,0.000,0.000,0.665,0.5075,-0.0002,9.53,-0.37877,0.270,0.366,0.000,-0.3326,-0.3312,TRACKING,R_only
1787297533.939,12.8,0.000,0.000,0.666,0.5075,-0.0065,7.56,-0.53955,0.257,0.363,0.000,-0.3694,-0.3625,TRACKING,R_only
1787297534.008,12.8,0.000,0.000,0.666,0.5075,-0.0101,7.83,-0.54060,0.257,0.361,0.000,-0.3966,-0.3905,TRACKING,R_only
1787297534.076,12.8,0.000,0.000,0.665,0.5075,-0.0134,8.32,-0.52412,0.258,0.361,0.000,-0.4191,-0.4140,TRACKING,R_only
1787297534.133,12.8,0.000,0.000,0.664,0.5075,-0.0182,9.01,-0.50808,0.259,0.360,0.000,-0.4542,-0.4469,TRACKING,R_only
1787297534.194,12.8,0.000,0.000,0.664,0.5075,-0.0239,9.74,-0.48061,0.262,0.435,0.000,-0.4494,-0.4489,TRACKING,R_only
1787297534.253,12.8,0.000,0.000,0.662,0.5075,-0.0298,10.66,-0.44012,0.265,0.493,0.000,-0.4829,-0.4768,TRACKING,R_only
1787297534.311,12.8,0.000,0.000,0.661,0.5075,-0.0369,11.93,-0.38258,0.269,0.539,0.000,-0.5697,-0.5530,TRACKING,R_only
1787297534.369,12.8,0.000,0.000,0.660,0.5075,-0.0409,12.64,-0.35282,0.272,0.574,0.000,-0.5894,-0.5828,TRACKING,R_only
1787297534.432,12.8,0.000,0.000,0.657,0.5075,-0.0518,13.63,-0.31282,0.275,0.602,0.000,-0.6375,-0.6276,TRACKING,R_only
1787297534.505,12.8,0.000,0.000,0.656,0.5075,-0.0655,14.44,-0.28102,0.278,0.624,0.000,-0.6920,-0.6804,TRACKING,R_only
1787297534.570,12.8,0.000,0.000,0.654,0.5075,-0.0796,14.89,-0.25531,0.280,0.640,0.000,-0.7398,-0.7291,TRACKING,R_only
1787297534.650,15.4,0.285,0.653,0.000,0.5075,0.1306,15.34,-0.23182,0.281,0.653,0.000,0.2227,0.0513,TRACKING,L+C
1787297534.722,15.4,0.287,0.651,0.000,0.5075,0.1225,15.88,-0.16092,0.287,0.664,0.000,0.1767,0.1542,TRACKING,L+C
1787297534.805,15.4,0.000,0.651,0.651,0.5075,0.1132,15.21,-0.19890,0.284,0.672,0.000,0.1444,0.1461,TRACKING,R+C
1787297534.888,15.4,0.000,0.661,0.650,0.5075,0.0981,14.83,-0.24332,0.281,0.678,0.000,0.0728,0.0860,TRACKING,R+C
1787297534.962,15.4,0.000,0.648,0.000,0.5075,0.0111,17.33,-0.13686,0.289,0.683,0.000,-0.3784,-0.2948,TRACKING,CENTER_LOCKED
1787297535.014,15.4,0.000,0.663,0.000,0.5075,-0.0042,17.47,-0.12606,0.290,0.687,0.000,-0.4423,-0.4158,TRACKING,CENTER_LOCKED
1787297535.091,15.4,0.652,0.584,0.000,0.5075,0.0057,27.41,0.35597,0.272,0.690,0.000,-0.5353,-0.5138,TRACKING,L+C
1787297535.165,15.4,0.652,0.000,0.000,0.5075,0.1027,20.50,0.23374,0.281,0.692,0.000,0.0504,-0.0512,TRACKING,L_only
1787297535.231,15.4,0.654,0.000,0.000,0.5075,0.0724,22.70,0.49312,0.261,0.694,0.000,-0.0625,-0.0605,TRACKING,L_only
1787297535.293,15.4,0.691,0.000,0.000,0.5075,0.0495,21.69,0.68965,0.245,0.527,0.000,-0.0893,-0.0841,TRACKING,L_only
1787297535.337,15.4,0.691,0.000,0.000,0.5075,0.0435,19.08,0.60689,0.245,0.443,0.000,-0.0893,-0.0883,TRACKING,prediction
1787297535.384,15.4,0.691,0.000,0.000,0.5075,0.0383,16.79,0.53407,0.245,0.402,0.000,-0.0893,-0.0891,TRACKING,prediction
1787297535.440,15.4,0.691,0.000,0.000,0.5075,0.0337,14.78,0.46998,0.245,0.381,0.000,-0.0893,-0.0892,TRACKING,prediction
1787297535.490,15.4,0.691,0.000,0.000,0.5075,0.0297,13.01,0.41358,0.245,0.370,0.000,-0.0893,-0.0893,TRACKING,prediction
1787297535.542,15.4,0.691,0.000,0.000,0.5075,0.0261,11.45,0.36395,0.245,0.365,0.000,-0.0893,-0.0893,TRACKING,prediction
1787297535.594,15.4,0.691,0.000,0.000,0.5075,0.0230,10.07,0.32028,0.245,0.363,0.000,-0.0893,-0.0893,TRACKING,prediction
1787297535.646,15.4,0.000,0.000,0.645,0.5075,-0.1550,-43.04,-0.85604,0.240,0.361,0.000,-0.1250,-0.1185,TRACKING,R_only
1787297535.703,16.2,0.000,0.000,0.648,0.5075,-0.1448,-41.38,-0.85989,0.240,0.361,0.000,-0.1069,-0.1090,TRACKING,R_only
1787297535.757,16.2,0.000,0.000,0.646,0.5075,-0.1266,-37.78,-0.85662,0.240,0.360,0.000,-0.0884,-0.0921,TRACKING,R_only
1787297535.812,16.2,0.000,0.000,0.647,0.5075,-0.1014,-31.00,-0.76321,0.240,0.360,0.000,-0.0788,-0.0812,TRACKING,R_only
1787297535.874,16.2,0.000,0.000,0.645,0.5075,-0.1067,-33.18,-0.81783,0.240,0.360,0.000,-0.0710,-0.0729,TRACKING,R_only
1787297535.935,16.2,0.000,0.000,0.653,0.5075,-0.1015,-32.92,-0.83344,0.240,0.360,0.000,-0.0476,-0.0522,TRACKING,R_only
1787297535.993,16.2,0.000,0.000,0.652,0.5075,-0.0863,-29.22,-0.77543,0.240,0.360,0.000,-0.0284,-0.0327,TRACKING,R_only
1787297536.053,16.2,0.000,0.000,0.652,0.5075,-0.0666,-23.16,-0.60222,0.252,0.360,0.000,0.0424,0.0289,TRACKING,R_only
1787297536.133,16.2,0.000,0.650,0.649,0.5075,0.1644,-20.76,-0.50605,0.260,0.360,0.000,1.0000,0.8252,TRACKING,R+C
1787297536.210,16.2,0.000,0.653,0.652,0.5075,0.1676,-19.43,-0.44294,0.265,0.360,0.000,1.0000,0.9685,TRACKING,R+C
1787297536.287,16.2,0.000,0.656,0.655,0.5075,0.1694,-19.07,-0.42792,0.266,0.360,0.000,1.0000,0.9943,TRACKING,R+C
1787297536.359,16.2,0.000,0.662,0.660,0.5075,0.1703,-18.90,-0.41814,0.267,0.360,0.000,1.0000,0.9990,TRACKING,R+C
1787297536.431,16.2,0.000,0.663,0.661,0.5075,0.1701,-19.29,-0.43775,0.265,0.360,0.000,1.0000,0.9998,TRACKING,R+C
1787297536.500,16.2,0.000,0.655,0.653,0.5075,0.1683,-19.93,-0.46283,0.263,0.360,0.000,1.0000,1.0000,TRACKING,R+C
1787297536.574,16.2,0.000,0.652,0.651,0.5075,0.1655,-20.89,-0.50043,0.260,0.360,0.000,1.0000,1.0000,TRACKING,R+C
1787297536.657,16.2,0.000,0.648,0.648,0.5075,0.1630,-21.84,-0.54101,0.257,0.360,0.000,1.0000,1.0000,TRACKING,R+C
1787297536.755,14.3,0.650,0.649,0.649,0.4135,0.1655,-20.60,-0.48890,0.261,0.435,0.000,1.0000,1.0000,TRACKING,L+C+R_fused
1787297536.860,14.3,0.662,0.646,0.646,0.4566,0.1677,-19.11,-0.41360,0.267,0.493,0.000,1.0000,1.0000,TRACKING,L+C+R_fused
1787297536.939,14.3,0.000,0.643,0.643,0.4566,0.1682,-18.17,-0.35287,0.272,0.539,0.000,1.0000,1.0000,TRACKING,R+C
1787297537.050,14.3,0.635,0.644,0.642,0.4501,0.1674,-17.68,-0.30752,0.275,0.574,0.000,0.9950,0.9959,TRACKING,L+C+R_fused
1787297537.164,14.3,0.633,0.649,0.647,0.4428,0.1638,-19.43,-0.39155,0.269,0.602,0.000,1.0000,0.9993,TRACKING,L+C+R_fused
1787297537.299,14.3,0.636,0.657,0.656,0.4418,0.1644,-19.94,-0.42670,0.266,0.623,0.000,1.0000,0.9999,TRACKING,L+C+R_fused
1787297537.429,14.3,0.635,0.659,0.657,0.4387,0.1662,-19.67,-0.42411,0.266,0.640,0.000,1.0000,1.0000,TRACKING,L+C+R_fused
1787297537.567,14.3,0.634,0.653,0.652,0.4391,0.1658,-19.93,-0.43763,0.265,0.653,0.000,1.0000,1.0000,TRACKING,L+C+R_fused
1787297537.696,14.3,0.637,0.652,0.651,0.4471,0.1655,-19.99,-0.43839,0.265,0.664,0.000,1.0000,1.0000,TRACKING,L+C+R_fused
1787297537.825,8.4,0.638,0.658,0.655,0.4427,0.1676,-19.65,-0.43717,0.265,0.672,0.000,1.0000,1.0000,TRACKING,L+C+R_fused
1787297537.959,8.4,0.635,0.648,0.647,0.4387,0.1680,-19.01,-0.39737,0.268,0.678,0.000,1.0000,1.0000,TRACKING,L+C+R_fused
1787297538.085,8.4,0.639,0.652,0.650,0.4441,0.1663,-19.52,-0.41447,0.267,0.683,0.000,1.0000,1.0000,TRACKING,L+C+R_fused
1787297538.203,8.4,0.638,0.659,0.659,0.4499,0.1649,-20.90,-0.49347,0.261,0.687,0.000,1.0000,1.0000,TRACKING,L+C+R_fused
1787297538.336,8.4,0.633,0.654,0.652,0.4413,0.1674,-19.74,-0.44214,0.265,0.690,0.000,1.0000,1.0000,TRACKING,L+C+R_fused
1787297538.472,8.4,0.635,0.651,0.650,0.4387,0.1662,-19.52,-0.41432,0.267,0.692,0.000,1.0000,1.0000,TRACKING,L+C+R_fused
1787297538.602,8.4,0.634,0.657,0.656,0.4390,0.1699,-18.40,-0.37252,0.270,0.694,0.000,1.0000,1.0000,TRACKING,L+C+R_fused
1787297538.728,8.4,0.641,0.667,0.665,0.4547,0.1696,-19.94,-0.46966,0.262,0.695,0.000,1.0000,1.0000,TRACKING,L+C+R_fused
1787297538.816,8.4,0.634,0.647,0.000,0.4547,0.1663,-20.06,-0.45355,0.264,0.696,0.000,1.0000,1.0000,TRACKING,L+C
1787297538.938,8.1,0.634,0.658,0.658,0.4464,0.1661,-20.56,-0.48317,0.261,0.697,0.000,1.0000,1.0000,TRACKING,L+C+R_fused
1787297539.032,8.1,0.000,0.648,0.646,0.4464,0.1655,-20.88,-0.49734,0.260,0.698,0.000,1.0000,1.0000,TRACKING,R+C
1787297539.140,8.1,0.635,0.658,0.654,0.4507,0.1673,-20.39,-0.48598,0.261,0.698,0.000,1.0000,1.0000,TRACKING,L+C+R_fused
1787297539.264,8.1,0.634,0.652,0.649,0.4422,0.1685,-20.32,-0.49025,0.261,0.699,0.000,1.0000,1.0000,TRACKING,L+C+R_fused
1787297539.408,8.1,0.632,0.657,0.657,0.4385,0.1711,-18.71,-0.39892,0.268,0.699,0.000,1.0000,1.0000,TRACKING,L+C+R_fused
1787297539.556,8.1,0.628,0.654,0.654,0.3602,0.1725,-16.75,-0.28380,0.277,0.699,0.000,0.9901,0.9919,TRACKING,L+C+R_fused
1787297539.725,8.1,0.629,0.644,0.632,0.2887,0.1726,-14.64,-0.16070,0.287,0.699,0.000,0.9327,0.9434,TRACKING,L+C+R_fused
1787297539.940,7.0,0.616,0.621,0.620,0.1977,0.1657,-16.64,-0.24432,0.280,0.699,0.000,0.9613,0.9581,TRACKING,L+C+R_fused
1787297540.162,7.0,0.615,0.634,0.633,0.3462,0.1614,-18.36,-0.38461,0.269,0.700,0.000,0.9876,0.9823,TRACKING,L+C+R_fused
1787297540.362,7.0,0.617,0.622,0.622,0.0697,0.1608,-15.86,-0.24395,0.280,0.700,0.000,0.9375,0.9455,TRACKING,L+C+R_fused
1787297540.530,7.0,0.627,0.618,0.617,0.2834,0.1541,-15.90,-0.21661,0.283,0.700,0.000,0.9132,0.9190,TRACKING,L+C+R_fused
1787297540.664,7.0,0.000,0.621,0.617,0.2834,0.1605,-11.99,-0.00471,0.300,0.700,0.000,0.8290,0.8452,TRACKING,R+C
1787297540.800,7.0,0.000,0.620,0.616,0.2834,0.1643,-9.37,0.14301,0.289,0.700,0.000,0.8654,0.8617,TRACKING,R+C
1787297541.011,5.6,0.650,0.619,0.616,0.2464,0.1582,-10.34,0.10706,0.291,0.700,0.000,0.8457,0.8486,TRACKING,L+C+R_fused
1787297541.286,5.6,0.631,0.619,0.616,0.3592,0.1505,-12.25,0.01393,0.299,0.700,0.000,0.8099,0.8169,TRACKING,L+C+R_fused
1787297541.542,5.6,0.629,0.619,0.618,0.3922,0.1472,-12.57,0.00983,0.299,0.700,0.000,0.8034,0.8058,TRACKING,L+C+R_fused
1787297541.677,5.6,0.633,0.621,0.000,0.3922,0.1414,-15.24,-0.13414,0.289,0.700,0.000,0.8492,0.8414,TRACKING,L+C
1787297541.792,5.6,0.659,0.623,0.000,0.3922,0.1413,-15.54,-0.11495,0.291,0.700,0.000,0.8495,0.8480,TRACKING,L+C
1787297541.906,5.6,0.648,0.650,0.655,0.4419,0.1432,-20.51,-0.43255,0.265,0.700,0.000,0.9771,0.9539,TRACKING,L+C+R_fused
1787297542.028,5.9,0.636,0.632,0.632,0.4274,0.1543,-16.78,-0.23996,0.281,0.700,0.000,0.9316,0.9356,TRACKING,L+C+R_fused
1787297542.122,5.9,0.000,0.638,0.638,0.4274,0.1509,-19.06,-0.33465,0.273,0.700,0.000,0.9768,0.9694,TRACKING,R+C
1787297542.249,5.9,0.628,0.629,0.629,0.3914,0.1478,-17.19,-0.21653,0.283,0.700,0.000,0.9143,0.9242,TRACKING,L+C+R_fused
1787297542.355,5.9,0.630,0.626,0.000,0.3914,-0.0982,32.65,0.79018,0.240,0.530,0.000,-0.9933,0.1042,TRACKING,L+C
1787297542.439,5.9,0.622,0.624,0.275,0.4150,-0.1046,29.23,0.69174,0.245,0.445,0.000,-0.9636,-0.7158,TRACKING,L+C+R_fused
1787297542.519,5.9,0.627,0.627,0.384,0.4103,-0.1093,29.00,0.71501,0.243,0.402,0.000,-0.9809,-0.9332,TRACKING,L+C+R_fused
1787297542.603,5.9,0.622,0.626,0.469,0.4437,-0.1167,28.45,0.72836,0.242,0.381,0.000,-0.9996,-0.9876,TRACKING,L+C+R_fused
1787297542.688,5.9,0.627,0.630,0.320,0.4530,-0.1258,27.29,0.71147,0.243,0.371,0.000,-1.0000,-0.9978,TRACKING,L+C+R_fused
1787297542.764,5.9,0.636,0.636,0.276,0.4334,-0.1345,27.33,0.75349,0.240,0.365,0.000,-1.0000,-0.9996,TRACKING,L+C+R_fused
1787297542.842,5.9,0.640,0.638,0.318,0.4083,-0.1382,28.65,0.83360,0.240,0.363,0.000,-1.0000,-0.9999,TRACKING,L+C+R_fused
1787297542.926,5.9,0.641,0.641,0.432,0.4422,-0.1446,26.78,0.76922,0.240,0.361,0.000,-1.0000,-1.0000,TRACKING,L+C+R_fused
1787297543.008,5.9,0.634,0.635,0.609,0.4269,-0.1510,23.07,0.66200,0.247,0.361,0.000,-1.0000,-1.0000,TRACKING,L+C+R_fused
1787297543.097,11.2,0.630,0.630,0.317,1.9981,-0.1505,20.28,0.44539,0.264,0.360,0.000,-0.9984,-0.9987,TRACKING,L+C+R_fused
1787297543.207,11.2,0.631,0.630,0.634,0.3891,-0.1461,18.61,0.29817,0.276,0.360,0.000,-0.9486,-0.9577,TRACKING,L+C+R_fused
1787297543.282,11.2,0.282,0.314,0.624,0.4001,-0.2431,-22.81,-1.73750,0.240,0.360,0.000,-1.0000,-0.9924,TRACKING,L+C+R_fused
1787297543.357,11.2,0.724,0.719,0.620,0.4145,-0.2253,-8.95,-0.61760,0.251,0.360,0.000,-1.0000,-0.9986,TRACKING,L+C+R_fused
1787297543.438,11.2,0.668,0.658,0.614,0.4398,-0.2308,-6.85,-0.39970,0.268,0.360,0.000,-0.9494,-0.9583,TRACKING,L+C+R_fused
1787297543.525,11.2,0.649,0.649,0.636,0.4557,-0.1335,27.36,0.98493,0.240,0.360,0.000,-1.0000,-0.9925,TRACKING,L+C+R_fused
1787297543.606,11.2,0.000,0.000,0.652,0.4557,-0.0450,-20.88,-0.72143,0.242,0.360,0.000,0.0888,-0.1725,TRACKING,R_only
1787297543.676,11.2,0.624,0.634,0.000,0.4557,-0.0532,45.84,0.96176,0.240,0.360,0.000,-0.9357,-0.7983,TRACKING,L+C
1787297543.804,11.2,0.636,0.636,0.631,0.4377,-0.0654,45.04,0.98055,0.240,0.360,0.000,-1.0000,-0.9637,TRACKING,L+C+R_fused
1787297543.975,11.2,0.625,0.627,0.633,0.4160,-0.0879,39.31,0.99797,0.240,0.360,0.000,-1.0000,-0.9935,TRACKING,L+C+R_fused
1787297544.160,9.4,0.625,0.626,0.621,0.3891,-0.1100,32.95,0.94197,0.240,0.360,0.000,-1.0000,-0.9988,TRACKING,L+C+R_fused
1787297544.389,9.4,0.621,0.621,0.623,0.3919,-0.1134,31.20,0.89953,0.240,0.360,0.000,-1.0000,-0.9998,TRACKING,L+C+R_fused
1787297544.450,9.4,0.000,0.000,0.681,0.3919,-0.0462,-20.20,-0.58058,0.254,0.360,0.000,0.0924,-0.1798,TRACKING,R_only
1787297544.497,9.4,0.000,0.000,0.681,0.3919,-0.0407,-17.78,-0.51091,0.254,0.360,0.000,0.0924,0.0434,TRACKING,prediction
1787297544.548,9.4,0.000,0.000,0.681,0.3919,-0.0358,-15.65,-0.44960,0.254,0.360,0.000,0.0924,0.0836,TRACKING,prediction
1787297544.816,9.4,0.618,0.620,0.626,0.2443,-0.1166,28.68,0.80890,0.240,0.360,0.000,-0.9970,-0.7364,TRACKING,L+C+R_fused
1787297544.890,9.4,0.000,0.638,0.632,0.2443,-0.1389,24.97,0.78373,0.240,0.360,0.000,-1.0000,-0.9525,TRACKING,R+C
1787297544.978,9.4,0.642,0.637,0.625,0.3674,-0.1549,19.68,0.61654,0.251,0.360,0.000,-1.0000,-0.9915,TRACKING,L+C+R_fused
1787297545.147,9.4,0.615,0.628,0.618,0.0990,-0.1586,19.58,0.60570,0.252,0.360,0.000,-1.0000,-0.9985,TRACKING,L+C+R_fused
1787297545.246,8.3,0.649,0.649,0.717,0.3522,-0.1481,25.36,0.83383,0.240,0.360,0.000,-1.0000,-0.9997,TRACKING,L+C+R_fused
1787297545.335,8.3,0.000,0.652,0.705,0.3522,-0.1463,29.12,0.97748,0.240,0.360,0.000,-1.0000,-1.0000,TRACKING,R+C
1787297545.452,8.3,0.647,0.719,0.699,0.3418,0.0160,0.25,-0.28249,0.277,0.360,0.000,0.0206,-0.1800,TRACKING,L+C+R_fused
1787297545.545,8.3,0.699,0.669,0.698,0.4611,0.0076,1.37,-0.17652,0.286,0.360,0.000,-0.0284,-0.0557,TRACKING,L+C+R_fused
1787297545.595,8.3,0.000,0.659,0.000,0.4611,0.0014,1.43,-0.15835,0.287,0.360,0.000,-0.0566,-0.0564,TRACKING,CENTER_LOCKED
1787297545.646,8.3,0.000,0.653,0.000,0.4611,-0.0008,2.40,0.08729,0.293,0.360,0.000,-0.0422,-0.0448,TRACKING,CENTER_LOCKED
1787297545.699,8.3,0.000,0.649,0.000,0.4611,-0.0004,2.54,0.17022,0.286,0.360,0.000,-0.0301,-0.0327,TRACKING,CENTER_LOCKED
1787297545.752,8.3,0.000,0.646,0.000,0.4611,0.0027,2.10,0.18663,0.285,0.360,0.000,-0.0012,-0.0069,TRACKING,CENTER_LOCKED
1787297545.801,8.3,0.000,0.649,0.000,0.4611,0.0071,1.86,0.35218,0.272,0.360,0.000,0.0631,0.0505,TRACKING,CENTER_LOCKED
1787297545.858,8.3,0.674,0.657,0.000,0.4611,0.0110,0.74,0.17314,0.286,0.360,0.000,0.0687,0.0654,TRACKING,L+C
1787297545.925,8.3,0.698,0.643,0.000,0.4611,0.0102,0.68,0.14352,0.289,0.360,0.000,0.0594,0.0605,TRACKING,L+C
1787297545.992,8.3,0.671,0.639,0.000,0.4611,-0.0032,-3.42,-0.06857,0.295,0.435,0.000,0.0495,0.0514,TRACKING,L+C
1787297546.079,8.3,0.633,0.637,0.320,0.3928,-0.0080,-5.11,-0.17716,0.286,0.493,0.000,0.0483,0.0489,TRACKING,L+C+R_fused
1787297546.174,8.3,0.661,0.638,0.254,0.4433,-0.0004,-3.75,-0.15390,0.288,0.539,0.000,0.0570,0.0555,TRACKING,L+C+R_fused
1787297546.278,13.6,0.650,0.641,0.642,0.3517,0.0067,-2.42,-0.11669,0.291,0.574,0.000,0.0656,0.0638,TRACKING,L+C+R_fused
1787297546.377,13.6,0.674,0.643,0.279,0.4653,0.0131,-1.56,-0.09052,0.293,0.602,0.000,0.0801,0.0772,TRACKING,L+C+R_fused
1787297546.488,13.6,0.669,0.642,0.642,0.2779,0.0174,-0.98,-0.07643,0.294,0.623,0.000,0.0891,0.0869,TRACKING,L+C+R_fused
1787297546.591,13.6,0.706,0.642,0.290,0.5062,0.0205,-0.49,-0.06925,0.294,0.640,0.000,0.0931,0.0920,TRACKING,L+C+R_fused
1787297546.694,13.6,0.638,0.645,0.637,0.2389,0.0231,0.17,-0.04071,0.297,0.653,0.000,0.0917,0.0917,TRACKING,L+C+R_fused
1787297546.788,13.6,0.694,0.648,0.501,0.5079,0.0238,0.73,-0.01221,0.299,0.664,0.000,0.0858,0.0869,TRACKING,L+C+R_fused
1787297546.882,13.6,0.685,0.649,0.415,0.5248,0.0209,1.05,0.00009,0.300,0.672,0.000,0.0674,0.0709,TRACKING,L+C+R_fused
1787297546.972,13.6,0.685,0.647,0.406,0.4574,0.0191,1.12,-0.00456,0.300,0.678,0.000,0.0569,0.0595,TRACKING,L+C+R_fused
1787297547.080,13.6,0.683,0.648,0.298,0.5180,0.0211,1.02,-0.01828,0.299,0.683,0.000,0.0659,0.0647,TRACKING,L+C+R_fused
1787297547.162,13.6,0.649,0.652,0.000,0.5180,0.0265,0.96,-0.02160,0.298,0.687,0.000,0.0906,0.0860,TRACKING,L+C
1787297547.272,13.6,0.671,0.650,0.650,0.2626,0.0289,1.07,-0.02295,0.298,0.690,0.000,0.0987,0.0964,TRACKING,L+C+R_fused
1787297547.374,10.0,0.687,0.645,0.254,0.4598,0.0285,1.18,-0.02820,0.298,0.758,0.000,0.0933,0.0938,TRACKING,L+C+R_fused
1787297547.469,10.0,0.675,0.646,0.000,0.4598,0.0284,1.32,-0.03050,0.298,0.811,0.000,0.0887,0.0896,TRACKING,L+C
1787297547.577,10.0,0.677,0.652,0.663,0.2895,0.0299,1.48,-0.02263,0.298,0.853,0.000,0.0932,0.0926,TRACKING,L+C+R_fused
1787297547.683,10.0,0.685,0.654,0.654,0.2610,0.0305,1.53,-0.02808,0.298,0.885,0.000,0.0938,0.0936,TRACKING,L+C+R_fused
1787297547.781,10.0,0.675,0.651,0.655,0.3815,0.0331,1.74,-0.01333,0.299,0.910,0.000,0.1023,0.1008,TRACKING,L+C+R_fused
1787297547.881,10.0,0.668,0.643,0.649,0.3737,0.0419,1.42,-0.02220,0.298,0.930,0.000,0.1479,0.1394,TRACKING,L+C+R_fused
1787297547.977,10.0,0.670,0.645,0.388,0.3918,0.0446,1.36,-0.02243,0.298,0.945,0.000,0.1617,0.1577,TRACKING,L+C+R_fused
1787297548.072,10.0,0.670,0.645,0.539,0.3878,0.0466,1.33,-0.02162,0.298,0.957,0.000,0.1711,0.1687,TRACKING,L+C+R_fused
1787297548.172,10.0,0.671,0.646,0.644,0.2984,0.0482,1.28,-0.02111,0.298,0.967,0.000,0.1796,0.1776,TRACKING,L+C+R_fused
1787297548.270,10.0,0.672,0.647,0.516,0.2686,0.0488,1.27,-0.01977,0.298,0.974,0.000,0.1827,0.1818,TRACKING,L+C+R_fused
1787297548.345,10.0,0.668,0.647,0.000,0.2686,0.0486,1.33,-0.01812,0.299,0.980,0.000,0.1806,0.1808,TRACKING,L+C
1787297548.451,10.2,0.665,0.647,0.498,0.2987,0.0476,1.38,-0.01479,0.299,0.984,0.000,0.1753,0.1763,TRACKING,L+C+R_fused
1787297548.552,10.2,0.662,0.647,0.421,0.5193,0.0457,1.39,-0.01486,0.299,0.988,0.000,0.1665,0.1682,TRACKING,L+C+R_fused
1787297548.648,10.2,0.675,0.648,0.648,0.2818,0.0432,1.48,-0.01270,0.299,0.990,0.000,0.1537,0.1563,TRACKING,L+C+R_fused
1787297548.752,10.2,0.673,0.651,0.654,0.3914,0.0388,1.53,-0.00914,0.299,0.993,0.000,0.1335,0.1376,TRACKING,L+C+R_fused
1787297548.849,10.2,0.666,0.655,0.682,0.4883,0.0332,1.54,-0.01062,0.299,0.994,0.000,0.1083,0.1136,TRACKING,L+C+R_fused
1787297548.944,10.2,0.651,0.657,0.680,0.5196,0.0285,1.52,-0.01442,0.299,0.995,0.000,0.0873,0.0920,TRACKING,L+C+R_fused
1787297549.036,10.2,0.649,0.657,0.679,0.5298,0.0245,1.65,-0.01045,0.299,0.996,0.000,0.0670,0.0715,TRACKING,L+C+R_fused
1787297549.126,10.2,0.671,0.658,0.677,0.5242,0.0209,1.73,-0.01265,0.299,0.997,0.000,0.0483,0.0525,TRACKING,L+C+R_fused
1787297549.214,10.2,0.676,0.656,0.681,0.4973,0.0199,1.83,-0.01190,0.299,0.998,0.000,0.0417,0.0436,TRACKING,L+C+R_fused
1787297549.308,10.2,0.685,0.654,0.654,0.2694,0.0203,1.72,-0.02137,0.298,0.998,0.000,0.0444,0.0442,TRACKING,L+C+R_fused
1787297549.397,10.2,0.683,0.655,0.681,0.4690,0.0204,1.58,-0.03531,0.297,0.999,0.000,0.0457,0.0455,TRACKING,L+C+R_fused
1787297549.487,10.6,0.682,0.655,0.671,0.4427,0.0209,1.67,-0.02741,0.298,0.999,0.000,0.0473,0.0469,TRACKING,L+C+R_fused
1787297549.579,10.6,0.687,0.655,0.655,0.2693,0.0213,1.72,-0.02539,0.298,0.999,0.000,0.0482,0.0480,TRACKING,L+C+R_fused
1787297549.670,10.6,0.683,0.654,0.678,0.4533,0.0220,1.79,-0.01938,0.298,0.999,0.000,0.0505,0.0500,TRACKING,L+C+R_fused
1787297549.760,10.6,0.682,0.654,0.675,0.4664,0.0223,1.67,-0.03067,0.298,1.000,0.000,0.0528,0.0523,TRACKING,L+C+R_fused
1787297549.862,10.6,0.677,0.653,0.653,0.2752,0.0227,1.48,-0.04524,0.296,1.000,0.000,0.0564,0.0557,TRACKING,L+C+R_fused
1787297549.957,10.6,0.668,0.653,0.678,0.4521,0.0229,1.61,-0.03267,0.297,1.000,0.000,0.0565,0.0564,TRACKING,L+C+R_fused
1787297550.054,10.6,0.668,0.653,0.676,0.4238,0.0228,1.69,-0.02710,0.298,1.000,0.000,0.0553,0.0555,TRACKING,L+C+R_fused
1787297550.151,10.6,0.676,0.653,0.672,0.4409,0.0215,1.80,-0.01987,0.298,1.000,0.000,0.0480,0.0493,TRACKING,L+C+R_fused
1787297550.240,10.6,0.675,0.653,0.677,0.4654,0.0184,1.87,-0.01844,0.299,1.000,0.000,0.0329,0.0359,TRACKING,L+C+R_fused
1787297550.326,10.6,0.667,0.652,0.677,0.4475,0.0170,1.95,-0.01185,0.299,1.000,0.000,0.0258,0.0276,TRACKING,L+C+R_fused
1787297550.413,10.6,0.647,0.649,0.663,0.3988,0.0183,1.85,-0.01106,0.299,1.000,0.000,0.0342,0.0330,TRACKING,L+C+R_fused
1787297550.504,10.8,0.643,0.649,0.657,0.4679,0.0189,1.57,-0.02755,0.298,1.000,0.000,0.0409,0.0395,TRACKING,L+C+R_fused
1787297550.591,10.8,0.643,0.648,0.636,0.5191,0.0194,1.28,-0.04211,0.297,1.000,0.000,0.0473,0.0459,TRACKING,L+C+R_fused
1787297550.690,10.8,0.643,0.651,0.635,0.3961,0.0251,0.88,-0.04639,0.296,1.000,0.000,0.0823,0.0757,TRACKING,L+C+R_fused
1787297550.782,10.8,0.664,0.651,0.640,0.3116,0.0327,1.09,-0.02167,0.298,1.000,0.000,0.1153,0.1082,TRACKING,L+C+R_fused
1787297550.873,10.8,0.672,0.647,0.466,0.2969,0.0407,1.23,0.01322,0.299,1.000,0.000,0.1542,0.1459,TRACKING,L+C+R_fused
1787297550.959,10.8,0.673,0.649,0.633,0.2679,0.0472,0.62,-0.03498,0.297,1.000,0.000,0.1893,0.1815,TRACKING,L+C+R_fused
1787297551.042,10.8,0.674,0.650,0.638,0.2496,0.0550,0.88,-0.02986,0.298,1.000,0.000,0.2182,0.2116,TRACKING,L+C+R_fused
1787297551.137,10.8,0.676,0.647,0.586,0.3847,0.0609,0.78,-0.05764,0.295,1.000,0.000,0.2438,0.2380,TRACKING,L+C+R_fused
1787297551.233,10.8,0.675,0.648,0.597,0.3563,0.0654,1.23,-0.04947,0.296,1.000,0.000,0.2532,0.2505,TRACKING,L+C+R_fused
1787297551.300,10.8,0.674,0.650,0.000,0.3563,0.0624,-0.41,-0.16493,0.287,1.000,0.000,0.2777,0.2728,TRACKING,L+C
1787297551.390,10.8,0.677,0.648,0.351,0.4659,0.0636,0.53,-0.13954,0.289,1.000,0.000,0.2629,0.2646,TRACKING,L+C+R_fused
1787297551.485,10.8,0.650,0.650,0.392,0.2058,0.0600,1.41,-0.10293,0.292,1.000,0.000,0.2284,0.2349,TRACKING,L+C+R_fused
1787297551.540,11.6,0.000,0.651,0.000,0.2058,0.0598,4.92,0.09549,0.292,1.000,0.000,0.1840,0.1931,TRACKING,CENTER_LOCKED
1787297551.612,11.6,0.000,0.652,0.265,0.2058,0.0505,4.47,0.06926,0.294,1.000,0.000,0.1447,0.1534,TRACKING,R+C
1787297551.666,11.6,0.000,0.644,0.000,0.2058,0.0385,4.57,0.10364,0.292,1.000,0.000,0.0954,0.1059,TRACKING,CENTER_LOCKED
1787297551.718,11.6,0.000,0.644,0.000,0.2058,0.0280,4.09,0.07467,0.294,1.000,0.000,0.0512,0.0610,TRACKING,CENTER_LOCKED
1787297551.772,11.6,0.000,0.648,0.000,0.2058,0.0181,4.33,0.06667,0.295,1.000,0.000,-0.0015,0.0098,TRACKING,CENTER_LOCKED
1787297551.823,11.6,0.000,0.648,0.000,0.2058,0.0118,6.37,0.20576,0.284,1.000,0.000,-0.0554,-0.0437,TRACKING,CENTER_LOCKED
1787297551.876,11.6,0.000,0.646,0.000,0.2058,-0.0010,5.92,0.19311,0.285,1.000,0.000,-0.1095,-0.0976,TRACKING,CENTER_LOCKED
1787297551.931,11.6,0.000,0.644,0.000,0.2058,-0.0116,6.92,0.33360,0.273,0.910,0.000,-0.1713,-0.1580,TRACKING,CENTER_LOCKED
1787297551.986,11.6,0.000,0.646,0.000,0.2058,-0.0218,5.67,0.22866,0.282,0.847,0.000,-0.2019,-0.1940,TRACKING,CENTER_LOCKED
1787297552.036,11.6,0.000,0.647,0.000,0.2058,-0.0296,4.98,0.17576,0.286,0.803,0.000,-0.2270,-0.2211,TRACKING,CENTER_LOCKED
1787297552.103,11.6,0.000,0.652,0.666,0.2058,-0.0364,4.48,0.13269,0.289,0.772,0.000,-0.2496,-0.2445,TRACKING,R+C
1787297552.173,11.6,0.000,0.647,0.361,0.2058,-0.0395,5.83,0.24359,0.281,0.750,0.000,-0.2909,-0.2826,TRACKING,R+C
1787297552.248,11.6,0.000,0.646,0.671,0.2058,-0.0448,4.80,0.19207,0.285,0.735,0.000,-0.2939,-0.2918,TRACKING,R+C
1787297552.322,11.6,0.000,0.649,0.678,0.2058,-0.0470,3.46,0.12282,0.290,0.725,0.000,-0.2756,-0.2785,TRACKING,R+C
1787297552.391,11.6,0.000,0.653,0.673,0.2058,-0.0471,2.44,0.06748,0.295,0.717,0.000,-0.2562,-0.2602,TRACKING,R+C
1787297552.461,11.6,0.000,0.651,0.675,0.2058,-0.0464,1.25,0.00609,0.300,0.712,0.000,-0.2335,-0.2383,TRACKING,R+C
1787297552.538,11.6,0.000,0.648,0.674,0.2058,-0.0422,0.85,-0.01232,0.299,0.708,0.000,-0.2101,-0.2152,TRACKING,R+C
1787297552.647,15.4,0.645,0.645,0.681,0.2193,-0.0371,0.16,-0.06520,0.295,0.706,0.000,-0.1878,-0.1928,TRACKING,L+C+R_fused
1787297552.717,15.4,0.000,0.646,0.658,0.2193,-0.0272,0.05,-0.05157,0.296,0.704,0.000,-0.1363,-0.1464,TRACKING,R+C
1787297552.788,15.4,0.000,0.650,0.635,0.2193,-0.0171,-0.14,-0.04248,0.297,0.703,0.000,-0.0837,-0.0950,TRACKING,R+C
1787297552.857,15.4,0.000,0.648,0.646,0.2193,-0.0096,-1.69,-0.12111,0.290,0.702,0.000,-0.0286,-0.0406,TRACKING,R+C
1787297552.930,15.4,0.000,0.646,0.451,0.2193,0.0007,-2.53,-0.17957,0.286,0.701,0.000,0.0296,0.0170,TRACKING,R+C
1787297553.029,15.4,0.643,0.643,0.399,0.2193,0.0110,-4.50,-0.39149,0.269,0.701,0.000,0.0976,0.0831,TRACKING,L+C+R_fused
1787297553.099,15.4,0.674,0.642,0.000,0.2193,0.0238,-4.36,-0.40811,0.267,0.701,0.000,0.1619,0.1477,TRACKING,L+C
1787297553.183,15.4,0.678,0.648,0.252,0.4731,0.0350,-4.87,-0.44064,0.265,0.700,0.000,0.2339,0.2184,TRACKING,L+C+R_fused
1787297553.255,15.4,0.678,0.651,0.000,0.4731,0.0441,-4.70,-0.39704,0.268,0.700,0.000,0.2816,0.2702,TRACKING,L+C
1787297553.347,15.4,0.676,0.650,0.424,0.3883,0.0559,-2.64,-0.24847,0.280,0.700,0.000,0.2958,0.2912,TRACKING,L+C+R_fused
1787297553.439,15.4,0.676,0.649,0.271,0.5127,0.0638,-1.70,-0.18776,0.285,0.700,0.000,0.3124,0.3086,TRACKING,L+C+R_fused
1787297553.525,15.4,0.677,0.649,0.433,0.4903,0.0688,-1.56,-0.19842,0.284,0.700,0.000,0.3326,0.3283,TRACKING,L+C+R_fused
1787297553.609,15.4,0.678,0.651,0.353,0.4843,0.0746,0.02,-0.12099,0.290,0.700,0.000,0.3242,0.3249,TRACKING,L+C+R_fused
1787297553.698,12.4,0.650,0.650,0.320,0.1867,0.0750,0.46,-0.09791,0.292,0.700,0.000,0.3166,0.3181,TRACKING,L+C+R_fused
1787297553.792,12.4,0.685,0.647,0.348,0.3774,0.0736,1.08,-0.07429,0.294,0.700,0.000,0.2973,0.3010,TRACKING,L+C+R_fused
1787297553.886,12.4,0.646,0.646,0.278,0.2089,0.0699,1.56,-0.06716,0.295,0.700,0.000,0.2711,0.2765,TRACKING,L+C+R_fused
1787297553.959,12.4,0.000,0.649,0.602,0.2089,0.0647,2.13,-0.05287,0.296,0.700,0.000,0.2283,0.2370,TRACKING,R+C
1787297554.025,12.4,0.000,0.649,0.643,0.2089,0.0578,2.61,-0.02874,0.298,0.700,0.000,0.1889,0.1976,TRACKING,R+C
1787297554.094,12.4,0.000,0.647,0.632,0.2089,0.0487,2.43,-0.04714,0.296,0.700,0.000,0.1506,0.1590,TRACKING,R+C
1787297554.168,12.4,0.000,0.644,0.667,0.2089,0.0404,2.66,-0.04476,0.296,0.700,0.000,0.1078,0.1170,TRACKING,R+C
1787297554.271,12.4,0.644,0.644,0.678,0.1794,0.0319,2.68,-0.06576,0.295,0.700,0.000,0.0753,0.0828,TRACKING,L+C+R_fused
1787297554.365,12.4,0.647,0.647,0.676,0.2529,0.0227,3.30,-0.03154,0.297,0.700,0.000,0.0142,0.0266,TRACKING,L+C+R_fused
1787297554.433,12.4,0.000,0.649,0.680,0.2529,0.0087,2.61,-0.05791,0.295,0.700,0.000,-0.0383,-0.0266,TRACKING,R+C
1787297554.505,12.4,0.000,0.648,0.675,0.2529,-0.0018,2.68,-0.04888,0.296,0.700,0.000,-0.0856,-0.0750,TRACKING,R+C
1787297554.583,12.4,0.000,0.645,0.678,0.2529,-0.0098,3.36,0.00999,0.299,0.700,0.000,-0.1230,-0.1144,TRACKING,R+C
1787297554.656,12.4,0.000,0.645,0.674,0.2529,-0.0185,3.21,-0.00043,0.300,0.766,0.000,-0.1591,-0.1511,TRACKING,R+C
1787297554.723,12.7,0.000,0.648,0.677,0.2529,-0.0254,3.37,0.02135,0.298,0.817,0.000,-0.1907,-0.1836,TRACKING,R+C
1787297554.789,12.7,0.000,0.653,0.677,0.2529,-0.0313,3.43,0.03361,0.297,0.858,0.000,-0.2167,-0.2108,TRACKING,R+C
1787297554.859,12.7,0.000,0.649,0.674,0.2529,-0.0378,2.36,-0.01927,0.298,0.889,0.000,-0.2293,-0.2259,TRACKING,R+C
1787297554.958,12.7,0.645,0.645,0.676,0.3020,-0.0396,2.60,0.01758,0.299,0.913,0.000,-0.2348,-0.2332,TRACKING,L+C+R_fused
1787297555.026,12.7,0.000,0.646,0.672,0.3020,-0.0393,2.23,-0.06410,0.295,0.932,0.000,-0.2390,-0.2380,TRACKING,R+C
1787297555.092,12.7,0.000,0.649,0.669,0.3020,-0.0385,2.63,-0.10689,0.291,0.947,0.000,-0.2570,-0.2536,TRACKING,R+C
1787297555.188,12.7,0.648,0.648,0.666,0.4127,-0.0418,1.90,-0.21552,0.283,0.959,0.000,-0.2911,-0.2843,TRACKING,L+C+R_fused
1787297555.263,12.7,0.000,0.644,0.652,0.4127,-0.0445,2.83,-0.25735,0.279,0.881,0.000,-0.3402,-0.3301,TRACKING,R+C
1787297555.343,12.7,0.000,0.647,0.273,0.4127,-0.0501,4.10,-0.25499,0.280,0.827,0.000,-0.3947,-0.3831,TRACKING,R+C
1787297555.450,12.7,0.647,0.687,0.656,0.3814,-0.0719,1.61,-0.41448,0.267,0.789,0.000,-0.5073,-0.4850,TRACKING,L+C+R_fused
1787297555.524,12.7,0.000,0.685,0.656,0.3814,-0.0853,2.87,-0.38827,0.269,0.762,0.000,-0.5850,-0.5670,TRACKING,R+C
1787297555.606,12.7,0.000,0.702,0.656,0.3814,-0.0999,4.14,-0.35441,0.272,0.744,0.000,-0.6568,-0.6406,TRACKING,R+C
1787297555.679,12.7,0.000,0.716,0.655,0.3814,-0.1152,5.62,-0.26779,0.279,0.730,0.000,-0.7034,-0.6921,TRACKING,R+C
1787297555.752,12.6,0.000,0.818,0.654,0.3814,-0.1319,7.38,-0.13073,0.290,0.721,0.000,-0.7296,-0.7228,TRACKING,R+C
1787297555.856,12.6,0.656,0.773,0.656,0.4540,-0.1483,8.42,-0.05836,0.295,0.715,0.000,-0.7660,-0.7582,TRACKING,L+C+R_fused
1787297555.928,12.6,0.674,0.709,0.000,0.4540,-0.1605,11.19,0.14978,0.288,0.710,0.000,-0.8489,-0.8326,TRACKING,L+C
1787297555.992,12.6,0.662,0.659,0.000,0.4540,-0.1655,15.97,0.43354,0.265,0.707,0.000,-0.9835,-0.9564,TRACKING,L+C
1787297556.076,12.6,0.654,0.645,0.669,0.4363,-0.1591,23.81,0.79207,0.240,0.534,0.000,-1.0000,-0.9921,TRACKING,L+C+R_fused
1787297556.159,12.6,0.514,0.505,0.668,0.4011,-0.0953,40.60,0.97119,0.240,0.447,0.000,-1.0000,-0.9986,TRACKING,L+C+R_fused
1787297556.226,12.6,0.000,0.000,0.669,0.4011,0.0007,10.65,-0.63745,0.249,0.403,0.000,-0.4537,-0.5518,TRACKING,R_only
1787297556.293,12.6,0.000,0.000,0.669,0.4011,-0.0049,10.66,-0.61254,0.251,0.382,0.000,-0.4733,-0.4875,TRACKING,R_only
1787297556.380,12.6,0.372,0.370,0.669,0.5853,-0.2997,-4.56,0.08854,0.293,0.371,0.000,-0.9956,-0.9042,TRACKING,L+C+R_fused
1787297556.463,12.6,0.372,0.370,0.669,0.5853,-0.2637,-4.01,0.07792,0.293,0.365,0.000,-0.9956,-0.9792,TRACKING,prediction
1787297556.535,12.6,0.000,0.000,0.668,0.2240,-0.0169,11.36,-0.55283,0.256,0.363,0.000,-0.5258,-0.6074,TRACKING,R_only
1787297556.623,12.6,0.276,0.274,0.667,0.4545,-0.0416,51.20,0.82743,0.240,0.361,0.000,-1.0000,-0.9293,TRACKING,L+C+R_fused
1787297556.698,12.6,0.000,0.000,0.666,0.4545,-0.0184,13.70,-0.30068,0.276,0.361,0.000,-0.4912,-0.5701,TRACKING,R_only
1787297556.773,12.7,0.000,0.000,0.667,0.4545,-0.0247,10.91,-0.50472,0.260,0.360,0.000,-0.5310,-0.5380,TRACKING,R_only
1787297556.880,12.7,0.259,0.665,0.667,0.3909,0.1944,8.43,-0.71126,0.243,0.360,0.000,0.7402,0.2820,TRACKING,L+C+R_fused
1787297556.953,12.7,0.000,0.666,0.666,0.3909,0.1925,8.27,-0.75107,0.240,0.360,0.000,0.7421,0.6593,TRACKING,R+C
1787297557.031,12.7,0.000,0.665,0.665,0.3909,0.1910,8.46,-0.76480,0.240,0.360,0.000,0.7283,0.7158,TRACKING,R+C
1787297557.110,12.7,0.000,0.661,0.661,0.3909,0.1890,9.99,-0.70058,0.244,0.360,0.000,0.6823,0.6884,TRACKING,R+C
1787297557.188,12.7,0.000,0.658,0.658,0.3909,0.1860,12.43,-0.57748,0.254,0.360,0.000,0.5993,0.6153,TRACKING,R+C
1787297557.263,12.7,0.000,0.691,0.653,0.3909,0.1754,15.05,-0.43421,0.265,0.360,0.000,0.5142,0.5324,TRACKING,R+C
1787297557.316,12.7,0.000,0.742,0.000,0.3909,0.1611,17.29,-0.28120,0.278,0.360,0.000,0.3166,0.3555,TRACKING,CENTER_LOCKED
1787297557.362,12.7,0.000,0.888,0.000,0.3909,0.1430,18.34,-0.23731,0.281,0.360,0.000,0.2029,0.2304,TRACKING,CENTER_LOCKED
1787297557.427,12.7,0.266,0.852,0.000,0.3909,0.1256,19.28,-0.20481,0.284,0.360,0.000,0.0955,0.1198,TRACKING,L+C
1787297557.476,12.7,0.000,0.776,0.000,0.3909,0.1060,20.48,-0.08134,0.293,0.360,0.000,-0.0063,0.0164,TRACKING,CENTER_LOCKED
1787297557.539,12.7,0.243,0.944,0.000,0.3909,0.0869,21.23,-0.05286,0.296,0.360,0.000,-0.1064,-0.0843,TRACKING,L+C
1787297557.635,12.7,0.657,0.651,0.000,0.3909,0.0016,21.84,-0.24374,0.281,0.360,0.000,-0.5027,-0.4274,TRACKING,L+C
1787297557.690,12.7,0.000,0.655,0.000,0.3909,-0.0116,22.92,-0.13082,0.290,0.360,0.000,-0.5960,-0.5656,TRACKING,CENTER_LOCKED
1787297557.740,12.7,0.000,0.665,0.000,0.3909,-0.0258,24.79,0.03878,0.297,0.435,0.000,-0.6300,-0.6184,TRACKING,CENTER_LOCKED
1787297557.821,14.3,0.654,0.657,0.000,0.3909,-0.0398,26.24,0.17769,0.286,0.493,0.000,-0.6721,-0.6624,TRACKING,L+C
1787297557.894,14.3,0.655,0.667,0.000,0.3909,-0.0545,28.68,0.36698,0.271,0.539,0.000,-0.8030,-0.7777,TRACKING,L+C
1787297557.962,14.3,0.658,0.663,0.000,0.3909,-0.0683,31.08,0.53406,0.257,0.449,0.000,-0.8845,-0.8653,TRACKING,L+C
1787297558.030,14.3,0.660,0.662,0.000,0.3909,-0.0827,32.77,0.66439,0.247,0.405,0.000,-0.9353,-0.9227,TRACKING,L+C
1787297558.104,14.3,0.666,0.667,0.000,0.3909,-0.1000,33.05,0.75406,0.240,0.382,0.000,-1.0000,-0.9861,TRACKING,L+C
1787297558.199,14.3,0.682,0.673,0.649,0.2419,-0.1195,31.61,0.79647,0.240,0.371,0.000,-1.0000,-0.9975,TRACKING,L+C+R_fused
1787297558.277,14.3,0.669,0.652,0.650,0.3629,-0.1364,30.28,0.83518,0.240,0.366,0.000,-1.0000,-0.9995,TRACKING,L+C+R_fused
1787297558.353,14.3,0.659,0.647,0.646,0.3756,-0.1016,39.74,0.92471,0.240,0.363,0.000,-1.0000,-0.9999,TRACKING,L+C+R_fused
1787297558.445,14.3,0.661,0.649,0.646,0.4092,-0.0787,44.79,0.89780,0.240,0.361,0.000,-1.0000,-1.0000,TRACKING,L+C+R_fused
1787297558.527,14.3,0.668,0.660,0.648,0.4082,-0.0592,48.09,0.85078,0.240,0.361,0.000,-1.0000,-1.0000,TRACKING,L+C+R_fused
1787297558.613,14.3,0.675,0.670,0.648,0.4186,-0.0681,46.95,0.87712,0.240,0.360,0.000,-1.0000,-1.0000,TRACKING,L+C+R_fused
1787297558.696,14.3,0.682,0.682,0.652,0.4266,-0.0913,43.02,0.93476,0.240,0.360,0.000,-1.0000,-1.0000,TRACKING,L+C+R_fused
1787297558.779,14.3,0.684,0.687,0.652,0.4230,-0.1142,38.39,0.96740,0.240,0.360,0.000,-1.0000,-1.0000,TRACKING,L+C+R_fused
1787297558.869,12.4,0.686,0.692,0.658,0.4278,-0.1367,32.81,0.94875,0.240,0.360,0.000,-1.0000,-1.0000,TRACKING,L+C+R_fused
1787297558.960,12.4,0.686,0.690,0.653,0.4318,-0.1542,27.67,0.87164,0.240,0.360,0.000,-1.0000,-1.0000,TRACKING,L+C+R_fused
1787297559.046,12.4,0.685,0.687,0.649,0.4301,-0.1694,22.05,0.71317,0.243,0.360,0.000,-1.0000,-1.0000,TRACKING,L+C+R_fused
1787297559.141,12.4,0.687,0.687,0.651,0.4179,-0.1814,16.54,0.50188,0.260,0.360,0.000,-1.0000,-1.0000,TRACKING,L+C+R_fused
1787297559.237,12.4,0.684,0.684,0.648,0.4147,-0.1889,12.07,0.29087,0.277,0.360,0.000,-0.9738,-0.9785,TRACKING,L+C+R_fused
1787297559.329,12.4,0.682,0.677,0.653,0.3784,-0.1927,8.25,0.08128,0.293,0.360,0.000,-0.8829,-0.9001,TRACKING,L+C+R_fused
1787297559.422,12.4,0.680,0.672,0.654,0.3487,-0.1939,4.71,-0.13354,0.289,0.360,0.000,-0.8796,-0.8833,TRACKING,L+C+R_fused
1787297559.526,12.4,0.677,0.668,0.651,0.3122,-0.1930,1.70,-0.32827,0.274,0.360,0.000,-0.9253,-0.9178,TRACKING,L+C+R_fused
1787297559.623,12.4,0.675,0.665,0.645,0.2687,-0.1905,-0.83,-0.49811,0.260,0.360,0.000,-0.9519,-0.9458,TRACKING,L+C+R_fused
1787297559.711,12.4,0.674,0.662,0.650,0.1818,-0.1860,-2.90,-0.63942,0.249,0.360,0.000,-1.0000,-0.9902,TRACKING,L+C+R_fused
1787297559.791,12.4,0.673,0.660,0.000,0.1818,-0.1800,-4.60,-0.75441,0.240,0.360,0.000,-1.0000,-0.9982,TRACKING,L+C
1787297559.866,12.4,0.672,0.659,0.000,0.1818,-0.1738,-5.81,-0.83340,0.240,0.360,0.000,-1.0000,-0.9997,TRACKING,L+C
1787297559.938,11.2,0.000,0.659,0.000,0.1818,-0.1670,-6.82,-0.89815,0.240,0.360,0.000,-0.9987,-0.9989,TRACKING,CENTER_LOCKED
1787297560.008,11.2,0.263,0.658,0.000,0.1818,-0.1600,-7.62,-0.94859,0.240,0.360,0.000,-0.9687,-0.9741,TRACKING,L+C
1787297560.076,11.2,0.425,0.657,0.000,0.1818,-0.1526,-8.24,-0.98756,0.240,0.360,0.000,-0.9365,-0.9433,TRACKING,L+C
1787297560.144,11.2,0.285,0.656,0.000,0.1818,-0.1447,-8.71,-1.01763,0.240,0.360,0.000,-0.9007,-0.9084,TRACKING,L+C
1787297560.210,11.2,0.282,0.655,0.000,0.1818,-0.1350,-9.60,-1.08801,0.240,0.360,0.000,-0.8560,-0.8654,TRACKING,L+C
1787297560.283,11.2,0.671,0.656,0.000,0.1818,-0.1250,-10.22,-1.13619,0.240,0.360,0.000,-0.8070,-0.8175,TRACKING,L+C
1787297560.356,11.2,0.670,0.655,0.000,0.1818,-0.1143,-10.87,-1.18993,0.240,0.360,0.000,-0.7528,-0.7644,TRACKING,L+C
1787297560.407,11.2,0.000,0.672,0.000,0.1818,-0.1002,-8.19,-0.96472,0.240,0.360,0.000,-0.6812,-0.6962,TRACKING,CENTER_LOCKED
1787297560.475,11.2,0.301,0.670,0.000,0.1818,-0.0882,-5.60,-0.73059,0.242,0.360,0.000,-0.6105,-0.6259,TRACKING,L+C
1787297560.543,11.2,0.269,0.668,0.000,0.1818,-0.0762,-3.50,-0.53793,0.257,0.360,0.000,-0.4912,-0.5155,TRACKING,L+C
1787297560.631,11.2,0.326,0.667,0.667,0.1989,-0.0636,-2.03,-0.40957,0.267,0.360,0.000,-0.3776,-0.4024,TRACKING,L+C+R_fused
1787297560.699,11.2,0.370,0.666,0.000,0.1989,-0.0525,-1.00,-0.32564,0.274,0.360,0.000,-0.3139,-0.3298,TRACKING,L+C
1787297560.773,11.2,0.485,0.666,0.000,0.1989,-0.0424,-0.26,-0.27349,0.278,0.360,0.000,-0.2635,-0.2754,TRACKING,L+C
1787297560.843,11.2,0.339,0.665,0.000,0.1989,-0.0322,0.32,-0.23658,0.281,0.360,0.000,-0.2147,-0.2256,TRACKING,L+C
1787297560.924,11.2,0.263,0.657,0.000,0.1989,-0.0255,0.81,-0.19817,0.284,0.360,0.000,-0.1821,-0.1899,TRACKING,L+C
1787297560.998,14.2,0.290,0.653,0.000,0.1989,-0.0257,2.22,-0.14844,0.288,0.360,0.000,-0.2015,-0.1994,TRACKING,L+C
1787297561.055,14.2,0.000,0.655,0.000,0.1989,-0.0233,4.05,-0.13161,0.289,0.360,0.000,-0.2266,-0.2217,TRACKING,CENTER_LOCKED
1787297561.105,14.2,0.000,0.669,0.000,0.1989,-0.0225,6.44,-0.11266,0.291,0.360,0.000,-0.2705,-0.2617,TRACKING,CENTER_LOCKED
1787297561.172,14.2,0.276,0.702,0.000,0.1989,-0.0245,8.51,-0.09995,0.292,0.435,0.000,-0.3211,-0.3104,TRACKING,L+C
1787297561.221,14.2,0.000,0.772,0.000,0.1989,-0.0251,10.12,-0.18728,0.285,0.493,0.000,-0.3911,-0.3765,TRACKING,CENTER_LOCKED
1787297561.309,14.2,0.632,0.797,0.678,0.0427,-0.0199,11.77,-0.44419,0.264,0.539,0.000,-0.4609,-0.4457,TRACKING,L+C+R_fused
1787297561.394,14.2,0.632,0.761,0.658,0.4280,-0.0195,18.37,-0.07186,0.294,0.574,0.000,-0.5018,-0.4917,TRACKING,L+C+R_fused
1787297561.501,14.2,0.622,0.576,0.640,0.4365,-0.0390,17.76,0.03452,0.297,0.602,0.000,-0.5363,-0.5283,TRACKING,L+C+R_fused
1787297561.595,14.2,0.000,0.645,0.640,0.4365,-0.1184,32.97,0.84869,0.240,0.481,0.000,-1.0000,-0.9151,TRACKING,R+C
1787297561.721,14.2,0.638,0.637,0.639,0.3949,-0.1247,28.60,0.68602,0.245,0.420,0.000,-1.0000,-0.9847,TRACKING,L+C+R_fused
1787297561.848,14.2,0.628,0.632,0.633,0.0246,-0.1396,21.43,0.41965,0.266,0.390,0.000,-0.9753,-0.9770,TRACKING,L+C+R_fused
1787297561.954,14.2,0.617,0.619,0.643,0.2142,-0.1363,24.34,0.56579,0.255,0.375,0.000,-0.9987,-0.9948,TRACKING,L+C+R_fused
1787297562.171,10.2,0.620,0.622,0.621,0.0076,-0.1357,22.66,0.49351,0.261,0.368,0.000,-1.0000,-0.9991,TRACKING,L+C+R_fused
1787297562.352,10.2,0.622,0.622,0.623,0.0000,-0.1344,21.81,0.41120,0.267,0.364,0.000,-0.9631,-0.9695,TRACKING,L+C+R_fused
1787297562.462,10.2,0.633,0.631,0.637,0.0000,-0.1342,24.27,0.55269,0.256,0.362,0.000,-0.9894,-0.9858,TRACKING,L+C+R_fused
1787297562.595,10.2,0.634,0.632,0.618,0.2749,-0.1314,25.89,0.59356,0.253,0.361,0.000,-1.0000,-0.9974,TRACKING,L+C+R_fused
1787297562.728,10.2,0.629,0.628,0.628,0.0022,-0.1126,29.54,0.64859,0.248,0.360,0.000,-1.0000,-0.9995,TRACKING,L+C+R_fused
1787297562.828,10.2,0.629,0.628,0.000,0.0022,-0.0850,34.26,0.68896,0.245,0.360,0.000,-0.9683,-0.9739,TRACKING,L+C
1787297562.938,10.2,0.629,0.629,0.691,0.1378,-0.0607,37.90,0.69470,0.244,0.360,0.000,-0.9440,-0.9494,TRACKING,L+C+R_fused
1787297563.053,10.2,0.628,0.628,0.671,0.1329,-0.0360,41.48,0.69630,0.244,0.360,0.000,-0.9182,-0.9238,TRACKING,L+C+R_fused
1787297563.171,10.2,0.629,0.629,0.429,0.1252,-0.0286,42.54,0.69592,0.244,0.360,0.000,-0.9104,-0.9128,TRACKING,L+C+R_fused
1787297563.287,8.1,0.628,0.628,0.365,0.0795,-0.0133,44.81,0.68853,0.245,0.360,0.000,-0.8149,-0.8325,TRACKING,L+C+R_fused
1787297563.394,8.1,0.629,0.629,0.000,0.0795,-0.0098,45.18,0.67701,0.246,0.360,0.000,-0.8059,-0.8107,TRACKING,L+C
1787297563.511,8.1,0.633,0.634,0.634,0.0795,-0.0217,43.26,0.66649,0.247,0.360,0.000,-0.8946,-0.8795,TRACKING,L+C+R_fused
1787297563.618,8.1,0.642,0.647,0.645,0.0016,-0.0422,40.54,0.65336,0.248,0.360,0.000,-0.9168,-0.9101,TRACKING,L+C+R_fused
1787297563.744,8.1,0.636,0.643,0.637,0.0009,-0.0627,37.61,0.63556,0.249,0.360,0.000,-0.9352,-0.9307,TRACKING,L+C+R_fused
1787297563.891,8.1,0.631,0.634,0.631,0.0004,-0.0768,35.48,0.63704,0.249,0.360,0.000,-0.9493,-0.9460,TRACKING,L+C+R_fused
1787297564.010,8.1,0.630,0.632,0.000,0.0004,-0.0877,33.29,0.60465,0.252,0.360,0.000,-0.9460,-0.9460,TRACKING,L+C
1787297564.169,8.1,0.627,0.627,0.628,0.0026,-0.0962,31.37,0.58084,0.254,0.360,0.000,-0.9826,-0.9760,TRACKING,L+C+R_fused
1787297564.324,7.7,0.627,0.627,0.629,0.0034,-0.1029,29.89,0.56310,0.255,0.360,0.000,-0.9779,-0.9775,TRACKING,L+C+R_fused
1787297564.488,7.7,0.630,0.628,0.632,0.0023,-0.1050,30.80,0.62196,0.250,0.360,0.000,-0.9697,-0.9711,TRACKING,L+C+R_fused
1787297564.669,7.7,0.619,0.626,0.619,0.2949,-0.1033,28.25,0.51129,0.259,0.360,0.000,-0.9465,-0.9509,TRACKING,L+C+R_fused
1787297564.892,7.7,0.617,0.620,0.622,0.0085,-0.1039,27.83,0.52538,0.258,0.360,0.000,-0.9448,-0.9459,TRACKING,L+C+R_fused
1787297565.009,7.7,0.627,0.627,0.767,0.2543,-0.1253,21.75,0.31066,0.275,0.360,0.000,-0.9096,-0.9161,TRACKING,L+C+R_fused
1787297565.130,7.7,0.650,0.651,0.648,0.4610,-0.1336,23.65,0.48391,0.261,0.435,0.000,-1.0000,-0.9849,TRACKING,L+C+R_fused
1787297565.222,7.7,0.644,0.652,0.953,0.3223,-0.1440,26.26,0.71325,0.243,0.397,0.000,-1.0000,-0.9973,TRACKING,L+C+R_fused
1787297565.367,6.7,0.625,0.637,0.899,0.2467,-0.1405,18.76,0.28172,0.277,0.379,0.000,-0.9314,-0.9432,TRACKING,L+C+R_fused
1787297565.476,6.7,0.644,0.513,0.695,0.3096,-0.1420,1.67,-0.92090,0.240,0.369,0.000,-1.0000,-0.9898,TRACKING,L+C+R_fused
1787297565.669,6.7,0.619,0.621,0.664,0.1654,-0.1306,7.10,-0.58214,0.253,0.365,0.000,-0.9547,-0.9610,TRACKING,L+C+R_fused
1787297565.774,6.7,0.672,0.624,0.644,0.1219,-0.1332,-0.83,-1.25971,0.240,0.362,0.000,-1.0000,-0.9930,TRACKING,L+C+R_fused
1787297565.861,6.7,0.357,0.300,0.299,0.4406,-0.1359,6.52,-0.67023,0.246,0.361,0.000,-1.0000,-0.9987,TRACKING,L+C+R_fused
1787297565.994,6.7,0.279,0.632,0.302,0.4715,-0.0028,1.26,-0.00652,0.299,0.361,0.000,-0.0445,-0.2163,TRACKING,L+C+R_fused
1787297566.089,6.7,0.000,0.630,0.376,0.4715,0.0022,0.91,-0.01059,0.299,0.360,0.000,-0.0146,-0.0509,TRACKING,R+C
1787297566.200,6.7,0.312,0.632,0.388,0.5667,0.0091,0.73,-0.00865,0.299,0.360,0.000,0.0209,0.0080,TRACKING,L+C+R_fused
1787297566.308,6.7,0.281,0.635,0.378,0.4471,0.0163,0.60,-0.00222,0.300,0.360,0.000,0.0577,0.0488,TRACKING,L+C+R_fused
1787297566.386,8.8,0.000,0.639,0.628,0.4471,0.0188,0.72,0.01524,0.299,0.360,0.000,0.0697,0.0660,TRACKING,R+C
1787297566.461,8.8,0.000,0.642,0.467,0.4471,0.0183,0.91,0.02855,0.298,0.360,0.000,0.0666,0.0665,TRACKING,R+C
1787297566.562,8.8,0.644,0.644,0.646,0.0309,0.0184,1.00,0.03439,0.297,0.360,0.000,0.0659,0.0660,TRACKING,L+C+R_fused
1787297566.653,8.8,0.363,0.645,0.413,0.4872,0.0208,0.67,0.01531,0.299,0.360,0.000,0.0799,0.0774,TRACKING,L+C+R_fused
1787297566.739,8.8,0.690,0.650,0.359,0.4948,0.0229,0.48,-0.00556,0.300,0.360,0.000,0.0889,0.0868,TRACKING,L+C+R_fused
1787297566.832,8.8,0.693,0.652,0.365,0.5063,0.0221,0.71,-0.00825,0.299,0.435,0.000,0.0792,0.0806,TRACKING,L+C+R_fused
1787297566.916,8.8,0.695,0.650,0.392,0.5146,0.0195,0.86,-0.01522,0.299,0.493,0.000,0.0630,0.0662,TRACKING,L+C+R_fused
1787297567.005,8.8,0.645,0.645,0.358,0.2500,0.0168,0.81,-0.02909,0.298,0.539,0.000,0.0496,0.0526,TRACKING,L+C+R_fused
1787297567.092,8.8,0.372,0.642,0.589,0.3858,0.0149,0.66,-0.04991,0.296,0.574,0.000,0.0404,0.0426,TRACKING,L+C+R_fused
1787297567.182,8.8,0.641,0.641,0.413,0.2501,0.0161,0.65,-0.04014,0.297,0.602,0.000,0.0482,0.0472,TRACKING,L+C+R_fused
1787297567.267,8.8,0.312,0.639,0.284,0.4596,0.0218,0.41,-0.03524,0.297,0.623,0.000,0.0808,0.0748,TRACKING,L+C+R_fused
1787297567.356,8.8,0.348,0.639,0.343,0.4596,0.0250,0.29,-0.03363,0.297,0.640,0.000,0.0982,0.0940,TRACKING,L+C+R_fused
1787297567.437,11.4,0.434,0.643,0.271,0.4905,0.0256,0.29,-0.03222,0.297,0.719,0.000,0.1012,0.0999,TRACKING,L+C+R_fused
1787297567.524,11.4,0.358,0.646,0.368,0.4656,0.0253,0.37,-0.03048,0.298,0.781,0.000,0.0980,0.0984,TRACKING,L+C+R_fused
1787297567.609,11.4,0.660,0.646,0.488,0.4727,0.0247,0.46,-0.02938,0.298,0.829,0.000,0.0933,0.0942,TRACKING,L+C+R_fused
1787297567.703,11.4,0.647,0.647,0.639,0.2423,0.0237,0.56,-0.03008,0.298,0.867,0.000,0.0865,0.0879,TRACKING,L+C+R_fused
1787297567.790,11.4,0.688,0.648,0.645,0.4956,0.0228,0.70,-0.02880,0.298,0.896,0.000,0.0793,0.0808,TRACKING,L+C+R_fused
1787297567.888,11.4,0.651,0.651,0.649,0.1486,0.0245,0.83,-0.01851,0.299,0.919,0.000,0.0854,0.0846,TRACKING,L+C+R_fused
1787297567.979,11.4,0.684,0.649,0.655,0.4772,0.0264,0.72,-0.02974,0.298,0.937,0.000,0.0945,0.0927,TRACKING,L+C+R_fused
1787297568.055,11.4,0.687,0.646,0.000,0.4772,0.0286,0.78,-0.04187,0.297,0.951,0.000,0.1012,0.0997,TRACKING,L+C
1787297568.145,11.4,0.683,0.649,0.663,0.2774,0.0312,1.39,-0.01391,0.299,0.962,0.000,0.1025,0.1020,TRACKING,L+C+R_fused
1787297568.238,11.4,0.687,0.651,0.658,0.5335,0.0322,1.23,-0.02925,0.298,0.970,0.000,0.1086,0.1074,TRACKING,L+C+R_fused
1787297568.333,11.4,0.688,0.647,0.658,0.5223,0.0336,1.31,-0.03469,0.297,0.977,0.000,0.1118,0.1110,TRACKING,L+C+R_fused
1787297568.422,11.4,0.654,0.648,0.654,0.5257,0.0351,1.54,-0.03055,0.298,0.982,0.000,0.1138,0.1133,TRACKING,L+C+R_fused
1787297568.487,11.4,0.000,0.651,0.579,0.5257,0.0318,0.25,-0.11240,0.291,0.986,0.000,0.1236,0.1218,TRACKING,R+C
1787297568.541,11.4,0.000,0.648,0.000,0.5257,0.0331,1.28,-0.06160,0.295,0.989,0.000,0.1059,0.1087,TRACKING,CENTER_LOCKED
1787297568.621,11.4,0.000,0.646,0.668,0.5257,0.0336,2.07,-0.02025,0.298,0.991,0.000,0.0956,0.0979,TRACKING,R+C
1787297568.716,11.4,0.645,0.645,0.675,0.2250,0.0330,3.43,-0.00957,0.299,0.993,0.000,0.0616,0.0681,TRACKING,L+C+R_fused
1787297568.788,11.4,0.000,0.651,0.670,0.2250,0.0285,6.37,0.11293,0.291,0.995,0.000,0.0092,0.0198,TRACKING,R+C
1787297568.859,11.4,0.000,0.652,0.662,0.2250,0.0170,7.38,0.13832,0.289,0.996,0.000,-0.0644,-0.0492,TRACKING,R+C
1787297568.926,11.4,0.000,0.663,0.657,0.2250,0.0052,11.57,0.62517,0.250,0.678,0.000,-0.1087,-0.0980,TRACKING,R+C
1787297568.993,11.4,0.000,0.753,0.655,0.2250,-0.0121,13.18,0.93385,0.240,0.519,0.000,-0.1931,-0.1760,TRACKING,R+C
1787297569.089,11.4,0.000,0.753,0.655,0.2250,-0.0106,11.60,0.82179,0.240,0.439,0.000,-0.1931,-0.1900,TRACKING,prediction
1787297569.162,11.4,0.000,0.753,0.655,0.2250,-0.0093,10.20,0.72317,0.240,0.400,0.000,-0.1931,-0.1925,TRACKING,prediction
1787297569.243,11.4,0.000,0.669,0.654,0.3970,-0.3386,-35.01,-0.50712,0.259,0.380,0.000,-1.0000,-0.8547,TRACKING,R+C
1787297569.311,11.4,0.000,0.915,0.663,0.3970,-0.3144,-39.99,-1.98920,0.240,0.370,0.000,-1.0000,-0.9738,TRACKING,R+C
1787297569.374,11.4,0.000,0.000,0.663,0.3970,0.0018,-3.31,-1.57419,0.240,0.365,0.000,-0.3345,-0.4496,TRACKING,R_only
1787297569.436,11.4,0.000,0.000,0.662,0.3970,0.0215,5.60,-1.14284,0.240,0.362,0.000,-0.3401,-0.3598,TRACKING,R_only
1787297569.512,13.7,0.000,0.000,0.661,0.3970,0.0245,9.75,-0.94963,0.240,0.361,0.000,-0.3907,-0.3851,TRACKING,R_only
1787297569.581,13.7,0.000,0.000,0.661,0.3970,0.0067,5.39,-1.24839,0.240,0.361,0.000,-0.4592,-0.4459,TRACKING,R_only
1787297569.646,13.7,0.000,0.000,0.659,0.3970,0.0050,8.20,-1.14701,0.240,0.360,0.000,-0.5226,-0.5088,TRACKING,R_only
1787297569.716,13.7,0.000,0.000,0.659,0.3970,-0.0026,8.75,-1.17857,0.240,0.360,0.000,-0.5920,-0.5770,TRACKING,R_only
1787297569.781,13.7,0.000,0.000,0.657,0.3970,-0.0053,12.95,-0.95390,0.240,0.360,0.000,-0.6634,-0.6479,TRACKING,R_only
1787297569.861,13.7,0.376,0.655,0.000,0.3970,0.2114,15.05,-0.85759,0.240,0.360,0.000,0.7358,0.1721,TRACKING,L+C
1787297569.938,13.7,0.000,0.654,0.654,0.3970,0.2084,15.93,-0.81111,0.240,0.360,0.000,0.7141,0.6165,TRACKING,R+C
1787297570.023,13.7,0.000,0.654,0.654,0.3970,0.2033,17.29,-0.73174,0.241,0.360,0.000,0.6714,0.6615,TRACKING,R+C
1787297570.100,13.7,0.000,0.653,0.652,0.3970,0.1939,19.09,-0.62236,0.250,0.360,0.000,0.4798,0.5125,TRACKING,R+C
1787297570.191,13.7,0.000,0.671,0.651,0.3970,0.1808,20.15,-0.56513,0.255,0.360,0.000,0.3792,0.4032,TRACKING,R+C
1787297570.236,13.7,0.000,0.864,0.000,0.3970,0.1633,22.21,-0.33977,0.273,0.360,0.000,0.2729,0.2963,TRACKING,CENTER_LOCKED
1787297570.311,13.7,0.000,0.650,0.000,0.3970,0.0800,26.53,-0.25866,0.279,0.360,0.000,-0.2617,-0.1613,TRACKING,CENTER_LOCKED
1787297570.367,13.7,0.000,0.649,0.000,0.3970,0.0685,26.94,-0.21962,0.282,0.360,0.000,-0.3139,-0.2864,TRACKING,CENTER_LOCKED
1787297570.425,13.7,0.000,0.650,0.000,0.3970,0.0557,27.59,-0.16157,0.287,0.360,0.000,-0.3675,-0.3529,TRACKING,CENTER_LOCKED
1787297570.478,13.7,0.000,0.680,0.000,0.3970,0.0403,29.27,-0.01811,0.299,0.360,0.000,-0.4942,-0.4688,TRACKING,CENTER_LOCKED
1787297570.529,14.8,0.000,0.671,0.000,0.3970,0.0252,30.96,0.12157,0.290,0.360,0.000,-0.5136,-0.5056,TRACKING,CENTER_LOCKED
1787297570.586,14.8,0.000,0.669,0.000,0.3970,0.0116,34.00,0.33394,0.273,0.360,0.000,-0.6551,-0.6282,TRACKING,CENTER_LOCKED
1787297570.664,14.8,0.648,0.673,0.000,0.3970,0.0064,39.01,0.55467,0.256,0.360,0.000,-0.6922,-0.6806,TRACKING,L+C
1787297570.737,14.8,0.651,0.671,0.000,0.3970,0.0063,44.32,0.68967,0.245,0.360,0.000,-0.8136,-0.7897,TRACKING,L+C
1787297570.808,14.8,0.655,0.670,0.000,0.3970,0.0047,48.37,0.73757,0.241,0.360,0.000,-0.8150,-0.8105,TRACKING,L+C
1787297570.879,14.8,0.660,0.678,0.000,0.3970,-0.0138,48.87,0.78255,0.240,0.360,0.000,-0.8872,-0.8734,TRACKING,L+C
1787297570.950,14.8,0.665,0.683,0.000,0.3970,-0.0428,46.98,0.85655,0.240,0.360,0.000,-0.9408,-0.9287,TRACKING,L+C
1787297571.011,14.8,0.679,0.670,0.000,0.3970,-0.0786,42.89,0.94948,0.240,0.360,0.000,-1.0000,-0.9872,TRACKING,L+C
1787297571.070,14.8,0.684,0.675,0.000,0.3970,-0.1092,38.12,1.01063,0.240,0.360,0.000,-1.0000,-0.9977,TRACKING,L+C
1787297571.125,14.8,0.667,0.644,0.000,0.3970,-0.1355,32.47,1.00869,0.240,0.360,0.000,-1.0000,-0.9996,TRACKING,L+C
1787297571.180,14.8,0.333,0.325,0.000,0.3970,-0.1546,28.56,0.99032,0.240,0.360,0.000,-1.0000,-0.9999,TRACKING,L+C
1787297571.236,14.8,0.478,0.467,0.000,0.3970,-0.1666,25.59,0.94855,0.240,0.360,0.000,-1.0000,-1.0000,TRACKING,L+C
1787297571.294,14.8,0.680,0.680,0.000,0.3970,-0.1714,23.86,0.90271,0.240,0.360,0.000,-1.0000,-1.0000,TRACKING,L+C
1787297571.375,14.8,0.644,0.643,0.000,0.3970,-0.1535,26.03,0.83852,0.240,0.360,0.000,-1.0000,-1.0000,TRACKING,L+C
1787297571.425,14.8,0.644,0.643,0.000,0.3970,-0.1351,22.90,0.73790,0.240,0.360,0.000,-1.0000,-1.0000,TRACKING,prediction
1787297571.494,14.8,0.644,0.643,0.000,0.3970,-0.1189,20.15,0.64935,0.240,0.360,0.000,-1.0000,-1.0000,TRACKING,prediction
1787297571.556,15.6,0.644,0.643,0.000,0.3970,-0.1046,17.74,0.57143,0.240,0.360,0.000,-1.0000,-1.0000,TRACKING,prediction
1787297571.632,15.6,0.644,0.643,0.000,0.3970,-0.0920,15.61,0.50286,0.240,0.360,0.000,-1.0000,-1.0000,TRACKING,prediction
1787297571.729,15.6,0.655,0.649,0.652,0.3766,0.1012,41.75,0.24326,0.281,0.360,0.000,-0.3547,-0.4709,TRACKING,L+C+R_fused
1787297571.816,15.6,0.266,0.650,0.665,0.5308,0.0066,13.86,-1.18178,0.240,0.360,0.000,-0.5732,-0.5548,TRACKING,L+C+R_fused
1787297571.882,15.6,0.000,0.646,0.667,0.5308,-0.0144,0.05,-2.15389,0.240,0.360,0.000,-0.6776,-0.6555,TRACKING,R+C
1787297571.964,15.6,0.258,0.640,0.664,0.4544,-0.0289,-10.80,-2.68619,0.240,0.360,0.000,-0.6428,-0.6451,TRACKING,L+C+R_fused
1787297572.067,15.6,0.263,0.634,0.660,0.5039,-0.0388,-17.95,-2.84068,0.240,0.360,0.000,-0.5986,-0.6069,TRACKING,L+C+R_fused
1787297572.137,15.6,0.000,0.632,0.668,0.5039,-0.0459,-22.45,-2.82283,0.240,0.360,0.000,-0.5569,-0.5659,TRACKING,R+C
1787297572.224,15.6,0.253,0.628,0.666,0.5088,-0.0489,-24.01,-2.77891,0.240,0.360,0.000,-0.5360,-0.5414,TRACKING,L+C+R_fused
1787297572.319,15.6,0.258,0.644,0.671,0.4700,-0.0423,-21.79,-2.80672,0.240,0.360,0.000,-0.5401,-0.5403,TRACKING,L+C+R_fused
1787297572.404,15.6,0.258,0.642,0.673,0.3999,-0.0373,-21.67,-2.83837,0.240,0.360,0.000,-0.5192,-0.5230,TRACKING,L+C+R_fused
1787297572.502,15.6,0.308,0.643,0.673,0.4814,-0.0329,-20.53,-2.85362,0.240,0.360,0.000,-0.5161,-0.5173,TRACKING,L+C+R_fused
1787297572.587,11.6,0.281,0.642,0.675,0.5386,-0.0302,-19.69,-2.86186,0.240,0.360,0.000,-0.5161,-0.5163,TRACKING,L+C+R_fused
1787297572.654,11.6,0.303,0.639,0.000,0.5386,-0.0275,-20.57,-2.88945,0.240,0.360,0.000,-0.4903,-0.4949,TRACKING,L+C
1787297572.720,11.6,0.366,0.637,0.000,0.5386,-0.0257,-21.96,-2.90264,0.240,0.360,0.000,-0.4574,-0.4642,TRACKING,L+C
1787297572.788,11.6,0.351,0.635,0.000,0.5386,-0.0244,-23.25,-2.90147,0.240,0.360,0.000,-0.4254,-0.4324,TRACKING,L+C
1787297572.840,11.6,0.000,0.633,0.000,0.5386,-0.0230,-24.53,-2.88733,0.240,0.360,0.000,-0.3903,-0.3978,TRACKING,CENTER_LOCKED
1787297572.917,11.6,0.275,0.633,0.000,0.5386,-0.0232,-25.60,-2.85839,0.240,0.360,0.000,-0.3642,-0.3703,TRACKING,L+C
1787297572.991,11.6,0.267,0.633,0.000,0.5386,-0.0233,-26.18,-2.83666,0.240,0.360,0.000,-0.3486,-0.3525,TRACKING,L+C
1787297573.041,11.6,0.000,0.634,0.000,0.5386,-0.0237,-26.10,-2.81618,0.240,0.360,0.000,-0.3450,-0.3464,TRACKING,CENTER_LOCKED
1787297573.100,11.6,0.000,0.635,0.000,0.5386,-0.0229,-25.68,-2.81952,0.240,0.360,0.000,-0.3474,-0.3472,TRACKING,CENTER_LOCKED
1787297573.158,11.6,0.000,0.635,0.000,0.5386,-0.0214,-24.97,-2.83115,0.240,0.360,0.000,-0.3533,-0.3522,TRACKING,CENTER_LOCKED
1787297573.234,11.6,0.272,0.636,0.000,0.5386,-0.0187,-23.74,-2.85718,0.240,0.360,0.000,-0.3638,-0.3618,TRACKING,L+C
1787297573.307,11.6,0.341,0.637,0.000,0.5386,-0.0153,-22.41,-2.89252,0.240,0.360,0.000,-0.3757,-0.3732,TRACKING,L+C
1787297573.382,11.6,0.000,0.637,0.000,0.5386,-0.0120,-21.14,-2.92056,0.240,0.360,0.000,-0.3857,-0.3834,TRACKING,CENTER_LOCKED
1787297573.466,11.6,0.250,0.638,0.000,0.5386,-0.0090,-19.33,-2.92478,0.240,0.360,0.000,-0.4010,-0.3978,TRACKING,L+C
1787297573.539,11.6,0.291,0.638,0.000,0.5386,-0.0067,-17.98,-2.93023,0.240,0.360,0.000,-0.4133,-0.4105,TRACKING,L+C
1787297573.624,14.5,0.300,0.638,0.669,0.4099,-0.0034,-16.55,-2.93529,0.240,0.360,0.000,-0.4220,-0.4199,TRACKING,L+C+R_fused
1787297573.694,14.5,0.000,0.639,0.672,0.4099,0.0035,-13.42,-2.91004,0.240,0.360,0.000,-0.4360,-0.4331,TRACKING,R+C
1787297573.759,14.5,0.323,0.634,0.000,0.4099,0.0040,-19.76,-3.06908,0.240,0.360,0.000,-0.3477,-0.3631,TRACKING,L+C
1787297573.820,14.5,0.278,0.635,0.000,0.4099,0.0099,-23.52,-3.14260,0.240,0.360,0.000,-0.2645,-0.2822,TRACKING,L+C
1787297573.885,14.5,0.259,0.641,0.000,0.4099,-0.0769,-45.77,-1.98061,0.240,0.360,0.000,-0.0806,-0.1169,TRACKING,L+C
1787297573.973,14.5,0.258,0.636,0.672,0.3934,-0.0954,-50.01,-1.69205,0.240,0.360,0.000,-0.0304,-0.0459,TRACKING,L+C+R_fused
1787297574.067,14.5,0.295,0.634,0.670,0.4759,-0.0827,-48.61,-1.79902,0.240,0.360,0.000,-0.0110,-0.0173,TRACKING,L+C+R_fused
1787297574.174,14.5,0.643,0.634,0.649,0.0935,-0.0692,-46.38,-1.95700,0.240,0.360,0.000,-0.0122,-0.0131,TRACKING,L+C+R_fused
1787297574.262,14.5,0.305,0.640,0.653,0.4668,-0.0480,-40.05,-2.37716,0.240,0.360,0.000,-0.0972,-0.0820,TRACKING,L+C+R_fused
1787297574.356,14.5,0.644,0.640,0.668,0.3814,-0.0320,-33.16,-2.73038,0.240,0.360,0.000,-0.2783,-0.2430,TRACKING,L+C+R_fused
1787297574.451,14.5,0.644,0.627,0.665,0.4075,-0.0292,-32.49,-2.73655,0.240,0.360,0.000,-0.2683,-0.2638,TRACKING,L+C+R_fused
1787297574.541,14.5,0.647,0.629,0.641,0.2355,-0.0242,-28.96,-2.80797,0.240,0.360,0.000,-0.3039,-0.2967,TRACKING,L+C+R_fused
1787297574.636,11.9,0.645,0.636,0.646,0.3082,-0.1061,-42.89,-1.97128,0.240,0.360,0.000,-0.2998,-0.2993,TRACKING,L+C+R_fused
1787297574.711,11.9,0.000,0.639,0.657,0.3082,-0.1121,-40.54,-2.01212,0.240,0.360,0.000,-0.3850,-0.3696,TRACKING,R+C
1787297574.794,11.9,0.000,0.642,0.647,0.3082,-0.0941,-31.99,-2.29510,0.240,0.360,0.000,-0.5354,-0.5055,TRACKING,R+C
1787297574.904,11.9,0.642,0.641,0.659,0.3825,-0.0804,-22.69,-2.36326,0.240,0.360,0.000,-0.6295,-0.6072,TRACKING,L+C+R_fused
1787297574.980,11.9,0.000,0.643,0.650,0.3825,-0.0738,-13.66,-2.10785,0.240,0.360,0.000,-0.6995,-0.6828,TRACKING,R+C
1787297575.094,11.9,0.646,0.644,0.645,0.3633,-0.0738,-6.83,-1.74025,0.240,0.360,0.000,-0.7544,-0.7415,TRACKING,L+C+R_fused
1787297575.194,11.9,0.645,0.645,0.665,0.4316,-0.0770,-1.83,-1.40577,0.240,0.360,0.000,-0.7997,-0.7892,TRACKING,L+C+R_fused
1787297575.289,11.9,0.693,0.647,0.652,0.1817,-0.0803,2.82,-1.06169,0.240,0.360,0.000,-0.8363,-0.8278,TRACKING,L+C+R_fused
1787297575.364,11.9,0.000,0.647,0.647,0.1817,-0.0954,2.37,-1.00680,0.240,0.360,0.000,-0.8849,-0.8746,TRACKING,R+C
1787297575.442,11.9,0.000,0.646,0.646,0.1817,-0.1022,3.65,-0.88198,0.240,0.360,0.000,-0.9127,-0.9059,TRACKING,R+C
1787297575.524,11.9,0.000,0.647,0.643,0.1817,-0.1054,5.88,-0.70753,0.243,0.360,0.000,-0.9141,-0.9126,TRACKING,R+C
1787297575.608,11.9,0.000,0.647,0.656,0.1817,-0.1079,7.71,-0.56338,0.255,0.360,0.000,-0.8706,-0.8782,TRACKING,R+C
1787297575.689,11.4,0.000,0.647,0.655,0.1817,-0.1108,8.96,-0.45165,0.264,0.360,0.000,-0.8031,-0.8166,TRACKING,R+C
1787297575.793,11.4,0.649,0.649,0.655,0.4467,-0.1146,9.67,-0.36620,0.271,0.360,0.000,-0.8209,-0.8201,TRACKING,L+C+R_fused
1787297575.868,11.4,0.000,0.650,0.655,0.4467,-0.1190,10.05,-0.29312,0.277,0.360,0.000,-0.8066,-0.8090,TRACKING,R+C
1787297575.943,11.4,0.000,0.652,0.654,0.4467,-0.1233,9.94,-0.25902,0.279,0.360,0.000,-0.8029,-0.8040,TRACKING,R+C
1787297576.018,11.4,0.000,0.656,0.656,0.4467,-0.1270,9.62,-0.24785,0.280,0.360,0.000,-0.8043,-0.8042,TRACKING,R+C
1787297576.093,11.4,0.000,0.653,0.643,0.4467,-0.1481,3.31,-0.53616,0.257,0.360,0.000,-0.9319,-0.9089,TRACKING,R+C
1787297576.172,11.4,0.000,0.652,0.655,0.4467,-0.1606,-0.36,-0.70452,0.244,0.360,0.000,-1.0000,-0.9836,TRACKING,R+C
1787297576.256,11.4,0.000,0.648,0.656,0.4467,-0.1609,0.92,-0.60767,0.251,0.360,0.000,-0.9816,-0.9819,TRACKING,R+C
1787297576.329,11.4,0.000,0.642,0.657,0.4467,-0.1574,3.41,-0.46805,0.263,0.360,0.000,-0.9099,-0.9228,TRACKING,R+C
1787297576.416,11.4,0.000,0.640,0.658,0.4467,-0.1549,4.90,-0.38903,0.269,0.360,0.000,-0.8861,-0.8927,TRACKING,R+C
1787297576.505,11.4,0.000,0.639,0.660,0.4467,-0.1524,5.31,-0.32953,0.274,0.360,0.000,-0.8558,-0.8625,TRACKING,R+C
1787297576.584,11.4,0.000,0.637,0.662,0.4467,-0.1500,5.05,-0.30539,0.276,0.360,0.000,-0.8321,-0.8375,TRACKING,R+C
1787297576.657,11.4,0.000,0.641,0.663,0.4467,-0.1489,2.16,-0.45761,0.263,0.360,0.000,-0.8558,-0.8525,TRACKING,R+C
1787297576.726,12.5,0.000,0.642,0.664,0.4467,-0.1476,-1.00,-0.63450,0.249,0.360,0.000,-0.9202,-0.9080,TRACKING,R+C
1787297576.802,12.5,0.000,0.641,0.664,0.4467,-0.1444,-3.54,-0.78022,0.240,0.360,0.000,-0.9404,-0.9346,TRACKING,R+C
1787297576.894,12.5,0.268,0.642,0.665,0.5195,-0.1404,-5.18,-0.85948,0.240,0.360,0.000,-0.9120,-0.9160,TRACKING,L+C+R_fused
1787297576.973,12.5,0.000,0.642,0.666,0.5195,-0.1636,-16.33,-1.29312,0.240,0.360,0.000,-0.9090,-0.9102,TRACKING,R+C
1787297577.049,12.5,0.000,0.641,0.665,0.5195,-0.1638,-19.78,-1.40882,0.240,0.360,0.000,-0.8759,-0.8821,TRACKING,R+C
1787297577.124,12.5,0.000,0.642,0.666,0.5195,-0.1517,-20.58,-1.51462,0.240,0.360,0.000,-0.8291,-0.8386,TRACKING,R+C
1787297577.196,12.5,0.000,0.643,0.666,0.5195,-0.1388,-21.16,-1.63551,0.240,0.360,0.000,-0.7844,-0.7941,TRACKING,R+C
1787297577.267,12.5,0.000,0.642,0.665,0.5195,-0.1255,-21.34,-1.75827,0.240,0.360,0.000,-0.7429,-0.7521,TRACKING,R+C
1787297577.340,12.5,0.000,0.644,0.668,0.5195,-0.1113,-20.81,-1.87216,0.240,0.360,0.000,-0.7059,-0.7142,TRACKING,R+C
1787297577.408,12.5,0.000,0.649,0.670,0.5195,-0.0964,-20.61,-2.05664,0.240,0.360,0.000,-0.6756,-0.6825,TRACKING,R+C
1787297577.479,12.5,0.000,0.645,0.671,0.5195,-0.0837,-21.18,-2.21644,0.240,0.360,0.000,-0.6352,-0.6437,TRACKING,R+C
1787297577.548,12.5,0.000,0.634,0.672,0.5195,-0.0755,-26.04,-2.38876,0.240,0.360,0.000,-0.5465,-0.5640,TRACKING,R+C
1787297577.621,12.5,0.000,0.636,0.674,0.5195,-0.0683,-31.03,-2.44950,0.240,0.360,0.000,-0.4398,-0.4621,TRACKING,R+C
1787297577.686,12.5,0.000,0.636,0.675,0.5195,-0.0938,-40.25,-2.10878,0.240,0.360,0.000,-0.3035,-0.3321,TRACKING,R+C
1787297577.752,13.6,0.000,0.639,0.672,0.5195,-0.1404,-50.49,-1.52323,0.240,0.360,0.000,-0.2308,-0.2491,TRACKING,R+C
1787297577.827,13.6,0.000,0.636,0.673,0.5195,-0.1339,-51.12,-1.50699,0.240,0.360,0.000,-0.1718,-0.1857,TRACKING,R+C
1787297577.895,13.6,0.000,0.636,0.676,0.5195,-0.1222,-50.72,-1.55318,0.240,0.360,0.000,-0.1241,-0.1352,TRACKING,R+C
1787297577.965,13.6,0.000,0.635,0.673,0.5195,-0.1090,-49.57,-1.64228,0.240,0.360,0.000,-0.0949,-0.1021,TRACKING,R+C
1787297578.035,13.6,0.000,0.637,0.673,0.5195,-0.0924,-47.20,-1.81450,0.240,0.360,0.000,-0.0925,-0.0942,TRACKING,R+C
1787297578.106,13.6,0.000,0.640,0.672,0.5195,-0.0719,-42.76,-2.11252,0.240,0.360,0.000,-0.1282,-0.1221,TRACKING,R+C
1787297578.175,13.6,0.000,0.643,0.671,0.5195,-0.0516,-36.67,-2.47183,0.240,0.360,0.000,-0.2715,-0.2446,TRACKING,R+C
1787297578.242,13.6,0.000,0.634,0.670,0.5195,-0.0411,-33.28,-2.61553,0.240,0.360,0.000,-0.2926,-0.2840,TRACKING,R+C
1787297578.316,13.6,0.000,0.628,0.670,0.5195,-0.0365,-33.88,-2.60426,0.240,0.360,0.000,-0.2500,-0.2561,TRACKING,R+C
1787297578.414,13.6,0.648,0.629,0.671,0.2800,-0.0284,-31.83,-2.68140,0.240,0.360,0.000,-0.2478,-0.2493,TRACKING,L+C+R_fused
1787297578.510,13.6,0.647,0.636,0.667,0.3577,-0.1061,-45.59,-1.83495,0.240,0.360,0.000,-0.2092,-0.2164,TRACKING,L+C+R_fused
1787297578.602,13.6,0.263,0.636,0.665,0.5864,-0.0976,-41.20,-2.02147,0.240,0.360,0.000,-0.2821,-0.2702,TRACKING,L+C+R_fused
1787297578.682,13.6,0.000,0.638,0.664,0.5864,-0.0802,-34.03,-2.29503,0.240,0.360,0.000,-0.4161,-0.3898,TRACKING,R+C
1787297578.754,13.0,0.000,0.639,0.663,0.5864,-0.0660,-25.30,-2.42681,0.240,0.360,0.000,-0.5109,-0.4891,TRACKING,R+C
1787297578.826,13.0,0.000,0.635,0.663,0.5864,-0.0567,-16.57,-2.25566,0.240,0.360,0.000,-0.5747,-0.5593,TRACKING,R+C
1787297578.897,13.0,0.000,0.641,0.662,0.5864,-0.0526,-9.46,-1.89684,0.240,0.360,0.000,-0.6130,-0.6033,TRACKING,R+C
1787297579.005,13.0,0.645,0.644,0.664,0.3342,-0.0518,-4.52,-1.55390,0.240,0.360,0.000,-0.6376,-0.6314,TRACKING,L+C+R_fused
1787297579.075,13.0,0.000,0.644,0.637,0.3342,-0.0535,-1.20,-1.29893,0.240,0.360,0.000,-0.6635,-0.6577,TRACKING,R+C
1787297579.160,13.0,0.584,0.647,0.656,0.3342,-0.0555,2.42,-1.02363,0.240,0.360,0.000,-0.6933,-0.6869,TRACKING,L+C+R_fused
1787297579.234,13.0,0.000,0.646,0.658,0.3342,-0.0769,-1.68,-1.17170,0.240,0.360,0.000,-0.7492,-0.7380,TRACKING,R+C
1787297579.308,13.0,0.000,0.647,0.656,0.3342,-0.0862,-2.69,-1.21713,0.240,0.360,0.000,-0.7859,-0.7772,TRACKING,R+C
1787297579.387,13.0,0.000,0.646,0.656,0.3342,-0.0876,-0.46,-1.10902,0.240,0.360,0.000,-0.8145,-0.8078,TRACKING,R+C
1787297579.461,13.0,0.000,0.645,0.656,0.3342,-0.0877,2.12,-0.96424,0.240,0.360,0.000,-0.8357,-0.8307,TRACKING,R+C
1787297579.535,13.0,0.000,0.645,0.657,0.3342,-0.0886,4.11,-0.83663,0.240,0.360,0.000,-0.8525,-0.8486,TRACKING,R+C
1787297579.635,13.0,0.646,0.646,0.658,0.4066,-0.0904,5.54,-0.73720,0.241,0.360,0.000,-0.8621,-0.8596,TRACKING,L+C+R_fused
1787297579.734,13.0,0.647,0.647,0.655,0.3959,-0.0929,6.20,-0.68569,0.245,0.360,0.000,-0.8547,-0.8556,TRACKING,L+C+R_fused
1787297579.810,12.3,0.000,0.648,0.653,0.3959,-0.0956,6.47,-0.66521,0.247,0.360,0.000,-0.8590,-0.8584,TRACKING,R+C
1787297579.915,12.3,0.655,0.651,0.657,0.4347,-0.0974,7.17,-0.61655,0.251,0.360,0.000,-0.8505,-0.8519,TRACKING,L+C+R_fused
1787297579.987,12.3,0.000,0.650,0.645,0.4347,-0.1138,2.64,-0.84946,0.240,0.360,0.000,-0.9363,-0.9211,TRACKING,R+C
1787297580.083,12.3,0.651,0.649,0.658,0.4191,-0.1201,1.16,-0.93676,0.240,0.360,0.000,-0.9534,-0.9476,TRACKING,L+C+R_fused
1787297580.156,12.3,0.000,0.649,0.334,0.4191,-0.1194,2.49,-0.86696,0.240,0.360,0.000,-0.9597,-0.9575,TRACKING,R+C
1787297580.229,12.3,0.000,0.648,0.657,0.4191,-0.1177,4.14,-0.76858,0.240,0.360,0.000,-0.9621,-0.9613,TRACKING,R+C
1787297580.311,12.3,0.000,0.648,0.659,0.4191,-0.1166,5.40,-0.68169,0.245,0.360,0.000,-0.9343,-0.9392,TRACKING,R+C
1787297580.420,12.3,0.650,0.649,0.658,0.4089,-0.1164,6.03,-0.63418,0.249,0.360,0.000,-0.9158,-0.9200,TRACKING,L+C+R_fused
1787297580.492,12.3,0.000,0.649,0.659,0.4089,-0.1166,6.01,-0.62760,0.250,0.360,0.000,-0.9123,-0.9137,TRACKING,R+C
1787297580.591,12.3,0.652,0.650,0.659,0.4987,-0.1167,5.95,-0.62459,0.250,0.360,0.000,-0.9102,-0.9108,TRACKING,L+C+R_fused
1787297580.669,12.3,0.000,0.651,0.658,0.4987,-0.1163,6.45,-0.57835,0.254,0.360,0.000,-0.8902,-0.8939,TRACKING,R+C
1787297580.757,12.3,0.000,0.652,0.659,0.4987,-0.1186,6.25,-0.56653,0.255,0.360,0.000,-0.8886,-0.8895,TRACKING,R+C
1787297580.850,11.5,0.651,0.652,0.658,0.4291,-0.1258,3.88,-0.68520,0.245,0.360,0.000,-0.9465,-0.9362,TRACKING,L+C+R_fused
1787297580.956,11.5,0.651,0.651,0.659,0.4532,-0.1263,3.77,-0.69730,0.244,0.360,0.000,-0.9537,-0.9506,TRACKING,L+C+R_fused
1787297581.058,11.5,0.650,0.649,0.657,0.4137,-0.1248,4.61,-0.64785,0.248,0.360,0.000,-0.9323,-0.9356,TRACKING,L+C+R_fused
1787297581.132,11.5,0.000,0.650,0.660,0.4137,-0.1242,5.26,-0.59420,0.252,0.360,0.000,-0.9093,-0.9140,TRACKING,R+C
1787297581.234,11.5,0.655,0.650,0.628,0.4972,-0.1237,5.58,-0.55605,0.256,0.360,0.000,-0.8908,-0.8950,TRACKING,L+C+R_fused
1787297581.335,11.5,0.654,0.650,0.634,0.5107,-0.1242,5.19,-0.55894,0.255,0.360,0.000,-0.8878,-0.8891,TRACKING,L+C+R_fused
1787297581.407,11.5,0.000,0.650,0.640,0.5107,-0.1246,4.09,-0.61873,0.251,0.360,0.000,-0.9061,-0.9030,TRACKING,R+C
1787297581.485,11.5,0.000,0.652,0.645,0.5107,-0.1239,3.50,-0.64189,0.249,0.360,0.000,-0.9069,-0.9062,TRACKING,R+C
1787297581.556,11.5,0.000,0.650,0.650,0.5107,-0.1403,-3.11,-0.97166,0.240,0.360,0.000,-0.9690,-0.9577,TRACKING,R+C
1787297581.626,11.5,0.000,0.650,0.662,0.5107,-0.1448,-6.15,-1.15100,0.240,0.360,0.000,-0.9721,-0.9695,TRACKING,R+C
1787297581.722,11.5,0.293,0.649,0.796,0.5356,-0.1406,-5.66,-1.15853,0.240,0.360,0.000,-0.9649,-0.9657,TRACKING,L+C+R_fused
1787297581.806,11.5,0.000,0.646,0.662,0.5356,-0.1326,-3.56,-1.08675,0.240,0.360,0.000,-0.9530,-0.9553,TRACKING,R+C
1787297581.887,11.6,0.000,0.644,0.658,0.5356,-0.1260,-1.66,-0.98625,0.240,0.360,0.000,-0.9388,-0.9418,TRACKING,R+C
1787297581.958,11.6,0.000,0.645,0.661,0.5356,-0.1201,-0.27,-0.89062,0.240,0.360,0.000,-0.9191,-0.9232,TRACKING,R+C
1787297582.031,11.6,0.000,0.647,0.661,0.5356,-0.1155,0.33,-0.84081,0.240,0.360,0.000,-0.9004,-0.9045,TRACKING,R+C
1787297582.106,11.6,0.000,0.647,0.662,0.5356,-0.1119,0.04,-0.84782,0.240,0.360,0.000,-0.8808,-0.8851,TRACKING,R+C
1787297582.182,11.6,0.000,0.647,0.663,0.5356,-0.1084,-0.74,-0.89373,0.240,0.360,0.000,-0.8602,-0.8647,TRACKING,R+C
1787297582.252,11.6,0.000,0.647,0.660,0.5356,-0.1028,-0.57,-0.88447,0.240,0.360,0.000,-0.8354,-0.8407,TRACKING,R+C
1787297582.323,11.6,0.000,0.647,0.661,0.5356,-0.1282,-10.32,-1.29027,0.240,0.360,0.000,-0.8555,-0.8529,TRACKING,R+C
1787297582.391,11.6,0.000,0.646,0.659,0.5356,-0.1325,-13.30,-1.40524,0.240,0.360,0.000,-0.8457,-0.8470,TRACKING,R+C
1787297582.467,11.6,0.000,0.645,0.662,0.5356,-0.1276,-13.54,-1.46161,0.240,0.360,0.000,-0.8306,-0.8336,TRACKING,R+C
1787297582.542,11.6,0.000,0.645,0.660,0.5356,-0.1168,-11.58,-1.46159,0.240,0.360,0.000,-0.8151,-0.8184,TRACKING,R+C
1787297582.619,11.6,0.000,0.643,0.663,0.5356,-0.1044,-8.73,-1.41212,0.240,0.360,0.000,-0.7976,-0.8013,TRACKING,R+C
1787297582.716,11.6,0.307,0.641,0.661,0.2796,-0.0935,-5.83,-1.29476,0.240,0.360,0.000,-0.7747,-0.7795,TRACKING,L+C+R_fused
1787297582.789,11.6,0.000,0.637,0.653,0.2796,-0.0845,-3.53,-1.15169,0.240,0.360,0.000,-0.7443,-0.7506,TRACKING,R+C
1787297582.865,11.6,0.000,0.642,0.647,0.2796,-0.0782,-2.70,-1.07665,0.240,0.360,0.000,-0.7114,-0.7184,TRACKING,R+C
1787297582.932,13.4,0.000,0.643,0.668,0.2796,-0.0733,-2.83,-1.06588,0.240,0.360,0.000,-0.6796,-0.6866,TRACKING,R+C
1787297582.998,13.4,0.000,0.644,0.288,0.2796,-0.0681,-2.39,-1.02747,0.240,0.360,0.000,-0.6515,-0.6579,TRACKING,R+C
1787297583.063,13.4,0.000,0.647,0.641,0.2796,-0.0627,-0.99,-0.92080,0.240,0.360,0.000,-0.6284,-0.6337,TRACKING,R+C
1787297583.140,13.4,0.000,0.648,0.657,0.2796,-0.0858,-8.75,-1.20832,0.240,0.360,0.000,-0.6484,-0.6458,TRACKING,R+C
1787297583.219,13.4,0.000,0.647,0.661,0.2796,-0.0835,-8.69,-1.19033,0.240,0.360,0.000,-0.6325,-0.6349,TRACKING,R+C
1787297583.289,13.4,0.000,0.646,0.665,0.2796,-0.0762,-7.16,-1.14774,0.240,0.360,0.000,-0.6152,-0.6187,TRACKING,R+C
1787297583.368,13.4,0.000,0.643,0.675,0.2796,-0.0679,-5.44,-1.12527,0.240,0.360,0.000,-0.6022,-0.6051,TRACKING,R+C
1787297583.467,13.4,0.647,0.643,0.661,0.3200,-0.0608,-3.32,-1.02334,0.240,0.360,0.000,-0.5863,-0.5897,TRACKING,L+C+R_fused
1787297583.539,13.4,0.000,0.645,0.654,0.3200,-0.0545,-0.72,-0.81524,0.240,0.360,0.000,-0.5612,-0.5663,TRACKING,R+C
1787297583.610,13.4,0.000,0.647,0.663,0.3200,-0.0498,1.00,-0.64437,0.248,0.360,0.000,-0.5036,-0.5148,TRACKING,R+C
1787297583.681,13.4,0.000,0.649,0.656,0.3200,-0.0459,2.65,-0.47280,0.262,0.360,0.000,-0.4300,-0.4453,TRACKING,R+C
1787297583.767,13.4,0.266,0.652,0.672,0.5786,-0.0424,4.28,-0.30740,0.275,0.360,0.000,-0.3833,-0.3945,TRACKING,L+C+R_fused
1787297583.852,13.4,0.578,0.654,0.662,0.3116,-0.0394,5.47,-0.18258,0.285,0.360,0.000,-0.3496,-0.3576,TRACKING,L+C+R_fused
1787297583.925,13.4,0.000,0.651,0.660,0.3116,-0.0378,6.00,-0.09847,0.292,0.360,0.000,-0.3246,-0.3305,TRACKING,R+C
1787297584.022,12.9,0.649,0.649,0.660,0.3057,-0.0366,6.23,-0.04053,0.297,0.360,0.000,-0.3230,-0.3243,TRACKING,L+C+R_fused
1787297584.120,12.9,0.646,0.646,0.658,0.3026,-0.0361,6.20,0.00039,0.300,0.360,0.000,-0.3049,-0.3084,TRACKING,L+C+R_fused
1787297584.207,12.9,0.268,0.646,0.670,0.5448,-0.0362,5.82,0.00819,0.299,0.360,0.000,-0.2960,-0.2982,TRACKING,L+C+R_fused
1787297584.301,12.9,0.647,0.647,0.668,0.3002,-0.0365,5.20,-0.00820,0.299,0.360,0.000,-0.2863,-0.2884,TRACKING,L+C+R_fused
1787297584.373,12.9,0.000,0.650,0.680,0.3002,-0.0360,5.07,0.00078,0.300,0.435,0.000,-0.2784,-0.2802,TRACKING,R+C
1787297584.471,12.9,0.650,0.650,0.678,0.3018,-0.0363,4.64,-0.00409,0.300,0.493,0.000,-0.2708,-0.2725,TRACKING,L+C+R_fused
1787297584.569,12.9,0.654,0.654,0.668,0.2974,-0.0358,4.99,0.05549,0.296,0.539,0.000,-0.2609,-0.2630,TRACKING,L+C+R_fused
1787297584.637,12.9,0.000,0.653,0.677,0.2974,-0.0369,4.20,0.05583,0.296,0.574,0.000,-0.2578,-0.2587,TRACKING,R+C
1787297584.709,12.9,0.000,0.652,0.678,0.2974,-0.0367,3.60,0.06099,0.295,0.602,0.000,-0.2417,-0.2448,TRACKING,R+C
1787297584.825,12.9,0.648,0.648,0.678,0.2875,-0.0349,3.10,0.06690,0.295,0.623,0.000,-0.2160,-0.2212,TRACKING,L+C+R_fused
1787297584.920,12.9,0.648,0.648,0.667,0.2194,-0.0288,2.61,0.10356,0.292,0.640,0.000,-0.1748,-0.1832,TRACKING,L+C+R_fused
1787297584.992,12.9,0.000,0.652,0.652,0.2194,-0.0208,1.68,0.10887,0.291,0.653,0.000,-0.1163,-0.1284,TRACKING,R+C
1787297585.057,11.6,0.000,0.660,0.248,0.2194,-0.0125,0.28,0.07913,0.294,0.664,0.000,-0.0502,-0.0643,TRACKING,R+C
1787297585.145,11.6,0.672,0.663,0.000,0.2194,0.0027,0.99,0.15415,0.288,0.672,0.000,0.0182,0.0034,TRACKING,L+C
1787297585.241,11.6,0.679,0.665,0.318,0.4587,0.0160,0.62,0.18532,0.285,0.744,0.000,0.0990,0.0818,TRACKING,L+C+R_fused
1787297585.327,11.6,0.656,0.700,0.249,0.2393,0.0309,-0.18,0.19049,0.285,0.800,0.000,0.1915,0.1718,TRACKING,L+C+R_fused
1787297585.413,11.6,0.655,0.694,0.646,0.6886,0.0463,-0.76,0.27124,0.278,0.770,0.000,0.3059,0.2817,TRACKING,L+C+R_fused
1787297585.479,11.6,0.655,0.694,0.646,0.6886,0.0408,-0.66,0.23869,0.278,0.749,0.000,0.3059,0.3015,TRACKING,prediction
1787297585.548,11.6,0.655,0.694,0.646,0.6886,0.0359,-0.58,0.21005,0.278,0.734,0.000,0.3059,0.3051,TRACKING,prediction
1787297585.620,11.6,0.655,0.694,0.646,0.6886,0.0316,-0.51,0.18484,0.278,0.724,0.000,0.3059,0.3057,TRACKING,prediction
1787297585.691,11.6,0.655,0.694,0.646,0.6886,0.0278,-0.45,0.16266,0.278,0.717,0.000,0.3059,0.3058,TRACKING,prediction
1787297585.762,11.6,0.672,0.739,0.000,0.6886,0.1535,-2.72,8.74674,0.240,0.538,0.000,1.0000,0.8750,TRACKING,L+C
1787297585.874,11.6,0.668,0.667,0.356,0.2231,-0.2289,-11.35,0.63576,0.249,0.449,0.000,-0.8126,0.0550,TRACKING,L+C+R_fused
1787297585.976,11.6,0.665,0.710,0.512,0.3637,-0.2148,-12.58,0.58914,0.253,0.405,0.000,-0.7252,-0.5847,TRACKING,L+C+R_fused
1787297586.072,11.8,0.662,0.667,0.666,0.3489,-0.2025,-14.46,0.44882,0.264,0.382,0.000,-0.6525,-0.6403,TRACKING,L+C+R_fused
1787297586.168,11.8,0.661,0.671,0.366,0.3338,-0.1876,-15.38,0.36111,0.271,0.371,0.000,-0.5539,-0.5694,TRACKING,L+C+R_fused
1787297586.264,11.8,0.660,0.695,0.368,0.3024,-0.1724,-16.18,0.30788,0.275,0.366,0.000,-0.4004,-0.4308,TRACKING,L+C+R_fused
1787297586.357,11.8,0.661,0.893,0.656,0.0314,-0.1542,-16.79,0.27235,0.278,0.363,0.000,-0.2969,-0.3210,TRACKING,L+C+R_fused
1787297586.469,11.8,0.657,0.659,0.282,0.2414,-0.0508,-11.12,0.68861,0.245,0.361,0.000,0.1767,0.0871,TRACKING,L+C+R_fused
1787297586.574,11.8,0.656,0.673,0.657,0.0031,-0.0384,-12.78,0.58823,0.253,0.361,0.000,0.2658,0.2337,TRACKING,L+C+R_fused
1787297586.671,11.8,0.000,0.655,0.656,0.0031,0.0507,-19.02,0.13529,0.289,0.360,0.000,0.6602,0.5835,TRACKING,R+C
1787297586.752,11.8,0.000,0.657,0.657,0.0031,0.0602,-19.54,0.06211,0.295,0.360,0.000,0.6698,0.6543,TRACKING,R+C
1787297586.825,11.8,0.000,0.660,0.655,0.0031,0.0743,-21.72,-0.13941,0.289,0.360,0.000,0.7490,0.7319,TRACKING,R+C
1787297586.900,11.8,0.000,0.660,0.657,0.0031,0.0889,-23.53,-0.31059,0.275,0.360,0.000,0.8221,0.8058,TRACKING,R+C
1787297586.975,11.8,0.000,0.661,0.659,0.0031,0.1043,-24.29,-0.41691,0.267,0.360,0.000,0.9086,0.8901,TRACKING,R+C
1787297587.047,11.8,0.000,0.662,0.663,0.0031,0.1196,-25.28,-0.55225,0.256,0.360,0.000,0.9609,0.9481,TRACKING,R+C
1787297587.120,11.4,0.000,0.667,0.667,0.0031,0.1353,-25.08,-0.63985,0.249,0.360,0.000,1.0000,0.9907,TRACKING,R+C
1787297587.184,11.4,0.000,0.678,0.683,0.0031,0.1484,-24.48,-0.69967,0.244,0.360,0.000,1.0000,0.9983,TRACKING,R+C
1787297587.250,11.4,0.000,0.682,0.696,0.0031,0.1583,-24.04,-0.75297,0.240,0.360,0.000,1.0000,0.9997,TRACKING,R+C
1787297587.317,11.4,0.000,0.678,0.695,0.0031,0.1654,-23.81,-0.79915,0.240,0.360,0.000,1.0000,0.9999,TRACKING,R+C
1787297587.376,11.4,0.000,0.666,0.688,0.0031,0.1698,-23.98,-0.84598,0.240,0.360,0.000,1.0000,1.0000,TRACKING,R+C
1787297587.433,11.4,0.000,0.657,0.672,0.0031,0.1553,-29.34,-0.98428,0.240,0.360,0.000,1.0000,1.0000,TRACKING,R+C
1787297587.490,11.4,0.000,0.346,0.317,0.0031,0.2062,-17.58,-0.79149,0.240,0.360,0.000,1.0000,1.0000,TRACKING,R+C
1787297587.544,11.4,0.000,0.346,0.317,0.0031,0.1815,-15.47,-0.69651,0.240,0.360,0.000,1.0000,1.0000,TRACKING,prediction
1787297587.592,11.4,0.000,0.346,0.317,0.0031,0.1597,-13.62,-0.61293,0.240,0.360,0.000,1.0000,1.0000,TRACKING,prediction
1787297587.637,11.4,0.000,0.346,0.317,0.0031,0.1405,-11.98,-0.53938,0.240,0.360,0.000,1.0000,1.0000,TRACKING,prediction
1787297587.681,11.4,0.000,0.346,0.317,0.0031,0.1237,-10.55,-0.47465,0.240,0.360,0.000,1.0000,1.0000,TRACKING,prediction
1787297587.728,11.4,0.000,0.346,0.317,0.0031,0.1088,-9.28,-0.41770,0.240,0.360,0.000,1.0000,1.0000,TRACKING,prediction
1787297587.772,11.4,0.000,0.346,0.317,0.0031,0.0958,-8.17,-0.36757,0.240,0.360,0.000,1.0000,1.0000,TRACKING,prediction
1787297587.828,11.4,0.000,0.000,0.682,0.0031,-0.0482,-20.76,-0.58853,0.253,0.360,0.000,0.0937,0.2568,TRACKING,R_only
1787297587.889,11.4,0.000,0.000,0.658,0.0031,-0.0546,-16.88,-0.36529,0.271,0.360,0.000,0.0738,0.1068,TRACKING,R_only
1787297587.951,11.4,0.000,0.000,0.656,0.0031,-0.1103,-12.94,0.02095,0.298,0.360,0.000,-0.2036,-0.1477,TRACKING,R_only
1787297588.027,11.4,0.000,0.683,0.682,0.0031,0.0419,-13.23,0.06511,0.295,0.360,0.000,0.4805,0.3674,TRACKING,R+C
1787297588.092,11.4,0.000,0.703,0.753,0.0031,0.0249,-10.94,0.27628,0.278,0.360,0.000,0.4449,0.4309,TRACKING,R+C
1787297588.198,16.7,0.750,0.753,0.661,0.2534,-0.0713,-12.96,0.25809,0.279,0.360,0.000,0.0164,0.0910,TRACKING,L+C+R_fused
1787297588.312,16.7,0.739,0.749,0.658,0.2947,-0.1548,-12.52,0.36586,0.271,0.360,0.000,-0.4110,-0.3206,TRACKING,L+C+R_fused
1787297588.407,16.7,0.669,0.655,0.000,0.2947,0.0808,-3.69,0.53505,0.257,0.360,0.000,0.6650,0.4876,TRACKING,L+C
1787297588.496,16.7,0.660,0.658,0.645,0.2225,0.0904,9.61,1.44269,0.240,0.360,0.000,0.7128,0.6722,TRACKING,L+C+R_fused
1787297588.582,16.7,0.668,0.671,0.666,0.3917,0.1169,27.11,1.97139,0.240,0.360,0.000,0.6460,0.6507,TRACKING,L+C+R_fused
1787297588.675,16.7,0.000,0.643,0.506,0.3917,-0.0294,-4.60,-0.00461,0.300,0.360,0.000,-0.0200,0.1008,TRACKING,R+C
1787297588.779,16.7,0.646,0.646,0.652,0.1762,-0.0339,-4.06,-0.00441,0.300,0.360,0.000,-0.0534,-0.0256,TRACKING,L+C+R_fused
1787297588.869,16.7,0.649,0.649,0.673,0.1873,-0.0381,-3.32,0.01989,0.298,0.360,0.000,-0.0853,-0.0746,TRACKING,L+C+R_fused
1787297588.961,16.7,0.463,0.652,0.666,0.5580,-0.0400,-2.68,0.04984,0.296,0.360,0.000,-0.1046,-0.0992,TRACKING,L+C+R_fused
1787297589.053,16.7,0.652,0.652,0.673,0.2204,-0.0406,-2.15,0.08287,0.293,0.360,0.000,-0.1251,-0.1204,TRACKING,L+C+R_fused
1787297589.141,16.7,0.651,0.651,0.662,0.2796,-0.0344,-0.28,0.19159,0.285,0.360,0.000,-0.1264,-0.1253,TRACKING,L+C+R_fused
1787297589.213,10.8,0.000,0.650,0.672,0.2796,-0.0307,-0.30,0.21508,0.283,0.360,0.000,-0.1046,-0.1083,TRACKING,R+C
1787297589.286,10.8,0.000,0.649,0.669,0.2796,-0.0264,-0.72,0.22441,0.282,0.360,0.000,-0.0719,-0.0784,TRACKING,R+C
1787297589.354,10.8,0.000,0.645,0.289,0.2796,-0.0227,-1.44,0.20095,0.284,0.360,0.000,-0.0397,-0.0467,TRACKING,R+C
1787297589.408,10.8,0.000,0.644,0.000,0.2796,-0.0178,-2.36,0.15386,0.288,0.435,0.000,-0.0021,-0.0102,TRACKING,CENTER_LOCKED
1787297589.460,10.8,0.000,0.644,0.000,0.2796,-0.0107,-2.49,0.19544,0.284,0.493,0.000,0.0437,0.0340,TRACKING,CENTER_LOCKED
1787297589.511,10.8,0.000,0.645,0.000,0.2796,-0.0045,-2.66,0.22004,0.282,0.539,0.000,0.0845,0.0754,TRACKING,CENTER_LOCKED
1787297589.595,10.8,0.671,0.647,0.330,0.4434,0.0022,-3.04,0.22856,0.282,0.574,0.000,0.1294,0.1197,TRACKING,L+C+R_fused
1787297589.683,10.8,0.672,0.648,0.261,0.5247,0.0102,-3.59,0.22077,0.282,0.602,0.000,0.1799,0.1690,TRACKING,L+C+R_fused
1787297589.762,10.8,0.664,0.655,0.000,0.5247,0.0202,-4.54,0.18693,0.285,0.623,0.000,0.2407,0.2278,TRACKING,L+C
1787297589.850,10.8,0.659,0.654,0.256,0.5682,0.0358,-3.51,0.25054,0.280,0.640,0.000,0.3120,0.2969,TRACKING,L+C+R_fused
1787297589.940,10.8,0.656,0.663,0.287,0.5440,0.0499,-3.73,0.27408,0.278,0.653,0.000,0.3929,0.3756,TRACKING,L+C+R_fused
1787297590.017,10.8,0.654,0.711,0.000,0.5440,0.0652,-4.36,0.26347,0.279,0.664,0.000,0.4725,0.4550,TRACKING,L+C
1787297590.113,10.8,0.659,0.710,0.667,0.4960,0.0802,-5.15,0.23616,0.281,0.672,0.000,0.5421,0.5264,TRACKING,L+C+R_fused
1787297590.205,10.8,0.653,0.783,0.658,0.4376,0.0966,-5.81,0.20308,0.284,0.678,0.000,0.6067,0.5923,TRACKING,L+C+R_fused
1787297590.276,13.2,0.655,0.778,0.000,0.4376,0.1113,-7.99,0.04362,0.297,0.683,0.000,0.6314,0.6243,TRACKING,L+C
1787297590.352,13.2,0.658,0.721,0.000,0.4376,0.1283,-8.97,-0.06162,0.295,0.687,0.000,0.6968,0.6838,TRACKING,L+C
1787297590.427,13.2,0.661,0.672,0.000,0.4376,0.1439,-10.04,-0.16217,0.287,0.690,0.000,0.7836,0.7656,TRACKING,L+C
1787297590.501,13.2,0.668,0.663,0.000,0.4376,0.1549,-13.05,-0.37074,0.270,0.692,0.000,0.9104,0.8843,TRACKING,L+C
1787297590.600,13.2,0.668,0.666,0.670,0.4295,0.1625,-16.17,-0.54959,0.256,0.694,0.000,0.9670,0.9521,TRACKING,L+C+R_fused
1787297590.694,13.2,0.667,0.665,0.669,0.4040,0.1398,-27.12,-0.92466,0.240,0.527,0.000,1.0000,0.9914,TRACKING,L+C+R_fused
1787297590.787,13.2,0.668,0.669,0.678,0.3990,0.1406,-29.43,-0.98484,0.240,0.443,0.000,1.0000,0.9984,TRACKING,L+C+R_fused
1787297590.853,13.2,0.000,0.668,0.675,0.3990,0.1364,-31.96,-1.00956,0.240,0.402,0.000,1.0000,0.9997,TRACKING,R+C
1787297590.947,13.2,0.670,0.671,0.672,0.3916,0.1400,-31.96,-1.01028,0.240,0.381,0.000,1.0000,0.9999,TRACKING,L+C+R_fused
1787297591.015,13.2,0.000,0.662,0.662,0.3916,0.1487,-29.82,-0.98605,0.240,0.370,0.000,1.0000,1.0000,TRACKING,R+C
1787297591.084,13.2,0.000,0.664,0.663,0.3916,0.1628,-25.86,-0.91546,0.240,0.365,0.000,1.0000,1.0000,TRACKING,R+C
1787297591.180,13.2,0.678,0.663,0.662,0.3902,0.1732,-22.51,-0.83275,0.240,0.363,0.000,1.0000,1.0000,TRACKING,L+C+R_fused
1787297591.252,13.2,0.000,0.665,0.665,0.3902,0.1956,-14.98,-0.56926,0.254,0.361,0.000,1.0000,1.0000,TRACKING,R+C
1787297591.326,12.4,0.000,0.662,0.663,0.3902,0.2125,-8.11,-0.24280,0.281,0.361,0.000,0.9724,0.9774,TRACKING,R+C
1787297591.408,12.4,0.000,0.660,0.660,0.3902,0.2244,-2.43,0.06940,0.294,0.360,0.000,0.9031,0.9165,TRACKING,R+C
1787297591.487,12.4,0.000,0.661,0.664,0.3902,0.2282,1.15,0.29383,0.276,0.360,0.000,0.9685,0.9592,TRACKING,R+C
1787297591.586,12.4,0.683,0.661,0.664,0.3898,0.2280,3.16,0.43272,0.265,0.360,0.000,1.0000,0.9926,TRACKING,L+C+R_fused
1787297591.659,12.4,0.000,0.659,0.664,0.3898,0.2242,3.92,0.50948,0.259,0.360,0.000,1.0000,0.9987,TRACKING,R+C
1787297591.736,12.4,0.000,0.656,0.662,0.3898,0.2195,3.95,0.51498,0.259,0.360,0.000,1.0000,0.9998,TRACKING,R+C
1787297591.813,12.4,0.671,0.648,0.000,0.3898,0.2150,4.48,0.53126,0.257,0.360,0.000,1.0000,1.0000,TRACKING,L+C
1787297591.886,12.4,0.668,0.640,0.000,0.3898,0.2125,6.24,0.60765,0.251,0.360,0.000,1.0000,1.0000,TRACKING,L+C
1787297591.957,12.4,0.670,0.640,0.000,0.3898,0.2110,11.50,0.92072,0.240,0.360,0.000,1.0000,1.0000,TRACKING,L+C
1787297592.029,12.4,0.666,0.640,0.000,0.3898,0.2097,14.59,1.05438,0.240,0.360,0.000,1.0000,1.0000,TRACKING,L+C
1787297592.101,12.4,0.667,0.640,0.000,0.3898,0.2066,17.77,1.20639,0.240,0.360,0.000,1.0000,1.0000,TRACKING,L+C
1787297592.176,12.4,0.669,0.640,0.000,0.3898,0.2015,19.74,1.30960,0.240,0.360,0.000,1.0000,1.0000,TRACKING,L+C
1787297592.270,12.4,0.670,0.644,0.659,0.3913,0.2473,36.00,1.45004,0.240,0.360,0.000,1.0000,1.0000,TRACKING,L+C+R_fused
1787297592.368,12.5,0.674,0.642,0.657,0.3841,0.2543,41.12,1.41842,0.240,0.360,0.000,0.9572,0.9649,TRACKING,L+C+R_fused
1787297592.461,12.5,0.685,0.642,0.000,0.3841,0.2473,43.48,1.42253,0.240,0.360,0.000,0.8964,0.9087,TRACKING,L+C
1787297592.555,12.5,0.671,0.654,0.647,0.3237,0.2424,47.02,1.38152,0.240,0.360,0.000,0.8120,0.8294,TRACKING,L+C+R_fused
1787297592.608,12.5,0.000,0.673,0.000,0.3237,0.2335,49.66,1.33881,0.240,0.360,0.000,0.7143,0.7350,TRACKING,CENTER_LOCKED
1787297592.655,12.5,0.000,0.675,0.000,0.3237,0.2194,51.11,1.33177,0.240,0.360,0.000,0.6158,0.6373,TRACKING,CENTER_LOCKED
1787297592.706,12.5,0.000,0.662,0.000,0.3237,0.2002,51.23,1.38283,0.240,0.360,0.000,0.5299,0.5492,TRACKING,CENTER_LOCKED
1787297592.773,12.5,0.000,0.639,0.671,0.3237,0.1579,45.92,1.73613,0.240,0.360,0.000,0.5041,0.5122,TRACKING,R+C
1787297592.848,12.5,0.000,0.636,0.670,0.3237,0.1218,39.55,2.12663,0.240,0.360,0.000,0.5049,0.5062,TRACKING,R+C
1787297592.936,12.5,0.000,0.636,0.670,0.3237,0.1072,34.80,1.87143,0.240,0.360,0.000,0.5049,0.5051,TRACKING,prediction
1787297593.003,12.5,0.000,0.636,0.670,0.3237,0.0943,30.63,1.64686,0.240,0.360,0.000,0.5049,0.5049,TRACKING,prediction
1787297593.072,12.5,0.000,0.636,0.670,0.3237,0.0830,26.95,1.44924,0.240,0.360,0.000,0.5049,0.5049,TRACKING,prediction
1787297593.148,12.5,0.000,0.636,0.670,0.3237,0.0730,23.72,1.27533,0.240,0.360,0.000,0.5049,0.5049,TRACKING,prediction
1787297593.223,12.5,0.000,0.636,0.670,0.3237,0.0643,20.87,1.12229,0.240,0.360,0.000,0.5049,0.5049,TRACKING,prediction
1787297593.293,12.5,0.000,0.636,0.670,0.3237,0.0565,18.37,0.98761,0.240,0.360,0.000,0.5049,0.5049,TRACKING,prediction
1787297593.361,12.5,0.000,0.636,0.670,0.3237,0.0498,16.16,0.86910,0.240,0.360,0.000,0.5049,0.5049,TRACKING,prediction
1787297593.460,13.7,0.000,0.636,0.670,0.3237,0.0438,14.22,0.76481,0.240,0.360,0.000,0.5049,0.5049,TRACKING,prediction
1787297593.555,13.7,0.000,0.636,0.670,0.3237,0.0385,12.52,0.67303,0.240,0.360,0.000,0.5049,0.5049,TRACKING,prediction
1787297593.619,13.7,0.000,0.636,0.670,0.3237,0.0339,11.01,0.59227,0.240,0.355,0.000,0.5049,0.5049,UNCERTAIN,prediction
1787297593.685,13.7,0.000,0.636,0.670,0.3237,0.0298,9.69,0.52120,0.240,0.344,0.000,0.5049,0.5049,UNCERTAIN,prediction
1787297593.752,13.7,0.000,0.636,0.670,0.3237,0.0263,8.53,0.45865,0.240,0.330,0.000,0.5049,0.5049,UNCERTAIN,prediction
1787297593.821,13.7,0.000,0.636,0.670,0.3237,0.0231,7.51,0.40361,0.240,0.315,0.000,0.5049,0.5049,UNCERTAIN,prediction
1787297593.892,13.7,0.000,0.636,0.670,0.3237,0.0203,6.61,0.35518,0.240,0.300,0.000,0.5049,0.5049,UNCERTAIN,prediction
1787297593.963,13.7,0.000,0.636,0.670,0.3237,0.0179,5.81,0.31256,0.240,0.285,0.000,0.5049,0.5049,UNCERTAIN,prediction
1787297594.089,13.7,0.654,0.653,0.651,0.0012,0.1813,23.85,-0.66378,0.247,0.302,0.000,0.3906,0.4112,TRACKING,L+C+R_fused
1787297594.197,13.7,0.648,0.714,0.646,0.0006,0.1677,25.29,-0.57948,0.254,0.315,0.000,0.2729,0.2978,TRACKING,L+C+R_fused
1787297594.282,13.7,0.000,0.929,0.644,0.0006,0.1487,27.26,-0.42582,0.266,0.325,0.000,0.0331,0.0808,TRACKING,R+C
1787297594.389,13.7,0.000,0.643,0.643,0.0006,0.0408,35.19,0.07827,0.294,0.332,0.000,-0.5469,-0.4339,TRACKING,R+C
1787297594.441,13.7,0.000,0.655,0.000,0.0006,0.0283,37.58,0.25599,0.280,0.338,0.000,-0.6635,-0.6222,TRACKING,CENTER_LOCKED
1787297594.502,12.5,0.000,0.654,0.000,0.0006,0.0155,39.83,0.41008,0.267,0.343,0.000,-0.6940,-0.6810,TRACKING,CENTER_LOCKED
1787297594.577,12.5,0.645,0.672,0.000,0.0006,0.0068,43.47,0.57329,0.254,0.347,0.000,-0.7842,-0.7656,TRACKING,L+C
1787297594.639,12.5,0.653,0.665,0.000,0.0006,0.0038,48.00,0.67445,0.246,0.350,0.000,-0.8039,-0.7970,TRACKING,L+C
1787297594.704,12.5,0.659,0.659,0.000,0.0006,-0.0225,47.81,0.75305,0.240,0.352,0.000,-0.9093,-0.8891,TRACKING,L+C
1787297594.762,12.5,0.662,0.678,0.000,0.0006,-0.0519,46.02,0.83403,0.240,0.354,0.000,-0.9626,-0.9494,TRACKING,L+C
1787297594.821,12.5,0.667,0.657,0.000,0.0006,-0.0864,41.88,0.92031,0.240,0.355,0.000,-1.0000,-0.9909,TRACKING,L+C
1787297594.882,12.5,0.670,0.492,0.000,0.0006,-0.1204,35.15,0.94968,0.240,0.356,0.000,-1.0000,-0.9984,TRACKING,L+C
1787297594.937,12.5,0.000,0.301,0.424,0.0006,-0.1455,27.87,0.85365,0.240,0.357,0.000,-1.0000,-0.9997,TRACKING,R+C
1787297594.995,12.5,0.000,0.301,0.424,0.0006,-0.1281,24.53,0.75121,0.240,0.358,0.000,-1.0000,-0.9999,TRACKING,prediction
1787297595.051,12.5,0.000,0.301,0.424,0.0006,-0.1127,21.58,0.66107,0.240,0.358,0.000,-1.0000,-1.0000,TRACKING,prediction
1787297595.107,12.5,0.000,0.301,0.424,0.0006,-0.0992,18.99,0.58174,0.240,0.359,0.000,-1.0000,-1.0000,TRACKING,prediction
1787297595.165,12.5,0.000,0.301,0.424,0.0006,-0.0873,16.71,0.51193,0.240,0.359,0.000,-1.0000,-1.0000,TRACKING,prediction
1787297595.222,12.5,0.000,0.000,0.417,0.0006,-0.0846,-32.13,-1.27395,0.240,0.359,0.000,-0.0962,-0.2589,TRACKING,R_only
1787297595.280,12.5,0.000,0.000,0.417,0.0006,-0.0745,-28.27,-1.12107,0.240,0.359,0.000,-0.0962,-0.1255,TRACKING,prediction
1787297595.328,12.5,0.000,0.000,0.417,0.0006,-0.0655,-24.88,-0.98654,0.240,0.359,0.000,-0.0962,-0.1015,TRACKING,prediction
1787297595.373,12.5,0.000,0.000,0.417,0.0006,-0.0577,-21.89,-0.86816,0.240,0.360,0.000,-0.0962,-0.0972,TRACKING,prediction
1787297595.413,12.5,0.000,0.000,0.417,0.0006,-0.0507,-19.27,-0.76398,0.240,0.360,0.000,-0.0962,-0.0964,TRACKING,prediction
1787297595.450,12.5,0.000,0.000,0.417,0.0006,-0.0447,-16.95,-0.67230,0.240,0.360,0.000,-0.0962,-0.0963,TRACKING,prediction
1787297595.487,12.5,0.000,0.000,0.417,0.0006,-0.0393,-14.92,-0.59163,0.240,0.360,0.000,-0.0962,-0.0962,TRACKING,prediction
1787297595.531,18.5,0.000,0.000,0.417,0.0006,-0.0346,-13.13,-0.52063,0.240,0.360,0.000,-0.0962,-0.0962,TRACKING,prediction
1787297595.602,18.5,0.705,0.000,0.000,0.0006,0.0463,20.84,0.66943,0.246,0.360,0.000,-0.0908,-0.0918,TRACKING,L_only
1787297595.667,18.5,0.649,0.000,0.000,0.0006,0.0669,21.67,0.49212,0.261,0.360,0.000,-0.0677,-0.0720,TRACKING,L_only
1787297595.753,18.5,0.652,0.653,0.000,0.0006,-0.0831,16.05,0.02272,0.298,0.360,0.000,-0.6597,-0.5539,TRACKING,L+C
1787297595.814,18.5,0.000,0.718,0.000,0.0006,0.0245,8.61,-0.02628,0.298,0.360,0.000,-0.0835,-0.1682,TRACKING,CENTER_LOCKED
1787297595.885,18.5,0.794,0.872,0.800,0.2989,0.0416,6.68,-0.14086,0.289,0.360,0.000,0.0169,-0.0164,TRACKING,L+C+R_fused
1787297595.957,18.5,0.659,0.838,0.000,0.2989,0.0563,4.97,-0.22235,0.282,0.360,0.000,0.1177,0.0936,TRACKING,L+C
1787297596.049,18.5,0.711,0.868,0.822,0.3254,0.0696,3.02,-0.29872,0.276,0.360,0.000,0.2253,0.2016,TRACKING,L+C+R_fused
1787297596.140,18.5,0.669,0.888,0.888,0.2998,0.0819,2.70,-0.29688,0.276,0.360,0.000,0.2948,0.2781,TRACKING,L+C+R_fused
1787297596.240,18.5,0.623,0.960,0.960,0.2140,0.0776,5.69,-0.37315,0.270,0.360,0.000,0.1924,0.2078,TRACKING,L+C+R_fused
1787297596.390,18.5,0.633,0.632,0.642,0.4327,-0.1643,16.51,0.35605,0.272,0.360,0.000,-0.9833,-0.6122,TRACKING,L+C+R_fused
1787297596.477,18.5,0.629,0.630,0.000,0.4327,-0.1581,20.20,0.54335,0.257,0.435,0.000,-1.0000,-0.9302,TRACKING,L+C
1787297596.558,11.7,0.650,0.647,0.713,0.1955,-0.1600,21.19,0.65068,0.248,0.397,0.000,-1.0000,-0.9874,TRACKING,L+C+R_fused
1787297596.631,11.7,0.659,0.659,0.459,0.1955,-0.1594,23.15,0.79006,0.240,0.379,0.000,-1.0000,-0.9977,TRACKING,L+C+R_fused
1787297596.708,11.7,0.651,0.652,0.677,0.2859,-0.1552,24.40,0.83480,0.240,0.369,0.000,-1.0000,-0.9996,TRACKING,L+C+R_fused
1787297596.785,11.7,0.634,0.634,0.441,0.4482,-0.1529,25.39,0.81568,0.240,0.365,0.000,-1.0000,-0.9999,TRACKING,L+C+R_fused
1787297596.857,11.7,0.641,0.639,0.762,0.3586,-0.1497,25.35,0.77147,0.240,0.362,0.000,-1.0000,-1.0000,TRACKING,L+C+R_fused
1787297596.914,11.7,0.650,0.647,0.000,0.3586,-0.1471,26.85,0.82343,0.240,0.361,0.000,-1.0000,-1.0000,TRACKING,L+C
1787297596.987,11.7,0.000,0.636,0.703,0.3586,-0.1512,25.99,0.82517,0.240,0.361,0.000,-1.0000,-1.0000,TRACKING,R+C
1787297597.060,11.7,0.467,0.513,0.344,0.4235,-0.1414,27.21,0.83280,0.240,0.360,0.000,-1.0000,-1.0000,TRACKING,L+C+R_fused
1787297597.133,11.7,0.648,0.475,0.637,0.4235,-0.1442,29.19,0.94027,0.240,0.360,0.000,-1.0000,-1.0000,TRACKING,L+C+R_fused
1787297597.207,11.7,0.635,0.628,0.477,0.4282,-0.1495,27.77,0.91208,0.240,0.360,0.000,-1.0000,-1.0000,TRACKING,L+C+R_fused
1787297597.288,11.7,0.637,0.636,0.617,0.4364,-0.1516,25.02,0.79139,0.240,0.360,0.000,-1.0000,-1.0000,TRACKING,L+C+R_fused
1787297597.366,11.7,0.624,0.627,0.442,0.3237,-0.1486,23.10,0.67642,0.246,0.360,0.000,-1.0000,-1.0000,TRACKING,L+C+R_fused
1787297597.447,11.7,0.628,0.633,0.668,0.3950,-0.1547,18.58,0.46801,0.263,0.360,0.000,-0.9952,-0.9961,TRACKING,L+C+R_fused
1787297597.526,11.7,0.636,0.639,0.669,0.3955,-0.1530,20.04,0.53468,0.257,0.360,0.000,-0.9850,-0.9870,TRACKING,L+C+R_fused
1787297597.607,13.3,0.627,0.628,0.650,0.4035,-0.1540,20.07,0.52036,0.258,0.360,0.000,-0.9851,-0.9854,TRACKING,L+C+R_fused
1787297597.688,13.3,0.635,0.634,0.652,0.4156,-0.1505,22.73,0.65026,0.248,0.360,0.000,-1.0000,-0.9974,TRACKING,L+C+R_fused
1787297597.767,13.3,0.619,0.631,0.654,0.3723,-0.1500,23.74,0.67500,0.246,0.360,0.000,-1.0000,-0.9995,TRACKING,L+C+R_fused
1787297597.846,13.3,0.628,0.639,0.633,0.3531,-0.1480,25.78,0.75966,0.240,0.360,0.000,-1.0000,-0.9999,TRACKING,L+C+R_fused
1787297597.928,13.3,0.638,0.642,0.638,0.3555,-0.1464,26.96,0.79323,0.240,0.360,0.000,-1.0000,-1.0000,TRACKING,L+C+R_fused
1787297598.010,13.3,0.578,0.648,0.627,0.3773,-0.1445,28.17,0.83580,0.240,0.360,0.000,-1.0000,-1.0000,TRACKING,L+C+R_fused
1787297598.091,13.3,0.335,0.635,0.557,0.3976,-0.1382,29.71,0.85781,0.240,0.360,0.000,-1.0000,-1.0000,TRACKING,L+C+R_fused
1787297598.173,13.3,0.389,0.636,0.467,0.3899,-0.1303,31.49,0.87873,0.240,0.360,0.000,-1.0000,-1.0000,TRACKING,L+C+R_fused
1787297598.251,13.3,0.617,0.615,0.000,0.3899,-0.1288,28.81,0.75307,0.240,0.360,0.000,-1.0000,-1.0000,TRACKING,L+C
1787297598.325,13.3,0.617,0.617,0.600,0.4504,-0.1263,27.05,0.63896,0.249,0.360,0.000,-1.0000,-1.0000,TRACKING,L+C+R_fused
1787297598.414,13.3,0.623,0.622,0.709,0.4156,-0.1229,27.03,0.60927,0.251,0.360,0.000,-1.0000,-1.0000,TRACKING,L+C+R_fused
1787297598.506,13.3,0.612,0.622,0.578,0.2689,-0.1217,27.22,0.61946,0.250,0.360,0.000,-1.0000,-1.0000,TRACKING,L+C+R_fused
1787297598.594,13.3,0.633,0.632,0.399,0.3854,-0.1213,27.98,0.68564,0.245,0.360,0.000,-1.0000,-1.0000,TRACKING,L+C+R_fused
1787297598.708,11.8,0.621,0.620,0.274,0.3854,-0.1266,23.28,0.45271,0.264,0.360,0.000,-0.9713,-0.9765,TRACKING,L+C+R_fused
1787297598.842,11.8,0.627,0.628,0.472,0.4030,-0.1282,22.20,0.40691,0.267,0.360,0.000,-0.9491,-0.9540,TRACKING,L+C+R_fused
1787297598.978,11.8,0.624,0.624,0.677,0.4097,-0.1379,18.53,0.24552,0.280,0.360,0.000,-0.9124,-0.9199,TRACKING,L+C+R_fused
1787297599.116,11.8,0.633,0.633,0.631,0.0004,-0.1470,16.01,0.15063,0.288,0.360,0.000,-0.8802,-0.8873,TRACKING,L+C+R_fused
1787297599.225,11.8,0.636,0.636,0.440,0.6267,-0.1490,16.79,0.20148,0.284,0.360,0.000,-0.9082,-0.9044,TRACKING,L+C+R_fused
1787297599.362,11.8,0.625,0.624,0.682,0.4478,-0.1547,16.27,0.23155,0.281,0.360,0.000,-0.9237,-0.9202,TRACKING,L+C+R_fused
1787297599.491,11.8,0.626,0.626,0.289,0.2806,-0.1593,14.20,0.13461,0.289,0.360,0.000,-0.8850,-0.8913,TRACKING,L+C+R_fused
1787297599.586,11.8,0.625,0.625,0.000,0.2806,-0.1605,11.44,-0.03302,0.297,0.360,0.000,-0.8349,-0.8451,TRACKING,L+C
1787297599.651,11.8,0.000,0.629,0.644,0.2806,-0.1559,13.34,0.07948,0.294,0.360,0.000,-0.8512,-0.8501,TRACKING,R+C
1787297599.727,8.8,0.627,0.627,0.667,0.4352,-0.1540,15.34,0.21778,0.283,0.435,0.000,-0.9053,-0.8954,TRACKING,L+C+R_fused
1787297599.811,8.8,0.622,0.623,0.664,0.4548,-0.1494,20.80,0.54151,0.257,0.493,0.000,-0.9857,-0.9695,TRACKING,L+C+R_fused
1787297599.901,8.8,0.000,0.459,0.000,0.4548,0.0730,38.39,2.12767,0.240,0.427,0.000,0.1906,-0.1495,TRACKING,CENTER_LOCKED
1787297599.969,8.8,0.369,0.437,0.356,0.4548,0.0667,31.74,2.35734,0.240,0.393,0.000,0.3826,0.2868,TRACKING,L+C+R_fused
1787297600.049,8.8,0.000,0.319,0.361,0.4548,0.0582,22.94,2.44007,0.240,0.377,0.000,0.5084,0.4685,TRACKING,R+C
1787297600.122,8.8,0.676,0.286,0.358,0.5606,0.0329,6.40,2.03259,0.240,0.368,0.000,0.6007,0.5769,TRACKING,L+C+R_fused
1787297600.210,8.8,0.422,0.466,0.282,0.3930,-0.1115,-48.23,-0.60934,0.251,0.364,0.000,0.2711,0.3262,TRACKING,L+C+R_fused
1787297600.290,8.8,0.422,0.466,0.282,0.3930,-0.0981,-42.44,-0.53622,0.251,0.362,0.000,0.2711,0.2810,TRACKING,prediction
1787297600.360,8.8,0.422,0.466,0.282,0.3930,-0.0864,-37.35,-0.47187,0.251,0.361,0.000,0.2711,0.2729,TRACKING,prediction
1787297600.429,8.8,0.422,0.466,0.282,0.3930,-0.0760,-32.87,-0.41525,0.251,0.361,0.000,0.2711,0.2715,TRACKING,prediction
1787297600.500,8.8,0.422,0.466,0.282,0.3930,-0.0669,-28.92,-0.36542,0.251,0.360,0.000,0.2711,0.2712,TRACKING,prediction
1787297600.564,8.8,0.422,0.466,0.282,0.3930,-0.0589,-25.45,-0.32157,0.251,0.360,0.000,0.2711,0.2711,TRACKING,prediction
1787297600.631,8.8,0.422,0.466,0.282,0.3930,-0.0518,-22.40,-0.28298,0.251,0.360,0.000,0.2711,0.2711,TRACKING,prediction
1787297600.698,8.8,0.287,0.278,0.481,0.4750,0.2953,51.04,1.13918,0.240,0.360,0.000,0.9578,0.8342,TRACKING,L+C+R_fused
1787297600.764,13.5,0.332,0.284,0.423,0.3553,0.2817,49.74,1.20646,0.240,0.360,0.000,0.9393,0.9204,TRACKING,L+C+R_fused
1787297600.832,13.5,0.295,0.618,0.382,0.3507,0.2512,38.03,1.52267,0.240,0.360,0.000,1.0000,0.9857,TRACKING,L+C+R_fused
1787297600.896,13.5,0.000,0.680,0.359,0.3507,0.2308,27.09,1.54529,0.240,0.360,0.000,1.0000,0.9974,TRACKING,R+C
1787297600.966,13.5,0.515,0.681,0.590,0.3280,0.2237,21.25,1.35791,0.240,0.360,0.000,1.0000,0.9995,TRACKING,L+C+R_fused
1787297601.020,13.5,0.000,0.488,0.351,0.3280,0.2097,13.08,1.03707,0.240,0.360,0.000,1.0000,0.9999,TRACKING,R+C
1787297601.078,13.5,0.000,0.515,0.000,0.3280,0.1962,6.12,0.69086,0.245,0.360,0.000,1.0000,1.0000,TRACKING,CENTER_LOCKED
1787297601.147,13.5,0.000,0.629,0.000,0.3280,-0.1884,-3.90,-0.69641,0.244,0.360,0.000,-1.0000,0.1800,TRACKING,CENTER_LOCKED
1787297601.205,13.5,0.641,0.642,0.000,0.3280,-0.1863,-0.24,-0.38691,0.269,0.360,0.000,-0.9051,-0.6400,TRACKING,L+C
1787297601.287,13.5,0.641,0.622,0.656,0.3836,-0.1851,-0.46,-0.43366,0.265,0.360,0.000,-0.9211,-0.8705,TRACKING,L+C+R_fused
1787297601.357,13.5,0.639,0.629,0.387,0.1273,-0.1849,-1.48,-0.51424,0.259,0.360,0.000,-0.9743,-0.9556,TRACKING,L+C+R_fused
1787297601.429,13.5,0.619,0.631,0.328,0.3856,-0.1712,5.17,-0.13988,0.289,0.360,0.000,-0.8233,-0.8471,TRACKING,L+C+R_fused
1787297601.517,13.5,0.622,0.634,0.654,0.3767,-0.1520,10.91,0.09881,0.292,0.360,0.000,-0.8089,-0.8158,TRACKING,L+C+R_fused
1787297601.609,13.5,0.626,0.631,0.646,0.3568,-0.1065,23.48,0.51616,0.259,0.360,0.000,-0.8879,-0.8749,TRACKING,L+C+R_fused
1787297601.698,13.5,0.615,0.623,0.632,0.3378,-0.0792,28.29,0.56781,0.255,0.360,0.000,-0.8810,-0.8799,TRACKING,L+C+R_fused
1787297601.759,13.5,0.000,0.619,0.483,0.3378,-0.0747,26.21,0.39715,0.268,0.360,0.000,-0.8368,-0.8446,TRACKING,R+C
1787297601.849,13.8,0.613,0.617,0.566,0.2244,-0.0338,35.09,0.57113,0.254,0.360,0.000,-0.7813,-0.7927,TRACKING,L+C+R_fused
1787297601.934,13.8,0.611,0.613,0.497,0.2233,-0.0202,37.56,0.57733,0.254,0.360,0.000,-0.7747,-0.7779,TRACKING,L+C+R_fused
1787297602.655,13.8,0.615,0.615,0.405,0.1369,-0.0165,37.61,0.54065,0.257,0.360,0.000,-0.7560,-0.7599,TRACKING,L+C+R_fused
