timestamp,fps,left_conf,center_conf,right_conf,lane_width_m,lateral_error_m,heading_error_deg,curvature,lookahead_m,target_speed,actual_speed,steer_raw,steer_filtered,tracking_state,reconstruction_method
1786981944.125,0.0,0.815,0.909,0.893,0.4480,-0.0169,2.22,-0.58588,0.150,0.400,0.000,-0.4829,-0.5058,TRACKING,L+C+R_fused
1786981944.236,0.0,0.819,0.909,0.894,0.4434,-0.0167,2.60,-0.53252,0.150,0.400,0.000,-0.4854,-0.5080,TRACKING,L+C+R_fused
1786981944.266,0.0,0.817,0.911,0.894,0.4318,-0.0177,2.03,-0.58052,0.150,0.400,0.000,-0.4864,-0.5092,TRACKING,L+C+R_fused
1786981944.304,0.0,0.818,0.910,0.891,0.4426,-0.0163,3.25,-0.43631,0.156,0.400,0.000,-0.4537,-0.4756,TRACKING,L+C+R_fused
1786981944.334,0.0,0.819,0.911,0.890,0.4366,-0.0173,2.18,-0.57669,0.150,0.400,0.000,-0.4855,-0.5083,TRACKING,L+C+R_fused
1786981944.377,0.0,0.816,0.910,0.887,0.4398,-0.0185,1.25,-0.66406,0.150,0.400,0.000,-0.4819,-0.5051,TRACKING,L+C+R_fused
1786981944.437,0.0,0.818,0.911,0.888,0.4367,-0.0180,1.75,-0.60399,0.150,0.400,0.000,-0.4836,-0.5064,TRACKING,L+C+R_fused
1786981944.476,0.0,0.818,0.912,0.886,0.4340,-0.0179,1.78,-0.59860,0.150,0.400,0.000,-0.4821,-0.5048,TRACKING,L+C+R_fused
1786981944.515,0.0,0.818,0.912,0.887,0.4327,-0.0181,1.59,-0.64438,0.150,0.400,0.000,-0.4853,-0.5085,TRACKING,L+C+R_fused
1786981944.549,0.0,0.818,0.912,0.885,0.4305,-0.0155,3.67,-0.40501,0.159,0.400,0.000,-0.4372,-0.4590,TRACKING,L+C+R_fused
1786981944.580,0.0,0.818,0.911,0.886,0.4296,-0.0183,1.24,-0.69738,0.150,0.400,0.000,-0.4829,-0.5065,TRACKING,L+C+R_fused
1786981944.623,0.0,0.818,0.912,0.885,0.4349,-0.0159,3.30,-0.45686,0.154,0.400,0.000,-0.4639,-0.4862,TRACKING,L+C+R_fused
1786981944.657,0.0,0.816,0.911,0.886,0.4297,-0.0171,2.43,-0.53784,0.150,0.400,0.000,-0.4852,-0.5077,TRACKING,L+C+R_fused
1786981944.696,0.0,0.815,0.911,0.886,0.4278,-0.0164,2.96,-0.47345,0.153,0.400,0.000,-0.4706,-0.4927,TRACKING,L+C+R_fused
1786981944.727,0.0,0.818,0.911,0.886,0.4356,-0.0169,2.31,-0.57218,0.150,0.400,0.000,-0.4847,-0.5075,TRACKING,L+C+R_fused
1786981944.769,0.0,0.817,0.912,0.886,0.4359,-0.0162,3.23,-0.44021,0.156,0.400,0.000,-0.4539,-0.4758,TRACKING,L+C+R_fused
1786981944.807,0.0,0.817,0.911,0.886,0.4310,-0.0182,1.46,-0.65135,0.150,0.400,0.000,-0.4834,-0.5066,TRACKING,L+C+R_fused
1786981944.840,0.0,0.816,0.910,0.882,0.4290,-0.0150,4.62,-0.25044,0.175,0.400,0.000,-0.4399,-0.4605,TRACKING,L+C+R_fused
1786981944.869,0.0,0.815,0.911,0.884,0.4481,-0.0162,3.08,-0.47325,0.153,0.400,0.000,-0.4717,-0.4940,TRACKING,L+C+R_fused
1786981944.900,0.0,0.818,0.910,0.883,0.4423,-0.0184,1.14,-0.70020,0.150,0.400,0.000,-0.4817,-0.5053,TRACKING,L+C+R_fused
1786981944.948,0.0,0.824,0.910,0.883,0.4390,-0.0159,3.37,-0.42756,0.157,0.400,0.000,-0.4472,-0.4690,TRACKING,L+C+R_fused
1786981944.991,0.0,0.824,0.912,0.883,0.4385,-0.0177,1.54,-0.69663,0.150,0.400,0.000,-0.4858,-0.5097,TRACKING,L+C+R_fused
1786981945.022,0.0,0.822,0.912,0.882,0.4397,-0.0181,1.23,-0.73131,0.150,0.400,0.000,-0.4853,-0.5094,TRACKING,L+C+R_fused
1786981945.055,23.7,0.824,0.912,0.883,0.4330,-0.0161,3.11,-0.49281,0.151,0.400,0.000,-0.4857,-0.5083,TRACKING,L+C+R_fused
1786981945.082,23.7,0.824,0.912,0.883,0.4322,-0.0160,2.93,-0.53297,0.150,0.400,0.000,-0.4880,-0.5109,TRACKING,L+C+R_fused
1786981945.111,23.7,0.822,0.912,0.883,0.4336,-0.0175,1.96,-0.62740,0.150,0.400,0.000,-0.4886,-0.5120,TRACKING,L+C+R_fused
1786981945.142,23.7,0.822,0.912,0.882,0.4352,-0.0177,1.55,-0.69278,0.150,0.400,0.000,-0.4854,-0.5092,TRACKING,L+C+R_fused
1786981945.178,23.7,0.823,0.912,0.883,0.4371,-0.0172,2.27,-0.58750,0.150,0.400,0.000,-0.4890,-0.5122,TRACKING,L+C+R_fused
1786981945.207,23.7,0.822,0.913,0.886,0.4403,-0.0171,2.29,-0.59189,0.150,0.400,0.000,-0.4885,-0.5117,TRACKING,L+C+R_fused
1786981945.245,23.7,0.823,0.912,0.884,0.4386,-0.0170,2.15,-0.62566,0.150,0.400,0.000,-0.4871,-0.5106,TRACKING,L+C+R_fused
1786981945.281,23.7,0.822,0.912,0.885,0.4372,-0.0171,2.10,-0.62072,0.150,0.400,0.000,-0.4868,-0.5102,TRACKING,L+C+R_fused
1786981945.311,23.7,0.824,0.912,0.885,0.4339,-0.0163,3.23,-0.46701,0.153,0.400,0.000,-0.4737,-0.4962,TRACKING,L+C+R_fused
1786981945.340,23.7,0.825,0.912,0.886,0.4328,-0.0164,2.63,-0.56890,0.150,0.400,0.000,-0.4875,-0.5107,TRACKING,L+C+R_fused
1786981945.380,23.7,0.825,0.912,0.886,0.4313,-0.0184,1.24,-0.70281,0.150,0.400,0.000,-0.4864,-0.5101,TRACKING,L+C+R_fused
1786981945.425,23.7,0.825,0.912,0.885,0.4316,-0.0174,2.48,-0.52895,0.150,0.400,0.000,-0.4909,-0.5135,TRACKING,L+C+R_fused
1786981945.456,23.7,0.823,0.913,0.884,0.4422,-0.0171,2.22,-0.59586,0.150,0.400,0.000,-0.4871,-0.5103,TRACKING,L+C+R_fused
1786981945.485,23.7,0.823,0.913,0.886,0.4344,-0.0159,3.75,-0.36547,0.163,0.400,0.000,-0.4198,-0.4413,TRACKING,L+C+R_fused
1786981945.518,23.7,0.824,0.912,0.886,0.4327,-0.0160,3.55,-0.40094,0.160,0.400,0.000,-0.4371,-0.4588,TRACKING,L+C+R_fused
1786981945.548,23.7,0.822,0.912,0.885,0.4303,-0.0178,2.34,-0.51577,0.150,0.400,0.000,-0.4905,-0.5128,TRACKING,L+C+R_fused
1786981945.578,23.7,0.822,0.912,0.884,0.4343,-0.0152,4.48,-0.26727,0.173,0.400,0.000,-0.4488,-0.4697,TRACKING,L+C+R_fused
1786981945.609,23.7,0.824,0.913,0.887,0.4346,-0.0161,3.64,-0.37133,0.163,0.400,0.000,-0.4225,-0.4440,TRACKING,L+C+R_fused
1786981945.646,23.7,0.824,0.907,0.886,0.4359,-0.0162,2.69,-0.53907,0.150,0.400,0.000,-0.4828,-0.5055,TRACKING,L+C+R_fused
1786981945.678,23.7,0.823,0.907,0.886,0.4353,-0.0179,1.70,-0.63153,0.150,0.400,0.000,-0.4848,-0.5080,TRACKING,L+C+R_fused
1786981945.706,23.7,0.823,0.908,0.887,0.4342,-0.0163,3.20,-0.43717,0.156,0.400,0.000,-0.4527,-0.4746,TRACKING,L+C+R_fused
1786981945.737,23.7,0.378,0.907,0.888,0.3963,-0.0168,3.22,-0.40992,0.159,0.400,0.000,-0.4425,-0.4642,TRACKING,L+C+R_fused
1786981945.770,23.7,0.378,0.907,0.889,0.3954,-0.0184,1.20,-0.69069,0.150,0.400,0.000,-0.4820,-0.5055,TRACKING,L+C+R_fused
1786981945.797,23.7,0.378,0.907,0.888,0.3953,-0.0168,3.11,-0.43001,0.157,0.400,0.000,-0.4517,-0.4735,TRACKING,L+C+R_fused
1786981945.830,23.7,0.377,0.908,0.889,0.3935,-0.0164,3.11,-0.45355,0.155,0.400,0.000,-0.4615,-0.4835,TRACKING,L+C+R_fused
1786981945.856,23.7,0.377,0.908,0.889,0.3931,-0.0180,1.38,-0.69235,0.150,0.400,0.000,-0.4829,-0.5065,TRACKING,L+C+R_fused
1786981945.888,23.7,0.377,0.908,0.890,0.3931,-0.0160,3.57,-0.39127,0.161,0.400,0.000,-0.4315,-0.4531,TRACKING,L+C+R_fused
1786981945.915,23.7,0.377,0.908,0.887,0.3934,-0.0156,4.16,-0.30549,0.169,0.400,0.000,-0.4675,-0.4886,TRACKING,L+C+R_fused
1786981945.944,23.7,0.377,0.908,0.888,0.3937,-0.0169,2.39,-0.56282,0.150,0.400,0.000,-0.4851,-0.5079,TRACKING,L+C+R_fused
1786981945.972,23.7,0.377,0.908,0.889,0.3929,-0.0178,1.94,-0.58817,0.150,0.400,0.000,-0.4863,-0.5091,TRACKING,L+C+R_fused
1786981946.000,23.7,0.377,0.909,0.882,0.3932,-0.0164,2.79,-0.53784,0.150,0.400,0.000,-0.4892,-0.5121,TRACKING,L+C+R_fused
1786981946.030,23.7,0.377,0.909,0.883,0.3933,-0.0180,1.29,-0.70924,0.150,0.400,0.000,-0.4836,-0.5074,TRACKING,L+C+R_fused
1786981946.062,31.8,0.377,0.909,0.882,0.3936,-0.0175,2.04,-0.60782,0.150,0.400,0.000,-0.4879,-0.5111,TRACKING,L+C+R_fused
1786981946.097,31.8,0.377,0.908,0.882,0.3927,-0.0163,3.27,-0.43054,0.157,0.400,0.000,-0.4507,-0.4726,TRACKING,L+C+R_fused
1786981946.124,31.8,0.378,0.908,0.882,0.3952,-0.0173,2.55,-0.50802,0.150,0.400,0.000,-0.4884,-0.5107,TRACKING,L+C+R_fused
1786981946.154,31.8,0.378,0.907,0.883,0.3953,-0.0179,1.34,-0.69485,0.150,0.400,0.000,-0.4816,-0.5052,TRACKING,L+C+R_fused
1786981946.185,31.8,0.378,0.908,0.884,0.3951,-0.0170,2.39,-0.55056,0.150,0.400,0.000,-0.4848,-0.5075,TRACKING,L+C+R_fused
1786981946.223,31.8,0.828,0.909,0.882,0.3926,-0.0167,2.62,-0.54927,0.150,0.400,0.000,-0.4885,-0.5114,TRACKING,L+C+R_fused
1786981946.252,31.8,0.828,0.909,0.882,0.3926,-0.0133,2.10,-0.43942,0.150,0.400,0.000,-0.4885,-0.5114,TRACKING,prediction
1786981946.284,31.8,0.824,0.910,0.883,0.3960,-0.0171,2.09,-0.64010,0.150,0.400,0.000,-0.4890,-0.5127,TRACKING,L+C+R_fused
1786981946.312,31.8,0.823,0.910,0.883,0.3916,-0.0168,2.26,-0.62499,0.150,0.400,0.000,-0.4886,-0.5123,TRACKING,L+C+R_fused
1786981946.351,31.8,0.824,0.910,0.883,0.3981,-0.0184,0.97,-0.77151,0.150,0.400,0.000,-0.4870,-0.5115,TRACKING,L+C+R_fused
1786981946.380,31.8,0.826,0.910,0.883,0.3919,-0.0182,1.10,-0.75786,0.150,0.400,0.000,-0.4867,-0.5111,TRACKING,L+C+R_fused
1786981946.415,31.8,0.825,0.910,0.884,0.3972,-0.0185,0.85,-0.78823,0.150,0.400,0.000,-0.4858,-0.5104,TRACKING,L+C+R_fused
1786981946.445,31.8,0.814,0.909,0.884,0.3931,-0.0177,1.79,-0.66105,0.150,0.400,0.000,-0.4900,-0.5138,TRACKING,L+C+R_fused
1786981946.476,31.8,0.818,0.910,0.884,0.4625,-0.0179,1.03,-0.78714,0.150,0.400,0.000,-0.4838,-0.5085,TRACKING,L+C+R_fused
1786981946.507,31.8,0.819,0.910,0.884,0.4216,-0.0163,2.76,-0.55827,0.150,0.400,0.000,-0.4902,-0.5134,TRACKING,L+C+R_fused
1786981946.537,31.8,0.819,0.910,0.884,0.4079,-0.0185,1.00,-0.76236,0.150,0.400,0.000,-0.4873,-0.5116,TRACKING,L+C+R_fused
1786981946.576,31.8,0.822,0.910,0.883,0.3930,-0.0164,2.56,-0.59022,0.150,0.400,0.000,-0.4891,-0.5125,TRACKING,L+C+R_fused
1786981946.621,31.8,0.821,0.910,0.884,0.3913,-0.0181,0.92,-0.79065,0.150,0.400,0.000,-0.4834,-0.5080,TRACKING,L+C+R_fused
1786981946.662,31.8,0.821,0.910,0.884,0.3913,-0.0145,0.73,-0.63252,0.150,0.400,0.000,-0.4834,-0.5080,TRACKING,prediction
1786981946.703,31.8,0.818,0.910,0.881,0.3978,-0.0181,0.97,-0.78341,0.150,0.400,0.000,-0.4840,-0.5085,TRACKING,L+C+R_fused
1786981946.728,31.8,0.378,0.910,0.884,0.3940,-0.0175,1.68,-0.68752,0.150,0.400,0.000,-0.4872,-0.5112,TRACKING,L+C+R_fused
1786981946.758,31.8,0.378,0.910,0.885,0.3935,-0.0184,0.60,-0.84562,0.150,0.400,0.000,-0.4846,-0.5096,TRACKING,L+C+R_fused
1786981946.788,31.8,0.378,0.910,0.883,0.3933,-0.0162,2.65,-0.58397,0.150,0.400,0.000,-0.4876,-0.5110,TRACKING,L+C+R_fused
1786981946.820,31.8,0.378,0.910,0.884,0.3942,-0.0168,2.46,-0.58578,0.150,0.400,0.000,-0.4898,-0.5131,TRACKING,L+C+R_fused
1786981946.850,31.8,0.378,0.910,0.885,0.3936,-0.0176,1.38,-0.73809,0.150,0.400,0.000,-0.4843,-0.5086,TRACKING,L+C+R_fused
1786981946.882,31.8,0.378,0.910,0.885,0.3938,-0.0181,0.91,-0.79346,0.150,0.400,0.000,-0.4834,-0.5080,TRACKING,L+C+R_fused
1786981946.914,31.8,0.378,0.910,0.885,0.3939,-0.0183,0.93,-0.78186,0.150,0.400,0.000,-0.4844,-0.5089,TRACKING,L+C+R_fused
1786981946.942,31.8,0.378,0.910,0.884,0.3934,-0.0181,1.32,-0.71848,0.150,0.400,0.000,-0.4872,-0.5113,TRACKING,L+C+R_fused
1786981946.973,31.8,0.378,0.910,0.884,0.3938,-0.0182,0.90,-0.79199,0.150,0.400,0.000,-0.4838,-0.5084,TRACKING,L+C+R_fused
1786981947.000,31.8,0.378,0.910,0.883,0.3931,-0.0182,0.97,-0.78112,0.150,0.400,0.000,-0.4848,-0.5093,TRACKING,L+C+R_fused
1786981947.031,31.8,0.378,0.910,0.884,0.3940,-0.0171,1.84,-0.68076,0.150,0.400,0.000,-0.4859,-0.5098,TRACKING,L+C+R_fused
1786981947.058,31.8,0.378,0.910,0.883,0.3939,-0.0174,1.79,-0.67455,0.150,0.400,0.000,-0.4870,-0.5109,TRACKING,L+C+R_fused
1786981947.089,31.2,0.378,0.910,0.884,0.3935,-0.0180,1.03,-0.78103,0.150,0.400,0.000,-0.4836,-0.5081,TRACKING,L+C+R_fused
1786981947.119,31.2,0.378,0.910,0.884,0.3934,-0.0179,1.19,-0.75360,0.150,0.400,0.000,-0.4844,-0.5087,TRACKING,L+C+R_fused
1786981947.145,31.2,0.378,0.910,0.883,0.3935,-0.0172,1.86,-0.67344,0.150,0.400,0.000,-0.4868,-0.5107,TRACKING,L+C+R_fused
1786981947.182,31.2,0.811,0.910,0.883,0.3996,-0.0183,0.84,-0.79432,0.150,0.400,0.000,-0.4840,-0.5086,TRACKING,L+C+R_fused
1786981947.210,31.2,0.378,0.910,0.883,0.3931,-0.0163,2.50,-0.60280,0.150,0.400,0.000,-0.4868,-0.5103,TRACKING,L+C+R_fused
1786981947.239,31.2,0.378,0.910,0.884,0.3926,-0.0181,0.92,-0.78983,0.150,0.400,0.000,-0.4836,-0.5082,TRACKING,L+C+R_fused
1786981947.269,31.2,0.378,0.909,0.884,0.3924,-0.0168,1.97,-0.66895,0.150,0.400,0.000,-0.4850,-0.5088,TRACKING,L+C+R_fused
1786981947.298,31.2,0.378,0.910,0.883,0.3921,-0.0173,1.36,-0.75504,0.150,0.400,0.000,-0.4815,-0.5060,TRACKING,L+C+R_fused
1786981947.328,31.2,0.803,0.918,0.881,0.4215,-0.0140,1.69,-0.68644,0.150,0.400,0.000,-0.4333,-0.4556,TRACKING,L+C+R_fused
1786981947.367,31.2,0.804,0.914,0.881,0.4209,-0.0138,3.24,-0.48740,0.151,0.400,0.000,-0.4520,-0.4737,TRACKING,L+C+R_fused
1786981947.410,31.2,0.807,0.914,0.881,0.4159,-0.0160,1.03,-0.79019,0.150,0.400,0.000,-0.4543,-0.4781,TRACKING,L+C+R_fused
1786981947.440,31.2,0.801,0.925,0.884,0.4492,-0.0140,2.59,-0.60120,0.150,0.400,0.000,-0.4553,-0.4779,TRACKING,L+C+R_fused
1786981947.471,31.2,0.810,0.918,0.881,0.3953,-0.0165,2.42,-0.67505,0.150,0.400,0.000,-0.4977,-0.5224,TRACKING,L+C+R_fused
1786981947.510,31.2,0.812,0.919,0.880,0.4065,-0.0157,3.43,-0.51432,0.150,0.400,0.000,-0.4995,-0.5229,TRACKING,L+C+R_fused
1786981947.545,31.2,0.809,0.915,0.872,0.3999,-0.0148,7.05,0.07260,0.193,0.400,0.000,-0.3874,-0.4069,TRACKING,L+C+R_fused
1786981947.582,31.2,0.810,0.924,0.875,0.4032,-0.0185,2.84,-0.74205,0.150,0.400,0.000,-0.5540,-0.5817,TRACKING,L+C+R_fused
1786981947.621,31.2,0.810,0.924,0.875,0.4032,-0.0148,2.27,-0.59364,0.150,0.400,0.000,-0.5540,-0.5817,TRACKING,prediction
1786981947.653,31.2,0.798,0.911,0.878,0.4117,-0.0240,-1.61,-1.54071,0.150,0.400,0.000,-0.5902,-0.6261,TRACKING,L+C+R_fused
1786981947.684,31.2,0.798,0.911,0.878,0.4117,-0.0192,-1.29,-1.23257,0.150,0.400,0.000,-0.5902,-0.6261,TRACKING,prediction
1786981947.714,31.2,0.821,0.900,0.876,0.4402,-0.0211,3.18,-0.91337,0.150,0.400,0.000,-0.6275,-0.6603,TRACKING,L+C+R_fused
1786981947.747,31.2,0.821,0.900,0.876,0.4402,-0.0169,2.54,-0.73069,0.150,0.400,0.000,-0.6275,-0.6603,TRACKING,prediction
1786981947.778,31.2,0.817,0.906,0.878,0.4600,-0.0266,4.89,-0.65685,0.150,0.400,0.000,-0.7219,-0.7560,TRACKING,L+C+R_fused
1786981947.804,31.2,0.817,0.906,0.878,0.4600,-0.0213,3.91,-0.52548,0.150,0.400,0.000,-0.7219,-0.7560,TRACKING,prediction
1786981947.839,31.2,0.856,0.913,0.868,0.3964,-0.0289,6.53,-0.37606,0.162,0.400,0.000,-0.6744,-0.7078,TRACKING,L+C+R_fused
1786981947.870,31.2,0.856,0.913,0.868,0.3964,-0.0231,5.22,-0.30085,0.162,0.400,0.000,-0.6744,-0.7078,TRACKING,prediction
1786981947.898,31.2,0.856,0.913,0.868,0.3964,-0.0185,4.18,-0.24068,0.162,0.400,0.000,-0.6744,-0.7078,TRACKING,prediction
1786981947.937,31.2,0.872,0.918,0.871,0.3907,-0.0383,4.58,-0.83936,0.150,0.400,0.000,-0.8684,-0.9107,TRACKING,L+C+R_fused
1786981947.975,31.2,0.863,0.897,0.867,0.3968,-0.0431,5.37,-0.69807,0.150,0.400,0.000,-0.9223,-0.9658,TRACKING,L+C+R_fused
1786981948.020,31.2,0.863,0.897,0.867,0.3968,-0.0344,4.29,-0.55845,0.150,0.400,0.000,-0.9223,-0.9658,TRACKING,prediction
1786981948.062,31.2,0.850,0.909,0.868,0.3954,-0.0451,6.24,-0.57182,0.150,0.400,0.000,-0.9505,-0.9944,TRACKING,L+C+R_fused
1786981948.094,29.8,0.850,0.909,0.868,0.3954,-0.0361,4.99,-0.45745,0.150,0.400,0.000,-0.9505,-0.9944,TRACKING,prediction
1786981948.120,29.8,0.860,0.900,0.872,0.4072,-0.0482,7.34,-0.28606,0.171,0.400,0.000,-0.8832,-0.9256,TRACKING,L+C+R_fused
1786981948.158,29.8,0.860,0.900,0.872,0.4072,-0.0386,5.87,-0.22885,0.171,0.400,0.000,-0.8832,-0.9256,TRACKING,prediction
1786981948.194,29.8,0.860,0.900,0.872,0.4072,-0.0309,4.70,-0.18308,0.171,0.400,0.000,-0.8832,-0.9256,TRACKING,prediction
1786981948.241,29.8,0.860,0.900,0.872,0.4072,-0.0247,3.76,-0.14646,0.171,0.400,0.000,-0.8832,-0.9256,TRACKING,prediction
1786981948.272,29.8,0.860,0.900,0.872,0.4072,-0.0198,3.01,-0.11717,0.171,0.400,0.000,-0.8832,-0.9256,TRACKING,prediction
1786981948.302,29.8,0.860,0.900,0.872,0.4072,-0.0158,2.41,-0.09374,0.171,0.400,0.000,-0.8832,-0.9256,TRACKING,prediction
1786981948.331,29.8,0.860,0.900,0.872,0.4072,-0.0126,1.92,-0.07499,0.171,0.400,0.000,-0.8832,-0.9256,TRACKING,prediction
1786981948.362,29.8,0.860,0.900,0.872,0.4072,-0.0101,1.54,-0.05999,0.171,0.400,0.000,-0.8832,-0.9256,TRACKING,prediction
1786981948.395,29.8,0.860,0.900,0.872,0.4072,-0.0081,1.23,-0.04799,0.171,0.400,0.000,-0.8832,-0.9256,TRACKING,prediction
1786981948.431,29.8,0.860,0.900,0.872,0.4072,-0.0065,0.99,-0.03839,0.171,0.400,0.000,-0.8832,-0.9256,TRACKING,prediction
1786981948.460,29.8,0.860,0.900,0.872,0.4072,-0.0052,0.79,-0.03072,0.171,0.400,0.000,-0.8832,-0.9256,TRACKING,prediction
1786981948.491,29.8,0.860,0.900,0.872,0.4072,-0.0041,0.63,-0.02457,0.171,0.399,0.000,-0.8832,-0.9256,TRACKING,prediction
1786981948.520,29.8,0.860,0.900,0.872,0.4072,-0.0033,0.50,-0.01966,0.171,0.379,0.000,-0.8832,-0.9256,TRACKING,prediction
1786981948.556,29.8,0.860,0.900,0.872,0.4072,-0.0027,0.40,-0.01573,0.171,0.360,0.000,-0.8832,-0.9256,TRACKING,prediction
1786981948.595,29.8,0.860,0.900,0.872,0.4072,-0.0021,0.32,-0.01258,0.171,0.342,0.000,-0.8832,-0.9256,TRACKING,prediction
1786981948.628,29.8,0.860,0.900,0.872,0.4072,-0.0017,0.26,-0.01006,0.171,0.325,0.000,-0.8832,-0.9256,TRACKING,prediction
1786981948.665,29.8,0.860,0.900,0.872,0.4072,-0.0014,0.21,-0.00805,0.171,0.280,0.000,-0.8832,-0.9256,UNCERTAIN,prediction
1786981948.700,29.8,0.784,0.908,0.840,0.4673,-0.0828,5.77,-0.94175,0.150,0.400,0.000,-1.0000,-1.0000,TRACKING,L+C+R_fused
1786981948.744,29.8,0.794,0.908,0.841,0.3929,-0.0830,5.19,-1.04208,0.150,0.400,0.000,-1.0000,-1.0000,TRACKING,L+C+R_fused
1786981948.783,29.8,0.791,0.901,0.844,0.4039,-0.0882,2.87,-1.42412,0.150,0.400,0.000,-1.0000,-1.0000,TRACKING,L+C+R_fused
1786981948.815,29.8,0.791,0.901,0.844,0.4039,-0.0706,2.30,-1.13930,0.150,0.400,0.000,-1.0000,-1.0000,TRACKING,prediction
1786981948.845,29.8,0.791,0.901,0.844,0.4039,-0.0565,1.84,-0.91144,0.150,0.400,0.000,-1.0000,-1.0000,TRACKING,prediction
1786981948.882,29.8,0.791,0.901,0.844,0.4039,-0.0452,1.47,-0.72915,0.150,0.400,0.000,-1.0000,-1.0000,TRACKING,prediction
1786981948.914,29.8,0.791,0.901,0.844,0.4039,-0.0361,1.18,-0.58332,0.150,0.400,0.000,-1.0000,-1.0000,TRACKING,prediction
1786981948.952,29.8,0.791,0.901,0.844,0.4039,-0.0289,0.94,-0.46666,0.150,0.400,0.000,-1.0000,-1.0000,TRACKING,prediction
1786981948.988,29.8,0.791,0.901,0.844,0.4039,-0.0231,0.75,-0.37333,0.150,0.400,0.000,-1.0000,-1.0000,TRACKING,prediction
1786981949.024,29.8,0.791,0.901,0.844,0.4039,-0.0185,0.60,-0.29866,0.150,0.400,0.000,-1.0000,-1.0000,TRACKING,prediction
1786981949.068,29.8,0.791,0.901,0.844,0.4039,-0.0148,0.48,-0.23893,0.150,0.400,0.000,-1.0000,-1.0000,TRACKING,prediction
1786981949.101,28.8,0.791,0.901,0.844,0.4039,-0.0118,0.39,-0.19114,0.150,0.400,0.000,-1.0000,-1.0000,TRACKING,prediction
1786981949.150,28.8,0.791,0.901,0.844,0.4039,-0.0095,0.31,-0.15291,0.150,0.400,0.000,-1.0000,-1.0000,TRACKING,prediction
1786981949.188,28.8,0.791,0.901,0.844,0.4039,-0.0076,0.25,-0.12233,0.150,0.383,0.000,-1.0000,-1.0000,TRACKING,prediction
1786981949.230,28.8,0.791,0.901,0.844,0.4039,-0.0061,0.20,-0.09786,0.150,0.364,0.000,-1.0000,-1.0000,TRACKING,prediction
1786981949.273,28.8,0.791,0.901,0.844,0.4039,-0.0048,0.16,-0.07829,0.150,0.346,0.000,-1.0000,-1.0000,TRACKING,prediction
1786981949.319,28.8,0.791,0.901,0.844,0.4039,-0.0039,0.13,-0.06263,0.150,0.329,0.000,-1.0000,-1.0000,TRACKING,prediction
1786981949.360,28.8,0.791,0.901,0.844,0.4039,-0.0031,0.10,-0.05011,0.150,0.280,0.000,-1.0000,-1.0000,UNCERTAIN,prediction
1786981949.401,28.8,0.791,0.901,0.844,0.4039,-0.0025,0.08,-0.04009,0.150,0.280,0.000,-1.0000,-1.0000,UNCERTAIN,prediction
1786981949.444,28.8,0.791,0.901,0.844,0.4039,-0.0020,0.06,-0.03207,0.150,0.280,0.000,-1.0000,-1.0000,UNCERTAIN,prediction
1786981949.473,28.8,0.000,0.859,0.838,0.5224,-0.1273,11.30,-0.36400,0.164,0.400,0.000,-1.0000,-1.0000,TRACKING,R+C
1786981949.510,28.8,0.000,0.846,0.839,0.5402,-0.1277,5.76,-1.48766,0.150,0.400,0.000,-1.0000,-1.0000,TRACKING,R+C
1786981949.536,28.8,0.000,0.847,0.839,0.5288,-0.1222,13.61,-0.13849,0.186,0.400,0.000,-1.0000,-1.0000,TRACKING,R+C
1786981949.566,28.8,0.000,0.851,0.836,0.5440,-0.1269,4.31,-1.63135,0.150,0.400,0.000,-1.0000,-1.0000,TRACKING,R+C
1786981949.591,28.8,0.000,0.861,0.829,0.5331,-0.1233,2.24,-2.05728,0.150,0.400,0.000,-1.0000,-1.0000,TRACKING,R+C
1786981949.628,28.8,0.000,0.860,0.829,0.5326,-0.1248,0.76,-2.24070,0.150,0.400,0.000,-1.0000,-1.0000,TRACKING,R+C
1786981949.659,28.8,0.000,0.856,0.830,0.5503,-0.1167,9.08,-1.24890,0.150,0.400,0.000,-1.0000,-1.0000,TRACKING,R+C
1786981949.694,28.8,0.000,0.868,0.832,0.5371,-0.1216,3.36,-1.79225,0.150,0.400,0.000,-1.0000,-1.0000,TRACKING,R+C
1786981949.719,28.8,0.000,0.869,0.833,0.5401,-0.1208,4.24,-1.70129,0.150,0.400,0.000,-1.0000,-1.0000,TRACKING,R+C
1786981949.746,28.8,0.000,0.873,0.832,0.5359,-0.1150,7.01,-1.34048,0.150,0.400,0.000,-1.0000,-1.0000,TRACKING,R+C
1786981949.786,28.8,0.000,0.873,0.832,0.5359,-0.0920,5.61,-1.07238,0.150,0.400,0.000,-1.0000,-1.0000,TRACKING,prediction
1786981949.827,28.8,0.000,0.873,0.832,0.5359,-0.0736,4.49,-0.85791,0.150,0.400,0.000,-1.0000,-1.0000,TRACKING,prediction
1786981949.851,28.8,0.000,0.870,0.830,0.5258,-0.1053,8.83,-1.26883,0.150,0.400,0.000,-1.0000,-1.0000,TRACKING,R+C
1786981949.881,28.8,0.790,0.865,0.837,0.6453,-0.1036,5.24,-1.99062,0.150,0.400,0.000,-1.0000,-1.0000,TRACKING,L+C+R_fused
1786981949.904,28.8,0.792,0.867,0.837,0.4274,-0.1075,1.86,-2.39317,0.150,0.400,0.000,-1.0000,-1.0000,TRACKING,L+C+R_fused
1786981949.929,28.8,0.000,0.879,0.838,0.5363,-0.1017,5.19,-1.93327,0.150,0.400,0.000,-1.0000,-1.0000,TRACKING,R+C
1786981949.962,28.8,0.822,0.881,0.838,0.4366,-0.0975,5.81,-1.91110,0.150,0.400,0.000,-1.0000,-1.0000,TRACKING,L+C+R_fused
1786981949.992,28.8,0.822,0.882,0.837,0.4401,-0.0972,5.75,-1.93629,0.150,0.400,0.000,-1.0000,-1.0000,TRACKING,L+C+R_fused
1786981950.031,28.8,0.829,0.887,0.841,0.5098,-0.0912,8.56,-1.43548,0.150,0.400,0.000,-1.0000,-1.0000,TRACKING,L+C+R_fused
1786981950.049,28.8,0.000,0.921,0.856,0.5243,-0.0903,6.42,-1.81166,0.150,0.400,0.000,-1.0000,-1.0000,TRACKING,R+C
1786981950.069,28.8,0.000,0.921,0.856,0.5304,-0.0905,6.07,-1.87270,0.150,0.400,0.000,-1.0000,-1.0000,TRACKING,R+C
1786981950.099,28.8,0.000,0.885,0.839,0.5485,-0.0912,6.51,-1.79228,0.150,0.400,0.000,-1.0000,-1.0000,TRACKING,R+C
1786981950.137,29.9,0.000,0.898,0.847,0.5626,-0.0908,7.64,-1.85182,0.150,0.400,0.000,-1.0000,-1.0000,TRACKING,R+C
1786981950.168,29.9,0.000,0.898,0.846,0.5621,-0.0901,8.33,-1.76276,0.150,0.400,0.000,-1.0000,-1.0000,TRACKING,R+C
1786981950.198,29.9,0.000,0.895,0.847,0.5708,-0.0963,6.63,-2.11025,0.150,0.400,0.000,-1.0000,-1.0000,TRACKING,R+C
1786981950.244,29.9,0.000,0.895,0.847,0.5708,-0.0770,5.31,-1.68820,0.150,0.400,0.000,-1.0000,-1.0000,TRACKING,prediction
1786981950.287,29.9,0.000,0.895,0.847,0.5708,-0.0616,4.25,-1.35056,0.150,0.400,0.000,-1.0000,-1.0000,TRACKING,prediction
1786981950.324,29.9,0.000,0.904,0.839,0.5678,-0.1066,13.70,-1.06746,0.150,0.400,0.000,-1.0000,-1.0000,TRACKING,R+C
1786981950.354,29.9,0.000,0.899,0.836,0.5653,-0.1164,13.97,-0.96636,0.150,0.400,0.000,-1.0000,-1.0000,TRACKING,R+C
1786981950.389,29.9,0.000,0.896,0.836,0.5720,-0.1173,12.57,-1.20418,0.150,0.400,0.000,-1.0000,-1.0000,TRACKING,R+C
1786981950.419,29.9,0.000,0.913,0.844,0.5821,-0.1284,9.86,-1.68663,0.150,0.400,0.000,-1.0000,-1.0000,TRACKING,R+C
1786981950.451,29.9,0.000,0.913,0.839,0.5782,-0.1341,13.48,-1.12938,0.150,0.400,0.000,-1.0000,-1.0000,TRACKING,R+C
1786981950.476,29.9,0.000,0.914,0.839,0.5819,-0.1354,12.51,-1.24435,0.150,0.400,0.000,-1.0000,-1.0000,TRACKING,R+C
1786981950.505,29.9,0.000,0.914,0.841,0.5728,-0.1426,13.93,-1.03554,0.150,0.400,0.000,-1.0000,-1.0000,TRACKING,R+C
1786981950.542,29.9,0.000,0.890,0.825,0.5600,-0.1495,17.66,-0.28373,0.172,0.400,0.000,-1.0000,-1.0000,TRACKING,R+C
1786981950.571,29.9,0.000,0.892,0.823,0.5687,-0.1483,18.57,-0.19566,0.180,0.400,0.000,-1.0000,-1.0000,TRACKING,R+C
1786981950.596,29.9,0.000,0.893,0.824,0.5503,-0.1544,19.26,-0.02037,0.198,0.400,0.000,-1.0000,-1.0000,TRACKING,R+C
1786981950.626,29.9,0.000,0.904,0.823,0.5452,-0.1625,17.78,-0.06079,0.194,0.400,0.000,-1.0000,-1.0000,TRACKING,R+C
1786981950.658,29.9,0.000,0.902,0.823,0.5607,-0.1590,20.54,0.19574,0.180,0.400,0.000,-1.0000,-1.0000,TRACKING,R+C
1786981950.676,29.9,0.000,0.906,0.820,0.5642,-0.1653,19.14,0.15255,0.185,0.400,0.000,-1.0000,-1.0000,TRACKING,R+C
1786981950.713,29.9,0.000,0.895,0.807,0.5677,-0.1675,18.18,0.11906,0.188,0.400,0.000,-1.0000,-1.0000,TRACKING,R+C
1786981950.739,29.9,0.000,0.895,0.812,0.5495,-0.1679,17.94,0.10636,0.189,0.400,0.000,-1.0000,-1.0000,TRACKING,R+C
1786981950.769,29.9,0.000,0.917,0.798,0.4714,-0.1714,16.18,0.07451,0.193,0.400,0.000,-1.0000,-1.0000,TRACKING,R+C
1786981950.800,29.9,0.000,0.914,0.797,0.5381,-0.1730,15.20,0.10410,0.190,0.400,0.000,-1.0000,-1.0000,TRACKING,R+C
1786981950.832,29.9,0.000,0.913,0.798,0.5072,-0.1722,15.35,0.10259,0.190,0.400,0.000,-1.0000,-1.0000,TRACKING,R+C
1786981950.858,29.9,0.000,0.920,0.795,0.5155,-0.1720,15.46,0.21715,0.178,0.400,0.000,-1.0000,-1.0000,TRACKING,R+C
1786981950.882,29.9,0.000,0.925,0.780,0.7676,-0.1740,13.49,0.12885,0.187,0.400,0.000,-1.0000,-1.0000,TRACKING,R+C
1786981950.914,29.9,0.000,0.925,0.781,0.7457,-0.1743,13.26,0.10650,0.189,0.400,0.000,-1.0000,-1.0000,TRACKING,R+C
1786981950.944,29.9,0.000,0.922,0.780,0.4962,-0.1721,13.16,0.13890,0.186,0.400,0.000,-1.0000,-1.0000,TRACKING,R+C
1786981950.975,29.9,0.000,0.921,0.782,0.4451,-0.1722,11.99,0.13948,0.186,0.400,0.000,-1.0000,-1.0000,TRACKING,R+C
1786981951.000,29.9,0.000,0.921,0.783,0.4127,-0.1712,12.56,0.18154,0.182,0.400,0.000,-1.0000,-1.0000,TRACKING,R+C
1786981951.022,29.9,0.000,0.915,0.782,0.7762,-0.1696,12.20,0.24124,0.176,0.400,0.000,-1.0000,-1.0000,TRACKING,R+C
1786981951.054,29.9,0.000,0.916,0.783,0.5691,-0.1676,12.16,0.34324,0.166,0.400,0.000,-1.0000,-1.0000,TRACKING,R+C
1786981951.085,29.9,0.000,0.915,0.785,0.5022,-0.1687,11.61,0.30355,0.170,0.400,0.000,-1.0000,-1.0000,TRACKING,R+C
1786981951.111,29.9,0.000,0.920,0.781,0.4423,-0.1689,9.18,0.13072,0.187,0.400,0.000,-1.0000,-1.0000,TRACKING,R+C
1786981951.137,33.0,0.000,0.928,0.784,0.5631,-0.1676,6.85,-0.33828,0.166,0.400,0.000,-1.0000,-1.0000,TRACKING,R+C
1786981951.173,33.0,0.000,0.928,0.780,0.6780,-0.1664,8.41,-0.07418,0.193,0.400,0.000,-1.0000,-1.0000,TRACKING,R+C
1786981951.208,33.0,0.000,0.910,0.784,0.5234,-0.1646,7.99,0.14364,0.186,0.400,0.000,-1.0000,-1.0000,TRACKING,R+C
1786981951.240,33.0,0.000,0.909,0.775,0.7049,-0.1628,6.70,0.09732,0.190,0.400,0.000,-1.0000,-1.0000,TRACKING,R+C
1786981951.275,33.0,0.000,0.910,0.779,0.6433,-0.1619,7.28,0.15127,0.185,0.400,0.000,-1.0000,-1.0000,TRACKING,R+C
1786981951.301,33.0,0.000,0.908,0.777,0.4678,-0.1606,5.39,0.02962,0.197,0.400,0.000,-1.0000,-1.0000,TRACKING,R+C
1786981951.330,33.0,0.000,0.893,0.769,0.6134,-0.1551,6.04,0.16894,0.183,0.400,0.000,-1.0000,-1.0000,TRACKING,R+C
1786981951.361,33.0,0.000,0.893,0.777,0.5875,-0.1568,5.33,0.12613,0.187,0.400,0.000,-1.0000,-1.0000,TRACKING,R+C
1786981951.392,33.0,0.000,0.898,0.772,0.6256,-0.1551,3.87,0.05306,0.195,0.400,0.000,-1.0000,-1.0000,TRACKING,R+C
1786981951.421,33.0,0.000,0.910,0.773,0.6638,-0.1519,1.93,-0.07867,0.192,0.400,0.000,-1.0000,-1.0000,TRACKING,R+C
1786981951.455,33.0,0.000,0.910,0.775,0.6467,-0.1494,3.89,0.14758,0.185,0.400,0.000,-1.0000,-1.0000,TRACKING,R+C
1786981951.488,33.0,0.000,0.911,0.774,0.5968,-0.1475,2.19,0.02497,0.198,0.400,0.000,-1.0000,-1.0000,TRACKING,R+C
1786981951.515,33.0,0.000,0.912,0.785,0.5298,-0.1404,3.53,0.21078,0.179,0.400,0.000,-1.0000,-1.0000,TRACKING,R+C
1786981951.546,33.0,0.000,0.912,0.779,0.6122,-0.1404,3.42,0.19460,0.181,0.400,0.000,-1.0000,-1.0000,TRACKING,R+C
1786981951.572,33.0,0.000,0.913,0.779,0.6055,-0.1374,1.35,0.05641,0.194,0.400,0.000,-1.0000,-1.0000,TRACKING,R+C
1786981951.600,33.0,0.000,0.910,0.783,0.5834,-0.1323,-0.18,-0.04543,0.195,0.400,0.000,-1.0000,-1.0000,TRACKING,R+C
1786981951.633,33.0,0.000,0.911,0.782,0.4265,-0.1302,1.88,0.22815,0.177,0.400,0.000,-1.0000,-1.0000,TRACKING,R+C
1786981951.673,33.0,0.000,0.900,0.769,0.6715,-0.1238,1.59,0.26580,0.173,0.400,0.000,-1.0000,-1.0000,TRACKING,R+C
1786981951.705,33.0,0.371,0.896,0.775,0.4444,-0.1161,0.57,0.13734,0.186,0.400,0.000,-1.0000,-1.0000,TRACKING,L+C+R_fused
1786981951.745,33.0,0.372,0.894,0.776,0.5036,-0.1170,0.34,0.15503,0.184,0.400,0.000,-1.0000,-1.0000,TRACKING,L+C+R_fused
1786981951.777,33.0,0.944,0.896,0.774,0.4454,-0.1110,-0.88,0.04604,0.195,0.400,0.000,-0.9153,-0.9648,TRACKING,L+C+R_fused
1786981951.812,33.0,0.920,0.892,0.774,0.4700,-0.1026,-0.77,0.04500,0.195,0.400,0.000,-0.8660,-0.9117,TRACKING,L+C+R_fused
1786981951.847,33.0,0.919,0.890,0.778,0.4801,-0.1059,-3.28,-0.21004,0.179,0.400,0.000,-0.9734,-1.0000,TRACKING,L+C+R_fused
1786981951.882,33.0,0.919,0.890,0.778,0.4801,-0.0847,-2.63,-0.16803,0.179,0.400,0.000,-0.9734,-1.0000,TRACKING,prediction
1786981951.912,33.0,0.888,0.899,0.783,0.4356,-0.0880,-1.63,0.06374,0.194,0.400,0.000,-0.7588,-0.7957,TRACKING,L+C+R_fused
1786981951.956,33.0,0.887,0.900,0.784,0.4304,-0.0875,-1.24,0.09983,0.190,0.400,0.000,-0.7820,-0.8188,TRACKING,L+C+R_fused
1786981951.998,33.0,0.876,0.893,0.776,0.5034,-0.0802,-2.01,0.06663,0.193,0.400,0.000,-0.6921,-0.7245,TRACKING,L+C+R_fused
1786981952.031,33.0,0.855,0.884,0.774,0.4692,-0.0731,-5.21,-0.35387,0.165,0.400,0.000,-0.8062,-0.8367,TRACKING,L+C+R_fused
1786981952.074,33.0,0.856,0.884,0.773,0.4748,-0.0730,-4.56,-0.26237,0.174,0.400,0.000,-0.7322,-0.7622,TRACKING,L+C+R_fused
1786981952.114,33.0,0.853,0.882,0.790,0.4890,-0.0628,-3.71,-0.20177,0.180,0.400,0.000,-0.6147,-0.6405,TRACKING,L+C+R_fused
1786981952.168,29.1,0.846,0.874,0.810,0.4287,-0.0584,-5.58,-0.37047,0.163,0.400,0.000,-0.6586,-0.6817,TRACKING,L+C+R_fused
1786981952.207,29.1,0.844,0.875,0.794,0.4257,-0.0597,-6.00,-0.37575,0.162,0.400,0.000,-0.6649,-0.6880,TRACKING,L+C+R_fused
1786981952.239,29.1,0.849,0.876,0.818,0.4289,-0.0558,-7.56,-0.63069,0.150,0.400,0.000,-0.6918,-0.7147,TRACKING,L+C+R_fused
1786981952.285,29.1,0.847,0.880,0.813,0.4232,-0.0552,-8.10,-0.71390,0.150,0.400,0.000,-0.6779,-0.7010,TRACKING,L+C+R_fused
1786981952.324,29.1,0.847,0.886,0.817,0.4243,-0.0544,-7.64,-0.67007,0.150,0.400,0.000,-0.6764,-0.6992,TRACKING,L+C+R_fused
1786981952.364,29.1,0.816,0.876,0.807,0.4185,-0.0539,-8.24,-0.79160,0.150,0.400,0.000,-0.6665,-0.6902,TRACKING,L+C+R_fused
1786981952.404,29.1,0.826,0.868,0.800,0.4166,-0.0563,-10.50,-1.07352,0.150,0.400,0.000,-0.6646,-0.6905,TRACKING,L+C+R_fused
1786981952.444,29.1,0.821,0.869,0.812,0.4150,-0.0561,-11.37,-1.24333,0.150,0.400,0.000,-0.6574,-0.6849,TRACKING,L+C+R_fused
1786981952.485,29.1,0.830,0.867,0.813,0.4163,-0.0565,-12.57,-1.41033,0.150,0.400,0.000,-0.6478,-0.6765,TRACKING,L+C+R_fused
1786981952.529,29.1,0.805,0.867,0.807,0.4160,-0.0555,-12.46,-1.48262,0.150,0.400,0.000,-0.6487,-0.6785,TRACKING,L+C+R_fused
1786981952.569,29.1,0.804,0.868,0.807,0.4160,-0.0585,-14.28,-1.58734,0.150,0.400,0.000,-0.6459,-0.6762,TRACKING,L+C+R_fused
1786981952.612,29.1,0.796,0.871,0.794,0.4244,-0.0590,-14.19,-1.63153,0.150,0.400,0.000,-0.6617,-0.6932,TRACKING,L+C+R_fused
1786981952.664,29.1,0.773,0.865,0.776,0.4426,-0.0569,-14.58,-1.83746,0.150,0.400,0.000,-0.6529,-0.6869,TRACKING,L+C+R_fused
1786981952.727,29.1,0.772,0.866,0.776,0.4452,-0.0543,-12.65,-1.72080,0.150,0.400,0.000,-0.6627,-0.6963,TRACKING,L+C+R_fused
1786981952.778,29.1,0.773,0.867,0.800,0.4090,-0.0550,-11.92,-1.67079,0.150,0.400,0.000,-0.6869,-0.7210,TRACKING,L+C+R_fused
1786981952.841,29.1,0.766,0.865,0.783,0.4035,-0.0561,-13.85,-2.00252,0.150,0.400,0.000,-0.6891,-0.7270,TRACKING,L+C+R_fused
1786981952.902,29.1,0.766,0.865,0.794,0.4005,-0.0561,-15.09,-2.12272,0.150,0.400,0.000,-0.6699,-0.7084,TRACKING,L+C+R_fused
1786981952.967,29.1,0.761,0.865,0.779,0.4865,-0.0541,-12.55,-2.01719,0.150,0.400,0.000,-0.7063,-0.7457,TRACKING,L+C+R_fused
1786981953.028,29.1,0.768,0.861,0.777,0.4523,-0.0547,-11.28,-1.95218,0.150,0.400,0.000,-0.7419,-0.7824,TRACKING,L+C+R_fused
1786981953.092,29.1,0.768,0.859,0.795,0.4093,-0.0529,-12.59,-2.15128,0.150,0.400,0.000,-0.7089,-0.7503,TRACKING,L+C+R_fused
1786981953.146,29.1,0.764,0.862,0.779,0.4647,-0.0510,-9.46,-1.97908,0.150,0.400,0.000,-0.7531,-0.7954,TRACKING,L+C+R_fused
1786981953.210,20.2,0.771,0.859,0.783,0.4165,-0.0508,-8.65,-2.06860,0.150,0.400,0.000,-0.7860,-0.8314,TRACKING,L+C+R_fused
1786981953.266,20.2,0.771,0.862,0.778,0.4385,-0.0548,-11.41,-2.25764,0.150,0.400,0.000,-0.7790,-0.8252,TRACKING,L+C+R_fused
1786981953.320,20.2,0.772,0.858,0.778,0.4426,-0.0510,-7.14,-2.00455,0.150,0.400,0.000,-0.8216,-0.8685,TRACKING,L+C+R_fused
1786981953.367,20.2,0.772,0.861,0.775,0.4514,-0.0521,-7.55,-2.22582,0.150,0.400,0.000,-0.8480,-0.8987,TRACKING,L+C+R_fused
1786981953.415,20.2,0.771,0.861,0.789,0.4103,-0.0505,-6.45,-2.14131,0.150,0.400,0.000,-0.8496,-0.8999,TRACKING,L+C+R_fused
1786981953.479,20.2,0.768,0.856,0.779,0.4273,-0.0528,-4.73,-2.03839,0.150,0.400,0.000,-0.9056,-0.9582,TRACKING,L+C+R_fused
1786981953.532,20.2,0.772,0.855,0.780,0.4327,-0.0596,-8.04,-2.36230,0.150,0.400,0.000,-0.9282,-0.9841,TRACKING,L+C+R_fused
1786981953.596,20.2,0.770,0.853,0.777,0.4356,-0.0571,-6.16,-2.21936,0.150,0.400,0.000,-0.9323,-0.9877,TRACKING,L+C+R_fused
1786981953.648,20.2,0.770,0.821,0.774,0.4306,-0.0599,-9.02,-2.71033,0.150,0.400,0.000,-0.9442,-1.0000,TRACKING,L+C+R_fused
1786981953.698,20.2,0.768,0.825,0.775,0.4719,-0.0622,-8.25,-2.70236,0.150,0.400,0.000,-0.9807,-1.0000,TRACKING,L+C+R_fused
1786981953.759,20.2,0.768,0.825,0.772,0.4545,-0.0651,-9.51,-2.75389,0.150,0.400,0.000,-0.9851,-1.0000,TRACKING,L+C+R_fused
1786981953.825,20.2,0.767,0.818,0.775,0.4138,-0.0666,-8.04,-2.73399,0.150,0.400,0.000,-1.0000,-1.0000,TRACKING,L+C+R_fused
1786981953.900,20.2,0.766,0.817,0.781,0.4804,-0.0696,-5.14,-2.49363,0.150,0.400,0.000,-1.0000,-1.0000,TRACKING,L+C+R_fused
1786981953.953,20.2,0.767,0.813,0.782,0.4626,-0.0654,-1.87,-2.27586,0.150,0.400,0.000,-1.0000,-1.0000,TRACKING,L+C+R_fused
1786981954.014,20.2,0.766,0.806,0.784,0.4720,-0.0700,-2.77,-2.53255,0.150,0.400,0.000,-1.0000,-1.0000,TRACKING,L+C+R_fused
1786981954.073,20.2,0.765,0.807,0.783,0.4452,-0.0738,-1.95,-2.42062,0.150,0.400,0.000,-1.0000,-1.0000,TRACKING,L+C+R_fused
1786981954.137,20.2,0.768,0.806,0.793,0.4561,-0.0770,-2.57,-2.46697,0.150,0.400,0.000,-1.0000,-1.0000,TRACKING,L+C+R_fused
1786981954.187,20.2,0.770,0.802,0.778,0.4575,-0.0733,2.39,-1.88772,0.150,0.400,0.000,-1.0000,-1.0000,TRACKING,L+C+R_fused
1786981954.244,17.4,0.770,0.802,0.778,0.4575,-0.0587,1.91,-1.51018,0.150,0.400,0.000,-1.0000,-1.0000,TRACKING,prediction
1786981954.298,17.4,0.767,0.806,0.832,0.4199,-0.0736,-0.70,-2.47271,0.150,0.400,0.000,-1.0000,-1.0000,TRACKING,L+C+R_fused
1786981954.352,17.4,0.767,0.806,0.832,0.4199,-0.0589,-0.56,-1.97817,0.150,0.400,0.000,-1.0000,-1.0000,TRACKING,prediction
1786981954.391,17.4,0.783,0.827,0.840,0.4830,-0.0686,1.08,-2.27813,0.150,0.400,0.000,-1.0000,-1.0000,TRACKING,L+C+R_fused
1786981954.442,17.4,0.781,0.826,0.839,0.5699,-0.0718,0.06,-2.31491,0.150,0.400,0.000,-1.0000,-1.0000,TRACKING,L+C+R_fused
1786981954.504,17.4,0.781,0.826,0.839,0.5699,-0.0574,0.05,-1.85193,0.150,0.400,0.000,-1.0000,-1.0000,TRACKING,prediction
1786981954.559,17.4,0.767,0.808,0.834,0.4100,-0.0554,5.07,-1.96501,0.150,0.400,0.000,-1.0000,-1.0000,TRACKING,L+C+R_fused
1786981954.617,17.4,0.767,0.807,0.836,0.4320,-0.0625,2.54,-2.09498,0.150,0.400,0.000,-1.0000,-1.0000,TRACKING,L+C+R_fused
1786981954.679,17.4,0.765,0.810,0.838,0.3996,-0.0544,2.89,-2.15991,0.150,0.400,0.000,-1.0000,-1.0000,TRACKING,L+C+R_fused
1786981954.737,17.4,0.765,0.810,0.838,0.3996,-0.0435,2.31,-1.72792,0.150,0.400,0.000,-1.0000,-1.0000,TRACKING,prediction
1786981954.801,17.4,0.765,0.810,0.838,0.3996,-0.0348,1.85,-1.38234,0.150,0.400,0.000,-1.0000,-1.0000,TRACKING,prediction
1786981954.852,17.4,0.781,0.829,0.822,0.3902,-0.0409,4.54,-2.05408,0.150,0.400,0.000,-1.0000,-1.0000,TRACKING,L+C+R_fused
1786981954.896,17.4,0.779,0.826,0.828,0.3932,-0.0454,-1.08,-2.59259,0.150,0.400,0.000,-0.9753,-1.0000,TRACKING,L+C+R_fused
1786981954.939,17.4,0.774,0.827,0.828,0.4139,-0.0422,2.06,-2.30701,0.150,0.400,0.000,-0.9905,-1.0000,TRACKING,L+C+R_fused
1786981954.980,17.4,0.767,0.823,0.828,0.4019,-0.0381,3.26,-2.17582,0.150,0.400,0.000,-0.9700,-1.0000,TRACKING,L+C+R_fused
1786981955.042,17.4,0.782,0.820,0.828,0.4109,-0.0304,5.19,-1.97625,0.150,0.400,0.000,-0.9251,-0.9857,TRACKING,L+C+R_fused
1786981955.088,17.4,0.782,0.820,0.827,0.4080,-0.0342,2.81,-2.22658,0.150,0.400,0.000,-0.9268,-0.9887,TRACKING,L+C+R_fused
1786981955.139,17.4,0.783,0.828,0.829,0.4061,-0.0307,2.80,-2.22436,0.150,0.400,0.000,-0.8916,-0.9518,TRACKING,L+C+R_fused
1786981955.180,17.4,0.778,0.817,0.826,0.4085,-0.0230,3.90,-2.13885,0.150,0.400,0.000,-0.8309,-0.8882,TRACKING,L+C+R_fused
1786981955.223,17.4,0.778,0.818,0.826,0.4080,-0.0231,2.73,-2.28373,0.150,0.400,0.000,-0.8151,-0.8726,TRACKING,L+C+R_fused
1786981955.266,19.6,0.766,0.821,0.841,0.5073,-0.0163,5.11,-2.02727,0.150,0.400,0.000,-0.7774,-0.8321,TRACKING,L+C+R_fused
1786981955.293,19.6,0.000,0.848,0.831,0.4894,-0.0073,9.34,-1.51479,0.150,0.400,0.000,-0.7406,-0.7910,TRACKING,R+C
1786981955.320,19.6,0.000,0.848,0.832,0.4965,-0.0090,8.82,-1.54530,0.150,0.400,0.000,-0.7478,-0.7985,TRACKING,R+C
1786981955.350,19.6,0.000,0.848,0.832,0.4965,-0.0072,7.05,-1.23624,0.150,0.400,0.000,-0.7478,-0.7985,TRACKING,prediction
1786981955.385,19.6,0.000,0.848,0.832,0.4965,-0.0058,5.64,-0.98899,0.150,0.400,0.000,-0.7478,-0.7985,TRACKING,prediction
1786981955.434,19.6,0.000,0.848,0.832,0.4965,-0.0046,4.51,-0.79119,0.150,0.400,0.000,-0.7478,-0.7985,TRACKING,prediction
1786981955.469,19.6,0.000,0.850,0.824,0.4544,0.0101,12.58,-1.08237,0.150,0.400,0.000,-0.5637,-0.6051,TRACKING,R+C
1786981955.500,19.6,0.000,0.848,0.830,0.4759,0.0126,10.90,-1.23765,0.150,0.400,0.000,-0.4835,-0.5229,TRACKING,R+C
1786981955.524,19.6,0.000,0.849,0.830,0.4695,0.0171,14.69,-0.83570,0.150,0.400,0.000,-0.5067,-0.5449,TRACKING,R+C
1786981955.557,19.6,0.000,0.852,0.829,0.4775,0.0183,11.10,-1.27952,0.150,0.400,0.000,-0.4108,-0.4488,TRACKING,R+C
1786981955.585,19.6,0.000,0.852,0.831,0.4641,0.0265,14.58,-0.90226,0.150,0.400,0.000,-0.3674,-0.4023,TRACKING,R+C
1786981955.625,19.6,0.000,0.852,0.831,0.4657,0.0235,12.19,-1.17620,0.150,0.400,0.000,-0.3575,-0.3936,TRACKING,R+C
1786981955.659,19.6,0.000,0.851,0.827,0.4741,0.0245,12.80,-1.07084,0.150,0.400,0.000,-0.3488,-0.3838,TRACKING,R+C
1786981955.690,19.6,0.000,0.850,0.832,0.4619,0.0207,11.85,-1.16739,0.150,0.400,0.000,-0.3856,-0.4220,TRACKING,R+C
1786981955.717,19.6,0.000,0.850,0.832,0.4705,0.0217,12.28,-1.12678,0.150,0.400,0.000,-0.3813,-0.4175,TRACKING,R+C
1786981955.740,19.6,0.000,0.851,0.830,0.4642,0.0179,11.22,-1.28510,0.150,0.400,0.000,-0.4229,-0.4615,TRACKING,R+C
1786981955.765,19.6,0.000,0.855,0.833,0.4616,0.0117,11.20,-1.31677,0.150,0.400,0.000,-0.5237,-0.5657,TRACKING,R+C
1786981955.809,19.6,0.000,0.855,0.832,0.4586,0.0175,14.96,-0.95397,0.150,0.400,0.000,-0.5331,-0.5741,TRACKING,R+C
1786981955.840,19.6,0.000,0.851,0.830,0.4699,0.0106,14.34,-1.03409,0.150,0.400,0.000,-0.6189,-0.6633,TRACKING,R+C
1786981955.877,19.6,0.000,0.851,0.828,0.4964,0.0044,15.21,-0.92497,0.150,0.400,0.000,-0.7164,-0.7635,TRACKING,R+C
1786981955.904,19.6,0.000,0.850,0.826,0.4962,0.0032,15.16,-0.88437,0.150,0.400,0.000,-0.7242,-0.7710,TRACKING,R+C
1786981955.942,19.6,0.000,0.850,0.826,0.4986,-0.0092,10.75,-1.40804,0.150,0.400,0.000,-0.7946,-0.8471,TRACKING,R+C
1786981955.979,19.6,0.000,0.846,0.829,0.5042,-0.0123,12.90,-1.16576,0.150,0.400,0.000,-0.8656,-0.9199,TRACKING,R+C
1786981956.018,19.6,0.000,0.845,0.826,0.5023,-0.0150,11.51,-1.29451,0.150,0.400,0.000,-0.8683,-0.9232,TRACKING,R+C
1786981956.042,19.6,0.000,0.848,0.827,0.5132,-0.0205,13.18,-1.10264,0.150,0.400,0.000,-0.9481,-1.0000,TRACKING,R+C
1786981956.074,19.6,0.000,0.839,0.829,0.5077,-0.0287,7.40,-1.84590,0.150,0.400,0.000,-0.9521,-1.0000,TRACKING,R+C
1786981956.110,19.6,0.000,0.836,0.829,0.5085,-0.0248,11.34,-1.38907,0.150,0.400,0.000,-0.9701,-1.0000,TRACKING,R+C
1786981956.137,19.6,0.000,0.842,0.823,0.5140,-0.0312,10.11,-1.55759,0.150,0.400,0.000,-1.0000,-1.0000,TRACKING,R+C
1786981956.174,19.6,0.000,0.853,0.825,0.5169,-0.0298,11.45,-1.43637,0.150,0.400,0.000,-1.0000,-1.0000,TRACKING,R+C
1786981956.205,19.6,0.000,0.852,0.825,0.5175,-0.0295,12.47,-1.30232,0.150,0.400,0.000,-1.0000,-1.0000,TRACKING,R+C
1786981956.232,19.6,0.000,0.855,0.827,0.5187,-0.0352,9.08,-1.60541,0.150,0.400,0.000,-1.0000,-1.0000,TRACKING,R+C
1786981956.277,30.6,0.000,0.844,0.827,0.5070,-0.0388,5.73,-1.89980,0.150,0.400,0.000,-1.0000,-1.0000,TRACKING,R+C
1786981956.309,30.6,0.000,0.846,0.827,0.5085,-0.0358,7.47,-1.72822,0.150,0.400,0.000,-1.0000,-1.0000,TRACKING,R+C
1786981956.338,30.6,0.000,0.855,0.828,0.5083,-0.0304,10.35,-1.37218,0.150,0.400,0.000,-0.9933,-1.0000,TRACKING,R+C
1786981956.363,30.6,0.000,0.859,0.823,0.5039,-0.0241,12.67,-1.06401,0.150,0.400,0.000,-0.9642,-1.0000,TRACKING,R+C
1786981956.391,30.6,0.000,0.859,0.823,0.4996,-0.0222,14.31,-0.87398,0.150,0.400,0.000,-0.9693,-1.0000,TRACKING,R+C
1786981956.427,30.6,0.000,0.858,0.827,0.4930,-0.0206,11.62,-1.16186,0.150,0.400,0.000,-0.9133,-0.9685,TRACKING,R+C
1786981956.457,30.6,0.000,0.862,0.829,0.4932,-0.0187,10.60,-1.22094,0.150,0.400,0.000,-0.8724,-0.9255,TRACKING,R+C
1786981956.486,30.6,0.000,0.862,0.829,0.4946,-0.0190,10.49,-1.23502,0.150,0.400,0.000,-0.8742,-0.9275,TRACKING,R+C
1786981956.520,30.6,0.000,0.866,0.829,0.4906,-0.0121,12.35,-1.03756,0.150,0.400,0.000,-0.8319,-0.8823,TRACKING,R+C
1786981956.553,30.6,0.000,0.862,0.819,0.4833,-0.0074,12.65,-0.93360,0.150,0.400,0.000,-0.7740,-0.8209,TRACKING,R+C
1786981956.586,30.6,0.000,0.862,0.819,0.4881,-0.0060,13.97,-0.80596,0.150,0.400,0.000,-0.7842,-0.8310,TRACKING,R+C
1786981956.618,30.6,0.000,0.864,0.829,0.4759,0.0002,15.41,-0.63818,0.150,0.400,0.000,-0.7355,-0.7794,TRACKING,R+C
1786981956.657,30.6,0.000,0.858,0.823,0.4657,-0.0019,9.61,-1.23937,0.150,0.400,0.000,-0.6423,-0.6856,TRACKING,R+C
1786981956.682,30.6,0.000,0.858,0.823,0.4666,-0.0015,9.92,-1.21188,0.150,0.400,0.000,-0.6449,-0.6883,TRACKING,R+C
1786981956.716,30.6,0.831,0.862,0.821,0.3975,0.0028,8.31,-1.35726,0.150,0.400,0.000,-0.5451,-0.5856,TRACKING,L+C+R_fused
1786981956.746,30.6,0.859,0.868,0.823,0.4109,0.0145,13.19,-0.81233,0.150,0.400,0.000,-0.4790,-0.5145,TRACKING,L+C+R_fused
1786981956.779,30.6,0.860,0.869,0.823,0.4225,0.0099,10.88,-1.01609,0.150,0.400,0.000,-0.4871,-0.5235,TRACKING,L+C+R_fused
1786981956.811,30.6,0.846,0.867,0.814,0.4064,0.0173,11.49,-0.99279,0.150,0.400,0.000,-0.3938,-0.4277,TRACKING,L+C+R_fused
1786981956.851,30.6,0.834,0.869,0.815,0.4185,0.0246,13.07,-0.82842,0.150,0.400,0.000,-0.3150,-0.3458,TRACKING,L+C+R_fused
1786981956.891,30.6,0.833,0.870,0.817,0.4235,0.0229,11.84,-0.94834,0.150,0.400,0.000,-0.3103,-0.3415,TRACKING,L+C+R_fused
1786981956.928,30.6,0.835,0.862,0.823,0.4210,0.0272,11.59,-0.95761,0.150,0.400,0.000,-0.2268,-0.2556,TRACKING,L+C+R_fused
1786981956.962,30.6,0.824,0.857,0.828,0.4341,0.0317,9.93,-1.16513,0.150,0.400,0.000,-0.1097,-0.1366,TRACKING,L+C+R_fused
1786981956.999,30.6,0.827,0.857,0.827,0.4327,0.0299,9.39,-1.19567,0.150,0.400,0.000,-0.1209,-0.1480,TRACKING,L+C+R_fused
1786981957.040,30.6,0.824,0.860,0.828,0.4291,0.0361,10.99,-0.95546,0.150,0.400,0.000,-0.0407,-0.0639,TRACKING,L+C+R_fused
1786981957.079,30.6,0.819,0.858,0.816,0.4227,0.0439,11.08,-0.99029,0.150,0.400,0.000,0.0863,0.0659,TRACKING,L+C+R_fused
1786981957.116,30.6,0.819,0.857,0.818,0.4231,0.0433,10.98,-0.99582,0.150,0.400,0.000,0.0795,0.0590,TRACKING,L+C+R_fused
1786981957.155,30.6,0.819,0.862,0.817,0.4177,0.0504,12.36,-0.80921,0.150,0.400,0.000,0.1742,0.1575,TRACKING,L+C+R_fused
1786981957.195,30.6,0.822,0.864,0.810,0.4209,0.0562,11.00,-0.92417,0.150,0.400,0.000,0.3151,0.3019,TRACKING,L+C+R_fused
1786981957.243,30.6,0.821,0.864,0.805,0.4178,0.0563,10.52,-0.98449,0.150,0.400,0.000,0.3260,0.3127,TRACKING,L+C+R_fused
1786981957.289,28.7,0.825,0.862,0.807,0.4135,0.0656,13.85,-0.55764,0.150,0.400,0.000,0.4082,0.4002,TRACKING,L+C+R_fused
1786981957.329,28.7,0.832,0.864,0.821,0.4140,0.0715,10.61,-0.95137,0.150,0.400,0.000,0.5645,0.5588,TRACKING,L+C+R_fused
1786981957.366,28.7,0.833,0.864,0.823,0.4132,0.0716,10.95,-0.90699,0.150,0.400,0.000,0.5610,0.5554,TRACKING,L+C+R_fused
1786981957.409,28.7,0.832,0.866,0.842,0.4060,0.0789,10.77,-0.90471,0.150,0.400,0.000,0.6676,0.6659,TRACKING,L+C+R_fused
1786981957.452,28.7,0.828,0.862,0.838,0.3971,0.0860,11.01,-0.86078,0.150,0.400,0.000,0.7552,0.7571,TRACKING,L+C+R_fused
1786981957.494,28.7,0.831,0.862,0.839,0.3963,0.0877,11.82,-0.78178,0.150,0.400,0.000,0.7601,0.7626,TRACKING,L+C+R_fused
1786981957.531,28.7,0.859,0.865,0.839,0.4065,0.0989,14.35,-0.55253,0.150,0.400,0.000,0.8383,0.8448,TRACKING,L+C+R_fused
1786981957.566,28.7,0.854,0.860,0.830,0.3945,0.1024,12.74,-0.68253,0.150,0.400,0.000,0.9056,0.9148,TRACKING,L+C+R_fused
1786981957.612,28.7,0.855,0.860,0.830,0.3935,0.1021,13.02,-0.58965,0.150,0.400,0.000,0.9049,0.9152,TRACKING,L+C+R_fused
1786981957.651,28.7,0.855,0.860,0.830,0.3935,0.0817,10.42,-0.47172,0.150,0.400,0.000,0.9049,0.9152,TRACKING,prediction
1786981957.692,28.7,0.855,0.860,0.830,0.3935,0.0653,8.33,-0.37738,0.150,0.400,0.000,0.9049,0.9152,TRACKING,prediction
1786981957.728,28.7,0.855,0.860,0.830,0.3935,0.0523,6.67,-0.30190,0.150,0.400,0.000,0.9049,0.9152,TRACKING,prediction
1786981957.764,28.7,0.855,0.860,0.830,0.3935,0.0418,5.33,-0.24152,0.150,0.400,0.000,0.9049,0.9152,TRACKING,prediction
1786981957.801,28.7,0.855,0.860,0.830,0.3935,0.0334,4.27,-0.19322,0.150,0.400,0.000,0.9049,0.9152,TRACKING,prediction
1786981957.840,28.7,0.855,0.860,0.830,0.3935,0.0268,3.41,-0.15457,0.150,0.400,0.000,0.9049,0.9152,TRACKING,prediction
1786981957.886,28.7,0.855,0.860,0.830,0.3935,0.0214,2.73,-0.12366,0.150,0.400,0.000,0.9049,0.9152,TRACKING,prediction
1786981957.918,28.7,0.863,0.802,0.000,0.7243,0.1733,-29.46,-1.99141,0.150,0.400,0.000,1.0000,1.0000,TRACKING,L+C
1786981957.958,28.7,0.865,0.803,0.000,0.7220,0.1769,-26.55,-1.92075,0.150,0.400,0.000,1.0000,1.0000,TRACKING,L+C
1786981958.004,28.7,0.865,0.803,0.000,0.7220,0.1415,-21.24,-1.53660,0.150,0.400,0.000,1.0000,1.0000,TRACKING,prediction
1786981958.043,28.7,0.865,0.803,0.000,0.7220,0.1132,-16.99,-1.22928,0.150,0.400,0.000,1.0000,1.0000,TRACKING,prediction
1786981958.088,28.7,0.865,0.803,0.000,0.7220,0.0906,-13.59,-0.98342,0.150,0.400,0.000,1.0000,1.0000,TRACKING,prediction
1786981958.126,28.7,0.865,0.803,0.000,0.7220,0.0724,-10.87,-0.78674,0.150,0.400,0.000,1.0000,1.0000,TRACKING,prediction
1786981958.174,28.7,0.865,0.803,0.000,0.7220,0.0580,-8.70,-0.62939,0.150,0.400,0.000,1.0000,1.0000,TRACKING,prediction
1786981958.214,28.7,0.865,0.803,0.000,0.7220,0.0464,-6.96,-0.50351,0.150,0.400,0.000,1.0000,1.0000,TRACKING,prediction
1786981958.266,28.7,0.865,0.803,0.000,0.7220,0.0371,-5.57,-0.40281,0.150,0.400,0.000,1.0000,1.0000,TRACKING,prediction
1786981958.309,24.5,0.865,0.803,0.000,0.7220,0.0297,-4.45,-0.32225,0.150,0.400,0.000,1.0000,1.0000,TRACKING,prediction
1786981958.352,24.5,0.865,0.803,0.000,0.7220,0.0237,-3.56,-0.25780,0.150,0.400,0.000,1.0000,1.0000,TRACKING,prediction
1786981958.390,24.5,0.865,0.803,0.000,0.7220,0.0190,-2.85,-0.20624,0.150,0.399,0.000,1.0000,1.0000,TRACKING,prediction
1786981958.430,24.5,0.865,0.803,0.000,0.7220,0.0152,-2.28,-0.16499,0.150,0.379,0.000,1.0000,1.0000,TRACKING,prediction
1786981958.473,24.5,0.865,0.803,0.000,0.7220,0.0122,-1.82,-0.13199,0.150,0.361,0.000,1.0000,1.0000,TRACKING,prediction
1786981958.522,24.5,0.865,0.803,0.000,0.7220,0.0097,-1.46,-0.10559,0.150,0.342,0.000,1.0000,1.0000,TRACKING,prediction
1786981958.565,24.5,0.865,0.803,0.000,0.7220,0.0078,-1.17,-0.08448,0.150,0.325,0.000,1.0000,1.0000,TRACKING,prediction
1786981958.608,24.5,0.865,0.803,0.000,0.7220,0.0062,-0.93,-0.06758,0.150,0.280,0.000,1.0000,1.0000,UNCERTAIN,prediction
1786981958.647,24.5,0.870,0.831,0.000,0.4904,0.1653,15.13,-0.80156,0.150,0.400,0.000,1.0000,1.0000,TRACKING,L+C
1786981958.675,24.5,0.866,0.831,0.000,0.4923,0.1700,19.04,-0.41677,0.158,0.400,0.000,1.0000,1.0000,TRACKING,L+C
1786981958.717,24.5,0.866,0.830,0.000,0.4952,0.1724,18.26,-0.59547,0.150,0.400,0.000,1.0000,1.0000,TRACKING,L+C
1786981958.759,24.5,0.866,0.830,0.000,0.4952,0.1379,14.61,-0.47637,0.150,0.400,0.000,1.0000,1.0000,TRACKING,prediction
1786981958.805,24.5,0.866,0.830,0.000,0.4952,0.1103,11.69,-0.38110,0.150,0.400,0.000,1.0000,1.0000,TRACKING,prediction
1786981958.849,24.5,0.866,0.830,0.000,0.4952,0.0883,9.35,-0.30488,0.150,0.400,0.000,1.0000,1.0000,TRACKING,prediction
1786981958.888,24.5,0.866,0.830,0.000,0.4952,0.0706,7.48,-0.24390,0.150,0.400,0.000,1.0000,1.0000,TRACKING,prediction
1786981958.928,24.5,0.866,0.830,0.000,0.4952,0.0565,5.98,-0.19512,0.150,0.400,0.000,1.0000,1.0000,TRACKING,prediction
1786981958.964,24.5,0.866,0.830,0.000,0.4952,0.0452,4.79,-0.15610,0.150,0.400,0.000,1.0000,1.0000,TRACKING,prediction
1786981959.000,24.5,0.866,0.830,0.000,0.4952,0.0362,3.83,-0.12488,0.150,0.400,0.000,1.0000,1.0000,TRACKING,prediction
1786981959.041,24.5,0.866,0.830,0.000,0.4952,0.0289,3.06,-0.09990,0.150,0.400,0.000,1.0000,1.0000,TRACKING,prediction
1786981959.078,24.5,0.866,0.830,0.000,0.4952,0.0231,2.45,-0.07992,0.150,0.400,0.000,1.0000,1.0000,TRACKING,prediction
1786981959.112,24.5,0.858,0.838,0.805,0.3953,0.1367,20.98,-0.52886,0.150,0.400,0.000,1.0000,1.0000,TRACKING,L+C+R_fused
1786981959.148,24.5,0.857,0.838,0.806,0.3978,0.1111,15.89,-1.06503,0.150,0.400,0.000,0.8595,0.8579,TRACKING,L+C+R_fused
1786981959.196,24.5,0.859,0.838,0.805,0.3997,0.1169,19.00,-0.77319,0.150,0.400,0.000,0.8608,0.8603,TRACKING,L+C+R_fused
1786981959.241,24.5,0.864,0.839,0.799,0.4009,0.1074,24.72,-0.16030,0.184,0.400,0.000,0.4406,0.4351,TRACKING,L+C+R_fused
1786981959.280,24.5,0.886,0.836,0.815,0.4076,0.0912,24.77,-0.18831,0.181,0.400,0.000,0.2664,0.2526,TRACKING,L+C+R_fused
1786981959.316,24.8,0.887,0.836,0.816,0.4055,0.0937,24.57,-0.27045,0.173,0.400,0.000,0.3161,0.3020,TRACKING,L+C+R_fused
1786981959.356,24.8,0.844,0.841,0.824,0.4155,0.0770,23.09,-0.56006,0.150,0.400,0.000,0.1445,0.1195,TRACKING,L+C+R_fused
1786981959.394,24.8,0.000,0.847,0.836,0.3953,0.0581,17.02,-1.28420,0.150,0.400,0.000,-0.0214,-0.0552,TRACKING,R+C
1786981959.422,24.8,0.000,0.848,0.835,0.3913,0.0604,18.00,-1.20428,0.150,0.400,0.000,-0.0155,-0.0490,TRACKING,R+C
1786981959.459,24.8,0.000,0.849,0.825,0.4031,0.0589,22.70,-0.71393,0.150,0.400,0.000,-0.1892,-0.2251,TRACKING,R+C
1786981959.492,24.8,0.000,0.849,0.825,0.4031,0.0471,18.16,-0.57114,0.150,0.400,0.000,-0.1892,-0.2251,TRACKING,prediction
1786981959.530,24.8,0.000,0.849,0.825,0.4031,0.0377,14.53,-0.45692,0.150,0.400,0.000,-0.1892,-0.2251,TRACKING,prediction
1786981959.559,24.8,0.000,0.847,0.814,0.4365,0.0302,13.55,-1.81523,0.150,0.400,0.000,-0.4268,-0.4755,TRACKING,R+C
1786981959.587,24.8,0.000,0.849,0.817,0.4498,0.0226,15.39,-1.52983,0.150,0.400,0.000,-0.5733,-0.6245,TRACKING,R+C
1786981959.618,24.8,0.000,0.850,0.818,0.4546,0.0228,13.93,-1.73387,0.150,0.400,0.000,-0.5419,-0.5934,TRACKING,R+C
1786981959.655,24.8,0.000,0.847,0.817,0.4528,0.0163,15.49,-1.50960,0.150,0.400,0.000,-0.6609,-0.7150,TRACKING,R+C
1786981959.689,24.8,0.000,0.843,0.821,0.4693,0.0072,13.85,-1.66673,0.150,0.400,0.000,-0.7384,-0.7956,TRACKING,R+C
1786981959.719,24.8,0.000,0.844,0.821,0.4657,0.0079,12.48,-1.86360,0.150,0.400,0.000,-0.7083,-0.7657,TRACKING,R+C
1786981959.746,24.8,0.000,0.847,0.830,0.4743,0.0063,14.93,-1.50782,0.150,0.400,0.000,-0.7660,-0.8232,TRACKING,R+C
1786981959.785,24.8,0.000,0.823,0.828,0.4741,0.0105,15.86,-1.45642,0.150,0.400,0.000,-0.7416,-0.7983,TRACKING,R+C
1786981959.817,24.8,0.000,0.823,0.826,0.4750,0.0093,14.97,-1.55979,0.150,0.400,0.000,-0.7379,-0.7949,TRACKING,R+C
1786981959.850,24.8,0.000,0.823,0.826,0.4750,0.0075,11.98,-1.24783,0.150,0.400,0.000,-0.7379,-0.7949,TRACKING,prediction
1786981959.894,24.8,0.000,0.823,0.812,0.4632,0.0091,14.30,-1.40882,0.150,0.400,0.000,-0.6947,-0.7471,TRACKING,R+C
1786981959.927,24.8,0.000,0.823,0.812,0.4617,0.0103,13.22,-1.57496,0.150,0.400,0.000,-0.6633,-0.7158,TRACKING,R+C
1786981959.959,24.8,0.000,0.827,0.808,0.4535,0.0170,15.00,-1.45555,0.150,0.400,0.000,-0.6241,-0.6756,TRACKING,R+C
1786981959.994,24.8,0.000,0.832,0.817,0.4537,0.0126,12.58,-1.53908,0.150,0.400,0.000,-0.6009,-0.6500,TRACKING,R+C
1786981960.030,24.8,0.000,0.831,0.816,0.4500,0.0144,12.00,-1.66007,0.150,0.400,0.000,-0.5710,-0.6202,TRACKING,R+C
1786981960.075,24.8,0.000,0.833,0.820,0.4481,0.0182,11.90,-1.65336,0.150,0.400,0.000,-0.5112,-0.5583,TRACKING,R+C
1786981960.117,24.8,0.762,0.828,0.812,0.6274,0.0229,11.82,-1.68869,0.150,0.400,0.000,-0.4416,-0.4870,TRACKING,L+C+R_fused
1786981960.156,24.8,0.762,0.828,0.812,0.6274,0.0183,9.45,-1.35095,0.150,0.400,0.000,-0.4416,-0.4870,TRACKING,prediction
1786981960.203,24.8,0.762,0.828,0.812,0.6274,0.0146,7.56,-1.08076,0.150,0.400,0.000,-0.4416,-0.4870,TRACKING,prediction
1786981960.251,24.8,0.762,0.828,0.812,0.6274,0.0117,6.05,-0.86461,0.150,0.400,0.000,-0.4416,-0.4870,TRACKING,prediction
1786981960.296,24.8,0.762,0.828,0.812,0.6274,0.0094,4.84,-0.69169,0.150,0.400,0.000,-0.4416,-0.4870,TRACKING,prediction
1786981960.335,27.5,0.762,0.828,0.812,0.6274,0.0075,3.87,-0.55335,0.150,0.400,0.000,-0.4416,-0.4870,TRACKING,prediction
1786981960.372,27.5,0.292,0.852,0.832,0.3976,0.0377,11.74,-1.54949,0.150,0.400,0.000,-0.1650,-0.2006,TRACKING,L+C+R_fused
1786981960.415,27.5,0.525,0.852,0.832,0.3999,0.0386,12.50,-1.44271,0.150,0.400,0.000,-0.1659,-0.2008,TRACKING,L+C+R_fused
1786981960.444,27.5,0.000,0.842,0.828,0.4302,0.0399,7.77,-2.06427,0.150,0.400,0.000,-0.0318,-0.0669,TRACKING,R+C
1786981960.472,27.5,0.000,0.848,0.831,0.4289,0.0519,13.53,-1.38147,0.150,0.400,0.000,0.0290,-0.0009,TRACKING,R+C
1786981960.504,27.5,0.000,0.848,0.829,0.4343,0.0487,10.92,-1.69839,0.150,0.400,0.000,0.0409,0.0096,TRACKING,R+C
1786981960.544,27.5,0.000,0.848,0.829,0.4343,0.0390,8.74,-1.35871,0.150,0.400,0.000,0.0409,0.0096,TRACKING,prediction
1786981960.574,27.5,0.000,0.842,0.829,0.4138,0.0558,9.84,-1.78837,0.150,0.400,0.000,0.2013,0.1741,TRACKING,R+C
1786981960.604,27.5,0.000,0.842,0.826,0.4061,0.0575,10.67,-1.70436,0.150,0.400,0.000,0.2072,0.1805,TRACKING,R+C
1786981960.642,27.5,0.000,0.845,0.830,0.4121,0.0657,13.52,-1.42183,0.150,0.400,0.000,0.2639,0.2397,TRACKING,R+C
1786981960.674,27.5,0.000,0.844,0.831,0.4092,0.0660,11.50,-1.60614,0.150,0.400,0.000,0.3305,0.3077,TRACKING,R+C
1786981960.701,27.5,0.000,0.843,0.831,0.4030,0.0683,12.58,-1.52684,0.150,0.400,0.000,0.3323,0.3095,TRACKING,R+C
1786981960.737,27.5,0.813,0.843,0.835,0.4313,0.0707,10.34,-1.74178,0.150,0.400,0.000,0.4342,0.4137,TRACKING,L+C+R_fused
1786981960.784,27.5,0.837,0.842,0.833,0.4394,0.0780,8.56,-2.13046,0.150,0.400,0.000,0.5556,0.5354,TRACKING,L+C+R_fused
1786981960.824,27.5,0.837,0.841,0.834,0.4401,0.0790,10.15,-1.91052,0.150,0.400,0.000,0.5409,0.5216,TRACKING,L+C+R_fused
1786981960.859,27.5,0.813,0.847,0.833,0.4496,0.0811,7.63,-2.23899,0.150,0.400,0.000,0.6188,0.6002,TRACKING,L+C+R_fused
1786981960.896,27.5,0.810,0.846,0.834,0.4442,0.0911,11.09,-1.92624,0.150,0.400,0.000,0.6699,0.6537,TRACKING,L+C+R_fused
1786981960.936,27.5,0.813,0.845,0.833,0.4502,0.0903,10.96,-1.91152,0.150,0.400,0.000,0.6666,0.6506,TRACKING,L+C+R_fused
1786981960.985,27.5,0.812,0.841,0.833,0.4528,0.0924,9.42,-2.18233,0.150,0.400,0.000,0.7103,0.6939,TRACKING,L+C+R_fused
1786981961.026,27.5,0.818,0.840,0.824,0.4574,0.0977,12.51,-1.82132,0.150,0.400,0.000,0.7180,0.7035,TRACKING,L+C+R_fused
1786981961.062,27.5,0.816,0.840,0.824,0.4434,0.0950,11.40,-1.90787,0.150,0.400,0.000,0.7112,0.6964,TRACKING,L+C+R_fused
1786981961.100,27.5,0.816,0.840,0.824,0.4434,0.0760,9.12,-1.52630,0.150,0.400,0.000,0.7112,0.6964,TRACKING,prediction
1786981961.146,27.5,0.814,0.834,0.824,0.4461,0.0968,15.14,-1.67906,0.150,0.400,0.000,0.6264,0.6076,TRACKING,L+C+R_fused
1786981961.192,27.5,0.812,0.834,0.824,0.4480,0.0929,12.63,-1.93946,0.150,0.400,0.000,0.6326,0.6132,TRACKING,L+C+R_fused
1786981961.231,27.5,0.812,0.834,0.824,0.4480,0.0743,10.10,-1.55157,0.150,0.400,0.000,0.6326,0.6132,TRACKING,prediction
1786981961.281,27.5,0.812,0.834,0.824,0.4480,0.0594,8.08,-1.24126,0.150,0.400,0.000,0.6326,0.6132,TRACKING,prediction
1786981961.314,27.5,0.812,0.834,0.824,0.4480,0.0476,6.47,-0.99301,0.150,0.400,0.000,0.6326,0.6132,TRACKING,prediction
1786981961.356,26.4,0.812,0.834,0.824,0.4480,0.0380,5.17,-0.79440,0.150,0.400,0.000,0.6326,0.6132,TRACKING,prediction
1786981961.390,26.4,0.812,0.834,0.824,0.4480,0.0304,4.14,-0.63552,0.150,0.400,0.000,0.6326,0.6132,TRACKING,prediction
1786981961.428,26.4,0.812,0.834,0.824,0.4480,0.0243,3.31,-0.50842,0.150,0.400,0.000,0.6326,0.6132,TRACKING,prediction
1786981961.464,26.4,0.812,0.834,0.824,0.4480,0.0195,2.65,-0.40673,0.150,0.400,0.000,0.6326,0.6132,TRACKING,prediction
1786981961.491,26.4,0.000,0.827,0.824,0.4733,0.0599,12.14,-2.40295,0.150,0.400,0.000,0.0405,-0.0020,TRACKING,R+C
1786981961.515,26.4,0.000,0.826,0.824,0.4751,0.0616,13.17,-2.30480,0.150,0.400,0.000,0.0356,-0.0069,TRACKING,R+C
1786981961.561,26.4,0.000,0.826,0.824,0.4751,0.0493,10.54,-1.84384,0.150,0.400,0.000,0.0356,-0.0069,TRACKING,prediction
1786981961.601,26.4,0.000,0.826,0.824,0.4751,0.0394,8.43,-1.47507,0.150,0.400,0.000,0.0356,-0.0069,TRACKING,prediction
1786981961.637,26.4,0.000,0.826,0.824,0.4751,0.0315,6.74,-1.18006,0.150,0.400,0.000,0.0356,-0.0069,TRACKING,prediction
1786981961.675,26.4,0.000,0.826,0.824,0.4751,0.0252,5.39,-0.94405,0.150,0.400,0.000,0.0356,-0.0069,TRACKING,prediction
1786981961.723,26.4,0.000,0.826,0.824,0.4751,0.0202,4.32,-0.75524,0.150,0.400,0.000,0.0356,-0.0069,TRACKING,prediction
1786981961.761,26.4,0.000,0.826,0.824,0.4751,0.0161,3.45,-0.60419,0.150,0.400,0.000,0.0356,-0.0069,TRACKING,prediction
1786981961.807,26.4,0.000,0.826,0.824,0.4751,0.0129,2.76,-0.48335,0.150,0.400,0.000,0.0356,-0.0069,TRACKING,prediction
1786981961.845,26.4,0.000,0.826,0.824,0.4751,0.0103,2.21,-0.38668,0.150,0.400,0.000,0.0356,-0.0069,TRACKING,prediction
1786981961.880,26.4,0.000,0.826,0.824,0.4751,0.0083,1.77,-0.30935,0.150,0.400,0.000,0.0356,-0.0069,TRACKING,prediction
1786981961.924,26.4,0.000,0.826,0.824,0.4751,0.0066,1.41,-0.24748,0.150,0.395,0.000,0.0356,-0.0069,TRACKING,prediction
1786981961.966,26.4,0.000,0.826,0.824,0.4751,0.0053,1.13,-0.19798,0.150,0.376,0.000,0.0356,-0.0069,TRACKING,prediction
1786981962.014,26.4,0.000,0.826,0.824,0.4751,0.0042,0.91,-0.15838,0.150,0.357,0.000,0.0356,-0.0069,TRACKING,prediction
1786981962.064,26.4,0.000,0.826,0.824,0.4751,0.0034,0.72,-0.12671,0.150,0.339,0.000,0.0356,-0.0069,TRACKING,prediction
1786981962.102,26.4,0.000,0.826,0.824,0.4751,0.0027,0.58,-0.10137,0.150,0.322,0.000,0.0356,-0.0069,TRACKING,prediction
1786981962.147,26.4,0.000,0.826,0.824,0.4751,0.0022,0.46,-0.08109,0.150,0.280,0.000,0.0356,-0.0069,UNCERTAIN,prediction
1786981962.204,26.4,0.000,0.826,0.824,0.4751,0.0017,0.37,-0.06487,0.150,0.280,0.000,0.0356,-0.0069,UNCERTAIN,prediction
1786981962.248,26.4,0.000,0.826,0.824,0.4751,0.0014,0.30,-0.05190,0.150,0.276,0.000,0.0356,-0.0069,UNCERTAIN,prediction
1786981962.290,26.4,0.000,0.826,0.824,0.4751,0.0011,0.24,-0.04152,0.150,0.262,0.000,0.0356,-0.0069,UNCERTAIN,prediction
1786981962.331,26.4,0.000,0.826,0.824,0.4751,0.0009,0.19,-0.03322,0.150,0.249,0.000,0.0356,-0.0069,UNCERTAIN,prediction
1786981962.380,24.4,0.000,0.826,0.824,0.4751,0.0007,0.15,-0.02657,0.150,0.237,0.000,0.0356,-0.0069,UNCERTAIN,prediction
1786981962.428,24.4,0.000,0.826,0.824,0.4751,0.0006,0.12,-0.02126,0.150,0.225,0.000,0.0356,-0.0069,UNCERTAIN,prediction
1786981962.476,24.4,0.000,0.826,0.824,0.4751,0.0005,0.10,-0.01701,0.150,0.214,0.000,0.0356,-0.0069,UNCERTAIN,prediction
1786981962.519,24.4,0.000,0.826,0.824,0.4751,0.0004,0.08,-0.01361,0.150,0.203,0.000,0.0356,-0.0069,UNCERTAIN,prediction
1786981962.566,24.4,0.000,0.826,0.824,0.4751,0.0003,0.06,-0.01088,0.150,0.193,0.000,0.0356,-0.0069,UNCERTAIN,prediction
1786981962.617,24.4,0.000,0.826,0.824,0.4751,0.0002,0.05,-0.00871,0.150,0.183,0.000,0.0356,-0.0069,UNCERTAIN,prediction
1786981962.660,24.4,0.000,0.826,0.824,0.4751,0.0002,0.04,-0.00697,0.150,0.180,0.000,0.0356,-0.0069,PREDICTING,prediction
1786981962.708,24.4,0.000,0.826,0.824,0.4751,0.0001,0.03,-0.00557,0.150,0.180,0.000,0.0356,-0.0069,PREDICTING,prediction
1786981962.756,24.4,0.000,0.826,0.824,0.4751,0.0001,0.03,-0.00446,0.150,0.180,0.000,0.0356,-0.0069,PREDICTING,prediction
1786981962.802,24.4,0.000,0.826,0.824,0.4751,0.0001,0.02,-0.00357,0.150,0.180,0.000,0.0356,-0.0069,PREDICTING,prediction
1786981962.855,24.4,0.000,0.826,0.824,0.4751,0.0001,0.02,-0.00285,0.150,0.180,0.000,0.0356,-0.0069,PREDICTING,prediction
1786981962.903,24.4,0.000,0.826,0.824,0.4751,0.0001,0.01,-0.00228,0.150,0.180,0.000,0.0356,-0.0069,PREDICTING,prediction
1786981962.945,24.4,0.000,0.826,0.824,0.4751,0.0000,0.01,-0.00183,0.150,0.180,0.000,0.0356,-0.0069,PREDICTING,prediction
1786981963.010,24.4,0.000,0.826,0.824,0.4751,0.0000,0.01,-0.00146,0.150,0.180,0.000,0.0356,-0.0069,PREDICTING,prediction
1786981963.062,24.4,0.000,0.826,0.824,0.4751,0.0000,0.01,-0.00117,0.150,0.180,0.000,0.0356,-0.0069,PREDICTING,prediction
1786981963.105,24.4,0.000,0.826,0.824,0.4751,0.0000,0.01,-0.00093,0.150,0.180,0.000,0.0356,-0.0069,PREDICTING,prediction
1786981963.163,24.4,0.000,0.826,0.824,0.4751,0.0000,0.00,-0.00075,0.150,0.180,0.000,0.0356,-0.0069,PREDICTING,prediction
1786981963.207,24.4,0.000,0.826,0.824,0.4751,0.0000,0.00,-0.00060,0.150,0.180,0.000,0.0356,-0.0069,PREDICTING,prediction
1786981963.245,24.4,0.000,0.817,0.810,0.5905,-0.0279,27.27,-0.19425,0.181,0.400,0.000,-1.0000,-1.0000,TRACKING,R+C
1786981963.292,24.4,0.000,0.817,0.809,0.6022,-0.0266,27.54,-0.17041,0.183,0.400,0.000,-0.9796,-1.0000,TRACKING,R+C
1786981963.324,24.4,0.000,0.812,0.810,0.5918,-0.0478,24.74,-0.26126,0.174,0.400,0.000,-1.0000,-1.0000,TRACKING,R+C
1786981963.368,24.4,0.000,0.817,0.806,0.6293,-0.0561,23.73,-0.26391,0.174,0.400,0.000,-1.0000,-1.0000,TRACKING,R+C
1786981963.400,21.6,0.000,0.818,0.808,0.6106,-0.0592,23.05,-0.29337,0.171,0.400,0.000,-1.0000,-1.0000,TRACKING,R+C
1786981963.445,21.6,0.000,0.818,0.808,0.6106,-0.0473,18.44,-0.23470,0.171,0.400,0.000,-1.0000,-1.0000,TRACKING,prediction
1786981963.486,21.6,0.000,0.818,0.808,0.6106,-0.0379,14.75,-0.18776,0.171,0.400,0.000,-1.0000,-1.0000,TRACKING,prediction
1786981963.519,21.6,0.000,0.818,0.808,0.6106,-0.0303,11.80,-0.15021,0.171,0.400,0.000,-1.0000,-1.0000,TRACKING,prediction
1786981963.569,21.6,0.000,0.818,0.808,0.6106,-0.0242,9.44,-0.12016,0.171,0.400,0.000,-1.0000,-1.0000,TRACKING,prediction
1786981963.625,21.6,0.000,0.818,0.808,0.6106,-0.0194,7.55,-0.09613,0.171,0.400,0.000,-1.0000,-1.0000,TRACKING,prediction
1786981963.675,21.6,0.000,0.818,0.808,0.6106,-0.0155,6.04,-0.07691,0.171,0.400,0.000,-1.0000,-1.0000,TRACKING,prediction
1786981963.714,21.6,0.000,0.823,0.808,0.6035,-0.0837,20.04,-0.13973,0.186,0.400,0.000,-1.0000,-1.0000,TRACKING,R+C
1786981963.747,21.6,0.000,0.818,0.803,0.5821,-0.0911,12.29,-0.89273,0.150,0.400,0.000,-1.0000,-1.0000,TRACKING,R+C
1786981963.780,21.6,0.000,0.818,0.803,0.5721,-0.0937,10.96,-0.96595,0.150,0.400,0.000,-1.0000,-1.0000,TRACKING,R+C
1786981963.838,21.6,0.000,0.818,0.803,0.5721,-0.0750,8.77,-0.77276,0.150,0.400,0.000,-1.0000,-1.0000,TRACKING,prediction
1786981963.872,21.6,0.000,0.824,0.813,0.5625,-0.0924,11.93,-0.71815,0.150,0.400,0.000,-1.0000,-1.0000,TRACKING,R+C
1786981963.904,21.6,0.000,0.824,0.813,0.5648,-0.0964,10.35,-0.78783,0.150,0.400,0.000,-1.0000,-1.0000,TRACKING,R+C
1786981963.944,21.6,0.000,0.824,0.814,0.5624,-0.0843,18.18,0.03086,0.197,0.400,0.000,-1.0000,-1.0000,TRACKING,R+C
1786981963.980,21.6,0.000,0.827,0.814,0.5534,-0.0910,13.21,-0.29413,0.171,0.400,0.000,-1.0000,-1.0000,TRACKING,R+C
1786981964.022,21.6,0.000,0.827,0.814,0.5496,-0.0886,14.23,-0.21624,0.178,0.400,0.000,-1.0000,-1.0000,TRACKING,R+C
1786981964.067,21.6,0.000,0.822,0.814,0.5434,-0.0916,11.56,-0.40746,0.159,0.400,0.000,-1.0000,-1.0000,TRACKING,R+C
1786981964.096,21.6,0.000,0.834,0.815,0.5398,-0.0879,13.68,-0.08609,0.191,0.400,0.000,-1.0000,-1.0000,TRACKING,R+C
1786981964.134,21.6,0.000,0.834,0.816,0.5389,-0.0896,12.64,-0.14226,0.186,0.400,0.000,-1.0000,-1.0000,TRACKING,R+C
1786981964.166,21.6,0.000,0.841,0.821,0.5219,-0.0899,9.89,-0.33954,0.166,0.400,0.000,-1.0000,-1.0000,TRACKING,R+C
1786981964.199,21.6,0.000,0.832,0.826,0.5208,-0.0881,7.61,-0.54840,0.150,0.400,0.000,-1.0000,-1.0000,TRACKING,R+C
1786981964.241,21.6,0.000,0.832,0.825,0.5169,-0.0901,5.56,-0.70502,0.150,0.400,0.000,-1.0000,-1.0000,TRACKING,R+C
1786981964.279,21.6,0.000,0.829,0.825,0.5105,-0.0832,8.29,-0.44194,0.156,0.400,0.000,-1.0000,-1.0000,TRACKING,R+C
1786981964.309,21.6,0.000,0.836,0.825,0.5083,-0.0843,4.65,-0.67749,0.150,0.400,0.000,-1.0000,-1.0000,TRACKING,R+C
1786981964.347,21.6,0.000,0.836,0.827,0.5040,-0.0872,2.40,-0.87170,0.150,0.400,0.000,-1.0000,-1.0000,TRACKING,R+C
1786981964.377,21.6,0.000,0.839,0.823,0.4965,-0.0759,6.62,-0.43626,0.156,0.400,0.000,-1.0000,-1.0000,TRACKING,R+C
1786981964.405,25.9,0.000,0.837,0.819,0.4978,-0.0787,2.06,-0.76628,0.150,0.400,0.000,-1.0000,-1.0000,TRACKING,R+C
1786981964.439,25.9,0.000,0.838,0.819,0.4950,-0.0742,3.77,-0.67636,0.150,0.400,0.000,-1.0000,-1.0000,TRACKING,R+C
1786981964.482,25.9,0.000,0.843,0.830,0.4871,-0.0696,5.16,-0.46682,0.153,0.400,0.000,-1.0000,-1.0000,TRACKING,R+C
1786981964.512,25.9,0.000,0.842,0.839,0.4798,-0.0609,4.89,-0.54794,0.150,0.400,0.000,-1.0000,-1.0000,TRACKING,R+C
1786981964.548,25.9,0.000,0.842,0.838,0.4823,-0.0631,4.16,-0.58303,0.150,0.400,0.000,-1.0000,-1.0000,TRACKING,R+C
1786981964.590,25.9,0.000,0.841,0.837,0.4663,-0.0564,2.12,-0.84585,0.150,0.400,0.000,-0.9832,-1.0000,TRACKING,R+C
1786981964.618,25.9,0.000,0.839,0.836,0.4727,-0.0565,0.20,-0.90813,0.150,0.400,0.000,-0.9459,-0.9892,TRACKING,R+C
1786981964.646,25.9,0.000,0.841,0.836,0.4675,-0.0567,-1.66,-1.12164,0.150,0.400,0.000,-0.9245,-0.9681,TRACKING,R+C
1786981964.681,25.9,0.000,0.841,0.835,0.4594,-0.0518,-3.37,-1.26841,0.150,0.400,0.000,-0.8470,-0.8876,TRACKING,R+C
1786981964.709,25.9,0.000,0.843,0.834,0.4579,-0.0460,-3.71,-1.29022,0.150,0.400,0.000,-0.7736,-0.8113,TRACKING,R+C
1786981964.754,25.9,0.000,0.843,0.834,0.4547,-0.0432,-2.82,-1.28359,0.150,0.400,0.000,-0.7665,-0.8045,TRACKING,R+C
1786981964.787,25.9,0.896,0.843,0.834,0.3982,-0.0381,-2.51,-1.25059,0.150,0.400,0.000,-0.7092,-0.7448,TRACKING,L+C+R_fused
1786981964.818,25.9,0.905,0.843,0.832,0.4108,-0.0316,-0.16,-1.05753,0.150,0.400,0.000,-0.6752,-0.7088,TRACKING,L+C+R_fused
1786981964.865,25.9,0.907,0.845,0.832,0.4051,-0.0367,-3.34,-1.34957,0.150,0.400,0.000,-0.6770,-0.7121,TRACKING,L+C+R_fused
1786981964.912,25.9,0.746,0.845,0.831,0.4185,-0.0384,-4.23,-1.42819,0.150,0.400,0.000,-0.6813,-0.7170,TRACKING,L+C+R_fused
1786981964.957,25.9,0.816,0.844,0.834,0.4127,-0.0369,-3.57,-1.49387,0.150,0.400,0.000,-0.6929,-0.7303,TRACKING,L+C+R_fused
1786981964.991,25.9,0.829,0.844,0.833,0.4153,-0.0382,-6.11,-1.77543,0.150,0.400,0.000,-0.6669,-0.7053,TRACKING,L+C+R_fused
1786981965.037,25.9,0.696,0.839,0.834,0.4199,-0.0445,-7.02,-1.80632,0.150,0.400,0.000,-0.7237,-0.7640,TRACKING,L+C+R_fused
1786981965.082,25.9,0.708,0.842,0.835,0.4188,-0.0429,-4.86,-1.63406,0.150,0.400,0.000,-0.7464,-0.7868,TRACKING,L+C+R_fused
1786981965.112,25.9,0.715,0.842,0.835,0.4221,-0.0416,-4.19,-1.58704,0.150,0.400,0.000,-0.7442,-0.7843,TRACKING,L+C+R_fused
1786981965.150,25.9,0.603,0.843,0.834,0.4587,-0.0454,-7.43,-2.12639,0.150,0.400,0.000,-0.7641,-0.8101,TRACKING,L+C+R_fused
1786981965.185,25.9,0.371,0.840,0.835,0.4462,-0.0541,-12.06,-2.48636,0.150,0.400,0.000,-0.7828,-0.8321,TRACKING,L+C+R_fused
1786981965.226,25.9,0.373,0.845,0.833,0.4690,-0.0503,-9.89,-2.38794,0.150,0.400,0.000,-0.7849,-0.8339,TRACKING,L+C+R_fused
1786981965.259,25.9,0.529,0.841,0.835,0.5397,-0.0507,-9.46,-2.42723,0.150,0.400,0.000,-0.8065,-0.8572,TRACKING,L+C+R_fused
1786981965.299,25.9,0.000,0.842,0.834,0.4687,-0.0519,-10.69,-2.69487,0.150,0.400,0.000,-0.8207,-0.8750,TRACKING,R+C
1786981965.336,25.9,0.000,0.842,0.834,0.4754,-0.0552,-12.48,-2.78940,0.150,0.400,0.000,-0.8234,-0.8784,TRACKING,R+C
1786981965.361,25.9,0.000,0.846,0.832,0.4826,-0.0535,-11.59,-2.85876,0.150,0.400,0.000,-0.8348,-0.8916,TRACKING,R+C
1786981965.394,25.9,0.000,0.845,0.832,0.4888,-0.0503,-8.80,-2.72948,0.150,0.400,0.000,-0.8554,-0.9126,TRACKING,R+C
1786981965.428,27.4,0.000,0.846,0.831,0.4816,-0.0504,-9.38,-2.80021,0.150,0.400,0.000,-0.8500,-0.9076,TRACKING,R+C
1786981965.458,27.4,0.000,0.847,0.833,0.4856,-0.0423,-6.15,-2.65122,0.150,0.400,0.000,-0.8276,-0.8840,TRACKING,R+C
1786981965.486,27.4,0.000,0.846,0.831,0.4881,-0.0394,-6.24,-2.68205,0.150,0.400,0.000,-0.7958,-0.8512,TRACKING,R+C
1786981965.524,27.4,0.000,0.846,0.831,0.4887,-0.0379,-5.60,-2.67979,0.150,0.400,0.000,-0.7954,-0.8512,TRACKING,R+C
1786981965.570,27.4,0.823,0.844,0.828,0.4194,-0.0333,-6.06,-2.79478,0.150,0.400,0.000,-0.7426,-0.7976,TRACKING,L+C+R_fused
1786981965.607,27.4,0.823,0.844,0.828,0.4194,-0.0267,-4.85,-2.23583,0.150,0.400,0.000,-0.7426,-0.7976,TRACKING,prediction
1786981965.642,27.4,0.823,0.844,0.828,0.4194,-0.0213,-3.88,-1.78866,0.150,0.400,0.000,-0.7426,-0.7976,TRACKING,prediction
1786981965.673,27.4,0.844,0.844,0.825,0.4264,-0.0163,-3.53,-2.67727,0.150,0.400,0.000,-0.5819,-0.6312,TRACKING,L+C+R_fused
1786981965.715,27.4,0.000,0.843,0.827,0.4858,-0.0022,2.53,-2.16523,0.150,0.400,0.000,-0.5196,-0.5648,TRACKING,R+C
1786981965.744,27.4,0.000,0.843,0.827,0.4821,-0.0075,-2.05,-2.60815,0.150,0.400,0.000,-0.4952,-0.5418,TRACKING,R+C
1786981965.784,27.4,0.000,0.839,0.820,0.4751,0.0025,2.10,-2.22349,0.150,0.400,0.000,-0.4410,-0.4842,TRACKING,R+C
1786981965.816,27.4,0.000,0.837,0.825,0.4695,0.0098,3.27,-2.13025,0.150,0.400,0.000,-0.3569,-0.3974,TRACKING,R+C
1786981965.842,27.4,0.000,0.836,0.825,0.4709,0.0111,3.27,-2.13593,0.150,0.400,0.000,-0.3362,-0.3762,TRACKING,R+C
1786981965.872,27.4,0.000,0.839,0.826,0.4687,0.0168,2.75,-2.23322,0.150,0.400,0.000,-0.2341,-0.2721,TRACKING,R+C
1786981965.898,27.4,0.000,0.839,0.826,0.4687,0.0135,2.20,-1.78657,0.150,0.400,0.000,-0.2341,-0.2721,TRACKING,prediction
1786981965.939,27.4,0.000,0.839,0.826,0.4687,0.0108,1.76,-1.42926,0.150,0.400,0.000,-0.2341,-0.2721,TRACKING,prediction
1786981965.969,27.4,0.000,0.840,0.828,0.4523,0.0378,7.94,-1.79782,0.150,0.400,0.000,-0.0255,-0.0569,TRACKING,R+C
1786981965.996,27.4,0.000,0.837,0.831,0.4376,0.0419,7.69,-1.79132,0.150,0.400,0.000,0.0605,0.0317,TRACKING,R+C
1786981966.024,27.4,0.000,0.837,0.832,0.4464,0.0419,7.71,-1.81761,0.150,0.400,0.000,0.0550,0.0257,TRACKING,R+C
1786981966.053,27.4,0.000,0.839,0.829,0.4199,0.0497,7.41,-1.88324,0.150,0.400,0.000,0.1933,0.1670,TRACKING,R+C
1786981966.081,27.4,0.000,0.836,0.834,0.4162,0.0573,6.24,-2.16777,0.150,0.400,0.000,0.3235,0.2982,TRACKING,R+C
1786981966.106,27.4,0.000,0.836,0.834,0.4208,0.0608,8.58,-1.94926,0.150,0.400,0.000,0.3153,0.2904,TRACKING,R+C
1786981966.151,27.4,0.824,0.842,0.828,0.4510,0.0648,8.24,-1.98404,0.150,0.400,0.000,0.3911,0.3682,TRACKING,L+C+R_fused
1786981966.182,27.4,0.898,0.842,0.835,0.4407,0.0747,11.14,-1.71390,0.150,0.400,0.000,0.4670,0.4470,TRACKING,L+C+R_fused
1786981966.212,27.4,0.900,0.842,0.835,0.4343,0.0708,9.15,-1.90227,0.150,0.400,0.000,0.4598,0.4392,TRACKING,L+C+R_fused
1786981966.245,27.4,0.853,0.843,0.829,0.4610,0.0766,9.54,-1.84517,0.150,0.400,0.000,0.5403,0.5225,TRACKING,L+C+R_fused
1786981966.289,27.4,0.842,0.844,0.826,0.4645,0.0830,10.21,-1.87550,0.150,0.400,0.000,0.6015,0.5846,TRACKING,L+C+R_fused
1786981966.325,27.4,0.842,0.845,0.826,0.4648,0.0810,10.07,-1.82535,0.150,0.400,0.000,0.5866,0.5701,TRACKING,L+C+R_fused
1786981966.359,27.4,0.845,0.839,0.827,0.4405,0.0872,13.38,-1.50992,0.150,0.400,0.000,0.5908,0.5753,TRACKING,L+C+R_fused
1786981966.401,27.4,0.835,0.841,0.828,0.4562,0.0817,11.14,-1.79193,0.150,0.400,0.000,0.5587,0.5405,TRACKING,L+C+R_fused
1786981966.454,29.2,0.837,0.841,0.828,0.4411,0.0851,12.78,-1.65535,0.150,0.400,0.000,0.5624,0.5445,TRACKING,L+C+R_fused
1786981966.497,29.2,0.830,0.839,0.829,0.4417,0.0769,11.18,-1.80699,0.150,0.400,0.000,0.4834,0.4626,TRACKING,L+C+R_fused
1786981966.538,29.2,0.825,0.838,0.830,0.4626,0.0794,16.08,-1.34601,0.150,0.400,0.000,0.3817,0.3590,TRACKING,L+C+R_fused
1786981966.570,29.2,0.826,0.838,0.828,0.4511,0.0815,17.11,-1.25521,0.150,0.400,0.000,0.3828,0.3603,TRACKING,L+C+R_fused
1786981966.597,29.2,0.000,0.844,0.824,0.4459,0.0745,16.23,-1.40249,0.150,0.400,0.000,0.2823,0.2558,TRACKING,R+C
1786981966.628,29.2,0.000,0.842,0.830,0.4525,0.0734,18.46,-1.21551,0.150,0.400,0.000,0.1870,0.1580,TRACKING,R+C
1786981966.672,29.2,0.000,0.842,0.830,0.4538,0.0712,16.96,-1.37484,0.150,0.400,0.000,0.1943,0.1649,TRACKING,R+C
1786981966.704,29.2,0.000,0.839,0.828,0.4665,0.0627,16.35,-1.41973,0.150,0.400,0.000,0.0670,0.0343,TRACKING,R+C
1786981966.733,29.2,0.000,0.837,0.826,0.4772,0.0561,16.49,-1.44041,0.150,0.400,0.000,-0.0616,-0.0982,TRACKING,R+C
1786981966.759,29.2,0.000,0.837,0.826,0.4706,0.0521,14.68,-1.59652,0.150,0.400,0.000,-0.0692,-0.1062,TRACKING,R+C
1786981966.785,29.2,0.000,0.836,0.825,0.4694,0.0486,15.78,-1.56694,0.150,0.400,0.000,-0.1828,-0.2237,TRACKING,R+C
1786981966.827,29.2,0.000,0.836,0.825,0.4694,0.0388,12.62,-1.25355,0.150,0.400,0.000,-0.1828,-0.2237,TRACKING,prediction
1786981966.858,29.2,0.000,0.836,0.825,0.4694,0.0311,10.10,-1.00284,0.150,0.400,0.000,-0.1828,-0.2237,TRACKING,prediction
1786981966.892,29.2,0.000,0.835,0.818,0.4865,0.0349,18.04,-1.22889,0.150,0.400,0.000,-0.4558,-0.5020,TRACKING,R+C
1786981966.927,29.2,0.000,0.835,0.818,0.4865,0.0279,14.43,-0.98311,0.150,0.400,0.000,-0.4558,-0.5020,TRACKING,prediction
1786981966.965,29.2,0.000,0.835,0.818,0.4865,0.0223,11.55,-0.78649,0.150,0.400,0.000,-0.4558,-0.5020,TRACKING,prediction
1786981966.995,29.2,0.000,0.835,0.818,0.4865,0.0179,9.24,-0.62919,0.150,0.400,0.000,-0.4558,-0.5020,TRACKING,prediction
1786981967.022,29.2,0.000,0.828,0.818,0.5203,0.0123,18.73,-1.27709,0.150,0.400,0.000,-0.7972,-0.8568,TRACKING,R+C
1786981967.061,29.2,0.000,0.828,0.818,0.5295,0.0134,18.44,-1.36217,0.150,0.400,0.000,-0.7865,-0.8466,TRACKING,R+C
1786981967.091,29.2,0.000,0.828,0.818,0.5295,0.0107,14.75,-1.08973,0.150,0.400,0.000,-0.7865,-0.8466,TRACKING,prediction
1786981967.118,29.2,0.000,0.835,0.816,0.5319,-0.0072,17.40,-1.41982,0.150,0.400,0.000,-0.9725,-1.0000,TRACKING,R+C
1786981967.150,29.2,0.000,0.836,0.816,0.5475,-0.0093,16.32,-1.55233,0.150,0.400,0.000,-0.9760,-1.0000,TRACKING,R+C
1786981967.186,29.2,0.000,0.836,0.816,0.5475,-0.0074,13.05,-1.24186,0.150,0.400,0.000,-0.9760,-1.0000,TRACKING,prediction
1786981967.232,29.2,0.681,0.835,0.821,0.5004,-0.0249,19.60,-1.06164,0.150,0.400,0.000,-1.0000,-1.0000,TRACKING,L+C+R_fused
1786981967.278,29.2,0.681,0.835,0.821,0.5004,-0.0199,15.68,-0.84931,0.150,0.400,0.000,-1.0000,-1.0000,TRACKING,prediction
1786981967.307,29.2,0.000,0.838,0.817,0.5867,-0.0387,16.09,-1.48074,0.150,0.400,0.000,-1.0000,-1.0000,TRACKING,R+C
1786981967.339,29.2,0.000,0.829,0.816,0.5892,-0.0469,17.49,-1.31912,0.150,0.400,0.000,-1.0000,-1.0000,TRACKING,R+C
1786981967.376,29.2,0.000,0.829,0.817,0.5880,-0.0498,15.91,-1.47448,0.150,0.400,0.000,-1.0000,-1.0000,TRACKING,R+C
1786981967.414,29.2,0.000,0.829,0.817,0.5880,-0.0398,12.73,-1.17958,0.150,0.400,0.000,-1.0000,-1.0000,TRACKING,prediction
1786981967.454,29.0,0.000,0.829,0.817,0.5880,-0.0319,10.18,-0.94367,0.150,0.400,0.000,-1.0000,-1.0000,TRACKING,prediction
1786981967.492,29.0,0.000,0.829,0.817,0.5880,-0.0255,8.15,-0.75493,0.150,0.400,0.000,-1.0000,-1.0000,TRACKING,prediction
1786981967.526,29.0,0.000,0.829,0.817,0.5880,-0.0204,6.52,-0.60395,0.150,0.400,0.000,-1.0000,-1.0000,TRACKING,prediction
1786981967.575,29.0,0.000,0.829,0.817,0.5880,-0.0163,5.21,-0.48316,0.150,0.400,0.000,-1.0000,-1.0000,TRACKING,prediction
1786981967.612,29.0,0.000,0.829,0.817,0.5880,-0.0130,4.17,-0.38653,0.150,0.400,0.000,-1.0000,-1.0000,TRACKING,prediction
1786981967.650,29.0,0.000,0.813,0.813,0.6129,-0.0959,21.21,-0.66228,0.150,0.400,0.000,-1.0000,-1.0000,TRACKING,R+C
1786981967.696,29.0,0.000,0.817,0.814,0.6165,-0.1084,20.04,-0.63732,0.150,0.400,0.000,-1.0000,-1.0000,TRACKING,R+C
1786981967.737,29.0,0.000,0.818,0.813,0.6093,-0.1077,17.94,-0.93936,0.150,0.400,0.000,-1.0000,-1.0000,TRACKING,R+C
1786981967.788,29.0,0.000,0.818,0.813,0.6093,-0.0861,14.35,-0.75149,0.150,0.400,0.000,-1.0000,-1.0000,TRACKING,prediction
1786981967.822,29.0,0.000,0.815,0.811,0.6005,-0.1317,11.75,-1.40673,0.150,0.400,0.000,-1.0000,-1.0000,TRACKING,R+C
1786981967.858,29.0,0.000,0.815,0.811,0.6108,-0.1282,17.19,-0.78004,0.150,0.400,0.000,-1.0000,-1.0000,TRACKING,R+C
1786981967.905,29.0,0.000,0.815,0.811,0.6108,-0.1025,13.75,-0.62403,0.150,0.400,0.000,-1.0000,-1.0000,TRACKING,prediction
1786981967.949,29.0,0.000,0.815,0.811,0.6108,-0.0820,11.00,-0.49923,0.150,0.400,0.000,-1.0000,-1.0000,TRACKING,prediction
1786981967.995,29.0,0.000,0.815,0.811,0.6108,-0.0656,8.80,-0.39938,0.150,0.400,0.000,-1.0000,-1.0000,TRACKING,prediction
1786981968.033,29.0,0.000,0.827,0.815,0.5794,-0.1303,14.75,-0.97875,0.150,0.400,0.000,-1.0000,-1.0000,TRACKING,R+C
1786981968.079,29.0,0.000,0.827,0.815,0.5794,-0.1042,11.80,-0.78300,0.150,0.400,0.000,-1.0000,-1.0000,TRACKING,prediction
1786981968.124,29.0,0.000,0.827,0.815,0.5794,-0.0834,9.44,-0.62640,0.150,0.400,0.000,-1.0000,-1.0000,TRACKING,prediction
1786981968.174,29.0,0.000,0.827,0.815,0.5794,-0.0667,7.55,-0.50112,0.150,0.400,0.000,-1.0000,-1.0000,TRACKING,prediction
1786981968.211,29.0,0.000,0.828,0.817,0.5619,-0.1313,11.49,-1.19678,0.150,0.400,0.000,-1.0000,-1.0000,TRACKING,R+C
1786981968.245,29.0,0.000,0.829,0.816,0.5533,-0.1370,8.29,-1.45778,0.150,0.400,0.000,-1.0000,-1.0000,TRACKING,R+C
1786981968.272,29.0,0.000,0.843,0.820,0.5508,-0.1341,9.75,-1.28414,0.150,0.400,0.000,-1.0000,-1.0000,TRACKING,R+C
1786981968.300,29.0,0.000,0.837,0.821,0.5442,-0.1360,8.31,-1.34973,0.150,0.400,0.000,-1.0000,-1.0000,TRACKING,R+C
1786981968.329,29.0,0.000,0.833,0.820,0.5478,-0.1282,16.48,-0.39341,0.161,0.400,0.000,-1.0000,-1.0000,TRACKING,R+C
1786981968.362,29.0,0.000,0.833,0.820,0.5478,-0.1025,13.18,-0.31473,0.161,0.400,0.000,-1.0000,-1.0000,TRACKING,prediction
1786981968.403,29.0,0.000,0.832,0.826,0.5344,-0.1328,7.65,-1.30600,0.150,0.400,0.000,-1.0000,-1.0000,TRACKING,R+C
1786981968.436,29.0,0.000,0.834,0.828,0.5373,-0.1293,12.58,-0.68490,0.150,0.400,0.000,-1.0000,-1.0000,TRACKING,R+C
1786981968.470,25.6,0.000,0.834,0.826,0.5287,-0.1269,10.75,-0.89929,0.150,0.400,0.000,-1.0000,-1.0000,TRACKING,R+C
1786981968.513,25.6,0.000,0.834,0.826,0.5287,-0.1015,8.60,-0.71943,0.150,0.400,0.000,-1.0000,-1.0000,TRACKING,prediction
1786981968.560,25.6,0.000,0.834,0.826,0.5287,-0.0812,6.88,-0.57555,0.150,0.400,0.000,-1.0000,-1.0000,TRACKING,prediction
1786981968.610,25.6,0.000,0.834,0.826,0.5287,-0.0650,5.51,-0.46044,0.150,0.400,0.000,-1.0000,-1.0000,TRACKING,prediction
1786981968.658,25.6,0.000,0.834,0.826,0.5287,-0.0520,4.40,-0.36835,0.150,0.400,0.000,-1.0000,-1.0000,TRACKING,prediction
1786981968.694,25.6,0.000,0.834,0.826,0.5287,-0.0416,3.52,-0.29468,0.150,0.400,0.000,-1.0000,-1.0000,TRACKING,prediction
1786981968.724,25.6,0.000,0.833,0.824,0.5099,-0.1219,9.30,-0.85332,0.150,0.400,0.000,-1.0000,-1.0000,TRACKING,R+C
1786981968.758,25.6,0.000,0.833,0.824,0.5099,-0.0975,7.44,-0.68266,0.150,0.400,0.000,-1.0000,-1.0000,TRACKING,prediction
1786981968.800,25.6,0.000,0.833,0.824,0.5099,-0.0780,5.95,-0.54612,0.150,0.400,0.000,-1.0000,-1.0000,TRACKING,prediction
1786981968.832,25.6,0.000,0.849,0.826,0.5057,-0.1234,4.78,-1.22197,0.150,0.400,0.000,-1.0000,-1.0000,TRACKING,R+C
1786981968.879,25.6,0.000,0.854,0.831,0.5014,-0.1199,3.98,-1.28839,0.150,0.400,0.000,-1.0000,-1.0000,TRACKING,R+C
1786981968.920,25.6,0.000,0.854,0.830,0.5034,-0.1198,4.77,-1.19851,0.150,0.400,0.000,-1.0000,-1.0000,TRACKING,R+C
1786981968.956,25.6,0.000,0.854,0.830,0.5034,-0.0958,3.82,-0.95881,0.150,0.400,0.000,-1.0000,-1.0000,TRACKING,prediction
1786981968.996,25.6,0.000,0.854,0.830,0.5034,-0.0766,3.05,-0.76705,0.150,0.400,0.000,-1.0000,-1.0000,TRACKING,prediction
1786981969.038,25.6,0.000,0.854,0.830,0.5034,-0.0613,2.44,-0.61364,0.150,0.400,0.000,-1.0000,-1.0000,TRACKING,prediction
1786981969.075,25.6,0.000,0.854,0.830,0.5034,-0.0491,1.95,-0.49091,0.150,0.400,0.000,-1.0000,-1.0000,TRACKING,prediction
1786981969.109,25.6,0.000,0.867,0.838,0.5006,-0.1066,3.90,-1.09687,0.150,0.400,0.000,-1.0000,-1.0000,TRACKING,R+C
1786981969.140,25.6,0.000,0.868,0.838,0.4995,-0.1061,4.64,-1.02096,0.150,0.400,0.000,-1.0000,-1.0000,TRACKING,R+C
1786981969.174,25.6,0.000,0.868,0.838,0.4995,-0.0849,3.72,-0.81677,0.150,0.400,0.000,-1.0000,-1.0000,TRACKING,prediction
1786981969.204,25.6,0.000,0.893,0.842,0.4899,-0.0986,5.82,-0.86976,0.150,0.400,0.000,-1.0000,-1.0000,TRACKING,R+C
1786981969.237,25.6,0.000,0.893,0.841,0.4869,-0.1003,4.85,-0.95253,0.150,0.400,0.000,-1.0000,-1.0000,TRACKING,R+C
1786981969.266,25.6,0.000,0.895,0.836,0.4845,-0.1001,4.35,-0.97743,0.150,0.400,0.000,-1.0000,-1.0000,TRACKING,R+C
1786981969.305,25.6,0.000,0.890,0.838,0.4836,-0.1016,4.56,-0.96410,0.150,0.400,0.000,-1.0000,-1.0000,TRACKING,R+C
1786981969.329,25.6,0.000,0.890,0.839,0.4829,-0.1026,3.61,-1.05924,0.150,0.400,0.000,-1.0000,-1.0000,TRACKING,R+C
1786981969.354,25.6,0.000,0.888,0.840,0.4792,-0.1074,3.72,-1.03218,0.150,0.400,0.000,-1.0000,-1.0000,TRACKING,R+C
1786981969.384,25.6,0.000,0.880,0.834,0.4785,-0.1095,6.83,-0.67801,0.150,0.400,0.000,-1.0000,-1.0000,TRACKING,R+C
1786981969.407,25.6,0.000,0.881,0.834,0.4831,-0.1134,5.01,-0.83088,0.150,0.400,0.000,-1.0000,-1.0000,TRACKING,R+C
1786981969.430,25.6,0.000,0.881,0.840,0.4804,-0.1193,5.06,-0.80451,0.150,0.400,0.000,-1.0000,-1.0000,TRACKING,R+C
1786981969.455,25.6,0.000,0.874,0.833,0.4773,-0.1271,2.41,-1.14446,0.150,0.400,0.000,-1.0000,-1.0000,TRACKING,R+C
1786981969.479,28.7,0.000,0.874,0.833,0.4781,-0.1265,2.11,-1.21550,0.150,0.400,0.000,-1.0000,-1.0000,TRACKING,R+C
1786981969.504,28.7,0.000,0.881,0.834,0.4793,-0.1325,2.92,-1.08480,0.150,0.400,0.000,-1.0000,-1.0000,TRACKING,R+C
1786981969.528,28.7,0.000,0.876,0.835,0.4770,-0.1375,3.13,-1.04506,0.150,0.400,0.000,-1.0000,-1.0000,TRACKING,R+C
1786981969.559,28.7,0.000,0.872,0.834,0.4732,-0.1377,1.86,-1.21837,0.150,0.400,0.000,-1.0000,-1.0000,TRACKING,R+C
1786981969.589,28.7,0.000,0.874,0.832,0.4709,-0.1464,-0.28,-1.37254,0.150,0.400,0.000,-1.0000,-1.0000,TRACKING,R+C
1786981969.624,28.7,0.000,0.875,0.834,0.4733,-0.1482,1.85,-1.11846,0.150,0.400,0.000,-1.0000,-1.0000,TRACKING,R+C
1786981969.651,28.7,0.000,0.874,0.834,0.4747,-0.1475,2.16,-1.10613,0.150,0.400,0.000,-1.0000,-1.0000,TRACKING,R+C
1786981969.677,28.7,0.000,0.876,0.836,0.4776,-0.1498,2.10,-1.05284,0.150,0.400,0.000,-1.0000,-1.0000,TRACKING,R+C
1786981969.712,28.7,0.000,0.852,0.835,0.4766,-0.1507,-0.29,-1.29520,0.150,0.400,0.000,-1.0000,-1.0000,TRACKING,R+C
1786981969.749,28.7,0.000,0.852,0.835,0.4767,-0.1491,1.06,-1.13287,0.150,0.400,0.000,-1.0000,-1.0000,TRACKING,R+C
1786981969.778,28.7,0.000,0.849,0.839,0.4647,-0.1453,0.05,-1.23201,0.150,0.400,0.000,-1.0000,-1.0000,TRACKING,R+C
1786981969.806,28.7,0.000,0.840,0.839,0.4681,-0.1431,1.43,-0.96912,0.150,0.400,0.000,-1.0000,-1.0000,TRACKING,R+C
1786981969.837,28.7,0.000,0.841,0.839,0.4655,-0.1409,1.06,-1.10603,0.150,0.400,0.000,-1.0000,-1.0000,TRACKING,R+C
1786981970.518,12.5,0.000,0.869,0.838,0.4649,-0.1355,2.02,-0.98864,0.150,0.400,0.000,-1.0000,-1.0000,TRACKING,R+C
1786981970.548,12.5,0.000,0.875,0.839,0.4626,-0.1348,0.36,-1.05019,0.150,0.400,0.000,-1.0000,-1.0000,TRACKING,R+C
1786981970.577,12.5,0.000,0.875,0.839,0.4616,-0.1317,2.03,-0.92157,0.150,0.400,0.000,-1.0000,-1.0000,TRACKING,R+C
1786981970.602,12.5,0.000,0.868,0.839,0.4580,-0.1282,0.36,-1.07563,0.150,0.400,0.000,-1.0000,-1.0000,TRACKING,R+C
1786981970.634,12.5,0.000,0.868,0.839,0.4580,-0.1025,0.29,-0.86050,0.150,0.400,0.000,-1.0000,-1.0000,TRACKING,prediction
1786981970.672,12.5,0.000,0.868,0.839,0.4580,-0.0820,0.23,-0.68840,0.150,0.400,0.000,-1.0000,-1.0000,TRACKING,prediction
1786981970.709,12.5,0.000,0.872,0.837,0.4527,-0.1185,-0.33,-1.06554,0.150,0.400,0.000,-1.0000,-1.0000,TRACKING,R+C
1786981970.740,12.5,0.000,0.878,0.840,0.4578,-0.1156,-1.64,-1.13095,0.150,0.400,0.000,-1.0000,-1.0000,TRACKING,R+C
1786981970.772,12.5,0.000,0.878,0.839,0.4568,-0.1149,-0.88,-1.06282,0.150,0.400,0.000,-1.0000,-1.0000,TRACKING,R+C
1786981970.802,12.5,0.000,0.878,0.839,0.4568,-0.0919,-0.70,-0.85026,0.150,0.400,0.000,-1.0000,-1.0000,TRACKING,prediction
1786981970.841,12.5,0.000,0.878,0.839,0.4568,-0.0735,-0.56,-0.68020,0.150,0.400,0.000,-1.0000,-1.0000,TRACKING,prediction
1786981970.872,12.5,0.000,0.878,0.839,0.4568,-0.0588,-0.45,-0.54416,0.150,0.400,0.000,-1.0000,-1.0000,TRACKING,prediction
1786981970.900,12.5,0.000,0.878,0.839,0.4568,-0.0471,-0.36,-0.43533,0.150,0.400,0.000,-1.0000,-1.0000,TRACKING,prediction
1786981970.931,12.5,0.000,0.878,0.839,0.4568,-0.0376,-0.29,-0.34826,0.150,0.400,0.000,-1.0000,-1.0000,TRACKING,prediction
1786981970.961,12.5,0.000,0.878,0.839,0.4568,-0.0301,-0.23,-0.27861,0.150,0.400,0.000,-1.0000,-1.0000,TRACKING,prediction
1786981970.998,12.5,0.000,0.878,0.839,0.4568,-0.0241,-0.18,-0.22289,0.150,0.400,0.000,-1.0000,-1.0000,TRACKING,prediction
1786981971.038,12.5,0.000,0.878,0.839,0.4568,-0.0193,-0.15,-0.17831,0.150,0.400,0.000,-1.0000,-1.0000,TRACKING,prediction
1786981971.070,12.5,0.000,0.878,0.839,0.4568,-0.0154,-0.12,-0.14265,0.150,0.400,0.000,-1.0000,-1.0000,TRACKING,prediction
1786981971.105,12.5,0.000,0.878,0.839,0.4568,-0.0123,-0.09,-0.11412,0.150,0.400,0.000,-1.0000,-1.0000,TRACKING,prediction
1786981971.136,12.5,0.862,0.893,0.853,0.3993,-0.0659,0.03,-0.90177,0.150,0.400,0.000,-1.0000,-1.0000,TRACKING,L+C+R_fused
1786981971.175,12.5,0.863,0.892,0.853,0.3947,-0.0645,0.99,-0.81380,0.150,0.400,0.000,-1.0000,-1.0000,TRACKING,L+C+R_fused
1786981971.206,12.5,0.863,0.892,0.853,0.3947,-0.0516,0.79,-0.65104,0.150,0.400,0.000,-1.0000,-1.0000,TRACKING,prediction
1786981971.246,12.5,0.863,0.892,0.853,0.3947,-0.0413,0.63,-0.52083,0.150,0.400,0.000,-1.0000,-1.0000,TRACKING,prediction
1786981971.274,12.5,0.863,0.892,0.853,0.3947,-0.0330,0.51,-0.41667,0.150,0.400,0.000,-1.0000,-1.0000,TRACKING,prediction
1786981971.303,12.5,0.863,0.892,0.853,0.3947,-0.0264,0.40,-0.33333,0.150,0.400,0.000,-1.0000,-1.0000,TRACKING,prediction
1786981971.334,12.5,0.863,0.892,0.853,0.3947,-0.0211,0.32,-0.26667,0.150,0.400,0.000,-1.0000,-1.0000,TRACKING,prediction
1786981971.368,12.5,0.863,0.892,0.853,0.3947,-0.0169,0.26,-0.21333,0.150,0.400,0.000,-1.0000,-1.0000,TRACKING,prediction
1786981971.395,12.5,0.863,0.892,0.853,0.3947,-0.0135,0.21,-0.17067,0.150,0.400,0.000,-1.0000,-1.0000,TRACKING,prediction
1786981971.436,12.5,0.863,0.892,0.853,0.3947,-0.0108,0.17,-0.13653,0.150,0.400,0.000,-1.0000,-1.0000,TRACKING,prediction
1786981971.468,12.5,0.863,0.892,0.853,0.3947,-0.0087,0.13,-0.10923,0.150,0.400,0.000,-1.0000,-1.0000,TRACKING,prediction
1786981971.496,12.5,0.863,0.892,0.853,0.3947,-0.0069,0.11,-0.08738,0.150,0.400,0.000,-1.0000,-1.0000,TRACKING,prediction
1786981971.528,30.7,0.863,0.892,0.853,0.3947,-0.0055,0.08,-0.06991,0.150,0.395,0.000,-1.0000,-1.0000,TRACKING,prediction
1786981971.562,30.7,0.863,0.892,0.853,0.3947,-0.0044,0.07,-0.05592,0.150,0.375,0.000,-1.0000,-1.0000,TRACKING,prediction
1786981971.594,30.7,0.857,0.895,0.863,0.3914,-0.0697,2.63,-0.77430,0.150,0.400,0.000,-1.0000,-1.0000,TRACKING,L+C+R_fused
1786981971.622,30.7,0.843,0.904,0.858,0.4932,-0.0740,2.69,-0.73858,0.150,0.400,0.000,-1.0000,-1.0000,TRACKING,L+C+R_fused
1786981971.652,30.7,0.844,0.905,0.857,0.4950,-0.0756,1.26,-0.88974,0.150,0.400,0.000,-1.0000,-1.0000,TRACKING,L+C+R_fused
1786981971.684,30.7,0.862,0.909,0.862,0.4796,-0.0775,2.98,-0.65886,0.150,0.400,0.000,-1.0000,-1.0000,TRACKING,L+C+R_fused
1786981971.715,30.7,0.000,0.906,0.853,0.4643,-0.0831,1.24,-0.90038,0.150,0.400,0.000,-1.0000,-1.0000,TRACKING,R+C
1786981971.737,30.7,0.000,0.907,0.851,0.4698,-0.0837,1.23,-0.88947,0.150,0.400,0.000,-1.0000,-1.0000,TRACKING,R+C
1786981971.772,30.7,0.000,0.901,0.865,0.4723,-0.0878,1.29,-0.88512,0.150,0.400,0.000,-1.0000,-1.0000,TRACKING,R+C
1786981971.810,30.7,0.000,0.898,0.863,0.4732,-0.0891,2.52,-0.83214,0.150,0.400,0.000,-1.0000,-1.0000,TRACKING,R+C
1786981971.840,30.7,0.000,0.898,0.863,0.4729,-0.0903,1.64,-0.91821,0.150,0.400,0.000,-1.0000,-1.0000,TRACKING,R+C
1786981971.873,30.7,0.000,0.899,0.862,0.4761,-0.0953,2.33,-0.80575,0.150,0.400,0.000,-1.0000,-1.0000,TRACKING,R+C
1786981971.902,30.7,0.000,0.897,0.850,0.4703,-0.0974,3.89,-0.61560,0.150,0.400,0.000,-1.0000,-1.0000,TRACKING,R+C
1786981971.925,30.7,0.000,0.898,0.851,0.4759,-0.0982,4.01,-0.56820,0.150,0.400,0.000,-1.0000,-1.0000,TRACKING,R+C
1786981971.956,30.7,0.000,0.883,0.855,0.4765,-0.0995,6.60,-0.31518,0.168,0.400,0.000,-1.0000,-1.0000,TRACKING,R+C
1786981971.988,30.7,0.000,0.888,0.862,0.4788,-0.1053,4.77,-0.54691,0.150,0.400,0.000,-1.0000,-1.0000,TRACKING,R+C
1786981972.017,30.7,0.000,0.888,0.862,0.4772,-0.1053,4.14,-0.65470,0.150,0.400,0.000,-1.0000,-1.0000,TRACKING,R+C
1786981972.054,30.7,0.000,0.886,0.851,0.4640,-0.1146,0.45,-0.98772,0.150,0.400,0.000,-1.0000,-1.0000,TRACKING,R+C
1786981972.083,30.7,0.000,0.877,0.854,0.4702,-0.1182,2.93,-0.48799,0.151,0.400,0.000,-1.0000,-1.0000,TRACKING,R+C
1786981972.112,30.7,0.000,0.877,0.854,0.4669,-0.1190,1.54,-0.70819,0.150,0.400,0.000,-1.0000,-1.0000,TRACKING,R+C
1786981972.144,30.7,0.000,0.866,0.848,0.4824,-0.1250,-0.96,-1.55914,0.150,0.400,0.000,-1.0000,-1.0000,TRACKING,R+C
1786981972.172,30.7,0.000,0.866,0.848,0.4824,-0.1000,-0.77,-1.24732,0.150,0.400,0.000,-1.0000,-1.0000,TRACKING,prediction
1786981972.201,30.7,0.000,0.866,0.848,0.4824,-0.0800,-0.61,-0.99785,0.150,0.400,0.000,-1.0000,-1.0000,TRACKING,prediction
1786981972.229,30.7,0.000,0.866,0.848,0.4824,-0.0640,-0.49,-0.79828,0.150,0.400,0.000,-1.0000,-1.0000,TRACKING,prediction
1786981972.256,30.7,0.000,0.835,0.837,0.4989,-0.1385,3.17,-1.04293,0.150,0.400,0.000,-1.0000,-1.0000,TRACKING,R+C
1786981972.284,30.7,0.000,0.829,0.837,0.4994,-0.1428,-0.34,-1.60729,0.150,0.400,0.000,-1.0000,-1.0000,TRACKING,R+C
1786981972.317,30.7,0.000,0.829,0.837,0.4994,-0.1143,-0.27,-1.28583,0.150,0.400,0.000,-1.0000,-1.0000,TRACKING,prediction
1786981972.349,30.7,0.000,0.830,0.831,0.5015,-0.1568,-3.33,-1.72975,0.150,0.400,0.000,-1.0000,-1.0000,TRACKING,R+C
1786981972.382,30.7,0.000,0.828,0.832,0.4870,-0.1547,-1.44,-1.58908,0.150,0.400,0.000,-1.0000,-1.0000,TRACKING,R+C
1786981972.422,30.7,0.000,0.832,0.836,0.5032,-0.1628,-3.97,-1.69992,0.150,0.400,0.000,-1.0000,-1.0000,TRACKING,R+C
1786981972.459,30.7,0.000,0.831,0.845,0.4925,-0.1644,-0.53,-1.42823,0.150,0.400,0.000,-1.0000,-1.0000,TRACKING,R+C
1786981972.488,30.7,0.000,0.829,0.846,0.4956,-0.1637,1.74,-1.11035,0.150,0.400,0.000,-1.0000,-1.0000,TRACKING,R+C
1786981972.521,30.7,0.000,0.831,0.840,0.5120,-0.1639,3.92,-0.98916,0.150,0.400,0.000,-1.0000,-1.0000,TRACKING,R+C
1786981972.552,32.2,0.000,0.831,0.850,0.4943,-0.1705,3.67,-0.93833,0.150,0.400,0.000,-1.0000,-1.0000,TRACKING,R+C
1786981972.582,32.2,0.000,0.832,0.850,0.4937,-0.1692,3.81,-0.92837,0.150,0.400,0.000,-1.0000,-1.0000,TRACKING,R+C
1786981972.612,32.2,0.000,0.822,0.853,0.4910,-0.1716,4.66,-0.79639,0.150,0.400,0.000,-1.0000,-1.0000,TRACKING,R+C
1786981972.646,32.2,0.000,0.827,0.857,0.4853,-0.1746,2.11,-1.07627,0.150,0.400,0.000,-1.0000,-1.0000,TRACKING,R+C
1786981972.682,32.2,0.000,0.826,0.857,0.4781,-0.1755,1.56,-1.11344,0.150,0.400,0.000,-1.0000,-1.0000,TRACKING,R+C
1786981972.710,32.2,0.000,0.817,0.854,0.4743,-0.1736,2.18,-1.02270,0.150,0.400,0.000,-1.0000,-1.0000,TRACKING,R+C
1786981972.747,32.2,0.000,0.817,0.854,0.4743,-0.1389,1.74,-0.81816,0.150,0.400,0.000,-1.0000,-1.0000,TRACKING,prediction
1786981972.788,32.2,0.000,0.817,0.854,0.4743,-0.1111,1.39,-0.65453,0.150,0.400,0.000,-1.0000,-1.0000,TRACKING,prediction
1786981972.829,32.2,0.000,0.824,0.847,0.4887,-0.1695,-0.33,-1.41136,0.150,0.400,0.000,-1.0000,-1.0000,TRACKING,R+C
1786981972.883,32.2,0.000,0.824,0.847,0.4887,-0.1356,-0.26,-1.12909,0.150,0.400,0.000,-1.0000,-1.0000,TRACKING,prediction
1786981972.919,32.2,0.000,0.824,0.847,0.4887,-0.1085,-0.21,-0.90327,0.150,0.400,0.000,-1.0000,-1.0000,TRACKING,prediction
1786981972.965,32.2,0.000,0.824,0.847,0.4887,-0.0868,-0.17,-0.72262,0.150,0.400,0.000,-1.0000,-1.0000,TRACKING,prediction
1786981973.004,32.2,0.000,0.824,0.847,0.4887,-0.0694,-0.13,-0.57810,0.150,0.400,0.000,-1.0000,-1.0000,TRACKING,prediction
1786981973.042,32.2,0.000,0.824,0.847,0.4887,-0.0555,-0.11,-0.46248,0.150,0.400,0.000,-1.0000,-1.0000,TRACKING,prediction
1786981973.084,32.2,0.000,0.824,0.847,0.4887,-0.0444,-0.09,-0.36998,0.150,0.400,0.000,-1.0000,-1.0000,TRACKING,prediction
1786981973.130,32.2,0.000,0.824,0.847,0.4887,-0.0355,-0.07,-0.29598,0.150,0.400,0.000,-1.0000,-1.0000,TRACKING,prediction
1786981973.169,32.2,0.000,0.824,0.847,0.4887,-0.0284,-0.05,-0.23679,0.150,0.400,0.000,-1.0000,-1.0000,TRACKING,prediction
1786981973.206,32.2,0.000,0.824,0.847,0.4887,-0.0228,-0.04,-0.18943,0.150,0.400,0.000,-1.0000,-1.0000,TRACKING,prediction
1786981973.246,32.2,0.000,0.824,0.847,0.4887,-0.0182,-0.04,-0.15154,0.150,0.400,0.000,-1.0000,-1.0000,TRACKING,prediction
1786981973.285,32.2,0.000,0.824,0.847,0.4887,-0.0146,-0.03,-0.12124,0.150,0.380,0.000,-1.0000,-1.0000,TRACKING,prediction
1786981973.316,32.2,0.000,0.807,0.847,0.4928,-0.1705,0.74,-1.38155,0.150,0.400,0.000,-1.0000,-1.0000,TRACKING,R+C
1786981973.356,32.2,0.000,0.814,0.849,0.5126,-0.1719,8.09,-0.54586,0.150,0.400,0.000,-1.0000,-1.0000,TRACKING,R+C
1786981973.388,32.2,0.000,0.813,0.849,0.5159,-0.1747,5.11,-0.83221,0.150,0.400,0.000,-1.0000,-1.0000,TRACKING,R+C
1786981973.426,32.2,0.000,0.813,0.849,0.5159,-0.1398,4.09,-0.66577,0.150,0.400,0.000,-1.0000,-1.0000,TRACKING,prediction
1786981973.474,32.2,0.000,0.815,0.859,0.4952,-0.1774,9.51,-0.29393,0.171,0.400,0.000,-1.0000,-1.0000,TRACKING,R+C
1786981973.513,32.2,0.000,0.815,0.859,0.4962,-0.1815,7.58,-0.46048,0.154,0.400,0.000,-1.0000,-1.0000,TRACKING,R+C
1786981973.540,32.2,0.000,0.846,0.863,0.4975,-0.1800,10.17,-0.20455,0.180,0.400,0.000,-1.0000,-1.0000,TRACKING,R+C
1786981973.570,26.5,0.000,0.840,0.865,0.5374,-0.1818,11.30,-0.02426,0.198,0.400,0.000,-1.0000,-1.0000,TRACKING,R+C
1786981973.601,26.5,0.000,0.844,0.866,0.5299,-0.1751,14.26,0.14519,0.185,0.400,0.000,-1.0000,-1.0000,TRACKING,R+C
1786981973.641,26.5,0.000,0.804,0.860,0.4797,-0.1913,3.98,-0.52959,0.150,0.400,0.000,-1.0000,-1.0000,TRACKING,R+C
1786981973.668,26.5,0.000,0.853,0.859,0.5003,-0.1898,3.36,-0.93044,0.150,0.400,0.000,-1.0000,-1.0000,TRACKING,R+C
1786981973.707,26.5,0.000,0.854,0.860,0.5006,-0.1896,3.11,-0.99276,0.150,0.400,0.000,-1.0000,-1.0000,TRACKING,R+C
1786981973.737,26.5,0.000,0.842,0.857,0.4978,-0.1814,6.23,-0.66134,0.150,0.400,0.000,-1.0000,-1.0000,TRACKING,R+C
1786981973.767,26.5,0.000,0.877,0.852,0.4957,-0.1820,3.92,-0.49543,0.150,0.400,0.000,-1.0000,-1.0000,TRACKING,R+C
1786981973.797,26.5,0.000,0.879,0.853,0.4981,-0.1809,4.84,-0.43357,0.157,0.400,0.000,-1.0000,-1.0000,TRACKING,R+C
1786981973.819,26.5,0.000,0.706,0.863,0.4471,-0.1928,-6.19,-1.10312,0.150,0.400,0.000,-1.0000,-1.0000,TRACKING,R+C
1786981973.856,26.5,0.000,0.837,0.849,0.5000,-0.1740,5.18,-0.61319,0.150,0.400,0.000,-1.0000,-1.0000,TRACKING,R+C
1786981973.896,26.5,0.000,0.835,0.849,0.4995,-0.1770,3.77,-0.69719,0.150,0.400,0.000,-1.0000,-1.0000,TRACKING,R+C
1786981973.918,26.5,0.000,0.891,0.847,0.5012,-0.1762,-1.26,-1.47114,0.150,0.400,0.000,-1.0000,-1.0000,TRACKING,R+C
1786981973.946,26.5,0.000,0.891,0.847,0.5012,-0.1410,-1.00,-1.17691,0.150,0.400,0.000,-1.0000,-1.0000,TRACKING,prediction
1786981973.969,26.5,0.000,0.891,0.847,0.5012,-0.1128,-0.80,-0.94153,0.150,0.400,0.000,-1.0000,-1.0000,TRACKING,prediction
1786981974.014,26.5,0.000,0.822,0.842,0.5057,-0.1648,2.33,-1.15453,0.150,0.400,0.000,-1.0000,-1.0000,TRACKING,R+C
1786981974.035,26.5,0.000,0.896,0.844,0.5157,-0.1626,1.38,-1.16227,0.150,0.400,0.000,-1.0000,-1.0000,TRACKING,R+C
1786981974.067,26.5,0.000,0.896,0.844,0.5167,-0.1629,1.22,-1.16555,0.150,0.400,0.000,-1.0000,-1.0000,TRACKING,R+C
1786981974.091,26.5,0.000,0.896,0.844,0.5167,-0.1303,0.98,-0.93244,0.150,0.400,0.000,-1.0000,-1.0000,TRACKING,prediction
1786981974.140,26.5,0.000,0.896,0.844,0.5167,-0.1042,0.78,-0.74595,0.150,0.400,0.000,-1.0000,-1.0000,TRACKING,prediction
1786981974.188,26.5,0.000,0.896,0.844,0.5167,-0.0834,0.63,-0.59676,0.150,0.400,0.000,-1.0000,-1.0000,TRACKING,prediction
1786981974.220,26.5,0.000,0.896,0.844,0.5167,-0.0667,0.50,-0.47741,0.150,0.400,0.000,-1.0000,-1.0000,TRACKING,prediction
1786981974.260,26.5,0.000,0.896,0.844,0.5167,-0.0534,0.40,-0.38193,0.150,0.400,0.000,-1.0000,-1.0000,TRACKING,prediction
1786981974.305,26.5,0.000,0.896,0.844,0.5167,-0.0427,0.32,-0.30554,0.150,0.400,0.000,-1.0000,-1.0000,TRACKING,prediction
1786981974.329,26.5,0.000,0.914,0.839,0.5313,-0.1415,0.35,-1.53837,0.150,0.400,0.000,-1.0000,-1.0000,TRACKING,R+C
1786981974.355,26.5,0.000,0.381,0.865,0.5395,-0.1327,8.88,0.36499,0.164,0.400,0.000,-1.0000,-1.0000,TRACKING,R+C
1786981974.386,26.5,0.000,0.381,0.865,0.5263,-0.1327,8.88,0.36499,0.164,0.400,0.000,-1.0000,-1.0000,TRACKING,R+C
1786981974.420,26.5,0.000,0.381,0.865,0.5263,-0.1062,7.10,0.29199,0.164,0.400,0.000,-1.0000,-1.0000,TRACKING,prediction
1786981974.455,26.5,0.000,0.907,0.848,0.5281,-0.1275,0.95,-1.66667,0.150,0.400,0.000,-1.0000,-1.0000,TRACKING,R+C
1786981974.480,26.5,0.000,0.906,0.849,0.5212,-0.1262,3.05,-1.27147,0.150,0.400,0.000,-1.0000,-1.0000,TRACKING,R+C
1786981974.497,26.5,0.000,0.906,0.849,0.5212,-0.1010,2.44,-1.01718,0.150,0.400,0.000,-1.0000,-1.0000,TRACKING,prediction
1786981974.545,26.5,0.000,0.906,0.849,0.5212,-0.0808,1.95,-0.81374,0.150,0.400,0.000,-1.0000,-1.0000,TRACKING,prediction
1786981974.589,30.4,0.000,0.906,0.849,0.5212,-0.0646,1.56,-0.65099,0.150,0.400,0.000,-1.0000,-1.0000,TRACKING,prediction
1786981974.621,30.4,0.000,0.907,0.852,0.5293,-0.1179,2.58,-1.54312,0.150,0.400,0.000,-1.0000,-1.0000,TRACKING,R+C
1786981974.651,30.4,0.000,0.907,0.852,0.5293,-0.0943,2.06,-1.23449,0.150,0.400,0.000,-1.0000,-1.0000,TRACKING,prediction
1786981974.682,30.4,0.000,0.907,0.852,0.5293,-0.0755,1.65,-0.98759,0.150,0.400,0.000,-1.0000,-1.0000,TRACKING,prediction
1786981974.719,30.4,0.000,0.862,0.807,0.5377,-0.1164,9.77,-0.81527,0.150,0.400,0.000,-1.0000,-1.0000,TRACKING,R+C
1786981974.743,30.4,0.000,0.908,0.845,0.5316,-0.1250,6.51,-1.23322,0.150,0.400,0.000,-1.0000,-1.0000,TRACKING,R+C
1786981974.772,30.4,0.000,0.908,0.845,0.5302,-0.1243,6.87,-1.20925,0.150,0.400,0.000,-1.0000,-1.0000,TRACKING,R+C
1786981974.799,30.4,0.000,0.908,0.845,0.5302,-0.0995,5.50,-0.96740,0.150,0.400,0.000,-1.0000,-1.0000,TRACKING,prediction
1786981974.828,30.4,0.000,0.902,0.840,0.5384,-0.1426,10.40,-0.66841,0.150,0.400,0.000,-1.0000,-1.0000,TRACKING,R+C
1786981974.857,30.4,0.000,0.905,0.839,0.5226,-0.1421,10.62,-0.67242,0.150,0.400,0.000,-1.0000,-1.0000,TRACKING,R+C
1786981974.875,30.4,0.000,0.927,0.846,0.5196,-0.1523,7.63,-0.66901,0.150,0.400,0.000,-1.0000,-1.0000,TRACKING,R+C
1786981974.905,30.4,0.000,0.927,0.846,0.5196,-0.1218,6.11,-0.53521,0.150,0.400,0.000,-1.0000,-1.0000,TRACKING,prediction
1786981974.934,30.4,0.000,0.927,0.846,0.5196,-0.0975,4.88,-0.42816,0.150,0.400,0.000,-1.0000,-1.0000,TRACKING,prediction
1786981974.962,30.4,0.000,0.917,0.829,0.5575,-0.1666,11.18,-0.50386,0.150,0.400,0.000,-1.0000,-1.0000,TRACKING,R+C
1786981974.984,30.4,0.000,0.917,0.829,0.5575,-0.1333,8.95,-0.40309,0.150,0.400,0.000,-1.0000,-1.0000,TRACKING,prediction
1786981975.004,30.4,0.000,0.917,0.829,0.5575,-0.1066,7.16,-0.32247,0.150,0.400,0.000,-1.0000,-1.0000,TRACKING,prediction
1786981975.043,30.4,0.000,0.859,0.793,0.7043,-0.1737,16.54,0.14639,0.185,0.400,0.000,-1.0000,-1.0000,TRACKING,R+C
1786981975.062,30.4,0.000,0.688,0.834,0.4443,-0.1814,15.11,0.56935,0.150,0.400,0.000,-1.0000,-1.0000,TRACKING,R+C
1786981975.093,30.4,0.000,0.688,0.833,0.4584,-0.1814,15.11,0.56935,0.150,0.400,0.000,-1.0000,-1.0000,TRACKING,R+C
1786981975.132,30.4,0.000,0.918,0.803,0.5182,-0.1871,14.29,0.14474,0.186,0.400,0.000,-1.0000,-1.0000,TRACKING,R+C
1786981975.154,30.4,0.000,0.929,0.813,0.5173,-0.1871,14.73,0.23280,0.177,0.400,0.000,-1.0000,-1.0000,TRACKING,R+C
1786981975.175,30.4,0.000,0.929,0.813,0.5162,-0.1866,15.17,0.27135,0.173,0.400,0.000,-1.0000,-1.0000,TRACKING,R+C
1786981975.208,30.4,0.000,0.928,0.802,0.5350,-0.1885,14.08,0.25951,0.174,0.400,0.000,-1.0000,-1.0000,TRACKING,R+C
1786981975.238,30.4,0.000,0.932,0.807,0.4566,-0.1885,14.30,0.43744,0.156,0.400,0.000,-1.0000,-1.0000,TRACKING,R+C
1786981975.259,30.4,0.000,0.932,0.811,0.4990,-0.1886,14.13,0.41332,0.159,0.400,0.000,-1.0000,-1.0000,TRACKING,R+C
1786981975.291,30.4,0.000,0.927,0.808,0.4996,-0.1895,12.42,0.31953,0.168,0.400,0.000,-1.0000,-1.0000,TRACKING,R+C
1786981975.317,30.4,0.000,0.920,0.798,0.5023,-0.1897,10.79,0.25119,0.175,0.400,0.000,-1.0000,-1.0000,TRACKING,R+C
1786981975.343,30.4,0.000,0.920,0.790,0.6606,-0.1894,10.95,0.26402,0.174,0.400,0.000,-1.0000,-1.0000,TRACKING,R+C
1786981975.377,30.4,0.000,0.916,0.794,0.4570,-0.1893,9.07,0.14808,0.185,0.400,0.000,-1.0000,-1.0000,TRACKING,R+C
1786981975.407,30.4,0.000,0.918,0.788,0.4330,-0.1870,9.21,0.25477,0.175,0.400,0.000,-1.0000,-1.0000,TRACKING,R+C
1786981975.434,30.4,0.000,0.918,0.780,0.6791,-0.1874,8.79,0.20886,0.179,0.400,0.000,-1.0000,-1.0000,TRACKING,R+C
1786981975.466,30.4,0.000,0.919,0.777,0.7141,-0.1871,7.12,0.11614,0.188,0.400,0.000,-1.0000,-1.0000,TRACKING,R+C
1786981975.490,30.4,0.000,0.886,0.756,0.4665,-0.1853,6.33,0.10939,0.189,0.400,0.000,-1.0000,-1.0000,TRACKING,R+C
1786981975.515,30.4,0.000,0.885,0.756,0.4652,-0.1855,5.57,0.02180,0.198,0.400,0.000,-1.0000,-1.0000,TRACKING,R+C
1786981975.539,30.4,0.000,0.924,0.781,0.6178,-0.1831,6.09,0.18220,0.182,0.400,0.000,-1.0000,-1.0000,TRACKING,R+C
1786981975.565,30.4,0.000,0.925,0.772,0.7959,-0.1793,6.24,0.28178,0.172,0.400,0.000,-1.0000,-1.0000,TRACKING,R+C
1786981975.594,35.8,0.000,0.924,0.775,0.6978,-0.1809,5.00,0.14600,0.185,0.400,0.000,-1.0000,-1.0000,TRACKING,R+C
1786981975.620,35.8,0.000,0.934,0.773,0.7289,-0.1778,6.21,0.53231,0.150,0.400,0.000,-1.0000,-1.0000,TRACKING,R+C
1786981975.648,35.8,0.000,0.927,0.779,0.6277,-0.1752,4.12,0.22622,0.177,0.400,0.000,-1.0000,-1.0000,TRACKING,R+C
1786981975.677,35.8,0.000,0.928,0.779,0.5727,-0.1757,3.64,0.17334,0.183,0.400,0.000,-1.0000,-1.0000,TRACKING,R+C
