timestamp,fps,left_conf,center_conf,right_conf,lane_width_m,lateral_error_m,heading_error_deg,curvature,lookahead_m,target_speed,actual_speed,steer_raw,steer_filtered,tracking_state,reconstruction_method
1786364548.067,0.4,0.000,0.825,0.864,0.6761,-0.1389,-6.99,0.18351,0.182,0.300,0.000,-1.0000,-1.0000,TRACKING,R+C
1786364548.325,0.4,0.000,0.824,0.863,0.6689,-0.1424,-10.98,-0.11582,0.188,0.300,0.000,-1.0000,-1.0000,TRACKING,R+C
1786364548.558,0.4,0.000,0.814,0.885,0.6288,-0.1302,-14.53,-0.26590,0.173,0.300,0.000,-1.0000,-1.0000,TRACKING,R+C
1786364548.788,0.4,0.000,0.813,0.904,0.5578,-0.0696,-6.49,0.04910,0.195,0.300,0.000,-0.8339,-0.8339,TRACKING,R+C
1786364548.957,0.4,0.000,0.813,0.904,0.5578,-0.0696,-6.49,0.04910,0.195,0.300,0.000,-0.8339,-0.8339,TRACKING,prediction
1786364549.178,4.5,0.000,0.813,0.904,0.5578,-0.0696,-6.49,0.04910,0.195,0.300,0.000,-0.8339,-0.8339,TRACKING,prediction
1786364549.402,4.5,0.908,0.820,0.000,0.7137,0.0602,-8.74,-0.44686,0.155,0.300,0.000,1.0000,0.1661,TRACKING,L+C
1786364549.623,4.5,0.896,0.827,0.000,0.7463,0.1114,-2.71,-0.28696,0.171,0.300,0.000,1.0000,1.0000,TRACKING,L+C
1786364549.846,4.5,0.887,0.835,0.000,0.7500,0.1365,-3.15,-0.34991,0.165,0.300,0.000,1.0000,1.0000,TRACKING,L+C
1786364550.070,4.5,0.895,0.836,0.000,0.7429,0.1497,-0.14,-0.34800,0.165,0.300,0.000,1.0000,1.0000,TRACKING,L+C
1786364550.293,4.5,0.921,0.826,0.000,0.7146,0.1275,1.43,-0.42314,0.158,0.300,0.000,1.0000,1.0000,TRACKING,L+C
1786364550.527,4.5,0.941,0.821,0.000,0.6614,0.1008,4.87,-0.31976,0.168,0.300,0.000,1.0000,1.0000,TRACKING,L+C
1786364550.696,4.5,0.000,0.814,0.000,0.6614,0.0604,9.69,-0.13263,0.187,0.300,0.000,0.5030,0.5030,TRACKING,C_only
1786364550.876,4.5,0.000,0.812,0.000,0.6614,0.0208,7.17,-0.31295,0.169,0.300,0.000,-0.0149,-0.0149,TRACKING,C_only
1786364551.106,4.5,0.000,0.814,0.871,0.6473,-0.0215,11.18,-0.15810,0.184,0.300,0.000,-1.0000,-1.0000,TRACKING,R+C
1786364551.336,4.8,0.000,0.822,0.856,0.7557,-0.0675,10.12,-0.26221,0.174,0.300,0.000,-1.0000,-1.0000,TRACKING,R+C
1786364551.554,4.8,0.000,0.837,0.850,0.7925,-0.1055,11.27,-0.14144,0.186,0.300,0.000,-1.0000,-1.0000,TRACKING,R+C
1786364551.777,4.8,0.000,0.848,0.850,0.7968,-0.1177,9.31,-0.25467,0.175,0.300,0.000,-1.0000,-1.0000,TRACKING,R+C
1786364551.998,4.8,0.000,0.853,0.844,0.8050,-0.1300,8.77,-0.18848,0.181,0.300,0.000,-1.0000,-1.0000,TRACKING,R+C
1786364552.231,4.8,0.000,0.859,0.839,0.8007,-0.1370,8.21,-0.15553,0.184,0.300,0.000,-1.0000,-1.0000,TRACKING,R+C
1786364552.459,4.5,0.000,0.866,0.839,0.7839,-0.1395,8.05,-0.13548,0.186,0.300,0.000,-1.0000,-1.0000,TRACKING,R+C
1786364552.687,4.5,0.000,0.873,0.839,0.7752,-0.1455,6.29,-0.18956,0.181,0.300,0.000,-1.0000,-1.0000,TRACKING,R+C
1786364552.905,4.5,0.000,0.879,0.842,0.7685,-0.1498,5.31,-0.18524,0.181,0.300,0.000,-1.0000,-1.0000,TRACKING,R+C
1786364553.127,4.5,0.000,0.878,0.843,0.7625,-0.1495,5.52,-0.11958,0.188,0.300,0.000,-1.0000,-1.0000,TRACKING,R+C
1786364553.346,4.5,0.000,0.880,0.845,0.7424,-0.1488,4.09,-0.16384,0.184,0.300,0.000,-1.0000,-1.0000,TRACKING,R+C
1786364553.573,4.5,0.000,0.878,0.845,0.7269,-0.1463,3.22,-0.18725,0.181,0.300,0.000,-1.0000,-1.0000,TRACKING,R+C
1786364553.795,4.5,0.000,0.877,0.847,0.7172,-0.1425,2.65,-0.16842,0.183,0.300,0.000,-1.0000,-1.0000,TRACKING,R+C
1786364554.014,4.5,0.000,0.875,0.851,0.7185,-0.1361,3.32,-0.08470,0.192,0.300,0.000,-1.0000,-1.0000,TRACKING,R+C
1786364554.232,4.5,0.000,0.868,0.860,0.7037,-0.1263,3.07,-0.08871,0.191,0.300,0.000,-1.0000,-1.0000,TRACKING,R+C
1786364554.450,4.5,0.000,0.867,0.867,0.6949,-0.1202,1.57,-0.15600,0.184,0.300,0.000,-1.0000,-1.0000,TRACKING,R+C
1786364554.661,4.6,0.000,0.865,0.875,0.6854,-0.1147,1.17,-0.16018,0.184,0.300,0.000,-1.0000,-1.0000,TRACKING,R+C
1786364554.883,4.6,0.000,0.858,0.878,0.6828,-0.1020,2.17,-0.09129,0.191,0.300,0.000,-1.0000,-1.0000,TRACKING,R+C
1786364555.094,4.6,0.000,0.851,0.882,0.6752,-0.0870,2.33,-0.00961,0.199,0.300,0.000,-1.0000,-1.0000,TRACKING,R+C
1786364555.305,4.6,0.000,0.851,0.885,0.6549,-0.0684,3.16,0.02648,0.197,0.300,0.000,-1.0000,-1.0000,TRACKING,R+C
1786364555.521,4.6,0.000,0.842,0.897,0.6105,-0.0542,0.87,-0.13154,0.187,0.300,0.000,-1.0000,-1.0000,TRACKING,R+C
1786364555.730,4.7,0.000,0.842,0.903,0.6079,-0.0408,-0.71,-0.17799,0.182,0.300,0.000,-0.8487,-0.8487,TRACKING,R+C
1786364555.871,4.7,0.000,0.839,0.000,0.6079,-0.0133,-1.27,-0.22984,0.177,0.300,0.000,-0.2998,-0.2998,TRACKING,C_only
1786364556.028,4.7,0.000,0.836,0.000,0.6079,0.0089,1.64,-0.03280,0.197,0.300,0.000,0.0503,0.0503,TRACKING,C_only
1786364556.166,4.7,0.000,0.840,0.000,0.6079,0.0245,0.75,-0.09890,0.190,0.300,0.000,0.3920,0.3920,TRACKING,C_only
1786364556.371,4.7,0.936,0.845,0.000,0.5977,0.0369,0.78,-0.16542,0.183,0.300,0.000,0.6410,0.6410,TRACKING,L+C
1786364556.570,4.7,0.939,0.843,0.000,0.5821,0.0300,1.33,-0.11808,0.188,0.300,0.000,0.4630,0.4630,TRACKING,L+C
1786364556.717,4.7,0.000,0.840,0.000,0.5821,0.0241,3.29,-0.09975,0.190,0.300,0.000,0.2197,0.2197,TRACKING,C_only
1786364556.928,5.8,0.000,0.838,0.900,0.5511,0.0068,4.13,-0.06873,0.193,0.300,0.000,-0.1583,-0.1583,TRACKING,R+C
1786364557.148,5.8,0.000,0.839,0.889,0.5759,-0.0230,1.81,-0.22394,0.178,0.300,0.000,-0.7217,-0.7217,TRACKING,R+C
1786364557.365,5.8,0.000,0.841,0.881,0.6116,-0.0407,3.91,-0.11662,0.188,0.300,0.000,-1.0000,-1.0000,TRACKING,R+C
1786364557.581,5.8,0.000,0.843,0.876,0.6476,-0.0452,4.77,-0.11737,0.188,0.300,0.000,-1.0000,-1.0000,TRACKING,R+C
1786364557.799,5.8,0.000,0.841,0.876,0.6305,-0.0469,2.33,-0.24184,0.176,0.300,0.000,-1.0000,-1.0000,TRACKING,R+C
1786364558.016,4.6,0.000,0.839,0.877,0.6416,-0.0309,5.59,-0.04098,0.196,0.300,0.000,-0.8848,-0.8848,TRACKING,R+C
1786364558.228,4.6,0.000,0.838,0.883,0.6017,-0.0202,5.65,-0.02667,0.197,0.300,0.000,-0.7012,-0.7012,TRACKING,R+C
1786364558.437,4.6,0.000,0.834,0.887,0.5829,-0.0042,5.26,-0.06373,0.194,0.300,0.000,-0.4316,-0.4316,TRACKING,R+C
1786364558.587,4.6,0.000,0.834,0.000,0.5829,0.0102,4.38,-0.12174,0.188,0.300,0.000,-0.1359,-0.1359,TRACKING,C_only
1786364558.746,4.6,0.000,0.835,0.000,0.5829,0.0152,3.43,-0.17524,0.182,0.300,0.000,0.0082,0.0082,TRACKING,C_only
1786364558.906,4.6,0.000,0.833,0.000,0.5829,0.0189,0.88,-0.40031,0.160,0.300,0.000,0.3446,0.3446,TRACKING,C_only
1786364559.058,5.8,0.000,0.831,0.000,0.5829,0.0240,3.33,-0.27751,0.172,0.300,0.000,0.1832,0.1832,TRACKING,C_only
1786364559.211,5.8,0.000,0.829,0.000,0.5829,0.0189,5.28,-0.17196,0.183,0.300,0.000,-0.0436,-0.0436,TRACKING,C_only
1786364559.372,5.8,0.000,0.826,0.000,0.5829,0.0060,5.19,-0.25316,0.175,0.300,0.000,-0.3737,-0.3737,TRACKING,C_only
1786364559.587,5.8,0.000,0.825,0.875,0.5366,-0.0047,8.43,-0.04550,0.195,0.300,0.000,-0.6164,-0.6164,TRACKING,R+C
1786364559.807,5.8,0.000,0.825,0.875,0.5366,-0.0047,8.43,-0.04550,0.195,0.300,0.000,-0.6164,-0.6164,TRACKING,prediction
1786364560.035,5.8,0.000,0.828,0.858,0.6615,-0.0436,8.42,-0.10804,0.189,0.300,0.000,-1.0000,-1.0000,TRACKING,R+C
1786364560.259,5.0,0.000,0.828,0.858,0.6615,-0.0436,8.42,-0.10804,0.189,0.300,0.000,-1.0000,-1.0000,TRACKING,prediction
1786364560.490,5.0,0.000,0.826,0.844,0.6649,-0.0561,8.80,-0.20401,0.180,0.300,0.000,-1.0000,-1.0000,TRACKING,R+C
1786364560.714,5.0,0.000,0.824,0.846,0.6733,-0.0681,1.37,-0.68763,0.150,0.300,0.000,-1.0000,-1.0000,TRACKING,R+C
1786364560.942,5.0,0.000,0.823,0.846,0.6769,-0.0532,7.52,-0.31680,0.168,0.300,0.000,-1.0000,-1.0000,TRACKING,R+C
1786364561.168,5.0,0.000,0.822,0.852,0.7095,-0.0625,3.76,-0.62617,0.150,0.300,0.000,-1.0000,-1.0000,TRACKING,R+C
1786364561.397,4.4,0.000,0.818,0.854,0.6900,-0.0544,6.97,-0.48818,0.151,0.300,0.000,-1.0000,-1.0000,TRACKING,R+C
1786364561.631,4.4,0.000,0.819,0.852,0.7080,-0.0644,3.20,-0.72309,0.150,0.300,0.000,-1.0000,-1.0000,TRACKING,R+C
1786364561.855,4.4,0.000,0.819,0.852,0.7080,-0.0644,3.20,-0.72309,0.150,0.300,0.000,-1.0000,-1.0000,TRACKING,prediction
1786364562.073,4.4,0.000,0.819,0.852,0.7080,-0.0644,3.20,-0.72309,0.150,0.300,0.000,-1.0000,-1.0000,TRACKING,prediction
1786364562.238,4.4,0.000,0.819,0.852,0.7080,-0.0644,3.20,-0.72309,0.150,0.300,0.000,-1.0000,-1.0000,TRACKING,prediction
1786364562.440,4.8,0.000,0.819,0.852,0.7080,-0.0644,3.20,-0.72309,0.150,0.300,0.000,-1.0000,-1.0000,TRACKING,prediction
1786364562.662,4.8,0.000,0.819,0.852,0.7080,-0.0644,3.20,-0.72309,0.150,0.300,0.000,-1.0000,-1.0000,TRACKING,prediction
1786364562.893,4.8,0.000,0.819,0.852,0.7080,-0.0644,3.20,-0.72309,0.150,0.300,0.000,-1.0000,-1.0000,TRACKING,prediction
1786364563.112,4.8,0.000,0.819,0.852,0.7080,-0.0644,3.20,-0.72309,0.150,0.300,0.000,-1.0000,-1.0000,TRACKING,prediction
1786364563.327,4.8,0.000,0.819,0.852,0.7080,-0.0644,3.20,-0.72309,0.150,0.300,0.000,-1.0000,-1.0000,TRACKING,prediction
1786364563.531,4.6,0.000,0.819,0.852,0.7080,-0.0644,3.20,-0.72309,0.150,0.300,0.000,-1.0000,-1.0000,TRACKING,prediction
1786364563.739,4.6,0.000,0.819,0.852,0.7080,-0.0644,3.20,-0.72309,0.150,0.300,0.000,-1.0000,-1.0000,TRACKING,prediction
1786364563.949,4.6,0.000,0.819,0.852,0.7080,-0.0644,3.20,-0.72309,0.150,0.285,0.000,-1.0000,-1.0000,TRACKING,prediction
1786364564.165,4.6,0.000,0.819,0.852,0.7080,-0.0644,3.20,-0.72309,0.150,0.271,0.000,-1.0000,-1.0000,TRACKING,prediction
1786364564.329,4.6,0.000,0.819,0.852,0.7080,-0.0644,3.20,-0.72309,0.150,0.257,0.000,-1.0000,-1.0000,TRACKING,prediction
1786364564.540,5.0,0.000,0.819,0.852,0.7080,-0.0644,3.20,-0.72309,0.150,0.244,0.000,-1.0000,-1.0000,TRACKING,prediction
1786364564.746,5.0,0.000,0.819,0.852,0.7080,-0.0644,3.20,-0.72309,0.150,0.210,0.000,-1.0000,-1.0000,UNCERTAIN,prediction
1786364564.940,5.0,0.000,0.819,0.852,0.7080,-0.0644,3.20,-0.72309,0.150,0.210,0.000,-1.0000,-1.0000,UNCERTAIN,prediction
1786364565.143,5.0,0.000,0.819,0.852,0.7080,-0.0644,3.20,-0.72309,0.150,0.210,0.000,-1.0000,-1.0000,UNCERTAIN,prediction
1786364565.352,5.0,0.000,0.819,0.852,0.7080,-0.0644,3.20,-0.72309,0.150,0.180,0.000,-1.0000,-1.0000,PREDICTING,prediction
1786364565.568,4.9,0.000,0.819,0.852,0.7080,-0.0644,3.20,-0.72309,0.150,0.180,0.000,-1.0000,-1.0000,PREDICTING,prediction
1786364565.791,4.9,0.000,0.819,0.852,0.7080,-0.0644,3.20,-0.72309,0.150,0.180,0.000,-1.0000,-1.0000,PREDICTING,prediction
1786364566.019,4.9,0.000,0.819,0.852,0.7080,-0.0644,3.20,-0.72309,0.150,0.180,0.000,-1.0000,-1.0000,PREDICTING,prediction
1786364566.243,4.9,0.000,0.819,0.852,0.7080,-0.0644,3.20,-0.72309,0.150,0.180,0.000,-1.0000,-1.0000,PREDICTING,prediction
1786364566.464,4.9,0.000,0.875,0.868,0.7390,-0.1831,-9.68,-0.37048,0.163,0.300,0.000,-1.0000,-1.0000,TRACKING,R+C
1786364566.682,4.5,0.000,0.866,0.874,0.7302,-0.1641,-9.29,-0.39298,0.161,0.300,0.000,-1.0000,-1.0000,TRACKING,R+C
1786364566.892,4.5,0.000,0.862,0.883,0.7139,-0.1393,-8.37,-0.37753,0.162,0.300,0.000,-1.0000,-1.0000,TRACKING,R+C
1786364567.098,4.5,0.000,0.861,0.896,0.6929,-0.1051,-5.64,-0.32682,0.167,0.300,0.000,-1.0000,-1.0000,TRACKING,R+C
1786364567.301,4.5,0.000,0.864,0.909,0.6470,-0.0828,-5.16,-0.34672,0.165,0.300,0.000,-1.0000,-1.0000,TRACKING,R+C
1786364567.445,4.5,0.000,0.865,0.000,0.6470,-0.0494,-1.72,-0.25018,0.175,0.300,0.000,-1.0000,-1.0000,TRACKING,C_only
1786364567.586,4.5,0.000,0.868,0.000,0.6470,-0.0287,-0.53,-0.22779,0.177,0.300,0.000,-0.6826,-0.6826,TRACKING,C_only
1786364567.730,5.7,0.000,0.871,0.000,0.6470,-0.0132,-1.38,-0.31408,0.169,0.300,0.000,-0.3568,-0.3568,TRACKING,C_only
1786364567.868,5.7,0.000,0.863,0.000,0.6470,0.0023,-2.18,-0.41967,0.158,0.300,0.000,0.0982,0.0982,TRACKING,C_only
1786364568.014,5.7,0.000,0.864,0.000,0.6470,0.0166,-0.07,-0.30686,0.169,0.300,0.000,0.2749,0.2749,TRACKING,C_only
1786364568.160,5.7,0.000,0.860,0.000,0.6470,0.0265,0.30,-0.32018,0.168,0.300,0.000,0.5528,0.5528,TRACKING,C_only
1786364568.305,5.7,0.000,0.858,0.000,0.6470,0.0270,0.92,-0.35402,0.165,0.300,0.000,0.5403,0.5403,TRACKING,C_only
1786364568.453,5.7,0.000,0.858,0.000,0.6470,0.0222,2.89,-0.28742,0.171,0.300,0.000,0.1729,0.1729,TRACKING,C_only
1786364568.598,5.7,0.000,0.858,0.000,0.6470,0.0065,2.58,-0.35099,0.165,0.300,0.000,-0.0953,-0.0953,TRACKING,C_only
1786364568.747,6.9,0.000,0.863,0.000,0.6470,-0.0095,4.48,-0.27712,0.172,0.300,0.000,-0.6883,-0.6883,TRACKING,C_only
1786364568.892,6.9,0.000,0.869,0.000,0.6470,-0.0261,5.97,-0.23315,0.177,0.300,0.000,-1.0000,-1.0000,TRACKING,C_only
1786364569.094,6.9,0.000,0.870,0.900,0.7202,-0.0410,6.56,-0.21159,0.179,0.300,0.000,-1.0000,-1.0000,TRACKING,R+C
1786364569.300,6.9,0.000,0.874,0.887,0.6977,-0.0531,6.26,-0.23342,0.177,0.300,0.000,-1.0000,-1.0000,TRACKING,R+C
1786364569.504,6.9,0.000,0.877,0.886,0.7095,-0.0533,4.92,-0.31491,0.169,0.300,0.000,-1.0000,-1.0000,TRACKING,R+C
1786364569.706,6.9,0.000,0.879,0.887,0.7096,-0.0473,6.13,-0.22854,0.177,0.300,0.000,-1.0000,-1.0000,TRACKING,R+C
1786364569.906,5.2,0.000,0.877,0.921,0.6804,-0.0401,6.53,-0.20329,0.180,0.300,0.000,-1.0000,-1.0000,TRACKING,R+C
1786364570.108,5.2,0.000,0.874,0.919,0.6315,-0.0389,6.18,-0.18038,0.182,0.300,0.000,-1.0000,-1.0000,TRACKING,R+C
1786364570.306,5.2,0.000,0.871,0.653,0.6608,-0.0312,7.12,-0.09685,0.190,0.300,0.000,-1.0000,-1.0000,TRACKING,R+C
1786364570.452,5.2,0.000,0.871,0.000,0.6608,-0.0208,7.42,-0.07288,0.193,0.300,0.000,-0.8572,-0.8572,TRACKING,C_only
1786364570.594,5.2,0.000,0.868,0.000,0.6608,-0.0155,6.52,-0.11430,0.189,0.300,0.000,-0.7602,-0.7602,TRACKING,C_only
1786364570.739,5.2,0.000,0.869,0.000,0.6608,-0.0121,5.61,-0.12754,0.187,0.300,0.000,-0.6568,-0.6568,TRACKING,C_only
1786364570.883,5.2,0.000,0.868,0.000,0.6608,-0.0064,4.21,-0.22413,0.178,0.300,0.000,-0.5451,-0.5451,TRACKING,C_only
1786364571.022,6.3,0.000,0.867,0.000,0.6608,0.0038,4.99,-0.19896,0.180,0.300,0.000,-0.3631,-0.3631,TRACKING,C_only
1786364571.162,6.3,0.000,0.866,0.000,0.6608,0.0062,3.75,-0.27119,0.173,0.300,0.000,-0.2701,-0.2701,TRACKING,C_only
1786364571.307,6.3,0.000,0.864,0.000,0.6608,0.0148,4.84,-0.24348,0.176,0.300,0.000,-0.1387,-0.1387,TRACKING,C_only
1786364571.451,6.3,0.000,0.863,0.000,0.6608,0.0095,3.88,-0.26043,0.174,0.300,0.000,-0.1963,-0.1963,TRACKING,C_only
1786364571.598,6.3,0.000,0.861,0.000,0.6608,0.0107,4.97,-0.25476,0.175,0.300,0.000,-0.2493,-0.2493,TRACKING,C_only
1786364571.744,6.3,0.000,0.860,0.000,0.6608,0.0014,5.47,-0.21515,0.178,0.300,0.000,-0.4626,-0.4626,TRACKING,C_only
1786364571.892,6.3,0.000,0.859,0.000,0.6608,-0.0052,6.59,-0.16242,0.184,0.300,0.000,-0.6247,-0.6247,TRACKING,C_only
1786364572.040,6.9,0.000,0.858,0.000,0.6608,-0.0159,6.07,-0.23035,0.177,0.300,0.000,-0.8743,-0.8743,TRACKING,C_only
1786364572.184,6.9,0.000,0.856,0.000,0.6608,-0.0233,4.44,-0.38161,0.162,0.300,0.000,-0.9757,-0.9757,TRACKING,C_only
1786364572.329,6.9,0.000,0.857,0.000,0.6608,-0.0262,6.04,-0.28229,0.172,0.300,0.000,-1.0000,-1.0000,TRACKING,C_only
1786364572.477,6.9,0.000,0.854,0.000,0.6608,-0.0238,6.37,-0.30507,0.169,0.300,0.000,-0.9953,-0.9953,TRACKING,C_only
1786364572.620,6.9,0.000,0.853,0.000,0.6608,-0.0263,5.23,-0.35703,0.164,0.300,0.000,-1.0000,-1.0000,TRACKING,C_only
1786364572.766,6.9,0.000,0.850,0.000,0.6608,-0.0217,7.06,-0.28698,0.171,0.300,0.000,-1.0000,-1.0000,TRACKING,C_only
1786364572.917,6.9,0.000,0.849,0.000,0.6608,-0.0183,8.00,-0.24787,0.175,0.300,0.000,-1.0000,-1.0000,TRACKING,C_only
1786364573.067,6.8,0.000,0.846,0.000,0.6608,-0.0140,6.40,-0.37127,0.163,0.300,0.000,-0.8669,-0.8669,TRACKING,C_only
1786364573.221,6.8,0.000,0.842,0.000,0.6608,-0.0143,4.10,-0.55594,0.150,0.300,0.000,-0.9080,-0.9080,TRACKING,C_only
1786364573.378,6.8,0.000,0.836,0.000,0.6608,-0.0091,4.54,-0.50516,0.150,0.300,0.000,-0.7817,-0.7817,TRACKING,C_only
1786364573.532,6.8,0.000,0.833,0.000,0.6608,-0.0031,7.47,-0.39807,0.160,0.300,0.000,-0.7012,-0.7012,TRACKING,C_only
1786364573.694,6.8,0.000,0.827,0.000,0.6608,-0.0045,6.40,-0.50993,0.150,0.300,0.000,-0.7878,-0.7878,TRACKING,C_only
1786364573.863,6.8,0.000,0.824,0.000,0.6608,-0.0017,7.30,-0.57388,0.150,0.300,0.000,-0.7927,-0.7927,TRACKING,C_only
1786364574.038,6.8,0.000,0.819,0.000,0.6608,-0.0095,6.17,-0.80413,0.150,0.300,0.000,-0.9890,-0.9890,TRACKING,C_only
1786364574.212,6.1,0.000,0.816,0.000,0.6608,-0.0088,8.19,-0.79770,0.150,0.300,0.000,-1.0000,-1.0000,TRACKING,C_only
1786364574.391,6.1,0.000,0.814,0.000,0.6608,-0.0243,6.24,-1.02573,0.150,0.300,0.000,-1.0000,-1.0000,TRACKING,C_only
1786364574.563,6.1,0.000,0.814,0.000,0.6608,-0.0317,10.98,-0.75241,0.150,0.300,0.000,-1.0000,-1.0000,TRACKING,C_only
1786364574.734,6.1,0.000,0.817,0.000,0.6608,-0.0377,15.64,-0.40382,0.160,0.300,0.000,-1.0000,-1.0000,TRACKING,C_only
1786364574.903,6.1,0.000,0.820,0.000,0.6608,-0.0472,20.98,0.04309,0.196,0.300,0.000,-1.0000,-1.0000,TRACKING,C_only
1786364575.068,6.1,0.000,0.825,0.000,0.6608,-0.0631,20.33,0.07782,0.192,0.300,0.000,-1.0000,-1.0000,TRACKING,C_only
1786364575.299,5.5,0.000,0.825,0.000,0.6608,-0.0631,20.33,0.07782,0.192,0.300,0.000,-1.0000,-1.0000,TRACKING,prediction
1786364575.528,5.5,0.000,0.825,0.000,0.6608,-0.0631,20.33,0.07782,0.192,0.300,0.000,-1.0000,-1.0000,TRACKING,prediction
1786364575.764,5.5,0.000,0.825,0.000,0.6608,-0.0631,20.33,0.07782,0.192,0.300,0.000,-1.0000,-1.0000,TRACKING,prediction
1786364575.990,5.5,0.000,0.825,0.000,0.6608,-0.0631,20.33,0.07782,0.192,0.300,0.000,-1.0000,-1.0000,TRACKING,prediction
1786364576.217,5.5,0.000,0.825,0.000,0.6608,-0.0631,20.33,0.07782,0.192,0.300,0.000,-1.0000,-1.0000,TRACKING,prediction
1786364576.452,4.3,0.000,0.854,0.828,0.8038,-0.1561,5.75,-0.01146,0.199,0.300,0.000,-1.0000,-1.0000,TRACKING,R+C
1786364576.687,4.3,0.000,0.854,0.830,0.7868,-0.1604,3.63,-0.07887,0.192,0.300,0.000,-1.0000,-1.0000,TRACKING,R+C
1786364576.926,4.3,0.000,0.851,0.833,0.7568,-0.1548,1.41,-0.24326,0.176,0.300,0.000,-1.0000,-1.0000,TRACKING,R+C
1786364577.161,4.3,0.000,0.855,0.832,0.7000,-0.1478,-3.68,-0.72170,0.150,0.300,0.000,-1.0000,-1.0000,TRACKING,R+C
1786364577.394,4.3,0.000,0.846,0.843,0.7308,-0.1466,-3.18,-0.61131,0.150,0.300,0.000,-1.0000,-1.0000,TRACKING,R+C
1786364577.632,4.2,0.000,0.844,0.846,0.7265,-0.1363,-3.50,-0.80273,0.150,0.300,0.000,-1.0000,-1.0000,TRACKING,R+C
1786364577.858,4.2,0.000,0.842,0.848,0.7286,-0.1178,-0.15,-0.67915,0.150,0.300,0.000,-1.0000,-1.0000,TRACKING,R+C
1786364578.087,4.2,0.000,0.840,0.850,0.7501,-0.1136,1.11,-0.60299,0.150,0.300,0.000,-1.0000,-1.0000,TRACKING,R+C
1786364578.312,4.2,0.000,0.841,0.845,0.7474,-0.1063,3.29,-0.58111,0.150,0.300,0.000,-1.0000,-1.0000,TRACKING,R+C
1786364578.540,4.2,0.000,0.842,0.844,0.7362,-0.0992,7.46,-0.35925,0.164,0.300,0.000,-1.0000,-1.0000,TRACKING,R+C
1786364578.762,4.4,0.000,0.843,0.852,0.7822,-0.1014,7.62,-0.36184,0.164,0.300,0.000,-1.0000,-1.0000,TRACKING,R+C
1786364578.990,4.4,0.000,0.844,0.861,0.8077,-0.1070,7.21,-0.37822,0.162,0.300,0.000,-1.0000,-1.0000,TRACKING,R+C
1786364579.208,4.4,0.000,0.845,0.867,0.7856,-0.1146,5.27,-0.51131,0.150,0.300,0.000,-1.0000,-1.0000,TRACKING,R+C
1786364579.422,4.4,0.000,0.850,0.871,0.8030,-0.1157,6.71,-0.41292,0.159,0.300,0.000,-1.0000,-1.0000,TRACKING,R+C
1786364579.642,4.4,0.000,0.854,0.854,0.8025,-0.1149,8.88,-0.26471,0.174,0.300,0.000,-1.0000,-1.0000,TRACKING,R+C
1786364579.848,4.6,0.000,0.854,0.854,0.8025,-0.1149,8.88,-0.26471,0.174,0.300,0.000,-1.0000,-1.0000,TRACKING,prediction
1786364580.069,4.6,0.000,0.854,0.854,0.8025,-0.1149,8.88,-0.26471,0.174,0.300,0.000,-1.0000,-1.0000,TRACKING,prediction
1786364580.290,4.6,0.000,0.869,0.845,0.7958,-0.1313,6.64,-0.32248,0.168,0.300,0.000,-1.0000,-1.0000,TRACKING,R+C
1786364580.509,4.6,0.000,0.869,0.845,0.7958,-0.1313,6.64,-0.32248,0.168,0.300,0.000,-1.0000,-1.0000,TRACKING,prediction
1786364580.728,4.6,0.000,0.876,0.847,0.7974,-0.1373,6.65,-0.23088,0.177,0.300,0.000,-1.0000,-1.0000,TRACKING,R+C
1786364580.943,4.6,0.000,0.879,0.850,0.7883,-0.1390,6.69,-0.18517,0.181,0.300,0.000,-1.0000,-1.0000,TRACKING,R+C
1786364581.155,4.6,0.000,0.882,0.849,0.7843,-0.1413,6.20,-0.18646,0.181,0.300,0.000,-1.0000,-1.0000,TRACKING,R+C
1786364581.370,4.6,0.000,0.882,0.853,0.7724,-0.1440,4.92,-0.23083,0.177,0.300,0.000,-1.0000,-1.0000,TRACKING,R+C
1786364581.588,4.6,0.000,0.882,0.854,0.7751,-0.1425,5.50,-0.13104,0.187,0.300,0.000,-1.0000,-1.0000,TRACKING,R+C
1786364581.797,4.6,0.000,0.882,0.863,0.7692,-0.1436,5.20,-0.09393,0.191,0.300,0.000,-1.0000,-1.0000,TRACKING,R+C
1786364582.014,4.7,0.000,0.879,0.861,0.7609,-0.1425,4.38,-0.11240,0.189,0.300,0.000,-1.0000,-1.0000,TRACKING,R+C
1786364582.232,4.7,0.000,0.877,0.863,0.7601,-0.1387,4.58,-0.06017,0.194,0.300,0.000,-1.0000,-1.0000,TRACKING,R+C
1786364582.450,4.7,0.000,0.873,0.860,0.7564,-0.1362,2.52,-0.15011,0.185,0.300,0.000,-1.0000,-1.0000,TRACKING,R+C
1786364582.665,4.7,0.000,0.869,0.862,0.7580,-0.1295,1.89,-0.16812,0.183,0.300,0.000,-1.0000,-1.0000,TRACKING,R+C
1786364582.881,4.7,0.000,0.868,0.868,0.7314,-0.1177,1.78,-0.19674,0.180,0.300,0.000,-1.0000,-1.0000,TRACKING,R+C
1786364583.090,4.6,0.000,0.867,0.869,0.7169,-0.1091,2.16,-0.15033,0.185,0.300,0.000,-1.0000,-1.0000,TRACKING,R+C
1786364583.302,4.6,0.000,0.867,0.867,0.6935,-0.1001,0.91,-0.23856,0.176,0.300,0.000,-1.0000,-1.0000,TRACKING,R+C
1786364583.514,4.6,0.000,0.867,0.866,0.6774,-0.0868,0.69,-0.29957,0.170,0.300,0.000,-1.0000,-1.0000,TRACKING,R+C
1786364583.730,4.6,0.000,0.865,0.870,0.6624,-0.0754,1.18,-0.28699,0.171,0.300,0.000,-1.0000,-1.0000,TRACKING,R+C
1786364583.939,4.6,0.000,0.859,0.876,0.6432,-0.0621,0.82,-0.31992,0.168,0.300,0.000,-1.0000,-1.0000,TRACKING,R+C
1786364584.151,4.7,0.000,0.855,0.881,0.6288,-0.0482,0.96,-0.34969,0.165,0.300,0.000,-1.0000,-1.0000,TRACKING,R+C
1786364584.361,4.7,0.000,0.850,0.894,0.5868,-0.0308,2.07,-0.33767,0.166,0.300,0.000,-0.9529,-0.9529,TRACKING,R+C
1786364584.516,4.7,0.000,0.844,0.000,0.5868,-0.0171,2.62,-0.30246,0.170,0.300,0.000,-0.7467,-0.7467,TRACKING,C_only
1786364584.671,4.7,0.000,0.841,0.000,0.5868,-0.0031,2.89,-0.35003,0.165,0.300,0.000,-0.3624,-0.3624,TRACKING,C_only
1786364584.833,4.7,0.000,0.838,0.000,0.5868,0.0046,2.69,-0.36485,0.164,0.300,0.000,-0.1571,-0.1571,TRACKING,C_only
1786364584.993,4.7,0.000,0.835,0.000,0.5868,0.0094,0.95,-0.55586,0.150,0.300,0.000,0.0393,0.0393,TRACKING,C_only
1786364585.157,6.0,0.000,0.833,0.000,0.5868,0.0166,2.48,-0.57169,0.150,0.300,0.000,0.1393,0.1393,TRACKING,C_only
1786364585.321,6.0,0.000,0.830,0.000,0.5868,0.0141,6.75,-0.32055,0.168,0.300,0.000,-0.1596,-0.1596,TRACKING,C_only
1786364585.485,6.0,0.000,0.828,0.000,0.5868,-0.0052,3.67,-0.64550,0.150,0.300,0.000,-0.6491,-0.6491,TRACKING,C_only
1786364585.650,6.0,0.000,0.825,0.000,0.5868,-0.0171,5.26,-0.71121,0.150,0.300,0.000,-1.0000,-1.0000,TRACKING,C_only
1786364585.881,6.0,0.000,0.822,0.879,0.6414,-0.0395,4.09,-0.92155,0.150,0.300,0.000,-1.0000,-1.0000,TRACKING,R+C
1786364586.114,6.0,0.000,0.819,0.856,0.7300,-0.0540,5.68,-1.01775,0.150,0.300,0.000,-1.0000,-1.0000,TRACKING,R+C
1786364586.349,5.0,0.000,0.818,0.851,0.6820,-0.0621,8.76,-0.79503,0.150,0.300,0.000,-1.0000,-1.0000,TRACKING,R+C
1786364586.588,5.0,0.000,0.818,0.851,0.6820,-0.0621,8.76,-0.79503,0.150,0.300,0.000,-1.0000,-1.0000,TRACKING,prediction
1786364586.810,5.0,0.000,0.818,0.851,0.6820,-0.0621,8.76,-0.79503,0.150,0.300,0.000,-1.0000,-1.0000,TRACKING,prediction
1786364587.090,5.0,0.000,0.818,0.851,0.6820,-0.0621,8.76,-0.79503,0.150,0.300,0.000,-1.0000,-1.0000,TRACKING,prediction
1786364587.321,5.0,0.000,0.818,0.851,0.6820,-0.0621,8.76,-0.79503,0.150,0.300,0.000,-1.0000,-1.0000,TRACKING,prediction
1786364587.537,4.2,0.000,0.818,0.851,0.6820,-0.0621,8.76,-0.79503,0.150,0.300,0.000,-1.0000,-1.0000,TRACKING,prediction
1786364587.764,4.2,0.000,0.818,0.851,0.6820,-0.0621,8.76,-0.79503,0.150,0.300,0.000,-1.0000,-1.0000,TRACKING,prediction
1786364587.999,4.2,0.000,0.818,0.851,0.6820,-0.0621,8.76,-0.79503,0.150,0.300,0.000,-1.0000,-1.0000,TRACKING,prediction
1786364588.239,4.2,0.000,0.818,0.851,0.6820,-0.0621,8.76,-0.79503,0.150,0.300,0.000,-1.0000,-1.0000,TRACKING,prediction
1786364588.467,4.2,0.000,0.818,0.851,0.6820,-0.0621,8.76,-0.79503,0.150,0.300,0.000,-1.0000,-1.0000,TRACKING,prediction
1786364588.705,4.3,0.000,0.818,0.851,0.6820,-0.0621,8.76,-0.79503,0.150,0.300,0.000,-1.0000,-1.0000,TRACKING,prediction
1786364588.943,4.3,0.000,0.854,0.844,0.7213,-0.1558,-2.85,-0.48281,0.152,0.300,0.000,-1.0000,-1.0000,TRACKING,R+C
1786364589.177,4.3,0.000,0.850,0.850,0.7159,-0.1423,-2.61,-0.54771,0.150,0.300,0.000,-1.0000,-1.0000,TRACKING,R+C
1786364589.404,4.3,0.000,0.847,0.854,0.7186,-0.1228,0.76,-0.46033,0.154,0.300,0.000,-1.0000,-1.0000,TRACKING,R+C
1786364589.625,4.3,0.000,0.848,0.854,0.7140,-0.1180,-1.75,-0.71953,0.150,0.300,0.000,-1.0000,-1.0000,TRACKING,R+C
1786364589.840,4.4,0.000,0.849,0.860,0.7278,-0.1055,1.67,-0.57186,0.150,0.300,0.000,-1.0000,-1.0000,TRACKING,R+C
1786364590.060,4.4,0.000,0.849,0.864,0.7382,-0.0962,4.22,-0.48301,0.152,0.300,0.000,-1.0000,-1.0000,TRACKING,R+C
1786364590.279,4.4,0.000,0.845,0.861,0.7569,-0.0920,6.51,-0.37292,0.163,0.300,0.000,-1.0000,-1.0000,TRACKING,R+C
1786364590.497,4.4,0.000,0.847,0.857,0.7410,-0.0979,5.24,-0.46993,0.153,0.300,0.000,-1.0000,-1.0000,TRACKING,R+C
1786364590.710,4.4,0.000,0.854,0.855,0.7806,-0.0974,6.24,-0.39900,0.160,0.300,0.000,-1.0000,-1.0000,TRACKING,R+C
1786364590.920,4.6,0.000,0.868,0.855,0.7639,-0.0940,8.33,-0.28743,0.171,0.300,0.000,-1.0000,-1.0000,TRACKING,R+C
1786364591.127,4.6,0.000,0.865,0.862,0.7871,-0.0969,8.32,-0.29947,0.170,0.300,0.000,-1.0000,-1.0000,TRACKING,R+C
1786364591.330,4.6,0.000,0.869,0.856,0.8057,-0.1065,5.99,-0.43064,0.157,0.300,0.000,-1.0000,-1.0000,TRACKING,R+C
1786364591.532,4.6,0.000,0.883,0.854,0.8060,-0.1085,7.13,-0.32923,0.167,0.300,0.000,-1.0000,-1.0000,TRACKING,R+C
1786364591.728,4.6,0.000,0.888,0.855,0.8099,-0.1097,7.30,-0.30387,0.170,0.300,0.000,-1.0000,-1.0000,TRACKING,R+C
1786364591.926,5.0,0.000,0.885,0.849,0.7960,-0.1162,6.49,-0.32741,0.167,0.300,0.000,-1.0000,-1.0000,TRACKING,R+C
1786364592.125,5.0,0.000,0.886,0.848,0.7961,-0.1207,6.51,-0.28066,0.172,0.300,0.000,-1.0000,-1.0000,TRACKING,R+C
1786364592.316,5.0,0.000,0.883,0.849,0.8039,-0.1224,6.34,-0.28688,0.171,0.300,0.000,-1.0000,-1.0000,TRACKING,R+C
1786364592.516,5.0,0.000,0.883,0.849,0.8039,-0.1224,6.34,-0.28688,0.171,0.300,0.000,-1.0000,-1.0000,TRACKING,prediction
1786364592.726,5.0,0.000,0.896,0.857,0.7921,-0.1256,6.32,-0.22436,0.178,0.300,0.000,-1.0000,-1.0000,TRACKING,R+C
1786364592.927,5.0,0.000,0.899,0.864,0.8030,-0.1255,6.90,-0.13751,0.186,0.300,0.000,-1.0000,-1.0000,TRACKING,R+C
1786364593.129,5.0,0.000,0.910,0.874,0.8025,-0.1285,5.93,-0.16327,0.184,0.300,0.000,-1.0000,-1.0000,TRACKING,R+C
1786364593.340,5.0,0.000,0.903,0.880,0.7853,-0.1261,6.29,-0.10639,0.189,0.300,0.000,-1.0000,-1.0000,TRACKING,R+C
1786364593.555,5.0,0.000,0.895,0.876,0.7857,-0.1288,4.64,-0.14374,0.186,0.300,0.000,-1.0000,-1.0000,TRACKING,R+C
1786364593.763,5.0,0.000,0.892,0.886,0.7718,-0.1261,3.46,-0.20184,0.180,0.300,0.000,-1.0000,-1.0000,TRACKING,R+C
1786364593.971,4.8,0.000,0.887,0.869,0.7666,-0.1190,4.66,-0.08856,0.191,0.300,0.000,-1.0000,-1.0000,TRACKING,R+C
1786364594.179,4.8,0.000,0.886,0.877,0.7643,-0.1191,1.20,-0.27811,0.172,0.300,0.000,-1.0000,-1.0000,TRACKING,R+C
1786364594.391,4.8,0.000,0.891,0.880,0.7566,-0.1068,2.61,-0.19625,0.180,0.300,0.000,-1.0000,-1.0000,TRACKING,R+C
1786364594.590,4.8,0.000,0.890,0.881,0.7156,-0.1004,1.45,-0.26008,0.174,0.300,0.000,-1.0000,-1.0000,TRACKING,R+C
1786364594.785,4.8,0.000,0.887,0.907,0.7088,-0.0906,1.80,-0.21749,0.178,0.300,0.000,-1.0000,-1.0000,TRACKING,R+C
1786364594.982,4.9,0.000,0.883,0.909,0.6847,-0.0786,2.11,-0.21041,0.179,0.300,0.000,-1.0000,-1.0000,TRACKING,R+C
1786364595.179,4.9,0.000,0.876,0.919,0.7132,-0.0655,2.02,-0.23548,0.176,0.300,0.000,-1.0000,-1.0000,TRACKING,R+C
1786364595.368,4.9,0.000,0.870,0.933,0.6474,-0.0509,2.86,-0.20831,0.179,0.300,0.000,-1.0000,-1.0000,TRACKING,R+C
1786364595.564,4.9,0.000,0.872,0.921,0.6982,-0.0463,1.20,-0.30045,0.170,0.300,0.000,-1.0000,-1.0000,TRACKING,R+C
1786364595.710,4.9,0.000,0.866,0.000,0.6982,-0.0335,1.15,-0.35678,0.164,0.300,0.000,-0.9848,-0.9848,TRACKING,C_only
1786364595.853,4.9,0.000,0.863,0.000,0.6982,-0.0233,1.02,-0.39494,0.161,0.300,0.000,-0.7915,-0.7915,TRACKING,C_only
1786364595.997,5.9,0.000,0.860,0.000,0.6982,-0.0117,3.23,-0.25742,0.174,0.300,0.000,-0.6222,-0.6222,TRACKING,C_only
1786364596.146,5.9,0.000,0.855,0.000,0.6982,0.0029,3.17,-0.28687,0.171,0.300,0.000,-0.3146,-0.3146,TRACKING,C_only
1786364596.292,5.9,0.000,0.853,0.000,0.6982,0.0129,2.22,-0.40476,0.160,0.300,0.000,0.0873,0.0873,TRACKING,C_only
1786364596.443,5.9,0.000,0.848,0.000,0.6982,0.0188,3.49,-0.33905,0.166,0.300,0.000,0.1657,0.1657,TRACKING,C_only
1786364596.594,5.9,0.000,0.844,0.000,0.6982,0.0204,3.30,-0.43487,0.157,0.300,0.000,0.2182,0.2182,TRACKING,C_only
1786364596.748,5.9,0.000,0.843,0.000,0.6982,0.0104,4.57,-0.37588,0.162,0.300,0.000,-0.1372,-0.1372,TRACKING,C_only
1786364596.907,5.9,0.000,0.838,0.000,0.6982,0.0002,5.15,-0.44869,0.155,0.300,0.000,-0.5087,-0.5087,TRACKING,C_only
1786364597.068,6.5,0.000,0.831,0.000,0.6982,-0.0198,5.25,-0.54513,0.150,0.300,0.000,-1.0000,-1.0000,TRACKING,C_only
1786364597.234,6.5,0.000,0.825,0.000,0.6982,-0.0431,5.13,-0.69500,0.150,0.300,0.000,-1.0000,-1.0000,TRACKING,C_only
1786364597.398,6.5,0.000,0.822,0.000,0.6982,-0.0583,4.79,-0.84267,0.150,0.300,0.000,-1.0000,-1.0000,TRACKING,C_only
1786364597.565,6.5,0.000,0.820,0.000,0.6982,-0.0637,4.17,-1.01793,0.150,0.300,0.000,-1.0000,-1.0000,TRACKING,C_only
1786364597.737,6.5,0.000,0.820,0.000,0.6982,-0.0643,6.90,-0.96423,0.150,0.300,0.000,-1.0000,-1.0000,TRACKING,C_only
1786364597.905,6.5,0.000,0.822,0.000,0.6982,-0.0715,13.36,-0.51496,0.150,0.300,0.000,-1.0000,-1.0000,TRACKING,C_only
1786364598.071,6.0,0.000,0.825,0.000,0.6982,-0.0792,15.76,-0.31739,0.168,0.300,0.000,-1.0000,-1.0000,TRACKING,C_only
1786364598.297,6.0,0.000,0.830,0.860,0.8016,-0.1032,15.45,-0.18497,0.182,0.300,0.000,-1.0000,-1.0000,TRACKING,R+C
1786364598.528,6.0,0.000,0.830,0.860,0.8016,-0.1032,15.45,-0.18497,0.182,0.300,0.000,-1.0000,-1.0000,TRACKING,prediction
1786364598.752,6.0,0.000,0.830,0.860,0.8016,-0.1032,15.45,-0.18497,0.182,0.300,0.000,-1.0000,-1.0000,TRACKING,prediction
1786364598.981,6.0,0.000,0.830,0.860,0.8016,-0.1032,15.45,-0.18497,0.182,0.300,0.000,-1.0000,-1.0000,TRACKING,prediction
1786364599.206,4.4,0.000,0.830,0.860,0.8016,-0.1032,15.45,-0.18497,0.182,0.300,0.000,-1.0000,-1.0000,TRACKING,prediction
1786364599.439,4.4,0.000,0.830,0.860,0.8016,-0.1032,15.45,-0.18497,0.182,0.300,0.000,-1.0000,-1.0000,TRACKING,prediction
1786364599.676,4.4,0.000,0.830,0.860,0.8016,-0.1032,15.45,-0.18497,0.182,0.300,0.000,-1.0000,-1.0000,TRACKING,prediction
1786364599.912,4.4,0.000,0.873,0.819,0.7959,-0.1878,6.95,0.14330,0.186,0.300,0.000,-1.0000,-1.0000,TRACKING,R+C
1786364600.154,4.4,0.000,0.869,0.820,0.7712,-0.1884,4.47,0.01672,0.198,0.300,0.000,-1.0000,-1.0000,TRACKING,R+C
1786364600.399,4.2,0.000,0.864,0.823,0.7556,-0.1882,2.14,-0.07896,0.192,0.300,0.000,-1.0000,-1.0000,TRACKING,R+C
1786364600.651,4.2,0.000,0.858,0.829,0.7435,-0.1876,-2.20,-0.37566,0.162,0.300,0.000,-1.0000,-1.0000,TRACKING,R+C
1786364600.897,4.2,0.000,0.853,0.833,0.7412,-0.1746,-2.28,-0.45869,0.154,0.300,0.000,-1.0000,-1.0000,TRACKING,R+C
1786364601.136,4.2,0.000,0.851,0.839,0.7389,-0.1650,-3.39,-0.62694,0.150,0.300,0.000,-1.0000,-1.0000,TRACKING,R+C
1786364601.367,4.2,0.000,0.850,0.843,0.7551,-0.1518,-1.37,-0.60217,0.150,0.300,0.000,-1.0000,-1.0000,TRACKING,R+C
1786364601.599,4.2,0.000,0.849,0.844,0.7620,-0.1444,-0.53,-0.59921,0.150,0.300,0.000,-1.0000,-1.0000,TRACKING,R+C
1786364601.826,4.2,0.000,0.850,0.840,0.7718,-0.1352,0.45,-0.64748,0.150,0.300,0.000,-1.0000,-1.0000,TRACKING,R+C
1786364602.045,4.2,0.000,0.851,0.841,0.7897,-0.1283,3.83,-0.45600,0.154,0.300,0.000,-1.0000,-1.0000,TRACKING,R+C
1786364602.261,4.2,0.000,0.852,0.847,0.7942,-0.1273,3.81,-0.48838,0.151,0.300,0.000,-1.0000,-1.0000,TRACKING,R+C
1786364602.481,4.2,0.000,0.852,0.847,0.7942,-0.1273,3.81,-0.48838,0.151,0.300,0.000,-1.0000,-1.0000,TRACKING,prediction
1786364602.692,4.6,0.000,0.853,0.863,0.8062,-0.1279,6.62,-0.29758,0.170,0.300,0.000,-1.0000,-1.0000,TRACKING,R+C
1786364602.911,4.6,0.000,0.853,0.863,0.8062,-0.1279,6.62,-0.29758,0.170,0.300,0.000,-1.0000,-1.0000,TRACKING,prediction
1786364603.129,4.6,0.000,0.860,0.855,0.8088,-0.1334,5.52,-0.36762,0.163,0.300,0.000,-1.0000,-1.0000,TRACKING,R+C
1786364603.344,4.6,0.000,0.868,0.847,0.8066,-0.1383,4.22,-0.42774,0.157,0.300,0.000,-1.0000,-1.0000,TRACKING,R+C
1786364603.562,4.6,0.000,0.868,0.847,0.8066,-0.1383,4.22,-0.42774,0.157,0.300,0.000,-1.0000,-1.0000,TRACKING,prediction
1786364603.779,4.6,0.000,0.873,0.847,0.8002,-0.1396,4.63,-0.35873,0.164,0.300,0.000,-1.0000,-1.0000,TRACKING,R+C
1786364603.993,4.6,0.000,0.875,0.850,0.7953,-0.1439,3.95,-0.36584,0.163,0.300,0.000,-1.0000,-1.0000,TRACKING,R+C
1786364604.201,4.6,0.000,0.878,0.846,0.7811,-0.1430,4.64,-0.29354,0.171,0.300,0.000,-1.0000,-1.0000,TRACKING,R+C
1786364604.416,4.6,0.000,0.880,0.853,0.7768,-0.1410,4.96,-0.25059,0.175,0.300,0.000,-1.0000,-1.0000,TRACKING,R+C
1786364604.631,4.6,0.000,0.882,0.849,0.7762,-0.1430,4.47,-0.24247,0.176,0.300,0.000,-1.0000,-1.0000,TRACKING,R+C
1786364604.842,4.7,0.000,0.882,0.856,0.7676,-0.1413,4.90,-0.19029,0.181,0.300,0.000,-1.0000,-1.0000,TRACKING,R+C
1786364605.054,4.7,0.000,0.882,0.856,0.7574,-0.1420,3.77,-0.22691,0.177,0.300,0.000,-1.0000,-1.0000,TRACKING,R+C
1786364605.266,4.7,0.000,0.882,0.860,0.7604,-0.1386,5.71,-0.03471,0.197,0.300,0.000,-1.0000,-1.0000,TRACKING,R+C
1786364605.480,4.7,0.000,0.879,0.866,0.7548,-0.1379,3.77,-0.14179,0.186,0.300,0.000,-1.0000,-1.0000,TRACKING,R+C
1786364605.695,4.7,0.000,0.877,0.864,0.7475,-0.1340,3.40,-0.11544,0.188,0.300,0.000,-1.0000,-1.0000,TRACKING,R+C
1786364605.908,4.7,0.000,0.873,0.865,0.7428,-0.1285,3.20,-0.09745,0.190,0.300,0.000,-1.0000,-1.0000,TRACKING,R+C
1786364606.120,4.7,0.000,0.869,0.866,0.7320,-0.1238,1.04,-0.21005,0.179,0.300,0.000,-1.0000,-1.0000,TRACKING,R+C
1786364606.334,4.7,0.000,0.865,0.869,0.7163,-0.1113,2.41,-0.12438,0.188,0.300,0.000,-1.0000,-1.0000,TRACKING,R+C
1786364606.546,4.7,0.000,0.863,0.870,0.7154,-0.1021,1.26,-0.17280,0.183,0.300,0.000,-1.0000,-1.0000,TRACKING,R+C
1786364606.764,4.7,0.000,0.863,0.872,0.6756,-0.0892,0.37,-0.27736,0.172,0.300,0.000,-1.0000,-1.0000,TRACKING,R+C
1786364606.977,4.7,0.000,0.862,0.873,0.6717,-0.0775,0.32,-0.28477,0.172,0.300,0.000,-1.0000,-1.0000,TRACKING,R+C
1786364607.188,4.7,0.000,0.860,0.873,0.6425,-0.0607,-0.83,-0.42251,0.158,0.300,0.000,-1.0000,-1.0000,TRACKING,R+C
1786364607.397,4.7,0.000,0.857,0.875,0.6322,-0.0445,2.26,-0.20509,0.179,0.300,0.000,-1.0000,-1.0000,TRACKING,R+C
1786364607.611,4.7,0.000,0.852,0.887,0.6095,-0.0311,2.09,-0.23152,0.177,0.300,0.000,-0.9099,-0.9099,TRACKING,R+C
1786364607.828,4.7,0.000,0.848,0.892,0.5818,-0.0103,3.83,-0.21094,0.179,0.300,0.000,-0.5871,-0.5871,TRACKING,R+C
1786364607.982,5.0,0.000,0.845,0.000,0.5818,0.0016,2.96,-0.26540,0.173,0.300,0.000,-0.3098,-0.3098,TRACKING,C_only
1786364608.141,5.0,0.000,0.842,0.000,0.5818,0.0158,2.47,-0.39161,0.161,0.300,0.000,0.1518,0.1518,TRACKING,C_only
1786364608.296,5.0,0.000,0.840,0.000,0.5818,0.0212,5.21,-0.20193,0.180,0.300,0.000,-0.0011,-0.0011,TRACKING,C_only
1786364608.453,5.0,0.000,0.836,0.000,0.5818,0.0206,2.69,-0.43051,0.157,0.300,0.000,0.2696,0.2696,TRACKING,C_only
1786364608.616,5.0,0.000,0.834,0.000,0.5818,0.0180,5.32,-0.38409,0.162,0.300,0.000,0.0144,0.0144,TRACKING,C_only
1786364608.774,5.0,0.000,0.833,0.000,0.5818,0.0076,5.44,-0.47134,0.153,0.300,0.000,-0.3341,-0.3341,TRACKING,C_only
1786364608.935,5.0,0.000,0.830,0.000,0.5818,-0.0211,3.83,-0.69991,0.150,0.300,0.000,-1.0000,-1.0000,TRACKING,C_only
1786364609.160,5.9,0.000,0.828,0.885,0.6005,-0.0411,3.23,-0.82830,0.150,0.300,0.000,-1.0000,-1.0000,TRACKING,R+C
1786364609.388,5.9,0.000,0.824,0.862,0.6874,-0.0608,3.17,-1.00897,0.150,0.300,0.000,-1.0000,-1.0000,TRACKING,R+C
1786364609.617,5.9,0.000,0.821,0.855,0.7069,-0.0653,5.28,-1.02538,0.150,0.300,0.000,-1.0000,-1.0000,TRACKING,R+C
1786364609.852,5.9,0.000,0.820,0.851,0.6704,-0.0708,5.95,-1.04256,0.150,0.300,0.000,-1.0000,-1.0000,TRACKING,R+C
1786364610.089,5.9,0.000,0.820,0.851,0.6704,-0.0708,5.95,-1.04256,0.150,0.300,0.000,-1.0000,-1.0000,TRACKING,prediction
1786364610.311,4.3,0.000,0.820,0.851,0.6704,-0.0708,5.95,-1.04256,0.150,0.300,0.000,-1.0000,-1.0000,TRACKING,prediction
1786364610.559,4.3,0.000,0.820,0.851,0.6704,-0.0708,5.95,-1.04256,0.150,0.300,0.000,-1.0000,-1.0000,TRACKING,prediction
1786364610.793,4.3,0.000,0.820,0.851,0.6704,-0.0708,5.95,-1.04256,0.150,0.300,0.000,-1.0000,-1.0000,TRACKING,prediction
1786364611.001,4.3,0.000,0.820,0.851,0.6704,-0.0708,5.95,-1.04256,0.150,0.300,0.000,-1.0000,-1.0000,TRACKING,prediction
1786364611.234,4.3,0.000,0.820,0.851,0.6704,-0.0708,5.95,-1.04256,0.150,0.300,0.000,-1.0000,-1.0000,TRACKING,prediction
1786364611.468,4.3,0.000,0.820,0.851,0.6704,-0.0708,5.95,-1.04256,0.150,0.300,0.000,-1.0000,-1.0000,TRACKING,prediction
1786364611.708,4.3,0.000,0.820,0.851,0.6704,-0.0708,5.95,-1.04256,0.150,0.300,0.000,-1.0000,-1.0000,TRACKING,prediction
1786364611.953,4.3,0.000,0.820,0.851,0.6704,-0.0708,5.95,-1.04256,0.150,0.300,0.000,-1.0000,-1.0000,TRACKING,prediction
1786364612.200,4.3,0.000,0.820,0.851,0.6704,-0.0708,5.95,-1.04256,0.150,0.300,0.000,-1.0000,-1.0000,TRACKING,prediction
1786364612.433,4.3,0.000,0.820,0.851,0.6704,-0.0708,5.95,-1.04256,0.150,0.285,0.000,-1.0000,-1.0000,TRACKING,prediction
1786364612.663,4.2,0.000,0.820,0.851,0.6704,-0.0708,5.95,-1.04256,0.150,0.271,0.000,-1.0000,-1.0000,TRACKING,prediction
1786364612.894,4.2,0.000,0.868,0.848,0.7203,-0.1498,-2.15,-0.58213,0.150,0.300,0.000,-1.0000,-1.0000,TRACKING,R+C
1786364613.120,4.2,0.000,0.863,0.851,0.7278,-0.1415,-0.92,-0.56186,0.150,0.300,0.000,-1.0000,-1.0000,TRACKING,R+C
1786364613.339,4.2,0.000,0.865,0.849,0.7413,-0.1350,-0.62,-0.59410,0.150,0.300,0.000,-1.0000,-1.0000,TRACKING,R+C
1786364613.558,4.2,0.000,0.861,0.853,0.7566,-0.1243,2.32,-0.50801,0.150,0.300,0.000,-1.0000,-1.0000,TRACKING,R+C
1786364613.778,4.5,0.000,0.852,0.856,0.7731,-0.1220,2.48,-0.52593,0.150,0.300,0.000,-1.0000,-1.0000,TRACKING,R+C
1786364613.993,4.5,0.000,0.850,0.853,0.7740,-0.1145,4.23,-0.50093,0.150,0.300,0.000,-1.0000,-1.0000,TRACKING,R+C
1786364614.209,4.5,0.000,0.858,0.851,0.7741,-0.1184,4.95,-0.42473,0.158,0.300,0.000,-1.0000,-1.0000,TRACKING,R+C
1786364614.419,4.5,0.000,0.858,0.851,0.7741,-0.1184,4.95,-0.42473,0.158,0.300,0.000,-1.0000,-1.0000,TRACKING,prediction
1786364614.635,4.5,0.000,0.858,0.851,0.7741,-0.1184,4.95,-0.42473,0.158,0.300,0.000,-1.0000,-1.0000,TRACKING,prediction
1786364614.842,4.7,0.000,0.873,0.853,0.8097,-0.1190,7.66,-0.28036,0.172,0.300,0.000,-1.0000,-1.0000,TRACKING,R+C
1786364615.044,4.7,0.000,0.873,0.853,0.8097,-0.1190,7.66,-0.28036,0.172,0.300,0.000,-1.0000,-1.0000,TRACKING,prediction
1786364615.249,4.7,0.000,0.873,0.853,0.8097,-0.1190,7.66,-0.28036,0.172,0.300,0.000,-1.0000,-1.0000,TRACKING,prediction
1786364615.457,4.7,0.000,0.873,0.853,0.8097,-0.1190,7.66,-0.28036,0.172,0.300,0.000,-1.0000,-1.0000,TRACKING,prediction
1786364615.665,4.7,0.000,0.873,0.853,0.8097,-0.1190,7.66,-0.28036,0.172,0.300,0.000,-1.0000,-1.0000,TRACKING,prediction
1786364615.874,4.8,0.000,0.896,0.845,0.8053,-0.1370,6.15,-0.26188,0.174,0.300,0.000,-1.0000,-1.0000,TRACKING,R+C
1786364616.078,4.8,0.000,0.901,0.846,0.7987,-0.1412,5.42,-0.26626,0.173,0.300,0.000,-1.0000,-1.0000,TRACKING,R+C
1786364616.284,4.8,0.000,0.898,0.853,0.8095,-0.1443,4.55,-0.28748,0.171,0.300,0.000,-1.0000,-1.0000,TRACKING,R+C
1786364616.489,4.8,0.000,0.898,0.853,0.8095,-0.1443,4.55,-0.28748,0.171,0.300,0.000,-1.0000,-1.0000,TRACKING,prediction
1786364616.703,4.8,0.000,0.912,0.866,0.7961,-0.1438,5.04,-0.19086,0.181,0.300,0.000,-1.0000,-1.0000,TRACKING,R+C
1786364616.908,4.8,0.000,0.905,0.873,0.7972,-0.1442,4.35,-0.21254,0.179,0.300,0.000,-1.0000,-1.0000,TRACKING,R+C
1786364617.113,4.8,0.000,0.899,0.877,0.7869,-0.1430,3.94,-0.19345,0.181,0.300,0.000,-1.0000,-1.0000,TRACKING,R+C
1786364617.321,4.8,0.000,0.895,0.870,0.7816,-0.1412,4.36,-0.10731,0.189,0.300,0.000,-1.0000,-1.0000,TRACKING,R+C
1786364617.529,4.8,0.000,0.898,0.877,0.7775,-0.1381,3.19,-0.15481,0.185,0.300,0.000,-1.0000,-1.0000,TRACKING,R+C
1786364617.744,4.8,0.000,0.898,0.870,0.7667,-0.1330,2.63,-0.17203,0.183,0.300,0.000,-1.0000,-1.0000,TRACKING,R+C
1786364617.941,4.8,0.000,0.902,0.876,0.7574,-0.1302,1.53,-0.19476,0.181,0.300,0.000,-1.0000,-1.0000,TRACKING,R+C
1786364618.141,4.8,0.000,0.903,0.884,0.7551,-0.1190,2.03,-0.16728,0.183,0.300,0.000,-1.0000,-1.0000,TRACKING,R+C
1786364618.340,4.8,0.000,0.899,0.885,0.7324,-0.1102,1.81,-0.17714,0.182,0.300,0.000,-1.0000,-1.0000,TRACKING,R+C
1786364618.540,4.8,0.000,0.892,0.906,0.7226,-0.0995,1.57,-0.18830,0.181,0.300,0.000,-1.0000,-1.0000,TRACKING,R+C
1786364618.739,4.8,0.000,0.889,0.910,0.6868,-0.0903,0.44,-0.27045,0.173,0.300,0.000,-1.0000,-1.0000,TRACKING,R+C
1786364618.937,4.8,0.000,0.880,0.914,0.7133,-0.0755,1.93,-0.17717,0.182,0.300,0.000,-1.0000,-1.0000,TRACKING,R+C
1786364619.144,5.0,0.000,0.870,0.925,0.6714,-0.0622,1.17,-0.25629,0.174,0.300,0.000,-1.0000,-1.0000,TRACKING,R+C
1786364619.284,5.0,0.000,0.869,0.000,0.6714,-0.0502,0.38,-0.33240,0.167,0.300,0.000,-1.0000,-1.0000,TRACKING,C_only
1786364619.481,5.0,0.000,0.866,0.919,0.5839,-0.0373,1.92,-0.26702,0.173,0.300,0.000,-1.0000,-1.0000,TRACKING,R+C
1786364619.620,5.0,0.000,0.863,0.000,0.5839,-0.0218,2.61,-0.24658,0.175,0.300,0.000,-0.7777,-0.7777,TRACKING,C_only
1786364619.769,5.0,0.000,0.860,0.000,0.5839,-0.0119,1.35,-0.37579,0.162,0.300,0.000,-0.5071,-0.5071,TRACKING,C_only
1786364619.915,5.0,0.000,0.855,0.000,0.5839,0.0033,2.27,-0.34126,0.166,0.300,0.000,-0.1530,-0.1530,TRACKING,C_only
1786364620.062,5.0,0.000,0.853,0.000,0.5839,0.0132,3.90,-0.24762,0.175,0.300,0.000,-0.1032,-0.1032,TRACKING,C_only
1786364620.212,6.6,0.000,0.849,0.000,0.5839,0.0152,1.76,-0.41900,0.158,0.300,0.000,0.1833,0.1833,TRACKING,C_only
1786364620.365,6.6,0.000,0.844,0.000,0.5839,0.0179,2.74,-0.42028,0.158,0.300,0.000,0.1889,0.1889,TRACKING,C_only
1786364620.519,6.6,0.000,0.841,0.000,0.5839,0.0102,2.58,-0.50484,0.150,0.300,0.000,-0.0486,-0.0486,TRACKING,C_only
1786364620.679,6.6,0.000,0.836,0.000,0.5839,-0.0005,5.49,-0.42218,0.158,0.300,0.000,-0.5271,-0.5271,TRACKING,C_only
1786364620.846,6.6,0.000,0.830,0.000,0.5839,-0.0220,5.89,-0.41458,0.159,0.300,0.000,-1.0000,-1.0000,TRACKING,C_only
1786364621.008,6.6,0.000,0.827,0.000,0.5839,-0.0317,6.85,-0.53830,0.150,0.300,0.000,-1.0000,-1.0000,TRACKING,C_only
1786364621.178,6.6,0.000,0.823,0.000,0.5839,-0.0555,3.77,-0.84095,0.150,0.300,0.000,-1.0000,-1.0000,TRACKING,C_only
1786364621.356,6.1,0.000,0.821,0.000,0.5839,-0.0595,5.42,-0.91747,0.150,0.300,0.000,-1.0000,-1.0000,TRACKING,C_only
1786364621.521,6.1,0.000,0.821,0.000,0.5839,-0.0708,4.16,-1.08903,0.150,0.300,0.000,-1.0000,-1.0000,TRACKING,C_only
1786364621.685,6.1,0.000,0.822,0.000,0.5839,-0.0714,7.36,-0.93754,0.150,0.300,0.000,-1.0000,-1.0000,TRACKING,C_only
1786364621.848,6.1,0.000,0.822,0.000,0.5839,-0.0714,7.36,-0.93754,0.150,0.300,0.000,-1.0000,-1.0000,TRACKING,prediction
1786364622.072,6.1,0.000,0.822,0.000,0.5839,-0.0714,7.36,-0.93754,0.150,0.300,0.000,-1.0000,-1.0000,TRACKING,prediction
1786364622.292,6.1,0.000,0.822,0.000,0.5839,-0.0714,7.36,-0.93754,0.150,0.300,0.000,-1.0000,-1.0000,TRACKING,prediction
1786364622.526,5.1,0.000,0.822,0.000,0.5839,-0.0714,7.36,-0.93754,0.150,0.300,0.000,-1.0000,-1.0000,TRACKING,prediction
1786364622.748,5.1,0.000,0.822,0.000,0.5839,-0.0714,7.36,-0.93754,0.150,0.300,0.000,-1.0000,-1.0000,TRACKING,prediction
1786364622.978,5.1,0.000,0.822,0.000,0.5839,-0.0714,7.36,-0.93754,0.150,0.290,0.000,-1.0000,-1.0000,TRACKING,prediction
1786364623.204,5.1,0.000,0.822,0.000,0.5839,-0.0714,7.36,-0.93754,0.150,0.276,0.000,-1.0000,-1.0000,TRACKING,prediction
1786364623.443,5.1,0.000,0.822,0.000,0.5839,-0.0714,7.36,-0.93754,0.150,0.262,0.000,-1.0000,-1.0000,TRACKING,prediction
1786364623.680,4.3,0.000,0.822,0.000,0.5839,-0.0714,7.36,-0.93754,0.150,0.249,0.000,-1.0000,-1.0000,TRACKING,prediction
1786364623.917,4.3,0.000,0.822,0.000,0.5839,-0.0714,7.36,-0.93754,0.150,0.210,0.000,-1.0000,-1.0000,UNCERTAIN,prediction
1786364624.159,4.3,0.000,0.822,0.000,0.5839,-0.0714,7.36,-0.93754,0.150,0.210,0.000,-1.0000,-1.0000,UNCERTAIN,prediction
1786364624.403,4.3,0.000,0.822,0.000,0.5839,-0.0714,7.36,-0.93754,0.150,0.210,0.000,-1.0000,-1.0000,UNCERTAIN,prediction
1786364624.645,4.3,0.000,0.822,0.000,0.5839,-0.0714,7.36,-0.93754,0.150,0.180,0.000,-1.0000,-1.0000,PREDICTING,prediction
1786364624.887,4.1,0.000,0.852,0.835,0.7333,-0.1707,-2.68,-0.46765,0.153,0.300,0.000,-1.0000,-1.0000,TRACKING,R+C
1786364625.128,4.1,0.000,0.851,0.838,0.7326,-0.1580,-1.51,-0.48623,0.151,0.300,0.000,-1.0000,-1.0000,TRACKING,R+C
1786364625.356,4.1,0.000,0.848,0.842,0.7317,-0.1448,-1.27,-0.55300,0.150,0.300,0.000,-1.0000,-1.0000,TRACKING,R+C
1786364625.583,4.1,0.000,0.846,0.845,0.7393,-0.1381,-3.19,-0.71717,0.150,0.300,0.000,-1.0000,-1.0000,TRACKING,R+C
1786364625.807,4.1,0.000,0.844,0.850,0.7533,-0.1237,1.81,-0.47860,0.152,0.300,0.000,-1.0000,-1.0000,TRACKING,R+C
1786364626.032,4.4,0.000,0.846,0.844,0.7674,-0.1162,3.81,-0.46076,0.154,0.300,0.000,-1.0000,-1.0000,TRACKING,R+C
1786364626.248,4.4,0.000,0.847,0.845,0.7698,-0.1186,2.47,-0.56271,0.150,0.300,0.000,-1.0000,-1.0000,TRACKING,R+C
1786364626.466,4.4,0.000,0.847,0.851,0.7934,-0.1188,3.79,-0.46946,0.153,0.300,0.000,-1.0000,-1.0000,TRACKING,R+C
1786364626.687,4.4,0.000,0.847,0.866,0.7932,-0.1171,5.09,-0.41402,0.159,0.300,0.000,-1.0000,-1.0000,TRACKING,R+C
1786364626.903,4.4,0.000,0.848,0.868,0.7989,-0.1147,6.76,-0.34364,0.166,0.300,0.000,-1.0000,-1.0000,TRACKING,R+C
1786364627.117,4.6,0.000,0.848,0.868,0.7989,-0.1147,6.76,-0.34364,0.166,0.300,0.000,-1.0000,-1.0000,TRACKING,prediction
1786364627.339,4.6,0.000,0.855,0.856,0.7887,-0.1155,6.60,-0.35851,0.164,0.300,0.000,-1.0000,-1.0000,TRACKING,R+C
1786364627.554,4.6,0.000,0.860,0.847,0.7829,-0.1247,5.15,-0.39616,0.160,0.300,0.000,-1.0000,-1.0000,TRACKING,R+C
1786364627.768,4.6,0.000,0.865,0.849,0.8076,-0.1213,6.84,-0.28903,0.171,0.300,0.000,-1.0000,-1.0000,TRACKING,R+C
1786364627.986,4.6,0.000,0.867,0.849,0.7785,-0.1293,5.20,-0.34466,0.166,0.300,0.000,-1.0000,-1.0000,TRACKING,R+C
1786364628.205,4.6,0.000,0.871,0.850,0.8030,-0.1298,6.59,-0.21516,0.178,0.300,0.000,-1.0000,-1.0000,TRACKING,R+C
1786364628.428,4.6,0.000,0.873,0.851,0.7751,-0.1330,5.09,-0.29340,0.171,0.300,0.000,-1.0000,-1.0000,TRACKING,R+C
1786364628.644,4.6,0.000,0.875,0.855,0.7728,-0.1323,4.78,-0.27528,0.172,0.300,0.000,-1.0000,-1.0000,TRACKING,R+C
1786364628.862,4.6,0.000,0.876,0.853,0.7736,-0.1320,4.91,-0.22941,0.177,0.300,0.000,-1.0000,-1.0000,TRACKING,R+C
1786364629.078,4.6,0.000,0.877,0.858,0.7644,-0.1326,4.55,-0.23441,0.177,0.300,0.000,-1.0000,-1.0000,TRACKING,R+C
1786364629.291,4.6,0.000,0.877,0.860,0.7611,-0.1334,4.34,-0.18196,0.182,0.300,0.000,-1.0000,-1.0000,TRACKING,R+C
1786364629.503,4.6,0.000,0.876,0.867,0.7556,-0.1294,4.18,-0.17217,0.183,0.300,0.000,-1.0000,-1.0000,TRACKING,R+C
1786364629.720,4.6,0.000,0.875,0.868,0.7543,-0.1291,3.64,-0.13709,0.186,0.300,0.000,-1.0000,-1.0000,TRACKING,R+C
1786364629.937,4.6,0.000,0.870,0.867,0.7576,-0.1221,3.90,-0.09166,0.191,0.300,0.000,-1.0000,-1.0000,TRACKING,R+C
1786364630.150,4.6,0.000,0.866,0.868,0.7316,-0.1164,3.67,-0.09777,0.190,0.300,0.000,-1.0000,-1.0000,TRACKING,R+C
1786364630.364,4.7,0.000,0.864,0.866,0.7409,-0.1084,3.18,-0.11067,0.189,0.300,0.000,-1.0000,-1.0000,TRACKING,R+C
1786364630.580,4.7,0.000,0.862,0.874,0.7027,-0.0987,2.55,-0.13673,0.186,0.300,0.000,-1.0000,-1.0000,TRACKING,R+C
1786364630.790,4.7,0.000,0.862,0.871,0.6788,-0.0837,3.45,-0.10272,0.190,0.300,0.000,-1.0000,-1.0000,TRACKING,R+C
1786364631.007,4.7,0.000,0.860,0.873,0.6744,-0.0746,1.59,-0.23913,0.176,0.300,0.000,-1.0000,-1.0000,TRACKING,R+C
1786364631.220,4.7,0.000,0.861,0.872,0.6440,-0.0645,0.86,-0.31630,0.168,0.300,0.000,-1.0000,-1.0000,TRACKING,R+C
1786364631.430,4.7,0.000,0.858,0.873,0.6286,-0.0492,2.37,-0.21716,0.178,0.300,0.000,-1.0000,-1.0000,TRACKING,R+C
1786364631.637,4.7,0.000,0.853,0.882,0.5662,-0.0320,0.46,-0.40380,0.160,0.300,0.000,-0.9739,-0.9739,TRACKING,R+C
1786364631.791,4.7,0.000,0.850,0.000,0.5662,-0.0172,1.46,-0.37852,0.162,0.300,0.000,-0.6516,-0.6516,TRACKING,C_only
1786364632.005,4.7,0.000,0.846,0.899,0.5374,-0.0087,1.59,-0.38419,0.162,0.300,0.000,-0.4482,-0.4482,TRACKING,R+C
1786364632.157,4.7,0.000,0.843,0.000,0.5374,0.0068,2.40,-0.35481,0.165,0.300,0.000,-0.0761,-0.0761,TRACKING,C_only
1786364632.314,4.7,0.000,0.842,0.000,0.5374,0.0118,2.31,-0.40776,0.159,0.300,0.000,0.0487,0.0487,TRACKING,C_only
1786364632.470,5.8,0.000,0.839,0.000,0.5374,0.0170,4.00,-0.31451,0.169,0.300,0.000,0.0915,0.0915,TRACKING,C_only
1786364632.629,5.8,0.000,0.834,0.000,0.5374,0.0124,3.70,-0.47795,0.152,0.300,0.000,-0.0568,-0.0568,TRACKING,C_only
1786364632.789,5.8,0.000,0.833,0.000,0.5374,-0.0008,2.39,-0.60021,0.150,0.300,0.000,-0.4077,-0.4077,TRACKING,C_only
1786364632.953,5.8,0.000,0.831,0.000,0.5374,-0.0104,4.62,-0.58676,0.150,0.300,0.000,-0.8457,-0.8457,TRACKING,C_only
1786364633.115,5.8,0.000,0.829,0.000,0.5374,-0.0226,4.04,-0.69369,0.150,0.300,0.000,-1.0000,-1.0000,TRACKING,C_only
1786364633.338,5.8,0.000,0.827,0.888,0.5977,-0.0380,5.32,-0.69109,0.150,0.300,0.000,-1.0000,-1.0000,TRACKING,R+C
1786364633.567,5.5,0.000,0.821,0.865,0.7375,-0.0492,5.66,-0.85512,0.150,0.300,0.000,-1.0000,-1.0000,TRACKING,R+C
1786364633.797,5.5,0.000,0.819,0.855,0.7235,-0.0604,3.37,-1.19217,0.150,0.300,0.000,-1.0000,-1.0000,TRACKING,R+C
1786364634.032,5.5,0.000,0.819,0.847,0.7562,-0.0623,10.46,-0.71702,0.150,0.300,0.000,-1.0000,-1.0000,TRACKING,R+C
1786364634.268,5.5,0.000,0.822,0.841,0.7296,-0.0724,14.49,-0.35285,0.165,0.300,0.000,-1.0000,-1.0000,TRACKING,R+C
1786364634.482,5.5,0.000,0.841,0.828,0.7768,-0.0945,17.47,0.00633,0.199,0.300,0.000,-1.0000,-1.0000,TRACKING,R+C
1786364634.757,4.2,0.863,0.861,0.821,0.4194,-0.1177,14.42,-0.02915,0.197,0.300,0.000,-1.0000,-1.0000,TRACKING,L+C+R_fused
1786364634.990,4.2,0.863,0.861,0.821,0.4194,-0.1177,14.42,-0.02915,0.197,0.300,0.000,-1.0000,-1.0000,TRACKING,prediction
1786364635.194,4.2,0.863,0.861,0.821,0.4194,-0.1177,14.42,-0.02915,0.197,0.300,0.000,-1.0000,-1.0000,TRACKING,prediction
1786364635.430,4.2,0.863,0.861,0.821,0.4194,-0.1177,14.42,-0.02915,0.197,0.300,0.000,-1.0000,-1.0000,TRACKING,prediction
1786364635.662,4.2,0.000,0.863,0.819,0.8085,-0.1680,7.23,0.05358,0.195,0.300,0.000,-1.0000,-1.0000,TRACKING,R+C
1786364635.903,4.4,0.000,0.865,0.822,0.7872,-0.1719,6.07,0.07691,0.192,0.300,0.000,-1.0000,-1.0000,TRACKING,R+C
1786364636.141,4.4,0.000,0.864,0.826,0.7575,-0.1722,1.82,-0.15467,0.185,0.300,0.000,-1.0000,-1.0000,TRACKING,R+C
1786364636.381,4.4,0.000,0.861,0.832,0.7370,-0.1673,0.47,-0.22211,0.178,0.300,0.000,-1.0000,-1.0000,TRACKING,R+C
1786364636.614,4.4,0.000,0.862,0.840,0.7243,-0.1616,-2.22,-0.42998,0.157,0.300,0.000,-1.0000,-1.0000,TRACKING,R+C
1786364636.846,4.4,0.000,0.859,0.849,0.7150,-0.1460,-1.60,-0.50608,0.150,0.300,0.000,-1.0000,-1.0000,TRACKING,R+C
1786364637.079,4.3,0.000,0.856,0.851,0.7229,-0.1373,-1.81,-0.58414,0.150,0.300,0.000,-1.0000,-1.0000,TRACKING,R+C
1786364637.306,4.3,0.000,0.857,0.856,0.7243,-0.1235,-1.03,-0.65768,0.150,0.300,0.000,-1.0000,-1.0000,TRACKING,R+C
1786364637.525,4.3,0.000,0.863,0.860,0.7303,-0.1126,2.26,-0.52292,0.150,0.300,0.000,-1.0000,-1.0000,TRACKING,R+C
1786364637.733,4.3,0.000,0.909,0.840,0.7659,-0.1532,-1.74,-0.37072,0.163,0.300,0.000,-1.0000,-1.0000,TRACKING,R+C
1786364637.863,4.3,0.000,0.909,0.840,0.7659,-0.1532,-1.74,-0.37072,0.163,0.300,0.000,-1.0000,-1.0000,TRACKING,prediction
1786364638.013,4.3,0.000,0.909,0.840,0.7659,-0.1532,-1.74,-0.37072,0.163,0.300,0.000,-1.0000,-1.0000,TRACKING,prediction
1786364638.175,5.5,0.000,0.826,0.000,0.7659,-0.0655,-0.26,-0.25358,0.175,0.300,0.000,-1.0000,-1.0000,TRACKING,C_only
1786364638.393,5.5,0.000,0.825,0.865,0.6272,-0.0676,0.44,-0.25217,0.175,0.300,0.000,-1.0000,-1.0000,TRACKING,R+C
1786364638.611,5.5,0.000,0.825,0.870,0.6469,-0.0521,0.47,-0.35396,0.165,0.300,0.000,-1.0000,-1.0000,TRACKING,R+C
1786364638.834,5.5,0.000,0.823,0.873,0.5768,-0.0335,3.60,-0.21628,0.178,0.300,0.000,-1.0000,-1.0000,TRACKING,R+C
1786364638.990,5.5,0.000,0.821,0.000,0.5768,-0.0202,2.28,-0.35383,0.165,0.300,0.000,-0.7467,-0.7467,TRACKING,C_only
1786364639.149,5.5,0.000,0.821,0.000,0.5768,-0.0093,2.47,-0.40536,0.159,0.300,0.000,-0.5415,-0.5415,TRACKING,C_only
1786364639.309,5.3,0.000,0.820,0.000,0.5768,0.0084,6.78,-0.20431,0.180,0.300,0.000,-0.3974,-0.3974,TRACKING,C_only
1786364639.467,5.3,0.000,0.822,0.000,0.5768,0.0068,4.36,-0.30160,0.170,0.300,0.000,-0.3294,-0.3294,TRACKING,C_only
1786364639.632,5.3,0.000,0.822,0.000,0.5768,0.0160,7.06,-0.24780,0.175,0.300,0.000,-0.2857,-0.2857,TRACKING,C_only
1786364639.794,5.3,0.000,0.824,0.000,0.5768,0.0065,4.71,-0.37814,0.162,0.300,0.000,-0.2501,-0.2501,TRACKING,C_only
1786364639.957,5.3,0.000,0.824,0.000,0.5768,-0.0012,3.09,-0.54192,0.150,0.300,0.000,-0.4548,-0.4548,TRACKING,C_only
1786364640.119,5.3,0.000,0.826,0.000,0.5768,-0.0013,8.47,-0.22751,0.177,0.300,0.000,-0.7455,-0.7455,TRACKING,C_only
1786364640.289,5.3,0.000,0.830,0.000,0.5768,-0.0059,10.83,-0.10384,0.190,0.300,0.000,-0.8405,-0.8405,TRACKING,C_only
1786364640.509,5.8,0.000,0.831,0.863,0.5925,-0.0267,9.37,-0.13487,0.187,0.300,0.000,-1.0000,-1.0000,TRACKING,R+C
1786364640.728,5.8,0.000,0.836,0.858,0.6608,-0.0356,10.45,-0.03807,0.196,0.300,0.000,-1.0000,-1.0000,TRACKING,R+C
1786364640.939,5.8,0.000,0.843,0.860,0.6618,-0.0449,5.42,-0.39219,0.161,0.300,0.000,-1.0000,-1.0000,TRACKING,R+C
1786364641.148,5.8,0.000,0.846,0.873,0.6909,-0.0444,7.84,-0.20038,0.180,0.300,0.000,-1.0000,-1.0000,TRACKING,R+C
1786364641.355,5.8,0.000,0.849,0.876,0.6807,-0.0416,8.51,-0.12998,0.187,0.300,0.000,-1.0000,-1.0000,TRACKING,R+C
1786364641.561,4.8,0.000,0.847,0.870,0.6431,-0.0413,6.63,-0.21154,0.179,0.300,0.000,-1.0000,-1.0000,TRACKING,R+C
1786364641.768,4.8,0.000,0.852,0.872,0.6471,-0.0403,5.62,-0.25237,0.175,0.300,0.000,-1.0000,-1.0000,TRACKING,R+C
1786364641.972,4.8,0.000,0.852,0.870,0.6355,-0.0321,6.05,-0.21928,0.178,0.300,0.000,-1.0000,-1.0000,TRACKING,R+C
1786364642.176,4.8,0.000,0.854,0.878,0.6408,-0.0225,7.78,-0.08277,0.192,0.300,0.000,-0.9173,-0.9173,TRACKING,R+C
1786364642.388,4.8,0.000,0.854,0.881,0.6293,-0.0192,4.90,-0.23448,0.177,0.300,0.000,-0.8672,-0.8672,TRACKING,R+C
1786364642.591,4.9,0.000,0.852,0.888,0.5980,-0.0144,3.75,-0.26208,0.174,0.300,0.000,-0.7225,-0.7225,TRACKING,R+C
1786364642.792,4.9,0.000,0.857,0.908,0.6195,-0.0012,5.97,-0.11700,0.188,0.300,0.000,-0.4636,-0.4636,TRACKING,R+C
1786364642.995,4.9,0.000,0.860,0.914,0.6475,0.0088,6.15,-0.11247,0.189,0.300,0.000,-0.2775,-0.2775,TRACKING,R+C
1786364643.133,4.9,0.000,0.857,0.000,0.6475,0.0163,5.83,-0.13318,0.187,0.300,0.000,-0.1179,-0.1179,TRACKING,C_only
1786364643.267,4.9,0.000,0.864,0.000,0.6475,0.0177,6.03,-0.11336,0.189,0.300,0.000,-0.0937,-0.0937,TRACKING,C_only
1786364643.400,4.9,0.000,0.869,0.000,0.6475,0.0160,6.80,-0.03547,0.196,0.300,0.000,-0.1397,-0.1397,TRACKING,C_only
1786364643.590,4.9,0.000,0.859,0.854,0.4919,0.0111,6.25,-0.07380,0.193,0.300,0.000,-0.2169,-0.2169,TRACKING,R+C
1786364643.778,5.9,0.000,0.867,0.844,0.5662,-0.0041,4.81,-0.16951,0.183,0.300,0.000,-0.4897,-0.4897,TRACKING,R+C
1786364643.967,5.9,0.000,0.861,0.928,0.6126,-0.0149,5.25,-0.15651,0.184,0.300,0.000,-0.7160,-0.7160,TRACKING,R+C
1786364644.175,5.9,0.000,0.851,0.923,0.6241,-0.0193,7.08,-0.02493,0.198,0.300,0.000,-0.7637,-0.7637,TRACKING,R+C
1786364644.390,5.9,0.000,0.858,0.904,0.6234,-0.0280,5.14,-0.16329,0.184,0.300,0.000,-0.9558,-0.9558,TRACKING,R+C
1786364644.605,5.9,0.000,0.860,0.897,0.6517,-0.0271,4.86,-0.16750,0.183,0.300,0.000,-0.9276,-0.9276,TRACKING,R+C
1786364644.806,4.9,0.000,0.866,0.892,0.6192,-0.0222,5.44,-0.10773,0.189,0.300,0.000,-0.8067,-0.8067,TRACKING,R+C
1786364645.006,4.9,0.000,0.868,0.894,0.6035,-0.0108,6.15,-0.05834,0.194,0.300,0.000,-0.5997,-0.5997,TRACKING,R+C
1786364645.207,4.9,0.000,0.865,0.904,0.6014,-0.0003,5.35,-0.10052,0.190,0.300,0.000,-0.3931,-0.3931,TRACKING,R+C
1786364645.403,4.9,0.000,0.863,0.917,0.5598,0.0039,2.73,-0.24967,0.175,0.300,0.000,-0.2294,-0.2294,TRACKING,R+C
1786364645.595,4.9,0.000,0.864,0.924,0.5155,0.0197,6.08,-0.03941,0.196,0.300,0.000,-0.0277,-0.0277,TRACKING,R+C
1786364645.794,4.9,0.000,0.862,0.932,0.5443,0.0199,4.98,-0.10366,0.190,0.300,0.000,0.0257,0.0257,TRACKING,R+C
1786364645.934,5.3,0.000,0.857,0.000,0.5443,0.0155,4.79,-0.12701,0.187,0.300,0.000,-0.0600,-0.0600,TRACKING,C_only
1786364646.071,5.3,0.000,0.851,0.000,0.5443,0.0099,4.93,-0.13468,0.187,0.300,0.000,-0.1871,-0.1871,TRACKING,C_only
1786364646.280,5.3,0.000,0.849,0.928,0.5630,-0.0003,4.80,-0.15404,0.185,0.300,0.000,-0.3984,-0.3984,TRACKING,R+C
1786364646.479,5.3,0.000,0.851,0.920,0.6365,-0.0096,5.34,-0.15079,0.185,0.300,0.000,-0.6160,-0.6160,TRACKING,R+C
1786364646.681,5.3,0.000,0.854,0.922,0.6204,-0.0200,6.76,-0.06307,0.194,0.300,0.000,-0.7968,-0.7968,TRACKING,R+C
1786364646.881,5.3,0.000,0.850,0.912,0.6228,-0.0287,5.25,-0.16428,0.184,0.300,0.000,-0.9744,-0.9744,TRACKING,R+C
1786364647.082,5.2,0.000,0.852,0.911,0.6417,-0.0285,7.03,-0.08642,0.191,0.300,0.000,-0.9769,-0.9769,TRACKING,R+C
1786364647.281,5.2,0.000,0.850,0.914,0.6255,-0.0355,3.64,-0.25462,0.175,0.300,0.000,-1.0000,-1.0000,TRACKING,R+C
1786364647.480,5.2,0.000,0.843,0.918,0.5939,-0.0196,6.45,-0.10635,0.189,0.300,0.000,-0.8187,-0.8187,TRACKING,R+C
1786364647.676,5.2,0.000,0.843,0.759,0.4099,-0.0122,5.89,-0.09278,0.191,0.300,0.000,-0.6420,-0.6420,TRACKING,R+C
1786364647.892,5.2,0.000,0.841,0.940,0.5430,0.0035,6.66,-0.06808,0.193,0.300,0.000,-0.3811,-0.3811,TRACKING,R+C
1786364648.041,5.2,0.000,0.834,0.000,0.5430,0.0062,4.04,-0.24665,0.175,0.300,0.000,-0.2750,-0.2750,TRACKING,C_only
1786364648.185,5.4,0.000,0.834,0.000,0.5430,0.0191,7.11,-0.07367,0.193,0.300,0.000,-0.1206,-0.1206,TRACKING,C_only
1786364648.330,5.4,0.000,0.833,0.000,0.5430,0.0165,5.50,-0.13534,0.186,0.300,0.000,-0.0912,-0.0912,TRACKING,C_only
1786364648.472,5.4,0.000,0.834,0.000,0.5430,0.0174,5.53,-0.23738,0.176,0.300,0.000,-0.1278,-0.1278,TRACKING,C_only
1786364648.620,5.4,0.000,0.830,0.000,0.5430,0.0114,6.51,-0.20576,0.179,0.300,0.000,-0.3152,-0.3152,TRACKING,C_only
1786364648.777,5.4,0.000,0.830,0.000,0.5430,-0.0070,2.26,-0.51207,0.150,0.300,0.000,-0.5574,-0.5574,TRACKING,C_only
1786364648.987,5.4,0.000,0.830,0.000,0.5430,-0.0070,2.26,-0.51207,0.150,0.300,0.000,-0.5574,-0.5574,TRACKING,prediction
1786364649.141,5.4,0.000,0.822,0.000,0.5430,-0.0228,7.33,-0.28783,0.171,0.300,0.000,-1.0000,-1.0000,TRACKING,C_only
1786364649.360,6.0,0.000,0.820,0.905,0.6750,-0.0288,7.12,-0.41250,0.159,0.300,0.000,-1.0000,-1.0000,TRACKING,R+C
1786364649.578,6.0,0.000,0.820,0.900,0.7184,-0.0471,5.06,-0.53928,0.150,0.300,0.000,-1.0000,-1.0000,TRACKING,R+C
1786364649.803,6.0,0.000,0.817,0.887,0.7143,-0.0394,9.57,-0.31162,0.169,0.300,0.000,-1.0000,-1.0000,TRACKING,R+C
1786364650.032,6.0,0.000,0.815,0.887,0.7209,-0.0368,9.80,-0.32199,0.168,0.300,0.000,-1.0000,-1.0000,TRACKING,R+C
1786364650.266,6.0,0.000,0.812,0.865,0.6586,-0.0402,10.37,-0.26655,0.173,0.300,0.000,-1.0000,-1.0000,TRACKING,R+C
1786364650.500,4.4,0.000,0.813,0.865,0.6910,-0.0394,11.82,-0.24671,0.175,0.300,0.000,-1.0000,-1.0000,TRACKING,R+C
1786364650.738,4.4,0.000,0.813,0.856,0.7107,-0.0561,7.94,-0.46418,0.154,0.300,0.000,-1.0000,-1.0000,TRACKING,R+C
1786364650.970,4.4,0.000,0.813,0.856,0.7107,-0.0561,7.94,-0.46418,0.154,0.300,0.000,-1.0000,-1.0000,TRACKING,prediction
1786364651.204,4.4,0.000,0.813,0.856,0.7107,-0.0561,7.94,-0.46418,0.154,0.300,0.000,-1.0000,-1.0000,TRACKING,prediction
1786364651.444,4.4,0.000,0.813,0.856,0.7107,-0.0561,7.94,-0.46418,0.154,0.300,0.000,-1.0000,-1.0000,TRACKING,prediction
1786364651.679,4.2,0.000,0.813,0.856,0.7107,-0.0561,7.94,-0.46418,0.154,0.300,0.000,-1.0000,-1.0000,TRACKING,prediction
1786364651.917,4.2,0.000,0.822,0.831,0.6933,-0.0716,7.50,0.03366,0.197,0.300,0.000,-1.0000,-1.0000,TRACKING,R+C
1786364652.149,4.2,0.000,0.823,0.840,0.6702,-0.0681,7.91,0.19707,0.180,0.300,0.000,-1.0000,-1.0000,TRACKING,R+C
1786364652.385,4.2,0.000,0.821,0.850,0.6693,-0.0546,6.30,0.11696,0.188,0.300,0.000,-1.0000,-1.0000,TRACKING,R+C
1786364652.614,4.2,0.000,0.819,0.861,0.6371,-0.0479,0.92,-0.12096,0.188,0.300,0.000,-0.9985,-0.9985,TRACKING,R+C
1786364652.845,4.3,0.000,0.817,0.878,0.6246,-0.0277,2.70,0.03049,0.197,0.300,0.000,-0.6448,-0.6448,TRACKING,R+C
1786364653.008,4.3,0.000,0.816,0.000,0.6246,-0.0014,2.46,0.08546,0.191,0.300,0.000,-0.1559,-0.1559,TRACKING,C_only
1786364653.179,4.3,0.000,0.816,0.000,0.6246,0.0200,1.72,0.00500,0.199,0.300,0.000,0.2553,0.2553,TRACKING,C_only
1786364653.406,4.3,0.910,0.819,0.000,0.6269,0.0393,-0.52,-0.12702,0.187,0.300,0.000,0.7543,0.7543,TRACKING,L+C
1786364653.635,4.3,0.915,0.820,0.000,0.6174,0.0431,-1.44,-0.19510,0.180,0.300,0.000,0.9125,0.9125,TRACKING,L+C
1786364653.799,4.3,0.000,0.818,0.000,0.6174,0.0356,-1.85,-0.26137,0.174,0.300,0.000,0.8291,0.8291,TRACKING,C_only
1786364653.970,5.3,0.000,0.815,0.000,0.6174,0.0262,-1.13,-0.35167,0.165,0.300,0.000,0.6452,0.6452,TRACKING,C_only
1786364654.142,5.3,0.000,0.812,0.000,0.6174,0.0016,-0.34,-0.43167,0.157,0.300,0.000,-0.0596,-0.0596,TRACKING,C_only
1786364654.377,5.3,0.000,0.812,0.886,0.5733,-0.0180,2.48,-0.33849,0.166,0.300,0.000,-0.6907,-0.6907,TRACKING,R+C
1786364654.614,5.3,0.000,0.815,0.863,0.6534,-0.0541,3.11,-0.45277,0.155,0.300,0.000,-1.0000,-1.0000,TRACKING,R+C
1786364654.846,5.3,0.000,0.821,0.856,0.6765,-0.0662,7.14,-0.26194,0.174,0.300,0.000,-1.0000,-1.0000,TRACKING,R+C
1786364655.079,4.5,0.000,0.824,0.847,0.7308,-0.0793,6.17,-0.35060,0.165,0.300,0.000,-1.0000,-1.0000,TRACKING,R+C
1786364655.307,4.5,0.000,0.825,0.847,0.7112,-0.0736,7.52,-0.35262,0.165,0.300,0.000,-1.0000,-1.0000,TRACKING,R+C
1786364655.538,4.5,0.000,0.826,0.846,0.7306,-0.0781,6.63,-0.38026,0.162,0.300,0.000,-1.0000,-1.0000,TRACKING,R+C
1786364655.770,4.5,0.000,0.827,0.844,0.7333,-0.0808,7.15,-0.29552,0.170,0.300,0.000,-1.0000,-1.0000,TRACKING,R+C
1786364655.995,4.5,0.000,0.830,0.843,0.7190,-0.0810,8.66,-0.16572,0.183,0.300,0.000,-1.0000,-1.0000,TRACKING,R+C
1786364656.228,4.4,0.000,0.831,0.846,0.7385,-0.0831,6.35,-0.33530,0.166,0.300,0.000,-1.0000,-1.0000,TRACKING,R+C
1786364656.445,4.4,0.000,0.832,0.861,0.7355,-0.0818,6.63,-0.29844,0.170,0.300,0.000,-1.0000,-1.0000,TRACKING,R+C
1786364656.671,4.4,0.000,0.835,0.871,0.7258,-0.0865,5.81,-0.30106,0.170,0.300,0.000,-1.0000,-1.0000,TRACKING,R+C
1786364656.890,4.4,0.000,0.837,0.872,0.7420,-0.0804,8.32,-0.12529,0.187,0.300,0.000,-1.0000,-1.0000,TRACKING,R+C
1786364657.108,4.4,0.000,0.840,0.869,0.7302,-0.0869,5.75,-0.24233,0.176,0.300,0.000,-1.0000,-1.0000,TRACKING,R+C
1786364657.328,4.5,0.000,0.841,0.859,0.7324,-0.0884,5.52,-0.19095,0.181,0.300,0.000,-1.0000,-1.0000,TRACKING,R+C
1786364657.547,4.5,0.000,0.843,0.861,0.7041,-0.0801,6.77,-0.10836,0.189,0.300,0.000,-1.0000,-1.0000,TRACKING,R+C
1786364657.767,4.5,0.000,0.843,0.864,0.7022,-0.0792,5.02,-0.20906,0.179,0.300,0.000,-1.0000,-1.0000,TRACKING,R+C
1786364657.985,4.5,0.000,0.845,0.871,0.6872,-0.0735,6.25,-0.12156,0.188,0.300,0.000,-1.0000,-1.0000,TRACKING,R+C
1786364658.197,4.5,0.000,0.846,0.875,0.6871,-0.0699,5.13,-0.12515,0.187,0.300,0.000,-1.0000,-1.0000,TRACKING,R+C
1786364658.409,4.6,0.000,0.846,0.875,0.6656,-0.0594,5.72,-0.08294,0.192,0.300,0.000,-1.0000,-1.0000,TRACKING,R+C
1786364658.621,4.6,0.000,0.846,0.875,0.6649,-0.0497,4.09,-0.20495,0.180,0.300,0.000,-1.0000,-1.0000,TRACKING,R+C
1786364658.835,4.6,0.000,0.844,0.880,0.6334,-0.0366,5.65,-0.06121,0.194,0.300,0.000,-0.9997,-0.9997,TRACKING,R+C
1786364659.041,4.6,0.000,0.844,0.889,0.6295,-0.0307,3.80,-0.10011,0.190,0.300,0.000,-0.8491,-0.8491,TRACKING,R+C
1786364659.248,4.6,0.000,0.843,0.901,0.5655,-0.0095,5.41,-0.03342,0.197,0.300,0.000,-0.5117,-0.5117,TRACKING,R+C
1786364659.459,4.8,0.000,0.839,0.922,0.5409,0.0039,4.48,-0.06645,0.193,0.300,0.000,-0.2350,-0.2350,TRACKING,R+C
1786364659.607,4.8,0.000,0.842,0.000,0.5409,0.0153,3.37,-0.15468,0.185,0.300,0.000,0.0233,0.0233,TRACKING,C_only
1786364659.753,4.8,0.000,0.843,0.000,0.5409,0.0234,5.99,0.02728,0.197,0.300,0.000,0.0690,0.0690,TRACKING,C_only
1786364659.902,4.8,0.000,0.841,0.000,0.5409,0.0244,5.37,-0.02697,0.197,0.300,0.000,0.1066,0.1066,TRACKING,C_only
1786364660.052,4.8,0.000,0.840,0.000,0.5409,0.0234,6.57,0.04293,0.196,0.300,0.000,0.0383,0.0383,TRACKING,C_only
1786364660.198,4.8,0.000,0.838,0.000,0.5409,0.0156,5.52,-0.07065,0.193,0.300,0.000,-0.0820,-0.0820,TRACKING,C_only
1786364660.409,4.8,0.000,0.837,0.908,0.5348,-0.0044,1.04,-0.35282,0.165,0.300,0.000,-0.2768,-0.2768,TRACKING,R+C
1786364660.634,6.0,0.000,0.835,0.904,0.5841,-0.0133,3.75,-0.20159,0.180,0.300,0.000,-0.6335,-0.6335,TRACKING,R+C
1786364660.839,6.0,0.000,0.838,0.893,0.6019,-0.0228,6.32,-0.03600,0.196,0.300,0.000,-0.7901,-0.7901,TRACKING,R+C
1786364661.052,6.0,0.000,0.841,0.890,0.6381,-0.0346,4.98,-0.13841,0.186,0.300,0.000,-1.0000,-1.0000,TRACKING,R+C
1786364661.263,6.0,0.000,0.842,0.882,0.6229,-0.0420,3.59,-0.16156,0.184,0.300,0.000,-1.0000,-1.0000,TRACKING,R+C
1786364661.472,6.0,0.000,0.843,0.880,0.6227,-0.0326,4.92,-0.12683,0.187,0.300,0.000,-0.9761,-0.9761,TRACKING,R+C
1786364661.688,4.7,0.000,0.841,0.897,0.6106,-0.0216,5.62,-0.03587,0.196,0.300,0.000,-0.7308,-0.7308,TRACKING,R+C
1786364661.903,4.7,0.000,0.840,0.898,0.5937,-0.0136,1.67,-0.31331,0.169,0.300,0.000,-0.6078,-0.6078,TRACKING,R+C
1786364662.110,4.7,0.000,0.839,0.897,0.5408,0.0048,3.90,-0.16714,0.183,0.300,0.000,-0.2407,-0.2407,TRACKING,R+C
1786364662.261,4.7,0.000,0.837,0.000,0.5408,0.0195,4.38,-0.12030,0.188,0.300,0.000,0.0507,0.0507,TRACKING,C_only
1786364662.411,4.7,0.000,0.837,0.000,0.5408,0.0208,1.81,-0.27522,0.172,0.300,0.000,0.2288,0.2288,TRACKING,C_only
1786364662.560,4.7,0.000,0.836,0.000,0.5408,0.0297,3.81,-0.20245,0.180,0.300,0.000,0.2865,0.2865,TRACKING,C_only
1786364662.713,5.9,0.000,0.834,0.000,0.5408,0.0169,2.17,-0.28563,0.171,0.300,0.000,0.1065,0.1065,TRACKING,C_only
1786364662.876,5.9,0.000,0.830,0.000,0.5408,0.0108,3.02,-0.26602,0.173,0.300,0.000,-0.1002,-0.1002,TRACKING,C_only
1786364663.094,5.9,0.000,0.828,0.886,0.5705,0.0015,6.93,-0.03916,0.196,0.300,0.000,-0.4127,-0.4127,TRACKING,R+C
1786364663.315,5.9,0.000,0.830,0.878,0.6382,-0.0270,3.68,-0.22662,0.177,0.300,0.000,-0.9276,-0.9276,TRACKING,R+C
1786364663.539,5.9,0.000,0.834,0.869,0.6303,-0.0370,6.26,-0.13820,0.186,0.300,0.000,-1.0000,-1.0000,TRACKING,R+C
1786364663.754,4.8,0.000,0.839,0.867,0.6381,-0.0454,7.09,-0.06504,0.193,0.300,0.000,-1.0000,-1.0000,TRACKING,R+C
1786364663.968,4.8,0.000,0.836,0.873,0.6321,-0.0424,4.10,-0.27830,0.172,0.300,0.000,-1.0000,-1.0000,TRACKING,R+C
1786364664.182,4.8,0.000,0.834,0.872,0.6177,-0.0315,6.03,-0.17212,0.183,0.300,0.000,-1.0000,-1.0000,TRACKING,R+C
1786364664.397,4.8,0.000,0.830,0.867,0.5724,-0.0257,2.06,-0.42533,0.157,0.300,0.000,-0.9490,-0.9490,TRACKING,R+C
1786364664.621,4.8,0.000,0.828,0.877,0.5493,-0.0095,6.18,-0.19820,0.180,0.300,0.000,-0.7179,-0.7179,TRACKING,R+C
1786364664.783,4.9,0.000,0.824,0.000,0.5493,-0.0040,1.96,-0.46178,0.154,0.300,0.000,-0.4071,-0.4071,TRACKING,C_only
1786364664.945,4.9,0.000,0.823,0.000,0.5493,0.0127,5.05,-0.33784,0.166,0.300,0.000,-0.0933,-0.0933,TRACKING,C_only
1786364665.106,4.9,0.000,0.822,0.000,0.5493,0.0180,6.67,-0.22015,0.178,0.300,0.000,-0.1932,-0.1932,TRACKING,C_only
1786364665.267,4.9,0.000,0.822,0.000,0.5493,0.0180,6.67,-0.22015,0.178,0.300,0.000,-0.1932,-0.1932,TRACKING,prediction
1786364665.433,4.9,0.000,0.818,0.000,0.5493,0.0128,7.22,-0.31030,0.169,0.300,0.000,-0.2163,-0.2163,TRACKING,C_only
1786364665.597,4.9,0.000,0.817,0.000,0.5493,0.0005,7.43,-0.36295,0.164,0.300,0.000,-0.5741,-0.5741,TRACKING,C_only
1786364665.842,5.7,0.000,0.814,0.851,0.5532,-0.0109,6.61,-0.50968,0.150,0.300,0.000,-0.9731,-0.9731,TRACKING,R+C
1786364666.077,5.7,0.000,0.814,0.846,0.6521,-0.0290,9.17,-0.33832,0.166,0.300,0.000,-1.0000,-1.0000,TRACKING,R+C
1786364666.312,5.7,0.000,0.813,0.850,0.6822,-0.0448,11.51,-0.18040,0.182,0.300,0.000,-1.0000,-1.0000,TRACKING,R+C
1786364666.547,5.7,0.000,0.814,0.848,0.7108,-0.0522,11.04,-0.27330,0.173,0.300,0.000,-1.0000,-1.0000,TRACKING,R+C
1786364666.787,5.7,0.000,0.815,0.846,0.7440,-0.0628,7.66,-0.50962,0.150,0.300,0.000,-1.0000,-1.0000,TRACKING,R+C
1786364667.007,4.3,0.000,0.829,0.839,0.6915,-0.0747,10.34,-0.21282,0.179,0.300,0.000,-1.0000,-1.0000,TRACKING,R+C
1786364667.193,4.3,0.000,0.880,0.834,0.7246,-0.0721,12.05,-0.11572,0.188,0.300,0.000,-1.0000,-1.0000,TRACKING,R+C
1786364667.392,4.3,0.000,0.903,0.828,0.7923,-0.0993,10.21,-0.01660,0.198,0.300,0.000,-1.0000,-1.0000,TRACKING,R+C
1786364667.619,4.3,0.000,0.832,0.826,0.7641,-0.1029,11.11,0.15716,0.184,0.300,0.000,-1.0000,-1.0000,TRACKING,R+C
1786364667.849,4.3,0.000,0.838,0.827,0.7926,-0.1102,5.09,-0.17538,0.182,0.300,0.000,-1.0000,-1.0000,TRACKING,R+C
1786364668.063,4.7,0.000,0.872,0.830,0.7526,-0.1018,7.72,0.05564,0.194,0.300,0.000,-1.0000,-1.0000,TRACKING,R+C
1786364668.280,4.7,0.000,0.859,0.838,0.7476,-0.1137,3.68,0.02501,0.197,0.300,0.000,-1.0000,-1.0000,TRACKING,R+C
1786364668.485,4.7,0.000,0.871,0.844,0.7237,-0.1065,3.20,0.05059,0.195,0.300,0.000,-1.0000,-1.0000,TRACKING,R+C
1786364668.694,4.7,0.000,0.875,0.850,0.7108,-0.0946,3.72,0.13219,0.187,0.300,0.000,-1.0000,-1.0000,TRACKING,R+C
1786364668.901,4.7,0.000,0.860,0.856,0.6796,-0.0865,0.43,0.00553,0.199,0.300,0.000,-1.0000,-1.0000,TRACKING,R+C
1786364669.097,4.8,0.000,0.852,0.864,0.6434,-0.0787,-4.87,-0.27999,0.172,0.300,0.000,-1.0000,-1.0000,TRACKING,R+C
1786364669.290,4.8,0.000,0.841,0.874,0.5866,-0.0389,1.37,0.01302,0.199,0.300,0.000,-0.7488,-0.7488,TRACKING,R+C
1786364669.439,4.8,0.000,0.834,0.000,0.5866,-0.0166,0.92,0.01482,0.199,0.300,0.000,-0.3477,-0.3477,TRACKING,C_only
1786364669.612,4.8,0.000,0.823,0.000,0.5866,-0.0084,-3.11,-0.17376,0.183,0.300,0.000,-0.0260,-0.0260,TRACKING,C_only
1786364669.836,4.8,0.913,0.820,0.000,0.4961,0.0062,-4.16,-0.18437,0.182,0.300,0.000,0.3584,0.3584,TRACKING,L+C
1786364670.053,4.8,0.945,0.828,0.000,0.5921,0.0259,-3.38,-0.23460,0.177,0.300,0.000,0.7239,0.7239,TRACKING,L+C
1786364670.266,5.1,0.943,0.829,0.000,0.6033,0.0326,-2.63,-0.28528,0.171,0.300,0.000,0.8326,0.8326,TRACKING,L+C
1786364670.423,5.1,0.000,0.825,0.000,0.6033,0.0284,-4.43,-0.60588,0.150,0.300,0.000,0.9804,0.9804,TRACKING,C_only
1786364670.583,5.1,0.000,0.818,0.000,0.6033,0.0180,-1.32,-0.62419,0.150,0.300,0.000,0.4630,0.4630,TRACKING,C_only
1786364670.734,5.1,0.000,0.828,0.000,0.6033,0.0042,4.17,-0.35127,0.165,0.300,0.000,-0.2588,-0.2588,TRACKING,C_only
1786364670.938,5.1,0.000,0.826,0.863,0.5932,-0.0219,10.28,0.07311,0.193,0.300,0.000,-0.9881,-0.9881,TRACKING,R+C
1786364671.168,5.1,0.000,0.826,0.863,0.5932,-0.0219,10.28,0.07311,0.193,0.300,0.000,-0.9881,-0.9881,TRACKING,prediction
1786364671.395,5.3,0.000,0.825,0.847,0.7202,-0.0830,5.02,-0.42351,0.158,0.300,0.000,-1.0000,-1.0000,TRACKING,R+C
1786364671.614,5.3,0.000,0.831,0.845,0.7361,-0.0766,7.30,-0.37535,0.162,0.300,0.000,-1.0000,-1.0000,TRACKING,R+C
1786364671.841,5.3,0.000,0.836,0.843,0.7232,-0.0803,6.35,-0.45460,0.155,0.300,0.000,-1.0000,-1.0000,TRACKING,R+C
1786364672.061,5.3,0.000,0.841,0.844,0.7518,-0.0848,8.52,-0.25311,0.175,0.300,0.000,-1.0000,-1.0000,TRACKING,R+C
1786364672.286,5.3,0.000,0.838,0.845,0.7383,-0.0875,9.23,-0.17107,0.183,0.300,0.000,-1.0000,-1.0000,TRACKING,R+C
1786364672.506,4.5,0.000,0.842,0.842,0.7324,-0.0936,5.59,-0.36150,0.164,0.300,0.000,-1.0000,-1.0000,TRACKING,R+C
1786364672.722,4.5,0.000,0.853,0.843,0.7423,-0.0969,5.52,-0.35666,0.164,0.300,0.000,-1.0000,-1.0000,TRACKING,R+C
1786364672.932,4.5,0.000,0.865,0.843,0.7500,-0.0932,8.46,-0.15050,0.185,0.300,0.000,-1.0000,-1.0000,TRACKING,R+C
1786364673.142,4.5,0.000,0.858,0.843,0.7468,-0.1018,6.28,-0.19458,0.181,0.300,0.000,-1.0000,-1.0000,TRACKING,R+C
1786364673.358,4.5,0.000,0.857,0.845,0.7514,-0.1001,4.65,-0.29301,0.171,0.300,0.000,-1.0000,-1.0000,TRACKING,R+C
1786364673.570,4.7,0.000,0.864,0.852,0.7356,-0.0971,5.24,-0.23616,0.176,0.300,0.000,-1.0000,-1.0000,TRACKING,R+C
1786364673.778,4.7,0.000,0.865,0.856,0.7369,-0.0910,6.47,-0.13601,0.186,0.300,0.000,-1.0000,-1.0000,TRACKING,R+C
1786364673.986,4.7,0.000,0.870,0.857,0.7053,-0.0908,5.17,-0.18858,0.181,0.300,0.000,-1.0000,-1.0000,TRACKING,R+C
1786364674.194,4.7,0.000,0.870,0.857,0.7087,-0.0830,7.51,-0.00553,0.199,0.300,0.000,-1.0000,-1.0000,TRACKING,R+C
1786364674.398,4.7,0.000,0.866,0.860,0.7006,-0.0839,3.71,-0.20139,0.180,0.300,0.000,-1.0000,-1.0000,TRACKING,R+C
1786364674.605,4.8,0.000,0.869,0.865,0.6976,-0.0757,4.99,-0.09418,0.191,0.300,0.000,-1.0000,-1.0000,TRACKING,R+C
1786364674.815,4.8,0.000,0.866,0.874,0.6756,-0.0658,4.83,-0.10448,0.190,0.300,0.000,-1.0000,-1.0000,TRACKING,R+C
1786364675.019,4.8,0.000,0.863,0.888,0.6428,-0.0571,4.42,-0.10421,0.190,0.300,0.000,-1.0000,-1.0000,TRACKING,R+C
1786364675.215,4.8,0.000,0.864,0.899,0.6668,-0.0494,2.78,-0.17748,0.182,0.300,0.000,-1.0000,-1.0000,TRACKING,R+C
1786364675.413,4.8,0.000,0.860,0.916,0.6246,-0.0364,2.96,-0.15740,0.184,0.300,0.000,-0.9654,-0.9654,TRACKING,R+C
1786364675.609,5.0,0.000,0.859,0.931,0.5753,-0.0238,2.51,-0.17993,0.182,0.300,0.000,-0.7350,-0.7350,TRACKING,R+C
1786364675.801,5.0,0.000,0.864,0.937,0.5438,-0.0074,3.05,-0.14152,0.186,0.300,0.000,-0.4117,-0.4117,TRACKING,R+C
1786364675.942,5.0,0.000,0.862,0.000,0.5438,0.0099,2.95,-0.16242,0.184,0.300,0.000,-0.0637,-0.0637,TRACKING,C_only
1786364676.083,5.0,0.000,0.863,0.000,0.5438,0.0173,1.48,-0.23732,0.176,0.300,0.000,0.1817,0.1817,TRACKING,C_only
1786364676.213,5.0,0.000,0.868,0.000,0.5438,0.0280,3.96,-0.09679,0.190,0.300,0.000,0.2525,0.2525,TRACKING,C_only
1786364676.356,5.0,0.000,0.861,0.000,0.5438,0.0259,3.29,-0.14891,0.185,0.300,0.000,0.2494,0.2494,TRACKING,C_only
1786364676.499,5.0,0.000,0.855,0.000,0.5438,0.0239,3.49,-0.15040,0.185,0.300,0.000,0.1948,0.1948,TRACKING,C_only
1786364676.705,6.4,0.000,0.852,0.908,0.5116,0.0107,2.56,-0.22197,0.178,0.300,0.000,-0.0451,-0.0451,TRACKING,R+C
1786364676.905,6.4,0.000,0.852,0.901,0.5589,0.0043,5.18,-0.11374,0.189,0.300,0.000,-0.3021,-0.3021,TRACKING,R+C
1786364677.109,6.4,0.000,0.858,0.891,0.6001,-0.0118,5.74,-0.06359,0.194,0.300,0.000,-0.5977,-0.5977,TRACKING,R+C
1786364677.313,6.4,0.000,0.873,0.885,0.6175,-0.0320,4.39,-0.14409,0.186,0.300,0.000,-0.9561,-0.9561,TRACKING,R+C
1786364677.519,6.4,0.000,0.866,0.884,0.6194,-0.0460,2.28,-0.26393,0.174,0.300,0.000,-1.0000,-1.0000,TRACKING,R+C
1786364677.721,4.9,0.000,0.860,0.894,0.6230,-0.0371,6.40,-0.01802,0.198,0.300,0.000,-0.9951,-0.9951,TRACKING,R+C
1786364677.925,4.9,0.000,0.855,0.907,0.6059,-0.0284,4.82,-0.10715,0.189,0.300,0.000,-0.8756,-0.8756,TRACKING,R+C
1786364678.129,4.9,0.000,0.849,0.911,0.6137,-0.0125,6.13,-0.00717,0.199,0.300,0.000,-0.5811,-0.5811,TRACKING,R+C
1786364678.327,4.9,0.000,0.847,0.932,0.5228,-0.0049,3.65,-0.11036,0.189,0.300,0.000,-0.3791,-0.3791,TRACKING,R+C
1786364678.462,4.9,0.000,0.848,0.000,0.5228,0.0087,2.77,-0.20699,0.179,0.300,0.000,-0.0984,-0.0984,TRACKING,C_only
1786364678.607,4.9,0.000,0.849,0.000,0.5228,0.0122,1.29,-0.30167,0.170,0.300,0.000,0.0585,0.0585,TRACKING,C_only
1786364678.755,5.8,0.000,0.849,0.000,0.5228,0.0185,3.69,-0.11821,0.188,0.300,0.000,0.0795,0.0795,TRACKING,C_only
1786364678.896,5.8,0.000,0.847,0.000,0.5228,0.0198,5.33,-0.03668,0.196,0.300,0.000,0.0219,0.0219,TRACKING,C_only
1786364679.043,5.8,0.000,0.847,0.000,0.5228,0.0130,4.70,-0.11294,0.189,0.300,0.000,-0.0984,-0.0984,TRACKING,C_only
1786364679.246,5.8,0.000,0.847,0.917,0.5866,0.0027,3.41,-0.21484,0.179,0.300,0.000,-0.2823,-0.2823,TRACKING,R+C
1786364679.446,5.8,0.000,0.847,0.912,0.6087,-0.0077,5.11,-0.19526,0.180,0.300,0.000,-0.6064,-0.6064,TRACKING,R+C
1786364679.647,5.8,0.000,0.851,0.912,0.6269,-0.0204,8.39,0.04643,0.195,0.300,0.000,-0.8477,-0.8477,TRACKING,R+C
1786364679.860,5.4,0.000,0.843,0.913,0.6361,-0.0328,6.73,-0.09047,0.191,0.300,0.000,-1.0000,-1.0000,TRACKING,R+C
1786364680.061,5.4,0.000,0.844,0.910,0.6170,-0.0312,7.98,0.00580,0.199,0.300,0.000,-0.9699,-0.9699,TRACKING,R+C
1786364680.270,5.4,0.000,0.843,0.905,0.5554,-0.0363,5.59,-0.11369,0.189,0.300,0.000,-1.0000,-1.0000,TRACKING,R+C
1786364680.477,5.4,0.000,0.836,0.938,0.6172,-0.0230,5.63,-0.17602,0.182,0.300,0.000,-0.9112,-0.9112,TRACKING,R+C
1786364680.686,5.4,0.000,0.835,0.608,0.4547,-0.0184,3.20,-0.29908,0.170,0.300,0.000,-0.8127,-0.8127,TRACKING,R+C
1786364680.839,5.4,0.000,0.833,0.000,0.4547,-0.0003,5.09,-0.22610,0.177,0.300,0.000,-0.4813,-0.4813,TRACKING,C_only
1786364680.988,5.3,0.000,0.831,0.000,0.4547,0.0094,8.41,0.00501,0.199,0.300,0.000,-0.3349,-0.3349,TRACKING,C_only
1786364681.141,5.3,0.000,0.830,0.000,0.4547,0.0055,3.41,-0.28685,0.171,0.300,0.000,-0.2704,-0.2704,TRACKING,C_only
1786364681.302,5.3,0.000,0.828,0.000,0.4547,0.0147,4.00,-0.41593,0.158,0.300,0.000,0.0082,0.0082,TRACKING,C_only
1786364681.460,5.3,0.000,0.824,0.000,0.4547,0.0167,6.67,-0.29316,0.171,0.300,0.000,-0.2729,-0.2729,TRACKING,C_only
1786364681.620,5.3,0.000,0.821,0.000,0.4547,0.0137,10.39,-0.04712,0.195,0.300,0.000,-0.4123,-0.4123,TRACKING,C_only
1786364681.783,5.3,0.000,0.817,0.000,0.4547,-0.0069,4.16,-0.51475,0.150,0.300,0.000,-0.6957,-0.6957,TRACKING,C_only
1786364681.943,5.3,0.000,0.816,0.000,0.4547,-0.0131,9.30,-0.28735,0.171,0.300,0.000,-1.0000,-1.0000,TRACKING,C_only
1786364682.176,5.9,0.000,0.816,0.895,0.6943,-0.0377,3.46,-0.70054,0.150,0.300,0.000,-1.0000,-1.0000,TRACKING,R+C
1786364682.405,5.9,0.000,0.814,0.889,0.7111,-0.0372,10.19,-0.30730,0.169,0.300,0.000,-1.0000,-1.0000,TRACKING,R+C
1786364682.641,5.9,0.000,0.813,0.869,0.6699,-0.0445,4.54,-0.73137,0.150,0.300,0.000,-1.0000,-1.0000,TRACKING,R+C
1786364682.876,5.9,0.000,0.812,0.865,0.6807,-0.0346,12.14,-0.27178,0.173,0.300,0.000,-1.0000,-1.0000,TRACKING,R+C
1786364683.111,5.9,0.000,0.812,0.856,0.7184,-0.0563,10.76,-0.22918,0.177,0.300,0.000,-1.0000,-1.0000,TRACKING,R+C
1786364683.344,4.3,0.000,0.815,0.856,0.7299,-0.0503,15.96,0.11495,0.189,0.300,0.000,-1.0000,-1.0000,TRACKING,R+C
1786364683.590,4.3,0.000,0.817,0.837,0.7502,-0.0597,14.30,0.09086,0.191,0.300,0.000,-1.0000,-1.0000,TRACKING,R+C
1786364683.826,4.3,0.000,0.821,0.828,0.8057,-0.0822,6.38,-0.23234,0.177,0.300,0.000,-1.0000,-1.0000,TRACKING,R+C
1786364684.051,4.3,0.000,0.822,0.831,0.7238,-0.0803,8.47,0.07127,0.193,0.300,0.000,-1.0000,-1.0000,TRACKING,R+C
1786364684.290,4.3,0.000,0.823,0.831,0.7409,-0.0800,7.26,0.03883,0.196,0.300,0.000,-1.0000,-1.0000,TRACKING,R+C
1786364684.520,4.2,0.000,0.823,0.844,0.6896,-0.0700,7.50,0.13294,0.187,0.300,0.000,-1.0000,-1.0000,TRACKING,R+C
1786364684.755,4.2,0.000,0.821,0.846,0.7017,-0.0669,3.91,0.00102,0.200,0.300,0.000,-1.0000,-1.0000,TRACKING,R+C
1786364684.981,4.2,0.000,0.821,0.855,0.6460,-0.0489,6.22,0.22694,0.177,0.300,0.000,-1.0000,-1.0000,TRACKING,R+C
1786364685.214,4.2,0.000,0.818,0.871,0.6122,-0.0429,-1.39,-0.20053,0.180,0.300,0.000,-0.8731,-0.8731,TRACKING,R+C
1786364685.438,4.2,0.000,0.817,0.900,0.5301,-0.0117,3.07,0.11154,0.189,0.300,0.000,-0.3931,-0.3931,TRACKING,R+C
1786364685.606,4.6,0.000,0.814,0.000,0.5301,0.0046,-4.44,-0.34133,0.166,0.300,0.000,0.3141,0.3141,TRACKING,C_only
1786364685.832,4.6,0.000,0.814,0.000,0.5301,0.0046,-4.44,-0.34133,0.166,0.300,0.000,0.3141,0.3141,TRACKING,prediction
1786364686.056,4.6,0.909,0.822,0.000,0.6087,0.0409,-5.11,-0.40453,0.160,0.300,0.000,1.0000,1.0000,TRACKING,L+C
1786364686.285,4.6,0.923,0.822,0.000,0.5949,0.0394,-2.63,-0.29144,0.171,0.300,0.000,0.9761,0.9761,TRACKING,L+C
1786364686.449,4.6,0.000,0.816,0.000,0.5949,0.0326,-1.87,-0.47694,0.152,0.300,0.000,0.9338,0.9338,TRACKING,C_only
1786364686.614,5.0,0.000,0.813,0.000,0.5949,0.0215,3.43,-0.25596,0.174,0.300,0.000,0.1234,0.1234,TRACKING,C_only
1786364686.848,5.0,0.000,0.809,0.885,0.5519,-0.0197,-0.77,-0.51558,0.150,0.300,0.000,-0.7053,-0.7053,TRACKING,R+C
1786364687.092,5.0,0.000,0.813,0.864,0.6574,-0.0544,7.23,-0.22417,0.178,0.300,0.000,-1.0000,-1.0000,TRACKING,R+C
1786364687.329,5.0,0.000,0.822,0.849,0.7267,-0.0893,3.95,-0.53499,0.150,0.300,0.000,-1.0000,-1.0000,TRACKING,R+C
1786364687.567,5.0,0.000,0.827,0.841,0.7551,-0.0977,6.95,-0.32560,0.167,0.300,0.000,-1.0000,-1.0000,TRACKING,R+C
1786364687.799,4.2,0.000,0.830,0.839,0.7603,-0.0944,9.16,-0.22052,0.178,0.300,0.000,-1.0000,-1.0000,TRACKING,R+C
1786364688.030,4.2,0.000,0.833,0.837,0.7544,-0.0991,9.74,-0.18334,0.182,0.300,0.000,-1.0000,-1.0000,TRACKING,R+C
1786364688.263,4.2,0.000,0.835,0.834,0.7634,-0.1053,8.81,-0.21927,0.178,0.300,0.000,-1.0000,-1.0000,TRACKING,R+C
1786364688.495,4.2,0.000,0.838,0.835,0.7750,-0.1113,8.39,-0.18641,0.181,0.300,0.000,-1.0000,-1.0000,TRACKING,R+C
1786364688.729,4.2,0.000,0.840,0.838,0.7736,-0.1190,4.92,-0.38311,0.162,0.300,0.000,-1.0000,-1.0000,TRACKING,R+C
1786364688.944,4.4,0.000,0.845,0.850,0.7740,-0.1131,8.85,-0.13727,0.186,0.300,0.000,-1.0000,-1.0000,TRACKING,R+C
1786364689.170,4.4,0.000,0.848,0.853,0.7655,-0.1217,6.43,-0.21991,0.178,0.300,0.000,-1.0000,-1.0000,TRACKING,R+C
1786364689.389,4.4,0.000,0.850,0.850,0.7737,-0.1232,6.40,-0.19617,0.180,0.300,0.000,-1.0000,-1.0000,TRACKING,R+C
1786364689.605,4.4,0.000,0.853,0.849,0.7637,-0.1248,6.65,-0.11553,0.188,0.300,0.000,-1.0000,-1.0000,TRACKING,R+C
1786364689.828,4.4,0.000,0.855,0.847,0.7480,-0.1237,5.91,-0.15018,0.185,0.300,0.000,-1.0000,-1.0000,TRACKING,R+C
1786364690.050,4.5,0.000,0.860,0.848,0.7484,-0.1246,5.46,-0.12425,0.188,0.300,0.000,-1.0000,-1.0000,TRACKING,R+C
1786364690.273,4.5,0.000,0.861,0.850,0.7399,-0.1204,5.21,-0.13725,0.186,0.300,0.000,-1.0000,-1.0000,TRACKING,R+C
1786364690.494,4.5,0.000,0.863,0.855,0.7292,-0.1183,4.94,-0.12073,0.188,0.300,0.000,-1.0000,-1.0000,TRACKING,R+C
1786364690.714,4.5,0.000,0.861,0.859,0.7192,-0.1137,3.98,-0.16907,0.183,0.300,0.000,-1.0000,-1.0000,TRACKING,R+C
1786364690.931,4.5,0.000,0.861,0.859,0.7080,-0.1079,4.24,-0.11434,0.189,0.300,0.000,-1.0000,-1.0000,TRACKING,R+C
1786364691.146,4.6,0.000,0.859,0.861,0.6975,-0.1024,2.02,-0.17959,0.182,0.300,0.000,-1.0000,-1.0000,TRACKING,R+C
1786364691.364,4.6,0.000,0.856,0.866,0.6767,-0.0930,1.33,-0.22400,0.178,0.300,0.000,-1.0000,-1.0000,TRACKING,R+C
1786364691.578,4.6,0.000,0.855,0.873,0.6544,-0.0805,1.37,-0.21190,0.179,0.300,0.000,-1.0000,-1.0000,TRACKING,R+C
1786364691.792,4.6,0.000,0.851,0.885,0.6345,-0.0642,1.81,-0.18336,0.182,0.300,0.000,-1.0000,-1.0000,TRACKING,R+C
1786364692.009,4.6,0.000,0.847,0.897,0.6361,-0.0523,2.87,-0.05407,0.195,0.300,0.000,-1.0000,-1.0000,TRACKING,R+C
1786364692.216,4.7,0.000,0.846,0.904,0.6085,-0.0359,1.86,-0.14227,0.186,0.300,0.000,-0.8749,-0.8749,TRACKING,R+C
1786364692.429,4.7,0.000,0.841,0.909,0.5646,-0.0221,0.85,-0.17511,0.182,0.300,0.000,-0.5880,-0.5880,TRACKING,R+C
1786364692.587,4.7,0.000,0.840,0.000,0.5646,0.0048,1.89,-0.11926,0.188,0.300,0.000,-0.0744,-0.0744,TRACKING,C_only
1786364692.735,4.7,0.000,0.839,0.000,0.5646,0.0178,1.57,-0.16360,0.184,0.300,0.000,0.2012,0.2012,TRACKING,C_only
1786364692.884,4.7,0.000,0.839,0.000,0.5646,0.0246,0.34,-0.21872,0.178,0.300,0.000,0.4304,0.4304,TRACKING,C_only
1786364693.033,4.7,0.000,0.839,0.000,0.5646,0.0308,1.37,-0.21071,0.179,0.300,0.000,0.4873,0.4873,TRACKING,C_only
1786364693.190,4.7,0.000,0.837,0.000,0.5646,0.0292,3.03,-0.11451,0.189,0.300,0.000,0.3358,0.3358,TRACKING,C_only
1786364693.339,6.2,0.000,0.834,0.000,0.5646,0.0164,2.07,-0.20205,0.180,0.300,0.000,0.1250,0.1250,TRACKING,C_only
1786364693.493,6.2,0.000,0.833,0.000,0.5646,0.0073,5.52,0.01479,0.199,0.300,0.000,-0.1982,-0.1982,TRACKING,C_only
1786364693.711,6.2,0.000,0.833,0.894,0.5684,-0.0103,2.32,-0.27345,0.173,0.300,0.000,-0.5417,-0.5417,TRACKING,R+C
1786364693.925,6.2,0.000,0.838,0.885,0.6116,-0.0289,3.25,-0.20984,0.179,0.300,0.000,-0.9133,-0.9133,TRACKING,R+C
1786364694.133,6.2,0.000,0.844,0.880,0.6390,-0.0409,5.95,-0.05940,0.194,0.300,0.000,-1.0000,-1.0000,TRACKING,R+C
1786364694.345,5.0,0.000,0.848,0.886,0.6477,-0.0427,5.27,-0.10795,0.189,0.300,0.000,-1.0000,-1.0000,TRACKING,R+C
1786364694.556,5.0,0.000,0.845,0.885,0.6114,-0.0392,4.36,-0.12750,0.187,0.300,0.000,-1.0000,-1.0000,TRACKING,R+C
1786364694.767,5.0,0.000,0.843,0.885,0.6010,-0.0343,1.52,-0.27574,0.172,0.300,0.000,-0.9922,-0.9922,TRACKING,R+C
1786364694.980,5.0,0.000,0.838,0.889,0.5838,-0.0101,5.03,-0.06901,0.193,0.300,0.000,-0.5290,-0.5290,TRACKING,R+C
1786364695.128,5.0,0.000,0.836,0.000,0.5838,0.0085,3.79,-0.17280,0.183,0.300,0.000,-0.1588,-0.1588,TRACKING,C_only
1786364695.280,5.0,0.000,0.833,0.000,0.5838,0.0220,3.91,-0.18381,0.182,0.300,0.000,0.1182,0.1182,TRACKING,C_only
1786364695.431,5.5,0.000,0.834,0.000,0.5838,0.0263,3.56,-0.17569,0.182,0.300,0.000,0.2352,0.2352,TRACKING,C_only
1786364695.585,5.5,0.000,0.833,0.000,0.5838,0.0292,5.63,-0.07304,0.193,0.300,0.000,0.1696,0.1696,TRACKING,C_only
1786364695.737,5.5,0.000,0.832,0.000,0.5838,0.0215,5.74,-0.04521,0.195,0.300,0.000,0.0253,0.0253,TRACKING,C_only
1786364695.892,5.5,0.000,0.831,0.000,0.5838,0.0085,5.56,-0.03609,0.196,0.300,0.000,-0.2004,-0.2004,TRACKING,C_only
1786364696.103,5.5,0.000,0.829,0.887,0.5372,0.0037,7.10,-0.05162,0.195,0.300,0.000,-0.3936,-0.3936,TRACKING,R+C
1786364696.316,5.5,0.000,0.832,0.880,0.6023,-0.0145,7.28,-0.07002,0.193,0.300,0.000,-0.7409,-0.7409,TRACKING,R+C
1786364696.533,5.4,0.000,0.834,0.876,0.6216,-0.0331,4.72,-0.28275,0.172,0.300,0.000,-1.0000,-1.0000,TRACKING,R+C
1786364696.750,5.4,0.000,0.836,0.867,0.6493,-0.0397,7.75,-0.10062,0.190,0.300,0.000,-1.0000,-1.0000,TRACKING,R+C
1786364696.970,5.4,0.000,0.833,0.861,0.6317,-0.0453,3.29,-0.38837,0.161,0.300,0.000,-1.0000,-1.0000,TRACKING,R+C
1786364697.189,5.4,0.000,0.830,0.865,0.6118,-0.0317,6.82,-0.15110,0.185,0.300,0.000,-1.0000,-1.0000,TRACKING,R+C
1786364697.405,5.4,0.000,0.829,0.869,0.5936,-0.0362,1.72,-0.45458,0.155,0.300,0.000,-1.0000,-1.0000,TRACKING,R+C
1786364697.623,4.6,0.000,0.826,0.863,0.6166,-0.0182,6.02,-0.26571,0.173,0.300,0.000,-0.9613,-0.9613,TRACKING,R+C
1786364697.780,4.6,0.000,0.824,0.000,0.6166,-0.0154,3.65,-0.36836,0.163,0.300,0.000,-0.7315,-0.7315,TRACKING,C_only
1786364697.946,4.6,0.000,0.821,0.000,0.6166,0.0006,4.89,-0.43318,0.157,0.300,0.000,-0.4651,-0.4651,TRACKING,C_only
1786364698.110,4.6,0.000,0.820,0.000,0.6166,0.0073,8.25,-0.17297,0.183,0.300,0.000,-0.4989,-0.4989,TRACKING,C_only
1786364698.268,4.6,0.000,0.819,0.000,0.6166,0.0000,2.73,-0.53894,0.150,0.300,0.000,-0.3894,-0.3894,TRACKING,C_only
1786364698.435,4.6,0.000,0.815,0.000,0.6166,0.0103,6.59,-0.45180,0.155,0.300,0.000,-0.3263,-0.3263,TRACKING,C_only
1786364698.600,4.6,0.000,0.814,0.000,0.6166,0.0070,8.20,-0.34677,0.165,0.300,0.000,-0.4482,-0.4482,TRACKING,C_only
1786364698.766,6.1,0.000,0.812,0.000,0.6166,0.0006,7.82,-0.44494,0.156,0.300,0.000,-0.6811,-0.6811,TRACKING,C_only
1786364698.995,6.1,0.000,0.811,0.864,0.6124,-0.0074,10.09,-0.37314,0.163,0.300,0.000,-0.9360,-0.9360,TRACKING,R+C
1786364699.232,6.1,0.000,0.812,0.855,0.6175,-0.0325,4.83,-0.73027,0.150,0.300,0.000,-1.0000,-1.0000,TRACKING,R+C
1786364699.463,6.1,0.000,0.812,0.855,0.6175,-0.0325,4.83,-0.73027,0.150,0.300,0.000,-1.0000,-1.0000,TRACKING,prediction
1786364699.693,6.1,0.000,0.812,0.855,0.6175,-0.0325,4.83,-0.73027,0.150,0.300,0.000,-1.0000,-1.0000,TRACKING,prediction
1786364699.887,4.5,0.000,0.812,0.855,0.6175,-0.0325,4.83,-0.73027,0.150,0.300,0.000,-1.0000,-1.0000,TRACKING,prediction
1786364700.080,4.5,0.000,0.812,0.855,0.6175,-0.0325,4.83,-0.73027,0.150,0.300,0.000,-1.0000,-1.0000,TRACKING,prediction
1786364700.314,4.5,0.000,0.812,0.855,0.6175,-0.0325,4.83,-0.73027,0.150,0.300,0.000,-1.0000,-1.0000,TRACKING,prediction
1786364700.543,4.5,0.000,0.812,0.855,0.6175,-0.0325,4.83,-0.73027,0.150,0.300,0.000,-1.0000,-1.0000,TRACKING,prediction
1786364700.761,4.5,0.000,0.812,0.855,0.6175,-0.0325,4.83,-0.73027,0.150,0.300,0.000,-1.0000,-1.0000,TRACKING,prediction
1786364700.978,4.6,0.000,0.812,0.855,0.6175,-0.0325,4.83,-0.73027,0.150,0.300,0.000,-1.0000,-1.0000,TRACKING,prediction
1786364701.187,4.6,0.000,0.812,0.855,0.6175,-0.0325,4.83,-0.73027,0.150,0.300,0.000,-1.0000,-1.0000,TRACKING,prediction
1786364701.394,4.6,0.000,0.812,0.855,0.6175,-0.0325,4.83,-0.73027,0.150,0.299,0.000,-1.0000,-1.0000,TRACKING,prediction
1786364701.607,4.6,0.000,0.812,0.855,0.6175,-0.0325,4.83,-0.73027,0.150,0.285,0.000,-1.0000,-1.0000,TRACKING,prediction
1786364701.827,4.6,0.000,0.812,0.855,0.6175,-0.0325,4.83,-0.73027,0.150,0.270,0.000,-1.0000,-1.0000,TRACKING,prediction
1786364701.981,5.0,0.000,0.812,0.855,0.6175,-0.0325,4.83,-0.73027,0.150,0.257,0.000,-1.0000,-1.0000,TRACKING,prediction
1786364702.197,5.0,0.000,0.812,0.855,0.6175,-0.0325,4.83,-0.73027,0.150,0.244,0.000,-1.0000,-1.0000,TRACKING,prediction
1786364702.403,5.0,0.000,0.812,0.855,0.6175,-0.0325,4.83,-0.73027,0.150,0.210,0.000,-1.0000,-1.0000,UNCERTAIN,prediction
1786364702.606,5.0,0.940,0.836,0.000,0.6306,0.0461,-6.83,-0.43407,0.157,0.300,0.000,1.0000,0.0000,TRACKING,L+C
1786364702.812,5.0,0.937,0.851,0.000,0.6707,0.0893,-4.14,-0.47985,0.152,0.300,0.000,1.0000,1.0000,TRACKING,L+C
1786364703.021,4.8,0.931,0.842,0.000,0.6893,0.1175,-0.18,-0.27866,0.172,0.300,0.000,1.0000,1.0000,TRACKING,L+C
1786364703.239,4.8,0.932,0.836,0.000,0.7078,0.1326,0.05,-0.48205,0.152,0.300,0.000,1.0000,1.0000,TRACKING,L+C
1786364703.448,4.8,0.948,0.835,0.000,0.7162,0.1205,4.07,-0.28540,0.171,0.300,0.000,1.0000,1.0000,TRACKING,L+C
1786364703.592,4.8,0.000,0.828,0.000,0.7162,0.0981,8.75,-0.18275,0.182,0.300,0.000,1.0000,1.0000,TRACKING,C_only
1786364703.743,4.8,0.000,0.828,0.000,0.7162,0.0981,8.75,-0.18275,0.182,0.300,0.000,1.0000,1.0000,TRACKING,prediction
1786364703.906,4.8,0.000,0.828,0.000,0.7162,0.0981,8.75,-0.18275,0.182,0.300,0.000,1.0000,1.0000,TRACKING,prediction
1786364704.065,5.7,0.000,0.817,0.000,0.7162,0.0019,12.69,-0.17308,0.183,0.300,0.000,-0.9018,0.0000,TRACKING,C_only
1786364704.295,5.7,0.000,0.815,0.843,0.6937,-0.0693,6.39,-0.66090,0.150,0.300,0.000,-1.0000,-1.0000,TRACKING,R+C
1786364704.526,5.7,0.000,0.815,0.843,0.6937,-0.0693,6.39,-0.66090,0.150,0.300,0.000,-1.0000,-1.0000,TRACKING,prediction
1786364704.745,5.7,0.000,0.815,0.843,0.6937,-0.0693,6.39,-0.66090,0.150,0.300,0.000,-1.0000,-1.0000,TRACKING,prediction
1786364704.965,5.7,0.000,0.815,0.843,0.6937,-0.0693,6.39,-0.66090,0.150,0.300,0.000,-1.0000,-1.0000,TRACKING,prediction
1786364705.170,4.5,0.000,0.815,0.843,0.6937,-0.0693,6.39,-0.66090,0.150,0.300,0.000,-1.0000,-1.0000,TRACKING,prediction
1786364705.321,4.5,0.000,0.815,0.843,0.6937,-0.0693,6.39,-0.66090,0.150,0.300,0.000,-1.0000,-1.0000,TRACKING,prediction
1786364705.481,4.5,0.000,0.815,0.843,0.6937,-0.0693,6.39,-0.66090,0.150,0.300,0.000,-1.0000,-1.0000,TRACKING,prediction
1786364705.642,4.5,0.000,0.815,0.843,0.6937,-0.0693,6.39,-0.66090,0.150,0.300,0.000,-1.0000,-1.0000,TRACKING,prediction
1786364705.812,4.5,0.000,0.815,0.843,0.6937,-0.0693,6.39,-0.66090,0.150,0.300,0.000,-1.0000,-1.0000,TRACKING,prediction
1786364705.990,4.5,0.000,0.815,0.843,0.6937,-0.0693,6.39,-0.66090,0.150,0.300,0.000,-1.0000,-1.0000,TRACKING,prediction
1786364706.168,4.5,0.000,0.815,0.843,0.6937,-0.0693,6.39,-0.66090,0.150,0.298,0.000,-1.0000,-1.0000,TRACKING,prediction
1786364706.350,5.9,0.000,0.815,0.843,0.6937,-0.0693,6.39,-0.66090,0.150,0.283,0.000,-1.0000,-1.0000,TRACKING,prediction
1786364706.541,5.9,0.000,0.815,0.843,0.6937,-0.0693,6.39,-0.66090,0.150,0.269,0.000,-1.0000,-1.0000,TRACKING,prediction
1786364706.717,5.9,0.000,0.815,0.843,0.6937,-0.0693,6.39,-0.66090,0.150,0.255,0.000,-1.0000,-1.0000,TRACKING,prediction
1786364706.892,5.9,0.000,0.815,0.843,0.6937,-0.0693,6.39,-0.66090,0.150,0.243,0.000,-1.0000,-1.0000,TRACKING,prediction
1786364707.062,5.9,0.000,0.815,0.843,0.6937,-0.0693,6.39,-0.66090,0.150,0.210,0.000,-1.0000,-1.0000,UNCERTAIN,prediction
1786364707.234,5.9,0.000,0.815,0.843,0.6937,-0.0693,6.39,-0.66090,0.150,0.210,0.000,-1.0000,-1.0000,UNCERTAIN,prediction
1786364707.401,5.7,0.000,0.815,0.843,0.6937,-0.0693,6.39,-0.66090,0.150,0.208,0.000,-1.0000,-1.0000,UNCERTAIN,prediction
1786364707.570,5.7,0.000,0.815,0.843,0.6937,-0.0693,6.39,-0.66090,0.150,0.180,0.000,-1.0000,-1.0000,PREDICTING,prediction
1786364707.737,5.7,0.000,0.815,0.843,0.6937,-0.0693,6.39,-0.66090,0.150,0.180,0.000,-1.0000,-1.0000,PREDICTING,prediction
1786364707.901,5.7,0.000,0.815,0.843,0.6937,-0.0693,6.39,-0.66090,0.150,0.180,0.000,-1.0000,-1.0000,PREDICTING,prediction
1786364708.063,5.7,0.000,0.815,0.843,0.6937,-0.0693,6.39,-0.66090,0.150,0.180,0.000,-1.0000,-1.0000,PREDICTING,prediction
1786364708.222,5.7,0.000,0.815,0.843,0.6937,-0.0693,6.39,-0.66090,0.150,0.180,0.000,-1.0000,-1.0000,PREDICTING,prediction
1786364708.380,5.7,0.000,0.815,0.843,0.6937,-0.0693,6.39,-0.66090,0.150,0.180,0.000,-1.0000,-1.0000,PREDICTING,prediction
1786364708.532,6.2,0.000,0.815,0.843,0.6937,-0.0693,6.39,-0.66090,0.150,0.180,0.000,-1.0000,-1.0000,PREDICTING,prediction
1786364708.683,6.2,0.000,0.815,0.843,0.6937,-0.0693,6.39,-0.66090,0.150,0.180,0.000,-1.0000,-1.0000,PREDICTING,prediction
1786364708.840,6.2,0.000,0.815,0.843,0.6937,-0.0693,6.39,-0.66090,0.150,0.180,0.000,-1.0000,-1.0000,PREDICTING,prediction
1786364708.995,6.2,0.000,0.815,0.843,0.6937,-0.0693,6.39,-0.66090,0.150,0.180,0.000,-1.0000,-1.0000,PREDICTING,prediction
1786364709.155,6.2,0.000,0.815,0.843,0.6937,-0.0693,6.39,-0.66090,0.150,0.180,0.000,-1.0000,-1.0000,PREDICTING,prediction
1786364709.361,6.2,0.000,0.815,0.843,0.6937,-0.0693,6.39,-0.66090,0.150,0.180,0.000,-1.0000,-1.0000,PREDICTING,prediction
1786364709.568,5.8,0.000,0.815,0.843,0.6937,-0.0693,6.39,-0.66090,0.150,0.180,0.000,-1.0000,-1.0000,PREDICTING,prediction
1786364709.770,5.8,0.000,0.815,0.843,0.6937,-0.0693,6.39,-0.66090,0.150,0.180,0.000,-1.0000,-1.0000,RECOVERY,prediction
1786364709.979,5.8,0.000,0.815,0.843,0.6937,-0.0693,6.39,-0.66090,0.150,0.180,0.000,-1.0000,-1.0000,RECOVERY,prediction
1786364710.204,5.8,0.000,0.815,0.843,0.6937,-0.0693,6.39,-0.66090,0.150,0.180,0.000,-1.0000,-1.0000,RECOVERY,prediction
1786364710.420,5.8,0.000,0.815,0.843,0.6937,-0.0693,6.39,-0.66090,0.150,0.180,0.000,-1.0000,-1.0000,RECOVERY,prediction
1786364710.630,4.7,0.000,0.815,0.843,0.6937,-0.0693,6.39,-0.66090,0.150,0.180,0.000,-1.0000,-1.0000,RECOVERY,prediction
1786364710.840,4.7,0.000,0.815,0.843,0.6937,-0.0693,6.39,-0.66090,0.150,0.180,0.000,-1.0000,-1.0000,RECOVERY,prediction
1786364711.059,4.7,0.000,0.815,0.843,0.6937,-0.0693,6.39,-0.66090,0.150,0.180,0.000,-1.0000,-1.0000,RECOVERY,prediction
1786364711.278,4.7,0.000,0.815,0.843,0.6937,-0.0693,6.39,-0.66090,0.150,0.180,0.000,-1.0000,-1.0000,RECOVERY,prediction
1786364711.494,4.7,0.000,0.815,0.843,0.6937,-0.0693,6.39,-0.66090,0.150,0.180,0.000,-1.0000,-1.0000,RECOVERY,prediction
1786364711.712,4.6,0.000,0.815,0.843,0.6937,-0.0693,6.39,-0.66090,0.150,0.180,0.000,-1.0000,-1.0000,RECOVERY,prediction
1786364711.934,4.6,0.000,0.815,0.843,0.6937,-0.0693,6.39,-0.66090,0.150,0.180,0.000,-1.0000,-1.0000,RECOVERY,prediction
1786364712.155,4.6,0.000,0.815,0.843,0.6937,-0.0693,6.39,-0.66090,0.150,0.180,0.000,-1.0000,-1.0000,RECOVERY,prediction
1786364712.378,4.6,0.000,0.815,0.843,0.6937,-0.0693,6.39,-0.66090,0.150,0.180,0.000,-1.0000,-1.0000,RECOVERY,prediction
1786364712.591,4.6,0.000,0.815,0.843,0.6937,-0.0693,6.39,-0.66090,0.150,0.180,0.000,-1.0000,-1.0000,RECOVERY,prediction
1786364712.798,4.6,0.000,0.815,0.843,0.6937,-0.0693,6.39,-0.66090,0.150,0.000,0.000,-1.0000,-1.0000,E_STOP,prediction
1786364712.993,4.6,0.000,0.815,0.843,0.6937,-0.0693,6.39,-0.66090,0.150,0.000,0.000,-1.0000,-1.0000,E_STOP,prediction
1786364713.186,4.6,0.000,0.815,0.843,0.6937,-0.0693,6.39,-0.66090,0.150,0.000,0.000,-1.0000,-1.0000,E_STOP,prediction
1786364713.370,4.6,0.000,0.864,0.933,0.6022,-0.0777,-7.00,-0.20089,0.180,0.000,0.000,-1.0000,-1.0000,E_STOP,R+C
1786364713.555,4.6,0.000,0.864,0.936,0.5829,-0.0630,-6.84,-0.19246,0.181,0.000,0.000,-0.8973,-0.8973,E_STOP,R+C
1786364713.729,4.6,0.000,0.867,0.939,0.5255,-0.0362,-4.72,-0.12161,0.188,0.000,0.000,-0.4487,-0.4487,E_STOP,R+C
1786364713.911,5.4,0.000,0.861,0.893,0.4933,-0.0159,-4.89,-0.11930,0.188,0.000,0.000,-0.0336,-0.0336,E_STOP,R+C
1786364714.040,5.4,0.000,0.856,0.000,0.4933,-0.0020,-5.22,-0.14234,0.186,0.000,0.000,0.2635,0.2635,E_STOP,C_only
1786364714.216,5.4,0.944,0.853,0.000,0.6631,0.0141,-6.41,-0.24457,0.176,0.000,0.000,0.6946,0.6946,E_STOP,L+C
1786364714.402,5.4,0.939,0.853,0.000,0.6646,0.0324,-5.53,-0.21810,0.178,0.000,0.000,0.9809,0.9809,E_STOP,L+C
1786364714.591,5.4,0.932,0.858,0.000,0.6843,0.0584,-2.68,-0.04416,0.196,0.000,0.000,1.0000,1.0000,E_STOP,L+C
1786364714.781,5.4,0.922,0.869,0.000,0.7084,0.0810,-3.30,-0.11758,0.188,0.000,0.000,1.0000,1.0000,E_STOP,L+C
1786364714.966,5.7,0.910,0.884,0.000,0.7440,0.1077,-2.61,-0.11171,0.189,0.000,0.000,1.0000,1.0000,E_STOP,L+C
1786364715.155,5.7,0.902,0.896,0.000,0.7521,0.1255,-2.23,-0.10949,0.189,0.000,0.000,1.0000,1.0000,E_STOP,L+C
1786364715.346,5.7,0.890,0.890,0.000,0.7655,0.1448,-3.66,-0.19148,0.181,0.000,0.000,1.0000,1.0000,E_STOP,L+C
1786364715.541,5.7,0.879,0.891,0.000,0.7734,0.1642,-4.29,-0.25507,0.174,0.000,0.000,1.0000,1.0000,E_STOP,L+C
1786364715.746,5.7,0.868,0.898,0.000,0.7757,0.1858,-3.97,-0.25210,0.175,0.000,0.000,1.0000,1.0000,E_STOP,L+C
1786364715.943,5.7,0.862,0.920,0.000,0.7649,0.2017,-4.68,-0.29986,0.170,0.000,0.000,1.0000,1.0000,E_STOP,L+C
1786364716.133,5.1,0.862,0.920,0.000,0.7649,0.2017,-4.68,-0.29986,0.170,0.000,0.000,1.0000,1.0000,E_STOP,prediction
1786364716.316,5.1,0.862,0.920,0.000,0.7649,0.2017,-4.68,-0.29986,0.170,0.000,0.000,1.0000,1.0000,E_STOP,prediction
1786364716.507,5.1,0.862,0.920,0.000,0.7649,0.2017,-4.68,-0.29986,0.170,0.000,0.000,1.0000,1.0000,E_STOP,prediction
1786364716.639,5.1,0.862,0.920,0.000,0.7649,0.2017,-4.68,-0.29986,0.170,0.000,0.000,1.0000,1.0000,E_STOP,prediction
1786364716.767,5.1,0.862,0.920,0.000,0.7649,0.2017,-4.68,-0.29986,0.170,0.000,0.000,1.0000,1.0000,E_STOP,prediction
1786364716.901,5.1,0.862,0.920,0.000,0.7649,0.2017,-4.68,-0.29986,0.170,0.000,0.000,1.0000,1.0000,E_STOP,prediction
1786364717.040,5.1,0.862,0.920,0.000,0.7649,0.2017,-4.68,-0.29986,0.170,0.000,0.000,1.0000,1.0000,E_STOP,prediction
1786364717.177,6.7,0.862,0.920,0.000,0.7649,0.2017,-4.68,-0.29986,0.170,0.000,0.000,1.0000,1.0000,E_STOP,prediction
1786364717.314,6.7,0.862,0.920,0.000,0.7649,0.2017,-4.68,-0.29986,0.170,0.000,0.000,1.0000,1.0000,E_STOP,prediction
1786364717.451,6.7,0.862,0.920,0.000,0.7649,0.2017,-4.68,-0.29986,0.170,0.000,0.000,1.0000,1.0000,E_STOP,prediction
1786364717.589,6.7,0.862,0.920,0.000,0.7649,0.2017,-4.68,-0.29986,0.170,0.000,0.000,1.0000,1.0000,E_STOP,prediction
1786364717.726,6.7,0.000,0.857,0.000,0.6797,0.0660,-12.58,-0.40791,0.159,0.000,0.000,1.0000,1.0000,E_STOP,C_only
1786364717.858,6.7,0.000,0.864,0.000,0.6797,0.0824,-12.23,-0.42150,0.158,0.000,0.000,1.0000,1.0000,E_STOP,C_only
1786364717.988,6.7,0.000,0.878,0.000,0.6797,0.1064,-11.03,-0.39814,0.160,0.000,0.000,1.0000,1.0000,E_STOP,C_only
1786364718.115,6.7,0.000,0.888,0.000,0.6797,0.1311,-9.54,-0.36322,0.164,0.000,0.000,1.0000,1.0000,E_STOP,C_only
1786364718.243,7.5,0.000,0.893,0.000,0.6797,0.1450,-9.05,-0.36287,0.164,0.000,0.000,1.0000,1.0000,E_STOP,C_only
1786364718.364,7.5,0.000,0.903,0.000,0.6797,0.1646,-8.72,-0.38707,0.161,0.000,0.000,1.0000,1.0000,E_STOP,C_only
1786364718.485,7.5,0.000,0.909,0.000,0.6797,0.1782,-7.65,-0.35142,0.165,0.000,0.000,1.0000,1.0000,E_STOP,C_only
1786364718.598,7.5,0.000,0.924,0.000,0.6797,0.1924,-9.46,-0.48330,0.152,0.000,0.000,1.0000,1.0000,E_STOP,C_only
1786364718.707,7.5,0.000,0.926,0.000,0.6797,0.1969,-11.52,-0.58384,0.150,0.000,0.000,1.0000,1.0000,E_STOP,C_only
1786364718.808,7.5,0.000,0.925,0.000,0.6797,0.1968,-14.28,-0.69790,0.150,0.000,0.000,1.0000,1.0000,E_STOP,C_only
1786364718.906,7.5,0.000,0.926,0.000,0.6797,0.1800,-20.92,-0.89009,0.150,0.000,0.000,1.0000,1.0000,E_STOP,C_only
1786364719.003,7.5,0.000,0.928,0.000,0.6797,0.1782,-22.53,-0.90978,0.150,0.000,0.000,1.0000,1.0000,E_STOP,C_only
1786364719.043,7.5,0.000,0.928,0.000,0.6797,0.1782,-22.53,-0.90978,0.150,0.000,0.000,1.0000,1.0000,E_STOP,prediction
1786364719.082,7.5,0.000,0.928,0.000,0.6797,0.1782,-22.53,-0.90978,0.150,0.000,0.000,1.0000,1.0000,E_STOP,prediction
1786364719.120,7.5,0.000,0.928,0.000,0.6797,0.1782,-22.53,-0.90978,0.150,0.000,0.000,1.0000,1.0000,E_STOP,prediction
1786364719.159,7.5,0.000,0.928,0.000,0.6797,0.1782,-22.53,-0.90978,0.150,0.000,0.000,1.0000,1.0000,E_STOP,prediction
1786364719.196,7.5,0.000,0.928,0.000,0.6797,0.1782,-22.53,-0.90978,0.150,0.000,0.000,1.0000,1.0000,E_STOP,prediction
1786364719.236,7.5,0.000,0.928,0.000,0.6797,0.1782,-22.53,-0.90978,0.150,0.000,0.000,1.0000,1.0000,E_STOP,prediction
1786364719.277,13.5,0.000,0.928,0.000,0.6797,0.1782,-22.53,-0.90978,0.150,0.000,0.000,1.0000,1.0000,E_STOP,prediction
1786364719.314,13.5,0.000,0.928,0.000,0.6797,0.1782,-22.53,-0.90978,0.150,0.000,0.000,1.0000,1.0000,E_STOP,prediction
1786364719.351,13.5,0.000,0.928,0.000,0.6797,0.1782,-22.53,-0.90978,0.150,0.000,0.000,1.0000,1.0000,E_STOP,prediction
1786364719.401,13.5,0.000,0.928,0.000,0.6797,0.1782,-22.53,-0.90978,0.150,0.000,0.000,1.0000,1.0000,E_STOP,prediction
1786364719.441,13.5,0.000,0.928,0.000,0.6797,0.1782,-22.53,-0.90978,0.150,0.000,0.000,1.0000,1.0000,E_STOP,prediction
1786364719.482,13.5,0.000,0.928,0.000,0.6797,0.1782,-22.53,-0.90978,0.150,0.000,0.000,1.0000,1.0000,E_STOP,prediction
1786364719.519,13.5,0.000,0.928,0.000,0.6797,0.1782,-22.53,-0.90978,0.150,0.000,0.000,1.0000,1.0000,E_STOP,prediction
1786364719.558,13.5,0.000,0.928,0.000,0.6797,0.1782,-22.53,-0.90978,0.150,0.000,0.000,1.0000,1.0000,E_STOP,prediction
1786364719.596,13.5,0.000,0.928,0.000,0.6797,0.1782,-22.53,-0.90978,0.150,0.000,0.000,1.0000,1.0000,E_STOP,prediction
1786364719.636,13.5,0.000,0.928,0.000,0.6797,0.1782,-22.53,-0.90978,0.150,0.000,0.000,1.0000,1.0000,E_STOP,prediction
1786364719.676,13.5,0.000,0.928,0.000,0.6797,0.1782,-22.53,-0.90978,0.150,0.000,0.000,1.0000,1.0000,E_STOP,prediction
1786364719.714,13.5,0.000,0.928,0.000,0.6797,0.1782,-22.53,-0.90978,0.150,0.000,0.000,1.0000,1.0000,E_STOP,prediction
1786364719.751,13.5,0.000,0.928,0.000,0.6797,0.1782,-22.53,-0.90978,0.150,0.000,0.000,1.0000,1.0000,E_STOP,prediction
1786364719.792,13.5,0.000,0.928,0.000,0.6797,0.1782,-22.53,-0.90978,0.150,0.000,0.000,1.0000,1.0000,E_STOP,prediction
1786364719.832,13.5,0.000,0.928,0.000,0.6797,0.1782,-22.53,-0.90978,0.150,0.000,0.000,1.0000,1.0000,E_STOP,prediction
1786364719.869,13.5,0.000,0.928,0.000,0.6797,0.1782,-22.53,-0.90978,0.150,0.000,0.000,1.0000,1.0000,E_STOP,prediction
1786364719.908,13.5,0.000,0.928,0.000,0.6797,0.1782,-22.53,-0.90978,0.150,0.000,0.000,1.0000,1.0000,E_STOP,prediction
1786364719.946,13.5,0.000,0.928,0.000,0.6797,0.1782,-22.53,-0.90978,0.150,0.000,0.000,1.0000,1.0000,E_STOP,prediction
1786364719.986,13.5,0.000,0.928,0.000,0.6797,0.1782,-22.53,-0.90978,0.150,0.000,0.000,1.0000,1.0000,E_STOP,prediction
1786364720.027,13.5,0.000,0.928,0.000,0.6797,0.1782,-22.53,-0.90978,0.150,0.000,0.000,1.0000,1.0000,E_STOP,prediction
1786364720.064,13.5,0.000,0.928,0.000,0.6797,0.1782,-22.53,-0.90978,0.150,0.000,0.000,1.0000,1.0000,E_STOP,prediction
1786364720.102,13.5,0.000,0.928,0.000,0.6797,0.1782,-22.53,-0.90978,0.150,0.000,0.000,1.0000,1.0000,E_STOP,prediction
1786364720.152,13.5,0.000,0.928,0.000,0.6797,0.1782,-22.53,-0.90978,0.150,0.000,0.000,1.0000,1.0000,E_STOP,prediction
1786364720.192,13.5,0.000,0.928,0.000,0.6797,0.1782,-22.53,-0.90978,0.150,0.000,0.000,1.0000,1.0000,E_STOP,prediction
1786364720.232,13.5,0.000,0.928,0.000,0.6797,0.1782,-22.53,-0.90978,0.150,0.000,0.000,1.0000,1.0000,E_STOP,prediction
1786364720.269,13.5,0.000,0.928,0.000,0.6797,0.1782,-22.53,-0.90978,0.150,0.000,0.000,1.0000,1.0000,E_STOP,prediction
1786364720.310,25.2,0.000,0.928,0.000,0.6797,0.1782,-22.53,-0.90978,0.150,0.000,0.000,1.0000,1.0000,E_STOP,prediction
1786364720.347,25.2,0.000,0.928,0.000,0.6797,0.1782,-22.53,-0.90978,0.150,0.000,0.000,1.0000,1.0000,E_STOP,prediction
1786364720.387,25.2,0.000,0.928,0.000,0.6797,0.1782,-22.53,-0.90978,0.150,0.000,0.000,1.0000,1.0000,E_STOP,prediction
1786364720.439,25.2,0.000,0.928,0.000,0.6797,0.1782,-22.53,-0.90978,0.150,0.000,0.000,1.0000,1.0000,E_STOP,prediction
1786364720.480,25.2,0.000,0.928,0.000,0.6797,0.1782,-22.53,-0.90978,0.150,0.000,0.000,1.0000,1.0000,E_STOP,prediction
1786364720.518,25.2,0.000,0.928,0.000,0.6797,0.1782,-22.53,-0.90978,0.150,0.000,0.000,1.0000,1.0000,E_STOP,prediction
1786364720.556,25.2,0.000,0.928,0.000,0.6797,0.1782,-22.53,-0.90978,0.150,0.000,0.000,1.0000,1.0000,E_STOP,prediction
1786364720.596,25.2,0.000,0.928,0.000,0.6797,0.1782,-22.53,-0.90978,0.150,0.000,0.000,1.0000,1.0000,E_STOP,prediction
1786364720.636,25.2,0.000,0.928,0.000,0.6797,0.1782,-22.53,-0.90978,0.150,0.000,0.000,1.0000,1.0000,E_STOP,prediction
1786364720.687,25.2,0.000,0.928,0.000,0.6797,0.1782,-22.53,-0.90978,0.150,0.000,0.000,1.0000,1.0000,E_STOP,prediction
1786364720.725,25.2,0.000,0.928,0.000,0.6797,0.1782,-22.53,-0.90978,0.150,0.000,0.000,1.0000,1.0000,E_STOP,prediction
1786364720.765,25.2,0.000,0.928,0.000,0.6797,0.1782,-22.53,-0.90978,0.150,0.000,0.000,1.0000,1.0000,E_STOP,prediction
1786364720.802,25.2,0.000,0.928,0.000,0.6797,0.1782,-22.53,-0.90978,0.150,0.000,0.000,1.0000,1.0000,E_STOP,prediction
1786364720.842,25.2,0.000,0.928,0.000,0.6797,0.1782,-22.53,-0.90978,0.150,0.000,0.000,1.0000,1.0000,E_STOP,prediction
1786364720.882,25.2,0.000,0.928,0.000,0.6797,0.1782,-22.53,-0.90978,0.150,0.000,0.000,1.0000,1.0000,E_STOP,prediction
1786364720.920,25.2,0.000,0.928,0.000,0.6797,0.1782,-22.53,-0.90978,0.150,0.000,0.000,1.0000,1.0000,E_STOP,prediction
1786364720.959,25.2,0.000,0.928,0.000,0.6797,0.1782,-22.53,-0.90978,0.150,0.000,0.000,1.0000,1.0000,E_STOP,prediction
1786364720.996,25.2,0.000,0.928,0.000,0.6797,0.1782,-22.53,-0.90978,0.150,0.000,0.000,1.0000,1.0000,E_STOP,prediction
1786364721.035,25.2,0.000,0.928,0.000,0.6797,0.1782,-22.53,-0.90978,0.150,0.000,0.000,1.0000,1.0000,E_STOP,prediction
1786364721.075,25.2,0.000,0.928,0.000,0.6797,0.1782,-22.53,-0.90978,0.150,0.000,0.000,1.0000,1.0000,E_STOP,prediction
1786364721.113,25.2,0.000,0.928,0.000,0.6797,0.1782,-22.53,-0.90978,0.150,0.000,0.000,1.0000,1.0000,E_STOP,prediction
1786364721.151,25.2,0.000,0.928,0.000,0.6797,0.1782,-22.53,-0.90978,0.150,0.000,0.000,1.0000,1.0000,E_STOP,prediction
1786364721.194,25.2,0.000,0.928,0.000,0.6797,0.1782,-22.53,-0.90978,0.150,0.000,0.000,1.0000,1.0000,E_STOP,prediction
1786364721.234,25.2,0.000,0.928,0.000,0.6797,0.1782,-22.53,-0.90978,0.150,0.000,0.000,1.0000,1.0000,E_STOP,prediction
1786364721.290,25.2,0.000,0.928,0.000,0.6797,0.1782,-22.53,-0.90978,0.150,0.000,0.000,1.0000,1.0000,E_STOP,prediction
1786364721.329,24.5,0.000,0.928,0.000,0.6797,0.1782,-22.53,-0.90978,0.150,0.000,0.000,1.0000,1.0000,E_STOP,prediction
1786364721.367,24.5,0.000,0.928,0.000,0.6797,0.1782,-22.53,-0.90978,0.150,0.000,0.000,1.0000,1.0000,E_STOP,prediction
1786364721.408,24.5,0.000,0.928,0.000,0.6797,0.1782,-22.53,-0.90978,0.150,0.000,0.000,1.0000,1.0000,E_STOP,prediction
1786364721.445,24.5,0.000,0.928,0.000,0.6797,0.1782,-22.53,-0.90978,0.150,0.000,0.000,1.0000,1.0000,E_STOP,prediction
1786364721.485,24.5,0.000,0.928,0.000,0.6797,0.1782,-22.53,-0.90978,0.150,0.000,0.000,1.0000,1.0000,E_STOP,prediction
1786364721.526,24.5,0.000,0.928,0.000,0.6797,0.1782,-22.53,-0.90978,0.150,0.000,0.000,1.0000,1.0000,E_STOP,prediction
1786364721.563,24.5,0.000,0.928,0.000,0.6797,0.1782,-22.53,-0.90978,0.150,0.000,0.000,1.0000,1.0000,E_STOP,prediction
1786364721.601,24.5,0.000,0.928,0.000,0.6797,0.1782,-22.53,-0.90978,0.150,0.000,0.000,1.0000,1.0000,E_STOP,prediction
1786364721.642,24.5,0.000,0.928,0.000,0.6797,0.1782,-22.53,-0.90978,0.150,0.000,0.000,1.0000,1.0000,E_STOP,prediction
1786364721.682,24.5,0.000,0.928,0.000,0.6797,0.1782,-22.53,-0.90978,0.150,0.000,0.000,1.0000,1.0000,E_STOP,prediction
1786364721.719,24.5,0.000,0.928,0.000,0.6797,0.1782,-22.53,-0.90978,0.150,0.000,0.000,1.0000,1.0000,E_STOP,prediction
1786364721.757,24.5,0.000,0.928,0.000,0.6797,0.1782,-22.53,-0.90978,0.150,0.000,0.000,1.0000,1.0000,E_STOP,prediction
1786364721.795,24.5,0.000,0.928,0.000,0.6797,0.1782,-22.53,-0.90978,0.150,0.000,0.000,1.0000,1.0000,E_STOP,prediction
1786364721.835,24.5,0.000,0.928,0.000,0.6797,0.1782,-22.53,-0.90978,0.150,0.000,0.000,1.0000,1.0000,E_STOP,prediction
1786364721.877,24.5,0.000,0.928,0.000,0.6797,0.1782,-22.53,-0.90978,0.150,0.000,0.000,1.0000,1.0000,E_STOP,prediction
1786364721.914,24.5,0.000,0.928,0.000,0.6797,0.1782,-22.53,-0.90978,0.150,0.000,0.000,1.0000,1.0000,E_STOP,prediction
1786364721.955,24.5,0.000,0.928,0.000,0.6797,0.1782,-22.53,-0.90978,0.150,0.000,0.000,1.0000,1.0000,E_STOP,prediction
1786364721.995,24.5,0.000,0.928,0.000,0.6797,0.1782,-22.53,-0.90978,0.150,0.000,0.000,1.0000,1.0000,E_STOP,prediction
1786364722.034,24.5,0.000,0.928,0.000,0.6797,0.1782,-22.53,-0.90978,0.150,0.000,0.000,1.0000,1.0000,E_STOP,prediction
1786364722.072,24.5,0.000,0.928,0.000,0.6797,0.1782,-22.53,-0.90978,0.150,0.000,0.000,1.0000,1.0000,E_STOP,prediction
1786364722.110,24.5,0.000,0.928,0.000,0.6797,0.1782,-22.53,-0.90978,0.150,0.000,0.000,1.0000,1.0000,E_STOP,prediction
1786364722.147,24.5,0.000,0.928,0.000,0.6797,0.1782,-22.53,-0.90978,0.150,0.000,0.000,1.0000,1.0000,E_STOP,prediction
1786364722.188,24.5,0.000,0.928,0.000,0.6797,0.1782,-22.53,-0.90978,0.150,0.000,0.000,1.0000,1.0000,E_STOP,prediction
1786364722.228,24.5,0.000,0.928,0.000,0.6797,0.1782,-22.53,-0.90978,0.150,0.000,0.000,1.0000,1.0000,E_STOP,prediction
1786364722.265,24.5,0.000,0.928,0.000,0.6797,0.1782,-22.53,-0.90978,0.150,0.000,0.000,1.0000,1.0000,E_STOP,prediction
1786364722.302,24.5,0.000,0.928,0.000,0.6797,0.1782,-22.53,-0.90978,0.150,0.000,0.000,1.0000,1.0000,E_STOP,prediction
1786364722.351,25.4,0.000,0.928,0.000,0.6797,0.1782,-22.53,-0.90978,0.150,0.000,0.000,1.0000,1.0000,E_STOP,prediction
1786364722.403,25.4,0.000,0.928,0.000,0.6797,0.1782,-22.53,-0.90978,0.150,0.000,0.000,1.0000,1.0000,E_STOP,prediction
1786364722.444,25.4,0.000,0.928,0.000,0.6797,0.1782,-22.53,-0.90978,0.150,0.000,0.000,1.0000,1.0000,E_STOP,prediction
1786364722.483,25.4,0.000,0.928,0.000,0.6797,0.1782,-22.53,-0.90978,0.150,0.000,0.000,1.0000,1.0000,E_STOP,prediction
1786364722.521,25.4,0.000,0.928,0.000,0.6797,0.1782,-22.53,-0.90978,0.150,0.000,0.000,1.0000,1.0000,E_STOP,prediction
1786364722.559,25.4,0.000,0.928,0.000,0.6797,0.1782,-22.53,-0.90978,0.150,0.000,0.000,1.0000,1.0000,E_STOP,prediction
1786364722.600,25.4,0.000,0.928,0.000,0.6797,0.1782,-22.53,-0.90978,0.150,0.000,0.000,1.0000,1.0000,E_STOP,prediction
1786364722.640,25.4,0.000,0.928,0.000,0.6797,0.1782,-22.53,-0.90978,0.150,0.000,0.000,1.0000,1.0000,E_STOP,prediction
1786364722.679,25.4,0.000,0.928,0.000,0.6797,0.1782,-22.53,-0.90978,0.150,0.000,0.000,1.0000,1.0000,E_STOP,prediction
1786364722.717,25.4,0.000,0.928,0.000,0.6797,0.1782,-22.53,-0.90978,0.150,0.000,0.000,1.0000,1.0000,E_STOP,prediction
1786364722.767,25.4,0.000,0.928,0.000,0.6797,0.1782,-22.53,-0.90978,0.150,0.000,0.000,1.0000,1.0000,E_STOP,prediction
1786364722.807,25.4,0.000,0.928,0.000,0.6797,0.1782,-22.53,-0.90978,0.150,0.000,0.000,1.0000,1.0000,E_STOP,prediction
1786364722.844,25.4,0.000,0.928,0.000,0.6797,0.1782,-22.53,-0.90978,0.150,0.000,0.000,1.0000,1.0000,E_STOP,prediction
1786364722.883,25.4,0.000,0.928,0.000,0.6797,0.1782,-22.53,-0.90978,0.150,0.000,0.000,1.0000,1.0000,E_STOP,prediction
1786364722.920,25.4,0.000,0.928,0.000,0.6797,0.1782,-22.53,-0.90978,0.150,0.000,0.000,1.0000,1.0000,E_STOP,prediction
1786364722.959,25.4,0.000,0.928,0.000,0.6797,0.1782,-22.53,-0.90978,0.150,0.000,0.000,1.0000,1.0000,E_STOP,prediction
1786364722.996,25.4,0.000,0.928,0.000,0.6797,0.1782,-22.53,-0.90978,0.150,0.000,0.000,1.0000,1.0000,E_STOP,prediction
1786364723.035,25.4,0.000,0.928,0.000,0.6797,0.1782,-22.53,-0.90978,0.150,0.000,0.000,1.0000,1.0000,E_STOP,prediction
1786364723.074,25.4,0.000,0.928,0.000,0.6797,0.1782,-22.53,-0.90978,0.150,0.000,0.000,1.0000,1.0000,E_STOP,prediction
1786364723.112,25.4,0.000,0.928,0.000,0.6797,0.1782,-22.53,-0.90978,0.150,0.000,0.000,1.0000,1.0000,E_STOP,prediction
1786364723.150,25.4,0.000,0.928,0.000,0.6797,0.1782,-22.53,-0.90978,0.150,0.000,0.000,1.0000,1.0000,E_STOP,prediction
1786364723.192,25.4,0.000,0.928,0.000,0.6797,0.1782,-22.53,-0.90978,0.150,0.000,0.000,1.0000,1.0000,E_STOP,prediction
1786364723.240,25.4,0.000,0.928,0.000,0.6797,0.1782,-22.53,-0.90978,0.150,0.000,0.000,1.0000,1.0000,E_STOP,prediction
1786364723.280,25.4,0.000,0.928,0.000,0.6797,0.1782,-22.53,-0.90978,0.150,0.000,0.000,1.0000,1.0000,E_STOP,prediction
1786364723.317,25.4,0.000,0.928,0.000,0.6797,0.1782,-22.53,-0.90978,0.150,0.000,0.000,1.0000,1.0000,E_STOP,prediction
1786364723.358,24.8,0.000,0.928,0.000,0.6797,0.1782,-22.53,-0.90978,0.150,0.000,0.000,1.0000,1.0000,E_STOP,prediction
1786364723.395,24.8,0.000,0.928,0.000,0.6797,0.1782,-22.53,-0.90978,0.150,0.000,0.000,1.0000,1.0000,E_STOP,prediction
1786364723.434,24.8,0.000,0.928,0.000,0.6797,0.1782,-22.53,-0.90978,0.150,0.000,0.000,1.0000,1.0000,E_STOP,prediction
1786364723.472,24.8,0.000,0.928,0.000,0.6797,0.1782,-22.53,-0.90978,0.150,0.000,0.000,1.0000,1.0000,E_STOP,prediction
1786364723.509,24.8,0.000,0.928,0.000,0.6797,0.1782,-22.53,-0.90978,0.150,0.000,0.000,1.0000,1.0000,E_STOP,prediction
1786364723.548,24.8,0.000,0.928,0.000,0.6797,0.1782,-22.53,-0.90978,0.150,0.000,0.000,1.0000,1.0000,E_STOP,prediction
1786364723.591,24.8,0.000,0.928,0.000,0.6797,0.1782,-22.53,-0.90978,0.150,0.000,0.000,1.0000,1.0000,E_STOP,prediction
1786364723.629,24.8,0.000,0.928,0.000,0.6797,0.1782,-22.53,-0.90978,0.150,0.000,0.000,1.0000,1.0000,E_STOP,prediction
1786364723.666,24.8,0.000,0.928,0.000,0.6797,0.1782,-22.53,-0.90978,0.150,0.000,0.000,1.0000,1.0000,E_STOP,prediction
1786364723.704,24.8,0.000,0.928,0.000,0.6797,0.1782,-22.53,-0.90978,0.150,0.000,0.000,1.0000,1.0000,E_STOP,prediction
1786364723.743,24.8,0.000,0.928,0.000,0.6797,0.1782,-22.53,-0.90978,0.150,0.000,0.000,1.0000,1.0000,E_STOP,prediction
1786364723.783,24.8,0.000,0.928,0.000,0.6797,0.1782,-22.53,-0.90978,0.150,0.000,0.000,1.0000,1.0000,E_STOP,prediction
1786364723.820,24.8,0.000,0.928,0.000,0.6797,0.1782,-22.53,-0.90978,0.150,0.000,0.000,1.0000,1.0000,E_STOP,prediction
1786364723.859,24.8,0.000,0.928,0.000,0.6797,0.1782,-22.53,-0.90978,0.150,0.000,0.000,1.0000,1.0000,E_STOP,prediction
1786364723.896,24.8,0.000,0.928,0.000,0.6797,0.1782,-22.53,-0.90978,0.150,0.000,0.000,1.0000,1.0000,E_STOP,prediction
1786364723.935,24.8,0.000,0.928,0.000,0.6797,0.1782,-22.53,-0.90978,0.150,0.000,0.000,1.0000,1.0000,E_STOP,prediction
1786364723.975,24.8,0.000,0.928,0.000,0.6797,0.1782,-22.53,-0.90978,0.150,0.000,0.000,1.0000,1.0000,E_STOP,prediction
1786364724.012,24.8,0.000,0.928,0.000,0.6797,0.1782,-22.53,-0.90978,0.150,0.000,0.000,1.0000,1.0000,E_STOP,prediction
1786364724.049,24.8,0.000,0.928,0.000,0.6797,0.1782,-22.53,-0.90978,0.150,0.000,0.000,1.0000,1.0000,E_STOP,prediction
1786364724.090,24.8,0.000,0.928,0.000,0.6797,0.1782,-22.53,-0.90978,0.150,0.000,0.000,1.0000,1.0000,E_STOP,prediction
1786364724.129,24.8,0.000,0.928,0.000,0.6797,0.1782,-22.53,-0.90978,0.150,0.000,0.000,1.0000,1.0000,E_STOP,prediction
1786364724.169,24.8,0.000,0.928,0.000,0.6797,0.1782,-22.53,-0.90978,0.150,0.000,0.000,1.0000,1.0000,E_STOP,prediction
1786364724.208,24.8,0.000,0.928,0.000,0.6797,0.1782,-22.53,-0.90978,0.150,0.000,0.000,1.0000,1.0000,E_STOP,prediction
1786364724.244,24.8,0.000,0.928,0.000,0.6797,0.1782,-22.53,-0.90978,0.150,0.000,0.000,1.0000,1.0000,E_STOP,prediction
1786364724.284,24.8,0.000,0.928,0.000,0.6797,0.1782,-22.53,-0.90978,0.150,0.000,0.000,1.0000,1.0000,E_STOP,prediction
1786364724.322,24.8,0.000,0.928,0.000,0.6797,0.1782,-22.53,-0.90978,0.150,0.000,0.000,1.0000,1.0000,E_STOP,prediction
1786364724.360,25.9,0.000,0.928,0.000,0.6797,0.1782,-22.53,-0.90978,0.150,0.000,0.000,1.0000,1.0000,E_STOP,prediction
1786364724.397,25.9,0.000,0.928,0.000,0.6797,0.1782,-22.53,-0.90978,0.150,0.000,0.000,1.0000,1.0000,E_STOP,prediction
1786364724.438,25.9,0.000,0.928,0.000,0.6797,0.1782,-22.53,-0.90978,0.150,0.000,0.000,1.0000,1.0000,E_STOP,prediction
1786364724.478,25.9,0.000,0.928,0.000,0.6797,0.1782,-22.53,-0.90978,0.150,0.000,0.000,1.0000,1.0000,E_STOP,prediction
1786364724.515,25.9,0.000,0.928,0.000,0.6797,0.1782,-22.53,-0.90978,0.150,0.000,0.000,1.0000,1.0000,E_STOP,prediction
1786364724.556,25.9,0.000,0.928,0.000,0.6797,0.1782,-22.53,-0.90978,0.150,0.000,0.000,1.0000,1.0000,E_STOP,prediction
1786364724.595,25.9,0.000,0.928,0.000,0.6797,0.1782,-22.53,-0.90978,0.150,0.000,0.000,1.0000,1.0000,E_STOP,prediction
1786364724.635,25.9,0.000,0.928,0.000,0.6797,0.1782,-22.53,-0.90978,0.150,0.000,0.000,1.0000,1.0000,E_STOP,prediction
1786364724.676,25.9,0.000,0.928,0.000,0.6797,0.1782,-22.53,-0.90978,0.150,0.000,0.000,1.0000,1.0000,E_STOP,prediction
1786364724.713,25.9,0.000,0.928,0.000,0.6797,0.1782,-22.53,-0.90978,0.150,0.000,0.000,1.0000,1.0000,E_STOP,prediction
1786364724.751,25.9,0.000,0.928,0.000,0.6797,0.1782,-22.53,-0.90978,0.150,0.000,0.000,1.0000,1.0000,E_STOP,prediction
1786364724.793,25.9,0.000,0.928,0.000,0.6797,0.1782,-22.53,-0.90978,0.150,0.000,0.000,1.0000,1.0000,E_STOP,prediction
1786364724.832,25.9,0.000,0.928,0.000,0.6797,0.1782,-22.53,-0.90978,0.150,0.000,0.000,1.0000,1.0000,E_STOP,prediction
1786364724.869,25.9,0.000,0.928,0.000,0.6797,0.1782,-22.53,-0.90978,0.150,0.000,0.000,1.0000,1.0000,E_STOP,prediction
1786364724.908,25.9,0.000,0.928,0.000,0.6797,0.1782,-22.53,-0.90978,0.150,0.000,0.000,1.0000,1.0000,E_STOP,prediction
1786364724.945,25.9,0.000,0.928,0.000,0.6797,0.1782,-22.53,-0.90978,0.150,0.000,0.000,1.0000,1.0000,E_STOP,prediction
1786364724.984,25.9,0.000,0.928,0.000,0.6797,0.1782,-22.53,-0.90978,0.150,0.000,0.000,1.0000,1.0000,E_STOP,prediction
1786364725.027,25.9,0.000,0.928,0.000,0.6797,0.1782,-22.53,-0.90978,0.150,0.000,0.000,1.0000,1.0000,E_STOP,prediction
1786364725.064,25.9,0.000,0.928,0.000,0.6797,0.1782,-22.53,-0.90978,0.150,0.000,0.000,1.0000,1.0000,E_STOP,prediction
1786364725.101,25.9,0.000,0.928,0.000,0.6797,0.1782,-22.53,-0.90978,0.150,0.000,0.000,1.0000,1.0000,E_STOP,prediction
1786364725.141,25.9,0.000,0.928,0.000,0.6797,0.1782,-22.53,-0.90978,0.150,0.000,0.000,1.0000,1.0000,E_STOP,prediction
1786364725.181,25.9,0.000,0.928,0.000,0.6797,0.1782,-22.53,-0.90978,0.150,0.000,0.000,1.0000,1.0000,E_STOP,prediction
1786364725.218,25.9,0.000,0.928,0.000,0.6797,0.1782,-22.53,-0.90978,0.150,0.000,0.000,1.0000,1.0000,E_STOP,prediction
1786364725.259,25.9,0.000,0.928,0.000,0.6797,0.1782,-22.53,-0.90978,0.150,0.000,0.000,1.0000,1.0000,E_STOP,prediction
1786364725.295,25.9,0.000,0.928,0.000,0.6797,0.1782,-22.53,-0.90978,0.150,0.000,0.000,1.0000,1.0000,E_STOP,prediction
1786364725.335,25.9,0.000,0.928,0.000,0.6797,0.1782,-22.53,-0.90978,0.150,0.000,0.000,1.0000,1.0000,E_STOP,prediction
1786364725.372,25.7,0.000,0.928,0.000,0.6797,0.1782,-22.53,-0.90978,0.150,0.000,0.000,1.0000,1.0000,E_STOP,prediction
1786364725.411,25.7,0.000,0.928,0.000,0.6797,0.1782,-22.53,-0.90978,0.150,0.000,0.000,1.0000,1.0000,E_STOP,prediction
1786364725.448,25.7,0.000,0.928,0.000,0.6797,0.1782,-22.53,-0.90978,0.150,0.000,0.000,1.0000,1.0000,E_STOP,prediction
1786364725.490,25.7,0.000,0.928,0.000,0.6797,0.1782,-22.53,-0.90978,0.150,0.000,0.000,1.0000,1.0000,E_STOP,prediction
1786364725.530,25.7,0.000,0.928,0.000,0.6797,0.1782,-22.53,-0.90978,0.150,0.000,0.000,1.0000,1.0000,E_STOP,prediction
1786364725.568,25.7,0.000,0.928,0.000,0.6797,0.1782,-22.53,-0.90978,0.150,0.000,0.000,1.0000,1.0000,E_STOP,prediction
1786364725.607,25.7,0.000,0.928,0.000,0.6797,0.1782,-22.53,-0.90978,0.150,0.000,0.000,1.0000,1.0000,E_STOP,prediction
1786364725.644,25.7,0.000,0.928,0.000,0.6797,0.1782,-22.53,-0.90978,0.150,0.000,0.000,1.0000,1.0000,E_STOP,prediction
1786364725.684,25.7,0.000,0.928,0.000,0.6797,0.1782,-22.53,-0.90978,0.150,0.000,0.000,1.0000,1.0000,E_STOP,prediction
1786364725.721,25.7,0.000,0.928,0.000,0.6797,0.1782,-22.53,-0.90978,0.150,0.000,0.000,1.0000,1.0000,E_STOP,prediction
1786364725.759,25.7,0.000,0.928,0.000,0.6797,0.1782,-22.53,-0.90978,0.150,0.000,0.000,1.0000,1.0000,E_STOP,prediction
1786364725.797,25.7,0.000,0.928,0.000,0.6797,0.1782,-22.53,-0.90978,0.150,0.000,0.000,1.0000,1.0000,E_STOP,prediction
1786364725.837,25.7,0.000,0.928,0.000,0.6797,0.1782,-22.53,-0.90978,0.150,0.000,0.000,1.0000,1.0000,E_STOP,prediction
1786364725.877,25.7,0.000,0.928,0.000,0.6797,0.1782,-22.53,-0.90978,0.150,0.000,0.000,1.0000,1.0000,E_STOP,prediction
1786364725.914,25.7,0.000,0.928,0.000,0.6797,0.1782,-22.53,-0.90978,0.150,0.000,0.000,1.0000,1.0000,E_STOP,prediction
1786364725.952,25.7,0.000,0.928,0.000,0.6797,0.1782,-22.53,-0.90978,0.150,0.000,0.000,1.0000,1.0000,E_STOP,prediction
1786364725.993,25.7,0.000,0.928,0.000,0.6797,0.1782,-22.53,-0.90978,0.150,0.000,0.000,1.0000,1.0000,E_STOP,prediction
1786364726.032,25.7,0.000,0.928,0.000,0.6797,0.1782,-22.53,-0.90978,0.150,0.000,0.000,1.0000,1.0000,E_STOP,prediction
1786364726.070,25.7,0.000,0.928,0.000,0.6797,0.1782,-22.53,-0.90978,0.150,0.000,0.000,1.0000,1.0000,E_STOP,prediction
1786364726.109,25.7,0.000,0.928,0.000,0.6797,0.1782,-22.53,-0.90978,0.150,0.000,0.000,1.0000,1.0000,E_STOP,prediction
1786364726.148,25.7,0.000,0.928,0.000,0.6797,0.1782,-22.53,-0.90978,0.150,0.000,0.000,1.0000,1.0000,E_STOP,prediction
1786364726.190,25.7,0.000,0.928,0.000,0.6797,0.1782,-22.53,-0.90978,0.150,0.000,0.000,1.0000,1.0000,E_STOP,prediction
1786364726.243,25.7,0.000,0.928,0.000,0.6797,0.1782,-22.53,-0.90978,0.150,0.000,0.000,1.0000,1.0000,E_STOP,prediction
1786364726.283,25.7,0.000,0.928,0.000,0.6797,0.1782,-22.53,-0.90978,0.150,0.000,0.000,1.0000,1.0000,E_STOP,prediction
1786364726.320,25.7,0.000,0.928,0.000,0.6797,0.1782,-22.53,-0.90978,0.150,0.000,0.000,1.0000,1.0000,E_STOP,prediction
1786364726.358,25.7,0.000,0.928,0.000,0.6797,0.1782,-22.53,-0.90978,0.150,0.000,0.000,1.0000,1.0000,E_STOP,prediction
1786364726.395,25.4,0.000,0.928,0.000,0.6797,0.1782,-22.53,-0.90978,0.150,0.000,0.000,1.0000,1.0000,E_STOP,prediction
1786364726.435,25.4,0.000,0.928,0.000,0.6797,0.1782,-22.53,-0.90978,0.150,0.000,0.000,1.0000,1.0000,E_STOP,prediction
1786364726.475,25.4,0.000,0.928,0.000,0.6797,0.1782,-22.53,-0.90978,0.150,0.000,0.000,1.0000,1.0000,E_STOP,prediction
1786364726.513,25.4,0.000,0.928,0.000,0.6797,0.1782,-22.53,-0.90978,0.150,0.000,0.000,1.0000,1.0000,E_STOP,prediction
1786364726.550,25.4,0.000,0.928,0.000,0.6797,0.1782,-22.53,-0.90978,0.150,0.000,0.000,1.0000,1.0000,E_STOP,prediction
1786364726.591,25.4,0.000,0.928,0.000,0.6797,0.1782,-22.53,-0.90978,0.150,0.000,0.000,1.0000,1.0000,E_STOP,prediction
1786364726.631,25.4,0.000,0.928,0.000,0.6797,0.1782,-22.53,-0.90978,0.150,0.000,0.000,1.0000,1.0000,E_STOP,prediction
1786364726.669,25.4,0.000,0.928,0.000,0.6797,0.1782,-22.53,-0.90978,0.150,0.000,0.000,1.0000,1.0000,E_STOP,prediction
1786364726.708,25.4,0.000,0.928,0.000,0.6797,0.1782,-22.53,-0.90978,0.150,0.000,0.000,1.0000,1.0000,E_STOP,prediction
1786364726.746,25.4,0.000,0.928,0.000,0.6797,0.1782,-22.53,-0.90978,0.150,0.000,0.000,1.0000,1.0000,E_STOP,prediction
1786364726.786,25.4,0.000,0.928,0.000,0.6797,0.1782,-22.53,-0.90978,0.150,0.000,0.000,1.0000,1.0000,E_STOP,prediction
1786364726.825,25.4,0.000,0.928,0.000,0.6797,0.1782,-22.53,-0.90978,0.150,0.000,0.000,1.0000,1.0000,E_STOP,prediction
1786364726.863,25.4,0.000,0.928,0.000,0.6797,0.1782,-22.53,-0.90978,0.150,0.000,0.000,1.0000,1.0000,E_STOP,prediction
1786364726.900,25.4,0.000,0.928,0.000,0.6797,0.1782,-22.53,-0.90978,0.150,0.000,0.000,1.0000,1.0000,E_STOP,prediction
1786364726.941,25.4,0.000,0.928,0.000,0.6797,0.1782,-22.53,-0.90978,0.150,0.000,0.000,1.0000,1.0000,E_STOP,prediction
1786364726.991,25.4,0.000,0.928,0.000,0.6797,0.1782,-22.53,-0.90978,0.150,0.000,0.000,1.0000,1.0000,E_STOP,prediction
1786364727.028,25.4,0.000,0.928,0.000,0.6797,0.1782,-22.53,-0.90978,0.150,0.000,0.000,1.0000,1.0000,E_STOP,prediction
1786364727.068,25.4,0.000,0.928,0.000,0.6797,0.1782,-22.53,-0.90978,0.150,0.000,0.000,1.0000,1.0000,E_STOP,prediction
1786364727.115,25.4,0.000,0.928,0.000,0.6797,0.1782,-22.53,-0.90978,0.150,0.000,0.000,1.0000,1.0000,E_STOP,prediction
1786364727.156,25.4,0.000,0.928,0.000,0.6797,0.1782,-22.53,-0.90978,0.150,0.000,0.000,1.0000,1.0000,E_STOP,prediction
1786364727.195,25.4,0.000,0.928,0.000,0.6797,0.1782,-22.53,-0.90978,0.150,0.000,0.000,1.0000,1.0000,E_STOP,prediction
1786364727.236,25.4,0.000,0.928,0.000,0.6797,0.1782,-22.53,-0.90978,0.150,0.000,0.000,1.0000,1.0000,E_STOP,prediction
1786364727.276,25.4,0.000,0.928,0.000,0.6797,0.1782,-22.53,-0.90978,0.150,0.000,0.000,1.0000,1.0000,E_STOP,prediction
1786364727.313,25.4,0.000,0.928,0.000,0.6797,0.1782,-22.53,-0.90978,0.150,0.000,0.000,1.0000,1.0000,E_STOP,prediction
1786364727.350,25.4,0.000,0.928,0.000,0.6797,0.1782,-22.53,-0.90978,0.150,0.000,0.000,1.0000,1.0000,E_STOP,prediction
1786364727.392,25.4,0.000,0.928,0.000,0.6797,0.1782,-22.53,-0.90978,0.150,0.000,0.000,1.0000,1.0000,E_STOP,prediction
1786364727.444,24.8,0.000,0.928,0.000,0.6797,0.1782,-22.53,-0.90978,0.150,0.000,0.000,1.0000,1.0000,E_STOP,prediction
1786364727.483,24.8,0.000,0.928,0.000,0.6797,0.1782,-22.53,-0.90978,0.150,0.000,0.000,1.0000,1.0000,E_STOP,prediction
1786364727.525,24.8,0.000,0.928,0.000,0.6797,0.1782,-22.53,-0.90978,0.150,0.000,0.000,1.0000,1.0000,E_STOP,prediction
1786364727.563,24.8,0.000,0.928,0.000,0.6797,0.1782,-22.53,-0.90978,0.150,0.000,0.000,1.0000,1.0000,E_STOP,prediction
1786364727.601,24.8,0.000,0.928,0.000,0.6797,0.1782,-22.53,-0.90978,0.150,0.000,0.000,1.0000,1.0000,E_STOP,prediction
1786364727.651,24.8,0.000,0.928,0.000,0.6797,0.1782,-22.53,-0.90978,0.150,0.000,0.000,1.0000,1.0000,E_STOP,prediction
1786364727.694,24.8,0.000,0.928,0.000,0.6797,0.1782,-22.53,-0.90978,0.150,0.000,0.000,1.0000,1.0000,E_STOP,prediction
1786364727.733,24.8,0.000,0.928,0.000,0.6797,0.1782,-22.53,-0.90978,0.150,0.000,0.000,1.0000,1.0000,E_STOP,prediction
1786364727.770,24.8,0.000,0.928,0.000,0.6797,0.1782,-22.53,-0.90978,0.150,0.000,0.000,1.0000,1.0000,E_STOP,prediction
1786364727.812,24.8,0.000,0.928,0.000,0.6797,0.1782,-22.53,-0.90978,0.150,0.000,0.000,1.0000,1.0000,E_STOP,prediction
1786364727.849,24.8,0.000,0.928,0.000,0.6797,0.1782,-22.53,-0.90978,0.150,0.000,0.000,1.0000,1.0000,E_STOP,prediction
1786364727.889,24.8,0.000,0.928,0.000,0.6797,0.1782,-22.53,-0.90978,0.150,0.000,0.000,1.0000,1.0000,E_STOP,prediction
1786364727.929,24.8,0.000,0.928,0.000,0.6797,0.1782,-22.53,-0.90978,0.150,0.000,0.000,1.0000,1.0000,E_STOP,prediction
1786364727.967,24.8,0.000,0.928,0.000,0.6797,0.1782,-22.53,-0.90978,0.150,0.000,0.000,1.0000,1.0000,E_STOP,prediction
1786364728.005,24.8,0.000,0.928,0.000,0.6797,0.1782,-22.53,-0.90978,0.150,0.000,0.000,1.0000,1.0000,E_STOP,prediction
1786364728.044,24.8,0.000,0.928,0.000,0.6797,0.1782,-22.53,-0.90978,0.150,0.000,0.000,1.0000,1.0000,E_STOP,prediction
1786364728.085,24.8,0.000,0.928,0.000,0.6797,0.1782,-22.53,-0.90978,0.150,0.000,0.000,1.0000,1.0000,E_STOP,prediction
1786364728.126,24.8,0.000,0.928,0.000,0.6797,0.1782,-22.53,-0.90978,0.150,0.000,0.000,1.0000,1.0000,E_STOP,prediction
1786364728.164,24.8,0.000,0.928,0.000,0.6797,0.1782,-22.53,-0.90978,0.150,0.000,0.000,1.0000,1.0000,E_STOP,prediction
1786364728.201,24.8,0.000,0.928,0.000,0.6797,0.1782,-22.53,-0.90978,0.150,0.000,0.000,1.0000,1.0000,E_STOP,prediction
1786364728.251,24.8,0.000,0.928,0.000,0.6797,0.1782,-22.53,-0.90978,0.150,0.000,0.000,1.0000,1.0000,E_STOP,prediction
1786364728.901,14.4,0.000,0.928,0.000,0.6797,0.1782,-22.53,-0.90978,0.150,0.000,0.000,1.0000,1.0000,E_STOP,prediction
