timestamp,fps,left_conf,center_conf,right_conf,lane_width_m,lateral_error_m,heading_error_deg,curvature,lookahead_m,target_speed,actual_speed,steer_raw,steer_filtered,tracking_state,reconstruction_method
1786993633.045,0.0,0.899,0.787,0.814,0.4950,-0.0041,7.50,-0.03612,0.196,0.196,0.000,-0.3051,-0.3225,TRACKING,L+C+R_fused
1786993633.132,0.0,0.902,0.789,0.753,0.4941,-0.0042,7.47,-0.03586,0.196,0.211,0.000,-0.3052,-0.3226,TRACKING,L+C+R_fused
1786993633.151,0.0,0.902,0.787,0.743,0.4929,-0.0040,7.61,-0.02714,0.197,0.226,0.000,-0.3035,-0.3210,TRACKING,L+C+R_fused
1786993633.196,0.0,0.902,0.788,0.643,0.4965,-0.0042,7.46,-0.03658,0.196,0.239,0.000,-0.3054,-0.3228,TRACKING,L+C+R_fused
1786993633.216,0.0,0.902,0.789,0.642,0.4965,-0.0042,7.50,-0.03467,0.197,0.252,0.000,-0.3054,-0.3229,TRACKING,L+C+R_fused
1786993633.236,0.0,0.902,0.788,0.692,0.4970,-0.0042,7.45,-0.03793,0.196,0.265,0.000,-0.3058,-0.3232,TRACKING,L+C+R_fused
1786993633.247,0.0,0.902,0.788,0.697,0.4957,-0.0042,7.44,-0.03835,0.196,0.277,0.000,-0.3053,-0.3227,TRACKING,L+C+R_fused
1786993633.273,0.0,0.902,0.790,0.698,0.4947,-0.0041,7.49,-0.03508,0.196,0.288,0.000,-0.3048,-0.3222,TRACKING,L+C+R_fused
1786993633.289,0.0,0.903,0.788,0.707,0.4942,-0.0042,7.43,-0.03828,0.196,0.298,0.000,-0.3054,-0.3228,TRACKING,L+C+R_fused
1786993633.306,0.0,0.903,0.788,0.705,0.4943,-0.0042,7.44,-0.03740,0.196,0.308,0.000,-0.3054,-0.3228,TRACKING,L+C+R_fused
1786993633.337,0.0,0.904,0.788,0.705,0.4937,-0.0042,7.48,-0.03283,0.197,0.318,0.000,-0.3042,-0.3216,TRACKING,L+C+R_fused
1786993633.348,0.0,0.903,0.788,0.706,0.4930,-0.0042,7.48,-0.03286,0.197,0.327,0.000,-0.3043,-0.3217,TRACKING,L+C+R_fused
1786993633.364,0.0,0.902,0.787,0.718,0.4955,-0.0042,7.41,-0.04326,0.196,0.336,0.000,-0.3071,-0.3246,TRACKING,L+C+R_fused
1786993633.380,0.0,0.902,0.788,0.718,0.4954,-0.0041,7.46,-0.03960,0.196,0.344,0.000,-0.3061,-0.3236,TRACKING,L+C+R_fused
1786993633.396,0.0,0.902,0.787,0.718,0.4954,-0.0041,7.46,-0.03946,0.196,0.352,0.000,-0.3061,-0.3235,TRACKING,L+C+R_fused
1786993633.421,0.0,0.904,0.788,0.719,0.4942,-0.0043,7.41,-0.04230,0.196,0.359,0.000,-0.3071,-0.3245,TRACKING,L+C+R_fused
1786993633.437,0.0,0.903,0.787,0.716,0.4933,-0.0041,7.43,-0.04138,0.196,0.366,0.000,-0.3063,-0.3237,TRACKING,L+C+R_fused
1786993633.451,0.0,0.903,0.787,0.716,0.4933,-0.0041,7.46,-0.04006,0.196,0.373,0.000,-0.3059,-0.3233,TRACKING,L+C+R_fused
1786993633.470,0.0,0.903,0.787,0.716,0.4950,-0.0042,7.43,-0.04139,0.196,0.379,0.000,-0.3064,-0.3238,TRACKING,L+C+R_fused
1786993633.484,0.0,0.903,0.787,0.716,0.4950,-0.0041,7.45,-0.03972,0.196,0.385,0.000,-0.3062,-0.3236,TRACKING,L+C+R_fused
1786993633.518,0.0,0.903,0.787,0.717,0.4953,-0.0042,7.39,-0.04397,0.196,0.391,0.000,-0.3071,-0.3245,TRACKING,L+C+R_fused
1786993633.545,0.0,0.903,0.787,0.716,0.4952,-0.0042,7.48,-0.03670,0.196,0.396,0.000,-0.3059,-0.3234,TRACKING,L+C+R_fused
1786993633.559,0.0,0.906,0.787,0.716,0.4951,-0.0042,7.47,-0.03731,0.196,0.402,0.000,-0.3064,-0.3238,TRACKING,L+C+R_fused
1786993633.575,0.0,0.906,0.787,0.715,0.4951,-0.0043,7.46,-0.03786,0.196,0.407,0.000,-0.3064,-0.3239,TRACKING,L+C+R_fused
1786993633.591,0.0,0.906,0.787,0.715,0.4951,-0.0034,5.97,-0.03029,0.196,0.411,0.000,-0.3064,-0.3239,TRACKING,prediction
1786993633.606,0.0,0.906,0.787,0.715,0.4951,-0.0027,4.77,-0.02423,0.196,0.416,0.000,-0.3064,-0.3239,TRACKING,prediction
1786993633.621,0.0,0.906,0.787,0.715,0.4951,-0.0022,3.82,-0.01938,0.196,0.420,0.000,-0.3064,-0.3239,TRACKING,prediction
1786993633.636,0.0,0.906,0.787,0.715,0.4951,-0.0017,3.05,-0.01551,0.196,0.424,0.000,-0.3064,-0.3239,TRACKING,prediction
1786993633.653,0.0,0.906,0.787,0.715,0.4951,-0.0014,2.44,-0.01241,0.196,0.428,0.000,-0.3064,-0.3239,TRACKING,prediction
1786993633.668,0.0,0.906,0.787,0.715,0.4951,-0.0011,1.95,-0.00992,0.196,0.431,0.000,-0.3064,-0.3239,TRACKING,prediction
1786993633.685,0.0,0.906,0.787,0.715,0.4951,-0.0009,1.56,-0.00794,0.196,0.435,0.000,-0.3064,-0.3239,TRACKING,prediction
1786993633.700,0.0,0.906,0.787,0.715,0.4951,-0.0007,1.25,-0.00635,0.196,0.438,0.000,-0.3064,-0.3239,TRACKING,prediction
1786993633.721,0.0,0.906,0.787,0.715,0.4951,-0.0006,1.00,-0.00508,0.196,0.441,0.000,-0.3064,-0.3239,TRACKING,prediction
1786993633.737,0.0,0.906,0.787,0.715,0.4951,-0.0005,0.80,-0.00407,0.196,0.443,0.000,-0.3064,-0.3239,TRACKING,prediction
1786993633.755,0.0,0.906,0.787,0.715,0.4951,-0.0004,0.64,-0.00325,0.196,0.444,0.000,-0.3064,-0.3239,TRACKING,prediction
1786993633.768,0.0,0.906,0.787,0.715,0.4951,-0.0003,0.51,-0.00260,0.196,0.441,0.000,-0.3064,-0.3239,TRACKING,prediction
1786993633.787,0.0,0.904,0.790,0.917,0.4929,-0.0034,7.48,-0.03468,0.197,0.444,0.000,-0.2974,-0.3145,TRACKING,L+C+R_fused
1786993633.806,0.0,0.906,0.789,0.917,0.4926,-0.0035,7.42,-0.03835,0.196,0.447,0.000,-0.2978,-0.3148,TRACKING,L+C+R_fused
1786993633.821,0.0,0.903,0.788,0.921,0.4915,-0.0035,7.42,-0.03812,0.196,0.449,0.000,-0.2980,-0.3150,TRACKING,L+C+R_fused
1786993633.839,0.0,0.901,0.791,0.927,0.4910,-0.0035,7.41,-0.04025,0.196,0.452,0.000,-0.2987,-0.3157,TRACKING,L+C+R_fused
1786993633.873,0.0,0.902,0.791,0.928,0.4915,-0.0035,7.38,-0.04280,0.196,0.454,0.000,-0.2988,-0.3159,TRACKING,L+C+R_fused
1786993633.892,0.0,0.902,0.791,0.928,0.4915,-0.0035,7.38,-0.04252,0.196,0.457,0.000,-0.2988,-0.3158,TRACKING,L+C+R_fused
1786993633.913,0.0,0.902,0.791,0.928,0.4915,-0.0035,7.42,-0.03986,0.196,0.459,0.000,-0.2988,-0.3158,TRACKING,L+C+R_fused
1786993633.928,0.0,0.901,0.790,0.930,0.4916,-0.0034,7.55,-0.02889,0.197,0.461,0.000,-0.2965,-0.3136,TRACKING,L+C+R_fused
1786993633.942,0.0,0.901,0.790,0.930,0.4914,-0.0037,7.45,-0.03376,0.197,0.463,0.000,-0.2983,-0.3154,TRACKING,L+C+R_fused
1786993633.956,0.0,0.902,0.790,0.930,0.4916,-0.0037,7.47,-0.03084,0.197,0.465,0.000,-0.2985,-0.3156,TRACKING,L+C+R_fused
1786993633.972,0.0,0.895,0.792,0.696,0.4960,-0.0040,7.43,-0.03669,0.196,0.466,0.000,-0.3031,-0.3204,TRACKING,L+C+R_fused
1786993633.987,0.0,0.899,0.792,0.924,0.4941,-0.0044,7.54,-0.02525,0.197,0.468,0.000,-0.3041,-0.3215,TRACKING,L+C+R_fused
1786993634.015,48.2,0.898,0.787,0.713,0.4988,-0.0044,7.55,-0.01741,0.198,0.470,0.000,-0.3011,-0.3185,TRACKING,L+C+R_fused
1786993634.036,48.2,0.890,0.789,0.708,0.5028,-0.0055,7.37,-0.02752,0.197,0.471,0.000,-0.3102,-0.3279,TRACKING,L+C+R_fused
1786993634.050,48.2,0.890,0.789,0.708,0.5028,-0.0044,5.90,-0.02201,0.197,0.473,0.000,-0.3102,-0.3279,TRACKING,prediction
1786993634.082,48.2,0.891,0.792,0.344,0.5020,-0.0067,7.45,-0.01492,0.199,0.474,0.000,-0.3181,-0.3362,TRACKING,L+C+R_fused
1786993634.100,48.2,0.881,0.792,0.646,0.5034,-0.0074,7.65,0.00629,0.199,0.475,0.000,-0.3248,-0.3433,TRACKING,L+C+R_fused
1786993634.118,48.2,0.874,0.789,0.682,0.5055,-0.0091,7.58,0.01230,0.199,0.477,0.000,-0.3400,-0.3591,TRACKING,L+C+R_fused
1786993634.135,48.2,0.874,0.789,0.682,0.5055,-0.0073,6.07,0.00984,0.199,0.478,0.000,-0.3400,-0.3591,TRACKING,prediction
1786993634.158,48.2,0.851,0.790,0.661,0.5107,-0.0125,7.21,-0.00280,0.200,0.479,0.000,-0.3592,-0.3794,TRACKING,L+C+R_fused
1786993634.175,48.2,0.862,0.787,0.687,0.5094,-0.0139,7.34,0.01987,0.198,0.480,0.000,-0.3783,-0.3990,TRACKING,L+C+R_fused
1786993634.190,48.2,0.849,0.788,0.848,0.5105,-0.0158,7.13,0.00460,0.200,0.481,0.000,-0.3865,-0.4079,TRACKING,L+C+R_fused
1786993634.203,48.2,0.833,0.791,0.938,0.5141,-0.0182,6.82,-0.00426,0.200,0.482,0.000,-0.3996,-0.4217,TRACKING,L+C+R_fused
1786993634.233,48.2,0.829,0.793,0.936,0.5160,-0.0200,6.60,-0.01353,0.199,0.483,0.000,-0.4145,-0.4371,TRACKING,L+C+R_fused
1786993634.241,48.2,0.893,0.790,0.741,0.5262,-0.0213,6.92,0.01756,0.198,0.484,0.000,-0.4320,-0.4553,TRACKING,L+C+R_fused
1786993634.263,48.2,0.865,0.792,0.723,0.5225,-0.0224,6.80,0.01721,0.198,0.484,0.000,-0.4383,-0.4619,TRACKING,L+C+R_fused
1786993634.286,48.2,0.855,0.791,0.735,0.5196,-0.0231,6.46,0.00723,0.199,0.485,0.000,-0.4320,-0.4554,TRACKING,L+C+R_fused
1786993634.302,48.2,0.879,0.790,0.932,0.5286,-0.0225,6.41,0.01831,0.198,0.486,0.000,-0.4281,-0.4510,TRACKING,L+C+R_fused
1786993634.319,48.2,0.868,0.790,0.711,0.5258,-0.0209,5.93,-0.00177,0.200,0.487,0.000,-0.3957,-0.4172,TRACKING,L+C+R_fused
1786993634.334,48.2,0.874,0.789,0.740,0.5205,-0.0181,5.61,-0.01098,0.199,0.487,0.000,-0.3647,-0.3845,TRACKING,L+C+R_fused
1786993634.353,48.2,0.862,0.793,0.714,0.5262,-0.0151,5.42,-0.01319,0.199,0.488,0.000,-0.3319,-0.3499,TRACKING,L+C+R_fused
1786993634.368,48.2,0.862,0.794,0.742,0.5252,-0.0143,5.11,-0.02266,0.198,0.489,0.000,-0.3186,-0.3357,TRACKING,L+C+R_fused
1786993634.385,48.2,0.840,0.790,0.733,0.5217,-0.0149,4.97,-0.01636,0.198,0.489,0.000,-0.3171,-0.3341,TRACKING,L+C+R_fused
1786993634.395,48.2,0.836,0.790,0.740,0.5224,-0.0161,4.82,-0.02200,0.198,0.490,0.000,-0.3265,-0.3440,TRACKING,L+C+R_fused
1786993634.425,48.2,0.818,0.790,0.749,0.5215,-0.0175,4.73,-0.02111,0.198,0.490,0.000,-0.3367,-0.3546,TRACKING,L+C+R_fused
1786993634.447,48.2,0.822,0.791,0.730,0.5238,-0.0189,4.36,-0.04500,0.196,0.491,0.000,-0.3503,-0.3686,TRACKING,L+C+R_fused
1786993634.467,48.2,0.833,0.791,0.734,0.5284,-0.0202,4.01,-0.06929,0.193,0.491,0.000,-0.3646,-0.3832,TRACKING,L+C+R_fused
1786993634.487,48.2,0.805,0.784,0.741,0.5319,-0.0227,3.34,-0.10720,0.189,0.492,0.000,-0.3876,-0.4067,TRACKING,L+C+R_fused
1786993634.499,48.2,0.801,0.780,0.743,0.5298,-0.0244,3.36,-0.10293,0.190,0.492,0.000,-0.4029,-0.4229,TRACKING,L+C+R_fused
1786993634.514,48.2,0.749,0.769,0.742,0.5314,-0.0294,1.31,-0.26416,0.174,0.492,0.000,-0.4871,-0.5083,TRACKING,L+C+R_fused
1786993634.528,48.2,0.735,0.735,0.737,0.5282,-0.0324,0.40,-0.37085,0.163,0.465,0.000,-0.5274,-0.5501,TRACKING,L+C+R_fused
1786993634.549,48.2,0.735,0.735,0.737,0.5282,-0.0259,0.32,-0.29668,0.163,0.445,0.000,-0.5274,-0.5501,TRACKING,prediction
1786993634.559,48.2,0.735,0.735,0.737,0.5282,-0.0207,0.26,-0.23734,0.163,0.432,0.000,-0.5274,-0.5501,TRACKING,prediction
1786993634.578,48.2,0.735,0.735,0.737,0.5282,-0.0166,0.21,-0.18987,0.163,0.422,0.000,-0.5274,-0.5501,TRACKING,prediction
1786993634.601,48.2,0.740,0.728,0.744,0.5170,-0.0436,-2.38,-0.60002,0.150,0.416,0.000,-0.6965,-0.7231,TRACKING,L+C+R_fused
1786993634.618,48.2,0.734,0.720,0.734,0.5105,-0.0449,-4.43,-0.75093,0.150,0.411,0.000,-0.6671,-0.6931,TRACKING,L+C+R_fused
1786993634.642,48.2,0.743,0.701,0.854,0.5079,-0.0416,-4.39,-0.77172,0.150,0.408,0.000,-0.6280,-0.6529,TRACKING,L+C+R_fused
1786993634.662,48.2,0.743,0.701,0.854,0.5079,-0.0333,-3.51,-0.61737,0.150,0.405,0.000,-0.6280,-0.6529,TRACKING,prediction
1786993634.683,48.2,0.731,0.690,0.733,0.5027,-0.0380,-5.89,-0.89308,0.150,0.404,0.000,-0.5423,-0.5649,TRACKING,L+C+R_fused
1786993634.697,48.2,0.726,0.694,0.743,0.4971,-0.0387,-7.16,-0.99424,0.150,0.403,0.000,-0.5220,-0.5443,TRACKING,L+C+R_fused
1786993634.703,48.2,0.727,0.690,0.761,0.4891,-0.0404,-8.18,-1.06494,0.150,0.402,0.000,-0.5198,-0.5424,TRACKING,L+C+R_fused
1786993634.734,48.2,0.727,0.690,0.761,0.4891,-0.0323,-6.54,-0.85195,0.150,0.401,0.000,-0.5198,-0.5424,TRACKING,prediction
1786993634.754,48.2,0.745,0.687,0.739,0.4839,-0.0414,-8.53,-1.14351,0.150,0.401,0.000,-0.5344,-0.5582,TRACKING,L+C+R_fused
1786993634.764,48.2,0.742,0.686,0.857,0.4741,-0.0429,-8.70,-1.19489,0.150,0.401,0.000,-0.5581,-0.5833,TRACKING,L+C+R_fused
1786993634.785,48.2,0.731,0.690,0.767,0.4660,-0.0433,-9.06,-1.24624,0.150,0.400,0.000,-0.5595,-0.5852,TRACKING,L+C+R_fused
1786993634.804,48.2,0.732,0.699,0.786,0.4545,-0.0441,-10.87,-1.41202,0.150,0.400,0.000,-0.5329,-0.5588,TRACKING,L+C+R_fused
1786993634.819,48.2,0.726,0.706,0.739,0.4637,-0.0434,-12.34,-1.52640,0.150,0.400,0.000,-0.4870,-0.5122,TRACKING,L+C+R_fused
1786993634.840,48.2,0.719,0.693,0.729,0.4445,-0.0370,-9.90,-1.41224,0.150,0.400,0.000,-0.4607,-0.4850,TRACKING,L+C+R_fused
1786993634.861,48.2,0.714,0.696,0.719,0.4329,-0.0368,-10.95,-1.53059,0.150,0.400,0.000,-0.4385,-0.4632,TRACKING,L+C+R_fused
1786993634.871,48.2,0.682,0.702,0.756,0.4206,-0.0356,-9.74,-1.48025,0.150,0.400,0.000,-0.4565,-0.4818,TRACKING,L+C+R_fused
1786993634.892,48.2,0.000,0.693,0.691,0.5012,-0.0343,-8.25,-1.42474,0.150,0.400,0.000,-0.4837,-0.5099,TRACKING,R+C
1786993634.902,48.2,0.000,0.699,0.713,0.4994,-0.0335,-9.00,-1.54444,0.150,0.400,0.000,-0.4628,-0.4896,TRACKING,R+C
1786993634.913,48.2,0.000,0.696,0.739,0.5010,-0.0273,-6.23,-1.37308,0.150,0.400,0.000,-0.4431,-0.4688,TRACKING,R+C
1786993634.934,48.2,0.000,0.694,0.747,0.5008,-0.0173,-3.46,-1.22356,0.150,0.400,0.000,-0.3680,-0.3914,TRACKING,R+C
1786993634.949,48.2,0.000,0.711,0.752,0.4732,-0.0111,-5.96,-1.54382,0.150,0.400,0.000,-0.2164,-0.2382,TRACKING,R+C
1786993634.969,48.2,0.000,0.692,0.914,0.4923,-0.0027,-4.98,-1.54277,0.150,0.400,0.000,-0.1118,-0.1314,TRACKING,R+C
1786993634.979,48.2,0.000,0.695,0.735,0.4966,0.0019,-4.35,-1.55554,0.150,0.400,0.000,-0.0611,-0.0800,TRACKING,R+C
1786993635.012,48.2,0.000,0.725,0.740,0.5041,0.0012,-5.02,-1.70937,0.150,0.400,0.000,-0.0730,-0.0937,TRACKING,R+C
1786993635.034,55.0,0.000,0.717,0.687,0.5010,0.0031,-2.47,-1.58686,0.150,0.400,0.000,-0.1269,-0.1493,TRACKING,R+C
1786993635.055,55.0,0.000,0.693,0.905,0.5180,0.0080,1.34,-1.32098,0.150,0.400,0.000,-0.1606,-0.1834,TRACKING,R+C
1786993635.077,55.0,0.000,0.690,0.746,0.6402,0.0149,4.57,-1.08287,0.150,0.400,0.000,-0.1404,-0.1622,TRACKING,R+C
1786993635.096,55.0,0.000,0.685,0.692,0.6569,0.0228,8.23,-0.77922,0.150,0.400,0.000,-0.1125,-0.1326,TRACKING,R+C
1786993635.130,55.0,0.000,0.747,0.725,0.5329,0.0187,0.69,-1.62102,0.150,0.400,0.000,0.0020,-0.0199,TRACKING,R+C
1786993635.142,55.0,0.000,0.734,0.714,0.6136,0.0215,3.36,-1.39862,0.150,0.400,0.000,-0.0273,-0.0493,TRACKING,R+C
1786993635.163,55.0,0.000,0.720,0.670,0.5842,0.0210,5.29,-1.28607,0.150,0.400,0.000,-0.1041,-0.1283,TRACKING,R+C
1786993635.183,55.0,0.000,0.716,0.358,0.6432,0.0174,5.24,-1.36472,0.150,0.400,0.000,-0.1784,-0.2056,TRACKING,R+C
1786993635.205,55.0,0.000,0.713,0.573,0.6514,0.0158,7.79,-1.17189,0.150,0.400,0.000,-0.2862,-0.3160,TRACKING,R+C
1786993635.226,55.0,0.000,0.691,0.887,0.5407,0.0132,9.37,-1.08250,0.150,0.400,0.000,-0.3834,-0.4162,TRACKING,R+C
1786993635.246,55.0,0.000,0.696,0.902,0.5452,0.0076,8.70,-1.20712,0.150,0.400,0.000,-0.4640,-0.5002,TRACKING,R+C
1786993635.267,55.0,0.000,0.686,0.893,0.5583,0.0074,14.03,-0.69113,0.150,0.400,0.000,-0.5984,-0.6368,TRACKING,R+C
1786993635.293,55.0,0.000,0.688,0.891,0.5751,-0.0009,13.21,-0.80933,0.150,0.400,0.000,-0.6965,-0.7392,TRACKING,R+C
1786993635.302,55.0,0.000,0.681,0.879,0.5911,-0.0055,17.00,-0.45927,0.154,0.400,0.000,-0.7976,-0.8441,TRACKING,R+C
1786993635.311,55.0,0.000,0.681,0.872,0.6038,-0.0118,19.40,-0.23713,0.176,0.400,0.000,-0.7410,-0.7913,TRACKING,R+C
1786993635.343,55.0,0.000,0.680,0.860,0.6110,-0.0183,20.66,-0.11915,0.188,0.400,0.000,-0.8768,-0.9305,TRACKING,R+C
1786993635.360,55.0,0.000,0.689,0.830,0.6130,-0.0288,15.08,-0.84601,0.150,0.400,0.000,-1.0000,-1.0000,TRACKING,R+C
1786993635.378,55.0,0.000,0.702,0.831,0.6187,-0.0303,16.73,-0.60923,0.150,0.400,0.000,-1.0000,-1.0000,TRACKING,R+C
1786993635.389,55.0,0.000,0.717,0.835,0.6183,-0.0301,16.19,-0.64976,0.150,0.400,0.000,-1.0000,-1.0000,TRACKING,R+C
1786993635.400,55.0,0.000,0.683,0.842,0.6228,-0.0248,21.09,-0.10656,0.189,0.400,0.000,-0.9189,-0.9764,TRACKING,R+C
1786993635.420,55.0,0.000,0.689,0.837,0.6223,-0.0267,19.24,-0.30992,0.169,0.400,0.000,-0.9191,-0.9776,TRACKING,R+C
1786993635.450,55.0,0.000,0.685,0.846,0.6225,-0.0287,20.25,-0.23948,0.176,0.400,0.000,-0.8991,-0.9594,TRACKING,R+C
1786993635.461,55.0,0.000,0.705,0.828,0.6299,-0.0378,17.17,-0.55799,0.150,0.400,0.000,-1.0000,-1.0000,TRACKING,R+C
1786993635.492,55.0,0.000,0.705,0.828,0.6299,-0.0302,13.74,-0.44640,0.150,0.400,0.000,-1.0000,-1.0000,TRACKING,prediction
1786993635.512,55.0,0.000,0.705,0.828,0.6299,-0.0242,10.99,-0.35712,0.150,0.400,0.000,-1.0000,-1.0000,TRACKING,prediction
1786993635.534,55.0,0.000,0.705,0.828,0.6299,-0.0194,8.79,-0.28569,0.150,0.400,0.000,-1.0000,-1.0000,TRACKING,prediction
1786993635.556,55.0,0.000,0.705,0.828,0.6299,-0.0155,7.03,-0.22855,0.150,0.400,0.000,-1.0000,-1.0000,TRACKING,prediction
1786993635.576,55.0,0.000,0.705,0.828,0.6299,-0.0124,5.63,-0.18284,0.150,0.400,0.000,-1.0000,-1.0000,TRACKING,prediction
1786993635.597,55.0,0.000,0.705,0.828,0.6299,-0.0099,4.50,-0.14627,0.150,0.400,0.000,-1.0000,-1.0000,TRACKING,prediction
1786993635.617,55.0,0.000,0.705,0.828,0.6299,-0.0079,3.60,-0.11702,0.150,0.400,0.000,-1.0000,-1.0000,TRACKING,prediction
1786993635.638,55.0,0.000,0.705,0.828,0.6299,-0.0063,2.88,-0.09362,0.150,0.400,0.000,-1.0000,-1.0000,TRACKING,prediction
1786993635.660,55.0,0.000,0.705,0.828,0.6299,-0.0051,2.30,-0.07489,0.150,0.396,0.000,-1.0000,-1.0000,TRACKING,prediction
1786993635.681,55.0,0.000,0.705,0.828,0.6299,-0.0041,1.84,-0.05991,0.150,0.387,0.000,-1.0000,-1.0000,TRACKING,prediction
1786993635.691,55.0,0.000,0.705,0.828,0.6299,-0.0032,1.48,-0.04793,0.150,0.376,0.000,-1.0000,-1.0000,TRACKING,prediction
1786993635.711,55.0,0.000,0.705,0.828,0.6299,-0.0026,1.18,-0.03835,0.150,0.362,0.000,-1.0000,-1.0000,TRACKING,prediction
1786993635.732,55.0,0.000,0.705,0.828,0.6299,-0.0021,0.94,-0.03068,0.150,0.338,0.000,-1.0000,-1.0000,UNCERTAIN,prediction
1786993635.748,55.0,0.000,0.705,0.828,0.6299,-0.0017,0.76,-0.02454,0.150,0.320,0.000,-1.0000,-1.0000,UNCERTAIN,prediction
1786993635.767,55.0,0.000,0.691,0.832,0.6171,-0.0506,17.40,-0.20646,0.179,0.324,0.000,-1.0000,-1.0000,TRACKING,R+C
1786993635.778,55.0,0.000,0.680,0.830,0.6131,-0.0450,21.31,0.23890,0.176,0.328,0.000,-0.9891,-1.0000,TRACKING,R+C
1786993635.798,55.0,0.000,0.684,0.831,0.6102,-0.0457,19.75,0.07823,0.192,0.332,0.000,-0.9682,-1.0000,TRACKING,R+C
1786993635.819,55.0,0.000,0.700,0.816,0.6047,-0.0499,16.32,-0.25066,0.175,0.335,0.000,-0.9779,-1.0000,TRACKING,R+C
1786993635.832,55.0,0.000,0.700,0.818,0.6085,-0.0541,17.05,-0.10674,0.189,0.338,0.000,-0.9996,-1.0000,TRACKING,R+C
1786993635.863,55.0,0.000,0.700,0.818,0.6085,-0.0433,13.64,-0.08539,0.189,0.341,0.000,-0.9996,-1.0000,TRACKING,prediction
1786993635.883,55.0,0.000,0.700,0.818,0.6085,-0.0346,10.91,-0.06831,0.189,0.344,0.000,-0.9996,-1.0000,TRACKING,prediction
1786993635.904,55.0,0.000,0.698,0.834,0.6163,-0.0810,14.04,-0.27802,0.172,0.347,0.000,-1.0000,-1.0000,TRACKING,R+C
1786993635.924,55.0,0.000,0.698,0.834,0.6163,-0.0648,11.23,-0.22242,0.172,0.350,0.000,-1.0000,-1.0000,TRACKING,prediction
1786993635.945,55.0,0.000,0.698,0.834,0.6163,-0.0518,8.99,-0.17794,0.172,0.357,0.000,-1.0000,-1.0000,TRACKING,prediction
1786993635.955,55.0,0.000,0.699,0.811,0.6237,-0.0879,20.55,0.36979,0.163,0.359,0.000,-1.0000,-1.0000,TRACKING,R+C
1786993635.976,55.0,0.000,0.713,0.808,0.6263,-0.0980,17.29,0.04363,0.196,0.362,0.000,-1.0000,-1.0000,TRACKING,R+C
1786993636.007,55.0,0.000,0.713,0.808,0.6263,-0.0784,13.83,0.03491,0.196,0.363,0.000,-1.0000,-1.0000,TRACKING,prediction
1786993636.022,55.0,0.000,0.713,0.808,0.6263,-0.0627,11.07,0.02792,0.196,0.365,0.000,-1.0000,-1.0000,TRACKING,prediction
1786993636.044,50.5,0.000,0.713,0.808,0.6263,-0.0502,8.85,0.02234,0.196,0.367,0.000,-1.0000,-1.0000,TRACKING,prediction
1786993636.065,50.5,0.000,0.713,0.808,0.6263,-0.0401,7.08,0.01787,0.196,0.369,0.000,-1.0000,-1.0000,TRACKING,prediction
1786993636.085,50.5,0.000,0.713,0.808,0.6263,-0.0321,5.67,0.01430,0.196,0.370,0.000,-1.0000,-1.0000,TRACKING,prediction
1786993636.106,50.5,0.000,0.713,0.808,0.6263,-0.0257,4.53,0.01144,0.196,0.372,0.000,-1.0000,-1.0000,TRACKING,prediction
1786993636.127,50.5,0.000,0.713,0.808,0.6263,-0.0206,3.63,0.00915,0.196,0.373,0.000,-1.0000,-1.0000,TRACKING,prediction
1786993636.144,50.5,0.000,0.713,0.808,0.6263,-0.0164,2.90,0.00732,0.196,0.374,0.000,-1.0000,-1.0000,TRACKING,prediction
1786993636.164,50.5,0.000,0.850,0.817,0.5845,-0.1065,7.20,-0.67048,0.150,0.376,0.000,-1.0000,-1.0000,TRACKING,R+C
1786993636.186,50.5,0.000,0.850,0.817,0.5845,-0.0852,5.76,-0.53639,0.150,0.377,0.000,-1.0000,-1.0000,TRACKING,prediction
1786993636.199,50.5,0.000,0.829,0.830,0.5710,-0.1015,5.10,-0.82357,0.150,0.378,0.000,-1.0000,-1.0000,TRACKING,R+C
1786993636.220,50.5,0.000,0.814,0.835,0.5666,-0.0982,4.34,-0.86781,0.150,0.379,0.000,-1.0000,-1.0000,TRACKING,R+C
1786993636.241,50.5,0.000,0.820,0.835,0.5618,-0.0949,4.16,-0.84171,0.150,0.380,0.000,-1.0000,-1.0000,TRACKING,R+C
1786993636.260,50.5,0.000,0.815,0.845,0.5580,-0.0913,3.86,-0.82844,0.150,0.381,0.000,-1.0000,-1.0000,TRACKING,R+C
1786993636.290,50.5,0.000,0.813,0.848,0.5508,-0.0890,2.42,-0.91158,0.150,0.382,0.000,-1.0000,-1.0000,TRACKING,R+C
1786993636.311,50.5,0.000,0.810,0.851,0.5518,-0.0815,3.38,-0.81839,0.150,0.383,0.000,-1.0000,-1.0000,TRACKING,R+C
1786993636.333,50.5,0.000,0.810,0.851,0.5518,-0.0652,2.70,-0.65471,0.150,0.384,0.000,-1.0000,-1.0000,TRACKING,prediction
1786993636.344,50.5,0.000,0.808,0.871,0.5441,-0.0714,3.03,-0.79874,0.150,0.385,0.000,-1.0000,-1.0000,TRACKING,R+C
1786993636.364,50.5,0.000,0.807,0.877,0.5420,-0.0651,3.26,-0.75335,0.150,0.385,0.000,-1.0000,-1.0000,TRACKING,R+C
1786993636.374,50.5,0.000,0.806,0.880,0.5366,-0.0595,2.93,-0.76903,0.150,0.386,0.000,-1.0000,-1.0000,TRACKING,R+C
1786993636.402,50.5,0.000,0.806,0.889,0.5299,-0.0537,2.70,-0.76910,0.150,0.387,0.000,-0.9650,-1.0000,TRACKING,R+C
1786993636.417,50.5,0.000,0.807,0.890,0.5229,-0.0478,2.26,-0.78289,0.150,0.388,0.000,-0.8991,-0.9401,TRACKING,R+C
1786993636.435,50.5,0.000,0.807,0.890,0.5229,-0.0382,1.81,-0.62631,0.150,0.388,0.000,-0.8991,-0.9401,TRACKING,prediction
1786993636.446,50.5,0.000,0.807,0.890,0.5229,-0.0306,1.44,-0.50105,0.150,0.389,0.000,-0.8991,-0.9401,TRACKING,prediction
1786993636.466,50.5,0.000,0.807,0.890,0.5229,-0.0245,1.16,-0.40084,0.150,0.389,0.000,-0.8991,-0.9401,TRACKING,prediction
1786993636.486,50.5,0.000,0.807,0.890,0.5229,-0.0196,0.92,-0.32067,0.150,0.390,0.000,-0.8991,-0.9401,TRACKING,prediction
1786993636.507,50.5,0.363,0.801,0.927,0.4323,-0.0117,2.55,-0.72780,0.150,0.390,0.000,-0.4370,-0.4606,TRACKING,L+C+R_fused
1786993636.521,50.5,0.700,0.812,0.901,0.4391,-0.0050,2.62,-0.71516,0.150,0.391,0.000,-0.3304,-0.3508,TRACKING,L+C+R_fused
1786993636.546,50.5,0.661,0.812,0.907,0.4813,-0.0009,2.35,-0.73811,0.150,0.391,0.000,-0.2541,-0.2725,TRACKING,L+C+R_fused
1786993636.567,50.5,0.595,0.814,0.919,0.4364,0.0008,2.04,-0.76026,0.150,0.392,0.000,-0.2159,-0.2333,TRACKING,L+C+R_fused
1786993636.590,50.5,0.934,0.805,0.918,0.4942,0.0012,2.50,-0.73725,0.150,0.392,0.000,-0.2235,-0.2412,TRACKING,L+C+R_fused
1786993636.611,50.5,0.961,0.802,0.916,0.4989,-0.0011,2.83,-0.72423,0.150,0.393,0.000,-0.2754,-0.2946,TRACKING,L+C+R_fused
1786993636.632,50.5,0.960,0.802,0.908,0.4993,-0.0041,3.25,-0.70754,0.150,0.393,0.000,-0.3410,-0.3622,TRACKING,L+C+R_fused
1786993636.652,50.5,0.960,0.805,0.900,0.5017,-0.0068,3.39,-0.71528,0.150,0.393,0.000,-0.3918,-0.4146,TRACKING,L+C+R_fused
1786993636.673,50.5,0.962,0.803,0.901,0.5175,-0.0094,3.43,-0.72713,0.150,0.394,0.000,-0.4357,-0.4601,TRACKING,L+C+R_fused
1786993636.693,50.5,0.914,0.805,0.909,0.5133,-0.0104,3.68,-0.71458,0.150,0.394,0.000,-0.4594,-0.4845,TRACKING,L+C+R_fused
1786993636.714,50.5,0.904,0.802,0.900,0.5143,-0.0104,3.71,-0.72272,0.150,0.394,0.000,-0.4619,-0.4872,TRACKING,L+C+R_fused
1786993636.735,50.5,0.959,0.797,0.904,0.5284,-0.0094,3.46,-0.75286,0.150,0.395,0.000,-0.4413,-0.4662,TRACKING,L+C+R_fused
1786993636.755,50.5,0.959,0.799,0.903,0.5236,-0.0089,3.48,-0.75691,0.150,0.395,0.000,-0.4352,-0.4600,TRACKING,L+C+R_fused
1786993636.778,50.5,0.954,0.800,0.877,0.5265,-0.0132,2.42,-0.83539,0.150,0.395,0.000,-0.4738,-0.4999,TRACKING,L+C+R_fused
1786993636.803,50.5,0.949,0.793,0.889,0.5319,-0.0149,3.24,-0.80053,0.150,0.395,0.000,-0.5257,-0.5536,TRACKING,L+C+R_fused
1786993636.823,50.5,0.933,0.790,0.892,0.5230,-0.0193,3.05,-0.83481,0.150,0.396,0.000,-0.5867,-0.6168,TRACKING,L+C+R_fused
1786993636.844,50.5,0.953,0.794,0.894,0.4918,-0.0217,2.81,-0.88415,0.150,0.396,0.000,-0.6188,-0.6505,TRACKING,L+C+R_fused
1786993636.864,50.5,0.953,0.794,0.894,0.4918,-0.0174,2.25,-0.70732,0.150,0.396,0.000,-0.6188,-0.6505,TRACKING,prediction
1786993636.889,50.5,0.949,0.785,0.891,0.4992,-0.0202,2.62,-0.92870,0.150,0.396,0.000,-0.5978,-0.6292,TRACKING,L+C+R_fused
1786993636.909,50.5,0.954,0.783,0.892,0.5162,-0.0167,2.14,-0.97554,0.150,0.396,0.000,-0.5367,-0.5664,TRACKING,L+C+R_fused
1786993636.930,50.5,0.953,0.791,0.893,0.5206,-0.0151,1.27,-1.04302,0.150,0.397,0.000,-0.4902,-0.5186,TRACKING,L+C+R_fused
1786993636.951,50.5,0.953,0.791,0.893,0.5206,-0.0120,1.02,-0.83442,0.150,0.397,0.000,-0.4902,-0.5186,TRACKING,prediction
1786993636.970,50.5,0.953,0.791,0.893,0.5206,-0.0096,0.82,-0.66753,0.150,0.397,0.000,-0.4902,-0.5186,TRACKING,prediction
1786993636.991,50.5,0.957,0.791,0.891,0.4996,-0.0087,2.72,-0.99147,0.150,0.397,0.000,-0.4412,-0.4686,TRACKING,L+C+R_fused
1786993637.009,50.5,0.948,0.789,0.896,0.4874,-0.0044,2.73,-1.00710,0.150,0.397,0.000,-0.3748,-0.4005,TRACKING,L+C+R_fused
1786993637.018,50.5,0.901,0.788,0.894,0.4757,0.0017,2.96,-1.01144,0.150,0.397,0.000,-0.2841,-0.3075,TRACKING,L+C+R_fused
1786993637.039,50.5,0.950,0.787,0.894,0.4827,0.0079,2.60,-1.03133,0.150,0.397,0.000,-0.1649,-0.1849,TRACKING,L+C+R_fused
1786993637.049,50.8,0.945,0.801,0.905,0.4831,0.0142,2.46,-1.02224,0.150,0.398,0.000,-0.0469,-0.0637,TRACKING,L+C+R_fused
1786993637.080,50.8,0.762,0.784,0.904,0.4767,0.0233,2.93,-1.01037,0.150,0.398,0.000,0.0956,0.0824,TRACKING,L+C+R_fused
1786993637.101,50.8,0.733,0.776,0.915,0.4763,0.0306,2.50,-1.05833,0.150,0.398,0.000,0.2332,0.2234,TRACKING,L+C+R_fused
1786993637.122,50.8,0.746,0.775,0.904,0.4777,0.0383,2.28,-1.08263,0.150,0.398,0.000,0.3676,0.3614,TRACKING,L+C+R_fused
1786993637.142,50.8,0.738,0.770,0.908,0.4774,0.0453,2.47,-1.08049,0.150,0.398,0.000,0.4715,0.4683,TRACKING,L+C+R_fused
1786993637.163,50.8,0.724,0.769,0.828,0.4679,0.0499,2.32,-1.10450,0.150,0.398,0.000,0.5422,0.5410,TRACKING,L+C+R_fused
1786993637.184,50.8,0.716,0.772,0.744,0.4642,0.0524,2.09,-1.12908,0.150,0.398,0.000,0.5837,0.5837,TRACKING,L+C+R_fused
1786993637.204,50.8,0.729,0.766,0.892,0.4778,0.0541,2.28,-1.12080,0.150,0.398,0.000,0.6011,0.6017,TRACKING,L+C+R_fused
1786993637.224,50.8,0.719,0.752,0.343,0.5023,0.0589,3.09,-1.06509,0.150,0.398,0.000,0.6466,0.6488,TRACKING,L+C+R_fused
1786993637.245,50.8,0.710,0.756,0.845,0.4830,0.0656,3.00,-1.10629,0.150,0.398,0.000,0.7303,0.7350,TRACKING,L+C+R_fused
1786993637.266,50.8,0.703,0.749,0.919,0.4792,0.0731,3.53,-1.06954,0.150,0.399,0.000,0.8077,0.8155,TRACKING,L+C+R_fused
1786993637.288,50.8,0.702,0.754,0.927,0.4820,0.0793,3.85,-1.04730,0.150,0.399,0.000,0.8689,0.8794,TRACKING,L+C+R_fused
1786993637.303,50.8,0.701,0.757,0.665,0.4840,0.0824,4.02,-1.06349,0.150,0.399,0.000,0.8949,0.9062,TRACKING,L+C+R_fused
1786993637.323,50.8,0.703,0.749,0.808,0.4864,0.0828,4.21,-1.07269,0.150,0.399,0.000,0.8934,0.9044,TRACKING,L+C+R_fused
1786993637.344,50.8,0.702,0.705,0.718,0.4857,0.0806,5.26,-0.99944,0.150,0.399,0.000,0.8502,0.8593,TRACKING,L+C+R_fused
1786993637.360,50.8,0.691,0.704,0.905,0.4841,0.0776,6.17,-0.94680,0.150,0.399,0.000,0.7967,0.8035,TRACKING,L+C+R_fused
1786993637.387,50.8,0.694,0.702,0.900,0.4888,0.0757,6.42,-0.98945,0.150,0.399,0.000,0.7617,0.7663,TRACKING,L+C+R_fused
1786993637.408,50.8,0.702,0.699,0.891,0.4635,0.0741,8.34,-0.83204,0.150,0.399,0.000,0.7002,0.7029,TRACKING,L+C+R_fused
1786993637.428,50.8,0.679,0.698,0.680,0.4640,0.0714,8.96,-0.82015,0.150,0.399,0.000,0.6450,0.6453,TRACKING,L+C+R_fused
1786993637.448,50.8,0.679,0.698,0.680,0.4640,0.0571,7.17,-0.65612,0.150,0.399,0.000,0.6450,0.6453,TRACKING,prediction
1786993637.469,50.8,0.779,0.694,0.888,0.4593,0.0668,10.22,-0.77756,0.150,0.399,0.000,0.5399,0.5362,TRACKING,L+C+R_fused
1786993637.489,50.8,0.723,0.687,0.892,0.4595,0.0652,12.17,-0.62554,0.150,0.399,0.000,0.4618,0.4560,TRACKING,L+C+R_fused
1786993637.499,50.8,0.000,0.683,0.862,0.4746,0.0648,15.16,-0.35671,0.164,0.399,0.000,0.3143,0.3070,TRACKING,R+C
1786993637.521,50.8,0.000,0.685,0.864,0.4836,0.0607,15.18,-0.39093,0.161,0.399,0.000,0.2612,0.2512,TRACKING,R+C
1786993637.548,50.8,0.000,0.683,0.864,0.4920,0.0586,16.63,-0.26935,0.173,0.399,0.000,0.1651,0.1533,TRACKING,R+C
1786993637.560,50.8,0.000,0.683,0.866,0.4965,0.0570,17.50,-0.22819,0.177,0.399,0.000,0.1123,0.0987,TRACKING,R+C
1786993637.591,50.8,0.000,0.683,0.866,0.4965,0.0456,14.00,-0.18255,0.177,0.399,0.000,0.1123,0.0987,TRACKING,prediction
1786993637.601,50.8,0.000,0.680,0.865,0.4976,0.0597,19.33,-0.10376,0.190,0.399,0.000,-0.1106,-0.1244,TRACKING,R+C
1786993637.621,50.8,0.000,0.686,0.849,0.5002,0.0603,16.59,-0.42566,0.157,0.399,0.000,0.1989,0.1849,TRACKING,R+C
1786993637.642,50.8,0.000,0.686,0.855,0.5031,0.0628,15.76,-0.53811,0.150,0.399,0.000,0.2779,0.2646,TRACKING,R+C
1786993637.668,50.8,0.000,0.686,0.857,0.4962,0.0636,14.56,-0.68197,0.150,0.399,0.000,0.3202,0.3072,TRACKING,R+C
1786993637.684,50.8,0.000,0.682,0.859,0.4955,0.0641,16.40,-0.50495,0.150,0.400,0.000,0.2758,0.2624,TRACKING,R+C
1786993637.705,50.8,0.000,0.685,0.861,0.5083,0.0576,14.46,-0.75353,0.150,0.400,0.000,0.2097,0.1927,TRACKING,R+C
1786993637.726,50.8,0.000,0.668,0.851,0.5132,0.0615,22.93,0.04902,0.195,0.400,0.000,-0.1934,-0.2111,TRACKING,R+C
1786993637.756,50.8,0.000,0.668,0.851,0.5132,0.0492,18.35,0.03922,0.195,0.400,0.000,-0.1934,-0.2111,TRACKING,prediction
1786993637.775,50.8,0.000,0.668,0.851,0.5132,0.0394,14.68,0.03138,0.195,0.400,0.000,-0.1934,-0.2111,TRACKING,prediction
1786993637.797,50.8,0.000,0.668,0.851,0.5132,0.0315,11.74,0.02510,0.195,0.400,0.000,-0.1934,-0.2111,TRACKING,prediction
1786993637.809,50.8,0.000,0.688,0.832,0.5495,0.0345,16.46,-0.72161,0.150,0.400,0.000,-0.2887,-0.3206,TRACKING,R+C
1786993637.819,50.8,0.000,0.688,0.824,0.5566,0.0351,18.03,-0.56545,0.150,0.400,0.000,-0.3225,-0.3546,TRACKING,R+C
1786993637.831,50.8,0.000,0.682,0.812,0.5550,0.0365,19.44,-0.49294,0.151,0.400,0.000,-0.3507,-0.3840,TRACKING,R+C
1786993637.851,50.8,0.000,0.678,0.808,0.5643,0.0375,21.27,-0.34328,0.166,0.400,0.000,-0.3269,-0.3609,TRACKING,R+C
1786993637.880,50.8,0.000,0.673,0.810,0.5680,0.0320,21.49,-0.32473,0.168,0.400,0.000,-0.3977,-0.4344,TRACKING,R+C
1786993637.902,50.8,0.000,0.673,0.810,0.5680,0.0256,17.19,-0.25978,0.168,0.400,0.000,-0.3977,-0.4344,TRACKING,prediction
1786993637.922,50.8,0.000,0.673,0.810,0.5680,0.0205,13.75,-0.20783,0.168,0.400,0.000,-0.3977,-0.4344,TRACKING,prediction
1786993637.939,50.8,0.000,0.671,0.804,0.5886,0.0246,27.51,0.18231,0.182,0.400,0.000,-0.5407,-0.5832,TRACKING,R+C
1786993637.964,50.8,0.000,0.669,0.802,0.5845,0.0264,28.04,0.15151,0.185,0.400,0.000,-0.5281,-0.5718,TRACKING,R+C
1786993637.984,50.8,0.000,0.682,0.794,0.5877,0.0196,19.75,-0.83294,0.150,0.400,0.000,-0.6787,-0.7280,TRACKING,R+C
1786993638.006,50.8,0.000,0.682,0.794,0.5877,0.0157,15.80,-0.66635,0.150,0.400,0.000,-0.6787,-0.7280,TRACKING,prediction
1786993638.020,50.8,0.000,0.683,0.800,0.5947,0.0175,16.70,-1.23305,0.150,0.400,0.000,-0.6493,-0.7003,TRACKING,R+C
1786993638.027,50.8,0.000,0.718,0.806,0.6046,0.0080,10.46,-2.03912,0.150,0.400,0.000,-0.6578,-0.7135,TRACKING,R+C
1786993638.047,50.8,0.000,0.721,0.794,0.6136,0.0038,11.43,-1.96569,0.150,0.400,0.000,-0.7359,-0.7945,TRACKING,R+C
1786993638.070,49.9,0.000,0.726,0.797,0.6222,-0.0009,12.30,-1.87364,0.150,0.400,0.000,-0.8086,-0.8697,TRACKING,R+C
1786993638.098,49.9,0.000,0.726,0.797,0.6222,-0.0007,9.84,-1.49891,0.150,0.400,0.000,-0.8086,-0.8697,TRACKING,prediction
1786993638.119,49.9,0.000,0.726,0.797,0.6222,-0.0006,7.87,-1.19913,0.150,0.400,0.000,-0.8086,-0.8697,TRACKING,prediction
1786993638.138,49.9,0.000,0.726,0.797,0.6222,-0.0005,6.30,-0.95930,0.150,0.400,0.000,-0.8086,-0.8697,TRACKING,prediction
1786993638.157,49.9,0.000,0.726,0.797,0.6222,-0.0004,5.04,-0.76744,0.150,0.400,0.000,-0.8086,-0.8697,TRACKING,prediction
1786993638.188,49.9,0.000,0.726,0.797,0.6222,-0.0003,4.03,-0.61395,0.150,0.400,0.000,-0.8086,-0.8697,TRACKING,prediction
1786993638.208,49.9,0.000,0.722,0.797,0.6258,0.0077,23.11,-0.61536,0.150,0.400,0.000,-0.9028,-0.9616,TRACKING,R+C
1786993638.230,49.9,0.000,0.722,0.797,0.6258,0.0061,18.48,-0.49229,0.150,0.400,0.000,-0.9028,-0.9616,TRACKING,prediction
1786993638.240,49.9,0.000,0.732,0.796,0.6277,0.0084,24.97,-0.36585,0.163,0.400,0.000,-0.8156,-0.8731,TRACKING,R+C
1786993638.260,49.9,0.000,0.733,0.791,0.6293,0.0084,25.59,-0.25344,0.175,0.400,0.000,-0.7407,-0.7970,TRACKING,R+C
1786993638.282,49.9,0.000,0.740,0.795,0.6345,0.0084,26.31,-0.13189,0.187,0.400,0.000,-0.6691,-0.7242,TRACKING,R+C
1786993638.310,49.9,0.000,0.740,0.786,0.6446,0.0071,26.49,-0.06101,0.194,0.400,0.000,-0.8183,-0.8727,TRACKING,R+C
1786993638.323,49.9,0.000,0.737,0.786,0.6592,0.0039,26.13,-0.02830,0.197,0.400,0.000,-0.8038,-0.8580,TRACKING,R+C
1786993638.351,49.9,0.000,0.737,0.786,0.6592,0.0031,20.90,-0.02264,0.197,0.400,0.000,-0.8038,-0.8580,TRACKING,prediction
1786993638.361,49.9,0.000,0.740,0.778,0.6695,-0.0109,24.97,0.02469,0.198,0.400,0.000,-0.8568,-0.9138,TRACKING,R+C
1786993638.392,49.9,0.000,0.740,0.778,0.6695,-0.0087,19.97,0.01975,0.198,0.400,0.000,-0.8568,-0.9138,TRACKING,prediction
1786993638.413,49.9,0.000,0.740,0.778,0.6695,-0.0070,15.98,0.01580,0.198,0.400,0.000,-0.8568,-0.9138,TRACKING,prediction
1786993638.434,49.9,0.000,0.740,0.778,0.6695,-0.0056,12.78,0.01264,0.198,0.400,0.000,-0.8568,-0.9138,TRACKING,prediction
1786993638.455,49.9,0.000,0.740,0.778,0.6695,-0.0045,10.23,0.01011,0.198,0.405,0.000,-0.8568,-0.9138,TRACKING,prediction
1786993638.468,49.9,0.000,0.740,0.778,0.6695,-0.0036,8.18,0.00809,0.198,0.410,0.000,-0.8568,-0.9138,TRACKING,prediction
1786993638.485,49.9,0.000,0.740,0.778,0.6695,-0.0029,6.54,0.00647,0.198,0.414,0.000,-0.8568,-0.9138,TRACKING,prediction
1786993638.505,49.9,0.000,0.740,0.778,0.6695,-0.0023,5.24,0.00518,0.198,0.418,0.000,-0.8568,-0.9138,TRACKING,prediction
1786993638.526,49.9,0.000,0.740,0.778,0.6695,-0.0018,4.19,0.00414,0.198,0.423,0.000,-0.8568,-0.9138,TRACKING,prediction
1786993638.546,49.9,0.000,0.740,0.778,0.6695,-0.0015,3.35,0.00331,0.198,0.425,0.000,-0.8568,-0.9138,TRACKING,prediction
1786993638.562,49.9,0.000,0.740,0.778,0.6695,-0.0012,2.68,0.00265,0.198,0.427,0.000,-0.8568,-0.9138,TRACKING,prediction
1786993638.575,49.9,0.000,0.740,0.778,0.6695,-0.0009,2.14,0.00212,0.198,0.427,0.000,-0.8568,-0.9138,TRACKING,prediction
1786993638.594,49.9,0.000,0.850,0.781,0.6410,-0.0950,12.81,0.00742,0.199,0.431,0.000,-1.0000,-1.0000,TRACKING,R+C
1786993638.605,49.9,0.000,0.850,0.781,0.6410,-0.0760,10.25,0.00594,0.199,0.434,0.000,-1.0000,-1.0000,TRACKING,prediction
1786993638.639,49.9,0.000,0.850,0.781,0.6410,-0.0608,8.20,0.00475,0.199,0.437,0.000,-1.0000,-1.0000,TRACKING,prediction
1786993638.659,49.9,0.000,0.850,0.781,0.6410,-0.0486,6.56,0.00380,0.199,0.441,0.000,-1.0000,-1.0000,TRACKING,prediction
1786993638.679,49.9,0.000,0.850,0.781,0.6410,-0.0389,5.25,0.00304,0.199,0.444,0.000,-1.0000,-1.0000,TRACKING,prediction
1786993638.693,49.9,0.000,0.807,0.784,0.6100,-0.1011,9.60,-0.04988,0.195,0.446,0.000,-1.0000,-1.0000,TRACKING,R+C
1786993638.720,49.9,0.000,0.809,0.792,0.6020,-0.0977,8.96,-0.02745,0.197,0.449,0.000,-1.0000,-1.0000,TRACKING,R+C
1786993638.741,49.9,0.000,0.809,0.792,0.6020,-0.0782,7.17,-0.02196,0.197,0.452,0.000,-1.0000,-1.0000,TRACKING,prediction
1786993638.751,49.9,0.000,0.796,0.801,0.5869,-0.0894,7.35,-0.06414,0.194,0.454,0.000,-0.9721,-1.0000,TRACKING,R+C
1786993638.772,49.9,0.000,0.793,0.805,0.5807,-0.0845,6.76,-0.07694,0.192,0.456,0.000,-0.9436,-0.9980,TRACKING,R+C
1786993638.804,49.9,0.000,0.799,0.810,0.5730,-0.0794,6.34,-0.07654,0.192,0.458,0.000,-0.9048,-0.9560,TRACKING,R+C
1786993638.815,49.9,0.000,0.779,0.811,0.5644,-0.0768,3.54,-0.32830,0.167,0.441,0.000,-0.9947,-1.0000,TRACKING,R+C
1786993638.845,49.9,0.000,0.779,0.811,0.5644,-0.0615,2.83,-0.26264,0.167,0.429,0.000,-0.9947,-1.0000,TRACKING,prediction
1786993638.864,49.9,0.000,0.779,0.817,0.5470,-0.0654,2.05,-0.39056,0.161,0.420,0.000,-0.9306,-0.9723,TRACKING,R+C
1786993638.879,49.9,0.000,0.754,0.820,0.5374,-0.0610,-0.39,-0.61107,0.150,0.414,0.000,-0.9454,-0.9843,TRACKING,R+C
1786993638.900,49.9,0.000,0.756,0.847,0.5285,-0.0543,-1.06,-0.66422,0.150,0.410,0.000,-0.8680,-0.9033,TRACKING,R+C
1786993638.920,49.9,0.000,0.740,0.842,0.5228,-0.0499,-2.85,-0.84686,0.150,0.407,0.000,-0.7910,-0.8241,TRACKING,R+C
1786993638.950,49.9,0.000,0.691,0.849,0.5135,-0.0526,-9.27,-1.40442,0.150,0.405,0.000,-0.7020,-0.7346,TRACKING,R+C
1786993638.977,49.9,0.000,0.723,0.866,0.5122,-0.0495,-8.35,-1.33781,0.150,0.403,0.000,-0.6821,-0.7137,TRACKING,R+C
1786993639.000,49.9,0.000,0.713,0.840,0.5127,-0.0478,-8.30,-1.39161,0.150,0.402,0.000,-0.6689,-0.7007,TRACKING,R+C
1786993639.021,49.9,0.000,0.722,0.840,0.5117,-0.0465,-8.44,-1.43530,0.150,0.402,0.000,-0.6528,-0.6846,TRACKING,R+C
1786993639.034,49.9,0.000,0.731,0.866,0.5118,-0.0446,-8.79,-1.49796,0.150,0.401,0.000,-0.6246,-0.6561,TRACKING,R+C
1786993639.054,49.9,0.000,0.731,0.862,0.5090,-0.0395,-9.14,-1.56098,0.150,0.401,0.000,-0.5505,-0.5801,TRACKING,R+C
1786993639.076,48.7,0.000,0.741,0.878,0.5059,-0.0350,-10.84,-1.71490,0.150,0.401,0.000,-0.4458,-0.4733,TRACKING,R+C
1786993639.095,48.7,0.000,0.747,0.879,0.5030,-0.0273,-9.80,-1.71313,0.150,0.400,0.000,-0.3628,-0.3884,TRACKING,R+C
1786993639.126,48.7,0.000,0.755,0.880,0.5015,-0.0230,-9.37,-1.77157,0.150,0.400,0.000,-0.3200,-0.3455,TRACKING,R+C
1786993639.137,48.7,0.000,0.765,0.884,0.5040,-0.0194,-8.32,-1.76135,0.150,0.400,0.000,-0.2990,-0.3244,TRACKING,R+C
1786993639.157,48.7,0.000,0.762,0.880,0.5031,-0.0154,-8.02,-1.82553,0.150,0.400,0.000,-0.2562,-0.2815,TRACKING,R+C
1786993639.185,48.7,0.000,0.766,0.879,0.5036,-0.0106,-6.68,-1.78735,0.150,0.400,0.000,-0.2225,-0.2472,TRACKING,R+C
1786993639.197,48.7,0.000,0.765,0.874,0.5034,-0.0091,-7.50,-1.91240,0.150,0.400,0.000,-0.1850,-0.2098,TRACKING,R+C
1786993639.220,48.7,0.000,0.762,0.875,0.5085,-0.0043,-4.47,-1.77349,0.150,0.400,0.000,-0.2039,-0.2294,TRACKING,R+C
1786993639.239,48.7,0.000,0.763,0.880,0.5134,-0.0036,-3.18,-1.76539,0.150,0.400,0.000,-0.2451,-0.2726,TRACKING,R+C
1786993639.261,48.7,0.000,0.764,0.875,0.5193,-0.0017,-1.34,-1.66767,0.150,0.400,0.000,-0.2739,-0.3022,TRACKING,R+C
1786993639.292,48.7,0.000,0.768,0.871,0.5182,0.0005,-0.19,-1.65209,0.150,0.400,0.000,-0.2831,-0.3124,TRACKING,R+C
1786993639.305,48.7,0.000,0.767,0.870,0.5250,0.0026,0.48,-1.66576,0.150,0.400,0.000,-0.2770,-0.3068,TRACKING,R+C
1786993639.321,48.7,0.000,0.770,0.873,0.5289,0.0039,1.00,-1.65841,0.150,0.400,0.000,-0.2759,-0.3060,TRACKING,R+C
1786993639.340,48.7,0.000,0.760,0.869,0.5340,0.0051,2.97,-1.55699,0.150,0.400,0.000,-0.3227,-0.3544,TRACKING,R+C
1786993639.374,48.7,0.000,0.762,0.858,0.5443,0.0034,4.19,-1.51064,0.150,0.400,0.000,-0.3944,-0.4286,TRACKING,R+C
1786993639.398,48.7,0.000,0.768,0.860,0.5458,0.0029,5.61,-1.43264,0.150,0.400,0.000,-0.4482,-0.4842,TRACKING,R+C
1786993639.410,48.7,0.000,0.767,0.858,0.5532,0.0019,6.64,-1.37646,0.150,0.400,0.000,-0.4955,-0.5331,TRACKING,R+C
1786993639.421,48.7,0.000,0.773,0.858,0.5580,0.0038,7.97,-1.28586,0.150,0.400,0.000,-0.5062,-0.5441,TRACKING,R+C
1786993639.442,48.7,0.000,0.766,0.849,0.5522,0.0085,8.86,-1.23617,0.150,0.400,0.000,-0.4613,-0.4980,TRACKING,R+C
1786993639.462,48.7,0.000,0.771,0.859,0.5520,0.0131,10.12,-1.11428,0.150,0.400,0.000,-0.4220,-0.4571,TRACKING,R+C
1786993639.484,48.7,0.000,0.772,0.863,0.5559,0.0154,10.83,-1.07825,0.150,0.400,0.000,-0.4111,-0.4460,TRACKING,R+C
1786993639.504,48.7,0.000,0.769,0.865,0.5528,0.0150,11.44,-1.02117,0.150,0.400,0.000,-0.4330,-0.4684,TRACKING,R+C
1786993639.525,48.7,0.000,0.757,0.860,0.5598,0.0101,9.50,-1.29838,0.150,0.400,0.000,-0.4741,-0.5127,TRACKING,R+C
1786993639.550,48.7,0.000,0.767,0.868,0.5666,0.0030,7.62,-1.49110,0.150,0.400,0.000,-0.5366,-0.5779,TRACKING,R+C
1786993639.574,48.7,0.000,0.774,0.856,0.5765,0.0023,8.36,-1.42970,0.150,0.400,0.000,-0.5661,-0.6083,TRACKING,R+C
1786993639.587,48.7,0.000,0.772,0.861,0.5808,0.0022,9.23,-1.36723,0.150,0.400,0.000,-0.5899,-0.6328,TRACKING,R+C
1786993639.608,48.7,0.000,0.766,0.857,0.5871,0.0008,9.90,-1.32397,0.150,0.400,0.000,-0.6287,-0.6729,TRACKING,R+C
1786993639.629,48.7,0.000,0.761,0.847,0.5935,-0.0029,10.82,-1.28138,0.150,0.400,0.000,-0.7051,-0.7525,TRACKING,R+C
1786993639.651,48.7,0.000,0.761,0.828,0.5958,-0.0102,11.59,-1.20676,0.150,0.400,0.000,-0.8076,-0.8587,TRACKING,R+C
1786993639.670,48.7,0.000,0.758,0.833,0.6159,-0.0199,11.45,-1.22749,0.150,0.400,0.000,-0.9090,-0.9647,TRACKING,R+C
1786993639.691,48.7,0.000,0.756,0.812,0.6255,-0.0281,12.52,-1.16097,0.150,0.400,0.000,-1.0000,-1.0000,TRACKING,R+C
1786993639.712,48.7,0.000,0.761,0.819,0.6359,-0.0374,13.22,-1.09973,0.150,0.400,0.000,-1.0000,-1.0000,TRACKING,R+C
1786993639.744,48.7,0.000,0.761,0.819,0.6359,-0.0299,10.58,-0.87978,0.150,0.400,0.000,-1.0000,-1.0000,TRACKING,prediction
1786993639.764,48.7,0.000,0.761,0.819,0.6359,-0.0239,8.46,-0.70383,0.150,0.400,0.000,-1.0000,-1.0000,TRACKING,prediction
1786993639.784,48.7,0.000,0.761,0.819,0.6359,-0.0192,6.77,-0.56306,0.150,0.400,0.000,-1.0000,-1.0000,TRACKING,prediction
1786993639.806,48.7,0.000,0.761,0.819,0.6359,-0.0153,5.42,-0.45045,0.150,0.400,0.000,-1.0000,-1.0000,TRACKING,prediction
1786993639.828,48.7,0.000,0.808,0.795,0.6594,-0.0658,15.25,-0.73153,0.150,0.400,0.000,-1.0000,-1.0000,TRACKING,R+C
1786993639.859,48.7,0.000,0.808,0.795,0.6594,-0.0526,12.20,-0.58522,0.150,0.400,0.000,-1.0000,-1.0000,TRACKING,prediction
1786993639.880,48.7,0.000,0.808,0.795,0.6594,-0.0421,9.76,-0.46818,0.150,0.400,0.000,-1.0000,-1.0000,TRACKING,prediction
1786993639.890,48.7,0.000,0.817,0.793,0.6567,-0.0688,14.35,-0.69550,0.150,0.400,0.000,-1.0000,-1.0000,TRACKING,R+C
1786993639.921,48.7,0.000,0.817,0.793,0.6567,-0.0550,11.48,-0.55640,0.150,0.400,0.000,-1.0000,-1.0000,TRACKING,prediction
1786993639.941,48.7,0.000,0.817,0.793,0.6567,-0.0440,9.19,-0.44512,0.150,0.400,0.000,-1.0000,-1.0000,TRACKING,prediction
1786993639.962,48.7,0.000,0.817,0.793,0.6567,-0.0352,7.35,-0.35609,0.150,0.400,0.000,-1.0000,-1.0000,TRACKING,prediction
1786993639.973,48.7,0.000,0.813,0.805,0.6358,-0.0638,12.82,-0.76375,0.150,0.400,0.000,-1.0000,-1.0000,TRACKING,R+C
1786993639.995,48.7,0.000,0.823,0.804,0.6322,-0.0639,12.66,-0.73515,0.150,0.400,0.000,-1.0000,-1.0000,TRACKING,R+C
1786993640.007,48.7,0.000,0.834,0.811,0.6322,-0.0659,12.69,-0.72969,0.150,0.400,0.000,-1.0000,-1.0000,TRACKING,R+C
1786993640.022,48.7,0.000,0.834,0.811,0.6322,-0.0527,10.15,-0.58375,0.150,0.400,0.000,-1.0000,-1.0000,TRACKING,prediction
1786993640.034,48.7,0.000,0.834,0.811,0.6322,-0.0421,8.12,-0.46700,0.150,0.400,0.000,-1.0000,-1.0000,TRACKING,prediction
1786993640.055,48.7,0.000,0.834,0.811,0.6322,-0.0337,6.50,-0.37360,0.150,0.400,0.000,-1.0000,-1.0000,TRACKING,prediction
1786993640.075,48.7,0.000,0.834,0.811,0.6322,-0.0270,5.20,-0.29888,0.150,0.400,0.000,-1.0000,-1.0000,TRACKING,prediction
1786993640.096,49.0,0.000,0.845,0.807,0.6452,-0.0997,12.60,-0.56865,0.150,0.400,0.000,-1.0000,-1.0000,TRACKING,R+C
1786993640.115,49.0,0.000,0.844,0.807,0.6445,-0.1019,12.20,-0.58651,0.150,0.400,0.000,-1.0000,-1.0000,TRACKING,R+C
1786993640.146,49.0,0.000,0.844,0.807,0.6445,-0.0815,9.76,-0.46921,0.150,0.400,0.000,-1.0000,-1.0000,TRACKING,prediction
1786993640.166,49.0,0.000,0.844,0.807,0.6445,-0.0652,7.81,-0.37537,0.150,0.400,0.000,-1.0000,-1.0000,TRACKING,prediction
1786993640.187,49.0,0.000,0.844,0.807,0.6445,-0.0521,6.25,-0.30029,0.150,0.400,0.000,-1.0000,-1.0000,TRACKING,prediction
1786993640.207,49.0,0.000,0.844,0.807,0.6445,-0.0417,5.00,-0.24023,0.150,0.400,0.000,-1.0000,-1.0000,TRACKING,prediction
1786993640.227,49.0,0.000,0.844,0.807,0.6445,-0.0334,4.00,-0.19219,0.150,0.400,0.000,-1.0000,-1.0000,TRACKING,prediction
1786993640.240,49.0,0.000,0.844,0.807,0.6445,-0.0267,3.20,-0.15375,0.150,0.400,0.000,-1.0000,-1.0000,TRACKING,prediction
1786993640.265,49.0,0.000,0.890,0.811,0.6282,-0.1266,10.75,-0.46195,0.154,0.400,0.000,-1.0000,-1.0000,TRACKING,R+C
1786993640.292,49.0,0.000,0.890,0.811,0.6282,-0.1013,8.60,-0.36956,0.154,0.400,0.000,-1.0000,-1.0000,TRACKING,prediction
1786993640.306,49.0,0.000,0.890,0.811,0.6282,-0.0810,6.88,-0.29565,0.154,0.400,0.000,-1.0000,-1.0000,TRACKING,prediction
1786993640.322,49.0,0.000,0.890,0.811,0.6282,-0.0648,5.50,-0.23652,0.154,0.400,0.000,-1.0000,-1.0000,TRACKING,prediction
1786993640.343,49.0,0.000,0.890,0.811,0.6282,-0.0518,4.40,-0.18921,0.154,0.400,0.000,-1.0000,-1.0000,TRACKING,prediction
1786993640.357,49.0,0.000,0.890,0.811,0.6282,-0.0415,3.52,-0.15137,0.154,0.400,0.000,-1.0000,-1.0000,TRACKING,prediction
1786993640.374,49.0,0.000,0.890,0.811,0.6282,-0.0332,2.82,-0.12110,0.154,0.400,0.000,-1.0000,-1.0000,TRACKING,prediction
1786993640.395,49.0,0.000,0.890,0.811,0.6282,-0.0265,2.25,-0.09688,0.154,0.400,0.000,-1.0000,-1.0000,TRACKING,prediction
1786993640.425,49.0,0.000,0.890,0.811,0.6282,-0.0212,1.80,-0.07750,0.154,0.400,0.000,-1.0000,-1.0000,TRACKING,prediction
1786993640.446,49.0,0.000,0.890,0.811,0.6282,-0.0170,1.44,-0.06200,0.154,0.400,0.000,-1.0000,-1.0000,TRACKING,prediction
1786993640.465,49.0,0.000,0.890,0.811,0.6282,-0.0136,1.15,-0.04960,0.154,0.400,0.000,-1.0000,-1.0000,TRACKING,prediction
1786993640.476,49.0,0.000,0.904,0.816,0.5882,-0.1440,6.18,-0.59206,0.150,0.400,0.000,-1.0000,-1.0000,TRACKING,R+C
1786993640.507,49.0,0.000,0.904,0.816,0.5882,-0.1152,4.95,-0.47365,0.150,0.400,0.000,-1.0000,-1.0000,TRACKING,prediction
1786993640.520,49.0,0.000,0.892,0.827,0.5832,-0.1366,6.05,-0.54849,0.150,0.400,0.000,-1.0000,-1.0000,TRACKING,R+C
1786993640.548,49.0,0.000,0.892,0.827,0.5832,-0.1093,4.84,-0.43879,0.150,0.400,0.000,-1.0000,-1.0000,TRACKING,prediction
1786993640.558,49.0,0.000,0.892,0.827,0.5832,-0.0875,3.87,-0.35103,0.150,0.400,0.000,-1.0000,-1.0000,TRACKING,prediction
1786993640.576,49.0,0.000,0.892,0.827,0.5832,-0.0700,3.10,-0.28083,0.150,0.400,0.000,-1.0000,-1.0000,TRACKING,prediction
1786993640.601,49.0,0.000,0.892,0.827,0.5832,-0.0560,2.48,-0.22466,0.150,0.400,0.000,-1.0000,-1.0000,TRACKING,prediction
1786993640.624,49.0,0.000,0.916,0.843,0.5673,-0.1203,4.71,-0.47826,0.152,0.400,0.000,-1.0000,-1.0000,TRACKING,R+C
1786993640.641,49.0,0.000,0.906,0.847,0.5633,-0.1181,3.51,-0.57658,0.150,0.400,0.000,-1.0000,-1.0000,TRACKING,R+C
1786993640.663,49.0,0.000,0.821,0.852,0.5525,-0.1174,-0.74,-1.01614,0.150,0.400,0.000,-1.0000,-1.0000,TRACKING,R+C
1786993640.680,49.0,0.000,0.827,0.851,0.5500,-0.1150,-0.44,-0.96168,0.150,0.400,0.000,-1.0000,-1.0000,TRACKING,R+C
1786993640.695,49.0,0.000,0.832,0.851,0.5478,-0.1139,-0.57,-0.96618,0.150,0.400,0.000,-1.0000,-1.0000,TRACKING,R+C
1786993640.716,49.0,0.000,0.903,0.853,0.5505,-0.1118,3.16,-0.53863,0.150,0.400,0.000,-1.0000,-1.0000,TRACKING,R+C
1786993640.737,49.0,0.000,0.903,0.855,0.5502,-0.1136,2.98,-0.55704,0.150,0.400,0.000,-1.0000,-1.0000,TRACKING,R+C
1786993640.763,49.0,0.000,0.833,0.857,0.5461,-0.1178,-0.50,-0.92208,0.150,0.400,0.000,-1.0000,-1.0000,TRACKING,R+C
1786993640.792,49.0,0.000,0.843,0.858,0.5412,-0.1212,-3.17,-1.10340,0.150,0.400,0.000,-1.0000,-1.0000,TRACKING,R+C
1786993640.805,49.0,0.000,0.900,0.863,0.5449,-0.1132,1.99,-0.61840,0.150,0.400,0.000,-1.0000,-1.0000,TRACKING,R+C
1786993640.823,49.0,0.000,0.891,0.862,0.5417,-0.1115,1.84,-0.63208,0.150,0.400,0.000,-1.0000,-1.0000,TRACKING,R+C
1786993640.845,49.0,0.000,0.817,0.864,0.5372,-0.1156,-1.86,-0.99388,0.150,0.400,0.000,-1.0000,-1.0000,TRACKING,R+C
1786993640.864,49.0,0.000,0.809,0.865,0.5388,-0.1167,-1.74,-0.97516,0.150,0.400,0.000,-1.0000,-1.0000,TRACKING,R+C
1786993640.884,49.0,0.000,0.818,0.867,0.5405,-0.1174,-1.36,-0.91815,0.150,0.400,0.000,-1.0000,-1.0000,TRACKING,R+C
1786993640.912,49.0,0.000,0.811,0.865,0.5409,-0.1177,-1.89,-0.97726,0.150,0.400,0.000,-1.0000,-1.0000,TRACKING,R+C
1786993640.925,49.0,0.000,0.820,0.868,0.5396,-0.1171,-2.28,-0.99667,0.150,0.400,0.000,-1.0000,-1.0000,TRACKING,R+C
1786993640.953,49.0,0.000,0.808,0.869,0.5381,-0.1202,-4.39,-1.12991,0.150,0.400,0.000,-1.0000,-1.0000,TRACKING,R+C
1786993640.973,49.0,0.000,0.792,0.874,0.5373,-0.1198,-3.45,-1.08433,0.150,0.400,0.000,-1.0000,-1.0000,TRACKING,R+C
1786993640.996,49.0,0.000,0.802,0.870,0.5377,-0.1208,-2.53,-0.99797,0.150,0.400,0.000,-1.0000,-1.0000,TRACKING,R+C
1786993641.019,49.0,0.000,0.816,0.870,0.5407,-0.1217,-2.19,-0.95377,0.150,0.400,0.000,-1.0000,-1.0000,TRACKING,R+C
1786993641.030,49.0,0.000,0.833,0.872,0.5392,-0.1196,-1.58,-0.89127,0.150,0.400,0.000,-1.0000,-1.0000,TRACKING,R+C
1786993641.050,49.0,0.000,0.826,0.872,0.5341,-0.1159,-1.92,-0.90588,0.150,0.400,0.000,-1.0000,-1.0000,TRACKING,R+C
1786993641.070,49.0,0.000,0.842,0.878,0.5318,-0.1100,-1.52,-0.84719,0.150,0.400,0.000,-1.0000,-1.0000,TRACKING,R+C
1786993641.091,49.0,0.000,0.831,0.881,0.5232,-0.1045,-2.65,-0.93898,0.150,0.400,0.000,-1.0000,-1.0000,TRACKING,R+C
1786993641.113,49.1,0.000,0.838,0.894,0.5212,-0.0992,-3.10,-0.93720,0.150,0.400,0.000,-1.0000,-1.0000,TRACKING,R+C
1786993641.133,49.1,0.000,0.832,0.893,0.5162,-0.0896,-1.89,-0.84872,0.150,0.400,0.000,-1.0000,-1.0000,TRACKING,R+C
1786993641.153,49.1,0.000,0.836,0.902,0.5120,-0.0826,-1.81,-0.84358,0.150,0.400,0.000,-1.0000,-1.0000,TRACKING,R+C
1786993641.174,49.1,0.000,0.828,0.908,0.5061,-0.0757,-2.27,-0.87721,0.150,0.400,0.000,-1.0000,-1.0000,TRACKING,R+C
1786993641.194,49.1,0.000,0.831,0.910,0.4982,-0.0678,-2.18,-0.87632,0.150,0.400,0.000,-0.9914,-1.0000,TRACKING,R+C
1786993641.215,49.1,0.000,0.813,0.915,0.4924,-0.0604,-2.30,-0.88837,0.150,0.400,0.000,-0.9218,-0.9616,TRACKING,R+C
1786993641.237,49.1,0.660,0.823,0.926,0.4925,-0.0519,-2.15,-0.88019,0.150,0.400,0.000,-0.8371,-0.8731,TRACKING,L+C+R_fused
1786993641.256,49.1,0.610,0.830,0.930,0.4583,-0.0447,-2.70,-0.91123,0.150,0.400,0.000,-0.7407,-0.7729,TRACKING,L+C+R_fused
1786993641.283,49.1,0.681,0.828,0.823,0.4978,-0.0363,-2.72,-0.90691,0.150,0.400,0.000,-0.6313,-0.6594,TRACKING,L+C+R_fused
1786993641.303,49.1,0.730,0.825,0.734,0.4885,-0.0285,-2.20,-0.88196,0.150,0.400,0.000,-0.5363,-0.5613,TRACKING,L+C+R_fused
1786993641.314,49.1,0.845,0.831,0.634,0.4708,-0.0227,-1.67,-0.83524,0.150,0.400,0.000,-0.4607,-0.4832,TRACKING,L+C+R_fused
1786993641.344,49.1,0.878,0.830,0.655,0.4954,-0.0185,-1.04,-0.80385,0.150,0.400,0.000,-0.4153,-0.4365,TRACKING,L+C+R_fused
1786993641.354,49.1,0.620,0.832,0.666,0.5305,-0.0180,-0.39,-0.75576,0.150,0.400,0.000,-0.4243,-0.4456,TRACKING,L+C+R_fused
1786993641.375,49.1,0.816,0.837,0.344,0.4915,-0.0198,-0.27,-0.75638,0.150,0.400,0.000,-0.4578,-0.4802,TRACKING,L+C+R_fused
1786993641.405,49.1,0.956,0.836,0.854,0.5376,-0.0217,-0.26,-0.78140,0.150,0.400,0.000,-0.4916,-0.5154,TRACKING,L+C+R_fused
1786993641.423,49.1,0.958,0.832,0.884,0.5305,-0.0253,-0.80,-0.83222,0.150,0.400,0.000,-0.5328,-0.5581,TRACKING,L+C+R_fused
1786993641.435,49.1,0.955,0.834,0.853,0.4789,-0.0281,-0.61,-0.83529,0.150,0.400,0.000,-0.5810,-0.6081,TRACKING,L+C+R_fused
1786993641.447,49.1,0.000,0.816,0.858,0.5038,-0.0308,-0.73,-0.88936,0.150,0.400,0.000,-0.6219,-0.6510,TRACKING,R+C
1786993641.469,49.1,0.000,0.830,0.894,0.5094,-0.0341,-0.13,-0.87244,0.150,0.400,0.000,-0.6845,-0.7160,TRACKING,R+C
1786993641.490,49.1,0.000,0.841,0.935,0.5117,-0.0371,1.12,-0.78150,0.150,0.400,0.000,-0.7490,-0.7827,TRACKING,R+C
1786993641.509,49.1,0.000,0.863,0.939,0.5183,-0.0386,3.79,-0.54711,0.150,0.400,0.000,-0.8169,-0.8524,TRACKING,R+C
1786993641.531,49.1,0.000,0.871,0.941,0.5216,-0.0430,3.47,-0.61172,0.150,0.400,0.000,-0.8632,-0.9013,TRACKING,R+C
1786993641.551,49.1,0.000,0.871,0.933,0.5243,-0.0484,3.08,-0.67802,0.150,0.400,0.000,-0.9155,-0.9566,TRACKING,R+C
1786993641.572,49.1,0.000,0.872,0.930,0.5299,-0.0554,2.42,-0.74298,0.150,0.400,0.000,-0.9720,-1.0000,TRACKING,R+C
1786993641.593,49.1,0.000,0.863,0.925,0.5379,-0.0588,4.09,-0.63201,0.150,0.400,0.000,-1.0000,-1.0000,TRACKING,R+C
1786993641.621,49.1,0.000,0.861,0.924,0.5390,-0.0647,4.20,-0.62959,0.150,0.400,0.000,-1.0000,-1.0000,TRACKING,R+C
1786993641.641,49.1,0.000,0.851,0.922,0.5462,-0.0697,4.82,-0.57609,0.150,0.400,0.000,-1.0000,-1.0000,TRACKING,R+C
1786993641.655,49.1,0.000,0.861,0.918,0.5535,-0.0760,4.77,-0.57358,0.150,0.400,0.000,-1.0000,-1.0000,TRACKING,R+C
1786993641.678,49.1,0.000,0.852,0.908,0.5611,-0.0798,6.35,-0.38086,0.162,0.400,0.000,-1.0000,-1.0000,TRACKING,R+C
1786993641.698,49.1,0.000,0.846,0.906,0.5637,-0.0839,6.06,-0.40129,0.160,0.400,0.000,-1.0000,-1.0000,TRACKING,R+C
1786993641.719,49.1,0.000,0.843,0.908,0.5664,-0.0885,3.57,-0.71417,0.150,0.400,0.000,-1.0000,-1.0000,TRACKING,R+C
1786993641.739,49.1,0.000,0.841,0.923,0.5729,-0.0882,4.16,-0.67932,0.150,0.400,0.000,-1.0000,-1.0000,TRACKING,R+C
1786993641.759,49.1,0.000,0.842,0.918,0.5744,-0.0906,4.26,-0.70084,0.150,0.400,0.000,-1.0000,-1.0000,TRACKING,R+C
1786993641.786,49.1,0.000,0.842,0.915,0.5798,-0.0945,4.04,-0.75401,0.150,0.400,0.000,-1.0000,-1.0000,TRACKING,R+C
1786993641.804,49.1,0.000,0.835,0.913,0.5769,-0.1000,3.26,-0.85528,0.150,0.400,0.000,-1.0000,-1.0000,TRACKING,R+C
1786993641.822,49.1,0.000,0.835,0.913,0.5769,-0.0800,2.61,-0.68422,0.150,0.400,0.000,-1.0000,-1.0000,TRACKING,prediction
1786993641.833,49.1,0.000,0.835,0.913,0.5769,-0.0640,2.09,-0.54738,0.150,0.400,0.000,-1.0000,-1.0000,TRACKING,prediction
1786993641.853,49.1,0.000,0.835,0.913,0.5769,-0.0512,1.67,-0.43790,0.150,0.400,0.000,-1.0000,-1.0000,TRACKING,prediction
1786993641.884,49.1,0.000,0.835,0.913,0.5769,-0.0410,1.34,-0.35032,0.150,0.400,0.000,-1.0000,-1.0000,TRACKING,prediction
1786993641.894,49.1,0.000,0.835,0.913,0.5769,-0.0328,1.07,-0.28026,0.150,0.400,0.000,-1.0000,-1.0000,TRACKING,prediction
1786993641.917,49.1,0.000,0.835,0.913,0.5769,-0.0262,0.86,-0.22421,0.150,0.400,0.000,-1.0000,-1.0000,TRACKING,prediction
1786993641.935,49.1,0.000,0.835,0.913,0.5769,-0.0210,0.68,-0.17936,0.150,0.400,0.000,-1.0000,-1.0000,TRACKING,prediction
1786993641.956,49.1,0.000,0.835,0.913,0.5769,-0.0168,0.55,-0.14349,0.150,0.400,0.000,-1.0000,-1.0000,TRACKING,prediction
1786993641.986,49.1,0.000,0.835,0.913,0.5769,-0.0134,0.44,-0.11479,0.150,0.400,0.000,-1.0000,-1.0000,TRACKING,prediction
1786993642.007,49.1,0.000,0.835,0.913,0.5769,-0.0107,0.35,-0.09183,0.150,0.400,0.000,-1.0000,-1.0000,TRACKING,prediction
1786993642.019,49.1,0.000,0.835,0.913,0.5769,-0.0086,0.28,-0.07347,0.150,0.399,0.000,-1.0000,-1.0000,TRACKING,prediction
1786993642.038,49.1,0.000,0.835,0.913,0.5769,-0.0069,0.22,-0.05877,0.150,0.393,0.000,-1.0000,-1.0000,TRACKING,prediction
1786993642.063,49.1,0.000,0.835,0.913,0.5769,-0.0055,0.18,-0.04702,0.150,0.383,0.000,-1.0000,-1.0000,TRACKING,prediction
1786993642.073,49.1,0.000,0.835,0.913,0.5769,-0.0044,0.14,-0.03762,0.150,0.370,0.000,-1.0000,-1.0000,TRACKING,prediction
1786993642.094,49.1,0.000,0.835,0.913,0.5769,-0.0035,0.11,-0.03009,0.150,0.356,0.000,-1.0000,-1.0000,TRACKING,prediction
1786993642.126,49.4,0.000,0.835,0.913,0.5769,-0.0028,0.09,-0.02407,0.150,0.333,0.000,-1.0000,-1.0000,UNCERTAIN,prediction
1786993642.146,49.4,0.000,0.835,0.913,0.5769,-0.0023,0.07,-0.01926,0.150,0.317,0.000,-1.0000,-1.0000,UNCERTAIN,prediction
1786993642.167,49.4,0.000,0.835,0.913,0.5769,-0.0018,0.06,-0.01541,0.150,0.306,0.000,-1.0000,-1.0000,UNCERTAIN,prediction
1786993642.188,49.4,0.000,0.835,0.913,0.5769,-0.0014,0.05,-0.01233,0.150,0.293,0.000,-1.0000,-1.0000,UNCERTAIN,prediction
1786993642.207,49.4,0.000,0.835,0.913,0.5769,-0.0012,0.04,-0.00986,0.150,0.280,0.000,-1.0000,-1.0000,UNCERTAIN,prediction
1786993642.227,49.4,0.000,0.835,0.913,0.5769,-0.0009,0.03,-0.00789,0.150,0.268,0.000,-1.0000,-1.0000,UNCERTAIN,prediction
1786993642.247,49.4,0.000,0.835,0.913,0.5769,-0.0007,0.02,-0.00631,0.150,0.255,0.000,-1.0000,-1.0000,UNCERTAIN,prediction
1786993642.278,49.4,0.000,0.835,0.913,0.5769,-0.0006,0.02,-0.00505,0.150,0.243,0.000,-1.0000,-1.0000,UNCERTAIN,prediction
1786993642.300,49.4,0.000,0.835,0.913,0.5769,-0.0005,0.02,-0.00404,0.150,0.231,0.000,-1.0000,-1.0000,UNCERTAIN,prediction
1786993642.313,49.4,0.000,0.835,0.913,0.5769,-0.0004,0.01,-0.00323,0.150,0.220,0.000,-1.0000,-1.0000,UNCERTAIN,prediction
1786993642.334,49.4,0.000,0.835,0.913,0.5769,-0.0003,0.01,-0.00258,0.150,0.209,0.000,-1.0000,-1.0000,UNCERTAIN,prediction
1786993642.355,49.4,0.000,0.835,0.913,0.5769,-0.0002,0.01,-0.00207,0.150,0.201,0.000,-1.0000,-1.0000,UNCERTAIN,prediction
1786993642.375,49.4,0.000,0.835,0.913,0.5769,-0.0002,0.01,-0.00165,0.150,0.194,0.000,-1.0000,-1.0000,UNCERTAIN,prediction
1786993642.396,49.4,0.000,0.835,0.913,0.5769,-0.0002,0.01,-0.00132,0.150,0.190,0.000,-1.0000,-1.0000,UNCERTAIN,prediction
1786993642.418,49.4,0.000,0.835,0.913,0.5769,-0.0001,0.00,-0.00106,0.150,0.187,0.000,-1.0000,-1.0000,UNCERTAIN,prediction
1786993642.437,49.4,0.000,0.835,0.913,0.5769,-0.0001,0.00,-0.00085,0.150,0.185,0.000,-1.0000,-1.0000,UNCERTAIN,prediction
1786993642.457,49.4,0.000,0.835,0.913,0.5769,-0.0001,0.00,-0.00068,0.150,0.183,0.000,-1.0000,-1.0000,UNCERTAIN,prediction
1786993642.477,49.4,0.000,0.835,0.913,0.5769,-0.0001,0.00,-0.00054,0.150,0.182,0.000,-1.0000,-1.0000,UNCERTAIN,prediction
1786993642.488,49.4,0.000,0.835,0.913,0.5769,-0.0001,0.00,-0.00043,0.150,0.182,0.000,-1.0000,-1.0000,UNCERTAIN,prediction
1786993642.509,49.4,0.000,0.804,0.843,0.6269,-0.1030,5.21,-1.57530,0.150,0.193,0.000,-1.0000,-1.0000,TRACKING,R+C
1786993642.543,49.4,0.000,0.804,0.843,0.6269,-0.0824,4.17,-1.26024,0.150,0.203,0.000,-1.0000,-1.0000,TRACKING,prediction
1786993642.563,49.4,0.000,0.804,0.843,0.6269,-0.0660,3.33,-1.00819,0.150,0.213,0.000,-1.0000,-1.0000,TRACKING,prediction
1786993642.584,49.4,0.000,0.804,0.843,0.6269,-0.0528,2.67,-0.80656,0.150,0.222,0.000,-1.0000,-1.0000,TRACKING,prediction
1786993642.594,49.4,0.000,0.804,0.843,0.6269,-0.0422,2.13,-0.64524,0.150,0.231,0.000,-1.0000,-1.0000,TRACKING,prediction
1786993642.625,49.4,0.000,0.823,0.813,0.6605,-0.1259,11.52,-0.94054,0.150,0.240,0.000,-1.0000,-1.0000,TRACKING,R+C
1786993642.645,49.4,0.000,0.823,0.813,0.6605,-0.1007,9.22,-0.75243,0.150,0.248,0.000,-1.0000,-1.0000,TRACKING,prediction
1786993642.656,49.4,0.845,0.802,0.000,0.6672,0.2277,15.10,-2.04904,0.150,0.255,0.000,1.0000,0.0352,TRACKING,L+C
1786993642.678,49.4,0.000,0.844,0.800,0.6669,-0.1432,14.61,-0.50950,0.150,0.262,0.000,-1.0000,-1.0000,TRACKING,R+C
1786993642.709,49.4,0.000,0.844,0.800,0.6669,-0.1146,11.69,-0.40760,0.150,0.269,0.000,-1.0000,-1.0000,TRACKING,prediction
1786993642.719,49.4,0.000,0.852,0.686,0.6563,-0.1456,14.90,-0.39836,0.160,0.276,0.000,-1.0000,-1.0000,TRACKING,R+C
1786993642.750,49.4,0.000,0.852,0.685,0.6565,-0.1459,16.08,-0.19207,0.181,0.282,0.000,-1.0000,-1.0000,TRACKING,R+C
1786993642.772,49.4,0.000,0.852,0.685,0.6565,-0.1167,12.86,-0.15365,0.181,0.288,0.000,-1.0000,-1.0000,TRACKING,prediction
1786993642.795,49.4,0.000,0.852,0.685,0.6565,-0.0934,10.29,-0.12292,0.181,0.294,0.000,-1.0000,-1.0000,TRACKING,prediction
1786993642.814,49.4,0.000,0.852,0.685,0.6565,-0.0747,8.23,-0.09834,0.181,0.299,0.000,-1.0000,-1.0000,TRACKING,prediction
1786993642.843,49.4,0.000,0.852,0.685,0.6565,-0.0598,6.59,-0.07867,0.181,0.304,0.000,-1.0000,-1.0000,TRACKING,prediction
1786993642.864,49.4,0.000,0.852,0.685,0.6565,-0.0478,5.27,-0.06294,0.181,0.309,0.000,-1.0000,-1.0000,TRACKING,prediction
1786993642.884,49.4,0.000,0.852,0.685,0.6565,-0.0382,4.21,-0.05035,0.181,0.313,0.000,-1.0000,-1.0000,TRACKING,prediction
1786993642.905,49.4,0.000,0.852,0.685,0.6565,-0.0306,3.37,-0.04028,0.181,0.318,0.000,-1.0000,-1.0000,TRACKING,prediction
1786993642.925,49.4,0.000,0.852,0.685,0.6565,-0.0245,2.70,-0.03222,0.181,0.322,0.000,-1.0000,-1.0000,TRACKING,prediction
1786993642.945,49.4,0.000,0.852,0.685,0.6565,-0.0196,2.16,-0.02578,0.181,0.330,0.000,-1.0000,-1.0000,TRACKING,prediction
1786993642.966,49.4,0.000,0.852,0.685,0.6565,-0.0157,1.73,-0.02062,0.181,0.336,0.000,-1.0000,-1.0000,TRACKING,prediction
1786993642.987,49.4,0.000,0.852,0.685,0.6565,-0.0125,1.38,-0.01650,0.181,0.341,0.000,-1.0000,-1.0000,TRACKING,prediction
1786993643.011,49.4,0.000,0.852,0.685,0.6565,-0.0100,1.10,-0.01320,0.181,0.345,0.000,-1.0000,-1.0000,TRACKING,prediction
1786993643.026,49.4,0.000,0.852,0.685,0.6565,-0.0080,0.88,-0.01056,0.181,0.326,0.000,-1.0000,-1.0000,UNCERTAIN,prediction
1786993643.049,49.4,0.000,0.852,0.685,0.6565,-0.0064,0.71,-0.00845,0.181,0.312,0.000,-1.0000,-1.0000,UNCERTAIN,prediction
1786993643.066,49.4,0.000,0.852,0.685,0.6565,-0.0051,0.57,-0.00676,0.181,0.302,0.000,-1.0000,-1.0000,UNCERTAIN,prediction
1786993643.075,49.4,0.000,0.852,0.685,0.6565,-0.0041,0.45,-0.00541,0.181,0.296,0.000,-1.0000,-1.0000,UNCERTAIN,prediction
1786993643.098,49.4,0.000,0.852,0.685,0.6565,-0.0033,0.36,-0.00433,0.181,0.291,0.000,-1.0000,-1.0000,UNCERTAIN,prediction
1786993643.109,49.4,0.732,0.654,0.000,0.6617,0.1734,-0.10,-1.62857,0.150,0.296,0.000,1.0000,0.0521,TRACKING,L+C
1786993643.140,48.3,0.732,0.654,0.000,0.6617,0.1388,-0.08,-1.30285,0.150,0.302,0.000,1.0000,1.0000,TRACKING,prediction
1786993643.160,48.3,0.732,0.654,0.000,0.6617,0.1110,-0.07,-1.04228,0.150,0.306,0.000,1.0000,1.0000,TRACKING,prediction
1786993643.181,48.3,0.717,0.644,0.000,0.6309,0.1800,3.45,-1.14948,0.150,0.311,0.000,1.0000,1.0000,TRACKING,L+C
1786993643.204,48.3,0.717,0.644,0.000,0.6309,0.1440,2.76,-0.91958,0.150,0.316,0.000,1.0000,1.0000,TRACKING,prediction
1786993643.223,48.3,0.000,0.702,0.633,0.6026,-0.1595,-4.83,-0.57619,0.150,0.320,0.000,-1.0000,-0.0757,TRACKING,R+C
1786993643.233,48.3,0.000,0.706,0.620,0.6002,-0.1546,-5.44,-0.57870,0.150,0.324,0.000,-1.0000,-1.0000,TRACKING,R+C
1786993643.254,48.3,0.000,0.697,0.616,0.5970,-0.1499,-6.43,-0.61281,0.150,0.328,0.000,-1.0000,-1.0000,TRACKING,R+C
1786993643.286,48.3,0.000,0.695,0.615,0.5863,-0.1461,-7.90,-0.68891,0.150,0.331,0.000,-1.0000,-1.0000,TRACKING,R+C
1786993643.296,48.3,0.000,0.694,0.614,0.5790,-0.1445,-9.49,-0.76410,0.150,0.335,0.000,-1.0000,-1.0000,TRACKING,R+C
1786993643.306,48.3,0.000,0.693,0.615,0.5782,-0.1386,-8.49,-0.70566,0.150,0.338,0.000,-1.0000,-1.0000,TRACKING,R+C
1786993643.326,48.3,0.000,0.693,0.614,0.5731,-0.1379,-9.24,-0.75810,0.150,0.341,0.000,-1.0000,-1.0000,TRACKING,R+C
1786993643.357,48.3,0.000,0.689,0.615,0.5723,-0.1401,-10.68,-0.87450,0.150,0.344,0.000,-1.0000,-1.0000,TRACKING,R+C
1786993643.375,48.3,0.000,0.689,0.615,0.5745,-0.1428,-11.77,-0.95100,0.150,0.347,0.000,-1.0000,-1.0000,TRACKING,R+C
1786993643.387,48.3,0.000,0.691,0.617,0.5737,-0.1423,-12.10,-0.96596,0.150,0.349,0.000,-1.0000,-1.0000,TRACKING,R+C
1786993643.407,48.3,0.000,0.688,0.617,0.5697,-0.1412,-14.04,-1.07738,0.150,0.352,0.000,-1.0000,-1.0000,TRACKING,R+C
1786993643.437,48.3,0.000,0.689,0.619,0.5617,-0.1299,-12.65,-1.01731,0.150,0.354,0.000,-1.0000,-1.0000,TRACKING,R+C
1786993643.457,48.3,0.000,0.686,0.619,0.5504,-0.1217,-13.64,-1.08920,0.150,0.357,0.000,-1.0000,-1.0000,TRACKING,R+C
1786993643.478,48.3,0.000,0.686,0.619,0.5504,-0.0974,-10.91,-0.87136,0.150,0.359,0.000,-1.0000,-1.0000,TRACKING,prediction
1786993643.498,48.3,0.000,0.686,0.619,0.5504,-0.0779,-8.73,-0.69709,0.150,0.361,0.000,-1.0000,-1.0000,TRACKING,prediction
1786993643.521,48.3,0.690,0.686,0.625,0.4076,-0.0951,-15.80,-1.25846,0.150,0.363,0.000,-0.9702,-1.0000,TRACKING,L+C+R_fused
1786993643.541,48.3,0.692,0.690,0.634,0.4141,-0.0904,-17.19,-1.34808,0.150,0.365,0.000,-0.9027,-0.9382,TRACKING,L+C+R_fused
1786993643.562,48.3,0.690,0.691,0.647,0.4227,-0.0810,-14.87,-1.26583,0.150,0.366,0.000,-0.8547,-0.8881,TRACKING,L+C+R_fused
1786993643.582,48.3,0.696,0.695,0.648,0.4269,-0.0770,-15.89,-1.40392,0.150,0.368,0.000,-0.8001,-0.8326,TRACKING,L+C+R_fused
1786993643.602,48.3,0.738,0.693,0.654,0.4585,-0.0714,-16.92,-1.54165,0.150,0.370,0.000,-0.7227,-0.7536,TRACKING,L+C+R_fused
1786993643.623,48.3,0.727,0.691,0.676,0.4736,-0.0614,-16.44,-1.55044,0.150,0.371,0.000,-0.6076,-0.6349,TRACKING,L+C+R_fused
1786993643.643,48.3,0.719,0.708,0.658,0.4576,-0.0509,-17.06,-1.65490,0.150,0.373,0.000,-0.4476,-0.4710,TRACKING,L+C+R_fused
1786993643.664,48.3,0.720,0.712,0.674,0.4757,-0.0390,-15.92,-1.65274,0.150,0.374,0.000,-0.2996,-0.3193,TRACKING,L+C+R_fused
1786993643.684,48.3,0.698,0.693,0.482,0.4567,-0.0259,-12.17,-1.46929,0.150,0.375,0.000,-0.1960,-0.2122,TRACKING,L+C+R_fused
1786993643.704,48.3,0.700,0.697,0.700,0.4618,-0.0194,-11.75,-1.53890,0.150,0.377,0.000,-0.1142,-0.1295,TRACKING,L+C+R_fused
1786993643.725,48.3,0.696,0.699,0.735,0.4935,-0.0139,-9.85,-1.47882,0.150,0.378,0.000,-0.0875,-0.1024,TRACKING,L+C+R_fused
1786993643.746,48.3,0.696,0.697,0.717,0.4785,-0.0108,-9.56,-1.54118,0.150,0.379,0.000,-0.0573,-0.0724,TRACKING,L+C+R_fused
1786993643.766,48.3,0.688,0.698,0.527,0.4602,-0.0043,-7.79,-1.48712,0.150,0.380,0.000,-0.0079,-0.0221,TRACKING,L+C+R_fused
1786993643.786,48.3,0.692,0.709,0.707,0.4763,0.0014,-7.25,-1.54277,0.150,0.381,0.000,0.0597,0.0461,TRACKING,L+C+R_fused
1786993643.807,48.3,0.680,0.696,0.697,0.4901,0.0081,-4.58,-1.41103,0.150,0.382,0.000,0.0870,0.0741,TRACKING,L+C+R_fused
1786993643.830,48.3,0.682,0.691,0.702,0.4748,0.0102,-3.16,-1.38228,0.150,0.383,0.000,0.0660,0.0519,TRACKING,L+C+R_fused
1786993643.851,48.3,0.689,0.690,0.709,0.4883,0.0105,-1.89,-1.38614,0.150,0.384,0.000,0.0158,-0.0006,TRACKING,L+C+R_fused
1786993643.868,48.3,0.000,0.689,0.744,0.5627,0.0109,0.11,-1.30866,0.150,0.384,0.000,-0.0517,-0.0704,TRACKING,R+C
1786993643.880,48.3,0.000,0.687,0.913,0.4995,0.0121,3.75,-1.03332,0.150,0.385,0.000,-0.1433,-0.1638,TRACKING,R+C
1786993643.892,48.3,0.000,0.690,0.837,0.6170,0.0094,4.22,-1.05207,0.150,0.386,0.000,-0.2144,-0.2375,TRACKING,R+C
1786993643.911,48.3,0.000,0.692,0.734,0.5841,0.0068,4.00,-1.15509,0.150,0.387,0.000,-0.2689,-0.2946,TRACKING,R+C
1786993643.941,48.3,0.000,0.691,0.901,0.5239,0.0041,4.52,-1.17568,0.150,0.387,0.000,-0.3396,-0.3681,TRACKING,R+C
1786993643.962,48.3,0.000,0.688,0.902,0.5375,0.0060,10.33,-0.62628,0.150,0.388,0.000,-0.4592,-0.4888,TRACKING,R+C
1786993643.983,48.3,0.000,0.683,0.901,0.5435,0.0038,11.63,-0.57522,0.150,0.389,0.000,-0.5367,-0.5692,TRACKING,R+C
1786993644.001,48.3,0.000,0.682,0.894,0.5513,0.0035,14.48,-0.32087,0.168,0.389,0.000,-0.5017,-0.5356,TRACKING,R+C
1786993644.026,48.3,0.000,0.751,0.890,0.5509,-0.0091,4.60,-1.42158,0.150,0.390,0.000,-0.5857,-0.6249,TRACKING,R+C
1786993644.049,48.3,0.000,0.758,0.890,0.5594,-0.0084,6.65,-1.24551,0.150,0.390,0.000,-0.6237,-0.6637,TRACKING,R+C
1786993644.059,48.3,0.000,0.747,0.879,0.5595,-0.0054,8.01,-1.14718,0.150,0.391,0.000,-0.6178,-0.6575,TRACKING,R+C
1786993644.080,48.3,0.000,0.690,0.871,0.5625,0.0020,11.74,-0.80696,0.150,0.391,0.000,-0.6040,-0.6420,TRACKING,R+C
1786993644.102,48.3,0.000,0.683,0.862,0.5466,0.0077,14.60,-0.52758,0.150,0.392,0.000,-0.5889,-0.6252,TRACKING,R+C
1786993644.123,48.3,0.000,0.686,0.866,0.5426,0.0083,14.26,-0.58829,0.150,0.392,0.000,-0.5773,-0.6137,TRACKING,R+C
1786993644.152,49.4,0.000,0.677,0.873,0.5589,0.0087,18.35,-0.19470,0.181,0.392,0.000,-0.6577,-0.6951,TRACKING,R+C
1786993644.170,49.4,0.000,0.671,0.868,0.5795,0.0085,21.87,0.13368,0.187,0.393,0.000,-0.6771,-0.7154,TRACKING,R+C
1786993644.182,49.4,0.000,0.688,0.864,0.5672,-0.0018,14.49,-0.61188,0.150,0.393,0.000,-0.7242,-0.7663,TRACKING,R+C
1786993644.205,49.4,0.000,0.694,0.861,0.5737,-0.0029,13.68,-0.71727,0.150,0.394,0.000,-0.7249,-0.7678,TRACKING,R+C
1786993644.223,49.4,0.000,0.687,0.864,0.5786,0.0034,19.02,-0.17171,0.183,0.394,0.000,-0.7091,-0.7500,TRACKING,R+C
1786993644.249,49.4,0.000,0.692,0.877,0.5770,-0.0012,15.55,-0.54058,0.150,0.394,0.000,-0.7436,-0.7865,TRACKING,R+C
1786993644.290,49.4,0.000,0.692,0.877,0.5770,-0.0010,12.44,-0.43247,0.150,0.394,0.000,-0.7436,-0.7865,TRACKING,prediction
1786993644.306,49.4,0.000,0.692,0.877,0.5770,-0.0008,9.95,-0.34597,0.150,0.395,0.000,-0.7436,-0.7865,TRACKING,prediction
1786993644.323,49.4,0.000,0.692,0.877,0.5770,-0.0006,7.96,-0.27678,0.150,0.395,0.000,-0.7436,-0.7865,TRACKING,prediction
1786993644.343,49.4,0.000,0.692,0.877,0.5770,-0.0005,6.37,-0.22142,0.150,0.395,0.000,-0.7436,-0.7865,TRACKING,prediction
1786993644.364,49.4,0.000,0.692,0.877,0.5770,-0.0004,5.10,-0.17714,0.150,0.395,0.000,-0.7436,-0.7865,TRACKING,prediction
1786993644.384,49.4,0.000,0.692,0.877,0.5770,-0.0003,4.08,-0.14171,0.150,0.396,0.000,-0.7436,-0.7865,TRACKING,prediction
1786993644.405,49.4,0.000,0.692,0.877,0.5770,-0.0003,3.26,-0.11337,0.150,0.396,0.000,-0.7436,-0.7865,TRACKING,prediction
1786993644.425,49.4,0.000,0.692,0.877,0.5770,-0.0002,2.61,-0.09070,0.150,0.396,0.000,-0.7436,-0.7865,TRACKING,prediction
1786993644.446,49.4,0.000,0.692,0.877,0.5770,-0.0002,2.09,-0.07256,0.150,0.396,0.000,-0.7436,-0.7865,TRACKING,prediction
1786993644.467,49.4,0.000,0.692,0.877,0.5770,-0.0001,1.67,-0.05804,0.150,0.390,0.000,-0.7436,-0.7865,TRACKING,prediction
1786993644.488,49.4,0.000,0.692,0.877,0.5770,-0.0001,1.34,-0.04644,0.150,0.380,0.000,-0.7436,-0.7865,TRACKING,prediction
1786993644.508,49.4,0.000,0.692,0.877,0.5770,-0.0001,1.07,-0.03715,0.150,0.368,0.000,-0.7436,-0.7865,TRACKING,prediction
1786993644.528,49.4,0.000,0.692,0.877,0.5770,-0.0001,0.86,-0.02972,0.150,0.354,0.000,-0.7436,-0.7865,TRACKING,prediction
1786993644.548,49.4,0.000,0.692,0.877,0.5770,-0.0001,0.68,-0.02378,0.150,0.332,0.000,-0.7436,-0.7865,UNCERTAIN,prediction
1786993644.559,49.4,0.000,0.686,0.839,0.6031,-0.0301,19.59,0.00641,0.199,0.335,0.000,-0.8368,-0.8909,TRACKING,R+C
1786993644.590,49.4,0.000,0.686,0.839,0.6031,-0.0241,15.67,0.00513,0.199,0.338,0.000,-0.8368,-0.8909,TRACKING,prediction
1786993644.600,49.4,0.000,0.676,0.852,0.6113,-0.0381,22.93,0.35858,0.164,0.342,0.000,-1.0000,-1.0000,TRACKING,R+C
1786993644.620,49.4,0.000,0.689,0.841,0.6131,-0.0466,21.18,0.22846,0.177,0.344,0.000,-0.9906,-1.0000,TRACKING,R+C
1786993644.641,49.4,0.000,0.689,0.841,0.6131,-0.0373,16.94,0.18277,0.177,0.347,0.000,-0.9906,-1.0000,TRACKING,prediction
1786993644.662,49.4,0.000,0.689,0.841,0.6131,-0.0298,13.55,0.14622,0.177,0.350,0.000,-0.9906,-1.0000,TRACKING,prediction
1786993644.691,49.4,0.000,0.689,0.841,0.6131,-0.0239,10.84,0.11697,0.177,0.352,0.000,-0.9906,-1.0000,TRACKING,prediction
1786993644.716,49.4,0.000,0.689,0.841,0.6131,-0.0191,8.67,0.09358,0.177,0.355,0.000,-0.9906,-1.0000,TRACKING,prediction
1786993644.737,49.4,0.000,0.689,0.841,0.6131,-0.0153,6.94,0.07486,0.177,0.357,0.000,-0.9906,-1.0000,TRACKING,prediction
1786993644.758,49.4,0.000,0.689,0.841,0.6131,-0.0122,5.55,0.05989,0.177,0.359,0.000,-0.9906,-1.0000,TRACKING,prediction
1786993644.780,49.4,0.000,0.689,0.841,0.6131,-0.0098,4.44,0.04791,0.177,0.361,0.000,-0.9906,-1.0000,TRACKING,prediction
1786993644.798,49.4,0.000,0.808,0.847,0.5942,-0.0709,9.63,-0.76007,0.150,0.363,0.000,-1.0000,-1.0000,TRACKING,R+C
1786993644.815,49.4,0.000,0.808,0.847,0.5942,-0.0567,7.71,-0.60806,0.150,0.365,0.000,-1.0000,-1.0000,TRACKING,prediction
1786993644.824,49.4,0.000,0.807,0.837,0.5829,-0.0663,8.13,-0.86022,0.150,0.367,0.000,-1.0000,-1.0000,TRACKING,R+C
1786993644.855,49.4,0.000,0.807,0.837,0.5829,-0.0531,6.50,-0.68818,0.150,0.368,0.000,-1.0000,-1.0000,TRACKING,prediction
1786993644.869,49.4,0.000,0.818,0.847,0.5754,-0.0614,8.26,-0.77486,0.150,0.370,0.000,-1.0000,-1.0000,TRACKING,R+C
1786993644.886,49.4,0.000,0.832,0.849,0.5747,-0.0608,8.77,-0.69491,0.150,0.371,0.000,-1.0000,-1.0000,TRACKING,R+C
1786993644.907,49.4,0.000,0.837,0.860,0.5734,-0.0627,8.71,-0.67172,0.150,0.373,0.000,-1.0000,-1.0000,TRACKING,R+C
1786993644.935,49.4,0.000,0.834,0.861,0.5718,-0.0640,8.91,-0.63609,0.150,0.374,0.000,-1.0000,-1.0000,TRACKING,R+C
1786993644.959,49.4,0.000,0.834,0.861,0.5718,-0.0512,7.13,-0.50887,0.150,0.376,0.000,-1.0000,-1.0000,TRACKING,prediction
1786993644.970,49.4,0.000,0.808,0.856,0.5693,-0.0691,6.62,-0.83666,0.150,0.377,0.000,-1.0000,-1.0000,TRACKING,R+C
1786993645.000,49.4,0.000,0.815,0.855,0.5683,-0.0712,6.86,-0.78812,0.150,0.378,0.000,-1.0000,-1.0000,TRACKING,R+C
1786993645.020,49.4,0.000,0.811,0.858,0.5721,-0.0760,6.76,-0.77366,0.150,0.379,0.000,-1.0000,-1.0000,TRACKING,R+C
1786993645.036,49.4,0.000,0.803,0.855,0.5675,-0.0816,5.68,-0.86751,0.150,0.380,0.000,-1.0000,-1.0000,TRACKING,R+C
1786993645.051,49.4,0.000,0.811,0.848,0.5674,-0.0869,4.79,-0.91073,0.150,0.381,0.000,-1.0000,-1.0000,TRACKING,R+C
1786993645.076,49.4,0.000,0.797,0.845,0.5669,-0.0877,4.10,-0.97738,0.150,0.382,0.000,-1.0000,-1.0000,TRACKING,R+C
1786993645.091,49.4,0.000,0.796,0.854,0.5671,-0.0849,4.32,-0.93411,0.150,0.383,0.000,-1.0000,-1.0000,TRACKING,R+C
1786993645.109,49.4,0.000,0.799,0.850,0.5630,-0.0809,4.65,-0.87221,0.150,0.384,0.000,-1.0000,-1.0000,TRACKING,R+C
1786993645.116,49.4,0.000,0.799,0.857,0.5598,-0.0772,4.32,-0.87271,0.150,0.385,0.000,-1.0000,-1.0000,TRACKING,R+C
1786993645.137,49.4,0.000,0.801,0.876,0.5555,-0.0737,4.04,-0.87666,0.150,0.385,0.000,-1.0000,-1.0000,TRACKING,R+C
1786993645.157,49.7,0.000,0.802,0.880,0.5497,-0.0694,3.81,-0.86729,0.150,0.386,0.000,-1.0000,-1.0000,TRACKING,R+C
1786993645.167,49.7,0.000,0.801,0.891,0.5483,-0.0658,3.34,-0.86699,0.150,0.387,0.000,-1.0000,-1.0000,TRACKING,R+C
1786993645.190,49.7,0.000,0.805,0.891,0.5417,-0.0616,2.87,-0.86257,0.150,0.387,0.000,-1.0000,-1.0000,TRACKING,R+C
1786993645.216,49.7,0.000,0.801,0.898,0.5345,-0.0536,3.93,-0.76726,0.150,0.388,0.000,-0.9921,-1.0000,TRACKING,R+C
1786993645.230,49.7,0.000,0.799,0.905,0.5298,-0.0479,3.45,-0.78324,0.150,0.389,0.000,-0.9301,-0.9736,TRACKING,R+C
1786993645.251,49.7,0.000,0.806,0.904,0.5259,-0.0425,3.50,-0.77033,0.150,0.389,0.000,-0.8761,-0.9169,TRACKING,R+C
1786993645.271,49.7,0.000,0.815,0.913,0.5262,-0.0388,3.46,-0.75561,0.150,0.390,0.000,-0.8338,-0.8725,TRACKING,R+C
1786993645.306,49.7,0.000,0.818,0.895,0.5302,-0.0382,3.70,-0.72880,0.150,0.390,0.000,-0.8306,-0.8690,TRACKING,R+C
1786993645.321,49.7,0.000,0.818,0.895,0.5302,-0.0305,2.96,-0.58304,0.150,0.391,0.000,-0.8306,-0.8690,TRACKING,prediction
1786993645.341,49.7,0.000,0.818,0.895,0.5302,-0.0244,2.37,-0.46643,0.150,0.391,0.000,-0.8306,-0.8690,TRACKING,prediction
1786993645.362,49.7,0.000,0.818,0.895,0.5302,-0.0195,1.89,-0.37315,0.150,0.392,0.000,-0.8306,-0.8690,TRACKING,prediction
1786993645.372,49.7,0.000,0.799,0.912,0.5289,-0.0345,2.84,-0.80537,0.150,0.392,0.000,-0.7725,-0.8089,TRACKING,R+C
1786993645.403,49.7,0.952,0.801,0.907,0.5192,-0.0300,3.15,-0.76496,0.150,0.392,0.000,-0.7228,-0.7570,TRACKING,L+C+R_fused
1786993645.425,49.7,0.948,0.802,0.911,0.5153,-0.0265,3.26,-0.75374,0.150,0.393,0.000,-0.6807,-0.7132,TRACKING,L+C+R_fused
1786993645.445,49.7,0.950,0.800,0.909,0.5135,-0.0266,3.15,-0.76558,0.150,0.393,0.000,-0.6799,-0.7124,TRACKING,L+C+R_fused
1786993645.465,49.7,0.936,0.804,0.908,0.5388,-0.0276,3.53,-0.73321,0.150,0.394,0.000,-0.7000,-0.7332,TRACKING,L+C+R_fused
1786993645.485,49.7,0.934,0.806,0.900,0.5599,-0.0276,3.62,-0.73071,0.150,0.394,0.000,-0.7032,-0.7366,TRACKING,L+C+R_fused
1786993645.506,49.7,0.951,0.796,0.893,0.5686,-0.0249,3.38,-0.75427,0.150,0.394,0.000,-0.6631,-0.6952,TRACKING,L+C+R_fused
1786993645.519,49.7,0.962,0.791,0.900,0.5320,-0.0188,3.45,-0.74346,0.150,0.394,0.000,-0.5804,-0.6095,TRACKING,L+C+R_fused
1786993645.550,49.7,0.949,0.800,0.903,0.5285,-0.0125,2.73,-0.78651,0.150,0.395,0.000,-0.4661,-0.4916,TRACKING,L+C+R_fused
1786993645.571,49.7,0.947,0.795,0.909,0.5212,-0.0056,2.95,-0.78306,0.150,0.395,0.000,-0.3650,-0.3876,TRACKING,L+C+R_fused
1786993645.592,49.7,0.919,0.799,0.805,0.5374,-0.0013,3.12,-0.78233,0.150,0.395,0.000,-0.3018,-0.3228,TRACKING,L+C+R_fused
1786993645.611,49.7,0.948,0.803,0.839,0.5072,-0.0006,3.16,-0.78428,0.150,0.396,0.000,-0.2912,-0.3119,TRACKING,L+C+R_fused
1786993645.632,49.7,0.932,0.798,0.914,0.5243,-0.0011,2.58,-0.87408,0.150,0.396,0.000,-0.2916,-0.3130,TRACKING,L+C+R_fused
1786993645.653,49.7,0.938,0.787,0.904,0.5181,-0.0012,2.52,-0.90305,0.150,0.396,0.000,-0.2953,-0.3172,TRACKING,L+C+R_fused
1786993645.674,49.7,0.942,0.790,0.903,0.5104,0.0008,2.22,-0.94971,0.150,0.396,0.000,-0.2564,-0.2775,TRACKING,L+C+R_fused
1786993645.695,49.7,0.945,0.791,0.903,0.5063,0.0038,2.11,-0.96418,0.150,0.396,0.000,-0.2035,-0.2233,TRACKING,L+C+R_fused
1786993645.716,49.7,0.951,0.793,0.895,0.4931,0.0060,1.95,-0.99648,0.150,0.397,0.000,-0.1641,-0.1832,TRACKING,L+C+R_fused
1786993645.737,49.7,0.952,0.791,0.906,0.4897,0.0065,2.40,-0.99327,0.150,0.397,0.000,-0.1748,-0.1945,TRACKING,L+C+R_fused
1786993645.758,49.7,0.932,0.781,0.915,0.4914,0.0032,1.77,-1.08339,0.150,0.397,0.000,-0.2194,-0.2409,TRACKING,L+C+R_fused
1786993645.778,49.7,0.891,0.795,0.908,0.4811,0.0014,3.21,-0.97754,0.150,0.397,0.000,-0.2934,-0.3168,TRACKING,L+C+R_fused
1786993645.804,49.7,0.930,0.788,0.900,0.4728,-0.0017,2.37,-1.10065,0.150,0.397,0.000,-0.3316,-0.3570,TRACKING,L+C+R_fused
1786993645.814,49.7,0.935,0.806,0.904,0.4716,-0.0005,3.78,-0.96144,0.150,0.397,0.000,-0.3480,-0.3732,TRACKING,L+C+R_fused
1786993645.835,49.7,0.893,0.809,0.899,0.4704,-0.0004,3.29,-1.00443,0.150,0.397,0.000,-0.3318,-0.3567,TRACKING,L+C+R_fused
1786993645.868,49.7,0.917,0.812,0.892,0.4695,0.0000,3.35,-0.99082,0.150,0.398,0.000,-0.3249,-0.3494,TRACKING,L+C+R_fused
1786993645.888,49.7,0.899,0.794,0.903,0.4599,-0.0018,3.01,-1.05527,0.150,0.398,0.000,-0.3523,-0.3782,TRACKING,L+C+R_fused
1786993645.904,49.7,0.632,0.787,0.888,0.4825,-0.0055,3.42,-1.02451,0.150,0.398,0.000,-0.4234,-0.4513,TRACKING,L+C+R_fused
1786993645.919,49.7,0.632,0.787,0.888,0.4825,-0.0044,2.73,-0.81961,0.150,0.398,0.000,-0.4234,-0.4513,TRACKING,prediction
1786993645.932,49.7,0.000,0.795,0.875,0.5111,-0.0104,5.08,-0.89908,0.150,0.398,0.000,-0.5436,-0.5749,TRACKING,R+C
1786993645.956,49.7,0.000,0.787,0.868,0.5111,-0.0112,4.78,-0.93797,0.150,0.398,0.000,-0.5496,-0.5814,TRACKING,R+C
1786993645.983,49.7,0.000,0.790,0.878,0.5081,-0.0089,4.45,-0.95991,0.150,0.398,0.000,-0.5063,-0.5367,TRACKING,R+C
1786993646.007,49.7,0.000,0.760,0.885,0.5093,-0.0018,5.63,-0.82417,0.150,0.398,0.000,-0.4218,-0.4489,TRACKING,R+C
1786993646.021,49.7,0.000,0.765,0.875,0.4992,0.0051,5.29,-0.88022,0.150,0.398,0.000,-0.3043,-0.3284,TRACKING,R+C
1786993646.038,49.7,0.889,0.723,0.854,0.4395,0.0111,4.89,-0.92256,0.150,0.398,0.000,-0.1922,-0.2135,TRACKING,L+C+R_fused
1786993646.058,49.7,0.947,0.726,0.862,0.4449,0.0166,5.55,-0.86621,0.150,0.399,0.000,-0.1162,-0.1352,TRACKING,L+C+R_fused
1786993646.088,49.7,0.947,0.715,0.850,0.4433,0.0195,6.36,-0.78511,0.150,0.399,0.000,-0.0852,-0.1031,TRACKING,L+C+R_fused
1786993646.109,49.7,0.787,0.710,0.894,0.4898,0.0192,6.04,-0.82753,0.150,0.399,0.000,-0.0850,-0.1031,TRACKING,L+C+R_fused
1786993646.134,49.7,0.675,0.707,0.871,0.4433,0.0202,5.87,-0.86345,0.150,0.399,0.000,-0.0655,-0.0835,TRACKING,L+C+R_fused
1786993646.154,49.7,0.691,0.719,0.895,0.4833,0.0233,6.00,-0.85383,0.150,0.399,0.000,-0.0144,-0.0310,TRACKING,L+C+R_fused
1786993646.174,48.2,0.734,0.699,0.901,0.4418,0.0308,7.89,-0.67887,0.150,0.399,0.000,0.0630,0.0492,TRACKING,L+C+R_fused
1786993646.195,48.2,0.735,0.698,0.901,0.4417,0.0378,7.52,-0.72929,0.150,0.399,0.000,0.1946,0.1839,TRACKING,L+C+R_fused
1786993646.216,48.2,0.696,0.696,0.897,0.4476,0.0453,9.28,-0.57338,0.150,0.399,0.000,0.2727,0.2648,TRACKING,L+C+R_fused
1786993646.237,48.2,0.696,0.696,0.897,0.4476,0.0363,7.43,-0.45870,0.150,0.399,0.000,0.2727,0.2648,TRACKING,prediction
1786993646.258,48.2,0.775,0.693,0.900,0.4547,0.0519,10.79,-0.47564,0.152,0.399,0.000,0.3236,0.3174,TRACKING,L+C+R_fused
1786993646.280,48.2,0.871,0.688,0.899,0.4512,0.0506,10.83,-0.54320,0.150,0.399,0.000,0.2992,0.2910,TRACKING,L+C+R_fused
1786993646.298,48.2,0.740,0.687,0.868,0.4464,0.0493,12.65,-0.40437,0.160,0.399,0.000,0.1950,0.1850,TRACKING,L+C+R_fused
1786993646.319,48.2,0.000,0.689,0.875,0.4861,0.0462,13.27,-0.36500,0.163,0.399,0.000,0.1207,0.1086,TRACKING,R+C
1786993646.329,48.2,0.000,0.687,0.870,0.4901,0.0432,13.69,-0.37843,0.162,0.399,0.000,0.0589,0.0443,TRACKING,R+C
1786993646.349,48.2,0.000,0.688,0.870,0.4924,0.0399,14.19,-0.34475,0.166,0.399,0.000,-0.0065,-0.0232,TRACKING,R+C
1786993646.373,48.2,0.000,0.684,0.859,0.5001,0.0373,16.00,-0.21099,0.179,0.399,0.000,-0.2723,-0.2914,TRACKING,R+C
1786993646.394,48.2,0.000,0.680,0.852,0.5089,0.0343,17.23,-0.13383,0.187,0.399,0.000,-0.3149,-0.3365,TRACKING,R+C
1786993646.424,48.2,0.000,0.686,0.847,0.5188,0.0280,15.07,-0.41093,0.159,0.399,0.000,-0.2432,-0.2687,TRACKING,R+C
1786993646.441,48.2,0.000,0.694,0.843,0.5247,0.0203,12.83,-0.62815,0.150,0.399,0.000,-0.3392,-0.3676,TRACKING,R+C
1786993646.466,48.2,0.000,0.694,0.843,0.5247,0.0162,10.27,-0.50252,0.150,0.399,0.000,-0.3392,-0.3676,TRACKING,prediction
1786993646.476,48.2,0.000,0.717,0.820,0.5355,0.0113,7.76,-1.24596,0.150,0.399,0.000,-0.3723,-0.4055,TRACKING,R+C
1786993646.507,48.2,0.000,0.717,0.820,0.5355,0.0091,6.21,-0.99677,0.150,0.400,0.000,-0.3723,-0.4055,TRACKING,prediction
1786993646.527,48.2,0.000,0.717,0.820,0.5355,0.0072,4.97,-0.79742,0.150,0.400,0.000,-0.3723,-0.4055,TRACKING,prediction
1786993646.549,48.2,0.000,0.717,0.820,0.5355,0.0058,3.97,-0.63793,0.150,0.400,0.000,-0.3723,-0.4055,TRACKING,prediction
1786993646.570,48.2,0.000,0.717,0.820,0.5355,0.0046,3.18,-0.51035,0.150,0.400,0.000,-0.3723,-0.4055,TRACKING,prediction
1786993646.581,48.2,0.000,0.691,0.816,0.5313,0.0193,9.49,-1.19279,0.150,0.400,0.000,-0.3075,-0.3397,TRACKING,R+C
1786993646.602,48.2,0.000,0.685,0.820,0.5468,0.0166,11.24,-1.04870,0.150,0.400,0.000,-0.4032,-0.4378,TRACKING,R+C
1786993646.623,48.2,0.000,0.683,0.811,0.5624,0.0119,12.47,-0.96044,0.150,0.400,0.000,-0.5139,-0.5519,TRACKING,R+C
1786993646.654,48.2,0.000,0.683,0.811,0.5624,0.0095,9.97,-0.76835,0.150,0.400,0.000,-0.5139,-0.5519,TRACKING,prediction
1786993646.675,48.2,0.000,0.683,0.811,0.5624,0.0076,7.98,-0.61468,0.150,0.400,0.000,-0.5139,-0.5519,TRACKING,prediction
1786993646.695,48.2,0.000,0.683,0.797,0.5766,0.0087,18.70,-0.41392,0.159,0.400,0.000,-0.6505,-0.6934,TRACKING,R+C
1786993646.715,48.2,0.000,0.683,0.796,0.5750,0.0091,16.64,-0.66336,0.150,0.400,0.000,-0.6692,-0.7122,TRACKING,R+C
1786993646.733,48.2,0.000,0.685,0.796,0.5770,0.0128,16.55,-0.71499,0.150,0.400,0.000,-0.6246,-0.6667,TRACKING,R+C
1786993646.743,48.2,0.000,0.685,0.800,0.5733,0.0160,16.63,-0.75846,0.150,0.400,0.000,-0.5900,-0.6317,TRACKING,R+C
1786993646.752,48.2,0.000,0.667,0.802,0.5762,0.0250,23.84,-0.01920,0.198,0.400,0.000,-0.5713,-0.6098,TRACKING,R+C
1786993646.777,48.2,0.000,0.678,0.801,0.5713,0.0193,19.23,-0.57929,0.150,0.400,0.000,-0.6199,-0.6625,TRACKING,R+C
1786993646.803,48.2,0.000,0.678,0.801,0.5713,0.0155,15.38,-0.46343,0.150,0.400,0.000,-0.6199,-0.6625,TRACKING,prediction
1786993646.812,48.2,0.000,0.681,0.807,0.5823,0.0112,15.91,-1.11373,0.150,0.400,0.000,-0.6831,-0.7326,TRACKING,R+C
1786993646.826,48.2,0.000,0.727,0.800,0.5844,0.0034,6.95,-2.20769,0.150,0.400,0.000,-0.6134,-0.6664,TRACKING,R+C
1786993646.842,48.2,0.000,0.735,0.795,0.5835,0.0066,8.57,-2.04801,0.150,0.400,0.000,-0.6059,-0.6581,TRACKING,R+C
1786993646.863,48.2,0.000,0.737,0.808,0.5853,0.0081,9.76,-1.91761,0.150,0.400,0.000,-0.6115,-0.6633,TRACKING,R+C
1786993646.887,48.2,0.000,0.733,0.808,0.5934,0.0088,11.90,-1.69419,0.150,0.400,0.000,-0.6505,-0.7028,TRACKING,R+C
1786993646.916,48.2,0.000,0.733,0.808,0.5934,0.0070,9.52,-1.35535,0.150,0.400,0.000,-0.6505,-0.7028,TRACKING,prediction
1786993646.936,48.2,0.000,0.733,0.808,0.5934,0.0056,7.62,-1.08428,0.150,0.400,0.000,-0.6505,-0.7028,TRACKING,prediction
1786993646.957,48.2,0.000,0.733,0.808,0.5934,0.0045,6.09,-0.86742,0.150,0.400,0.000,-0.6505,-0.7028,TRACKING,prediction
1786993646.977,48.2,0.000,0.733,0.808,0.5934,0.0036,4.88,-0.69394,0.150,0.400,0.000,-0.6505,-0.7028,TRACKING,prediction
1786993646.999,48.2,0.000,0.733,0.808,0.5934,0.0029,3.90,-0.55515,0.150,0.400,0.000,-0.6505,-0.7028,TRACKING,prediction
1786993647.016,48.2,0.000,0.742,0.781,0.6546,-0.0266,20.84,-0.76786,0.150,0.400,0.000,-1.0000,-1.0000,TRACKING,R+C
1786993647.048,48.2,0.000,0.742,0.781,0.6546,-0.0213,16.67,-0.61429,0.150,0.400,0.000,-1.0000,-1.0000,TRACKING,prediction
1786993647.071,48.2,0.000,0.742,0.781,0.6546,-0.0170,13.33,-0.49143,0.150,0.400,0.000,-1.0000,-1.0000,TRACKING,prediction
1786993647.092,48.2,0.000,0.742,0.781,0.6546,-0.0136,10.67,-0.39315,0.150,0.400,0.000,-1.0000,-1.0000,TRACKING,prediction
1786993647.110,48.2,0.000,0.742,0.781,0.6546,-0.0109,8.53,-0.31452,0.150,0.400,0.000,-1.0000,-1.0000,TRACKING,prediction
1786993647.137,48.2,0.000,0.742,0.781,0.6546,-0.0087,6.83,-0.25161,0.150,0.400,0.000,-1.0000,-1.0000,TRACKING,prediction
1786993647.160,48.2,0.000,0.742,0.781,0.6546,-0.0070,5.46,-0.20129,0.150,0.400,0.000,-1.0000,-1.0000,TRACKING,prediction
1786993647.179,48.7,0.000,0.742,0.781,0.6546,-0.0056,4.37,-0.16103,0.150,0.400,0.000,-1.0000,-1.0000,TRACKING,prediction
1786993647.199,48.7,0.000,0.742,0.781,0.6546,-0.0045,3.50,-0.12883,0.150,0.400,0.000,-1.0000,-1.0000,TRACKING,prediction
1786993647.220,48.7,0.000,0.742,0.781,0.6546,-0.0036,2.80,-0.10306,0.150,0.395,0.000,-1.0000,-1.0000,TRACKING,prediction
1786993647.240,48.7,0.000,0.742,0.781,0.6546,-0.0029,2.24,-0.08245,0.150,0.386,0.000,-1.0000,-1.0000,TRACKING,prediction
1786993647.261,48.7,0.000,0.742,0.781,0.6546,-0.0023,1.79,-0.06596,0.150,0.374,0.000,-1.0000,-1.0000,TRACKING,prediction
1786993647.282,48.7,0.000,0.742,0.781,0.6546,-0.0018,1.43,-0.05277,0.150,0.361,0.000,-1.0000,-1.0000,TRACKING,prediction
1786993647.308,48.7,0.000,0.742,0.781,0.6546,-0.0015,1.15,-0.04221,0.150,0.337,0.000,-1.0000,-1.0000,UNCERTAIN,prediction
1786993647.322,48.7,0.000,0.742,0.781,0.6546,-0.0012,0.92,-0.03377,0.150,0.320,0.000,-1.0000,-1.0000,UNCERTAIN,prediction
1786993647.343,48.7,0.000,0.742,0.781,0.6546,-0.0009,0.73,-0.02702,0.150,0.308,0.000,-1.0000,-1.0000,UNCERTAIN,prediction
1786993647.363,48.7,0.000,0.742,0.781,0.6546,-0.0007,0.59,-0.02161,0.150,0.296,0.000,-1.0000,-1.0000,UNCERTAIN,prediction
1786993647.383,48.7,0.000,0.742,0.781,0.6546,-0.0006,0.47,-0.01729,0.150,0.284,0.000,-1.0000,-1.0000,UNCERTAIN,prediction
1786993647.403,48.7,0.000,0.742,0.781,0.6546,-0.0005,0.38,-0.01383,0.150,0.271,0.000,-1.0000,-1.0000,UNCERTAIN,prediction
1786993647.423,48.7,0.000,0.742,0.781,0.6546,-0.0004,0.30,-0.01107,0.150,0.259,0.000,-1.0000,-1.0000,UNCERTAIN,prediction
1786993647.444,48.7,0.000,0.742,0.781,0.6546,-0.0003,0.24,-0.00885,0.150,0.247,0.000,-1.0000,-1.0000,UNCERTAIN,prediction
1786993647.464,48.7,0.000,0.742,0.781,0.6546,-0.0002,0.19,-0.00708,0.150,0.235,0.000,-1.0000,-1.0000,UNCERTAIN,prediction
1786993647.484,48.7,0.000,0.742,0.781,0.6546,-0.0002,0.15,-0.00567,0.150,0.224,0.000,-1.0000,-1.0000,UNCERTAIN,prediction
1786993647.498,48.7,0.000,0.802,0.791,0.6094,-0.0992,9.55,-0.03833,0.196,0.232,0.000,-1.0000,-1.0000,TRACKING,R+C
1786993647.527,48.7,0.000,0.780,0.797,0.5981,-0.0974,7.34,-0.19485,0.181,0.241,0.000,-1.0000,-1.0000,TRACKING,R+C
1786993647.549,48.7,0.000,0.766,0.805,0.5938,-0.0941,6.67,-0.21180,0.179,0.249,0.000,-1.0000,-1.0000,TRACKING,R+C
1786993647.571,48.7,0.000,0.766,0.805,0.5938,-0.0753,5.33,-0.16944,0.179,0.256,0.000,-1.0000,-1.0000,TRACKING,prediction
1786993647.591,48.7,0.000,0.766,0.805,0.5938,-0.0603,4.27,-0.13555,0.179,0.264,0.000,-1.0000,-1.0000,TRACKING,prediction
1786993647.612,48.7,0.000,0.766,0.805,0.5938,-0.0482,3.41,-0.10844,0.179,0.270,0.000,-1.0000,-1.0000,TRACKING,prediction
1786993647.622,48.7,0.000,0.768,0.824,0.5618,-0.0746,3.75,-0.28303,0.172,0.277,0.000,-0.9839,-1.0000,TRACKING,R+C
1786993647.645,48.7,0.000,0.795,0.827,0.5572,-0.0666,4.89,-0.11811,0.188,0.283,0.000,-0.8202,-0.8632,TRACKING,R+C
1786993647.673,48.7,0.377,0.717,0.835,0.4693,-0.0638,-0.34,-0.61288,0.150,0.289,0.000,-0.9731,-1.0000,TRACKING,L+C+R_fused
1786993647.695,48.7,0.946,0.777,0.832,0.5109,-0.0540,2.22,-0.31155,0.169,0.294,0.000,-0.8077,-0.8430,TRACKING,L+C+R_fused
1786993647.716,48.7,0.949,0.734,0.835,0.5210,-0.0519,-2.44,-0.70266,0.150,0.300,0.000,-0.8086,-0.8409,TRACKING,L+C+R_fused
1786993647.737,48.7,0.946,0.733,0.833,0.5056,-0.0440,-1.94,-0.68264,0.150,0.305,0.000,-0.7270,-0.7562,TRACKING,L+C+R_fused
1786993647.757,48.7,0.949,0.738,0.849,0.4990,-0.0406,-2.50,-0.71691,0.150,0.309,0.000,-0.6701,-0.6972,TRACKING,L+C+R_fused
1786993647.778,48.7,0.947,0.685,0.838,0.5049,-0.0428,-7.32,-1.18969,0.150,0.314,0.000,-0.6042,-0.6318,TRACKING,L+C+R_fused
1786993647.796,48.7,0.954,0.726,0.877,0.5030,-0.0405,-4.71,-0.94722,0.150,0.318,0.000,-0.6267,-0.6537,TRACKING,L+C+R_fused
1786993647.814,48.7,0.949,0.739,0.878,0.4832,-0.0418,-5.99,-1.05391,0.150,0.322,0.000,-0.6171,-0.6442,TRACKING,L+C+R_fused
1786993647.835,48.7,0.959,0.758,0.875,0.4788,-0.0388,-4.70,-0.95262,0.150,0.326,0.000,-0.6040,-0.6302,TRACKING,L+C+R_fused
1786993647.856,48.7,0.957,0.733,0.884,0.4786,-0.0355,-7.03,-1.22282,0.150,0.330,0.000,-0.5143,-0.5396,TRACKING,L+C+R_fused
1786993647.875,48.7,0.940,0.705,0.888,0.4902,-0.0286,-9.26,-1.46632,0.150,0.333,0.000,-0.3614,-0.3839,TRACKING,L+C+R_fused
1786993647.896,48.7,0.940,0.715,0.894,0.4923,-0.0213,-10.22,-1.56619,0.150,0.337,0.000,-0.2174,-0.2368,TRACKING,L+C+R_fused
1786993647.918,48.7,0.943,0.727,0.900,0.4941,-0.0143,-10.63,-1.61832,0.150,0.340,0.000,-0.0869,-0.1032,TRACKING,L+C+R_fused
1786993647.937,48.7,0.941,0.750,0.897,0.4939,-0.0113,-11.54,-1.69767,0.150,0.343,0.000,-0.0110,-0.0259,TRACKING,L+C+R_fused
1786993647.957,48.7,0.953,0.752,0.903,0.4989,-0.0065,-10.81,-1.71809,0.150,0.346,0.000,0.0391,0.0248,TRACKING,L+C+R_fused
1786993647.977,48.7,0.944,0.763,0.902,0.4911,-0.0023,-11.20,-1.81554,0.150,0.348,0.000,0.1111,0.0976,TRACKING,L+C+R_fused
1786993647.999,48.7,0.943,0.765,0.904,0.5046,0.0045,-10.92,-1.86826,0.150,0.351,0.000,0.2084,0.1966,TRACKING,L+C+R_fused
1786993648.016,48.7,0.944,0.762,0.904,0.4997,0.0123,-11.43,-1.96718,0.150,0.354,0.000,0.3425,0.3333,TRACKING,L+C+R_fused
1786993648.026,48.7,0.935,0.764,0.914,0.4980,0.0222,-10.90,-2.00131,0.150,0.356,0.000,0.4733,0.4673,TRACKING,L+C+R_fused
1786993648.044,48.7,0.935,0.783,0.916,0.4985,0.0315,-9.97,-2.00061,0.150,0.358,0.000,0.5788,0.5756,TRACKING,L+C+R_fused
1786993648.067,48.7,0.940,0.769,0.914,0.5001,0.0460,-6.27,-1.90536,0.150,0.360,0.000,0.6698,0.6688,TRACKING,L+C+R_fused
1786993648.092,48.7,0.937,0.775,0.915,0.4993,0.0536,-3.65,-1.79125,0.150,0.362,0.000,0.7000,0.6998,TRACKING,L+C+R_fused
1786993648.112,48.7,0.943,0.777,0.919,0.5011,0.0541,-3.30,-1.82411,0.150,0.364,0.000,0.6915,0.6903,TRACKING,L+C+R_fused
1786993648.133,48.7,0.939,0.776,0.919,0.5043,0.0536,-2.79,-1.85479,0.150,0.366,0.000,0.6641,0.6611,TRACKING,L+C+R_fused
1786993648.154,48.7,0.932,0.778,0.921,0.4934,0.0543,-1.19,-1.79712,0.150,0.368,0.000,0.6276,0.6229,TRACKING,L+C+R_fused
1786993648.165,48.7,0.000,0.782,0.906,0.4598,0.0564,0.06,-1.76120,0.150,0.369,0.000,0.6187,0.6132,TRACKING,R+C
1786993648.185,49.7,0.000,0.779,0.907,0.4681,0.0602,2.16,-1.65220,0.150,0.371,0.000,0.6134,0.6075,TRACKING,R+C
1786993648.214,49.7,0.000,0.783,0.906,0.4705,0.0608,1.99,-1.70916,0.150,0.372,0.000,0.6201,0.6138,TRACKING,R+C
1786993648.228,49.7,0.000,0.782,0.910,0.4748,0.0620,2.48,-1.71301,0.150,0.374,0.000,0.6182,0.6113,TRACKING,R+C
1786993648.248,49.7,0.000,0.775,0.882,0.4819,0.0614,3.30,-1.71796,0.150,0.375,0.000,0.5805,0.5717,TRACKING,R+C
1786993648.277,49.7,0.000,0.773,0.891,0.4896,0.0595,4.47,-1.67211,0.150,0.376,0.000,0.5161,0.5048,TRACKING,R+C
1786993648.294,49.7,0.000,0.767,0.900,0.4959,0.0589,6.94,-1.50710,0.150,0.377,0.000,0.4331,0.4192,TRACKING,R+C
1786993648.322,49.7,0.000,0.764,0.890,0.5160,0.0563,9.07,-1.37813,0.150,0.378,0.000,0.3217,0.3043,TRACKING,R+C
1786993648.340,49.7,0.000,0.762,0.883,0.5253,0.0523,10.85,-1.25071,0.150,0.380,0.000,0.1946,0.1737,TRACKING,R+C
1786993648.378,49.7,0.000,0.755,0.884,0.5318,0.0478,12.55,-1.12415,0.150,0.381,0.000,0.0567,0.0322,TRACKING,R+C
1786993648.390,49.7,0.000,0.749,0.888,0.5395,0.0402,11.42,-1.33712,0.150,0.382,0.000,-0.0632,-0.0928,TRACKING,R+C
1786993648.410,49.7,0.000,0.749,0.882,0.5615,0.0335,11.55,-1.38169,0.150,0.382,0.000,-0.1959,-0.2298,TRACKING,R+C
1786993648.431,49.7,0.000,0.750,0.878,0.5733,0.0280,12.65,-1.31259,0.150,0.383,0.000,-0.3284,-0.3661,TRACKING,R+C
1786993648.451,49.7,0.000,0.751,0.867,0.5843,0.0211,13.04,-1.32044,0.150,0.384,0.000,-0.4589,-0.5009,TRACKING,R+C
1786993648.488,49.7,0.000,0.751,0.867,0.5843,0.0169,10.43,-1.05635,0.150,0.385,0.000,-0.4589,-0.5009,TRACKING,prediction
1786993648.508,49.7,0.000,0.751,0.867,0.5843,0.0135,8.34,-0.84508,0.150,0.386,0.000,-0.4589,-0.5009,TRACKING,prediction
1786993648.519,49.7,0.000,0.761,0.826,0.6117,-0.0061,12.95,-1.31429,0.150,0.386,0.000,-0.8181,-0.8725,TRACKING,R+C
1786993648.550,49.7,0.000,0.761,0.826,0.6117,-0.0049,10.36,-1.05144,0.150,0.387,0.000,-0.8181,-0.8725,TRACKING,prediction
1786993648.571,49.7,0.000,0.761,0.826,0.6117,-0.0039,8.29,-0.84115,0.150,0.388,0.000,-0.8181,-0.8725,TRACKING,prediction
1786993648.591,49.7,0.000,0.761,0.826,0.6117,-0.0031,6.63,-0.67292,0.150,0.388,0.000,-0.8181,-0.8725,TRACKING,prediction
1786993648.601,49.7,0.000,0.768,0.831,0.6187,-0.0125,16.33,-0.91985,0.150,0.389,0.000,-0.9369,-0.9946,TRACKING,R+C
1786993648.621,49.7,0.000,0.772,0.827,0.6325,-0.0150,15.98,-0.94538,0.150,0.389,0.000,-0.9536,-1.0000,TRACKING,R+C
1786993648.654,49.7,0.000,0.772,0.827,0.6325,-0.0120,12.78,-0.75630,0.150,0.390,0.000,-0.9536,-1.0000,TRACKING,prediction
1786993648.674,49.7,0.000,0.772,0.827,0.6325,-0.0096,10.22,-0.60504,0.150,0.391,0.000,-0.9536,-1.0000,TRACKING,prediction
1786993648.686,49.7,0.000,0.774,0.817,0.6545,-0.0399,17.04,-0.77768,0.150,0.391,0.000,-1.0000,-1.0000,TRACKING,R+C
1786993648.713,49.7,0.000,0.776,0.814,0.6642,-0.0501,17.33,-0.72076,0.150,0.391,0.000,-1.0000,-1.0000,TRACKING,R+C
1786993648.737,49.7,0.000,0.776,0.814,0.6642,-0.0401,13.87,-0.57661,0.150,0.392,0.000,-1.0000,-1.0000,TRACKING,prediction
1786993648.759,49.7,0.000,0.776,0.814,0.6642,-0.0321,11.09,-0.46128,0.150,0.392,0.000,-1.0000,-1.0000,TRACKING,prediction
1786993648.778,49.7,0.000,0.776,0.814,0.6642,-0.0257,8.87,-0.36903,0.150,0.393,0.000,-1.0000,-1.0000,TRACKING,prediction
1786993648.799,49.7,0.000,0.776,0.814,0.6642,-0.0205,7.10,-0.29522,0.150,0.393,0.000,-1.0000,-1.0000,TRACKING,prediction
1786993648.813,49.7,0.000,0.776,0.814,0.6642,-0.0164,5.68,-0.23618,0.150,0.393,0.000,-1.0000,-1.0000,TRACKING,prediction
1786993648.834,49.7,0.000,0.776,0.814,0.6642,-0.0131,4.54,-0.18894,0.150,0.394,0.000,-1.0000,-1.0000,TRACKING,prediction
1786993648.845,49.7,0.000,0.861,0.760,0.6950,-0.1187,15.47,-0.66141,0.150,0.394,0.000,-1.0000,-1.0000,TRACKING,R+C
1786993648.876,49.7,0.000,0.861,0.760,0.6950,-0.0950,12.37,-0.52913,0.150,0.394,0.000,-1.0000,-1.0000,TRACKING,prediction
1786993648.894,49.7,0.862,0.770,0.000,0.6854,0.2760,25.06,-1.19157,0.150,0.395,0.000,1.0000,0.0477,TRACKING,L+C
1786993648.906,49.7,0.862,0.770,0.000,0.6854,0.2208,20.05,-0.95326,0.150,0.395,0.000,1.0000,1.0000,TRACKING,prediction
1786993648.937,49.7,0.862,0.770,0.000,0.6854,0.1766,16.04,-0.76260,0.150,0.395,0.000,1.0000,1.0000,TRACKING,prediction
1786993648.960,49.7,0.862,0.770,0.000,0.6854,0.1413,12.83,-0.61008,0.150,0.395,0.000,1.0000,1.0000,TRACKING,prediction
1786993648.970,49.7,0.000,0.861,0.788,0.6575,-0.1250,13.88,-0.45371,0.155,0.396,0.000,-1.0000,-0.0954,TRACKING,R+C
1786993649.000,49.7,0.000,0.861,0.788,0.6575,-0.1000,11.11,-0.36297,0.155,0.396,0.000,-1.0000,-1.0000,TRACKING,prediction
1786993649.012,49.7,0.000,0.861,0.788,0.6575,-0.0800,8.89,-0.29037,0.155,0.396,0.000,-1.0000,-1.0000,TRACKING,prediction
1786993649.022,49.7,0.000,0.861,0.788,0.6575,-0.0640,7.11,-0.23230,0.155,0.396,0.000,-1.0000,-1.0000,TRACKING,prediction
1786993649.042,49.7,0.000,0.861,0.788,0.6575,-0.0512,5.69,-0.18584,0.155,0.396,0.000,-1.0000,-1.0000,TRACKING,prediction
1786993649.073,49.7,0.000,0.861,0.788,0.6575,-0.0409,4.55,-0.14867,0.155,0.397,0.000,-1.0000,-1.0000,TRACKING,prediction
1786993649.094,49.7,0.000,0.861,0.788,0.6575,-0.0328,3.64,-0.11894,0.155,0.397,0.000,-1.0000,-1.0000,TRACKING,prediction
1786993649.110,49.7,0.000,0.884,0.809,0.6207,-0.1206,10.88,-0.42971,0.157,0.397,0.000,-1.0000,-1.0000,TRACKING,R+C
1786993649.124,49.7,0.000,0.884,0.809,0.6207,-0.0965,8.70,-0.34377,0.157,0.397,0.000,-1.0000,-1.0000,TRACKING,prediction
1786993649.147,49.7,0.000,0.891,0.824,0.6100,-0.1158,10.18,-0.42297,0.158,0.397,0.000,-1.0000,-1.0000,TRACKING,R+C
1786993649.174,49.7,0.000,0.893,0.820,0.6040,-0.1121,10.42,-0.37332,0.163,0.397,0.000,-1.0000,-1.0000,TRACKING,R+C
1786993649.193,47.6,0.000,0.888,0.825,0.6001,-0.1100,8.78,-0.51319,0.150,0.398,0.000,-1.0000,-1.0000,TRACKING,R+C
1786993649.214,47.6,0.000,0.879,0.828,0.5949,-0.1062,9.25,-0.42018,0.158,0.398,0.000,-1.0000,-1.0000,TRACKING,R+C
1786993649.236,47.6,0.000,0.879,0.828,0.5949,-0.0849,7.40,-0.33614,0.158,0.398,0.000,-1.0000,-1.0000,TRACKING,prediction
1786993649.248,47.6,0.000,0.873,0.837,0.5853,-0.1004,7.96,-0.48266,0.152,0.398,0.000,-1.0000,-1.0000,TRACKING,R+C
1786993649.269,47.6,0.000,0.873,0.837,0.5853,-0.0803,6.37,-0.38613,0.152,0.398,0.000,-1.0000,-1.0000,TRACKING,prediction
1786993649.296,47.6,0.000,0.873,0.837,0.5853,-0.0643,5.10,-0.30890,0.152,0.398,0.000,-1.0000,-1.0000,TRACKING,prediction
1786993649.305,47.6,0.000,0.873,0.837,0.5853,-0.0514,4.08,-0.24712,0.152,0.398,0.000,-1.0000,-1.0000,TRACKING,prediction
1786993649.317,47.6,0.000,0.873,0.837,0.5853,-0.0411,3.26,-0.19770,0.152,0.398,0.000,-1.0000,-1.0000,TRACKING,prediction
1786993649.339,47.6,0.000,0.873,0.837,0.5853,-0.0329,2.61,-0.15816,0.152,0.398,0.000,-1.0000,-1.0000,TRACKING,prediction
1786993649.359,47.6,0.000,0.873,0.837,0.5853,-0.0263,2.09,-0.12653,0.152,0.398,0.000,-1.0000,-1.0000,TRACKING,prediction
1786993649.390,47.6,0.000,0.873,0.837,0.5853,-0.0211,1.67,-0.10122,0.152,0.399,0.000,-1.0000,-1.0000,TRACKING,prediction
1786993649.411,47.6,0.000,0.873,0.837,0.5853,-0.0168,1.34,-0.08098,0.152,0.399,0.000,-1.0000,-1.0000,TRACKING,prediction
1786993649.430,47.6,0.000,0.902,0.837,0.5820,-0.1323,5.47,-0.63875,0.150,0.399,0.000,-1.0000,-1.0000,TRACKING,R+C
1786993649.451,47.6,0.000,0.902,0.837,0.5820,-0.1058,4.37,-0.51100,0.150,0.399,0.000,-1.0000,-1.0000,TRACKING,prediction
1786993649.462,47.6,0.000,0.902,0.837,0.5820,-0.0847,3.50,-0.40880,0.150,0.399,0.000,-1.0000,-1.0000,TRACKING,prediction
1786993649.492,47.6,0.000,0.902,0.837,0.5820,-0.0677,2.80,-0.32704,0.150,0.399,0.000,-1.0000,-1.0000,TRACKING,prediction
1786993649.503,47.6,0.000,0.902,0.837,0.5820,-0.0542,2.24,-0.26163,0.150,0.399,0.000,-1.0000,-1.0000,TRACKING,prediction
1786993649.524,47.6,0.923,0.821,0.000,0.5769,0.2067,23.53,-0.68761,0.150,0.399,0.000,1.0000,0.0317,TRACKING,L+C
1786993649.544,47.6,0.910,0.820,0.000,0.5714,0.2063,23.83,-0.62684,0.150,0.399,0.000,1.0000,1.0000,TRACKING,L+C
1786993649.568,47.6,0.000,0.913,0.820,0.5656,-0.1506,5.36,-0.40876,0.159,0.399,0.000,-1.0000,-0.0887,TRACKING,R+C
1786993649.597,47.6,0.000,0.907,0.827,0.5637,-0.1476,5.42,-0.39249,0.161,0.399,0.000,-1.0000,-1.0000,TRACKING,R+C
1786993649.619,47.6,0.000,0.907,0.827,0.5637,-0.1181,4.33,-0.31399,0.161,0.399,0.000,-1.0000,-1.0000,TRACKING,prediction
1786993649.630,47.6,0.000,0.905,0.837,0.5551,-0.1419,3.41,-0.54901,0.150,0.399,0.000,-1.0000,-1.0000,TRACKING,R+C
1786993649.660,47.6,0.000,0.891,0.840,0.5515,-0.1400,1.47,-0.70961,0.150,0.399,0.000,-1.0000,-1.0000,TRACKING,R+C
1786993649.674,47.6,0.000,0.884,0.842,0.5480,-0.1344,2.49,-0.58552,0.150,0.399,0.000,-1.0000,-1.0000,TRACKING,R+C
1786993649.696,47.6,0.000,0.853,0.850,0.5439,-0.1311,0.23,-0.79812,0.150,0.399,0.000,-1.0000,-1.0000,TRACKING,R+C
1786993649.709,47.6,0.000,0.835,0.860,0.5388,-0.1263,-0.79,-0.86281,0.150,0.399,0.000,-1.0000,-1.0000,TRACKING,R+C
1786993649.721,47.6,0.000,0.807,0.864,0.5356,-0.1218,-2.12,-0.96986,0.150,0.399,0.000,-1.0000,-1.0000,TRACKING,R+C
1786993649.736,47.6,0.000,0.805,0.868,0.5341,-0.1160,-2.44,-0.96162,0.150,0.399,0.000,-1.0000,-1.0000,TRACKING,R+C
1786993649.744,47.6,0.000,0.815,0.873,0.5358,-0.1123,-2.47,-0.94096,0.150,0.399,0.000,-1.0000,-1.0000,TRACKING,R+C
1786993649.764,47.6,0.000,0.806,0.876,0.5359,-0.1112,-3.37,-0.99688,0.150,0.399,0.000,-1.0000,-1.0000,TRACKING,R+C
1786993649.784,47.6,0.000,0.838,0.875,0.5338,-0.1126,-3.66,-0.97536,0.150,0.399,0.000,-1.0000,-1.0000,TRACKING,R+C
1786993649.805,47.6,0.000,0.814,0.875,0.5353,-0.1134,-2.47,-0.92595,0.150,0.400,0.000,-1.0000,-1.0000,TRACKING,R+C
1786993649.825,47.6,0.000,0.845,0.874,0.5386,-0.1163,-0.72,-0.76850,0.150,0.400,0.000,-1.0000,-1.0000,TRACKING,R+C
1786993649.846,47.6,0.000,0.843,0.870,0.5374,-0.1221,-1.49,-0.84327,0.150,0.400,0.000,-1.0000,-1.0000,TRACKING,R+C
1786993649.867,47.6,0.000,0.886,0.870,0.5408,-0.1247,0.93,-0.61122,0.150,0.400,0.000,-1.0000,-1.0000,TRACKING,R+C
1786993649.896,47.6,0.000,0.892,0.871,0.5414,-0.1277,0.88,-0.61829,0.150,0.400,0.000,-1.0000,-1.0000,TRACKING,R+C
1786993649.913,47.6,0.000,0.893,0.875,0.5416,-0.1297,0.73,-0.62355,0.150,0.400,0.000,-1.0000,-1.0000,TRACKING,R+C
1786993649.930,47.6,0.000,0.873,0.870,0.5360,-0.1325,-1.92,-0.85203,0.150,0.400,0.000,-1.0000,-1.0000,TRACKING,R+C
1786993649.944,47.6,0.000,0.818,0.882,0.5294,-0.1319,-4.68,-1.09096,0.150,0.400,0.000,-1.0000,-1.0000,TRACKING,R+C
1786993649.961,47.6,0.000,0.889,0.878,0.5310,-0.1212,0.38,-0.62153,0.150,0.400,0.000,-1.0000,-1.0000,TRACKING,R+C
1786993649.972,47.6,0.000,0.905,0.881,0.5282,-0.1176,0.38,-0.60122,0.150,0.400,0.000,-1.0000,-1.0000,TRACKING,R+C
1786993649.992,47.6,0.000,0.903,0.885,0.5289,-0.1162,0.62,-0.57698,0.150,0.400,0.000,-1.0000,-1.0000,TRACKING,R+C
1786993650.005,47.6,0.000,0.903,0.884,0.5283,-0.1172,0.87,-0.57846,0.150,0.400,0.000,-1.0000,-1.0000,TRACKING,R+C
1786993650.020,47.6,0.000,0.899,0.885,0.5265,-0.1194,0.62,-0.60954,0.150,0.400,0.000,-1.0000,-1.0000,TRACKING,R+C
1786993650.036,47.6,0.000,0.897,0.884,0.5243,-0.1212,0.02,-0.65734,0.150,0.400,0.000,-1.0000,-1.0000,TRACKING,R+C
1786993650.048,47.6,0.000,0.907,0.887,0.5226,-0.1204,0.38,-0.60510,0.150,0.400,0.000,-1.0000,-1.0000,TRACKING,R+C
1786993650.062,47.6,0.000,0.909,0.894,0.5229,-0.1168,0.07,-0.60501,0.150,0.400,0.000,-1.0000,-1.0000,TRACKING,R+C
1786993650.078,47.6,0.000,0.828,0.897,0.5212,-0.1147,-4.03,-1.02290,0.150,0.400,0.000,-1.0000,-1.0000,TRACKING,R+C
1786993650.099,47.6,0.000,0.837,0.908,0.5223,-0.1091,-3.44,-0.95747,0.150,0.400,0.000,-1.0000,-1.0000,TRACKING,R+C
1786993650.118,47.6,0.000,0.831,0.908,0.5252,-0.1055,-3.46,-0.94201,0.150,0.400,0.000,-1.0000,-1.0000,TRACKING,R+C
1786993650.132,47.6,0.000,0.826,0.914,0.5264,-0.1018,-3.25,-0.90229,0.150,0.400,0.000,-1.0000,-1.0000,TRACKING,R+C
1786993650.146,47.6,0.000,0.833,0.913,0.5271,-0.0973,-2.99,-0.87411,0.150,0.400,0.000,-1.0000,-1.0000,TRACKING,R+C
1786993650.162,47.6,0.000,0.834,0.928,0.5276,-0.0913,-3.03,-0.86745,0.150,0.400,0.000,-1.0000,-1.0000,TRACKING,R+C
1786993650.196,53.9,0.000,0.838,0.924,0.5259,-0.0856,-3.32,-0.85684,0.150,0.400,0.000,-1.0000,-1.0000,TRACKING,R+C
1786993650.210,53.9,0.000,0.839,0.925,0.5257,-0.0791,-3.53,-0.85014,0.150,0.400,0.000,-1.0000,-1.0000,TRACKING,R+C
1786993650.221,53.9,0.000,0.847,0.935,0.5240,-0.0678,-2.07,-0.76400,0.150,0.400,0.000,-0.9837,-1.0000,TRACKING,R+C
1786993650.238,53.9,0.000,0.843,0.940,0.5199,-0.0599,-2.44,-0.79990,0.150,0.400,0.000,-0.9046,-0.9424,TRACKING,R+C
1786993650.251,53.9,0.000,0.852,0.935,0.5110,-0.0524,-2.35,-0.80934,0.150,0.400,0.000,-0.8282,-0.8628,TRACKING,R+C
1786993650.265,53.9,0.000,0.851,0.939,0.5079,-0.0452,-1.45,-0.75486,0.150,0.400,0.000,-0.7653,-0.7973,TRACKING,R+C
1786993650.292,53.9,0.000,0.872,0.937,0.5060,-0.0387,-0.05,-0.64396,0.150,0.400,0.000,-0.7148,-0.7444,TRACKING,R+C
1786993650.306,53.9,0.000,0.869,0.929,0.5020,-0.0346,-0.04,-0.66122,0.150,0.400,0.000,-0.6644,-0.6925,TRACKING,R+C
1786993650.319,53.9,0.000,0.865,0.935,0.4964,-0.0304,-1.13,-0.76630,0.150,0.400,0.000,-0.5850,-0.6108,TRACKING,R+C
1786993650.340,53.9,0.370,0.856,0.930,0.4803,-0.0216,0.20,-0.69928,0.150,0.400,0.000,-0.4946,-0.5178,TRACKING,L+C+R_fused
1786993650.370,53.9,0.604,0.851,0.704,0.5113,-0.0159,0.71,-0.68483,0.150,0.400,0.000,-0.4231,-0.4443,TRACKING,L+C+R_fused
1786993650.398,53.9,0.368,0.852,0.353,0.4029,-0.0134,1.07,-0.66933,0.150,0.400,0.000,-0.3963,-0.4168,TRACKING,L+C+R_fused
1786993650.413,53.9,0.000,0.854,0.347,0.4617,-0.0137,1.80,-0.63263,0.150,0.400,0.000,-0.4237,-0.4451,TRACKING,R+C
1786993650.441,53.9,0.378,0.850,0.357,0.5969,-0.0155,2.23,-0.60335,0.150,0.400,0.000,-0.4635,-0.4860,TRACKING,L+C+R_fused
1786993650.455,53.9,0.000,0.856,0.348,0.4484,-0.0178,3.19,-0.52105,0.150,0.400,0.000,-0.5231,-0.5472,TRACKING,R+C
1786993650.472,53.9,0.000,0.857,0.601,0.4719,-0.0206,3.26,-0.55295,0.150,0.400,0.000,-0.5715,-0.5976,TRACKING,R+C
1786993650.488,53.9,0.000,0.853,0.324,0.4028,-0.0235,3.48,-0.54590,0.150,0.400,0.000,-0.6185,-0.6463,TRACKING,R+C
1786993650.507,53.9,0.000,0.850,0.355,0.5534,-0.0251,4.47,-0.47253,0.153,0.400,0.000,-0.6436,-0.6728,TRACKING,R+C
1786993650.527,53.9,0.000,0.844,0.350,0.5186,-0.0269,4.81,-0.46356,0.154,0.400,0.000,-0.6710,-0.7015,TRACKING,R+C
1786993650.541,53.9,0.000,0.835,0.707,0.5159,-0.0275,3.62,-0.64240,0.150,0.400,0.000,-0.6900,-0.7217,TRACKING,R+C
1786993650.555,53.9,0.000,0.836,0.348,0.4059,-0.0262,3.40,-0.70573,0.150,0.400,0.000,-0.6747,-0.7065,TRACKING,R+C
1786993650.569,53.9,0.000,0.834,0.348,0.5802,-0.0226,2.34,-0.91060,0.150,0.400,0.000,-0.6192,-0.6509,TRACKING,R+C
1786993650.590,53.9,0.000,0.833,0.611,0.5610,-0.0191,1.62,-0.96294,0.150,0.400,0.000,-0.5505,-0.5800,TRACKING,R+C
1786993650.611,53.9,0.000,0.843,0.351,0.5682,-0.0138,1.70,-0.98862,0.150,0.400,0.000,-0.4787,-0.5064,TRACKING,R+C
1786993650.623,53.9,0.000,0.833,0.354,0.4053,-0.0112,2.81,-0.93216,0.150,0.400,0.000,-0.4731,-0.5008,TRACKING,R+C
1786993650.652,53.9,0.000,0.833,0.356,0.5695,-0.0114,3.46,-0.88937,0.150,0.400,0.000,-0.4950,-0.5234,TRACKING,R+C
1786993650.672,53.9,0.000,0.824,0.000,0.5695,-0.0152,2.91,-0.98385,0.150,0.400,0.000,-0.5449,-0.5755,TRACKING,C_only
1786993650.687,53.9,0.000,0.814,0.000,0.5695,-0.0199,2.42,-1.08439,0.150,0.400,0.000,-0.6084,-0.6421,TRACKING,C_only
1786993650.700,53.9,0.000,0.810,0.375,0.4780,-0.0235,3.54,-1.00104,0.150,0.400,0.000,-0.6845,-0.7207,TRACKING,R+C
1786993650.713,53.9,0.000,0.811,0.345,0.4570,-0.0287,3.93,-0.96551,0.150,0.400,0.000,-0.7566,-0.7954,TRACKING,R+C
1786993650.729,53.9,0.000,0.811,0.341,0.5393,-0.0339,3.37,-1.07420,0.150,0.400,0.000,-0.8143,-0.8564,TRACKING,R+C
1786993650.740,53.9,0.000,0.789,0.373,0.5386,-0.0387,2.51,-1.24406,0.150,0.400,0.000,-0.8617,-0.9073,TRACKING,R+C
1786993650.756,53.9,0.799,0.317,0.356,0.4434,0.2764,15.63,-1.00748,0.150,0.400,0.000,1.0000,0.2160,TRACKING,L+C+R_fused
1786993650.780,53.9,0.799,0.317,0.356,0.4434,0.2212,12.51,-0.80599,0.150,0.394,0.000,1.0000,1.0000,TRACKING,prediction
1786993650.791,53.9,0.799,0.317,0.356,0.4434,0.1769,10.01,-0.64479,0.150,0.384,0.000,1.0000,1.0000,TRACKING,prediction
1786993650.803,53.9,0.799,0.317,0.356,0.4434,0.1415,8.00,-0.51583,0.150,0.371,0.000,1.0000,1.0000,TRACKING,prediction
1786993650.835,53.9,0.799,0.317,0.356,0.4434,0.1132,6.40,-0.41267,0.150,0.358,0.000,1.0000,1.0000,TRACKING,prediction
1786993650.856,53.9,0.799,0.317,0.356,0.4434,0.0906,5.12,-0.33013,0.150,0.334,0.000,1.0000,1.0000,UNCERTAIN,prediction
1786993650.879,53.9,0.799,0.317,0.356,0.4434,0.0725,4.10,-0.26411,0.150,0.318,0.000,1.0000,1.0000,UNCERTAIN,prediction
1786993650.899,53.9,0.799,0.317,0.356,0.4434,0.0580,3.28,-0.21128,0.150,0.306,0.000,1.0000,1.0000,UNCERTAIN,prediction
1786993650.915,53.9,0.799,0.317,0.356,0.4434,0.0464,2.62,-0.16903,0.150,0.294,0.000,1.0000,1.0000,UNCERTAIN,prediction
1786993650.928,53.9,0.799,0.317,0.356,0.4434,0.0371,2.10,-0.13522,0.150,0.281,0.000,1.0000,1.0000,UNCERTAIN,prediction
1786993650.957,53.9,0.799,0.317,0.356,0.4434,0.0297,1.68,-0.10818,0.150,0.269,0.000,1.0000,1.0000,UNCERTAIN,prediction
1786993650.967,53.9,0.799,0.317,0.356,0.4434,0.0237,1.34,-0.08654,0.150,0.256,0.000,1.0000,1.0000,UNCERTAIN,prediction
1786993650.996,53.9,0.799,0.317,0.356,0.4434,0.0190,1.07,-0.06923,0.150,0.244,0.000,1.0000,1.0000,UNCERTAIN,prediction
1786993651.016,53.9,0.799,0.317,0.356,0.4434,0.0152,0.86,-0.05539,0.150,0.232,0.000,1.0000,1.0000,UNCERTAIN,prediction
1786993651.038,53.9,0.799,0.317,0.356,0.4434,0.0122,0.69,-0.04431,0.150,0.221,0.000,1.0000,1.0000,UNCERTAIN,prediction
1786993651.054,53.9,0.799,0.317,0.356,0.4434,0.0097,0.55,-0.03545,0.150,0.210,0.000,1.0000,1.0000,UNCERTAIN,prediction
1786993651.065,53.9,0.000,0.792,0.848,0.6153,-0.0847,4.36,-1.75440,0.150,0.220,0.000,-1.0000,-0.0802,TRACKING,R+C
1786993651.085,53.9,0.000,0.792,0.848,0.6153,-0.0678,3.49,-1.40352,0.150,0.229,0.000,-1.0000,-1.0000,TRACKING,prediction
1786993651.116,53.9,0.000,0.792,0.848,0.6153,-0.0542,2.79,-1.12282,0.150,0.237,0.000,-1.0000,-1.0000,TRACKING,prediction
1786993651.138,53.9,0.000,0.792,0.848,0.6153,-0.0434,2.23,-0.89825,0.150,0.246,0.000,-1.0000,-1.0000,TRACKING,prediction
1786993651.160,53.9,0.000,0.792,0.848,0.6153,-0.0347,1.79,-0.71860,0.150,0.253,0.000,-1.0000,-1.0000,TRACKING,prediction
1786993651.179,53.9,0.000,0.792,0.848,0.6153,-0.0278,1.43,-0.57488,0.150,0.261,0.000,-1.0000,-1.0000,TRACKING,prediction
1786993651.199,53.8,0.000,0.792,0.848,0.6153,-0.0222,1.14,-0.45991,0.150,0.268,0.000,-1.0000,-1.0000,TRACKING,prediction
1786993651.216,53.8,0.000,0.792,0.848,0.6153,-0.0178,0.91,-0.36792,0.150,0.274,0.000,-1.0000,-1.0000,TRACKING,prediction
1786993651.243,53.8,0.000,0.792,0.848,0.6153,-0.0142,0.73,-0.29434,0.150,0.280,0.000,-1.0000,-1.0000,TRACKING,prediction
1786993651.252,53.8,0.000,0.792,0.829,0.6572,-0.0988,10.95,-1.21966,0.150,0.286,0.000,-1.0000,-1.0000,TRACKING,R+C
1786993651.283,53.8,0.000,0.792,0.829,0.6572,-0.0791,8.76,-0.97572,0.150,0.292,0.000,-1.0000,-1.0000,TRACKING,prediction
1786993651.303,53.8,0.000,0.792,0.829,0.6572,-0.0633,7.01,-0.78058,0.150,0.298,0.000,-1.0000,-1.0000,TRACKING,prediction
1786993651.323,53.8,0.000,0.792,0.829,0.6572,-0.0506,5.60,-0.62446,0.150,0.303,0.000,-1.0000,-1.0000,TRACKING,prediction
1786993651.339,53.8,0.000,0.792,0.829,0.6572,-0.0405,4.48,-0.49957,0.150,0.308,0.000,-1.0000,-1.0000,TRACKING,prediction
1786993651.359,53.8,0.000,0.822,0.803,0.6793,-0.1236,16.18,-0.51560,0.150,0.312,0.000,-1.0000,-1.0000,TRACKING,R+C
1786993651.391,53.8,0.000,0.822,0.803,0.6793,-0.0988,12.95,-0.41248,0.150,0.317,0.000,-1.0000,-1.0000,TRACKING,prediction
1786993651.411,53.8,0.000,0.822,0.803,0.6793,-0.0791,10.36,-0.32998,0.150,0.321,0.000,-1.0000,-1.0000,TRACKING,prediction
1786993651.433,53.8,0.000,0.822,0.803,0.6793,-0.0633,8.29,-0.26398,0.150,0.325,0.000,-1.0000,-1.0000,TRACKING,prediction
1786993651.455,53.8,0.000,0.822,0.803,0.6793,-0.0506,6.63,-0.21119,0.150,0.328,0.000,-1.0000,-1.0000,TRACKING,prediction
1786993651.475,53.8,0.000,0.822,0.803,0.6793,-0.0405,5.30,-0.16895,0.150,0.332,0.000,-1.0000,-1.0000,TRACKING,prediction
1786993651.495,53.8,0.000,0.822,0.803,0.6793,-0.0324,4.24,-0.13516,0.150,0.335,0.000,-1.0000,-1.0000,TRACKING,prediction
1786993651.518,53.8,0.000,0.822,0.803,0.6793,-0.0259,3.39,-0.10813,0.150,0.339,0.000,-1.0000,-1.0000,TRACKING,prediction
1786993651.540,53.8,0.000,0.822,0.803,0.6793,-0.0207,2.72,-0.08650,0.150,0.342,0.000,-1.0000,-1.0000,TRACKING,prediction
1786993651.560,53.8,0.000,0.822,0.803,0.6793,-0.0166,2.17,-0.06920,0.150,0.345,0.000,-1.0000,-1.0000,TRACKING,prediction
1786993651.581,53.8,0.000,0.822,0.803,0.6793,-0.0133,1.74,-0.05536,0.150,0.347,0.000,-1.0000,-1.0000,TRACKING,prediction
1786993651.602,53.8,0.000,0.822,0.803,0.6793,-0.0106,1.39,-0.04429,0.150,0.348,0.000,-1.0000,-1.0000,TRACKING,prediction
1786993651.622,53.8,0.000,0.822,0.803,0.6793,-0.0085,1.11,-0.03543,0.150,0.348,0.000,-1.0000,-1.0000,TRACKING,prediction
1786993651.644,53.8,0.000,0.822,0.803,0.6793,-0.0068,0.89,-0.02835,0.150,0.344,0.000,-1.0000,-1.0000,TRACKING,prediction
1786993651.658,53.8,0.000,0.822,0.803,0.6793,-0.0054,0.71,-0.02268,0.150,0.325,0.000,-1.0000,-1.0000,UNCERTAIN,prediction
1786993651.686,53.8,0.000,0.822,0.803,0.6793,-0.0043,0.57,-0.01814,0.150,0.311,0.000,-1.0000,-1.0000,UNCERTAIN,prediction
1786993651.697,53.8,0.000,0.822,0.803,0.6793,-0.0035,0.46,-0.01451,0.150,0.302,0.000,-1.0000,-1.0000,UNCERTAIN,prediction
1786993651.720,53.8,0.000,0.822,0.803,0.6793,-0.0028,0.36,-0.01161,0.150,0.293,0.000,-1.0000,-1.0000,UNCERTAIN,prediction
1786993651.737,53.8,0.000,0.822,0.803,0.6793,-0.0022,0.29,-0.00929,0.150,0.282,0.000,-1.0000,-1.0000,UNCERTAIN,prediction
1786993651.757,53.8,0.000,0.822,0.803,0.6793,-0.0018,0.23,-0.00743,0.150,0.271,0.000,-1.0000,-1.0000,UNCERTAIN,prediction
1786993651.767,53.8,0.743,0.655,0.000,0.6652,0.1733,0.48,-1.69847,0.150,0.278,0.000,1.0000,0.0496,TRACKING,L+C
1786993651.796,53.8,0.743,0.655,0.000,0.6652,0.1386,0.39,-1.35878,0.150,0.284,0.000,1.0000,1.0000,TRACKING,prediction
1786993651.812,53.8,0.743,0.655,0.000,0.6652,0.1109,0.31,-1.08702,0.150,0.290,0.000,1.0000,1.0000,TRACKING,prediction
1786993651.829,53.8,0.718,0.645,0.000,0.6386,0.1793,4.21,-1.19218,0.150,0.295,0.000,1.0000,1.0000,TRACKING,L+C
1786993651.839,53.8,0.000,0.713,0.643,0.6305,-0.1708,-3.31,-0.57256,0.150,0.300,0.000,-1.0000,-0.0839,TRACKING,R+C
1786993651.870,53.8,0.000,0.710,0.644,0.6246,-0.1667,-4.05,-0.58433,0.150,0.305,0.000,-1.0000,-1.0000,TRACKING,R+C
1786993651.890,53.8,0.000,0.704,0.629,0.5991,-0.1621,-4.87,-0.60201,0.150,0.310,0.000,-1.0000,-1.0000,TRACKING,R+C
1786993651.912,53.8,0.000,0.704,0.618,0.5983,-0.1574,-6.04,-0.65402,0.150,0.315,0.000,-1.0000,-1.0000,TRACKING,R+C
1786993651.932,53.8,0.000,0.698,0.618,0.5896,-0.1526,-6.79,-0.66798,0.150,0.319,0.000,-1.0000,-1.0000,TRACKING,R+C
1786993651.943,53.8,0.000,0.697,0.616,0.5832,-0.1490,-8.71,-0.76425,0.150,0.323,0.000,-1.0000,-1.0000,TRACKING,R+C
1786993651.974,53.8,0.000,0.697,0.616,0.5832,-0.1192,-6.97,-0.61140,0.150,0.327,0.000,-1.0000,-1.0000,TRACKING,prediction
1786993651.995,53.8,0.000,0.692,0.615,0.5787,-0.1389,-9.19,-0.79416,0.150,0.330,0.000,-1.0000,-1.0000,TRACKING,R+C
1786993652.015,53.8,0.000,0.690,0.615,0.5773,-0.1383,-9.57,-0.80820,0.150,0.334,0.000,-1.0000,-1.0000,TRACKING,R+C
1786993652.033,53.8,0.000,0.693,0.616,0.5736,-0.1404,-10.47,-0.87140,0.150,0.337,0.000,-1.0000,-1.0000,TRACKING,R+C
1786993652.044,53.8,0.000,0.694,0.616,0.5687,-0.1450,-12.21,-1.00111,0.150,0.340,0.000,-1.0000,-1.0000,TRACKING,R+C
1786993652.068,53.8,0.000,0.691,0.616,0.5688,-0.1498,-14.13,-1.12143,0.150,0.343,0.000,-1.0000,-1.0000,TRACKING,R+C
1786993652.099,53.8,0.000,0.688,0.618,0.5720,-0.1466,-12.97,-1.08777,0.150,0.346,0.000,-1.0000,-1.0000,TRACKING,R+C
1786993652.120,53.8,0.000,0.690,0.618,0.5687,-0.1427,-13.23,-1.10766,0.150,0.349,0.000,-1.0000,-1.0000,TRACKING,R+C
1786993652.131,53.8,0.000,0.689,0.617,0.5651,-0.1359,-13.41,-1.14086,0.150,0.351,0.000,-1.0000,-1.0000,TRACKING,R+C
1786993652.150,53.8,0.000,0.689,0.618,0.5568,-0.1282,-14.12,-1.18447,0.150,0.354,0.000,-1.0000,-1.0000,TRACKING,R+C
1786993652.181,53.8,0.000,0.688,0.616,0.5510,-0.1205,-14.89,-1.23958,0.150,0.356,0.000,-1.0000,-1.0000,TRACKING,R+C
1786993652.196,53.8,0.000,0.688,0.619,0.5422,-0.1134,-16.56,-1.34466,0.150,0.358,0.000,-1.0000,-1.0000,TRACKING,R+C
1786993652.213,49.3,0.000,0.690,0.624,0.5322,-0.1013,-16.69,-1.41446,0.150,0.360,0.000,-1.0000,-1.0000,TRACKING,R+C
1786993652.235,49.3,0.000,0.690,0.624,0.5322,-0.0811,-13.35,-1.13157,0.150,0.362,0.000,-1.0000,-1.0000,TRACKING,prediction
1786993652.255,49.3,0.000,0.690,0.624,0.5322,-0.0649,-10.68,-0.90526,0.150,0.364,0.000,-1.0000,-1.0000,TRACKING,prediction
1786993652.274,49.3,0.687,0.713,0.656,0.4242,-0.0719,-17.80,-1.60344,0.150,0.366,0.000,-0.7110,-0.7420,TRACKING,L+C+R_fused
1786993652.302,49.3,0.687,0.725,0.652,0.4309,-0.0650,-17.40,-1.62727,0.150,0.368,0.000,-0.6373,-0.6663,TRACKING,L+C+R_fused
1786993652.319,49.3,0.683,0.720,0.653,0.4150,-0.0620,-17.19,-1.67865,0.150,0.369,0.000,-0.6108,-0.6398,TRACKING,L+C+R_fused
1786993652.332,49.3,0.682,0.713,0.658,0.4100,-0.0564,-14.49,-1.61170,0.150,0.371,0.000,-0.6139,-0.6432,TRACKING,L+C+R_fused
1786993652.363,49.3,0.527,0.699,0.658,0.4588,-0.0523,-13.17,-1.62938,0.150,0.372,0.000,-0.6039,-0.6339,TRACKING,L+C+R_fused
1786993652.382,49.3,0.000,0.708,0.676,0.4898,-0.0468,-12.04,-1.63762,0.150,0.374,0.000,-0.5661,-0.5956,TRACKING,R+C
1786993652.394,49.3,0.000,0.719,0.706,0.5046,-0.0389,-10.84,-1.62958,0.150,0.375,0.000,-0.4919,-0.5196,TRACKING,R+C
1786993652.425,49.3,0.517,0.738,0.771,0.4372,-0.0295,-11.48,-1.74649,0.150,0.376,0.000,-0.3388,-0.3633,TRACKING,L+C+R_fused
1786993652.446,49.3,0.686,0.738,0.913,0.4138,-0.0171,-9.97,-1.72532,0.150,0.377,0.000,-0.1853,-0.2061,TRACKING,L+C+R_fused
1786993652.467,49.3,0.689,0.696,0.723,0.4402,-0.0033,-6.45,-1.52084,0.150,0.379,0.000,-0.0544,-0.0712,TRACKING,L+C+R_fused
1786993652.488,49.3,0.684,0.735,0.799,0.4493,0.0032,-8.00,-1.72972,0.150,0.380,0.000,0.0882,0.0733,TRACKING,L+C+R_fused
1786993652.502,49.3,0.686,0.747,0.914,0.4529,0.0106,-6.38,-1.67942,0.150,0.381,0.000,0.1591,0.1458,TRACKING,L+C+R_fused
1786993652.513,49.3,0.689,0.748,0.912,0.4485,0.0150,-4.09,-1.54631,0.150,0.382,0.000,0.1617,0.1487,TRACKING,L+C+R_fused
1786993652.540,49.3,0.686,0.757,0.921,0.4408,0.0148,-3.90,-1.60513,0.150,0.383,0.000,0.1392,0.1246,TRACKING,L+C+R_fused
1786993652.554,49.3,0.000,0.700,0.910,0.4889,0.0184,0.51,-1.28099,0.150,0.383,0.000,0.0680,0.0524,TRACKING,R+C
1786993652.576,49.3,0.000,0.701,0.923,0.4929,0.0178,1.58,-1.27458,0.150,0.384,0.000,0.0114,-0.0064,TRACKING,R+C
1786993652.598,49.3,0.000,0.712,0.918,0.5051,0.0132,-0.27,-1.54966,0.150,0.385,0.000,-0.0384,-0.0597,TRACKING,R+C
1786993652.625,49.3,0.000,0.712,0.919,0.5118,0.0116,2.08,-1.40607,0.150,0.386,0.000,-0.1461,-0.1702,TRACKING,R+C
1786993652.647,49.3,0.000,0.758,0.912,0.5191,0.0085,2.84,-1.41999,0.150,0.387,0.000,-0.2350,-0.2623,TRACKING,R+C
1786993652.673,49.3,0.000,0.756,0.899,0.5195,0.0048,3.42,-1.41491,0.150,0.387,0.000,-0.3220,-0.3522,TRACKING,R+C
1786993652.687,49.3,0.000,0.726,0.890,0.5369,0.0048,7.65,-1.03565,0.150,0.388,0.000,-0.4361,-0.4682,TRACKING,R+C
1786993652.697,49.3,0.000,0.701,0.892,0.5443,0.0012,8.06,-1.05674,0.150,0.388,0.000,-0.5117,-0.5468,TRACKING,R+C
1786993652.721,49.3,0.000,0.716,0.880,0.5543,-0.0056,6.58,-1.27011,0.150,0.389,0.000,-0.5862,-0.6252,TRACKING,R+C
1786993652.741,49.3,0.000,0.693,0.881,0.5685,-0.0084,10.37,-0.90499,0.150,0.390,0.000,-0.7070,-0.7487,TRACKING,R+C
1786993652.762,49.3,0.000,0.691,0.880,0.5778,-0.0145,10.88,-0.90635,0.150,0.390,0.000,-0.7966,-0.8424,TRACKING,R+C
1786993652.783,49.3,0.000,0.685,0.863,0.5866,-0.0179,13.70,-0.66680,0.150,0.391,0.000,-0.8885,-0.9375,TRACKING,R+C
1786993652.804,49.3,0.000,0.684,0.861,0.5950,-0.0186,18.30,-0.16640,0.183,0.391,0.000,-0.8551,-0.9046,TRACKING,R+C
1786993652.829,49.3,0.000,0.684,0.854,0.6051,-0.0226,17.79,-0.23665,0.176,0.392,0.000,-0.7944,-0.8461,TRACKING,R+C
1786993652.849,49.3,0.000,0.682,0.851,0.6042,-0.0238,16.32,-0.41900,0.158,0.392,0.000,-0.9208,-0.9735,TRACKING,R+C
1786993652.867,49.3,0.000,0.676,0.857,0.6052,-0.0161,21.95,0.14338,0.186,0.392,0.000,-0.8713,-0.9210,TRACKING,R+C
1786993652.888,49.3,0.000,0.679,0.850,0.5967,-0.0175,19.44,-0.12172,0.188,0.393,0.000,-0.8415,-0.8921,TRACKING,R+C
1786993652.918,49.3,0.000,0.679,0.850,0.5967,-0.0140,15.55,-0.09738,0.188,0.393,0.000,-0.8415,-0.8921,TRACKING,prediction
1786993652.939,49.3,0.000,0.679,0.850,0.5967,-0.0112,12.44,-0.07790,0.188,0.393,0.000,-0.8415,-0.8921,TRACKING,prediction
1786993652.959,49.3,0.000,0.679,0.850,0.5967,-0.0090,9.95,-0.06232,0.188,0.394,0.000,-0.8415,-0.8921,TRACKING,prediction
1786993652.981,49.3,0.000,0.679,0.850,0.5967,-0.0072,7.96,-0.04986,0.188,0.394,0.000,-0.8415,-0.8921,TRACKING,prediction
1786993653.001,49.3,0.000,0.679,0.850,0.5967,-0.0057,6.37,-0.03989,0.188,0.394,0.000,-0.8415,-0.8921,TRACKING,prediction
1786993653.022,49.3,0.000,0.679,0.850,0.5967,-0.0046,5.10,-0.03191,0.188,0.395,0.000,-0.8415,-0.8921,TRACKING,prediction
1786993653.042,49.3,0.000,0.679,0.850,0.5967,-0.0037,4.08,-0.02553,0.188,0.395,0.000,-0.8415,-0.8921,TRACKING,prediction
1786993653.062,49.3,0.000,0.679,0.850,0.5967,-0.0029,3.26,-0.02042,0.188,0.400,0.000,-0.8415,-0.8921,TRACKING,prediction
1786993653.078,49.3,0.000,0.679,0.850,0.5967,-0.0023,2.61,-0.01634,0.188,0.404,0.000,-0.8415,-0.8921,TRACKING,prediction
1786993653.089,49.3,0.000,0.679,0.850,0.5967,-0.0019,2.09,-0.01307,0.188,0.407,0.000,-0.8415,-0.8921,TRACKING,prediction
1786993653.110,49.3,0.000,0.679,0.850,0.5967,-0.0015,1.67,-0.01046,0.188,0.408,0.000,-0.8415,-0.8921,TRACKING,prediction
1786993653.124,49.3,0.000,0.679,0.850,0.5967,-0.0012,1.34,-0.00836,0.188,0.409,0.000,-0.8415,-0.8921,TRACKING,prediction
1786993653.155,49.3,0.000,0.679,0.850,0.5967,-0.0010,1.07,-0.00669,0.188,0.370,0.000,-0.8415,-0.8921,UNCERTAIN,prediction
1786993653.173,49.3,0.000,0.683,0.870,0.5996,-0.0298,18.52,-0.11704,0.188,0.376,0.000,-0.8962,-0.9504,TRACKING,R+C
1786993653.191,49.3,0.000,0.683,0.870,0.5996,-0.0238,14.81,-0.09363,0.188,0.383,0.000,-0.8962,-0.9504,TRACKING,prediction
1786993653.204,49.3,0.000,0.688,0.861,0.5931,-0.0275,18.13,-0.13985,0.186,0.389,0.000,-0.8905,-0.9433,TRACKING,R+C
1786993653.228,49.3,0.000,0.690,0.869,0.5878,-0.0255,18.26,-0.08885,0.191,0.394,0.000,-0.8400,-0.8911,TRACKING,R+C
1786993653.258,49.3,0.000,0.687,0.876,0.5830,-0.0221,18.58,-0.04611,0.195,0.399,0.000,-0.7919,-0.8411,TRACKING,R+C
1786993653.270,49.3,0.000,0.690,0.882,0.5797,-0.0209,17.25,-0.13380,0.187,0.404,0.000,-0.8169,-0.8645,TRACKING,R+C
1786993653.290,49.3,0.000,0.691,0.890,0.5765,-0.0167,17.57,-0.09575,0.190,0.409,0.000,-0.7653,-0.8108,TRACKING,R+C
1786993653.311,49.3,0.000,0.699,0.879,0.5690,-0.0176,14.07,-0.39612,0.160,0.406,0.000,-0.7832,-0.8275,TRACKING,R+C
1786993653.332,49.3,0.000,0.701,0.888,0.5611,-0.0202,10.26,-0.67425,0.150,0.405,0.000,-0.8148,-0.8574,TRACKING,R+C
1786993653.353,49.3,0.000,0.704,0.895,0.5537,-0.0147,10.64,-0.63921,0.150,0.403,0.000,-0.7579,-0.7981,TRACKING,R+C
1786993653.374,49.3,0.000,0.703,0.898,0.5521,-0.0022,15.71,-0.18812,0.181,0.402,0.000,-0.6624,-0.6989,TRACKING,R+C
1786993653.395,49.3,0.000,0.790,0.910,0.5390,-0.0036,9.74,-0.78379,0.150,0.402,0.000,-0.6022,-0.6380,TRACKING,R+C
1786993653.416,49.3,0.000,0.788,0.923,0.5339,-0.0022,8.34,-0.90412,0.150,0.401,0.000,-0.5478,-0.5822,TRACKING,R+C
1786993653.441,49.3,0.000,0.788,0.923,0.5339,-0.0017,6.67,-0.72330,0.150,0.401,0.000,-0.5478,-0.5822,TRACKING,prediction
1786993653.466,49.3,0.000,0.788,0.923,0.5339,-0.0014,5.34,-0.57864,0.150,0.401,0.000,-0.5478,-0.5822,TRACKING,prediction
1786993653.485,49.3,0.000,0.788,0.923,0.5339,-0.0011,4.27,-0.46291,0.150,0.400,0.000,-0.5478,-0.5822,TRACKING,prediction
1786993653.497,49.3,0.000,0.786,0.902,0.5404,-0.0102,8.53,-0.88229,0.150,0.400,0.000,-0.6636,-0.7018,TRACKING,R+C
1786993653.530,49.3,0.000,0.786,0.902,0.5404,-0.0082,6.83,-0.70583,0.150,0.400,0.000,-0.6636,-0.7018,TRACKING,prediction
1786993653.540,49.3,0.000,0.810,0.885,0.5544,-0.0239,10.31,-0.69525,0.150,0.400,0.000,-0.8588,-0.9037,TRACKING,R+C
1786993653.561,49.3,0.000,0.797,0.880,0.5577,-0.0334,9.38,-0.77749,0.150,0.400,0.000,-0.9380,-0.9869,TRACKING,R+C
1786993653.583,49.3,0.000,0.795,0.888,0.5630,-0.0402,8.85,-0.82378,0.150,0.400,0.000,-0.9920,-1.0000,TRACKING,R+C
1786993653.607,49.3,0.000,0.780,0.872,0.5652,-0.0467,8.25,-0.87641,0.150,0.400,0.000,-1.0000,-1.0000,TRACKING,R+C
1786993653.624,49.3,0.000,0.789,0.873,0.5681,-0.0511,8.32,-0.85727,0.150,0.400,0.000,-1.0000,-1.0000,TRACKING,R+C
1786993653.651,49.3,0.000,0.813,0.860,0.5714,-0.0533,8.85,-0.77524,0.150,0.400,0.000,-1.0000,-1.0000,TRACKING,R+C
1786993653.672,49.3,0.000,0.807,0.858,0.5676,-0.0526,8.61,-0.76053,0.150,0.400,0.000,-1.0000,-1.0000,TRACKING,R+C
1786993653.682,49.3,0.000,0.806,0.866,0.5592,-0.0496,7.96,-0.80056,0.150,0.400,0.000,-1.0000,-1.0000,TRACKING,R+C
1786993653.703,49.3,0.000,0.799,0.870,0.5508,-0.0467,6.60,-0.88878,0.150,0.400,0.000,-1.0000,-1.0000,TRACKING,R+C
1786993653.731,49.3,0.000,0.790,0.884,0.5461,-0.0410,6.52,-0.86766,0.150,0.400,0.000,-0.9479,-0.9960,TRACKING,R+C
1786993653.743,49.3,0.000,0.792,0.892,0.5446,-0.0341,6.85,-0.81634,0.150,0.400,0.000,-0.8837,-0.9283,TRACKING,R+C
1786993653.766,49.3,0.000,0.786,0.902,0.5398,-0.0285,6.69,-0.81339,0.150,0.400,0.000,-0.8188,-0.8604,TRACKING,R+C
1786993653.794,49.3,0.000,0.797,0.896,0.5341,-0.0233,6.83,-0.77305,0.150,0.400,0.000,-0.7577,-0.7964,TRACKING,R+C
1786993653.809,49.3,0.000,0.799,0.901,0.5258,-0.0192,6.35,-0.80639,0.150,0.400,0.000,-0.6959,-0.7323,TRACKING,R+C
1786993653.827,49.3,0.000,0.804,0.904,0.5199,-0.0149,6.06,-0.80608,0.150,0.400,0.000,-0.6292,-0.6630,TRACKING,R+C
1786993653.848,49.3,0.858,0.810,0.925,0.5110,-0.0126,5.52,-0.82274,0.150,0.400,0.000,-0.5790,-0.6108,TRACKING,L+C+R_fused
1786993653.875,49.3,0.957,0.810,0.926,0.5098,-0.0109,4.90,-0.85159,0.150,0.400,0.000,-0.5361,-0.5664,TRACKING,L+C+R_fused
1786993653.895,49.3,0.956,0.810,0.921,0.5086,-0.0086,5.71,-0.78921,0.150,0.400,0.000,-0.5240,-0.5538,TRACKING,L+C+R_fused
1786993653.907,49.3,0.956,0.810,0.921,0.5086,-0.0069,4.57,-0.63137,0.150,0.400,0.000,-0.5240,-0.5538,TRACKING,prediction
1786993653.937,49.3,0.956,0.810,0.921,0.5086,-0.0055,3.66,-0.50510,0.150,0.400,0.000,-0.5240,-0.5538,TRACKING,prediction
1786993653.959,49.3,0.000,0.734,0.911,0.5245,-0.0162,7.28,-0.62835,0.150,0.400,0.000,-0.6635,-0.6971,TRACKING,R+C
1786993653.977,49.3,0.000,0.811,0.917,0.5252,-0.0184,5.82,-0.76085,0.150,0.400,0.000,-0.6614,-0.6955,TRACKING,R+C
1786993653.991,49.3,0.000,0.804,0.920,0.5239,-0.0153,5.73,-0.76955,0.150,0.400,0.000,-0.6179,-0.6505,TRACKING,R+C
1786993654.022,49.3,0.916,0.797,0.926,0.5083,-0.0114,4.66,-0.82880,0.150,0.400,0.000,-0.5318,-0.5615,TRACKING,L+C+R_fused
1786993654.033,49.3,0.856,0.790,0.931,0.4901,-0.0030,5.33,-0.76880,0.150,0.400,0.000,-0.4187,-0.4447,TRACKING,L+C+R_fused
1786993654.065,49.3,0.957,0.795,0.925,0.5205,0.0046,5.41,-0.74683,0.150,0.400,0.000,-0.2951,-0.3174,TRACKING,L+C+R_fused
1786993654.085,49.3,0.956,0.791,0.923,0.5070,0.0118,5.42,-0.74203,0.150,0.400,0.000,-0.1705,-0.1892,TRACKING,L+C+R_fused
1786993654.106,49.3,0.950,0.804,0.892,0.5117,0.0166,5.50,-0.72774,0.150,0.400,0.000,-0.0879,-0.1043,TRACKING,L+C+R_fused
1786993654.117,49.3,0.952,0.807,0.933,0.5133,0.0200,5.38,-0.75188,0.150,0.400,0.000,-0.0267,-0.0417,TRACKING,L+C+R_fused
1786993654.148,49.3,0.952,0.807,0.713,0.5138,0.0215,5.52,-0.75131,0.150,0.400,0.000,-0.0055,-0.0201,TRACKING,L+C+R_fused
1786993654.176,49.3,0.953,0.791,0.344,0.5127,0.0202,5.98,-0.71292,0.150,0.400,0.000,-0.0433,-0.0588,TRACKING,L+C+R_fused
1786993654.189,49.3,0.950,0.776,0.815,0.5169,0.0184,5.85,-0.73807,0.150,0.400,0.000,-0.0737,-0.0902,TRACKING,L+C+R_fused
1786993654.220,49.3,0.943,0.782,0.913,0.5211,0.0183,6.31,-0.70224,0.150,0.400,0.000,-0.0892,-0.1060,TRACKING,L+C+R_fused
1786993654.230,47.9,0.949,0.799,0.912,0.5186,0.0165,4.69,-0.83899,0.150,0.400,0.000,-0.0737,-0.0905,TRACKING,L+C+R_fused
1786993654.250,47.9,0.947,0.796,0.749,0.5164,0.0175,5.44,-0.80397,0.150,0.400,0.000,-0.0830,-0.1003,TRACKING,L+C+R_fused
1786993654.281,47.9,0.954,0.794,0.917,0.5132,0.0156,5.51,-0.81069,0.150,0.400,0.000,-0.1203,-0.1387,TRACKING,L+C+R_fused
1786993654.299,47.9,0.954,0.791,0.916,0.5185,0.0123,5.29,-0.84342,0.150,0.400,0.000,-0.1748,-0.1949,TRACKING,L+C+R_fused
1786993654.319,47.9,0.953,0.789,0.904,0.5185,0.0089,5.25,-0.87257,0.150,0.400,0.000,-0.2365,-0.2586,TRACKING,L+C+R_fused
1786993654.349,47.9,0.953,0.782,0.904,0.5274,0.0066,4.84,-0.93245,0.150,0.400,0.000,-0.2681,-0.2915,TRACKING,L+C+R_fused
1786993654.360,47.9,0.953,0.782,0.904,0.5274,0.0053,3.87,-0.74596,0.150,0.400,0.000,-0.2681,-0.2915,TRACKING,prediction
1786993654.391,47.9,0.956,0.785,0.899,0.5011,0.0060,3.29,-1.08291,0.150,0.400,0.000,-0.2372,-0.2605,TRACKING,L+C+R_fused
1786993654.410,47.9,0.948,0.777,0.907,0.4990,0.0125,4.26,-1.03517,0.150,0.400,0.000,-0.1595,-0.1809,TRACKING,L+C+R_fused
1786993654.422,47.9,0.948,0.777,0.907,0.4990,0.0100,3.41,-0.82814,0.150,0.400,0.000,-0.1595,-0.1809,TRACKING,prediction
1786993654.443,47.9,0.950,0.791,0.922,0.4819,0.0243,5.17,-0.97519,0.150,0.400,0.000,0.0192,0.0026,TRACKING,L+C+R_fused
1786993654.474,47.9,0.947,0.783,0.908,0.4762,0.0261,3.70,-1.14990,0.150,0.400,0.000,0.0841,0.0682,TRACKING,L+C+R_fused
1786993654.495,47.9,0.947,0.782,0.923,0.4768,0.0287,3.65,-1.16346,0.150,0.400,0.000,0.1309,0.1160,TRACKING,L+C+R_fused
1786993654.508,47.9,0.946,0.779,0.928,0.4774,0.0324,3.26,-1.17748,0.150,0.400,0.000,0.2099,0.1973,TRACKING,L+C+R_fused
1786993654.515,47.9,0.861,0.793,0.926,0.4779,0.0401,4.53,-1.04869,0.150,0.400,0.000,0.3079,0.2987,TRACKING,L+C+R_fused
1786993654.535,47.9,0.853,0.779,0.708,0.4784,0.0480,3.98,-1.11815,0.150,0.400,0.000,0.4475,0.4418,TRACKING,L+C+R_fused
1786993654.566,47.9,0.787,0.779,0.372,0.5327,0.0562,4.13,-1.09825,0.150,0.400,0.000,0.5673,0.5655,TRACKING,L+C+R_fused
1786993654.586,47.9,0.897,0.776,0.378,0.5260,0.0638,3.91,-1.12043,0.150,0.400,0.000,0.6771,0.6789,TRACKING,L+C+R_fused
1786993654.605,47.9,0.838,0.776,0.000,0.5234,0.0707,3.95,-1.11368,0.150,0.400,0.000,0.7626,0.7677,TRACKING,L+C
1786993654.627,47.9,0.811,0.777,0.379,0.5952,0.0766,4.10,-1.10907,0.150,0.400,0.000,0.8262,0.8338,TRACKING,L+C+R_fused
1786993654.641,47.9,0.754,0.780,0.000,0.5320,0.0790,3.87,-1.13875,0.150,0.400,0.000,0.8555,0.8642,TRACKING,L+C
1786993654.660,47.9,0.826,0.780,0.379,0.5939,0.0790,3.43,-1.18529,0.150,0.400,0.000,0.8626,0.8714,TRACKING,L+C+R_fused
1786993654.674,47.9,0.821,0.765,0.376,0.4400,0.0834,4.76,-1.09794,0.150,0.400,0.000,0.8816,0.8913,TRACKING,L+C+R_fused
1786993654.701,47.9,0.775,0.752,0.908,0.4872,0.0866,6.05,-1.01727,0.150,0.400,0.000,0.8898,0.8998,TRACKING,L+C+R_fused
1786993654.722,47.9,0.800,0.746,0.761,0.4964,0.0889,6.29,-1.01706,0.150,0.400,0.000,0.9056,0.9161,TRACKING,L+C+R_fused
1786993654.732,47.9,0.734,0.721,0.336,0.4931,0.0917,7.06,-0.96674,0.150,0.400,0.000,0.9196,0.9308,TRACKING,L+C+R_fused
1786993654.764,47.9,0.799,0.727,0.666,0.4905,0.0933,8.92,-0.81187,0.150,0.400,0.000,0.9032,0.9141,TRACKING,L+C+R_fused
1786993654.787,47.9,0.766,0.704,0.314,0.4906,0.0910,9.10,-0.81855,0.150,0.400,0.000,0.8743,0.8835,TRACKING,L+C+R_fused
1786993654.807,47.9,0.707,0.701,0.327,0.5072,0.0891,9.63,-0.78745,0.150,0.400,0.000,0.8423,0.8501,TRACKING,L+C+R_fused
1786993654.818,47.9,0.725,0.697,0.775,0.4926,0.0862,10.01,-0.76801,0.150,0.400,0.000,0.8009,0.8069,TRACKING,L+C+R_fused
1786993654.849,47.9,0.733,0.694,0.918,0.4810,0.0852,11.85,-0.61998,0.150,0.400,0.000,0.7505,0.7548,TRACKING,L+C+R_fused
1786993654.870,47.9,0.733,0.694,0.918,0.4810,0.0682,9.48,-0.49599,0.150,0.400,0.000,0.7505,0.7548,TRACKING,prediction
1786993654.891,47.9,0.858,0.693,0.663,0.4916,0.0793,13.00,-0.57949,0.150,0.400,0.000,0.6410,0.6408,TRACKING,L+C+R_fused
1786993654.902,47.9,0.765,0.685,0.774,0.4662,0.0786,15.49,-0.38650,0.161,0.400,0.000,0.4972,0.4950,TRACKING,L+C+R_fused
1786993654.931,47.9,0.000,0.683,0.899,0.4766,0.0759,16.46,-0.32857,0.167,0.400,0.000,0.4068,0.4023,TRACKING,R+C
1786993654.952,47.9,0.000,0.683,0.876,0.4788,0.0740,17.83,-0.25383,0.175,0.400,0.000,0.3166,0.3097,TRACKING,R+C
1786993654.964,47.9,0.000,0.684,0.874,0.4888,0.0679,16.93,-0.36473,0.164,0.400,0.000,0.2903,0.2803,TRACKING,R+C
1786993654.974,47.9,0.000,0.684,0.866,0.4883,0.0632,17.67,-0.31422,0.169,0.400,0.000,0.1894,0.1766,TRACKING,R+C
1786993654.995,47.9,0.000,0.683,0.877,0.4962,0.0581,19.10,-0.19857,0.180,0.400,0.000,-0.1559,-0.1719,TRACKING,R+C
1786993655.020,47.9,0.000,0.678,0.883,0.5045,0.0540,20.88,-0.06586,0.193,0.400,0.000,-0.2192,-0.2383,TRACKING,R+C
1786993655.050,47.9,0.000,0.678,0.883,0.5045,0.0432,16.70,-0.05268,0.193,0.400,0.000,-0.2192,-0.2383,TRACKING,prediction
1786993655.070,47.9,0.000,0.693,0.868,0.5147,0.0436,15.71,-0.66049,0.150,0.400,0.000,-0.0813,-0.1060,TRACKING,R+C
1786993655.080,47.9,0.000,0.684,0.865,0.5259,0.0469,18.65,-0.36268,0.164,0.400,0.000,-0.0915,-0.1153,TRACKING,R+C
1786993655.110,47.9,0.000,0.690,0.854,0.5206,0.0478,16.40,-0.60776,0.150,0.400,0.000,-0.0297,-0.0529,TRACKING,R+C
1786993655.127,47.9,0.000,0.690,0.844,0.5172,0.0484,14.07,-0.86934,0.150,0.400,0.000,0.0434,0.0206,TRACKING,R+C
1786993655.138,47.9,0.000,0.691,0.847,0.5137,0.0506,14.27,-0.87116,0.150,0.400,0.000,0.0718,0.0496,TRACKING,R+C
1786993655.160,47.9,0.000,0.691,0.847,0.5137,0.0405,11.42,-0.69693,0.150,0.400,0.000,0.0718,0.0496,TRACKING,prediction
1786993655.173,47.9,0.000,0.691,0.847,0.5137,0.0324,9.13,-0.55754,0.150,0.400,0.000,0.0718,0.0496,TRACKING,prediction
1786993655.186,47.9,0.000,0.699,0.831,0.5335,0.0362,11.39,-1.26890,0.150,0.400,0.000,-0.1203,-0.1504,TRACKING,R+C
1786993655.204,47.9,0.000,0.699,0.831,0.5335,0.0289,9.11,-1.01512,0.150,0.400,0.000,-0.1203,-0.1504,TRACKING,prediction
1786993655.234,49.8,0.000,0.699,0.831,0.5335,0.0232,7.29,-0.81209,0.150,0.400,0.000,-0.1203,-0.1504,TRACKING,prediction
1786993655.245,49.8,0.000,0.717,0.831,0.5648,0.0178,9.29,-1.70193,0.150,0.400,0.000,-0.4134,-0.4554,TRACKING,R+C
1786993655.270,49.8,0.000,0.719,0.815,0.5728,0.0147,9.11,-1.79893,0.150,0.400,0.000,-0.4700,-0.5150,TRACKING,R+C
1786993655.286,49.8,0.000,0.726,0.811,0.5749,0.0148,9.79,-1.75358,0.150,0.400,0.000,-0.4898,-0.5354,TRACKING,R+C
1786993655.306,49.8,0.000,0.721,0.813,0.5751,0.0126,7.81,-2.02678,0.150,0.400,0.000,-0.4846,-0.5318,TRACKING,R+C
1786993655.329,49.8,0.000,0.686,0.811,0.5787,0.0211,16.28,-1.05356,0.150,0.400,0.000,-0.5537,-0.5983,TRACKING,R+C
1786993655.349,49.8,0.000,0.686,0.814,0.5837,0.0179,15.26,-1.20467,0.150,0.400,0.000,-0.5813,-0.6279,TRACKING,R+C
1786993655.372,49.8,0.000,0.693,0.806,0.5947,0.0056,8.64,-2.07571,0.150,0.400,0.000,-0.6270,-0.6803,TRACKING,R+C
1786993655.397,49.8,0.000,0.701,0.804,0.6029,-0.0013,9.99,-1.95798,0.150,0.400,0.000,-0.7481,-0.8056,TRACKING,R+C
1786993655.409,49.8,0.000,0.698,0.787,0.6145,-0.0113,6.74,-2.43377,0.150,0.400,0.000,-0.8195,-0.8826,TRACKING,R+C
1786993655.441,49.8,0.000,0.698,0.787,0.6145,-0.0090,5.39,-1.94701,0.150,0.400,0.000,-0.8195,-0.8826,TRACKING,prediction
1786993655.451,49.8,0.000,0.713,0.792,0.6242,-0.0118,9.59,-2.22296,0.150,0.400,0.000,-0.8850,-0.9508,TRACKING,R+C
1786993655.470,49.8,0.000,0.725,0.791,0.6266,-0.0109,10.29,-2.14210,0.150,0.400,0.000,-0.8864,-0.9520,TRACKING,R+C
1786993655.500,49.8,0.000,0.727,0.789,0.6308,-0.0107,11.23,-2.02673,0.150,0.400,0.000,-0.8989,-0.9646,TRACKING,R+C
1786993655.521,49.8,0.000,0.721,0.795,0.6361,-0.0140,12.32,-1.91565,0.150,0.400,0.000,-0.9493,-1.0000,TRACKING,R+C
1786993655.541,49.8,0.000,0.721,0.795,0.6361,-0.0112,9.86,-1.53252,0.150,0.400,0.000,-0.9493,-1.0000,TRACKING,prediction
1786993655.555,49.8,0.000,0.728,0.791,0.6580,-0.0272,15.52,-1.56838,0.150,0.400,0.000,-1.0000,-1.0000,TRACKING,R+C
1786993655.575,49.8,0.000,0.732,0.785,0.6671,-0.0337,17.20,-1.38684,0.150,0.400,0.000,-1.0000,-1.0000,TRACKING,R+C
1786993655.597,49.8,0.000,0.732,0.785,0.6671,-0.0270,13.76,-1.10947,0.150,0.400,0.000,-1.0000,-1.0000,TRACKING,prediction
1786993655.606,49.8,0.000,0.732,0.785,0.6671,-0.0216,11.01,-0.88757,0.150,0.400,0.000,-1.0000,-1.0000,TRACKING,prediction
1786993655.626,49.8,0.000,0.732,0.785,0.6671,-0.0173,8.81,-0.71006,0.150,0.400,0.000,-1.0000,-1.0000,TRACKING,prediction
1786993655.641,49.8,0.000,0.732,0.785,0.6671,-0.0138,7.05,-0.56805,0.150,0.400,0.000,-1.0000,-1.0000,TRACKING,prediction
1786993655.656,49.8,0.000,0.732,0.785,0.6671,-0.0110,5.64,-0.45444,0.150,0.400,0.000,-1.0000,-1.0000,TRACKING,prediction
1786993655.674,49.8,0.000,0.732,0.785,0.6671,-0.0088,4.51,-0.36355,0.150,0.400,0.000,-1.0000,-1.0000,TRACKING,prediction
1786993655.694,49.8,0.000,0.732,0.785,0.6671,-0.0071,3.61,-0.29084,0.150,0.400,0.000,-1.0000,-1.0000,TRACKING,prediction
1786993655.715,49.8,0.000,0.732,0.785,0.6671,-0.0057,2.89,-0.23267,0.150,0.400,0.000,-1.0000,-1.0000,TRACKING,prediction
1786993655.739,49.8,0.000,0.732,0.785,0.6671,-0.0045,2.31,-0.18614,0.150,0.395,0.000,-1.0000,-1.0000,TRACKING,prediction
1786993655.759,49.8,0.000,0.732,0.785,0.6671,-0.0036,1.85,-0.14891,0.150,0.385,0.000,-1.0000,-1.0000,TRACKING,prediction
1786993655.780,49.8,0.000,0.732,0.785,0.6671,-0.0029,1.48,-0.11913,0.150,0.373,0.000,-1.0000,-1.0000,TRACKING,prediction
1786993655.801,49.8,0.000,0.732,0.785,0.6671,-0.0023,1.18,-0.09530,0.150,0.360,0.000,-1.0000,-1.0000,TRACKING,prediction
1786993655.822,49.8,0.000,0.732,0.785,0.6671,-0.0019,0.95,-0.07624,0.150,0.336,0.000,-1.0000,-1.0000,UNCERTAIN,prediction
1786993655.843,49.8,0.000,0.732,0.785,0.6671,-0.0015,0.76,-0.06099,0.150,0.319,0.000,-1.0000,-1.0000,UNCERTAIN,prediction
1786993655.863,49.8,0.000,0.732,0.785,0.6671,-0.0012,0.61,-0.04879,0.150,0.307,0.000,-1.0000,-1.0000,UNCERTAIN,prediction
1786993655.882,49.8,0.000,0.732,0.785,0.6671,-0.0009,0.48,-0.03904,0.150,0.295,0.000,-1.0000,-1.0000,UNCERTAIN,prediction
1786993655.902,49.8,0.000,0.732,0.785,0.6671,-0.0008,0.39,-0.03123,0.150,0.283,0.000,-1.0000,-1.0000,UNCERTAIN,prediction
1786993655.922,49.8,0.000,0.732,0.785,0.6671,-0.0006,0.31,-0.02498,0.150,0.270,0.000,-1.0000,-1.0000,UNCERTAIN,prediction
1786993655.946,49.8,0.000,0.732,0.785,0.6671,-0.0005,0.25,-0.01999,0.150,0.258,0.000,-1.0000,-1.0000,UNCERTAIN,prediction
1786993655.967,49.8,0.000,0.732,0.785,0.6671,-0.0004,0.20,-0.01599,0.150,0.246,0.000,-1.0000,-1.0000,UNCERTAIN,prediction
1786993655.988,49.8,0.000,0.732,0.785,0.6671,-0.0003,0.16,-0.01279,0.150,0.234,0.000,-1.0000,-1.0000,UNCERTAIN,prediction
1786993656.009,49.8,0.000,0.732,0.785,0.6671,-0.0002,0.13,-0.01023,0.150,0.223,0.000,-1.0000,-1.0000,UNCERTAIN,prediction
1786993656.022,49.8,0.867,0.766,0.000,0.6470,0.2807,35.48,-0.09602,0.190,0.232,0.000,1.0000,0.0480,TRACKING,L+C
1786993656.051,49.8,0.867,0.766,0.000,0.6470,0.2245,28.39,-0.07682,0.190,0.240,0.000,1.0000,1.0000,TRACKING,prediction
1786993656.061,49.8,0.857,0.715,0.000,0.6287,0.2733,34.45,-0.02297,0.198,0.248,0.000,1.0000,1.0000,TRACKING,L+C
1786993656.091,49.8,0.865,0.705,0.000,0.6231,0.2730,34.45,0.04199,0.196,0.256,0.000,1.0000,1.0000,TRACKING,L+C
1786993656.103,49.8,0.865,0.705,0.000,0.6231,0.2184,27.56,0.03359,0.196,0.263,0.000,1.0000,1.0000,TRACKING,prediction
1786993656.131,49.8,0.862,0.678,0.000,0.6027,0.2821,38.69,0.37017,0.163,0.270,0.000,1.0000,1.0000,TRACKING,L+C
1786993656.156,49.8,0.862,0.678,0.000,0.6027,0.2256,30.95,0.29614,0.163,0.276,0.000,1.0000,1.0000,TRACKING,prediction
1786993656.166,49.8,0.000,0.865,0.695,0.5897,-0.1319,4.14,-0.16263,0.184,0.282,0.000,-1.0000,-0.0729,TRACKING,R+C
1786993656.188,49.8,0.000,0.865,0.705,0.5828,-0.1301,2.61,-0.23666,0.176,0.288,0.000,-1.0000,-1.0000,TRACKING,R+C
1786993656.207,49.8,0.000,0.867,0.685,0.5731,-0.1242,2.97,-0.16403,0.184,0.294,0.000,-1.0000,-1.0000,TRACKING,R+C
1786993656.227,49.8,0.000,0.862,0.686,0.5685,-0.1195,2.59,-0.14194,0.186,0.299,0.000,-1.0000,-1.0000,TRACKING,R+C
1786993656.260,49.8,0.000,0.862,0.686,0.5685,-0.0956,2.07,-0.11355,0.186,0.304,0.000,-1.0000,-1.0000,TRACKING,prediction
1786993656.270,49.8,0.000,0.810,0.808,0.5642,-0.1114,-0.97,-0.40399,0.160,0.309,0.000,-1.0000,-1.0000,TRACKING,R+C
1786993656.299,49.8,0.000,0.810,0.808,0.5642,-0.0891,-0.77,-0.32319,0.160,0.314,0.000,-1.0000,-1.0000,TRACKING,prediction
1786993656.319,49.8,0.000,0.757,0.735,0.5458,-0.1067,-8.15,-0.93461,0.150,0.318,0.000,-1.0000,-1.0000,TRACKING,R+C
1786993656.334,49.8,0.000,0.720,0.815,0.5402,-0.0974,-8.86,-1.03411,0.150,0.322,0.000,-1.0000,-1.0000,TRACKING,R+C
1786993656.350,49.8,0.000,0.790,0.802,0.5364,-0.0871,-6.63,-0.80645,0.150,0.326,0.000,-1.0000,-1.0000,TRACKING,R+C
1786993656.371,49.8,0.372,0.693,0.829,0.4792,-0.0919,-15.93,-1.45233,0.150,0.330,0.000,-0.9587,-0.9992,TRACKING,L+C+R_fused
1786993656.405,49.8,0.947,0.718,0.878,0.4905,-0.0861,-17.27,-1.49670,0.150,0.333,0.000,-0.8738,-0.9101,TRACKING,L+C+R_fused
1786993656.426,49.8,0.948,0.731,0.874,0.4954,-0.0721,-15.65,-1.44023,0.150,0.336,0.000,-0.7551,-0.7865,TRACKING,L+C+R_fused
1786993656.447,49.8,0.948,0.750,0.886,0.4957,-0.0547,-11.05,-1.21760,0.150,0.340,0.000,-0.6452,-0.6721,TRACKING,L+C+R_fused
1786993656.468,49.8,0.946,0.723,0.883,0.4921,-0.0464,-11.28,-1.34533,0.150,0.343,0.000,-0.5415,-0.5665,TRACKING,L+C+R_fused
1786993656.488,49.8,0.953,0.711,0.888,0.4928,-0.0440,-12.78,-1.51590,0.150,0.345,0.000,-0.4777,-0.5022,TRACKING,L+C+R_fused
1786993656.498,49.8,0.953,0.739,0.888,0.4908,-0.0411,-11.22,-1.44041,0.150,0.348,0.000,-0.4786,-0.5031,TRACKING,L+C+R_fused
1786993656.518,49.8,0.956,0.760,0.890,0.4863,-0.0419,-11.09,-1.47516,0.150,0.351,0.000,-0.5018,-0.5275,TRACKING,L+C+R_fused
1786993656.549,49.8,0.382,0.758,0.887,0.3966,-0.0452,-12.95,-1.65563,0.150,0.353,0.000,-0.5135,-0.5411,TRACKING,L+C+R_fused
1786993656.559,49.8,0.000,0.765,0.893,0.5036,-0.0438,-12.39,-1.68732,0.150,0.356,0.000,-0.5176,-0.5461,TRACKING,R+C
1786993656.579,49.8,0.000,0.783,0.890,0.5055,-0.0390,-10.31,-1.61582,0.150,0.358,0.000,-0.5096,-0.5380,TRACKING,R+C
1786993656.600,49.8,0.000,0.788,0.890,0.5081,-0.0346,-9.53,-1.65225,0.150,0.360,0.000,-0.4775,-0.5059,TRACKING,R+C
1786993656.620,49.8,0.000,0.776,0.883,0.5064,-0.0275,-9.38,-1.70937,0.150,0.362,0.000,-0.3820,-0.4084,TRACKING,R+C
1786993656.650,49.8,0.000,0.779,0.884,0.5029,-0.0172,-8.46,-1.70673,0.150,0.364,0.000,-0.2465,-0.2697,TRACKING,R+C
1786993656.677,49.8,0.000,0.784,0.895,0.4945,-0.0052,-7.14,-1.67073,0.150,0.366,0.000,-0.0870,-0.1062,TRACKING,R+C
1786993656.687,49.8,0.371,0.770,0.903,0.5070,0.0073,-6.30,-1.68787,0.150,0.367,0.000,0.0947,0.0795,TRACKING,L+C+R_fused
1786993656.715,49.8,0.946,0.773,0.906,0.4970,0.0194,-5.02,-1.65619,0.150,0.369,0.000,0.2574,0.2461,TRACKING,L+C+R_fused
1786993656.732,49.8,0.945,0.775,0.913,0.5143,0.0308,-4.23,-1.65332,0.150,0.371,0.000,0.4142,0.4068,TRACKING,L+C+R_fused
1786993656.746,49.8,0.938,0.783,0.913,0.5086,0.0402,-2.86,-1.60032,0.150,0.372,0.000,0.5156,0.5111,TRACKING,L+C+R_fused
1786993656.766,49.8,0.940,0.786,0.924,0.5054,0.0463,-2.18,-1.61945,0.150,0.373,0.000,0.5760,0.5727,TRACKING,L+C+R_fused
1786993656.777,49.8,0.942,0.789,0.921,0.5054,0.0487,-2.31,-1.71661,0.150,0.375,0.000,0.6014,0.5977,TRACKING,L+C+R_fused
1786993656.798,49.8,0.952,0.787,0.925,0.5068,0.0538,-0.26,-1.62471,0.150,0.376,0.000,0.6135,0.6099,TRACKING,L+C+R_fused
1786993656.819,49.8,0.944,0.787,0.930,0.5114,0.0568,1.01,-1.56714,0.150,0.377,0.000,0.6187,0.6150,TRACKING,L+C+R_fused
1786993656.849,49.8,0.948,0.788,0.774,0.5124,0.0608,2.43,-1.50472,0.150,0.378,0.000,0.6331,0.6295,TRACKING,L+C+R_fused
1786993656.869,49.8,0.927,0.791,0.902,0.5009,0.0639,3.29,-1.47854,0.150,0.379,0.000,0.6496,0.6462,TRACKING,L+C+R_fused
1786993656.888,49.8,0.000,0.783,0.900,0.4678,0.0640,3.94,-1.47035,0.150,0.380,0.000,0.6295,0.6250,TRACKING,R+C
1786993656.901,49.8,0.000,0.782,0.907,0.4849,0.0625,5.60,-1.38135,0.150,0.381,0.000,0.5605,0.5534,TRACKING,R+C
1786993656.924,49.8,0.000,0.773,0.898,0.4931,0.0611,7.26,-1.30028,0.150,0.382,0.000,0.4879,0.4782,TRACKING,R+C
1786993656.941,49.8,0.000,0.771,0.916,0.4957,0.0590,8.76,-1.20163,0.150,0.383,0.000,0.4105,0.3984,TRACKING,R+C
1786993656.962,49.8,0.000,0.770,0.912,0.5072,0.0564,9.57,-1.18826,0.150,0.384,0.000,0.3337,0.3188,TRACKING,R+C
1786993656.982,49.8,0.000,0.774,0.915,0.5043,0.0549,11.06,-1.06601,0.150,0.385,0.000,0.2629,0.2462,TRACKING,R+C
1786993657.010,49.8,0.000,0.771,0.906,0.5089,0.0556,12.34,-0.96697,0.150,0.386,0.000,0.2344,0.2171,TRACKING,R+C
1786993657.022,49.8,0.000,0.762,0.907,0.5169,0.0533,9.11,-1.42605,0.150,0.386,0.000,0.2609,0.2411,TRACKING,R+C
1786993657.044,49.8,0.000,0.761,0.891,0.5297,0.0581,11.00,-1.25365,0.150,0.387,0.000,0.2858,0.2672,TRACKING,R+C
1786993657.077,49.8,0.000,0.756,0.904,0.5199,0.0622,10.71,-1.32184,0.150,0.388,0.000,0.3553,0.3379,TRACKING,R+C
1786993657.092,49.8,0.000,0.765,0.905,0.5175,0.0652,11.27,-1.28164,0.150,0.388,0.000,0.3863,0.3699,TRACKING,R+C
1786993657.104,49.8,0.000,0.762,0.897,0.5041,0.0674,11.35,-1.28030,0.150,0.389,0.000,0.4168,0.4012,TRACKING,R+C
1786993657.120,49.8,0.000,0.769,0.901,0.5087,0.0654,11.41,-1.25440,0.150,0.389,0.000,0.3875,0.3714,TRACKING,R+C
1786993657.133,49.8,0.000,0.769,0.901,0.5087,0.0523,9.13,-1.00352,0.150,0.390,0.000,0.3875,0.3714,TRACKING,prediction
1786993657.143,49.8,0.000,0.756,0.905,0.5261,0.0562,13.07,-1.15576,0.150,0.390,0.000,0.1728,0.1504,TRACKING,R+C
1786993657.163,49.8,0.000,0.762,0.889,0.5280,0.0493,14.23,-1.04570,0.150,0.391,0.000,0.0156,-0.0106,TRACKING,R+C
1786993657.183,49.8,0.000,0.758,0.891,0.5443,0.0421,14.80,-1.00975,0.150,0.391,0.000,-0.1337,-0.1640,TRACKING,R+C
1786993657.208,49.8,0.000,0.763,0.872,0.5728,0.0349,15.49,-0.96317,0.150,0.392,0.000,-0.2824,-0.3167,TRACKING,R+C
1786993657.237,49.8,0.000,0.763,0.872,0.5728,0.0279,12.40,-0.77053,0.150,0.392,0.000,-0.2824,-0.3167,TRACKING,prediction
1786993657.256,49.8,0.000,0.760,0.853,0.5903,0.0197,16.74,-0.81585,0.150,0.393,0.000,-0.5516,-0.5930,TRACKING,R+C
1786993657.277,50.1,0.000,0.760,0.853,0.5903,0.0158,13.39,-0.65268,0.150,0.393,0.000,-0.5516,-0.5930,TRACKING,prediction
1786993657.301,50.1,0.000,0.760,0.853,0.5903,0.0126,10.71,-0.52215,0.150,0.393,0.000,-0.5516,-0.5930,TRACKING,prediction
1786993657.328,50.1,0.000,0.760,0.853,0.5903,0.0101,8.57,-0.41772,0.150,0.394,0.000,-0.5516,-0.5930,TRACKING,prediction
1786993657.350,50.1,0.000,0.760,0.853,0.5903,0.0081,6.86,-0.33417,0.150,0.394,0.000,-0.5516,-0.5930,TRACKING,prediction
1786993657.364,50.1,0.000,0.760,0.853,0.5903,0.0065,5.48,-0.26734,0.150,0.394,0.000,-0.5516,-0.5930,TRACKING,prediction
1786993657.373,50.1,0.000,0.760,0.853,0.5903,0.0052,4.39,-0.21387,0.150,0.395,0.000,-0.5516,-0.5930,TRACKING,prediction
1786993657.396,50.1,0.000,0.801,0.815,0.6429,-0.0319,16.99,-0.70715,0.150,0.395,0.000,-1.0000,-1.0000,TRACKING,R+C
1786993657.410,50.1,0.000,0.811,0.820,0.6399,-0.0324,16.56,-0.69399,0.150,0.395,0.000,-1.0000,-1.0000,TRACKING,R+C
1786993657.431,50.1,0.000,0.807,0.825,0.6355,-0.0326,16.72,-0.62300,0.150,0.395,0.000,-1.0000,-1.0000,TRACKING,R+C
1786993657.446,50.1,0.000,0.807,0.825,0.6355,-0.0261,13.38,-0.49840,0.150,0.396,0.000,-1.0000,-1.0000,TRACKING,prediction
1786993657.465,50.1,0.000,0.807,0.825,0.6355,-0.0209,10.70,-0.39872,0.150,0.396,0.000,-1.0000,-1.0000,TRACKING,prediction
1786993657.480,50.1,0.000,0.807,0.825,0.6355,-0.0167,8.56,-0.31898,0.150,0.396,0.000,-1.0000,-1.0000,TRACKING,prediction
1786993657.510,50.1,0.000,0.807,0.825,0.6355,-0.0133,6.85,-0.25518,0.150,0.396,0.000,-1.0000,-1.0000,TRACKING,prediction
1786993657.524,50.1,0.000,0.807,0.825,0.6355,-0.0107,5.48,-0.20414,0.150,0.396,0.000,-1.0000,-1.0000,TRACKING,prediction
1786993657.544,50.1,0.000,0.807,0.825,0.6355,-0.0085,4.38,-0.16332,0.150,0.397,0.000,-1.0000,-1.0000,TRACKING,prediction
1786993657.565,50.1,0.000,0.807,0.825,0.6355,-0.0068,3.51,-0.13065,0.150,0.397,0.000,-1.0000,-1.0000,TRACKING,prediction
1786993657.579,50.1,0.000,0.807,0.825,0.6355,-0.0055,2.81,-0.10452,0.150,0.397,0.000,-1.0000,-1.0000,TRACKING,prediction
1786993657.600,50.1,0.000,0.807,0.825,0.6355,-0.0044,2.24,-0.08362,0.150,0.397,0.000,-1.0000,-1.0000,TRACKING,prediction
1786993657.618,50.1,0.000,0.807,0.825,0.6355,-0.0035,1.80,-0.06689,0.150,0.395,0.000,-1.0000,-1.0000,TRACKING,prediction
1786993657.632,50.1,0.000,0.849,0.818,0.6390,-0.0874,13.77,-0.57180,0.150,0.395,0.000,-1.0000,-1.0000,TRACKING,R+C
1786993657.650,50.1,0.000,0.849,0.818,0.6390,-0.0699,11.02,-0.45744,0.150,0.396,0.000,-1.0000,-1.0000,TRACKING,prediction
1786993657.661,50.1,0.000,0.869,0.805,0.6354,-0.0968,14.31,-0.39281,0.161,0.396,0.000,-1.0000,-1.0000,TRACKING,R+C
1786993657.681,50.1,0.000,0.869,0.805,0.6354,-0.0774,11.44,-0.31424,0.161,0.396,0.000,-1.0000,-1.0000,TRACKING,prediction
1786993657.695,50.1,0.000,0.887,0.802,0.6274,-0.1036,13.78,-0.34764,0.165,0.396,0.000,-1.0000,-1.0000,TRACKING,R+C
1786993657.709,50.1,0.000,0.889,0.808,0.6211,-0.1027,13.62,-0.30643,0.169,0.396,0.000,-1.0000,-1.0000,TRACKING,R+C
1786993657.729,50.1,0.000,0.889,0.808,0.6211,-0.0822,10.90,-0.24514,0.169,0.397,0.000,-1.0000,-1.0000,TRACKING,prediction
1786993657.743,50.1,0.000,0.889,0.808,0.6211,-0.0657,8.72,-0.19611,0.169,0.397,0.000,-1.0000,-1.0000,TRACKING,prediction
1786993657.771,50.1,0.000,0.889,0.808,0.6211,-0.0526,6.97,-0.15689,0.169,0.397,0.000,-1.0000,-1.0000,TRACKING,prediction
1786993657.792,50.1,0.000,0.889,0.808,0.6211,-0.0421,5.58,-0.12551,0.169,0.397,0.000,-1.0000,-1.0000,TRACKING,prediction
1786993657.812,50.1,0.000,0.889,0.808,0.6211,-0.0337,4.46,-0.10041,0.169,0.397,0.000,-1.0000,-1.0000,TRACKING,prediction
1786993657.834,50.1,0.000,0.889,0.808,0.6211,-0.0269,3.57,-0.08033,0.169,0.397,0.000,-1.0000,-1.0000,TRACKING,prediction
1786993657.853,50.1,0.000,0.889,0.808,0.6211,-0.0215,2.86,-0.06426,0.169,0.398,0.000,-1.0000,-1.0000,TRACKING,prediction
1786993657.870,50.1,0.000,0.889,0.808,0.6211,-0.0172,2.29,-0.05141,0.169,0.398,0.000,-1.0000,-1.0000,TRACKING,prediction
1786993657.889,50.1,0.000,0.889,0.808,0.6211,-0.0138,1.83,-0.04113,0.169,0.398,0.000,-1.0000,-1.0000,TRACKING,prediction
1786993657.910,50.1,0.000,0.889,0.808,0.6211,-0.0110,1.46,-0.03290,0.169,0.398,0.000,-1.0000,-1.0000,TRACKING,prediction
1786993657.927,50.1,0.000,0.889,0.808,0.6211,-0.0088,1.17,-0.02632,0.169,0.394,0.000,-1.0000,-1.0000,TRACKING,prediction
1786993657.944,50.1,0.000,0.889,0.808,0.6211,-0.0071,0.94,-0.02106,0.169,0.386,0.000,-1.0000,-1.0000,TRACKING,prediction
1786993657.959,50.1,0.000,0.889,0.808,0.6211,-0.0056,0.75,-0.01685,0.169,0.375,0.000,-1.0000,-1.0000,TRACKING,prediction
1786993657.973,50.1,0.000,0.889,0.808,0.6211,-0.0045,0.60,-0.01348,0.169,0.362,0.000,-1.0000,-1.0000,TRACKING,prediction
1786993657.993,50.1,0.000,0.889,0.808,0.6211,-0.0036,0.48,-0.01078,0.169,0.337,0.000,-1.0000,-1.0000,UNCERTAIN,prediction
1786993658.007,50.1,0.000,0.868,0.853,0.5706,-0.0920,7.21,-0.55401,0.150,0.340,0.000,-1.0000,-1.0000,TRACKING,R+C
1786993658.021,50.1,0.000,0.868,0.853,0.5706,-0.0736,5.77,-0.44321,0.150,0.343,0.000,-1.0000,-1.0000,TRACKING,prediction
1786993658.042,50.1,0.000,0.868,0.862,0.5610,-0.0867,6.79,-0.54057,0.150,0.346,0.000,-1.0000,-1.0000,TRACKING,R+C
1786993658.057,50.1,0.000,0.868,0.862,0.5610,-0.0694,5.43,-0.43246,0.150,0.349,0.000,-1.0000,-1.0000,TRACKING,prediction
1786993658.084,50.1,0.000,0.868,0.862,0.5610,-0.0555,4.34,-0.34597,0.150,0.351,0.000,-1.0000,-1.0000,TRACKING,prediction
1786993658.103,50.1,0.000,0.868,0.862,0.5610,-0.0444,3.48,-0.27677,0.150,0.354,0.000,-1.0000,-1.0000,TRACKING,prediction
1786993658.118,50.1,0.000,0.871,0.876,0.5404,-0.0683,5.08,-0.61806,0.150,0.356,0.000,-1.0000,-1.0000,TRACKING,R+C
1786993658.138,50.1,0.000,0.848,0.885,0.5354,-0.0675,2.90,-0.83718,0.150,0.358,0.000,-1.0000,-1.0000,TRACKING,R+C
1786993658.146,50.1,0.000,0.832,0.885,0.5299,-0.0661,2.22,-0.91382,0.150,0.360,0.000,-1.0000,-1.0000,TRACKING,R+C
1786993658.170,50.1,0.000,0.834,0.885,0.5289,-0.0668,2.20,-0.90666,0.150,0.362,0.000,-1.0000,-1.0000,TRACKING,R+C
1786993658.190,50.1,0.000,0.849,0.884,0.5345,-0.0704,2.60,-0.85658,0.150,0.364,0.000,-1.0000,-1.0000,TRACKING,R+C
1786993658.209,50.1,0.000,0.832,0.878,0.5391,-0.0760,1.97,-0.90158,0.150,0.366,0.000,-1.0000,-1.0000,TRACKING,R+C
1786993658.216,50.1,0.000,0.889,0.880,0.5443,-0.0768,4.21,-0.65922,0.150,0.368,0.000,-1.0000,-1.0000,TRACKING,R+C
1786993658.236,50.1,0.000,0.877,0.877,0.5441,-0.0809,2.56,-0.77653,0.150,0.369,0.000,-1.0000,-1.0000,TRACKING,R+C
1786993658.263,50.1,0.000,0.878,0.874,0.5445,-0.0782,3.92,-0.67450,0.150,0.371,0.000,-1.0000,-1.0000,TRACKING,R+C
1786993658.282,54.7,0.000,0.826,0.879,0.5388,-0.0757,1.34,-0.92463,0.150,0.372,0.000,-1.0000,-1.0000,TRACKING,R+C
1786993658.298,54.7,0.000,0.821,0.884,0.5341,-0.0711,0.75,-0.95741,0.150,0.374,0.000,-1.0000,-1.0000,TRACKING,R+C
1786993658.320,54.7,0.000,0.828,0.892,0.5297,-0.0663,0.64,-0.95138,0.150,0.375,0.000,-1.0000,-1.0000,TRACKING,R+C
1786993658.345,54.7,0.000,0.821,0.891,0.5266,-0.0631,0.63,-0.93044,0.150,0.376,0.000,-1.0000,-1.0000,TRACKING,R+C
1786993658.375,54.7,0.000,0.831,0.898,0.5252,-0.0628,0.76,-0.91774,0.150,0.377,0.000,-1.0000,-1.0000,TRACKING,R+C
1786993658.389,54.7,0.000,0.843,0.887,0.5210,-0.0693,-1.98,-1.09027,0.150,0.379,0.000,-1.0000,-1.0000,TRACKING,R+C
1786993658.403,54.7,0.000,0.819,0.890,0.5158,-0.0667,-0.96,-1.07004,0.150,0.380,0.000,-1.0000,-1.0000,TRACKING,R+C
1786993658.413,54.7,0.000,0.829,0.891,0.5135,-0.0628,0.44,-0.96850,0.150,0.381,0.000,-1.0000,-1.0000,TRACKING,R+C
1786993658.443,54.7,0.000,0.801,0.895,0.5073,-0.0584,-0.28,-1.04354,0.150,0.382,0.000,-0.9660,-1.0000,TRACKING,R+C
1786993658.456,54.7,0.000,0.805,0.896,0.5021,-0.0535,0.23,-0.98965,0.150,0.383,0.000,-0.9259,-0.9693,TRACKING,R+C
1786993658.476,54.7,0.000,0.815,0.907,0.4992,-0.0500,0.17,-0.98030,0.150,0.383,0.000,-0.8892,-0.9306,TRACKING,R+C
1786993658.496,54.7,0.000,0.818,0.909,0.4993,-0.0474,0.55,-0.93945,0.150,0.384,0.000,-0.8674,-0.9076,TRACKING,R+C
1786993658.506,54.7,0.000,0.814,0.913,0.4967,-0.0474,0.02,-0.98032,0.150,0.385,0.000,-0.8581,-0.8981,TRACKING,R+C
1786993658.527,54.7,0.000,0.819,0.921,0.4971,-0.0465,-0.81,-1.02272,0.150,0.386,0.000,-0.8304,-0.8690,TRACKING,R+C
1786993658.556,54.7,0.000,0.810,0.920,0.4998,-0.0398,0.01,-0.98510,0.150,0.387,0.000,-0.7730,-0.8095,TRACKING,R+C
1786993658.577,54.7,0.000,0.811,0.919,0.4979,-0.0337,0.43,-0.93422,0.150,0.387,0.000,-0.7047,-0.7382,TRACKING,R+C
1786993658.598,54.7,0.000,0.822,0.916,0.4981,-0.0285,1.29,-0.85941,0.150,0.388,0.000,-0.6559,-0.6874,TRACKING,R+C
1786993658.611,54.7,0.000,0.824,0.932,0.5036,-0.0264,1.64,-0.82217,0.150,0.388,0.000,-0.6332,-0.6636,TRACKING,R+C
1786993658.625,54.7,0.000,0.822,0.913,0.5056,-0.0281,1.27,-0.86348,0.150,0.389,0.000,-0.6503,-0.6816,TRACKING,R+C
1786993658.647,54.7,0.000,0.822,0.934,0.5103,-0.0317,1.32,-0.86902,0.150,0.390,0.000,-0.6995,-0.7327,TRACKING,R+C
1786993658.658,54.7,0.000,0.807,0.921,0.5153,-0.0394,-0.29,-0.99942,0.150,0.390,0.000,-0.7615,-0.7975,TRACKING,R+C
1786993658.678,54.7,0.000,0.818,0.913,0.5215,-0.0430,0.85,-0.94863,0.150,0.391,0.000,-0.8298,-0.8687,TRACKING,R+C
1786993658.699,54.7,0.000,0.825,0.919,0.5262,-0.0487,2.08,-0.87464,0.150,0.391,0.000,-0.9138,-0.9566,TRACKING,R+C
1786993658.720,54.7,0.000,0.836,0.921,0.5347,-0.0582,3.16,-0.78813,0.150,0.391,0.000,-1.0000,-1.0000,TRACKING,R+C
1786993658.741,54.7,0.000,0.868,0.917,0.5477,-0.0701,4.68,-0.65441,0.150,0.392,0.000,-1.0000,-1.0000,TRACKING,R+C
1786993658.761,54.7,0.000,0.887,0.916,0.5590,-0.0835,5.35,-0.60578,0.150,0.392,0.000,-1.0000,-1.0000,TRACKING,R+C
1786993658.790,54.7,0.000,0.898,0.902,0.5658,-0.0974,6.12,-0.53482,0.150,0.393,0.000,-1.0000,-1.0000,TRACKING,R+C
1786993658.813,54.7,0.000,0.872,0.896,0.5735,-0.1106,5.74,-0.61112,0.150,0.393,0.000,-1.0000,-1.0000,TRACKING,R+C
1786993658.828,54.7,0.000,0.874,0.881,0.5774,-0.1191,5.80,-0.59851,0.150,0.393,0.000,-1.0000,-1.0000,TRACKING,R+C
1786993658.844,54.7,0.000,0.869,0.879,0.5793,-0.1244,6.60,-0.47394,0.153,0.394,0.000,-1.0000,-1.0000,TRACKING,R+C
1786993658.854,54.7,0.000,0.887,0.873,0.5790,-0.1278,6.61,-0.44699,0.155,0.394,0.000,-1.0000,-1.0000,TRACKING,R+C
1786993658.875,54.7,0.000,0.876,0.873,0.5808,-0.1298,6.95,-0.39119,0.161,0.394,0.000,-1.0000,-1.0000,TRACKING,R+C
1786993658.895,54.7,0.000,0.868,0.878,0.5847,-0.1318,6.22,-0.46840,0.153,0.395,0.000,-1.0000,-1.0000,TRACKING,R+C
1786993658.916,54.7,0.000,0.874,0.876,0.5896,-0.1351,6.02,-0.47620,0.152,0.395,0.000,-1.0000,-1.0000,TRACKING,R+C
1786993658.936,54.7,0.000,0.873,0.872,0.5860,-0.1411,5.21,-0.61311,0.150,0.395,0.000,-1.0000,-1.0000,TRACKING,R+C
1786993658.956,54.7,0.000,0.877,0.858,0.5824,-0.1494,4.04,-0.72362,0.150,0.395,0.000,-1.0000,-1.0000,TRACKING,R+C
1786993658.986,54.7,0.000,0.877,0.858,0.5824,-0.1195,3.23,-0.57889,0.150,0.396,0.000,-1.0000,-1.0000,TRACKING,prediction
1786993659.009,54.7,0.000,0.877,0.858,0.5824,-0.0956,2.59,-0.46312,0.150,0.396,0.000,-1.0000,-1.0000,TRACKING,prediction
1786993659.014,54.7,0.000,0.877,0.858,0.5824,-0.0765,2.07,-0.37049,0.150,0.396,0.000,-1.0000,-1.0000,TRACKING,prediction
1786993659.035,54.7,0.000,0.877,0.858,0.5824,-0.0612,1.65,-0.29639,0.150,0.396,0.000,-1.0000,-1.0000,TRACKING,prediction
1786993659.064,54.7,0.000,0.877,0.858,0.5824,-0.0490,1.32,-0.23712,0.150,0.396,0.000,-1.0000,-1.0000,TRACKING,prediction
1786993659.086,54.7,0.000,0.877,0.858,0.5824,-0.0392,1.06,-0.18969,0.150,0.397,0.000,-1.0000,-1.0000,TRACKING,prediction
1786993659.104,54.7,0.000,0.877,0.858,0.5824,-0.0313,0.85,-0.15175,0.150,0.397,0.000,-1.0000,-1.0000,TRACKING,prediction
1786993659.131,54.7,0.000,0.877,0.858,0.5824,-0.0251,0.68,-0.12140,0.150,0.397,0.000,-1.0000,-1.0000,TRACKING,prediction
1786993659.146,54.7,0.000,0.877,0.858,0.5824,-0.0201,0.54,-0.09712,0.150,0.397,0.000,-1.0000,-1.0000,TRACKING,prediction
1786993659.166,54.7,0.000,0.877,0.858,0.5824,-0.0160,0.43,-0.07770,0.150,0.397,0.000,-1.0000,-1.0000,TRACKING,prediction
1786993659.176,54.7,0.000,0.877,0.858,0.5824,-0.0128,0.35,-0.06216,0.150,0.397,0.000,-1.0000,-1.0000,TRACKING,prediction
1786993659.196,54.7,0.000,0.877,0.858,0.5824,-0.0103,0.28,-0.04973,0.150,0.390,0.000,-1.0000,-1.0000,TRACKING,prediction
1786993659.220,54.7,0.000,0.877,0.858,0.5824,-0.0082,0.22,-0.03978,0.150,0.380,0.000,-1.0000,-1.0000,TRACKING,prediction
1786993659.237,54.7,0.000,0.877,0.858,0.5824,-0.0066,0.18,-0.03183,0.150,0.367,0.000,-1.0000,-1.0000,TRACKING,prediction
1786993659.257,54.7,0.000,0.877,0.858,0.5824,-0.0053,0.14,-0.02546,0.150,0.354,0.000,-1.0000,-1.0000,TRACKING,prediction
1786993659.286,50.8,0.000,0.877,0.858,0.5824,-0.0042,0.11,-0.02037,0.150,0.332,0.000,-1.0000,-1.0000,UNCERTAIN,prediction
1786993659.308,50.8,0.000,0.877,0.858,0.5824,-0.0034,0.09,-0.01629,0.150,0.316,0.000,-1.0000,-1.0000,UNCERTAIN,prediction
1786993659.329,50.8,0.000,0.877,0.858,0.5824,-0.0027,0.07,-0.01304,0.150,0.304,0.000,-1.0000,-1.0000,UNCERTAIN,prediction
1786993659.348,50.8,0.000,0.877,0.858,0.5824,-0.0022,0.06,-0.01043,0.150,0.291,0.000,-1.0000,-1.0000,UNCERTAIN,prediction
1786993659.368,50.8,0.000,0.877,0.858,0.5824,-0.0017,0.05,-0.00834,0.150,0.279,0.000,-1.0000,-1.0000,UNCERTAIN,prediction
1786993659.384,50.8,0.000,0.877,0.858,0.5824,-0.0014,0.04,-0.00667,0.150,0.266,0.000,-1.0000,-1.0000,UNCERTAIN,prediction
1786993659.405,50.8,0.000,0.877,0.858,0.5824,-0.0011,0.03,-0.00534,0.150,0.254,0.000,-1.0000,-1.0000,UNCERTAIN,prediction
1786993659.426,50.8,0.000,0.877,0.858,0.5824,-0.0009,0.02,-0.00427,0.150,0.241,0.000,-1.0000,-1.0000,UNCERTAIN,prediction
1786993659.442,50.8,0.000,0.877,0.858,0.5824,-0.0007,0.02,-0.00342,0.150,0.230,0.000,-1.0000,-1.0000,UNCERTAIN,prediction
1786993659.465,50.8,0.000,0.877,0.858,0.5824,-0.0006,0.02,-0.00273,0.150,0.219,0.000,-1.0000,-1.0000,UNCERTAIN,prediction
1786993659.494,50.8,0.000,0.877,0.858,0.5824,-0.0005,0.01,-0.00219,0.150,0.208,0.000,-1.0000,-1.0000,UNCERTAIN,prediction
1786993659.506,50.8,0.000,0.822,0.773,0.5788,-0.1192,-0.63,-1.29285,0.150,0.218,0.000,-1.0000,-1.0000,TRACKING,R+C
1786993659.527,50.8,0.000,0.822,0.773,0.5788,-0.0953,-0.50,-1.03428,0.150,0.227,0.000,-1.0000,-1.0000,TRACKING,prediction
1786993659.557,50.8,0.000,0.822,0.773,0.5788,-0.0763,-0.40,-0.82743,0.150,0.235,0.000,-1.0000,-1.0000,TRACKING,prediction
1786993659.568,50.8,0.000,0.822,0.773,0.5788,-0.0610,-0.32,-0.66194,0.150,0.244,0.000,-1.0000,-1.0000,TRACKING,prediction
1786993659.604,50.8,0.000,0.822,0.773,0.5788,-0.0488,-0.26,-0.52955,0.150,0.251,0.000,-1.0000,-1.0000,TRACKING,prediction
1786993659.617,50.8,0.000,0.822,0.773,0.5788,-0.0390,-0.20,-0.42364,0.150,0.259,0.000,-1.0000,-1.0000,TRACKING,prediction
1786993659.637,50.8,0.000,0.822,0.773,0.5788,-0.0312,-0.16,-0.33891,0.150,0.266,0.000,-1.0000,-1.0000,TRACKING,prediction
1786993659.650,50.8,0.000,0.776,0.873,0.5721,-0.0875,-3.06,-1.81053,0.150,0.273,0.000,-1.0000,-1.0000,TRACKING,R+C
1786993659.668,50.8,0.000,0.776,0.873,0.5721,-0.0700,-2.45,-1.44842,0.150,0.279,0.000,-1.0000,-1.0000,TRACKING,prediction
1786993659.697,50.8,0.000,0.784,0.886,0.5651,-0.0773,-2.83,-1.84371,0.150,0.285,0.000,-1.0000,-1.0000,TRACKING,R+C
1786993659.717,50.8,0.000,0.781,0.893,0.5641,-0.0685,-0.80,-1.72103,0.150,0.291,0.000,-1.0000,-1.0000,TRACKING,R+C
1786993659.732,50.8,0.000,0.787,0.891,0.5659,-0.0630,-0.02,-1.68790,0.150,0.296,0.000,-1.0000,-1.0000,TRACKING,R+C
1786993659.751,50.8,0.000,0.790,0.886,0.5681,-0.0585,1.23,-1.59031,0.150,0.301,0.000,-1.0000,-1.0000,TRACKING,R+C
1786993659.770,50.8,0.000,0.791,0.894,0.5742,-0.0567,2.46,-1.50145,0.150,0.306,0.000,-1.0000,-1.0000,TRACKING,R+C
1786993659.800,50.8,0.000,0.787,0.895,0.5825,-0.0586,3.91,-1.39637,0.150,0.311,0.000,-1.0000,-1.0000,TRACKING,R+C
1786993659.831,50.8,0.000,0.781,0.889,0.5913,-0.0628,5.21,-1.29862,0.150,0.315,0.000,-1.0000,-1.0000,TRACKING,R+C
1786993659.849,50.8,0.000,0.781,0.889,0.5913,-0.0503,4.17,-1.03890,0.150,0.320,0.000,-1.0000,-1.0000,TRACKING,prediction
1786993659.863,50.8,0.000,0.778,0.884,0.6131,-0.0750,7.97,-1.11858,0.150,0.324,0.000,-1.0000,-1.0000,TRACKING,R+C
1786993659.875,50.8,0.000,0.773,0.863,0.6226,-0.0820,10.58,-0.86207,0.150,0.328,0.000,-1.0000,-1.0000,TRACKING,R+C
1786993659.886,50.8,0.000,0.773,0.863,0.6226,-0.0656,8.46,-0.68966,0.150,0.331,0.000,-1.0000,-1.0000,TRACKING,prediction
1786993659.907,50.8,0.000,0.773,0.863,0.6226,-0.0525,6.77,-0.55173,0.150,0.335,0.000,-1.0000,-1.0000,TRACKING,prediction
1786993659.938,50.8,0.000,0.773,0.863,0.6226,-0.0420,5.42,-0.44138,0.150,0.338,0.000,-1.0000,-1.0000,TRACKING,prediction
1786993659.961,50.8,0.000,0.773,0.863,0.6226,-0.0336,4.33,-0.35311,0.150,0.341,0.000,-1.0000,-1.0000,TRACKING,prediction
1786993659.982,50.8,0.000,0.773,0.863,0.6226,-0.0269,3.47,-0.28248,0.150,0.344,0.000,-1.0000,-1.0000,TRACKING,prediction
1786993660.002,50.8,0.000,0.773,0.863,0.6226,-0.0215,2.77,-0.22599,0.150,0.347,0.000,-1.0000,-1.0000,TRACKING,prediction
1786993660.018,50.8,0.000,0.773,0.863,0.6226,-0.0172,2.22,-0.18079,0.150,0.349,0.000,-1.0000,-1.0000,TRACKING,prediction
1786993660.043,50.8,0.000,0.773,0.863,0.6226,-0.0138,1.77,-0.14463,0.150,0.352,0.000,-1.0000,-1.0000,TRACKING,prediction
1786993660.058,50.8,0.000,0.773,0.863,0.6226,-0.0110,1.42,-0.11571,0.150,0.354,0.000,-1.0000,-1.0000,TRACKING,prediction
1786993660.072,50.8,0.000,0.773,0.863,0.6226,-0.0088,1.14,-0.09256,0.150,0.356,0.000,-1.0000,-1.0000,TRACKING,prediction
1786993660.083,50.8,0.000,0.773,0.863,0.6226,-0.0070,0.91,-0.07405,0.150,0.357,0.000,-1.0000,-1.0000,TRACKING,prediction
1786993660.114,50.8,0.000,0.773,0.863,0.6226,-0.0056,0.73,-0.05924,0.150,0.356,0.000,-1.0000,-1.0000,TRACKING,prediction
1786993660.135,50.8,0.000,0.773,0.863,0.6226,-0.0045,0.58,-0.04739,0.150,0.350,0.000,-1.0000,-1.0000,TRACKING,prediction
1786993660.156,50.8,0.000,0.773,0.863,0.6226,-0.0036,0.47,-0.03791,0.150,0.329,0.000,-1.0000,-1.0000,UNCERTAIN,prediction
1786993660.176,50.8,0.000,0.773,0.863,0.6226,-0.0029,0.37,-0.03033,0.150,0.314,0.000,-1.0000,-1.0000,UNCERTAIN,prediction
1786993660.196,50.8,0.000,0.773,0.863,0.6226,-0.0023,0.30,-0.02427,0.150,0.304,0.000,-1.0000,-1.0000,UNCERTAIN,prediction
1786993660.216,50.8,0.000,0.797,0.616,0.6495,-0.1032,9.26,-0.12320,0.188,0.309,0.000,-1.0000,-1.0000,TRACKING,R+C
1786993660.239,50.8,0.000,0.797,0.616,0.6495,-0.0825,7.41,-0.09856,0.188,0.313,0.000,-1.0000,-1.0000,TRACKING,prediction
1786993660.259,50.8,0.000,0.797,0.616,0.6495,-0.0660,5.93,-0.07885,0.188,0.318,0.000,-1.0000,-1.0000,TRACKING,prediction
1786993660.280,50.8,0.000,0.797,0.616,0.6495,-0.0528,4.74,-0.06308,0.188,0.322,0.000,-1.0000,-1.0000,TRACKING,prediction
1786993660.301,49.3,0.000,0.797,0.616,0.6495,-0.0423,3.79,-0.05046,0.188,0.326,0.000,-1.0000,-1.0000,TRACKING,prediction
1786993660.312,49.3,0.000,0.786,0.715,0.5743,-0.0858,6.21,-0.06973,0.193,0.329,0.000,-0.9348,-0.9885,TRACKING,R+C
1786993660.343,49.3,0.000,0.788,0.719,0.5660,-0.0807,5.38,-0.10630,0.189,0.333,0.000,-0.9154,-0.9658,TRACKING,R+C
1786993660.354,49.3,0.000,0.764,0.650,0.5661,-0.0755,4.01,-0.18992,0.181,0.336,0.000,-0.9181,-0.9649,TRACKING,R+C
1786993660.375,49.3,0.678,0.776,0.735,0.4738,-0.0696,3.52,-0.18900,0.181,0.340,0.000,-0.8652,-0.9082,TRACKING,L+C+R_fused
1786993660.391,49.3,0.716,0.737,0.727,0.4972,-0.0681,0.69,-0.41558,0.158,0.343,0.000,-0.9463,-0.9871,TRACKING,L+C+R_fused
1786993660.410,49.3,0.716,0.737,0.727,0.4972,-0.0545,0.55,-0.33246,0.158,0.345,0.000,-0.9463,-0.9871,TRACKING,prediction
1786993660.424,49.3,0.716,0.737,0.727,0.4972,-0.0436,0.44,-0.26597,0.158,0.348,0.000,-0.9463,-0.9871,TRACKING,prediction
1786993660.445,49.3,0.716,0.737,0.727,0.4972,-0.0349,0.35,-0.21278,0.158,0.351,0.000,-0.9463,-0.9871,TRACKING,prediction
1786993660.469,49.3,0.716,0.737,0.727,0.4972,-0.0279,0.28,-0.17022,0.158,0.353,0.000,-0.9463,-0.9871,TRACKING,prediction
1786993660.487,49.3,0.687,0.704,0.723,0.4360,-0.0790,-3.98,-0.73396,0.150,0.356,0.000,-1.0000,-1.0000,TRACKING,L+C+R_fused
1786993660.508,49.3,0.683,0.701,0.699,0.3913,-0.0841,-5.15,-0.81383,0.150,0.358,0.000,-1.0000,-1.0000,TRACKING,L+C+R_fused
1786993660.533,49.3,0.683,0.701,0.699,0.3913,-0.0673,-4.12,-0.65106,0.150,0.360,0.000,-1.0000,-1.0000,TRACKING,prediction
1786993660.551,49.3,0.683,0.701,0.699,0.3913,-0.0538,-3.30,-0.52085,0.150,0.362,0.000,-1.0000,-1.0000,TRACKING,prediction
1786993660.574,49.3,0.000,0.691,0.644,0.5392,-0.0901,-5.83,-0.87130,0.150,0.364,0.000,-1.0000,-1.0000,TRACKING,R+C
1786993660.592,49.3,0.000,0.690,0.618,0.5450,-0.0913,-7.17,-0.96919,0.150,0.366,0.000,-1.0000,-1.0000,TRACKING,R+C
1786993660.605,49.3,0.000,0.691,0.652,0.5333,-0.0884,-8.00,-1.01916,0.150,0.367,0.000,-1.0000,-1.0000,TRACKING,R+C
1786993660.623,49.3,0.517,0.687,0.709,0.4431,-0.0815,-8.77,-1.07842,0.150,0.369,0.000,-0.9865,-1.0000,TRACKING,L+C+R_fused
1786993660.642,49.3,0.517,0.687,0.709,0.4431,-0.0652,-7.02,-0.86273,0.150,0.370,0.000,-0.9865,-1.0000,TRACKING,prediction
1786993660.677,49.3,0.683,0.687,0.736,0.4182,-0.0637,-10.11,-1.20624,0.150,0.372,0.000,-0.7855,-0.8181,TRACKING,L+C+R_fused
1786993660.698,49.3,0.688,0.687,0.722,0.4407,-0.0555,-11.16,-1.29451,0.150,0.373,0.000,-0.6633,-0.6918,TRACKING,L+C+R_fused
1786993660.718,49.3,0.684,0.689,0.767,0.4518,-0.0452,-11.11,-1.30454,0.150,0.375,0.000,-0.5226,-0.5466,TRACKING,L+C+R_fused
1786993660.739,49.3,0.687,0.689,0.792,0.4628,-0.0365,-11.64,-1.34296,0.150,0.376,0.000,-0.3729,-0.3925,TRACKING,L+C+R_fused
1786993660.761,49.3,0.686,0.695,0.723,0.4704,-0.0243,-11.14,-1.36521,0.150,0.377,0.000,-0.1928,-0.2081,TRACKING,L+C+R_fused
1786993660.781,49.3,0.689,0.696,0.713,0.4777,-0.0134,-11.30,-1.41815,0.150,0.378,0.000,-0.0036,-0.0145,TRACKING,L+C+R_fused
1786993660.804,49.3,0.691,0.698,0.754,0.4691,-0.0042,-11.20,-1.45390,0.150,0.379,0.000,0.1476,0.1402,TRACKING,L+C+R_fused
1786993660.829,49.3,0.688,0.699,0.758,0.4690,0.0041,-10.92,-1.50485,0.150,0.380,0.000,0.2704,0.2653,TRACKING,L+C+R_fused
1786993660.852,49.3,0.691,0.710,0.729,0.4847,0.0086,-11.74,-1.61842,0.150,0.381,0.000,0.3564,0.3527,TRACKING,L+C+R_fused
1786993660.884,49.3,0.691,0.742,0.775,0.4740,0.0090,-13.07,-1.76716,0.150,0.382,0.000,0.3892,0.3851,TRACKING,L+C+R_fused
1786993660.903,49.3,0.690,0.745,0.730,0.4776,0.0130,-11.21,-1.76203,0.150,0.383,0.000,0.3826,0.3773,TRACKING,L+C+R_fused
1786993660.935,49.3,0.692,0.729,0.671,0.5399,0.0146,-10.17,-1.76485,0.150,0.384,0.000,0.3663,0.3599,TRACKING,L+C+R_fused
1786993660.963,49.3,0.686,0.742,0.582,0.5419,0.0176,-8.56,-1.77388,0.150,0.385,0.000,0.3498,0.3419,TRACKING,L+C+R_fused
1786993660.987,49.3,0.681,0.714,0.650,0.5360,0.0202,-5.72,-1.61838,0.150,0.386,0.000,0.3068,0.2979,TRACKING,L+C+R_fused
1786993661.011,49.3,0.692,0.698,0.912,0.4615,0.0229,-3.12,-1.50195,0.150,0.386,0.000,0.2649,0.2546,TRACKING,L+C+R_fused
1786993661.030,49.3,0.459,0.696,0.897,0.5127,0.0242,-1.03,-1.39827,0.150,0.387,0.000,0.2155,0.2036,TRACKING,L+C+R_fused
1786993661.042,49.3,0.000,0.720,0.668,0.6344,0.0216,-1.96,-1.60691,0.150,0.388,0.000,0.1746,0.1595,TRACKING,R+C
1786993661.063,49.3,0.000,0.749,0.918,0.5154,0.0196,-1.18,-1.63625,0.150,0.388,0.000,0.0998,0.0818,TRACKING,R+C
1786993661.079,49.3,0.000,0.708,0.905,0.4953,0.0209,3.45,-1.26273,0.150,0.389,0.000,-0.0158,-0.0357,TRACKING,R+C
1786993661.091,49.3,0.000,0.709,0.865,0.5955,0.0186,4.34,-1.27905,0.150,0.389,0.000,-0.1004,-0.1235,TRACKING,R+C
1786993661.105,49.3,0.000,0.731,0.725,0.5359,0.0134,2.67,-1.53487,0.150,0.390,0.000,-0.1642,-0.1910,TRACKING,R+C
1786993661.122,49.3,0.000,0.695,0.900,0.5246,0.0121,5.06,-1.35686,0.150,0.390,0.000,-0.2602,-0.2893,TRACKING,R+C
1786993661.145,49.3,0.000,0.694,0.896,0.5249,0.0095,6.21,-1.30002,0.150,0.391,0.000,-0.3453,-0.3770,TRACKING,R+C
1786993661.164,49.3,0.000,0.688,0.813,0.5377,0.0071,8.19,-1.16899,0.150,0.391,0.000,-0.4441,-0.4788,TRACKING,R+C
1786993661.185,49.3,0.000,0.719,0.899,0.5453,0.0020,8.41,-1.21866,0.150,0.392,0.000,-0.5392,-0.5776,TRACKING,R+C
1786993661.213,49.3,0.000,0.720,0.897,0.5585,-0.0027,9.66,-1.12227,0.150,0.392,0.000,-0.6380,-0.6796,TRACKING,R+C
1786993661.225,49.3,0.000,0.731,0.880,0.5691,-0.0100,8.76,-1.29833,0.150,0.393,0.000,-0.7258,-0.7722,TRACKING,R+C
1786993661.254,49.3,0.000,0.742,0.873,0.5834,-0.0177,8.05,-1.42171,0.150,0.393,0.000,-0.8104,-0.8611,TRACKING,R+C
1786993661.275,49.3,0.000,0.739,0.868,0.5943,-0.0237,8.95,-1.37569,0.150,0.393,0.000,-0.8946,-0.9492,TRACKING,R+C
1786993661.298,49.3,0.000,0.739,0.868,0.5943,-0.0189,7.16,-1.10055,0.150,0.394,0.000,-0.8946,-0.9492,TRACKING,prediction
1786993661.309,48.6,0.000,0.679,0.844,0.6256,-0.0304,20.13,-0.22710,0.177,0.394,0.000,-0.8992,-0.9598,TRACKING,R+C
1786993661.329,48.6,0.000,0.672,0.844,0.6384,-0.0366,23.30,0.04135,0.196,0.394,0.000,-0.9736,-1.0000,TRACKING,R+C
1786993661.359,48.6,0.000,0.672,0.844,0.6384,-0.0293,18.64,0.03308,0.196,0.395,0.000,-0.9736,-1.0000,TRACKING,prediction
1786993661.369,48.6,0.000,0.672,0.844,0.6384,-0.0234,14.91,0.02647,0.196,0.395,0.000,-0.9736,-1.0000,TRACKING,prediction
1786993661.400,48.6,0.000,0.672,0.844,0.6384,-0.0188,11.93,0.02117,0.196,0.395,0.000,-0.9736,-1.0000,TRACKING,prediction
1786993661.410,48.6,0.000,0.675,0.815,0.6705,-0.0716,23.18,0.08624,0.191,0.395,0.000,-1.0000,-1.0000,TRACKING,R+C
1786993661.441,48.6,0.000,0.677,0.804,0.6729,-0.0749,23.26,0.12705,0.187,0.396,0.000,-1.0000,-1.0000,TRACKING,R+C
1786993661.459,48.6,0.000,0.675,0.809,0.6756,-0.0742,23.76,0.15797,0.184,0.396,0.000,-1.0000,-1.0000,TRACKING,R+C
1786993661.470,48.6,0.000,0.669,0.809,0.6787,-0.0718,24.94,0.22838,0.177,0.396,0.000,-1.0000,-1.0000,TRACKING,R+C
1786993661.503,48.6,0.000,0.669,0.809,0.6787,-0.0574,19.95,0.18271,0.177,0.401,0.000,-1.0000,-1.0000,TRACKING,prediction
1786993661.524,48.6,0.000,0.669,0.809,0.6787,-0.0459,15.96,0.14617,0.177,0.406,0.000,-1.0000,-1.0000,TRACKING,prediction
1786993661.545,48.6,0.000,0.669,0.809,0.6787,-0.0367,12.77,0.11693,0.177,0.411,0.000,-1.0000,-1.0000,TRACKING,prediction
1786993661.565,48.6,0.000,0.669,0.809,0.6787,-0.0294,10.22,0.09355,0.177,0.415,0.000,-1.0000,-1.0000,TRACKING,prediction
1786993661.585,48.6,0.000,0.669,0.809,0.6787,-0.0235,8.17,0.07484,0.177,0.420,0.000,-1.0000,-1.0000,TRACKING,prediction
1786993661.607,48.6,0.000,0.669,0.809,0.6787,-0.0188,6.54,0.05987,0.177,0.424,0.000,-1.0000,-1.0000,TRACKING,prediction
1786993661.627,48.6,0.000,0.669,0.809,0.6787,-0.0151,5.23,0.04790,0.177,0.427,0.000,-1.0000,-1.0000,TRACKING,prediction
1786993661.648,48.6,0.000,0.669,0.809,0.6787,-0.0120,4.18,0.03832,0.177,0.431,0.000,-1.0000,-1.0000,TRACKING,prediction
1786993661.668,48.6,0.000,0.669,0.809,0.6787,-0.0096,3.35,0.03065,0.177,0.432,0.000,-1.0000,-1.0000,TRACKING,prediction
1786993661.694,48.6,0.000,0.669,0.809,0.6787,-0.0077,2.68,0.02452,0.177,0.433,0.000,-1.0000,-1.0000,TRACKING,prediction
1786993661.718,48.6,0.000,0.669,0.809,0.6787,-0.0062,2.14,0.01962,0.177,0.429,0.000,-1.0000,-1.0000,TRACKING,prediction
1786993661.732,48.6,0.000,0.687,0.841,0.6216,-0.0589,16.90,-0.22499,0.178,0.433,0.000,-1.0000,-1.0000,TRACKING,R+C
1786993661.759,48.6,0.000,0.687,0.841,0.6216,-0.0471,13.52,-0.17999,0.178,0.436,0.000,-1.0000,-1.0000,TRACKING,prediction
1786993661.779,48.6,0.000,0.687,0.841,0.6216,-0.0377,10.81,-0.14400,0.178,0.439,0.000,-1.0000,-1.0000,TRACKING,prediction
1786993661.789,48.6,0.000,0.687,0.841,0.6216,-0.0301,8.65,-0.11520,0.178,0.442,0.000,-1.0000,-1.0000,TRACKING,prediction
1786993661.812,48.6,0.000,0.686,0.863,0.6028,-0.0507,17.14,-0.08626,0.191,0.445,0.000,-0.9666,-1.0000,TRACKING,R+C
1786993661.837,48.6,0.000,0.684,0.869,0.5999,-0.0470,17.71,-0.01114,0.199,0.448,0.000,-0.9008,-0.9591,TRACKING,R+C
1786993661.862,48.6,0.000,0.688,0.855,0.5961,-0.0459,17.31,-0.04334,0.196,0.450,0.000,-0.9098,-0.9674,TRACKING,R+C
1786993661.882,48.6,0.000,0.684,0.855,0.5960,-0.0448,18.35,0.08120,0.192,0.453,0.000,-0.9350,-0.9917,TRACKING,R+C
1786993661.893,48.6,0.000,0.684,0.855,0.5960,-0.0358,14.68,0.06496,0.192,0.455,0.000,-0.9350,-0.9917,TRACKING,prediction
1786993661.921,48.6,0.000,0.681,0.870,0.6021,-0.0540,18.24,0.18486,0.182,0.458,0.000,-1.0000,-1.0000,TRACKING,R+C
1786993661.937,48.6,0.000,0.674,0.874,0.6024,-0.0591,18.69,0.30761,0.169,0.440,0.000,-1.0000,-1.0000,TRACKING,R+C
1786993661.961,48.6,0.000,0.679,0.871,0.6036,-0.0537,21.39,0.44466,0.156,0.428,0.000,-1.0000,-1.0000,TRACKING,R+C
1786993661.979,48.6,0.000,0.679,0.871,0.6036,-0.0429,17.11,0.35573,0.156,0.420,0.000,-1.0000,-1.0000,TRACKING,prediction
1786993661.999,48.6,0.000,0.705,0.868,0.5901,-0.0563,15.18,-0.11081,0.189,0.414,0.000,-0.9768,-1.0000,TRACKING,R+C
1786993662.021,48.6,0.000,0.704,0.873,0.5845,-0.0531,14.87,-0.12438,0.188,0.410,0.000,-0.9627,-1.0000,TRACKING,R+C
1786993662.051,48.6,0.000,0.704,0.873,0.5845,-0.0425,11.89,-0.09951,0.188,0.407,0.000,-0.9627,-1.0000,TRACKING,prediction
1786993662.061,48.6,0.000,0.791,0.875,0.5645,-0.0543,6.47,-0.93714,0.150,0.405,0.000,-1.0000,-1.0000,TRACKING,R+C
1786993662.082,48.6,0.000,0.791,0.875,0.5645,-0.0434,5.17,-0.74972,0.150,0.403,0.000,-1.0000,-1.0000,TRACKING,prediction
1786993662.102,48.6,0.000,0.800,0.877,0.5536,-0.0443,6.65,-0.86000,0.150,0.402,0.000,-0.9807,-1.0000,TRACKING,R+C
1786993662.124,48.6,0.000,0.799,0.882,0.5485,-0.0387,6.57,-0.83904,0.150,0.402,0.000,-0.9250,-0.9717,TRACKING,R+C
1786993662.145,48.6,0.000,0.813,0.885,0.5423,-0.0335,6.39,-0.82809,0.150,0.401,0.000,-0.8664,-0.9100,TRACKING,R+C
1786993662.166,48.6,0.000,0.809,0.892,0.5354,-0.0284,5.81,-0.86324,0.150,0.401,0.000,-0.7976,-0.8382,TRACKING,R+C
1786993662.187,48.6,0.000,0.794,0.901,0.5257,-0.0211,5.83,-0.85827,0.150,0.401,0.000,-0.7099,-0.7470,TRACKING,R+C
1786993662.208,48.6,0.000,0.797,0.901,0.5213,-0.0145,6.02,-0.82704,0.150,0.400,0.000,-0.6255,-0.6594,TRACKING,R+C
1786993662.229,48.6,0.592,0.800,0.906,0.5198,-0.0080,6.23,-0.78054,0.150,0.400,0.000,-0.5338,-0.5642,TRACKING,L+C+R_fused
1786993662.250,48.6,0.620,0.803,0.903,0.4764,-0.0015,6.37,-0.74848,0.150,0.400,0.000,-0.4348,-0.4618,TRACKING,L+C+R_fused
1786993662.278,48.6,0.676,0.807,0.910,0.4950,0.0040,6.14,-0.76840,0.150,0.400,0.000,-0.3402,-0.3645,TRACKING,L+C+R_fused
1786993662.301,48.6,0.794,0.805,0.910,0.4770,0.0109,6.27,-0.75323,0.150,0.400,0.000,-0.2256,-0.2467,TRACKING,L+C+R_fused
1786993662.313,47.8,0.922,0.807,0.849,0.4846,0.0170,5.78,-0.77488,0.150,0.400,0.000,-0.1016,-0.1192,TRACKING,L+C+R_fused
1786993662.333,47.8,0.959,0.802,0.922,0.4837,0.0246,6.00,-0.74585,0.150,0.400,0.000,0.0279,0.0139,TRACKING,L+C+R_fused
1786993662.354,47.8,0.917,0.804,0.915,0.4896,0.0325,6.27,-0.72263,0.150,0.400,0.000,0.1598,0.1494,TRACKING,L+C+R_fused
1786993662.384,47.8,0.915,0.806,0.604,0.4886,0.0381,6.36,-0.71147,0.150,0.400,0.000,0.2552,0.2475,TRACKING,L+C+R_fused
1786993662.415,47.8,0.910,0.788,0.373,0.4558,0.0432,7.04,-0.63668,0.150,0.400,0.000,0.3247,0.3193,TRACKING,L+C+R_fused
1786993662.426,47.8,0.949,0.811,0.361,0.4085,0.0437,6.01,-0.73831,0.150,0.400,0.000,0.3588,0.3539,TRACKING,L+C+R_fused
1786993662.453,47.8,0.893,0.808,0.000,0.5221,0.0419,5.91,-0.74555,0.150,0.400,0.000,0.3321,0.3264,TRACKING,L+C
1786993662.469,47.8,0.895,0.790,0.353,0.4960,0.0396,6.35,-0.70396,0.150,0.400,0.000,0.2815,0.2745,TRACKING,L+C+R_fused
1786993662.498,47.8,0.916,0.777,0.384,0.5464,0.0368,6.51,-0.69433,0.150,0.400,0.000,0.2283,0.2199,TRACKING,L+C+R_fused
1786993662.518,47.8,0.957,0.803,0.342,0.4685,0.0343,6.19,-0.76118,0.150,0.400,0.000,0.1879,0.1777,TRACKING,L+C+R_fused
1786993662.539,47.8,0.959,0.798,0.346,0.4489,0.0306,6.27,-0.76033,0.150,0.400,0.000,0.1198,0.1078,TRACKING,L+C+R_fused
1786993662.549,47.8,0.958,0.797,0.359,0.4420,0.0265,6.42,-0.76889,0.150,0.400,0.000,0.0394,0.0250,TRACKING,L+C+R_fused
1786993662.570,47.8,0.959,0.800,0.716,0.4975,0.0212,6.24,-0.80337,0.150,0.400,0.000,-0.0539,-0.0711,TRACKING,L+C+R_fused
1786993662.591,47.8,0.958,0.803,0.914,0.5057,0.0164,6.76,-0.75636,0.150,0.400,0.000,-0.1533,-0.1729,TRACKING,L+C+R_fused
1786993662.605,47.8,0.957,0.800,0.900,0.5141,0.0112,6.74,-0.76872,0.150,0.400,0.000,-0.2451,-0.2674,TRACKING,L+C+R_fused
1786993662.631,47.8,0.867,0.799,0.920,0.5085,0.0035,5.58,-0.86138,0.150,0.400,0.000,-0.3409,-0.3660,TRACKING,L+C+R_fused
1786993662.643,47.8,0.956,0.794,0.927,0.4960,0.0009,6.45,-0.80597,0.150,0.400,0.000,-0.4094,-0.4365,TRACKING,L+C+R_fused
1786993662.654,47.8,0.956,0.794,0.927,0.4960,0.0007,5.16,-0.64477,0.150,0.400,0.000,-0.4094,-0.4365,TRACKING,prediction
1786993662.681,47.8,0.000,0.796,0.910,0.5186,-0.0039,6.75,-0.78272,0.150,0.400,0.000,-0.4927,-0.5223,TRACKING,R+C
1786993662.702,47.8,0.000,0.795,0.917,0.5209,-0.0023,6.78,-0.77270,0.150,0.400,0.000,-0.4678,-0.4965,TRACKING,R+C
1786993662.722,47.8,0.000,0.795,0.917,0.5209,-0.0018,5.43,-0.61816,0.150,0.400,0.000,-0.4678,-0.4965,TRACKING,prediction
1786993662.738,47.8,0.958,0.784,0.913,0.5363,0.0086,6.46,-0.79443,0.150,0.400,0.000,-0.2810,-0.3044,TRACKING,L+C+R_fused
1786993662.753,47.8,0.952,0.792,0.809,0.5201,0.0163,6.61,-0.76225,0.150,0.400,0.000,-0.1498,-0.1693,TRACKING,L+C+R_fused
1786993662.779,47.8,0.956,0.792,0.858,0.5077,0.0231,6.59,-0.75959,0.150,0.400,0.000,-0.0272,-0.0433,TRACKING,L+C+R_fused
1786993662.801,47.8,0.951,0.787,0.923,0.5028,0.0284,5.27,-0.84754,0.150,0.400,0.000,0.1099,0.0973,TRACKING,L+C+R_fused
1786993662.824,47.8,0.943,0.792,0.638,0.5197,0.0354,5.52,-0.81714,0.150,0.400,0.000,0.2258,0.2166,TRACKING,L+C+R_fused
1786993662.841,47.8,0.934,0.793,0.848,0.5169,0.0396,5.94,-0.80290,0.150,0.400,0.000,0.2814,0.2735,TRACKING,L+C+R_fused
1786993662.859,47.8,0.939,0.797,0.854,0.5045,0.0399,5.80,-0.84651,0.150,0.400,0.000,0.2854,0.2771,TRACKING,L+C+R_fused
1786993662.875,47.8,0.948,0.794,0.777,0.4992,0.0383,5.74,-0.87844,0.150,0.400,0.000,0.2552,0.2457,TRACKING,L+C+R_fused
1786993662.891,47.8,0.951,0.789,0.700,0.4998,0.0376,5.92,-0.87817,0.150,0.400,0.000,0.2364,0.2262,TRACKING,L+C+R_fused
1786993662.914,47.8,0.947,0.787,0.734,0.4967,0.0366,5.41,-0.94817,0.150,0.400,0.000,0.2288,0.2180,TRACKING,L+C+R_fused
1786993662.930,47.8,0.949,0.785,0.791,0.4926,0.0379,5.05,-0.98554,0.150,0.400,0.000,0.2607,0.2506,TRACKING,L+C+R_fused
1786993662.951,47.8,0.944,0.781,0.318,0.4868,0.0437,5.14,-1.00709,0.150,0.400,0.000,0.3492,0.3411,TRACKING,L+C+R_fused
1786993662.973,47.8,0.931,0.782,0.358,0.5255,0.0499,5.35,-1.00868,0.150,0.400,0.000,0.4396,0.4340,TRACKING,L+C+R_fused
1786993662.994,47.8,0.936,0.777,0.351,0.5819,0.0543,4.98,-1.05473,0.150,0.400,0.000,0.5151,0.5115,TRACKING,L+C+R_fused
1786993663.014,47.8,0.938,0.798,0.632,0.4784,0.0573,6.06,-0.95885,0.150,0.400,0.000,0.5324,0.5296,TRACKING,L+C+R_fused
1786993663.034,47.8,0.940,0.799,0.682,0.4695,0.0555,5.99,-1.00949,0.150,0.400,0.000,0.5003,0.4960,TRACKING,L+C+R_fused
1786993663.050,47.8,0.939,0.801,0.677,0.4751,0.0552,6.43,-0.97415,0.150,0.400,0.000,0.4847,0.4800,TRACKING,L+C+R_fused
1786993663.071,47.8,0.932,0.782,0.913,0.4732,0.0526,3.93,-1.21178,0.150,0.400,0.000,0.5051,0.5000,TRACKING,L+C+R_fused
1786993663.090,47.8,0.917,0.786,0.609,0.4038,0.0575,4.87,-1.13795,0.150,0.400,0.000,0.5534,0.5500,TRACKING,L+C+R_fused
1786993663.105,47.8,0.932,0.775,0.627,0.4798,0.0634,4.59,-1.18150,0.150,0.400,0.000,0.6400,0.6391,TRACKING,L+C+R_fused
1786993663.121,47.8,0.899,0.778,0.585,0.4824,0.0704,5.00,-1.15357,0.150,0.400,0.000,0.7211,0.7232,TRACKING,L+C+R_fused
1786993663.149,47.8,0.898,0.781,0.373,0.4398,0.0777,5.34,-1.12361,0.150,0.400,0.000,0.8010,0.8063,TRACKING,L+C+R_fused
1786993663.169,47.8,0.880,0.778,0.373,0.4421,0.0846,5.58,-1.09982,0.150,0.400,0.000,0.8727,0.8812,TRACKING,L+C+R_fused
1786993663.188,47.8,0.778,0.777,0.000,0.5301,0.0907,5.79,-1.08009,0.150,0.400,0.000,0.9300,0.9413,TRACKING,L+C
1786993663.194,47.8,0.749,0.768,0.000,0.5357,0.0934,5.11,-1.14805,0.150,0.400,0.000,0.9652,0.9780,TRACKING,L+C
1786993663.204,47.8,0.797,0.769,0.000,0.5416,0.0957,4.76,-1.19316,0.150,0.400,0.000,0.9895,1.0000,TRACKING,L+C
1786993663.234,47.8,0.797,0.769,0.000,0.5416,0.0765,3.81,-0.95453,0.150,0.400,0.000,0.9895,1.0000,TRACKING,prediction
1786993663.255,47.8,0.797,0.769,0.000,0.5416,0.0612,3.04,-0.76362,0.150,0.400,0.000,0.9895,1.0000,TRACKING,prediction
1786993663.275,47.8,0.895,0.736,0.379,0.5306,0.0945,7.99,-0.97681,0.150,0.400,0.000,0.9216,0.9319,TRACKING,L+C+R_fused
1786993663.296,47.8,0.901,0.704,0.907,0.4879,0.0929,9.17,-0.89531,0.150,0.400,0.000,0.8834,0.8920,TRACKING,L+C+R_fused
1786993663.306,47.8,0.922,0.703,0.906,0.4932,0.0909,9.64,-0.87243,0.150,0.400,0.000,0.8510,0.8580,TRACKING,L+C+R_fused
1786993663.327,51.3,0.776,0.704,0.734,0.4924,0.0875,9.76,-0.88739,0.150,0.400,0.000,0.8085,0.8134,TRACKING,L+C+R_fused
1786993663.358,51.3,0.788,0.698,0.655,0.4939,0.0848,10.83,-0.78609,0.150,0.400,0.000,0.7571,0.7603,TRACKING,L+C+R_fused
1786993663.368,51.3,0.813,0.696,0.807,0.4898,0.0832,12.85,-0.62310,0.150,0.400,0.000,0.6914,0.6926,TRACKING,L+C+R_fused
1786993663.398,51.3,0.846,0.692,0.701,0.4746,0.0794,13.86,-0.57119,0.150,0.400,0.000,0.6113,0.6094,TRACKING,L+C+R_fused
1786993663.409,51.3,0.846,0.692,0.701,0.4746,0.0635,11.09,-0.45695,0.150,0.400,0.000,0.6113,0.6094,TRACKING,prediction
1786993663.431,51.3,0.846,0.692,0.701,0.4746,0.0508,8.87,-0.36556,0.150,0.400,0.000,0.6113,0.6094,TRACKING,prediction
1786993663.461,51.3,0.000,0.683,0.897,0.4887,0.0698,18.50,-0.21912,0.178,0.400,0.000,0.2367,0.2271,TRACKING,R+C
1786993663.474,51.3,0.000,0.682,0.895,0.4991,0.0664,19.40,-0.18615,0.181,0.400,0.000,-0.0640,-0.0766,TRACKING,R+C
1786993663.490,51.3,0.000,0.681,0.873,0.4993,0.0613,19.71,-0.13323,0.187,0.400,0.000,-0.1197,-0.1343,TRACKING,R+C
1786993663.500,51.3,0.000,0.684,0.871,0.5083,0.0555,19.27,-0.23439,0.177,0.400,0.000,0.0294,0.0110,TRACKING,R+C
1786993663.531,51.3,0.000,0.684,0.871,0.5083,0.0444,15.41,-0.18751,0.177,0.400,0.000,0.0294,0.0110,TRACKING,prediction
1786993663.542,51.3,0.000,0.684,0.871,0.5083,0.0355,12.33,-0.15001,0.177,0.400,0.000,0.0294,0.0110,TRACKING,prediction
1786993663.563,51.3,0.000,0.735,0.862,0.5279,0.0261,9.08,-1.39704,0.150,0.400,0.000,-0.2114,-0.2434,TRACKING,R+C
1786993663.583,51.3,0.000,0.728,0.853,0.5381,0.0182,8.03,-1.54116,0.150,0.400,0.000,-0.3223,-0.3584,TRACKING,R+C
1786993663.603,51.3,0.000,0.741,0.843,0.5495,0.0101,7.00,-1.65573,0.150,0.400,0.000,-0.4299,-0.4696,TRACKING,R+C
1786993663.625,51.3,0.000,0.672,0.827,0.5639,0.0215,24.55,0.17256,0.183,0.400,0.000,-0.4777,-0.5150,TRACKING,R+C
1786993663.658,51.3,0.000,0.728,0.822,0.5723,-0.0012,8.96,-1.55753,0.150,0.400,0.000,-0.6554,-0.7029,TRACKING,R+C
1786993663.674,51.3,0.000,0.734,0.815,0.5781,-0.0084,9.32,-1.54860,0.150,0.400,0.000,-0.7582,-0.8098,TRACKING,R+C
1786993663.686,51.3,0.000,0.740,0.803,0.5869,-0.0138,9.96,-1.50484,0.150,0.400,0.000,-0.8339,-0.8886,TRACKING,R+C
1786993663.710,51.3,0.000,0.740,0.803,0.5869,-0.0110,7.97,-1.20387,0.150,0.400,0.000,-0.8339,-0.8886,TRACKING,prediction
1786993663.727,51.3,0.000,0.740,0.803,0.5869,-0.0088,6.37,-0.96310,0.150,0.400,0.000,-0.8339,-0.8886,TRACKING,prediction
1786993663.738,51.3,0.000,0.740,0.796,0.5908,-0.0152,10.13,-1.48929,0.150,0.400,0.000,-0.8528,-0.9083,TRACKING,R+C
1786993663.768,51.3,0.000,0.740,0.796,0.5908,-0.0122,8.10,-1.19143,0.150,0.400,0.000,-0.8528,-0.9083,TRACKING,prediction
1786993663.789,51.3,0.000,0.740,0.796,0.5908,-0.0097,6.48,-0.95314,0.150,0.400,0.000,-0.8528,-0.9083,TRACKING,prediction
1786993663.806,51.3,0.000,0.726,0.798,0.5961,-0.0121,8.26,-1.77032,0.150,0.400,0.000,-0.7951,-0.8501,TRACKING,R+C
1786993663.823,51.3,0.000,0.738,0.802,0.5991,-0.0133,9.08,-1.69441,0.150,0.400,0.000,-0.8246,-0.8806,TRACKING,R+C
1786993663.850,51.3,0.000,0.728,0.803,0.6067,-0.0201,7.26,-1.89579,0.150,0.400,0.000,-0.8685,-0.9274,TRACKING,R+C
1786993663.874,51.3,0.000,0.706,0.802,0.6146,-0.0253,6.99,-2.04566,0.150,0.400,0.000,-0.9293,-0.9928,TRACKING,R+C
1786993663.886,51.3,0.000,0.706,0.802,0.6146,-0.0202,5.59,-1.63652,0.150,0.400,0.000,-0.9293,-0.9928,TRACKING,prediction
1786993663.907,51.3,0.000,0.706,0.802,0.6146,-0.0162,4.48,-1.30922,0.150,0.400,0.000,-0.9293,-0.9928,TRACKING,prediction
1786993663.917,51.3,0.000,0.714,0.785,0.6314,-0.0375,7.27,-2.18339,0.150,0.400,0.000,-1.0000,-1.0000,TRACKING,R+C
1786993663.938,51.3,0.000,0.719,0.789,0.6346,-0.0393,7.20,-2.23891,0.150,0.400,0.000,-1.0000,-1.0000,TRACKING,R+C
1786993663.949,51.3,0.000,0.728,0.783,0.6335,-0.0422,6.03,-2.39273,0.150,0.400,0.000,-1.0000,-1.0000,TRACKING,R+C
1786993663.968,51.3,0.000,0.724,0.787,0.6370,-0.0422,7.55,-2.28961,0.150,0.400,0.000,-1.0000,-1.0000,TRACKING,R+C
1786993664.000,51.3,0.000,0.723,0.776,0.6464,-0.0470,8.31,-2.22741,0.150,0.400,0.000,-1.0000,-1.0000,TRACKING,R+C
1786993664.013,51.3,0.000,0.729,0.780,0.6607,-0.0546,9.29,-2.15501,0.150,0.400,0.000,-1.0000,-1.0000,TRACKING,R+C
1786993664.033,51.3,0.000,0.733,0.770,0.6794,-0.0639,10.23,-2.05259,0.150,0.400,0.000,-1.0000,-1.0000,TRACKING,R+C
1786993664.053,51.3,0.000,0.742,0.774,0.6899,-0.0729,11.08,-1.95702,0.150,0.400,0.000,-1.0000,-1.0000,TRACKING,R+C
1786993664.074,51.3,0.000,0.750,0.768,0.6978,-0.0808,11.57,-1.90757,0.150,0.400,0.000,-1.0000,-1.0000,TRACKING,R+C
1786993664.095,51.3,0.000,0.756,0.763,0.7042,-0.0842,12.97,-1.73143,0.150,0.400,0.000,-1.0000,-1.0000,TRACKING,R+C
1786993664.126,51.3,0.000,0.756,0.763,0.7042,-0.0673,10.37,-1.38514,0.150,0.400,0.000,-1.0000,-1.0000,TRACKING,prediction
1786993664.147,51.3,0.000,0.756,0.763,0.7042,-0.0539,8.30,-1.10811,0.150,0.400,0.000,-1.0000,-1.0000,TRACKING,prediction
1786993664.167,51.3,0.000,0.756,0.763,0.7042,-0.0431,6.64,-0.88649,0.150,0.400,0.000,-1.0000,-1.0000,TRACKING,prediction
1786993664.187,51.3,0.000,0.756,0.763,0.7042,-0.0345,5.31,-0.70919,0.150,0.400,0.000,-1.0000,-1.0000,TRACKING,prediction
1786993664.209,51.3,0.000,0.756,0.763,0.7042,-0.0276,4.25,-0.56735,0.150,0.400,0.000,-1.0000,-1.0000,TRACKING,prediction
1786993664.229,51.3,0.000,0.756,0.763,0.7042,-0.0221,3.40,-0.45388,0.150,0.400,0.000,-1.0000,-1.0000,TRACKING,prediction
1786993664.251,51.3,0.000,0.756,0.763,0.7042,-0.0177,2.72,-0.36311,0.150,0.400,0.000,-1.0000,-1.0000,TRACKING,prediction
1786993664.280,51.3,0.000,0.768,0.761,0.7150,-0.0865,21.77,-0.30806,0.169,0.400,0.000,-1.0000,-1.0000,TRACKING,R+C
1786993664.295,51.3,0.000,0.768,0.761,0.7150,-0.0692,17.41,-0.24645,0.169,0.400,0.000,-1.0000,-1.0000,TRACKING,prediction
1786993664.324,51.3,0.000,0.778,0.761,0.7132,-0.0916,21.47,-0.15618,0.184,0.400,0.000,-1.0000,-1.0000,TRACKING,R+C
1786993664.347,49.1,0.000,0.778,0.761,0.7132,-0.0733,17.18,-0.12494,0.184,0.400,0.000,-1.0000,-1.0000,TRACKING,prediction
1786993664.367,49.1,0.000,0.778,0.761,0.7132,-0.0586,13.74,-0.09995,0.184,0.400,0.000,-1.0000,-1.0000,TRACKING,prediction
1786993664.387,49.1,0.000,0.778,0.761,0.7132,-0.0469,10.99,-0.07996,0.184,0.400,0.000,-1.0000,-1.0000,TRACKING,prediction
1786993664.398,49.1,0.000,0.778,0.761,0.7132,-0.0375,8.80,-0.06397,0.184,0.400,0.000,-1.0000,-1.0000,TRACKING,prediction
1786993664.429,49.1,0.000,0.778,0.761,0.7132,-0.0300,7.04,-0.05118,0.184,0.400,0.000,-1.0000,-1.0000,TRACKING,prediction
1786993664.450,49.1,0.000,0.778,0.761,0.7132,-0.0240,5.63,-0.04094,0.184,0.400,0.000,-1.0000,-1.0000,TRACKING,prediction
1786993664.470,49.1,0.000,0.778,0.761,0.7132,-0.0192,4.50,-0.03275,0.184,0.400,0.000,-1.0000,-1.0000,TRACKING,prediction
1786993664.490,49.1,0.000,0.778,0.761,0.7132,-0.0154,3.60,-0.02620,0.184,0.400,0.000,-1.0000,-1.0000,TRACKING,prediction
1786993664.510,49.1,0.000,0.778,0.761,0.7132,-0.0123,2.88,-0.02096,0.184,0.404,0.000,-1.0000,-1.0000,TRACKING,prediction
1786993664.523,49.1,0.000,0.761,0.771,0.6539,-0.1141,10.27,-0.26976,0.173,0.409,0.000,-1.0000,-1.0000,TRACKING,R+C
1786993664.551,49.1,0.000,0.761,0.771,0.6539,-0.0913,8.21,-0.21581,0.173,0.414,0.000,-1.0000,-1.0000,TRACKING,prediction
1786993664.572,49.1,0.000,0.761,0.771,0.6539,-0.0730,6.57,-0.17265,0.173,0.418,0.000,-1.0000,-1.0000,TRACKING,prediction
1786993664.593,49.1,0.000,0.761,0.771,0.6539,-0.0584,5.26,-0.13812,0.173,0.422,0.000,-1.0000,-1.0000,TRACKING,prediction
1786993664.604,49.1,0.000,0.751,0.788,0.6173,-0.1087,7.30,-0.30843,0.169,0.415,0.000,-1.0000,-1.0000,TRACKING,R+C
1786993664.625,49.1,0.000,0.743,0.704,0.6049,-0.1074,5.92,-0.35834,0.164,0.411,0.000,-1.0000,-1.0000,TRACKING,R+C
1786993664.656,49.1,0.000,0.743,0.704,0.6049,-0.0860,4.73,-0.28667,0.164,0.408,0.000,-1.0000,-1.0000,TRACKING,prediction
1786993664.675,49.1,0.000,0.743,0.704,0.6049,-0.0688,3.79,-0.22934,0.164,0.405,0.000,-1.0000,-1.0000,TRACKING,prediction
1786993664.695,49.1,0.000,0.743,0.704,0.6049,-0.0550,3.03,-0.18347,0.164,0.404,0.000,-1.0000,-1.0000,TRACKING,prediction
1786993664.706,49.1,0.000,0.751,0.692,0.5746,-0.0921,3.64,-0.37166,0.163,0.403,0.000,-1.0000,-1.0000,TRACKING,R+C
1786993664.729,49.1,0.000,0.748,0.697,0.5688,-0.0872,3.22,-0.35738,0.164,0.402,0.000,-1.0000,-1.0000,TRACKING,R+C
1786993664.754,49.1,0.000,0.738,0.703,0.5600,-0.0830,1.39,-0.47339,0.153,0.401,0.000,-1.0000,-1.0000,TRACKING,R+C
1786993664.777,49.1,0.704,0.749,0.715,0.4893,-0.0781,0.38,-0.48677,0.151,0.401,0.000,-1.0000,-1.0000,TRACKING,L+C+R_fused
1786993664.798,49.1,0.949,0.730,0.724,0.5285,-0.0706,-0.58,-0.57856,0.150,0.401,0.000,-1.0000,-1.0000,TRACKING,L+C+R_fused
1786993664.809,49.1,0.944,0.715,0.837,0.5392,-0.0637,-1.45,-0.62892,0.150,0.400,0.000,-0.9476,-0.9860,TRACKING,L+C+R_fused
1786993664.829,49.1,0.947,0.738,0.836,0.5332,-0.0548,-0.41,-0.49623,0.150,0.400,0.000,-0.8689,-0.9028,TRACKING,L+C+R_fused
1786993664.860,49.1,0.951,0.717,0.833,0.5185,-0.0488,-2.20,-0.63384,0.150,0.400,0.000,-0.7705,-0.8005,TRACKING,L+C+R_fused
1786993664.870,49.1,0.947,0.705,0.846,0.5073,-0.0440,-4.74,-0.81960,0.150,0.400,0.000,-0.6549,-0.6811,TRACKING,L+C+R_fused
1786993664.901,49.1,0.944,0.725,0.869,0.5022,-0.0373,-4.59,-0.78989,0.150,0.400,0.000,-0.5625,-0.5853,TRACKING,L+C+R_fused
1786993664.926,49.1,0.945,0.695,0.876,0.5005,-0.0330,-6.59,-1.00350,0.150,0.400,0.000,-0.4572,-0.4781,TRACKING,L+C+R_fused
1786993664.947,49.1,0.943,0.699,0.892,0.4968,-0.0302,-7.00,-1.04938,0.150,0.400,0.000,-0.4062,-0.4260,TRACKING,L+C+R_fused
1786993664.967,49.1,0.943,0.719,0.889,0.4942,-0.0290,-6.16,-0.96813,0.150,0.400,0.000,-0.4057,-0.4249,TRACKING,L+C+R_fused
1786993664.987,49.1,0.946,0.740,0.891,0.4915,-0.0290,-5.42,-0.92504,0.150,0.400,0.000,-0.4282,-0.4480,TRACKING,L+C+R_fused
1786993665.008,49.1,0.940,0.704,0.878,0.4909,-0.0355,-9.38,-1.28352,0.150,0.400,0.000,-0.4367,-0.4589,TRACKING,L+C+R_fused
1786993665.028,49.1,0.948,0.749,0.879,0.4874,-0.0334,-6.64,-1.07050,0.150,0.400,0.000,-0.4740,-0.4963,TRACKING,L+C+R_fused
1786993665.038,49.1,0.949,0.726,0.878,0.4919,-0.0356,-8.44,-1.29970,0.150,0.400,0.000,-0.4758,-0.5000,TRACKING,L+C+R_fused
1786993665.059,49.1,0.899,0.724,0.876,0.4726,-0.0368,-9.21,-1.41204,0.150,0.400,0.000,-0.4835,-0.5089,TRACKING,L+C+R_fused
1786993665.084,49.1,0.376,0.736,0.874,0.4682,-0.0360,-9.01,-1.40998,0.150,0.400,0.000,-0.4792,-0.5047,TRACKING,L+C+R_fused
1786993665.104,49.1,0.000,0.728,0.879,0.5013,-0.0351,-10.57,-1.60954,0.150,0.400,0.000,-0.4390,-0.4650,TRACKING,R+C
1786993665.121,49.1,0.000,0.752,0.890,0.4986,-0.0326,-12.13,-1.74054,0.150,0.400,0.000,-0.3625,-0.3872,TRACKING,R+C
1786993665.135,49.1,0.378,0.736,0.892,0.4906,-0.0223,-11.53,-1.79983,0.150,0.400,0.000,-0.2238,-0.2458,TRACKING,L+C+R_fused
1786993665.146,49.1,0.841,0.753,0.893,0.4697,-0.0098,-9.94,-1.75724,0.150,0.400,0.000,-0.0637,-0.0817,TRACKING,L+C+R_fused
1786993665.167,49.1,0.944,0.763,0.901,0.4635,0.0003,-9.83,-1.80696,0.150,0.400,0.000,0.1000,0.0855,TRACKING,L+C+R_fused
1786993665.187,49.1,0.949,0.773,0.898,0.5041,0.0091,-9.86,-1.85396,0.150,0.400,0.000,0.2462,0.2351,TRACKING,L+C+R_fused
1786993665.208,49.1,0.933,0.780,0.898,0.5028,0.0175,-9.57,-1.89605,0.150,0.400,0.000,0.3676,0.3591,TRACKING,L+C+R_fused
1786993665.239,49.1,0.936,0.783,0.909,0.5015,0.0222,-10.01,-1.97655,0.150,0.400,0.000,0.4453,0.4382,TRACKING,L+C+R_fused
1786993665.250,49.1,0.949,0.786,0.920,0.4998,0.0293,-6.86,-1.87738,0.150,0.400,0.000,0.4537,0.4464,TRACKING,L+C+R_fused
1786993665.271,49.1,0.943,0.781,0.918,0.4927,0.0333,-5.52,-1.85928,0.150,0.400,0.000,0.4680,0.4605,TRACKING,L+C+R_fused
1786993665.292,49.1,0.949,0.784,0.919,0.4983,0.0383,-3.67,-1.79314,0.150,0.400,0.000,0.4857,0.4783,TRACKING,L+C+R_fused
1786993665.320,49.1,0.805,0.786,0.911,0.4842,0.0418,-2.82,-1.76958,0.150,0.400,0.000,0.5116,0.5047,TRACKING,L+C+R_fused
1786993665.344,49.1,0.377,0.780,0.915,0.4927,0.0448,-2.37,-1.79973,0.150,0.400,0.000,0.5350,0.5281,TRACKING,L+C+R_fused
1786993665.354,49.6,0.000,0.775,0.910,0.4711,0.0485,-0.38,-1.73403,0.150,0.400,0.000,0.5268,0.5190,TRACKING,R+C
1786993665.374,49.6,0.000,0.778,0.912,0.4745,0.0501,1.49,-1.65791,0.150,0.400,0.000,0.4911,0.4817,TRACKING,R+C
1786993665.396,49.6,0.000,0.775,0.909,0.4838,0.0488,2.69,-1.63369,0.150,0.400,0.000,0.4280,0.4160,TRACKING,R+C
1786993665.416,49.6,0.000,0.777,0.909,0.4934,0.0474,4.03,-1.57843,0.150,0.400,0.000,0.3584,0.3439,TRACKING,R+C
1786993665.443,49.6,0.000,0.769,0.898,0.5029,0.0460,5.58,-1.49439,0.150,0.400,0.000,0.2832,0.2664,TRACKING,R+C
1786993665.458,49.6,0.000,0.769,0.900,0.5072,0.0426,7.02,-1.41654,0.150,0.400,0.000,0.1743,0.1542,TRACKING,R+C
1786993665.486,49.6,0.000,0.761,0.885,0.5240,0.0383,7.82,-1.42136,0.150,0.400,0.000,0.0595,0.0356,TRACKING,R+C
1786993665.503,49.6,0.000,0.760,0.877,0.5409,0.0356,10.18,-1.22589,0.150,0.400,0.000,-0.0647,-0.0915,TRACKING,R+C
1786993665.525,49.6,0.000,0.758,0.877,0.5422,0.0306,10.68,-1.24462,0.150,0.400,0.000,-0.1793,-0.2099,TRACKING,R+C
1786993665.535,49.6,0.000,0.760,0.883,0.5600,0.0257,12.76,-1.02383,0.150,0.400,0.000,-0.3191,-0.3525,TRACKING,R+C
1786993665.555,49.6,0.000,0.758,0.872,0.5630,0.0192,12.51,-1.12915,0.150,0.400,0.000,-0.4327,-0.4706,TRACKING,R+C
1786993665.584,49.6,0.000,0.757,0.868,0.5814,0.0100,11.06,-1.35178,0.150,0.400,0.000,-0.5483,-0.5915,TRACKING,R+C
1786993665.596,49.6,0.000,0.753,0.857,0.5895,0.0030,11.97,-1.29489,0.150,0.400,0.000,-0.6714,-0.7189,TRACKING,R+C
1786993665.617,49.6,0.000,0.767,0.854,0.6086,-0.0093,10.71,-1.41740,0.150,0.400,0.000,-0.7959,-0.8485,TRACKING,R+C
1786993665.642,49.6,0.000,0.764,0.845,0.6200,-0.0162,11.80,-1.34011,0.150,0.400,0.000,-0.8936,-0.9505,TRACKING,R+C
1786993665.658,49.6,0.000,0.761,0.841,0.6314,-0.0238,12.77,-1.27182,0.150,0.400,0.000,-0.9848,-1.0000,TRACKING,R+C
1786993665.678,49.6,0.000,0.761,0.841,0.6314,-0.0190,10.22,-1.01745,0.150,0.400,0.000,-0.9848,-1.0000,TRACKING,prediction
1786993665.699,49.6,0.000,0.763,0.818,0.6532,-0.0433,13.56,-1.18210,0.150,0.400,0.000,-1.0000,-1.0000,TRACKING,R+C
1786993665.733,49.6,0.000,0.763,0.818,0.6532,-0.0347,10.85,-0.94568,0.150,0.400,0.000,-1.0000,-1.0000,TRACKING,prediction
1786993665.752,49.6,0.000,0.769,0.798,0.6739,-0.0642,14.60,-1.08179,0.150,0.400,0.000,-1.0000,-1.0000,TRACKING,R+C
1786993665.764,49.6,0.000,0.769,0.798,0.6739,-0.0513,11.68,-0.86543,0.150,0.400,0.000,-1.0000,-1.0000,TRACKING,prediction
1786993665.795,49.6,0.000,0.769,0.798,0.6739,-0.0411,9.34,-0.69235,0.150,0.400,0.000,-1.0000,-1.0000,TRACKING,prediction
1786993665.813,49.6,0.000,0.817,0.783,0.6951,-0.0965,16.02,-0.83711,0.150,0.400,0.000,-1.0000,-1.0000,TRACKING,R+C
1786993665.827,49.6,0.000,0.817,0.783,0.6951,-0.0772,12.82,-0.66969,0.150,0.400,0.000,-1.0000,-1.0000,TRACKING,prediction
1786993665.858,49.6,0.000,0.817,0.783,0.6951,-0.0618,10.26,-0.53575,0.150,0.400,0.000,-1.0000,-1.0000,TRACKING,prediction
1786993665.868,49.6,0.000,0.817,0.783,0.6951,-0.0494,8.20,-0.42860,0.150,0.400,0.000,-1.0000,-1.0000,TRACKING,prediction
1786993665.897,49.6,0.000,0.817,0.783,0.6951,-0.0395,6.56,-0.34288,0.150,0.400,0.000,-1.0000,-1.0000,TRACKING,prediction
1786993665.917,49.6,0.000,0.817,0.783,0.6951,-0.0316,5.25,-0.27431,0.150,0.400,0.000,-1.0000,-1.0000,TRACKING,prediction
1786993665.928,49.6,0.000,0.817,0.783,0.6951,-0.0253,4.20,-0.21944,0.150,0.400,0.000,-1.0000,-1.0000,TRACKING,prediction
1786993665.952,49.6,0.847,0.729,0.000,0.7382,0.2448,31.92,-0.97099,0.150,0.400,0.000,1.0000,0.0159,TRACKING,L+C
1786993665.979,49.6,0.847,0.729,0.000,0.7382,0.1958,25.54,-0.77680,0.150,0.400,0.000,1.0000,1.0000,TRACKING,prediction
1786993666.004,49.6,0.847,0.729,0.000,0.7382,0.1567,20.43,-0.62144,0.150,0.400,0.000,1.0000,1.0000,TRACKING,prediction
1786993666.023,49.6,0.847,0.729,0.000,0.7382,0.1253,16.34,-0.49715,0.150,0.400,0.000,1.0000,1.0000,TRACKING,prediction
1786993666.034,49.6,0.000,0.000,0.705,0.7382,-0.1711,38.15,-0.46624,0.153,0.364,0.000,-1.0000,-0.1372,UNCERTAIN,R_only
1786993666.052,49.6,0.000,0.000,0.705,0.7382,-0.1369,30.52,-0.37299,0.153,0.335,0.000,-1.0000,-1.0000,UNCERTAIN,prediction
1786993666.065,49.6,0.000,0.000,0.705,0.7382,-0.1095,24.42,-0.29839,0.153,0.311,0.000,-1.0000,-1.0000,UNCERTAIN,prediction
1786993666.086,49.6,0.000,0.000,0.705,0.7382,-0.0876,19.53,-0.23872,0.153,0.290,0.000,-1.0000,-1.0000,UNCERTAIN,prediction
1786993666.112,49.6,0.000,0.000,0.705,0.7382,-0.0701,15.63,-0.19097,0.153,0.272,0.000,-1.0000,-1.0000,UNCERTAIN,prediction
1786993666.141,49.6,0.000,0.000,0.705,0.7382,-0.0561,12.50,-0.15278,0.153,0.256,0.000,-1.0000,-1.0000,UNCERTAIN,prediction
1786993666.156,49.6,0.000,0.720,0.000,0.7382,0.1418,32.83,-0.59084,0.150,0.263,0.000,0.6274,-0.0242,TRACKING,C_only
1786993666.174,49.6,0.000,0.722,0.000,0.7382,0.1367,33.12,-0.49758,0.150,0.270,0.000,0.5614,0.5367,TRACKING,C_only
1786993666.195,49.6,0.000,0.722,0.000,0.7382,0.1094,26.49,-0.39806,0.150,0.277,0.000,0.5614,0.5367,TRACKING,prediction
1786993666.221,49.6,0.000,0.000,0.737,0.7382,-0.2446,31.74,-0.49177,0.151,0.277,0.000,-1.0000,-0.5843,UNCERTAIN,R_only
1786993666.233,49.6,0.000,0.000,0.738,0.7382,-0.2496,30.98,-0.50612,0.150,0.277,0.000,-1.0000,-1.0000,UNCERTAIN,R_only
1786993666.250,49.6,0.000,0.000,0.740,0.7382,-0.2530,30.63,-0.48097,0.152,0.277,0.000,-1.0000,-1.0000,UNCERTAIN,R_only
1786993666.271,49.6,0.000,0.744,0.000,0.7382,0.1127,30.04,-0.47062,0.153,0.283,0.000,0.3630,-0.0255,TRACKING,C_only
1786993666.299,49.6,0.000,0.745,0.000,0.7382,0.1078,29.52,-0.45809,0.154,0.289,0.000,0.3137,0.2878,TRACKING,C_only
1786993666.320,49.6,0.000,0.750,0.000,0.7382,0.1044,29.62,-0.39380,0.161,0.295,0.000,0.2490,0.2230,TRACKING,C_only
1786993666.331,49.6,0.000,0.755,0.000,0.7382,0.1001,28.88,-0.39987,0.160,0.300,0.000,0.2245,0.1985,TRACKING,C_only
1786993666.355,49.0,0.000,0.760,0.000,0.7382,0.0975,28.80,-0.33861,0.166,0.305,0.000,0.1882,0.1628,TRACKING,C_only
1786993666.365,49.0,0.000,0.762,0.000,0.7382,0.0944,28.20,-0.33585,0.166,0.310,0.000,0.1744,0.1494,TRACKING,C_only
1786993666.396,49.0,0.000,0.768,0.000,0.7382,0.0908,27.49,-0.34072,0.166,0.314,0.000,0.1563,0.1314,TRACKING,C_only
1786993666.403,49.0,0.000,0.770,0.000,0.7382,0.0871,26.82,-0.34648,0.165,0.318,0.000,0.1342,0.1093,TRACKING,C_only
1786993666.431,49.0,0.000,0.777,0.000,0.7382,0.0851,26.08,-0.36705,0.163,0.323,0.000,0.1396,0.1152,TRACKING,C_only
1786993666.441,49.0,0.000,0.777,0.000,0.7382,0.0836,25.48,-0.35350,0.165,0.326,0.000,0.1472,0.1240,TRACKING,C_only
1786993666.464,49.0,0.000,0.785,0.000,0.7382,0.0830,24.88,-0.35051,0.165,0.330,0.000,0.1661,0.1443,TRACKING,C_only
1786993666.488,49.0,0.000,0.789,0.000,0.7382,0.0834,24.62,-0.31260,0.169,0.334,0.000,0.1826,0.1625,TRACKING,C_only
1786993666.509,49.0,0.000,0.793,0.000,0.7382,0.0843,23.84,-0.33309,0.167,0.337,0.000,0.2300,0.2119,TRACKING,C_only
1786993666.530,49.0,0.000,0.796,0.000,0.7382,0.0852,23.12,-0.33524,0.166,0.340,0.000,0.2739,0.2579,TRACKING,C_only
1786993666.543,49.0,0.620,0.796,0.000,0.4882,0.0867,22.06,-0.39287,0.161,0.343,0.000,0.3495,0.3355,TRACKING,L+C
1786993666.563,49.0,0.926,0.802,0.000,0.4983,0.0888,21.42,-0.40802,0.159,0.346,0.000,0.4116,0.3998,TRACKING,L+C
1786993666.583,49.0,0.945,0.803,0.000,0.5017,0.0922,21.13,-0.38384,0.162,0.349,0.000,0.4622,0.4533,TRACKING,L+C
1786993666.604,49.0,0.946,0.808,0.000,0.5116,0.0946,20.33,-0.41673,0.158,0.351,0.000,0.5382,0.5316,TRACKING,L+C
1786993666.625,49.0,0.946,0.809,0.000,0.5162,0.0960,19.42,-0.46227,0.154,0.354,0.000,0.6144,0.6098,TRACKING,L+C
1786993666.646,49.0,0.946,0.816,0.000,0.5147,0.0976,19.25,-0.42746,0.157,0.356,0.000,0.6231,0.6204,TRACKING,L+C
1786993666.667,49.0,0.892,0.824,0.000,0.5189,0.0995,18.11,-0.49064,0.151,0.358,0.000,0.7230,0.7225,TRACKING,L+C
1786993666.696,49.0,0.855,0.830,0.000,0.5164,0.1028,18.02,-0.48342,0.152,0.360,0.000,0.7609,0.7622,TRACKING,L+C
1786993666.717,49.0,0.849,0.835,0.000,0.5140,0.1056,17.72,-0.49516,0.150,0.362,0.000,0.8114,0.8146,TRACKING,L+C
1786993666.727,49.0,0.851,0.837,0.000,0.5153,0.1093,17.52,-0.47096,0.153,0.364,0.000,0.8406,0.8464,TRACKING,L+C
1786993666.751,49.0,0.874,0.834,0.000,0.5156,0.1134,17.42,-0.45509,0.154,0.366,0.000,0.8745,0.8828,TRACKING,L+C
1786993666.779,49.0,0.874,0.837,0.000,0.5160,0.1177,17.35,-0.43504,0.156,0.368,0.000,0.9041,0.9151,TRACKING,L+C
1786993666.790,49.0,0.868,0.839,0.000,0.5169,0.1225,17.00,-0.44550,0.155,0.369,0.000,0.9618,0.9756,TRACKING,L+C
1786993666.814,49.0,0.862,0.838,0.000,0.5156,0.1262,16.71,-0.43796,0.156,0.371,0.000,0.9944,1.0000,TRACKING,L+C
1786993666.831,49.0,0.853,0.844,0.000,0.5167,0.1320,16.77,-0.40566,0.159,0.372,0.000,1.0000,1.0000,TRACKING,L+C
1786993666.858,49.0,0.854,0.851,0.000,0.5180,0.1372,16.41,-0.42032,0.158,0.374,0.000,1.0000,1.0000,TRACKING,L+C
1786993666.880,49.0,0.853,0.852,0.000,0.5181,0.1420,16.17,-0.40800,0.159,0.375,0.000,1.0000,1.0000,TRACKING,L+C
1786993666.892,49.0,0.856,0.852,0.000,0.5171,0.1460,15.49,-0.46308,0.154,0.376,0.000,1.0000,1.0000,TRACKING,L+C
1786993666.912,49.0,0.848,0.857,0.000,0.5165,0.1508,15.16,-0.46429,0.154,0.377,0.000,1.0000,1.0000,TRACKING,L+C
1786993666.933,49.0,0.859,0.857,0.000,0.5175,0.1539,14.05,-0.58003,0.150,0.379,0.000,1.0000,1.0000,TRACKING,L+C
1786993666.963,49.0,0.860,0.864,0.000,0.5153,0.1560,13.74,-0.60582,0.150,0.380,0.000,1.0000,1.0000,TRACKING,L+C
1786993666.974,49.0,0.858,0.868,0.000,0.5151,0.1569,13.61,-0.61553,0.150,0.381,0.000,1.0000,1.0000,TRACKING,L+C
1786993666.994,49.0,0.854,0.869,0.000,0.5139,0.1555,13.87,-0.58885,0.150,0.382,0.000,1.0000,1.0000,TRACKING,L+C
1786993667.015,49.0,0.866,0.871,0.000,0.5115,0.1525,14.23,-0.58931,0.150,0.382,0.000,1.0000,1.0000,TRACKING,L+C
1786993667.035,49.0,0.897,0.875,0.000,0.5131,0.1494,14.39,-0.59757,0.150,0.383,0.000,1.0000,1.0000,TRACKING,L+C
1786993667.056,49.0,0.906,0.877,0.000,0.5154,0.1473,14.54,-0.59082,0.150,0.384,0.000,1.0000,1.0000,TRACKING,L+C
1786993667.077,49.0,0.907,0.883,0.000,0.5144,0.1447,14.33,-0.65079,0.150,0.385,0.000,1.0000,1.0000,TRACKING,L+C
1786993667.105,49.0,0.907,0.874,0.000,0.5158,0.1440,14.57,-0.64537,0.150,0.386,0.000,1.0000,1.0000,TRACKING,L+C
1786993667.130,49.0,0.849,0.874,0.000,0.5152,0.1442,14.80,-0.61226,0.150,0.386,0.000,1.0000,1.0000,TRACKING,L+C
1786993667.143,49.0,0.849,0.871,0.000,0.5164,0.1451,14.82,-0.61780,0.150,0.387,0.000,1.0000,1.0000,TRACKING,L+C
1786993667.153,49.0,0.857,0.869,0.000,0.5163,0.1478,15.10,-0.56957,0.150,0.388,0.000,1.0000,1.0000,TRACKING,L+C
1786993667.182,49.0,0.872,0.878,0.000,0.5180,0.1526,14.90,-0.57976,0.150,0.388,0.000,1.0000,1.0000,TRACKING,L+C
1786993667.194,49.0,0.873,0.881,0.000,0.5175,0.1586,15.08,-0.54262,0.150,0.389,0.000,1.0000,1.0000,TRACKING,L+C
1786993667.216,49.0,0.858,0.887,0.000,0.5154,0.1638,14.94,-0.52497,0.150,0.390,0.000,1.0000,1.0000,TRACKING,L+C
1786993667.238,49.0,0.000,0.866,0.890,0.5158,-0.1634,-8.27,-0.74842,0.150,0.390,0.000,-1.0000,-0.0741,TRACKING,R+C
1786993667.265,49.0,0.000,0.864,0.888,0.5147,-0.1563,-8.09,-0.72250,0.150,0.391,0.000,-1.0000,-1.0000,TRACKING,R+C
1786993667.278,49.0,0.000,0.853,0.893,0.5122,-0.1488,-8.19,-0.71970,0.150,0.391,0.000,-1.0000,-1.0000,TRACKING,R+C
1786993667.299,49.0,0.000,0.845,0.896,0.5078,-0.1421,-8.99,-0.76320,0.150,0.391,0.000,-1.0000,-1.0000,TRACKING,R+C
1786993667.319,49.0,0.000,0.849,0.906,0.5027,-0.1343,-9.41,-0.80784,0.150,0.392,0.000,-1.0000,-1.0000,TRACKING,R+C
1786993667.347,49.0,0.000,0.848,0.908,0.5004,-0.1257,-8.66,-0.77383,0.150,0.392,0.000,-1.0000,-1.0000,TRACKING,R+C
1786993667.362,49.7,0.000,0.848,0.915,0.4984,-0.1205,-8.75,-0.78856,0.150,0.393,0.000,-1.0000,-1.0000,TRACKING,R+C
1786993667.386,49.7,0.000,0.854,0.916,0.4991,-0.1167,-8.40,-0.77817,0.150,0.393,0.000,-1.0000,-1.0000,TRACKING,R+C
1786993667.396,49.7,0.000,0.861,0.920,0.4980,-0.1149,-7.88,-0.75254,0.150,0.393,0.000,-1.0000,-1.0000,TRACKING,R+C
1786993667.416,49.7,0.000,0.837,0.914,0.4952,-0.1163,-8.84,-0.86889,0.150,0.394,0.000,-1.0000,-1.0000,TRACKING,R+C
1786993667.441,49.7,0.000,0.845,0.919,0.4930,-0.1160,-8.34,-0.85225,0.150,0.394,0.000,-1.0000,-1.0000,TRACKING,R+C
1786993667.452,49.7,0.000,0.856,0.920,0.5000,-0.1159,-8.29,-0.84639,0.150,0.394,0.000,-1.0000,-1.0000,TRACKING,R+C
1786993667.474,49.7,0.000,0.850,0.926,0.5040,-0.1140,-8.53,-0.86616,0.150,0.395,0.000,-1.0000,-1.0000,TRACKING,R+C
1786993667.501,49.7,0.000,0.846,0.928,0.5062,-0.1065,-6.99,-0.76676,0.150,0.395,0.000,-1.0000,-1.0000,TRACKING,R+C
1786993667.523,49.7,0.380,0.841,0.934,0.5400,-0.0985,-7.28,-0.78649,0.150,0.395,0.000,-1.0000,-1.0000,TRACKING,L+C+R_fused
1786993667.542,49.7,0.000,0.842,0.938,0.5057,-0.0891,-6.69,-0.74981,0.150,0.395,0.000,-1.0000,-1.0000,TRACKING,R+C
1786993667.563,49.7,0.350,0.844,0.946,0.4600,-0.0800,-6.40,-0.71880,0.150,0.396,0.000,-0.9915,-1.0000,TRACKING,L+C+R_fused
1786993667.583,49.7,0.000,0.857,0.935,0.4997,-0.0708,-6.17,-0.71750,0.150,0.396,0.000,-0.9115,-0.9457,TRACKING,R+C
1786993667.603,49.7,0.000,0.853,0.936,0.5004,-0.0645,-6.08,-0.72327,0.150,0.396,0.000,-0.8498,-0.8814,TRACKING,R+C
1786993667.626,49.7,0.000,0.860,0.946,0.5020,-0.0622,-6.41,-0.75722,0.150,0.396,0.000,-0.8188,-0.8492,TRACKING,R+C
1786993667.645,49.7,0.000,0.852,0.945,0.5027,-0.0607,-6.32,-0.76947,0.150,0.396,0.000,-0.8056,-0.8357,TRACKING,R+C
1786993667.666,49.7,0.000,0.855,0.935,0.5035,-0.0586,-5.41,-0.73732,0.150,0.397,0.000,-0.8038,-0.8340,TRACKING,R+C
1786993667.685,49.7,0.000,0.855,0.931,0.5031,-0.0564,-4.88,-0.72923,0.150,0.397,0.000,-0.7933,-0.8234,TRACKING,R+C
1786993667.706,49.7,0.000,0.867,0.938,0.5048,-0.0519,-3.31,-0.62617,0.150,0.397,0.000,-0.7738,-0.8029,TRACKING,R+C
1786993667.733,49.7,0.000,0.872,0.913,0.5040,-0.0476,-2.02,-0.54225,0.150,0.397,0.000,-0.7508,-0.7790,TRACKING,R+C
1786993667.747,49.7,0.000,0.874,0.863,0.5066,-0.0459,-1.43,-0.51909,0.150,0.397,0.000,-0.7446,-0.7726,TRACKING,R+C
1786993667.767,49.7,0.000,0.872,0.928,0.4969,-0.0467,-1.47,-0.55865,0.150,0.397,0.000,-0.7588,-0.7879,TRACKING,R+C
1786993667.791,49.7,0.000,0.862,0.930,0.5048,-0.0500,-2.02,-0.63019,0.150,0.398,0.000,-0.7903,-0.8211,TRACKING,R+C
1786993667.811,49.7,0.774,0.830,0.917,0.5435,-0.0530,-3.50,-0.84997,0.150,0.398,0.000,-0.8079,-0.8413,TRACKING,L+C+R_fused
1786993667.828,49.7,0.000,0.860,0.923,0.5148,-0.0523,0.33,-0.47289,0.153,0.398,0.000,-0.8409,-0.8747,TRACKING,R+C
1786993667.849,49.7,0.000,0.860,0.915,0.4962,-0.0552,1.24,-0.41355,0.159,0.398,0.000,-0.8403,-0.8760,TRACKING,R+C
1786993667.874,49.7,0.000,0.860,0.890,0.5078,-0.0594,0.96,-0.45781,0.154,0.398,0.000,-0.9135,-0.9515,TRACKING,R+C
1786993667.889,49.7,0.000,0.855,0.825,0.5180,-0.0623,1.63,-0.40930,0.159,0.398,0.000,-0.9114,-0.9512,TRACKING,R+C
1786993667.918,49.7,0.000,0.799,0.922,0.5255,-0.0699,-3.54,-1.08594,0.150,0.398,0.000,-0.9990,-1.0000,TRACKING,R+C
1786993667.938,49.7,0.000,0.817,0.804,0.5247,-0.0752,-4.39,-1.10012,0.150,0.398,0.000,-1.0000,-1.0000,TRACKING,R+C
1786993667.957,49.7,0.000,0.850,0.834,0.5844,-0.0733,-0.49,-0.77733,0.150,0.398,0.000,-1.0000,-1.0000,TRACKING,R+C
1786993667.969,49.7,0.000,0.855,0.822,0.5796,-0.0751,0.49,-0.71495,0.150,0.398,0.000,-1.0000,-1.0000,TRACKING,R+C
1786993667.996,49.7,0.000,0.841,0.917,0.5441,-0.0776,0.29,-0.78772,0.150,0.399,0.000,-1.0000,-1.0000,TRACKING,R+C
1786993668.011,49.7,0.000,0.850,0.924,0.5300,-0.0797,0.79,-0.77593,0.150,0.399,0.000,-1.0000,-1.0000,TRACKING,R+C
1786993668.033,49.7,0.000,0.850,0.924,0.5300,-0.0638,0.63,-0.62074,0.150,0.399,0.000,-1.0000,-1.0000,TRACKING,prediction
1786993668.052,49.7,0.000,0.831,0.926,0.5486,-0.0859,0.75,-0.83929,0.150,0.399,0.000,-1.0000,-1.0000,TRACKING,R+C
1786993668.072,49.7,0.000,0.831,0.926,0.5486,-0.0687,0.60,-0.67143,0.150,0.399,0.000,-1.0000,-1.0000,TRACKING,prediction
1786993668.092,49.7,0.000,0.831,0.926,0.5486,-0.0549,0.48,-0.53715,0.150,0.399,0.000,-1.0000,-1.0000,TRACKING,prediction
1786993668.113,49.7,0.000,0.831,0.926,0.5486,-0.0440,0.38,-0.42972,0.150,0.399,0.000,-1.0000,-1.0000,TRACKING,prediction
1786993668.133,49.7,0.000,0.831,0.926,0.5486,-0.0352,0.31,-0.34377,0.150,0.399,0.000,-1.0000,-1.0000,TRACKING,prediction
1786993668.164,49.7,0.000,0.831,0.926,0.5486,-0.0281,0.24,-0.27502,0.150,0.399,0.000,-1.0000,-1.0000,TRACKING,prediction
1786993668.174,49.7,0.000,0.831,0.926,0.5486,-0.0225,0.20,-0.22002,0.150,0.399,0.000,-1.0000,-1.0000,TRACKING,prediction
1786993668.194,49.7,0.000,0.831,0.926,0.5486,-0.0180,0.16,-0.17601,0.150,0.399,0.000,-1.0000,-1.0000,TRACKING,prediction
1786993668.215,49.7,0.000,0.831,0.926,0.5486,-0.0144,0.13,-0.14081,0.150,0.399,0.000,-1.0000,-1.0000,TRACKING,prediction
1786993668.243,49.7,0.000,0.831,0.926,0.5486,-0.0115,0.10,-0.11265,0.150,0.399,0.000,-1.0000,-1.0000,TRACKING,prediction
1786993668.257,49.7,0.000,0.831,0.926,0.5486,-0.0092,0.08,-0.09012,0.150,0.399,0.000,-1.0000,-1.0000,TRACKING,prediction
1786993668.278,49.7,0.000,0.831,0.926,0.5486,-0.0074,0.06,-0.07209,0.150,0.399,0.000,-1.0000,-1.0000,TRACKING,prediction
1786993668.299,49.7,0.000,0.831,0.926,0.5486,-0.0059,0.05,-0.05768,0.150,0.393,0.000,-1.0000,-1.0000,TRACKING,prediction
1786993668.328,49.7,0.000,0.831,0.926,0.5486,-0.0047,0.04,-0.04614,0.150,0.384,0.000,-1.0000,-1.0000,TRACKING,prediction
1786993668.350,49.7,0.000,0.831,0.926,0.5486,-0.0038,0.03,-0.03691,0.150,0.371,0.000,-1.0000,-1.0000,TRACKING,prediction
1786993668.371,48.5,0.000,0.831,0.926,0.5486,-0.0030,0.03,-0.02953,0.150,0.358,0.000,-1.0000,-1.0000,TRACKING,prediction
1786993668.386,48.5,0.000,0.831,0.926,0.5486,-0.0024,0.02,-0.02362,0.150,0.334,0.000,-1.0000,-1.0000,UNCERTAIN,prediction
1786993668.396,48.5,0.000,0.831,0.926,0.5486,-0.0019,0.02,-0.01890,0.150,0.318,0.000,-1.0000,-1.0000,UNCERTAIN,prediction
1786993668.417,48.5,0.000,0.831,0.926,0.5486,-0.0015,0.01,-0.01512,0.150,0.306,0.000,-1.0000,-1.0000,UNCERTAIN,prediction
1786993668.448,48.5,0.000,0.831,0.926,0.5486,-0.0012,0.01,-0.01210,0.150,0.294,0.000,-1.0000,-1.0000,UNCERTAIN,prediction
1786993668.457,48.5,0.000,0.831,0.926,0.5486,-0.0010,0.01,-0.00968,0.150,0.281,0.000,-1.0000,-1.0000,UNCERTAIN,prediction
1786993668.478,48.5,0.000,0.831,0.926,0.5486,-0.0008,0.01,-0.00774,0.150,0.269,0.000,-1.0000,-1.0000,UNCERTAIN,prediction
1786993668.507,48.5,0.000,0.831,0.926,0.5486,-0.0006,0.01,-0.00619,0.150,0.256,0.000,-1.0000,-1.0000,UNCERTAIN,prediction
1786993668.519,48.5,0.000,0.831,0.926,0.5486,-0.0005,0.00,-0.00495,0.150,0.244,0.000,-1.0000,-1.0000,UNCERTAIN,prediction
1786993668.550,48.5,0.000,0.831,0.926,0.5486,-0.0004,0.00,-0.00396,0.150,0.232,0.000,-1.0000,-1.0000,UNCERTAIN,prediction
1786993668.560,48.5,0.000,0.831,0.926,0.5486,-0.0003,0.00,-0.00317,0.150,0.221,0.000,-1.0000,-1.0000,UNCERTAIN,prediction
1786993668.594,48.5,0.000,0.831,0.926,0.5486,-0.0003,0.00,-0.00254,0.150,0.210,0.000,-1.0000,-1.0000,UNCERTAIN,prediction
1786993668.604,48.5,0.000,0.886,0.840,0.6095,-0.1551,3.50,-1.09253,0.150,0.220,0.000,-1.0000,-1.0000,TRACKING,R+C
1786993668.626,48.5,0.000,0.886,0.833,0.6109,-0.1572,4.63,-1.00630,0.150,0.229,0.000,-1.0000,-1.0000,TRACKING,R+C
1786993668.654,48.5,0.000,0.692,0.823,0.6248,-0.1418,21.35,0.80577,0.150,0.237,0.000,-1.0000,-1.0000,TRACKING,R+C
1786993668.666,48.5,0.000,0.692,0.823,0.6248,-0.1134,17.08,0.64462,0.150,0.246,0.000,-1.0000,-1.0000,TRACKING,prediction
