timestamp,fps,left_conf,center_conf,right_conf,lane_width_m,lateral_error_m,heading_error_deg,curvature,lookahead_m,target_speed,actual_speed,steer_raw,steer_filtered,tracking_state,reconstruction_method
1786988219.141,0.0,0.903,0.787,0.814,0.4940,-0.0041,7.47,-0.03852,0.196,0.700,0.000,-0.3057,-0.2727,TRACKING,L+C+R_fused
1786988219.231,0.0,0.905,0.788,0.753,0.4932,-0.0042,7.46,-0.03698,0.196,0.700,0.000,-0.3055,-0.2147,TRACKING,L+C+R_fused
1786988219.246,0.0,0.905,0.787,0.743,0.4920,-0.0040,7.60,-0.02814,0.197,0.180,0.000,-0.3038,-0.2060,TRACKING,L+C+R_fused
1786988219.262,0.0,0.905,0.788,0.343,0.4982,-0.0042,7.45,-0.03769,0.196,0.180,0.000,-0.3056,-0.3004,TRACKING,L+C+R_fused
1786988219.290,0.0,0.905,0.788,0.327,0.4980,-0.0042,7.49,-0.03590,0.196,0.180,0.000,-0.3057,-0.3139,TRACKING,L+C+R_fused
1786988219.302,0.0,0.905,0.788,0.375,0.4984,-0.0042,7.44,-0.03914,0.196,0.700,0.000,-0.3061,-0.3162,TRACKING,L+C+R_fused
1786988219.326,0.0,0.904,0.787,0.405,0.4966,-0.0042,7.43,-0.03947,0.196,0.700,0.000,-0.3056,-0.2215,TRACKING,L+C+R_fused
1786988219.363,0.0,0.905,0.789,0.401,0.4955,-0.0041,7.48,-0.03616,0.196,0.700,0.000,-0.3051,-0.2077,TRACKING,L+C+R_fused
1786988219.379,0.0,0.905,0.788,0.569,0.4946,-0.0042,7.42,-0.03936,0.196,0.700,0.000,-0.3057,-0.2060,TRACKING,L+C+R_fused
1786988219.393,0.0,0.905,0.788,0.517,0.4948,-0.0042,7.43,-0.03845,0.196,0.700,0.000,-0.3056,-0.2057,TRACKING,L+C+R_fused
1786988219.405,0.0,0.907,0.788,0.517,0.4942,-0.0042,7.47,-0.03442,0.197,0.700,0.000,-0.3046,-0.2050,TRACKING,L+C+R_fused
1786988219.426,0.0,0.906,0.788,0.573,0.4936,-0.0042,7.46,-0.03445,0.197,0.700,0.000,-0.3047,-0.2050,TRACKING,L+C+R_fused
1786988219.441,0.0,0.905,0.786,0.733,0.4942,-0.0042,7.39,-0.04503,0.195,0.180,0.000,-0.3076,-0.2066,TRACKING,L+C+R_fused
1786988219.482,0.0,0.906,0.787,0.733,0.4941,-0.0041,7.44,-0.04119,0.196,0.180,0.000,-0.3065,-0.3013,TRACKING,L+C+R_fused
1786988219.488,0.0,0.906,0.787,0.733,0.4941,-0.0041,7.44,-0.04103,0.196,0.180,0.000,-0.3065,-0.3147,TRACKING,L+C+R_fused
1786988219.501,0.0,0.907,0.787,0.734,0.4929,-0.0043,7.39,-0.04394,0.196,0.180,0.000,-0.3075,-0.3175,TRACKING,L+C+R_fused
1786988219.517,0.0,0.906,0.786,0.705,0.4936,-0.0042,7.42,-0.04298,0.196,0.180,0.000,-0.3067,-0.3173,TRACKING,L+C+R_fused
1786988219.552,0.0,0.906,0.787,0.705,0.4936,-0.0041,7.44,-0.04164,0.196,0.180,0.000,-0.3062,-0.3168,TRACKING,L+C+R_fused
1786988219.572,0.0,0.906,0.786,0.705,0.4952,-0.0042,7.41,-0.04300,0.196,0.180,0.000,-0.3068,-0.3172,TRACKING,L+C+R_fused
1786988219.586,0.0,0.906,0.786,0.705,0.4952,-0.0042,7.44,-0.04130,0.196,0.180,0.000,-0.3065,-0.3171,TRACKING,L+C+R_fused
1786988219.613,0.0,0.906,0.786,0.714,0.4955,-0.0043,7.38,-0.04566,0.195,0.180,0.000,-0.3075,-0.3179,TRACKING,L+C+R_fused
1786988219.627,0.0,0.906,0.787,0.673,0.4953,-0.0042,7.47,-0.03816,0.196,0.180,0.000,-0.3063,-0.3170,TRACKING,L+C+R_fused
1786988219.656,0.0,0.909,0.786,0.673,0.4952,-0.0043,7.45,-0.03877,0.196,0.180,0.000,-0.3067,-0.3172,TRACKING,L+C+R_fused
1786988219.674,0.0,0.909,0.786,0.631,0.4953,-0.0043,7.44,-0.03931,0.196,0.180,0.000,-0.3068,-0.3173,TRACKING,L+C+R_fused
1786988219.690,0.0,0.909,0.786,0.631,0.4953,-0.0034,5.95,-0.03145,0.196,0.180,0.000,-0.3068,-0.3173,TRACKING,prediction
1786988219.707,0.0,0.909,0.786,0.631,0.4953,-0.0027,4.76,-0.02516,0.196,0.180,0.000,-0.3068,-0.3173,TRACKING,prediction
1786988219.723,0.0,0.909,0.786,0.631,0.4953,-0.0022,3.81,-0.02013,0.196,0.180,0.000,-0.3068,-0.3173,TRACKING,prediction
1786988219.753,0.0,0.909,0.786,0.631,0.4953,-0.0017,3.05,-0.01610,0.196,0.180,0.000,-0.3068,-0.3173,TRACKING,prediction
1786988219.758,0.0,0.909,0.786,0.631,0.4953,-0.0014,2.44,-0.01288,0.196,0.180,0.000,-0.3068,-0.3173,TRACKING,prediction
1786988219.794,0.0,0.909,0.786,0.631,0.4953,-0.0011,1.95,-0.01031,0.196,0.180,0.000,-0.3068,-0.3173,TRACKING,prediction
1786988219.813,0.0,0.909,0.786,0.631,0.4953,-0.0009,1.56,-0.00824,0.196,0.180,0.000,-0.3068,-0.3173,TRACKING,prediction
1786988219.830,0.0,0.909,0.786,0.631,0.4953,-0.0007,1.25,-0.00660,0.196,0.180,0.000,-0.3068,-0.3173,TRACKING,prediction
1786988219.848,0.0,0.909,0.786,0.631,0.4953,-0.0006,1.00,-0.00528,0.196,0.180,0.000,-0.3068,-0.3173,TRACKING,prediction
1786988219.863,0.0,0.909,0.786,0.631,0.4953,-0.0005,0.80,-0.00422,0.196,0.180,0.000,-0.3068,-0.3173,TRACKING,prediction
1786988219.878,0.0,0.909,0.786,0.631,0.4953,-0.0004,0.64,-0.00338,0.196,0.180,0.000,-0.3068,-0.3173,TRACKING,prediction
1786988219.893,0.0,0.909,0.786,0.631,0.4953,-0.0003,0.51,-0.00270,0.196,0.180,0.000,-0.3068,-0.3173,TRACKING,prediction
1786988219.919,0.0,0.906,0.790,0.916,0.4921,-0.0034,7.47,-0.03534,0.196,0.700,0.000,-0.2976,-0.3094,TRACKING,L+C+R_fused
1786988219.933,0.0,0.908,0.789,0.916,0.4918,-0.0035,7.41,-0.03901,0.196,0.700,0.000,-0.2980,-0.2162,TRACKING,L+C+R_fused
1786988219.953,0.0,0.906,0.788,0.919,0.4907,-0.0035,7.41,-0.03875,0.196,0.700,0.000,-0.2982,-0.2030,TRACKING,L+C+R_fused
1786988219.967,0.0,0.904,0.790,0.926,0.4902,-0.0035,7.40,-0.04115,0.196,0.700,0.000,-0.2989,-0.2014,TRACKING,L+C+R_fused
1786988220.003,0.0,0.904,0.790,0.926,0.4907,-0.0035,7.37,-0.04380,0.196,0.700,0.000,-0.2991,-0.2013,TRACKING,L+C+R_fused
1786988220.022,0.0,0.904,0.790,0.926,0.4907,-0.0035,7.37,-0.04351,0.196,0.700,0.000,-0.2990,-0.2012,TRACKING,L+C+R_fused
1786988220.044,42.1,0.904,0.791,0.926,0.4907,-0.0035,7.41,-0.04087,0.196,0.700,0.000,-0.2990,-0.2012,TRACKING,L+C+R_fused
1786988220.058,42.1,0.903,0.790,0.928,0.4908,-0.0034,7.52,-0.03094,0.197,0.700,0.000,-0.2970,-0.2001,TRACKING,L+C+R_fused
1786988220.074,42.1,0.903,0.790,0.928,0.4907,-0.0037,7.43,-0.03585,0.196,0.700,0.000,-0.2988,-0.2010,TRACKING,L+C+R_fused
1786988220.094,42.1,0.905,0.790,0.928,0.4908,-0.0038,7.45,-0.03281,0.197,0.700,0.000,-0.2989,-0.2012,TRACKING,L+C+R_fused
1786988220.115,42.1,0.897,0.792,0.705,0.4957,-0.0041,7.43,-0.03730,0.196,0.700,0.000,-0.3033,-0.2036,TRACKING,L+C+R_fused
1786988220.139,42.1,0.901,0.791,0.936,0.4919,-0.0044,7.53,-0.02559,0.197,0.700,0.000,-0.3042,-0.2046,TRACKING,L+C+R_fused
1786988220.156,42.1,0.902,0.787,0.730,0.4971,-0.0044,7.53,-0.01897,0.198,0.180,0.000,-0.3015,-0.2032,TRACKING,L+C+R_fused
1786988220.178,42.1,0.893,0.788,0.701,0.5031,-0.0055,7.37,-0.02777,0.197,0.180,0.000,-0.3103,-0.3040,TRACKING,L+C+R_fused
1786988220.198,42.1,0.893,0.788,0.701,0.5031,-0.0044,5.89,-0.02222,0.197,0.180,0.000,-0.3103,-0.3184,TRACKING,prediction
1786988220.209,42.1,0.894,0.792,0.344,0.5008,-0.0067,7.44,-0.01575,0.198,0.180,0.000,-0.3183,-0.3275,TRACKING,L+C+R_fused
1786988220.229,42.1,0.885,0.791,0.641,0.5022,-0.0074,7.64,0.00559,0.199,0.180,0.000,-0.3246,-0.3343,TRACKING,L+C+R_fused
1786988220.250,42.1,0.881,0.789,0.699,0.5056,-0.0091,7.57,0.01088,0.199,0.180,0.000,-0.3395,-0.3481,TRACKING,L+C+R_fused
1786988220.272,42.1,0.881,0.789,0.699,0.5056,-0.0073,6.06,0.00870,0.199,0.180,0.000,-0.3395,-0.3501,TRACKING,prediction
1786988220.296,42.1,0.862,0.790,0.000,0.4964,-0.0125,7.20,-0.00364,0.200,0.180,0.000,-0.3595,-0.3677,TRACKING,L+C
1786988220.317,42.1,0.875,0.787,0.702,0.5112,-0.0139,7.34,0.01932,0.198,0.180,0.000,-0.3781,-0.3861,TRACKING,L+C+R_fused
1786988220.339,42.1,0.879,0.787,0.848,0.5142,-0.0158,7.12,0.00426,0.200,0.180,0.000,-0.3863,-0.3961,TRACKING,L+C+R_fused
1786988220.358,42.1,0.883,0.791,0.938,0.5211,-0.0182,6.80,-0.00626,0.199,0.180,0.000,-0.4002,-0.4095,TRACKING,L+C+R_fused
1786988220.378,42.1,0.888,0.793,0.936,0.5249,-0.0200,6.60,-0.01355,0.199,0.180,0.000,-0.4145,-0.4236,TRACKING,L+C+R_fused
1786988220.397,42.1,0.901,0.790,0.767,0.5267,-0.0213,6.91,0.01695,0.198,0.180,0.000,-0.4317,-0.4404,TRACKING,L+C+R_fused
1786988220.425,42.1,0.885,0.792,0.735,0.5250,-0.0224,6.79,0.01629,0.198,0.180,0.000,-0.4379,-0.4481,TRACKING,L+C+R_fused
1786988220.441,42.1,0.883,0.791,0.740,0.5237,-0.0231,6.47,0.00846,0.199,0.180,0.000,-0.4325,-0.4447,TRACKING,L+C+R_fused
1786988220.460,42.1,0.889,0.790,0.932,0.5280,-0.0225,6.43,0.01975,0.198,0.180,0.000,-0.4288,-0.4408,TRACKING,L+C+R_fused
1786988220.480,42.1,0.882,0.790,0.727,0.5259,-0.0209,5.95,0.00060,0.200,0.180,0.000,-0.3954,-0.4118,TRACKING,L+C+R_fused
1786988220.504,42.1,0.881,0.789,0.740,0.5202,-0.0180,5.64,-0.00716,0.199,0.180,0.000,-0.3636,-0.3800,TRACKING,L+C+R_fused
1786988220.524,42.1,0.869,0.793,0.726,0.5242,-0.0151,5.46,-0.00922,0.199,0.180,0.000,-0.3309,-0.3470,TRACKING,L+C+R_fused
1786988220.545,42.1,0.867,0.794,0.777,0.5236,-0.0142,5.16,-0.01786,0.198,0.180,0.000,-0.3173,-0.3304,TRACKING,L+C+R_fused
1786988220.566,42.1,0.871,0.790,0.743,0.5237,-0.0148,5.03,-0.01092,0.199,0.180,0.000,-0.3157,-0.3265,TRACKING,L+C+R_fused
1786988220.587,42.1,0.871,0.790,0.758,0.5247,-0.0160,4.88,-0.01605,0.198,0.180,0.000,-0.3250,-0.3340,TRACKING,L+C+R_fused
1786988220.607,42.1,0.859,0.790,0.764,0.5246,-0.0175,4.78,-0.01562,0.198,0.180,0.000,-0.3352,-0.3439,TRACKING,L+C+R_fused
1786988220.628,42.1,0.867,0.791,0.739,0.5276,-0.0188,4.46,-0.03508,0.196,0.180,0.000,-0.3475,-0.3558,TRACKING,L+C+R_fused
1786988220.650,42.1,0.852,0.792,0.741,0.5285,-0.0201,4.13,-0.05709,0.194,0.180,0.000,-0.3610,-0.3690,TRACKING,L+C+R_fused
1786988220.670,42.1,0.833,0.786,0.746,0.5375,-0.0225,3.53,-0.08772,0.191,0.180,0.000,-0.3813,-0.3882,TRACKING,L+C+R_fused
1786988220.691,42.1,0.846,0.782,0.750,0.5369,-0.0242,3.57,-0.08166,0.192,0.180,0.000,-0.3958,-0.4036,TRACKING,L+C+R_fused
1786988220.712,42.1,0.831,0.782,0.752,0.5425,-0.0286,2.05,-0.19180,0.181,0.180,0.000,-0.4563,-0.4570,TRACKING,L+C+R_fused
1786988220.733,42.1,0.809,0.752,0.742,0.5426,-0.0315,1.39,-0.26966,0.173,0.180,0.000,-0.5176,-0.5166,TRACKING,L+C+R_fused
1786988220.754,42.1,0.809,0.752,0.742,0.5426,-0.0252,1.11,-0.21573,0.173,0.180,0.000,-0.5176,-0.5255,TRACKING,prediction
1786988220.774,42.1,0.809,0.752,0.742,0.5426,-0.0201,0.89,-0.17258,0.173,0.180,0.000,-0.5176,-0.5268,TRACKING,prediction
1786988220.795,42.1,0.809,0.752,0.742,0.5426,-0.0161,0.71,-0.13806,0.173,0.180,0.000,-0.5176,-0.5270,TRACKING,prediction
1786988220.818,42.1,0.838,0.736,0.762,0.5348,-0.0431,-1.87,-0.54994,0.150,0.180,0.000,-0.6998,-0.6801,TRACKING,L+C+R_fused
1786988220.839,42.1,0.807,0.739,0.737,0.5250,-0.0436,-3.28,-0.64356,0.150,0.180,0.000,-0.6741,-0.6812,TRACKING,L+C+R_fused
1786988220.852,42.1,0.871,0.725,0.859,0.5232,-0.0405,-3.20,-0.65556,0.150,0.180,0.000,-0.6372,-0.6503,TRACKING,L+C+R_fused
1786988220.875,42.1,0.871,0.725,0.859,0.5232,-0.0324,-2.56,-0.52445,0.150,0.180,0.000,-0.6372,-0.6457,TRACKING,prediction
1786988220.893,42.1,0.817,0.716,0.734,0.5078,-0.0368,-4.63,-0.77548,0.150,0.180,0.000,-0.5526,-0.5738,TRACKING,L+C+R_fused
1786988220.914,42.1,0.787,0.717,0.748,0.4965,-0.0376,-5.99,-0.88750,0.150,0.180,0.000,-0.5315,-0.5455,TRACKING,L+C+R_fused
1786988220.935,42.1,0.756,0.711,0.764,0.4844,-0.0392,-7.07,-0.96964,0.150,0.180,0.000,-0.5284,-0.5388,TRACKING,L+C+R_fused
1786988220.957,42.1,0.756,0.711,0.764,0.4844,-0.0314,-5.65,-0.77571,0.150,0.180,0.000,-0.5284,-0.5377,TRACKING,prediction
1786988220.979,42.1,0.763,0.710,0.739,0.4855,-0.0404,-7.53,-1.05660,0.150,0.180,0.000,-0.5429,-0.5502,TRACKING,L+C+R_fused
1786988220.998,42.1,0.836,0.710,0.859,0.4437,-0.0417,-7.53,-1.09397,0.150,0.180,0.000,-0.5678,-0.5732,TRACKING,L+C+R_fused
1786988221.018,42.1,0.758,0.718,0.766,0.4692,-0.0421,-7.80,-1.13831,0.150,0.180,0.000,-0.5699,-0.5785,TRACKING,L+C+R_fused
1786988221.028,42.1,0.758,0.723,0.785,0.4585,-0.0418,-8.58,-1.22528,0.150,0.180,0.000,-0.5514,-0.5639,TRACKING,L+C+R_fused
1786988221.049,49.8,0.835,0.729,0.738,0.4691,-0.0410,-10.19,-1.36314,0.150,0.180,0.000,-0.5036,-0.5217,TRACKING,L+C+R_fused
1786988221.069,49.8,0.823,0.697,0.728,0.4510,-0.0362,-9.08,-1.34462,0.150,0.180,0.000,-0.4682,-0.4857,TRACKING,L+C+R_fused
1786988221.090,49.8,0.860,0.711,0.721,0.4171,-0.0362,-10.28,-1.47722,0.150,0.180,0.000,-0.4446,-0.4609,TRACKING,L+C+R_fused
1786988221.110,49.8,0.808,0.724,0.754,0.3921,-0.0354,-9.60,-1.46809,0.150,0.180,0.000,-0.4578,-0.4684,TRACKING,L+C+R_fused
1786988221.130,49.8,0.000,0.698,0.692,0.5012,-0.0343,-8.26,-1.42351,0.150,0.180,0.000,-0.4836,-0.4914,TRACKING,R+C
1786988221.150,49.8,0.000,0.748,0.710,0.4986,-0.0341,-9.60,-1.59009,0.150,0.180,0.000,-0.4576,-0.4735,TRACKING,R+C
1786988221.161,49.8,0.000,0.757,0.738,0.4974,-0.0307,-9.37,-1.62492,0.150,0.180,0.000,-0.4189,-0.4384,TRACKING,R+C
1786988221.191,49.8,0.000,0.745,0.746,0.4958,-0.0211,-7.51,-1.58722,0.150,0.180,0.000,-0.3294,-0.3578,TRACKING,R+C
1786988221.210,49.8,0.000,0.738,0.752,0.4719,-0.0129,-7.88,-1.70544,0.150,0.180,0.000,-0.1972,-0.2343,TRACKING,R+C
1786988221.231,49.8,0.000,0.716,0.914,0.4904,-0.0041,-6.49,-1.67146,0.150,0.180,0.000,-0.0962,-0.1300,TRACKING,R+C
1786988221.252,49.8,0.000,0.740,0.735,0.4952,-0.0007,-6.95,-1.77976,0.150,0.180,0.000,-0.0354,-0.0634,TRACKING,R+C
1786988221.275,49.8,0.000,0.744,0.739,0.5038,0.0008,-5.40,-1.73980,0.150,0.180,0.000,-0.0694,-0.0830,TRACKING,R+C
1786988221.294,49.8,0.000,0.751,0.713,0.4964,0.0014,-4.06,-1.72216,0.150,0.180,0.000,-0.1132,-0.1238,TRACKING,R+C
1786988221.317,49.8,0.000,0.746,0.904,0.5167,0.0049,-1.91,-1.63187,0.150,0.180,0.000,-0.1285,-0.1431,TRACKING,R+C
1786988221.327,49.8,0.000,0.748,0.746,0.6383,0.0104,-0.20,-1.56185,0.150,0.180,0.000,-0.0930,-0.1158,TRACKING,R+C
1786988221.358,49.8,0.000,0.725,0.692,0.6546,0.0170,2.11,-1.40546,0.150,0.180,0.000,-0.0523,-0.0769,TRACKING,R+C
1786988221.379,49.8,0.000,0.750,0.721,0.5248,0.0193,1.37,-1.54959,0.150,0.180,0.000,-0.0043,-0.0311,TRACKING,R+C
1786988221.391,49.8,0.000,0.747,0.746,0.6232,0.0201,2.05,-1.52943,0.150,0.180,0.000,-0.0159,-0.0345,TRACKING,R+C
1786988221.407,49.8,0.000,0.745,0.670,0.5830,0.0186,2.92,-1.53112,0.150,0.180,0.000,-0.0822,-0.0922,TRACKING,R+C
1786988221.420,49.8,0.000,0.741,0.411,0.6302,0.0170,4.79,-1.40591,0.150,0.180,0.000,-0.1739,-0.1785,TRACKING,R+C
1786988221.441,49.8,0.000,0.731,0.573,0.6508,0.0149,6.93,-1.25689,0.150,0.180,0.000,-0.2779,-0.2793,TRACKING,R+C
1786988221.461,49.8,0.000,0.736,0.889,0.5346,0.0097,5.77,-1.46843,0.150,0.180,0.000,-0.3513,-0.3571,TRACKING,R+C
1786988221.481,49.8,0.000,0.737,0.903,0.5407,0.0057,6.73,-1.41843,0.150,0.180,0.000,-0.4480,-0.4497,TRACKING,R+C
1786988221.502,49.8,0.000,0.740,0.894,0.5557,-0.0002,6.94,-1.44673,0.150,0.180,0.000,-0.5502,-0.5489,TRACKING,R+C
1786988221.523,49.8,0.000,0.732,0.893,0.5733,-0.0051,8.74,-1.31079,0.150,0.180,0.000,-0.6637,-0.6577,TRACKING,R+C
1786988221.533,49.8,0.000,0.731,0.879,0.5827,-0.0129,8.98,-1.37521,0.150,0.180,0.000,-0.7784,-0.7687,TRACKING,R+C
1786988221.554,49.8,0.000,0.738,0.874,0.5940,-0.0201,10.33,-1.26398,0.150,0.180,0.000,-0.8846,-0.8719,TRACKING,R+C
1786988221.575,49.8,0.000,0.741,0.863,0.6024,-0.0275,10.87,-1.22862,0.150,0.180,0.000,-0.9661,-0.9535,TRACKING,R+C
1786988221.592,49.8,0.000,0.753,0.837,0.6071,-0.0340,10.01,-1.39792,0.150,0.180,0.000,-1.0000,-0.9930,TRACKING,R+C
1786988221.609,49.8,0.000,0.758,0.836,0.6123,-0.0362,10.60,-1.30697,0.150,0.180,0.000,-1.0000,-0.9990,TRACKING,R+C
1786988221.623,49.8,0.000,0.754,0.840,0.6135,-0.0344,11.47,-1.20142,0.150,0.700,0.000,-1.0000,-0.9998,TRACKING,R+C
1786988221.643,49.8,0.000,0.754,0.845,0.6144,-0.0334,11.81,-1.16405,0.150,0.700,0.000,-1.0000,-0.7116,TRACKING,R+C
1786988221.654,49.8,0.000,0.753,0.843,0.6147,-0.0337,11.66,-1.17411,0.150,0.700,0.000,-1.0000,-0.6684,TRACKING,R+C
1786988221.674,49.8,0.000,0.755,0.846,0.6177,-0.0380,11.01,-1.24532,0.150,0.700,0.000,-1.0000,-0.6623,TRACKING,R+C
1786988221.688,49.8,0.000,0.756,0.828,0.6242,-0.0435,11.74,-1.14983,0.150,0.700,0.000,-1.0000,-0.6617,TRACKING,R+C
1786988221.709,49.8,0.000,0.756,0.828,0.6242,-0.0348,9.39,-0.91986,0.150,0.700,0.000,-1.0000,-0.6616,TRACKING,prediction
1786988221.729,49.8,0.000,0.756,0.828,0.6242,-0.0278,7.51,-0.73589,0.150,0.700,0.000,-1.0000,-0.6615,TRACKING,prediction
1786988221.751,49.8,0.000,0.756,0.828,0.6242,-0.0223,6.01,-0.58871,0.150,0.700,0.000,-1.0000,-0.6615,TRACKING,prediction
1786988221.771,49.8,0.000,0.756,0.828,0.6242,-0.0178,4.81,-0.47097,0.150,0.180,0.000,-1.0000,-0.6615,TRACKING,prediction
1786988221.792,49.8,0.000,0.756,0.828,0.6242,-0.0143,3.85,-0.37678,0.150,0.180,0.000,-1.0000,-0.9505,TRACKING,prediction
1786988221.813,49.8,0.000,0.756,0.828,0.6242,-0.0114,3.08,-0.30142,0.150,0.700,0.000,-1.0000,-0.9926,TRACKING,prediction
1786988221.833,49.8,0.000,0.756,0.828,0.6242,-0.0091,2.46,-0.24114,0.150,0.700,0.000,-1.0000,-0.7112,TRACKING,prediction
1786988221.848,49.8,0.000,0.756,0.828,0.6242,-0.0073,1.97,-0.19291,0.150,0.700,0.000,-1.0000,-0.6690,TRACKING,prediction
1786988221.864,49.8,0.000,0.756,0.828,0.6242,-0.0058,1.58,-0.15433,0.150,0.699,0.000,-1.0000,-0.6627,TRACKING,prediction
1786988221.885,49.8,0.000,0.756,0.828,0.6242,-0.0047,1.26,-0.12346,0.150,0.664,0.000,-1.0000,-0.6624,TRACKING,prediction
1786988221.905,49.8,0.000,0.756,0.828,0.6242,-0.0037,1.01,-0.09877,0.150,0.631,0.000,-1.0000,-0.6823,TRACKING,prediction
1786988221.926,49.8,0.000,0.756,0.828,0.6242,-0.0030,0.81,-0.07902,0.150,0.599,0.000,-1.0000,-0.7040,TRACKING,prediction
1786988221.946,49.8,0.000,0.756,0.828,0.6242,-0.0024,0.65,-0.06321,0.150,0.569,0.000,-1.0000,-0.7249,TRACKING,prediction
1786988221.967,49.8,0.000,0.756,0.828,0.6242,-0.0019,0.52,-0.05057,0.150,0.490,0.000,-1.0000,-0.7449,UNCERTAIN,prediction
1786988221.989,49.8,0.000,0.779,0.849,0.6098,-0.0566,11.07,-0.87028,0.150,0.700,0.000,-1.0000,-0.7920,TRACKING,R+C
1786988222.008,49.8,0.000,0.789,0.855,0.6025,-0.0544,11.44,-0.79358,0.150,0.700,0.000,-1.0000,-0.6804,TRACKING,R+C
1786988222.028,49.8,0.000,0.794,0.851,0.5992,-0.0537,10.92,-0.83945,0.150,0.700,0.000,-1.0000,-0.6639,TRACKING,R+C
1786988222.039,49.8,0.000,0.772,0.841,0.5963,-0.0564,9.61,-0.95031,0.150,0.700,0.000,-1.0000,-0.6615,TRACKING,R+C
1786988222.059,52.4,0.000,0.795,0.841,0.5994,-0.0593,10.66,-0.79120,0.150,0.700,0.000,-1.0000,-0.6613,TRACKING,R+C
1786988222.080,52.4,0.000,0.795,0.841,0.5994,-0.0474,8.53,-0.63296,0.150,0.700,0.000,-1.0000,-0.6612,TRACKING,prediction
1786988222.100,52.4,0.000,0.795,0.841,0.5994,-0.0379,6.82,-0.50637,0.150,0.700,0.000,-1.0000,-0.6612,TRACKING,prediction
1786988222.121,52.4,0.000,0.765,0.846,0.6084,-0.0836,8.36,-0.97295,0.150,0.700,0.000,-1.0000,-0.6629,TRACKING,R+C
1786988222.131,52.4,0.000,0.765,0.846,0.6084,-0.0669,6.68,-0.77836,0.150,0.700,0.000,-1.0000,-0.6629,TRACKING,prediction
1786988222.152,52.4,0.000,0.765,0.846,0.6084,-0.0535,5.35,-0.62269,0.150,0.700,0.000,-1.0000,-0.6629,TRACKING,prediction
1786988222.162,52.4,0.000,0.812,0.831,0.6146,-0.0972,10.82,-0.66612,0.150,0.700,0.000,-1.0000,-0.6640,TRACKING,R+C
1786988222.183,52.4,0.000,0.819,0.820,0.6194,-0.1066,9.11,-0.81135,0.150,0.700,0.000,-1.0000,-0.6646,TRACKING,R+C
1786988222.214,52.4,0.000,0.819,0.820,0.6194,-0.0853,7.29,-0.64908,0.150,0.700,0.000,-1.0000,-0.6646,TRACKING,prediction
1786988222.225,52.4,0.000,0.819,0.820,0.6194,-0.0682,5.83,-0.51927,0.150,0.700,0.000,-1.0000,-0.6646,TRACKING,prediction
1786988222.245,52.4,0.000,0.819,0.820,0.6194,-0.0546,4.66,-0.41541,0.150,0.700,0.000,-1.0000,-0.6646,TRACKING,prediction
1786988222.268,52.4,0.000,0.819,0.820,0.6194,-0.0437,3.73,-0.33233,0.150,0.180,0.000,-1.0000,-0.6646,TRACKING,prediction
1786988222.289,52.4,0.000,0.819,0.820,0.6194,-0.0349,2.98,-0.26586,0.150,0.700,0.000,-1.0000,-0.9513,TRACKING,prediction
1786988222.309,52.4,0.000,0.819,0.820,0.6194,-0.0279,2.39,-0.21269,0.150,0.180,0.000,-1.0000,-0.7073,TRACKING,prediction
1786988222.332,52.4,0.000,0.819,0.820,0.6194,-0.0224,1.91,-0.17015,0.150,0.180,0.000,-1.0000,-0.9575,TRACKING,prediction
1786988222.349,52.4,0.000,0.819,0.820,0.6194,-0.0179,1.53,-0.13612,0.150,0.180,0.000,-1.0000,-0.9936,TRACKING,prediction
1786988222.370,52.4,0.000,0.850,0.821,0.5849,-0.1065,7.20,-0.67048,0.150,0.180,0.000,-1.0000,-0.9990,TRACKING,R+C
1786988222.393,52.4,0.000,0.850,0.821,0.5849,-0.0852,5.76,-0.53639,0.150,0.180,0.000,-1.0000,-0.9999,TRACKING,prediction
1786988222.404,52.4,0.000,0.848,0.832,0.5730,-0.1002,6.59,-0.66745,0.150,0.180,0.000,-1.0000,-1.0000,TRACKING,R+C
1786988222.434,52.4,0.000,0.848,0.837,0.5694,-0.0961,6.60,-0.63288,0.150,0.180,0.000,-1.0000,-1.0000,TRACKING,R+C
1786988222.446,52.4,0.000,0.837,0.836,0.5633,-0.0939,5.25,-0.73049,0.150,0.180,0.000,-1.0000,-1.0000,TRACKING,R+C
1786988222.466,52.4,0.000,0.831,0.843,0.5591,-0.0902,4.92,-0.72435,0.150,0.180,0.000,-1.0000,-1.0000,TRACKING,R+C
1786988222.487,52.4,0.000,0.823,0.850,0.5517,-0.0880,3.25,-0.83473,0.150,0.180,0.000,-1.0000,-1.0000,TRACKING,R+C
1786988222.518,52.4,0.000,0.815,0.853,0.5519,-0.0812,3.73,-0.78391,0.150,0.180,0.000,-1.0000,-1.0000,TRACKING,R+C
1786988222.539,52.4,0.000,0.815,0.853,0.5519,-0.0650,2.98,-0.62713,0.150,0.180,0.000,-1.0000,-1.0000,TRACKING,prediction
1786988222.552,52.4,0.000,0.812,0.874,0.5445,-0.0711,3.34,-0.76854,0.150,0.180,0.000,-1.0000,-1.0000,TRACKING,R+C
1786988222.581,52.4,0.000,0.810,0.882,0.5420,-0.0648,3.51,-0.72857,0.150,0.180,0.000,-1.0000,-1.0000,TRACKING,R+C
1786988222.592,52.4,0.000,0.810,0.882,0.5370,-0.0593,3.23,-0.73997,0.150,0.180,0.000,-1.0000,-1.0000,TRACKING,R+C
1786988222.612,52.4,0.000,0.807,0.890,0.5301,-0.0535,2.84,-0.75582,0.150,0.180,0.000,-0.9657,-0.9719,TRACKING,R+C
1786988222.626,52.4,0.000,0.809,0.890,0.5231,-0.0476,2.43,-0.76694,0.150,0.180,0.000,-0.9000,-0.9138,TRACKING,R+C
1786988222.657,52.4,0.000,0.809,0.890,0.5231,-0.0381,1.94,-0.61356,0.150,0.180,0.000,-0.9000,-0.9051,TRACKING,prediction
1786988222.677,52.4,0.000,0.809,0.890,0.5231,-0.0305,1.55,-0.49084,0.150,0.180,0.000,-0.9000,-0.9038,TRACKING,prediction
1786988222.699,52.4,0.000,0.809,0.890,0.5231,-0.0244,1.24,-0.39268,0.150,0.180,0.000,-0.9000,-0.9036,TRACKING,prediction
1786988222.719,52.4,0.000,0.809,0.890,0.5231,-0.0195,0.99,-0.31414,0.150,0.180,0.000,-0.9000,-0.9035,TRACKING,prediction
1786988222.740,52.4,0.363,0.802,0.927,0.4323,-0.0116,2.64,-0.71858,0.150,0.180,0.000,-0.4378,-0.5173,TRACKING,L+C+R_fused
1786988222.759,52.4,0.930,0.814,0.901,0.5109,-0.0049,2.69,-0.70822,0.150,0.180,0.000,-0.3310,-0.3689,TRACKING,L+C+R_fused
1786988222.779,52.4,0.920,0.815,0.907,0.5164,-0.0007,2.57,-0.71702,0.150,0.180,0.000,-0.2560,-0.2829,TRACKING,L+C+R_fused
1786988222.803,52.4,0.958,0.816,0.919,0.5002,0.0011,2.28,-0.73880,0.150,0.180,0.000,-0.2175,-0.2373,TRACKING,L+C+R_fused
1786988222.813,52.4,0.934,0.808,0.918,0.4942,0.0015,2.75,-0.71346,0.150,0.180,0.000,-0.2258,-0.2376,TRACKING,L+C+R_fused
1786988222.838,52.4,0.961,0.806,0.916,0.4989,-0.0008,3.15,-0.69420,0.150,0.180,0.000,-0.2784,-0.2826,TRACKING,L+C+R_fused
1786988222.852,52.4,0.960,0.804,0.908,0.4993,-0.0040,3.42,-0.69028,0.150,0.180,0.000,-0.3426,-0.3441,TRACKING,L+C+R_fused
1786988222.858,52.4,0.960,0.806,0.900,0.5017,-0.0067,3.53,-0.70204,0.150,0.180,0.000,-0.3930,-0.3961,TRACKING,L+C+R_fused
1786988222.893,52.4,0.962,0.804,0.901,0.5175,-0.0092,3.59,-0.71161,0.150,0.180,0.000,-0.4372,-0.4413,TRACKING,L+C+R_fused
1786988222.914,52.4,0.914,0.808,0.909,0.5133,-0.0101,3.90,-0.69295,0.150,0.180,0.000,-0.4614,-0.4684,TRACKING,L+C+R_fused
1786988222.935,52.4,0.904,0.805,0.900,0.5143,-0.0102,3.91,-0.70243,0.150,0.180,0.000,-0.4637,-0.4745,TRACKING,L+C+R_fused
1786988222.947,52.4,0.959,0.807,0.904,0.5284,-0.0089,3.97,-0.70319,0.150,0.180,0.000,-0.4458,-0.4603,TRACKING,L+C+R_fused
1786988222.966,52.4,0.959,0.803,0.903,0.5236,-0.0086,3.74,-0.73255,0.150,0.180,0.000,-0.4373,-0.4510,TRACKING,L+C+R_fused
1786988222.986,52.4,0.954,0.803,0.884,0.5267,-0.0129,2.71,-0.80965,0.150,0.180,0.000,-0.4757,-0.4822,TRACKING,L+C+R_fused
1786988223.007,52.4,0.949,0.796,0.891,0.5320,-0.0147,3.51,-0.77434,0.150,0.180,0.000,-0.5280,-0.5310,TRACKING,L+C+R_fused
1786988223.017,52.4,0.933,0.795,0.893,0.5230,-0.0190,3.39,-0.80213,0.150,0.180,0.000,-0.5894,-0.5899,TRACKING,L+C+R_fused
1786988223.040,52.4,0.953,0.802,0.894,0.4918,-0.0212,3.33,-0.83330,0.150,0.180,0.000,-0.6229,-0.6269,TRACKING,L+C+R_fused
1786988223.062,50.9,0.953,0.802,0.894,0.4918,-0.0170,2.67,-0.66664,0.150,0.180,0.000,-0.6229,-0.6323,TRACKING,prediction
1786988223.081,50.9,0.949,0.798,0.892,0.4992,-0.0194,3.40,-0.85306,0.150,0.180,0.000,-0.6037,-0.6171,TRACKING,L+C+R_fused
1786988223.102,50.9,0.954,0.796,0.892,0.5162,-0.0157,3.06,-0.88834,0.150,0.180,0.000,-0.5434,-0.5644,TRACKING,L+C+R_fused
1786988223.122,50.9,0.953,0.806,0.893,0.5206,-0.0137,2.42,-0.93881,0.150,0.180,0.000,-0.4977,-0.5181,TRACKING,L+C+R_fused
1786988223.141,50.9,0.953,0.806,0.893,0.5206,-0.0110,1.94,-0.75105,0.150,0.180,0.000,-0.4977,-0.5112,TRACKING,prediction
1786988223.166,50.9,0.953,0.806,0.893,0.5206,-0.0088,1.55,-0.60084,0.150,0.180,0.000,-0.4977,-0.5102,TRACKING,prediction
1786988223.184,50.9,0.957,0.806,0.892,0.4996,-0.0077,3.76,-0.88807,0.150,0.180,0.000,-0.4504,-0.4704,TRACKING,L+C+R_fused
1786988223.205,50.9,0.948,0.803,0.897,0.4874,-0.0035,3.71,-0.90915,0.150,0.180,0.000,-0.3837,-0.4082,TRACKING,L+C+R_fused
1786988223.226,50.9,0.915,0.788,0.895,0.4755,0.0019,3.12,-0.99607,0.150,0.180,0.000,-0.2856,-0.3161,TRACKING,L+C+R_fused
1786988223.247,50.9,0.950,0.787,0.894,0.4825,0.0081,2.75,-1.01678,0.150,0.180,0.000,-0.1662,-0.2007,TRACKING,L+C+R_fused
1786988223.269,50.9,0.949,0.800,0.905,0.4821,0.0144,2.65,-1.00457,0.150,0.180,0.000,-0.0484,-0.0826,TRACKING,L+C+R_fused
1786988223.287,50.9,0.788,0.792,0.904,0.4777,0.0243,4.05,-0.89736,0.150,0.180,0.000,0.0845,0.0503,TRACKING,L+C+R_fused
1786988223.308,50.9,0.806,0.783,0.915,0.4806,0.0312,3.20,-0.98959,0.150,0.700,0.000,0.2265,0.1934,TRACKING,L+C+R_fused
1786988223.331,50.9,0.910,0.785,0.908,0.4812,0.0392,3.20,-0.99181,0.150,0.700,0.000,0.3593,0.2258,TRACKING,L+C+R_fused
1786988223.353,50.9,0.881,0.787,0.914,0.4803,0.0458,2.97,-1.02998,0.150,0.700,0.000,0.4673,0.2909,TRACKING,L+C+R_fused
1786988223.374,50.9,0.756,0.791,0.828,0.4684,0.0504,2.82,-1.05482,0.150,0.700,0.000,0.5382,0.3407,TRACKING,L+C+R_fused
1786988223.392,50.9,0.757,0.794,0.744,0.4679,0.0533,2.99,-1.04162,0.150,0.700,0.000,0.5770,0.3701,TRACKING,L+C+R_fused
1786988223.412,50.9,0.844,0.791,0.892,0.4791,0.0548,2.99,-1.05406,0.150,0.700,0.000,0.5966,0.3853,TRACKING,L+C+R_fused
1786988223.432,50.9,0.837,0.780,0.343,0.5033,0.0590,3.24,-1.05005,0.150,0.700,0.000,0.6455,0.4151,TRACKING,L+C+R_fused
1786988223.456,50.9,0.829,0.769,0.845,0.4839,0.0664,3.82,-1.02537,0.150,0.700,0.000,0.7247,0.4639,TRACKING,L+C+R_fused
1786988223.477,50.9,0.789,0.770,0.920,0.4798,0.0732,3.71,-1.05192,0.150,0.700,0.000,0.8066,0.5169,TRACKING,L+C+R_fused
1786988223.497,50.9,0.812,0.773,0.927,0.4821,0.0797,4.28,-1.00512,0.150,0.700,0.000,0.8664,0.5583,TRACKING,L+C+R_fused
1786988223.518,50.9,0.807,0.779,0.665,0.4838,0.0828,4.46,-1.01996,0.150,0.700,0.000,0.8924,0.5789,TRACKING,L+C+R_fused
1786988223.539,50.9,0.814,0.781,0.842,0.4857,0.0834,4.80,-1.01454,0.150,0.700,0.000,0.8903,0.5807,TRACKING,L+C+R_fused
1786988223.558,50.9,0.782,0.767,0.718,0.4857,0.0796,4.38,-1.08147,0.150,0.700,0.000,0.8546,0.5609,TRACKING,L+C+R_fused
1786988223.583,50.9,0.745,0.756,0.904,0.4840,0.0761,4.80,-1.07602,0.150,0.700,0.000,0.8043,0.5297,TRACKING,L+C+R_fused
1786988223.599,50.9,0.719,0.731,0.855,0.4860,0.0756,6.29,-0.99976,0.150,0.700,0.000,0.7626,0.5017,TRACKING,L+C+R_fused
1786988223.623,50.9,0.904,0.731,0.774,0.4887,0.0729,7.14,-0.95272,0.150,0.700,0.000,0.7089,0.4674,TRACKING,L+C+R_fused
1786988223.644,50.9,0.698,0.715,0.680,0.4678,0.0702,7.71,-0.94629,0.150,0.700,0.000,0.6545,0.4316,TRACKING,L+C+R_fused
1786988223.664,50.9,0.698,0.715,0.680,0.4678,0.0561,6.17,-0.75703,0.150,0.700,0.000,0.6545,0.4264,TRACKING,prediction
1786988223.686,50.9,0.796,0.718,0.888,0.4590,0.0644,8.06,-0.98257,0.150,0.700,0.000,0.5568,0.3696,TRACKING,L+C+R_fused
1786988223.706,50.9,0.748,0.700,0.893,0.4580,0.0615,8.85,-0.94953,0.150,0.700,0.000,0.4863,0.3212,TRACKING,L+C+R_fused
1786988223.726,50.9,0.000,0.721,0.863,0.4698,0.0556,6.71,-1.19392,0.150,0.700,0.000,0.4424,0.2885,TRACKING,R+C
1786988223.747,50.9,0.000,0.727,0.865,0.4765,0.0548,9.38,-0.97299,0.150,0.700,0.000,0.3550,0.2345,TRACKING,R+C
1786988223.768,50.9,0.000,0.754,0.865,0.4859,0.0497,7.74,-1.18083,0.150,0.700,0.000,0.3060,0.1981,TRACKING,R+C
1786988223.788,50.9,0.000,0.761,0.868,0.4910,0.0476,8.32,-1.15416,0.150,0.700,0.000,0.2489,0.1604,TRACKING,R+C
1786988223.809,50.9,0.000,0.761,0.868,0.4910,0.0381,6.65,-0.92333,0.150,0.700,0.000,0.2489,0.1549,TRACKING,prediction
1786988223.819,50.9,0.000,0.701,0.866,0.4936,0.0516,11.85,-0.85079,0.150,0.700,0.000,0.2109,0.1330,TRACKING,R+C
1786988223.842,50.9,0.000,0.739,0.855,0.4965,0.0491,6.71,-1.40926,0.150,0.700,0.000,0.3000,0.1788,TRACKING,R+C
1786988223.873,50.9,0.000,0.755,0.856,0.4997,0.0545,7.53,-1.39054,0.150,0.700,0.000,0.3574,0.2179,TRACKING,R+C
1786988223.893,50.9,0.000,0.755,0.857,0.4911,0.0571,8.02,-1.35622,0.150,0.180,0.000,0.3835,0.2385,TRACKING,R+C
1786988223.914,50.9,0.000,0.747,0.861,0.4910,0.0560,8.25,-1.36757,0.150,0.180,0.000,0.3540,0.3242,TRACKING,R+C
1786988223.935,50.9,0.000,0.740,0.861,0.5050,0.0515,8.21,-1.42670,0.150,0.180,0.000,0.2706,0.2644,TRACKING,R+C
1786988223.956,50.9,0.000,0.736,0.853,0.5069,0.0465,8.45,-1.45483,0.150,0.180,0.000,0.1681,0.1657,TRACKING,R+C
1786988223.975,50.9,0.000,0.736,0.853,0.5069,0.0372,6.76,-1.16386,0.150,0.180,0.000,0.1681,0.1513,TRACKING,prediction
1786988223.999,50.9,0.000,0.736,0.853,0.5069,0.0298,5.41,-0.93109,0.150,0.180,0.000,0.1681,0.1492,TRACKING,prediction
1786988224.016,50.9,0.000,0.736,0.853,0.5069,0.0238,4.33,-0.74487,0.150,0.180,0.000,0.1681,0.1489,TRACKING,prediction
1786988224.039,50.9,0.000,0.737,0.837,0.5462,0.0295,11.25,-1.29852,0.150,0.180,0.000,-0.2358,-0.1992,TRACKING,R+C
1786988224.060,50.9,0.000,0.746,0.828,0.5512,0.0288,11.36,-1.31937,0.150,0.180,0.000,-0.2567,-0.2672,TRACKING,R+C
1786988224.081,48.1,0.000,0.706,0.818,0.5512,0.0311,14.27,-1.04838,0.150,0.180,0.000,-0.3042,-0.3166,TRACKING,R+C
1786988224.102,48.1,0.000,0.703,0.815,0.5599,0.0311,15.69,-0.90629,0.150,0.180,0.000,-0.3443,-0.3574,TRACKING,R+C
1786988224.112,48.1,0.000,0.733,0.818,0.5642,0.0217,11.44,-1.43232,0.150,0.180,0.000,-0.3985,-0.4106,TRACKING,R+C
1786988224.122,48.1,0.000,0.733,0.818,0.5642,0.0174,9.15,-1.14585,0.150,0.180,0.000,-0.3985,-0.4182,TRACKING,prediction
1786988224.143,48.1,0.000,0.733,0.818,0.5642,0.0139,7.32,-0.91668,0.150,0.180,0.000,-0.3985,-0.4193,TRACKING,prediction
1786988224.153,48.1,0.000,0.682,0.810,0.5910,0.0209,24.62,-0.03910,0.196,0.180,0.000,-0.6438,-0.6217,TRACKING,R+C
1786988224.165,48.1,0.000,0.683,0.812,0.5832,0.0225,25.62,0.03672,0.196,0.180,0.000,-0.6478,-0.6550,TRACKING,R+C
1786988224.194,48.1,0.000,0.681,0.805,0.5840,0.0249,26.24,0.06795,0.193,0.180,0.000,-0.6598,-0.6697,TRACKING,R+C
1786988224.214,48.1,0.000,0.681,0.805,0.5840,0.0199,20.99,0.05436,0.193,0.180,0.000,-0.6598,-0.6719,TRACKING,prediction
1786988224.234,48.1,0.000,0.672,0.810,0.5943,0.0274,27.71,0.13615,0.186,0.180,0.000,-0.5029,-0.5440,TRACKING,R+C
1786988224.254,48.1,0.000,0.672,0.822,0.6040,0.0240,28.11,0.15982,0.184,0.180,0.000,-0.5569,-0.5698,TRACKING,R+C
1786988224.274,48.1,0.000,0.713,0.817,0.6146,0.0046,12.60,-1.78159,0.150,0.180,0.000,-0.7416,-0.7276,TRACKING,R+C
1786988224.293,48.1,0.000,0.720,0.820,0.6249,-0.0005,12.88,-1.76589,0.150,0.180,0.000,-0.8100,-0.8062,TRACKING,R+C
1786988224.317,48.1,0.000,0.720,0.820,0.6249,-0.0004,10.30,-1.41271,0.150,0.180,0.000,-0.8100,-0.8179,TRACKING,prediction
1786988224.338,48.1,0.000,0.720,0.820,0.6249,-0.0003,8.24,-1.13017,0.150,0.180,0.000,-0.8100,-0.8197,TRACKING,prediction
1786988224.357,48.1,0.000,0.720,0.820,0.6249,-0.0003,6.59,-0.90413,0.150,0.180,0.000,-0.8100,-0.8199,TRACKING,prediction
1786988224.377,48.1,0.000,0.720,0.820,0.6249,-0.0002,5.28,-0.72331,0.150,0.180,0.000,-0.8100,-0.8200,TRACKING,prediction
1786988224.400,48.1,0.000,0.720,0.820,0.6249,-0.0002,4.22,-0.57865,0.150,0.180,0.000,-0.8100,-0.8200,TRACKING,prediction
1786988224.412,48.1,0.000,0.727,0.821,0.6312,0.0065,22.16,-0.69907,0.150,0.180,0.000,-0.8958,-0.8890,TRACKING,R+C
1786988224.428,48.1,0.000,0.727,0.821,0.6312,0.0052,17.73,-0.55925,0.150,0.180,0.000,-0.8958,-0.8993,TRACKING,prediction
1786988224.449,48.1,0.000,0.734,0.815,0.6330,0.0080,24.59,-0.39679,0.160,0.180,0.000,-0.8354,-0.8520,TRACKING,R+C
1786988224.470,48.1,0.000,0.734,0.821,0.6304,0.0082,25.45,-0.26255,0.174,0.180,0.000,-0.7453,-0.7719,TRACKING,R+C
1786988224.491,48.1,0.000,0.743,0.815,0.6282,0.0086,26.38,-0.12369,0.188,0.180,0.000,-0.6640,-0.6938,TRACKING,R+C
1786988224.512,48.1,0.000,0.742,0.812,0.6363,0.0073,26.69,-0.04264,0.196,0.180,0.000,-0.8076,-0.7982,TRACKING,R+C
1786988224.532,48.1,0.000,0.739,0.810,0.6452,0.0041,26.30,-0.01184,0.199,0.180,0.000,-0.7943,-0.8032,TRACKING,R+C
1786988224.553,48.1,0.000,0.739,0.810,0.6452,0.0033,21.04,-0.00947,0.199,0.700,0.000,-0.7943,-0.8039,TRACKING,prediction
1786988224.574,48.1,0.000,0.741,0.803,0.6637,-0.0107,25.12,0.03957,0.196,0.700,0.000,-0.8667,-0.6094,TRACKING,R+C
1786988224.594,48.1,0.000,0.741,0.803,0.6637,-0.0086,20.10,0.03166,0.196,0.180,0.000,-0.8667,-0.5808,TRACKING,prediction
1786988224.615,48.1,0.000,0.741,0.803,0.6637,-0.0069,16.08,0.02532,0.196,0.180,0.000,-0.8667,-0.8308,TRACKING,prediction
1786988224.635,48.1,0.000,0.741,0.803,0.6637,-0.0055,12.86,0.02026,0.196,0.180,0.000,-0.8667,-0.8669,TRACKING,prediction
1786988224.656,48.1,0.000,0.741,0.803,0.6637,-0.0044,10.29,0.01621,0.196,0.180,0.000,-0.8667,-0.8723,TRACKING,prediction
1786988224.678,48.1,0.000,0.741,0.803,0.6637,-0.0035,8.23,0.01297,0.196,0.180,0.000,-0.8667,-0.8732,TRACKING,prediction
1786988224.699,48.1,0.000,0.741,0.803,0.6637,-0.0028,6.59,0.01037,0.196,0.180,0.000,-0.8667,-0.8733,TRACKING,prediction
1786988224.720,48.1,0.000,0.741,0.803,0.6637,-0.0023,5.27,0.00830,0.196,0.700,0.000,-0.8667,-0.8733,TRACKING,prediction
1786988224.741,48.1,0.000,0.741,0.803,0.6637,-0.0018,4.22,0.00664,0.196,0.700,0.000,-0.8667,-0.6200,TRACKING,prediction
1786988224.759,48.1,0.000,0.741,0.803,0.6637,-0.0014,3.37,0.00531,0.196,0.681,0.000,-0.8667,-0.5824,TRACKING,prediction
1786988224.787,48.1,0.000,0.741,0.803,0.6637,-0.0012,2.70,0.00425,0.196,0.647,0.000,-0.8667,-0.5862,TRACKING,prediction
1786988224.801,48.1,0.000,0.741,0.803,0.6637,-0.0009,2.16,0.00340,0.196,0.615,0.000,-0.8667,-0.6036,TRACKING,prediction
1786988224.822,48.1,0.000,0.852,0.785,0.6416,-0.0954,12.65,-0.00282,0.200,0.700,0.000,-1.0000,-0.7021,TRACKING,R+C
1786988224.843,48.1,0.000,0.852,0.785,0.6416,-0.0763,10.12,-0.00225,0.200,0.700,0.000,-1.0000,-0.6680,TRACKING,prediction
1786988224.863,48.1,0.000,0.852,0.785,0.6416,-0.0610,8.10,-0.00180,0.200,0.700,0.000,-1.0000,-0.6631,TRACKING,prediction
1786988224.884,48.1,0.000,0.852,0.785,0.6416,-0.0488,6.48,-0.00144,0.200,0.700,0.000,-1.0000,-0.6624,TRACKING,prediction
1786988224.904,48.1,0.000,0.852,0.785,0.6416,-0.0391,5.18,-0.00115,0.200,0.700,0.000,-1.0000,-0.6623,TRACKING,prediction
1786988224.925,48.1,0.000,0.807,0.791,0.6103,-0.1011,9.60,-0.04988,0.195,0.180,0.000,-1.0000,-0.6618,TRACKING,R+C
1786988224.946,48.1,0.000,0.809,0.800,0.6020,-0.0977,8.96,-0.02745,0.197,0.180,0.000,-1.0000,-0.9504,TRACKING,R+C
1786988224.968,48.1,0.000,0.809,0.800,0.6020,-0.0782,7.17,-0.02196,0.197,0.180,0.000,-1.0000,-0.9926,TRACKING,prediction
1786988224.990,48.1,0.000,0.796,0.810,0.5865,-0.0894,7.35,-0.06414,0.194,0.700,0.000,-0.9721,-0.9764,TRACKING,R+C
1786988225.011,48.1,0.000,0.793,0.813,0.5803,-0.0845,6.76,-0.07694,0.192,0.700,0.000,-0.9436,-0.6767,TRACKING,R+C
1786988225.032,48.1,0.000,0.799,0.816,0.5726,-0.0794,6.34,-0.07654,0.192,0.180,0.000,-0.9048,-0.6103,TRACKING,R+C
1786988225.052,48.1,0.000,0.779,0.822,0.5639,-0.0768,3.54,-0.32830,0.167,0.180,0.000,-0.9947,-0.9383,TRACKING,R+C
1786988225.073,48.1,0.000,0.779,0.822,0.5639,-0.0615,2.83,-0.26264,0.167,0.180,0.000,-0.9947,-0.9865,TRACKING,prediction
1786988225.094,50.3,0.000,0.779,0.833,0.5465,-0.0654,2.05,-0.39056,0.161,0.180,0.000,-0.9306,-0.9411,TRACKING,R+C
1786988225.114,50.3,0.000,0.754,0.835,0.5369,-0.0610,-0.39,-0.61107,0.150,0.180,0.000,-0.9454,-0.9463,TRACKING,R+C
1786988225.134,50.3,0.000,0.756,0.850,0.5284,-0.0543,-1.06,-0.66422,0.150,0.180,0.000,-0.8680,-0.8832,TRACKING,R+C
1786988225.155,50.3,0.000,0.740,0.849,0.5227,-0.0499,-2.85,-0.84686,0.150,0.700,0.000,-0.7910,-0.8099,TRACKING,R+C
1786988225.175,50.3,0.000,0.697,0.850,0.5140,-0.0521,-8.79,-1.36362,0.150,0.180,0.000,-0.7050,-0.5181,TRACKING,R+C
1786988225.188,50.3,0.000,0.722,0.866,0.5121,-0.0496,-8.40,-1.34309,0.150,0.180,0.000,-0.6817,-0.6655,TRACKING,R+C
1786988225.207,50.3,0.000,0.710,0.857,0.5125,-0.0480,-8.49,-1.40982,0.150,0.180,0.000,-0.6674,-0.6750,TRACKING,R+C
1786988225.227,50.3,0.000,0.718,0.859,0.5114,-0.0467,-8.66,-1.45559,0.150,0.180,0.000,-0.6512,-0.6630,TRACKING,R+C
1786988225.247,50.3,0.000,0.732,0.868,0.5119,-0.0445,-8.68,-1.48738,0.150,0.180,0.000,-0.6254,-0.6397,TRACKING,R+C
1786988225.258,50.3,0.000,0.734,0.867,0.5093,-0.0392,-8.87,-1.53578,0.150,0.180,0.000,-0.5525,-0.5753,TRACKING,R+C
1786988225.268,50.3,0.000,0.744,0.878,0.5061,-0.0348,-10.62,-1.69645,0.150,0.180,0.000,-0.4474,-0.4777,TRACKING,R+C
1786988225.304,50.3,0.000,0.751,0.879,0.5034,-0.0270,-9.45,-1.68230,0.150,0.180,0.000,-0.3658,-0.3945,TRACKING,R+C
1786988225.323,50.3,0.000,0.756,0.880,0.5017,-0.0229,-9.21,-1.75600,0.150,0.180,0.000,-0.3214,-0.3451,TRACKING,R+C
1786988225.345,50.3,0.000,0.765,0.884,0.5041,-0.0193,-8.25,-1.75478,0.150,0.180,0.000,-0.2996,-0.3196,TRACKING,R+C
1786988225.366,50.3,0.000,0.765,0.882,0.5034,-0.0152,-7.76,-1.80120,0.150,0.180,0.000,-0.2587,-0.2816,TRACKING,R+C
1786988225.386,50.3,0.000,0.769,0.879,0.5039,-0.0103,-6.35,-1.75677,0.150,0.180,0.000,-0.2254,-0.2478,TRACKING,R+C
1786988225.406,50.3,0.000,0.771,0.875,0.5040,-0.0084,-6.80,-1.85187,0.150,0.180,0.000,-0.1903,-0.2137,TRACKING,R+C
1786988225.429,50.3,0.000,0.764,0.875,0.5089,-0.0039,-4.08,-1.73456,0.150,0.180,0.000,-0.2075,-0.2234,TRACKING,R+C
1786988225.448,50.3,0.000,0.765,0.880,0.5138,-0.0033,-2.82,-1.72799,0.150,0.180,0.000,-0.2486,-0.2602,TRACKING,R+C
1786988225.461,50.3,0.000,0.764,0.876,0.5199,-0.0017,-1.32,-1.66552,0.150,0.180,0.000,-0.2741,-0.2873,TRACKING,R+C
1786988225.468,50.3,0.000,0.768,0.872,0.5185,0.0005,-0.18,-1.65066,0.150,0.180,0.000,-0.2832,-0.2994,TRACKING,R+C
1786988225.500,50.3,0.000,0.768,0.870,0.5261,0.0027,0.54,-1.65834,0.150,0.180,0.000,-0.2775,-0.2967,TRACKING,R+C
1786988225.510,50.3,0.000,0.770,0.874,0.5287,0.0040,1.07,-1.64955,0.150,0.180,0.000,-0.2765,-0.2956,TRACKING,R+C
1786988225.530,50.3,0.000,0.762,0.871,0.5333,0.0053,3.19,-1.52910,0.150,0.180,0.000,-0.3245,-0.3361,TRACKING,R+C
1786988225.558,50.3,0.000,0.764,0.863,0.5445,0.0036,4.44,-1.47980,0.150,0.180,0.000,-0.3964,-0.4028,TRACKING,R+C
1786988225.573,50.3,0.000,0.769,0.865,0.5501,0.0030,5.73,-1.41822,0.150,0.180,0.000,-0.4491,-0.4570,TRACKING,R+C
1786988225.588,50.3,0.000,0.767,0.863,0.5532,0.0019,6.64,-1.37646,0.150,0.180,0.000,-0.4955,-0.5039,TRACKING,R+C
1786988225.609,50.3,0.000,0.773,0.860,0.5594,0.0038,7.98,-1.28478,0.150,0.180,0.000,-0.5062,-0.5198,TRACKING,R+C
1786988225.630,50.3,0.000,0.766,0.852,0.5574,0.0085,8.86,-1.23577,0.150,0.180,0.000,-0.4614,-0.4847,TRACKING,R+C
1786988225.651,50.3,0.000,0.771,0.861,0.5507,0.0131,10.12,-1.11428,0.150,0.180,0.000,-0.4220,-0.4463,TRACKING,R+C
1786988225.661,50.3,0.000,0.772,0.866,0.5529,0.0154,10.83,-1.07825,0.150,0.180,0.000,-0.4111,-0.4316,TRACKING,R+C
1786988225.674,50.3,0.000,0.769,0.865,0.5523,0.0150,11.44,-1.02117,0.150,0.180,0.000,-0.4330,-0.4477,TRACKING,R+C
1786988225.692,50.3,0.000,0.757,0.861,0.5597,0.0101,9.50,-1.29838,0.150,0.180,0.000,-0.4741,-0.4854,TRACKING,R+C
1786988225.703,50.3,0.000,0.767,0.868,0.5671,0.0030,7.65,-1.48780,0.150,0.700,0.000,-0.5367,-0.5434,TRACKING,R+C
1786988225.734,50.3,0.000,0.773,0.861,0.5765,0.0024,8.49,-1.41389,0.150,0.700,0.000,-0.5667,-0.4048,TRACKING,R+C
1786988225.744,50.3,0.000,0.772,0.861,0.5812,0.0024,9.43,-1.34033,0.150,0.700,0.000,-0.5909,-0.3985,TRACKING,R+C
1786988225.767,50.3,0.000,0.767,0.859,0.5879,0.0011,10.19,-1.28520,0.150,0.700,0.000,-0.6304,-0.4192,TRACKING,R+C
1786988225.786,50.3,0.000,0.761,0.850,0.5937,-0.0030,10.82,-1.27971,0.150,0.180,0.000,-0.7051,-0.4635,TRACKING,R+C
1786988225.806,50.3,0.000,0.761,0.843,0.5994,-0.0101,11.63,-1.20068,0.150,0.180,0.000,-0.8077,-0.7651,TRACKING,R+C
1786988225.817,50.3,0.000,0.758,0.838,0.6168,-0.0198,11.55,-1.21471,0.150,0.180,0.000,-0.9094,-0.8916,TRACKING,R+C
1786988225.837,50.3,0.000,0.757,0.825,0.6263,-0.0278,12.87,-1.11576,0.150,0.700,0.000,-1.0000,-0.9838,TRACKING,R+C
1786988225.857,50.3,0.000,0.763,0.834,0.6363,-0.0372,13.52,-1.05887,0.150,0.700,0.000,-1.0000,-0.7097,TRACKING,R+C
1786988225.878,50.3,0.000,0.763,0.834,0.6363,-0.0298,10.82,-0.84709,0.150,0.700,0.000,-1.0000,-0.6687,TRACKING,prediction
1786988225.888,50.3,0.000,0.763,0.834,0.6363,-0.0238,8.65,-0.67768,0.150,0.700,0.000,-1.0000,-0.6625,TRACKING,prediction
1786988225.905,50.3,0.000,0.763,0.834,0.6363,-0.0190,6.92,-0.54214,0.150,0.700,0.000,-1.0000,-0.6616,TRACKING,prediction
1786988225.947,50.3,0.000,0.763,0.834,0.6363,-0.0152,5.54,-0.43371,0.150,0.700,0.000,-1.0000,-0.6615,TRACKING,prediction
1786988225.968,50.3,0.000,0.808,0.810,0.6594,-0.0658,15.25,-0.73153,0.150,0.180,0.000,-1.0000,-0.6634,TRACKING,R+C
1786988225.988,50.3,0.000,0.808,0.810,0.6594,-0.0526,12.20,-0.58522,0.150,0.180,0.000,-1.0000,-0.9510,TRACKING,prediction
1786988226.009,50.3,0.000,0.808,0.810,0.6594,-0.0421,9.76,-0.46818,0.150,0.180,0.000,-1.0000,-0.9926,TRACKING,prediction
1786988226.022,50.3,0.000,0.817,0.811,0.6569,-0.0688,14.35,-0.69550,0.150,0.180,0.000,-1.0000,-0.9989,TRACKING,R+C
1786988226.053,50.3,0.000,0.817,0.811,0.6569,-0.0550,11.48,-0.55640,0.150,0.180,0.000,-1.0000,-0.9998,TRACKING,prediction
1786988226.074,50.3,0.000,0.817,0.811,0.6569,-0.0440,9.19,-0.44512,0.150,0.180,0.000,-1.0000,-1.0000,TRACKING,prediction
1786988226.095,51.9,0.000,0.817,0.811,0.6569,-0.0352,7.35,-0.35609,0.150,0.700,0.000,-1.0000,-1.0000,TRACKING,prediction
1786988226.115,51.9,0.000,0.813,0.812,0.6360,-0.0638,12.82,-0.76375,0.150,0.700,0.000,-1.0000,-0.7130,TRACKING,R+C
1786988226.137,51.9,0.000,0.823,0.814,0.6325,-0.0639,12.66,-0.73515,0.150,0.700,0.000,-1.0000,-0.6698,TRACKING,R+C
1786988226.147,51.9,0.000,0.834,0.821,0.6324,-0.0659,12.69,-0.72969,0.150,0.700,0.000,-1.0000,-0.6635,TRACKING,R+C
1786988226.178,51.9,0.000,0.834,0.821,0.6324,-0.0527,10.15,-0.58375,0.150,0.700,0.000,-1.0000,-0.6625,TRACKING,prediction
1786988226.198,51.9,0.000,0.834,0.821,0.6324,-0.0421,8.12,-0.46700,0.150,0.700,0.000,-1.0000,-0.6624,TRACKING,prediction
1786988226.219,51.9,0.000,0.834,0.821,0.6324,-0.0337,6.50,-0.37360,0.150,0.700,0.000,-1.0000,-0.6623,TRACKING,prediction
1786988226.241,51.9,0.000,0.834,0.821,0.6324,-0.0270,5.20,-0.29888,0.150,0.700,0.000,-1.0000,-0.6623,TRACKING,prediction
1786988226.251,51.9,0.000,0.845,0.819,0.6456,-0.0997,12.60,-0.56865,0.150,0.180,0.000,-1.0000,-0.6645,TRACKING,R+C
1786988226.272,51.9,0.000,0.844,0.815,0.6454,-0.1019,12.20,-0.58651,0.150,0.180,0.000,-1.0000,-0.9513,TRACKING,R+C
1786988226.293,51.9,0.000,0.844,0.815,0.6454,-0.0815,9.76,-0.46921,0.150,0.700,0.000,-1.0000,-0.9927,TRACKING,prediction
1786988226.313,51.9,0.000,0.844,0.815,0.6454,-0.0652,7.81,-0.37537,0.150,0.700,0.000,-1.0000,-0.7138,TRACKING,prediction
1786988226.336,51.9,0.000,0.844,0.815,0.6454,-0.0521,6.25,-0.30029,0.150,0.700,0.000,-1.0000,-0.6720,TRACKING,prediction
1786988226.349,51.9,0.000,0.844,0.815,0.6454,-0.0417,5.00,-0.24023,0.150,0.700,0.000,-1.0000,-0.6657,TRACKING,prediction
1786988226.369,51.9,0.000,0.844,0.815,0.6454,-0.0334,4.00,-0.19219,0.150,0.700,0.000,-1.0000,-0.6648,TRACKING,prediction
1786988226.390,51.9,0.000,0.844,0.815,0.6454,-0.0267,3.20,-0.15375,0.150,0.700,0.000,-1.0000,-0.6646,TRACKING,prediction
1786988226.404,51.9,0.000,0.890,0.810,0.6284,-0.1266,10.75,-0.46195,0.154,0.700,0.000,-1.0000,-0.6657,TRACKING,R+C
1786988226.430,51.9,0.000,0.890,0.810,0.6284,-0.1013,8.60,-0.36956,0.154,0.700,0.000,-1.0000,-0.6657,TRACKING,prediction
1786988226.451,51.9,0.000,0.890,0.810,0.6284,-0.0810,6.88,-0.29565,0.154,0.700,0.000,-1.0000,-0.6657,TRACKING,prediction
1786988226.461,51.9,0.000,0.890,0.810,0.6284,-0.0648,5.50,-0.23652,0.154,0.700,0.000,-1.0000,-0.6657,TRACKING,prediction
1786988226.472,51.9,0.000,0.890,0.810,0.6284,-0.0518,4.40,-0.18921,0.154,0.700,0.000,-1.0000,-0.6657,TRACKING,prediction
1786988226.491,51.9,0.000,0.890,0.810,0.6284,-0.0415,3.52,-0.15137,0.154,0.700,0.000,-1.0000,-0.6657,TRACKING,prediction
1786988226.512,51.9,0.000,0.890,0.810,0.6284,-0.0332,2.82,-0.12110,0.154,0.700,0.000,-1.0000,-0.6657,TRACKING,prediction
1786988226.532,51.9,0.000,0.890,0.810,0.6284,-0.0265,2.25,-0.09688,0.154,0.700,0.000,-1.0000,-0.6657,TRACKING,prediction
1786988226.554,51.9,0.000,0.890,0.810,0.6284,-0.0212,1.80,-0.07750,0.154,0.700,0.000,-1.0000,-0.6657,TRACKING,prediction
1786988226.574,51.9,0.000,0.890,0.810,0.6284,-0.0170,1.44,-0.06200,0.154,0.700,0.000,-1.0000,-0.6657,TRACKING,prediction
1786988226.595,51.9,0.000,0.890,0.810,0.6284,-0.0136,1.15,-0.04960,0.154,0.700,0.000,-1.0000,-0.6657,TRACKING,prediction
1786988226.615,51.9,0.000,0.904,0.821,0.5887,-0.1440,6.18,-0.59206,0.150,0.700,0.000,-1.0000,-0.6659,TRACKING,R+C
1786988226.636,51.9,0.000,0.904,0.821,0.5887,-0.1152,4.95,-0.47365,0.150,0.700,0.000,-1.0000,-0.6659,TRACKING,prediction
1786988226.657,51.9,0.000,0.892,0.829,0.5833,-0.1366,6.05,-0.54849,0.150,0.700,0.000,-1.0000,-0.6651,TRACKING,R+C
1786988226.677,51.9,0.000,0.892,0.829,0.5833,-0.1093,4.84,-0.43879,0.150,0.700,0.000,-1.0000,-0.6651,TRACKING,prediction
1786988226.698,51.9,0.000,0.892,0.829,0.5833,-0.0875,3.87,-0.35103,0.150,0.700,0.000,-1.0000,-0.6651,TRACKING,prediction
1786988226.718,51.9,0.000,0.892,0.829,0.5833,-0.0700,3.10,-0.28083,0.150,0.700,0.000,-1.0000,-0.6651,TRACKING,prediction
1786988226.738,51.9,0.000,0.892,0.829,0.5833,-0.0560,2.48,-0.22466,0.150,0.700,0.000,-1.0000,-0.6651,TRACKING,prediction
1786988226.760,51.9,0.000,0.916,0.844,0.5673,-0.1203,4.71,-0.47826,0.152,0.700,0.000,-1.0000,-0.6630,TRACKING,R+C
1786988226.770,51.9,0.000,0.906,0.848,0.5633,-0.1181,3.51,-0.57658,0.150,0.180,0.000,-1.0000,-0.6627,TRACKING,R+C
1786988226.804,51.9,0.000,0.889,0.852,0.5563,-0.1147,2.51,-0.67931,0.150,0.180,0.000,-1.0000,-0.9507,TRACKING,R+C
1786988226.814,51.9,0.000,0.891,0.851,0.5537,-0.1121,3.15,-0.57136,0.150,0.180,0.000,-1.0000,-0.9926,TRACKING,R+C
1786988226.824,51.9,0.000,0.858,0.851,0.5491,-0.1130,0.57,-0.84693,0.150,0.700,0.000,-1.0000,-0.9989,TRACKING,R+C
1786988226.845,51.9,0.000,0.903,0.853,0.5505,-0.1118,3.16,-0.53863,0.150,0.700,0.000,-1.0000,-0.7125,TRACKING,R+C
1786988226.875,51.9,0.000,0.903,0.855,0.5502,-0.1136,2.98,-0.55704,0.150,0.180,0.000,-1.0000,-0.6697,TRACKING,R+C
1786988226.895,51.9,0.000,0.890,0.857,0.5487,-0.1156,1.96,-0.66767,0.150,0.180,0.000,-1.0000,-0.9518,TRACKING,R+C
1786988226.906,51.9,0.000,0.911,0.858,0.5451,-0.1162,1.16,-0.70035,0.150,0.180,0.000,-1.0000,-0.9928,TRACKING,R+C
1786988226.917,51.9,0.000,0.900,0.863,0.5449,-0.1132,1.99,-0.61840,0.150,0.180,0.000,-1.0000,-0.9989,TRACKING,R+C
1786988226.937,51.9,0.000,0.878,0.862,0.5406,-0.1123,0.86,-0.73498,0.150,0.180,0.000,-1.0000,-0.9998,TRACKING,R+C
1786988226.947,51.9,0.000,0.851,0.864,0.5389,-0.1143,-0.39,-0.84430,0.150,0.180,0.000,-1.0000,-1.0000,TRACKING,R+C
1786988226.969,51.9,0.000,0.834,0.865,0.5402,-0.1158,-0.64,-0.86313,0.150,0.180,0.000,-1.0000,-1.0000,TRACKING,R+C
1786988226.988,51.9,0.000,0.855,0.867,0.5425,-0.1160,0.26,-0.75552,0.150,0.180,0.000,-1.0000,-1.0000,TRACKING,R+C
1786988227.009,51.9,0.000,0.829,0.865,0.5418,-0.1169,-1.09,-0.89835,0.150,0.180,0.000,-1.0000,-1.0000,TRACKING,R+C
1786988227.019,51.9,0.000,0.839,0.868,0.5406,-0.1162,-1.30,-0.90133,0.150,0.180,0.000,-1.0000,-1.0000,TRACKING,R+C
1786988227.030,51.9,0.000,0.834,0.869,0.5397,-0.1183,-2.72,-0.98104,0.150,0.180,0.000,-1.0000,-1.0000,TRACKING,R+C
1786988227.050,51.9,0.000,0.827,0.874,0.5394,-0.1178,-1.41,-0.88346,0.150,0.180,0.000,-1.0000,-1.0000,TRACKING,R+C
1786988227.065,51.9,0.000,0.826,0.870,0.5391,-0.1197,-1.34,-0.88050,0.150,0.180,0.000,-1.0000,-1.0000,TRACKING,R+C
1786988227.085,51.9,0.000,0.835,0.870,0.5418,-0.1208,-1.28,-0.86472,0.150,0.180,0.000,-1.0000,-1.0000,TRACKING,R+C
1786988227.106,53.4,0.000,0.839,0.872,0.5396,-0.1193,-1.25,-0.85900,0.150,0.180,0.000,-1.0000,-1.0000,TRACKING,R+C
1786988227.126,53.4,0.000,0.830,0.872,0.5344,-0.1157,-1.65,-0.87857,0.150,0.180,0.000,-1.0000,-1.0000,TRACKING,R+C
1786988227.137,53.4,0.000,0.847,0.878,0.5322,-0.1097,-1.21,-0.81719,0.150,0.180,0.000,-1.0000,-1.0000,TRACKING,R+C
1786988227.157,53.4,0.000,0.843,0.881,0.5240,-0.1038,-1.93,-0.87043,0.150,0.180,0.000,-1.0000,-1.0000,TRACKING,R+C
1786988227.178,53.4,0.000,0.842,0.894,0.5216,-0.0987,-2.68,-0.89984,0.150,0.700,0.000,-1.0000,-1.0000,TRACKING,R+C
1786988227.206,53.4,0.000,0.838,0.893,0.5167,-0.0892,-1.43,-0.80392,0.150,0.700,0.000,-1.0000,-0.7105,TRACKING,R+C
1786988227.219,53.4,0.000,0.840,0.902,0.5123,-0.0823,-1.54,-0.81653,0.150,0.180,0.000,-1.0000,-0.6665,TRACKING,R+C
1786988227.233,53.4,0.000,0.835,0.908,0.5066,-0.0754,-1.87,-0.83752,0.150,0.700,0.000,-1.0000,-0.9508,TRACKING,R+C
1786988227.250,53.4,0.000,0.838,0.910,0.4987,-0.0674,-1.76,-0.83517,0.150,0.700,0.000,-0.9936,-0.6979,TRACKING,R+C
1786988227.280,53.4,0.000,0.826,0.915,0.4931,-0.0598,-1.64,-0.82303,0.150,0.180,0.000,-0.9254,-0.6226,TRACKING,R+C
1786988227.301,53.4,0.660,0.831,0.926,0.4925,-0.0514,-1.64,-0.83123,0.150,0.700,0.000,-0.8399,-0.8122,TRACKING,L+C+R_fused
1786988227.321,53.4,0.610,0.834,0.930,0.4583,-0.0442,-2.31,-0.87554,0.150,0.180,0.000,-0.7427,-0.5388,TRACKING,L+C+R_fused
1786988227.342,53.4,0.681,0.831,0.823,0.4978,-0.0359,-2.38,-0.87667,0.150,0.180,0.000,-0.6333,-0.6273,TRACKING,L+C+R_fused
1786988227.363,53.4,0.730,0.828,0.734,0.4885,-0.0283,-1.92,-0.85562,0.150,0.180,0.000,-0.5385,-0.5602,TRACKING,L+C+R_fused
1786988227.372,53.4,0.845,0.833,0.634,0.4708,-0.0225,-1.45,-0.81400,0.150,0.180,0.000,-0.4626,-0.4860,TRACKING,L+C+R_fused
1786988227.402,53.4,0.878,0.831,0.655,0.4954,-0.0184,-0.92,-0.79237,0.150,0.180,0.000,-0.4164,-0.4359,TRACKING,L+C+R_fused
1786988227.423,53.4,0.596,0.834,0.666,0.5523,-0.0178,-0.22,-0.73903,0.150,0.180,0.000,-0.4258,-0.4364,TRACKING,L+C+R_fused
1786988227.441,53.4,0.816,0.838,0.344,0.4915,-0.0197,-0.18,-0.74714,0.150,0.180,0.000,-0.4586,-0.4643,TRACKING,L+C+R_fused
1786988227.461,53.4,0.956,0.837,0.854,0.5376,-0.0216,-0.11,-0.76768,0.150,0.700,0.000,-0.4928,-0.4975,TRACKING,L+C+R_fused
1786988227.485,53.4,0.958,0.835,0.884,0.5305,-0.0250,-0.51,-0.80650,0.150,0.700,0.000,-0.5346,-0.3764,TRACKING,L+C+R_fused
1786988227.506,53.4,0.955,0.838,0.853,0.4789,-0.0278,-0.29,-0.80593,0.150,0.700,0.000,-0.5831,-0.3858,TRACKING,L+C+R_fused
1786988227.523,53.4,0.000,0.829,0.858,0.5047,-0.0302,-0.02,-0.82106,0.150,0.700,0.000,-0.6276,-0.4120,TRACKING,R+C
1786988227.539,53.4,0.000,0.833,0.894,0.5096,-0.0340,0.09,-0.85097,0.150,0.700,0.000,-0.6861,-0.4484,TRACKING,R+C
1786988227.557,53.4,0.000,0.844,0.935,0.5120,-0.0369,1.36,-0.75589,0.150,0.700,0.000,-0.7508,-0.4895,TRACKING,R+C
1786988227.583,53.4,0.000,0.863,0.939,0.5183,-0.0386,3.79,-0.54711,0.150,0.700,0.000,-0.8169,-0.5319,TRACKING,R+C
1786988227.602,53.4,0.000,0.871,0.941,0.5216,-0.0430,3.47,-0.61172,0.150,0.700,0.000,-0.8632,-0.5639,TRACKING,R+C
1786988227.620,53.4,0.000,0.871,0.933,0.5243,-0.0484,3.08,-0.67802,0.150,0.700,0.000,-0.9155,-0.5976,TRACKING,R+C
1786988227.643,53.4,0.000,0.872,0.930,0.5299,-0.0554,2.42,-0.74298,0.150,0.700,0.000,-0.9720,-0.6337,TRACKING,R+C
1786988227.670,53.4,0.000,0.863,0.925,0.5379,-0.0588,4.09,-0.63201,0.150,0.700,0.000,-1.0000,-0.6546,TRACKING,R+C
1786988227.681,53.4,0.000,0.861,0.924,0.5390,-0.0647,4.20,-0.62959,0.150,0.700,0.000,-1.0000,-0.6582,TRACKING,R+C
1786988227.702,53.4,0.000,0.851,0.922,0.5462,-0.0697,4.82,-0.57609,0.150,0.700,0.000,-1.0000,-0.6591,TRACKING,R+C
1786988227.724,53.4,0.000,0.861,0.918,0.5535,-0.0760,4.77,-0.57358,0.150,0.700,0.000,-1.0000,-0.6597,TRACKING,R+C
1786988227.747,53.4,0.000,0.852,0.908,0.5611,-0.0798,6.35,-0.38086,0.162,0.700,0.000,-1.0000,-0.6600,TRACKING,R+C
1786988227.768,53.4,0.000,0.846,0.906,0.5637,-0.0839,6.06,-0.40129,0.160,0.700,0.000,-1.0000,-0.6603,TRACKING,R+C
1786988227.785,53.4,0.000,0.843,0.908,0.5664,-0.0885,3.57,-0.71417,0.150,0.700,0.000,-1.0000,-0.6608,TRACKING,R+C
1786988227.807,53.4,0.000,0.841,0.923,0.5729,-0.0882,4.16,-0.67932,0.150,0.700,0.000,-1.0000,-0.6608,TRACKING,R+C
1786988227.837,53.4,0.000,0.842,0.918,0.5744,-0.0906,4.26,-0.70084,0.150,0.700,0.000,-1.0000,-0.6611,TRACKING,R+C
1786988227.852,53.4,0.000,0.842,0.915,0.5798,-0.0945,4.04,-0.75401,0.150,0.700,0.000,-1.0000,-0.6615,TRACKING,R+C
1786988227.877,53.4,0.000,0.835,0.913,0.5769,-0.1000,3.26,-0.85528,0.150,0.700,0.000,-1.0000,-0.6620,TRACKING,R+C
1786988227.899,53.4,0.000,0.835,0.913,0.5769,-0.0800,2.61,-0.68422,0.150,0.700,0.000,-1.0000,-0.6620,TRACKING,prediction
1786988227.909,53.4,0.000,0.835,0.913,0.5769,-0.0640,2.09,-0.54738,0.150,0.700,0.000,-1.0000,-0.6620,TRACKING,prediction
1786988227.930,53.4,0.000,0.835,0.913,0.5769,-0.0512,1.67,-0.43790,0.150,0.700,0.000,-1.0000,-0.6620,TRACKING,prediction
1786988227.950,53.4,0.000,0.835,0.913,0.5769,-0.0410,1.34,-0.35032,0.150,0.700,0.000,-1.0000,-0.6620,TRACKING,prediction
1786988227.970,53.4,0.000,0.835,0.913,0.5769,-0.0328,1.07,-0.28026,0.150,0.700,0.000,-1.0000,-0.6620,TRACKING,prediction
1786988227.991,53.4,0.000,0.835,0.913,0.5769,-0.0262,0.86,-0.22421,0.150,0.700,0.000,-1.0000,-0.6620,TRACKING,prediction
1786988228.002,53.4,0.000,0.835,0.913,0.5769,-0.0210,0.68,-0.17936,0.150,0.700,0.000,-1.0000,-0.6620,TRACKING,prediction
1786988228.032,53.4,0.000,0.835,0.913,0.5769,-0.0168,0.55,-0.14349,0.150,0.700,0.000,-1.0000,-0.6620,TRACKING,prediction
1786988228.053,53.4,0.000,0.835,0.913,0.5769,-0.0134,0.44,-0.11479,0.150,0.700,0.000,-1.0000,-0.6620,TRACKING,prediction
1786988228.064,53.4,0.000,0.835,0.913,0.5769,-0.0107,0.35,-0.09183,0.150,0.700,0.000,-1.0000,-0.6620,TRACKING,prediction
1786988228.095,53.4,0.000,0.835,0.913,0.5769,-0.0086,0.28,-0.07347,0.150,0.696,0.000,-1.0000,-0.6620,TRACKING,prediction
1786988228.106,53.4,0.000,0.835,0.913,0.5769,-0.0069,0.22,-0.05877,0.150,0.661,0.000,-1.0000,-0.6643,TRACKING,prediction
1786988228.127,50.0,0.000,0.835,0.913,0.5769,-0.0055,0.18,-0.04702,0.150,0.628,0.000,-1.0000,-0.6844,TRACKING,prediction
1786988228.158,50.0,0.000,0.835,0.913,0.5769,-0.0044,0.14,-0.03762,0.150,0.597,0.000,-1.0000,-0.7060,TRACKING,prediction
1786988228.178,50.0,0.000,0.835,0.913,0.5769,-0.0035,0.11,-0.03009,0.150,0.180,0.000,-1.0000,-0.7269,TRACKING,prediction
1786988228.198,50.0,0.000,0.835,0.913,0.5769,-0.0028,0.09,-0.02407,0.150,0.180,0.000,-1.0000,-0.9599,UNCERTAIN,prediction
1786988228.222,50.0,0.000,0.835,0.913,0.5769,-0.0023,0.07,-0.01926,0.150,0.180,0.000,-1.0000,-0.9940,UNCERTAIN,prediction
1786988228.241,50.0,0.000,0.835,0.913,0.5769,-0.0018,0.06,-0.01541,0.150,0.180,0.000,-1.0000,-0.9991,UNCERTAIN,prediction
1786988228.261,50.0,0.000,0.835,0.913,0.5769,-0.0014,0.05,-0.01233,0.150,0.462,0.000,-1.0000,-0.9999,UNCERTAIN,prediction
1786988228.280,50.0,0.000,0.835,0.913,0.5769,-0.0012,0.04,-0.00986,0.150,0.180,0.000,-1.0000,-0.8462,UNCERTAIN,prediction
1786988228.301,50.0,0.000,0.835,0.913,0.5769,-0.0009,0.03,-0.00789,0.150,0.417,0.000,-1.0000,-0.9773,UNCERTAIN,prediction
1786988228.322,50.0,0.000,0.835,0.913,0.5769,-0.0007,0.02,-0.00631,0.150,0.180,0.000,-1.0000,-0.8676,UNCERTAIN,prediction
1786988228.342,50.0,0.000,0.835,0.913,0.5769,-0.0006,0.02,-0.00505,0.150,0.180,0.000,-1.0000,-0.9804,UNCERTAIN,prediction
1786988228.363,50.0,0.000,0.835,0.913,0.5769,-0.0005,0.02,-0.00404,0.150,0.357,0.000,-1.0000,-0.9971,UNCERTAIN,prediction
1786988228.383,50.0,0.000,0.835,0.913,0.5769,-0.0004,0.01,-0.00323,0.150,0.180,0.000,-1.0000,-0.9033,UNCERTAIN,prediction
1786988228.404,50.0,0.000,0.835,0.913,0.5769,-0.0003,0.01,-0.00258,0.150,0.180,0.000,-1.0000,-0.9856,UNCERTAIN,prediction
1786988228.429,50.0,0.000,0.835,0.913,0.5769,-0.0002,0.01,-0.00207,0.150,0.180,0.000,-1.0000,-0.9978,UNCERTAIN,prediction
1786988228.450,50.0,0.000,0.835,0.913,0.5769,-0.0002,0.01,-0.00165,0.150,0.291,0.000,-1.0000,-0.9997,UNCERTAIN,prediction
1786988228.470,50.0,0.000,0.835,0.913,0.5769,-0.0002,0.01,-0.00132,0.150,0.276,0.000,-1.0000,-0.9399,UNCERTAIN,prediction
1786988228.490,50.0,0.000,0.835,0.913,0.5769,-0.0001,0.00,-0.00106,0.150,0.263,0.000,-1.0000,-0.9388,UNCERTAIN,prediction
1786988228.510,50.0,0.000,0.835,0.913,0.5769,-0.0001,0.00,-0.00085,0.150,0.250,0.000,-1.0000,-0.9462,UNCERTAIN,prediction
1786988228.531,50.0,0.000,0.835,0.913,0.5769,-0.0001,0.00,-0.00068,0.150,0.237,0.000,-1.0000,-0.9544,UNCERTAIN,prediction
1786988228.553,50.0,0.000,0.835,0.913,0.5769,-0.0001,0.00,-0.00054,0.150,0.225,0.000,-1.0000,-0.9624,UNCERTAIN,prediction
1786988228.572,50.0,0.000,0.835,0.913,0.5769,-0.0001,0.00,-0.00043,0.150,0.180,0.000,-1.0000,-0.9700,UNCERTAIN,prediction
1786988228.584,50.0,0.000,0.804,0.844,0.6268,-0.1030,5.21,-1.57502,0.150,0.700,0.000,-1.0000,-0.9956,TRACKING,R+C
1786988228.615,50.0,0.000,0.804,0.844,0.6268,-0.0824,4.17,-1.26002,0.150,0.180,0.000,-1.0000,-0.7148,TRACKING,prediction
1786988228.624,50.0,0.000,0.804,0.844,0.6268,-0.0660,3.33,-1.00801,0.150,0.180,0.000,-1.0000,-0.9587,TRACKING,prediction
1786988228.641,50.0,0.000,0.804,0.844,0.6268,-0.0528,2.67,-0.80641,0.150,0.180,0.000,-1.0000,-0.9938,TRACKING,prediction
1786988228.658,50.0,0.000,0.804,0.844,0.6268,-0.0422,2.13,-0.64513,0.150,0.180,0.000,-1.0000,-0.9991,TRACKING,prediction
1786988228.677,50.0,0.000,0.823,0.820,0.6605,-0.1259,11.52,-0.94054,0.150,0.700,0.000,-1.0000,-0.9999,TRACKING,R+C
1786988228.697,50.0,0.000,0.823,0.820,0.6605,-0.1007,9.22,-0.75243,0.150,0.700,0.000,-1.0000,-0.7173,TRACKING,prediction
1786988228.707,50.0,0.845,0.697,0.000,0.6699,0.2759,43.88,0.80441,0.150,0.180,0.000,1.0000,-0.2476,TRACKING,L+C
1786988228.731,50.0,0.845,0.697,0.000,0.6699,0.2207,35.11,0.64353,0.150,0.180,0.000,1.0000,0.5948,TRACKING,prediction
1786988228.763,50.0,0.845,0.697,0.000,0.6699,0.1766,28.08,0.51482,0.150,0.180,0.000,1.0000,0.9392,TRACKING,prediction
1786988228.773,50.0,0.000,0.852,0.674,0.7071,-0.1456,14.90,-0.39836,0.160,0.180,0.000,-1.0000,-0.0067,TRACKING,R+C
1786988228.796,50.0,0.000,0.852,0.677,0.7095,-0.1459,16.08,-0.19207,0.181,0.180,0.000,-1.0000,-0.7857,TRACKING,R+C
1786988228.824,50.0,0.000,0.852,0.677,0.7095,-0.1167,12.86,-0.15365,0.181,0.180,0.000,-1.0000,-0.9678,TRACKING,prediction
1786988228.845,50.0,0.000,0.852,0.677,0.7095,-0.0934,10.29,-0.12292,0.181,0.180,0.000,-1.0000,-0.9952,TRACKING,prediction
1786988228.868,50.0,0.000,0.852,0.677,0.7095,-0.0747,8.23,-0.09834,0.181,0.180,0.000,-1.0000,-0.9993,TRACKING,prediction
1786988228.887,50.0,0.000,0.852,0.677,0.7095,-0.0598,6.59,-0.07867,0.181,0.180,0.000,-1.0000,-0.9999,TRACKING,prediction
1786988228.901,50.0,0.000,0.852,0.677,0.7095,-0.0478,5.27,-0.06294,0.181,0.180,0.000,-1.0000,-1.0000,TRACKING,prediction
1786988228.917,50.0,0.000,0.852,0.677,0.7095,-0.0382,4.21,-0.05035,0.181,0.180,0.000,-1.0000,-1.0000,TRACKING,prediction
1786988228.937,50.0,0.000,0.852,0.677,0.7095,-0.0306,3.37,-0.04028,0.181,0.180,0.000,-1.0000,-1.0000,TRACKING,prediction
1786988228.958,50.0,0.000,0.852,0.677,0.7095,-0.0245,2.70,-0.03222,0.181,0.180,0.000,-1.0000,-1.0000,TRACKING,prediction
1786988228.977,50.0,0.000,0.852,0.677,0.7095,-0.0196,2.16,-0.02578,0.181,0.675,0.000,-1.0000,-1.0000,TRACKING,prediction
1786988228.998,50.0,0.000,0.852,0.677,0.7095,-0.0157,1.73,-0.02062,0.181,0.180,0.000,-1.0000,-0.7323,TRACKING,prediction
1786988229.019,50.0,0.000,0.852,0.677,0.7095,-0.0125,1.38,-0.01650,0.181,0.180,0.000,-1.0000,-0.9614,TRACKING,prediction
1786988229.039,50.0,0.000,0.852,0.677,0.7095,-0.0100,1.10,-0.01320,0.181,0.180,0.000,-1.0000,-0.9942,TRACKING,prediction
1786988229.060,50.0,0.000,0.852,0.677,0.7095,-0.0080,0.88,-0.01056,0.181,0.180,0.000,-1.0000,-0.9991,UNCERTAIN,prediction
1786988229.079,50.0,0.000,0.852,0.677,0.7095,-0.0064,0.71,-0.00845,0.181,0.180,0.000,-1.0000,-0.9999,UNCERTAIN,prediction
1786988229.100,50.0,0.000,0.852,0.677,0.7095,-0.0051,0.57,-0.00676,0.181,0.180,0.000,-1.0000,-1.0000,UNCERTAIN,prediction
1786988229.121,50.0,0.000,0.852,0.677,0.7095,-0.0041,0.45,-0.00541,0.181,0.180,0.000,-1.0000,-1.0000,UNCERTAIN,prediction
1786988229.142,49.3,0.000,0.852,0.677,0.7095,-0.0033,0.36,-0.00433,0.181,0.180,0.000,-1.0000,-1.0000,UNCERTAIN,prediction
1786988229.152,49.3,0.752,0.653,0.000,0.6634,0.1715,-1.03,-1.67019,0.150,0.180,0.000,1.0000,-0.1045,TRACKING,L+C
1786988229.184,49.3,0.752,0.653,0.000,0.6634,0.1372,-0.83,-1.33615,0.150,0.180,0.000,1.0000,0.7137,TRACKING,prediction
1786988229.207,49.3,0.752,0.653,0.000,0.6634,0.1098,-0.66,-1.06892,0.150,0.180,0.000,1.0000,0.9570,TRACKING,prediction
1786988229.228,49.3,0.741,0.647,0.000,0.6358,0.1765,1.14,-1.28856,0.150,0.180,0.000,1.0000,0.9936,TRACKING,L+C
1786988229.249,49.3,0.741,0.647,0.000,0.6358,0.1412,0.91,-1.03085,0.150,0.180,0.000,1.0000,0.9990,TRACKING,prediction
1786988229.269,49.3,0.000,0.730,0.641,0.6182,-0.1587,-4.02,-0.50134,0.150,0.180,0.000,-1.0000,0.0831,TRACKING,R+C
1786988229.290,49.3,0.000,0.726,0.642,0.6168,-0.1539,-4.64,-0.50568,0.150,0.180,0.000,-1.0000,-0.7198,TRACKING,R+C
1786988229.300,49.3,0.000,0.725,0.642,0.6103,-0.1486,-5.21,-0.50102,0.150,0.180,0.000,-1.0000,-0.9578,TRACKING,R+C
1786988229.331,49.3,0.000,0.727,0.641,0.5970,-0.1448,-6.69,-0.58243,0.150,0.180,0.000,-1.0000,-0.9937,TRACKING,R+C
1786988229.341,49.3,0.000,0.719,0.618,0.5855,-0.1433,-8.49,-0.68189,0.150,0.180,0.000,-1.0000,-0.9990,TRACKING,R+C
1786988229.372,49.3,0.000,0.713,0.617,0.5807,-0.1382,-8.07,-0.66858,0.150,0.180,0.000,-1.0000,-0.9999,TRACKING,R+C
1786988229.393,49.3,0.000,0.710,0.617,0.5779,-0.1373,-8.57,-0.69855,0.150,0.180,0.000,-1.0000,-1.0000,TRACKING,R+C
1786988229.405,49.3,0.000,0.703,0.618,0.5748,-0.1394,-9.96,-0.81334,0.150,0.180,0.000,-1.0000,-1.0000,TRACKING,R+C
1786988229.428,49.3,0.000,0.702,0.618,0.5780,-0.1419,-10.96,-0.88418,0.150,0.180,0.000,-1.0000,-1.0000,TRACKING,R+C
1786988229.457,49.3,0.000,0.707,0.619,0.5746,-0.1414,-11.33,-0.90285,0.150,0.180,0.000,-1.0000,-1.0000,TRACKING,R+C
1786988229.477,49.3,0.000,0.702,0.619,0.5707,-0.1405,-13.46,-1.03453,0.150,0.180,0.000,-1.0000,-1.0000,TRACKING,R+C
1786988229.496,49.3,0.000,0.697,0.620,0.5621,-0.1301,-12.83,-1.03237,0.150,0.180,0.000,-1.0000,-1.0000,TRACKING,R+C
1786988229.517,49.3,0.000,0.693,0.621,0.5525,-0.1214,-13.33,-1.06467,0.150,0.180,0.000,-1.0000,-1.0000,TRACKING,R+C
1786988229.537,49.3,0.000,0.693,0.621,0.5525,-0.0971,-10.66,-0.85174,0.150,0.180,0.000,-1.0000,-1.0000,TRACKING,prediction
1786988229.557,49.3,0.000,0.693,0.621,0.5525,-0.0777,-8.53,-0.68139,0.150,0.180,0.000,-1.0000,-1.0000,TRACKING,prediction
1786988229.578,49.3,0.708,0.695,0.626,0.4043,-0.0957,-16.27,-1.29171,0.150,0.180,0.000,-0.9678,-0.9736,TRACKING,L+C+R_fused
1786988229.603,49.3,0.713,0.706,0.634,0.3908,-0.0915,-18.00,-1.39941,0.150,0.180,0.000,-0.8987,-0.9126,TRACKING,L+C+R_fused
1786988229.625,49.3,0.703,0.702,0.647,0.4199,-0.0800,-13.90,-1.18973,0.150,0.180,0.000,-0.8609,-0.8720,TRACKING,L+C+R_fused
1786988229.645,49.3,0.731,0.720,0.646,0.4337,-0.0775,-16.32,-1.43407,0.150,0.180,0.000,-0.7972,-0.8133,TRACKING,L+C+R_fused
1786988229.665,49.3,0.833,0.716,0.653,0.4677,-0.0713,-16.82,-1.53449,0.150,0.180,0.000,-0.7233,-0.7431,TRACKING,L+C+R_fused
1786988229.686,49.3,0.849,0.716,0.676,0.4847,-0.0616,-16.63,-1.56138,0.150,0.180,0.000,-0.6062,-0.6345,TRACKING,L+C+R_fused
1786988229.707,49.3,0.840,0.723,0.658,0.4936,-0.0499,-16.20,-1.59953,0.150,0.180,0.000,-0.4549,-0.4910,TRACKING,L+C+R_fused
1786988229.727,49.3,0.848,0.729,0.673,0.4973,-0.0388,-15.71,-1.63849,0.150,0.180,0.000,-0.3016,-0.3399,TRACKING,L+C+R_fused
1786988229.749,49.3,0.730,0.731,0.482,0.4706,-0.0273,-13.64,-1.57852,0.150,0.180,0.000,-0.1806,-0.2142,TRACKING,L+C+R_fused
1786988229.768,49.3,0.722,0.742,0.700,0.4758,-0.0210,-13.32,-1.65443,0.150,0.180,0.000,-0.0977,-0.1255,TRACKING,L+C+R_fused
1786988229.779,49.3,0.722,0.751,0.735,0.5024,-0.0148,-10.74,-1.54825,0.150,0.180,0.000,-0.0784,-0.0957,TRACKING,L+C+R_fused
1786988229.800,49.3,0.720,0.746,0.717,0.4836,-0.0120,-10.71,-1.62983,0.150,0.180,0.000,-0.0462,-0.0645,TRACKING,L+C+R_fused
1786988229.821,49.3,0.702,0.702,0.499,0.4649,-0.0041,-7.58,-1.46911,0.150,0.180,0.000,-0.0097,-0.0282,TRACKING,L+C+R_fused
1786988229.841,49.3,0.698,0.732,0.638,0.4860,0.0021,-6.58,-1.48555,0.150,0.180,0.000,0.0532,0.0312,TRACKING,L+C+R_fused
1786988229.862,49.3,0.688,0.743,0.605,0.5072,0.0077,-4.97,-1.44444,0.150,0.180,0.000,0.0909,0.0724,TRACKING,L+C+R_fused
1786988229.883,49.3,0.787,0.732,0.590,0.5221,0.0095,-3.78,-1.43448,0.150,0.180,0.000,0.0722,0.0616,TRACKING,L+C+R_fused
1786988229.899,49.3,0.689,0.741,0.698,0.4973,0.0078,-4.64,-1.62828,0.150,0.180,0.000,0.0424,0.0324,TRACKING,L+C+R_fused
1786988229.920,49.3,0.000,0.723,0.727,0.5597,0.0078,-2.92,-1.58518,0.150,0.180,0.000,-0.0235,-0.0295,TRACKING,R+C
1786988229.930,49.3,0.000,0.733,0.726,0.5504,0.0063,-1.60,-1.53283,0.150,0.180,0.000,-0.0987,-0.1031,TRACKING,R+C
1786988229.951,49.3,0.000,0.750,0.837,0.6151,0.0049,-0.46,-1.51579,0.150,0.180,0.000,-0.1701,-0.1752,TRACKING,R+C
1786988229.975,49.3,0.000,0.744,0.751,0.5542,0.0045,1.66,-1.38982,0.150,0.180,0.000,-0.2467,-0.2509,TRACKING,R+C
1786988229.992,49.3,0.000,0.747,0.901,0.5220,0.0026,2.95,-1.33456,0.150,0.180,0.000,-0.3251,-0.3286,TRACKING,R+C
1786988230.012,49.3,0.000,0.751,0.902,0.5294,-0.0009,3.08,-1.39397,0.150,0.180,0.000,-0.3971,-0.4013,TRACKING,R+C
1786988230.032,49.3,0.000,0.748,0.901,0.5366,-0.0044,3.41,-1.43114,0.150,0.180,0.000,-0.4721,-0.4753,TRACKING,R+C
1786988230.053,49.3,0.000,0.759,0.894,0.5446,-0.0076,4.09,-1.39110,0.150,0.180,0.000,-0.5407,-0.5437,TRACKING,R+C
1786988230.075,49.3,0.000,0.753,0.891,0.5515,-0.0086,5.23,-1.34936,0.150,0.180,0.000,-0.5905,-0.5954,TRACKING,R+C
1786988230.085,49.3,0.000,0.758,0.890,0.5592,-0.0085,6.46,-1.26509,0.150,0.180,0.000,-0.6222,-0.6295,TRACKING,R+C
1786988230.106,49.3,0.000,0.757,0.879,0.5584,-0.0063,6.96,-1.26034,0.150,0.180,0.000,-0.6097,-0.6242,TRACKING,R+C
1786988230.127,49.3,0.000,0.749,0.872,0.5555,-0.0039,5.75,-1.44213,0.150,0.180,0.000,-0.5567,-0.5798,TRACKING,R+C
1786988230.148,49.7,0.000,0.744,0.862,0.5475,-0.0008,6.21,-1.41418,0.150,0.180,0.000,-0.5251,-0.5468,TRACKING,R+C
1786988230.162,49.7,0.000,0.754,0.866,0.5393,0.0007,7.06,-1.33894,0.150,0.180,0.000,-0.5246,-0.5414,TRACKING,R+C
1786988230.185,49.7,0.000,0.748,0.873,0.5531,-0.0010,8.30,-1.25565,0.150,0.180,0.000,-0.5836,-0.5898,TRACKING,R+C
1786988230.213,49.7,0.000,0.756,0.868,0.5666,-0.0039,9.27,-1.17965,0.150,0.180,0.000,-0.6479,-0.6504,TRACKING,R+C
1786988230.224,49.7,0.000,0.754,0.864,0.5657,-0.0060,10.02,-1.10386,0.150,0.180,0.000,-0.6920,-0.6957,TRACKING,R+C
1786988230.255,49.7,0.000,0.759,0.861,0.5700,-0.0065,9.92,-1.13035,0.150,0.180,0.000,-0.6987,-0.7081,TRACKING,R+C
1786988230.266,49.7,0.000,0.761,0.864,0.5693,-0.0058,10.27,-1.09474,0.150,0.180,0.000,-0.6962,-0.7079,TRACKING,R+C
1786988230.295,49.7,0.000,0.764,0.877,0.5711,-0.0070,10.20,-1.10164,0.150,0.180,0.000,-0.7097,-0.7190,TRACKING,R+C
1786988230.312,49.7,0.000,0.764,0.877,0.5711,-0.0056,8.16,-0.88131,0.150,0.180,0.000,-0.7097,-0.7206,TRACKING,prediction
1786988230.336,49.7,0.000,0.764,0.877,0.5711,-0.0044,6.53,-0.70505,0.150,0.180,0.000,-0.7097,-0.7208,TRACKING,prediction
1786988230.360,49.7,0.000,0.764,0.877,0.5711,-0.0036,5.22,-0.56404,0.150,0.180,0.000,-0.7097,-0.7209,TRACKING,prediction
1786988230.381,49.7,0.000,0.764,0.877,0.5711,-0.0028,4.18,-0.45123,0.150,0.700,0.000,-0.7097,-0.7209,TRACKING,prediction
1786988230.401,49.7,0.000,0.764,0.877,0.5711,-0.0023,3.34,-0.36098,0.150,0.700,0.000,-0.7097,-0.5097,TRACKING,prediction
1786988230.422,49.7,0.000,0.764,0.877,0.5711,-0.0018,2.67,-0.28879,0.150,0.700,0.000,-0.7097,-0.4787,TRACKING,prediction
1786988230.443,49.7,0.000,0.764,0.877,0.5711,-0.0015,2.14,-0.23103,0.150,0.700,0.000,-0.7097,-0.4741,TRACKING,prediction
1786988230.464,49.7,0.000,0.764,0.877,0.5711,-0.0012,1.71,-0.18482,0.150,0.700,0.000,-0.7097,-0.4734,TRACKING,prediction
1786988230.485,49.7,0.000,0.764,0.877,0.5711,-0.0009,1.37,-0.14786,0.150,0.700,0.000,-0.7097,-0.4733,TRACKING,prediction
1786988230.505,49.7,0.000,0.764,0.877,0.5711,-0.0007,1.10,-0.11829,0.150,0.688,0.000,-0.7097,-0.4732,TRACKING,prediction
1786988230.526,49.7,0.000,0.764,0.877,0.5711,-0.0006,0.88,-0.09463,0.150,0.653,0.000,-0.7097,-0.4783,TRACKING,prediction
1786988230.548,49.7,0.000,0.764,0.877,0.5711,-0.0005,0.70,-0.07570,0.150,0.621,0.000,-0.7097,-0.4933,TRACKING,prediction
1786988230.569,49.7,0.000,0.764,0.877,0.5711,-0.0004,0.56,-0.06056,0.150,0.590,0.000,-0.7097,-0.5089,TRACKING,prediction
1786988230.589,49.7,0.000,0.764,0.877,0.5711,-0.0003,0.45,-0.04845,0.150,0.560,0.000,-0.7097,-0.5239,TRACKING,prediction
1786988230.599,49.7,0.000,0.784,0.851,0.5937,-0.0379,11.51,-0.83192,0.150,0.700,0.000,-1.0000,-0.7191,TRACKING,R+C
1786988230.621,49.7,0.000,0.784,0.851,0.5937,-0.0304,9.21,-0.66553,0.150,0.700,0.000,-1.0000,-0.6686,TRACKING,prediction
1786988230.632,49.7,0.000,0.779,0.861,0.5977,-0.0493,11.18,-0.84736,0.150,0.700,0.000,-1.0000,-0.6621,TRACKING,R+C
1786988230.650,49.7,0.000,0.795,0.851,0.6021,-0.0557,11.58,-0.76854,0.150,0.700,0.000,-1.0000,-0.6614,TRACKING,R+C
1786988230.672,49.7,0.000,0.795,0.851,0.6021,-0.0445,9.26,-0.61484,0.150,0.700,0.000,-1.0000,-0.6612,TRACKING,prediction
1786988230.691,49.7,0.000,0.795,0.851,0.6021,-0.0356,7.41,-0.49187,0.150,0.700,0.000,-1.0000,-0.6612,TRACKING,prediction
1786988230.711,49.7,0.000,0.795,0.851,0.6021,-0.0285,5.93,-0.39349,0.150,0.700,0.000,-1.0000,-0.6612,TRACKING,prediction
1786988230.732,49.7,0.000,0.795,0.851,0.6021,-0.0228,4.74,-0.31480,0.150,0.700,0.000,-1.0000,-0.6612,TRACKING,prediction
1786988230.755,49.7,0.000,0.795,0.851,0.6021,-0.0182,3.79,-0.25184,0.150,0.700,0.000,-1.0000,-0.6612,TRACKING,prediction
1786988230.776,49.7,0.000,0.795,0.851,0.6021,-0.0146,3.04,-0.20147,0.150,0.700,0.000,-1.0000,-0.6612,TRACKING,prediction
1786988230.797,49.7,0.000,0.795,0.851,0.6021,-0.0117,2.43,-0.16118,0.150,0.180,0.000,-1.0000,-0.6612,TRACKING,prediction
1786988230.817,49.7,0.000,0.808,0.855,0.5944,-0.0709,9.63,-0.76007,0.150,0.180,0.000,-1.0000,-0.9506,TRACKING,R+C
1786988230.837,49.7,0.000,0.808,0.855,0.5944,-0.0567,7.71,-0.60806,0.150,0.180,0.000,-1.0000,-0.9926,TRACKING,prediction
1786988230.847,49.7,0.000,0.814,0.845,0.5840,-0.0657,8.88,-0.77881,0.150,0.180,0.000,-1.0000,-0.9989,TRACKING,R+C
1786988230.868,49.7,0.000,0.814,0.845,0.5840,-0.0525,7.10,-0.62305,0.150,0.180,0.000,-1.0000,-0.9998,TRACKING,prediction
1786988230.891,49.7,0.000,0.824,0.850,0.5761,-0.0610,8.76,-0.72090,0.150,0.180,0.000,-1.0000,-1.0000,TRACKING,R+C
1786988230.922,49.7,0.000,0.832,0.854,0.5747,-0.0608,8.77,-0.69491,0.150,0.180,0.000,-1.0000,-1.0000,TRACKING,R+C
1786988230.933,49.7,0.000,0.837,0.862,0.5733,-0.0627,8.71,-0.67172,0.150,0.180,0.000,-1.0000,-1.0000,TRACKING,R+C
1786988230.961,49.7,0.000,0.834,0.863,0.5717,-0.0640,8.91,-0.63609,0.150,0.180,0.000,-1.0000,-1.0000,TRACKING,R+C
1786988230.985,49.7,0.000,0.834,0.863,0.5717,-0.0512,7.13,-0.50887,0.150,0.180,0.000,-1.0000,-1.0000,TRACKING,prediction
1786988231.005,49.7,0.000,0.831,0.855,0.5715,-0.0675,8.43,-0.64943,0.150,0.180,0.000,-1.0000,-1.0000,TRACKING,R+C
1786988231.016,49.7,0.000,0.833,0.854,0.5700,-0.0698,8.39,-0.62888,0.150,0.180,0.000,-1.0000,-1.0000,TRACKING,R+C
1786988231.037,49.7,0.000,0.833,0.858,0.5742,-0.0744,8.48,-0.59490,0.150,0.180,0.000,-1.0000,-1.0000,TRACKING,R+C
1786988231.061,49.7,0.000,0.832,0.856,0.5701,-0.0794,7.85,-0.64547,0.150,0.180,0.000,-1.0000,-1.0000,TRACKING,R+C
1786988231.078,49.7,0.000,0.838,0.847,0.5697,-0.0845,7.03,-0.68875,0.150,0.180,0.000,-1.0000,-1.0000,TRACKING,R+C
1786988231.107,49.7,0.000,0.822,0.853,0.5680,-0.0862,5.61,-0.82844,0.150,0.180,0.000,-1.0000,-1.0000,TRACKING,R+C
1786988231.128,49.7,0.000,0.824,0.855,0.5694,-0.0832,6.17,-0.74443,0.150,0.180,0.000,-1.0000,-1.0000,TRACKING,R+C
1786988231.143,49.7,0.000,0.814,0.850,0.5642,-0.0800,5.67,-0.76775,0.150,0.180,0.000,-1.0000,-1.0000,TRACKING,R+C
1786988231.160,49.4,0.000,0.812,0.857,0.5609,-0.0763,5.19,-0.78549,0.150,0.180,0.000,-1.0000,-1.0000,TRACKING,R+C
1786988231.181,49.4,0.000,0.812,0.876,0.5564,-0.0730,4.73,-0.80740,0.150,0.180,0.000,-1.0000,-1.0000,TRACKING,R+C
1786988231.203,49.4,0.000,0.813,0.880,0.5505,-0.0687,4.53,-0.79666,0.150,0.180,0.000,-1.0000,-1.0000,TRACKING,R+C
1786988231.226,49.4,0.000,0.808,0.889,0.5485,-0.0653,3.78,-0.82549,0.150,0.180,0.000,-1.0000,-1.0000,TRACKING,R+C
1786988231.250,49.4,0.000,0.809,0.891,0.5420,-0.0613,3.20,-0.83245,0.150,0.180,0.000,-1.0000,-1.0000,TRACKING,R+C
1786988231.264,49.4,0.000,0.803,0.898,0.5348,-0.0533,4.18,-0.74318,0.150,0.180,0.000,-0.9934,-0.9946,TRACKING,R+C
1786988231.285,49.4,0.000,0.802,0.905,0.5301,-0.0476,3.70,-0.75904,0.150,0.180,0.000,-0.9315,-0.9432,TRACKING,R+C
1786988231.306,49.4,0.000,0.809,0.904,0.5262,-0.0423,3.74,-0.74662,0.150,0.180,0.000,-0.8775,-0.8911,TRACKING,R+C
1786988231.320,49.4,0.000,0.818,0.913,0.5265,-0.0386,3.70,-0.73158,0.150,0.180,0.000,-0.8354,-0.8484,TRACKING,R+C
1786988231.326,49.4,0.000,0.819,0.895,0.5303,-0.0381,3.81,-0.71778,0.150,0.180,0.000,-0.8313,-0.8386,TRACKING,R+C
1786988231.347,49.4,0.000,0.819,0.895,0.5303,-0.0304,3.05,-0.57422,0.150,0.180,0.000,-0.8313,-0.8372,TRACKING,prediction
1786988231.361,49.4,0.000,0.819,0.895,0.5303,-0.0244,2.44,-0.45938,0.150,0.180,0.000,-0.8313,-0.8370,TRACKING,prediction
1786988231.377,49.4,0.000,0.819,0.895,0.5303,-0.0195,1.95,-0.36750,0.150,0.180,0.000,-0.8313,-0.8369,TRACKING,prediction
1786988231.387,49.4,0.000,0.804,0.912,0.5293,-0.0342,3.15,-0.77566,0.150,0.180,0.000,-0.7745,-0.7899,TRACKING,R+C
1786988231.398,49.4,0.952,0.804,0.907,0.5192,-0.0298,3.37,-0.74371,0.150,0.180,0.000,-0.7244,-0.7411,TRACKING,L+C+R_fused
1786988231.420,49.4,0.948,0.804,0.911,0.5153,-0.0264,3.45,-0.73545,0.150,0.180,0.000,-0.6821,-0.6985,TRACKING,L+C+R_fused
1786988231.433,49.4,0.950,0.804,0.909,0.5135,-0.0264,3.41,-0.74034,0.150,0.180,0.000,-0.6818,-0.6920,TRACKING,L+C+R_fused
1786988231.453,49.4,0.936,0.806,0.908,0.5388,-0.0274,3.72,-0.71450,0.150,0.180,0.000,-0.7014,-0.7073,TRACKING,L+C+R_fused
1786988231.468,49.4,0.934,0.808,0.900,0.5599,-0.0274,3.84,-0.70986,0.150,0.180,0.000,-0.7048,-0.7125,TRACKING,L+C+R_fused
1786988231.478,49.4,0.951,0.799,0.893,0.5686,-0.0246,3.61,-0.73195,0.150,0.180,0.000,-0.6649,-0.6799,TRACKING,L+C+R_fused
1786988231.498,49.4,0.962,0.792,0.900,0.5320,-0.0186,3.65,-0.72521,0.150,0.180,0.000,-0.5818,-0.6054,TRACKING,L+C+R_fused
1786988231.520,49.4,0.949,0.801,0.903,0.5285,-0.0122,2.91,-0.76983,0.150,0.180,0.000,-0.4673,-0.4979,TRACKING,L+C+R_fused
1786988231.533,49.4,0.947,0.798,0.909,0.5212,-0.0053,3.17,-0.76186,0.150,0.180,0.000,-0.3670,-0.3970,TRACKING,L+C+R_fused
1786988231.547,49.4,0.921,0.800,0.798,0.5353,-0.0012,3.29,-0.76572,0.150,0.180,0.000,-0.3035,-0.3281,TRACKING,L+C+R_fused
1786988231.557,49.4,0.948,0.804,0.834,0.5073,-0.0004,3.32,-0.76813,0.150,0.180,0.000,-0.2928,-0.3089,TRACKING,L+C+R_fused
1786988231.577,49.4,0.932,0.803,0.914,0.5246,-0.0008,2.92,-0.84057,0.150,0.180,0.000,-0.2949,-0.3082,TRACKING,L+C+R_fused
1786988231.598,49.4,0.939,0.797,0.904,0.5186,-0.0007,3.09,-0.84776,0.150,0.180,0.000,-0.3008,-0.3132,TRACKING,L+C+R_fused
1786988231.624,49.4,0.943,0.798,0.903,0.5109,0.0014,2.83,-0.89028,0.150,0.180,0.000,-0.2619,-0.2810,TRACKING,L+C+R_fused
1786988231.639,49.4,0.949,0.799,0.903,0.4984,0.0045,2.79,-0.89996,0.150,0.180,0.000,-0.2089,-0.2311,TRACKING,L+C+R_fused
1786988231.659,49.4,0.951,0.808,0.895,0.4931,0.0071,3.05,-0.89092,0.150,0.180,0.000,-0.1739,-0.1939,TRACKING,L+C+R_fused
1786988231.670,49.4,0.952,0.807,0.906,0.4897,0.0075,3.44,-0.89062,0.150,0.180,0.000,-0.1851,-0.1983,TRACKING,L+C+R_fused
1786988231.693,49.4,0.938,0.801,0.915,0.4921,0.0046,3.19,-0.94285,0.150,0.180,0.000,-0.2333,-0.2403,TRACKING,L+C+R_fused
1786988231.714,49.4,0.907,0.811,0.908,0.4819,0.0026,4.41,-0.85506,0.150,0.180,0.000,-0.3049,-0.3073,TRACKING,L+C+R_fused
1786988231.735,49.4,0.934,0.801,0.900,0.4732,-0.0009,3.20,-1.01902,0.150,0.180,0.000,-0.3391,-0.3469,TRACKING,L+C+R_fused
1786988231.745,49.4,0.939,0.812,0.843,0.4712,0.0004,4.79,-0.85953,0.150,0.180,0.000,-0.3566,-0.3670,TRACKING,L+C+R_fused
1786988231.766,49.4,0.901,0.815,0.899,0.4708,0.0008,4.42,-0.89446,0.150,0.180,0.000,-0.3404,-0.3564,TRACKING,L+C+R_fused
1786988231.786,49.4,0.938,0.814,0.892,0.4712,0.0009,4.15,-0.91135,0.150,0.180,0.000,-0.3315,-0.3473,TRACKING,L+C+R_fused
1786988231.802,49.4,0.927,0.795,0.902,0.4570,-0.0015,3.35,-1.02202,0.150,0.180,0.000,-0.3554,-0.3667,TRACKING,L+C+R_fused
1786988231.822,49.4,0.632,0.793,0.891,0.4825,-0.0049,4.03,-0.96337,0.150,0.180,0.000,-0.4289,-0.4315,TRACKING,L+C+R_fused
1786988231.832,49.4,0.632,0.793,0.891,0.4825,-0.0039,3.22,-0.77070,0.150,0.180,0.000,-0.4289,-0.4410,TRACKING,prediction
1786988231.844,49.4,0.000,0.802,0.879,0.5108,-0.0107,4.83,-0.92462,0.150,0.180,0.000,-0.5415,-0.5374,TRACKING,R+C
1786988231.863,49.4,0.000,0.798,0.871,0.5113,-0.0111,4.92,-0.92417,0.150,0.180,0.000,-0.5507,-0.5593,TRACKING,R+C
1786988231.884,49.4,0.000,0.792,0.879,0.5080,-0.0089,4.44,-0.96137,0.150,0.180,0.000,-0.5062,-0.5252,TRACKING,R+C
1786988231.909,49.4,0.000,0.791,0.886,0.5076,-0.0036,4.04,-0.97742,0.150,0.180,0.000,-0.4103,-0.4393,TRACKING,R+C
1786988231.919,49.4,0.000,0.777,0.890,0.4985,0.0042,4.32,-0.97702,0.150,0.180,0.000,-0.2951,-0.3292,TRACKING,R+C
1786988231.939,49.4,0.859,0.764,0.868,0.4399,0.0105,4.33,-0.97811,0.150,0.700,0.000,-0.1866,-0.2206,TRACKING,L+C+R_fused
1786988231.959,49.4,0.946,0.776,0.885,0.4498,0.0149,3.85,-1.03539,0.150,0.700,0.000,-0.0994,-0.0947,TRACKING,L+C+R_fused
1786988231.969,49.4,0.946,0.779,0.880,0.4448,0.0180,4.75,-0.94612,0.150,0.700,0.000,-0.0691,-0.0597,TRACKING,L+C+R_fused
1786988231.992,49.4,0.787,0.776,0.896,0.4898,0.0180,4.84,-0.94682,0.150,0.700,0.000,-0.0733,-0.0569,TRACKING,L+C+R_fused
1786988232.012,49.4,0.657,0.774,0.888,0.4442,0.0186,4.29,-1.01926,0.150,0.700,0.000,-0.0509,-0.0441,TRACKING,L+C+R_fused
1786988232.022,49.4,0.691,0.775,0.897,0.4835,0.0205,3.52,-1.08855,0.150,0.700,0.000,0.0057,-0.0106,TRACKING,L+C+R_fused
1786988232.044,49.4,0.784,0.739,0.901,0.4392,0.0280,5.22,-0.94310,0.150,0.700,0.000,0.0887,0.0415,TRACKING,L+C+R_fused
1786988232.065,49.4,0.805,0.762,0.902,0.4425,0.0342,3.88,-1.09381,0.150,0.700,0.000,0.2295,0.1284,TRACKING,L+C+R_fused
1786988232.085,49.4,0.720,0.705,0.897,0.4476,0.0429,6.89,-0.81099,0.150,0.700,0.000,0.2953,0.1791,TRACKING,L+C+R_fused
1786988232.109,49.4,0.720,0.705,0.897,0.4476,0.0343,5.51,-0.64879,0.150,0.700,0.000,0.2953,0.1864,TRACKING,prediction
1786988232.129,49.4,0.783,0.754,0.900,0.4544,0.0468,5.73,-0.98034,0.150,0.700,0.000,0.3790,0.2343,TRACKING,L+C+R_fused
1786988232.151,49.4,0.875,0.724,0.899,0.4508,0.0449,5.51,-1.06511,0.150,0.700,0.000,0.3432,0.2207,TRACKING,L+C+R_fused
1786988232.170,56.4,0.715,0.754,0.870,0.4424,0.0373,2.14,-1.41027,0.150,0.700,0.000,0.3005,0.1937,TRACKING,L+C+R_fused
1786988232.190,56.4,0.000,0.756,0.877,0.4825,0.0373,4.28,-1.28182,0.150,0.700,0.000,0.2310,0.1505,TRACKING,R+C
1786988232.201,56.4,0.000,0.761,0.871,0.4847,0.0351,5.49,-1.20453,0.150,0.700,0.000,0.1515,0.0991,TRACKING,R+C
1786988232.224,56.4,0.000,0.761,0.875,0.4900,0.0321,6.26,-1.15726,0.150,0.700,0.000,0.0726,0.0469,TRACKING,R+C
1786988232.245,56.4,0.000,0.762,0.865,0.4978,0.0276,6.19,-1.21300,0.150,0.700,0.000,-0.0145,-0.0104,TRACKING,R+C
1786988232.266,56.4,0.000,0.757,0.856,0.5063,0.0229,5.96,-1.28089,0.150,0.700,0.000,-0.0998,-0.0667,TRACKING,R+C
1786988232.276,56.4,0.000,0.754,0.849,0.5187,0.0172,5.26,-1.39326,0.150,0.700,0.000,-0.1885,-0.1248,TRACKING,R+C
1786988232.286,56.4,0.000,0.765,0.848,0.5216,0.0124,5.25,-1.41304,0.150,0.700,0.000,-0.2740,-0.1809,TRACKING,R+C
1786988232.307,56.4,0.000,0.765,0.848,0.5216,0.0099,4.20,-1.13043,0.150,0.700,0.000,-0.2740,-0.1891,TRACKING,prediction
1786988232.317,56.4,0.000,0.757,0.825,0.5330,0.0101,6.53,-1.37183,0.150,0.700,0.000,-0.3607,-0.2387,TRACKING,R+C
1786988232.338,56.4,0.000,0.757,0.825,0.5330,0.0081,5.23,-1.09747,0.150,0.700,0.000,-0.3607,-0.2460,TRACKING,prediction
1786988232.360,56.4,0.000,0.757,0.825,0.5330,0.0065,4.18,-0.87797,0.150,0.180,0.000,-0.3607,-0.2471,TRACKING,prediction
1786988232.382,56.4,0.000,0.757,0.825,0.5330,0.0052,3.35,-0.70238,0.150,0.180,0.000,-0.3607,-0.3609,TRACKING,prediction
1786988232.402,56.4,0.000,0.757,0.825,0.5330,0.0041,2.68,-0.56190,0.150,0.700,0.000,-0.3607,-0.3766,TRACKING,prediction
1786988232.414,56.4,0.000,0.750,0.822,0.5293,0.0173,7.48,-1.40050,0.150,0.180,0.000,-0.2879,-0.2256,TRACKING,R+C
1786988232.430,56.4,0.000,0.740,0.824,0.5437,0.0134,7.82,-1.41366,0.150,0.180,0.000,-0.3709,-0.3673,TRACKING,R+C
1786988232.441,56.4,0.000,0.730,0.818,0.5586,0.0089,9.50,-1.26726,0.150,0.180,0.000,-0.4878,-0.4846,TRACKING,R+C
1786988232.473,56.4,0.000,0.730,0.818,0.5586,0.0071,7.60,-1.01381,0.150,0.180,0.000,-0.4878,-0.5020,TRACKING,prediction
1786988232.485,56.4,0.000,0.730,0.818,0.5586,0.0057,6.08,-0.81105,0.150,0.180,0.000,-0.4878,-0.5046,TRACKING,prediction
1786988232.501,56.4,0.000,0.744,0.804,0.5783,-0.0019,8.89,-1.47163,0.150,0.180,0.000,-0.6492,-0.6400,TRACKING,R+C
1786988232.518,56.4,0.000,0.741,0.803,0.5758,0.0024,9.63,-1.44304,0.150,0.180,0.000,-0.6150,-0.6316,TRACKING,R+C
1786988232.535,56.4,0.000,0.732,0.802,0.5745,0.0054,8.86,-1.57473,0.150,0.180,0.000,-0.5623,-0.5871,TRACKING,R+C
1786988232.548,56.4,0.000,0.693,0.807,0.5715,0.0133,14.35,-0.94906,0.150,0.180,0.000,-0.5690,-0.5848,TRACKING,R+C
1786988232.558,56.4,0.000,0.688,0.806,0.5723,0.0173,16.69,-0.73178,0.150,0.180,0.000,-0.5704,-0.5855,TRACKING,R+C
1786988232.583,56.4,0.000,0.732,0.814,0.5699,0.0088,9.30,-1.66025,0.150,0.700,0.000,-0.5444,-0.5662,TRACKING,R+C
1786988232.610,56.4,0.000,0.732,0.814,0.5699,0.0070,7.44,-1.32820,0.150,0.180,0.000,-0.5444,-0.3971,TRACKING,prediction
1786988232.630,56.4,0.000,0.683,0.815,0.5801,0.0143,20.13,-0.49508,0.150,0.180,0.000,-0.7043,-0.6698,TRACKING,R+C
1786988232.641,56.4,0.000,0.678,0.814,0.5854,0.0183,23.38,-0.18850,0.181,0.180,0.000,-0.5319,-0.5680,TRACKING,R+C
1786988232.651,56.4,0.000,0.677,0.812,0.5878,0.0213,24.28,-0.13800,0.186,0.180,0.000,-0.7063,-0.6952,TRACKING,R+C
1786988232.671,56.4,0.000,0.680,0.818,0.5871,0.0195,21.85,-0.42854,0.157,0.180,0.000,-0.6455,-0.6651,TRACKING,R+C
1786988232.693,56.4,0.000,0.684,0.813,0.5945,0.0155,18.90,-0.80639,0.150,0.180,0.000,-0.6946,-0.7013,TRACKING,R+C
1786988232.704,56.4,0.000,0.684,0.813,0.5945,0.0124,15.12,-0.64511,0.150,0.180,0.000,-0.6946,-0.7066,TRACKING,prediction
1786988232.723,56.4,0.000,0.684,0.813,0.5945,0.0099,12.10,-0.51609,0.150,0.180,0.000,-0.6946,-0.7074,TRACKING,prediction
1786988232.743,56.4,0.000,0.684,0.813,0.5945,0.0079,9.68,-0.41287,0.150,0.180,0.000,-0.6946,-0.7075,TRACKING,prediction
1786988232.763,56.4,0.000,0.684,0.813,0.5945,0.0064,7.74,-0.33030,0.150,0.180,0.000,-0.6946,-0.7075,TRACKING,prediction
1786988232.783,56.4,0.000,0.684,0.813,0.5945,0.0051,6.19,-0.26424,0.150,0.180,0.000,-0.6946,-0.7075,TRACKING,prediction
1786988232.804,56.4,0.000,0.746,0.803,0.6609,-0.0268,20.68,-0.77465,0.150,0.180,0.000,-1.0000,-0.9571,TRACKING,R+C
1786988232.823,56.4,0.000,0.746,0.803,0.6609,-0.0214,16.54,-0.61972,0.150,0.180,0.000,-1.0000,-0.9936,TRACKING,prediction
1786988232.844,56.4,0.000,0.746,0.803,0.6609,-0.0172,13.24,-0.49577,0.150,0.180,0.000,-1.0000,-0.9990,TRACKING,prediction
1786988232.867,56.4,0.000,0.746,0.803,0.6609,-0.0137,10.59,-0.39662,0.150,0.180,0.000,-1.0000,-0.9999,TRACKING,prediction
1786988232.885,56.4,0.000,0.746,0.803,0.6609,-0.0110,8.47,-0.31730,0.150,0.180,0.000,-1.0000,-1.0000,TRACKING,prediction
1786988232.903,56.4,0.000,0.746,0.803,0.6609,-0.0088,6.78,-0.25384,0.150,0.180,0.000,-1.0000,-1.0000,TRACKING,prediction
1786988232.925,56.4,0.000,0.746,0.803,0.6609,-0.0070,5.42,-0.20307,0.150,0.180,0.000,-1.0000,-1.0000,TRACKING,prediction
1786988232.946,56.4,0.000,0.746,0.803,0.6609,-0.0056,4.34,-0.16246,0.150,0.180,0.000,-1.0000,-1.0000,TRACKING,prediction
1786988232.966,56.4,0.000,0.746,0.803,0.6609,-0.0045,3.47,-0.12996,0.150,0.180,0.000,-1.0000,-1.0000,TRACKING,prediction
1786988232.986,56.4,0.000,0.746,0.803,0.6609,-0.0036,2.78,-0.10397,0.150,0.683,0.000,-1.0000,-1.0000,TRACKING,prediction
1786988233.007,56.4,0.000,0.746,0.803,0.6609,-0.0029,2.22,-0.08318,0.150,0.180,0.000,-1.0000,-0.7228,TRACKING,prediction
1786988233.022,56.4,0.000,0.746,0.803,0.6609,-0.0023,1.78,-0.06654,0.150,0.180,0.000,-1.0000,-0.9595,TRACKING,prediction
1786988233.035,56.4,0.000,0.746,0.803,0.6609,-0.0018,1.42,-0.05323,0.150,0.180,0.000,-1.0000,-0.9939,TRACKING,prediction
1786988233.049,56.4,0.000,0.746,0.803,0.6609,-0.0015,1.14,-0.04259,0.150,0.490,0.000,-1.0000,-0.9991,UNCERTAIN,prediction
1786988233.061,56.4,0.000,0.746,0.803,0.6609,-0.0012,0.91,-0.03407,0.150,0.490,0.000,-1.0000,-0.8308,UNCERTAIN,prediction
1786988233.079,56.4,0.000,0.746,0.803,0.6609,-0.0009,0.73,-0.02726,0.150,0.490,0.000,-1.0000,-0.8056,UNCERTAIN,prediction
1786988233.099,56.4,0.000,0.746,0.803,0.6609,-0.0008,0.58,-0.02180,0.150,0.477,0.000,-1.0000,-0.8018,UNCERTAIN,prediction
1786988233.120,56.4,0.000,0.746,0.803,0.6609,-0.0006,0.47,-0.01744,0.150,0.453,0.000,-1.0000,-0.8084,UNCERTAIN,prediction
1786988233.140,56.4,0.000,0.746,0.803,0.6609,-0.0005,0.37,-0.01395,0.150,0.431,0.000,-1.0000,-0.8226,UNCERTAIN,prediction
1786988233.161,56.4,0.000,0.746,0.803,0.6609,-0.0004,0.30,-0.01116,0.150,0.409,0.000,-1.0000,-0.8372,UNCERTAIN,prediction
1786988233.182,55.4,0.000,0.746,0.803,0.6609,-0.0003,0.24,-0.00893,0.150,0.389,0.000,-1.0000,-0.8513,UNCERTAIN,prediction
1786988233.202,55.4,0.000,0.746,0.803,0.6609,-0.0002,0.19,-0.00714,0.150,0.369,0.000,-1.0000,-0.8646,UNCERTAIN,prediction
1786988233.223,55.4,0.000,0.746,0.803,0.6609,-0.0002,0.15,-0.00572,0.150,0.351,0.000,-1.0000,-0.8772,UNCERTAIN,prediction
1786988233.233,55.4,0.000,0.811,0.799,0.6096,-0.0988,10.03,0.01057,0.199,0.700,0.000,-1.0000,-0.8887,TRACKING,R+C
1786988233.252,55.4,0.000,0.790,0.806,0.5986,-0.0968,7.95,-0.13244,0.187,0.700,0.000,-1.0000,-0.6950,TRACKING,R+C
1786988233.260,55.4,0.000,0.772,0.813,0.5941,-0.0938,7.06,-0.17157,0.183,0.700,0.000,-1.0000,-0.6658,TRACKING,R+C
1786988233.279,55.4,0.000,0.772,0.813,0.5941,-0.0750,5.65,-0.13726,0.183,0.700,0.000,-1.0000,-0.6615,TRACKING,prediction
1786988233.301,55.4,0.000,0.772,0.813,0.5941,-0.0600,4.52,-0.10980,0.183,0.700,0.000,-1.0000,-0.6608,TRACKING,prediction
1786988233.324,55.4,0.000,0.772,0.813,0.5941,-0.0480,3.62,-0.08784,0.183,0.180,0.000,-1.0000,-0.6607,TRACKING,prediction
1786988233.332,55.4,0.000,0.787,0.835,0.5624,-0.0738,4.64,-0.19017,0.181,0.180,0.000,-0.9216,-0.8858,TRACKING,R+C
1786988233.343,55.4,0.000,0.795,0.841,0.5568,-0.0666,4.89,-0.11811,0.188,0.180,0.000,-0.8202,-0.8357,TRACKING,R+C
1786988233.374,55.4,0.377,0.774,0.849,0.4691,-0.0609,2.84,-0.29459,0.171,0.180,0.000,-0.8692,-0.8679,TRACKING,L+C+R_fused
1786988233.395,55.4,0.946,0.777,0.851,0.5108,-0.0540,2.22,-0.31155,0.169,0.180,0.000,-0.8077,-0.8217,TRACKING,L+C+R_fused
1786988233.416,55.4,0.949,0.771,0.861,0.5211,-0.0491,0.26,-0.44635,0.155,0.180,0.000,-0.7806,-0.7918,TRACKING,L+C+R_fused
1786988233.437,55.4,0.946,0.772,0.858,0.5057,-0.0416,0.74,-0.40910,0.159,0.180,0.000,-0.6790,-0.7026,TRACKING,L+C+R_fused
1786988233.457,55.4,0.949,0.752,0.863,0.4991,-0.0398,-1.55,-0.62050,0.150,0.180,0.000,-0.6770,-0.6872,TRACKING,L+C+R_fused
1786988233.478,55.4,0.947,0.706,0.863,0.5050,-0.0411,-5.49,-1.02215,0.150,0.180,0.000,-0.6187,-0.6367,TRACKING,L+C+R_fused
1786988233.499,55.4,0.954,0.733,0.877,0.5030,-0.0401,-4.27,-0.90459,0.150,0.180,0.000,-0.6299,-0.6383,TRACKING,L+C+R_fused
1786988233.531,55.4,0.949,0.755,0.878,0.4832,-0.0404,-4.59,-0.92175,0.150,0.180,0.000,-0.6264,-0.6356,TRACKING,L+C+R_fused
1786988233.544,55.4,0.959,0.748,0.875,0.4788,-0.0395,-5.54,-1.03553,0.150,0.180,0.000,-0.5978,-0.6113,TRACKING,L+C+R_fused
1786988233.560,55.4,0.957,0.732,0.884,0.4786,-0.0355,-7.11,-1.22972,0.150,0.180,0.000,-0.5137,-0.5374,TRACKING,L+C+R_fused
1786988233.583,55.4,0.940,0.704,0.888,0.4902,-0.0287,-9.35,-1.47446,0.150,0.180,0.000,-0.3606,-0.3976,TRACKING,L+C+R_fused
1786988233.603,55.4,0.940,0.716,0.894,0.4923,-0.0212,-10.16,-1.56080,0.150,0.180,0.000,-0.2180,-0.2558,TRACKING,L+C+R_fused
1786988233.624,55.4,0.943,0.728,0.900,0.4941,-0.0142,-10.61,-1.61628,0.150,0.180,0.000,-0.0871,-0.1231,TRACKING,L+C+R_fused
1786988233.643,55.4,0.941,0.751,0.897,0.4939,-0.0112,-11.45,-1.68998,0.150,0.180,0.000,-0.0118,-0.0392,TRACKING,L+C+R_fused
1786988233.659,55.4,0.953,0.756,0.903,0.4989,-0.0062,-10.49,-1.69110,0.150,0.180,0.000,0.0362,0.0145,TRACKING,L+C+R_fused
1786988233.674,55.4,0.944,0.765,0.902,0.4911,-0.0021,-10.99,-1.79730,0.150,0.180,0.000,0.1092,0.0852,TRACKING,L+C+R_fused
1786988233.694,55.4,0.943,0.765,0.905,0.5046,0.0045,-10.90,-1.86574,0.150,0.180,0.000,0.2082,0.1813,TRACKING,L+C+R_fused
1786988233.705,55.4,0.944,0.764,0.904,0.4997,0.0125,-11.28,-1.95603,0.150,0.180,0.000,0.3413,0.3109,TRACKING,L+C+R_fused
1786988233.725,55.4,0.935,0.771,0.914,0.4980,0.0229,-10.28,-1.95702,0.150,0.180,0.000,0.4696,0.4418,TRACKING,L+C+R_fused
1786988233.746,55.4,0.935,0.785,0.916,0.4985,0.0318,-9.75,-1.98377,0.150,0.180,0.000,0.5778,0.5554,TRACKING,L+C+R_fused
1786988233.767,55.4,0.940,0.775,0.914,0.5001,0.0467,-5.62,-1.84694,0.150,0.180,0.000,0.6657,0.6488,TRACKING,L+C+R_fused
1786988233.788,55.4,0.937,0.782,0.915,0.4993,0.0542,-2.97,-1.72412,0.150,0.180,0.000,0.6958,0.6888,TRACKING,L+C+R_fused
1786988233.808,55.4,0.943,0.778,0.919,0.5011,0.0543,-3.15,-1.80880,0.150,0.180,0.000,0.6908,0.6895,TRACKING,L+C+R_fused
1786988233.829,55.4,0.939,0.777,0.919,0.5043,0.0540,-2.50,-1.82907,0.150,0.180,0.000,0.6631,0.6647,TRACKING,L+C+R_fused
1786988233.850,55.4,0.932,0.778,0.921,0.4934,0.0543,-1.18,-1.79543,0.150,0.180,0.000,0.6275,0.6294,TRACKING,L+C+R_fused
1786988233.860,55.4,0.000,0.782,0.906,0.4598,0.0564,0.06,-1.76086,0.150,0.180,0.000,0.6187,0.6161,TRACKING,R+C
1786988233.889,55.4,0.000,0.780,0.907,0.4681,0.0602,2.23,-1.64287,0.150,0.180,0.000,0.6130,0.6090,TRACKING,R+C
1786988233.906,55.4,0.000,0.785,0.906,0.4705,0.0609,2.11,-1.69550,0.150,0.180,0.000,0.6196,0.6133,TRACKING,R+C
1786988233.925,55.4,0.000,0.783,0.910,0.4747,0.0621,2.63,-1.69671,0.150,0.180,0.000,0.6176,0.6118,TRACKING,R+C
1786988233.949,55.4,0.000,0.777,0.882,0.4818,0.0616,3.44,-1.70205,0.150,0.180,0.000,0.5801,0.5780,TRACKING,R+C
1786988233.974,55.4,0.000,0.774,0.891,0.4895,0.0598,4.73,-1.64313,0.150,0.180,0.000,0.5149,0.5157,TRACKING,R+C
1786988233.989,55.4,0.000,0.768,0.900,0.4958,0.0591,7.11,-1.48635,0.150,0.180,0.000,0.4321,0.4340,TRACKING,R+C
1786988234.019,55.4,0.000,0.765,0.893,0.5193,0.0565,9.23,-1.35738,0.150,0.180,0.000,0.3204,0.3242,TRACKING,R+C
1786988234.038,55.4,0.000,0.763,0.884,0.5253,0.0523,10.87,-1.24782,0.150,0.180,0.000,0.1945,0.1980,TRACKING,R+C
1786988234.058,55.4,0.000,0.756,0.884,0.5318,0.0478,12.59,-1.11760,0.150,0.180,0.000,0.0565,0.0591,TRACKING,R+C
1786988234.069,55.4,0.000,0.750,0.887,0.5396,0.0406,11.83,-1.28388,0.150,0.180,0.000,-0.0669,-0.0692,TRACKING,R+C
1786988234.089,55.4,0.000,0.749,0.885,0.5612,0.0336,11.58,-1.37737,0.150,0.180,0.000,-0.1962,-0.1978,TRACKING,R+C
1786988234.100,55.4,0.000,0.752,0.878,0.5718,0.0286,13.34,-1.21975,0.150,0.700,0.000,-0.3342,-0.3325,TRACKING,R+C
1786988234.121,55.4,0.000,0.752,0.871,0.5845,0.0222,14.41,-1.13354,0.150,0.700,0.000,-0.4695,-0.3202,TRACKING,R+C
1786988234.152,55.4,0.000,0.752,0.871,0.5845,0.0178,11.53,-0.90684,0.150,0.700,0.000,-0.4695,-0.3196,TRACKING,prediction
1786988234.173,55.4,0.000,0.752,0.871,0.5845,0.0142,9.22,-0.72547,0.150,0.700,0.000,-0.4695,-0.3195,TRACKING,prediction
1786988234.183,51.9,0.000,0.759,0.841,0.6211,-0.0061,12.98,-1.30859,0.150,0.700,0.000,-0.8182,-0.5115,TRACKING,R+C
1786988234.207,51.9,0.000,0.759,0.841,0.6211,-0.0049,10.39,-1.04687,0.150,0.700,0.000,-0.8182,-0.5396,TRACKING,prediction
1786988234.229,51.9,0.000,0.759,0.841,0.6211,-0.0039,8.31,-0.83750,0.150,0.180,0.000,-0.8182,-0.5438,TRACKING,prediction
1786988234.250,51.9,0.000,0.759,0.841,0.6211,-0.0031,6.65,-0.67000,0.150,0.180,0.000,-0.8182,-0.7857,TRACKING,prediction
1786988234.260,51.9,0.000,0.769,0.847,0.6259,-0.0123,16.56,-0.88869,0.150,0.180,0.000,-0.9380,-0.9179,TRACKING,R+C
1786988234.281,51.9,0.000,0.772,0.850,0.6324,-0.0149,16.04,-0.93638,0.150,0.180,0.000,-0.9538,-0.9505,TRACKING,R+C
1786988234.302,51.9,0.000,0.772,0.850,0.6324,-0.0119,12.83,-0.74911,0.150,0.180,0.000,-0.9538,-0.9553,TRACKING,prediction
1786988234.322,51.9,0.000,0.772,0.850,0.6324,-0.0095,10.26,-0.59929,0.150,0.700,0.000,-0.9538,-0.9561,TRACKING,prediction
1786988234.335,51.9,0.000,0.774,0.836,0.6545,-0.0399,17.04,-0.77768,0.150,0.700,0.000,-1.0000,-0.7061,TRACKING,R+C
1786988234.355,51.9,0.000,0.776,0.835,0.6642,-0.0501,17.33,-0.72076,0.150,0.180,0.000,-1.0000,-0.6695,TRACKING,R+C
1786988234.388,51.9,0.000,0.776,0.835,0.6642,-0.0401,13.87,-0.57661,0.150,0.180,0.000,-1.0000,-0.9518,TRACKING,prediction
1786988234.408,51.9,0.000,0.776,0.835,0.6642,-0.0321,11.09,-0.46128,0.150,0.180,0.000,-1.0000,-0.9928,TRACKING,prediction
1786988234.427,51.9,0.000,0.776,0.835,0.6642,-0.0257,8.87,-0.36903,0.150,0.700,0.000,-1.0000,-0.9989,TRACKING,prediction
1786988234.450,51.9,0.000,0.776,0.835,0.6642,-0.0205,7.10,-0.29522,0.150,0.700,0.000,-1.0000,-0.7133,TRACKING,prediction
1786988234.469,51.9,0.000,0.776,0.835,0.6642,-0.0164,5.68,-0.23618,0.150,0.700,0.000,-1.0000,-0.6704,TRACKING,prediction
1786988234.492,51.9,0.000,0.776,0.835,0.6642,-0.0131,4.54,-0.18894,0.150,0.700,0.000,-1.0000,-0.6640,TRACKING,prediction
1786988234.502,51.9,0.000,0.861,0.781,0.6957,-0.1187,15.47,-0.66141,0.150,0.700,0.000,-1.0000,-0.6677,TRACKING,R+C
1786988234.523,51.9,0.000,0.861,0.781,0.6957,-0.0950,12.37,-0.52913,0.150,0.180,0.000,-1.0000,-0.6675,TRACKING,prediction
1786988234.533,51.9,0.862,0.782,0.000,0.6850,0.2784,26.77,-0.96888,0.150,0.180,0.000,1.0000,0.2342,TRACKING,L+C
1786988234.554,51.9,0.862,0.782,0.000,0.6850,0.2227,21.42,-0.77510,0.150,0.180,0.000,1.0000,0.8851,TRACKING,prediction
1786988234.575,51.9,0.862,0.782,0.000,0.6850,0.1782,17.13,-0.62008,0.150,0.180,0.000,1.0000,0.9828,TRACKING,prediction
1786988234.595,51.9,0.862,0.782,0.000,0.6850,0.1426,13.71,-0.49607,0.150,0.180,0.000,1.0000,0.9974,TRACKING,prediction
1786988234.605,51.9,0.000,0.861,0.799,0.6586,-0.1250,13.88,-0.45371,0.155,0.180,0.000,-1.0000,0.0642,TRACKING,R+C
1786988234.626,51.9,0.000,0.861,0.799,0.6586,-0.1000,11.11,-0.36297,0.155,0.700,0.000,-1.0000,-0.7274,TRACKING,prediction
1786988234.646,51.9,0.000,0.861,0.799,0.6586,-0.0800,8.89,-0.29037,0.155,0.700,0.000,-1.0000,-0.6742,TRACKING,prediction
1786988234.657,51.9,0.000,0.861,0.799,0.6586,-0.0640,7.11,-0.23230,0.155,0.700,0.000,-1.0000,-0.6678,TRACKING,prediction
1786988234.677,51.9,0.000,0.861,0.799,0.6586,-0.0512,5.69,-0.18584,0.155,0.700,0.000,-1.0000,-0.6669,TRACKING,prediction
1786988234.697,51.9,0.000,0.861,0.799,0.6586,-0.0409,4.55,-0.14867,0.155,0.700,0.000,-1.0000,-0.6667,TRACKING,prediction
1786988234.720,51.9,0.000,0.861,0.799,0.6586,-0.0328,3.64,-0.11894,0.155,0.700,0.000,-1.0000,-0.6667,TRACKING,prediction
1786988234.731,51.9,0.000,0.884,0.810,0.6210,-0.1206,10.88,-0.42971,0.157,0.700,0.000,-1.0000,-0.6651,TRACKING,R+C
1786988234.762,51.9,0.000,0.884,0.810,0.6210,-0.0965,8.70,-0.34377,0.157,0.700,0.000,-1.0000,-0.6651,TRACKING,prediction
1786988234.773,51.9,0.000,0.891,0.825,0.6107,-0.1158,10.18,-0.42297,0.158,0.700,0.000,-1.0000,-0.6644,TRACKING,R+C
1786988234.794,51.9,0.000,0.893,0.826,0.6048,-0.1121,10.42,-0.37332,0.163,0.700,0.000,-1.0000,-0.6641,TRACKING,R+C
1786988234.803,51.9,0.000,0.888,0.829,0.6004,-0.1100,8.78,-0.51319,0.150,0.700,0.000,-1.0000,-0.6637,TRACKING,R+C
1786988234.833,51.9,0.000,0.879,0.830,0.5947,-0.1062,9.25,-0.42018,0.158,0.700,0.000,-1.0000,-0.6633,TRACKING,R+C
1786988234.853,51.9,0.000,0.879,0.830,0.5947,-0.0849,7.40,-0.33614,0.158,0.700,0.000,-1.0000,-0.6633,TRACKING,prediction
1786988234.864,51.9,0.000,0.873,0.843,0.5850,-0.1004,7.96,-0.48266,0.152,0.700,0.000,-1.0000,-0.6626,TRACKING,R+C
1786988234.894,51.9,0.000,0.873,0.843,0.5850,-0.0803,6.37,-0.38613,0.152,0.700,0.000,-1.0000,-0.6626,TRACKING,prediction
1786988234.905,51.9,0.000,0.873,0.843,0.5850,-0.0643,5.10,-0.30890,0.152,0.700,0.000,-1.0000,-0.6626,TRACKING,prediction
1786988234.926,51.9,0.000,0.873,0.843,0.5850,-0.0514,4.08,-0.24712,0.152,0.700,0.000,-1.0000,-0.6626,TRACKING,prediction
1786988234.947,51.9,0.000,0.873,0.843,0.5850,-0.0411,3.26,-0.19770,0.152,0.700,0.000,-1.0000,-0.6626,TRACKING,prediction
1786988234.978,51.9,0.000,0.873,0.843,0.5850,-0.0329,2.61,-0.15816,0.152,0.700,0.000,-1.0000,-0.6626,TRACKING,prediction
1786988234.998,51.9,0.000,0.873,0.843,0.5850,-0.0263,2.09,-0.12653,0.152,0.700,0.000,-1.0000,-0.6626,TRACKING,prediction
1786988235.019,51.9,0.000,0.873,0.843,0.5850,-0.0211,1.67,-0.10122,0.152,0.700,0.000,-1.0000,-0.6626,TRACKING,prediction
1786988235.041,51.9,0.000,0.873,0.843,0.5850,-0.0168,1.34,-0.08098,0.152,0.700,0.000,-1.0000,-0.6626,TRACKING,prediction
1786988235.060,51.9,0.000,0.902,0.840,0.5821,-0.1323,5.47,-0.63875,0.150,0.700,0.000,-1.0000,-0.6648,TRACKING,R+C
1786988235.081,51.9,0.000,0.902,0.840,0.5821,-0.1058,4.37,-0.51100,0.150,0.700,0.000,-1.0000,-0.6648,TRACKING,prediction
1786988235.102,51.9,0.000,0.902,0.840,0.5821,-0.0847,3.50,-0.40880,0.150,0.700,0.000,-1.0000,-0.6648,TRACKING,prediction
1786988235.113,51.9,0.000,0.902,0.840,0.5821,-0.0677,2.80,-0.32704,0.150,0.700,0.000,-1.0000,-0.6648,TRACKING,prediction
1786988235.133,51.9,0.000,0.902,0.840,0.5821,-0.0542,2.24,-0.26163,0.150,0.700,0.000,-1.0000,-0.6648,TRACKING,prediction
1786988235.144,51.9,0.923,0.822,0.000,0.5772,0.2066,23.42,-0.69437,0.150,0.700,0.000,1.0000,-0.2091,TRACKING,L+C
1786988235.165,51.9,0.910,0.823,0.000,0.5716,0.2064,23.89,-0.61280,0.150,0.700,0.000,1.0000,0.2129,TRACKING,L+C
1786988235.186,51.8,0.000,0.913,0.823,0.5655,-0.1506,5.36,-0.40876,0.159,0.180,0.000,-1.0000,-0.2594,TRACKING,R+C
1786988235.198,51.8,0.000,0.907,0.830,0.5634,-0.1476,5.42,-0.39249,0.161,0.180,0.000,-1.0000,-0.8926,TRACKING,R+C
1786988235.205,51.8,0.000,0.907,0.830,0.5634,-0.1181,4.33,-0.31399,0.161,0.180,0.000,-1.0000,-0.9839,TRACKING,prediction
1786988235.226,51.8,0.000,0.905,0.837,0.5550,-0.1419,3.41,-0.54901,0.150,0.180,0.000,-1.0000,-0.9976,TRACKING,R+C
1786988235.246,51.8,0.000,0.891,0.840,0.5515,-0.1400,1.47,-0.70961,0.150,0.180,0.000,-1.0000,-0.9996,TRACKING,R+C
1786988235.257,51.8,0.000,0.884,0.842,0.5480,-0.1344,2.49,-0.58552,0.150,0.180,0.000,-1.0000,-0.9999,TRACKING,R+C
1786988235.267,51.8,0.000,0.846,0.850,0.5434,-0.1315,-0.23,-0.84802,0.150,0.180,0.000,-1.0000,-1.0000,TRACKING,R+C
1786988235.287,51.8,0.000,0.851,0.860,0.5398,-0.1255,0.13,-0.76832,0.150,0.180,0.000,-1.0000,-1.0000,TRACKING,R+C
1786988235.308,51.8,0.000,0.829,0.864,0.5368,-0.1209,-1.08,-0.86453,0.150,0.180,0.000,-1.0000,-1.0000,TRACKING,R+C
1786988235.329,51.8,0.000,0.824,0.868,0.5351,-0.1153,-1.59,-0.87538,0.150,0.180,0.000,-1.0000,-1.0000,TRACKING,R+C
1786988235.339,51.8,0.000,0.830,0.873,0.5366,-0.1117,-1.74,-0.86842,0.150,0.180,0.000,-1.0000,-1.0000,TRACKING,R+C
1786988235.359,51.8,0.000,0.826,0.876,0.5370,-0.1102,-2.40,-0.90592,0.150,0.180,0.000,-1.0000,-1.0000,TRACKING,R+C
1786988235.369,51.8,0.000,0.835,0.875,0.5337,-0.1127,-3.76,-0.98393,0.150,0.180,0.000,-1.0000,-1.0000,TRACKING,R+C
1786988235.390,51.8,0.000,0.831,0.875,0.5365,-0.1125,-1.45,-0.82472,0.150,0.180,0.000,-1.0000,-1.0000,TRACKING,R+C
1786988235.411,51.8,0.000,0.847,0.874,0.5387,-0.1162,-0.60,-0.75632,0.150,0.180,0.000,-1.0000,-1.0000,TRACKING,R+C
1786988235.422,51.8,0.000,0.847,0.870,0.5377,-0.1218,-1.23,-0.81806,0.150,0.180,0.000,-1.0000,-1.0000,TRACKING,R+C
1786988235.441,51.8,0.000,0.886,0.870,0.5408,-0.1247,0.93,-0.61122,0.150,0.180,0.000,-1.0000,-1.0000,TRACKING,R+C
1786988235.443,51.8,0.000,0.892,0.871,0.5414,-0.1277,0.88,-0.61829,0.150,0.180,0.000,-1.0000,-1.0000,TRACKING,R+C
1786988235.473,51.8,0.000,0.883,0.875,0.5409,-0.1303,0.15,-0.68109,0.150,0.180,0.000,-1.0000,-1.0000,TRACKING,R+C
1786988235.484,51.8,0.000,0.877,0.870,0.5363,-0.1322,-1.70,-0.83180,0.150,0.180,0.000,-1.0000,-1.0000,TRACKING,R+C
1786988235.511,51.8,0.000,0.849,0.882,0.5309,-0.1302,-3.16,-0.95695,0.150,0.180,0.000,-1.0000,-1.0000,TRACKING,R+C
1786988235.531,51.8,0.000,0.877,0.878,0.5299,-0.1220,-0.59,-0.72271,0.150,0.700,0.000,-1.0000,-1.0000,TRACKING,R+C
1786988235.541,51.8,0.000,0.905,0.881,0.5282,-0.1176,0.38,-0.60122,0.150,0.180,0.000,-1.0000,-0.7124,TRACKING,R+C
1786988235.562,51.8,0.000,0.903,0.885,0.5289,-0.1162,0.62,-0.57698,0.150,0.700,0.000,-1.0000,-0.9579,TRACKING,R+C
1786988235.572,51.8,0.000,0.903,0.884,0.5283,-0.1172,0.87,-0.57846,0.150,0.180,0.000,-1.0000,-0.7060,TRACKING,R+C
1786988235.593,51.8,0.000,0.899,0.885,0.5265,-0.1194,0.62,-0.60954,0.150,0.700,0.000,-1.0000,-0.9571,TRACKING,R+C
1786988235.614,51.8,0.000,0.897,0.884,0.5243,-0.1212,0.02,-0.65734,0.150,0.180,0.000,-1.0000,-0.7061,TRACKING,R+C
1786988235.624,51.8,0.000,0.907,0.887,0.5226,-0.1204,0.38,-0.60510,0.150,0.180,0.000,-1.0000,-0.9571,TRACKING,R+C
1786988235.634,51.8,0.000,0.909,0.894,0.5229,-0.1168,0.07,-0.60501,0.150,0.700,0.000,-1.0000,-0.9935,TRACKING,R+C
1786988235.648,51.8,0.000,0.837,0.897,0.5217,-0.1143,-3.58,-0.97774,0.150,0.180,0.000,-1.0000,-0.7111,TRACKING,R+C
1786988235.659,51.8,0.000,0.846,0.908,0.5229,-0.1087,-2.99,-0.91357,0.150,0.180,0.000,-1.0000,-0.9576,TRACKING,R+C
1786988235.665,51.8,0.000,0.843,0.908,0.5259,-0.1049,-2.84,-0.88143,0.150,0.180,0.000,-1.0000,-0.9936,TRACKING,R+C
1786988235.685,51.8,0.000,0.847,0.914,0.5276,-0.1010,-2.32,-0.81296,0.150,0.700,0.000,-1.0000,-0.9990,TRACKING,R+C
1786988235.696,51.8,0.000,0.856,0.913,0.5284,-0.0964,-1.99,-0.77870,0.150,0.700,0.000,-1.0000,-0.7106,TRACKING,R+C
1786988235.716,51.8,0.000,0.856,0.928,0.5288,-0.0904,-2.08,-0.77792,0.150,0.700,0.000,-1.0000,-0.6668,TRACKING,R+C
1786988235.726,51.8,0.000,0.851,0.924,0.5267,-0.0847,-2.53,-0.78531,0.150,0.700,0.000,-1.0000,-0.6597,TRACKING,R+C
1786988235.737,51.8,0.000,0.855,0.925,0.5268,-0.0777,-2.42,-0.75298,0.150,0.700,0.000,-1.0000,-0.6581,TRACKING,R+C
1786988235.757,51.8,0.000,0.861,0.935,0.5249,-0.0670,-1.24,-0.68443,0.150,0.700,0.000,-0.9878,-0.6506,TRACKING,R+C
1786988235.768,51.8,0.000,0.849,0.940,0.5200,-0.0596,-2.03,-0.76144,0.150,0.700,0.000,-0.9069,-0.6051,TRACKING,R+C
1786988235.778,51.8,0.000,0.857,0.935,0.5115,-0.0520,-1.93,-0.76942,0.150,0.700,0.000,-0.8309,-0.5565,TRACKING,R+C
1786988235.795,51.8,0.000,0.859,0.939,0.5088,-0.0446,-0.78,-0.68756,0.150,0.700,0.000,-0.7702,-0.5156,TRACKING,R+C
1786988235.817,51.8,0.000,0.872,0.937,0.5060,-0.0387,-0.05,-0.64396,0.150,0.700,0.000,-0.7148,-0.4789,TRACKING,R+C
1786988235.828,51.8,0.000,0.869,0.929,0.5020,-0.0346,-0.04,-0.66122,0.150,0.700,0.000,-0.6644,-0.4456,TRACKING,R+C
1786988235.846,51.8,0.000,0.865,0.935,0.4964,-0.0304,-1.13,-0.76630,0.150,0.700,0.000,-0.5850,-0.3968,TRACKING,R+C
1786988235.866,51.8,0.370,0.856,0.930,0.4803,-0.0216,0.20,-0.69928,0.150,0.700,0.000,-0.4946,-0.3394,TRACKING,L+C+R_fused
1786988235.885,51.8,0.604,0.851,0.704,0.5113,-0.0159,0.71,-0.68483,0.150,0.700,0.000,-0.4231,-0.2911,TRACKING,L+C+R_fused
1786988235.907,51.8,0.368,0.852,0.353,0.4029,-0.0134,1.07,-0.66933,0.150,0.700,0.000,-0.3963,-0.2691,TRACKING,L+C+R_fused
1786988235.923,51.8,0.000,0.854,0.347,0.4617,-0.0137,1.80,-0.63263,0.150,0.700,0.000,-0.4237,-0.2811,TRACKING,R+C
1786988235.937,51.8,0.378,0.850,0.357,0.5969,-0.0155,2.23,-0.60335,0.150,0.700,0.000,-0.4635,-0.3050,TRACKING,L+C+R_fused
1786988235.948,51.8,0.000,0.856,0.348,0.4484,-0.0178,3.19,-0.52105,0.150,0.700,0.000,-0.5231,-0.3416,TRACKING,R+C
1786988235.976,51.8,0.000,0.857,0.601,0.4719,-0.0206,3.26,-0.55295,0.150,0.700,0.000,-0.5715,-0.3741,TRACKING,R+C
1786988235.978,51.8,0.000,0.853,0.324,0.4028,-0.0235,3.48,-0.54590,0.150,0.700,0.000,-0.6185,-0.4050,TRACKING,R+C
1786988235.998,51.8,0.000,0.850,0.355,0.5534,-0.0251,4.47,-0.47253,0.153,0.700,0.000,-0.6436,-0.4236,TRACKING,R+C
1786988236.009,51.8,0.000,0.844,0.350,0.5186,-0.0269,4.81,-0.46356,0.154,0.700,0.000,-0.6710,-0.4416,TRACKING,R+C
1786988236.032,51.8,0.000,0.835,0.707,0.5159,-0.0275,3.62,-0.64240,0.150,0.700,0.000,-0.6900,-0.4549,TRACKING,R+C
1786988236.049,51.8,0.000,0.836,0.348,0.4059,-0.0262,3.40,-0.70573,0.150,0.700,0.000,-0.6747,-0.4486,TRACKING,R+C
1786988236.070,51.8,0.000,0.834,0.348,0.5802,-0.0226,2.34,-0.91060,0.150,0.700,0.000,-0.6192,-0.4174,TRACKING,R+C
1786988236.090,51.8,0.000,0.833,0.611,0.5610,-0.0191,1.62,-0.96294,0.150,0.700,0.000,-0.5505,-0.3747,TRACKING,R+C
1786988236.111,51.8,0.000,0.843,0.351,0.5682,-0.0138,1.70,-0.98862,0.150,0.700,0.000,-0.4787,-0.3287,TRACKING,R+C
1786988236.132,51.8,0.000,0.833,0.354,0.4053,-0.0112,2.81,-0.93216,0.150,0.700,0.000,-0.4731,-0.3188,TRACKING,R+C
1786988236.142,51.8,0.000,0.833,0.356,0.5695,-0.0114,3.46,-0.88937,0.150,0.700,0.000,-0.4950,-0.3295,TRACKING,R+C
1786988236.157,51.8,0.000,0.824,0.000,0.5695,-0.0152,2.91,-0.98385,0.150,0.700,0.000,-0.5449,-0.3590,TRACKING,C_only
1786988236.176,51.8,0.000,0.814,0.000,0.5695,-0.0199,2.42,-1.08439,0.150,0.700,0.000,-0.6084,-0.3988,TRACKING,C_only
1786988236.189,62.8,0.000,0.810,0.375,0.4780,-0.0235,3.54,-1.00104,0.150,0.700,0.000,-0.6845,-0.4467,TRACKING,R+C
1786988236.211,62.8,0.000,0.811,0.345,0.4570,-0.0287,3.93,-0.96551,0.150,0.700,0.000,-0.7566,-0.4935,TRACKING,R+C
1786988236.238,62.8,0.000,0.811,0.341,0.5393,-0.0339,3.37,-1.07420,0.150,0.700,0.000,-0.8143,-0.5325,TRACKING,R+C
1786988236.261,62.8,0.000,0.789,0.373,0.5386,-0.0387,2.51,-1.24406,0.150,0.180,0.000,-0.8617,-0.5646,TRACKING,R+C
1786988236.298,62.8,0.799,0.317,0.356,0.4434,0.2764,15.63,-1.00748,0.150,0.180,0.000,1.0000,0.3432,TRACKING,L+C+R_fused
1786988236.327,62.8,0.799,0.317,0.356,0.4434,0.2212,12.51,-0.80599,0.150,0.180,0.000,1.0000,0.9015,TRACKING,prediction
1786988236.348,62.8,0.799,0.317,0.356,0.4434,0.1769,10.01,-0.64479,0.150,0.180,0.000,1.0000,0.9852,TRACKING,prediction
1786988236.368,62.8,0.799,0.317,0.356,0.4434,0.1415,8.00,-0.51583,0.150,0.180,0.000,1.0000,0.9978,TRACKING,prediction
1786988236.394,62.8,0.799,0.317,0.356,0.4434,0.1132,6.40,-0.41267,0.150,0.180,0.000,1.0000,0.9997,TRACKING,prediction
1786988236.421,62.8,0.799,0.317,0.356,0.4434,0.0906,5.12,-0.33013,0.150,0.180,0.000,1.0000,1.0000,UNCERTAIN,prediction
1786988236.442,62.8,0.799,0.317,0.356,0.4434,0.0725,4.10,-0.26411,0.150,0.180,0.000,1.0000,1.0000,UNCERTAIN,prediction
1786988236.463,62.8,0.799,0.317,0.356,0.4434,0.0580,3.28,-0.21128,0.150,0.180,0.000,1.0000,1.0000,UNCERTAIN,prediction
1786988236.480,62.8,0.799,0.317,0.356,0.4434,0.0464,2.62,-0.16903,0.150,0.180,0.000,1.0000,1.0000,UNCERTAIN,prediction
1786988236.503,62.8,0.799,0.317,0.356,0.4434,0.0371,2.10,-0.13522,0.150,0.441,0.000,1.0000,1.0000,UNCERTAIN,prediction
1786988236.520,62.8,0.799,0.317,0.356,0.4434,0.0297,1.68,-0.10818,0.150,0.180,0.000,1.0000,0.8588,UNCERTAIN,prediction
1786988236.543,62.8,0.799,0.317,0.356,0.4434,0.0237,1.34,-0.08654,0.150,0.180,0.000,1.0000,0.9791,UNCERTAIN,prediction
1786988236.561,62.8,0.799,0.317,0.356,0.4434,0.0190,1.07,-0.06923,0.150,0.180,0.000,1.0000,0.9969,UNCERTAIN,prediction
1786988236.587,62.8,0.799,0.317,0.356,0.4434,0.0152,0.86,-0.05539,0.150,0.359,0.000,1.0000,0.9995,UNCERTAIN,prediction
1786988236.608,62.8,0.799,0.317,0.356,0.4434,0.0122,0.69,-0.04431,0.150,0.341,0.000,1.0000,0.9035,UNCERTAIN,prediction
1786988236.634,62.8,0.799,0.317,0.356,0.4434,0.0097,0.55,-0.03545,0.150,0.324,0.000,1.0000,0.8988,UNCERTAIN,prediction
1786988236.656,62.8,0.000,0.795,0.858,0.6150,-0.0843,4.86,-1.68886,0.150,0.700,0.000,-1.0000,0.0987,TRACKING,R+C
1786988236.677,62.8,0.000,0.795,0.858,0.6150,-0.0674,3.89,-1.35109,0.150,0.700,0.000,-1.0000,-0.2942,TRACKING,prediction
1786988236.700,62.8,0.000,0.795,0.858,0.6150,-0.0540,3.11,-1.08087,0.150,0.700,0.000,-1.0000,-0.6085,TRACKING,prediction
1786988236.720,62.8,0.000,0.795,0.858,0.6150,-0.0432,2.49,-0.86470,0.150,0.700,0.000,-1.0000,-0.6557,TRACKING,prediction
1786988236.738,62.8,0.000,0.795,0.858,0.6150,-0.0345,1.99,-0.69176,0.150,0.700,0.000,-1.0000,-0.6627,TRACKING,prediction
1786988236.758,62.8,0.000,0.795,0.858,0.6150,-0.0276,1.59,-0.55341,0.150,0.700,0.000,-1.0000,-0.6638,TRACKING,prediction
1786988236.776,62.8,0.000,0.795,0.858,0.6150,-0.0221,1.27,-0.44273,0.150,0.180,0.000,-1.0000,-0.6640,TRACKING,prediction
1786988236.795,62.8,0.000,0.795,0.858,0.6150,-0.0177,1.02,-0.35418,0.150,0.180,0.000,-1.0000,-0.9512,TRACKING,prediction
1786988236.819,62.8,0.000,0.795,0.858,0.6150,-0.0141,0.81,-0.28334,0.150,0.700,0.000,-1.0000,-0.9927,TRACKING,prediction
1786988236.838,62.8,0.000,0.793,0.838,0.6570,-0.0988,10.96,-1.21711,0.150,0.700,0.000,-1.0000,-0.7149,TRACKING,R+C
1786988236.860,62.8,0.000,0.793,0.838,0.6570,-0.0791,8.77,-0.97368,0.150,0.700,0.000,-1.0000,-0.6733,TRACKING,prediction
1786988236.882,62.8,0.000,0.793,0.838,0.6570,-0.0633,7.01,-0.77895,0.150,0.700,0.000,-1.0000,-0.6671,TRACKING,prediction
1786988236.899,62.8,0.000,0.793,0.838,0.6570,-0.0506,5.61,-0.62316,0.150,0.180,0.000,-1.0000,-0.6661,TRACKING,prediction
1786988236.919,62.8,0.000,0.793,0.838,0.6570,-0.0405,4.49,-0.49853,0.150,0.180,0.000,-1.0000,-0.9517,TRACKING,prediction
1786988236.937,62.8,0.000,0.822,0.709,0.6736,-0.1236,16.18,-0.51560,0.150,0.180,0.000,-1.0000,-0.9928,TRACKING,R+C
1786988236.962,62.8,0.000,0.822,0.709,0.6736,-0.0988,12.95,-0.41248,0.150,0.180,0.000,-1.0000,-0.9989,TRACKING,prediction
1786988236.982,62.8,0.000,0.822,0.709,0.6736,-0.0791,10.36,-0.32998,0.150,0.180,0.000,-1.0000,-0.9998,TRACKING,prediction
1786988237.003,62.8,0.000,0.822,0.709,0.6736,-0.0633,8.29,-0.26398,0.150,0.180,0.000,-1.0000,-1.0000,TRACKING,prediction
1786988237.017,62.8,0.000,0.822,0.709,0.6736,-0.0506,6.63,-0.21119,0.150,0.180,0.000,-1.0000,-1.0000,TRACKING,prediction
1786988237.037,62.8,0.000,0.822,0.709,0.6736,-0.0405,5.30,-0.16895,0.150,0.180,0.000,-1.0000,-1.0000,TRACKING,prediction
1786988237.063,62.8,0.000,0.822,0.709,0.6736,-0.0324,4.24,-0.13516,0.150,0.180,0.000,-1.0000,-1.0000,TRACKING,prediction
1786988237.084,62.8,0.000,0.822,0.709,0.6736,-0.0259,3.39,-0.10813,0.150,0.180,0.000,-1.0000,-1.0000,TRACKING,prediction
1786988237.103,62.8,0.000,0.822,0.709,0.6736,-0.0207,2.72,-0.08650,0.150,0.180,0.000,-1.0000,-1.0000,TRACKING,prediction
1786988237.132,62.8,0.000,0.822,0.709,0.6736,-0.0166,2.17,-0.06920,0.150,0.180,0.000,-1.0000,-1.0000,TRACKING,prediction
1786988237.153,62.8,0.000,0.822,0.709,0.6736,-0.0133,1.74,-0.05536,0.150,0.180,0.000,-1.0000,-1.0000,TRACKING,prediction
1786988237.162,62.8,0.000,0.822,0.709,0.6736,-0.0106,1.39,-0.04429,0.150,0.180,0.000,-1.0000,-1.0000,TRACKING,prediction
1786988237.178,62.8,0.000,0.822,0.709,0.6736,-0.0085,1.11,-0.03543,0.150,0.180,0.000,-1.0000,-1.0000,TRACKING,prediction
1786988237.234,45.0,0.000,0.822,0.709,0.6736,-0.0068,0.89,-0.02835,0.150,0.180,0.000,-1.0000,-1.0000,UNCERTAIN,prediction
1786988237.242,45.0,0.000,0.822,0.709,0.6736,-0.0054,0.71,-0.02268,0.150,0.180,0.000,-1.0000,-1.0000,UNCERTAIN,prediction
1786988237.276,45.0,0.000,0.822,0.709,0.6736,-0.0043,0.57,-0.01814,0.150,0.180,0.000,-1.0000,-1.0000,UNCERTAIN,prediction
1786988237.299,45.0,0.000,0.822,0.709,0.6736,-0.0035,0.46,-0.01451,0.150,0.180,0.000,-1.0000,-1.0000,UNCERTAIN,prediction
1786988237.326,45.0,0.000,0.822,0.709,0.6736,-0.0028,0.36,-0.01161,0.150,0.180,0.000,-1.0000,-1.0000,UNCERTAIN,prediction
1786988237.349,45.0,0.000,0.822,0.709,0.6736,-0.0022,0.29,-0.00929,0.150,0.180,0.000,-1.0000,-1.0000,UNCERTAIN,prediction
1786988237.364,45.0,0.000,0.822,0.709,0.6736,-0.0018,0.23,-0.00743,0.150,0.180,0.000,-1.0000,-1.0000,UNCERTAIN,prediction
1786988237.397,45.0,0.764,0.653,0.000,0.6679,0.1718,-0.40,-1.74061,0.150,0.700,0.000,1.0000,-0.1065,TRACKING,L+C
1786988237.421,45.0,0.764,0.653,0.000,0.6679,0.1374,-0.32,-1.39249,0.150,0.180,0.000,1.0000,0.2931,TRACKING,prediction
1786988237.443,45.0,0.764,0.653,0.000,0.6679,0.1099,-0.26,-1.11399,0.150,0.180,0.000,1.0000,0.8960,TRACKING,prediction
1786988237.462,45.0,0.750,0.648,0.000,0.6423,0.1758,2.24,-1.30302,0.150,0.180,0.000,1.0000,0.9845,TRACKING,L+C
1786988237.484,45.0,0.000,0.745,0.646,0.6356,-0.1696,-2.12,-0.45891,0.154,0.180,0.000,-1.0000,0.0608,TRACKING,R+C
1786988237.506,45.0,0.000,0.743,0.645,0.6298,-0.1655,-2.74,-0.45957,0.154,0.180,0.000,-1.0000,-0.7362,TRACKING,R+C
1786988237.529,45.0,0.000,0.742,0.642,0.6149,-0.1608,-3.45,-0.46830,0.153,0.180,0.000,-1.0000,-0.9603,TRACKING,R+C
1786988237.548,45.0,0.000,0.732,0.643,0.6179,-0.1560,-4.61,-0.52341,0.150,0.180,0.000,-1.0000,-0.9940,TRACKING,R+C
1786988237.568,45.0,0.000,0.735,0.637,0.6068,-0.1507,-4.90,-0.49551,0.150,0.180,0.000,-1.0000,-0.9991,TRACKING,R+C
1786988237.582,45.0,0.000,0.724,0.620,0.5915,-0.1474,-7.35,-0.64791,0.150,0.180,0.000,-1.0000,-0.9999,TRACKING,R+C
1786988237.609,45.0,0.000,0.724,0.620,0.5915,-0.1180,-5.88,-0.51833,0.150,0.180,0.000,-1.0000,-1.0000,TRACKING,prediction
1786988237.615,45.0,0.000,0.716,0.623,0.5830,-0.1379,-8.18,-0.70442,0.150,0.180,0.000,-1.0000,-1.0000,TRACKING,R+C
1786988237.647,45.0,0.000,0.710,0.618,0.5807,-0.1378,-9.13,-0.77004,0.150,0.180,0.000,-1.0000,-1.0000,TRACKING,R+C
1786988237.664,45.0,0.000,0.711,0.619,0.5776,-0.1396,-9.61,-0.79887,0.150,0.180,0.000,-1.0000,-1.0000,TRACKING,R+C
1786988237.679,45.0,0.000,0.733,0.619,0.5750,-0.1422,-9.64,-0.78848,0.150,0.180,0.000,-1.0000,-1.0000,TRACKING,R+C
1786988237.695,45.0,0.000,0.745,0.620,0.5757,-0.1458,-10.83,-0.86770,0.150,0.180,0.000,-1.0000,-1.0000,TRACKING,R+C
1786988237.710,45.0,0.000,0.728,0.620,0.5780,-0.1445,-10.92,-0.91987,0.150,0.180,0.000,-1.0000,-1.0000,TRACKING,R+C
1786988237.726,45.0,0.000,0.726,0.621,0.5738,-0.1408,-11.33,-0.95236,0.150,0.180,0.000,-1.0000,-1.0000,TRACKING,R+C
1786988237.763,45.0,0.000,0.708,0.620,0.5684,-0.1350,-12.60,-1.07660,0.150,0.180,0.000,-1.0000,-1.0000,TRACKING,R+C
1786988237.774,45.0,0.000,0.708,0.621,0.5608,-0.1273,-13.22,-1.11350,0.150,0.180,0.000,-1.0000,-1.0000,TRACKING,R+C
1786988237.790,45.0,0.000,0.710,0.619,0.5526,-0.1208,-15.15,-1.25840,0.150,0.180,0.000,-1.0000,-1.0000,TRACKING,R+C
1786988237.806,45.0,0.000,0.708,0.621,0.5435,-0.1139,-16.97,-1.37159,0.150,0.180,0.000,-1.0000,-1.0000,TRACKING,R+C
1786988237.841,45.0,0.000,0.710,0.624,0.5349,-0.1003,-15.68,-1.34218,0.150,0.180,0.000,-1.0000,-1.0000,TRACKING,R+C
1786988237.865,45.0,0.761,0.692,0.622,0.4077,-0.0888,-15.71,-1.38454,0.150,0.180,0.000,-0.9267,-0.9398,TRACKING,L+C+R_fused
1786988237.878,45.0,0.778,0.701,0.664,0.4233,-0.0785,-15.97,-1.43887,0.150,0.180,0.000,-0.8197,-0.8422,TRACKING,L+C+R_fused
1786988237.910,45.0,0.759,0.730,0.655,0.4537,-0.0702,-16.19,-1.49459,0.150,0.180,0.000,-0.7231,-0.7472,TRACKING,L+C+R_fused
1786988237.940,45.0,0.779,0.739,0.651,0.4588,-0.0638,-16.21,-1.54708,0.150,0.180,0.000,-0.6467,-0.6692,TRACKING,L+C+R_fused
1786988237.962,45.0,0.703,0.747,0.652,0.4206,-0.0601,-15.60,-1.57478,0.150,0.180,0.000,-0.6221,-0.6372,TRACKING,L+C+R_fused
1786988237.983,45.0,0.763,0.749,0.656,0.4309,-0.0548,-12.82,-1.48475,0.150,0.180,0.000,-0.6275,-0.6369,TRACKING,L+C+R_fused
1786988238.004,45.0,0.539,0.721,0.657,0.4012,-0.0519,-12.81,-1.60107,0.150,0.180,0.000,-0.6069,-0.6202,TRACKING,L+C+R_fused
1786988238.024,45.0,0.000,0.740,0.676,0.4899,-0.0466,-11.89,-1.62550,0.150,0.180,0.000,-0.5673,-0.5847,TRACKING,R+C
1786988238.046,45.0,0.000,0.748,0.706,0.5046,-0.0389,-10.84,-1.62964,0.150,0.180,0.000,-0.4918,-0.5161,TRACKING,R+C
1786988238.066,45.0,0.000,0.748,0.706,0.5046,-0.0311,-8.67,-1.30371,0.150,0.180,0.000,-0.4918,-0.5059,TRACKING,prediction
1786988238.086,45.0,0.752,0.746,0.913,0.4383,-0.0158,-8.67,-1.62042,0.150,0.180,0.000,-0.1975,-0.2555,TRACKING,L+C+R_fused
1786988238.108,45.0,0.747,0.712,0.719,0.4724,-0.0021,-5.22,-1.40768,0.150,0.180,0.000,-0.0669,-0.1062,TRACKING,L+C+R_fused
1786988238.128,45.0,0.782,0.747,0.713,0.4825,0.0046,-6.53,-1.60122,0.150,0.180,0.000,0.0730,0.0355,TRACKING,L+C+R_fused
1786988238.144,45.0,0.774,0.760,0.914,0.4787,0.0119,-5.02,-1.55821,0.150,0.180,0.000,0.1458,0.1198,TRACKING,L+C+R_fused
1786988238.163,45.0,0.761,0.762,0.912,0.4621,0.0163,-2.66,-1.41028,0.150,0.180,0.000,0.1482,0.1346,TRACKING,L+C+R_fused
1786988238.191,45.0,0.734,0.760,0.921,0.4519,0.0155,-3.25,-1.54605,0.150,0.180,0.000,0.1336,0.1229,TRACKING,L+C+R_fused
1786988238.207,45.0,0.000,0.722,0.910,0.4891,0.0188,0.98,-1.23349,0.150,0.180,0.000,0.0637,0.0611,TRACKING,R+C
1786988238.223,45.0,0.000,0.702,0.923,0.4936,0.0191,2.98,-1.13052,0.150,0.180,0.000,-0.0023,-0.0060,TRACKING,R+C
1786988238.239,47.8,0.000,0.753,0.918,0.5064,0.0143,0.94,-1.42204,0.150,0.180,0.000,-0.0502,-0.0587,TRACKING,R+C
1786988238.261,47.8,0.000,0.755,0.919,0.5118,0.0116,2.14,-1.39370,0.150,0.180,0.000,-0.1466,-0.1490,TRACKING,R+C
1786988238.281,47.8,0.000,0.758,0.912,0.5189,0.0084,2.66,-1.43737,0.150,0.180,0.000,-0.2334,-0.2366,TRACKING,R+C
1786988238.301,47.8,0.000,0.760,0.899,0.5194,0.0046,3.23,-1.43327,0.150,0.180,0.000,-0.3206,-0.3235,TRACKING,R+C
1786988238.318,47.8,0.000,0.760,0.890,0.5337,0.0021,4.80,-1.33716,0.150,0.180,0.000,-0.4113,-0.4127,TRACKING,R+C
1786988238.335,47.8,0.000,0.756,0.894,0.5435,-0.0011,5.67,-1.30763,0.150,0.180,0.000,-0.4914,-0.4932,TRACKING,R+C
1786988238.375,47.8,0.000,0.746,0.880,0.5529,-0.0066,5.49,-1.38224,0.150,0.180,0.000,-0.5774,-0.5773,TRACKING,R+C
1786988238.391,47.8,0.000,0.746,0.881,0.5639,-0.0123,6.19,-1.36465,0.150,0.180,0.000,-0.6770,-0.6726,TRACKING,R+C
1786988238.407,47.8,0.000,0.753,0.881,0.5731,-0.0185,6.78,-1.34423,0.150,0.180,0.000,-0.7708,-0.7642,TRACKING,R+C
1786988238.439,47.8,0.000,0.759,0.863,0.5813,-0.0247,7.34,-1.33290,0.150,0.180,0.000,-0.8565,-0.8481,TRACKING,R+C
1786988238.456,47.8,0.000,0.759,0.862,0.5899,-0.0274,9.05,-1.16789,0.150,0.180,0.000,-0.9119,-0.9058,TRACKING,R+C
1786988238.471,47.8,0.000,0.761,0.854,0.5948,-0.0310,8.95,-1.18999,0.150,0.180,0.000,-0.9468,-0.9429,TRACKING,R+C
1786988238.503,47.8,0.000,0.755,0.852,0.5954,-0.0308,8.98,-1.20553,0.150,0.180,0.000,-0.9475,-0.9490,TRACKING,R+C
1786988238.518,47.8,0.000,0.764,0.857,0.5940,-0.0289,8.99,-1.21842,0.150,0.180,0.000,-0.9304,-0.9360,TRACKING,R+C
1786988238.543,47.8,0.000,0.766,0.850,0.5936,-0.0276,9.73,-1.14131,0.150,0.180,0.000,-0.9289,-0.9328,TRACKING,R+C
1786988238.564,47.8,0.000,0.766,0.850,0.5936,-0.0221,7.78,-0.91305,0.150,0.180,0.000,-0.9289,-0.9324,TRACKING,prediction
1786988238.583,47.8,0.000,0.766,0.850,0.5936,-0.0176,6.22,-0.73044,0.150,0.180,0.000,-0.9289,-0.9323,TRACKING,prediction
1786988238.601,47.8,0.000,0.766,0.850,0.5936,-0.0141,4.98,-0.58435,0.150,0.180,0.000,-0.9289,-0.9323,TRACKING,prediction
1786988238.615,47.8,0.000,0.766,0.850,0.5936,-0.0113,3.98,-0.46748,0.150,0.180,0.000,-0.9289,-0.9323,TRACKING,prediction
1786988238.646,47.8,0.000,0.766,0.850,0.5936,-0.0090,3.19,-0.37399,0.150,0.180,0.000,-0.9289,-0.9323,TRACKING,prediction
1786988238.662,47.8,0.000,0.766,0.850,0.5936,-0.0072,2.55,-0.29919,0.150,0.180,0.000,-0.9289,-0.9323,TRACKING,prediction
1786988238.679,47.8,0.000,0.766,0.850,0.5936,-0.0058,2.04,-0.23935,0.150,0.180,0.000,-0.9289,-0.9323,TRACKING,prediction
1786988238.712,47.8,0.000,0.766,0.850,0.5936,-0.0046,1.63,-0.19148,0.150,0.180,0.000,-0.9289,-0.9323,TRACKING,prediction
1786988238.730,47.8,0.000,0.766,0.850,0.5936,-0.0037,1.31,-0.15318,0.150,0.180,0.000,-0.9289,-0.9323,TRACKING,prediction
1786988238.744,47.8,0.000,0.766,0.850,0.5936,-0.0030,1.04,-0.12255,0.150,0.180,0.000,-0.9289,-0.9323,TRACKING,prediction
1786988238.755,47.8,0.000,0.766,0.850,0.5936,-0.0024,0.84,-0.09804,0.150,0.180,0.000,-0.9289,-0.9323,TRACKING,prediction
1786988238.787,47.8,0.000,0.766,0.850,0.5936,-0.0019,0.67,-0.07843,0.150,0.180,0.000,-0.9289,-0.9323,TRACKING,prediction
1786988238.803,47.8,0.000,0.766,0.850,0.5936,-0.0015,0.53,-0.06274,0.150,0.180,0.000,-0.9289,-0.9323,TRACKING,prediction
1786988238.818,47.8,0.000,0.786,0.876,0.5905,-0.0382,10.44,-0.93174,0.150,0.180,0.000,-1.0000,-0.9899,TRACKING,R+C
1786988238.834,47.8,0.000,0.786,0.876,0.5905,-0.0306,8.35,-0.74539,0.150,0.180,0.000,-1.0000,-0.9985,TRACKING,prediction
1786988238.867,47.8,0.000,0.758,0.861,0.5839,-0.0342,11.27,-0.83219,0.150,0.180,0.000,-0.9968,-0.9972,TRACKING,R+C
1786988238.888,47.8,0.000,0.784,0.870,0.5769,-0.0327,10.38,-0.90106,0.150,0.700,0.000,-0.9687,-0.9742,TRACKING,R+C
1786988238.907,47.8,0.000,0.741,0.878,0.5741,-0.0288,11.69,-0.74400,0.150,0.700,0.000,-0.9498,-0.6791,TRACKING,R+C
1786988238.923,47.8,0.000,0.788,0.880,0.5690,-0.0282,9.25,-0.96061,0.150,0.700,0.000,-0.9033,-0.6096,TRACKING,R+C
1786988238.942,47.8,0.000,0.778,0.891,0.5657,-0.0251,9.19,-0.93848,0.150,0.700,0.000,-0.8675,-0.5795,TRACKING,R+C
1786988238.948,47.8,0.000,0.777,0.879,0.5616,-0.0208,9.37,-0.90941,0.150,0.180,0.000,-0.8232,-0.5507,TRACKING,R+C
1786988238.964,47.8,0.000,0.741,0.888,0.5568,-0.0192,8.60,-0.92317,0.150,0.180,0.000,-0.7831,-0.7562,TRACKING,R+C
1786988238.982,47.8,0.000,0.784,0.894,0.5498,-0.0130,9.40,-0.85832,0.150,0.180,0.000,-0.7254,-0.7382,TRACKING,R+C
1786988239.011,47.8,0.000,0.794,0.898,0.5462,-0.0070,10.79,-0.69744,0.150,0.180,0.000,-0.6733,-0.6921,TRACKING,R+C
1786988239.027,47.8,0.000,0.794,0.910,0.5399,-0.0027,10.60,-0.69380,0.150,0.180,0.000,-0.6088,-0.6315,TRACKING,R+C
1786988239.043,47.8,0.000,0.795,0.903,0.5351,-0.0010,9.40,-0.79690,0.150,0.180,0.000,-0.5555,-0.5781,TRACKING,R+C
1786988239.065,47.8,0.000,0.795,0.903,0.5351,-0.0008,7.52,-0.63752,0.150,0.180,0.000,-0.5555,-0.5701,TRACKING,prediction
1786988239.087,47.8,0.000,0.795,0.903,0.5351,-0.0007,6.01,-0.51002,0.150,0.180,0.000,-0.5555,-0.5689,TRACKING,prediction
1786988239.112,47.8,0.000,0.795,0.903,0.5351,-0.0005,4.81,-0.40801,0.150,0.180,0.000,-0.5555,-0.5687,TRACKING,prediction
1786988239.115,47.8,0.000,0.797,0.905,0.5417,-0.0093,9.57,-0.77225,0.150,0.180,0.000,-0.6715,-0.6656,TRACKING,R+C
1786988239.147,47.8,0.000,0.797,0.905,0.5417,-0.0074,7.66,-0.61780,0.150,0.180,0.000,-0.6715,-0.6799,TRACKING,prediction
1786988239.163,47.8,0.000,0.810,0.887,0.5544,-0.0239,10.31,-0.69525,0.150,0.180,0.000,-0.8588,-0.8369,TRACKING,R+C
1786988239.180,47.8,0.000,0.803,0.881,0.5584,-0.0325,10.12,-0.70176,0.150,0.180,0.000,-0.9411,-0.9277,TRACKING,R+C
1786988239.195,47.8,0.000,0.808,0.888,0.5643,-0.0391,10.05,-0.69549,0.150,0.180,0.000,-0.9978,-0.9874,TRACKING,R+C
1786988239.217,47.8,0.000,0.802,0.872,0.5673,-0.0450,10.05,-0.68358,0.150,0.180,0.000,-1.0000,-0.9981,TRACKING,R+C
1786988239.236,47.8,0.000,0.812,0.874,0.5704,-0.0495,10.09,-0.67057,0.150,0.180,0.000,-1.0000,-0.9997,TRACKING,R+C
1786988239.253,50.3,0.000,0.826,0.861,0.5729,-0.0522,10.00,-0.65428,0.150,0.180,0.000,-1.0000,-1.0000,TRACKING,R+C
1786988239.260,50.3,0.000,0.828,0.859,0.5697,-0.0509,10.40,-0.57320,0.150,0.180,0.000,-1.0000,-1.0000,TRACKING,R+C
1786988239.276,50.3,0.000,0.830,0.866,0.5615,-0.0477,9.95,-0.59572,0.150,0.180,0.000,-1.0000,-1.0000,TRACKING,R+C
1786988239.305,50.3,0.000,0.818,0.871,0.5524,-0.0450,8.06,-0.74592,0.150,0.180,0.000,-1.0000,-1.0000,TRACKING,R+C
1786988239.308,50.3,0.000,0.800,0.884,0.5470,-0.0402,7.31,-0.78938,0.150,0.180,0.000,-0.9519,-0.9609,TRACKING,R+C
1786988239.324,50.3,0.000,0.803,0.892,0.5456,-0.0334,7.65,-0.73481,0.150,0.180,0.000,-0.8885,-0.9030,TRACKING,R+C
1786988239.356,50.3,0.000,0.802,0.902,0.5411,-0.0275,7.78,-0.70178,0.150,0.180,0.000,-0.8260,-0.8428,TRACKING,R+C
1786988239.375,50.3,0.000,0.804,0.896,0.5349,-0.0228,7.40,-0.71589,0.150,0.180,0.000,-0.7617,-0.7807,TRACKING,R+C
1786988239.391,50.3,0.000,0.809,0.901,0.5266,-0.0186,6.99,-0.74317,0.150,0.180,0.000,-0.7006,-0.7206,TRACKING,R+C
1786988239.411,50.3,0.000,0.809,0.904,0.5204,-0.0146,6.45,-0.76738,0.150,0.180,0.000,-0.6322,-0.6545,TRACKING,R+C
1786988239.429,50.3,0.858,0.812,0.925,0.5110,-0.0123,5.73,-0.80214,0.150,0.180,0.000,-0.5805,-0.6014,TRACKING,L+C+R_fused
1786988239.448,50.3,0.957,0.815,0.926,0.5098,-0.0105,5.24,-0.81931,0.150,0.180,0.000,-0.5385,-0.5582,TRACKING,L+C+R_fused
1786988239.468,50.3,0.956,0.814,0.921,0.5086,-0.0084,5.99,-0.76144,0.150,0.180,0.000,-0.5264,-0.5416,TRACKING,L+C+R_fused
1786988239.478,50.3,0.956,0.814,0.921,0.5086,-0.0067,4.79,-0.60915,0.150,0.180,0.000,-0.5264,-0.5391,TRACKING,prediction
1786988239.507,50.3,0.956,0.814,0.921,0.5086,-0.0053,3.83,-0.48732,0.150,0.180,0.000,-0.5264,-0.5388,TRACKING,prediction
1786988239.539,50.3,0.000,0.813,0.912,0.5230,-0.0173,6.06,-0.75154,0.150,0.180,0.000,-0.6540,-0.6457,TRACKING,R+C
1786988239.555,50.3,0.000,0.813,0.917,0.5254,-0.0182,6.00,-0.74363,0.150,0.180,0.000,-0.6626,-0.6686,TRACKING,R+C
1786988239.577,50.3,0.000,0.808,0.920,0.5243,-0.0150,6.05,-0.73834,0.150,0.180,0.000,-0.6201,-0.6365,TRACKING,R+C
1786988239.603,50.3,0.916,0.800,0.926,0.5083,-0.0111,4.94,-0.80361,0.150,0.180,0.000,-0.5335,-0.5590,TRACKING,L+C+R_fused
1786988239.626,50.3,0.856,0.793,0.931,0.4901,-0.0027,5.57,-0.74622,0.150,0.700,0.000,-0.4206,-0.4523,TRACKING,L+C+R_fused
1786988239.643,50.3,0.957,0.796,0.925,0.5205,0.0047,5.54,-0.73415,0.150,0.180,0.000,-0.2964,-0.2382,TRACKING,L+C+R_fused
1786988239.666,50.3,0.956,0.793,0.923,0.5070,0.0120,5.63,-0.72149,0.150,0.700,0.000,-0.1726,-0.1945,TRACKING,L+C+R_fused
1786988239.686,50.3,0.950,0.806,0.892,0.5117,0.0167,5.64,-0.71368,0.150,0.700,0.000,-0.0894,-0.0841,TRACKING,L+C+R_fused
1786988239.706,50.3,0.952,0.809,0.933,0.5133,0.0201,5.53,-0.73743,0.150,0.700,0.000,-0.0282,-0.0344,TRACKING,L+C+R_fused
1786988239.713,50.3,0.952,0.810,0.713,0.5138,0.0217,5.77,-0.72716,0.150,0.180,0.000,-0.0081,-0.0157,TRACKING,L+C+R_fused
1786988239.745,50.3,0.953,0.804,0.344,0.5127,0.0200,5.78,-0.73240,0.150,0.180,0.000,-0.0413,-0.0494,TRACKING,L+C+R_fused
1786988239.768,50.3,0.950,0.798,0.815,0.5169,0.0183,5.73,-0.74983,0.150,0.180,0.000,-0.0726,-0.0806,TRACKING,L+C+R_fused
1786988239.788,50.3,0.943,0.802,0.913,0.5211,0.0177,5.79,-0.75121,0.150,0.700,0.000,-0.0848,-0.0957,TRACKING,L+C+R_fused
1786988239.829,50.3,0.949,0.804,0.912,0.5186,0.0170,5.17,-0.79508,0.150,0.180,0.000,-0.0775,-0.0630,TRACKING,L+C+R_fused
1786988239.848,50.3,0.947,0.801,0.749,0.5164,0.0179,5.86,-0.76263,0.150,0.180,0.000,-0.0873,-0.0962,TRACKING,L+C+R_fused
1786988239.858,50.3,0.954,0.800,0.917,0.5132,0.0161,5.99,-0.76286,0.150,0.180,0.000,-0.1252,-0.1328,TRACKING,L+C+R_fused
1786988239.874,50.3,0.954,0.796,0.916,0.5185,0.0127,5.71,-0.80195,0.150,0.180,0.000,-0.1790,-0.1844,TRACKING,L+C+R_fused
1786988239.909,50.3,0.953,0.801,0.904,0.5185,0.0097,6.06,-0.79054,0.150,0.180,0.000,-0.2446,-0.2481,TRACKING,L+C+R_fused
1786988239.927,50.3,0.953,0.796,0.904,0.5274,0.0076,5.79,-0.83821,0.150,0.180,0.000,-0.2769,-0.2851,TRACKING,L+C+R_fused
1786988239.947,50.3,0.953,0.796,0.904,0.5274,0.0061,4.63,-0.67057,0.150,0.180,0.000,-0.2769,-0.2906,TRACKING,prediction
1786988239.962,50.3,0.956,0.801,0.899,0.5011,0.0075,4.56,-0.96246,0.150,0.180,0.000,-0.2470,-0.2664,TRACKING,L+C+R_fused
1786988239.978,50.3,0.948,0.791,0.907,0.4990,0.0137,5.47,-0.91325,0.150,0.180,0.000,-0.1715,-0.1985,TRACKING,L+C+R_fused
1786988240.005,50.3,0.948,0.791,0.907,0.4990,0.0109,4.37,-0.73060,0.150,0.180,0.000,-0.1715,-0.1885,TRACKING,prediction
1786988240.017,50.3,0.950,0.808,0.919,0.4819,0.0257,6.66,-0.81910,0.150,0.180,0.000,0.0041,-0.0363,TRACKING,L+C+R_fused
1786988240.033,50.3,0.947,0.802,0.908,0.4762,0.0274,5.10,-1.00948,0.150,0.180,0.000,0.0706,0.0430,TRACKING,L+C+R_fused
1786988240.065,50.3,0.947,0.795,0.923,0.4768,0.0299,4.88,-1.03889,0.150,0.180,0.000,0.1193,0.0972,TRACKING,L+C+R_fused
1786988240.087,50.3,0.946,0.802,0.928,0.4774,0.0349,5.65,-0.93818,0.150,0.180,0.000,0.1898,0.1673,TRACKING,L+C+R_fused
1786988240.097,50.3,0.861,0.794,0.926,0.4784,0.0402,4.67,-1.03454,0.150,0.180,0.000,0.3068,0.2794,TRACKING,L+C+R_fused
1786988240.129,50.3,0.856,0.788,0.708,0.4787,0.0487,4.77,-1.03746,0.150,0.700,0.000,0.4407,0.4129,TRACKING,L+C+R_fused
1786988240.149,50.3,0.840,0.791,0.372,0.5320,0.0575,5.51,-0.95673,0.150,0.700,0.000,0.5560,0.3691,TRACKING,L+C+R_fused
1786988240.167,50.3,0.890,0.792,0.378,0.5261,0.0651,5.21,-0.98696,0.150,0.700,0.000,0.6675,0.4249,TRACKING,L+C+R_fused
1786988240.186,50.3,0.866,0.797,0.000,0.5223,0.0717,5.01,-1.00542,0.150,0.700,0.000,0.7557,0.4825,TRACKING,L+C
1786988240.204,50.3,0.871,0.798,0.379,0.5956,0.0775,5.07,-1.01053,0.150,0.700,0.000,0.8205,0.5273,TRACKING,L+C+R_fused
1786988240.222,50.3,0.871,0.804,0.000,0.5304,0.0803,5.13,-1.01317,0.150,0.700,0.000,0.8487,0.5498,TRACKING,L+C
1786988240.235,50.3,0.912,0.800,0.379,0.5945,0.0800,4.29,-1.10324,0.150,0.700,0.000,0.8587,0.5585,TRACKING,L+C+R_fused
1786988240.262,49.6,0.907,0.789,0.376,0.4411,0.0838,5.24,-1.04982,0.150,0.700,0.000,0.8789,0.5712,TRACKING,L+C+R_fused
1786988240.274,49.6,0.805,0.779,0.908,0.4870,0.0870,6.47,-0.97342,0.150,0.700,0.000,0.8873,0.5778,TRACKING,L+C+R_fused
1786988240.303,49.6,0.837,0.782,0.761,0.4961,0.0887,6.12,-1.03353,0.150,0.700,0.000,0.9066,0.5894,TRACKING,L+C+R_fused
1786988240.316,49.6,0.813,0.762,0.336,0.4926,0.0922,7.58,-0.91268,0.150,0.700,0.000,0.9167,0.5969,TRACKING,L+C+R_fused
1786988240.348,49.6,0.912,0.775,0.666,0.4895,0.0923,7.90,-0.91358,0.150,0.700,0.000,0.9088,0.5935,TRACKING,L+C+R_fused
1786988240.370,49.6,0.905,0.730,0.314,0.4904,0.0917,9.73,-0.75174,0.150,0.700,0.000,0.8709,0.5719,TRACKING,L+C+R_fused
1786988240.391,49.6,0.896,0.748,0.327,0.5090,0.0871,7.91,-0.95077,0.150,0.700,0.000,0.8509,0.5573,TRACKING,L+C+R_fused
1786988240.400,49.6,0.918,0.730,0.775,0.4980,0.0841,8.06,-0.95888,0.150,0.700,0.000,0.8130,0.5338,TRACKING,L+C+R_fused
1786988240.416,49.6,0.918,0.705,0.918,0.5003,0.0833,9.95,-0.81016,0.150,0.700,0.000,0.7637,0.5028,TRACKING,L+C+R_fused
1786988240.448,49.6,0.918,0.705,0.918,0.5003,0.0666,7.96,-0.64813,0.150,0.700,0.000,0.7637,0.4982,TRACKING,prediction
1786988240.473,49.6,0.857,0.699,0.713,0.4746,0.0786,12.28,-0.64937,0.150,0.700,0.000,0.6468,0.4318,TRACKING,L+C+R_fused
1786988240.492,49.6,0.804,0.695,0.724,0.4737,0.0769,14.11,-0.50100,0.150,0.700,0.000,0.5771,0.3825,TRACKING,L+C+R_fused
1786988240.497,49.6,0.000,0.689,0.899,0.4761,0.0759,16.73,-0.27713,0.172,0.700,0.000,0.3827,0.2670,TRACKING,R+C
1786988240.517,49.6,0.000,0.699,0.873,0.4718,0.0664,11.50,-0.85181,0.150,0.700,0.000,0.4690,0.2954,TRACKING,R+C
1786988240.531,49.6,0.000,0.693,0.874,0.4872,0.0658,15.15,-0.52128,0.150,0.700,0.000,0.3602,0.2388,TRACKING,R+C
1786988240.560,49.6,0.000,0.688,0.866,0.4871,0.0629,17.75,-0.27284,0.173,0.700,0.000,0.1808,0.1304,TRACKING,R+C
1786988240.579,49.6,0.000,0.682,0.879,0.4947,0.0592,20.68,0.00387,0.200,0.700,0.000,-0.1316,-0.0592,TRACKING,R+C
1786988240.593,49.6,0.000,0.677,0.884,0.5035,0.0554,22.40,0.09917,0.190,0.700,0.000,-0.2343,-0.1452,TRACKING,R+C
1786988240.615,49.6,0.000,0.677,0.884,0.5035,0.0443,17.92,0.07934,0.190,0.700,0.000,-0.2343,-0.1578,TRACKING,prediction
1786988240.633,49.6,0.000,0.698,0.870,0.5127,0.0409,13.52,-0.86653,0.150,0.700,0.000,-0.0615,-0.0683,TRACKING,R+C
1786988240.645,49.6,0.000,0.753,0.871,0.5184,0.0367,8.70,-1.40106,0.150,0.180,0.000,-0.0066,-0.0251,TRACKING,R+C
1786988240.672,49.6,0.000,0.748,0.860,0.5208,0.0410,9.49,-1.34170,0.150,0.700,0.000,0.0428,0.0128,TRACKING,R+C
1786988240.691,49.6,0.000,0.750,0.852,0.5189,0.0438,9.44,-1.36001,0.150,0.700,0.000,0.0919,0.0441,TRACKING,R+C
1786988240.698,49.6,0.000,0.707,0.852,0.5145,0.0476,11.40,-1.16902,0.150,0.180,0.000,0.1018,0.0532,TRACKING,R+C
1786988240.715,49.6,0.000,0.707,0.852,0.5145,0.0381,9.12,-0.93521,0.150,0.180,0.000,0.1018,0.0764,TRACKING,prediction
1786988240.747,49.6,0.000,0.707,0.852,0.5145,0.0305,7.30,-0.74817,0.150,0.180,0.000,0.1018,0.0811,TRACKING,prediction
1786988240.768,49.6,0.000,0.735,0.836,0.5311,0.0327,8.28,-1.58711,0.150,0.180,0.000,-0.0935,-0.0893,TRACKING,R+C
1786988240.782,49.6,0.000,0.735,0.836,0.5311,0.0261,6.63,-1.26969,0.150,0.180,0.000,-0.0935,-0.1134,TRACKING,prediction
1786988240.818,49.6,0.000,0.735,0.836,0.5311,0.0209,5.30,-1.01575,0.150,0.180,0.000,-0.0935,-0.1170,TRACKING,prediction
1786988240.838,49.6,0.000,0.728,0.833,0.5640,0.0189,10.70,-1.50887,0.150,0.180,0.000,-0.4247,-0.3974,TRACKING,R+C
1786988240.855,49.6,0.000,0.731,0.826,0.5702,0.0160,10.72,-1.58073,0.150,0.180,0.000,-0.4826,-0.4869,TRACKING,R+C
1786988240.862,49.6,0.000,0.697,0.814,0.5769,0.0209,16.45,-0.90515,0.150,0.180,0.000,-0.5383,-0.5449,TRACKING,R+C
1786988240.893,49.6,0.000,0.690,0.820,0.5746,0.0236,19.90,-0.50645,0.150,0.180,0.000,-0.5748,-0.5830,TRACKING,R+C
1786988240.909,49.6,0.000,0.690,0.815,0.5763,0.0220,18.08,-0.75489,0.150,0.180,0.000,-0.5642,-0.5808,TRACKING,R+C
1786988240.925,49.6,0.000,0.689,0.815,0.5811,0.0192,17.47,-0.85136,0.150,0.180,0.000,-0.5953,-0.6065,TRACKING,R+C
1786988240.945,49.6,0.000,0.684,0.808,0.5946,0.0135,18.02,-0.84459,0.150,0.180,0.000,-0.6933,-0.6914,TRACKING,R+C
1786988240.965,49.6,0.000,0.688,0.809,0.6026,0.0034,15.74,-1.16323,0.150,0.180,0.000,-0.7806,-0.7762,TRACKING,R+C
1786988240.976,49.6,0.000,0.687,0.800,0.6128,0.0013,20.24,-0.64568,0.150,0.180,0.000,-0.8824,-0.8713,TRACKING,R+C
1786988240.992,49.6,0.000,0.687,0.800,0.6128,0.0010,16.19,-0.51654,0.150,0.180,0.000,-0.8824,-0.8855,TRACKING,prediction
1786988241.021,49.6,0.000,0.716,0.804,0.6253,-0.0101,11.87,-1.88995,0.150,0.180,0.000,-0.8959,-0.8994,TRACKING,R+C
1786988241.039,49.6,0.000,0.722,0.806,0.6255,-0.0091,12.62,-1.79647,0.150,0.180,0.000,-0.8974,-0.9026,TRACKING,R+C
1786988241.045,49.6,0.000,0.722,0.808,0.6313,-0.0096,12.77,-1.78612,0.150,0.180,0.000,-0.9051,-0.9092,TRACKING,R+C
1786988241.078,49.6,0.000,0.718,0.814,0.6370,-0.0137,12.87,-1.80967,0.150,0.180,0.000,-0.9501,-0.9465,TRACKING,R+C
1786988241.099,49.6,0.000,0.718,0.814,0.6370,-0.0110,10.29,-1.44774,0.150,0.180,0.000,-0.9501,-0.9520,TRACKING,prediction
1786988241.115,49.6,0.000,0.723,0.809,0.6613,-0.0277,15.03,-1.61439,0.150,0.180,0.000,-1.0000,-0.9929,TRACKING,R+C
1786988241.136,49.6,0.000,0.730,0.803,0.6696,-0.0342,16.77,-1.41288,0.150,0.180,0.000,-1.0000,-0.9989,TRACKING,R+C
1786988241.158,49.6,0.000,0.730,0.803,0.6696,-0.0274,13.42,-1.13031,0.150,0.180,0.000,-1.0000,-0.9998,TRACKING,prediction
1786988241.179,49.6,0.000,0.730,0.803,0.6696,-0.0219,10.74,-0.90424,0.150,0.180,0.000,-1.0000,-1.0000,TRACKING,prediction
1786988241.200,49.6,0.000,0.730,0.803,0.6696,-0.0175,8.59,-0.72340,0.150,0.180,0.000,-1.0000,-1.0000,TRACKING,prediction
1786988241.216,49.6,0.000,0.730,0.803,0.6696,-0.0140,6.87,-0.57872,0.150,0.180,0.000,-1.0000,-1.0000,TRACKING,prediction
1786988241.232,49.6,0.000,0.730,0.803,0.6696,-0.0112,5.50,-0.46297,0.150,0.180,0.000,-1.0000,-1.0000,TRACKING,prediction
1786988241.266,50.8,0.000,0.730,0.803,0.6696,-0.0090,4.40,-0.37038,0.150,0.180,0.000,-1.0000,-1.0000,TRACKING,prediction
1786988241.279,50.8,0.000,0.730,0.803,0.6696,-0.0072,3.52,-0.29630,0.150,0.180,0.000,-1.0000,-1.0000,TRACKING,prediction
1786988241.305,50.8,0.000,0.730,0.803,0.6696,-0.0057,2.81,-0.23704,0.150,0.180,0.000,-1.0000,-1.0000,TRACKING,prediction
1786988241.326,50.8,0.000,0.730,0.803,0.6696,-0.0046,2.25,-0.18963,0.150,0.180,0.000,-1.0000,-1.0000,TRACKING,prediction
1786988241.342,50.8,0.000,0.730,0.803,0.6696,-0.0037,1.80,-0.15171,0.150,0.180,0.000,-1.0000,-1.0000,TRACKING,prediction
1786988241.358,50.8,0.000,0.730,0.803,0.6696,-0.0029,1.44,-0.12137,0.150,0.180,0.000,-1.0000,-1.0000,TRACKING,prediction
1786988241.388,50.8,0.000,0.730,0.803,0.6696,-0.0024,1.15,-0.09709,0.150,0.180,0.000,-1.0000,-1.0000,TRACKING,prediction
1786988241.400,50.8,0.000,0.730,0.803,0.6696,-0.0019,0.92,-0.07767,0.150,0.180,0.000,-1.0000,-1.0000,UNCERTAIN,prediction
1786988241.416,50.8,0.000,0.730,0.803,0.6696,-0.0015,0.74,-0.06214,0.150,0.180,0.000,-1.0000,-1.0000,UNCERTAIN,prediction
1786988241.449,50.8,0.000,0.730,0.803,0.6696,-0.0012,0.59,-0.04971,0.150,0.490,0.000,-1.0000,-1.0000,UNCERTAIN,prediction
1786988241.469,50.8,0.000,0.730,0.803,0.6696,-0.0010,0.47,-0.03977,0.150,0.180,0.000,-1.0000,-0.8317,UNCERTAIN,prediction
1786988241.490,50.8,0.000,0.730,0.803,0.6696,-0.0008,0.38,-0.03182,0.150,0.180,0.000,-1.0000,-0.9752,UNCERTAIN,prediction
1786988241.522,50.8,0.000,0.730,0.803,0.6696,-0.0006,0.30,-0.02545,0.150,0.180,0.000,-1.0000,-0.9963,UNCERTAIN,prediction
1786988241.537,50.8,0.000,0.730,0.803,0.6696,-0.0005,0.24,-0.02036,0.150,0.405,0.000,-1.0000,-0.9994,UNCERTAIN,prediction
1786988241.553,50.8,0.000,0.730,0.803,0.6696,-0.0004,0.19,-0.01629,0.150,0.385,0.000,-1.0000,-0.8784,UNCERTAIN,prediction
1786988241.586,50.8,0.000,0.730,0.803,0.6696,-0.0003,0.15,-0.01303,0.150,0.365,0.000,-1.0000,-0.8713,UNCERTAIN,prediction
1786988241.606,50.8,0.000,0.730,0.803,0.6696,-0.0003,0.12,-0.01043,0.150,0.347,0.000,-1.0000,-0.8808,UNCERTAIN,prediction
1786988241.610,50.8,0.867,0.683,0.000,0.6424,0.3035,43.33,0.32765,0.167,0.700,0.000,1.0000,-0.1215,TRACKING,L+C
1786988241.642,50.8,0.867,0.683,0.000,0.6424,0.2428,34.66,0.26212,0.167,0.700,0.000,1.0000,0.2838,TRACKING,prediction
1786988241.657,50.8,0.857,0.703,0.000,0.6283,0.2772,36.03,0.08542,0.191,0.700,0.000,1.0000,0.6026,TRACKING,L+C
1786988241.689,50.8,0.865,0.729,0.000,0.6242,0.2710,33.70,0.00896,0.199,0.700,0.000,1.0000,0.6507,TRACKING,L+C
1786988241.707,50.8,0.865,0.729,0.000,0.6242,0.2168,26.96,0.00717,0.199,0.700,0.000,1.0000,0.6579,TRACKING,prediction
1786988241.712,50.8,0.862,0.678,0.000,0.6021,0.2846,39.66,0.41830,0.158,0.700,0.000,1.0000,0.6597,TRACKING,L+C
1786988241.746,50.8,0.862,0.678,0.000,0.6021,0.2277,31.73,0.33464,0.158,0.700,0.000,1.0000,0.6599,TRACKING,prediction
1786988241.759,50.8,0.000,0.865,0.687,0.5875,-0.1319,4.14,-0.16263,0.184,0.700,0.000,-1.0000,0.1885,TRACKING,R+C
1786988241.775,50.8,0.000,0.865,0.706,0.5823,-0.1301,2.61,-0.23666,0.176,0.700,0.000,-1.0000,-0.2282,TRACKING,R+C
1786988241.802,50.8,0.000,0.867,0.679,0.5709,-0.1242,2.97,-0.16403,0.184,0.700,0.000,-1.0000,-0.5965,TRACKING,R+C
1786988241.817,50.8,0.000,0.862,0.677,0.5656,-0.1195,2.59,-0.14194,0.186,0.700,0.000,-1.0000,-0.6513,TRACKING,R+C
1786988241.833,50.8,0.000,0.862,0.677,0.5656,-0.0956,2.07,-0.11355,0.186,0.700,0.000,-1.0000,-0.6597,TRACKING,prediction
1786988241.864,50.8,0.000,0.810,0.824,0.5635,-0.1114,-0.97,-0.40399,0.160,0.700,0.000,-1.0000,-0.6599,TRACKING,R+C
1786988241.885,50.8,0.000,0.810,0.824,0.5635,-0.0891,-0.77,-0.32319,0.160,0.700,0.000,-1.0000,-0.6600,TRACKING,prediction
1786988241.900,50.8,0.000,0.797,0.753,0.5467,-0.1040,-5.88,-0.74006,0.150,0.180,0.000,-1.0000,-0.6589,TRACKING,R+C
1786988241.921,50.8,0.000,0.784,0.835,0.5424,-0.0947,-5.96,-0.76384,0.150,0.180,0.000,-1.0000,-0.9496,TRACKING,R+C
1786988241.939,50.8,0.000,0.801,0.832,0.5356,-0.0866,-6.17,-0.76246,0.150,0.180,0.000,-1.0000,-0.9924,TRACKING,R+C
1786988241.952,50.8,0.372,0.735,0.848,0.4788,-0.0885,-13.40,-1.28519,0.150,0.180,0.000,-0.9669,-0.9717,TRACKING,L+C+R_fused
1786988241.968,50.8,0.947,0.775,0.878,0.4905,-0.0786,-12.46,-1.19932,0.150,0.180,0.000,-0.8842,-0.9003,TRACKING,L+C+R_fused
1786988242.000,50.8,0.948,0.775,0.874,0.4954,-0.0664,-11.81,-1.18912,0.150,0.180,0.000,-0.7663,-0.7916,TRACKING,L+C+R_fused
1786988242.011,50.8,0.948,0.760,0.886,0.4957,-0.0536,-10.17,-1.14739,0.150,0.180,0.000,-0.6500,-0.6780,TRACKING,L+C+R_fused
1786988242.027,50.8,0.946,0.746,0.883,0.4921,-0.0452,-9.99,-1.23561,0.150,0.180,0.000,-0.5520,-0.5790,TRACKING,L+C+R_fused
1786988242.045,50.8,0.953,0.743,0.888,0.4928,-0.0421,-10.89,-1.36018,0.150,0.180,0.000,-0.4940,-0.5157,TRACKING,L+C+R_fused
1786988242.074,50.8,0.953,0.739,0.879,0.4908,-0.0411,-11.22,-1.44041,0.150,0.180,0.000,-0.4786,-0.4937,TRACKING,L+C+R_fused
1786988242.090,50.8,0.956,0.760,0.890,0.4863,-0.0419,-11.08,-1.47407,0.150,0.180,0.000,-0.5019,-0.5102,TRACKING,L+C+R_fused
1786988242.106,50.8,0.382,0.758,0.888,0.3966,-0.0452,-12.95,-1.65563,0.150,0.180,0.000,-0.5135,-0.5231,TRACKING,L+C+R_fused
1786988242.135,50.8,0.000,0.766,0.893,0.5036,-0.0437,-12.34,-1.68248,0.150,0.180,0.000,-0.5181,-0.5290,TRACKING,R+C
1786988242.153,50.8,0.000,0.786,0.891,0.5057,-0.0388,-10.12,-1.59811,0.150,0.180,0.000,-0.5112,-0.5241,TRACKING,R+C
1786988242.169,50.8,0.000,0.788,0.890,0.5081,-0.0346,-9.53,-1.65225,0.150,0.180,0.000,-0.4775,-0.4955,TRACKING,R+C
1786988242.184,50.8,0.000,0.778,0.885,0.5066,-0.0274,-9.25,-1.69851,0.150,0.180,0.000,-0.3831,-0.4118,TRACKING,R+C
1786988242.201,50.8,0.000,0.781,0.884,0.5031,-0.0170,-8.31,-1.69275,0.150,0.180,0.000,-0.2479,-0.2851,TRACKING,R+C
1786988242.216,50.8,0.000,0.785,0.895,0.4947,-0.0050,-6.92,-1.65218,0.150,0.180,0.000,-0.0887,-0.1307,TRACKING,R+C
1786988242.244,50.8,0.371,0.773,0.903,0.5070,0.0076,-5.95,-1.65455,0.150,0.180,0.000,0.0912,0.0470,TRACKING,L+C+R_fused
1786988242.263,50.8,0.946,0.776,0.906,0.4970,0.0197,-4.68,-1.62321,0.150,0.180,0.000,0.2542,0.2154,TRACKING,L+C+R_fused
1786988242.284,50.1,0.945,0.777,0.913,0.5143,0.0310,-3.98,-1.62798,0.150,0.180,0.000,0.4119,0.3776,TRACKING,L+C+R_fused
1786988242.304,50.1,0.938,0.783,0.913,0.5086,0.0402,-2.86,-1.60032,0.150,0.180,0.000,0.5156,0.4919,TRACKING,L+C+R_fused
1786988242.327,50.1,0.940,0.786,0.924,0.5054,0.0463,-2.18,-1.61945,0.150,0.180,0.000,0.5760,0.5611,TRACKING,L+C+R_fused
1786988242.337,50.1,0.942,0.789,0.921,0.5054,0.0487,-2.31,-1.71661,0.150,0.180,0.000,0.6014,0.5925,TRACKING,L+C+R_fused
1786988242.353,50.1,0.952,0.787,0.925,0.5068,0.0538,-0.25,-1.62313,0.150,0.700,0.000,0.6134,0.6076,TRACKING,L+C+R_fused
1786988242.385,50.1,0.944,0.787,0.930,0.5114,0.0568,1.04,-1.56458,0.150,0.700,0.000,0.6186,0.4315,TRACKING,L+C+R_fused
1786988242.400,50.1,0.948,0.788,0.774,0.5124,0.0608,2.47,-1.49973,0.150,0.700,0.000,0.6328,0.4129,TRACKING,L+C+R_fused
1786988242.416,50.1,0.927,0.791,0.902,0.5009,0.0639,3.32,-1.47482,0.150,0.700,0.000,0.6494,0.4193,TRACKING,L+C+R_fused
1786988242.441,50.1,0.000,0.783,0.900,0.4678,0.0641,3.98,-1.46621,0.150,0.700,0.000,0.6293,0.4086,TRACKING,R+C
1786988242.458,50.1,0.000,0.782,0.907,0.4849,0.0625,5.62,-1.37890,0.150,0.700,0.000,0.5604,0.3677,TRACKING,R+C
1786988242.464,50.1,0.000,0.773,0.898,0.4931,0.0611,7.26,-1.30028,0.150,0.700,0.000,0.4879,0.3204,TRACKING,R+C
1786988242.489,50.1,0.000,0.771,0.916,0.4957,0.0590,8.76,-1.20163,0.150,0.180,0.000,0.4105,0.2695,TRACKING,R+C
1786988242.510,50.1,0.000,0.770,0.912,0.5072,0.0564,9.57,-1.18790,0.150,0.700,0.000,0.3337,0.3119,TRACKING,R+C
1786988242.524,50.1,0.000,0.774,0.915,0.5043,0.0549,11.07,-1.06492,0.150,0.700,0.000,0.2629,0.1856,TRACKING,R+C
1786988242.541,50.1,0.000,0.771,0.906,0.5089,0.0556,12.34,-0.96697,0.150,0.700,0.000,0.2344,0.1499,TRACKING,R+C
1786988242.571,50.1,0.000,0.763,0.907,0.5168,0.0536,9.35,-1.39681,0.150,0.700,0.000,0.2589,0.1570,TRACKING,R+C
1786988242.587,50.1,0.000,0.763,0.891,0.5300,0.0584,11.32,-1.21392,0.150,0.180,0.000,0.2830,0.1721,TRACKING,R+C
1786988242.594,50.1,0.000,0.761,0.904,0.5208,0.0631,11.76,-1.18962,0.150,0.180,0.000,0.3460,0.3067,TRACKING,R+C
1786988242.620,50.1,0.000,0.772,0.905,0.5184,0.0662,12.39,-1.14315,0.150,0.180,0.000,0.3769,0.3547,TRACKING,R+C
1786988242.628,50.1,0.000,0.764,0.897,0.5040,0.0677,11.72,-1.23725,0.150,0.700,0.000,0.4139,0.3936,TRACKING,R+C
1786988242.658,50.1,0.000,0.771,0.901,0.5085,0.0658,11.77,-1.21291,0.150,0.700,0.000,0.3851,0.2658,TRACKING,R+C
1786988242.671,50.1,0.000,0.771,0.901,0.5085,0.0526,9.41,-0.97033,0.150,0.700,0.000,0.3851,0.2458,TRACKING,prediction
1786988242.687,50.1,0.000,0.758,0.905,0.5260,0.0565,13.40,-1.11606,0.150,0.700,0.000,0.1697,0.1207,TRACKING,R+C
1786988242.715,50.1,0.000,0.764,0.889,0.5279,0.0495,14.43,-1.01990,0.150,0.700,0.000,0.0138,0.0144,TRACKING,R+C
1786988242.732,50.1,0.000,0.760,0.891,0.5444,0.0425,15.24,-0.95614,0.150,0.700,0.000,-0.1378,-0.0859,TRACKING,R+C
1786988242.748,50.1,0.000,0.764,0.881,0.5776,0.0349,15.54,-0.95532,0.150,0.180,0.000,-0.2825,-0.1812,TRACKING,R+C
1786988242.780,50.1,0.000,0.764,0.881,0.5776,0.0280,12.43,-0.76426,0.150,0.180,0.000,-0.2825,-0.2871,TRACKING,prediction
1786988242.796,50.1,0.000,0.760,0.857,0.5893,0.0198,16.82,-0.80489,0.150,0.180,0.000,-0.5522,-0.5269,TRACKING,R+C
1786988242.818,50.1,0.000,0.760,0.857,0.5893,0.0158,13.46,-0.64391,0.150,0.180,0.000,-0.5522,-0.5621,TRACKING,prediction
1786988242.827,50.1,0.000,0.760,0.857,0.5893,0.0127,10.77,-0.51513,0.150,0.700,0.000,-0.5522,-0.5674,TRACKING,prediction
1786988242.858,50.1,0.000,0.760,0.857,0.5893,0.0101,8.61,-0.41210,0.150,0.700,0.000,-0.5522,-0.4005,TRACKING,prediction
1786988242.877,50.1,0.000,0.760,0.857,0.5893,0.0081,6.89,-0.32968,0.150,0.700,0.000,-0.5522,-0.3764,TRACKING,prediction
1786988242.891,50.1,0.000,0.760,0.857,0.5893,0.0065,5.51,-0.26375,0.150,0.180,0.000,-0.5522,-0.3728,TRACKING,prediction
1786988242.907,50.1,0.000,0.760,0.857,0.5893,0.0052,4.41,-0.21100,0.150,0.700,0.000,-0.5522,-0.5405,TRACKING,prediction
1786988242.938,50.1,0.000,0.802,0.828,0.6437,-0.0315,17.52,-0.63152,0.150,0.180,0.000,-1.0000,-0.6427,TRACKING,R+C
1786988242.954,50.1,0.000,0.811,0.831,0.6403,-0.0324,16.56,-0.69399,0.150,0.180,0.000,-1.0000,-0.9477,TRACKING,R+C
1786988242.970,50.1,0.000,0.807,0.838,0.6355,-0.0326,16.72,-0.62300,0.150,0.700,0.000,-1.0000,-0.9921,TRACKING,R+C
1786988242.978,50.1,0.000,0.807,0.838,0.6355,-0.0261,13.38,-0.49840,0.150,0.700,0.000,-1.0000,-0.7105,TRACKING,prediction
1786988243.010,50.1,0.000,0.807,0.838,0.6355,-0.0209,10.70,-0.39872,0.150,0.700,0.000,-1.0000,-0.6683,TRACKING,prediction
1786988243.028,50.1,0.000,0.807,0.838,0.6355,-0.0167,8.56,-0.31898,0.150,0.700,0.000,-1.0000,-0.6620,TRACKING,prediction
1786988243.048,50.1,0.000,0.807,0.838,0.6355,-0.0133,6.85,-0.25518,0.150,0.700,0.000,-1.0000,-0.6610,TRACKING,prediction
1786988243.052,50.1,0.000,0.807,0.838,0.6355,-0.0107,5.48,-0.20414,0.150,0.700,0.000,-1.0000,-0.6609,TRACKING,prediction
1786988243.088,50.1,0.000,0.807,0.838,0.6355,-0.0085,4.38,-0.16332,0.150,0.700,0.000,-1.0000,-0.6608,TRACKING,prediction
1786988243.100,50.1,0.000,0.807,0.838,0.6355,-0.0068,3.51,-0.13065,0.150,0.700,0.000,-1.0000,-0.6608,TRACKING,prediction
1786988243.116,50.1,0.000,0.807,0.838,0.6355,-0.0055,2.81,-0.10452,0.150,0.700,0.000,-1.0000,-0.6608,TRACKING,prediction
1786988243.132,50.1,0.000,0.807,0.838,0.6355,-0.0044,2.24,-0.08362,0.150,0.700,0.000,-1.0000,-0.6608,TRACKING,prediction
1786988243.165,50.1,0.000,0.807,0.838,0.6355,-0.0035,1.80,-0.06689,0.150,0.689,0.000,-1.0000,-0.6608,TRACKING,prediction
1786988243.182,50.1,0.000,0.849,0.823,0.6399,-0.0874,13.77,-0.57180,0.150,0.700,0.000,-1.0000,-0.6700,TRACKING,R+C
1786988243.202,50.1,0.000,0.849,0.823,0.6399,-0.0699,11.02,-0.45744,0.150,0.700,0.000,-1.0000,-0.6649,TRACKING,prediction
1786988243.219,50.1,0.000,0.869,0.812,0.6366,-0.0968,14.31,-0.39281,0.161,0.700,0.000,-1.0000,-0.6645,TRACKING,R+C
1786988243.232,50.1,0.000,0.869,0.812,0.6366,-0.0774,11.44,-0.31424,0.161,0.700,0.000,-1.0000,-0.6644,TRACKING,prediction
1786988243.248,50.1,0.000,0.887,0.806,0.6285,-0.1036,13.78,-0.34764,0.165,0.700,0.000,-1.0000,-0.6645,TRACKING,R+C
1786988243.264,50.1,0.000,0.889,0.813,0.6221,-0.1027,13.62,-0.30643,0.169,0.700,0.000,-1.0000,-0.6643,TRACKING,R+C
1786988243.280,50.1,0.000,0.889,0.813,0.6221,-0.0822,10.90,-0.24514,0.169,0.700,0.000,-1.0000,-0.6643,TRACKING,prediction
1786988243.297,53.3,0.000,0.889,0.813,0.6221,-0.0657,8.72,-0.19611,0.169,0.700,0.000,-1.0000,-0.6643,TRACKING,prediction
1786988243.334,53.3,0.000,0.889,0.813,0.6221,-0.0526,6.97,-0.15689,0.169,0.700,0.000,-1.0000,-0.6643,TRACKING,prediction
1786988243.352,53.3,0.000,0.889,0.813,0.6221,-0.0421,5.58,-0.12551,0.169,0.700,0.000,-1.0000,-0.6643,TRACKING,prediction
1786988243.375,53.3,0.000,0.889,0.813,0.6221,-0.0337,4.46,-0.10041,0.169,0.700,0.000,-1.0000,-0.6643,TRACKING,prediction
1786988243.377,53.3,0.000,0.889,0.813,0.6221,-0.0269,3.57,-0.08033,0.169,0.700,0.000,-1.0000,-0.6643,TRACKING,prediction
1786988243.421,53.3,0.000,0.889,0.813,0.6221,-0.0215,2.86,-0.06426,0.169,0.700,0.000,-1.0000,-0.6643,TRACKING,prediction
1786988243.435,53.3,0.000,0.889,0.813,0.6221,-0.0172,2.29,-0.05141,0.169,0.700,0.000,-1.0000,-0.6643,TRACKING,prediction
1786988243.450,53.3,0.000,0.889,0.813,0.6221,-0.0138,1.83,-0.04113,0.169,0.700,0.000,-1.0000,-0.6643,TRACKING,prediction
1786988243.482,53.3,0.000,0.889,0.813,0.6221,-0.0110,1.46,-0.03290,0.169,0.700,0.000,-1.0000,-0.6643,TRACKING,prediction
1786988243.499,53.3,0.000,0.889,0.813,0.6221,-0.0088,1.17,-0.02632,0.169,0.180,0.000,-1.0000,-0.6643,TRACKING,prediction
1786988243.524,53.3,0.000,0.889,0.813,0.6221,-0.0071,0.94,-0.02106,0.169,0.644,0.000,-1.0000,-0.9512,TRACKING,prediction
1786988243.543,53.3,0.000,0.889,0.813,0.6221,-0.0056,0.75,-0.01685,0.169,0.612,0.000,-1.0000,-0.7387,TRACKING,prediction
1786988243.552,53.3,0.000,0.889,0.813,0.6221,-0.0045,0.60,-0.01348,0.169,0.581,0.000,-1.0000,-0.7252,TRACKING,prediction
1786988243.568,53.3,0.000,0.889,0.813,0.6221,-0.0036,0.48,-0.01078,0.169,0.490,0.000,-1.0000,-0.7403,UNCERTAIN,prediction
1786988243.597,53.3,0.000,0.868,0.856,0.5707,-0.0920,7.21,-0.55401,0.150,0.700,0.000,-1.0000,-0.7913,TRACKING,R+C
1786988243.616,53.3,0.000,0.868,0.856,0.5707,-0.0736,5.77,-0.44321,0.150,0.700,0.000,-1.0000,-0.6809,TRACKING,prediction
1786988243.632,53.3,0.000,0.868,0.864,0.5609,-0.0867,6.79,-0.54057,0.150,0.700,0.000,-1.0000,-0.6641,TRACKING,R+C
1786988243.653,53.3,0.000,0.868,0.864,0.5609,-0.0694,5.43,-0.43246,0.150,0.700,0.000,-1.0000,-0.6616,TRACKING,prediction
1786988243.671,53.3,0.000,0.868,0.864,0.5609,-0.0555,4.34,-0.34597,0.150,0.180,0.000,-1.0000,-0.6613,TRACKING,prediction
1786988243.677,53.3,0.000,0.868,0.864,0.5609,-0.0444,3.48,-0.27677,0.150,0.180,0.000,-1.0000,-0.9504,TRACKING,prediction
1786988243.694,53.3,0.000,0.872,0.876,0.5405,-0.0681,5.23,-0.60166,0.150,0.180,0.000,-1.0000,-0.9925,TRACKING,R+C
1786988243.723,53.3,0.000,0.873,0.887,0.5373,-0.0658,4.95,-0.61069,0.150,0.180,0.000,-1.0000,-0.9989,TRACKING,R+C
1786988243.741,53.3,0.000,0.867,0.885,0.5318,-0.0644,4.31,-0.68618,0.150,0.180,0.000,-1.0000,-0.9998,TRACKING,R+C
1786988243.759,53.3,0.000,0.865,0.885,0.5308,-0.0654,3.90,-0.72703,0.150,0.180,0.000,-1.0000,-1.0000,TRACKING,R+C
1786988243.772,53.3,0.000,0.884,0.884,0.5367,-0.0686,4.56,-0.64993,0.150,0.180,0.000,-1.0000,-1.0000,TRACKING,R+C
1786988243.796,53.3,0.000,0.877,0.879,0.5416,-0.0735,4.33,-0.66604,0.150,0.180,0.000,-1.0000,-1.0000,TRACKING,R+C
1786988243.814,53.3,0.000,0.878,0.880,0.5433,-0.0779,3.19,-0.75695,0.150,0.180,0.000,-1.0000,-1.0000,TRACKING,R+C
1786988243.823,53.3,0.000,0.869,0.877,0.5434,-0.0818,1.84,-0.84603,0.150,0.180,0.000,-1.0000,-1.0000,TRACKING,R+C
1786988243.838,53.3,0.000,0.869,0.874,0.5437,-0.0788,3.29,-0.74075,0.150,0.180,0.000,-1.0000,-1.0000,TRACKING,R+C
1786988243.862,53.3,0.000,0.841,0.879,0.5398,-0.0750,2.17,-0.84120,0.150,0.180,0.000,-1.0000,-1.0000,TRACKING,R+C
1786988243.872,53.3,0.000,0.839,0.884,0.5353,-0.0703,1.64,-0.86755,0.150,0.180,0.000,-1.0000,-1.0000,TRACKING,R+C
1786988243.897,53.3,0.000,0.844,0.892,0.5306,-0.0657,1.37,-0.87828,0.150,0.180,0.000,-1.0000,-1.0000,TRACKING,R+C
1786988243.902,53.3,0.000,0.834,0.891,0.5274,-0.0626,1.21,-0.87351,0.150,0.180,0.000,-1.0000,-1.0000,TRACKING,R+C
1786988243.929,53.3,0.000,0.845,0.898,0.5260,-0.0621,1.48,-0.84595,0.150,0.180,0.000,-1.0000,-1.0000,TRACKING,R+C
1786988243.948,53.3,0.000,0.857,0.887,0.5219,-0.0680,-1.02,-1.00846,0.150,0.700,0.000,-1.0000,-1.0000,TRACKING,R+C
1786988243.966,53.3,0.000,0.842,0.890,0.5173,-0.0654,0.37,-0.94322,0.150,0.700,0.000,-1.0000,-0.7097,TRACKING,R+C
1786988243.984,53.3,0.000,0.833,0.891,0.5139,-0.0625,0.75,-0.93741,0.150,0.180,0.000,-1.0000,-0.6660,TRACKING,R+C
1786988243.999,53.3,0.000,0.826,0.895,0.5089,-0.0573,0.99,-0.92058,0.150,0.700,0.000,-0.9726,-0.9283,TRACKING,R+C
1786988244.019,53.3,0.000,0.831,0.896,0.5037,-0.0522,1.57,-0.85675,0.150,0.180,0.000,-0.9333,-0.6619,TRACKING,R+C
1786988244.037,53.3,0.000,0.843,0.907,0.5009,-0.0486,1.68,-0.82963,0.150,0.180,0.000,-0.8974,-0.8659,TRACKING,R+C
1786988244.056,53.3,0.000,0.835,0.909,0.5005,-0.0463,1.58,-0.83746,0.150,0.180,0.000,-0.8729,-0.8756,TRACKING,R+C
1786988244.064,53.3,0.000,0.837,0.913,0.4983,-0.0456,1.63,-0.82936,0.150,0.180,0.000,-0.8651,-0.8707,TRACKING,R+C
1786988244.086,53.3,0.000,0.834,0.921,0.4983,-0.0450,0.45,-0.90952,0.150,0.180,0.000,-0.8355,-0.8454,TRACKING,R+C
1786988244.105,53.3,0.000,0.824,0.920,0.5009,-0.0389,0.93,-0.89564,0.150,0.180,0.000,-0.7788,-0.7947,TRACKING,R+C
1786988244.111,53.3,0.000,0.819,0.919,0.4986,-0.0331,1.00,-0.87787,0.150,0.180,0.000,-0.7087,-0.7287,TRACKING,R+C
1786988244.131,53.3,0.000,0.825,0.916,0.4985,-0.0283,1.58,-0.83042,0.150,0.180,0.000,-0.6581,-0.6766,TRACKING,R+C
1786988244.158,53.3,0.000,0.828,0.932,0.5039,-0.0261,1.91,-0.79494,0.150,0.180,0.000,-0.6352,-0.6496,TRACKING,R+C
1786988244.171,53.3,0.000,0.825,0.913,0.5060,-0.0278,1.64,-0.82676,0.150,0.700,0.000,-0.6530,-0.6606,TRACKING,R+C
1786988244.187,53.3,0.000,0.824,0.934,0.5106,-0.0314,1.66,-0.83655,0.150,0.180,0.000,-0.7017,-0.4938,TRACKING,R+C
1786988244.203,53.3,0.000,0.821,0.921,0.5164,-0.0380,0.87,-0.89517,0.150,0.700,0.000,-0.7667,-0.7331,TRACKING,R+C
1786988244.229,53.3,0.000,0.824,0.913,0.5220,-0.0425,1.37,-0.89847,0.150,0.700,0.000,-0.8326,-0.5771,TRACKING,R+C
1786988244.245,53.3,0.000,0.831,0.919,0.5268,-0.0483,2.55,-0.82640,0.150,0.700,0.000,-0.9165,-0.6004,TRACKING,R+C
1786988244.254,53.3,0.000,0.845,0.921,0.5362,-0.0572,4.41,-0.65587,0.150,0.700,0.000,-1.0000,-0.6498,TRACKING,R+C
1786988244.277,53.3,0.000,0.868,0.917,0.5477,-0.0701,4.68,-0.65441,0.150,0.700,0.000,-1.0000,-0.6582,TRACKING,R+C
1786988244.294,53.3,0.000,0.887,0.916,0.5590,-0.0835,5.35,-0.60578,0.150,0.700,0.000,-1.0000,-0.6604,TRACKING,R+C
1786988244.301,54.8,0.000,0.898,0.902,0.5658,-0.0974,6.12,-0.53482,0.150,0.700,0.000,-1.0000,-0.6618,TRACKING,R+C
1786988244.317,54.8,0.000,0.872,0.896,0.5735,-0.1106,5.74,-0.61112,0.150,0.700,0.000,-1.0000,-0.6630,TRACKING,R+C
1786988244.347,54.8,0.000,0.874,0.881,0.5774,-0.1191,5.80,-0.59851,0.150,0.700,0.000,-1.0000,-0.6637,TRACKING,R+C
1786988244.364,54.8,0.000,0.869,0.879,0.5793,-0.1244,6.60,-0.47394,0.153,0.180,0.000,-1.0000,-0.6640,TRACKING,R+C
1786988244.380,54.8,0.000,0.887,0.873,0.5790,-0.1278,6.61,-0.44699,0.155,0.180,0.000,-1.0000,-0.9512,TRACKING,R+C
1786988244.396,54.8,0.000,0.876,0.873,0.5808,-0.1298,6.95,-0.39119,0.161,0.700,0.000,-1.0000,-0.9927,TRACKING,R+C
1786988244.412,54.8,0.000,0.868,0.878,0.5847,-0.1318,6.22,-0.46840,0.153,0.180,0.000,-1.0000,-0.7137,TRACKING,R+C
1786988244.437,54.8,0.000,0.874,0.876,0.5896,-0.1351,6.02,-0.47620,0.152,0.180,0.000,-1.0000,-0.9585,TRACKING,R+C
1786988244.449,54.8,0.000,0.873,0.872,0.5860,-0.1411,5.21,-0.61311,0.150,0.180,0.000,-1.0000,-0.9938,TRACKING,R+C
1786988244.465,54.8,0.000,0.877,0.858,0.5824,-0.1494,4.04,-0.72362,0.150,0.180,0.000,-1.0000,-0.9991,TRACKING,R+C
1786988244.484,54.8,0.000,0.877,0.858,0.5824,-0.1195,3.23,-0.57889,0.150,0.180,0.000,-1.0000,-0.9999,TRACKING,prediction
1786988244.514,54.8,0.000,0.877,0.858,0.5824,-0.0956,2.59,-0.46312,0.150,0.180,0.000,-1.0000,-1.0000,TRACKING,prediction
1786988244.518,54.8,0.000,0.877,0.858,0.5824,-0.0765,2.07,-0.37049,0.150,0.180,0.000,-1.0000,-1.0000,TRACKING,prediction
1786988244.550,54.8,0.000,0.877,0.858,0.5824,-0.0612,1.65,-0.29639,0.150,0.180,0.000,-1.0000,-1.0000,TRACKING,prediction
1786988244.582,54.8,0.000,0.877,0.858,0.5824,-0.0490,1.32,-0.23712,0.150,0.180,0.000,-1.0000,-1.0000,TRACKING,prediction
1786988244.601,54.8,0.000,0.877,0.858,0.5824,-0.0392,1.06,-0.18969,0.150,0.700,0.000,-1.0000,-1.0000,TRACKING,prediction
1786988244.615,54.8,0.000,0.877,0.858,0.5824,-0.0313,0.85,-0.15175,0.150,0.700,0.000,-1.0000,-0.7161,TRACKING,prediction
1786988244.650,54.8,0.000,0.877,0.858,0.5824,-0.0251,0.68,-0.12140,0.150,0.700,0.000,-1.0000,-0.6735,TRACKING,prediction
1786988244.663,54.8,0.000,0.877,0.858,0.5824,-0.0201,0.54,-0.09712,0.150,0.180,0.000,-1.0000,-0.6671,TRACKING,prediction
1786988244.680,54.8,0.000,0.877,0.858,0.5824,-0.0160,0.43,-0.07770,0.150,0.180,0.000,-1.0000,-0.9518,TRACKING,prediction
1786988244.695,54.8,0.000,0.877,0.858,0.5824,-0.0128,0.35,-0.06216,0.150,0.691,0.000,-1.0000,-0.9928,TRACKING,prediction
1786988244.726,54.8,0.000,0.877,0.858,0.5824,-0.0103,0.28,-0.04973,0.150,0.656,0.000,-1.0000,-0.7201,TRACKING,prediction
1786988244.742,54.8,0.000,0.877,0.858,0.5824,-0.0082,0.22,-0.03978,0.150,0.623,0.000,-1.0000,-0.6988,TRACKING,prediction
1786988244.758,54.8,0.000,0.877,0.858,0.5824,-0.0066,0.18,-0.03183,0.150,0.592,0.000,-1.0000,-0.7140,TRACKING,prediction
1786988244.790,54.8,0.000,0.877,0.858,0.5824,-0.0053,0.14,-0.02546,0.150,0.563,0.000,-1.0000,-0.7337,TRACKING,prediction
1786988244.803,54.8,0.000,0.877,0.858,0.5824,-0.0042,0.11,-0.02037,0.150,0.490,0.000,-1.0000,-0.7531,UNCERTAIN,prediction
1786988244.819,54.8,0.000,0.877,0.858,0.5824,-0.0034,0.09,-0.01629,0.150,0.490,0.000,-1.0000,-0.7963,UNCERTAIN,prediction
1786988244.839,54.8,0.000,0.877,0.858,0.5824,-0.0027,0.07,-0.01304,0.150,0.482,0.000,-1.0000,-0.8026,UNCERTAIN,prediction
1786988244.869,54.8,0.000,0.877,0.858,0.5824,-0.0022,0.06,-0.01043,0.150,0.458,0.000,-1.0000,-0.8077,UNCERTAIN,prediction
1786988244.879,54.8,0.000,0.877,0.858,0.5824,-0.0017,0.05,-0.00834,0.150,0.435,0.000,-1.0000,-0.8217,UNCERTAIN,prediction
1786988244.915,54.8,0.000,0.877,0.858,0.5824,-0.0014,0.04,-0.00667,0.150,0.414,0.000,-1.0000,-0.8364,UNCERTAIN,prediction
1786988244.921,54.8,0.000,0.877,0.858,0.5824,-0.0011,0.03,-0.00534,0.150,0.393,0.000,-1.0000,-0.8504,UNCERTAIN,prediction
1786988244.951,54.8,0.000,0.877,0.858,0.5824,-0.0009,0.02,-0.00427,0.150,0.180,0.000,-1.0000,-0.8638,UNCERTAIN,prediction
1786988244.969,54.8,0.000,0.877,0.858,0.5824,-0.0007,0.02,-0.00342,0.150,0.180,0.000,-1.0000,-0.9799,UNCERTAIN,prediction
1786988244.991,54.8,0.000,0.877,0.858,0.5824,-0.0006,0.02,-0.00273,0.150,0.180,0.000,-1.0000,-0.9970,UNCERTAIN,prediction
1786988245.011,54.8,0.000,0.877,0.858,0.5824,-0.0005,0.01,-0.00219,0.150,0.180,0.000,-1.0000,-0.9995,UNCERTAIN,prediction
1786988245.027,54.8,0.000,0.822,0.807,0.5801,-0.1192,-0.63,-1.29285,0.150,0.700,0.000,-1.0000,-0.9999,TRACKING,R+C
1786988245.048,54.8,0.000,0.822,0.807,0.5801,-0.0953,-0.50,-1.03428,0.150,0.700,0.000,-1.0000,-0.7141,TRACKING,prediction
1786988245.059,54.8,0.000,0.822,0.807,0.5801,-0.0763,-0.40,-0.82743,0.150,0.700,0.000,-1.0000,-0.6712,TRACKING,prediction
1786988245.077,54.8,0.000,0.822,0.807,0.5801,-0.0610,-0.32,-0.66194,0.150,0.700,0.000,-1.0000,-0.6648,TRACKING,prediction
1786988245.101,54.8,0.000,0.822,0.807,0.5801,-0.0488,-0.26,-0.52955,0.150,0.180,0.000,-1.0000,-0.6638,TRACKING,prediction
1786988245.107,54.8,0.000,0.822,0.807,0.5801,-0.0390,-0.20,-0.42364,0.150,0.700,0.000,-1.0000,-0.9511,TRACKING,prediction
1786988245.126,54.8,0.000,0.822,0.807,0.5801,-0.0312,-0.16,-0.33891,0.150,0.180,0.000,-1.0000,-0.7065,TRACKING,prediction
1786988245.155,54.8,0.000,0.782,0.874,0.5732,-0.0864,-1.90,-1.69024,0.150,0.700,0.000,-1.0000,-0.9569,TRACKING,R+C
1786988245.185,54.8,0.000,0.782,0.874,0.5732,-0.0692,-1.52,-1.35219,0.150,0.700,0.000,-1.0000,-0.7059,TRACKING,prediction
1786988245.199,54.8,0.000,0.784,0.886,0.5652,-0.0772,-2.75,-1.83346,0.150,0.180,0.000,-1.0000,-0.6678,TRACKING,R+C
1786988245.199,54.8,0.000,0.781,0.893,0.5640,-0.0686,-0.92,-1.73109,0.150,0.180,0.000,-1.0000,-0.9513,TRACKING,R+C
1786988245.215,54.8,0.000,0.785,0.891,0.5660,-0.0629,0.10,-1.67420,0.150,0.700,0.000,-1.0000,-0.9927,TRACKING,R+C
1786988245.234,54.8,0.000,0.789,0.886,0.5680,-0.0585,1.16,-1.59679,0.150,0.180,0.000,-1.0000,-0.7101,TRACKING,R+C
1786988245.278,54.8,0.000,0.790,0.894,0.5741,-0.0568,2.38,-1.50920,0.150,0.700,0.000,-1.0000,-0.9575,TRACKING,R+C
1786988245.296,54.8,0.000,0.788,0.895,0.5824,-0.0588,3.75,-1.41257,0.150,0.700,0.000,-1.0000,-0.7050,TRACKING,R+C
1786988245.312,50.5,0.000,0.782,0.889,0.5911,-0.0631,4.98,-1.32288,0.150,0.700,0.000,-1.0000,-0.6678,TRACKING,R+C
1786988245.317,50.5,0.000,0.782,0.889,0.5911,-0.0505,3.98,-1.05830,0.150,0.700,0.000,-1.0000,-0.6621,TRACKING,prediction
1786988245.336,50.5,0.000,0.779,0.884,0.6128,-0.0752,7.74,-1.14435,0.150,0.180,0.000,-1.0000,-0.6627,TRACKING,R+C
1786988245.365,50.5,0.000,0.774,0.864,0.6223,-0.0823,10.30,-0.89243,0.150,0.180,0.000,-1.0000,-0.9510,TRACKING,R+C
1786988245.381,50.5,0.000,0.774,0.864,0.6223,-0.0658,8.24,-0.71394,0.150,0.180,0.000,-1.0000,-0.9926,TRACKING,prediction
1786988245.397,50.5,0.000,0.774,0.864,0.6223,-0.0527,6.59,-0.57115,0.150,0.180,0.000,-1.0000,-0.9989,TRACKING,prediction
1786988245.429,50.5,0.000,0.774,0.864,0.6223,-0.0421,5.28,-0.45692,0.150,0.700,0.000,-1.0000,-0.9998,TRACKING,prediction
1786988245.449,50.5,0.000,0.774,0.864,0.6223,-0.0337,4.22,-0.36554,0.150,0.700,0.000,-1.0000,-0.7138,TRACKING,prediction
1786988245.468,50.5,0.000,0.774,0.864,0.6223,-0.0270,3.38,-0.29243,0.150,0.180,0.000,-1.0000,-0.6709,TRACKING,prediction
1786988245.492,50.5,0.000,0.774,0.864,0.6223,-0.0216,2.70,-0.23394,0.150,0.180,0.000,-1.0000,-0.9521,TRACKING,prediction
1786988245.524,50.5,0.000,0.774,0.864,0.6223,-0.0173,2.16,-0.18716,0.150,0.700,0.000,-1.0000,-0.9928,TRACKING,prediction
1786988245.540,50.5,0.000,0.774,0.864,0.6223,-0.0138,1.73,-0.14972,0.150,0.180,0.000,-1.0000,-0.7127,TRACKING,prediction
1786988245.572,50.5,0.000,0.774,0.864,0.6223,-0.0110,1.38,-0.11978,0.150,0.180,0.000,-1.0000,-0.9582,TRACKING,prediction
1786988245.589,50.5,0.000,0.774,0.864,0.6223,-0.0088,1.11,-0.09582,0.150,0.180,0.000,-1.0000,-0.9937,TRACKING,prediction
1786988245.604,50.5,0.000,0.774,0.864,0.6223,-0.0071,0.89,-0.07666,0.150,0.180,0.000,-1.0000,-0.9991,TRACKING,prediction
1786988245.636,50.5,0.000,0.774,0.864,0.6223,-0.0057,0.71,-0.06133,0.150,0.180,0.000,-1.0000,-0.9999,TRACKING,prediction
1786988245.653,50.5,0.000,0.774,0.864,0.6223,-0.0045,0.57,-0.04906,0.150,0.180,0.000,-1.0000,-1.0000,TRACKING,prediction
1786988245.684,50.5,0.000,0.774,0.864,0.6223,-0.0036,0.45,-0.03925,0.150,0.180,0.000,-1.0000,-1.0000,UNCERTAIN,prediction
1786988245.700,50.5,0.000,0.774,0.864,0.6223,-0.0029,0.36,-0.03140,0.150,0.180,0.000,-1.0000,-1.0000,UNCERTAIN,prediction
1786988245.726,50.5,0.000,0.774,0.864,0.6223,-0.0023,0.29,-0.02512,0.150,0.180,0.000,-1.0000,-1.0000,UNCERTAIN,prediction
1786988245.748,50.5,0.000,0.804,0.654,0.6449,-0.1026,9.88,-0.05582,0.194,0.180,0.000,-1.0000,-1.0000,TRACKING,R+C
1786988245.770,50.5,0.000,0.804,0.654,0.6449,-0.0821,7.91,-0.04466,0.194,0.180,0.000,-1.0000,-1.0000,TRACKING,prediction
1786988245.790,50.5,0.000,0.804,0.654,0.6449,-0.0657,6.33,-0.03573,0.194,0.180,0.000,-1.0000,-1.0000,TRACKING,prediction
1786988245.796,50.5,0.000,0.804,0.654,0.6449,-0.0525,5.06,-0.02858,0.194,0.180,0.000,-1.0000,-1.0000,TRACKING,prediction
1786988245.830,50.5,0.000,0.804,0.654,0.6449,-0.0420,4.05,-0.02286,0.194,0.180,0.000,-1.0000,-1.0000,TRACKING,prediction
1786988245.844,50.5,0.000,0.789,0.719,0.5750,-0.0856,6.45,-0.04486,0.196,0.180,0.000,-0.9196,-0.9349,TRACKING,R+C
1786988245.860,50.5,0.000,0.791,0.723,0.5664,-0.0805,5.59,-0.08422,0.192,0.180,0.000,-0.9018,-0.9104,TRACKING,R+C
1786988245.891,50.5,0.000,0.784,0.647,0.5674,-0.0746,4.98,-0.09176,0.191,0.180,0.000,-0.8566,-0.8696,TRACKING,R+C
1786988245.907,50.5,0.761,0.780,0.741,0.5788,-0.0694,3.83,-0.15639,0.184,0.180,0.000,-0.8445,-0.8532,TRACKING,L+C+R_fused
1786988245.923,50.5,0.811,0.777,0.732,0.5778,-0.0657,3.00,-0.18860,0.181,0.180,0.000,-0.8224,-0.8322,TRACKING,L+C+R_fused
1786988245.957,50.5,0.811,0.777,0.732,0.5778,-0.0526,2.40,-0.15088,0.181,0.180,0.000,-0.8224,-0.8291,TRACKING,prediction
1786988245.970,50.5,0.811,0.777,0.732,0.5778,-0.0420,1.92,-0.12070,0.181,0.180,0.000,-0.8224,-0.8287,TRACKING,prediction
1786988245.986,50.5,0.811,0.777,0.732,0.5778,-0.0336,1.54,-0.09656,0.181,0.180,0.000,-0.8224,-0.8286,TRACKING,prediction
1786988246.017,50.5,0.811,0.777,0.732,0.5778,-0.0269,1.23,-0.07725,0.181,0.180,0.000,-0.8224,-0.8286,TRACKING,prediction
1786988246.033,50.5,0.783,0.730,0.723,0.4753,-0.0777,-2.74,-0.61578,0.150,0.180,0.000,-1.0000,-0.9743,TRACKING,L+C+R_fused
1786988246.049,50.5,0.731,0.730,0.700,0.4206,-0.0825,-3.72,-0.68477,0.150,0.180,0.000,-1.0000,-0.9962,TRACKING,L+C+R_fused
1786988246.083,50.5,0.731,0.730,0.700,0.4206,-0.0660,-2.98,-0.54782,0.150,0.180,0.000,-1.0000,-0.9994,TRACKING,prediction
1786988246.097,50.5,0.731,0.730,0.700,0.4206,-0.0528,-2.38,-0.43825,0.150,0.180,0.000,-1.0000,-0.9999,TRACKING,prediction
1786988246.127,50.5,0.000,0.722,0.643,0.5416,-0.0888,-4.44,-0.74131,0.150,0.180,0.000,-1.0000,-1.0000,TRACKING,R+C
1786988246.147,50.5,0.000,0.715,0.619,0.5478,-0.0899,-5.82,-0.84912,0.150,0.180,0.000,-1.0000,-1.0000,TRACKING,R+C
1786988246.167,50.5,0.000,0.723,0.652,0.5362,-0.0863,-6.01,-0.84513,0.150,0.180,0.000,-1.0000,-1.0000,TRACKING,R+C
1786988246.186,50.5,0.572,0.709,0.712,0.4078,-0.0797,-7.06,-0.93212,0.150,0.180,0.000,-0.9943,-0.9954,TRACKING,L+C+R_fused
1786988246.194,50.5,0.815,0.712,0.690,0.4064,-0.0704,-6.92,-0.92723,0.150,0.180,0.000,-0.9109,-0.9259,TRACKING,L+C+R_fused
1786988246.226,50.5,0.815,0.703,0.739,0.4563,-0.0616,-8.06,-1.03115,0.150,0.180,0.000,-0.7992,-0.8229,TRACKING,L+C+R_fused
1786988246.247,50.5,0.818,0.711,0.721,0.4682,-0.0529,-8.53,-1.07281,0.150,0.180,0.000,-0.6832,-0.7106,TRACKING,L+C+R_fused
1786988246.263,50.5,0.811,0.708,0.767,0.4777,-0.0433,-9.22,-1.14821,0.150,0.180,0.000,-0.5381,-0.5719,TRACKING,L+C+R_fused
1786988246.283,50.5,0.821,0.718,0.795,0.4845,-0.0343,-9.66,-1.18459,0.150,0.180,0.000,-0.3889,-0.4248,TRACKING,L+C+R_fused
1786988246.311,50.5,0.833,0.726,0.721,0.4906,-0.0223,-9.09,-1.19455,0.150,0.180,0.000,-0.2130,-0.2531,TRACKING,L+C+R_fused
1786988246.327,47.3,0.871,0.718,0.711,0.4931,-0.0114,-9.21,-1.24426,0.150,0.180,0.000,-0.0259,-0.0670,TRACKING,L+C+R_fused
1786988246.355,47.3,0.858,0.718,0.754,0.4896,-0.0024,-9.26,-1.29435,0.150,0.180,0.000,0.1269,0.0929,TRACKING,L+C+R_fused
1786988246.373,47.3,0.871,0.708,0.758,0.4907,0.0043,-10.77,-1.49165,0.150,0.180,0.000,0.2687,0.2390,TRACKING,L+C+R_fused
1786988246.388,47.3,0.873,0.751,0.728,0.4961,0.0084,-11.85,-1.62677,0.150,0.180,0.000,0.3576,0.3372,TRACKING,L+C+R_fused
1786988246.408,47.3,0.894,0.761,0.775,0.4931,0.0109,-11.30,-1.64032,0.150,0.180,0.000,0.3735,0.3653,TRACKING,L+C+R_fused
1786988246.441,47.3,0.871,0.767,0.730,0.4949,0.0148,-9.33,-1.61167,0.150,0.180,0.000,0.3643,0.3608,TRACKING,L+C+R_fused
1786988246.453,47.3,0.855,0.756,0.671,0.5480,0.0162,-8.44,-1.62182,0.150,0.180,0.000,0.3493,0.3465,TRACKING,L+C+R_fused
1786988246.468,47.3,0.808,0.764,0.582,0.5497,0.0179,-8.20,-1.74312,0.150,0.180,0.000,0.3463,0.3403,TRACKING,L+C+R_fused
1786988246.501,47.3,0.785,0.747,0.650,0.5492,0.0200,-5.89,-1.63164,0.150,0.180,0.000,0.3084,0.3065,TRACKING,L+C+R_fused
1786988246.519,47.3,0.731,0.724,0.911,0.4714,0.0229,-3.08,-1.49731,0.150,0.180,0.000,0.2645,0.2630,TRACKING,L+C+R_fused
1786988246.532,47.3,0.405,0.740,0.896,0.3920,0.0224,-2.69,-1.54822,0.150,0.180,0.000,0.2297,0.2254,TRACKING,L+C+R_fused
1786988246.564,47.3,0.000,0.734,0.668,0.6348,0.0228,-0.69,-1.48100,0.150,0.180,0.000,0.1621,0.1603,TRACKING,R+C
1786988246.583,47.3,0.000,0.753,0.918,0.5154,0.0202,-0.51,-1.56506,0.150,0.180,0.000,0.0934,0.0898,TRACKING,R+C
1786988246.601,47.3,0.000,0.730,0.905,0.4945,0.0196,2.04,-1.40352,0.150,0.180,0.000,-0.0019,-0.0035,TRACKING,R+C
1786988246.634,47.3,0.000,0.727,0.865,0.5950,0.0173,2.91,-1.42559,0.150,0.180,0.000,-0.0868,-0.0907,TRACKING,R+C
1786988246.650,47.3,0.000,0.743,0.722,0.5387,0.0117,1.01,-1.69516,0.150,0.180,0.000,-0.1495,-0.1582,TRACKING,R+C
1786988246.671,47.3,0.000,0.747,0.900,0.5225,0.0090,2.21,-1.62956,0.150,0.180,0.000,-0.2379,-0.2429,TRACKING,R+C
1786988246.692,47.3,0.000,0.750,0.896,0.5241,0.0084,5.12,-1.40674,0.150,0.180,0.000,-0.3348,-0.3369,TRACKING,R+C
1786988246.707,47.3,0.000,0.740,0.647,0.6351,0.0045,5.50,-1.44845,0.150,0.180,0.000,-0.4201,-0.4231,TRACKING,R+C
1786988246.726,47.3,0.000,0.741,0.899,0.5439,-0.0006,5.67,-1.51617,0.150,0.180,0.000,-0.5166,-0.5169,TRACKING,R+C
1786988246.739,47.3,0.000,0.743,0.897,0.5572,-0.0054,6.87,-1.43052,0.150,0.180,0.000,-0.6174,-0.6146,TRACKING,R+C
1786988246.755,47.3,0.000,0.741,0.882,0.5728,-0.0114,7.35,-1.44827,0.150,0.180,0.000,-0.7170,-0.7116,TRACKING,R+C
1786988246.771,47.3,0.000,0.745,0.873,0.5832,-0.0177,8.08,-1.41115,0.150,0.180,0.000,-0.8103,-0.8028,TRACKING,R+C
1786988246.804,47.3,0.000,0.740,0.869,0.5953,-0.0227,10.15,-1.22345,0.150,0.180,0.000,-0.9009,-0.8902,TRACKING,R+C
1786988246.819,47.3,0.000,0.740,0.869,0.5953,-0.0181,8.12,-0.97876,0.150,0.180,0.000,-0.9009,-0.9032,TRACKING,prediction
1786988246.835,47.3,0.000,0.748,0.848,0.6145,-0.0401,9.77,-1.39625,0.150,0.180,0.000,-1.0000,-0.9856,TRACKING,R+C
1786988246.851,47.3,0.000,0.725,0.845,0.6287,-0.0457,14.73,-0.84432,0.150,0.180,0.000,-1.0000,-0.9979,TRACKING,R+C
1786988246.883,47.3,0.000,0.725,0.845,0.6287,-0.0365,11.78,-0.67546,0.150,0.180,0.000,-1.0000,-0.9997,TRACKING,prediction
1786988246.899,47.3,0.000,0.725,0.845,0.6287,-0.0292,9.43,-0.54036,0.150,0.180,0.000,-1.0000,-1.0000,TRACKING,prediction
1786988246.931,47.3,0.000,0.725,0.845,0.6287,-0.0234,7.54,-0.43229,0.150,0.180,0.000,-1.0000,-1.0000,TRACKING,prediction
1786988246.950,47.3,0.000,0.729,0.809,0.6631,-0.0782,16.28,-0.65539,0.150,0.180,0.000,-1.0000,-1.0000,TRACKING,R+C
1786988246.970,47.3,0.000,0.750,0.806,0.6660,-0.0823,15.51,-0.71858,0.150,0.180,0.000,-1.0000,-1.0000,TRACKING,R+C
1786988246.989,47.3,0.000,0.749,0.808,0.6682,-0.0821,16.29,-0.60339,0.150,0.180,0.000,-1.0000,-1.0000,TRACKING,R+C
1786988247.006,47.3,0.000,0.729,0.808,0.6697,-0.0815,16.73,-0.54788,0.150,0.180,0.000,-1.0000,-1.0000,TRACKING,R+C
1786988247.038,47.3,0.000,0.729,0.808,0.6697,-0.0652,13.39,-0.43831,0.150,0.180,0.000,-1.0000,-1.0000,TRACKING,prediction
1786988247.054,47.3,0.000,0.729,0.808,0.6697,-0.0522,10.71,-0.35065,0.150,0.180,0.000,-1.0000,-1.0000,TRACKING,prediction
1786988247.086,47.3,0.000,0.729,0.808,0.6697,-0.0417,8.57,-0.28052,0.150,0.180,0.000,-1.0000,-1.0000,TRACKING,prediction
1786988247.106,47.3,0.000,0.729,0.808,0.6697,-0.0334,6.85,-0.22441,0.150,0.180,0.000,-1.0000,-1.0000,TRACKING,prediction
1786988247.115,47.3,0.000,0.729,0.808,0.6697,-0.0267,5.48,-0.17953,0.150,0.180,0.000,-1.0000,-1.0000,TRACKING,prediction
1786988247.132,47.3,0.000,0.729,0.808,0.6697,-0.0214,4.39,-0.14362,0.150,0.180,0.000,-1.0000,-1.0000,TRACKING,prediction
1786988247.170,47.3,0.000,0.729,0.808,0.6697,-0.0171,3.51,-0.11490,0.150,0.180,0.000,-1.0000,-1.0000,TRACKING,prediction
1786988247.179,47.3,0.000,0.729,0.808,0.6697,-0.0137,2.81,-0.09192,0.150,0.180,0.000,-1.0000,-1.0000,TRACKING,prediction
1786988247.210,47.3,0.000,0.729,0.808,0.6697,-0.0109,2.25,-0.07354,0.150,0.180,0.000,-1.0000,-1.0000,TRACKING,prediction
1786988247.226,47.3,0.000,0.729,0.808,0.6697,-0.0088,1.80,-0.05883,0.150,0.180,0.000,-1.0000,-1.0000,TRACKING,prediction
1786988247.258,47.3,0.000,0.729,0.808,0.6697,-0.0070,1.44,-0.04706,0.150,0.180,0.000,-1.0000,-1.0000,TRACKING,prediction
1786988247.274,47.3,0.000,0.783,0.842,0.6143,-0.0661,10.19,-0.90261,0.150,0.180,0.000,-1.0000,-1.0000,TRACKING,R+C
1786988247.301,47.3,0.000,0.783,0.842,0.6143,-0.0529,8.15,-0.72209,0.150,0.180,0.000,-1.0000,-1.0000,TRACKING,prediction
1786988247.310,47.3,0.000,0.783,0.842,0.6143,-0.0423,6.52,-0.57767,0.150,0.180,0.000,-1.0000,-1.0000,TRACKING,prediction
1786988247.326,47.3,0.000,0.783,0.842,0.6143,-0.0338,5.22,-0.46214,0.150,0.180,0.000,-1.0000,-1.0000,TRACKING,prediction
1786988247.345,48.1,0.000,0.768,0.864,0.5950,-0.0561,11.23,-0.69370,0.150,0.180,0.000,-1.0000,-1.0000,TRACKING,R+C
1786988247.372,48.1,0.000,0.779,0.873,0.5898,-0.0538,10.17,-0.78027,0.150,0.180,0.000,-1.0000,-1.0000,TRACKING,R+C
1786988247.394,48.1,0.000,0.779,0.858,0.5840,-0.0548,8.17,-0.95648,0.150,0.180,0.000,-1.0000,-1.0000,TRACKING,R+C
1786988247.417,48.1,0.000,0.801,0.856,0.5830,-0.0549,8.25,-0.91677,0.150,0.700,0.000,-1.0000,-1.0000,TRACKING,R+C
1786988247.441,48.1,0.000,0.801,0.856,0.5830,-0.0439,6.60,-0.73342,0.150,0.700,0.000,-1.0000,-0.7113,TRACKING,prediction
1786988247.454,48.1,0.000,0.799,0.872,0.5884,-0.0599,9.15,-0.81418,0.150,0.700,0.000,-1.0000,-0.6684,TRACKING,R+C
1786988247.476,48.1,0.000,0.781,0.874,0.5883,-0.0650,8.66,-0.83774,0.150,0.700,0.000,-1.0000,-0.6622,TRACKING,R+C
1786988247.497,48.1,0.000,0.806,0.871,0.5901,-0.0650,9.64,-0.73359,0.150,0.700,0.000,-1.0000,-0.6613,TRACKING,R+C
1786988247.517,48.1,0.000,0.806,0.871,0.5901,-0.0520,7.71,-0.58688,0.150,0.180,0.000,-1.0000,-0.6611,TRACKING,prediction
1786988247.537,48.1,0.000,0.801,0.870,0.5827,-0.0630,8.39,-0.81510,0.150,0.180,0.000,-1.0000,-0.9503,TRACKING,R+C
1786988247.550,48.1,0.000,0.808,0.876,0.5771,-0.0615,7.46,-0.85937,0.150,0.180,0.000,-1.0000,-0.9925,TRACKING,R+C
1786988247.565,48.1,0.000,0.808,0.876,0.5771,-0.0492,5.97,-0.68750,0.150,0.180,0.000,-1.0000,-0.9989,TRACKING,prediction
1786988247.592,48.1,0.000,0.804,0.879,0.5655,-0.0533,7.53,-0.82473,0.150,0.180,0.000,-1.0000,-0.9998,TRACKING,R+C
1786988247.611,48.1,0.000,0.804,0.879,0.5655,-0.0426,6.03,-0.65978,0.150,0.180,0.000,-1.0000,-1.0000,TRACKING,prediction
1786988247.629,48.1,0.000,0.807,0.877,0.5541,-0.0439,7.11,-0.81333,0.150,0.180,0.000,-0.9831,-0.9862,TRACKING,R+C
1786988247.641,48.1,0.000,0.804,0.884,0.5490,-0.0383,6.99,-0.79635,0.150,0.180,0.000,-0.9273,-0.9386,TRACKING,R+C
1786988247.659,48.1,0.000,0.818,0.886,0.5427,-0.0331,6.79,-0.78776,0.150,0.180,0.000,-0.8686,-0.8833,TRACKING,R+C
1786988247.671,48.1,0.000,0.815,0.893,0.5358,-0.0279,6.23,-0.82257,0.150,0.180,0.000,-0.7998,-0.8183,TRACKING,R+C
1786988247.688,48.1,0.000,0.805,0.901,0.5266,-0.0204,6.58,-0.78219,0.150,0.180,0.000,-0.7152,-0.7384,TRACKING,R+C
1786988247.719,48.1,0.000,0.805,0.901,0.5220,-0.0140,6.63,-0.76410,0.150,0.180,0.000,-0.6302,-0.6556,TRACKING,R+C
1786988247.741,48.1,0.592,0.805,0.906,0.5198,-0.0077,6.60,-0.74360,0.150,0.180,0.000,-0.5370,-0.5650,TRACKING,L+C+R_fused
1786988247.751,48.1,0.620,0.806,0.903,0.4764,-0.0013,6.62,-0.72323,0.150,0.180,0.000,-0.4371,-0.4673,TRACKING,L+C+R_fused
1786988247.783,48.1,0.676,0.812,0.910,0.4950,0.0043,6.48,-0.73406,0.150,0.180,0.000,-0.3434,-0.3736,TRACKING,L+C+R_fused
1786988247.801,48.1,0.794,0.809,0.910,0.4770,0.0112,6.56,-0.72486,0.150,0.180,0.000,-0.2283,-0.2618,TRACKING,L+C+R_fused
1786988247.819,48.1,0.922,0.812,0.849,0.4846,0.0174,6.13,-0.74145,0.150,0.180,0.000,-0.1044,-0.1393,TRACKING,L+C+R_fused
1786988247.839,48.1,0.959,0.806,0.922,0.4837,0.0249,6.30,-0.71665,0.150,0.180,0.000,0.0251,-0.0097,TRACKING,L+C+R_fused
1786988247.855,48.1,0.919,0.808,0.915,0.4892,0.0327,6.49,-0.70086,0.150,0.180,0.000,0.1576,0.1252,TRACKING,L+C+R_fused
1786988247.875,48.1,0.925,0.807,0.604,0.4876,0.0383,6.55,-0.69289,0.150,0.180,0.000,0.2534,0.2287,TRACKING,L+C+R_fused
1786988247.900,48.1,0.919,0.802,0.373,0.4547,0.0431,6.87,-0.65380,0.150,0.180,0.000,0.3264,0.3080,TRACKING,L+C+R_fused
1786988247.918,48.1,0.949,0.815,0.361,0.4085,0.0440,6.34,-0.70585,0.150,0.180,0.000,0.3557,0.3450,TRACKING,L+C+R_fused
1786988247.950,48.1,0.899,0.811,0.000,0.5208,0.0422,6.19,-0.71866,0.150,0.180,0.000,0.3296,0.3277,TRACKING,L+C
1786988247.966,48.1,0.897,0.814,0.353,0.4955,0.0387,5.60,-0.77446,0.150,0.180,0.000,0.2875,0.2881,TRACKING,L+C+R_fused
1786988247.992,48.1,0.919,0.800,0.384,0.5458,0.0362,5.96,-0.74610,0.150,0.180,0.000,0.2328,0.2346,TRACKING,L+C+R_fused
1786988248.012,48.1,0.957,0.806,0.342,0.4685,0.0345,6.41,-0.73943,0.150,0.180,0.000,0.1856,0.1853,TRACKING,L+C+R_fused
1786988248.034,48.1,0.959,0.799,0.346,0.4489,0.0308,6.46,-0.74157,0.150,0.180,0.000,0.1179,0.1189,TRACKING,L+C+R_fused
1786988248.049,48.1,0.958,0.801,0.359,0.4420,0.0268,6.72,-0.73862,0.150,0.180,0.000,0.0362,0.0377,TRACKING,L+C+R_fused
1786988248.076,48.1,0.959,0.805,0.716,0.4975,0.0216,6.64,-0.76368,0.150,0.180,0.000,-0.0579,-0.0560,TRACKING,L+C+R_fused
1786988248.092,48.1,0.958,0.805,0.914,0.5057,0.0166,6.96,-0.73622,0.150,0.180,0.000,-0.1552,-0.1529,TRACKING,L+C+R_fused
1786988248.118,48.1,0.957,0.800,0.901,0.5135,0.0113,6.81,-0.76167,0.150,0.180,0.000,-0.2457,-0.2445,TRACKING,L+C+R_fused
1786988248.138,48.1,0.867,0.804,0.920,0.5085,0.0040,6.01,-0.82214,0.150,0.180,0.000,-0.3436,-0.3412,TRACKING,L+C+R_fused
1786988248.151,48.1,0.956,0.800,0.927,0.4960,0.0014,6.88,-0.76382,0.150,0.180,0.000,-0.4131,-0.4143,TRACKING,L+C+R_fused
1786988248.178,48.1,0.956,0.800,0.927,0.4960,0.0011,5.51,-0.61106,0.150,0.180,0.000,-0.4131,-0.4250,TRACKING,prediction
1786988248.197,48.1,0.000,0.803,0.910,0.5192,-0.0034,7.25,-0.73372,0.150,0.180,0.000,-0.4970,-0.4974,TRACKING,R+C
1786988248.216,48.1,0.000,0.802,0.917,0.5215,-0.0019,7.22,-0.72913,0.150,0.180,0.000,-0.4717,-0.4867,TRACKING,R+C
1786988248.227,48.1,0.000,0.802,0.917,0.5215,-0.0015,5.78,-0.58331,0.150,0.180,0.000,-0.4717,-0.4852,TRACKING,prediction
1786988248.248,48.1,0.958,0.794,0.913,0.5363,0.0092,7.07,-0.73427,0.150,0.180,0.000,-0.2870,-0.3286,TRACKING,L+C+R_fused
1786988248.275,48.1,0.952,0.793,0.809,0.5201,0.0165,6.79,-0.74443,0.150,0.180,0.000,-0.1515,-0.1900,TRACKING,L+C+R_fused
1786988248.291,48.1,0.956,0.795,0.864,0.5077,0.0234,6.85,-0.73373,0.150,0.180,0.000,-0.0296,-0.0649,TRACKING,L+C+R_fused
1786988248.307,48.1,0.951,0.794,0.923,0.5028,0.0291,5.84,-0.79556,0.150,0.180,0.000,0.1056,0.0711,TRACKING,L+C+R_fused
1786988248.329,48.1,0.943,0.798,0.603,0.5202,0.0359,6.02,-0.77021,0.150,0.180,0.000,0.2216,0.1926,TRACKING,L+C+R_fused
1786988248.356,49.5,0.934,0.804,0.849,0.5171,0.0400,6.45,-0.75283,0.150,0.180,0.000,0.2764,0.2583,TRACKING,L+C+R_fused
1786988248.383,49.5,0.939,0.809,0.785,0.5047,0.0406,6.60,-0.76577,0.150,0.180,0.000,0.2775,0.2686,TRACKING,L+C+R_fused
1786988248.401,49.5,0.948,0.804,0.777,0.4992,0.0389,6.38,-0.81410,0.150,0.180,0.000,0.2490,0.2448,TRACKING,L+C+R_fused
1786988248.418,49.5,0.951,0.799,0.700,0.4998,0.0383,6.58,-0.81322,0.150,0.180,0.000,0.2300,0.2247,TRACKING,L+C+R_fused
1786988248.441,49.5,0.947,0.802,0.734,0.4967,0.0376,6.41,-0.84919,0.150,0.180,0.000,0.2197,0.2125,TRACKING,L+C+R_fused
1786988248.449,49.5,0.949,0.807,0.791,0.4926,0.0398,6.74,-0.82325,0.150,0.180,0.000,0.2476,0.2351,TRACKING,L+C+R_fused
1786988248.480,49.5,0.944,0.799,0.318,0.4868,0.0450,6.43,-0.87865,0.150,0.180,0.000,0.3378,0.3169,TRACKING,L+C+R_fused
1786988248.497,49.5,0.931,0.798,0.358,0.5255,0.0512,6.73,-0.86947,0.150,0.180,0.000,0.4273,0.4071,TRACKING,L+C+R_fused
1786988248.523,49.5,0.936,0.794,0.351,0.5819,0.0557,6.38,-0.91199,0.150,0.180,0.000,0.5034,0.4868,TRACKING,L+C+R_fused
1786988248.545,49.5,0.938,0.807,0.632,0.4784,0.0580,6.83,-0.87970,0.150,0.180,0.000,0.5260,0.5183,TRACKING,L+C+R_fused
1786988248.564,49.5,0.940,0.804,0.682,0.4695,0.0559,6.38,-0.96913,0.150,0.180,0.000,0.4971,0.4969,TRACKING,L+C+R_fused
1786988248.583,49.5,0.939,0.803,0.677,0.4751,0.0553,6.55,-0.96157,0.150,0.180,0.000,0.4837,0.4822,TRACKING,L+C+R_fused
1786988248.610,49.5,0.932,0.801,0.913,0.4732,0.0546,5.71,-1.03940,0.150,0.180,0.000,0.4931,0.4880,TRACKING,L+C+R_fused
1786988248.632,49.5,0.932,0.802,0.609,0.4056,0.0591,6.47,-0.97600,0.150,0.180,0.000,0.5411,0.5311,TRACKING,L+C+R_fused
1786988248.641,49.5,0.932,0.789,0.627,0.4798,0.0648,5.99,-1.03693,0.150,0.180,0.000,0.6294,0.6146,TRACKING,L+C+R_fused
1786988248.673,49.5,0.903,0.794,0.585,0.4825,0.0718,6.39,-1.00818,0.150,0.700,0.000,0.7112,0.6974,TRACKING,L+C+R_fused
1786988248.685,49.5,0.893,0.795,0.373,0.4398,0.0790,6.72,-0.97930,0.150,0.700,0.000,0.7921,0.5435,TRACKING,L+C+R_fused
1786988248.701,49.5,0.883,0.794,0.373,0.4422,0.0857,6.67,-0.98773,0.150,0.700,0.000,0.8666,0.5620,TRACKING,L+C+R_fused
1786988248.733,49.5,0.836,0.797,0.000,0.5293,0.0919,6.96,-0.96259,0.150,0.700,0.000,0.9242,0.5970,TRACKING,L+C
1786988248.751,49.5,0.799,0.797,0.000,0.5352,0.0942,5.84,-1.07550,0.150,0.700,0.000,0.9622,0.6232,TRACKING,L+C
1786988248.765,49.5,0.844,0.795,0.000,0.5414,0.0964,5.39,-1.13022,0.150,0.700,0.000,0.9869,0.6409,TRACKING,L+C
1786988248.789,49.5,0.844,0.795,0.000,0.5414,0.0771,4.31,-0.90418,0.150,0.700,0.000,0.9869,0.6435,TRACKING,prediction
1786988248.803,49.5,0.844,0.795,0.000,0.5414,0.0617,3.45,-0.72334,0.150,0.700,0.000,0.9869,0.6439,TRACKING,prediction
1786988248.829,49.5,0.895,0.775,0.379,0.5306,0.0934,6.96,-1.07966,0.150,0.700,0.000,0.9272,0.6105,TRACKING,L+C+R_fused
1786988248.835,49.5,0.901,0.757,0.907,0.4879,0.0925,8.82,-0.92794,0.150,0.700,0.000,0.8854,0.5823,TRACKING,L+C+R_fused
1786988248.871,49.5,0.922,0.752,0.906,0.4932,0.0912,10.03,-0.82901,0.150,0.700,0.000,0.8487,0.5576,TRACKING,L+C+R_fused
1786988248.891,49.5,0.786,0.749,0.734,0.4924,0.0878,10.14,-0.84286,0.150,0.700,0.000,0.8064,0.5301,TRACKING,L+C+R_fused
1786988248.909,49.5,0.799,0.716,0.655,0.4939,0.0836,9.85,-0.87484,0.150,0.700,0.000,0.7624,0.5013,TRACKING,L+C+R_fused
1786988248.930,49.5,0.814,0.761,0.807,0.4911,0.0785,8.15,-1.09885,0.150,0.700,0.000,0.7257,0.4761,TRACKING,L+C+R_fused
1786988248.951,49.5,0.864,0.728,0.701,0.4747,0.0749,9.34,-1.03639,0.150,0.700,0.000,0.6474,0.4276,TRACKING,L+C+R_fused
1786988248.963,49.5,0.864,0.728,0.701,0.4747,0.0599,7.47,-0.82911,0.150,0.700,0.000,0.6474,0.4206,TRACKING,prediction
1786988248.979,49.5,0.864,0.728,0.701,0.4747,0.0480,5.98,-0.66329,0.150,0.700,0.000,0.6474,0.4195,TRACKING,prediction
1786988248.996,49.5,0.000,0.696,0.899,0.4952,0.0649,14.04,-0.65397,0.150,0.700,0.000,0.3712,0.2629,TRACKING,R+C
1786988249.026,49.5,0.000,0.713,0.895,0.4957,0.0556,10.23,-1.08087,0.150,0.700,0.000,0.3115,0.2050,TRACKING,R+C
1786988249.039,49.5,0.000,0.720,0.876,0.4948,0.0530,12.07,-0.89451,0.150,0.700,0.000,0.2166,0.1433,TRACKING,R+C
1786988249.055,49.5,0.000,0.718,0.872,0.5023,0.0477,11.72,-0.99286,0.150,0.700,0.000,0.1217,0.0799,TRACKING,R+C
1786988249.071,49.5,0.000,0.718,0.872,0.5023,0.0382,9.37,-0.79429,0.150,0.700,0.000,0.1217,0.0707,TRACKING,prediction
1786988249.087,49.5,0.000,0.718,0.872,0.5023,0.0305,7.50,-0.63543,0.150,0.700,0.000,0.1217,0.0693,TRACKING,prediction
1786988249.119,49.5,0.000,0.744,0.866,0.5270,0.0268,9.92,-1.29498,0.150,0.700,0.000,-0.2191,-0.1232,TRACKING,R+C
1786988249.135,49.5,0.000,0.740,0.857,0.5381,0.0195,9.33,-1.38796,0.150,0.700,0.000,-0.3326,-0.2143,TRACKING,R+C
1786988249.151,49.5,0.000,0.750,0.849,0.5492,0.0115,8.48,-1.47884,0.150,0.700,0.000,-0.4408,-0.2877,TRACKING,R+C
1786988249.167,49.5,0.000,0.740,0.838,0.5581,0.0077,10.44,-1.32099,0.150,0.700,0.000,-0.5525,-0.3601,TRACKING,R+C
1786988249.183,49.5,0.000,0.731,0.832,0.5726,-0.0007,9.65,-1.46280,0.150,0.700,0.000,-0.6601,-0.4304,TRACKING,R+C
1786988249.199,49.5,0.000,0.739,0.832,0.5860,-0.0079,10.05,-1.44923,0.150,0.700,0.000,-0.7626,-0.4970,TRACKING,R+C
1786988249.219,49.5,0.000,0.748,0.826,0.5951,-0.0131,10.86,-1.38288,0.150,0.700,0.000,-0.8388,-0.5486,TRACKING,R+C
1786988249.231,49.5,0.000,0.748,0.826,0.5951,-0.0105,8.69,-1.10630,0.150,0.700,0.000,-0.8388,-0.5562,TRACKING,prediction
1786988249.263,49.5,0.000,0.748,0.826,0.5951,-0.0084,6.95,-0.88504,0.150,0.700,0.000,-0.8388,-0.5573,TRACKING,prediction
1786988249.282,49.5,0.000,0.748,0.811,0.5973,-0.0142,11.52,-1.29854,0.150,0.700,0.000,-0.8603,-0.5692,TRACKING,R+C
1786988249.295,49.5,0.000,0.748,0.811,0.5973,-0.0113,9.22,-1.03883,0.150,0.180,0.000,-0.8603,-0.5709,TRACKING,prediction
1786988249.310,49.5,0.000,0.748,0.811,0.5973,-0.0091,7.37,-0.83106,0.150,0.180,0.000,-0.8603,-0.8239,TRACKING,prediction
1786988249.342,49.5,0.000,0.740,0.812,0.6015,-0.0108,9.99,-1.53591,0.150,0.180,0.000,-0.8049,-0.8156,TRACKING,R+C
1786988249.358,50.9,0.000,0.749,0.810,0.6025,-0.0118,10.89,-1.44838,0.150,0.180,0.000,-0.8338,-0.8379,TRACKING,R+C
1786988249.380,50.9,0.000,0.744,0.811,0.6099,-0.0177,9.91,-1.55020,0.150,0.180,0.000,-0.8799,-0.8787,TRACKING,R+C
1786988249.401,50.9,0.000,0.684,0.810,0.6227,-0.0130,21.24,-0.25637,0.174,0.180,0.000,-0.8129,-0.8304,TRACKING,R+C
1786988249.416,50.9,0.000,0.684,0.810,0.6227,-0.0104,16.99,-0.20509,0.174,0.180,0.000,-0.8129,-0.8232,TRACKING,prediction
1786988249.447,50.9,0.000,0.684,0.810,0.6227,-0.0083,13.59,-0.16408,0.174,0.180,0.000,-0.8129,-0.8221,TRACKING,prediction
1786988249.465,50.9,0.000,0.736,0.798,0.6363,-0.0348,10.90,-1.66691,0.150,0.180,0.000,-1.0000,-0.9737,TRACKING,R+C
1786988249.470,50.9,0.000,0.738,0.802,0.6375,-0.0363,10.93,-1.70859,0.150,0.180,0.000,-1.0000,-0.9961,TRACKING,R+C
1786988249.486,50.9,0.000,0.682,0.803,0.6422,-0.0264,23.18,-0.20793,0.179,0.180,0.000,-0.9197,-0.9351,TRACKING,R+C
1786988249.518,50.9,0.000,0.728,0.801,0.6410,-0.0406,9.70,-1.97695,0.150,0.180,0.000,-1.0000,-0.9903,TRACKING,R+C
1786988249.534,50.9,0.000,0.723,0.795,0.6499,-0.0456,10.32,-1.92216,0.150,0.180,0.000,-1.0000,-0.9986,TRACKING,R+C
1786988249.549,50.9,0.000,0.723,0.795,0.6646,-0.0532,11.37,-1.82847,0.150,0.180,0.000,-1.0000,-0.9998,TRACKING,R+C
1786988249.576,50.9,0.000,0.683,0.788,0.6856,-0.0524,23.38,-0.31773,0.168,0.180,0.000,-1.0000,-1.0000,TRACKING,R+C
1786988249.589,50.9,0.000,0.687,0.783,0.6953,-0.0653,19.08,-0.90721,0.150,0.180,0.000,-1.0000,-1.0000,TRACKING,R+C
1786988249.605,50.9,0.000,0.704,0.779,0.6991,-0.0787,14.18,-1.53713,0.150,0.180,0.000,-1.0000,-1.0000,TRACKING,R+C
1786988249.623,50.9,0.000,0.756,0.777,0.7034,-0.0842,13.09,-1.69577,0.150,0.180,0.000,-1.0000,-1.0000,TRACKING,R+C
1786988249.653,50.9,0.000,0.756,0.777,0.7034,-0.0673,10.47,-1.35661,0.150,0.180,0.000,-1.0000,-1.0000,TRACKING,prediction
1786988249.668,50.9,0.000,0.756,0.777,0.7034,-0.0539,8.38,-1.08529,0.150,0.180,0.000,-1.0000,-1.0000,TRACKING,prediction
1786988249.684,50.9,0.000,0.756,0.777,0.7034,-0.0431,6.70,-0.86823,0.150,0.180,0.000,-1.0000,-1.0000,TRACKING,prediction
1786988249.700,50.9,0.000,0.756,0.777,0.7034,-0.0345,5.36,-0.69459,0.150,0.180,0.000,-1.0000,-1.0000,TRACKING,prediction
1786988249.734,50.9,0.000,0.756,0.777,0.7034,-0.0276,4.29,-0.55567,0.150,0.180,0.000,-1.0000,-1.0000,TRACKING,prediction
1786988249.756,50.9,0.000,0.756,0.777,0.7034,-0.0221,3.43,-0.44453,0.150,0.180,0.000,-1.0000,-1.0000,TRACKING,prediction
1786988249.780,50.9,0.000,0.756,0.777,0.7034,-0.0176,2.74,-0.35563,0.150,0.180,0.000,-1.0000,-1.0000,TRACKING,prediction
1786988249.790,50.9,0.000,0.768,0.780,0.7143,-0.0865,21.77,-0.30806,0.169,0.180,0.000,-1.0000,-1.0000,TRACKING,R+C
1786988249.817,50.9,0.000,0.768,0.780,0.7143,-0.0692,17.41,-0.24645,0.169,0.180,0.000,-1.0000,-1.0000,TRACKING,prediction
1786988249.821,50.9,0.000,0.778,0.784,0.7131,-0.0916,21.47,-0.15618,0.184,0.180,0.000,-1.0000,-1.0000,TRACKING,R+C
1786988249.853,50.9,0.000,0.778,0.784,0.7131,-0.0733,17.18,-0.12494,0.184,0.180,0.000,-1.0000,-1.0000,TRACKING,prediction
1786988249.868,50.9,0.000,0.778,0.784,0.7131,-0.0586,13.74,-0.09995,0.184,0.180,0.000,-1.0000,-1.0000,TRACKING,prediction
1786988249.884,50.9,0.000,0.778,0.784,0.7131,-0.0469,10.99,-0.07996,0.184,0.180,0.000,-1.0000,-1.0000,TRACKING,prediction
1786988249.918,50.9,0.000,0.778,0.784,0.7131,-0.0375,8.80,-0.06397,0.184,0.180,0.000,-1.0000,-1.0000,TRACKING,prediction
1786988249.928,50.9,0.000,0.778,0.784,0.7131,-0.0300,7.04,-0.05118,0.184,0.180,0.000,-1.0000,-1.0000,TRACKING,prediction
1786988249.944,50.9,0.000,0.778,0.784,0.7131,-0.0240,5.63,-0.04094,0.184,0.700,0.000,-1.0000,-1.0000,TRACKING,prediction
1786988249.976,50.9,0.000,0.778,0.784,0.7131,-0.0192,4.50,-0.03275,0.184,0.700,0.000,-1.0000,-0.7160,TRACKING,prediction
1786988249.991,50.9,0.000,0.778,0.784,0.7131,-0.0154,3.60,-0.02620,0.184,0.700,0.000,-1.0000,-0.6734,TRACKING,prediction
1786988250.007,50.9,0.000,0.778,0.784,0.7131,-0.0123,2.88,-0.02096,0.184,0.689,0.000,-1.0000,-0.6670,TRACKING,prediction
1786988250.023,50.9,0.000,0.783,0.774,0.6562,-0.1129,11.30,-0.17400,0.183,0.700,0.000,-1.0000,-0.6701,TRACKING,R+C
1786988250.055,50.9,0.000,0.783,0.774,0.6562,-0.0903,9.04,-0.13920,0.183,0.700,0.000,-1.0000,-0.6647,TRACKING,prediction
1786988250.071,50.9,0.000,0.783,0.774,0.6562,-0.0722,7.23,-0.11136,0.183,0.700,0.000,-1.0000,-0.6639,TRACKING,prediction
1786988250.087,50.9,0.000,0.783,0.774,0.6562,-0.0578,5.79,-0.08909,0.183,0.700,0.000,-1.0000,-0.6638,TRACKING,prediction
1786988250.118,50.9,0.000,0.765,0.794,0.6186,-0.1079,8.08,-0.22890,0.177,0.700,0.000,-1.0000,-0.6624,TRACKING,R+C
1786988250.130,50.9,0.000,0.762,0.711,0.6063,-0.1065,6.85,-0.26593,0.173,0.700,0.000,-1.0000,-0.6620,TRACKING,R+C
1786988250.162,50.9,0.000,0.762,0.711,0.6063,-0.0852,5.48,-0.21275,0.173,0.700,0.000,-1.0000,-0.6620,TRACKING,prediction
1786988250.186,50.9,0.000,0.762,0.711,0.6063,-0.0682,4.39,-0.17020,0.173,0.700,0.000,-1.0000,-0.6620,TRACKING,prediction
1786988250.206,50.9,0.000,0.762,0.711,0.6063,-0.0545,3.51,-0.13616,0.173,0.700,0.000,-1.0000,-0.6620,TRACKING,prediction
1786988250.238,50.9,0.000,0.769,0.698,0.5760,-0.0911,4.66,-0.26833,0.173,0.700,0.000,-1.0000,-0.6599,TRACKING,R+C
1786988250.254,50.9,0.000,0.768,0.703,0.5700,-0.0861,4.32,-0.24726,0.175,0.700,0.000,-1.0000,-0.6593,TRACKING,R+C
1786988250.277,50.9,0.000,0.753,0.708,0.5610,-0.0820,2.34,-0.38017,0.162,0.700,0.000,-1.0000,-0.6587,TRACKING,R+C
1786988250.296,50.9,0.704,0.762,0.719,0.4892,-0.0770,1.34,-0.39701,0.160,0.700,0.000,-1.0000,-0.6580,TRACKING,L+C+R_fused
1786988250.317,50.9,0.949,0.751,0.750,0.5285,-0.0694,0.70,-0.45023,0.155,0.700,0.000,-0.9886,-0.6512,TRACKING,L+C+R_fused
1786988250.337,50.9,0.944,0.740,0.848,0.5391,-0.0623,0.04,-0.47895,0.152,0.700,0.000,-0.9380,-0.6221,TRACKING,L+C+R_fused
1786988250.354,50.9,0.947,0.770,0.853,0.5331,-0.0532,1.38,-0.31249,0.169,0.700,0.000,-0.7757,-0.5287,TRACKING,L+C+R_fused
1786988250.372,49.3,0.951,0.766,0.863,0.5185,-0.0462,0.64,-0.34310,0.166,0.700,0.000,-0.6742,-0.4586,TRACKING,L+C+R_fused
1786988250.401,49.3,0.947,0.779,0.871,0.5075,-0.0393,-0.05,-0.36351,0.164,0.700,0.000,-0.5925,-0.4025,TRACKING,L+C+R_fused
1786988250.417,49.3,0.944,0.789,0.884,0.5024,-0.0326,-0.02,-0.35063,0.165,0.180,0.000,-0.5025,-0.3440,TRACKING,L+C+R_fused
1786988250.441,49.3,0.945,0.749,0.882,0.5007,-0.0300,-3.22,-0.67133,0.150,0.180,0.000,-0.4871,-0.4739,TRACKING,L+C+R_fused
1786988250.463,49.3,0.943,0.747,0.892,0.4968,-0.0277,-4.10,-0.76661,0.150,0.180,0.000,-0.4328,-0.4468,TRACKING,L+C+R_fused
1786988250.470,49.3,0.943,0.752,0.889,0.4942,-0.0269,-3.87,-0.74183,0.150,0.180,0.000,-0.4260,-0.4370,TRACKING,L+C+R_fused
1786988250.505,49.3,0.946,0.740,0.891,0.4915,-0.0290,-5.42,-0.92504,0.150,0.180,0.000,-0.4282,-0.4380,TRACKING,L+C+R_fused
1786988250.527,49.3,0.940,0.732,0.878,0.4909,-0.0337,-7.66,-1.13711,0.150,0.180,0.000,-0.4496,-0.4569,TRACKING,L+C+R_fused
1786988250.547,49.3,0.948,0.743,0.879,0.4874,-0.0338,-7.08,-1.11367,0.150,0.180,0.000,-0.4704,-0.4772,TRACKING,L+C+R_fused
1786988250.560,49.3,0.949,0.725,0.878,0.4919,-0.0356,-8.49,-1.30454,0.150,0.180,0.000,-0.4754,-0.4852,TRACKING,L+C+R_fused
1786988250.583,49.3,0.899,0.723,0.876,0.4726,-0.0368,-9.26,-1.41648,0.150,0.180,0.000,-0.4831,-0.4932,TRACKING,L+C+R_fused
1786988250.605,49.3,0.376,0.736,0.874,0.4682,-0.0360,-9.01,-1.40998,0.150,0.180,0.000,-0.4792,-0.4911,TRACKING,L+C+R_fused
1786988250.623,49.3,0.000,0.738,0.879,0.5019,-0.0345,-9.95,-1.55489,0.150,0.180,0.000,-0.4443,-0.4620,TRACKING,R+C
1786988250.641,49.3,0.000,0.762,0.890,0.4994,-0.0317,-11.29,-1.67694,0.150,0.180,0.000,-0.3689,-0.3942,TRACKING,R+C
1786988250.668,49.3,0.378,0.737,0.892,0.4906,-0.0222,-11.43,-1.79041,0.150,0.180,0.000,-0.2247,-0.2626,TRACKING,L+C+R_fused
1786988250.689,49.3,0.841,0.753,0.893,0.4697,-0.0098,-9.93,-1.75472,0.150,0.180,0.000,-0.0638,-0.1057,TRACKING,L+C+R_fused
1786988250.711,49.3,0.944,0.764,0.901,0.4635,0.0004,-9.71,-1.79561,0.150,0.180,0.000,0.0988,0.0577,TRACKING,L+C+R_fused
1786988250.733,49.3,0.949,0.773,0.898,0.5041,0.0091,-9.85,-1.85351,0.150,0.180,0.000,0.2462,0.2101,TRACKING,L+C+R_fused
1786988250.752,49.3,0.933,0.779,0.898,0.5028,0.0175,-9.58,-1.89686,0.150,0.180,0.000,0.3677,0.3381,TRACKING,L+C+R_fused
1786988250.769,49.3,0.936,0.786,0.909,0.5015,0.0225,-9.74,-1.95561,0.150,0.180,0.000,0.4437,0.4229,TRACKING,L+C+R_fused
1786988250.777,49.3,0.949,0.791,0.920,0.4998,0.0298,-6.36,-1.83118,0.150,0.180,0.000,0.4500,0.4406,TRACKING,L+C+R_fused
1786988250.809,49.3,0.943,0.787,0.918,0.4927,0.0339,-4.91,-1.80107,0.150,0.180,0.000,0.4635,0.4546,TRACKING,L+C+R_fused
1786988250.828,49.3,0.949,0.787,0.919,0.4983,0.0387,-3.24,-1.75092,0.150,0.180,0.000,0.4826,0.4730,TRACKING,L+C+R_fused
1786988250.844,49.3,0.805,0.787,0.911,0.4842,0.0419,-2.73,-1.76025,0.150,0.180,0.000,0.5109,0.5002,TRACKING,L+C+R_fused
1786988250.867,49.3,0.377,0.780,0.915,0.4927,0.0448,-2.37,-1.79952,0.150,0.180,0.000,0.5349,0.5246,TRACKING,L+C+R_fused
1786988250.881,49.3,0.000,0.775,0.910,0.4711,0.0485,-0.39,-1.73456,0.150,0.180,0.000,0.5268,0.5206,TRACKING,R+C
1786988250.896,49.3,0.000,0.779,0.913,0.4750,0.0501,1.53,-1.65320,0.150,0.180,0.000,0.4908,0.4881,TRACKING,R+C
1786988250.915,49.3,0.000,0.776,0.909,0.4837,0.0489,2.81,-1.61898,0.150,0.180,0.000,0.4271,0.4271,TRACKING,R+C
1786988250.928,49.3,0.000,0.779,0.909,0.4937,0.0475,4.20,-1.55733,0.150,0.180,0.000,0.3571,0.3566,TRACKING,R+C
1786988250.944,49.3,0.000,0.770,0.898,0.5029,0.0462,5.77,-1.47115,0.150,0.180,0.000,0.2817,0.2803,TRACKING,R+C
1786988250.971,49.3,0.000,0.769,0.900,0.5072,0.0427,7.14,-1.40283,0.150,0.180,0.000,0.1734,0.1742,TRACKING,R+C
1786988250.977,49.3,0.000,0.761,0.886,0.5240,0.0383,7.82,-1.42097,0.150,0.180,0.000,0.0595,0.0585,TRACKING,R+C
1786988251.011,49.3,0.000,0.760,0.884,0.5415,0.0356,10.19,-1.22459,0.150,0.180,0.000,-0.0647,-0.0654,TRACKING,R+C
1786988251.026,49.3,0.000,0.762,0.879,0.5428,0.0313,11.62,-1.12142,0.150,0.180,0.000,-0.1881,-0.1882,TRACKING,R+C
1786988251.044,49.3,0.000,0.760,0.884,0.5600,0.0257,12.77,-1.02250,0.150,0.180,0.000,-0.3192,-0.3167,TRACKING,R+C
1786988251.050,49.3,0.000,0.758,0.875,0.5646,0.0192,12.51,-1.12915,0.150,0.180,0.000,-0.4327,-0.4316,TRACKING,R+C
1786988251.075,49.3,0.000,0.757,0.871,0.5797,0.0101,11.17,-1.33647,0.150,0.180,0.000,-0.5489,-0.5461,TRACKING,R+C
1786988251.083,49.3,0.000,0.752,0.861,0.5880,0.0031,12.11,-1.27507,0.150,0.180,0.000,-0.6721,-0.6650,TRACKING,R+C
1786988251.098,49.3,0.000,0.766,0.858,0.6099,-0.0090,11.02,-1.37488,0.150,0.180,0.000,-0.7971,-0.7854,TRACKING,R+C
1786988251.132,49.3,0.000,0.764,0.854,0.6201,-0.0161,11.90,-1.32374,0.150,0.180,0.000,-0.8940,-0.8823,TRACKING,R+C
1786988251.153,49.3,0.000,0.760,0.845,0.6316,-0.0238,12.78,-1.26986,0.150,0.180,0.000,-0.9847,-0.9702,TRACKING,R+C
1786988251.174,49.3,0.000,0.760,0.845,0.6316,-0.0190,10.22,-1.01589,0.150,0.180,0.000,-0.9847,-0.9832,TRACKING,prediction
1786988251.179,49.3,0.000,0.764,0.831,0.6537,-0.0428,14.19,-1.09943,0.150,0.180,0.000,-1.0000,-0.9975,TRACKING,R+C
1786988251.211,49.3,0.000,0.764,0.831,0.6537,-0.0342,11.35,-0.87954,0.150,0.700,0.000,-1.0000,-0.9996,TRACKING,prediction
1786988251.231,49.3,0.000,0.770,0.810,0.6740,-0.0639,14.95,-1.03311,0.150,0.700,0.000,-1.0000,-0.7145,TRACKING,R+C
1786988251.251,49.3,0.000,0.770,0.810,0.6740,-0.0511,11.96,-0.82649,0.150,0.700,0.000,-1.0000,-0.6717,TRACKING,prediction
1786988251.275,49.3,0.000,0.770,0.810,0.6740,-0.0409,9.57,-0.66119,0.150,0.700,0.000,-1.0000,-0.6653,TRACKING,prediction
1786988251.299,49.3,0.000,0.818,0.803,0.6951,-0.0965,16.05,-0.83303,0.150,0.700,0.000,-1.0000,-0.6667,TRACKING,R+C
1786988251.318,49.3,0.000,0.818,0.803,0.6951,-0.0772,12.84,-0.66643,0.150,0.700,0.000,-1.0000,-0.6665,TRACKING,prediction
1786988251.338,49.3,0.000,0.818,0.803,0.6951,-0.0618,10.27,-0.53314,0.150,0.180,0.000,-1.0000,-0.6665,TRACKING,prediction
1786988251.366,49.3,0.000,0.818,0.803,0.6951,-0.0494,8.22,-0.42651,0.150,0.180,0.000,-1.0000,-0.9518,TRACKING,prediction
1786988251.387,50.3,0.000,0.818,0.803,0.6951,-0.0395,6.58,-0.34121,0.150,0.180,0.000,-1.0000,-0.9928,TRACKING,prediction
1786988251.410,50.3,0.000,0.818,0.803,0.6951,-0.0316,5.26,-0.27297,0.150,0.180,0.000,-1.0000,-0.9989,TRACKING,prediction
1786988251.429,50.3,0.000,0.818,0.803,0.6951,-0.0253,4.21,-0.21837,0.150,0.180,0.000,-1.0000,-0.9998,TRACKING,prediction
1786988251.445,50.3,0.847,0.751,0.000,0.7425,0.2430,31.42,-0.93024,0.150,0.180,0.000,1.0000,-0.1342,TRACKING,L+C
1786988251.460,50.3,0.847,0.751,0.000,0.7425,0.1944,25.14,-0.74420,0.150,0.700,0.000,1.0000,0.7049,TRACKING,prediction
1786988251.476,50.3,0.847,0.751,0.000,0.7425,0.1555,20.11,-0.59536,0.150,0.700,0.000,1.0000,0.6606,TRACKING,prediction
1786988251.507,50.3,0.847,0.751,0.000,0.7425,0.1244,16.09,-0.47628,0.150,0.700,0.000,1.0000,0.6543,TRACKING,prediction
1786988251.521,50.3,0.000,0.000,0.719,0.7425,-0.1738,37.63,-0.39825,0.160,0.490,0.000,-1.0000,0.1575,UNCERTAIN,R_only
1786988251.535,50.3,0.000,0.000,0.719,0.7425,-0.1391,30.10,-0.31860,0.160,0.478,0.000,-1.0000,-0.4267,UNCERTAIN,prediction
1786988251.540,50.3,0.000,0.000,0.719,0.7425,-0.1112,24.08,-0.25488,0.160,0.180,0.000,-1.0000,-0.7588,UNCERTAIN,prediction
1786988251.559,50.3,0.000,0.000,0.719,0.7425,-0.0890,19.27,-0.20390,0.160,0.180,0.000,-1.0000,-0.9650,UNCERTAIN,prediction
1786988251.585,50.3,0.000,0.000,0.719,0.7425,-0.0712,15.41,-0.16312,0.160,0.180,0.000,-1.0000,-0.9947,UNCERTAIN,prediction
1786988251.603,50.3,0.000,0.000,0.719,0.7425,-0.0570,12.33,-0.13050,0.160,0.180,0.000,-1.0000,-0.9992,UNCERTAIN,prediction
1786988251.619,50.3,0.000,0.719,0.000,0.7425,0.1429,33.35,-0.48024,0.152,0.180,0.000,0.6269,-0.1655,TRACKING,C_only
1786988251.629,50.3,0.000,0.719,0.000,0.7425,0.1373,33.17,-0.45161,0.155,0.180,0.000,0.5481,0.4232,TRACKING,C_only
1786988251.646,50.3,0.000,0.719,0.000,0.7425,0.1098,26.54,-0.36129,0.155,0.180,0.000,0.5481,0.5121,TRACKING,prediction
1786988251.663,50.3,0.000,0.000,0.734,0.7425,-0.2469,31.14,-0.53780,0.150,0.490,0.000,-1.0000,-0.4044,UNCERTAIN,R_only
1786988251.677,50.3,0.000,0.000,0.732,0.7425,-0.2518,30.53,-0.53815,0.150,0.490,0.000,-1.0000,-0.7469,UNCERTAIN,R_only
1786988251.693,50.3,0.000,0.000,0.736,0.7425,-0.2553,30.10,-0.52382,0.150,0.180,0.000,-1.0000,-0.8016,UNCERTAIN,R_only
1786988251.706,50.3,0.000,0.742,0.000,0.7425,0.1124,29.51,-0.51178,0.150,0.700,0.000,0.3920,0.0474,TRACKING,C_only
1786988251.718,50.3,0.000,0.744,0.000,0.7425,0.1076,29.16,-0.48058,0.152,0.180,0.000,0.3345,0.1825,TRACKING,C_only
1786988251.735,50.3,0.000,0.751,0.000,0.7425,0.1041,29.24,-0.41900,0.158,0.180,0.000,0.2677,0.2344,TRACKING,C_only
1786988251.748,50.3,0.000,0.757,0.000,0.7425,0.1002,28.83,-0.39090,0.161,0.180,0.000,0.2279,0.2100,TRACKING,C_only
1786988251.755,50.3,0.000,0.761,0.000,0.7425,0.0975,28.74,-0.33263,0.167,0.180,0.000,0.1911,0.1754,TRACKING,C_only
1786988251.779,50.3,0.000,0.763,0.000,0.7425,0.0945,28.16,-0.33101,0.167,0.180,0.000,0.1768,0.1583,TRACKING,C_only
1786988251.788,50.3,0.000,0.770,0.000,0.7425,0.0909,27.52,-0.32982,0.167,0.700,0.000,0.1559,0.1379,TRACKING,C_only
1786988251.807,50.3,0.000,0.771,0.000,0.7425,0.0871,26.87,-0.33468,0.167,0.700,0.000,0.1331,0.0851,TRACKING,C_only
1786988251.822,50.3,0.000,0.778,0.000,0.7425,0.0851,26.13,-0.35770,0.164,0.700,0.000,0.1381,0.0788,TRACKING,C_only
1786988251.838,50.3,0.000,0.778,0.000,0.7425,0.0837,25.58,-0.34074,0.166,0.700,0.000,0.1444,0.0819,TRACKING,C_only
1786988251.847,50.3,0.000,0.785,0.000,0.7425,0.0831,24.96,-0.33988,0.166,0.700,0.000,0.1634,0.0934,TRACKING,C_only
1786988251.867,50.3,0.000,0.789,0.000,0.7425,0.0834,24.63,-0.31119,0.169,0.700,0.000,0.1823,0.1063,TRACKING,C_only
1786988251.881,50.3,0.000,0.793,0.000,0.7425,0.0843,23.86,-0.33070,0.167,0.700,0.000,0.2293,0.1350,TRACKING,C_only
1786988251.895,50.3,0.000,0.796,0.000,0.7425,0.0852,23.13,-0.33489,0.167,0.700,0.000,0.2738,0.1649,TRACKING,C_only
1786988251.901,50.3,0.620,0.796,0.000,0.4882,0.0867,22.07,-0.39240,0.161,0.700,0.000,0.3493,0.2119,TRACKING,L+C
1786988251.917,50.3,0.926,0.802,0.000,0.4983,0.0888,21.42,-0.40783,0.159,0.700,0.000,0.4115,0.2543,TRACKING,L+C
1786988251.935,50.3,0.945,0.803,0.000,0.5017,0.0922,21.13,-0.38384,0.162,0.700,0.000,0.4622,0.2900,TRACKING,L+C
1786988251.963,50.3,0.946,0.808,0.000,0.5116,0.0946,20.33,-0.41673,0.158,0.700,0.000,0.5382,0.3382,TRACKING,L+C
1786988251.980,50.3,0.946,0.809,0.000,0.5162,0.0960,19.42,-0.46227,0.154,0.700,0.000,0.6144,0.3884,TRACKING,L+C
1786988251.996,50.3,0.946,0.816,0.000,0.5147,0.0976,19.25,-0.42746,0.157,0.700,0.000,0.6231,0.4015,TRACKING,L+C
1786988252.012,50.3,0.894,0.824,0.000,0.5188,0.0995,18.11,-0.49064,0.151,0.700,0.000,0.7230,0.4596,TRACKING,L+C
1786988252.033,50.3,0.861,0.830,0.000,0.5164,0.1028,18.02,-0.48342,0.152,0.700,0.000,0.7609,0.4897,TRACKING,L+C
1786988252.052,50.3,0.850,0.835,0.000,0.5142,0.1056,17.72,-0.49516,0.150,0.700,0.000,0.8114,0.5225,TRACKING,L+C
1786988252.054,50.3,0.856,0.837,0.000,0.5154,0.1093,17.52,-0.47096,0.153,0.700,0.000,0.8406,0.5440,TRACKING,L+C
1786988252.070,50.3,0.875,0.834,0.000,0.5158,0.1134,17.42,-0.45509,0.154,0.700,0.000,0.8745,0.5664,TRACKING,L+C
1786988252.086,50.3,0.883,0.837,0.000,0.5164,0.1177,17.35,-0.43504,0.156,0.700,0.000,0.9041,0.5865,TRACKING,L+C
1786988252.102,50.3,0.890,0.839,0.000,0.5179,0.1225,17.00,-0.44550,0.155,0.700,0.000,0.9618,0.6217,TRACKING,L+C
1786988252.119,50.3,0.874,0.838,0.000,0.5164,0.1262,16.71,-0.43796,0.156,0.700,0.000,0.9944,0.6452,TRACKING,L+C
1786988252.149,50.3,0.871,0.844,0.000,0.5177,0.1320,16.77,-0.40566,0.159,0.700,0.000,1.0000,0.6523,TRACKING,L+C
1786988252.159,50.3,0.865,0.851,0.000,0.5185,0.1372,16.41,-0.42032,0.158,0.700,0.000,1.0000,0.6538,TRACKING,L+C
1786988252.165,50.3,0.868,0.852,0.000,0.5189,0.1420,16.17,-0.40800,0.159,0.180,0.000,1.0000,0.6544,TRACKING,L+C
1786988252.186,50.3,0.866,0.852,0.000,0.5178,0.1460,15.49,-0.46308,0.154,0.180,0.000,1.0000,0.9488,TRACKING,L+C
1786988252.197,50.3,0.875,0.857,0.000,0.5180,0.1508,15.16,-0.46429,0.154,0.180,0.000,1.0000,0.9923,TRACKING,L+C
1786988252.213,50.3,0.865,0.857,0.000,0.5179,0.1539,14.05,-0.58003,0.150,0.180,0.000,1.0000,0.9989,TRACKING,L+C
1786988252.245,50.3,0.871,0.864,0.000,0.5158,0.1560,13.74,-0.60582,0.150,0.180,0.000,1.0000,0.9998,TRACKING,L+C
1786988252.261,50.3,0.876,0.868,0.000,0.5160,0.1569,13.61,-0.61553,0.150,0.180,0.000,1.0000,1.0000,TRACKING,L+C
1786988252.277,50.3,0.873,0.869,0.000,0.5148,0.1555,13.87,-0.58885,0.150,0.180,0.000,1.0000,1.0000,TRACKING,L+C
1786988252.293,50.3,0.875,0.871,0.000,0.5119,0.1525,14.23,-0.58931,0.150,0.180,0.000,1.0000,1.0000,TRACKING,L+C
1786988252.308,50.3,0.897,0.875,0.000,0.5131,0.1494,14.39,-0.59757,0.150,0.180,0.000,1.0000,1.0000,TRACKING,L+C
1786988252.340,50.3,0.906,0.877,0.000,0.5154,0.1473,14.54,-0.59082,0.150,0.180,0.000,1.0000,1.0000,TRACKING,L+C
1786988252.362,50.3,0.907,0.883,0.000,0.5144,0.1447,14.33,-0.65079,0.150,0.180,0.000,1.0000,1.0000,TRACKING,L+C
1786988252.380,50.3,0.907,0.874,0.000,0.5158,0.1440,14.57,-0.64537,0.150,0.180,0.000,1.0000,1.0000,TRACKING,L+C
1786988252.398,60.4,0.859,0.874,0.000,0.5157,0.1442,14.80,-0.61226,0.150,0.180,0.000,1.0000,1.0000,TRACKING,L+C
1786988252.414,60.4,0.857,0.871,0.000,0.5169,0.1451,14.82,-0.61780,0.150,0.180,0.000,1.0000,1.0000,TRACKING,L+C
1786988252.429,60.4,0.863,0.869,0.000,0.5167,0.1478,15.10,-0.56957,0.150,0.180,0.000,1.0000,1.0000,TRACKING,L+C
1786988252.445,60.4,0.882,0.878,0.000,0.5186,0.1526,14.90,-0.57976,0.150,0.180,0.000,1.0000,1.0000,TRACKING,L+C
1786988252.467,60.4,0.881,0.881,0.000,0.5180,0.1586,15.08,-0.54262,0.150,0.180,0.000,1.0000,1.0000,TRACKING,L+C
1786988252.477,60.4,0.867,0.887,0.000,0.5159,0.1638,14.94,-0.52497,0.150,0.180,0.000,1.0000,1.0000,TRACKING,L+C
1786988252.493,60.4,0.000,0.870,0.890,0.5161,-0.1632,-8.03,-0.72506,0.150,0.700,0.000,-1.0000,0.0855,TRACKING,R+C
1786988252.509,60.4,0.000,0.868,0.888,0.5150,-0.1560,-7.80,-0.69425,0.150,0.700,0.000,-1.0000,-0.3006,TRACKING,R+C
1786988252.525,60.4,0.000,0.861,0.893,0.5127,-0.1485,-7.80,-0.68416,0.150,0.700,0.000,-1.0000,-0.6073,TRACKING,R+C
1786988252.541,60.4,0.000,0.851,0.896,0.5081,-0.1418,-8.66,-0.73451,0.150,0.700,0.000,-1.0000,-0.6529,TRACKING,R+C
1786988252.569,60.4,0.000,0.854,0.906,0.5030,-0.1339,-9.06,-0.77887,0.150,0.700,0.000,-1.0000,-0.6592,TRACKING,R+C
1786988252.583,60.4,0.000,0.854,0.908,0.5008,-0.1254,-8.29,-0.73976,0.150,0.700,0.000,-1.0000,-0.6596,TRACKING,R+C
1786988252.589,60.4,0.000,0.855,0.915,0.4989,-0.1201,-8.38,-0.75437,0.150,0.700,0.000,-1.0000,-0.6594,TRACKING,R+C
1786988252.604,60.4,0.000,0.859,0.916,0.4994,-0.1164,-8.14,-0.75402,0.150,0.700,0.000,-1.0000,-0.6592,TRACKING,R+C
1786988252.621,60.4,0.000,0.870,0.920,0.4987,-0.1143,-7.25,-0.69279,0.150,0.180,0.000,-1.0000,-0.6591,TRACKING,R+C
1786988252.641,60.4,0.000,0.851,0.914,0.4960,-0.1156,-8.21,-0.81122,0.150,0.180,0.000,-1.0000,-0.9499,TRACKING,R+C
1786988252.653,60.4,0.000,0.859,0.919,0.4938,-0.1152,-7.59,-0.78281,0.150,0.180,0.000,-1.0000,-0.9925,TRACKING,R+C
1786988252.668,60.4,0.000,0.864,0.920,0.5005,-0.1153,-7.72,-0.79486,0.150,0.180,0.000,-1.0000,-0.9989,TRACKING,R+C
1786988252.697,60.4,0.000,0.859,0.926,0.5048,-0.1131,-7.71,-0.79335,0.150,0.180,0.000,-1.0000,-0.9998,TRACKING,R+C
1786988252.727,60.4,0.000,0.853,0.928,0.5067,-0.1061,-6.56,-0.72481,0.150,0.180,0.000,-1.0000,-1.0000,TRACKING,R+C
1786988252.741,60.4,0.380,0.848,0.934,0.5400,-0.0981,-6.83,-0.74319,0.150,0.180,0.000,-1.0000,-1.0000,TRACKING,L+C+R_fused
1786988252.757,60.4,0.000,0.845,0.938,0.5059,-0.0889,-6.48,-0.72981,0.150,0.700,0.000,-1.0000,-1.0000,TRACKING,R+C
1786988252.782,60.4,0.351,0.847,0.946,0.4497,-0.0797,-6.13,-0.69376,0.150,0.180,0.000,-0.9928,-0.7043,TRACKING,L+C+R_fused
1786988252.790,60.4,0.000,0.860,0.935,0.5000,-0.0706,-5.97,-0.69914,0.150,0.700,0.000,-0.9127,-0.8841,TRACKING,R+C
1786988252.816,60.4,0.000,0.854,0.936,0.5005,-0.0644,-5.97,-0.71371,0.150,0.180,0.000,-0.8504,-0.6082,TRACKING,R+C
1786988252.825,60.4,0.000,0.864,0.946,0.5023,-0.0617,-6.06,-0.72845,0.150,0.700,0.000,-0.8201,-0.7930,TRACKING,R+C
1786988252.838,60.4,0.000,0.854,0.945,0.5029,-0.0605,-6.15,-0.75499,0.150,0.180,0.000,-0.8063,-0.5701,TRACKING,R+C
1786988252.870,60.4,0.000,0.856,0.935,0.5036,-0.0585,-5.32,-0.72934,0.150,0.700,0.000,-0.8043,-0.7743,TRACKING,R+C
1786988252.886,60.4,0.000,0.857,0.931,0.5033,-0.0563,-4.74,-0.71642,0.150,0.700,0.000,-0.7942,-0.5607,TRACKING,R+C
1786988252.900,60.4,0.000,0.867,0.938,0.5048,-0.0519,-3.31,-0.62617,0.150,0.700,0.000,-0.7738,-0.5177,TRACKING,R+C
1786988252.903,60.4,0.000,0.872,0.913,0.5040,-0.0476,-2.02,-0.54225,0.150,0.700,0.000,-0.7508,-0.4986,TRACKING,R+C
1786988252.936,60.4,0.000,0.874,0.863,0.5066,-0.0459,-1.43,-0.51909,0.150,0.700,0.000,-0.7446,-0.4923,TRACKING,R+C
1786988252.962,60.4,0.000,0.872,0.928,0.4969,-0.0467,-1.47,-0.55865,0.150,0.700,0.000,-0.7588,-0.4994,TRACKING,R+C
1786988252.978,60.4,0.000,0.862,0.930,0.5048,-0.0500,-2.02,-0.63019,0.150,0.700,0.000,-0.7903,-0.5180,TRACKING,R+C
1786988252.984,60.4,0.774,0.860,0.917,0.5435,-0.0504,-0.51,-0.52873,0.150,0.700,0.000,-0.8247,-0.5397,TRACKING,L+C+R_fused
1786988253.000,60.4,0.000,0.860,0.923,0.5148,-0.0523,0.33,-0.47289,0.153,0.700,0.000,-0.8409,-0.5521,TRACKING,R+C
1786988253.019,60.4,0.000,0.860,0.915,0.4962,-0.0552,1.24,-0.41355,0.159,0.700,0.000,-0.8403,-0.5540,TRACKING,R+C
1786988253.033,60.4,0.000,0.860,0.890,0.5078,-0.0594,0.96,-0.45781,0.154,0.700,0.000,-0.9135,-0.5944,TRACKING,R+C
1786988253.064,60.4,0.000,0.855,0.825,0.5180,-0.0623,1.63,-0.40930,0.159,0.700,0.000,-0.9114,-0.5997,TRACKING,R+C
1786988253.064,60.4,0.000,0.816,0.922,0.5261,-0.0691,-2.65,-0.98850,0.150,0.700,0.000,-1.0000,-0.6493,TRACKING,R+C
1786988253.089,60.4,0.000,0.848,0.804,0.5267,-0.0717,-1.44,-0.81544,0.150,0.180,0.000,-1.0000,-0.6567,TRACKING,R+C
1786988253.108,60.4,0.000,0.850,0.834,0.5844,-0.0733,-0.49,-0.77733,0.150,0.180,0.000,-1.0000,-0.9495,TRACKING,R+C
1786988253.116,60.4,0.000,0.855,0.822,0.5796,-0.0751,0.49,-0.71495,0.150,0.700,0.000,-1.0000,-0.9924,TRACKING,R+C
1786988253.143,60.4,0.000,0.841,0.917,0.5441,-0.0776,0.29,-0.78772,0.150,0.700,0.000,-1.0000,-0.7090,TRACKING,R+C
1786988253.160,60.4,0.000,0.850,0.924,0.5300,-0.0797,0.79,-0.77593,0.150,0.180,0.000,-1.0000,-0.6668,TRACKING,R+C
1786988253.180,60.4,0.000,0.850,0.924,0.5300,-0.0638,0.63,-0.62074,0.150,0.700,0.000,-1.0000,-0.9510,TRACKING,prediction
1786988253.197,60.4,0.000,0.831,0.926,0.5486,-0.0859,0.75,-0.83929,0.150,0.700,0.000,-1.0000,-0.7035,TRACKING,R+C
1786988253.215,60.4,0.000,0.831,0.926,0.5486,-0.0687,0.60,-0.67143,0.150,0.700,0.000,-1.0000,-0.6665,TRACKING,prediction
1786988253.234,60.4,0.000,0.831,0.926,0.5486,-0.0549,0.48,-0.53715,0.150,0.700,0.000,-1.0000,-0.6609,TRACKING,prediction
1786988253.248,60.4,0.000,0.831,0.926,0.5486,-0.0440,0.38,-0.42972,0.150,0.700,0.000,-1.0000,-0.6601,TRACKING,prediction
1786988253.271,60.4,0.000,0.831,0.926,0.5486,-0.0352,0.31,-0.34377,0.150,0.700,0.000,-1.0000,-0.6600,TRACKING,prediction
1786988253.290,60.4,0.000,0.831,0.926,0.5486,-0.0281,0.24,-0.27502,0.150,0.700,0.000,-1.0000,-0.6600,TRACKING,prediction
1786988253.308,60.4,0.000,0.831,0.926,0.5486,-0.0225,0.20,-0.22002,0.150,0.700,0.000,-1.0000,-0.6600,TRACKING,prediction
1786988253.325,60.4,0.000,0.831,0.926,0.5486,-0.0180,0.16,-0.17601,0.150,0.700,0.000,-1.0000,-0.6600,TRACKING,prediction
1786988253.348,60.4,0.000,0.831,0.926,0.5486,-0.0144,0.13,-0.14081,0.150,0.700,0.000,-1.0000,-0.6600,TRACKING,prediction
1786988253.353,60.4,0.000,0.831,0.926,0.5486,-0.0115,0.10,-0.11265,0.150,0.700,0.000,-1.0000,-0.6600,TRACKING,prediction
1786988253.388,60.4,0.000,0.831,0.926,0.5486,-0.0092,0.08,-0.09012,0.150,0.700,0.000,-1.0000,-0.6600,TRACKING,prediction
1786988253.401,56.8,0.000,0.831,0.926,0.5486,-0.0074,0.06,-0.07209,0.150,0.699,0.000,-1.0000,-0.6600,TRACKING,prediction
1786988253.417,56.8,0.000,0.831,0.926,0.5486,-0.0059,0.05,-0.05768,0.150,0.664,0.000,-1.0000,-0.6604,TRACKING,prediction
1786988253.447,56.8,0.000,0.831,0.926,0.5486,-0.0047,0.04,-0.04614,0.150,0.631,0.000,-1.0000,-0.6803,TRACKING,prediction
1786988253.469,56.8,0.000,0.831,0.926,0.5486,-0.0038,0.03,-0.03691,0.150,0.600,0.000,-1.0000,-0.7021,TRACKING,prediction
1786988253.477,56.8,0.000,0.831,0.926,0.5486,-0.0030,0.03,-0.02953,0.150,0.570,0.000,-1.0000,-0.7231,TRACKING,prediction
1786988253.509,56.8,0.000,0.831,0.926,0.5486,-0.0024,0.02,-0.02362,0.150,0.490,0.000,-1.0000,-0.7432,UNCERTAIN,prediction
1786988253.531,56.8,0.000,0.831,0.926,0.5486,-0.0019,0.02,-0.01890,0.150,0.490,0.000,-1.0000,-0.7908,UNCERTAIN,prediction
1786988253.540,56.8,0.000,0.831,0.926,0.5486,-0.0015,0.01,-0.01512,0.150,0.488,0.000,-1.0000,-0.7978,UNCERTAIN,prediction
1786988253.568,56.8,0.000,0.831,0.926,0.5486,-0.0012,0.01,-0.01210,0.150,0.464,0.000,-1.0000,-0.7998,UNCERTAIN,prediction
1786988253.583,56.8,0.000,0.831,0.926,0.5486,-0.0010,0.01,-0.00968,0.150,0.180,0.000,-1.0000,-0.8137,UNCERTAIN,prediction
1786988253.603,56.8,0.000,0.831,0.926,0.5486,-0.0008,0.01,-0.00774,0.150,0.180,0.000,-1.0000,-0.9724,UNCERTAIN,prediction
1786988253.622,56.8,0.000,0.831,0.926,0.5486,-0.0006,0.01,-0.00619,0.150,0.398,0.000,-1.0000,-0.9959,UNCERTAIN,prediction
1786988253.641,56.8,0.000,0.831,0.926,0.5486,-0.0005,0.00,-0.00495,0.150,0.180,0.000,-1.0000,-0.8799,UNCERTAIN,prediction
1786988253.651,56.8,0.000,0.831,0.926,0.5486,-0.0004,0.00,-0.00396,0.150,0.359,0.000,-1.0000,-0.9821,UNCERTAIN,prediction
1786988253.682,56.8,0.000,0.831,0.926,0.5486,-0.0003,0.00,-0.00317,0.150,0.341,0.000,-1.0000,-0.8992,UNCERTAIN,prediction
1786988253.698,56.8,0.000,0.831,0.926,0.5486,-0.0003,0.00,-0.00254,0.150,0.324,0.000,-1.0000,-0.8967,UNCERTAIN,prediction
1786988253.714,56.8,0.000,0.886,0.843,0.6096,-0.1551,3.50,-1.09253,0.150,0.700,0.000,-1.0000,-0.9090,TRACKING,R+C
1786988253.730,56.8,0.000,0.886,0.838,0.6110,-0.1572,4.63,-1.00630,0.150,0.700,0.000,-1.0000,-0.7035,TRACKING,R+C
1786988253.750,56.8,0.000,0.698,0.828,0.6243,-0.1433,19.99,0.67945,0.150,0.700,0.000,-1.0000,-0.6717,TRACKING,R+C
1786988253.762,56.8,0.000,0.698,0.828,0.6243,-0.1146,15.99,0.54356,0.150,0.180,0.000,-1.0000,-0.6672,TRACKING,prediction
1786988253.788,56.8,0.000,0.698,0.828,0.6243,-0.0917,12.79,0.43485,0.150,0.700,0.000,-1.0000,-0.9519,TRACKING,prediction
1786988253.797,56.8,0.000,0.720,0.821,0.6214,-0.1471,15.21,0.31602,0.168,0.700,0.000,-1.0000,-0.7089,TRACKING,R+C
1786988253.818,56.8,0.000,0.702,0.822,0.6246,-0.1443,18.30,0.67586,0.150,0.700,0.000,-1.0000,-0.6723,TRACKING,R+C
1786988253.839,56.8,0.000,0.702,0.822,0.6246,-0.1154,14.64,0.54069,0.150,0.700,0.000,-1.0000,-0.6668,TRACKING,prediction
1786988253.865,56.8,0.000,0.843,0.814,0.6225,-0.1540,5.40,-1.15838,0.150,0.700,0.000,-1.0000,-0.6683,TRACKING,R+C
1786988253.870,56.8,0.000,0.843,0.814,0.6225,-0.1232,4.32,-0.92670,0.150,0.700,0.000,-1.0000,-0.6682,TRACKING,prediction
1786988253.900,56.8,0.864,0.820,0.000,0.6266,0.2065,15.46,-1.51745,0.150,0.700,0.000,1.0000,-0.2075,TRACKING,L+C
1786988253.918,56.8,0.864,0.820,0.000,0.6266,0.1652,12.36,-1.21396,0.150,0.180,0.000,1.0000,0.2140,TRACKING,prediction
1786988253.934,56.8,0.864,0.820,0.000,0.6266,0.1322,9.89,-0.97117,0.150,0.180,0.000,1.0000,0.8837,TRACKING,prediction
1786988253.960,56.8,0.864,0.820,0.000,0.6266,0.1057,7.91,-0.77694,0.150,0.180,0.000,1.0000,0.9825,TRACKING,prediction
1786988253.968,56.8,0.000,0.842,0.674,0.6557,-0.1397,9.20,-0.68338,0.150,0.180,0.000,-1.0000,0.0478,TRACKING,R+C
1786988253.997,56.8,0.000,0.850,0.669,0.6631,-0.1369,9.90,-0.58811,0.150,0.180,0.000,-1.0000,-0.7413,TRACKING,R+C
1786988254.013,56.8,0.000,0.850,0.669,0.6631,-0.1095,7.92,-0.47048,0.150,0.180,0.000,-1.0000,-0.9612,TRACKING,prediction
1786988254.029,56.8,0.000,0.841,0.676,0.6772,-0.1314,11.79,-0.31643,0.168,0.180,0.000,-1.0000,-0.9942,TRACKING,R+C
1786988254.055,56.8,0.000,0.840,0.669,0.6962,-0.1304,12.05,-0.23859,0.176,0.180,0.000,-1.0000,-0.9991,TRACKING,R+C
1786988254.068,56.8,0.000,0.839,0.670,0.7062,-0.1301,12.65,-0.15036,0.185,0.180,0.000,-1.0000,-0.9999,TRACKING,R+C
1786988254.083,56.8,0.000,0.839,0.670,0.7062,-0.1041,10.12,-0.12029,0.185,0.180,0.000,-1.0000,-1.0000,TRACKING,prediction
1786988254.115,56.8,0.000,0.839,0.670,0.7062,-0.0833,8.10,-0.09623,0.185,0.180,0.000,-1.0000,-1.0000,TRACKING,prediction
1786988254.137,56.8,0.000,0.839,0.670,0.7062,-0.0666,6.48,-0.07699,0.185,0.180,0.000,-1.0000,-1.0000,TRACKING,prediction
1786988254.163,56.8,0.000,0.839,0.670,0.7062,-0.0533,5.18,-0.06159,0.185,0.180,0.000,-1.0000,-1.0000,TRACKING,prediction
1786988254.178,56.8,0.000,0.839,0.670,0.7062,-0.0426,4.15,-0.04927,0.185,0.180,0.000,-1.0000,-1.0000,TRACKING,prediction
1786988254.195,56.8,0.000,0.857,0.634,0.6929,-0.1514,10.92,0.01452,0.199,0.180,0.000,-1.0000,-1.0000,TRACKING,R+C
1786988254.220,56.8,0.000,0.857,0.634,0.6929,-0.1211,8.73,0.01162,0.199,0.180,0.000,-1.0000,-1.0000,TRACKING,prediction
1786988254.241,56.8,0.000,0.838,0.646,0.6855,-0.1485,9.37,0.01542,0.198,0.180,0.000,-1.0000,-1.0000,TRACKING,R+C
1786988254.262,56.8,0.000,0.821,0.652,0.6803,-0.1469,7.93,-0.05652,0.194,0.180,0.000,-1.0000,-1.0000,TRACKING,R+C
1786988254.276,56.8,0.000,0.821,0.652,0.6803,-0.1175,6.34,-0.04521,0.194,0.180,0.000,-1.0000,-1.0000,TRACKING,prediction
1786988254.292,56.8,0.000,0.793,0.645,0.6611,-0.1421,5.97,-0.09635,0.190,0.180,0.000,-1.0000,-1.0000,TRACKING,R+C
1786988254.323,56.8,0.000,0.793,0.645,0.6611,-0.1137,4.77,-0.07708,0.190,0.180,0.000,-1.0000,-1.0000,TRACKING,prediction
1786988254.366,56.8,0.000,0.793,0.645,0.6611,-0.0909,3.82,-0.06167,0.190,0.180,0.000,-1.0000,-1.0000,TRACKING,prediction
1786988254.372,56.8,0.000,0.819,0.638,0.6261,-0.1332,4.51,-0.03269,0.197,0.180,0.000,-1.0000,-1.0000,TRACKING,R+C
1786988254.407,49.7,0.000,0.808,0.636,0.6189,-0.1296,3.72,-0.05871,0.194,0.180,0.000,-1.0000,-1.0000,TRACKING,R+C
1786988254.427,49.7,0.000,0.799,0.627,0.5966,-0.1252,3.05,-0.07035,0.193,0.180,0.000,-1.0000,-1.0000,TRACKING,R+C
1786988254.443,49.7,0.000,0.801,0.641,0.5799,-0.1207,2.43,-0.07318,0.193,0.180,0.000,-1.0000,-1.0000,TRACKING,R+C
1786988254.461,49.7,0.000,0.795,0.630,0.5806,-0.1154,1.65,-0.09883,0.190,0.180,0.000,-1.0000,-1.0000,TRACKING,R+C
1786988254.478,49.7,0.000,0.795,0.630,0.5806,-0.0923,1.32,-0.07906,0.190,0.180,0.000,-1.0000,-1.0000,TRACKING,prediction
1786988254.498,49.7,0.000,0.795,0.630,0.5806,-0.0738,1.05,-0.06325,0.190,0.180,0.000,-1.0000,-1.0000,TRACKING,prediction
1786988254.526,49.7,0.718,0.759,0.626,0.4288,-0.1002,-1.59,-0.27359,0.173,0.180,0.000,-1.0000,-1.0000,TRACKING,L+C+R_fused
1786988254.546,49.7,0.743,0.762,0.648,0.5214,-0.0956,-2.01,-0.29084,0.171,0.180,0.000,-1.0000,-1.0000,TRACKING,L+C+R_fused
1786988254.562,49.7,0.766,0.764,0.623,0.5180,-0.0933,-2.45,-0.30423,0.170,0.180,0.000,-0.9876,-0.9898,TRACKING,L+C+R_fused
1786988254.596,49.7,0.907,0.755,0.647,0.5452,-0.0943,-3.54,-0.38650,0.161,0.180,0.000,-1.0000,-0.9985,TRACKING,L+C+R_fused
1786988254.609,49.7,0.736,0.744,0.641,0.4866,-0.0962,-4.30,-0.44476,0.156,0.180,0.000,-1.0000,-0.9998,TRACKING,L+C+R_fused
1786988254.641,49.7,0.744,0.731,0.639,0.4886,-0.0989,-6.19,-0.58777,0.150,0.180,0.000,-1.0000,-1.0000,TRACKING,L+C+R_fused
1786988254.658,49.7,0.775,0.718,0.634,0.4931,-0.0973,-6.35,-0.61262,0.150,0.180,0.000,-1.0000,-1.0000,TRACKING,L+C+R_fused
1786988254.684,49.7,0.843,0.709,0.630,0.5051,-0.0939,-7.29,-0.68602,0.150,0.180,0.000,-1.0000,-1.0000,TRACKING,L+C+R_fused
1786988254.702,49.7,0.739,0.701,0.643,0.4721,-0.0875,-8.43,-0.78403,0.150,0.180,0.000,-1.0000,-1.0000,TRACKING,L+C+R_fused
1786988254.727,49.7,0.837,0.697,0.660,0.5032,-0.0793,-9.08,-0.82879,0.150,0.180,0.000,-0.9349,-0.9463,TRACKING,L+C+R_fused
1786988254.734,49.7,0.748,0.697,0.639,0.4926,-0.0714,-10.30,-0.91530,0.150,0.180,0.000,-0.8322,-0.8530,TRACKING,L+C+R_fused
1786988254.768,49.7,0.749,0.692,0.713,0.4955,-0.0632,-12.09,-1.03741,0.150,0.180,0.000,-0.6965,-0.7256,TRACKING,L+C+R_fused
1786988254.782,49.7,0.761,0.693,0.748,0.5021,-0.0509,-11.66,-1.04364,0.150,0.180,0.000,-0.5440,-0.5781,TRACKING,L+C+R_fused
1786988254.798,49.7,0.770,0.694,0.698,0.4986,-0.0423,-11.84,-1.07638,0.150,0.180,0.000,-0.4118,-0.4439,TRACKING,L+C+R_fused
1786988254.816,49.7,0.786,0.703,0.739,0.4969,-0.0354,-12.51,-1.15387,0.150,0.180,0.000,-0.2854,-0.3164,TRACKING,L+C+R_fused
1786988254.845,49.7,0.786,0.712,0.738,0.4976,-0.0312,-12.92,-1.20706,0.150,0.180,0.000,-0.2058,-0.2295,TRACKING,L+C+R_fused
1786988254.861,49.7,0.750,0.720,0.708,0.4967,-0.0283,-12.80,-1.22865,0.150,0.180,0.000,-0.1649,-0.1817,TRACKING,L+C+R_fused
1786988254.877,49.7,0.760,0.729,0.683,0.4968,-0.0300,-14.52,-1.35818,0.150,0.180,0.000,-0.1450,-0.1581,TRACKING,L+C+R_fused
1786988254.893,49.7,0.861,0.722,0.681,0.4943,-0.0266,-13.97,-1.42023,0.150,0.180,0.000,-0.1229,-0.1363,TRACKING,L+C+R_fused
1786988254.929,49.7,0.874,0.740,0.716,0.4967,-0.0250,-13.44,-1.44051,0.150,0.180,0.000,-0.1200,-0.1310,TRACKING,L+C+R_fused
1786988254.941,49.7,0.756,0.745,0.707,0.4890,-0.0238,-13.05,-1.48471,0.150,0.180,0.000,-0.1259,-0.1358,TRACKING,L+C+R_fused
1786988254.970,49.7,0.791,0.746,0.753,0.4842,-0.0226,-12.11,-1.49827,0.150,0.180,0.000,-0.1464,-0.1547,TRACKING,L+C+R_fused
1786988254.977,49.7,0.837,0.742,0.669,0.4854,-0.0231,-12.44,-1.59088,0.150,0.180,0.000,-0.1594,-0.1693,TRACKING,L+C+R_fused
1786988255.009,49.7,0.833,0.749,0.711,0.4754,-0.0232,-12.72,-1.70674,0.150,0.180,0.000,-0.1731,-0.1842,TRACKING,L+C+R_fused
1786988255.025,49.7,0.800,0.725,0.711,0.4522,-0.0190,-9.35,-1.55586,0.150,0.180,0.000,-0.2136,-0.2207,TRACKING,L+C+R_fused
1786988255.041,49.7,0.328,0.746,0.693,0.4927,-0.0199,-10.50,-1.75195,0.150,0.180,0.000,-0.2173,-0.2306,TRACKING,L+C+R_fused
1786988255.071,49.7,0.000,0.749,0.702,0.5006,-0.0191,-9.48,-1.77404,0.150,0.180,0.000,-0.2490,-0.2595,TRACKING,R+C
1786988255.082,49.7,0.000,0.755,0.684,0.5051,-0.0186,-7.88,-1.74598,0.150,0.180,0.000,-0.3013,-0.3085,TRACKING,R+C
1786988255.098,49.7,0.000,0.760,0.675,0.5147,-0.0180,-6.05,-1.67202,0.150,0.180,0.000,-0.3531,-0.3596,TRACKING,R+C
1786988255.114,49.7,0.000,0.752,0.732,0.4962,-0.0175,-4.27,-1.58922,0.150,0.180,0.000,-0.4002,-0.4070,TRACKING,R+C
1786988255.131,49.7,0.000,0.748,0.680,0.5042,-0.0171,-2.17,-1.49099,0.150,0.180,0.000,-0.4605,-0.4650,TRACKING,R+C
1786988255.147,49.7,0.000,0.752,0.644,0.5204,-0.0187,-1.65,-1.53612,0.150,0.180,0.000,-0.5109,-0.5162,TRACKING,R+C
1786988255.163,49.7,0.000,0.750,0.670,0.5233,-0.0207,-1.07,-1.57722,0.150,0.180,0.000,-0.5686,-0.5724,TRACKING,R+C
1786988255.179,49.7,0.000,0.750,0.694,0.5608,-0.0230,-0.02,-1.56235,0.150,0.180,0.000,-0.6355,-0.6368,TRACKING,R+C
1786988255.195,49.7,0.000,0.747,0.679,0.5660,-0.0276,-0.10,-1.65339,0.150,0.180,0.000,-0.7053,-0.7045,TRACKING,R+C
1786988255.224,49.7,0.000,0.756,0.683,0.5807,-0.0294,2.49,-1.48121,0.150,0.180,0.000,-0.7850,-0.7803,TRACKING,R+C
1786988255.242,49.7,0.000,0.742,0.688,0.5864,-0.0332,3.93,-1.41354,0.150,0.180,0.000,-0.8604,-0.8536,TRACKING,R+C
1786988255.274,49.7,0.000,0.748,0.746,0.5744,-0.0387,2.96,-1.59259,0.150,0.180,0.000,-0.9108,-0.9058,TRACKING,R+C
1786988255.290,49.7,0.000,0.757,0.753,0.5806,-0.0404,4.17,-1.51449,0.150,0.180,0.000,-0.9494,-0.9449,TRACKING,R+C
1786988255.307,49.7,0.000,0.760,0.807,0.5840,-0.0408,4.93,-1.46696,0.150,0.180,0.000,-0.9660,-0.9643,TRACKING,R+C
1786988255.323,49.7,0.000,0.760,0.807,0.5840,-0.0326,3.95,-1.17357,0.150,0.180,0.000,-0.9660,-0.9672,TRACKING,prediction
1786988255.338,49.7,0.000,0.755,0.863,0.5805,-0.0336,6.11,-1.41553,0.150,0.180,0.000,-0.9229,-0.9326,TRACKING,R+C
1786988255.354,49.7,0.000,0.756,0.857,0.5808,-0.0293,6.52,-1.39690,0.150,0.180,0.000,-0.8889,-0.8997,TRACKING,R+C
1786988255.370,49.7,0.000,0.756,0.858,0.5815,-0.0260,7.00,-1.35315,0.150,0.180,0.000,-0.8622,-0.8730,TRACKING,R+C
1786988255.385,49.7,0.000,0.757,0.857,0.5820,-0.0245,7.27,-1.35004,0.150,0.180,0.000,-0.8536,-0.8620,TRACKING,R+C
1786988255.401,49.7,0.000,0.760,0.868,0.5830,-0.0244,7.73,-1.31772,0.150,0.180,0.000,-0.8618,-0.8671,TRACKING,R+C
1786988255.433,50.7,0.000,0.751,0.842,0.5833,-0.0226,8.44,-1.26355,0.150,0.180,0.000,-0.8571,-0.8639,TRACKING,R+C
1786988255.452,50.7,0.000,0.751,0.853,0.5808,-0.0187,9.10,-1.20688,0.150,0.180,0.000,-0.8269,-0.8388,TRACKING,R+C
1786988255.471,50.7,0.000,0.756,0.858,0.5771,-0.0149,8.82,-1.24044,0.150,0.180,0.000,-0.7795,-0.7962,TRACKING,R+C
1786988255.501,50.7,0.000,0.755,0.869,0.5594,-0.0109,9.13,-1.21795,0.150,0.180,0.000,-0.7391,-0.7565,TRACKING,R+C
1786988255.505,50.7,0.000,0.755,0.877,0.5579,-0.0087,9.79,-1.15138,0.150,0.180,0.000,-0.7242,-0.7382,TRACKING,R+C
1786988255.535,50.7,0.000,0.761,0.860,0.5746,-0.0085,9.53,-1.17363,0.150,0.180,0.000,-0.7164,-0.7292,TRACKING,R+C
1786988255.555,50.7,0.000,0.763,0.866,0.5662,-0.0090,9.49,-1.16914,0.150,0.180,0.000,-0.7206,-0.7313,TRACKING,R+C
1786988255.569,50.7,0.000,0.763,0.866,0.5662,-0.0072,7.59,-0.93531,0.150,0.180,0.000,-0.7206,-0.7316,TRACKING,prediction
1786988255.585,50.7,0.000,0.763,0.866,0.5662,-0.0058,6.07,-0.74825,0.150,0.180,0.000,-0.7206,-0.7316,TRACKING,prediction
1786988255.600,50.7,0.000,0.763,0.866,0.5662,-0.0046,4.86,-0.59860,0.150,0.180,0.000,-0.7206,-0.7316,TRACKING,prediction
1786988255.632,50.7,0.000,0.763,0.866,0.5662,-0.0037,3.89,-0.47888,0.150,0.180,0.000,-0.7206,-0.7316,TRACKING,prediction
1786988255.653,50.7,0.000,0.763,0.866,0.5662,-0.0030,3.11,-0.38310,0.150,0.180,0.000,-0.7206,-0.7316,TRACKING,prediction
1786988255.670,50.7,0.000,0.763,0.866,0.5662,-0.0024,2.49,-0.30648,0.150,0.180,0.000,-0.7206,-0.7316,TRACKING,prediction
1786988255.679,50.7,0.000,0.763,0.866,0.5662,-0.0019,1.99,-0.24519,0.150,0.180,0.000,-0.7206,-0.7316,TRACKING,prediction
1786988255.696,50.7,0.000,0.763,0.866,0.5662,-0.0015,1.59,-0.19615,0.150,0.180,0.000,-0.7206,-0.7316,TRACKING,prediction
1786988255.727,50.7,0.000,0.763,0.866,0.5662,-0.0012,1.27,-0.15692,0.150,0.180,0.000,-0.7206,-0.7316,TRACKING,prediction
1786988255.745,50.7,0.000,0.764,0.846,0.5070,0.0041,11.12,-0.99442,0.150,0.700,0.000,-0.5796,-0.6144,TRACKING,R+C
1786988255.766,50.7,0.000,0.764,0.846,0.5070,0.0033,8.90,-0.79554,0.150,0.700,0.000,-0.5796,-0.4219,TRACKING,prediction
1786988255.774,50.7,0.000,0.770,0.766,0.5783,-0.0114,11.02,-0.99725,0.150,0.700,0.000,-0.7771,-0.5027,TRACKING,R+C
1786988255.790,50.7,0.000,0.770,0.897,0.5786,-0.0141,11.47,-0.97436,0.150,0.700,0.000,-0.8189,-0.5375,TRACKING,R+C
1786988255.811,50.7,0.000,0.773,0.901,0.5766,-0.0147,12.36,-0.85738,0.150,0.700,0.000,-0.8385,-0.5532,TRACKING,R+C
1786988255.834,50.7,0.000,0.777,0.895,0.5769,-0.0152,12.06,-0.87935,0.150,0.700,0.000,-0.8376,-0.5551,TRACKING,R+C
1786988255.848,50.7,0.000,0.777,0.895,0.5769,-0.0122,9.65,-0.70348,0.150,0.700,0.000,-0.8376,-0.5554,TRACKING,prediction
1786988255.864,50.7,0.000,0.777,0.895,0.5769,-0.0097,7.72,-0.56278,0.150,0.700,0.000,-0.8376,-0.5554,TRACKING,prediction
1786988255.880,50.7,0.000,0.777,0.895,0.5769,-0.0078,6.17,-0.45023,0.150,0.700,0.000,-0.8376,-0.5554,TRACKING,prediction
1786988255.896,50.7,0.000,0.777,0.895,0.5769,-0.0062,4.94,-0.36018,0.150,0.700,0.000,-0.8376,-0.5554,TRACKING,prediction
1786988255.925,50.7,0.000,0.763,0.879,0.5972,-0.0436,11.62,-0.81861,0.150,0.700,0.000,-1.0000,-0.6450,TRACKING,R+C
1786988255.947,50.7,0.000,0.763,0.879,0.5972,-0.0349,9.29,-0.65489,0.150,0.700,0.000,-1.0000,-0.6581,TRACKING,prediction
1786988255.965,50.7,0.000,0.795,0.879,0.5942,-0.0426,12.28,-0.73015,0.150,0.700,0.000,-1.0000,-0.6599,TRACKING,R+C
1786988255.975,50.7,0.000,0.792,0.882,0.5878,-0.0400,11.83,-0.74441,0.150,0.180,0.000,-1.0000,-0.6599,TRACKING,R+C
1786988255.991,50.7,0.000,0.797,0.880,0.5817,-0.0373,11.67,-0.71609,0.150,0.180,0.000,-1.0000,-0.9500,TRACKING,R+C
1786988256.007,50.7,0.000,0.797,0.880,0.5817,-0.0298,9.33,-0.57287,0.150,0.180,0.000,-1.0000,-0.9925,TRACKING,prediction
1786988256.035,50.7,0.000,0.798,0.881,0.5691,-0.0324,10.74,-0.76118,0.150,0.180,0.000,-0.9616,-0.9677,TRACKING,R+C
1786988256.052,50.7,0.000,0.802,0.880,0.5683,-0.0308,11.25,-0.68299,0.150,0.180,0.000,-0.9510,-0.9553,TRACKING,R+C
1786988256.069,50.7,0.000,0.799,0.882,0.5703,-0.0329,11.09,-0.67835,0.150,0.180,0.000,-0.9663,-0.9659,TRACKING,R+C
1786988256.082,50.7,0.000,0.798,0.878,0.5746,-0.0392,10.41,-0.73870,0.150,0.180,0.000,-1.0000,-0.9949,TRACKING,R+C
1786988256.098,50.7,0.000,0.798,0.878,0.5746,-0.0313,8.33,-0.59096,0.150,0.180,0.000,-1.0000,-0.9992,TRACKING,prediction
1786988256.125,50.7,0.000,0.812,0.872,0.5834,-0.0551,11.07,-0.63069,0.150,0.180,0.000,-1.0000,-0.9999,TRACKING,R+C
1786988256.146,50.7,0.000,0.812,0.872,0.5834,-0.0441,8.86,-0.50455,0.150,0.180,0.000,-1.0000,-1.0000,TRACKING,prediction
1786988256.161,50.7,0.000,0.824,0.854,0.5868,-0.0677,10.95,-0.60708,0.150,0.180,0.000,-1.0000,-1.0000,TRACKING,R+C
1786988256.165,50.7,0.000,0.832,0.848,0.5862,-0.0699,10.87,-0.58212,0.150,0.180,0.000,-1.0000,-1.0000,TRACKING,R+C
1786988256.195,50.7,0.000,0.832,0.849,0.5841,-0.0691,10.26,-0.60740,0.150,0.180,0.000,-1.0000,-1.0000,TRACKING,R+C
1786988256.207,50.7,0.000,0.832,0.844,0.5787,-0.0666,9.87,-0.60982,0.150,0.180,0.000,-1.0000,-1.0000,TRACKING,R+C
1786988256.223,50.7,0.000,0.830,0.856,0.5713,-0.0624,9.76,-0.58122,0.150,0.180,0.000,-1.0000,-1.0000,TRACKING,R+C
1786988256.249,50.7,0.000,0.824,0.867,0.5628,-0.0588,8.83,-0.64527,0.150,0.180,0.000,-1.0000,-1.0000,TRACKING,R+C
1786988256.255,50.7,0.000,0.823,0.870,0.5555,-0.0539,8.73,-0.61638,0.150,0.180,0.000,-1.0000,-1.0000,TRACKING,R+C
1786988256.271,50.7,0.000,0.809,0.871,0.5527,-0.0493,7.46,-0.72544,0.150,0.180,0.000,-1.0000,-1.0000,TRACKING,R+C
1786988256.287,50.7,0.000,0.807,0.880,0.5502,-0.0445,7.24,-0.71475,0.150,0.180,0.000,-0.9821,-0.9854,TRACKING,R+C
1786988256.318,50.7,0.000,0.809,0.877,0.5477,-0.0399,6.71,-0.74403,0.150,0.180,0.000,-0.9299,-0.9406,TRACKING,R+C
1786988256.332,50.7,0.000,0.810,0.895,0.5412,-0.0353,6.68,-0.71814,0.150,0.180,0.000,-0.8809,-0.8936,TRACKING,R+C
1786988256.353,50.7,0.000,0.814,0.889,0.5343,-0.0309,6.29,-0.74137,0.150,0.180,0.000,-0.8252,-0.8407,TRACKING,R+C
1786988256.369,50.7,0.000,0.814,0.889,0.5343,-0.0247,5.03,-0.59309,0.150,0.180,0.000,-0.8252,-0.8328,TRACKING,prediction
1786988256.388,50.7,0.000,0.807,0.909,0.5186,-0.0227,4.66,-0.81377,0.150,0.180,0.000,-0.6853,-0.7154,TRACKING,R+C
1786988256.401,50.7,0.591,0.799,0.924,0.4655,-0.0147,5.63,-0.73048,0.150,0.180,0.000,-0.5992,-0.6259,TRACKING,L+C+R_fused
1786988256.417,50.7,0.591,0.799,0.924,0.4655,-0.0117,4.51,-0.58439,0.150,0.180,0.000,-0.5992,-0.6125,TRACKING,prediction
1786988256.441,54.6,0.870,0.803,0.926,0.5276,-0.0040,5.29,-0.73900,0.150,0.180,0.000,-0.4287,-0.4669,TRACKING,L+C+R_fused
1786988256.465,54.6,0.870,0.803,0.926,0.5276,-0.0032,4.23,-0.59120,0.150,0.180,0.000,-0.4287,-0.4454,TRACKING,prediction
1786988256.481,54.6,0.832,0.811,0.645,0.5113,0.0008,5.19,-0.73910,0.150,0.180,0.000,-0.3476,-0.3734,TRACKING,L+C+R_fused
1786988256.497,54.6,0.860,0.806,0.921,0.5172,-0.0009,5.16,-0.74690,0.150,0.180,0.000,-0.3746,-0.3857,TRACKING,L+C+R_fused
1786988256.513,54.6,0.808,0.803,0.911,0.5261,-0.0050,4.91,-0.77478,0.150,0.180,0.000,-0.4346,-0.4384,TRACKING,L+C+R_fused
1786988256.548,54.6,0.962,0.803,0.895,0.5186,-0.0106,4.46,-0.80985,0.150,0.180,0.000,-0.5091,-0.5091,TRACKING,L+C+R_fused
1786988256.567,54.6,0.613,0.797,0.901,0.4160,-0.0143,5.17,-0.75643,0.150,0.180,0.000,-0.5812,-0.5800,TRACKING,L+C+R_fused
1786988256.583,54.6,0.000,0.799,0.901,0.5270,-0.0183,5.56,-0.73689,0.150,0.180,0.000,-0.6470,-0.6458,TRACKING,R+C
1786988256.602,54.6,0.000,0.799,0.901,0.5270,-0.0146,4.44,-0.58951,0.150,0.180,0.000,-0.6470,-0.6555,TRACKING,prediction
1786988256.614,54.6,0.000,0.798,0.896,0.5312,-0.0198,5.56,-0.74201,0.150,0.180,0.000,-0.6677,-0.6742,TRACKING,R+C
1786988256.643,54.6,0.000,0.798,0.896,0.5312,-0.0158,4.45,-0.59361,0.150,0.180,0.000,-0.6677,-0.6770,TRACKING,prediction
1786988256.659,54.6,0.000,0.798,0.896,0.5312,-0.0126,3.56,-0.47489,0.150,0.180,0.000,-0.6677,-0.6774,TRACKING,prediction
1786988256.676,54.6,0.956,0.790,0.879,0.5276,-0.0031,5.21,-0.74351,0.150,0.180,0.000,-0.4119,-0.4624,TRACKING,L+C+R_fused
1786988256.693,54.6,0.953,0.789,0.912,0.5267,0.0038,5.13,-0.74244,0.150,0.180,0.000,-0.2948,-0.3311,TRACKING,L+C+R_fused
1786988256.722,54.6,0.947,0.789,0.916,0.5105,0.0096,4.11,-0.81378,0.150,0.180,0.000,-0.1633,-0.1995,TRACKING,L+C+R_fused
1786988256.738,54.6,0.952,0.788,0.918,0.5088,0.0189,4.86,-0.76756,0.150,0.180,0.000,-0.0246,-0.0611,TRACKING,L+C+R_fused
1786988256.754,54.6,0.950,0.790,0.871,0.5012,0.0248,4.86,-0.77153,0.150,0.180,0.000,0.0791,0.0494,TRACKING,L+C+R_fused
1786988256.770,54.6,0.886,0.798,0.910,0.5107,0.0292,4.61,-0.80717,0.150,0.180,0.000,0.1621,0.1379,TRACKING,L+C+R_fused
1786988256.804,54.6,0.941,0.798,0.908,0.5031,0.0313,4.71,-0.81618,0.150,0.180,0.000,0.1919,0.1768,TRACKING,L+C+R_fused
1786988256.825,54.6,0.943,0.795,0.794,0.5015,0.0301,4.74,-0.83589,0.150,0.180,0.000,0.1669,0.1605,TRACKING,L+C+R_fused
1786988256.839,54.6,0.944,0.795,0.803,0.4981,0.0268,4.72,-0.86704,0.150,0.180,0.000,0.1036,0.1025,TRACKING,L+C+R_fused
1786988256.855,54.6,0.940,0.792,0.859,0.5033,0.0218,4.36,-0.91083,0.150,0.180,0.000,0.0222,0.0229,TRACKING,L+C+R_fused
1786988256.881,54.6,0.955,0.795,0.908,0.4958,0.0187,5.55,-0.83844,0.150,0.180,0.000,-0.0731,-0.0711,TRACKING,L+C+R_fused
1786988256.900,54.6,0.953,0.792,0.911,0.4949,0.0145,5.92,-0.83412,0.150,0.180,0.000,-0.1628,-0.1619,TRACKING,L+C+R_fused
1786988256.918,54.6,0.956,0.788,0.921,0.4934,0.0094,5.33,-0.93110,0.150,0.180,0.000,-0.2419,-0.2433,TRACKING,L+C+R_fused
1786988256.950,54.6,0.953,0.793,0.912,0.4760,0.0048,5.87,-0.90417,0.150,0.180,0.000,-0.3382,-0.3369,TRACKING,L+C+R_fused
1786988256.970,54.6,0.378,0.798,0.911,0.4965,-0.0007,6.32,-0.88122,0.150,0.180,0.000,-0.4414,-0.4380,TRACKING,L+C+R_fused
1786988256.985,54.6,0.000,0.797,0.905,0.4994,-0.0058,6.04,-0.92906,0.150,0.180,0.000,-0.5171,-0.5168,TRACKING,R+C
1786988257.000,54.6,0.000,0.804,0.902,0.5077,-0.0118,5.66,-0.94177,0.150,0.180,0.000,-0.5917,-0.5909,TRACKING,R+C
1786988257.013,54.6,0.000,0.799,0.872,0.5138,-0.0153,5.43,-0.99881,0.150,0.180,0.000,-0.6398,-0.6423,TRACKING,R+C
1786988257.036,54.6,0.000,0.805,0.881,0.5221,-0.0167,6.36,-0.89093,0.150,0.180,0.000,-0.6757,-0.6795,TRACKING,R+C
1786988257.053,54.6,0.000,0.805,0.890,0.5273,-0.0179,6.80,-0.84671,0.150,0.180,0.000,-0.6991,-0.7045,TRACKING,R+C
1786988257.070,54.6,0.000,0.794,0.886,0.5271,-0.0171,6.02,-0.91791,0.150,0.180,0.000,-0.6726,-0.6863,TRACKING,R+C
1786988257.088,54.6,0.000,0.785,0.879,0.5213,-0.0126,5.41,-0.99842,0.150,0.180,0.000,-0.6021,-0.6249,TRACKING,R+C
1786988257.091,54.6,0.000,0.787,0.892,0.5172,-0.0063,6.10,-0.90638,0.150,0.180,0.000,-0.5224,-0.5488,TRACKING,R+C
1786988257.107,54.6,0.000,0.771,0.893,0.5092,-0.0032,4.04,-1.08169,0.150,0.180,0.000,-0.4212,-0.4527,TRACKING,R+C
1786988257.137,54.6,0.000,0.778,0.899,0.5081,0.0020,4.11,-1.07462,0.150,0.180,0.000,-0.3389,-0.3688,TRACKING,R+C
1786988257.154,54.6,0.000,0.786,0.894,0.5056,0.0071,5.01,-0.99389,0.150,0.700,0.000,-0.2786,-0.3052,TRACKING,R+C
1786988257.172,54.6,0.000,0.780,0.887,0.5057,0.0072,5.07,-0.99616,0.150,0.700,0.000,-0.2802,-0.2083,TRACKING,R+C
1786988257.187,54.6,0.000,0.780,0.887,0.5083,0.0049,5.36,-0.98238,0.150,0.700,0.000,-0.3288,-0.2217,TRACKING,R+C
1786988257.200,54.6,0.000,0.780,0.887,0.5083,0.0039,4.29,-0.78590,0.150,0.700,0.000,-0.3288,-0.2237,TRACKING,prediction
1786988257.216,54.6,0.000,0.775,0.862,0.5096,0.0029,5.08,-1.03992,0.150,0.700,0.000,-0.3603,-0.2417,TRACKING,R+C
1786988257.234,54.6,0.000,0.766,0.867,0.5102,0.0054,5.86,-0.96732,0.150,0.700,0.000,-0.3392,-0.2325,TRACKING,R+C
1786988257.256,54.6,0.000,0.705,0.881,0.5096,0.0131,8.33,-0.71092,0.150,0.700,0.000,-0.2736,-0.1941,TRACKING,R+C
1786988257.272,54.6,0.000,0.705,0.881,0.5096,0.0104,6.67,-0.56874,0.150,0.700,0.000,-0.2736,-0.1885,TRACKING,prediction
1786988257.290,54.6,0.000,0.704,0.889,0.5023,0.0247,7.89,-0.77262,0.150,0.700,0.000,-0.0625,-0.0700,TRACKING,R+C
1786988257.315,54.6,0.000,0.719,0.887,0.4954,0.0285,6.60,-0.91773,0.150,0.700,0.000,0.0371,0.0030,TRACKING,R+C
1786988257.332,54.6,0.000,0.703,0.893,0.4902,0.0353,9.34,-0.65689,0.150,0.700,0.000,0.0802,0.0388,TRACKING,R+C
1786988257.350,54.6,0.000,0.710,0.885,0.4901,0.0357,5.92,-1.03731,0.150,0.700,0.000,0.1742,0.0961,TRACKING,R+C
1786988257.366,54.6,0.654,0.705,0.894,0.4452,0.0420,6.27,-1.01521,0.150,0.700,0.000,0.2708,0.1594,TRACKING,L+C+R_fused
1786988257.392,54.6,0.824,0.697,0.887,0.4473,0.0525,9.65,-0.69554,0.150,0.700,0.000,0.3542,0.2166,TRACKING,L+C+R_fused
1786988257.409,54.6,0.824,0.697,0.887,0.4473,0.0420,7.72,-0.55643,0.150,0.700,0.000,0.3542,0.2249,TRACKING,prediction
1786988257.429,54.6,0.822,0.691,0.901,0.4530,0.0655,13.78,-0.34189,0.166,0.700,0.000,0.3719,0.2380,TRACKING,L+C+R_fused
1786988257.445,52.8,0.831,0.686,0.873,0.4565,0.0699,16.39,-0.11162,0.189,0.700,0.000,0.1247,0.1035,TRACKING,L+C+R_fused
1786988257.472,52.8,0.781,0.683,0.880,0.4570,0.0688,16.14,-0.18594,0.181,0.180,0.000,0.1139,0.0766,TRACKING,L+C+R_fused
1786988257.481,52.8,0.000,0.687,0.883,0.4749,0.0665,15.26,-0.33144,0.167,0.180,0.000,0.3280,0.2851,TRACKING,R+C
1786988257.494,52.8,0.000,0.688,0.878,0.4818,0.0626,15.26,-0.37460,0.163,0.180,0.000,0.2832,0.2766,TRACKING,R+C
1786988257.525,52.8,0.000,0.687,0.872,0.5081,0.0577,15.87,-0.33263,0.167,0.180,0.000,0.1846,0.1893,TRACKING,R+C
1786988257.541,52.8,0.000,0.695,0.866,0.5002,0.0497,12.66,-0.69964,0.150,0.180,0.000,0.1690,0.1600,TRACKING,R+C
1786988257.541,52.8,0.000,0.708,0.856,0.5093,0.0418,9.43,-1.09098,0.150,0.180,0.000,0.1074,0.1002,TRACKING,R+C
1786988257.574,52.8,0.000,0.745,0.852,0.5202,0.0348,7.42,-1.37015,0.150,0.180,0.000,0.0260,0.0190,TRACKING,R+C
1786988257.591,52.8,0.000,0.739,0.858,0.5290,0.0292,7.29,-1.43306,0.150,0.180,0.000,-0.0783,-0.0829,TRACKING,R+C
1786988257.604,52.8,0.000,0.734,0.850,0.5321,0.0231,7.31,-1.47098,0.150,0.180,0.000,-0.1948,-0.1969,TRACKING,R+C
1786988257.619,52.8,0.000,0.737,0.831,0.5374,0.0146,6.34,-1.58285,0.150,0.180,0.000,-0.3159,-0.3161,TRACKING,R+C
1786988257.643,52.8,0.000,0.737,0.831,0.5374,0.0116,5.07,-1.26628,0.150,0.180,0.000,-0.3159,-0.3335,TRACKING,prediction
1786988257.673,52.8,0.000,0.737,0.831,0.5374,0.0093,4.06,-1.01302,0.150,0.180,0.000,-0.3159,-0.3362,TRACKING,prediction
1786988257.693,52.8,0.000,0.737,0.831,0.5374,0.0075,3.25,-0.81042,0.150,0.180,0.000,-0.3159,-0.3365,TRACKING,prediction
1786988257.709,52.8,0.000,0.724,0.807,0.5829,-0.0060,11.15,-1.29783,0.150,0.180,0.000,-0.7558,-0.7033,TRACKING,R+C
1786988257.725,52.8,0.000,0.746,0.802,0.5833,-0.0086,10.38,-1.42185,0.150,0.180,0.000,-0.7776,-0.7750,TRACKING,R+C
1786988257.749,52.8,0.000,0.753,0.804,0.5909,-0.0094,9.55,-1.52600,0.150,0.180,0.000,-0.7744,-0.7832,TRACKING,R+C
1786988257.763,52.8,0.000,0.753,0.804,0.5909,-0.0075,7.64,-1.22080,0.150,0.180,0.000,-0.7744,-0.7844,TRACKING,prediction
1786988257.779,52.8,0.000,0.692,0.806,0.5893,0.0016,15.99,-0.84613,0.150,0.180,0.000,-0.7676,-0.7784,TRACKING,R+C
1786988257.798,52.8,0.000,0.690,0.799,0.5866,0.0020,15.81,-0.90425,0.150,0.180,0.000,-0.7650,-0.7757,TRACKING,R+C
1786988257.827,52.8,0.000,0.690,0.803,0.5922,0.0007,17.13,-0.75691,0.150,0.180,0.000,-0.8034,-0.8066,TRACKING,R+C
1786988257.852,52.8,0.000,0.683,0.808,0.6039,0.0001,22.11,-0.20762,0.179,0.180,0.000,-0.6838,-0.7141,TRACKING,R+C
1786988257.877,52.8,0.000,0.683,0.808,0.6039,0.0000,17.69,-0.16610,0.179,0.180,0.000,-0.6838,-0.7002,TRACKING,prediction
1786988257.897,52.8,0.000,0.720,0.806,0.6148,-0.0216,8.76,-2.01346,0.150,0.180,0.000,-0.9367,-0.9048,TRACKING,R+C
1786988257.917,52.8,0.000,0.728,0.801,0.6220,-0.0228,9.51,-1.96084,0.150,0.180,0.000,-0.9620,-0.9553,TRACKING,R+C
1786988257.936,52.8,0.000,0.736,0.798,0.6295,-0.0228,10.08,-1.93051,0.150,0.180,0.000,-0.9732,-0.9719,TRACKING,R+C
1786988257.955,52.8,0.000,0.740,0.802,0.6323,-0.0225,10.73,-1.86523,0.150,0.180,0.000,-0.9809,-0.9805,TRACKING,R+C
1786988257.975,52.8,0.000,0.740,0.802,0.6323,-0.0180,8.59,-1.49219,0.150,0.180,0.000,-0.9809,-0.9818,TRACKING,prediction
1786988257.995,52.8,0.000,0.740,0.802,0.6323,-0.0144,6.87,-1.19375,0.150,0.180,0.000,-0.9809,-0.9820,TRACKING,prediction
1786988258.013,52.8,0.000,0.735,0.819,0.6535,-0.0305,14.59,-1.45995,0.150,0.180,0.000,-1.0000,-0.9973,TRACKING,R+C
1786988258.029,52.8,0.000,0.735,0.819,0.6535,-0.0244,11.67,-1.16796,0.150,0.180,0.000,-1.0000,-0.9996,TRACKING,prediction
1786988258.047,52.8,0.000,0.746,0.816,0.6644,-0.0356,17.63,-1.09419,0.150,0.180,0.000,-1.0000,-0.9999,TRACKING,R+C
1786988258.069,52.8,0.000,0.753,0.808,0.6650,-0.0355,19.32,-0.87905,0.150,0.180,0.000,-1.0000,-1.0000,TRACKING,R+C
1786988258.092,52.8,0.000,0.753,0.808,0.6650,-0.0284,15.46,-0.70324,0.150,0.180,0.000,-1.0000,-1.0000,TRACKING,prediction
1786988258.114,52.8,0.000,0.753,0.808,0.6650,-0.0227,12.37,-0.56259,0.150,0.180,0.000,-1.0000,-1.0000,TRACKING,prediction
1786988258.134,52.8,0.000,0.753,0.808,0.6650,-0.0182,9.89,-0.45008,0.150,0.180,0.000,-1.0000,-1.0000,TRACKING,prediction
1786988258.151,52.8,0.000,0.750,0.806,0.6680,-0.0331,23.69,-0.26229,0.174,0.180,0.000,-1.0000,-1.0000,TRACKING,R+C
1786988258.159,52.8,0.000,0.750,0.806,0.6680,-0.0265,18.95,-0.20983,0.174,0.180,0.000,-1.0000,-1.0000,TRACKING,prediction
1786988258.191,52.8,0.000,0.750,0.806,0.6680,-0.0212,15.16,-0.16787,0.174,0.180,0.000,-1.0000,-1.0000,TRACKING,prediction
1786988258.207,52.8,0.000,0.750,0.806,0.6680,-0.0169,12.13,-0.13429,0.174,0.180,0.000,-1.0000,-1.0000,TRACKING,prediction
1786988258.235,52.8,0.000,0.750,0.806,0.6680,-0.0136,9.70,-0.10744,0.174,0.180,0.000,-1.0000,-1.0000,TRACKING,prediction
1786988258.255,52.8,0.000,0.750,0.806,0.6680,-0.0108,7.76,-0.08595,0.174,0.180,0.000,-1.0000,-1.0000,TRACKING,prediction
1786988258.274,52.8,0.000,0.750,0.806,0.6680,-0.0087,6.21,-0.06876,0.174,0.180,0.000,-1.0000,-1.0000,TRACKING,prediction
1786988258.294,52.8,0.000,0.750,0.806,0.6680,-0.0069,4.97,-0.05501,0.174,0.180,0.000,-1.0000,-1.0000,TRACKING,prediction
1786988258.315,52.8,0.000,0.750,0.806,0.6680,-0.0056,3.97,-0.04401,0.174,0.180,0.000,-1.0000,-1.0000,TRACKING,prediction
1786988258.335,52.8,0.000,0.750,0.806,0.6680,-0.0044,3.18,-0.03520,0.174,0.180,0.000,-1.0000,-1.0000,TRACKING,prediction
1786988258.356,52.8,0.000,0.750,0.806,0.6680,-0.0036,2.54,-0.02816,0.174,0.180,0.000,-1.0000,-1.0000,TRACKING,prediction
1786988258.367,52.8,0.000,0.750,0.806,0.6680,-0.0028,2.03,-0.02253,0.174,0.619,0.000,-1.0000,-1.0000,TRACKING,prediction
1786988258.383,52.8,0.000,0.750,0.806,0.6680,-0.0023,1.63,-0.01802,0.174,0.589,0.000,-1.0000,-0.7585,TRACKING,prediction
1786988258.415,52.8,0.000,0.750,0.806,0.6680,-0.0018,1.30,-0.01442,0.174,0.490,0.000,-1.0000,-0.7398,UNCERTAIN,prediction
1786988258.441,52.8,0.000,0.750,0.806,0.6680,-0.0015,1.04,-0.01154,0.174,0.490,0.000,-1.0000,-0.7920,UNCERTAIN,prediction
1786988258.462,50.1,0.000,0.750,0.806,0.6680,-0.0012,0.83,-0.00923,0.174,0.490,0.000,-1.0000,-0.7996,UNCERTAIN,prediction
1786988258.485,50.1,0.000,0.750,0.806,0.6680,-0.0009,0.67,-0.00738,0.174,0.479,0.000,-1.0000,-0.8008,UNCERTAIN,prediction
1786988258.510,50.1,0.000,0.750,0.806,0.6680,-0.0007,0.53,-0.00591,0.174,0.455,0.000,-1.0000,-0.8069,UNCERTAIN,prediction
1786988258.532,50.1,0.000,0.750,0.806,0.6680,-0.0006,0.43,-0.00473,0.174,0.433,0.000,-1.0000,-0.8211,UNCERTAIN,prediction
1786988258.547,50.1,0.000,0.833,0.788,0.6228,-0.1150,10.59,0.06489,0.194,0.700,0.000,-1.0000,-0.8361,TRACKING,R+C
1786988258.564,50.1,0.000,0.833,0.788,0.6228,-0.0920,8.47,0.05191,0.194,0.700,0.000,-1.0000,-0.6885,TRACKING,prediction
1786988258.583,50.1,0.000,0.844,0.797,0.6079,-0.1090,9.85,0.10799,0.189,0.700,0.000,-1.0000,-0.6659,TRACKING,R+C
1786988258.603,50.1,0.000,0.794,0.802,0.5970,-0.1091,6.09,-0.19495,0.181,0.700,0.000,-1.0000,-0.6623,TRACKING,R+C
1786988258.610,50.1,0.000,0.841,0.809,0.5909,-0.1018,8.65,0.11464,0.189,0.180,0.000,-1.0000,-0.6611,TRACKING,R+C
1786988258.641,50.1,0.000,0.796,0.814,0.5817,-0.1013,4.74,-0.19867,0.180,0.700,0.000,-1.0000,-0.9503,TRACKING,R+C
1786988258.659,50.1,0.000,0.824,0.818,0.5768,-0.0941,6.31,-0.00893,0.199,0.700,0.000,-0.9379,-0.6699,TRACKING,R+C
1786988258.677,50.1,0.000,0.818,0.826,0.5669,-0.0893,5.34,-0.04179,0.196,0.700,0.000,-0.9173,-0.6163,TRACKING,R+C
1786988258.694,50.1,0.000,0.815,0.832,0.5590,-0.0832,4.64,-0.07093,0.193,0.180,0.000,-0.8880,-0.5919,TRACKING,R+C
1786988258.713,50.1,0.000,0.823,0.835,0.5524,-0.0773,3.92,-0.10491,0.190,0.180,0.000,-0.8612,-0.8265,TRACKING,R+C
1786988258.730,50.1,0.000,0.813,0.846,0.5457,-0.0704,3.42,-0.11117,0.189,0.180,0.000,-0.8066,-0.8155,TRACKING,R+C
1786988258.748,50.1,0.370,0.761,0.848,0.4663,-0.0690,-2.11,-0.59813,0.150,0.180,0.000,-0.9779,-0.9541,TRACKING,L+C+R_fused
1786988258.761,50.1,0.946,0.763,0.849,0.5027,-0.0589,-1.37,-0.53716,0.150,0.700,0.000,-0.8936,-0.9053,TRACKING,L+C+R_fused
1786988258.777,50.1,0.948,0.764,0.854,0.5013,-0.0513,-2.05,-0.56901,0.150,0.180,0.000,-0.7966,-0.5819,TRACKING,L+C+R_fused
1786988258.809,50.1,0.945,0.738,0.867,0.5009,-0.0468,-4.45,-0.80072,0.150,0.180,0.000,-0.6990,-0.6882,TRACKING,L+C+R_fused
1786988258.832,50.1,0.943,0.772,0.866,0.4939,-0.0408,-3.18,-0.65579,0.150,0.180,0.000,-0.6419,-0.6553,TRACKING,L+C+R_fused
1786988258.851,50.1,0.949,0.759,0.879,0.5013,-0.0418,-5.98,-0.93193,0.150,0.180,0.000,-0.5993,-0.6151,TRACKING,L+C+R_fused
1786988258.894,50.1,0.947,0.704,0.869,0.5010,-0.0474,-11.15,-1.41447,0.150,0.180,0.000,-0.5708,-0.5862,TRACKING,L+C+R_fused
1786988258.914,50.1,0.953,0.721,0.879,0.4819,-0.0462,-9.92,-1.37998,0.150,0.180,0.000,-0.5907,-0.5986,TRACKING,L+C+R_fused
1786988258.923,50.1,0.000,0.723,0.877,0.5064,-0.0473,-10.05,-1.44732,0.150,0.180,0.000,-0.6129,-0.6193,TRACKING,R+C
1786988258.953,50.1,0.000,0.734,0.874,0.5097,-0.0486,-9.66,-1.45243,0.150,0.180,0.000,-0.6436,-0.6482,TRACKING,R+C
1786988258.957,50.1,0.000,0.746,0.873,0.5109,-0.0512,-10.74,-1.57831,0.150,0.180,0.000,-0.6619,-0.6681,TRACKING,R+C
1786988258.986,50.1,0.000,0.760,0.869,0.5143,-0.0531,-10.74,-1.62629,0.150,0.180,0.000,-0.6935,-0.6976,TRACKING,R+C
1786988259.002,50.1,0.000,0.769,0.866,0.5169,-0.0511,-9.93,-1.63638,0.150,0.180,0.000,-0.6945,-0.7029,TRACKING,R+C
1786988259.029,50.1,0.000,0.760,0.875,0.5199,-0.0479,-9.57,-1.68587,0.150,0.180,0.000,-0.6712,-0.6846,TRACKING,R+C
1786988259.046,50.1,0.000,0.773,0.874,0.5206,-0.0415,-9.06,-1.71554,0.150,0.180,0.000,-0.6056,-0.6272,TRACKING,R+C
1786988259.064,50.1,0.000,0.769,0.883,0.5169,-0.0304,-7.40,-1.66070,0.150,0.180,0.000,-0.4943,-0.5254,TRACKING,R+C
1786988259.094,50.1,0.000,0.773,0.881,0.5100,-0.0204,-6.99,-1.68401,0.150,0.180,0.000,-0.3563,-0.3942,TRACKING,R+C
1786988259.111,50.1,0.000,0.776,0.883,0.5032,-0.0096,-6.35,-1.70190,0.150,0.180,0.000,-0.2028,-0.2449,TRACKING,R+C
1786988259.127,50.1,0.000,0.764,0.877,0.4948,0.0008,-5.89,-1.74207,0.150,0.180,0.000,-0.0486,-0.0918,TRACKING,R+C
1786988259.143,50.1,0.000,0.771,0.884,0.4889,0.0121,-4.36,-1.69405,0.150,0.180,0.000,0.0953,0.0552,TRACKING,R+C
1786988259.159,50.1,0.000,0.769,0.904,0.4860,0.0233,-3.25,-1.67286,0.150,0.180,0.000,0.2472,0.2093,TRACKING,R+C
1786988259.175,50.1,0.865,0.771,0.901,0.4769,0.0335,-2.54,-1.67143,0.150,0.180,0.000,0.3869,0.3536,TRACKING,L+C+R_fused
1786988259.207,50.1,0.943,0.776,0.909,0.4991,0.0421,-1.89,-1.67764,0.150,0.180,0.000,0.4950,0.4690,TRACKING,L+C+R_fused
1786988259.228,50.1,0.930,0.781,0.907,0.5022,0.0478,-1.60,-1.69596,0.150,0.700,0.000,0.5667,0.5485,TRACKING,L+C+R_fused
1786988259.249,50.1,0.943,0.783,0.905,0.4997,0.0543,0.53,-1.58810,0.150,0.180,0.000,0.5985,0.4115,TRACKING,L+C+R_fused
1786988259.256,50.1,0.950,0.784,0.910,0.5122,0.0564,1.74,-1.55660,0.150,0.700,0.000,0.5894,0.5586,TRACKING,L+C+R_fused
1786988259.272,50.1,0.950,0.784,0.910,0.5122,0.0451,1.39,-1.24528,0.150,0.700,0.000,0.5894,0.4075,TRACKING,prediction
1786988259.301,50.1,0.000,0.780,0.910,0.4767,0.0547,4.26,-1.46814,0.150,0.700,0.000,0.4837,0.3240,TRACKING,R+C
1786988259.318,50.1,0.000,0.774,0.905,0.4835,0.0529,5.43,-1.41456,0.150,0.700,0.000,0.4167,0.2736,TRACKING,R+C
1786988259.334,50.1,0.000,0.771,0.900,0.4957,0.0501,6.36,-1.39482,0.150,0.700,0.000,0.3346,0.2194,TRACKING,R+C
1786988259.353,50.1,0.000,0.761,0.885,0.5074,0.0478,7.11,-1.40937,0.150,0.700,0.000,0.2611,0.1694,TRACKING,R+C
1786988259.367,50.1,0.000,0.767,0.888,0.5253,0.0454,9.35,-1.23045,0.150,0.180,0.000,0.1491,0.0989,TRACKING,R+C
1786988259.383,50.1,0.000,0.762,0.890,0.5352,0.0418,10.98,-1.10332,0.150,0.700,0.000,0.0322,0.0234,TRACKING,R+C
1786988259.404,50.1,0.000,0.757,0.889,0.5355,0.0364,11.47,-1.12154,0.150,0.180,0.000,-0.0922,-0.0574,TRACKING,R+C
1786988259.414,50.1,0.000,0.755,0.879,0.5533,0.0286,10.38,-1.32037,0.150,0.700,0.000,-0.2145,-0.2118,TRACKING,R+C
1786988259.442,50.1,0.000,0.757,0.890,0.5681,0.0218,10.84,-1.32558,0.150,0.700,0.000,-0.3512,-0.2366,TRACKING,R+C
1786988259.457,50.1,0.000,0.760,0.872,0.5796,0.0160,12.53,-1.18058,0.150,0.700,0.000,-0.4913,-0.3189,TRACKING,R+C
1786988259.499,50.2,0.000,0.765,0.864,0.5892,0.0049,10.85,-1.33729,0.150,0.700,0.000,-0.6099,-0.3965,TRACKING,R+C
1786988259.512,50.2,0.000,0.765,0.864,0.5892,0.0039,8.68,-1.06983,0.150,0.700,0.000,-0.6099,-0.4080,TRACKING,prediction
1786988259.528,50.2,0.000,0.763,0.856,0.6078,-0.0107,12.00,-1.27812,0.150,0.700,0.000,-0.8345,-0.5331,TRACKING,R+C
1786988259.554,50.2,0.000,0.761,0.843,0.6217,-0.0215,11.38,-1.35631,0.150,0.700,0.000,-0.9362,-0.6072,TRACKING,R+C
1786988259.569,50.2,0.000,0.754,0.832,0.6374,-0.0275,13.75,-1.12376,0.150,0.700,0.000,-1.0000,-0.6530,TRACKING,R+C
1786988259.584,50.2,0.000,0.762,0.828,0.6467,-0.0369,14.62,-1.02663,0.150,0.700,0.000,-1.0000,-0.6606,TRACKING,R+C
1786988259.603,50.2,0.000,0.765,0.824,0.6566,-0.0473,14.12,-1.10439,0.150,0.180,0.000,-1.0000,-0.6625,TRACKING,R+C
1786988259.632,50.2,0.000,0.765,0.824,0.6566,-0.0378,11.29,-0.88351,0.150,0.180,0.000,-1.0000,-0.9508,TRACKING,prediction
1786988259.664,50.2,0.000,0.765,0.824,0.6566,-0.0303,9.04,-0.70681,0.150,0.180,0.000,-1.0000,-0.9926,TRACKING,prediction
1786988259.688,50.2,0.000,0.765,0.824,0.6566,-0.0242,7.23,-0.56545,0.150,0.180,0.000,-1.0000,-0.9989,TRACKING,prediction
1786988259.707,50.2,0.000,0.765,0.824,0.6566,-0.0194,5.78,-0.45236,0.150,0.180,0.000,-1.0000,-0.9998,TRACKING,prediction
1786988259.723,50.2,0.000,0.765,0.824,0.6566,-0.0155,4.63,-0.36189,0.150,0.700,0.000,-1.0000,-1.0000,TRACKING,prediction
1786988259.741,50.2,0.000,0.765,0.824,0.6566,-0.0124,3.70,-0.28951,0.150,0.700,0.000,-1.0000,-0.7133,TRACKING,prediction
1786988259.755,50.2,0.000,0.765,0.824,0.6566,-0.0099,2.96,-0.23161,0.150,0.180,0.000,-1.0000,-0.6703,TRACKING,prediction
1786988259.787,50.2,0.000,0.765,0.824,0.6566,-0.0079,2.37,-0.18529,0.150,0.180,0.000,-1.0000,-0.9519,TRACKING,prediction
1786988259.803,50.2,0.000,0.765,0.824,0.6566,-0.0063,1.89,-0.14823,0.150,0.180,0.000,-1.0000,-0.9928,TRACKING,prediction
1786988259.820,50.2,0.000,0.765,0.824,0.6566,-0.0051,1.52,-0.11858,0.150,0.180,0.000,-1.0000,-0.9989,TRACKING,prediction
1786988259.867,50.2,0.000,0.765,0.824,0.6566,-0.0041,1.21,-0.09487,0.150,0.180,0.000,-1.0000,-0.9998,TRACKING,prediction
1786988259.882,50.2,0.000,0.765,0.824,0.6566,-0.0032,0.97,-0.07589,0.150,0.180,0.000,-1.0000,-1.0000,TRACKING,prediction
1786988259.916,50.2,0.000,0.765,0.824,0.6566,-0.0026,0.78,-0.06071,0.150,0.180,0.000,-1.0000,-1.0000,TRACKING,prediction
1786988259.932,50.2,0.000,0.858,0.778,0.6726,-0.1352,12.68,-0.66886,0.150,0.180,0.000,-1.0000,-1.0000,TRACKING,R+C
1786988259.945,50.2,0.000,0.864,0.778,0.6658,-0.1342,13.08,-0.57265,0.150,0.180,0.000,-1.0000,-1.0000,TRACKING,R+C
1786988259.964,50.2,0.000,0.864,0.778,0.6658,-0.1073,10.46,-0.45812,0.150,0.180,0.000,-1.0000,-1.0000,TRACKING,prediction
1786988259.977,50.2,0.000,0.864,0.778,0.6658,-0.0859,8.37,-0.36650,0.150,0.180,0.000,-1.0000,-1.0000,TRACKING,prediction
1786988260.009,50.2,0.000,0.881,0.787,0.6541,-0.1381,12.55,-0.48196,0.152,0.700,0.000,-1.0000,-1.0000,TRACKING,R+C
1786988260.025,50.2,0.000,0.889,0.790,0.6518,-0.1432,11.87,-0.52344,0.150,0.180,0.000,-1.0000,-0.7175,TRACKING,R+C
1786988260.041,50.2,0.000,0.910,0.790,0.6489,-0.1484,12.37,-0.35987,0.164,0.180,0.000,-1.0000,-0.9593,TRACKING,R+C
1786988260.057,50.2,0.000,0.910,0.791,0.6436,-0.1531,12.27,-0.33543,0.166,0.700,0.000,-1.0000,-0.9939,TRACKING,R+C
1786988260.072,50.2,0.000,0.910,0.791,0.6436,-0.1225,9.81,-0.26835,0.166,0.700,0.000,-1.0000,-0.7168,TRACKING,prediction
1786988260.097,50.2,0.000,0.899,0.787,0.6395,-0.1570,9.79,-0.59685,0.150,0.700,0.000,-1.0000,-0.6756,TRACKING,R+C
1786988260.117,50.2,0.892,0.790,0.000,0.6321,0.2297,25.49,-0.89078,0.150,0.700,0.000,1.0000,-0.2167,TRACKING,L+C
1786988260.133,50.2,0.000,0.897,0.794,0.6272,-0.1563,10.21,-0.44838,0.155,0.700,0.000,-1.0000,-0.6085,TRACKING,R+C
1786988260.165,50.2,0.000,0.897,0.794,0.6272,-0.1250,8.17,-0.35870,0.155,0.700,0.000,-1.0000,-0.6589,TRACKING,prediction
1786988260.181,50.2,0.000,0.897,0.794,0.6272,-0.1000,6.53,-0.28696,0.155,0.700,0.000,-1.0000,-0.6665,TRACKING,prediction
1786988260.197,50.2,0.000,0.895,0.802,0.6061,-0.1530,9.83,-0.24308,0.176,0.700,0.000,-1.0000,-0.6666,TRACKING,R+C
1786988260.212,50.2,0.884,0.810,0.000,0.6010,0.2206,25.10,-0.72127,0.150,0.700,0.000,1.0000,-0.2082,TRACKING,L+C
1786988260.245,50.2,0.884,0.810,0.000,0.6010,0.1765,20.08,-0.57702,0.150,0.700,0.000,1.0000,0.2134,TRACKING,prediction
1786988260.261,50.2,0.000,0.873,0.816,0.5907,-0.1458,8.16,-0.30502,0.169,0.700,0.000,-1.0000,-0.2598,TRACKING,R+C
1786988260.277,50.2,0.000,0.873,0.816,0.5907,-0.1167,6.53,-0.24401,0.169,0.700,0.000,-1.0000,-0.6049,TRACKING,prediction
1786988260.297,50.2,0.000,0.873,0.816,0.5907,-0.0933,5.22,-0.19521,0.169,0.700,0.000,-1.0000,-0.6567,TRACKING,prediction
1786988260.324,50.2,0.000,0.873,0.816,0.5907,-0.0747,4.18,-0.15617,0.169,0.700,0.000,-1.0000,-0.6644,TRACKING,prediction
1786988260.340,50.2,0.000,0.873,0.816,0.5907,-0.0597,3.34,-0.12493,0.169,0.700,0.000,-1.0000,-0.6656,TRACKING,prediction
1786988260.356,50.2,0.000,0.873,0.816,0.5907,-0.0478,2.67,-0.09995,0.169,0.700,0.000,-1.0000,-0.6658,TRACKING,prediction
1786988260.372,50.2,0.000,0.873,0.816,0.5907,-0.0382,2.14,-0.07996,0.169,0.700,0.000,-1.0000,-0.6658,TRACKING,prediction
1786988260.404,50.2,0.000,0.873,0.816,0.5907,-0.0306,1.71,-0.06397,0.169,0.700,0.000,-1.0000,-0.6658,TRACKING,prediction
1786988260.420,50.2,0.000,0.894,0.838,0.5696,-0.1214,4.99,-0.44008,0.156,0.700,0.000,-1.0000,-0.6631,TRACKING,R+C
1786988260.441,50.2,0.000,0.878,0.849,0.5655,-0.1170,4.42,-0.49853,0.150,0.700,0.000,-1.0000,-0.6627,TRACKING,R+C
1786988260.465,50.2,0.000,0.854,0.853,0.5586,-0.1156,0.93,-0.85999,0.150,0.700,0.000,-1.0000,-0.6625,TRACKING,R+C
1786988260.478,50.2,0.000,0.850,0.861,0.5546,-0.1113,0.86,-0.83118,0.150,0.700,0.000,-1.0000,-0.6621,TRACKING,R+C
1786988260.500,48.9,0.000,0.850,0.861,0.5546,-0.0890,0.69,-0.66495,0.150,0.180,0.000,-1.0000,-0.6621,TRACKING,prediction
1786988260.520,48.9,0.000,0.868,0.868,0.5490,-0.0998,1.60,-0.69611,0.150,0.180,0.000,-1.0000,-0.9504,TRACKING,R+C
1786988260.536,48.9,0.000,0.845,0.872,0.5424,-0.0965,-0.49,-0.85994,0.150,0.180,0.000,-1.0000,-0.9925,TRACKING,R+C
1786988260.554,48.9,0.000,0.844,0.879,0.5383,-0.0917,-1.26,-0.87989,0.150,0.700,0.000,-1.0000,-0.9989,TRACKING,R+C
1786988260.568,48.9,0.000,0.836,0.879,0.5348,-0.0846,-0.85,-0.86713,0.150,0.700,0.000,-1.0000,-0.7103,TRACKING,R+C
1786988260.585,48.9,0.000,0.841,0.882,0.5326,-0.0798,-0.50,-0.84019,0.150,0.700,0.000,-1.0000,-0.6667,TRACKING,R+C
1786988260.599,48.9,0.000,0.840,0.880,0.5283,-0.0780,-0.65,-0.85574,0.150,0.180,0.000,-1.0000,-0.6600,TRACKING,R+C
1786988260.617,48.9,0.000,0.844,0.881,0.5268,-0.0776,-0.57,-0.86502,0.150,0.180,0.000,-1.0000,-0.9500,TRACKING,R+C
1786988260.638,48.9,0.000,0.885,0.882,0.5306,-0.0772,1.93,-0.58973,0.150,0.180,0.000,-1.0000,-0.9925,TRACKING,R+C
1786988260.654,48.9,0.000,0.899,0.880,0.5305,-0.0770,2.94,-0.49944,0.150,0.180,0.000,-1.0000,-0.9989,TRACKING,R+C
1786988260.672,48.9,0.000,0.877,0.890,0.5268,-0.0783,0.23,-0.75832,0.150,0.180,0.000,-1.0000,-0.9998,TRACKING,R+C
1786988260.702,48.9,0.000,0.862,0.893,0.5203,-0.0739,-0.82,-0.85995,0.150,0.180,0.000,-1.0000,-1.0000,TRACKING,R+C
1786988260.714,48.9,0.000,0.850,0.894,0.5151,-0.0673,-0.25,-0.84602,0.150,0.180,0.000,-1.0000,-1.0000,TRACKING,R+C
1786988260.730,48.9,0.000,0.848,0.898,0.5105,-0.0641,-0.84,-0.88721,0.150,0.180,0.000,-0.9893,-0.9912,TRACKING,R+C
1786988260.749,48.9,0.000,0.848,0.899,0.5092,-0.0615,-0.71,-0.87535,0.150,0.180,0.000,-0.9684,-0.9728,TRACKING,R+C
1786988260.762,48.9,0.000,0.853,0.898,0.5096,-0.0589,-0.49,-0.85516,0.150,0.180,0.000,-0.9475,-0.9529,TRACKING,R+C
1786988260.778,48.9,0.000,0.853,0.898,0.5096,-0.0471,-0.39,-0.68413,0.150,0.180,0.000,-0.9475,-0.9499,TRACKING,prediction
1786988260.794,48.9,0.000,0.855,0.899,0.5096,-0.0510,-0.64,-0.86781,0.150,0.180,0.000,-0.8664,-0.8827,TRACKING,R+C
1786988260.820,48.9,0.000,0.866,0.903,0.5050,-0.0469,-1.91,-0.92822,0.150,0.180,0.000,-0.7926,-0.8114,TRACKING,R+C
1786988260.826,48.9,0.000,0.868,0.909,0.5004,-0.0385,-0.38,-0.82407,0.150,0.700,0.000,-0.7260,-0.7452,TRACKING,R+C
1786988260.841,48.9,0.000,0.850,0.917,0.4973,-0.0335,-0.12,-0.82563,0.150,0.700,0.000,-0.6695,-0.4885,TRACKING,R+C
1786988260.868,48.9,0.000,0.849,0.917,0.4958,-0.0331,-0.28,-0.83736,0.150,0.700,0.000,-0.6608,-0.4457,TRACKING,R+C
1786988260.890,48.9,0.000,0.851,0.919,0.4969,-0.0345,-0.05,-0.83408,0.150,0.700,0.000,-0.6864,-0.4534,TRACKING,R+C
1786988260.902,48.9,0.375,0.842,0.920,0.4378,-0.0378,0.08,-0.83706,0.150,0.700,0.000,-0.7322,-0.4800,TRACKING,L+C+R_fused
1786988260.918,48.9,0.368,0.838,0.910,0.4061,-0.0419,0.05,-0.85446,0.150,0.700,0.000,-0.7834,-0.5123,TRACKING,L+C+R_fused
1786988260.937,48.9,0.000,0.845,0.907,0.5032,-0.0483,-1.20,-0.95450,0.150,0.700,0.000,-0.8324,-0.5441,TRACKING,R+C
1786988260.950,48.9,0.000,0.853,0.904,0.5029,-0.0523,-1.12,-0.95652,0.150,0.700,0.000,-0.8770,-0.5735,TRACKING,R+C
1786988260.965,48.9,0.000,0.859,0.901,0.5046,-0.0526,1.39,-0.76904,0.150,0.700,0.000,-0.9237,-0.6034,TRACKING,R+C
1786988260.993,48.9,0.000,0.833,0.899,0.5059,-0.0583,0.64,-0.87491,0.150,0.700,0.000,-0.9696,-0.6333,TRACKING,R+C
1786988261.011,48.9,0.000,0.838,0.900,0.5131,-0.0643,1.51,-0.80073,0.150,0.180,0.000,-1.0000,-0.6547,TRACKING,R+C
1786988261.013,48.9,0.000,0.829,0.896,0.5194,-0.0738,0.81,-0.89700,0.150,0.180,0.000,-1.0000,-0.9494,TRACKING,R+C
1786988261.029,48.9,0.000,0.841,0.893,0.5256,-0.0825,2.31,-0.76060,0.150,0.180,0.000,-1.0000,-0.9924,TRACKING,R+C
1786988261.048,48.9,0.000,0.855,0.894,0.5304,-0.0902,3.71,-0.64334,0.150,0.180,0.000,-1.0000,-0.9989,TRACKING,R+C
1786988261.060,48.9,0.000,0.877,0.889,0.5351,-0.0989,3.84,-0.61995,0.150,0.180,0.000,-1.0000,-0.9998,TRACKING,R+C
1786988261.076,48.9,0.000,0.890,0.890,0.5389,-0.1061,3.13,-0.69033,0.150,0.180,0.000,-1.0000,-1.0000,TRACKING,R+C
1786988261.092,48.9,0.000,0.887,0.890,0.5464,-0.1112,4.15,-0.59102,0.150,0.180,0.000,-1.0000,-1.0000,TRACKING,R+C
1786988261.119,48.9,0.000,0.899,0.886,0.5494,-0.1161,3.61,-0.63339,0.150,0.180,0.000,-1.0000,-1.0000,TRACKING,R+C
1786988261.135,48.9,0.000,0.898,0.886,0.5543,-0.1191,3.62,-0.62296,0.150,0.700,0.000,-1.0000,-1.0000,TRACKING,R+C
1786988261.151,48.9,0.000,0.898,0.882,0.5594,-0.1213,4.07,-0.55704,0.150,0.700,0.000,-1.0000,-0.7137,TRACKING,R+C
1786988261.166,48.9,0.000,0.888,0.885,0.5609,-0.1239,3.84,-0.56267,0.150,0.700,0.000,-1.0000,-0.6709,TRACKING,R+C
1786988261.183,48.9,0.000,0.885,0.889,0.5633,-0.1287,3.04,-0.63047,0.150,0.700,0.000,-1.0000,-0.6647,TRACKING,R+C
1786988261.201,48.9,0.000,0.889,0.885,0.5661,-0.1362,1.87,-0.70372,0.150,0.700,0.000,-1.0000,-0.6642,TRACKING,R+C
1786988261.208,48.9,0.000,0.893,0.886,0.5704,-0.1386,3.66,-0.54918,0.150,0.180,0.000,-1.0000,-0.6644,TRACKING,R+C
1786988261.223,48.9,0.000,0.890,0.884,0.5724,-0.1419,3.93,-0.51847,0.150,0.700,0.000,-1.0000,-0.9513,TRACKING,R+C
1786988261.241,48.9,0.000,0.888,0.882,0.5724,-0.1439,3.84,-0.51694,0.150,0.700,0.000,-1.0000,-0.7075,TRACKING,R+C
1786988261.255,48.9,0.000,0.887,0.879,0.5731,-0.1444,4.13,-0.45192,0.155,0.700,0.000,-1.0000,-0.6711,TRACKING,R+C
1786988261.270,48.9,0.000,0.880,0.878,0.5662,-0.1420,4.13,-0.41503,0.158,0.700,0.000,-1.0000,-0.6654,TRACKING,R+C
1786988261.289,48.9,0.000,0.883,0.887,0.5691,-0.1394,3.62,-0.44528,0.155,0.700,0.000,-1.0000,-0.6642,TRACKING,R+C
1786988261.302,48.9,0.000,0.879,0.889,0.5646,-0.1361,4.71,-0.29288,0.171,0.700,0.000,-1.0000,-0.6637,TRACKING,R+C
1786988261.318,48.9,0.000,0.876,0.882,0.5639,-0.1348,4.49,-0.26654,0.173,0.700,0.000,-1.0000,-0.6635,TRACKING,R+C
1786988261.334,48.9,0.000,0.871,0.888,0.5624,-0.1342,4.38,-0.30076,0.170,0.700,0.000,-1.0000,-0.6635,TRACKING,R+C
1786988261.365,48.9,0.000,0.872,0.897,0.5653,-0.1334,3.19,-0.46974,0.153,0.700,0.000,-1.0000,-0.6635,TRACKING,R+C
1786988261.374,48.9,0.000,0.864,0.899,0.5645,-0.1320,1.55,-0.66268,0.150,0.700,0.000,-1.0000,-0.6635,TRACKING,R+C
1786988261.391,48.9,0.000,0.864,0.899,0.5724,-0.1273,1.99,-0.58202,0.150,0.700,0.000,-1.0000,-0.6630,TRACKING,R+C
1786988261.409,48.9,0.000,0.864,0.899,0.5724,-0.1018,1.59,-0.46561,0.150,0.700,0.000,-1.0000,-0.6630,TRACKING,prediction
1786988261.423,48.9,0.000,0.854,0.910,0.5650,-0.1181,1.23,-0.63738,0.150,0.700,0.000,-1.0000,-0.6621,TRACKING,R+C
1786988261.441,48.9,0.000,0.854,0.910,0.5650,-0.0945,0.98,-0.50991,0.150,0.700,0.000,-1.0000,-0.6621,TRACKING,prediction
1786988261.455,48.9,0.000,0.853,0.910,0.5679,-0.1079,0.68,-0.67123,0.150,0.700,0.000,-1.0000,-0.6612,TRACKING,R+C
1786988261.470,48.9,0.000,0.843,0.909,0.5537,-0.1015,0.13,-0.74447,0.150,0.700,0.000,-1.0000,-0.6607,TRACKING,R+C
1786988261.486,48.9,0.000,0.843,0.915,0.5523,-0.0944,0.28,-0.73087,0.150,0.700,0.000,-1.0000,-0.6602,TRACKING,R+C
1786988261.507,59.6,0.000,0.843,0.921,0.5295,-0.0878,-0.01,-0.78119,0.150,0.180,0.000,-1.0000,-0.6597,TRACKING,R+C
1786988261.527,59.6,0.000,0.843,0.823,0.5146,-0.0817,-0.21,-0.82256,0.150,0.180,0.000,-1.0000,-0.9499,TRACKING,R+C
1786988261.547,59.6,0.000,0.843,0.823,0.5146,-0.0654,-0.17,-0.65805,0.150,0.700,0.000,-1.0000,-0.9925,TRACKING,prediction
1786988261.564,59.6,0.000,0.843,0.823,0.5146,-0.0523,-0.14,-0.52644,0.150,0.700,0.000,-1.0000,-0.7092,TRACKING,prediction
1786988261.583,59.6,0.000,0.843,0.823,0.5146,-0.0418,-0.11,-0.42115,0.150,0.700,0.000,-1.0000,-0.6667,TRACKING,prediction
1786988261.597,59.6,0.000,0.843,0.823,0.5146,-0.0335,-0.09,-0.33692,0.150,0.700,0.000,-1.0000,-0.6604,TRACKING,prediction
1786988261.613,59.6,0.000,0.843,0.823,0.5146,-0.0268,-0.07,-0.26954,0.150,0.700,0.000,-1.0000,-0.6594,TRACKING,prediction
1786988261.632,59.6,0.000,0.814,0.590,0.5462,-0.0703,-0.60,-0.99630,0.150,0.180,0.000,-1.0000,-0.6587,TRACKING,R+C
1786988261.646,59.6,0.000,0.814,0.590,0.5462,-0.0563,-0.48,-0.79704,0.150,0.700,0.000,-1.0000,-0.9498,TRACKING,prediction
1786988261.661,59.6,0.000,0.814,0.590,0.5462,-0.0450,-0.38,-0.63763,0.150,0.700,0.000,-1.0000,-0.7022,TRACKING,prediction
1786988261.679,59.6,0.000,0.825,0.593,0.5448,-0.0596,0.65,-0.92167,0.150,0.700,0.000,-0.9861,-0.6571,TRACKING,R+C
1786988261.709,59.6,0.000,0.825,0.593,0.5448,-0.0477,0.52,-0.73734,0.150,0.700,0.000,-0.9861,-0.6504,TRACKING,prediction
1786988261.725,59.6,0.000,0.809,0.680,0.5500,-0.0647,0.04,-1.08888,0.150,0.700,0.000,-1.0000,-0.6576,TRACKING,R+C
1786988261.747,59.6,0.000,0.809,0.680,0.5500,-0.0518,0.03,-0.87110,0.150,0.180,0.000,-1.0000,-0.6586,TRACKING,prediction
1786988261.767,59.6,0.000,0.809,0.680,0.5500,-0.0414,0.03,-0.69688,0.150,0.700,0.000,-1.0000,-0.9498,TRACKING,prediction
1786988261.770,59.6,0.000,0.809,0.680,0.5500,-0.0331,0.02,-0.55751,0.150,0.700,0.000,-1.0000,-0.7023,TRACKING,prediction
1786988261.802,59.6,0.000,0.809,0.680,0.5500,-0.0265,0.02,-0.44600,0.150,0.700,0.000,-1.0000,-0.6653,TRACKING,prediction
1786988261.819,59.6,0.000,0.809,0.680,0.5500,-0.0212,0.01,-0.35680,0.150,0.700,0.000,-1.0000,-0.6597,TRACKING,prediction
1786988261.834,59.6,0.000,0.809,0.680,0.5500,-0.0170,0.01,-0.28544,0.150,0.700,0.000,-1.0000,-0.6589,TRACKING,prediction
1786988261.849,59.6,0.000,0.788,0.697,0.5494,-0.0516,0.70,-1.28924,0.150,0.700,0.000,-0.9493,-0.6312,TRACKING,R+C
1786988261.868,59.6,0.000,0.782,0.933,0.5523,-0.0550,0.39,-1.39181,0.150,0.180,0.000,-0.9823,-0.6454,TRACKING,R+C
1786988261.889,59.6,0.000,0.771,0.822,0.5567,-0.0575,-0.48,-1.57277,0.150,0.700,0.000,-1.0000,-0.9480,TRACKING,R+C
1786988261.895,59.6,0.000,0.770,0.617,0.5622,-0.0577,-0.12,-1.59374,0.150,0.180,0.000,-1.0000,-0.7028,TRACKING,R+C
1786988261.913,59.6,0.000,0.772,0.894,0.5513,-0.0556,0.53,-1.56203,0.150,0.180,0.000,-1.0000,-0.9564,TRACKING,R+C
1786988261.927,59.6,0.000,0.772,0.894,0.5513,-0.0445,0.43,-1.24962,0.150,0.180,0.000,-1.0000,-0.9935,TRACKING,prediction
1786988261.960,59.6,0.000,0.772,0.894,0.5513,-0.0356,0.34,-0.99970,0.150,0.700,0.000,-1.0000,-0.9990,TRACKING,prediction
1786988261.994,59.6,0.000,0.772,0.894,0.5513,-0.0285,0.27,-0.79976,0.150,0.180,0.000,-1.0000,-0.7106,TRACKING,prediction
1786988262.013,59.6,0.000,0.772,0.894,0.5513,-0.0228,0.22,-0.63981,0.150,0.700,0.000,-1.0000,-0.9575,TRACKING,prediction
1786988262.026,59.6,0.000,0.772,0.894,0.5513,-0.0182,0.18,-0.51184,0.150,0.700,0.000,-1.0000,-0.7042,TRACKING,prediction
1786988262.042,59.6,0.000,0.772,0.894,0.5513,-0.0146,0.14,-0.40948,0.150,0.700,0.000,-1.0000,-0.6664,TRACKING,prediction
1786988262.074,59.6,0.000,0.779,0.873,0.5914,-0.0701,3.04,-1.68656,0.150,0.700,0.000,-1.0000,-0.6631,TRACKING,R+C
1786988262.090,59.6,0.000,0.783,0.883,0.5929,-0.0705,2.44,-1.84340,0.150,0.700,0.000,-1.0000,-0.6626,TRACKING,R+C
1786988262.106,59.6,0.000,0.780,0.874,0.5917,-0.0674,3.52,-1.79704,0.150,0.700,0.000,-1.0000,-0.6625,TRACKING,R+C
1786988262.130,59.6,0.000,0.784,0.864,0.5939,-0.0643,4.78,-1.70646,0.150,0.700,0.000,-1.0000,-0.6624,TRACKING,R+C
1786988262.145,59.6,0.000,0.786,0.879,0.5993,-0.0623,5.69,-1.64384,0.150,0.700,0.000,-1.0000,-0.6623,TRACKING,R+C
1786988262.161,59.6,0.000,0.782,0.870,0.6083,-0.0646,6.13,-1.60313,0.150,0.700,0.000,-1.0000,-0.6626,TRACKING,R+C
1786988262.180,59.6,0.000,0.782,0.870,0.6083,-0.0517,4.91,-1.28250,0.150,0.700,0.000,-1.0000,-0.6626,TRACKING,prediction
1786988262.195,59.6,0.000,0.782,0.870,0.6083,-0.0413,3.92,-1.02600,0.150,0.700,0.000,-1.0000,-0.6626,TRACKING,prediction
1786988262.214,59.6,0.000,0.782,0.867,0.6321,-0.0744,9.55,-1.28848,0.150,0.700,0.000,-1.0000,-0.6637,TRACKING,R+C
1786988262.227,59.6,0.000,0.786,0.869,0.6397,-0.0784,11.04,-1.13111,0.150,0.180,0.000,-1.0000,-0.6641,TRACKING,R+C
1786988262.249,59.6,0.000,0.783,0.851,0.6463,-0.0849,12.57,-0.97192,0.150,0.180,0.000,-1.0000,-0.9513,TRACKING,R+C
1786988262.265,59.6,0.000,0.797,0.711,0.6486,-0.0934,13.72,-0.84872,0.150,0.180,0.000,-1.0000,-0.9927,TRACKING,R+C
1786988262.270,59.6,0.000,0.797,0.711,0.6486,-0.0747,10.97,-0.67898,0.150,0.180,0.000,-1.0000,-0.9989,TRACKING,prediction
1786988262.302,59.6,0.000,0.797,0.711,0.6486,-0.0598,8.78,-0.54318,0.150,0.180,0.000,-1.0000,-0.9998,TRACKING,prediction
1786988262.318,59.6,0.000,0.797,0.711,0.6486,-0.0478,7.02,-0.43455,0.150,0.180,0.000,-1.0000,-1.0000,TRACKING,prediction
1786988262.343,59.6,0.000,0.797,0.711,0.6486,-0.0383,5.62,-0.34764,0.150,0.180,0.000,-1.0000,-1.0000,TRACKING,prediction
1786988262.353,59.6,0.000,0.797,0.711,0.6486,-0.0306,4.49,-0.27811,0.150,0.180,0.000,-1.0000,-1.0000,TRACKING,prediction
1786988262.370,59.6,0.000,0.797,0.711,0.6486,-0.0245,3.60,-0.22249,0.150,0.180,0.000,-1.0000,-1.0000,TRACKING,prediction
1786988262.401,59.6,0.000,0.797,0.711,0.6486,-0.0196,2.88,-0.17799,0.150,0.180,0.000,-1.0000,-1.0000,TRACKING,prediction
1786988262.417,59.6,0.000,0.797,0.711,0.6486,-0.0157,2.30,-0.14239,0.150,0.180,0.000,-1.0000,-1.0000,TRACKING,prediction
1786988262.433,59.6,0.000,0.797,0.711,0.6486,-0.0125,1.84,-0.11391,0.150,0.180,0.000,-1.0000,-1.0000,TRACKING,prediction
1786988262.450,59.6,0.000,0.797,0.711,0.6486,-0.0100,1.47,-0.09113,0.150,0.180,0.000,-1.0000,-1.0000,TRACKING,prediction
1786988262.481,59.6,0.000,0.797,0.711,0.6486,-0.0080,1.18,-0.07290,0.150,0.180,0.000,-1.0000,-1.0000,TRACKING,prediction
1786988262.496,59.6,0.000,0.797,0.711,0.6486,-0.0064,0.94,-0.05832,0.150,0.180,0.000,-1.0000,-1.0000,TRACKING,prediction
1786988262.513,53.7,0.000,0.797,0.711,0.6486,-0.0051,0.75,-0.04666,0.150,0.180,0.000,-1.0000,-1.0000,UNCERTAIN,prediction
1786988262.542,53.7,0.000,0.797,0.711,0.6486,-0.0041,0.60,-0.03733,0.150,0.180,0.000,-1.0000,-1.0000,UNCERTAIN,prediction
1786988262.548,53.7,0.000,0.797,0.711,0.6486,-0.0033,0.48,-0.02986,0.150,0.180,0.000,-1.0000,-1.0000,UNCERTAIN,prediction
1786988262.583,53.7,0.000,0.797,0.711,0.6486,-0.0026,0.39,-0.02389,0.150,0.180,0.000,-1.0000,-1.0000,UNCERTAIN,prediction
1786988262.596,53.7,0.000,0.797,0.711,0.6486,-0.0021,0.31,-0.01911,0.150,0.180,0.000,-1.0000,-1.0000,UNCERTAIN,prediction
1786988262.612,53.7,0.000,0.797,0.711,0.6486,-0.0017,0.25,-0.01529,0.150,0.180,0.000,-1.0000,-1.0000,UNCERTAIN,prediction
1786988262.646,53.7,0.000,0.797,0.711,0.6486,-0.0013,0.20,-0.01223,0.150,0.180,0.000,-1.0000,-1.0000,UNCERTAIN,prediction
1786988262.669,53.7,0.000,0.797,0.711,0.6486,-0.0011,0.16,-0.00979,0.150,0.180,0.000,-1.0000,-1.0000,UNCERTAIN,prediction
1786988262.673,53.7,0.000,0.797,0.711,0.6486,-0.0009,0.13,-0.00783,0.150,0.180,0.000,-1.0000,-1.0000,UNCERTAIN,prediction
1786988262.704,53.7,0.000,0.797,0.711,0.6486,-0.0007,0.10,-0.00626,0.150,0.180,0.000,-1.0000,-1.0000,UNCERTAIN,prediction
1786988262.720,53.7,0.000,0.779,0.645,0.6117,-0.1161,3.35,-0.21568,0.178,0.180,0.000,-1.0000,-1.0000,TRACKING,R+C
1786988262.743,53.7,0.000,0.779,0.645,0.6117,-0.0929,2.68,-0.17254,0.178,0.180,0.000,-1.0000,-1.0000,TRACKING,prediction
1786988262.763,53.7,0.000,0.773,0.659,0.5707,-0.1101,1.28,-0.30585,0.169,0.180,0.000,-1.0000,-1.0000,TRACKING,R+C
1786988262.778,53.7,0.000,0.753,0.676,0.5672,-0.1078,0.28,-0.37113,0.163,0.180,0.000,-1.0000,-1.0000,TRACKING,R+C
1786988262.796,53.7,0.000,0.757,0.635,0.5679,-0.1082,-0.40,-0.38949,0.161,0.180,0.000,-1.0000,-1.0000,TRACKING,R+C
1786988262.810,53.7,0.000,0.732,0.626,0.5667,-0.1117,-2.05,-0.52030,0.150,0.180,0.000,-1.0000,-1.0000,TRACKING,R+C
1786988262.826,53.7,0.000,0.732,0.650,0.5591,-0.1159,-2.83,-0.56701,0.150,0.180,0.000,-1.0000,-1.0000,TRACKING,R+C
1786988262.856,53.7,0.000,0.732,0.650,0.5591,-0.0927,-2.26,-0.45361,0.150,0.180,0.000,-1.0000,-1.0000,TRACKING,prediction
1786988262.868,53.7,0.000,0.731,0.633,0.5631,-0.1195,-3.91,-0.60146,0.150,0.180,0.000,-1.0000,-1.0000,TRACKING,R+C
1786988262.884,53.7,0.000,0.731,0.633,0.5631,-0.0956,-3.13,-0.48117,0.150,0.180,0.000,-1.0000,-1.0000,TRACKING,prediction
1786988262.902,53.7,0.000,0.717,0.624,0.5559,-0.1112,-5.37,-0.70613,0.150,0.180,0.000,-1.0000,-1.0000,TRACKING,R+C
1786988262.930,53.7,0.000,0.710,0.635,0.5459,-0.1051,-6.69,-0.79396,0.150,0.180,0.000,-1.0000,-1.0000,TRACKING,R+C
1786988262.950,53.7,0.415,0.705,0.622,0.4343,-0.0986,-7.90,-0.87887,0.150,0.180,0.000,-1.0000,-1.0000,TRACKING,L+C+R_fused
1786988262.966,53.7,0.415,0.705,0.622,0.4343,-0.0788,-6.32,-0.70310,0.150,0.180,0.000,-1.0000,-1.0000,TRACKING,prediction
1786988262.998,53.7,0.826,0.695,0.636,0.4199,-0.0856,-9.46,-1.00192,0.150,0.180,0.000,-1.0000,-1.0000,TRACKING,L+C+R_fused
1786988263.014,53.7,0.824,0.708,0.639,0.4484,-0.0802,-9.87,-1.02375,0.150,0.180,0.000,-0.9443,-0.9542,TRACKING,L+C+R_fused
1786988263.037,53.7,0.821,0.702,0.633,0.4221,-0.0790,-11.32,-1.15179,0.150,0.180,0.000,-0.9114,-0.9202,TRACKING,L+C+R_fused
1786988263.058,53.7,0.841,0.716,0.629,0.4164,-0.0775,-10.73,-1.11986,0.150,0.180,0.000,-0.9077,-0.9120,TRACKING,L+C+R_fused
1786988263.069,53.7,0.665,0.725,0.632,0.4104,-0.0784,-10.94,-1.17576,0.150,0.180,0.000,-0.9172,-0.9187,TRACKING,L+C+R_fused
1786988263.087,53.7,0.000,0.717,0.644,0.5189,-0.0828,-13.13,-1.35816,0.150,0.180,0.000,-0.9277,-0.9284,TRACKING,R+C
1786988263.100,53.7,0.000,0.716,0.637,0.5251,-0.0821,-11.71,-1.32438,0.150,0.180,0.000,-0.9501,-0.9484,TRACKING,R+C
1786988263.116,53.7,0.000,0.726,0.645,0.5265,-0.0848,-12.62,-1.43723,0.150,0.180,0.000,-0.9660,-0.9645,TRACKING,R+C
1786988263.132,53.7,0.000,0.734,0.643,0.5306,-0.0848,-12.58,-1.48690,0.150,0.180,0.000,-0.9718,-0.9716,TRACKING,R+C
1786988263.148,53.7,0.000,0.743,0.636,0.5348,-0.0834,-12.06,-1.48663,0.150,0.180,0.000,-0.9713,-0.9723,TRACKING,R+C
1786988263.168,53.7,0.000,0.726,0.625,0.5370,-0.0826,-13.96,-1.69924,0.150,0.180,0.000,-0.9426,-0.9489,TRACKING,R+C
1786988263.180,53.7,0.000,0.729,0.629,0.5331,-0.0761,-13.54,-1.71640,0.150,0.180,0.000,-0.8907,-0.9028,TRACKING,R+C
1786988263.211,53.7,0.000,0.725,0.640,0.5283,-0.0654,-12.06,-1.69473,0.150,0.180,0.000,-0.8125,-0.8315,TRACKING,R+C
1786988263.227,53.7,0.000,0.743,0.651,0.5102,-0.0535,-10.01,-1.60948,0.150,0.180,0.000,-0.7183,-0.7427,TRACKING,R+C
1786988263.243,53.7,0.000,0.741,0.673,0.5010,-0.0425,-9.13,-1.61290,0.150,0.180,0.000,-0.6010,-0.6316,TRACKING,R+C
1786988263.259,53.7,0.000,0.723,0.656,0.4862,-0.0312,-7.96,-1.60187,0.150,0.180,0.000,-0.4764,-0.5107,TRACKING,R+C
1786988263.280,53.7,0.000,0.715,0.728,0.5056,-0.0204,-6.77,-1.57329,0.150,0.180,0.000,-0.3458,-0.3825,TRACKING,R+C
1786988263.291,53.7,0.000,0.722,0.733,0.5096,-0.0114,-6.05,-1.56420,0.150,0.180,0.000,-0.2224,-0.2589,TRACKING,R+C
1786988263.307,53.7,0.000,0.724,0.729,0.5051,-0.0032,-4.78,-1.54699,0.150,0.180,0.000,-0.1297,-0.1620,TRACKING,R+C
1786988263.323,53.7,0.000,0.729,0.437,0.4807,0.0026,-2.09,-1.38378,0.150,0.180,0.000,-0.1155,-0.1353,TRACKING,R+C
1786988263.339,53.7,0.000,0.750,0.715,0.5457,0.0011,-3.28,-1.57980,0.150,0.180,0.000,-0.1259,-0.1416,TRACKING,R+C
1786988263.355,53.7,0.000,0.751,0.725,0.5487,0.0011,-1.18,-1.47508,0.150,0.180,0.000,-0.1976,-0.2036,TRACKING,R+C
1786988263.371,53.7,0.000,0.740,0.672,0.5911,-0.0027,-2.62,-1.70257,0.150,0.180,0.000,-0.2421,-0.2518,TRACKING,R+C
1786988263.402,53.7,0.000,0.752,0.705,0.5349,-0.0050,-1.54,-1.66438,0.150,0.180,0.000,-0.3206,-0.3254,TRACKING,R+C
1786988263.416,53.7,0.000,0.755,0.521,0.6247,-0.0040,1.96,-1.41012,0.150,0.180,0.000,-0.4047,-0.4067,TRACKING,R+C
1786988263.432,53.7,0.000,0.749,0.830,0.5356,-0.0068,3.00,-1.37773,0.150,0.180,0.000,-0.4840,-0.4857,TRACKING,R+C
1786988263.449,53.7,0.000,0.752,0.889,0.5421,-0.0105,3.34,-1.43534,0.150,0.180,0.000,-0.5608,-0.5620,TRACKING,R+C
1786988263.464,53.7,0.000,0.747,0.880,0.5502,-0.0153,3.40,-1.49646,0.150,0.180,0.000,-0.6397,-0.6392,TRACKING,R+C
1786988263.480,53.7,0.000,0.755,0.878,0.5606,-0.0188,4.64,-1.42875,0.150,0.180,0.000,-0.7172,-0.7149,TRACKING,R+C
1786988263.496,53.7,0.000,0.760,0.875,0.5673,-0.0207,5.80,-1.36007,0.150,0.180,0.000,-0.7686,-0.7685,TRACKING,R+C
1786988263.514,53.9,0.000,0.757,0.875,0.5701,-0.0201,6.81,-1.31527,0.150,0.180,0.000,-0.7867,-0.7914,TRACKING,R+C
1786988263.528,53.9,0.000,0.754,0.871,0.5697,-0.0174,7.28,-1.28587,0.150,0.180,0.000,-0.7662,-0.7780,TRACKING,R+C
1786988263.544,53.9,0.000,0.756,0.868,0.5691,-0.0149,7.34,-1.32240,0.150,0.180,0.000,-0.7429,-0.7569,TRACKING,R+C
1786988263.560,53.9,0.000,0.759,0.865,0.5698,-0.0136,7.85,-1.28291,0.150,0.180,0.000,-0.7375,-0.7493,TRACKING,R+C
1786988263.591,53.9,0.000,0.751,0.854,0.5713,-0.0171,6.82,-1.43076,0.150,0.180,0.000,-0.7668,-0.7725,TRACKING,R+C
1786988263.596,53.9,0.000,0.754,0.860,0.5818,-0.0214,8.11,-1.31418,0.150,0.180,0.000,-0.8399,-0.8359,TRACKING,R+C
1786988263.612,53.9,0.000,0.757,0.848,0.5935,-0.0264,9.79,-1.15134,0.150,0.180,0.000,-0.9203,-0.9109,TRACKING,R+C
1786988263.641,53.9,0.000,0.755,0.852,0.6017,-0.0346,9.16,-1.24505,0.150,0.180,0.000,-0.9902,-0.9788,TRACKING,R+C
1786988263.649,53.9,0.000,0.753,0.853,0.6120,-0.0414,10.23,-1.14689,0.150,0.180,0.000,-1.0000,-0.9968,TRACKING,R+C
1786988263.668,53.9,0.000,0.754,0.841,0.6208,-0.0494,10.78,-1.11138,0.150,0.180,0.000,-1.0000,-0.9995,TRACKING,R+C
1786988263.691,53.9,0.000,0.754,0.841,0.6208,-0.0395,8.62,-0.88910,0.150,0.180,0.000,-1.0000,-0.9999,TRACKING,prediction
1786988263.724,53.9,0.000,0.754,0.841,0.6208,-0.0316,6.90,-0.71128,0.150,0.180,0.000,-1.0000,-1.0000,TRACKING,prediction
1786988263.756,53.9,0.000,0.754,0.841,0.6208,-0.0253,5.52,-0.56902,0.150,0.180,0.000,-1.0000,-1.0000,TRACKING,prediction
1786988263.777,53.9,0.000,0.754,0.841,0.6208,-0.0202,4.41,-0.45522,0.150,0.180,0.000,-1.0000,-1.0000,TRACKING,prediction
1786988263.793,53.9,0.000,0.754,0.841,0.6208,-0.0162,3.53,-0.36418,0.150,0.180,0.000,-1.0000,-1.0000,TRACKING,prediction
1786988263.809,53.9,0.000,0.754,0.841,0.6208,-0.0129,2.82,-0.29134,0.150,0.180,0.000,-1.0000,-1.0000,TRACKING,prediction
1786988263.841,53.9,0.000,0.754,0.841,0.6208,-0.0104,2.26,-0.23307,0.150,0.180,0.000,-1.0000,-1.0000,TRACKING,prediction
1786988263.857,53.9,0.000,0.754,0.841,0.6208,-0.0083,1.81,-0.18646,0.150,0.180,0.000,-1.0000,-1.0000,TRACKING,prediction
1786988263.875,53.9,0.000,0.754,0.841,0.6208,-0.0066,1.45,-0.14917,0.150,0.180,0.000,-1.0000,-1.0000,TRACKING,prediction
1786988263.906,53.9,0.000,0.754,0.841,0.6208,-0.0053,1.16,-0.11933,0.150,0.180,0.000,-1.0000,-1.0000,TRACKING,prediction
1786988263.921,53.9,0.000,0.754,0.841,0.6208,-0.0042,0.93,-0.09547,0.150,0.180,0.000,-1.0000,-1.0000,TRACKING,prediction
1786988263.953,53.9,0.000,0.754,0.841,0.6208,-0.0034,0.74,-0.07637,0.150,0.180,0.000,-1.0000,-1.0000,TRACKING,prediction
1786988263.969,53.9,0.000,0.754,0.841,0.6208,-0.0027,0.59,-0.06110,0.150,0.180,0.000,-1.0000,-1.0000,TRACKING,prediction
1786988263.985,53.9,0.000,0.754,0.841,0.6208,-0.0022,0.47,-0.04888,0.150,0.180,0.000,-1.0000,-1.0000,UNCERTAIN,prediction
1786988264.001,53.9,0.000,0.799,0.831,0.6250,-0.1010,8.23,-1.01436,0.150,0.180,0.000,-1.0000,-1.0000,TRACKING,R+C
1786988264.033,53.9,0.000,0.799,0.831,0.6250,-0.0808,6.58,-0.81149,0.150,0.180,0.000,-1.0000,-1.0000,TRACKING,prediction
1786988264.049,53.9,0.000,0.799,0.831,0.6250,-0.0646,5.27,-0.64919,0.150,0.180,0.000,-1.0000,-1.0000,TRACKING,prediction
1786988264.064,53.9,0.000,0.799,0.831,0.6250,-0.0517,4.21,-0.51935,0.150,0.180,0.000,-1.0000,-1.0000,TRACKING,prediction
1786988264.080,53.9,0.000,0.799,0.831,0.6250,-0.0414,3.37,-0.41548,0.150,0.700,0.000,-1.0000,-1.0000,TRACKING,prediction
1786988264.110,53.9,0.000,0.811,0.836,0.6072,-0.0921,7.94,-0.86331,0.150,0.700,0.000,-1.0000,-0.7137,TRACKING,R+C
1786988264.118,53.9,0.000,0.811,0.836,0.6072,-0.0737,6.36,-0.69065,0.150,0.700,0.000,-1.0000,-0.6707,TRACKING,prediction
1786988264.150,53.9,0.000,0.811,0.836,0.6072,-0.0590,5.08,-0.55252,0.150,0.700,0.000,-1.0000,-0.6643,TRACKING,prediction
1786988264.168,53.9,0.000,0.811,0.836,0.6072,-0.0472,4.07,-0.44202,0.150,0.700,0.000,-1.0000,-0.6633,TRACKING,prediction
1786988264.189,53.9,0.000,0.811,0.836,0.6072,-0.0377,3.25,-0.35361,0.150,0.700,0.000,-1.0000,-0.6631,TRACKING,prediction
1786988264.230,53.9,0.000,0.826,0.841,0.6046,-0.1092,8.16,-0.72590,0.150,0.700,0.000,-1.0000,-0.6642,TRACKING,R+C
1786988264.250,53.9,0.000,0.833,0.836,0.6069,-0.1165,7.40,-0.79114,0.150,0.700,0.000,-1.0000,-0.6647,TRACKING,R+C
1786988264.266,53.9,0.000,0.833,0.836,0.6069,-0.0932,5.92,-0.63291,0.150,0.700,0.000,-1.0000,-0.6647,TRACKING,prediction
1786988264.286,53.9,0.000,0.833,0.836,0.6069,-0.0745,4.73,-0.50633,0.150,0.700,0.000,-1.0000,-0.6647,TRACKING,prediction
1786988264.297,53.9,0.000,0.833,0.836,0.6069,-0.0596,3.79,-0.40506,0.150,0.700,0.000,-1.0000,-0.6647,TRACKING,prediction
1786988264.313,53.9,0.000,0.833,0.836,0.6069,-0.0477,3.03,-0.32405,0.150,0.180,0.000,-1.0000,-0.6647,TRACKING,prediction
1786988264.361,53.9,0.000,0.833,0.836,0.6069,-0.0382,2.42,-0.25924,0.150,0.180,0.000,-1.0000,-0.9513,TRACKING,prediction
1786988264.376,53.9,0.000,0.862,0.828,0.5907,-0.1173,6.34,-0.71185,0.150,0.180,0.000,-1.0000,-0.9927,TRACKING,R+C
1786988264.392,53.9,0.000,0.853,0.833,0.5879,-0.1138,6.21,-0.68510,0.150,0.180,0.000,-1.0000,-0.9989,TRACKING,R+C
1786988264.408,53.9,0.000,0.850,0.835,0.5853,-0.1097,6.07,-0.65889,0.150,0.180,0.000,-1.0000,-0.9998,TRACKING,R+C
1786988264.424,53.9,0.000,0.844,0.840,0.5775,-0.1078,4.18,-0.79673,0.150,0.180,0.000,-1.0000,-1.0000,TRACKING,R+C
1786988264.454,53.9,0.000,0.835,0.844,0.5714,-0.1026,4.17,-0.78321,0.150,0.180,0.000,-1.0000,-1.0000,TRACKING,R+C
1786988264.464,53.9,0.000,0.862,0.846,0.5673,-0.0965,5.72,-0.60059,0.150,0.180,0.000,-1.0000,-1.0000,TRACKING,R+C
1786988264.487,53.9,0.000,0.847,0.860,0.5612,-0.0953,4.35,-0.73538,0.150,0.180,0.000,-1.0000,-1.0000,TRACKING,R+C
1786988264.501,53.9,0.000,0.833,0.858,0.5567,-0.0951,3.38,-0.80132,0.150,0.180,0.000,-1.0000,-1.0000,TRACKING,R+C
1786988264.513,53.9,0.000,0.833,0.859,0.5556,-0.0952,3.17,-0.80616,0.150,0.180,0.000,-1.0000,-1.0000,TRACKING,R+C
1786988264.526,49.4,0.000,0.831,0.857,0.5537,-0.0959,3.06,-0.79626,0.150,0.180,0.000,-1.0000,-1.0000,TRACKING,R+C
1786988264.558,49.4,0.000,0.837,0.855,0.5527,-0.0965,2.73,-0.80539,0.150,0.180,0.000,-1.0000,-1.0000,TRACKING,R+C
1786988264.576,49.4,0.000,0.831,0.860,0.5494,-0.0956,2.00,-0.84367,0.150,0.180,0.000,-1.0000,-1.0000,TRACKING,R+C
1786988264.590,49.4,0.000,0.820,0.865,0.5480,-0.0890,2.76,-0.76260,0.150,0.180,0.000,-1.0000,-1.0000,TRACKING,R+C
1786988264.611,49.4,0.000,0.822,0.874,0.5458,-0.0832,2.50,-0.76653,0.150,0.180,0.000,-1.0000,-1.0000,TRACKING,R+C
1786988264.627,49.4,0.000,0.824,0.883,0.5453,-0.0776,2.60,-0.73343,0.150,0.180,0.000,-1.0000,-1.0000,TRACKING,R+C
1786988264.644,49.4,0.000,0.822,0.879,0.5428,-0.0726,2.54,-0.71932,0.150,0.180,0.000,-1.0000,-1.0000,TRACKING,R+C
1786988264.659,49.4,0.000,0.822,0.879,0.5377,-0.0677,2.24,-0.73364,0.150,0.180,0.000,-1.0000,-1.0000,TRACKING,R+C
1786988264.675,49.4,0.000,0.821,0.892,0.5336,-0.0625,2.02,-0.73505,0.150,0.180,0.000,-1.0000,-1.0000,TRACKING,R+C
1786988264.691,49.4,0.000,0.825,0.896,0.5281,-0.0578,1.50,-0.75433,0.150,0.180,0.000,-0.9732,-0.9781,TRACKING,R+C
1786988264.717,49.4,0.000,0.828,0.903,0.5244,-0.0528,1.96,-0.70954,0.150,0.180,0.000,-0.9335,-0.9422,TRACKING,R+C
1786988264.723,49.4,0.000,0.827,0.911,0.5213,-0.0487,2.37,-0.67103,0.150,0.180,0.000,-0.9000,-0.9093,TRACKING,R+C
1786988264.755,49.4,0.000,0.828,0.911,0.5215,-0.0478,2.02,-0.70321,0.150,0.180,0.000,-0.8852,-0.8921,TRACKING,R+C
1786988264.770,49.4,0.000,0.827,0.910,0.5209,-0.0482,2.04,-0.70605,0.150,0.180,0.000,-0.8902,-0.8937,TRACKING,R+C
1786988264.786,49.4,0.000,0.827,0.910,0.5209,-0.0386,1.63,-0.56484,0.150,0.180,0.000,-0.8902,-0.8939,TRACKING,prediction
1786988264.802,49.4,0.000,0.826,0.905,0.5252,-0.0467,2.15,-0.70074,0.150,0.180,0.000,-0.8764,-0.8825,TRACKING,R+C
1786988264.818,49.4,0.000,0.820,0.915,0.5241,-0.0429,2.20,-0.68775,0.150,0.180,0.000,-0.8366,-0.8479,TRACKING,R+C
1786988264.845,49.4,0.368,0.823,0.894,0.5761,-0.0409,1.72,-0.70808,0.150,0.180,0.000,-0.8028,-0.8147,TRACKING,L+C+R_fused
1786988264.853,49.4,0.620,0.820,0.898,0.5610,-0.0397,1.90,-0.70865,0.150,0.180,0.000,-0.7943,-0.8028,TRACKING,L+C+R_fused
1786988264.884,49.4,0.000,0.820,0.912,0.5309,-0.0417,2.16,-0.69145,0.150,0.180,0.000,-0.8226,-0.8244,TRACKING,R+C
1786988264.898,49.4,0.000,0.820,0.912,0.5309,-0.0334,1.73,-0.55316,0.150,0.180,0.000,-0.8226,-0.8277,TRACKING,prediction
1786988264.914,49.4,0.000,0.822,0.904,0.5339,-0.0452,2.45,-0.68675,0.150,0.180,0.000,-0.8679,-0.8657,TRACKING,R+C
1786988264.938,49.4,0.375,0.814,0.895,0.5355,-0.0433,2.35,-0.70123,0.150,0.180,0.000,-0.8466,-0.8537,TRACKING,L+C+R_fused
1786988264.958,49.4,0.703,0.807,0.891,0.5161,-0.0372,2.44,-0.69924,0.150,0.180,0.000,-0.7800,-0.7967,TRACKING,L+C+R_fused
1786988264.974,49.4,0.594,0.800,0.904,0.4990,-0.0299,2.49,-0.69513,0.150,0.180,0.000,-0.6909,-0.7139,TRACKING,L+C+R_fused
1786988265.006,49.4,0.934,0.797,0.901,0.5233,-0.0224,2.12,-0.71736,0.150,0.180,0.000,-0.5792,-0.6078,TRACKING,L+C+R_fused
1786988265.021,49.4,0.952,0.801,0.906,0.5143,-0.0145,1.89,-0.73240,0.150,0.180,0.000,-0.4565,-0.4885,TRACKING,L+C+R_fused
1786988265.049,49.4,0.959,0.799,0.918,0.5063,-0.0070,1.24,-0.78498,0.150,0.180,0.000,-0.3169,-0.3524,TRACKING,L+C+R_fused
1786988265.069,49.4,0.959,0.793,0.922,0.5013,0.0033,1.73,-0.76631,0.150,0.180,0.000,-0.1594,-0.1978,TRACKING,L+C+R_fused
1786988265.085,49.4,0.948,0.795,0.909,0.4970,0.0123,1.87,-0.75751,0.150,0.180,0.000,-0.0045,-0.0416,TRACKING,L+C+R_fused
1786988265.100,49.4,0.947,0.794,0.914,0.4946,0.0217,1.62,-0.79137,0.150,0.180,0.000,0.1658,0.1297,TRACKING,L+C+R_fused
1786988265.116,49.4,0.848,0.800,0.826,0.4997,0.0299,1.69,-0.80004,0.150,0.180,0.000,0.3025,0.2742,TRACKING,L+C+R_fused
1786988265.148,49.4,0.932,0.801,0.617,0.5561,0.0367,1.88,-0.81687,0.150,0.700,0.000,0.4032,0.3833,TRACKING,L+C+R_fused
1786988265.166,49.4,0.928,0.813,0.372,0.5012,0.0409,2.06,-0.82220,0.150,0.700,0.000,0.4609,0.3124,TRACKING,L+C+R_fused
1786988265.180,49.4,0.937,0.812,0.376,0.4672,0.0405,1.27,-0.91254,0.150,0.700,0.000,0.4705,0.3068,TRACKING,L+C+R_fused
1786988265.196,49.4,0.937,0.807,0.355,0.4726,0.0405,2.16,-0.88984,0.150,0.700,0.000,0.4406,0.2888,TRACKING,L+C+R_fused
1786988265.223,49.4,0.940,0.800,0.359,0.4679,0.0384,2.25,-0.93536,0.150,0.700,0.000,0.3957,0.2603,TRACKING,L+C+R_fused
1786988265.240,49.4,0.932,0.801,0.696,0.4769,0.0363,2.47,-0.95273,0.150,0.180,0.000,0.3494,0.2298,TRACKING,L+C+R_fused
1786988265.245,49.4,0.936,0.798,0.915,0.4742,0.0336,2.30,-1.01190,0.150,0.700,0.000,0.3012,0.2847,TRACKING,L+C+R_fused
1786988265.277,49.4,0.937,0.808,0.929,0.4716,0.0315,2.94,-0.99872,0.150,0.180,0.000,0.2398,0.1716,TRACKING,L+C+R_fused
1786988265.298,49.4,0.927,0.802,0.932,0.4757,0.0283,3.00,-1.01773,0.150,0.180,0.000,0.1801,0.1699,TRACKING,L+C+R_fused
1786988265.309,49.4,0.946,0.811,0.922,0.4738,0.0255,3.58,-0.97083,0.150,0.180,0.000,0.1125,0.1115,TRACKING,L+C+R_fused
1786988265.324,49.4,0.896,0.806,0.913,0.4786,0.0246,3.67,-0.99135,0.150,0.180,0.000,0.0885,0.0816,TRACKING,L+C+R_fused
1786988265.356,49.4,0.851,0.803,0.916,0.4812,0.0253,4.15,-0.97412,0.150,0.180,0.000,0.0831,0.0724,TRACKING,L+C+R_fused
1786988265.374,49.4,0.868,0.794,0.916,0.4858,0.0291,4.16,-0.97339,0.150,0.700,0.000,0.1502,0.1297,TRACKING,L+C+R_fused
1786988265.388,49.4,0.880,0.787,0.912,0.4834,0.0355,3.91,-1.00850,0.150,0.700,0.000,0.2652,0.1629,TRACKING,L+C+R_fused
1786988265.412,49.4,0.928,0.790,0.921,0.4829,0.0427,3.68,-1.03046,0.150,0.700,0.000,0.3897,0.2374,TRACKING,L+C+R_fused
1786988265.423,49.4,0.910,0.791,0.917,0.4811,0.0509,4.07,-0.99474,0.150,0.700,0.000,0.5087,0.3160,TRACKING,L+C+R_fused
1786988265.452,49.4,0.906,0.785,0.351,0.5120,0.0567,3.35,-1.06561,0.150,0.700,0.000,0.6085,0.3839,TRACKING,L+C+R_fused
1786988265.468,49.4,0.791,0.788,0.353,0.4729,0.0627,3.64,-1.04753,0.150,0.700,0.000,0.6807,0.4346,TRACKING,L+C+R_fused
1786988265.499,49.4,0.825,0.780,0.914,0.4818,0.0670,4.33,-1.01763,0.150,0.700,0.000,0.7173,0.4625,TRACKING,L+C+R_fused
1786988265.518,49.4,0.889,0.772,0.933,0.4861,0.0688,4.66,-1.00270,0.150,0.700,0.000,0.7314,0.4745,TRACKING,L+C+R_fused
1786988265.527,51.9,0.876,0.777,0.919,0.4845,0.0708,4.64,-1.03267,0.150,0.700,0.000,0.7518,0.4877,TRACKING,L+C+R_fused
1786988265.555,51.9,0.894,0.761,0.780,0.4881,0.0765,6.03,-0.91630,0.150,0.700,0.000,0.7917,0.5121,TRACKING,L+C+R_fused
1786988265.576,51.9,0.848,0.768,0.646,0.4363,0.0835,6.13,-0.92703,0.150,0.700,0.000,0.8649,0.5566,TRACKING,L+C+R_fused
1786988265.592,51.9,0.890,0.764,0.584,0.4752,0.0891,5.56,-0.98546,0.150,0.700,0.000,0.9298,0.5995,TRACKING,L+C+R_fused
1786988265.613,51.9,0.861,0.734,0.367,0.5159,0.0944,5.86,-0.94814,0.150,0.700,0.000,0.9754,0.6313,TRACKING,L+C+R_fused
1786988265.623,51.9,0.875,0.711,0.331,0.4955,0.0992,7.02,-0.88108,0.150,0.700,0.000,0.9981,0.6486,TRACKING,L+C+R_fused
1786988265.654,51.9,0.876,0.702,0.336,0.5032,0.1027,8.83,-0.74160,0.150,0.700,0.000,0.9999,0.6522,TRACKING,L+C+R_fused
1786988265.673,51.9,0.867,0.698,0.371,0.4520,0.1065,9.66,-0.68955,0.150,0.700,0.000,1.0000,0.6530,TRACKING,L+C+R_fused
1786988265.680,51.9,0.700,0.696,0.369,0.4468,0.1134,11.13,-0.56847,0.150,0.700,0.000,1.0000,0.6535,TRACKING,L+C+R_fused
1786988265.712,51.9,0.693,0.701,0.356,0.4034,0.1196,10.47,-0.65865,0.150,0.700,0.000,1.0000,0.6540,TRACKING,L+C+R_fused
1786988265.736,51.9,0.698,0.695,0.906,0.4546,0.1293,12.65,-0.49003,0.151,0.700,0.000,1.0000,0.6545,TRACKING,L+C+R_fused
1786988265.757,51.9,0.712,0.690,0.909,0.4504,0.1353,13.15,-0.45864,0.154,0.700,0.000,1.0000,0.6549,TRACKING,L+C+R_fused
1786988265.777,51.9,0.697,0.688,0.582,0.4442,0.1385,14.09,-0.40557,0.159,0.700,0.000,1.0000,0.6550,TRACKING,L+C+R_fused
1786988265.798,51.9,0.805,0.687,0.594,0.4280,0.1405,16.07,-0.25410,0.175,0.700,0.000,0.9867,0.6477,TRACKING,L+C+R_fused
1786988265.818,51.9,0.815,0.680,0.625,0.5142,0.1413,18.26,-0.07665,0.192,0.700,0.000,0.7293,0.5062,TRACKING,L+C+R_fused
1786988265.838,51.9,0.810,0.676,0.563,0.5556,0.1404,19.43,-0.03686,0.196,0.700,0.000,0.6725,0.4534,TRACKING,L+C+R_fused
1786988265.857,51.9,0.822,0.674,0.693,0.4491,0.1407,20.32,-0.02125,0.198,0.700,0.000,0.6433,0.4293,TRACKING,L+C+R_fused
1786988265.875,51.9,0.762,0.685,0.639,0.4594,0.1371,18.27,-0.27872,0.172,0.700,0.000,0.9372,0.5856,TRACKING,L+C+R_fused
1786988265.897,51.9,0.676,0.688,0.688,0.4943,0.1298,15.68,-0.57274,0.150,0.180,0.000,1.0000,0.6429,TRACKING,L+C+R_fused
1786988265.918,51.9,0.686,0.689,0.910,0.4881,0.1276,17.46,-0.44600,0.155,0.180,0.000,0.9945,0.9421,TRACKING,L+C+R_fused
1786988265.923,51.9,0.739,0.688,0.922,0.5131,0.1245,18.38,-0.38286,0.162,0.180,0.000,0.9031,0.9099,TRACKING,L+C+R_fused
1786988265.955,51.9,0.740,0.684,0.895,0.5206,0.1230,19.82,-0.29248,0.171,0.180,0.000,0.7970,0.8155,TRACKING,L+C+R_fused
1786988265.971,51.9,0.434,0.687,0.873,0.4855,0.1181,18.65,-0.49945,0.150,0.180,0.000,0.9166,0.9017,TRACKING,L+C+R_fused
1786988265.987,51.9,0.000,0.686,0.887,0.4683,0.1159,20.38,-0.38448,0.162,0.180,0.000,0.7686,0.7893,TRACKING,R+C
1786988266.013,51.9,0.000,0.677,0.881,0.4761,0.1150,23.77,-0.09668,0.190,0.180,0.000,0.3040,0.3778,TRACKING,R+C
1786988266.028,51.9,0.000,0.682,0.873,0.4775,0.1065,22.32,-0.24471,0.176,0.180,0.000,0.5374,0.5116,TRACKING,R+C
1786988266.034,51.9,0.000,0.685,0.866,0.4871,0.0985,21.78,-0.32947,0.167,0.180,0.000,0.4979,0.4947,TRACKING,R+C
1786988266.067,51.9,0.000,0.716,0.860,0.5057,0.0867,15.00,-1.19031,0.150,0.180,0.000,0.5694,0.5474,TRACKING,R+C
1786988266.084,51.9,0.000,0.698,0.852,0.5192,0.0815,16.46,-1.10275,0.150,0.180,0.000,0.4429,0.4449,TRACKING,R+C
1786988266.090,51.9,0.000,0.718,0.846,0.5334,0.0712,13.99,-1.46000,0.150,0.180,0.000,0.3256,0.3252,TRACKING,R+C
1786988266.120,51.9,0.000,0.675,0.838,0.5459,0.0757,26.71,-0.01568,0.198,0.180,0.000,-0.2146,-0.1469,TRACKING,R+C
1786988266.139,51.9,0.000,0.675,0.838,0.5459,0.0606,21.37,-0.01255,0.198,0.180,0.000,-0.2146,-0.2170,TRACKING,prediction
1786988266.159,51.9,0.000,0.675,0.838,0.5459,0.0484,17.10,-0.01004,0.198,0.180,0.000,-0.2146,-0.2275,TRACKING,prediction
1786988266.178,51.9,0.000,0.676,0.815,0.5860,0.0497,30.22,0.19529,0.180,0.180,0.000,-0.3697,-0.3672,TRACKING,R+C
1786988266.195,51.9,0.000,0.675,0.816,0.5997,0.0408,30.81,0.24526,0.175,0.180,0.000,-0.5039,-0.4989,TRACKING,R+C
1786988266.211,51.9,0.000,0.675,0.811,0.6126,0.0327,32.84,0.42468,0.158,0.180,0.000,-0.7475,-0.7188,TRACKING,R+C
1786988266.229,51.9,0.000,0.675,0.811,0.6126,0.0261,26.27,0.33975,0.158,0.180,0.000,-0.7475,-0.7515,TRACKING,prediction
1786988266.239,51.9,0.000,0.701,0.806,0.6532,-0.0040,17.57,-1.55447,0.150,0.180,0.000,-0.9623,-0.9335,TRACKING,R+C
1786988266.255,51.9,0.000,0.701,0.806,0.6532,-0.0032,14.05,-1.24357,0.150,0.180,0.000,-0.9623,-0.9599,TRACKING,prediction
1786988266.289,51.9,0.000,0.701,0.806,0.6532,-0.0025,11.24,-0.99486,0.150,0.180,0.000,-0.9623,-0.9639,TRACKING,prediction
1786988266.304,51.9,0.000,0.679,0.795,0.6885,-0.0164,29.48,-0.10687,0.189,0.180,0.000,-0.9080,-0.9214,TRACKING,R+C
1786988266.341,51.9,0.000,0.717,0.796,0.7005,-0.0316,17.12,-1.77764,0.150,0.180,0.000,-1.0000,-0.9883,TRACKING,R+C
1786988266.359,51.9,0.000,0.717,0.796,0.7005,-0.0253,13.69,-1.42211,0.150,0.180,0.000,-1.0000,-0.9982,TRACKING,prediction
1786988266.383,51.9,0.000,0.724,0.796,0.7009,-0.0326,20.21,-1.30588,0.150,0.180,0.000,-1.0000,-0.9997,TRACKING,R+C
1786988266.403,51.9,0.000,0.724,0.796,0.7009,-0.0260,16.17,-1.04470,0.150,0.180,0.000,-1.0000,-1.0000,TRACKING,prediction
1786988266.418,51.9,0.000,0.724,0.796,0.7009,-0.0208,12.93,-0.83576,0.150,0.180,0.000,-1.0000,-1.0000,TRACKING,prediction
1786988266.442,51.9,0.000,0.724,0.796,0.7009,-0.0167,10.35,-0.66861,0.150,0.180,0.000,-1.0000,-1.0000,TRACKING,prediction
1786988266.451,51.9,0.000,0.724,0.796,0.7009,-0.0133,8.28,-0.53489,0.150,0.180,0.000,-1.0000,-1.0000,TRACKING,prediction
1786988266.482,51.9,0.000,0.724,0.796,0.7009,-0.0107,6.62,-0.42791,0.150,0.180,0.000,-1.0000,-1.0000,TRACKING,prediction
1786988266.498,51.9,0.000,0.724,0.796,0.7009,-0.0085,5.30,-0.34233,0.150,0.180,0.000,-1.0000,-1.0000,TRACKING,prediction
1786988266.528,50.0,0.000,0.724,0.796,0.7009,-0.0068,4.24,-0.27386,0.150,0.180,0.000,-1.0000,-1.0000,TRACKING,prediction
1786988266.541,50.0,0.000,0.724,0.796,0.7009,-0.0055,3.39,-0.21909,0.150,0.180,0.000,-1.0000,-1.0000,TRACKING,prediction
1786988266.558,50.0,0.000,0.724,0.796,0.7009,-0.0044,2.71,-0.17527,0.150,0.180,0.000,-1.0000,-1.0000,TRACKING,prediction
1786988266.584,50.0,0.000,0.724,0.796,0.7009,-0.0035,2.17,-0.14022,0.150,0.180,0.000,-1.0000,-1.0000,TRACKING,prediction
1786988266.606,50.0,0.000,0.724,0.796,0.7009,-0.0028,1.74,-0.11217,0.150,0.180,0.000,-1.0000,-1.0000,TRACKING,prediction
1786988266.622,50.0,0.000,0.724,0.796,0.7009,-0.0022,1.39,-0.08974,0.150,0.180,0.000,-1.0000,-1.0000,TRACKING,prediction
1786988266.654,50.0,0.000,0.724,0.796,0.7009,-0.0018,1.11,-0.07179,0.150,0.490,0.000,-1.0000,-1.0000,UNCERTAIN,prediction
1786988266.669,50.0,0.000,0.724,0.796,0.7009,-0.0014,0.89,-0.05743,0.150,0.490,0.000,-1.0000,-0.8322,UNCERTAIN,prediction
1786988266.699,50.0,0.000,0.724,0.796,0.7009,-0.0011,0.71,-0.04595,0.150,0.490,0.000,-1.0000,-0.8070,UNCERTAIN,prediction
1786988266.720,50.0,0.000,0.724,0.796,0.7009,-0.0009,0.57,-0.03676,0.150,0.468,0.000,-1.0000,-0.8033,UNCERTAIN,prediction
1786988266.732,50.0,0.000,0.724,0.796,0.7009,-0.0007,0.46,-0.02941,0.150,0.445,0.000,-1.0000,-0.8148,UNCERTAIN,prediction
1786988266.764,50.0,0.000,0.724,0.796,0.7009,-0.0006,0.36,-0.02352,0.150,0.422,0.000,-1.0000,-0.8294,UNCERTAIN,prediction
1786988266.780,50.0,0.000,0.724,0.796,0.7009,-0.0005,0.29,-0.01882,0.150,0.401,0.000,-1.0000,-0.8438,UNCERTAIN,prediction
1786988266.805,50.0,0.000,0.724,0.796,0.7009,-0.0004,0.23,-0.01506,0.150,0.381,0.000,-1.0000,-0.8575,UNCERTAIN,prediction
1786988266.812,50.0,0.000,0.724,0.796,0.7009,-0.0003,0.19,-0.01204,0.150,0.362,0.000,-1.0000,-0.8705,UNCERTAIN,prediction
1786988266.843,50.0,0.000,0.724,0.796,0.7009,-0.0002,0.15,-0.00964,0.150,0.344,0.000,-1.0000,-0.8828,UNCERTAIN,prediction
1786988266.859,50.0,0.000,0.807,0.701,0.6166,-0.0853,9.02,-0.23029,0.177,0.700,0.000,-1.0000,-0.8927,TRACKING,R+C
1786988266.891,50.0,0.000,0.807,0.701,0.6166,-0.0682,7.22,-0.18423,0.177,0.700,0.000,-1.0000,-0.6954,TRACKING,prediction
1786988266.916,50.0,0.000,0.807,0.701,0.6166,-0.0546,5.77,-0.14739,0.177,0.700,0.000,-1.0000,-0.6661,TRACKING,prediction
1786988266.930,50.0,0.000,0.814,0.700,0.5967,-0.0710,10.28,0.03809,0.196,0.700,0.000,-0.8973,-0.6048,TRACKING,R+C
1786988266.952,50.0,0.000,0.814,0.700,0.5967,-0.0568,8.22,0.03047,0.196,0.700,0.000,-0.8973,-0.5959,TRACKING,prediction
1786988266.972,50.0,0.000,0.814,0.700,0.5967,-0.0454,6.58,0.02438,0.196,0.700,0.000,-0.8973,-0.5946,TRACKING,prediction
1786988266.994,50.0,0.000,0.804,0.716,0.5707,-0.0609,7.03,-0.10377,0.190,0.700,0.000,-0.8201,-0.5508,TRACKING,R+C
1786988267.004,50.0,0.000,0.804,0.716,0.5707,-0.0487,5.62,-0.08301,0.190,0.700,0.000,-0.8201,-0.5445,TRACKING,prediction
1786988267.019,50.0,0.000,0.804,0.716,0.5707,-0.0390,4.50,-0.06641,0.190,0.700,0.000,-0.8201,-0.5436,TRACKING,prediction
1786988267.051,50.0,0.371,0.795,0.826,0.4943,-0.0488,5.40,-0.14671,0.185,0.700,0.000,-0.7199,-0.4872,TRACKING,L+C+R_fused
1786988267.074,50.0,0.371,0.795,0.826,0.4943,-0.0390,4.32,-0.11737,0.185,0.180,0.000,-0.7199,-0.4790,TRACKING,prediction
1786988267.096,50.0,0.371,0.795,0.826,0.4943,-0.0312,3.46,-0.09389,0.185,0.700,0.000,-0.7199,-0.6924,TRACKING,prediction
1786988267.140,50.0,0.000,0.776,0.850,0.5411,-0.0566,1.87,-0.44922,0.155,0.180,0.000,-0.9009,-0.6078,TRACKING,R+C
1786988267.152,50.0,0.000,0.780,0.837,0.5418,-0.0603,1.26,-0.52340,0.150,0.180,0.000,-0.9693,-0.9170,TRACKING,R+C
1786988267.169,50.0,0.000,0.772,0.838,0.5451,-0.0642,0.65,-0.57454,0.150,0.180,0.000,-0.9947,-0.9832,TRACKING,R+C
1786988267.184,50.0,0.000,0.736,0.846,0.5447,-0.0693,-2.39,-0.89697,0.150,0.180,0.000,-1.0000,-0.9975,TRACKING,R+C
1786988267.200,50.0,0.000,0.701,0.797,0.5421,-0.0748,-6.31,-1.26453,0.150,0.180,0.000,-0.9988,-0.9986,TRACKING,R+C
1786988267.218,50.0,0.000,0.772,0.842,0.5447,-0.0738,-3.44,-0.94009,0.150,0.180,0.000,-1.0000,-0.9998,TRACKING,R+C
1786988267.243,50.0,0.000,0.763,0.839,0.5413,-0.0690,-3.02,-0.94758,0.150,0.180,0.000,-0.9899,-0.9917,TRACKING,R+C
1786988267.264,50.0,0.000,0.771,0.851,0.5356,-0.0633,-4.20,-1.11124,0.150,0.180,0.000,-0.9266,-0.9386,TRACKING,R+C
1786988267.296,50.0,0.000,0.749,0.861,0.5275,-0.0576,-6.59,-1.34970,0.150,0.180,0.000,-0.8317,-0.8526,TRACKING,R+C
1786988267.311,50.0,0.000,0.742,0.867,0.5223,-0.0505,-7.83,-1.47560,0.150,0.180,0.000,-0.7302,-0.7556,TRACKING,R+C
1786988267.329,50.0,0.000,0.747,0.877,0.5138,-0.0440,-9.90,-1.64874,0.150,0.180,0.000,-0.6017,-0.6341,TRACKING,R+C
1786988267.343,50.0,0.000,0.765,0.880,0.5048,-0.0343,-9.96,-1.67475,0.150,0.180,0.000,-0.4604,-0.4974,TRACKING,R+C
1786988267.361,50.0,0.000,0.747,0.887,0.4982,-0.0230,-9.68,-1.73821,0.150,0.180,0.000,-0.3001,-0.3420,TRACKING,R+C
1786988267.391,50.0,0.000,0.756,0.896,0.4903,-0.0126,-9.68,-1.81130,0.150,0.180,0.000,-0.1352,-0.1793,TRACKING,R+C
1786988267.411,50.0,0.376,0.759,0.899,0.4678,-0.0026,-10.27,-1.90983,0.150,0.180,0.000,0.0478,0.0012,TRACKING,L+C+R_fused
1786988267.429,50.0,0.946,0.768,0.904,0.4835,0.0073,-9.96,-1.91924,0.150,0.180,0.000,0.2070,0.1670,TRACKING,L+C+R_fused
1786988267.444,50.0,0.952,0.782,0.905,0.5077,0.0171,-10.16,-1.97527,0.150,0.180,0.000,0.3696,0.3329,TRACKING,L+C+R_fused
1786988267.469,50.0,0.943,0.791,0.917,0.5046,0.0292,-8.95,-1.95185,0.150,0.180,0.000,0.5178,0.4868,TRACKING,L+C+R_fused
1786988267.486,50.0,0.933,0.788,0.914,0.5025,0.0426,-6.46,-1.87944,0.150,0.180,0.000,0.6333,0.6103,TRACKING,L+C+R_fused
1786988267.493,50.0,0.936,0.787,0.917,0.5051,0.0533,-4.11,-1.79584,0.150,0.180,0.000,0.7096,0.6950,TRACKING,L+C+R_fused
1786988267.523,50.0,0.939,0.802,0.916,0.5056,0.0500,-6.79,-1.97580,0.150,0.180,0.000,0.7269,0.7222,TRACKING,L+C+R_fused
1786988267.542,48.3,0.943,0.798,0.918,0.5020,0.0542,-4.58,-1.93825,0.150,0.180,0.000,0.7177,0.7176,TRACKING,L+C+R_fused
1786988267.555,48.3,0.945,0.793,0.918,0.5005,0.0563,-2.31,-1.86833,0.150,0.180,0.000,0.6826,0.6855,TRACKING,L+C+R_fused
1786988267.572,48.3,0.000,0.792,0.920,0.4569,0.0575,0.08,-1.75406,0.150,0.180,0.000,0.6353,0.6389,TRACKING,R+C
1786988267.587,48.3,0.000,0.792,0.915,0.4672,0.0562,1.09,-1.72536,0.150,0.180,0.000,0.5859,0.5885,TRACKING,R+C
1786988267.618,48.3,0.000,0.792,0.915,0.4672,0.0450,0.87,-1.38029,0.150,0.180,0.000,0.5859,0.5812,TRACKING,prediction
1786988267.634,48.3,0.000,0.790,0.911,0.4803,0.0542,3.73,-1.65434,0.150,0.180,0.000,0.4669,0.4745,TRACKING,R+C
1786988267.650,48.3,0.000,0.788,0.907,0.5003,0.0515,4.71,-1.62060,0.150,0.180,0.000,0.3900,0.3915,TRACKING,R+C
1786988267.665,48.3,0.000,0.788,0.907,0.5003,0.0412,3.76,-1.29648,0.150,0.180,0.000,0.3900,0.3793,TRACKING,prediction
1786988267.696,48.3,0.000,0.773,0.909,0.5220,0.0478,9.04,-1.35198,0.150,0.700,0.000,0.1819,0.1952,TRACKING,R+C
1786988267.712,48.3,0.000,0.765,0.895,0.5392,0.0443,10.57,-1.23944,0.150,0.700,0.000,0.0683,0.0578,TRACKING,R+C
1786988267.737,48.3,0.000,0.762,0.891,0.5434,0.0395,11.60,-1.18488,0.150,0.180,0.000,-0.0558,-0.0338,TRACKING,R+C
1786988267.750,48.3,0.000,0.762,0.883,0.5553,0.0347,13.49,-1.01869,0.150,0.180,0.000,-0.1995,-0.1948,TRACKING,R+C
1786988267.769,48.3,0.000,0.750,0.874,0.5650,0.0275,12.50,-1.22655,0.150,0.700,0.000,-0.3154,-0.3161,TRACKING,R+C
1786988267.802,48.3,0.000,0.766,0.867,0.5810,0.0179,11.75,-1.34634,0.150,0.700,0.000,-0.4577,-0.3114,TRACKING,R+C
1786988267.806,48.3,0.000,0.764,0.866,0.5879,0.0071,11.51,-1.36302,0.150,0.700,0.000,-0.6088,-0.3951,TRACKING,R+C
1786988267.822,48.3,0.000,0.761,0.862,0.6073,-0.0005,12.44,-1.32313,0.150,0.700,0.000,-0.7369,-0.4779,TRACKING,R+C
1786988267.849,48.3,0.000,0.760,0.856,0.6163,-0.0107,12.15,-1.37061,0.150,0.700,0.000,-0.8508,-0.5525,TRACKING,R+C
1786988267.866,48.3,0.000,0.758,0.852,0.6277,-0.0190,13.15,-1.28283,0.150,0.700,0.000,-0.9519,-0.6187,TRACKING,R+C
1786988267.883,48.3,0.000,0.759,0.846,0.6415,-0.0287,13.35,-1.25645,0.150,0.700,0.000,-1.0000,-0.6551,TRACKING,R+C
1786988267.889,48.3,0.000,0.755,0.827,0.6516,-0.0364,15.23,-1.06965,0.150,0.700,0.000,-1.0000,-0.6612,TRACKING,R+C
1786988267.905,48.3,0.000,0.755,0.827,0.6516,-0.0291,12.19,-0.85572,0.150,0.700,0.000,-1.0000,-0.6620,TRACKING,prediction
1786988267.936,48.3,0.000,0.767,0.824,0.6705,-0.0558,15.23,-1.07127,0.150,0.180,0.000,-1.0000,-0.6637,TRACKING,R+C
1786988267.964,48.3,0.000,0.786,0.819,0.6796,-0.0633,15.80,-0.96448,0.150,0.700,0.000,-1.0000,-0.9512,TRACKING,R+C
1786988267.981,48.3,0.000,0.793,0.817,0.6846,-0.0682,16.29,-0.87197,0.150,0.700,0.000,-1.0000,-0.7073,TRACKING,R+C
1786988268.000,48.3,0.000,0.793,0.817,0.6846,-0.0545,13.04,-0.69758,0.150,0.700,0.000,-1.0000,-0.6709,TRACKING,prediction
1786988268.018,48.3,0.000,0.801,0.814,0.6844,-0.0745,16.56,-0.74717,0.150,0.700,0.000,-1.0000,-0.6656,TRACKING,R+C
1786988268.037,48.3,0.000,0.801,0.814,0.6844,-0.0596,13.25,-0.59774,0.150,0.180,0.000,-1.0000,-0.6648,TRACKING,prediction
1786988268.055,48.3,0.000,0.801,0.814,0.6844,-0.0477,10.60,-0.47819,0.150,0.180,0.000,-1.0000,-0.9514,TRACKING,prediction
1786988268.062,48.3,0.000,0.801,0.814,0.6844,-0.0382,8.48,-0.38255,0.150,0.180,0.000,-1.0000,-0.9927,TRACKING,prediction
1786988268.092,48.3,0.000,0.812,0.797,0.6982,-0.1136,14.65,-0.83002,0.150,0.180,0.000,-1.0000,-0.9989,TRACKING,R+C
1786988268.111,48.3,0.000,0.812,0.797,0.6982,-0.0909,11.72,-0.66402,0.150,0.180,0.000,-1.0000,-0.9998,TRACKING,prediction
1786988268.132,48.3,0.000,0.812,0.797,0.6982,-0.0727,9.37,-0.53121,0.150,0.180,0.000,-1.0000,-1.0000,TRACKING,prediction
1786988268.151,48.3,0.000,0.812,0.797,0.6982,-0.0582,7.50,-0.42497,0.150,0.180,0.000,-1.0000,-1.0000,TRACKING,prediction
1786988268.169,48.3,0.000,0.812,0.797,0.6982,-0.0465,6.00,-0.33998,0.150,0.180,0.000,-1.0000,-1.0000,TRACKING,prediction
1786988268.185,48.3,0.000,0.840,0.759,0.6931,-0.1710,16.47,-0.26725,0.173,0.180,0.000,-1.0000,-1.0000,TRACKING,R+C
1786988268.201,48.3,0.000,0.840,0.759,0.6931,-0.1368,13.18,-0.21380,0.173,0.180,0.000,-1.0000,-1.0000,TRACKING,prediction
1786988268.220,48.3,0.000,0.840,0.759,0.6931,-0.1095,10.54,-0.17104,0.173,0.180,0.000,-1.0000,-1.0000,TRACKING,prediction
1786988268.238,48.3,0.000,0.840,0.759,0.6931,-0.0876,8.44,-0.13683,0.173,0.180,0.000,-1.0000,-1.0000,TRACKING,prediction
1786988268.254,48.3,0.000,0.840,0.759,0.6931,-0.0701,6.75,-0.10947,0.173,0.180,0.000,-1.0000,-1.0000,TRACKING,prediction
1786988268.286,48.3,0.000,0.840,0.759,0.6931,-0.0560,5.40,-0.08757,0.173,0.180,0.000,-1.0000,-1.0000,TRACKING,prediction
1786988268.302,48.3,0.000,0.840,0.759,0.6931,-0.0448,4.32,-0.07006,0.173,0.180,0.000,-1.0000,-1.0000,TRACKING,prediction
1786988268.318,48.3,0.000,0.000,0.683,0.6931,-0.2092,41.84,0.01030,0.199,0.180,0.000,-1.0000,-1.0000,UNCERTAIN,R_only
1786988268.336,48.3,0.000,0.695,0.000,0.6931,0.1094,38.77,-0.25995,0.174,0.180,0.000,-0.1570,-0.3140,TRACKING,C_only
1786988268.349,48.3,0.000,0.695,0.000,0.6931,0.0865,37.48,-0.35281,0.165,0.180,0.000,-0.4411,-0.4468,TRACKING,C_only
1786988268.361,48.3,0.000,0.684,0.000,0.6931,0.0701,37.65,-0.27557,0.172,0.180,0.000,-0.5826,-0.5821,TRACKING,C_only
1786988268.377,48.3,0.000,0.692,0.000,0.6931,0.0561,36.75,-0.27433,0.173,0.180,0.000,-0.6866,-0.6866,TRACKING,C_only
1786988268.381,48.3,0.000,0.708,0.000,0.6931,0.0427,35.44,-0.31510,0.168,0.180,0.000,-0.7982,-0.7920,TRACKING,C_only
1786988268.396,48.3,0.000,0.724,0.000,0.6931,0.0326,34.37,-0.31783,0.168,0.180,0.000,-0.8520,-0.8508,TRACKING,C_only
1786988268.419,48.3,0.000,0.734,0.000,0.6931,0.0230,33.57,-0.28569,0.171,0.180,0.000,-0.8775,-0.8801,TRACKING,C_only
1786988268.425,48.3,0.000,0.743,0.000,0.6931,0.0136,32.77,-0.26810,0.173,0.180,0.000,-0.9117,-0.9118,TRACKING,C_only
1786988268.448,48.3,0.000,0.754,0.000,0.6931,0.0051,31.55,-0.28594,0.171,0.700,0.000,-0.9561,-0.9519,TRACKING,C_only
1786988268.459,48.3,0.000,0.763,0.000,0.6931,-0.0021,30.47,-0.29350,0.171,0.180,0.000,-0.9858,-0.6988,TRACKING,C_only
1786988268.473,48.3,0.000,0.779,0.000,0.6931,-0.0088,29.73,-0.25046,0.175,0.180,0.000,-0.9778,-0.9385,TRACKING,C_only
1786988268.487,48.3,0.000,0.791,0.000,0.6931,-0.0150,28.81,-0.23867,0.176,0.700,0.000,-0.9876,-0.9809,TRACKING,C_only
1786988268.502,48.3,0.000,0.794,0.000,0.6931,-0.0205,27.85,-0.23257,0.177,0.180,0.000,-0.9974,-0.7093,TRACKING,C_only
1786988268.509,48.3,0.000,0.807,0.000,0.6931,-0.0271,25.71,-0.36635,0.163,0.700,0.000,-1.0000,-0.9577,TRACKING,C_only
1786988268.529,48.3,0.000,0.808,0.000,0.6931,-0.0301,25.91,-0.26225,0.174,0.700,0.000,-1.0000,-0.7072,TRACKING,C_only
1786988268.541,48.3,0.000,0.804,0.000,0.6931,-0.0344,24.79,-0.28851,0.171,0.700,0.000,-1.0000,-0.6697,TRACKING,C_only
1786988268.557,57.2,0.000,0.811,0.000,0.6931,-0.0381,23.10,-0.39232,0.161,0.700,0.000,-1.0000,-0.6641,TRACKING,C_only
1786988268.583,57.2,0.000,0.809,0.000,0.6931,-0.0389,22.80,-0.31002,0.169,0.700,0.000,-1.0000,-0.6629,TRACKING,C_only
1786988268.598,57.2,0.000,0.807,0.000,0.6931,-0.0395,22.39,-0.27234,0.173,0.180,0.000,-1.0000,-0.6625,TRACKING,C_only
1786988268.604,57.2,0.000,0.810,0.000,0.6931,-0.0406,21.60,-0.26741,0.173,0.700,0.000,-1.0000,-0.9507,TRACKING,C_only
1786988268.625,57.2,0.000,0.815,0.000,0.6931,-0.0417,20.63,-0.29711,0.170,0.700,0.000,-1.0000,-0.7051,TRACKING,C_only
1786988268.639,57.2,0.000,0.823,0.000,0.6931,-0.0420,19.85,-0.30417,0.170,0.700,0.000,-1.0000,-0.6682,TRACKING,C_only
1786988268.647,57.2,0.000,0.828,0.000,0.6931,-0.0422,19.57,-0.25215,0.175,0.700,0.000,-0.9887,-0.6564,TRACKING,C_only
1786988268.662,57.2,0.000,0.829,0.000,0.6931,-0.0429,18.85,-0.24030,0.176,0.700,0.000,-0.9701,-0.6444,TRACKING,C_only
1786988268.677,57.2,0.000,0.832,0.000,0.6931,-0.0415,18.70,-0.18089,0.182,0.700,0.000,-1.0000,-0.6582,TRACKING,C_only
1786988268.680,57.2,0.000,0.834,0.000,0.6931,-0.0413,17.33,-0.31719,0.168,0.700,0.000,-0.9926,-0.6564,TRACKING,C_only
1786988268.694,57.2,0.000,0.840,0.000,0.6931,-0.0400,16.67,-0.31555,0.168,0.700,0.000,-0.9684,-0.6427,TRACKING,C_only
1786988268.710,57.2,0.000,0.849,0.000,0.6931,-0.0385,15.69,-0.37238,0.163,0.700,0.000,-0.9853,-0.6495,TRACKING,C_only
1786988268.726,57.2,0.000,0.848,0.000,0.6931,-0.0372,14.99,-0.37783,0.162,0.700,0.000,-0.9654,-0.6395,TRACKING,C_only
1786988268.743,57.2,0.000,0.853,0.000,0.6931,-0.0355,14.70,-0.35094,0.165,0.700,0.000,-0.9224,-0.6146,TRACKING,C_only
1786988268.758,57.2,0.000,0.858,0.000,0.6931,-0.0345,14.39,-0.34902,0.165,0.700,0.000,-0.9061,-0.6019,TRACKING,C_only
1786988268.772,57.2,0.000,0.856,0.000,0.6931,-0.0325,14.14,-0.33317,0.167,0.700,0.000,-0.8698,-0.5801,TRACKING,C_only
1786988268.784,57.2,0.000,0.857,0.000,0.6931,-0.0304,13.87,-0.30543,0.169,0.700,0.000,-0.8226,-0.5510,TRACKING,C_only
1786988268.799,57.2,0.000,0.866,0.000,0.6931,-0.0276,13.58,-0.30799,0.169,0.700,0.000,-0.7929,-0.5302,TRACKING,C_only
1786988268.799,57.2,0.000,0.868,0.000,0.6931,-0.0245,13.12,-0.31626,0.168,0.700,0.000,-0.7591,-0.5083,TRACKING,C_only
1786988268.820,57.2,0.000,0.869,0.000,0.6931,-0.0216,13.19,-0.26454,0.174,0.700,0.000,-0.6934,-0.4690,TRACKING,C_only
1786988268.833,57.2,0.000,0.873,0.000,0.6931,-0.0186,12.58,-0.31333,0.169,0.700,0.000,-0.6850,-0.4582,TRACKING,C_only
1786988268.846,57.2,0.000,0.868,0.000,0.6931,-0.0151,12.09,-0.34575,0.165,0.700,0.000,-0.6594,-0.4422,TRACKING,C_only
1786988268.861,57.2,0.000,0.882,0.000,0.6931,-0.0119,11.70,-0.35563,0.164,0.700,0.000,-0.6190,-0.4173,TRACKING,C_only
1786988268.883,57.2,0.000,0.883,0.000,0.6931,-0.0077,11.29,-0.37713,0.162,0.700,0.000,-0.5721,-0.3874,TRACKING,C_only
1786988268.900,57.2,0.000,0.883,0.000,0.6931,-0.0061,9.03,-0.30171,0.162,0.180,0.000,-0.5721,-0.3831,TRACKING,prediction
1786988268.912,57.2,0.000,0.890,0.000,0.6931,0.0021,11.16,-0.32280,0.168,0.180,0.000,-0.4088,-0.4176,TRACKING,C_only
1786988268.919,57.2,0.345,0.888,0.000,0.4535,0.0074,10.88,-0.33063,0.167,0.180,0.000,-0.3352,-0.3594,TRACKING,L+C
1786988268.946,57.2,0.000,0.894,0.000,0.4535,0.0125,9.92,-0.44208,0.156,0.180,0.000,-0.2837,-0.3066,TRACKING,C_only
1786988268.961,57.2,0.347,0.902,0.000,0.4061,0.0183,10.24,-0.38455,0.162,0.180,0.000,-0.1817,-0.2117,TRACKING,L+C
1786988268.977,57.2,0.631,0.901,0.000,0.4593,0.0235,10.19,-0.36087,0.164,0.180,0.000,-0.0932,-0.1214,TRACKING,L+C
1786988268.992,57.2,0.658,0.904,0.000,0.4578,0.0294,9.97,-0.36442,0.164,0.180,0.000,0.0026,-0.0252,TRACKING,L+C
1786988269.008,57.2,0.685,0.908,0.000,0.4623,0.0350,8.70,-0.52108,0.150,0.180,0.000,0.1307,0.0997,TRACKING,L+C
1786988269.015,57.2,0.907,0.901,0.000,0.4670,0.0433,9.81,-0.33651,0.166,0.180,0.000,0.2109,0.1907,TRACKING,L+C
1786988269.035,57.2,0.926,0.888,0.000,0.4727,0.0504,7.06,-0.70799,0.150,0.180,0.000,0.4280,0.3902,TRACKING,L+C
1786988269.055,57.2,0.926,0.907,0.000,0.4765,0.0612,9.09,-0.44104,0.156,0.180,0.000,0.5180,0.5003,TRACKING,L+C
1786988269.067,57.2,0.922,0.905,0.000,0.4814,0.0700,9.18,-0.40128,0.160,0.180,0.000,0.6095,0.5954,TRACKING,L+C
1786988269.072,57.2,0.915,0.896,0.000,0.4861,0.0793,8.97,-0.44054,0.156,0.180,0.000,0.7479,0.7273,TRACKING,L+C
1786988269.100,57.2,0.925,0.898,0.000,0.4905,0.0880,8.79,-0.44669,0.155,0.180,0.000,0.8494,0.8329,TRACKING,L+C
1786988269.116,57.2,0.910,0.893,0.000,0.4957,0.0965,7.44,-0.64950,0.150,0.180,0.000,0.9861,0.9634,TRACKING,L+C
1786988269.125,57.2,0.900,0.900,0.000,0.5008,0.1048,9.09,-0.37775,0.162,0.180,0.000,0.9464,0.9500,TRACKING,L+C
1786988269.141,57.2,0.904,0.898,0.000,0.5040,0.1114,9.19,-0.36418,0.164,0.180,0.000,0.9857,0.9807,TRACKING,L+C
1786988269.159,57.2,0.889,0.894,0.000,0.5072,0.1145,8.10,-0.52397,0.150,0.180,0.000,1.0000,0.9971,TRACKING,L+C
1786988269.173,57.2,0.881,0.889,0.000,0.5066,0.1152,7.48,-0.63014,0.150,0.180,0.000,1.0000,0.9996,TRACKING,L+C
1786988269.191,57.2,0.900,0.890,0.000,0.5052,0.1146,8.73,-0.48494,0.152,0.180,0.000,1.0000,0.9999,TRACKING,L+C
1786988269.205,57.2,0.900,0.898,0.000,0.5016,0.1128,9.28,-0.45322,0.155,0.700,0.000,1.0000,1.0000,TRACKING,L+C
1786988269.221,57.2,0.888,0.884,0.000,0.5000,0.1098,8.06,-0.62696,0.150,0.700,0.000,1.0000,0.7060,TRACKING,L+C
1786988269.237,57.2,0.898,0.881,0.000,0.5001,0.1081,7.96,-0.65451,0.150,0.700,0.000,1.0000,0.6618,TRACKING,L+C
1786988269.252,57.2,0.926,0.881,0.000,0.4997,0.1072,8.54,-0.62343,0.150,0.700,0.000,1.0000,0.6550,TRACKING,L+C
1786988269.252,57.2,0.941,0.886,0.000,0.5007,0.1063,8.98,-0.59236,0.150,0.700,0.000,1.0000,0.6538,TRACKING,L+C
1786988269.296,57.2,0.942,0.885,0.000,0.4984,0.1051,9.20,-0.58169,0.150,0.700,0.000,1.0000,0.6535,TRACKING,L+C
1786988269.316,57.2,0.942,0.885,0.000,0.4984,0.0841,7.36,-0.46535,0.150,0.700,0.000,1.0000,0.6535,TRACKING,prediction
1786988269.334,57.2,0.942,0.885,0.000,0.4984,0.0673,5.89,-0.37228,0.150,0.700,0.000,1.0000,0.6535,TRACKING,prediction
1786988269.348,57.2,0.942,0.885,0.000,0.4984,0.0538,4.71,-0.29783,0.150,0.700,0.000,1.0000,0.6535,TRACKING,prediction
1786988269.369,57.2,0.942,0.885,0.000,0.4984,0.0430,3.77,-0.23826,0.150,0.700,0.000,1.0000,0.6535,TRACKING,prediction
1786988269.390,57.2,0.942,0.885,0.000,0.4984,0.0344,3.01,-0.19061,0.150,0.700,0.000,1.0000,0.6535,TRACKING,prediction
1786988269.396,57.2,0.942,0.885,0.000,0.4984,0.0276,2.41,-0.15249,0.150,0.700,0.000,1.0000,0.6535,TRACKING,prediction
1786988269.412,57.2,0.942,0.885,0.000,0.4984,0.0220,1.93,-0.12199,0.150,0.700,0.000,1.0000,0.6535,TRACKING,prediction
1786988269.444,57.2,0.942,0.875,0.000,0.5011,0.0939,8.51,-0.72864,0.150,0.700,0.000,0.9280,0.6129,TRACKING,L+C
1786988269.462,57.2,0.944,0.879,0.000,0.5043,0.0933,8.62,-0.72241,0.150,0.700,0.000,0.9202,0.6026,TRACKING,L+C
1786988269.480,57.2,0.910,0.882,0.000,0.5019,0.0927,9.05,-0.68389,0.150,0.700,0.000,0.9075,0.5940,TRACKING,L+C
1786988269.491,57.2,0.925,0.880,0.000,0.5043,0.0909,8.80,-0.71186,0.150,0.700,0.000,0.8931,0.5846,TRACKING,L+C
1786988269.517,57.2,0.923,0.884,0.000,0.5042,0.0885,8.90,-0.70170,0.150,0.700,0.000,0.8662,0.5682,TRACKING,L+C
1786988269.522,57.2,0.949,0.882,0.000,0.5073,0.0861,8.70,-0.71820,0.150,0.700,0.000,0.8448,0.5538,TRACKING,L+C
1786988269.554,57.2,0.950,0.879,0.000,0.5074,0.0837,8.72,-0.72948,0.150,0.700,0.000,0.8162,0.5356,TRACKING,L+C
1786988269.570,63.2,0.951,0.877,0.000,0.5076,0.0810,8.95,-0.70972,0.150,0.700,0.000,0.7812,0.5133,TRACKING,L+C
1786988269.587,63.2,0.949,0.874,0.000,0.5086,0.0789,9.06,-0.70670,0.150,0.700,0.000,0.7527,0.4941,TRACKING,L+C
1786988269.592,63.2,0.885,0.873,0.000,0.5095,0.0767,9.17,-0.69353,0.150,0.180,0.000,0.7239,0.4751,TRACKING,L+C
1786988269.608,63.2,0.895,0.867,0.000,0.5127,0.0755,9.72,-0.64991,0.150,0.700,0.000,0.6964,0.6642,TRACKING,L+C
1786988269.618,63.2,0.916,0.867,0.000,0.5152,0.0734,10.15,-0.62015,0.150,0.700,0.000,0.6587,0.4640,TRACKING,L+C
1786988269.650,63.2,0.902,0.853,0.000,0.5187,0.0694,10.39,-0.61192,0.150,0.180,0.000,0.5964,0.3991,TRACKING,L+C
1786988269.665,63.2,0.922,0.852,0.000,0.5138,0.0653,10.43,-0.62552,0.150,0.180,0.000,0.5333,0.5114,TRACKING,L+C
1786988269.685,63.2,0.936,0.850,0.000,0.5091,0.0605,10.58,-0.61744,0.150,0.180,0.000,0.4556,0.4603,TRACKING,L+C
1786988269.705,63.2,0.959,0.847,0.000,0.5007,0.0551,10.53,-0.62125,0.150,0.180,0.000,0.3723,0.3801,TRACKING,L+C
1786988269.724,63.2,0.888,0.847,0.000,0.5196,0.0507,10.78,-0.60358,0.150,0.180,0.000,0.2915,0.2977,TRACKING,L+C
1786988269.736,63.2,0.961,0.836,0.000,0.5034,0.0462,10.53,-0.64207,0.150,0.180,0.000,0.2194,0.2224,TRACKING,L+C
1786988269.752,63.2,0.964,0.829,0.000,0.4974,0.0418,10.57,-0.64047,0.150,0.180,0.000,0.1405,0.1424,TRACKING,L+C
1786988269.768,63.2,0.964,0.836,0.000,0.4956,0.0368,10.83,-0.61599,0.150,0.700,0.000,0.0439,0.0464,TRACKING,L+C
1786988269.784,63.2,0.000,0.838,0.000,0.4956,0.0321,11.33,-0.57579,0.150,0.700,0.000,-0.0554,-0.0306,TRACKING,C_only
1786988269.800,63.2,0.789,0.839,0.000,0.5037,0.0271,11.58,-0.55385,0.150,0.700,0.000,-0.1505,-0.0960,TRACKING,L+C
1786988269.823,63.2,0.370,0.837,0.000,0.4550,0.0217,11.07,-0.60319,0.150,0.180,0.000,-0.2295,-0.1498,TRACKING,L+C
1786988269.837,63.2,0.377,0.839,0.000,0.4792,0.0164,10.91,-0.61378,0.150,0.700,0.000,-0.3150,-0.3047,TRACKING,L+C
1786988269.847,63.2,0.000,0.828,0.000,0.4792,0.0109,9.88,-0.71936,0.150,0.700,0.000,-0.3791,-0.2633,TRACKING,C_only
1786988269.863,63.2,0.000,0.844,0.000,0.4792,0.0083,11.27,-0.58159,0.150,0.700,0.000,-0.4553,-0.3000,TRACKING,C_only
1786988269.879,63.2,0.000,0.840,0.000,0.4792,0.0045,11.11,-0.59259,0.150,0.700,0.000,-0.5080,-0.3347,TRACKING,C_only
1786988269.905,63.2,0.000,0.842,0.000,0.4792,0.0018,11.22,-0.57690,0.150,0.180,0.000,-0.5505,-0.3633,TRACKING,C_only
1786988269.917,63.2,0.000,0.840,0.000,0.4792,-0.0017,10.97,-0.60199,0.150,0.700,0.000,-0.5944,-0.5713,TRACKING,C_only
1786988269.917,63.2,0.000,0.844,0.000,0.4792,-0.0049,11.30,-0.56526,0.150,0.180,0.000,-0.6450,-0.4501,TRACKING,C_only
1786988269.962,63.2,0.000,0.846,0.000,0.4792,-0.0076,11.84,-0.52074,0.150,0.700,0.000,-0.6932,-0.6664,TRACKING,C_only
1786988269.972,63.2,0.000,0.842,0.000,0.4792,-0.0112,12.06,-0.48659,0.151,0.700,0.000,-0.7304,-0.5115,TRACKING,C_only
1786988269.988,63.2,0.000,0.836,0.000,0.4792,-0.0152,11.47,-0.54963,0.150,0.700,0.000,-0.7775,-0.5149,TRACKING,C_only
1786988270.007,63.2,0.000,0.835,0.000,0.4792,-0.0185,11.47,-0.55315,0.150,0.180,0.000,-0.8163,-0.5367,TRACKING,C_only
1786988270.020,63.2,0.000,0.833,0.000,0.4792,-0.0223,11.09,-0.59074,0.150,0.700,0.000,-0.8518,-0.8106,TRACKING,C_only
1786988270.036,63.2,0.000,0.835,0.000,0.4792,-0.0261,10.70,-0.62976,0.150,0.700,0.000,-0.8850,-0.6183,TRACKING,C_only
1786988270.056,63.2,0.000,0.833,0.000,0.4792,-0.0293,10.09,-0.68343,0.150,0.180,0.000,-0.9074,-0.6022,TRACKING,C_only
1786988270.073,63.2,0.000,0.832,0.000,0.4792,-0.0316,10.45,-0.65080,0.150,0.700,0.000,-0.9355,-0.8889,TRACKING,C_only
1786988270.077,63.2,0.000,0.833,0.000,0.4792,-0.0339,10.51,-0.64689,0.150,0.700,0.000,-0.9576,-0.6700,TRACKING,C_only
1786988270.092,63.2,0.000,0.834,0.000,0.4792,-0.0369,10.20,-0.67807,0.150,0.700,0.000,-0.9808,-0.6502,TRACKING,C_only
1786988270.108,63.2,0.000,0.841,0.000,0.4792,-0.0390,10.36,-0.65796,0.150,0.700,0.000,-1.0000,-0.6577,TRACKING,C_only
1786988270.136,63.2,0.000,0.839,0.000,0.4792,-0.0409,10.19,-0.66826,0.150,0.700,0.000,-1.0000,-0.6589,TRACKING,C_only
1786988270.140,63.2,0.000,0.840,0.000,0.4792,-0.0426,10.30,-0.64383,0.150,0.180,0.000,-1.0000,-0.6592,TRACKING,C_only
1786988270.165,63.2,0.000,0.842,0.000,0.4792,-0.0450,10.09,-0.65809,0.150,0.180,0.000,-1.0000,-0.9499,TRACKING,C_only
1786988270.190,63.2,0.000,0.843,0.000,0.4792,-0.0465,10.19,-0.64300,0.150,0.180,0.000,-1.0000,-0.9925,TRACKING,C_only
1786988270.203,63.2,0.000,0.845,0.000,0.4792,-0.0478,10.15,-0.66048,0.150,0.180,0.000,-1.0000,-0.9989,TRACKING,C_only
1786988270.215,63.2,0.000,0.845,0.000,0.4792,-0.0490,10.64,-0.59056,0.150,0.180,0.000,-1.0000,-0.9998,TRACKING,C_only
1786988270.231,63.2,0.000,0.842,0.000,0.4792,-0.0509,9.94,-0.67204,0.150,0.700,0.000,-1.0000,-1.0000,TRACKING,C_only
1786988270.249,63.2,0.000,0.843,0.000,0.4792,-0.0518,9.88,-0.66959,0.150,0.700,0.000,-1.0000,-0.7109,TRACKING,C_only
1786988270.263,63.2,0.000,0.844,0.000,0.4792,-0.0529,9.64,-0.70135,0.150,0.700,0.000,-1.0000,-0.6677,TRACKING,C_only
1786988270.279,63.2,0.000,0.845,0.000,0.4792,-0.0536,9.67,-0.70385,0.150,0.700,0.000,-1.0000,-0.6612,TRACKING,C_only
1786988270.298,63.2,0.000,0.845,0.000,0.4792,-0.0539,9.83,-0.68424,0.150,0.700,0.000,-1.0000,-0.6603,TRACKING,C_only
1786988270.311,63.2,0.000,0.843,0.000,0.4792,-0.0541,10.17,-0.64030,0.150,0.700,0.000,-1.0000,-0.6601,TRACKING,C_only
1786988270.326,63.2,0.000,0.844,0.000,0.4792,-0.0542,10.09,-0.64958,0.150,0.700,0.000,-1.0000,-0.6601,TRACKING,C_only
1786988270.342,63.2,0.000,0.849,0.000,0.4792,-0.0542,10.45,-0.61568,0.150,0.700,0.000,-1.0000,-0.6601,TRACKING,C_only
1786988270.358,63.2,0.000,0.849,0.000,0.4792,-0.0548,10.34,-0.62463,0.150,0.700,0.000,-1.0000,-0.6602,TRACKING,C_only
1786988270.382,63.2,0.000,0.849,0.000,0.4792,-0.0548,10.30,-0.62768,0.150,0.700,0.000,-1.0000,-0.6602,TRACKING,C_only
1786988270.396,63.2,0.000,0.847,0.000,0.4792,-0.0547,10.35,-0.62278,0.150,0.700,0.000,-1.0000,-0.6602,TRACKING,C_only
1786988270.435,63.2,0.000,0.847,0.000,0.4792,-0.0548,10.31,-0.62617,0.150,0.700,0.000,-1.0000,-0.6602,TRACKING,C_only
1786988270.452,63.2,0.000,0.846,0.000,0.4792,-0.0549,10.27,-0.62933,0.150,0.700,0.000,-1.0000,-0.6602,TRACKING,C_only
1786988270.467,63.2,0.000,0.843,0.000,0.4792,-0.0552,9.76,-0.68264,0.150,0.700,0.000,-1.0000,-0.6602,TRACKING,C_only
1786988270.483,63.2,0.000,0.844,0.000,0.4792,-0.0552,9.71,-0.68827,0.150,0.700,0.000,-1.0000,-0.6602,TRACKING,C_only
1786988270.499,63.2,0.000,0.843,0.000,0.4792,-0.0552,9.43,-0.71376,0.150,0.700,0.000,-1.0000,-0.6602,TRACKING,C_only
1786988270.515,63.2,0.000,0.850,0.000,0.4792,-0.0540,9.72,-0.68085,0.150,0.700,0.000,-1.0000,-0.6601,TRACKING,C_only
1786988270.531,63.2,0.000,0.851,0.000,0.4792,-0.0541,10.13,-0.63604,0.150,0.700,0.000,-1.0000,-0.6601,TRACKING,C_only
1786988270.547,63.2,0.000,0.855,0.000,0.4792,-0.0526,10.03,-0.65197,0.150,0.700,0.000,-1.0000,-0.6600,TRACKING,C_only
1786988270.563,63.2,0.000,0.851,0.000,0.4792,-0.0506,10.09,-0.64011,0.150,0.700,0.000,-1.0000,-0.6598,TRACKING,C_only
1786988270.583,59.2,0.000,0.851,0.000,0.4792,-0.0489,10.34,-0.62215,0.150,0.700,0.000,-1.0000,-0.6597,TRACKING,C_only
1786988270.595,59.2,0.000,0.849,0.000,0.4792,-0.0462,10.59,-0.60396,0.150,0.700,0.000,-1.0000,-0.6595,TRACKING,C_only
1786988270.610,59.2,0.000,0.846,0.000,0.4792,-0.0445,10.48,-0.61575,0.150,0.700,0.000,-1.0000,-0.6593,TRACKING,C_only
1786988270.626,59.2,0.000,0.845,0.000,0.4792,-0.0425,10.55,-0.61554,0.150,0.700,0.000,-1.0000,-0.6592,TRACKING,C_only
1786988270.643,59.2,0.000,0.846,0.000,0.4792,-0.0406,10.56,-0.61844,0.150,0.700,0.000,-1.0000,-0.6591,TRACKING,C_only
1786988270.663,59.2,0.000,0.838,0.000,0.4792,-0.0381,10.73,-0.61903,0.150,0.700,0.000,-0.9976,-0.6577,TRACKING,C_only
1786988270.677,59.2,0.000,0.842,0.000,0.4792,-0.0352,10.95,-0.59219,0.150,0.700,0.000,-0.9753,-0.6452,TRACKING,C_only
1786988270.681,59.2,0.000,0.842,0.000,0.4792,-0.0318,11.24,-0.56620,0.150,0.700,0.000,-0.9480,-0.6284,TRACKING,C_only
1786988270.696,59.2,0.000,0.837,0.000,0.4792,-0.0290,10.92,-0.59960,0.150,0.700,0.000,-0.9164,-0.6086,TRACKING,C_only
1786988270.723,59.2,0.000,0.837,0.000,0.4792,-0.0259,10.85,-0.60680,0.150,0.700,0.000,-0.8843,-0.5880,TRACKING,C_only
1786988270.736,59.2,0.000,0.834,0.000,0.4792,-0.0221,10.96,-0.59803,0.150,0.700,0.000,-0.8461,-0.5640,TRACKING,C_only
1786988270.752,59.2,0.000,0.834,0.000,0.4792,-0.0189,10.88,-0.60648,0.150,0.700,0.000,-0.8095,-0.5402,TRACKING,C_only
