timestamp,fps,left_conf,center_conf,right_conf,lane_width_m,lateral_error_m,heading_error_deg,curvature,lookahead_m,target_speed,actual_speed,steer_raw,steer_filtered,tracking_state,reconstruction_method
1786982926.483,0.0,0.933,0.916,0.903,0.4821,-0.0036,8.18,0.01880,0.198,0.180,0.000,-0.3082,-0.2714,TRACKING,L+C+R_fused
1786982926.570,0.0,0.932,0.916,0.908,0.4828,-0.0024,8.01,-0.01299,0.199,0.180,0.000,-0.2948,-0.2979,TRACKING,L+C+R_fused
1786982926.589,0.0,0.933,0.917,0.902,0.4827,-0.0047,7.40,-0.03576,0.196,0.180,0.000,-0.3084,-0.3138,TRACKING,L+C+R_fused
1786982926.613,0.0,0.931,0.918,0.899,0.4805,-0.0056,7.38,-0.02637,0.197,0.180,0.000,-0.3119,-0.3192,TRACKING,L+C+R_fused
1786982926.635,0.0,0.930,0.917,0.905,0.4798,-0.0071,6.37,-0.09809,0.190,0.180,0.000,-0.3286,-0.3342,TRACKING,L+C+R_fused
1786982926.662,0.0,0.931,0.916,0.901,0.4812,-0.0015,8.68,0.03100,0.197,0.180,0.000,-0.3059,-0.3170,TRACKING,L+C+R_fused
1786982926.694,0.0,0.933,0.917,0.901,0.4825,-0.0034,8.25,0.02129,0.198,0.180,0.000,-0.3086,-0.3168,TRACKING,L+C+R_fused
1786982926.724,0.0,0.930,0.917,0.901,0.4808,-0.0066,6.83,-0.06230,0.194,0.180,0.000,-0.3208,-0.3273,TRACKING,L+C+R_fused
1786982926.745,0.0,0.931,0.917,0.901,0.4857,-0.0062,6.95,-0.05679,0.194,0.180,0.000,-0.3180,-0.3264,TRACKING,L+C+R_fused
1786982926.778,0.0,0.932,0.917,0.886,0.4805,-0.0029,8.54,0.03911,0.196,0.180,0.000,-0.3149,-0.3236,TRACKING,L+C+R_fused
1786982926.800,0.0,0.931,0.916,0.904,0.4803,-0.0075,6.44,-0.08524,0.191,0.180,0.000,-0.3276,-0.3340,TRACKING,L+C+R_fused
1786982926.823,0.0,0.932,0.917,0.906,0.4834,-0.0043,7.61,-0.02292,0.198,0.180,0.000,-0.3048,-0.3161,TRACKING,L+C+R_fused
1786982926.851,0.0,0.931,0.917,0.903,0.4821,-0.0033,8.49,0.03623,0.196,0.180,0.000,-0.3170,-0.3239,TRACKING,L+C+R_fused
1786982926.883,0.0,0.929,0.917,0.901,0.4834,-0.0040,8.12,0.01373,0.199,0.180,0.000,-0.3090,-0.3183,TRACKING,L+C+R_fused
1786982926.899,0.0,0.930,0.918,0.902,0.4824,-0.0052,7.55,-0.02185,0.198,0.180,0.000,-0.3105,-0.3187,TRACKING,L+C+R_fused
1786982926.919,0.0,0.929,0.918,0.901,0.4800,-0.0046,7.76,-0.01002,0.199,0.180,0.000,-0.3067,-0.3155,TRACKING,L+C+R_fused
1786982926.937,0.0,0.930,0.916,0.901,0.4823,-0.0043,7.27,-0.05687,0.194,0.180,0.000,-0.3098,-0.3175,TRACKING,L+C+R_fused
1786982926.968,0.0,0.929,0.917,0.900,0.4853,-0.0049,7.66,-0.01608,0.198,0.180,0.000,-0.3088,-0.3171,TRACKING,L+C+R_fused
1786982926.985,0.0,0.930,0.917,0.903,0.4841,-0.0058,7.27,-0.03875,0.196,0.180,0.000,-0.3152,-0.3225,TRACKING,L+C+R_fused
1786982927.002,0.0,0.930,0.916,0.903,0.4827,-0.0053,7.71,-0.00491,0.200,0.180,0.000,-0.3095,-0.3185,TRACKING,L+C+R_fused
1786982927.022,0.0,0.931,0.917,0.903,0.4865,-0.0053,7.51,-0.02232,0.198,0.180,0.000,-0.3106,-0.3188,TRACKING,L+C+R_fused
1786982927.054,0.0,0.932,0.917,0.903,0.4829,-0.0072,6.38,-0.09712,0.190,0.180,0.000,-0.3289,-0.3344,TRACKING,L+C+R_fused
1786982927.072,0.0,0.932,0.917,0.903,0.4836,-0.0058,7.03,-0.05679,0.194,0.180,0.000,-0.3172,-0.3268,TRACKING,L+C+R_fused
1786982927.099,0.0,0.932,0.917,0.902,0.4835,-0.0041,7.73,-0.01755,0.198,0.180,0.000,-0.3043,-0.3146,TRACKING,L+C+R_fused
1786982927.118,0.0,0.931,0.918,0.901,0.4811,-0.0040,7.64,-0.02565,0.197,0.180,0.000,-0.3036,-0.3121,TRACKING,L+C+R_fused
1786982927.151,0.0,0.932,0.916,0.900,0.4802,-0.0076,6.85,-0.04938,0.195,0.180,0.000,-0.3241,-0.3294,TRACKING,L+C+R_fused
1786982927.176,0.0,0.932,0.916,0.899,0.4805,-0.0060,7.45,-0.01639,0.198,0.180,0.000,-0.3132,-0.3227,TRACKING,L+C+R_fused
1786982927.203,0.0,0.931,0.918,0.901,0.4838,-0.0026,8.55,0.03652,0.196,0.180,0.000,-0.3122,-0.3207,TRACKING,L+C+R_fused
1786982927.220,0.0,0.933,0.918,0.902,0.4814,-0.0044,7.73,-0.01097,0.199,0.180,0.000,-0.3044,-0.3138,TRACKING,L+C+R_fused
1786982927.236,0.0,0.933,0.917,0.901,0.4809,-0.0024,8.10,-0.00529,0.199,0.180,0.000,-0.2943,-0.3040,TRACKING,L+C+R_fused
1786982927.258,0.0,0.932,0.917,0.906,0.4836,-0.0027,8.27,0.01400,0.199,0.180,0.000,-0.3022,-0.3093,TRACKING,L+C+R_fused
1786982927.280,0.0,0.933,0.918,0.906,0.4817,-0.0027,8.42,0.02727,0.197,0.180,0.000,-0.3085,-0.3155,TRACKING,L+C+R_fused
1786982927.311,0.0,0.933,0.917,0.903,0.4817,-0.0022,8.85,0.05598,0.194,0.180,0.000,-0.3210,-0.3271,TRACKING,L+C+R_fused
1786982927.333,0.0,0.932,0.917,0.906,0.4819,-0.0068,6.63,-0.07839,0.192,0.180,0.000,-0.3238,-0.3314,TRACKING,L+C+R_fused
1786982927.357,0.0,0.934,0.916,0.901,0.4810,-0.0025,8.09,-0.00527,0.199,0.180,0.000,-0.2948,-0.3071,TRACKING,L+C+R_fused
1786982927.382,0.0,0.931,0.915,0.904,0.4810,-0.0051,7.11,-0.04782,0.195,0.180,0.000,-0.3083,-0.3150,TRACKING,L+C+R_fused
1786982927.411,0.0,0.933,0.916,0.904,0.4837,-0.0040,7.71,-0.01312,0.199,0.180,0.000,-0.3004,-0.3095,TRACKING,L+C+R_fused
1786982927.440,37.2,0.936,0.916,0.906,0.4860,-0.0035,7.68,-0.01952,0.198,0.180,0.000,-0.2980,-0.3065,TRACKING,L+C+R_fused
1786982927.453,37.2,0.936,0.916,0.904,0.4815,-0.0028,7.88,-0.01236,0.199,0.180,0.000,-0.2942,-0.3028,TRACKING,L+C+R_fused
1786982927.483,37.2,0.934,0.916,0.902,0.4828,-0.0063,6.45,-0.09319,0.191,0.180,0.000,-0.3203,-0.3246,TRACKING,L+C+R_fused
1786982927.505,37.2,0.933,0.917,0.905,0.4825,-0.0026,7.88,-0.01473,0.199,0.180,0.000,-0.2934,-0.3048,TRACKING,L+C+R_fused
1786982927.522,37.2,0.934,0.916,0.902,0.4820,-0.0027,8.04,-0.00143,0.200,0.180,0.000,-0.2934,-0.3019,TRACKING,L+C+R_fused
1786982927.541,37.2,0.933,0.916,0.905,0.4816,-0.0041,7.36,-0.04237,0.196,0.180,0.000,-0.3033,-0.3100,TRACKING,L+C+R_fused
1786982927.559,37.2,0.932,0.917,0.905,0.4833,-0.0026,7.98,-0.00449,0.200,0.180,0.000,-0.2924,-0.3018,TRACKING,L+C+R_fused
1786982927.577,37.2,0.931,0.916,0.906,0.4848,-0.0055,6.76,-0.07415,0.193,0.180,0.000,-0.3134,-0.3186,TRACKING,L+C+R_fused
1786982927.605,37.2,0.931,0.916,0.905,0.4849,-0.0053,7.08,-0.04961,0.195,0.180,0.000,-0.3098,-0.3180,TRACKING,L+C+R_fused
1786982927.634,37.2,0.929,0.917,0.904,0.4833,-0.0030,8.21,0.01685,0.198,0.180,0.000,-0.3028,-0.3120,TRACKING,L+C+R_fused
1786982927.668,37.2,0.932,0.916,0.900,0.4854,-0.0062,7.12,-0.03810,0.196,0.180,0.000,-0.3144,-0.3211,TRACKING,L+C+R_fused
1786982927.688,37.2,0.931,0.918,0.914,0.4852,-0.0037,8.10,0.01677,0.198,0.180,0.000,-0.3063,-0.3154,TRACKING,L+C+R_fused
1786982927.716,37.2,0.926,0.918,0.909,0.4905,-0.0041,8.19,0.02415,0.198,0.180,0.000,-0.3139,-0.3212,TRACKING,L+C+R_fused
1786982927.737,37.2,0.928,0.916,0.896,0.4881,-0.0040,8.89,0.07958,0.192,0.180,0.000,-0.3435,-0.3473,TRACKING,L+C+R_fused
1786982927.768,37.2,0.931,0.918,0.898,0.4901,-0.0050,8.59,0.06190,0.194,0.180,0.000,-0.3409,-0.3491,TRACKING,L+C+R_fused
1786982927.785,37.2,0.927,0.918,0.896,0.4901,-0.0060,8.04,0.02027,0.198,0.180,0.000,-0.3261,-0.3368,TRACKING,L+C+R_fused
1786982927.815,37.2,0.923,0.917,0.902,0.4979,-0.0091,7.57,0.00798,0.199,0.180,0.000,-0.3391,-0.3464,TRACKING,L+C+R_fused
1786982927.832,37.2,0.924,0.917,0.895,0.4955,-0.0119,7.15,-0.00089,0.200,0.180,0.000,-0.3504,-0.3577,TRACKING,L+C+R_fused
1786982927.849,37.2,0.917,0.916,0.905,0.5020,-0.0134,7.37,0.01735,0.198,0.180,0.000,-0.3736,-0.3794,TRACKING,L+C+R_fused
1786982927.864,37.2,0.917,0.918,0.898,0.4961,-0.0138,7.36,0.01757,0.198,0.180,0.000,-0.3780,-0.3864,TRACKING,L+C+R_fused
1786982927.882,37.2,0.915,0.916,0.902,0.4998,-0.0139,8.33,0.08723,0.191,0.180,0.000,-0.4236,-0.4265,TRACKING,L+C+R_fused
1786982927.898,37.2,0.911,0.916,0.898,0.4953,-0.0203,6.14,-0.03912,0.196,0.180,0.000,-0.4179,-0.4281,TRACKING,L+C+R_fused
1786982927.918,37.2,0.922,0.915,0.904,0.5042,-0.0206,6.76,0.00734,0.199,0.180,0.000,-0.4188,-0.4292,TRACKING,L+C+R_fused
1786982927.946,37.2,0.929,0.920,0.897,0.5130,-0.0229,6.64,0.00901,0.199,0.180,0.000,-0.4364,-0.4447,TRACKING,L+C+R_fused
1786982927.968,37.2,0.924,0.921,0.901,0.5107,-0.0223,7.21,0.04898,0.195,0.180,0.000,-0.4585,-0.4659,TRACKING,L+C+R_fused
1786982927.993,37.2,0.922,0.919,0.890,0.5100,-0.0220,7.03,0.04252,0.196,0.180,0.000,-0.4480,-0.4600,TRACKING,L+C+R_fused
1786982928.011,37.2,0.921,0.916,0.900,0.5138,-0.0227,6.23,-0.00217,0.200,0.180,0.000,-0.4213,-0.4362,TRACKING,L+C+R_fused
1786982928.042,37.2,0.925,0.917,0.901,0.5045,-0.0229,5.29,-0.03534,0.196,0.180,0.000,-0.4124,-0.4245,TRACKING,L+C+R_fused
1786982928.063,37.2,0.921,0.917,0.900,0.5057,-0.0185,5.60,-0.00814,0.199,0.180,0.000,-0.3672,-0.3835,TRACKING,L+C+R_fused
1786982928.085,37.2,0.926,0.915,0.900,0.5133,-0.0129,6.88,0.08300,0.192,0.180,0.000,-0.3647,-0.3746,TRACKING,L+C+R_fused
1786982928.116,37.2,0.921,0.918,0.901,0.5055,-0.0161,4.54,-0.04744,0.195,0.180,0.000,-0.3305,-0.3439,TRACKING,L+C+R_fused
1786982928.139,37.2,0.921,0.916,0.894,0.5064,-0.0153,4.99,-0.00963,0.199,0.180,0.000,-0.3188,-0.3294,TRACKING,L+C+R_fused
1786982928.162,37.2,0.919,0.918,0.901,0.5170,-0.0182,4.15,-0.05333,0.195,0.180,0.000,-0.3404,-0.3458,TRACKING,L+C+R_fused
1786982928.189,37.2,0.921,0.918,0.901,0.5137,-0.0210,3.31,-0.09922,0.190,0.180,0.000,-0.3650,-0.3693,TRACKING,L+C+R_fused
1786982928.208,37.2,0.918,0.919,0.897,0.5223,-0.0215,3.42,-0.09256,0.191,0.180,0.000,-0.3702,-0.3774,TRACKING,L+C+R_fused
1786982928.239,37.2,0.922,0.919,0.897,0.5235,-0.0219,3.35,-0.09988,0.190,0.180,0.000,-0.3753,-0.3830,TRACKING,L+C+R_fused
1786982928.265,37.2,0.922,0.918,0.901,0.5242,-0.0209,4.91,0.02253,0.198,0.180,0.000,-0.3674,-0.3773,TRACKING,L+C+R_fused
1786982928.295,37.2,0.925,0.921,0.898,0.5221,-0.0263,2.91,-0.10241,0.190,0.180,0.000,-0.4069,-0.4104,TRACKING,L+C+R_fused
1786982928.319,37.2,0.927,0.917,0.886,0.5176,-0.0258,3.89,-0.05293,0.195,0.180,0.000,-0.4058,-0.4147,TRACKING,L+C+R_fused
1786982928.341,37.2,0.923,0.920,0.895,0.5167,-0.0289,3.37,-0.08443,0.192,0.180,0.000,-0.4368,-0.4422,TRACKING,L+C+R_fused
1786982928.364,37.2,0.914,0.912,0.890,0.5059,-0.0370,0.77,-0.25622,0.174,0.180,0.000,-0.5453,-0.5393,TRACKING,L+C+R_fused
1786982928.395,37.2,0.919,0.909,0.884,0.5094,-0.0392,-0.27,-0.35225,0.165,0.180,0.000,-0.5769,-0.5809,TRACKING,L+C+R_fused
1786982928.417,37.2,0.907,0.909,0.874,0.4893,-0.0376,2.04,-0.18902,0.181,0.180,0.000,-0.5469,-0.5620,TRACKING,L+C+R_fused
1786982928.455,42.3,0.915,0.906,0.872,0.5160,-0.0444,-0.49,-0.34190,0.166,0.180,0.000,-0.6225,-0.6238,TRACKING,L+C+R_fused
1786982928.482,42.3,0.926,0.902,0.890,0.5181,-0.0381,1.10,-0.22941,0.177,0.180,0.000,-0.5496,-0.5701,TRACKING,L+C+R_fused
1786982928.511,42.3,0.921,0.898,0.857,0.5175,-0.0403,-1.76,-0.46965,0.153,0.180,0.000,-0.6353,-0.6350,TRACKING,L+C+R_fused
1786982928.524,42.3,0.934,0.898,0.865,0.5142,-0.0381,-1.50,-0.40808,0.159,0.180,0.000,-0.5662,-0.5852,TRACKING,L+C+R_fused
1786982928.549,42.3,0.924,0.894,0.887,0.5090,-0.0346,-1.69,-0.48786,0.151,0.180,0.000,-0.5753,-0.5853,TRACKING,L+C+R_fused
1786982928.580,42.3,0.910,0.891,0.891,0.5044,-0.0401,-5.52,-0.75048,0.150,0.180,0.000,-0.5643,-0.5760,TRACKING,L+C+R_fused
1786982928.597,42.3,0.920,0.894,0.874,0.5189,-0.0364,-4.11,-0.68410,0.150,0.180,0.000,-0.5513,-0.5634,TRACKING,L+C+R_fused
1786982928.619,42.3,0.921,0.887,0.879,0.5086,-0.0392,-5.16,-0.76534,0.150,0.180,0.000,-0.5657,-0.5742,TRACKING,L+C+R_fused
1786982928.649,42.3,0.919,0.882,0.877,0.5015,-0.0375,-3.94,-0.69169,0.150,0.180,0.000,-0.5745,-0.5833,TRACKING,L+C+R_fused
1786982928.665,42.3,0.923,0.875,0.874,0.4910,-0.0418,-7.28,-1.08860,0.150,0.180,0.000,-0.5772,-0.5883,TRACKING,L+C+R_fused
1786982928.681,42.3,0.928,0.885,0.872,0.4716,-0.0456,-8.95,-1.15410,0.150,0.180,0.000,-0.5815,-0.5925,TRACKING,L+C+R_fused
1786982928.696,42.3,0.937,0.881,0.868,0.4591,-0.0442,-8.97,-1.18488,0.150,0.180,0.000,-0.5655,-0.5795,TRACKING,L+C+R_fused
1786982928.728,42.3,0.936,0.881,0.868,0.4557,-0.0402,-8.50,-1.20747,0.150,0.180,0.000,-0.5290,-0.5462,TRACKING,L+C+R_fused
1786982928.750,42.3,0.941,0.881,0.882,0.4528,-0.0402,-10.72,-1.41503,0.150,0.180,0.000,-0.4797,-0.4993,TRACKING,L+C+R_fused
1786982928.777,42.3,0.937,0.883,0.862,0.4547,-0.0391,-11.06,-1.45242,0.150,0.180,0.000,-0.4571,-0.4729,TRACKING,L+C+R_fused
1786982928.807,42.3,0.949,0.880,0.887,0.4713,-0.0378,-10.23,-1.47175,0.150,0.180,0.000,-0.4716,-0.4819,TRACKING,L+C+R_fused
1786982928.834,42.3,0.000,0.887,0.869,0.4926,-0.0390,-10.86,-1.57250,0.150,0.180,0.000,-0.4824,-0.4930,TRACKING,R+C
1786982928.849,42.3,0.000,0.886,0.874,0.4952,-0.0358,-10.25,-1.63568,0.150,0.180,0.000,-0.4670,-0.4818,TRACKING,R+C
1786982928.864,42.3,0.000,0.884,0.867,0.4910,-0.0287,-9.48,-1.71745,0.150,0.180,0.000,-0.3983,-0.4215,TRACKING,R+C
1786982928.881,42.3,0.000,0.878,0.880,0.4911,-0.0278,-10.75,-1.75461,0.150,0.180,0.000,-0.3406,-0.3625,TRACKING,R+C
1786982928.896,42.3,0.000,0.883,0.885,0.4885,-0.0151,-8.60,-1.73208,0.150,0.180,0.000,-0.2106,-0.2421,TRACKING,R+C
1786982928.913,42.3,0.000,0.882,0.887,0.4894,-0.0044,-6.35,-1.67954,0.150,0.180,0.000,-0.1080,-0.1360,TRACKING,R+C
1786982928.937,42.3,0.000,0.882,0.885,0.4907,-0.0012,-6.61,-1.72192,0.150,0.180,0.000,-0.0494,-0.0699,TRACKING,R+C
1786982928.955,42.3,0.000,0.879,0.872,0.4947,-0.0025,-5.55,-1.69044,0.150,0.180,0.000,-0.1105,-0.1129,TRACKING,R+C
1786982928.975,42.3,0.000,0.878,0.877,0.4923,-0.0017,-4.74,-1.76152,0.150,0.180,0.000,-0.1447,-0.1495,TRACKING,R+C
1786982928.991,42.3,0.000,0.879,0.861,0.4840,0.0064,-2.06,-1.68782,0.150,0.180,0.000,-0.1059,-0.1217,TRACKING,R+C
1786982929.007,42.3,0.000,0.881,0.827,0.5039,0.0071,-2.11,-1.72661,0.150,0.180,0.000,-0.0987,-0.1116,TRACKING,R+C
1786982929.025,42.3,0.000,0.881,0.897,0.5022,0.0177,2.20,-1.45235,0.150,0.180,0.000,-0.0516,-0.0694,TRACKING,R+C
1786982929.038,42.3,0.000,0.882,0.879,0.4868,0.0208,2.96,-1.44868,0.150,0.180,0.000,-0.0306,-0.0453,TRACKING,R+C
1786982929.053,42.3,0.000,0.875,0.896,0.5030,0.0212,2.60,-1.45551,0.150,0.180,0.000,-0.0081,-0.0222,TRACKING,R+C
1786982929.068,42.3,0.000,0.873,0.896,0.5110,0.0194,5.07,-1.30815,0.150,0.180,0.000,-0.1265,-0.1210,TRACKING,R+C
1786982929.096,42.3,0.000,0.875,0.906,0.5095,0.0168,4.54,-1.43477,0.150,0.180,0.000,-0.1703,-0.1739,TRACKING,R+C
1786982929.116,42.3,0.000,0.873,0.913,0.5251,0.0155,5.58,-1.44765,0.150,0.180,0.000,-0.2416,-0.2436,TRACKING,R+C
1786982929.135,42.3,0.000,0.871,0.913,0.5350,0.0100,6.81,-1.35298,0.150,0.180,0.000,-0.3708,-0.3653,TRACKING,R+C
1786982929.151,42.3,0.000,0.873,0.921,0.5457,0.0038,4.83,-1.60898,0.150,0.180,0.000,-0.4310,-0.4361,TRACKING,R+C
1786982929.166,42.3,0.000,0.871,0.914,0.5590,-0.0025,5.16,-1.55261,0.150,0.180,0.000,-0.5314,-0.5330,TRACKING,R+C
1786982929.184,42.3,0.000,0.869,0.911,0.5365,-0.0081,6.57,-1.51555,0.150,0.180,0.000,-0.6561,-0.6557,TRACKING,R+C
1786982929.199,42.3,0.000,0.869,0.913,0.5434,-0.0144,7.73,-1.46051,0.150,0.180,0.000,-0.7672,-0.7703,TRACKING,R+C
1786982929.214,42.3,0.000,0.873,0.907,0.5896,-0.0194,10.39,-1.30638,0.150,0.180,0.000,-0.8835,-0.8885,TRACKING,R+C
1786982929.231,42.3,0.000,0.871,0.905,0.5922,-0.0274,10.34,-1.32091,0.150,0.180,0.000,-0.9615,-0.9739,TRACKING,R+C
1786982929.250,42.3,0.000,0.879,0.899,0.5545,-0.0411,5.40,-1.77783,0.150,0.180,0.000,-1.0000,-1.0000,TRACKING,R+C
1786982929.263,42.3,0.000,0.879,0.907,0.6075,-0.0388,8.52,-1.53741,0.150,0.180,0.000,-1.0000,-1.0000,TRACKING,R+C
1786982929.288,42.3,0.000,0.878,0.905,0.6084,-0.0396,7.44,-1.56893,0.150,0.180,0.000,-1.0000,-1.0000,TRACKING,R+C
1786982929.313,42.3,0.000,0.879,0.908,0.6151,-0.0369,10.42,-1.29540,0.150,0.180,0.000,-1.0000,-1.0000,TRACKING,R+C
1786982929.329,42.3,0.000,0.880,0.910,0.6157,-0.0369,10.30,-1.29591,0.150,0.180,0.000,-1.0000,-1.0000,TRACKING,R+C
1786982929.344,42.3,0.000,0.873,0.909,0.6175,-0.0351,12.29,-1.13041,0.150,0.180,0.000,-1.0000,-1.0000,TRACKING,R+C
1786982929.362,42.3,0.000,0.876,0.902,0.5869,-0.0447,10.37,-1.29414,0.150,0.180,0.000,-1.0000,-1.0000,TRACKING,R+C
1786982929.375,42.3,0.000,0.876,0.897,0.5561,-0.0475,11.50,-1.21099,0.150,0.180,0.000,-1.0000,-1.0000,TRACKING,R+C
1786982929.392,42.3,0.000,0.878,0.899,0.6423,-0.0510,14.04,-0.97334,0.150,0.180,0.000,-1.0000,-1.0000,TRACKING,R+C
1786982929.405,42.3,0.000,0.874,0.901,0.6406,-0.0582,11.31,-1.15577,0.150,0.180,0.000,-1.0000,-1.0000,TRACKING,R+C
1786982929.431,42.3,0.000,0.879,0.902,0.6397,-0.0584,11.45,-1.11229,0.150,0.180,0.000,-1.0000,-1.0000,TRACKING,R+C
1786982929.446,42.3,0.000,0.879,0.892,0.5833,-0.0561,11.46,-1.09317,0.150,0.180,0.000,-1.0000,-1.0000,TRACKING,R+C
1786982929.461,51.7,0.000,0.878,0.893,0.5690,-0.0605,10.94,-1.07847,0.150,0.180,0.000,-1.0000,-1.0000,TRACKING,R+C
1786982929.475,51.7,0.000,0.879,0.882,0.5515,-0.0571,13.34,-0.86483,0.150,0.180,0.000,-1.0000,-1.0000,TRACKING,R+C
1786982929.493,51.7,0.000,0.870,0.886,0.5401,-0.0616,11.97,-0.92703,0.150,0.180,0.000,-1.0000,-1.0000,TRACKING,R+C
1786982929.512,51.7,0.000,0.870,0.886,0.5401,-0.0492,9.57,-0.74163,0.150,0.180,0.000,-1.0000,-1.0000,TRACKING,prediction
1786982929.532,51.7,0.000,0.879,0.882,0.5643,-0.0617,12.14,-0.94209,0.150,0.180,0.000,-1.0000,-1.0000,TRACKING,R+C
1786982929.547,51.7,0.000,0.885,0.885,0.5663,-0.0620,12.31,-0.88787,0.150,0.180,0.000,-1.0000,-1.0000,TRACKING,R+C
1786982929.562,51.7,0.000,0.875,0.885,0.5618,-0.0586,12.90,-0.80344,0.150,0.180,0.000,-1.0000,-1.0000,TRACKING,R+C
1786982929.591,51.7,0.000,0.874,0.883,0.5633,-0.0591,13.15,-0.67428,0.150,0.700,0.000,-1.0000,-1.0000,TRACKING,R+C
1786982929.608,51.7,0.000,0.874,0.883,0.5633,-0.0472,10.52,-0.53942,0.150,0.700,0.000,-1.0000,-0.7204,TRACKING,prediction
1786982929.632,51.7,0.000,0.883,0.893,0.5957,-0.0587,10.37,-0.93298,0.150,0.700,0.000,-1.0000,-0.6755,TRACKING,R+C
1786982929.646,51.7,0.000,0.886,0.889,0.5357,-0.0565,10.34,-0.88928,0.150,0.700,0.000,-1.0000,-0.6683,TRACKING,R+C
1786982929.665,51.7,0.000,0.887,0.904,0.5987,-0.0546,9.89,-0.93259,0.150,0.700,0.000,-1.0000,-0.6670,TRACKING,R+C
1786982929.686,51.7,0.000,0.899,0.892,0.5230,-0.0679,4.39,-1.30003,0.150,0.700,0.000,-1.0000,-0.6672,TRACKING,R+C
1786982929.699,51.7,0.000,0.887,0.901,0.5970,-0.0677,6.57,-1.11606,0.150,0.700,0.000,-1.0000,-0.6674,TRACKING,R+C
1786982929.721,51.7,0.000,0.895,0.891,0.5229,-0.0753,5.51,-1.21972,0.150,0.700,0.000,-1.0000,-0.6683,TRACKING,R+C
1786982929.741,51.7,0.000,0.899,0.884,0.5092,-0.0790,8.23,-0.96978,0.150,0.180,0.000,-1.0000,-0.6691,TRACKING,R+C
1786982929.755,51.7,0.000,0.907,0.888,0.5202,-0.0839,8.69,-0.92787,0.150,0.180,0.000,-1.0000,-0.9819,TRACKING,R+C
1786982929.772,51.7,0.000,0.913,0.893,0.5994,-0.0864,9.82,-0.82764,0.150,0.180,0.000,-1.0000,-1.0000,TRACKING,R+C
1786982929.788,51.7,0.000,0.911,0.893,0.5819,-0.0917,9.16,-0.85267,0.150,0.180,0.000,-1.0000,-1.0000,TRACKING,R+C
1786982929.804,51.7,0.000,0.916,0.893,0.5962,-0.1007,8.69,-0.85180,0.150,0.180,0.000,-1.0000,-1.0000,TRACKING,R+C
1786982929.818,51.7,0.000,0.921,0.884,0.5633,-0.1053,10.15,-0.70655,0.150,0.180,0.000,-1.0000,-1.0000,TRACKING,R+C
1786982929.831,51.7,0.000,0.926,0.879,0.5246,-0.1140,9.22,-0.75831,0.150,0.180,0.000,-1.0000,-1.0000,TRACKING,R+C
1786982929.842,51.7,0.000,0.935,0.876,0.5468,-0.1201,8.45,-0.80474,0.150,0.180,0.000,-1.0000,-1.0000,TRACKING,R+C
1786982929.860,51.7,0.000,0.939,0.879,0.5586,-0.1221,8.79,-0.74182,0.150,0.180,0.000,-1.0000,-1.0000,TRACKING,R+C
1786982929.875,51.7,0.000,0.941,0.887,0.5701,-0.1212,8.84,-0.70142,0.150,0.180,0.000,-1.0000,-1.0000,TRACKING,R+C
1786982929.892,51.7,0.000,0.941,0.880,0.5818,-0.1195,8.50,-0.68300,0.150,0.180,0.000,-1.0000,-1.0000,TRACKING,R+C
1786982929.905,51.7,0.000,0.940,0.880,0.5430,-0.1168,8.04,-0.68956,0.150,0.180,0.000,-1.0000,-1.0000,TRACKING,R+C
1786982929.929,51.7,0.000,0.943,0.891,0.5808,-0.1130,7.99,-0.64648,0.150,0.180,0.000,-1.0000,-1.0000,TRACKING,R+C
1786982929.961,51.7,0.000,0.941,0.895,0.5796,-0.1103,7.73,-0.63576,0.150,0.180,0.000,-1.0000,-1.0000,TRACKING,R+C
1786982929.988,51.7,0.000,0.940,0.898,0.5784,-0.1076,6.85,-0.69699,0.150,0.180,0.000,-1.0000,-1.0000,TRACKING,R+C
1786982930.005,51.7,0.000,0.939,0.887,0.5058,-0.1035,6.97,-0.66498,0.150,0.180,0.000,-1.0000,-1.0000,TRACKING,R+C
1786982930.019,51.7,0.000,0.940,0.889,0.5226,-0.1007,6.63,-0.65550,0.150,0.180,0.000,-1.0000,-1.0000,TRACKING,R+C
1786982930.033,51.7,0.000,0.939,0.900,0.5712,-0.0967,6.59,-0.62486,0.150,0.180,0.000,-1.0000,-1.0000,TRACKING,R+C
1786982930.054,51.7,0.000,0.938,0.902,0.5635,-0.0938,5.82,-0.66259,0.150,0.180,0.000,-1.0000,-1.0000,TRACKING,R+C
1786982930.084,51.7,0.000,0.937,0.902,0.5602,-0.0899,5.55,-0.66429,0.150,0.180,0.000,-1.0000,-1.0000,TRACKING,R+C
1786982930.098,51.7,0.000,0.936,0.903,0.5525,-0.0869,4.74,-0.69120,0.150,0.180,0.000,-1.0000,-1.0000,TRACKING,R+C
1786982930.114,51.7,0.000,0.934,0.903,0.5538,-0.0813,4.42,-0.69996,0.150,0.180,0.000,-1.0000,-1.0000,TRACKING,R+C
1786982930.139,51.7,0.000,0.933,0.903,0.5522,-0.0755,5.04,-0.62174,0.150,0.180,0.000,-1.0000,-1.0000,TRACKING,R+C
1786982930.159,51.7,0.000,0.931,0.899,0.5338,-0.0713,4.11,-0.67715,0.150,0.180,0.000,-1.0000,-1.0000,TRACKING,R+C
1786982930.177,51.7,0.000,0.926,0.906,0.5410,-0.0671,2.81,-0.75265,0.150,0.180,0.000,-1.0000,-1.0000,TRACKING,R+C
1786982930.191,51.7,0.000,0.927,0.908,0.5370,-0.0588,4.20,-0.64560,0.150,0.180,0.000,-1.0000,-1.0000,TRACKING,R+C
1786982930.206,51.7,0.000,0.925,0.910,0.5317,-0.0540,3.48,-0.67524,0.150,0.180,0.000,-0.9768,-1.0000,TRACKING,R+C
1786982930.221,51.7,0.000,0.925,0.899,0.5257,-0.0472,3.36,-0.67069,0.150,0.180,0.000,-0.9100,-0.9396,TRACKING,R+C
1786982930.242,51.7,0.970,0.923,0.902,0.4641,-0.0417,2.51,-0.71805,0.150,0.180,0.000,-0.8344,-0.8648,TRACKING,L+C+R_fused
1786982930.258,51.7,0.968,0.922,0.912,0.5071,-0.0341,3.21,-0.64280,0.150,0.180,0.000,-0.7597,-0.7887,TRACKING,L+C+R_fused
1786982930.280,51.7,0.380,0.921,0.910,0.4867,-0.0236,4.50,-0.56813,0.150,0.180,0.000,-0.6581,-0.6894,TRACKING,L+C+R_fused
1786982930.311,51.7,0.966,0.921,0.913,0.5116,-0.0176,3.72,-0.61929,0.150,0.180,0.000,-0.5546,-0.5852,TRACKING,L+C+R_fused
1786982930.327,51.7,0.941,0.920,0.906,0.4762,-0.0122,2.58,-0.71072,0.150,0.180,0.000,-0.4442,-0.4745,TRACKING,L+C+R_fused
1786982930.351,51.7,0.963,0.926,0.916,0.4979,-0.0046,3.38,-0.64102,0.150,0.180,0.000,-0.3427,-0.3704,TRACKING,L+C+R_fused
1786982930.380,51.7,0.966,0.927,0.916,0.4993,-0.0001,3.27,-0.65550,0.150,0.180,0.000,-0.2654,-0.2883,TRACKING,L+C+R_fused
1786982930.396,51.7,0.965,0.926,0.914,0.4973,0.0026,3.39,-0.64179,0.150,0.180,0.000,-0.2215,-0.2382,TRACKING,L+C+R_fused
1786982930.414,51.7,0.964,0.925,0.918,0.4912,0.0010,2.87,-0.69608,0.150,0.180,0.000,-0.2364,-0.2438,TRACKING,L+C+R_fused
1786982930.441,51.7,0.965,0.925,0.916,0.4944,-0.0007,3.51,-0.65354,0.150,0.180,0.000,-0.2855,-0.2869,TRACKING,L+C+R_fused
1786982930.454,51.7,0.963,0.923,0.915,0.4958,-0.0038,3.69,-0.66341,0.150,0.180,0.000,-0.3467,-0.3463,TRACKING,L+C+R_fused
1786982930.489,52.5,0.964,0.923,0.914,0.4971,-0.0096,2.75,-0.72295,0.150,0.180,0.000,-0.4123,-0.4116,TRACKING,L+C+R_fused
1786982930.506,52.5,0.966,0.923,0.911,0.5051,-0.0089,4.18,-0.66020,0.150,0.180,0.000,-0.4479,-0.4522,TRACKING,L+C+R_fused
1786982930.527,52.5,0.967,0.926,0.912,0.5144,-0.0095,4.54,-0.63002,0.150,0.180,0.000,-0.4670,-0.4747,TRACKING,L+C+R_fused
1786982930.558,52.5,0.967,0.923,0.911,0.5061,-0.0115,4.15,-0.64704,0.150,0.180,0.000,-0.4841,-0.4927,TRACKING,L+C+R_fused
1786982930.575,52.5,0.966,0.924,0.908,0.5188,-0.0097,4.18,-0.65482,0.150,0.180,0.000,-0.4587,-0.4735,TRACKING,L+C+R_fused
1786982930.607,52.5,0.966,0.924,0.910,0.5122,-0.0102,3.31,-0.73522,0.150,0.180,0.000,-0.4460,-0.4599,TRACKING,L+C+R_fused
1786982930.637,52.5,0.964,0.923,0.908,0.5165,-0.0106,4.62,-0.65022,0.150,0.180,0.000,-0.4890,-0.4950,TRACKING,L+C+R_fused
1786982930.652,52.5,0.971,0.921,0.905,0.5163,-0.0147,4.45,-0.67259,0.150,0.180,0.000,-0.5476,-0.5509,TRACKING,L+C+R_fused
1786982930.678,52.5,0.968,0.920,0.907,0.5123,-0.0204,3.12,-0.79763,0.150,0.180,0.000,-0.5996,-0.6044,TRACKING,L+C+R_fused
1786982930.700,52.5,0.970,0.923,0.908,0.4790,-0.0215,3.95,-0.75344,0.150,0.180,0.000,-0.6375,-0.6451,TRACKING,L+C+R_fused
1786982930.722,52.5,0.972,0.922,0.913,0.4916,-0.0213,3.91,-0.77821,0.150,0.180,0.000,-0.6372,-0.6510,TRACKING,L+C+R_fused
1786982930.743,52.5,0.970,0.917,0.913,0.4823,-0.0202,3.53,-0.83219,0.150,0.180,0.000,-0.6166,-0.6343,TRACKING,L+C+R_fused
1786982930.757,52.5,0.964,0.916,0.917,0.5093,-0.0145,4.56,-0.74306,0.150,0.180,0.000,-0.5590,-0.5817,TRACKING,L+C+R_fused
1786982930.774,52.5,0.963,0.920,0.914,0.5100,-0.0132,3.10,-0.87341,0.150,0.180,0.000,-0.5055,-0.5280,TRACKING,L+C+R_fused
1786982930.798,52.5,0.963,0.918,0.916,0.4897,-0.0118,3.13,-0.88301,0.150,0.180,0.000,-0.4871,-0.5042,TRACKING,L+C+R_fused
1786982930.813,52.5,0.966,0.921,0.912,0.4865,-0.0094,3.81,-0.86564,0.150,0.180,0.000,-0.4737,-0.4892,TRACKING,L+C+R_fused
1786982930.831,52.5,0.965,0.920,0.916,0.4877,-0.0101,2.94,-0.92918,0.150,0.180,0.000,-0.4613,-0.4763,TRACKING,L+C+R_fused
1786982930.861,52.5,0.961,0.916,0.920,0.4817,-0.0064,2.12,-1.01184,0.150,0.180,0.000,-0.3836,-0.4075,TRACKING,L+C+R_fused
1786982930.877,52.5,0.962,0.911,0.919,0.4790,0.0020,3.72,-0.90616,0.150,0.180,0.000,-0.2936,-0.3196,TRACKING,L+C+R_fused
1786982930.902,52.5,0.958,0.909,0.922,0.4842,0.0072,2.85,-0.96743,0.150,0.180,0.000,-0.1767,-0.2057,TRACKING,L+C+R_fused
1786982930.931,52.5,0.958,0.915,0.918,0.4798,0.0148,2.34,-1.05582,0.150,0.180,0.000,-0.0367,-0.0685,TRACKING,L+C+R_fused
1786982930.960,52.5,0.956,0.906,0.918,0.4787,0.0230,3.09,-0.99621,0.150,0.180,0.000,0.0853,0.0571,TRACKING,L+C+R_fused
1786982930.974,52.5,0.958,0.908,0.923,0.4777,0.0297,2.58,-1.00794,0.150,0.180,0.000,0.2240,0.1955,TRACKING,L+C+R_fused
1786982930.990,52.5,0.953,0.908,0.920,0.4763,0.0406,4.53,-0.86378,0.150,0.180,0.000,0.3486,0.3236,TRACKING,L+C+R_fused
1786982931.016,52.5,0.954,0.912,0.925,0.4740,0.0425,1.98,-1.06806,0.150,0.180,0.000,0.4497,0.4311,TRACKING,L+C+R_fused
1786982931.034,52.5,0.952,0.915,0.926,0.4755,0.0519,4.39,-0.89431,0.150,0.180,0.000,0.5255,0.5113,TRACKING,L+C+R_fused
1786982931.056,52.5,0.953,0.915,0.925,0.4737,0.0530,3.48,-0.98255,0.150,0.180,0.000,0.5636,0.5558,TRACKING,L+C+R_fused
1786982931.074,52.5,0.953,0.914,0.928,0.4772,0.0546,3.40,-1.00216,0.150,0.180,0.000,0.5854,0.5810,TRACKING,L+C+R_fused
1786982931.102,52.5,0.951,0.905,0.924,0.4790,0.0593,3.13,-1.07524,0.150,0.180,0.000,0.6501,0.6397,TRACKING,L+C+R_fused
1786982931.134,52.5,0.949,0.902,0.927,0.4776,0.0648,3.03,-1.09092,0.150,0.180,0.000,0.7222,0.7120,TRACKING,L+C+R_fused
1786982931.163,52.5,0.940,0.904,0.926,0.4789,0.0760,5.37,-0.91984,0.150,0.180,0.000,0.8050,0.7945,TRACKING,L+C+R_fused
1786982931.188,52.5,0.940,0.904,0.926,0.4765,0.0805,5.64,-0.86254,0.150,0.180,0.000,0.8539,0.8494,TRACKING,L+C+R_fused
1786982931.211,52.5,0.934,0.904,0.936,0.4770,0.0818,5.27,-0.89337,0.150,0.180,0.000,0.8739,0.8749,TRACKING,L+C+R_fused
1786982931.235,52.5,0.931,0.905,0.929,0.4756,0.0825,4.52,-1.01480,0.150,0.180,0.000,0.8879,0.8903,TRACKING,L+C+R_fused
1786982931.265,52.5,0.878,0.899,0.931,0.4656,0.0816,5.37,-1.00803,0.150,0.180,0.000,0.8568,0.8653,TRACKING,L+C+R_fused
1786982931.295,52.5,0.904,0.898,0.928,0.4838,0.0756,3.99,-1.15075,0.150,0.180,0.000,0.8136,0.8238,TRACKING,L+C+R_fused
1786982931.319,52.5,0.904,0.889,0.924,0.4865,0.0756,7.18,-0.89462,0.150,0.180,0.000,0.7482,0.7613,TRACKING,L+C+R_fused
1786982931.349,52.5,0.932,0.889,0.922,0.4882,0.0741,8.05,-0.84947,0.150,0.180,0.000,0.7072,0.7150,TRACKING,L+C+R_fused
1786982931.368,52.5,0.947,0.889,0.917,0.4937,0.0702,6.79,-1.04702,0.150,0.180,0.000,0.6729,0.6792,TRACKING,L+C+R_fused
1786982931.391,52.5,0.953,0.889,0.914,0.4935,0.0651,5.88,-1.15208,0.150,0.180,0.000,0.6217,0.6304,TRACKING,L+C+R_fused
1786982931.421,52.5,0.957,0.894,0.919,0.4898,0.0657,8.53,-0.92432,0.150,0.180,0.000,0.5657,0.5754,TRACKING,L+C+R_fused
1786982931.437,52.5,0.973,0.890,0.918,0.4940,0.0580,6.16,-1.21366,0.150,0.700,0.000,0.4983,0.5064,TRACKING,L+C+R_fused
1786982931.459,52.5,0.955,0.890,0.909,0.4034,0.0548,6.75,-1.16897,0.150,0.700,0.000,0.4328,0.3131,TRACKING,L+C+R_fused
1786982931.485,52.5,0.000,0.884,0.914,0.4713,0.0516,6.39,-1.27280,0.150,0.180,0.000,0.3789,0.2535,TRACKING,R+C
1786982931.509,43.1,0.000,0.883,0.914,0.4768,0.0461,4.70,-1.44869,0.150,0.700,0.000,0.3324,0.3144,TRACKING,R+C
1786982931.525,43.1,0.000,0.892,0.910,0.4755,0.0436,5.87,-1.35241,0.150,0.700,0.000,0.2544,0.1844,TRACKING,R+C
1786982931.556,43.1,0.000,0.885,0.907,0.4875,0.0474,8.35,-1.22993,0.150,0.700,0.000,0.2308,0.1512,TRACKING,R+C
1786982931.572,43.1,0.000,0.884,0.908,0.4929,0.0445,6.73,-1.33258,0.150,0.180,0.000,0.2352,0.1488,TRACKING,R+C
1786982931.586,43.1,0.000,0.884,0.906,0.4949,0.0485,6.05,-1.41714,0.150,0.180,0.000,0.3182,0.2863,TRACKING,R+C
1786982931.602,43.1,0.000,0.887,0.909,0.4889,0.0518,7.30,-1.33194,0.150,0.180,0.000,0.3338,0.3209,TRACKING,R+C
1786982931.624,43.1,0.000,0.889,0.911,0.4911,0.0582,9.12,-1.22637,0.150,0.180,0.000,0.3766,0.3628,TRACKING,R+C
1786982931.640,43.1,0.000,0.886,0.904,0.4667,0.0549,7.75,-1.40217,0.150,0.180,0.000,0.3528,0.3480,TRACKING,R+C
1786982931.661,43.1,0.000,0.886,0.904,0.4667,0.0439,6.20,-1.12174,0.150,0.180,0.000,0.3528,0.3459,TRACKING,prediction
1786982931.689,43.1,0.000,0.880,0.907,0.5056,0.0483,8.72,-1.45506,0.150,0.180,0.000,0.1863,0.2012,TRACKING,R+C
1786982931.704,43.1,0.000,0.881,0.897,0.5063,0.0418,9.75,-1.34182,0.150,0.180,0.000,0.0454,0.0586,TRACKING,R+C
1786982931.722,43.1,0.000,0.882,0.900,0.5253,0.0355,10.79,-1.25309,0.150,0.180,0.000,-0.1011,-0.0888,TRACKING,R+C
1786982931.755,43.1,0.000,0.882,0.900,0.5253,0.0284,8.64,-1.00247,0.150,0.180,0.000,-0.1011,-0.1107,TRACKING,prediction
1786982931.780,43.1,0.000,0.886,0.898,0.5460,0.0234,7.46,-1.65766,0.150,0.180,0.000,-0.2294,-0.2257,TRACKING,R+C
1786982931.804,43.1,0.000,0.879,0.898,0.5528,0.0265,9.22,-1.56985,0.150,0.180,0.000,-0.2426,-0.2542,TRACKING,R+C
1786982931.819,43.1,0.000,0.881,0.899,0.5490,0.0274,10.26,-1.48394,0.150,0.180,0.000,-0.2585,-0.2720,TRACKING,R+C
1786982931.837,43.1,0.000,0.873,0.896,0.5559,0.0291,12.46,-1.28563,0.150,0.180,0.000,-0.2966,-0.3073,TRACKING,R+C
1786982931.852,43.1,0.000,0.867,0.891,0.5618,0.0243,12.33,-1.35141,0.150,0.180,0.000,-0.3815,-0.3862,TRACKING,R+C
1786982931.866,43.1,0.000,0.868,0.894,0.5626,0.0188,11.48,-1.52019,0.150,0.180,0.000,-0.4616,-0.4677,TRACKING,R+C
1786982931.880,43.1,0.000,0.871,0.895,0.5758,0.0153,13.90,-1.29207,0.150,0.180,0.000,-0.5764,-0.5786,TRACKING,R+C
1786982931.899,43.1,0.000,0.874,0.894,0.5877,0.0070,9.48,-1.86665,0.150,0.180,0.000,-0.6076,-0.6236,TRACKING,R+C
1786982931.916,43.1,0.000,0.861,0.898,0.5808,0.0072,8.57,-2.01358,0.150,0.180,0.000,-0.5927,-0.6177,TRACKING,R+C
1786982931.931,43.1,0.000,0.874,0.899,0.5879,0.0066,10.20,-1.79538,0.150,0.180,0.000,-0.6306,-0.6489,TRACKING,R+C
1786982931.960,43.1,0.000,0.868,0.895,0.5950,0.0166,14.67,-1.46123,0.150,0.180,0.000,-0.6167,-0.6417,TRACKING,R+C
1786982931.991,43.1,0.000,0.854,0.895,0.5945,0.0117,10.11,-2.00603,0.150,0.180,0.000,-0.5883,-0.6173,TRACKING,R+C
1786982932.006,43.1,0.000,0.853,0.896,0.6038,0.0136,13.87,-1.62367,0.150,0.180,0.000,-0.6515,-0.6677,TRACKING,R+C
1786982932.022,43.1,0.000,0.874,0.891,0.5558,0.0024,9.95,-2.03628,0.150,0.180,0.000,-0.7105,-0.7270,TRACKING,R+C
1786982932.036,43.1,0.000,0.879,0.889,0.5625,-0.0009,13.33,-1.67348,0.150,0.180,0.000,-0.8172,-0.8276,TRACKING,R+C
1786982932.054,43.1,0.000,0.882,0.888,0.5828,-0.0033,15.01,-1.49420,0.150,0.180,0.000,-0.8733,-0.8910,TRACKING,R+C
1786982932.067,43.1,0.000,0.880,0.892,0.5762,0.0043,18.67,-1.17996,0.150,0.180,0.000,-0.8700,-0.8973,TRACKING,R+C
1786982932.084,43.1,0.000,0.881,0.889,0.5836,0.0065,21.01,-0.91943,0.150,0.180,0.000,-0.8881,-0.9134,TRACKING,R+C
1786982932.098,43.1,0.000,0.881,0.891,0.5876,0.0032,20.07,-0.90090,0.150,0.180,0.000,-0.8901,-0.9170,TRACKING,R+C
1786982932.124,43.1,0.000,0.881,0.899,0.6239,0.0059,22.55,-0.63459,0.150,0.180,0.000,-0.9054,-0.9303,TRACKING,R+C
1786982932.140,43.1,0.000,0.882,0.886,0.5678,0.0061,23.41,-0.52982,0.150,0.180,0.000,-0.9167,-0.9418,TRACKING,R+C
1786982932.155,43.1,0.000,0.884,0.887,0.5844,0.0093,24.75,-0.39344,0.161,0.180,0.000,-0.8240,-0.8642,TRACKING,R+C
1786982932.179,43.1,0.000,0.885,0.886,0.5624,0.0089,26.62,-0.19015,0.181,0.180,0.000,-0.7159,-0.7608,TRACKING,R+C
1786982932.195,43.1,0.000,0.887,0.874,0.6841,0.0087,26.82,-0.12638,0.187,0.700,0.000,-0.6764,-0.7112,TRACKING,R+C
1786982932.225,43.1,0.000,0.887,0.874,0.6841,0.0070,21.46,-0.10110,0.187,0.700,0.000,-0.6764,-0.4915,TRACKING,prediction
1786982932.248,43.1,0.000,0.887,0.886,0.5811,0.0038,26.58,-0.00255,0.200,0.700,0.000,-0.7968,-0.5263,TRACKING,R+C
1786982932.266,43.1,0.000,0.887,0.886,0.5811,0.0031,21.27,-0.00204,0.200,0.700,0.000,-0.7968,-0.5316,TRACKING,prediction
1786982932.292,43.1,0.000,0.885,0.886,0.5783,-0.0010,25.66,0.01761,0.198,0.700,0.000,-0.8089,-0.5390,TRACKING,R+C
1786982932.321,43.1,0.000,0.887,0.898,0.6587,-0.0105,25.41,0.06555,0.193,0.700,0.000,-0.8848,-0.5827,TRACKING,R+C
1786982932.338,43.1,0.000,0.892,0.882,0.5863,-0.0192,25.33,0.12365,0.188,0.700,0.000,-0.9642,-0.6337,TRACKING,R+C
1786982932.352,43.1,0.000,0.897,0.886,0.5690,-0.0355,21.62,-0.02679,0.197,0.700,0.000,-0.9309,-0.6235,TRACKING,R+C
1786982932.365,43.1,0.000,0.904,0.885,0.6380,-0.0331,23.92,0.14179,0.186,0.700,0.000,-1.0000,-0.6601,TRACKING,R+C
1786982932.388,43.1,0.000,0.904,0.884,0.5985,-0.0478,19.58,-0.03077,0.197,0.700,0.000,-0.9588,-0.6431,TRACKING,R+C
1786982932.406,43.1,0.000,0.783,0.889,0.4854,-0.1402,-37.25,-1.17157,0.150,0.700,0.000,-0.8278,-0.5571,TRACKING,R+C
1786982932.421,43.1,0.000,0.783,0.889,0.4854,-0.1122,-29.80,-0.93726,0.150,0.700,0.000,-0.8278,-0.5459,TRACKING,prediction
1786982932.434,43.1,0.000,0.918,0.891,0.6454,-0.0659,18.76,0.02687,0.197,0.700,0.000,-1.0000,-0.6518,TRACKING,R+C
1786982932.451,43.1,0.000,0.918,0.891,0.6454,-0.0527,15.01,0.02150,0.197,0.700,0.000,-1.0000,-0.6658,TRACKING,prediction
1786982932.467,43.1,0.000,0.918,0.891,0.6454,-0.0422,12.01,0.01720,0.197,0.700,0.000,-1.0000,-0.6679,TRACKING,prediction
1786982932.483,43.1,0.000,0.918,0.891,0.6454,-0.0337,9.60,0.01376,0.197,0.700,0.000,-1.0000,-0.6683,TRACKING,prediction
1786982932.499,43.1,0.000,0.918,0.891,0.6454,-0.0270,7.68,0.01101,0.197,0.700,0.000,-1.0000,-0.6683,TRACKING,prediction
1786982932.514,52.8,0.000,0.918,0.891,0.6454,-0.0216,6.15,0.00881,0.197,0.700,0.000,-1.0000,-0.6683,TRACKING,prediction
1786982932.535,52.8,0.000,0.918,0.891,0.6454,-0.0173,4.92,0.00704,0.197,0.700,0.000,-1.0000,-0.6683,TRACKING,prediction
1786982932.562,52.8,0.000,0.918,0.891,0.6454,-0.0138,3.93,0.00564,0.197,0.700,0.000,-1.0000,-0.6683,TRACKING,prediction
1786982932.583,52.8,0.000,0.918,0.891,0.6454,-0.0111,3.15,0.00451,0.197,0.700,0.000,-1.0000,-0.6683,TRACKING,prediction
1786982932.613,52.8,0.000,0.907,0.812,0.4001,-0.1087,7.63,-0.24925,0.175,0.700,0.000,-1.0000,-0.6689,TRACKING,R+C
1786982932.643,52.8,0.000,0.907,0.812,0.4001,-0.0869,6.11,-0.19940,0.175,0.700,0.000,-1.0000,-0.6689,TRACKING,prediction
1786982932.658,52.8,0.000,0.907,0.812,0.4001,-0.0696,4.89,-0.15952,0.175,0.700,0.000,-1.0000,-0.6689,TRACKING,prediction
1786982932.682,52.8,0.000,0.907,0.812,0.4001,-0.0556,3.91,-0.12762,0.175,0.700,0.000,-1.0000,-0.6689,TRACKING,prediction
1786982932.701,52.8,0.000,0.907,0.812,0.4001,-0.0445,3.13,-0.10209,0.175,0.700,0.000,-1.0000,-0.6689,TRACKING,prediction
1786982932.715,52.8,0.000,0.907,0.812,0.4001,-0.0356,2.50,-0.08168,0.175,0.180,0.000,-1.0000,-0.6689,TRACKING,prediction
1786982932.731,52.8,0.000,0.907,0.812,0.4001,-0.0285,2.00,-0.06534,0.175,0.180,0.000,-1.0000,-0.9804,TRACKING,prediction
1786982932.757,52.8,0.000,0.907,0.812,0.4001,-0.0228,1.60,-0.05227,0.175,0.180,0.000,-1.0000,-1.0000,TRACKING,prediction
1786982932.774,52.8,0.000,0.907,0.812,0.4001,-0.0182,1.28,-0.04182,0.175,0.180,0.000,-1.0000,-1.0000,TRACKING,prediction
1786982932.788,52.8,0.000,0.907,0.812,0.4001,-0.0146,1.02,-0.03345,0.175,0.180,0.000,-1.0000,-1.0000,TRACKING,prediction
1786982932.807,52.8,0.000,0.888,0.874,0.5138,-0.0568,3.37,-0.24307,0.176,0.180,0.000,-0.8066,-0.8531,TRACKING,R+C
1786982932.823,52.8,0.000,0.886,0.910,0.5300,-0.0567,-1.32,-0.59910,0.150,0.180,0.000,-0.8786,-0.8883,TRACKING,R+C
1786982932.838,52.8,0.000,0.882,0.915,0.5030,-0.0519,-2.77,-0.78820,0.150,0.180,0.000,-0.8084,-0.8334,TRACKING,R+C
1786982932.852,52.8,0.000,0.883,0.925,0.5166,-0.0546,-8.51,-1.25459,0.150,0.180,0.000,-0.7307,-0.7588,TRACKING,R+C
1786982932.882,52.8,0.000,0.884,0.923,0.5127,-0.0521,-9.19,-1.34838,0.150,0.180,0.000,-0.6904,-0.7130,TRACKING,R+C
1786982932.898,52.8,0.000,0.886,0.922,0.5167,-0.0481,-6.80,-1.21050,0.150,0.180,0.000,-0.6952,-0.7103,TRACKING,R+C
1786982932.923,52.8,0.000,0.886,0.920,0.5122,-0.0495,-9.59,-1.48467,0.150,0.180,0.000,-0.6630,-0.6828,TRACKING,R+C
1786982932.952,52.8,0.000,0.889,0.922,0.5133,-0.0472,-9.57,-1.51530,0.150,0.180,0.000,-0.6376,-0.6568,TRACKING,R+C
1786982932.966,52.8,0.000,0.890,0.924,0.5105,-0.0441,-10.84,-1.61955,0.150,0.180,0.000,-0.5669,-0.5921,TRACKING,R+C
1786982932.985,52.8,0.000,0.886,0.920,0.5078,-0.0307,-7.75,-1.47009,0.150,0.180,0.000,-0.4548,-0.4856,TRACKING,R+C
1786982933.014,52.8,0.000,0.893,0.923,0.5021,-0.0306,-10.88,-1.70374,0.150,0.180,0.000,-0.3724,-0.3992,TRACKING,R+C
1786982933.031,52.8,0.000,0.900,0.929,0.5025,-0.0241,-9.16,-1.71085,0.150,0.180,0.000,-0.3349,-0.3546,TRACKING,R+C
1786982933.047,52.8,0.000,0.899,0.929,0.5058,-0.0206,-8.09,-1.69043,0.150,0.180,0.000,-0.3172,-0.3328,TRACKING,R+C
1786982933.063,52.8,0.000,0.894,0.923,0.5036,-0.0175,-7.92,-1.72600,0.150,0.180,0.000,-0.2781,-0.2960,TRACKING,R+C
1786982933.090,52.8,0.000,0.896,0.924,0.5054,-0.0100,-5.89,-1.71393,0.150,0.180,0.000,-0.2313,-0.2507,TRACKING,R+C
1786982933.106,52.8,0.000,0.897,0.926,0.5044,-0.0107,-7.93,-1.89677,0.150,0.700,0.000,-0.1923,-0.2108,TRACKING,R+C
1786982933.125,52.8,0.000,0.895,0.916,0.5097,-0.0051,-4.34,-1.72231,0.150,0.180,0.000,-0.2144,-0.1551,TRACKING,R+C
1786982933.146,52.8,0.000,0.892,0.921,0.5107,-0.0054,-5.23,-1.92318,0.150,0.180,0.000,-0.2183,-0.2206,TRACKING,R+C
1786982933.161,52.8,0.000,0.896,0.921,0.5192,-0.0060,-4.21,-1.88880,0.150,0.180,0.000,-0.2659,-0.2706,TRACKING,R+C
1786982933.176,52.8,0.000,0.900,0.923,0.5256,-0.0008,-0.28,-1.62831,0.150,0.700,0.000,-0.2963,-0.3041,TRACKING,R+C
1786982933.192,52.8,0.000,0.896,0.919,0.5285,-0.0003,-0.70,-1.74572,0.150,0.700,0.000,-0.2905,-0.2122,TRACKING,R+C
1786982933.207,52.8,0.000,0.897,0.915,0.5273,0.0032,0.73,-1.66932,0.150,0.180,0.000,-0.2788,-0.1927,TRACKING,R+C
1786982933.223,52.8,0.000,0.893,0.914,0.5392,0.0005,1.25,-1.65996,0.150,0.700,0.000,-0.3436,-0.3348,TRACKING,R+C
1786982933.237,52.8,0.000,0.895,0.913,0.5484,0.0010,3.14,-1.59876,0.150,0.180,0.000,-0.4041,-0.2805,TRACKING,R+C
1786982933.263,52.8,0.000,0.895,0.916,0.5417,0.0034,4.96,-1.53941,0.150,0.180,0.000,-0.4302,-0.4233,TRACKING,R+C
1786982933.279,52.8,0.000,0.892,0.914,0.5490,0.0017,6.60,-1.37972,0.150,0.180,0.000,-0.4981,-0.5019,TRACKING,R+C
1786982933.296,52.8,0.000,0.896,0.921,0.5551,0.0032,6.00,-1.55070,0.150,0.180,0.000,-0.4775,-0.4966,TRACKING,R+C
1786982933.312,52.8,0.000,0.895,0.910,0.5260,0.0037,4.96,-1.65629,0.150,0.180,0.000,-0.4455,-0.4683,TRACKING,R+C
1786982933.331,52.8,0.000,0.895,0.917,0.5486,0.0074,5.72,-1.56750,0.150,0.180,0.000,-0.4039,-0.4280,TRACKING,R+C
1786982933.347,52.8,0.000,0.897,0.916,0.5476,0.0113,8.14,-1.35698,0.150,0.180,0.000,-0.4086,-0.4258,TRACKING,R+C
1786982933.363,52.8,0.000,0.895,0.911,0.5462,0.0126,8.01,-1.45353,0.150,0.180,0.000,-0.3973,-0.4163,TRACKING,R+C
1786982933.380,52.8,0.000,0.893,0.914,0.5629,0.0103,8.67,-1.40538,0.150,0.180,0.000,-0.4536,-0.4634,TRACKING,R+C
1786982933.401,52.8,0.000,0.896,0.913,0.5655,0.0093,11.09,-1.18284,0.150,0.180,0.000,-0.5317,-0.5375,TRACKING,R+C
1786982933.417,52.8,0.000,0.896,0.905,0.5413,0.0036,8.70,-1.39232,0.150,0.180,0.000,-0.5534,-0.5676,TRACKING,R+C
1786982933.432,52.8,0.000,0.900,0.899,0.5229,0.0032,9.13,-1.37454,0.150,0.180,0.000,-0.5741,-0.5900,TRACKING,R+C
1786982933.448,52.8,0.000,0.895,0.908,0.5920,0.0032,11.69,-1.16438,0.150,0.180,0.000,-0.6388,-0.6491,TRACKING,R+C
1786982933.473,52.8,0.000,0.891,0.907,0.5803,-0.0021,10.84,-1.25619,0.150,0.180,0.000,-0.6910,-0.7033,TRACKING,R+C
1786982933.488,52.8,0.000,0.890,0.902,0.5893,-0.0132,9.26,-1.44084,0.150,0.180,0.000,-0.7990,-0.8055,TRACKING,R+C
1786982933.513,52.8,0.000,0.889,0.901,0.6152,-0.0211,11.00,-1.25406,0.150,0.180,0.000,-0.9120,-0.9184,TRACKING,R+C
1786982933.541,51.6,0.000,0.888,0.892,0.5760,-0.0333,9.34,-1.43582,0.150,0.180,0.000,-1.0000,-1.0000,TRACKING,R+C
1786982933.567,51.6,0.000,0.890,0.893,0.5874,-0.0433,10.61,-1.27645,0.150,0.180,0.000,-1.0000,-1.0000,TRACKING,R+C
1786982933.590,51.6,0.000,0.895,0.888,0.5732,-0.0513,12.27,-1.12862,0.150,0.180,0.000,-1.0000,-1.0000,TRACKING,R+C
1786982933.606,51.6,0.000,0.898,0.887,0.5400,-0.0579,12.54,-1.09710,0.150,0.180,0.000,-1.0000,-1.0000,TRACKING,R+C
1786982933.620,51.6,0.000,0.905,0.886,0.5582,-0.0640,13.09,-1.03308,0.150,0.700,0.000,-1.0000,-1.0000,TRACKING,R+C
1786982933.637,51.6,0.000,0.907,0.886,0.5961,-0.0663,13.58,-0.98310,0.150,0.180,0.000,-1.0000,-0.7232,TRACKING,R+C
1786982933.653,51.6,0.000,0.911,0.889,0.5834,-0.0694,12.10,-1.10888,0.150,0.180,0.000,-1.0000,-0.9917,TRACKING,R+C
1786982933.669,51.6,0.000,0.910,0.884,0.5830,-0.0714,11.68,-1.09148,0.150,0.180,0.000,-1.0000,-1.0000,TRACKING,R+C
1786982933.685,51.6,0.000,0.914,0.884,0.6358,-0.0680,13.03,-0.95658,0.150,0.180,0.000,-1.0000,-1.0000,TRACKING,R+C
1786982933.699,51.6,0.000,0.915,0.897,0.6531,-0.0688,13.11,-0.91342,0.150,0.180,0.000,-1.0000,-1.0000,TRACKING,R+C
1786982933.722,51.6,0.000,0.915,0.900,0.6517,-0.0723,10.70,-1.06889,0.150,0.180,0.000,-1.0000,-1.0000,TRACKING,R+C
1786982933.738,51.6,0.000,0.914,0.890,0.5630,-0.0740,8.56,-1.24064,0.150,0.180,0.000,-1.0000,-1.0000,TRACKING,R+C
1786982933.754,51.6,0.000,0.921,0.898,0.6321,-0.0675,11.29,-0.97531,0.150,0.180,0.000,-1.0000,-1.0000,TRACKING,R+C
1786982933.768,51.6,0.000,0.916,0.893,0.6289,-0.0640,12.19,-0.84306,0.150,0.180,0.000,-1.0000,-1.0000,TRACKING,R+C
1786982933.791,51.6,0.000,0.918,0.903,0.6349,-0.0647,11.80,-0.84699,0.150,0.180,0.000,-1.0000,-1.0000,TRACKING,R+C
1786982933.813,51.6,0.000,0.922,0.901,0.6338,-0.0660,12.50,-0.75770,0.150,0.180,0.000,-1.0000,-1.0000,TRACKING,R+C
1786982933.828,51.6,0.000,0.925,0.900,0.6346,-0.0734,11.34,-0.82165,0.150,0.180,0.000,-1.0000,-1.0000,TRACKING,R+C
1786982933.846,51.6,0.000,0.923,0.891,0.5664,-0.0780,13.14,-0.61443,0.150,0.180,0.000,-1.0000,-1.0000,TRACKING,R+C
1786982933.859,51.6,0.000,0.921,0.900,0.6415,-0.0921,9.85,-0.88759,0.150,0.180,0.000,-1.0000,-1.0000,TRACKING,R+C
1786982933.876,51.6,0.000,0.926,0.901,0.6428,-0.0956,11.81,-0.70985,0.150,0.180,0.000,-1.0000,-1.0000,TRACKING,R+C
1786982933.906,51.6,0.000,0.930,0.905,0.6455,-0.1016,10.89,-0.76730,0.150,0.700,0.000,-1.0000,-1.0000,TRACKING,R+C
1786982933.922,51.6,0.000,0.935,0.892,0.5557,-0.1032,10.75,-0.76902,0.150,0.700,0.000,-1.0000,-0.7250,TRACKING,R+C
1786982933.936,51.6,0.000,0.937,0.893,0.5829,-0.1023,11.67,-0.61646,0.150,0.700,0.000,-1.0000,-0.6801,TRACKING,R+C
1786982933.952,51.6,0.000,0.933,0.906,0.6385,-0.1045,10.18,-0.74098,0.150,0.700,0.000,-1.0000,-0.6734,TRACKING,R+C
1786982933.970,51.6,0.000,0.929,0.901,0.6293,-0.1074,8.70,-0.86030,0.150,0.700,0.000,-1.0000,-0.6725,TRACKING,R+C
1786982933.984,51.6,0.000,0.937,0.903,0.6249,-0.1098,10.03,-0.69958,0.150,0.700,0.000,-1.0000,-0.6726,TRACKING,R+C
1786982933.999,51.6,0.000,0.938,0.901,0.6239,-0.1170,9.64,-0.70762,0.150,0.700,0.000,-1.0000,-0.6733,TRACKING,R+C
1786982934.013,51.6,0.000,0.942,0.908,0.6325,-0.1232,9.29,-0.70052,0.150,0.700,0.000,-1.0000,-0.6739,TRACKING,R+C
1786982934.032,51.6,0.000,0.940,0.901,0.6263,-0.1280,8.78,-0.74971,0.150,0.700,0.000,-1.0000,-0.6744,TRACKING,R+C
1786982934.047,51.6,0.000,0.943,0.906,0.6227,-0.1299,9.07,-0.67796,0.150,0.700,0.000,-1.0000,-0.6744,TRACKING,R+C
1786982934.061,51.6,0.000,0.945,0.904,0.5752,-0.1298,9.44,-0.59247,0.150,0.700,0.000,-1.0000,-0.6742,TRACKING,R+C
1786982934.074,51.6,0.000,0.945,0.902,0.6011,-0.1307,8.91,-0.60695,0.150,0.700,0.000,-1.0000,-0.6741,TRACKING,R+C
1786982934.090,51.6,0.000,0.946,0.909,0.6106,-0.1328,8.45,-0.59299,0.150,0.700,0.000,-1.0000,-0.6740,TRACKING,R+C
1786982934.108,51.6,0.000,0.946,0.908,0.5474,-0.1371,7.92,-0.61831,0.150,0.700,0.000,-1.0000,-0.6744,TRACKING,R+C
1786982934.125,51.6,0.000,0.943,0.904,0.6012,-0.1423,7.08,-0.69057,0.150,0.700,0.000,-1.0000,-0.6749,TRACKING,R+C
1786982934.137,51.6,0.000,0.944,0.901,0.5306,-0.1464,7.22,-0.65455,0.150,0.700,0.000,-1.0000,-0.6754,TRACKING,R+C
1786982934.165,51.6,0.000,0.947,0.903,0.5608,-0.1490,6.21,-0.74770,0.150,0.700,0.000,-1.0000,-0.6756,TRACKING,R+C
1786982934.183,51.6,0.000,0.945,0.904,0.5984,-0.1489,5.88,-0.73638,0.150,0.700,0.000,-1.0000,-0.6753,TRACKING,R+C
1786982934.198,51.6,0.000,0.942,0.903,0.5602,-0.1483,4.76,-0.79141,0.150,0.700,0.000,-1.0000,-0.6749,TRACKING,R+C
1786982934.222,51.6,0.000,0.943,0.904,0.5816,-0.1460,4.25,-0.79929,0.150,0.700,0.000,-1.0000,-0.6744,TRACKING,R+C
1786982934.236,51.6,0.000,0.943,0.908,0.5807,-0.1422,4.78,-0.70528,0.150,0.700,0.000,-1.0000,-0.6737,TRACKING,R+C
1786982934.252,51.6,0.000,0.944,0.912,0.5833,-0.1388,4.54,-0.68472,0.150,0.180,0.000,-1.0000,-0.6731,TRACKING,R+C
1786982934.268,51.6,0.000,0.942,0.912,0.5796,-0.1350,4.42,-0.66942,0.150,0.700,0.000,-1.0000,-0.9867,TRACKING,R+C
1786982934.283,51.6,0.000,0.941,0.913,0.5786,-0.1326,3.02,-0.76912,0.150,0.700,0.000,-1.0000,-0.7165,TRACKING,R+C
1786982934.301,51.6,0.000,0.943,0.915,0.5714,-0.1290,3.32,-0.70490,0.150,0.180,0.000,-1.0000,-0.6780,TRACKING,R+C
1786982934.316,51.6,0.000,0.937,0.914,0.5669,-0.1264,2.22,-0.79033,0.150,0.180,0.000,-1.0000,-0.9847,TRACKING,R+C
1786982934.330,51.6,0.000,0.943,0.911,0.5581,-0.1224,2.80,-0.70319,0.150,0.180,0.000,-1.0000,-1.0000,TRACKING,R+C
1786982934.354,51.6,0.000,0.937,0.910,0.5579,-0.1221,0.51,-0.87513,0.150,0.180,0.000,-1.0000,-1.0000,TRACKING,R+C
1786982934.370,51.6,0.000,0.940,0.921,0.5443,-0.1167,1.50,-0.76736,0.150,0.180,0.000,-1.0000,-1.0000,TRACKING,R+C
1786982934.395,51.6,0.000,0.937,0.919,0.5538,-0.1139,1.75,-0.71736,0.150,0.180,0.000,-1.0000,-1.0000,TRACKING,R+C
1786982934.409,51.6,0.000,0.934,0.921,0.5496,-0.1137,0.29,-0.85536,0.150,0.180,0.000,-1.0000,-1.0000,TRACKING,R+C
1786982934.427,51.6,0.000,0.939,0.922,0.5506,-0.1142,0.77,-0.79178,0.150,0.180,0.000,-1.0000,-1.0000,TRACKING,R+C
1786982934.442,51.6,0.000,0.939,0.922,0.5520,-0.1159,1.47,-0.70626,0.150,0.180,0.000,-1.0000,-1.0000,TRACKING,R+C
1786982934.458,51.6,0.000,0.941,0.924,0.5515,-0.1161,1.89,-0.66547,0.150,0.180,0.000,-1.0000,-1.0000,TRACKING,R+C
1786982934.473,51.6,0.000,0.942,0.920,0.5483,-0.1164,1.11,-0.72330,0.150,0.180,0.000,-1.0000,-1.0000,TRACKING,R+C
1786982934.492,51.6,0.000,0.936,0.925,0.5446,-0.1158,-0.25,-0.83809,0.150,0.180,0.000,-1.0000,-1.0000,TRACKING,R+C
1786982934.505,51.6,0.000,0.937,0.925,0.5439,-0.1128,1.22,-0.70123,0.150,0.180,0.000,-1.0000,-1.0000,TRACKING,R+C
1786982934.525,51.6,0.000,0.941,0.927,0.5424,-0.1133,1.50,-0.64886,0.150,0.180,0.000,-1.0000,-1.0000,TRACKING,R+C
1786982934.544,57.8,0.000,0.935,0.928,0.5423,-0.1166,-0.03,-0.76189,0.150,0.180,0.000,-1.0000,-1.0000,TRACKING,R+C
1786982934.560,57.8,0.000,0.934,0.926,0.5430,-0.1163,-0.05,-0.78343,0.150,0.180,0.000,-1.0000,-1.0000,TRACKING,R+C
1786982934.575,57.8,0.000,0.930,0.928,0.5422,-0.1175,-1.25,-0.89136,0.150,0.180,0.000,-1.0000,-1.0000,TRACKING,R+C
1786982934.589,57.8,0.000,0.931,0.927,0.5431,-0.1180,-1.55,-0.88646,0.150,0.180,0.000,-1.0000,-1.0000,TRACKING,R+C
1786982934.604,57.8,0.000,0.935,0.929,0.5415,-0.1165,-1.13,-0.83906,0.150,0.180,0.000,-1.0000,-1.0000,TRACKING,R+C
1786982934.620,57.8,0.000,0.933,0.928,0.5406,-0.1176,-0.85,-0.82367,0.150,0.180,0.000,-1.0000,-1.0000,TRACKING,R+C
1786982934.637,57.8,0.000,0.932,0.927,0.5413,-0.1193,-0.39,-0.77231,0.150,0.180,0.000,-1.0000,-1.0000,TRACKING,R+C
1786982934.652,57.8,0.000,0.931,0.928,0.5443,-0.1203,-0.20,-0.74760,0.150,0.180,0.000,-1.0000,-1.0000,TRACKING,R+C
1786982934.668,57.8,0.000,0.931,0.929,0.5420,-0.1208,-1.22,-0.83794,0.150,0.180,0.000,-1.0000,-1.0000,TRACKING,R+C
1786982934.697,57.8,0.000,0.931,0.929,0.5370,-0.1155,-0.85,-0.79687,0.150,0.180,0.000,-1.0000,-1.0000,TRACKING,R+C
1786982934.713,57.8,0.000,0.930,0.934,0.5342,-0.1116,-1.85,-0.86574,0.150,0.180,0.000,-1.0000,-1.0000,TRACKING,R+C
1786982934.735,57.8,0.000,0.930,0.934,0.5251,-0.1060,-2.64,-0.90474,0.150,0.700,0.000,-1.0000,-1.0000,TRACKING,R+C
1786982934.747,57.8,0.000,0.931,0.937,0.5221,-0.0995,-2.73,-0.89102,0.150,0.700,0.000,-1.0000,-0.7178,TRACKING,R+C
1786982934.762,57.8,0.000,0.929,0.937,0.5181,-0.0911,-1.97,-0.83639,0.150,0.700,0.000,-1.0000,-0.6723,TRACKING,R+C
1786982934.790,57.8,0.000,0.931,0.940,0.5137,-0.0831,-1.57,-0.82012,0.150,0.700,0.000,-1.0000,-0.6647,TRACKING,R+C
1786982934.805,57.8,0.000,0.934,0.941,0.5074,-0.0756,-1.49,-0.78704,0.150,0.700,0.000,-1.0000,-0.6626,TRACKING,R+C
1786982934.830,57.8,0.000,0.931,0.942,0.5005,-0.0680,-1.45,-0.79051,0.150,0.700,0.000,-1.0000,-0.6616,TRACKING,R+C
1786982934.848,57.8,0.963,0.928,0.944,0.4777,-0.0600,-1.31,-0.80419,0.150,0.700,0.000,-0.9332,-0.6238,TRACKING,L+C+R_fused
1786982934.878,57.8,0.957,0.925,0.945,0.5237,-0.0524,-1.88,-0.85259,0.150,0.700,0.000,-0.8467,-0.5695,TRACKING,L+C+R_fused
1786982934.900,57.8,0.959,0.927,0.945,0.5210,-0.0435,-1.27,-0.77121,0.150,0.700,0.000,-0.7531,-0.5086,TRACKING,L+C+R_fused
1786982934.933,57.8,0.964,0.929,0.946,0.4931,-0.0359,-1.98,-0.83944,0.150,0.700,0.000,-0.6414,-0.4369,TRACKING,L+C+R_fused
1786982934.951,57.8,0.960,0.927,0.949,0.4929,-0.0280,-1.62,-0.82438,0.150,0.700,0.000,-0.5417,-0.3703,TRACKING,L+C+R_fused
1786982934.979,57.8,0.956,0.931,0.949,0.5027,-0.0237,-1.96,-0.84042,0.150,0.180,0.000,-0.4665,-0.3183,TRACKING,L+C+R_fused
1786982935.007,57.8,0.959,0.929,0.946,0.5046,-0.0193,-0.81,-0.76725,0.150,0.180,0.000,-0.4309,-0.4231,TRACKING,L+C+R_fused
1786982935.023,57.8,0.957,0.930,0.946,0.5191,-0.0191,-0.72,-0.76399,0.150,0.180,0.000,-0.4310,-0.4383,TRACKING,L+C+R_fused
1786982935.041,57.8,0.960,0.925,0.947,0.5144,-0.0205,-1.13,-0.82614,0.150,0.700,0.000,-0.4460,-0.4538,TRACKING,L+C+R_fused
1786982935.057,57.8,0.959,0.930,0.946,0.5179,-0.0214,0.62,-0.69419,0.150,0.180,0.000,-0.5064,-0.3526,TRACKING,L+C+R_fused
1786982935.079,57.8,0.956,0.929,0.947,0.5289,-0.0242,0.50,-0.71388,0.150,0.180,0.000,-0.5467,-0.5283,TRACKING,L+C+R_fused
1786982935.093,57.8,0.963,0.930,0.945,0.4997,-0.0266,1.08,-0.68101,0.150,0.700,0.000,-0.5971,-0.5976,TRACKING,L+C+R_fused
1786982935.110,57.8,0.972,0.927,0.943,0.5203,-0.0299,0.62,-0.75752,0.150,0.180,0.000,-0.6373,-0.4476,TRACKING,L+C+R_fused
1786982935.131,57.8,0.000,0.926,0.943,0.5114,-0.0335,1.22,-0.74095,0.150,0.700,0.000,-0.7016,-0.6770,TRACKING,R+C
1786982935.148,57.8,0.000,0.923,0.940,0.5111,-0.0380,0.44,-0.85713,0.150,0.700,0.000,-0.7491,-0.5224,TRACKING,R+C
1786982935.165,57.8,0.000,0.927,0.939,0.5177,-0.0417,1.42,-0.78317,0.150,0.700,0.000,-0.8118,-0.5353,TRACKING,R+C
1786982935.185,57.8,0.000,0.932,0.941,0.5201,-0.0458,1.19,-0.83833,0.150,0.700,0.000,-0.8569,-0.5626,TRACKING,R+C
1786982935.200,57.8,0.000,0.933,0.938,0.5223,-0.0507,1.50,-0.81925,0.150,0.700,0.000,-0.9130,-0.5984,TRACKING,R+C
1786982935.228,57.8,0.000,0.937,0.938,0.5282,-0.0557,2.12,-0.78897,0.150,0.700,0.000,-0.9719,-0.6370,TRACKING,R+C
1786982935.247,57.8,0.000,0.933,0.937,0.5350,-0.0595,3.53,-0.69823,0.150,0.700,0.000,-1.0000,-0.6589,TRACKING,R+C
1786982935.262,57.8,0.000,0.937,0.937,0.5397,-0.0652,3.98,-0.66182,0.150,0.700,0.000,-1.0000,-0.6629,TRACKING,R+C
1786982935.278,57.8,0.000,0.934,0.931,0.5469,-0.0716,3.94,-0.65137,0.150,0.700,0.000,-1.0000,-0.6641,TRACKING,R+C
1786982935.305,57.8,0.000,0.935,0.940,0.5658,-0.0762,5.10,-0.54646,0.150,0.700,0.000,-1.0000,-0.6649,TRACKING,R+C
1786982935.327,57.8,0.000,0.934,0.934,0.5612,-0.0829,3.23,-0.75202,0.150,0.700,0.000,-1.0000,-0.6657,TRACKING,R+C
1786982935.354,57.8,0.000,0.929,0.930,0.5644,-0.0863,3.06,-0.79276,0.150,0.700,0.000,-1.0000,-0.6662,TRACKING,R+C
1786982935.382,57.8,0.000,0.939,0.930,0.5662,-0.0914,1.40,-0.91432,0.150,0.700,0.000,-1.0000,-0.6666,TRACKING,R+C
1786982935.399,57.8,0.000,0.933,0.930,0.5664,-0.0909,1.76,-0.93681,0.150,0.700,0.000,-1.0000,-0.6668,TRACKING,R+C
1786982935.413,57.8,0.000,0.931,0.927,0.5660,-0.0933,1.80,-0.95207,0.150,0.700,0.000,-1.0000,-0.6672,TRACKING,R+C
1786982935.435,57.8,0.000,0.919,0.922,0.5634,-0.0958,2.95,-0.86002,0.150,0.700,0.000,-1.0000,-0.6677,TRACKING,R+C
1786982935.449,57.8,0.000,0.919,0.910,0.5713,-0.1050,-0.45,-1.19921,0.150,0.700,0.000,-1.0000,-0.6687,TRACKING,R+C
1786982935.467,57.8,0.000,0.926,0.911,0.5577,-0.1049,1.36,-1.05470,0.150,0.700,0.000,-1.0000,-0.6689,TRACKING,R+C
1786982935.481,57.8,0.000,0.927,0.913,0.5705,-0.1056,1.97,-1.00568,0.150,0.700,0.000,-1.0000,-0.6691,TRACKING,R+C
1786982935.496,57.8,0.000,0.923,0.911,0.5538,-0.1080,0.43,-1.13590,0.150,0.700,0.000,-1.0000,-0.6692,TRACKING,R+C
1786982935.520,57.8,0.000,0.916,0.909,0.5581,-0.1071,-1.39,-1.34116,0.150,0.700,0.000,-1.0000,-0.6691,TRACKING,R+C
1786982935.536,57.8,0.000,0.914,0.905,0.5669,-0.1029,1.14,-1.11656,0.150,0.700,0.000,-1.0000,-0.6689,TRACKING,R+C
1786982935.553,51.5,0.000,0.915,0.908,0.5572,-0.1082,-1.45,-1.30548,0.150,0.700,0.000,-1.0000,-0.6691,TRACKING,R+C
1786982935.568,51.5,0.000,0.919,0.910,0.5633,-0.1104,-0.70,-1.28178,0.150,0.700,0.000,-1.0000,-0.6696,TRACKING,R+C
1786982935.582,51.5,0.000,0.921,0.909,0.5584,-0.1101,0.67,-1.19147,0.150,0.700,0.000,-1.0000,-0.6699,TRACKING,R+C
1786982935.600,51.5,0.000,0.922,0.904,0.5742,-0.1115,0.91,-1.16574,0.150,0.700,0.000,-1.0000,-0.6700,TRACKING,R+C
1786982935.614,51.5,0.000,0.922,0.916,0.5802,-0.1130,-1.05,-1.33467,0.150,0.700,0.000,-1.0000,-0.6700,TRACKING,R+C
1786982935.630,51.5,0.000,0.920,0.913,0.5823,-0.1063,1.16,-1.12460,0.150,0.700,0.000,-1.0000,-0.6693,TRACKING,R+C
1786982935.644,51.5,0.000,0.920,0.899,0.5660,-0.1020,1.05,-1.16896,0.150,0.700,0.000,-1.0000,-0.6690,TRACKING,R+C
1786982935.657,51.5,0.000,0.916,0.897,0.5609,-0.0985,0.27,-1.25633,0.150,0.700,0.000,-1.0000,-0.6685,TRACKING,R+C
1786982935.674,51.5,0.000,0.914,0.898,0.5486,-0.0932,0.71,-1.25381,0.150,0.700,0.000,-1.0000,-0.6681,TRACKING,R+C
1786982935.690,51.5,0.000,0.910,0.903,0.5453,-0.0880,0.11,-1.35156,0.150,0.700,0.000,-1.0000,-0.6676,TRACKING,R+C
1786982935.706,51.5,0.000,0.910,0.902,0.5311,-0.0860,-1.18,-1.43159,0.150,0.700,0.000,-1.0000,-0.6671,TRACKING,R+C
1786982935.724,51.5,0.000,0.910,0.918,0.5687,-0.0809,0.69,-1.27038,0.150,0.700,0.000,-1.0000,-0.6666,TRACKING,R+C
1786982935.740,51.5,0.000,0.914,0.917,0.5671,-0.0799,-0.32,-1.39148,0.150,0.700,0.000,-1.0000,-0.6665,TRACKING,R+C
1786982935.764,51.5,0.000,0.908,0.900,0.5315,-0.0833,-1.00,-1.47167,0.150,0.700,0.000,-1.0000,-0.6670,TRACKING,R+C
1786982935.782,51.5,0.000,0.906,0.913,0.5765,-0.0856,-0.39,-1.53425,0.150,0.700,0.000,-1.0000,-0.6679,TRACKING,R+C
1786982935.811,51.5,0.000,0.909,0.902,0.5582,-0.0904,0.37,-1.46071,0.150,0.700,0.000,-1.0000,-0.6686,TRACKING,R+C
1786982935.825,51.5,0.000,0.914,0.912,0.5927,-0.0933,2.63,-1.33532,0.150,0.700,0.000,-1.0000,-0.6695,TRACKING,R+C
1786982935.847,51.5,0.000,0.916,0.910,0.5962,-0.0997,0.56,-1.54478,0.150,0.700,0.000,-1.0000,-0.6702,TRACKING,R+C
1786982935.864,51.5,0.000,0.915,0.895,0.5929,-0.1016,1.86,-1.46475,0.150,0.700,0.000,-1.0000,-0.6708,TRACKING,R+C
1786982935.879,51.5,0.000,0.917,0.897,0.5933,-0.1014,0.91,-1.65414,0.150,0.700,0.000,-1.0000,-0.6711,TRACKING,R+C
1786982935.901,51.5,0.000,0.923,0.904,0.6052,-0.1004,2.95,-1.45045,0.150,0.700,0.000,-1.0000,-0.6711,TRACKING,R+C
1786982935.919,51.5,0.000,0.914,0.893,0.5217,-0.1009,2.49,-1.53994,0.150,0.700,0.000,-1.0000,-0.6714,TRACKING,R+C
1786982935.942,51.5,0.000,0.915,0.905,0.6061,-0.1018,2.95,-1.56236,0.150,0.180,0.000,-1.0000,-0.6719,TRACKING,R+C
1786982935.958,51.5,0.000,0.918,0.905,0.6081,-0.1027,3.41,-1.52451,0.150,0.180,0.000,-1.0000,-0.9859,TRACKING,R+C
1786982935.975,51.5,0.000,0.905,0.906,0.6001,-0.1091,-2.58,-2.14335,0.150,0.700,0.000,-1.0000,-1.0000,TRACKING,R+C
1786982936.007,51.5,0.000,0.925,0.888,0.5333,-0.0987,3.79,-1.56219,0.150,0.700,0.000,-1.0000,-0.7232,TRACKING,R+C
1786982936.023,51.5,0.000,0.919,0.894,0.5954,-0.0972,3.65,-1.62956,0.150,0.700,0.000,-1.0000,-0.6797,TRACKING,R+C
1786982936.040,51.5,0.000,0.921,0.904,0.6131,-0.0974,2.64,-1.78990,0.150,0.700,0.000,-1.0000,-0.6734,TRACKING,R+C
1786982936.055,51.5,0.000,0.922,0.908,0.6201,-0.1005,2.78,-1.78703,0.150,0.700,0.000,-1.0000,-0.6728,TRACKING,R+C
1786982936.071,51.5,0.000,0.923,0.901,0.6271,-0.1055,3.72,-1.69042,0.150,0.700,0.000,-1.0000,-0.6734,TRACKING,R+C
1786982936.096,51.5,0.000,0.927,0.894,0.6346,-0.1088,6.32,-1.48075,0.150,0.700,0.000,-1.0000,-0.6742,TRACKING,R+C
1786982936.110,51.5,0.000,0.926,0.887,0.6449,-0.1132,7.37,-1.35783,0.150,0.700,0.000,-1.0000,-0.6747,TRACKING,R+C
1786982936.125,51.5,0.000,0.928,0.887,0.6478,-0.1152,9.39,-1.15715,0.150,0.700,0.000,-1.0000,-0.6752,TRACKING,R+C
1786982936.139,51.5,0.000,0.930,0.877,0.7826,-0.1188,10.87,-1.01029,0.150,0.700,0.000,-1.0000,-0.6758,TRACKING,R+C
1786982936.161,51.5,0.000,0.929,0.870,0.6617,-0.1247,12.82,-0.78774,0.150,0.700,0.000,-1.0000,-0.6765,TRACKING,R+C
1786982936.191,51.5,0.000,0.929,0.870,0.6617,-0.0998,10.26,-0.63019,0.150,0.700,0.000,-1.0000,-0.6765,TRACKING,prediction
1786982936.209,51.5,0.000,0.939,0.855,0.6681,-0.1374,15.64,-0.46894,0.153,0.700,0.000,-1.0000,-0.6781,TRACKING,R+C
1786982936.223,51.5,0.000,0.939,0.855,0.6681,-0.1099,12.51,-0.37515,0.153,0.700,0.000,-1.0000,-0.6781,TRACKING,prediction
1786982936.249,51.5,0.000,0.941,0.852,0.6762,-0.1429,16.64,-0.25330,0.175,0.700,0.000,-1.0000,-0.6783,TRACKING,R+C
1786982936.272,51.5,0.000,0.942,0.852,0.6709,-0.1441,16.87,-0.16764,0.183,0.700,0.000,-1.0000,-0.6781,TRACKING,R+C
1786982936.287,51.5,0.000,0.944,0.830,0.6554,-0.1458,16.67,-0.12438,0.188,0.700,0.000,-1.0000,-0.6779,TRACKING,R+C
1786982936.302,51.5,0.000,0.946,0.806,0.6001,-0.1476,17.07,-0.02878,0.197,0.700,0.000,-1.0000,-0.6779,TRACKING,R+C
1786982936.316,51.5,0.000,0.946,0.839,0.6695,-0.1506,17.06,0.02632,0.197,0.700,0.000,-1.0000,-0.6779,TRACKING,R+C
1786982936.339,51.5,0.000,0.946,0.812,0.7143,-0.1547,16.29,0.04110,0.196,0.180,0.000,-1.0000,-0.6779,TRACKING,R+C
1786982936.354,51.5,0.000,0.947,0.816,0.6289,-0.1558,16.02,0.08722,0.191,0.180,0.000,-1.0000,-0.9957,TRACKING,R+C
1786982936.380,51.5,0.000,0.948,0.818,0.6322,-0.1560,15.36,0.10742,0.189,0.700,0.000,-1.0000,-1.0000,TRACKING,R+C
1786982936.393,51.5,0.000,0.947,0.810,0.6680,-0.1565,14.30,0.08342,0.192,0.180,0.000,-1.0000,-0.7281,TRACKING,R+C
1786982936.409,51.5,0.000,0.947,0.814,0.6003,-0.1596,12.84,0.04453,0.196,0.180,0.000,-1.0000,-1.0000,TRACKING,R+C
1786982936.429,51.5,0.000,0.948,0.821,0.7638,-0.1616,12.81,0.10443,0.190,0.180,0.000,-1.0000,-1.0000,TRACKING,R+C
1786982936.443,51.5,0.000,0.951,0.815,0.7401,-0.1679,11.48,0.07087,0.193,0.700,0.000,-1.0000,-1.0000,TRACKING,R+C
1786982936.458,51.5,0.000,0.949,0.815,0.7352,-0.1726,11.15,0.10194,0.190,0.180,0.000,-1.0000,-0.7293,TRACKING,R+C
1786982936.475,51.5,0.000,0.952,0.812,0.5964,-0.1787,10.38,0.09661,0.190,0.180,0.000,-1.0000,-1.0000,TRACKING,R+C
1786982936.492,51.5,0.000,0.952,0.814,0.5982,-0.1809,10.24,0.12709,0.187,0.180,0.000,-1.0000,-1.0000,TRACKING,R+C
1786982936.505,51.5,0.000,0.948,0.816,0.6411,-0.1823,9.13,0.10255,0.190,0.180,0.000,-1.0000,-1.0000,TRACKING,R+C
1786982936.522,51.5,0.000,0.950,0.817,0.7182,-0.1818,8.61,0.12984,0.187,0.180,0.000,-1.0000,-1.0000,TRACKING,R+C
1786982936.538,51.5,0.000,0.950,0.827,0.7542,-0.1812,7.39,0.08453,0.192,0.180,0.000,-1.0000,-1.0000,TRACKING,R+C
1786982936.567,55.2,0.000,0.948,0.816,0.6497,-0.1798,6.85,0.09819,0.190,0.180,0.000,-1.0000,-1.0000,TRACKING,R+C
1786982936.582,55.2,0.000,0.938,0.822,0.7046,-0.1788,4.68,-0.03643,0.196,0.180,0.000,-1.0000,-1.0000,TRACKING,R+C
1786982936.607,55.2,0.000,0.936,0.823,0.6977,-0.1759,4.26,-0.01618,0.198,0.180,0.000,-1.0000,-1.0000,TRACKING,R+C
1786982936.635,55.2,0.000,0.936,0.822,0.6846,-0.1739,2.73,-0.09065,0.191,0.180,0.000,-1.0000,-1.0000,TRACKING,R+C
1786982936.656,55.2,0.000,0.928,0.833,0.7082,-0.1702,1.77,-0.12672,0.187,0.180,0.000,-1.0000,-1.0000,TRACKING,R+C
1786982936.675,55.2,0.000,0.925,0.835,0.7019,-0.1660,1.23,-0.10147,0.190,0.180,0.000,-1.0000,-1.0000,TRACKING,R+C
1786982936.690,55.2,0.000,0.920,0.819,0.6555,-0.1608,0.20,-0.16018,0.184,0.180,0.000,-1.0000,-1.0000,TRACKING,R+C
1786982936.704,55.2,0.000,0.917,0.838,0.6865,-0.1552,0.05,-0.10813,0.189,0.180,0.000,-1.0000,-1.0000,TRACKING,R+C
1786982936.724,55.2,0.000,0.914,0.833,0.6885,-0.1513,-1.02,-0.16350,0.184,0.180,0.000,-1.0000,-1.0000,TRACKING,R+C
1786982936.749,55.2,0.000,0.902,0.828,0.6566,-0.1448,-0.19,-0.01176,0.199,0.180,0.000,-1.0000,-1.0000,TRACKING,R+C
1786982936.770,55.2,0.000,0.903,0.819,0.6282,-0.1424,-3.18,-0.25077,0.175,0.180,0.000,-1.0000,-1.0000,TRACKING,R+C
1786982936.791,55.2,0.000,0.895,0.842,0.6677,-0.1385,-4.30,-0.36581,0.163,0.180,0.000,-1.0000,-1.0000,TRACKING,R+C
1786982936.809,55.2,0.000,0.895,0.824,0.5450,-0.1374,-4.84,-0.33178,0.167,0.180,0.000,-1.0000,-1.0000,TRACKING,R+C
1786982936.826,55.2,0.000,0.891,0.821,0.6302,-0.1359,-5.62,-0.41006,0.159,0.180,0.000,-1.0000,-1.0000,TRACKING,R+C
1786982936.856,55.2,0.000,0.894,0.820,0.5459,-0.1371,-5.88,-0.40481,0.160,0.180,0.000,-1.0000,-1.0000,TRACKING,R+C
1786982936.878,55.2,0.000,0.885,0.823,0.5438,-0.1432,-8.68,-0.60243,0.150,0.180,0.000,-1.0000,-1.0000,TRACKING,R+C
1786982936.905,55.2,0.000,0.882,0.825,0.6332,-0.1375,-6.75,-0.50644,0.150,0.180,0.000,-1.0000,-1.0000,TRACKING,R+C
1786982936.933,55.2,0.000,0.876,0.816,0.6151,-0.1377,-9.71,-0.72742,0.150,0.180,0.000,-1.0000,-1.0000,TRACKING,R+C
1786982936.952,55.2,0.000,0.870,0.822,0.5433,-0.1302,-10.44,-0.74801,0.150,0.180,0.000,-1.0000,-1.0000,TRACKING,R+C
1786982936.975,55.2,0.000,0.865,0.813,0.5261,-0.1204,-11.58,-0.86828,0.150,0.180,0.000,-1.0000,-1.0000,TRACKING,R+C
1786982936.992,55.2,0.000,0.865,0.813,0.5261,-0.0963,-9.26,-0.69462,0.150,0.180,0.000,-1.0000,-1.0000,TRACKING,prediction
1786982937.009,55.2,0.953,0.872,0.825,0.4482,-0.1016,-13.18,-1.01664,0.150,0.180,0.000,-1.0000,-1.0000,TRACKING,L+C+R_fused
1786982937.030,55.2,0.947,0.869,0.834,0.4783,-0.0973,-16.09,-1.25599,0.150,0.180,0.000,-0.9827,-1.0000,TRACKING,L+C+R_fused
1786982937.050,55.2,0.945,0.872,0.843,0.4939,-0.0885,-16.32,-1.34025,0.150,0.180,0.000,-0.9042,-0.9331,TRACKING,L+C+R_fused
1786982937.078,55.2,0.947,0.877,0.850,0.4907,-0.0836,-16.17,-1.34268,0.150,0.180,0.000,-0.8574,-0.8820,TRACKING,L+C+R_fused
1786982937.106,55.2,0.939,0.881,0.848,0.4983,-0.0817,-17.37,-1.43246,0.150,0.180,0.000,-0.8160,-0.8388,TRACKING,L+C+R_fused
1786982937.129,55.2,0.938,0.881,0.843,0.4683,-0.0710,-15.80,-1.44269,0.150,0.180,0.000,-0.7369,-0.7641,TRACKING,L+C+R_fused
1786982937.153,55.2,0.938,0.878,0.831,0.4826,-0.0646,-17.08,-1.54001,0.150,0.180,0.000,-0.6284,-0.6594,TRACKING,L+C+R_fused
1786982937.184,55.2,0.928,0.874,0.848,0.4969,-0.0486,-15.88,-1.60033,0.150,0.180,0.000,-0.4470,-0.4877,TRACKING,L+C+R_fused
1786982937.211,55.2,0.933,0.876,0.862,0.4973,-0.0414,-16.26,-1.62780,0.150,0.180,0.000,-0.3207,-0.3533,TRACKING,L+C+R_fused
1786982937.242,55.2,0.924,0.882,0.865,0.5103,-0.0270,-13.19,-1.54431,0.150,0.180,0.000,-0.1867,-0.2179,TRACKING,L+C+R_fused
1786982937.268,55.2,0.937,0.881,0.878,0.5057,-0.0243,-14.89,-1.70587,0.150,0.180,0.000,-0.1000,-0.1238,TRACKING,L+C+R_fused
1786982937.287,55.2,0.932,0.884,0.879,0.5000,-0.0196,-12.35,-1.63526,0.150,0.180,0.000,-0.1116,-0.1199,TRACKING,L+C+R_fused
1786982937.315,55.2,0.938,0.882,0.862,0.4987,-0.0099,-8.58,-1.46103,0.150,0.180,0.000,-0.0691,-0.0826,TRACKING,L+C+R_fused
1786982937.343,55.2,0.936,0.884,0.893,0.4885,-0.0035,-8.09,-1.56815,0.150,0.180,0.000,0.0038,-0.0150,TRACKING,L+C+R_fused
1786982937.369,55.2,0.933,0.883,0.845,0.4871,0.0008,-7.19,-1.55041,0.150,0.180,0.000,0.0451,0.0306,TRACKING,L+C+R_fused
1786982937.391,55.2,0.939,0.881,0.894,0.4847,0.0088,-4.99,-1.49682,0.150,0.180,0.000,0.1001,0.0844,TRACKING,L+C+R_fused
1786982937.420,55.2,0.954,0.879,0.903,0.4833,0.0034,-6.63,-1.57779,0.150,0.180,0.000,0.0619,0.0595,TRACKING,L+C+R_fused
1786982937.440,55.2,0.972,0.880,0.914,0.5009,0.0073,-2.81,-1.41586,0.150,0.180,0.000,-0.0060,-0.0029,TRACKING,L+C+R_fused
1786982937.462,55.2,0.000,0.879,0.908,0.4939,0.0055,-3.27,-1.53988,0.150,0.180,0.000,-0.0421,-0.0439,TRACKING,R+C
1786982937.486,55.2,0.000,0.876,0.920,0.5019,0.0026,-3.28,-1.61088,0.150,0.180,0.000,-0.1048,-0.1044,TRACKING,R+C
1786982937.514,55.2,0.000,0.880,0.919,0.5069,0.0015,-2.21,-1.61598,0.150,0.180,0.000,-0.1717,-0.1714,TRACKING,R+C
1786982937.543,55.2,0.000,0.880,0.924,0.5128,0.0032,1.09,-1.42641,0.150,0.180,0.000,-0.2514,-0.2500,TRACKING,R+C
1786982937.559,55.2,0.000,0.883,0.929,0.5195,0.0004,0.96,-1.50820,0.150,0.180,0.000,-0.3070,-0.3101,TRACKING,R+C
1786982937.575,43.7,0.000,0.880,0.926,0.5284,-0.0047,1.02,-1.54921,0.150,0.180,0.000,-0.4001,-0.3996,TRACKING,R+C
1786982937.590,43.7,0.000,0.881,0.920,0.5382,-0.0043,4.16,-1.35304,0.150,0.180,0.000,-0.4878,-0.4885,TRACKING,R+C
1786982937.605,43.7,0.000,0.880,0.918,0.5431,-0.0074,2.78,-1.56629,0.150,0.180,0.000,-0.5138,-0.5249,TRACKING,R+C
1786982937.625,43.7,0.000,0.879,0.918,0.5505,-0.0118,3.01,-1.54676,0.150,0.180,0.000,-0.5846,-0.5915,TRACKING,R+C
1786982937.639,43.7,0.000,0.881,0.918,0.5557,-0.0106,3.93,-1.53724,0.150,0.180,0.000,-0.5997,-0.6147,TRACKING,R+C
1786982937.656,43.7,0.000,0.881,0.914,0.5474,-0.0053,7.17,-1.25755,0.150,0.180,0.000,-0.6015,-0.6192,TRACKING,R+C
1786982937.673,43.7,0.000,0.885,0.922,0.5563,-0.0051,5.88,-1.36113,0.150,0.180,0.000,-0.5676,-0.5907,TRACKING,R+C
1786982937.692,43.7,0.000,0.881,0.916,0.5522,0.0006,6.91,-1.37278,0.150,0.180,0.000,-0.5243,-0.5495,TRACKING,R+C
1786982937.711,43.7,0.000,0.877,0.915,0.5547,-0.0040,3.78,-1.61106,0.150,0.180,0.000,-0.5092,-0.5305,TRACKING,R+C
1786982937.727,43.7,0.000,0.875,0.912,0.5574,-0.0033,6.93,-1.35726,0.150,0.180,0.000,-0.5797,-0.5884,TRACKING,R+C
1786982937.741,43.7,0.000,0.878,0.878,0.4602,-0.0081,6.94,-1.37031,0.150,0.180,0.000,-0.6490,-0.6571,TRACKING,R+C
1786982937.764,43.7,0.000,0.877,0.913,0.5672,-0.0087,8.42,-1.28414,0.150,0.180,0.000,-0.6960,-0.7080,TRACKING,R+C
1786982937.784,43.7,0.000,0.880,0.917,0.5678,-0.0085,7.93,-1.34316,0.150,0.180,0.000,-0.6852,-0.7063,TRACKING,R+C
1786982937.800,43.7,0.000,0.876,0.912,0.5671,-0.0065,9.24,-1.17651,0.150,0.180,0.000,-0.6811,-0.7020,TRACKING,R+C
1786982937.815,43.7,0.000,0.879,0.914,0.5741,-0.0087,10.15,-1.10771,0.150,0.180,0.000,-0.7304,-0.7441,TRACKING,R+C
1786982937.841,43.7,0.000,0.875,0.883,0.5522,-0.0092,10.12,-1.12855,0.150,0.180,0.000,-0.7388,-0.7577,TRACKING,R+C
1786982937.856,43.7,0.000,0.871,0.887,0.5566,-0.0134,12.36,-0.92243,0.150,0.180,0.000,-0.8321,-0.8405,TRACKING,R+C
1786982937.870,43.7,0.000,0.874,0.896,0.5836,-0.0249,11.27,-1.00229,0.150,0.180,0.000,-0.9290,-0.9372,TRACKING,R+C
1786982937.888,43.7,0.000,0.879,0.901,0.5622,-0.0312,9.69,-1.15685,0.150,0.180,0.000,-0.9639,-0.9821,TRACKING,R+C
1786982937.902,43.7,0.000,0.877,0.901,0.5609,-0.0320,12.16,-0.94814,0.150,0.180,0.000,-1.0000,-1.0000,TRACKING,R+C
1786982937.916,43.7,0.000,0.882,0.890,0.5420,-0.0344,11.91,-0.94730,0.150,0.180,0.000,-1.0000,-1.0000,TRACKING,R+C
1786982937.932,43.7,0.000,0.880,0.904,0.5746,-0.0348,11.43,-1.00133,0.150,0.180,0.000,-1.0000,-1.0000,TRACKING,R+C
1786982937.950,43.7,0.000,0.878,0.904,0.5764,-0.0380,9.04,-1.17079,0.150,0.180,0.000,-1.0000,-1.0000,TRACKING,R+C
1786982937.964,43.7,0.000,0.880,0.885,0.5488,-0.0378,10.92,-0.95820,0.150,0.180,0.000,-1.0000,-1.0000,TRACKING,R+C
1786982937.981,43.7,0.000,0.877,0.899,0.5962,-0.0396,11.15,-0.91841,0.150,0.700,0.000,-1.0000,-1.0000,TRACKING,R+C
1786982938.008,43.7,0.000,0.883,0.907,0.5994,-0.0415,10.29,-1.03995,0.150,0.700,0.000,-1.0000,-0.7184,TRACKING,R+C
1786982938.024,43.7,0.000,0.887,0.895,0.5822,-0.0366,11.39,-0.95807,0.150,0.700,0.000,-1.0000,-0.6734,TRACKING,R+C
1786982938.039,43.7,0.000,0.886,0.890,0.5238,-0.0402,8.58,-1.17742,0.150,0.700,0.000,-1.0000,-0.6666,TRACKING,R+C
1786982938.067,43.7,0.000,0.886,0.890,0.5238,-0.0321,6.87,-0.94193,0.150,0.700,0.000,-1.0000,-0.6656,TRACKING,prediction
1786982938.087,43.7,0.000,0.886,0.890,0.5238,-0.0257,5.49,-0.75355,0.150,0.700,0.000,-1.0000,-0.6655,TRACKING,prediction
1786982938.112,43.7,0.000,0.888,0.896,0.5889,-0.0478,8.46,-1.08114,0.150,0.700,0.000,-1.0000,-0.6659,TRACKING,R+C
1786982938.134,43.7,0.000,0.888,0.896,0.5889,-0.0383,6.77,-0.86491,0.150,0.700,0.000,-1.0000,-0.6659,TRACKING,prediction
1786982938.151,43.7,0.000,0.894,0.890,0.5214,-0.0612,8.96,-0.98171,0.150,0.700,0.000,-1.0000,-0.6673,TRACKING,R+C
1786982938.165,43.7,0.000,0.892,0.893,0.5569,-0.0668,7.40,-1.13842,0.150,0.700,0.000,-1.0000,-0.6679,TRACKING,R+C
1786982938.181,43.7,0.000,0.900,0.906,0.6036,-0.0716,6.90,-1.12548,0.150,0.700,0.000,-1.0000,-0.6682,TRACKING,R+C
1786982938.197,43.7,0.000,0.900,0.906,0.6036,-0.0573,5.52,-0.90039,0.150,0.700,0.000,-1.0000,-0.6682,TRACKING,prediction
1786982938.228,43.7,0.000,0.908,0.895,0.5789,-0.0709,9.10,-0.91426,0.150,0.700,0.000,-1.0000,-0.6683,TRACKING,R+C
1786982938.249,43.7,0.000,0.912,0.895,0.5664,-0.0708,9.87,-0.85144,0.150,0.700,0.000,-1.0000,-0.6684,TRACKING,R+C
1786982938.263,43.7,0.000,0.922,0.895,0.5817,-0.0748,9.18,-0.86344,0.150,0.700,0.000,-1.0000,-0.6686,TRACKING,R+C
1786982938.275,43.7,0.000,0.919,0.888,0.5294,-0.0752,8.67,-0.87053,0.150,0.700,0.000,-1.0000,-0.6683,TRACKING,R+C
1786982938.308,43.7,0.000,0.917,0.894,0.5306,-0.0727,8.08,-0.89645,0.150,0.180,0.000,-1.0000,-0.6678,TRACKING,R+C
1786982938.323,43.7,0.000,0.915,0.903,0.5907,-0.0684,9.20,-0.76869,0.150,0.180,0.000,-1.0000,-0.9776,TRACKING,R+C
1786982938.352,43.7,0.000,0.924,0.906,0.5849,-0.0666,8.68,-0.76965,0.150,0.180,0.000,-1.0000,-1.0000,TRACKING,R+C
1786982938.367,43.7,0.000,0.926,0.899,0.5651,-0.0634,8.84,-0.72308,0.150,0.180,0.000,-1.0000,-1.0000,TRACKING,R+C
1786982938.383,43.7,0.000,0.925,0.900,0.5659,-0.0621,8.45,-0.71572,0.150,0.180,0.000,-1.0000,-1.0000,TRACKING,R+C
1786982938.400,43.7,0.000,0.930,0.905,0.5746,-0.0602,9.30,-0.64039,0.150,0.180,0.000,-1.0000,-1.0000,TRACKING,R+C
1786982938.416,43.7,0.000,0.930,0.903,0.5765,-0.0613,9.61,-0.59943,0.150,0.180,0.000,-1.0000,-1.0000,TRACKING,R+C
1786982938.430,43.7,0.000,0.933,0.901,0.5642,-0.0646,8.84,-0.62699,0.150,0.180,0.000,-1.0000,-1.0000,TRACKING,R+C
1786982938.457,43.7,0.000,0.930,0.896,0.5332,-0.0678,7.83,-0.70095,0.150,0.180,0.000,-1.0000,-1.0000,TRACKING,R+C
1786982938.473,43.7,0.000,0.928,0.907,0.5727,-0.0683,8.39,-0.64988,0.150,0.180,0.000,-1.0000,-1.0000,TRACKING,R+C
1786982938.487,43.7,0.000,0.927,0.905,0.5335,-0.0704,7.88,-0.69533,0.150,0.180,0.000,-1.0000,-1.0000,TRACKING,R+C
1786982938.506,43.7,0.000,0.933,0.904,0.5732,-0.0755,7.93,-0.63923,0.150,0.180,0.000,-1.0000,-1.0000,TRACKING,R+C
1786982938.520,43.7,0.000,0.933,0.910,0.5726,-0.0807,7.72,-0.63358,0.150,0.180,0.000,-1.0000,-1.0000,TRACKING,R+C
1786982938.537,43.7,0.000,0.934,0.905,0.5678,-0.0860,6.43,-0.73007,0.150,0.180,0.000,-1.0000,-1.0000,TRACKING,R+C
1786982938.553,43.7,0.000,0.935,0.907,0.5713,-0.0848,7.31,-0.65450,0.150,0.180,0.000,-1.0000,-1.0000,TRACKING,R+C
1786982938.568,43.7,0.000,0.934,0.906,0.5697,-0.0831,6.75,-0.68309,0.150,0.180,0.000,-1.0000,-1.0000,TRACKING,R+C
1786982938.583,55.5,0.000,0.930,0.906,0.5645,-0.0811,5.71,-0.73322,0.150,0.180,0.000,-1.0000,-1.0000,TRACKING,R+C
1786982938.600,55.5,0.000,0.928,0.909,0.5630,-0.0770,5.45,-0.73709,0.150,0.180,0.000,-1.0000,-1.0000,TRACKING,R+C
1786982938.617,55.5,0.000,0.928,0.910,0.5591,-0.0732,5.54,-0.70578,0.150,0.180,0.000,-1.0000,-1.0000,TRACKING,R+C
1786982938.632,55.5,0.000,0.924,0.909,0.5540,-0.0685,5.41,-0.71529,0.150,0.180,0.000,-1.0000,-1.0000,TRACKING,R+C
1786982938.649,55.5,0.000,0.925,0.913,0.5477,-0.0646,4.50,-0.75801,0.150,0.180,0.000,-1.0000,-1.0000,TRACKING,R+C
1786982938.673,55.5,0.000,0.923,0.910,0.5236,-0.0610,3.89,-0.76773,0.150,0.180,0.000,-1.0000,-1.0000,TRACKING,R+C
1786982938.690,55.5,0.000,0.920,0.918,0.5348,-0.0551,3.74,-0.74564,0.150,0.180,0.000,-0.9989,-1.0000,TRACKING,R+C
1786982938.705,55.5,0.000,0.920,0.916,0.5315,-0.0499,3.39,-0.74847,0.150,0.180,0.000,-0.9442,-0.9727,TRACKING,R+C
1786982938.731,55.5,0.000,0.922,0.919,0.5267,-0.0429,3.66,-0.74045,0.150,0.180,0.000,-0.8811,-0.9107,TRACKING,R+C
1786982938.749,55.5,0.000,0.926,0.923,0.5259,-0.0382,4.18,-0.67939,0.150,0.180,0.000,-0.8386,-0.8645,TRACKING,R+C
1786982938.764,55.5,0.000,0.929,0.924,0.5311,-0.0380,4.27,-0.67389,0.150,0.180,0.000,-0.8383,-0.8575,TRACKING,R+C
1786982938.784,55.5,0.000,0.926,0.920,0.5342,-0.0388,4.59,-0.62807,0.150,0.180,0.000,-0.8512,-0.8674,TRACKING,R+C
1786982938.801,55.5,0.000,0.929,0.918,0.5361,-0.0404,4.09,-0.67854,0.150,0.180,0.000,-0.8597,-0.8764,TRACKING,R+C
1786982938.816,55.5,0.000,0.927,0.920,0.5342,-0.0398,3.51,-0.71804,0.150,0.180,0.000,-0.8424,-0.8627,TRACKING,R+C
1786982938.835,55.5,0.969,0.921,0.920,0.4850,-0.0333,4.41,-0.64545,0.150,0.180,0.000,-0.7862,-0.8118,TRACKING,L+C+R_fused
1786982938.865,55.5,0.963,0.925,0.925,0.5119,-0.0288,4.70,-0.61905,0.150,0.180,0.000,-0.7375,-0.7620,TRACKING,L+C+R_fused
1786982938.880,55.5,0.962,0.924,0.920,0.5235,-0.0268,3.97,-0.66124,0.150,0.180,0.000,-0.6944,-0.7172,TRACKING,L+C+R_fused
1786982938.905,55.5,0.962,0.923,0.922,0.5338,-0.0284,3.22,-0.71482,0.150,0.180,0.000,-0.6988,-0.7145,TRACKING,L+C+R_fused
1786982938.919,55.5,0.964,0.925,0.924,0.5243,-0.0275,4.43,-0.63105,0.150,0.180,0.000,-0.7153,-0.7283,TRACKING,L+C+R_fused
1786982938.938,55.5,0.967,0.923,0.920,0.5099,-0.0279,4.69,-0.60279,0.150,0.180,0.000,-0.7250,-0.7387,TRACKING,L+C+R_fused
1786982938.966,55.5,0.965,0.920,0.924,0.5206,-0.0255,4.10,-0.66254,0.150,0.180,0.000,-0.6834,-0.7043,TRACKING,L+C+R_fused
1786982938.982,55.5,0.964,0.915,0.921,0.5200,-0.0198,3.15,-0.74299,0.150,0.180,0.000,-0.5841,-0.6134,TRACKING,L+C+R_fused
1786982939.009,55.5,0.961,0.918,0.917,0.5212,-0.0104,4.79,-0.60058,0.150,0.180,0.000,-0.4851,-0.5141,TRACKING,L+C+R_fused
1786982939.027,55.5,0.959,0.920,0.919,0.5175,-0.0064,3.24,-0.72489,0.150,0.180,0.000,-0.3813,-0.4100,TRACKING,L+C+R_fused
1786982939.057,55.5,0.960,0.919,0.916,0.5071,0.0003,4.94,-0.60258,0.150,0.180,0.000,-0.3210,-0.3424,TRACKING,L+C+R_fused
1786982939.083,55.5,0.960,0.923,0.918,0.5086,-0.0012,3.28,-0.74571,0.150,0.180,0.000,-0.2996,-0.3141,TRACKING,L+C+R_fused
1786982939.116,55.5,0.960,0.921,0.919,0.5060,-0.0003,3.81,-0.74389,0.150,0.180,0.000,-0.3072,-0.3166,TRACKING,L+C+R_fused
1786982939.132,55.5,0.960,0.919,0.920,0.5037,0.0002,4.28,-0.71493,0.150,0.180,0.000,-0.3144,-0.3232,TRACKING,L+C+R_fused
1786982939.153,55.5,0.960,0.917,0.920,0.4989,0.0009,3.22,-0.81477,0.150,0.180,0.000,-0.2745,-0.2900,TRACKING,L+C+R_fused
1786982939.175,55.5,0.961,0.917,0.920,0.4938,0.0050,3.17,-0.86379,0.150,0.180,0.000,-0.2101,-0.2297,TRACKING,L+C+R_fused
1786982939.192,55.5,0.957,0.917,0.922,0.4905,0.0082,3.77,-0.82453,0.150,0.180,0.000,-0.1752,-0.1907,TRACKING,L+C+R_fused
1786982939.208,55.5,0.960,0.915,0.923,0.4875,0.0077,4.45,-0.79153,0.150,0.180,0.000,-0.2080,-0.2133,TRACKING,L+C+R_fused
1786982939.225,55.5,0.960,0.918,0.924,0.4893,0.0041,3.37,-0.91257,0.150,0.180,0.000,-0.2434,-0.2475,TRACKING,L+C+R_fused
1786982939.241,55.5,0.961,0.917,0.923,0.4947,0.0023,3.98,-0.90196,0.150,0.180,0.000,-0.2984,-0.3001,TRACKING,L+C+R_fused
1786982939.266,55.5,0.959,0.917,0.917,0.4930,-0.0012,3.16,-1.00916,0.150,0.180,0.000,-0.3409,-0.3448,TRACKING,L+C+R_fused
1786982939.285,55.5,0.963,0.914,0.922,0.4781,-0.0021,3.26,-0.98446,0.150,0.180,0.000,-0.3559,-0.3642,TRACKING,L+C+R_fused
1786982939.315,55.5,0.961,0.919,0.917,0.4887,-0.0010,2.79,-1.04533,0.150,0.180,0.000,-0.3283,-0.3435,TRACKING,L+C+R_fused
1786982939.342,55.5,0.961,0.919,0.916,0.4945,-0.0005,3.38,-0.97562,0.150,0.180,0.000,-0.3327,-0.3441,TRACKING,L+C+R_fused
1786982939.369,55.5,0.962,0.912,0.918,0.4845,-0.0007,4.13,-0.94576,0.150,0.180,0.000,-0.3619,-0.3694,TRACKING,L+C+R_fused
1786982939.385,55.5,0.825,0.915,0.913,0.4527,-0.0054,3.64,-0.99607,0.150,0.180,0.000,-0.4264,-0.4290,TRACKING,L+C+R_fused
1786982939.414,55.5,0.000,0.919,0.916,0.5052,-0.0099,3.92,-0.96248,0.150,0.180,0.000,-0.5018,-0.5029,TRACKING,R+C
1786982939.437,55.5,0.000,0.915,0.918,0.5102,-0.0118,5.18,-0.84052,0.150,0.180,0.000,-0.5580,-0.5622,TRACKING,R+C
1786982939.454,55.5,0.000,0.919,0.914,0.5073,-0.0126,4.06,-0.99016,0.150,0.180,0.000,-0.5505,-0.5649,TRACKING,R+C
1786982939.469,55.5,0.000,0.912,0.916,0.5092,-0.0115,4.22,-0.94104,0.150,0.180,0.000,-0.5338,-0.5506,TRACKING,R+C
1786982939.485,55.5,0.000,0.914,0.919,0.5051,-0.0049,3.12,-1.05674,0.150,0.180,0.000,-0.4068,-0.4391,TRACKING,R+C
1786982939.500,55.5,0.000,0.904,0.918,0.4979,0.0012,2.51,-1.12695,0.150,0.180,0.000,-0.2938,-0.3253,TRACKING,R+C
1786982939.515,55.5,0.977,0.906,0.920,0.4789,0.0098,5.06,-0.86393,0.150,0.180,0.000,-0.2108,-0.2361,TRACKING,L+C+R_fused
1786982939.534,55.5,0.971,0.908,0.917,0.4811,0.0144,3.75,-1.03622,0.150,0.180,0.000,-0.1043,-0.1316,TRACKING,L+C+R_fused
1786982939.558,55.5,0.970,0.910,0.922,0.4809,0.0180,4.89,-0.91471,0.150,0.180,0.000,-0.0694,-0.0858,TRACKING,L+C+R_fused
1786982939.573,55.5,0.974,0.910,0.921,0.4921,0.0165,4.15,-0.97597,0.150,0.180,0.000,-0.0735,-0.0826,TRACKING,L+C+R_fused
1786982939.589,49.7,0.849,0.911,0.918,0.4638,0.0204,5.70,-0.88889,0.150,0.180,0.000,-0.0590,-0.0696,TRACKING,L+C+R_fused
1786982939.619,49.7,0.948,0.906,0.924,0.4737,0.0187,3.25,-1.06124,0.150,0.180,0.000,-0.0094,-0.0250,TRACKING,L+C+R_fused
1786982939.634,49.7,0.971,0.902,0.924,0.4856,0.0257,3.61,-1.08383,0.150,0.180,0.000,0.0951,0.0714,TRACKING,L+C+R_fused
1786982939.657,49.7,0.958,0.903,0.928,0.4927,0.0348,5.00,-0.96632,0.150,0.180,0.000,0.2123,0.1869,TRACKING,L+C+R_fused
1786982939.680,49.7,0.956,0.901,0.926,0.4979,0.0390,3.68,-1.10946,0.150,0.180,0.000,0.3163,0.2934,TRACKING,L+C+R_fused
1786982939.712,49.7,0.956,0.906,0.927,0.4991,0.0436,4.04,-1.10452,0.150,0.180,0.000,0.3775,0.3620,TRACKING,L+C+R_fused
1786982939.741,49.7,0.958,0.897,0.916,0.4945,0.0466,6.10,-0.94042,0.150,0.180,0.000,0.3674,0.3637,TRACKING,L+C+R_fused
1786982939.757,49.7,0.963,0.897,0.919,0.4930,0.0435,4.00,-1.21177,0.150,0.180,0.000,0.3592,0.3559,TRACKING,L+C+R_fused
1786982939.789,49.7,0.909,0.899,0.918,0.4696,0.0371,2.57,-1.34239,0.150,0.700,0.000,0.2907,0.2955,TRACKING,L+C+R_fused
1786982939.808,49.7,0.000,0.893,0.912,0.4701,0.0367,4.93,-1.15446,0.150,0.700,0.000,0.2139,0.1597,TRACKING,R+C
1786982939.823,49.7,0.000,0.896,0.917,0.4764,0.0359,6.80,-1.03492,0.150,0.700,0.000,0.1380,0.0965,TRACKING,R+C
1786982939.839,49.7,0.000,0.897,0.913,0.4780,0.0326,6.46,-1.14669,0.150,0.700,0.000,0.0744,0.0513,TRACKING,R+C
1786982939.855,49.7,0.000,0.892,0.912,0.4948,0.0230,3.85,-1.41206,0.150,0.700,0.000,-0.0250,-0.0114,TRACKING,R+C
1786982939.867,49.7,0.000,0.894,0.909,0.5018,0.0207,4.96,-1.36131,0.150,0.700,0.000,-0.1086,-0.0675,TRACKING,R+C
1786982939.886,49.7,0.000,0.892,0.897,0.5035,0.0167,5.33,-1.37151,0.150,0.180,0.000,-0.1959,-0.1248,TRACKING,R+C
1786982939.900,49.7,0.000,0.895,0.907,0.5234,0.0104,3.56,-1.58201,0.150,0.180,0.000,-0.2638,-0.2563,TRACKING,R+C
1786982939.925,49.7,0.000,0.881,0.905,0.5225,0.0135,8.40,-1.09876,0.150,0.180,0.000,-0.3392,-0.3390,TRACKING,R+C
1786982939.937,49.7,0.000,0.894,0.902,0.5271,0.0068,4.91,-1.45321,0.150,0.180,0.000,-0.3596,-0.3697,TRACKING,R+C
1786982939.957,49.7,0.000,0.895,0.902,0.5339,0.0131,7.63,-1.27713,0.150,0.180,0.000,-0.3430,-0.3599,TRACKING,R+C
1786982939.971,49.7,0.000,0.896,0.898,0.5337,0.0164,8.06,-1.29550,0.150,0.180,0.000,-0.3110,-0.3311,TRACKING,R+C
1786982939.991,49.7,0.000,0.892,0.897,0.5139,0.0181,8.98,-1.15696,0.150,0.180,0.000,-0.2980,-0.3152,TRACKING,R+C
1786982940.018,49.7,0.000,0.889,0.894,0.5087,0.0206,9.43,-1.11318,0.150,0.180,0.000,-0.2686,-0.2874,TRACKING,R+C
1786982940.033,49.7,0.000,0.887,0.898,0.5060,0.0147,6.28,-1.44469,0.150,0.180,0.000,-0.2868,-0.2998,TRACKING,R+C
1786982940.049,49.7,0.000,0.887,0.900,0.5425,0.0139,9.31,-1.20079,0.150,0.180,0.000,-0.3899,-0.3903,TRACKING,R+C
1786982940.064,49.7,0.000,0.886,0.898,0.5526,0.0098,9.37,-1.29790,0.150,0.180,0.000,-0.4732,-0.4762,TRACKING,R+C
1786982940.080,49.7,0.000,0.882,0.896,0.5583,-0.0001,5.96,-1.72340,0.150,0.180,0.000,-0.5529,-0.5590,TRACKING,R+C
1786982940.096,49.7,0.000,0.882,0.898,0.5709,0.0006,10.32,-1.31116,0.150,0.180,0.000,-0.6450,-0.6501,TRACKING,R+C
1786982940.111,49.7,0.000,0.885,0.896,0.5719,-0.0018,8.42,-1.53333,0.150,0.180,0.000,-0.6405,-0.6603,TRACKING,R+C
1786982940.129,49.7,0.000,0.886,0.893,0.5745,-0.0027,6.18,-1.79428,0.150,0.180,0.000,-0.6092,-0.6353,TRACKING,R+C
1786982940.157,49.7,0.000,0.879,0.895,0.5614,0.0025,7.25,-1.68628,0.150,0.180,0.000,-0.5597,-0.5885,TRACKING,R+C
1786982940.176,49.7,0.000,0.855,0.894,0.5679,0.0089,11.44,-1.17226,0.150,0.180,0.000,-0.5503,-0.5721,TRACKING,R+C
1786982940.200,49.7,0.000,0.868,0.897,0.5656,0.0146,13.82,-1.07644,0.150,0.180,0.000,-0.5484,-0.5687,TRACKING,R+C
1786982940.217,49.7,0.000,0.861,0.900,0.5730,0.0126,11.22,-1.50551,0.150,0.180,0.000,-0.5412,-0.5634,TRACKING,R+C
1786982940.231,49.7,0.000,0.858,0.901,0.5730,0.0026,5.70,-2.10898,0.150,0.180,0.000,-0.5626,-0.5823,TRACKING,R+C
1786982940.248,49.7,0.000,0.859,0.900,0.5754,0.0044,8.60,-1.83625,0.150,0.180,0.000,-0.6064,-0.6223,TRACKING,R+C
1786982940.262,49.7,0.000,0.853,0.895,0.5801,0.0090,12.61,-1.48164,0.150,0.180,0.000,-0.6438,-0.6604,TRACKING,R+C
1786982940.287,49.7,0.000,0.861,0.900,0.5809,0.0033,6.96,-2.12143,0.150,0.180,0.000,-0.6022,-0.6314,TRACKING,R+C
1786982940.302,49.7,0.000,0.873,0.899,0.5809,0.0057,7.70,-2.05630,0.150,0.180,0.000,-0.5867,-0.6135,TRACKING,R+C
1786982940.323,49.7,0.000,0.873,0.899,0.5809,0.0046,6.16,-1.64504,0.150,0.180,0.000,-0.5867,-0.6108,TRACKING,prediction
1786982940.351,49.7,0.000,0.873,0.899,0.5809,0.0037,4.93,-1.31603,0.150,0.180,0.000,-0.5867,-0.6104,TRACKING,prediction
1786982940.368,49.7,0.000,0.873,0.899,0.5809,0.0029,3.94,-1.05282,0.150,0.180,0.000,-0.5867,-0.6104,TRACKING,prediction
1786982940.381,49.7,0.000,0.881,0.887,0.5632,-0.0170,15.54,-1.21718,0.150,0.180,0.000,-0.9888,-0.9583,TRACKING,R+C
1786982940.397,49.7,0.000,0.886,0.888,0.5802,-0.0245,16.84,-1.06352,0.150,0.180,0.000,-1.0000,-1.0000,TRACKING,R+C
1786982940.413,49.7,0.000,0.886,0.888,0.5802,-0.0196,13.47,-0.85082,0.150,0.180,0.000,-1.0000,-1.0000,TRACKING,prediction
1786982940.436,49.7,0.000,0.889,0.881,0.6064,-0.0250,23.30,-0.49618,0.150,0.180,0.000,-1.0000,-1.0000,TRACKING,R+C
1786982940.457,49.7,0.000,0.889,0.881,0.6064,-0.0200,18.64,-0.39695,0.150,0.180,0.000,-1.0000,-1.0000,TRACKING,prediction
1786982940.475,49.7,0.000,0.891,0.904,0.6669,-0.0265,24.41,-0.30661,0.169,0.180,0.000,-1.0000,-1.0000,TRACKING,R+C
1786982940.494,49.7,0.000,0.893,0.901,0.6634,-0.0287,23.98,-0.26025,0.174,0.180,0.000,-0.9928,-1.0000,TRACKING,R+C
1786982940.512,49.7,0.000,0.889,0.880,0.6009,-0.0216,26.54,-0.07058,0.193,0.180,0.000,-0.9974,-1.0000,TRACKING,R+C
1786982940.526,49.7,0.000,0.894,0.883,0.6178,-0.0255,26.63,0.02431,0.198,0.700,0.000,-0.9772,-1.0000,TRACKING,R+C
1786982940.542,49.7,0.000,0.896,0.879,0.5933,-0.0313,24.89,-0.01685,0.198,0.700,0.000,-0.9711,-0.7015,TRACKING,R+C
1786982940.559,49.7,0.000,0.896,0.879,0.5933,-0.0251,19.91,-0.01348,0.198,0.700,0.000,-0.9711,-0.6571,TRACKING,prediction
1786982940.582,49.7,0.000,0.899,0.885,0.5979,-0.0356,24.87,0.09944,0.190,0.700,0.000,-1.0000,-0.6661,TRACKING,R+C
1786982940.607,52.0,0.000,0.900,0.884,0.6300,-0.0476,22.32,0.03216,0.197,0.700,0.000,-1.0000,-0.6679,TRACKING,R+C
1786982940.624,52.0,0.000,0.900,0.884,0.6300,-0.0381,17.85,0.02573,0.197,0.700,0.000,-1.0000,-0.6681,TRACKING,prediction
1786982940.642,52.0,0.000,0.900,0.884,0.6300,-0.0304,14.28,0.02058,0.197,0.700,0.000,-1.0000,-0.6681,TRACKING,prediction
1786982940.657,52.0,0.000,0.907,0.868,0.6316,-0.0767,19.88,0.01360,0.199,0.700,0.000,-1.0000,-0.6704,TRACKING,R+C
1786982940.682,52.0,0.000,0.907,0.868,0.6316,-0.0614,15.91,0.01088,0.199,0.700,0.000,-1.0000,-0.6704,TRACKING,prediction
1786982940.699,52.0,0.000,0.907,0.868,0.6316,-0.0491,12.73,0.00870,0.199,0.700,0.000,-1.0000,-0.6704,TRACKING,prediction
1786982940.717,52.0,0.000,0.907,0.868,0.6316,-0.0393,10.18,0.00696,0.199,0.700,0.000,-1.0000,-0.6704,TRACKING,prediction
1786982940.747,52.0,0.000,0.907,0.868,0.6316,-0.0314,8.14,0.00557,0.199,0.700,0.000,-1.0000,-0.6704,TRACKING,prediction
1786982940.778,52.0,0.000,0.907,0.868,0.6316,-0.0251,6.52,0.00446,0.199,0.700,0.000,-1.0000,-0.6704,TRACKING,prediction
1786982940.797,52.0,0.000,0.907,0.868,0.6316,-0.0201,5.21,0.00356,0.199,0.700,0.000,-1.0000,-0.6704,TRACKING,prediction
1786982940.821,52.0,0.000,0.907,0.868,0.6316,-0.0161,4.17,0.00285,0.199,0.700,0.000,-1.0000,-0.6704,TRACKING,prediction
1786982940.852,52.0,0.000,0.907,0.868,0.6316,-0.0129,3.34,0.00228,0.199,0.700,0.000,-1.0000,-0.6704,TRACKING,prediction
1786982940.870,52.0,0.000,0.907,0.868,0.6316,-0.0103,2.67,0.00182,0.199,0.700,0.000,-1.0000,-0.6704,TRACKING,prediction
1786982940.886,52.0,0.000,0.907,0.868,0.6316,-0.0082,2.13,0.00146,0.199,0.700,0.000,-1.0000,-0.6704,TRACKING,prediction
1786982940.916,52.0,0.000,0.907,0.868,0.6316,-0.0066,1.71,0.00117,0.199,0.700,0.000,-1.0000,-0.6704,TRACKING,prediction
1786982940.945,52.0,0.000,0.907,0.868,0.6316,-0.0053,1.37,0.00093,0.199,0.672,0.000,-1.0000,-0.6704,TRACKING,prediction
1786982940.973,52.0,0.000,0.907,0.868,0.6316,-0.0042,1.09,0.00075,0.199,0.638,0.000,-1.0000,-0.6875,TRACKING,prediction
1786982940.990,52.0,0.000,0.907,0.868,0.6316,-0.0034,0.87,0.00060,0.199,0.606,0.000,-1.0000,-0.7102,TRACKING,prediction
1786982941.005,52.0,0.000,0.905,0.833,0.5910,-0.0834,6.64,-0.10679,0.189,0.180,0.000,-0.9577,-0.7002,TRACKING,R+C
1786982941.021,52.0,0.000,0.903,0.843,0.5938,-0.0824,3.68,-0.30956,0.169,0.180,0.000,-1.0000,-0.9765,TRACKING,R+C
1786982941.042,52.0,0.000,0.902,0.901,0.5470,-0.0761,3.30,-0.30144,0.170,0.180,0.000,-0.9992,-1.0000,TRACKING,R+C
1786982941.061,52.0,0.000,0.902,0.905,0.5478,-0.0707,2.50,-0.31901,0.168,0.180,0.000,-0.9222,-0.9531,TRACKING,R+C
1786982941.078,52.0,0.645,0.898,0.920,0.4553,-0.0652,-0.29,-0.56964,0.150,0.180,0.000,-0.9822,-0.9935,TRACKING,L+C+R_fused
1786982941.100,52.0,0.966,0.897,0.919,0.4884,-0.0566,1.05,-0.38816,0.161,0.180,0.000,-0.8271,-0.8658,TRACKING,L+C+R_fused
1786982941.119,52.0,0.961,0.886,0.925,0.5005,-0.0528,-2.47,-0.72649,0.150,0.180,0.000,-0.8207,-0.8404,TRACKING,L+C+R_fused
1786982941.149,52.0,0.960,0.892,0.924,0.4840,-0.0471,-2.84,-0.72056,0.150,0.180,0.000,-0.7424,-0.7685,TRACKING,L+C+R_fused
1786982941.164,52.0,0.960,0.887,0.930,0.4894,-0.0437,-4.34,-0.87069,0.150,0.180,0.000,-0.6715,-0.6970,TRACKING,L+C+R_fused
1786982941.188,52.0,0.961,0.887,0.931,0.4971,-0.0383,-1.78,-0.64814,0.150,0.180,0.000,-0.6540,-0.6707,TRACKING,L+C+R_fused
1786982941.210,52.0,0.959,0.888,0.926,0.4976,-0.0415,-3.74,-0.80729,0.150,0.180,0.000,-0.6534,-0.6667,TRACKING,L+C+R_fused
1786982941.237,52.0,0.964,0.884,0.931,0.4718,-0.0452,-7.77,-1.18263,0.150,0.180,0.000,-0.6213,-0.6392,TRACKING,L+C+R_fused
1786982941.259,52.0,0.971,0.885,0.931,0.4686,-0.0421,-6.64,-1.11138,0.150,0.180,0.000,-0.6067,-0.6222,TRACKING,L+C+R_fused
1786982941.290,52.0,0.971,0.881,0.933,0.4685,-0.0376,-6.54,-1.10636,0.150,0.180,0.000,-0.5457,-0.5669,TRACKING,L+C+R_fused
1786982941.315,52.0,0.962,0.878,0.931,0.4767,-0.0266,-5.68,-1.09035,0.150,0.180,0.000,-0.4074,-0.4395,TRACKING,L+C+R_fused
1786982941.342,52.0,0.958,0.887,0.936,0.4840,-0.0248,-11.66,-1.61989,0.150,0.180,0.000,-0.2286,-0.2679,TRACKING,L+C+R_fused
1786982941.357,52.0,0.957,0.890,0.937,0.4877,-0.0128,-8.71,-1.43519,0.150,0.180,0.000,-0.1091,-0.1388,TRACKING,L+C+R_fused
1786982941.378,52.0,0.957,0.890,0.937,0.4861,-0.0070,-7.98,-1.40629,0.150,0.180,0.000,-0.0326,-0.0538,TRACKING,L+C+R_fused
1786982941.406,52.0,0.959,0.895,0.939,0.4887,-0.0085,-11.41,-1.71697,0.150,0.180,0.000,0.0296,0.0114,TRACKING,L+C+R_fused
1786982941.423,52.0,0.958,0.895,0.932,0.4871,-0.0011,-10.00,-1.71114,0.150,0.180,0.000,0.1008,0.0823,TRACKING,L+C+R_fused
1786982941.446,52.0,0.956,0.894,0.934,0.4942,0.0054,-10.66,-1.84777,0.150,0.180,0.000,0.2163,0.1918,TRACKING,L+C+R_fused
1786982941.463,52.0,0.956,0.894,0.940,0.4954,0.0185,-7.98,-1.76065,0.150,0.180,0.000,0.3446,0.3186,TRACKING,L+C+R_fused
1786982941.494,52.0,0.952,0.894,0.937,0.4978,0.0263,-8.17,-1.82492,0.150,0.180,0.000,0.4662,0.4420,TRACKING,L+C+R_fused
1786982941.524,52.0,0.950,0.894,0.940,0.4968,0.0368,-6.74,-1.79058,0.150,0.180,0.000,0.5752,0.5556,TRACKING,L+C+R_fused
1786982941.538,52.0,0.948,0.896,0.939,0.4998,0.0451,-6.03,-1.83940,0.150,0.180,0.000,0.6592,0.6437,TRACKING,L+C+R_fused
1786982941.553,52.0,0.949,0.897,0.938,0.4996,0.0528,-4.36,-1.81469,0.150,0.180,0.000,0.7089,0.6991,TRACKING,L+C+R_fused
1786982941.570,52.0,0.954,0.898,0.940,0.4958,0.0564,-2.43,-1.78132,0.150,0.180,0.000,0.6984,0.6985,TRACKING,L+C+R_fused
1786982941.590,52.0,0.955,0.895,0.940,0.4848,0.0554,-2.35,-1.82904,0.150,0.180,0.000,0.6772,0.6804,TRACKING,L+C+R_fused
1786982941.606,52.0,0.972,0.895,0.938,0.4897,0.0576,0.27,-1.72012,0.150,0.180,0.000,0.6337,0.6385,TRACKING,L+C+R_fused
1786982941.625,46.2,0.000,0.896,0.936,0.4586,0.0569,-0.32,-1.82259,0.150,0.180,0.000,0.6307,0.6295,TRACKING,R+C
1786982941.646,46.2,0.000,0.897,0.931,0.4692,0.0633,3.70,-1.53916,0.150,0.180,0.000,0.6177,0.6172,TRACKING,R+C
1786982941.660,46.2,0.000,0.898,0.930,0.4717,0.0660,4.53,-1.52207,0.150,0.700,0.000,0.6288,0.6248,TRACKING,R+C
1786982941.675,46.2,0.000,0.896,0.925,0.4739,0.0703,7.07,-1.35379,0.150,0.180,0.000,0.6208,0.4355,TRACKING,R+C
1786982941.691,46.2,0.000,0.897,0.926,0.4825,0.0678,6.34,-1.48980,0.150,0.180,0.000,0.5932,0.5659,TRACKING,R+C
1786982941.706,46.2,0.000,0.895,0.926,0.4837,0.0635,5.87,-1.59894,0.150,0.180,0.000,0.5319,0.5323,TRACKING,R+C
1786982941.721,46.2,0.000,0.887,0.923,0.5035,0.0626,8.35,-1.42923,0.150,0.180,0.000,0.4448,0.4522,TRACKING,R+C
1786982941.735,46.2,0.000,0.888,0.921,0.5145,0.0534,6.53,-1.60350,0.150,0.180,0.000,0.3460,0.3547,TRACKING,R+C
1786982941.749,46.2,0.000,0.888,0.921,0.5218,0.0493,9.49,-1.39491,0.150,0.180,0.000,0.1783,0.1957,TRACKING,R+C
1786982941.765,46.2,0.000,0.888,0.919,0.5372,0.0458,9.96,-1.39943,0.150,0.180,0.000,0.0943,0.0994,TRACKING,R+C
1786982941.781,46.2,0.000,0.886,0.916,0.5391,0.0393,9.54,-1.54193,0.150,0.180,0.000,-0.0284,-0.0213,TRACKING,R+C
1786982941.796,46.2,0.000,0.889,0.916,0.5600,0.0302,9.67,-1.53571,0.150,0.180,0.000,-0.1935,-0.1815,TRACKING,R+C
1786982941.812,46.2,0.000,0.890,0.907,0.5566,0.0260,11.72,-1.36089,0.150,0.180,0.000,-0.3278,-0.3209,TRACKING,R+C
1786982941.824,46.2,0.000,0.889,0.910,0.5615,0.0182,12.61,-1.28649,0.150,0.180,0.000,-0.4797,-0.4727,TRACKING,R+C
1786982941.839,46.2,0.000,0.887,0.911,0.5884,0.0106,13.36,-1.21569,0.150,0.180,0.000,-0.6097,-0.6075,TRACKING,R+C
1786982941.854,46.2,0.000,0.889,0.910,0.6072,0.0020,13.05,-1.29312,0.150,0.180,0.000,-0.7221,-0.7252,TRACKING,R+C
1786982941.870,46.2,0.000,0.894,0.910,0.6094,-0.0052,12.61,-1.33322,0.150,0.180,0.000,-0.7990,-0.8094,TRACKING,R+C
1786982941.885,46.2,0.000,0.896,0.901,0.5873,-0.0131,12.27,-1.35420,0.150,0.180,0.000,-0.8779,-0.8904,TRACKING,R+C
1786982941.900,46.2,0.000,0.898,0.893,0.5839,-0.0090,16.05,-1.02518,0.150,0.180,0.000,-0.9075,-0.9277,TRACKING,R+C
1786982941.917,46.2,0.000,0.901,0.897,0.6111,-0.0131,14.55,-1.11998,0.150,0.180,0.000,-0.9160,-0.9406,TRACKING,R+C
1786982941.931,46.2,0.000,0.900,0.897,0.5968,-0.0157,14.62,-1.07430,0.150,0.180,0.000,-0.9380,-0.9615,TRACKING,R+C
1786982941.946,46.2,0.000,0.900,0.898,0.5801,-0.0130,16.35,-0.94614,0.150,0.180,0.000,-0.9455,-0.9711,TRACKING,R+C
1786982941.965,46.2,0.000,0.896,0.893,0.6113,-0.0237,15.00,-1.00054,0.150,0.180,0.000,-1.0000,-1.0000,TRACKING,R+C
1786982941.979,46.2,0.000,0.896,0.892,0.6168,-0.0313,14.43,-1.06962,0.150,0.180,0.000,-1.0000,-1.0000,TRACKING,R+C
1786982941.996,46.2,0.000,0.898,0.890,0.5798,-0.0441,14.30,-1.07062,0.150,0.180,0.000,-1.0000,-1.0000,TRACKING,R+C
1786982942.012,46.2,0.000,0.898,0.891,0.5922,-0.0560,13.45,-1.12155,0.150,0.180,0.000,-1.0000,-1.0000,TRACKING,R+C
1786982942.028,46.2,0.000,0.907,0.886,0.6101,-0.0655,13.47,-1.11605,0.150,0.180,0.000,-1.0000,-1.0000,TRACKING,R+C
1786982942.041,46.2,0.000,0.909,0.883,0.6128,-0.0755,14.06,-1.04462,0.150,0.180,0.000,-1.0000,-1.0000,TRACKING,R+C
1786982942.059,46.2,0.000,0.906,0.890,0.6684,-0.0883,13.50,-1.07130,0.150,0.180,0.000,-1.0000,-1.0000,TRACKING,R+C
1786982942.087,46.2,0.000,0.911,0.887,0.6669,-0.0996,13.75,-0.96569,0.150,0.180,0.000,-1.0000,-1.0000,TRACKING,R+C
1786982942.103,46.2,0.000,0.915,0.886,0.6633,-0.1106,12.47,-1.06936,0.150,0.180,0.000,-1.0000,-1.0000,TRACKING,R+C
1786982942.117,46.2,0.000,0.922,0.887,0.6905,-0.1160,13.57,-0.93617,0.150,0.180,0.000,-1.0000,-1.0000,TRACKING,R+C
1786982942.132,46.2,0.000,0.926,0.882,0.5753,-0.1189,14.90,-0.76943,0.150,0.180,0.000,-1.0000,-1.0000,TRACKING,R+C
1786982942.147,46.2,0.000,0.928,0.891,0.6899,-0.1219,14.33,-0.78538,0.150,0.180,0.000,-1.0000,-1.0000,TRACKING,R+C
1786982942.162,46.2,0.000,0.924,0.893,0.6862,-0.1243,12.54,-0.91622,0.150,0.180,0.000,-1.0000,-1.0000,TRACKING,R+C
1786982942.179,46.2,0.000,0.926,0.892,0.6314,-0.1273,11.49,-0.94905,0.150,0.180,0.000,-1.0000,-1.0000,TRACKING,R+C
1786982942.194,46.2,0.000,0.925,0.884,0.5488,-0.1259,11.60,-0.92998,0.150,0.180,0.000,-1.0000,-1.0000,TRACKING,R+C
1786982942.205,46.2,0.000,0.926,0.886,0.5948,-0.1280,10.39,-0.97635,0.150,0.180,0.000,-1.0000,-1.0000,TRACKING,R+C
1786982942.229,46.2,0.000,0.924,0.885,0.6282,-0.1287,9.65,-1.00897,0.150,0.180,0.000,-1.0000,-1.0000,TRACKING,R+C
1786982942.246,46.2,0.000,0.928,0.890,0.5756,-0.1281,10.03,-0.89736,0.150,0.180,0.000,-1.0000,-1.0000,TRACKING,R+C
1786982942.264,46.2,0.000,0.932,0.896,0.6346,-0.1287,9.02,-0.93688,0.150,0.700,0.000,-1.0000,-1.0000,TRACKING,R+C
1786982942.291,46.2,0.000,0.937,0.898,0.5812,-0.1280,9.20,-0.85085,0.150,0.700,0.000,-1.0000,-0.7277,TRACKING,R+C
1786982942.305,46.2,0.000,0.926,0.898,0.5748,-0.1309,5.37,-1.21632,0.150,0.700,0.000,-1.0000,-0.6830,TRACKING,R+C
1786982942.321,46.2,0.000,0.942,0.899,0.6293,-0.1241,10.72,-0.57802,0.150,0.700,0.000,-1.0000,-0.6753,TRACKING,R+C
1786982942.336,46.2,0.000,0.936,0.898,0.6173,-0.1261,7.49,-0.90009,0.150,0.700,0.000,-1.0000,-0.6744,TRACKING,R+C
1786982942.351,46.2,0.000,0.941,0.904,0.6194,-0.1229,8.31,-0.78389,0.150,0.700,0.000,-1.0000,-0.6737,TRACKING,R+C
1786982942.366,46.2,0.000,0.940,0.904,0.5813,-0.1212,7.57,-0.80214,0.150,0.700,0.000,-1.0000,-0.6731,TRACKING,R+C
1786982942.390,46.2,0.000,0.944,0.906,0.5979,-0.1177,8.01,-0.71180,0.150,0.700,0.000,-1.0000,-0.6725,TRACKING,R+C
1786982942.418,46.2,0.000,0.945,0.906,0.5983,-0.1147,7.87,-0.68504,0.150,0.700,0.000,-1.0000,-0.6719,TRACKING,R+C
1786982942.434,46.2,0.000,0.944,0.903,0.5946,-0.1137,5.90,-0.81026,0.150,0.700,0.000,-1.0000,-0.6713,TRACKING,R+C
1786982942.451,46.2,0.000,0.942,0.910,0.5954,-0.1075,7.44,-0.65993,0.150,0.700,0.000,-1.0000,-0.6706,TRACKING,R+C
1786982942.466,46.2,0.000,0.941,0.913,0.5879,-0.1058,6.08,-0.74039,0.150,0.700,0.000,-1.0000,-0.6701,TRACKING,R+C
1786982942.480,46.2,0.000,0.945,0.907,0.5503,-0.1016,6.77,-0.62892,0.150,0.700,0.000,-1.0000,-0.6694,TRACKING,R+C
1786982942.498,46.2,0.000,0.944,0.905,0.5680,-0.0993,6.14,-0.68191,0.150,0.700,0.000,-1.0000,-0.6690,TRACKING,R+C
1786982942.514,46.2,0.000,0.943,0.908,0.5608,-0.0989,5.59,-0.68666,0.150,0.700,0.000,-1.0000,-0.6687,TRACKING,R+C
1786982942.532,46.2,0.000,0.943,0.912,0.5761,-0.0994,4.94,-0.74417,0.150,0.700,0.000,-1.0000,-0.6687,TRACKING,R+C
1786982942.555,46.2,0.000,0.943,0.905,0.5592,-0.1030,4.19,-0.78919,0.150,0.180,0.000,-1.0000,-0.6689,TRACKING,R+C
1786982942.572,46.2,0.000,0.945,0.911,0.5743,-0.1065,5.94,-0.58821,0.150,0.700,0.000,-1.0000,-0.9812,TRACKING,R+C
1786982942.599,46.2,0.000,0.936,0.912,0.5753,-0.1140,4.86,-0.71945,0.150,0.700,0.000,-1.0000,-0.7149,TRACKING,R+C
1786982942.617,46.2,0.000,0.936,0.909,0.5764,-0.1218,3.98,-0.79479,0.150,0.700,0.000,-1.0000,-0.6779,TRACKING,R+C
1786982942.632,59.6,0.000,0.941,0.908,0.5788,-0.1266,4.87,-0.71444,0.150,0.700,0.000,-1.0000,-0.6729,TRACKING,R+C
1786982942.654,59.6,0.000,0.942,0.908,0.5828,-0.1337,4.68,-0.70518,0.150,0.700,0.000,-1.0000,-0.6728,TRACKING,R+C
1786982942.669,59.6,0.000,0.946,0.908,0.5822,-0.1398,5.10,-0.64092,0.150,0.700,0.000,-1.0000,-0.6733,TRACKING,R+C
1786982942.686,59.6,0.000,0.946,0.905,0.5810,-0.1462,4.82,-0.65122,0.150,0.700,0.000,-1.0000,-0.6740,TRACKING,R+C
1786982942.699,59.6,0.000,0.942,0.904,0.5803,-0.1522,3.60,-0.74980,0.150,0.700,0.000,-1.0000,-0.6746,TRACKING,R+C
1786982942.715,59.6,0.000,0.940,0.913,0.5806,-0.1547,3.89,-0.70041,0.150,0.700,0.000,-1.0000,-0.6748,TRACKING,R+C
1786982942.730,59.6,0.000,0.939,0.905,0.5402,-0.1556,3.88,-0.68255,0.150,0.180,0.000,-1.0000,-0.6748,TRACKING,R+C
1786982942.749,59.6,0.000,0.941,0.906,0.5213,-0.1563,2.19,-0.79457,0.150,0.180,0.000,-1.0000,-0.9903,TRACKING,R+C
1786982942.772,59.6,0.000,0.937,0.910,0.5642,-0.1541,1.69,-0.83390,0.150,0.180,0.000,-1.0000,-1.0000,TRACKING,R+C
1786982942.801,59.6,0.000,0.941,0.911,0.5650,-0.1503,2.51,-0.72545,0.150,0.180,0.000,-1.0000,-1.0000,TRACKING,R+C
1786982942.817,59.6,0.000,0.940,0.912,0.5588,-0.1473,2.22,-0.70877,0.150,0.180,0.000,-1.0000,-1.0000,TRACKING,R+C
1786982942.832,59.6,0.000,0.939,0.914,0.5571,-0.1436,2.19,-0.67116,0.150,0.180,0.000,-1.0000,-1.0000,TRACKING,R+C
1786982942.856,59.6,0.000,0.932,0.918,0.5528,-0.1423,-0.33,-0.88586,0.150,0.180,0.000,-1.0000,-1.0000,TRACKING,R+C
1786982942.874,59.6,0.000,0.936,0.917,0.5488,-0.1363,0.84,-0.76777,0.150,0.180,0.000,-1.0000,-1.0000,TRACKING,R+C
1786982942.891,59.6,0.000,0.931,0.919,0.5453,-0.1325,0.09,-0.78236,0.150,0.180,0.000,-1.0000,-1.0000,TRACKING,R+C
1786982942.916,59.6,0.000,0.928,0.924,0.5393,-0.1299,-2.16,-0.93195,0.150,0.180,0.000,-1.0000,-1.0000,TRACKING,R+C
1786982942.932,59.6,0.000,0.924,0.926,0.5397,-0.1224,-0.93,-0.82049,0.150,0.180,0.000,-1.0000,-1.0000,TRACKING,R+C
1786982942.949,59.6,0.000,0.931,0.919,0.5340,-0.1155,-1.01,-0.80057,0.150,0.180,0.000,-1.0000,-1.0000,TRACKING,R+C
1786982942.968,59.6,0.000,0.932,0.928,0.5392,-0.1116,-0.88,-0.77693,0.150,0.180,0.000,-1.0000,-1.0000,TRACKING,R+C
1786982942.983,59.6,0.000,0.933,0.927,0.5389,-0.1107,-1.72,-0.81948,0.150,0.180,0.000,-1.0000,-1.0000,TRACKING,R+C
1786982942.999,59.6,0.000,0.930,0.929,0.5372,-0.1116,-2.17,-0.85102,0.150,0.180,0.000,-1.0000,-1.0000,TRACKING,R+C
1786982943.015,59.6,0.000,0.929,0.929,0.5395,-0.1126,-0.93,-0.77970,0.150,0.180,0.000,-1.0000,-1.0000,TRACKING,R+C
1786982943.041,59.6,0.000,0.928,0.930,0.5395,-0.1174,-0.94,-0.77807,0.150,0.180,0.000,-1.0000,-1.0000,TRACKING,R+C
1786982943.057,59.6,0.000,0.934,0.928,0.5395,-0.1226,-0.90,-0.77101,0.150,0.180,0.000,-1.0000,-1.0000,TRACKING,R+C
1786982943.071,59.6,0.000,0.931,0.929,0.5403,-0.1275,-1.22,-0.82915,0.150,0.180,0.000,-1.0000,-1.0000,TRACKING,R+C
1786982943.089,59.6,0.000,0.939,0.928,0.5408,-0.1298,-0.61,-0.76381,0.150,0.180,0.000,-1.0000,-1.0000,TRACKING,R+C
1786982943.104,59.6,0.000,0.943,0.929,0.5417,-0.1310,0.12,-0.68773,0.150,0.180,0.000,-1.0000,-1.0000,TRACKING,R+C
1786982943.132,59.6,0.000,0.946,0.931,0.5388,-0.1307,-0.07,-0.69642,0.150,0.180,0.000,-1.0000,-1.0000,TRACKING,R+C
1786982943.147,59.6,0.000,0.942,0.932,0.5343,-0.1291,-1.77,-0.83611,0.150,0.180,0.000,-1.0000,-1.0000,TRACKING,R+C
1786982943.172,59.6,0.000,0.940,0.934,0.5313,-0.1225,-0.64,-0.73909,0.150,0.700,0.000,-1.0000,-1.0000,TRACKING,R+C
1786982943.188,59.6,0.000,0.939,0.932,0.5283,-0.1199,-1.45,-0.80056,0.150,0.700,0.000,-1.0000,-0.7206,TRACKING,R+C
1786982943.218,59.6,0.000,0.942,0.935,0.5291,-0.1190,-1.36,-0.76973,0.150,0.700,0.000,-1.0000,-0.6758,TRACKING,R+C
1786982943.234,59.6,0.000,0.941,0.935,0.5268,-0.1199,-1.18,-0.77636,0.150,0.700,0.000,-1.0000,-0.6693,TRACKING,R+C
1786982943.248,59.6,0.000,0.944,0.936,0.5263,-0.1223,-1.50,-0.80635,0.150,0.700,0.000,-1.0000,-0.6686,TRACKING,R+C
1786982943.264,59.6,0.000,0.938,0.937,0.5239,-0.1242,-2.22,-0.88015,0.150,0.700,0.000,-1.0000,-0.6686,TRACKING,R+C
1786982943.278,59.6,0.000,0.945,0.938,0.5237,-0.1219,-0.85,-0.74335,0.150,0.700,0.000,-1.0000,-0.6684,TRACKING,R+C
1786982943.298,59.6,0.000,0.937,0.936,0.5208,-0.1204,-2.95,-0.90902,0.150,0.700,0.000,-1.0000,-0.6679,TRACKING,R+C
1786982943.312,59.6,0.000,0.935,0.937,0.5243,-0.1145,-2.69,-0.86368,0.150,0.180,0.000,-1.0000,-0.6671,TRACKING,R+C
1786982943.328,59.6,0.000,0.934,0.937,0.5245,-0.1089,-2.24,-0.82367,0.150,0.180,0.000,-1.0000,-0.9761,TRACKING,R+C
1786982943.343,59.6,0.000,0.933,0.941,0.5266,-0.1043,-1.77,-0.77904,0.150,0.700,0.000,-1.0000,-1.0000,TRACKING,R+C
1786982943.359,59.6,0.000,0.935,0.942,0.5288,-0.1013,-2.32,-0.81420,0.150,0.700,0.000,-1.0000,-0.7167,TRACKING,R+C
1786982943.373,59.6,0.000,0.934,0.942,0.5287,-0.0968,-2.10,-0.77951,0.150,0.700,0.000,-1.0000,-0.6725,TRACKING,R+C
1786982943.390,59.6,0.000,0.933,0.942,0.5292,-0.0920,-2.54,-0.79681,0.150,0.180,0.000,-1.0000,-0.6652,TRACKING,R+C
1786982943.406,59.6,0.000,0.932,0.942,0.5291,-0.0863,-2.92,-0.80213,0.150,0.180,0.000,-1.0000,-0.9706,TRACKING,R+C
1786982943.431,59.6,0.000,0.931,0.942,0.5285,-0.0790,-2.81,-0.77139,0.150,0.180,0.000,-1.0000,-1.0000,TRACKING,R+C
1786982943.446,59.6,0.000,0.929,0.943,0.5238,-0.0672,-1.03,-0.67452,0.150,0.180,0.000,-0.9934,-1.0000,TRACKING,R+C
1786982943.462,59.6,0.000,0.929,0.944,0.5180,-0.0592,-1.18,-0.67823,0.150,0.180,0.000,-0.9155,-0.9447,TRACKING,R+C
1786982943.477,59.6,0.000,0.932,0.945,0.5130,-0.0534,-2.16,-0.77457,0.150,0.700,0.000,-0.8409,-0.8701,TRACKING,R+C
1786982943.492,59.6,0.000,0.930,0.941,0.5082,-0.0466,-1.92,-0.78343,0.150,0.700,0.000,-0.7713,-0.5628,TRACKING,R+C
1786982943.509,59.6,0.963,0.931,0.945,0.5345,-0.0411,-1.34,-0.74423,0.150,0.700,0.000,-0.7172,-0.4874,TRACKING,L+C+R_fused
1786982943.525,59.6,0.964,0.933,0.946,0.5407,-0.0361,-1.01,-0.75618,0.150,0.700,0.000,-0.6657,-0.4474,TRACKING,L+C+R_fused
1786982943.541,59.6,0.960,0.931,0.945,0.5635,-0.0307,-1.46,-0.80586,0.150,0.700,0.000,-0.5832,-0.3951,TRACKING,L+C+R_fused
1786982943.563,59.6,0.965,0.934,0.946,0.5222,-0.0222,-0.20,-0.74045,0.150,0.700,0.000,-0.4951,-0.3380,TRACKING,L+C+R_fused
1786982943.592,59.6,0.966,0.933,0.946,0.5058,-0.0164,0.25,-0.73565,0.150,0.700,0.000,-0.4211,-0.2882,TRACKING,L+C+R_fused
1786982943.614,59.6,0.964,0.933,0.944,0.5170,-0.0148,0.20,-0.75064,0.150,0.700,0.000,-0.3973,-0.2675,TRACKING,L+C+R_fused
1786982943.640,54.5,0.968,0.929,0.948,0.5145,-0.0146,1.43,-0.65420,0.150,0.700,0.000,-0.4274,-0.2811,TRACKING,L+C+R_fused
1786982943.668,54.5,0.973,0.933,0.947,0.4968,-0.0161,1.90,-0.64519,0.150,0.700,0.000,-0.4678,-0.3059,TRACKING,L+C+R_fused
1786982943.681,54.5,0.000,0.933,0.946,0.5035,-0.0177,2.75,-0.59451,0.150,0.700,0.000,-0.5162,-0.3367,TRACKING,R+C
1786982943.696,54.5,0.000,0.933,0.947,0.5080,-0.0207,2.88,-0.61560,0.150,0.700,0.000,-0.5683,-0.3706,TRACKING,R+C
1786982943.724,54.5,0.000,0.920,0.944,0.5092,-0.0261,0.91,-0.82980,0.150,0.700,0.000,-0.6049,-0.3965,TRACKING,R+C
1786982943.750,54.5,0.000,0.918,0.941,0.5125,-0.0283,0.87,-0.89687,0.150,0.700,0.000,-0.6439,-0.4224,TRACKING,R+C
1786982943.765,54.5,0.000,0.918,0.942,0.5142,-0.0314,-0.29,-1.05290,0.150,0.700,0.000,-0.6678,-0.4399,TRACKING,R+C
1786982943.782,54.5,0.000,0.916,0.938,0.5152,-0.0312,-0.14,-1.07439,0.150,0.700,0.000,-0.6729,-0.4454,TRACKING,R+C
1786982943.797,54.5,0.000,0.909,0.913,0.6771,-0.0317,-1.41,-1.21869,0.150,0.700,0.000,-0.6569,-0.4375,TRACKING,R+C
1786982943.811,54.5,0.000,0.911,0.908,0.4992,-0.0261,-0.51,-1.15836,0.150,0.700,0.000,-0.6025,-0.4057,TRACKING,R+C
1786982943.823,54.5,0.000,0.911,0.908,0.4992,-0.0208,-0.41,-0.92668,0.150,0.700,0.000,-0.6025,-0.4010,TRACKING,prediction
1786982943.839,54.5,0.000,0.911,0.913,0.4220,-0.0162,-0.53,-1.20449,0.150,0.700,0.000,-0.4636,-0.3226,TRACKING,R+C
1786982943.855,54.5,0.000,0.910,0.944,0.4974,-0.0134,0.11,-1.21591,0.150,0.700,0.000,-0.4464,-0.3015,TRACKING,R+C
1786982943.870,54.5,0.000,0.910,0.945,0.4996,-0.0153,-0.21,-1.24696,0.150,0.700,0.000,-0.4696,-0.3114,TRACKING,R+C
1786982943.886,54.5,0.000,0.911,0.932,0.5144,-0.0169,1.38,-1.13852,0.150,0.700,0.000,-0.5366,-0.3503,TRACKING,R+C
1786982943.901,54.5,0.000,0.906,0.942,0.5189,-0.0217,0.46,-1.29321,0.150,0.700,0.000,-0.5958,-0.3897,TRACKING,R+C
1786982943.914,54.5,0.000,0.907,0.944,0.5274,-0.0230,2.94,-1.09645,0.150,0.700,0.000,-0.6706,-0.4373,TRACKING,R+C
1786982943.938,54.5,0.000,0.907,0.919,0.5209,-0.0305,1.93,-1.16600,0.150,0.700,0.000,-0.7426,-0.4849,TRACKING,R+C
1786982943.951,54.5,0.000,0.907,0.931,0.5374,-0.0348,2.37,-1.19243,0.150,0.700,0.000,-0.8087,-0.5293,TRACKING,R+C
1786982943.965,54.5,0.000,0.905,0.915,0.5342,-0.0372,3.63,-1.14580,0.150,0.700,0.000,-0.8656,-0.5681,TRACKING,R+C
1786982943.984,54.5,0.000,0.908,0.918,0.5440,-0.0439,2.73,-1.27988,0.150,0.700,0.000,-0.9234,-0.6067,TRACKING,R+C
1786982944.000,54.5,0.000,0.905,0.907,0.5516,-0.0489,2.53,-1.33832,0.150,0.700,0.000,-0.9720,-0.6400,TRACKING,R+C
1786982944.014,54.5,0.000,0.902,0.900,0.5380,-0.0551,3.49,-1.28169,0.150,0.700,0.000,-1.0000,-0.6614,TRACKING,R+C
1786982944.034,54.5,0.000,0.902,0.898,0.5280,-0.0632,2.43,-1.44914,0.150,0.700,0.000,-1.0000,-0.6657,TRACKING,R+C
1786982944.048,54.5,0.000,0.903,0.902,0.5363,-0.0714,1.72,-1.56620,0.150,0.700,0.000,-1.0000,-0.6673,TRACKING,R+C
1786982944.063,54.5,0.000,0.906,0.899,0.5528,-0.0782,1.07,-1.65838,0.150,0.700,0.000,-1.0000,-0.6683,TRACKING,R+C
1786982944.078,54.5,0.000,0.909,0.907,0.5673,-0.0781,4.34,-1.38179,0.150,0.700,0.000,-1.0000,-0.6688,TRACKING,R+C
1786982944.104,54.5,0.000,0.914,0.905,0.5878,-0.0806,3.84,-1.42692,0.150,0.700,0.000,-1.0000,-0.6690,TRACKING,R+C
1786982944.133,54.5,0.000,0.911,0.913,0.5953,-0.0778,4.90,-1.34232,0.150,0.700,0.000,-1.0000,-0.6689,TRACKING,R+C
1786982944.150,54.5,0.000,0.910,0.911,0.5976,-0.0773,3.68,-1.50938,0.150,0.700,0.000,-1.0000,-0.6689,TRACKING,R+C
1786982944.165,54.5,0.000,0.908,0.914,0.5996,-0.0794,2.91,-1.55025,0.150,0.700,0.000,-1.0000,-0.6690,TRACKING,R+C
1786982944.188,54.5,0.000,0.913,0.902,0.5925,-0.0780,4.81,-1.47344,0.150,0.700,0.000,-1.0000,-0.6695,TRACKING,R+C
1786982944.204,54.5,0.000,0.909,0.907,0.6097,-0.0825,4.16,-1.62029,0.150,0.700,0.000,-1.0000,-0.6704,TRACKING,R+C
1786982944.220,54.5,0.000,0.908,0.906,0.6095,-0.0868,3.60,-1.72248,0.150,0.180,0.000,-1.0000,-0.6711,TRACKING,R+C
1786982944.234,54.5,0.000,0.913,0.907,0.6174,-0.0885,5.24,-1.57616,0.150,0.180,0.000,-1.0000,-0.9850,TRACKING,R+C
1786982944.247,54.5,0.000,0.912,0.907,0.6188,-0.0867,5.86,-1.50924,0.150,0.700,0.000,-1.0000,-1.0000,TRACKING,R+C
1786982944.261,54.5,0.000,0.911,0.907,0.6164,-0.0873,3.08,-1.81964,0.150,0.700,0.000,-1.0000,-0.7227,TRACKING,R+C
1786982944.288,54.5,0.000,0.914,0.904,0.6154,-0.0873,3.34,-1.82916,0.150,0.700,0.000,-1.0000,-0.6792,TRACKING,R+C
1786982944.302,54.5,0.000,0.909,0.905,0.6158,-0.0881,3.17,-1.90976,0.150,0.700,0.000,-1.0000,-0.6731,TRACKING,R+C
1786982944.318,54.5,0.000,0.913,0.904,0.6185,-0.0871,5.89,-1.72234,0.150,0.700,0.000,-1.0000,-0.6726,TRACKING,R+C
1786982944.334,54.5,0.000,0.914,0.905,0.6264,-0.0928,5.41,-1.77343,0.150,0.700,0.000,-1.0000,-0.6731,TRACKING,R+C
1786982944.363,54.5,0.000,0.919,0.889,0.5925,-0.0946,5.41,-1.83247,0.150,0.700,0.000,-1.0000,-0.6735,TRACKING,R+C
1786982944.381,54.5,0.000,0.920,0.899,0.6444,-0.0927,8.09,-1.56152,0.150,0.700,0.000,-1.0000,-0.6735,TRACKING,R+C
1786982944.398,54.5,0.000,0.919,0.879,0.6442,-0.0956,8.11,-1.49659,0.150,0.700,0.000,-1.0000,-0.6736,TRACKING,R+C
1786982944.425,54.5,0.000,0.919,0.896,0.6518,-0.0984,7.42,-1.58303,0.150,0.700,0.000,-1.0000,-0.6739,TRACKING,R+C
1786982944.441,54.5,0.000,0.918,0.881,0.6628,-0.0949,14.29,-0.87390,0.150,0.700,0.000,-1.0000,-0.6742,TRACKING,R+C
1786982944.466,54.5,0.000,0.920,0.883,0.6698,-0.1024,14.89,-0.81095,0.150,0.700,0.000,-1.0000,-0.6751,TRACKING,R+C
1786982944.481,54.5,0.000,0.928,0.870,0.5755,-0.1110,15.73,-0.67069,0.150,0.700,0.000,-1.0000,-0.6760,TRACKING,R+C
1786982944.498,54.5,0.000,0.932,0.860,0.6831,-0.1157,17.34,-0.48295,0.152,0.700,0.000,-1.0000,-0.6765,TRACKING,R+C
1786982944.515,54.5,0.000,0.931,0.864,0.6832,-0.1210,16.94,-0.45476,0.155,0.700,0.000,-1.0000,-0.6768,TRACKING,R+C
1786982944.530,54.5,0.000,0.933,0.845,0.6883,-0.1219,17.94,-0.31351,0.169,0.700,0.000,-1.0000,-0.6767,TRACKING,R+C
1786982944.556,54.5,0.000,0.935,0.829,0.7660,-0.1244,19.18,-0.14788,0.185,0.700,0.000,-1.0000,-0.6769,TRACKING,R+C
1786982944.573,54.5,0.000,0.938,0.821,0.7001,-0.1309,19.38,-0.07931,0.192,0.700,0.000,-1.0000,-0.6774,TRACKING,R+C
1786982944.601,54.5,0.000,0.941,0.820,0.7156,-0.1391,19.07,-0.03554,0.196,0.180,0.000,-1.0000,-0.6780,TRACKING,R+C
1786982944.630,54.5,0.000,0.946,0.822,0.7114,-0.1454,19.12,0.02841,0.197,0.180,0.000,-1.0000,-0.9971,TRACKING,R+C
1786982944.645,54.8,0.000,0.946,0.819,0.7163,-0.1517,18.43,0.05771,0.194,0.700,0.000,-1.0000,-1.0000,TRACKING,R+C
1786982945.005,54.8,0.000,0.947,0.811,0.6300,-0.1560,17.56,0.06341,0.194,0.180,0.000,-1.0000,-0.7300,TRACKING,R+C
1786982945.027,54.8,0.000,0.947,0.808,0.6286,-0.1602,16.92,0.08554,0.191,0.180,0.000,-1.0000,-1.0000,TRACKING,R+C
1786982945.041,54.8,0.000,0.951,0.807,0.6091,-0.1659,16.22,0.10396,0.190,0.700,0.000,-1.0000,-1.0000,TRACKING,R+C
1786982945.057,54.8,0.000,0.953,0.814,0.6364,-0.1722,15.28,0.10283,0.190,0.180,0.000,-1.0000,-0.7307,TRACKING,R+C
1786982945.073,54.8,0.000,0.953,0.814,0.6364,-0.1378,12.22,0.08226,0.190,0.180,0.000,-1.0000,-1.0000,TRACKING,prediction
1786982945.101,54.8,0.000,0.953,0.809,0.6491,-0.1813,13.26,0.06854,0.193,0.700,0.000,-1.0000,-1.0000,TRACKING,R+C
1786982945.129,54.8,0.000,0.953,0.809,0.6608,-0.1823,12.27,0.06200,0.194,0.180,0.000,-1.0000,-0.7305,TRACKING,R+C
1786982945.145,54.8,0.000,0.954,0.813,0.6163,-0.1824,11.85,0.11272,0.189,0.180,0.000,-1.0000,-1.0000,TRACKING,R+C
1786982945.159,54.8,0.000,0.952,0.813,0.6052,-0.1811,11.28,0.12548,0.187,0.180,0.000,-1.0000,-1.0000,TRACKING,R+C
1786982945.174,54.8,0.000,0.951,0.815,0.6408,-0.1805,10.31,0.10861,0.189,0.180,0.000,-1.0000,-1.0000,TRACKING,R+C
1786982945.188,54.8,0.000,0.952,0.813,0.6022,-0.1800,9.74,0.13050,0.187,0.180,0.000,-1.0000,-1.0000,TRACKING,R+C
1786982945.203,54.8,0.000,0.951,0.821,0.7262,-0.1807,8.22,0.06653,0.193,0.180,0.000,-1.0000,-1.0000,TRACKING,R+C
1786982945.230,54.8,0.000,0.950,0.819,0.7168,-0.1795,7.79,0.09233,0.191,0.180,0.000,-1.0000,-1.0000,TRACKING,R+C
1786982945.251,54.8,0.000,0.948,0.819,0.7162,-0.1787,6.67,0.05151,0.195,0.180,0.000,-1.0000,-1.0000,TRACKING,R+C
1786982945.281,54.8,0.000,0.947,0.819,0.6901,-0.1769,6.00,0.05214,0.195,0.180,0.000,-1.0000,-1.0000,TRACKING,R+C
1786982945.300,54.8,0.000,0.940,0.831,0.7238,-0.1766,3.63,-0.10759,0.189,0.180,0.000,-1.0000,-1.0000,TRACKING,R+C
1786982945.321,54.8,0.000,0.933,0.824,0.6883,-0.1755,2.18,-0.14491,0.186,0.180,0.000,-1.0000,-1.0000,TRACKING,R+C
1786982945.350,54.8,0.000,0.931,0.830,0.7169,-0.1712,1.86,-0.12987,0.187,0.180,0.000,-1.0000,-1.0000,TRACKING,R+C
1786982945.758,17.1,0.000,0.923,0.825,0.6806,-0.1671,0.98,-0.17329,0.183,0.180,0.000,-1.0000,-1.0000,TRACKING,R+C
1786982945.774,17.1,0.000,0.916,0.825,0.6712,-0.1644,-0.46,-0.22790,0.177,0.180,0.000,-1.0000,-1.0000,TRACKING,R+C
1786982945.802,17.1,0.000,0.907,0.841,0.6852,-0.1596,-1.81,-0.30741,0.169,0.180,0.000,-1.0000,-1.0000,TRACKING,R+C
1786982945.826,17.1,0.000,0.905,0.825,0.6506,-0.1560,-2.90,-0.33695,0.166,0.180,0.000,-1.0000,-1.0000,TRACKING,R+C
1786982945.857,17.1,0.000,0.903,0.826,0.6548,-0.1490,-1.79,-0.19081,0.181,0.180,0.000,-1.0000,-1.0000,TRACKING,R+C
1786982945.874,17.1,0.000,0.897,0.822,0.6376,-0.1466,-5.11,-0.41493,0.159,0.180,0.000,-1.0000,-1.0000,TRACKING,R+C
1786982945.891,17.1,0.000,0.895,0.820,0.6314,-0.1360,-2.27,-0.21657,0.178,0.180,0.000,-1.0000,-1.0000,TRACKING,R+C
1786982945.904,17.1,0.000,0.895,0.823,0.6326,-0.1325,-2.89,-0.22139,0.178,0.180,0.000,-1.0000,-1.0000,TRACKING,R+C
1786982945.925,17.1,0.000,0.886,0.823,0.6303,-0.1350,-4.10,-0.25597,0.174,0.180,0.000,-1.0000,-1.0000,TRACKING,R+C
1786982945.946,17.1,0.000,0.877,0.825,0.6265,-0.1362,-7.69,-0.68392,0.150,0.180,0.000,-1.0000,-1.0000,TRACKING,R+C
1786982945.967,17.1,0.000,0.880,0.818,0.6270,-0.1401,-7.62,-0.63709,0.150,0.180,0.000,-1.0000,-1.0000,TRACKING,R+C
1786982945.983,17.1,0.000,0.881,0.814,0.6132,-0.1474,-11.62,-0.89917,0.150,0.180,0.000,-1.0000,-1.0000,TRACKING,R+C
1786982946.000,17.1,0.000,0.877,0.821,0.6298,-0.1478,-11.05,-0.88343,0.150,0.180,0.000,-1.0000,-1.0000,TRACKING,R+C
1786982946.032,17.1,0.000,0.875,0.819,0.6240,-0.1395,-8.96,-0.71138,0.150,0.180,0.000,-1.0000,-1.0000,TRACKING,R+C
1786982946.059,17.1,0.000,0.873,0.813,0.5354,-0.1378,-13.60,-1.08057,0.150,0.180,0.000,-1.0000,-1.0000,TRACKING,R+C
1786982946.085,17.1,0.000,0.872,0.815,0.5311,-0.1273,-12.85,-1.07679,0.150,0.180,0.000,-1.0000,-1.0000,TRACKING,R+C
1786982946.101,17.1,0.000,0.872,0.820,0.5224,-0.1223,-15.44,-1.23302,0.150,0.180,0.000,-1.0000,-1.0000,TRACKING,R+C
1786982946.116,17.1,0.000,0.869,0.828,0.5345,-0.1119,-14.14,-1.13473,0.150,0.180,0.000,-1.0000,-1.0000,TRACKING,R+C
1786982946.141,17.1,0.000,0.870,0.846,0.5147,-0.1044,-16.91,-1.32780,0.150,0.180,0.000,-1.0000,-1.0000,TRACKING,R+C
1786982946.173,17.1,0.867,0.874,0.842,0.4880,-0.0916,-17.19,-1.45707,0.150,0.180,0.000,-0.9266,-0.9554,TRACKING,L+C+R_fused
1786982946.200,17.1,0.878,0.876,0.841,0.3974,-0.0833,-17.31,-1.45083,0.150,0.180,0.000,-0.8371,-0.8680,TRACKING,L+C+R_fused
1786982946.226,17.1,0.871,0.879,0.855,0.4266,-0.0741,-17.48,-1.54327,0.150,0.180,0.000,-0.7384,-0.7700,TRACKING,L+C+R_fused
1786982946.252,17.1,0.869,0.883,0.838,0.4255,-0.0642,-15.73,-1.50438,0.150,0.180,0.000,-0.6621,-0.6895,TRACKING,L+C+R_fused
1786982946.282,17.1,0.862,0.887,0.844,0.4180,-0.0630,-16.34,-1.59826,0.150,0.180,0.000,-0.6406,-0.6595,TRACKING,L+C+R_fused
1786982946.313,17.1,0.873,0.886,0.854,0.4042,-0.0600,-15.60,-1.65535,0.150,0.180,0.000,-0.6324,-0.6484,TRACKING,L+C+R_fused
1786982946.720,17.1,0.827,0.891,0.863,0.4522,-0.0557,-14.05,-1.62573,0.150,0.180,0.000,-0.6207,-0.6367,TRACKING,L+C+R_fused
1786982946.741,17.1,0.831,0.891,0.855,0.4824,-0.0499,-13.21,-1.66340,0.150,0.180,0.000,-0.5747,-0.5957,TRACKING,L+C+R_fused
1786982946.761,26.9,0.829,0.883,0.853,0.6760,-0.0380,-10.54,-1.61184,0.150,0.180,0.000,-0.4864,-0.5135,TRACKING,L+C+R_fused
1786982946.788,26.9,0.835,0.878,0.879,0.4451,-0.0258,-8.27,-1.48083,0.150,0.180,0.000,-0.3577,-0.3900,TRACKING,L+C+R_fused
1786982946.819,26.9,0.849,0.879,0.884,0.4249,-0.0216,-10.22,-1.65011,0.150,0.180,0.000,-0.2391,-0.2700,TRACKING,L+C+R_fused
1786982946.843,26.9,0.844,0.881,0.896,0.4242,-0.0024,-5.62,-1.48476,0.150,0.180,0.000,-0.0678,-0.1047,TRACKING,L+C+R_fused
1786982946.876,26.9,0.866,0.887,0.918,0.4537,0.0009,-7.54,-1.63046,0.150,0.180,0.000,0.0458,0.0174,TRACKING,L+C+R_fused
1786982946.893,26.9,0.849,0.889,0.923,0.4548,0.0131,-4.18,-1.50364,0.150,0.180,0.000,0.1403,0.1168,TRACKING,L+C+R_fused
1786982946.917,26.9,0.855,0.888,0.927,0.4959,0.0132,-4.74,-1.57087,0.150,0.180,0.000,0.1541,0.1433,TRACKING,L+C+R_fused
1786982946.941,26.9,0.865,0.885,0.927,0.4352,0.0137,-3.34,-1.48828,0.150,0.180,0.000,0.1174,0.1156,TRACKING,L+C+R_fused
1786982946.958,26.9,0.876,0.883,0.928,0.7788,0.0175,-0.78,-1.45814,0.150,0.180,0.000,0.0767,0.0758,TRACKING,L+C+R_fused
1786982946.975,26.9,0.000,0.886,0.923,0.4982,0.0136,-1.08,-1.50748,0.150,0.180,0.000,0.0115,0.0136,TRACKING,R+C
1786982946.997,26.9,0.000,0.882,0.931,0.5021,0.0082,-2.46,-1.65973,0.150,0.180,0.000,-0.0502,-0.0493,TRACKING,R+C
1786982947.027,26.9,0.000,0.885,0.926,0.5097,0.0116,1.60,-1.47796,0.150,0.180,0.000,-0.1381,-0.1347,TRACKING,R+C
1786982947.041,26.9,0.000,0.883,0.926,0.5235,0.0078,3.46,-1.37131,0.150,0.180,0.000,-0.2657,-0.2574,TRACKING,R+C
1786982947.060,26.9,0.000,0.881,0.928,0.5239,0.0055,3.22,-1.44582,0.150,0.180,0.000,-0.3080,-0.3124,TRACKING,R+C
1786982947.090,26.9,0.000,0.881,0.926,0.5315,-0.0015,2.56,-1.51204,0.150,0.180,0.000,-0.4067,-0.4059,TRACKING,R+C
1786982947.104,26.9,0.000,0.881,0.921,0.5418,-0.0052,3.27,-1.48451,0.150,0.180,0.000,-0.4870,-0.4892,TRACKING,R+C
1786982947.121,26.9,0.000,0.883,0.922,0.5517,-0.0077,4.89,-1.45041,0.150,0.180,0.000,-0.5800,-0.5824,TRACKING,R+C
1786982947.136,26.9,0.000,0.879,0.916,0.5579,-0.0151,4.32,-1.50561,0.150,0.180,0.000,-0.6696,-0.6738,TRACKING,R+C
1786982947.151,26.9,0.000,0.879,0.916,0.5691,-0.0206,4.77,-1.50760,0.150,0.180,0.000,-0.7542,-0.7608,TRACKING,R+C
1786982947.166,26.9,0.000,0.878,0.912,0.5828,-0.0286,5.62,-1.48324,0.150,0.180,0.000,-0.8662,-0.8712,TRACKING,R+C
1786982947.182,26.9,0.000,0.881,0.913,0.5837,-0.0304,6.48,-1.40119,0.150,0.180,0.000,-0.8993,-0.9161,TRACKING,R+C
1786982947.200,26.9,0.000,0.882,0.909,0.5931,-0.0297,8.71,-1.25647,0.150,0.180,0.000,-0.9353,-0.9542,TRACKING,R+C
1786982947.213,26.9,0.000,0.880,0.911,0.5928,-0.0301,8.59,-1.27370,0.150,0.180,0.000,-0.9376,-0.9618,TRACKING,R+C
1786982947.229,26.9,0.000,0.880,0.911,0.5917,-0.0274,9.20,-1.21514,0.150,0.180,0.000,-0.9208,-0.9482,TRACKING,R+C
1786982947.633,26.9,0.000,0.878,0.911,0.5911,-0.0273,9.32,-1.19054,0.150,0.180,0.000,-0.9210,-0.9463,TRACKING,R+C
1786982947.648,26.9,0.000,0.869,0.911,0.5959,-0.0266,11.20,-1.03462,0.150,0.180,0.000,-0.9468,-0.9684,TRACKING,R+C
1786982947.668,26.9,0.000,0.873,0.897,0.5911,-0.0308,9.72,-1.18116,0.150,0.180,0.000,-0.9630,-0.9861,TRACKING,R+C
1786982947.698,26.9,0.000,0.873,0.918,0.5988,-0.0377,9.56,-1.14163,0.150,0.180,0.000,-1.0000,-1.0000,TRACKING,R+C
1786982947.723,26.9,0.000,0.882,0.899,0.5624,-0.0409,9.06,-1.17711,0.150,0.180,0.000,-1.0000,-1.0000,TRACKING,R+C
1786982947.740,26.9,0.000,0.878,0.898,0.5558,-0.0360,11.90,-0.94568,0.150,0.180,0.000,-1.0000,-1.0000,TRACKING,R+C
1786982947.757,26.9,0.000,0.879,0.900,0.5525,-0.0362,11.34,-0.94519,0.150,0.180,0.000,-1.0000,-1.0000,TRACKING,R+C
1786982947.773,30.6,0.000,0.877,0.897,0.5302,-0.0343,12.43,-0.84150,0.150,0.180,0.000,-1.0000,-1.0000,TRACKING,R+C
1786982947.790,30.6,0.000,0.879,0.901,0.5620,-0.0376,7.94,-1.20677,0.150,0.180,0.000,-0.9844,-1.0000,TRACKING,R+C
1786982947.810,30.6,0.000,0.879,0.902,0.5478,-0.0262,12.47,-0.87817,0.150,0.180,0.000,-0.9590,-0.9885,TRACKING,R+C
1786982947.827,30.6,0.000,0.882,0.901,0.5637,-0.0349,8.39,-1.12661,0.150,0.180,0.000,-0.9629,-0.9881,TRACKING,R+C
1786982947.848,30.6,0.000,0.882,0.901,0.5637,-0.0279,6.71,-0.90129,0.150,0.180,0.000,-0.9629,-0.9880,TRACKING,prediction
1786982947.879,30.6,0.000,0.882,0.901,0.5637,-0.0224,5.37,-0.72103,0.150,0.180,0.000,-0.9629,-0.9880,TRACKING,prediction
1786982947.908,30.6,0.000,0.882,0.901,0.5637,-0.0179,4.29,-0.57682,0.150,0.180,0.000,-0.9629,-0.9880,TRACKING,prediction
1786982947.936,30.6,0.000,0.882,0.901,0.5637,-0.0143,3.44,-0.46146,0.150,0.180,0.000,-0.9629,-0.9880,TRACKING,prediction
1786982947.968,30.6,0.000,0.882,0.901,0.5637,-0.0114,2.75,-0.36917,0.150,0.700,0.000,-0.9629,-0.9880,TRACKING,prediction
1786982947.988,30.6,0.000,0.879,0.907,0.5822,-0.0397,8.24,-1.07339,0.150,0.700,0.000,-0.9965,-0.7097,TRACKING,R+C
1786982948.013,30.6,0.000,0.886,0.911,0.5770,-0.0330,10.17,-0.91993,0.150,0.700,0.000,-0.9688,-0.6537,TRACKING,R+C
1786982948.027,30.6,0.000,0.884,0.910,0.5705,-0.0467,2.18,-1.47664,0.150,0.700,0.000,-0.9562,-0.6383,TRACKING,R+C
1786982948.042,30.6,0.000,0.886,0.911,0.5682,-0.0364,5.07,-1.25607,0.150,0.700,0.000,-0.9065,-0.6078,TRACKING,R+C
1786982948.060,30.6,0.000,0.894,0.915,0.5642,-0.0257,8.77,-0.96313,0.150,0.180,0.000,-0.8653,-0.5799,TRACKING,R+C
1786982948.076,30.6,0.000,0.895,0.911,0.5627,-0.0253,7.52,-1.04596,0.150,0.180,0.000,-0.8340,-0.8155,TRACKING,R+C
1786982948.090,30.6,0.000,0.895,0.912,0.5521,-0.0205,6.72,-1.12549,0.150,0.700,0.000,-0.7650,-0.7897,TRACKING,R+C
1786982948.478,30.6,0.000,0.898,0.912,0.5484,-0.0129,9.03,-0.90212,0.150,0.700,0.000,-0.7176,-0.5228,TRACKING,R+C
1786982948.494,30.6,0.000,0.901,0.910,0.5437,-0.0074,9.41,-0.86916,0.150,0.700,0.000,-0.6552,-0.4491,TRACKING,R+C
1786982948.522,30.6,0.000,0.901,0.903,0.5023,-0.0054,9.00,-0.85982,0.150,0.700,0.000,-0.6121,-0.4138,TRACKING,R+C
1786982948.538,30.6,0.000,0.905,0.906,0.4932,-0.0015,9.10,-0.82596,0.150,0.180,0.000,-0.5558,-0.3769,TRACKING,R+C
1786982948.555,30.6,0.000,0.910,0.916,0.5313,0.0003,9.13,-0.82047,0.150,0.180,0.000,-0.5297,-0.5210,TRACKING,R+C
1786982948.567,30.6,0.000,0.913,0.914,0.5267,-0.0010,8.66,-0.83261,0.150,0.700,0.000,-0.5327,-0.5441,TRACKING,R+C
1786982948.593,30.6,0.000,0.910,0.912,0.5326,-0.0035,10.31,-0.66517,0.150,0.700,0.000,-0.6049,-0.4228,TRACKING,R+C
1786982948.622,30.6,0.000,0.911,0.914,0.5416,-0.0098,9.65,-0.73502,0.150,0.700,0.000,-0.6768,-0.4460,TRACKING,R+C
1786982948.639,30.6,0.000,0.910,0.906,0.5291,-0.0178,9.54,-0.75197,0.150,0.700,0.000,-0.7738,-0.5040,TRACKING,R+C
1786982948.652,30.6,0.000,0.916,0.913,0.5542,-0.0254,10.34,-0.64591,0.150,0.700,0.000,-0.8699,-0.5665,TRACKING,R+C
1786982948.667,30.6,0.000,0.912,0.906,0.5246,-0.0316,11.50,-0.55301,0.150,0.700,0.000,-0.9517,-0.6219,TRACKING,R+C
1786982948.682,30.6,0.000,0.917,0.911,0.5644,-0.0384,10.73,-0.62715,0.150,0.700,0.000,-1.0000,-0.6575,TRACKING,R+C
1786982948.702,30.6,0.000,0.918,0.911,0.5687,-0.0477,8.98,-0.74454,0.150,0.180,0.000,-1.0000,-0.6635,TRACKING,R+C
1786982948.715,30.6,0.000,0.923,0.911,0.5683,-0.0519,8.90,-0.74550,0.150,0.700,0.000,-1.0000,-0.9734,TRACKING,R+C
1786982948.731,30.6,0.000,0.929,0.909,0.5733,-0.0536,9.46,-0.68013,0.150,0.180,0.000,-1.0000,-0.7097,TRACKING,R+C
1786982948.750,30.6,0.000,0.927,0.910,0.5699,-0.0520,9.96,-0.59717,0.150,0.180,0.000,-1.0000,-0.9800,TRACKING,R+C
1786982948.772,30.6,0.000,0.929,0.912,0.5611,-0.0473,10.39,-0.55047,0.150,0.180,0.000,-1.0000,-1.0000,TRACKING,R+C
1786982948.792,32.4,0.000,0.932,0.913,0.5549,-0.0430,10.03,-0.54744,0.150,0.180,0.000,-1.0000,-1.0000,TRACKING,R+C
1786982948.808,32.4,0.000,0.919,0.914,0.5492,-0.0406,7.80,-0.72629,0.150,0.700,0.000,-0.9613,-0.9893,TRACKING,R+C
1786982948.827,32.4,0.000,0.920,0.915,0.5454,-0.0326,8.88,-0.61129,0.150,0.700,0.000,-0.9001,-0.6542,TRACKING,R+C
1786982948.843,32.4,0.000,0.919,0.920,0.5409,-0.0270,8.32,-0.64876,0.150,0.700,0.000,-0.8300,-0.5659,TRACKING,R+C
1786982948.858,32.4,0.000,0.922,0.920,0.5337,-0.0239,7.32,-0.68602,0.150,0.180,0.000,-0.7693,-0.5185,TRACKING,R+C
1786982948.874,32.4,0.000,0.922,0.920,0.5267,-0.0190,7.62,-0.65770,0.150,0.700,0.000,-0.7152,-0.7010,TRACKING,R+C
1786982948.896,32.4,0.000,0.923,0.921,0.5202,-0.0136,7.52,-0.65905,0.150,0.700,0.000,-0.6414,-0.4659,TRACKING,R+C
1786982948.913,32.4,0.970,0.922,0.922,0.4849,-0.0123,5.83,-0.78104,0.150,0.700,0.000,-0.5799,-0.3974,TRACKING,L+C+R_fused
1786982948.930,32.4,0.965,0.926,0.927,0.5119,-0.0116,5.49,-0.76318,0.150,0.180,0.000,-0.5553,-0.3732,TRACKING,L+C+R_fused
1786982948.946,32.4,0.967,0.924,0.925,0.5243,-0.0101,5.73,-0.75153,0.150,0.180,0.000,-0.5413,-0.5287,TRACKING,L+C+R_fused
1786982948.961,32.4,0.971,0.924,0.918,0.4807,-0.0106,7.01,-0.63739,0.150,0.700,0.000,-0.5780,-0.5827,TRACKING,L+C+R_fused
1786982948.973,32.4,0.000,0.926,0.920,0.5166,-0.0155,6.26,-0.70878,0.150,0.180,0.000,-0.6296,-0.4419,TRACKING,R+C
1786982948.992,32.4,0.000,0.927,0.921,0.5228,-0.0182,6.10,-0.72085,0.150,0.180,0.000,-0.6620,-0.6434,TRACKING,R+C
1786982949.008,32.4,0.000,0.926,0.920,0.5254,-0.0175,6.88,-0.65227,0.150,0.180,0.000,-0.6704,-0.6798,TRACKING,R+C
1786982949.024,32.4,0.000,0.923,0.922,0.5240,-0.0175,5.36,-0.74883,0.150,0.180,0.000,-0.6318,-0.6518,TRACKING,R+C
1786982949.050,32.4,0.965,0.918,0.919,0.5008,-0.0088,6.31,-0.69884,0.150,0.180,0.000,-0.5355,-0.5644,TRACKING,L+C+R_fused
1786982949.079,32.4,0.959,0.914,0.923,0.5377,-0.0048,5.31,-0.72487,0.150,0.180,0.000,-0.4392,-0.4680,TRACKING,L+C+R_fused
1786982949.096,32.4,0.963,0.916,0.927,0.5214,0.0054,6.28,-0.64850,0.150,0.180,0.000,-0.3023,-0.3355,TRACKING,L+C+R_fused
1786982949.119,32.4,0.962,0.916,0.923,0.5077,0.0114,5.76,-0.68136,0.150,0.180,0.000,-0.1818,-0.2120,TRACKING,L+C+R_fused
1786982949.143,32.4,0.957,0.922,0.926,0.5187,0.0173,6.31,-0.65366,0.150,0.180,0.000,-0.0982,-0.1216,TRACKING,L+C+R_fused
1786982949.163,32.4,0.962,0.920,0.924,0.5137,0.0212,6.80,-0.60150,0.150,0.180,0.000,-0.0412,-0.0589,TRACKING,L+C+R_fused
1786982949.179,32.4,0.960,0.924,0.925,0.5081,0.0218,6.57,-0.63777,0.150,0.180,0.000,-0.0270,-0.0376,TRACKING,L+C+R_fused
1786982949.196,32.4,0.962,0.922,0.924,0.5101,0.0194,6.30,-0.65137,0.150,0.180,0.000,-0.0605,-0.0632,TRACKING,L+C+R_fused
1786982949.226,32.4,0.960,0.922,0.927,0.5119,0.0168,5.59,-0.72542,0.150,0.180,0.000,-0.0877,-0.0906,TRACKING,L+C+R_fused
1786982949.246,32.4,0.961,0.923,0.919,0.5091,0.0177,6.32,-0.69126,0.150,0.180,0.000,-0.0988,-0.1043,TRACKING,L+C+R_fused
1786982949.268,32.4,0.963,0.922,0.917,0.5085,0.0162,5.67,-0.72459,0.150,0.180,0.000,-0.1014,-0.1085,TRACKING,L+C+R_fused
1786982949.297,32.4,0.963,0.922,0.923,0.5089,0.0184,6.56,-0.69267,0.150,0.180,0.000,-0.0966,-0.1052,TRACKING,L+C+R_fused
1786982949.312,32.4,0.962,0.918,0.924,0.5072,0.0157,6.59,-0.69005,0.150,0.180,0.000,-0.1449,-0.1463,TRACKING,L+C+R_fused
1786982949.329,32.4,0.964,0.915,0.922,0.5095,0.0132,6.90,-0.67042,0.150,0.180,0.000,-0.1998,-0.1997,TRACKING,L+C+R_fused
1786982949.350,32.4,0.966,0.919,0.922,0.5076,0.0080,6.03,-0.75600,0.150,0.180,0.000,-0.2655,-0.2645,TRACKING,L+C+R_fused
1786982949.367,32.4,0.964,0.917,0.916,0.5028,0.0080,6.28,-0.79017,0.150,0.180,0.000,-0.2838,-0.2902,TRACKING,L+C+R_fused
1786982949.392,32.4,0.967,0.915,0.918,0.4988,0.0076,7.05,-0.71268,0.150,0.180,0.000,-0.3095,-0.3160,TRACKING,L+C+R_fused
1786982949.419,32.4,0.963,0.916,0.921,0.5017,0.0071,4.67,-0.94370,0.150,0.180,0.000,-0.2542,-0.2726,TRACKING,L+C+R_fused
1786982949.436,32.4,0.963,0.915,0.920,0.4906,0.0134,5.60,-0.87791,0.150,0.180,0.000,-0.1764,-0.1989,TRACKING,L+C+R_fused
1786982949.466,32.4,0.957,0.909,0.917,0.4880,0.0210,6.22,-0.85173,0.150,0.180,0.000,-0.0663,-0.0932,TRACKING,L+C+R_fused
1786982949.487,32.4,0.960,0.912,0.920,0.4796,0.0242,5.22,-0.96235,0.150,0.180,0.000,0.0175,-0.0056,TRACKING,L+C+R_fused
1786982949.510,32.4,0.960,0.915,0.923,0.4743,0.0254,4.61,-1.01946,0.150,0.180,0.000,0.0558,0.0404,TRACKING,L+C+R_fused
1786982949.526,32.4,0.959,0.913,0.924,0.4751,0.0284,4.19,-1.08239,0.150,0.180,0.000,0.1165,0.0994,TRACKING,L+C+R_fused
1786982949.549,32.4,0.957,0.910,0.922,0.4760,0.0331,4.22,-1.08659,0.150,0.180,0.000,0.1959,0.1766,TRACKING,L+C+R_fused
1786982949.571,32.4,0.955,0.909,0.920,0.4768,0.0401,4.67,-1.03653,0.150,0.180,0.000,0.3046,0.2819,TRACKING,L+C+R_fused
1786982949.593,32.4,0.954,0.907,0.913,0.4765,0.0447,3.03,-1.13971,0.150,0.180,0.000,0.4303,0.4060,TRACKING,L+C+R_fused
1786982949.620,32.4,0.950,0.907,0.923,0.4792,0.0575,5.86,-0.90776,0.150,0.180,0.000,0.5503,0.5290,TRACKING,L+C+R_fused
1786982949.636,32.4,0.949,0.908,0.920,0.4803,0.0635,4.37,-1.05960,0.150,0.180,0.000,0.6658,0.6453,TRACKING,L+C+R_fused
1786982949.661,32.4,0.946,0.908,0.923,0.4756,0.0675,2.96,-1.14349,0.150,0.180,0.000,0.7512,0.7376,TRACKING,L+C+R_fused
1786982949.686,32.4,0.948,0.913,0.923,0.4732,0.0781,6.18,-0.89544,0.150,0.180,0.000,0.8075,0.8003,TRACKING,L+C+R_fused
1786982949.699,32.4,0.943,0.917,0.928,0.4723,0.0813,6.19,-0.90015,0.150,0.180,0.000,0.8433,0.8407,TRACKING,L+C+R_fused
1786982949.726,32.4,0.943,0.917,0.928,0.4723,0.0651,4.95,-0.72012,0.150,0.180,0.000,0.8433,0.8466,TRACKING,prediction
1786982949.757,32.4,0.943,0.917,0.928,0.4723,0.0521,3.96,-0.57610,0.150,0.180,0.000,0.8433,0.8475,TRACKING,prediction
1786982949.781,32.4,0.944,0.908,0.921,0.4824,0.0857,6.34,-0.93092,0.150,0.180,0.000,0.8815,0.8806,TRACKING,L+C+R_fused
1786982949.811,48.1,0.940,0.909,0.921,0.4849,0.0888,6.15,-1.02439,0.150,0.180,0.000,0.9085,0.9085,TRACKING,L+C+R_fused
1786982949.828,48.1,0.940,0.908,0.922,0.4756,0.0906,7.10,-0.93140,0.150,0.180,0.000,0.9112,0.9152,TRACKING,L+C+R_fused
1786982949.857,48.1,0.937,0.905,0.922,0.4836,0.0919,7.33,-0.97852,0.150,0.180,0.000,0.9132,0.9175,TRACKING,L+C+R_fused
1786982949.878,48.1,0.930,0.902,0.923,0.4884,0.0910,9.65,-0.73705,0.150,0.180,0.000,0.8682,0.8793,TRACKING,L+C+R_fused
1786982949.893,48.1,0.931,0.900,0.926,0.4890,0.0853,6.92,-1.01814,0.150,0.180,0.000,0.8513,0.8582,TRACKING,L+C+R_fused
1786982949.927,48.1,0.940,0.889,0.924,0.4895,0.0837,8.54,-0.86193,0.150,0.180,0.000,0.8057,0.8159,TRACKING,L+C+R_fused
1786982949.949,48.1,0.944,0.883,0.923,0.4970,0.0765,5.55,-1.16334,0.150,0.180,0.000,0.7764,0.7819,TRACKING,L+C+R_fused
1786982949.964,48.1,0.951,0.881,0.922,0.4956,0.0761,6.40,-1.19806,0.150,0.180,0.000,0.7404,0.7466,TRACKING,L+C+R_fused
1786982949.979,48.1,0.956,0.874,0.917,0.4954,0.0719,7.39,-1.06005,0.150,0.180,0.000,0.6719,0.6831,TRACKING,L+C+R_fused
1786982949.996,48.1,0.971,0.885,0.925,0.4805,0.0727,9.75,-0.95483,0.150,0.180,0.000,0.6137,0.6241,TRACKING,L+C+R_fused
1786982950.008,48.1,0.000,0.876,0.926,0.4591,0.0626,7.66,-1.12748,0.150,0.180,0.000,0.5219,0.5340,TRACKING,R+C
1786982950.032,48.1,0.000,0.894,0.917,0.4681,0.0640,9.26,-1.05638,0.150,0.180,0.000,0.4916,0.4946,TRACKING,R+C
1786982950.056,48.1,0.000,0.888,0.915,0.4770,0.0571,7.43,-1.30323,0.150,0.180,0.000,0.4190,0.4253,TRACKING,R+C
1786982950.075,48.1,0.000,0.874,0.913,0.4782,0.0541,7.99,-1.30101,0.150,0.180,0.000,0.3465,0.3523,TRACKING,R+C
1786982950.098,48.1,0.000,0.882,0.918,0.4852,0.0449,7.79,-1.29385,0.150,0.180,0.000,0.2017,0.2168,TRACKING,R+C
1786982950.117,48.1,0.000,0.887,0.906,0.4929,0.0419,9.90,-1.20466,0.150,0.180,0.000,0.0661,0.0793,TRACKING,R+C
1786982950.133,48.1,0.000,0.886,0.909,0.5059,0.0363,8.29,-1.33122,0.150,0.180,0.000,0.0190,0.0183,TRACKING,R+C
1786982950.148,48.1,0.000,0.895,0.912,0.5083,0.0329,6.80,-1.54607,0.150,0.700,0.000,-0.0123,-0.0184,TRACKING,R+C
1786982950.164,48.1,0.000,0.889,0.909,0.5102,0.0353,7.58,-1.48031,0.150,0.180,0.000,0.0060,-0.0045,TRACKING,R+C
1786982950.187,48.1,0.000,0.885,0.904,0.5108,0.0409,9.18,-1.37970,0.150,0.180,0.000,0.0497,0.0310,TRACKING,R+C
1786982950.214,48.1,0.000,0.885,0.904,0.5108,0.0328,7.34,-1.10376,0.150,0.180,0.000,0.0497,0.0370,TRACKING,prediction
1786982950.242,48.1,0.000,0.894,0.906,0.5156,0.0475,11.37,-1.16319,0.150,0.180,0.000,0.1023,0.0837,TRACKING,R+C
1786982950.258,48.1,0.000,0.889,0.909,0.5236,0.0441,9.06,-1.41348,0.150,0.180,0.000,0.1050,0.0923,TRACKING,R+C
1786982950.275,48.1,0.000,0.889,0.909,0.5236,0.0353,7.25,-1.13079,0.150,0.180,0.000,0.1050,0.0937,TRACKING,prediction
1786982950.306,48.1,0.000,0.889,0.909,0.5236,0.0282,5.80,-0.90463,0.150,0.180,0.000,0.1050,0.0939,TRACKING,prediction
1786982950.327,48.1,0.000,0.882,0.903,0.5399,0.0209,5.24,-1.83883,0.150,0.180,0.000,-0.2054,-0.1748,TRACKING,R+C
1786982950.356,48.1,0.000,0.891,0.902,0.5531,0.0211,10.15,-1.42808,0.150,0.180,0.000,-0.3502,-0.3389,TRACKING,R+C
1786982950.375,48.1,0.000,0.884,0.899,0.5563,0.0202,11.24,-1.43861,0.150,0.180,0.000,-0.4149,-0.4198,TRACKING,R+C
1786982950.390,48.1,0.000,0.886,0.902,0.5701,0.0161,12.09,-1.36561,0.150,0.180,0.000,-0.5033,-0.5080,TRACKING,R+C
1786982950.405,48.1,0.000,0.886,0.896,0.5759,0.0167,12.13,-1.43325,0.150,0.180,0.000,-0.5061,-0.5240,TRACKING,R+C
1786982950.422,48.1,0.000,0.885,0.900,0.5714,0.0121,8.33,-1.84638,0.150,0.180,0.000,-0.4857,-0.5095,TRACKING,R+C
1786982950.436,48.1,0.000,0.876,0.902,0.5728,0.0195,13.69,-1.30530,0.150,0.180,0.000,-0.5093,-0.5267,TRACKING,R+C
1786982950.451,48.1,0.000,0.879,0.897,0.5841,0.0143,10.83,-1.70282,0.150,0.180,0.000,-0.5325,-0.5506,TRACKING,R+C
1786982950.467,48.1,0.000,0.870,0.900,0.5920,0.0072,12.07,-1.51741,0.150,0.180,0.000,-0.6516,-0.6565,TRACKING,R+C
1786982950.476,48.1,0.000,0.871,0.892,0.6024,0.0016,13.77,-1.39282,0.150,0.180,0.000,-0.7661,-0.7715,TRACKING,R+C
1786982950.500,48.1,0.000,0.871,0.892,0.6024,0.0013,11.02,-1.11425,0.150,0.180,0.000,-0.7661,-0.7884,TRACKING,prediction
1786982950.524,48.1,0.000,0.871,0.892,0.6024,0.0010,8.81,-0.89140,0.150,0.180,0.000,-0.7661,-0.7910,TRACKING,prediction
1786982950.540,48.1,0.000,0.877,0.895,0.6179,-0.0076,12.83,-1.74105,0.150,0.180,0.000,-0.8819,-0.8938,TRACKING,R+C
1786982950.563,48.1,0.000,0.877,0.889,0.5599,-0.0087,12.20,-1.86847,0.150,0.180,0.000,-0.8885,-0.9149,TRACKING,R+C
1786982950.575,48.1,0.000,0.877,0.889,0.5599,-0.0069,9.76,-1.49478,0.150,0.180,0.000,-0.8885,-0.9180,TRACKING,prediction
1786982950.596,48.1,0.000,0.877,0.889,0.5599,-0.0055,7.81,-1.19582,0.150,0.180,0.000,-0.8885,-0.9184,TRACKING,prediction
1786982950.621,48.1,0.000,0.877,0.889,0.5599,-0.0044,6.24,-0.95666,0.150,0.180,0.000,-0.8885,-0.9185,TRACKING,prediction
1786982950.647,48.1,0.000,0.875,0.884,0.6190,-0.0301,13.44,-1.69918,0.150,0.180,0.000,-1.0000,-1.0000,TRACKING,R+C
1786982950.675,48.1,0.000,0.879,0.882,0.5930,-0.0304,19.26,-1.12022,0.150,0.180,0.000,-1.0000,-1.0000,TRACKING,R+C
1786982950.690,48.1,0.000,0.884,0.886,0.5583,-0.0346,22.10,-0.80116,0.150,0.180,0.000,-1.0000,-1.0000,TRACKING,R+C
1786982950.709,48.1,0.000,0.883,0.886,0.5709,-0.0441,20.18,-0.88268,0.150,0.180,0.000,-1.0000,-1.0000,TRACKING,R+C
1786982950.732,48.1,0.000,0.889,0.900,0.6859,-0.0418,23.67,-0.53478,0.150,0.180,0.000,-1.0000,-1.0000,TRACKING,R+C
1786982950.748,48.1,0.000,0.889,0.900,0.6893,-0.0406,25.22,-0.39877,0.160,0.180,0.000,-1.0000,-1.0000,TRACKING,R+C
1786982950.763,48.1,0.000,0.893,0.889,0.6775,-0.0475,26.11,-0.26373,0.174,0.180,0.000,-1.0000,-1.0000,TRACKING,R+C
1786982950.779,48.1,0.000,0.893,0.898,0.7078,-0.0571,26.83,-0.13402,0.187,0.180,0.000,-1.0000,-1.0000,TRACKING,R+C
1786982950.808,48.1,0.000,0.894,0.888,0.6967,-0.0718,24.67,-0.18505,0.181,0.180,0.000,-1.0000,-1.0000,TRACKING,R+C
1786982950.824,50.3,0.000,0.894,0.888,0.6967,-0.0575,19.73,-0.14804,0.181,0.180,0.000,-1.0000,-1.0000,TRACKING,prediction
1786982950.840,50.3,0.000,0.902,0.872,0.6807,-0.0724,27.26,0.10188,0.190,0.180,0.000,-1.0000,-1.0000,TRACKING,R+C
1786982950.856,50.3,0.000,0.905,0.897,0.7298,-0.0837,24.30,0.01061,0.199,0.180,0.000,-1.0000,-1.0000,TRACKING,R+C
1786982950.871,50.3,0.000,0.900,0.875,0.6519,-0.0866,24.47,0.07472,0.193,0.180,0.000,-1.0000,-1.0000,TRACKING,R+C
1786982950.886,50.3,0.000,0.910,0.874,0.6161,-0.0897,25.51,0.17235,0.183,0.180,0.000,-1.0000,-1.0000,TRACKING,R+C
1786982950.902,50.3,0.000,0.910,0.874,0.6161,-0.0717,20.41,0.13788,0.183,0.180,0.000,-1.0000,-1.0000,TRACKING,prediction
1786982950.918,50.3,0.000,0.910,0.874,0.6161,-0.0574,16.33,0.11030,0.183,0.700,0.000,-1.0000,-1.0000,TRACKING,prediction
1786982950.936,50.3,0.000,0.910,0.874,0.6161,-0.0459,13.06,0.08824,0.183,0.700,0.000,-1.0000,-0.7270,TRACKING,prediction
1786982950.967,50.3,0.000,0.910,0.874,0.6161,-0.0367,10.45,0.07059,0.183,0.700,0.000,-1.0000,-0.6823,TRACKING,prediction
1786982950.980,50.3,0.000,0.910,0.874,0.6161,-0.0294,8.36,0.05647,0.183,0.700,0.000,-1.0000,-0.6756,TRACKING,prediction
1786982950.994,50.3,0.000,0.910,0.874,0.6161,-0.0235,6.69,0.04518,0.183,0.700,0.000,-1.0000,-0.6746,TRACKING,prediction
1786982951.010,50.3,0.000,0.910,0.874,0.6161,-0.0188,5.35,0.03614,0.183,0.700,0.000,-1.0000,-0.6745,TRACKING,prediction
1786982951.038,50.3,0.000,0.910,0.874,0.6161,-0.0150,4.28,0.02891,0.183,0.700,0.000,-1.0000,-0.6745,TRACKING,prediction
1786982951.064,50.3,0.000,0.910,0.874,0.6161,-0.0120,3.42,0.02313,0.183,0.700,0.000,-1.0000,-0.6745,TRACKING,prediction
1786982951.090,50.3,0.000,0.934,0.828,0.3929,-0.1498,10.17,-0.14091,0.186,0.700,0.000,-1.0000,-0.6748,TRACKING,R+C
1786982951.104,50.3,0.000,0.926,0.827,0.4172,-0.1444,11.15,-0.04982,0.195,0.700,0.000,-1.0000,-0.6742,TRACKING,R+C
1786982951.125,50.3,0.000,0.925,0.823,0.4538,-0.1430,10.83,0.00912,0.199,0.700,0.000,-1.0000,-0.6736,TRACKING,R+C
1786982951.156,50.3,0.000,0.925,0.823,0.4538,-0.1144,8.66,0.00730,0.199,0.700,0.000,-1.0000,-0.6736,TRACKING,prediction
1786982951.185,50.3,0.000,0.925,0.823,0.4538,-0.0915,6.93,0.00584,0.199,0.700,0.000,-1.0000,-0.6736,TRACKING,prediction
1786982951.212,50.3,0.000,0.924,0.869,0.5915,-0.1360,8.35,0.00949,0.199,0.700,0.000,-1.0000,-0.6714,TRACKING,R+C
1786982951.228,50.3,0.000,0.911,0.808,0.3989,-0.1372,4.48,-0.30933,0.169,0.700,0.000,-1.0000,-0.6710,TRACKING,R+C
1786982951.255,50.3,0.000,0.915,0.813,0.4053,-0.1336,5.08,-0.19680,0.180,0.700,0.000,-1.0000,-0.6703,TRACKING,R+C
1786982951.276,50.3,0.000,0.909,0.807,0.4116,-0.1331,3.13,-0.29075,0.171,0.700,0.000,-1.0000,-0.6697,TRACKING,R+C
1786982951.294,50.3,0.000,0.912,0.810,0.4015,-0.1292,2.50,-0.29333,0.171,0.700,0.000,-1.0000,-0.6689,TRACKING,R+C
1786982951.314,50.3,0.000,0.915,0.822,0.4184,-0.1245,2.48,-0.23482,0.177,0.180,0.000,-1.0000,-0.6680,TRACKING,R+C
1786982951.337,50.3,0.000,0.903,0.821,0.4259,-0.1189,2.52,-0.19200,0.181,0.180,0.000,-1.0000,-0.9773,TRACKING,R+C
1786982951.351,50.3,0.000,0.910,0.844,0.4327,-0.1152,1.25,-0.26878,0.173,0.180,0.000,-1.0000,-1.0000,TRACKING,R+C
1786982951.367,50.3,0.000,0.900,0.860,0.4567,-0.1115,-1.12,-0.45946,0.154,0.180,0.000,-1.0000,-1.0000,TRACKING,R+C
1786982951.382,50.3,0.000,0.903,0.901,0.5537,-0.1040,-0.71,-0.35986,0.164,0.180,0.000,-1.0000,-1.0000,TRACKING,R+C
1786982951.400,50.3,0.000,0.896,0.902,0.5410,-0.0983,-2.87,-0.55452,0.150,0.180,0.000,-1.0000,-1.0000,TRACKING,R+C
1786982951.413,50.3,0.000,0.896,0.917,0.5369,-0.0966,-6.22,-0.74691,0.150,0.180,0.000,-1.0000,-1.0000,TRACKING,R+C
1786982951.430,50.3,0.000,0.892,0.923,0.5403,-0.0815,-2.65,-0.49122,0.151,0.180,0.000,-1.0000,-1.0000,TRACKING,R+C
1786982951.446,50.3,0.867,0.885,0.927,0.4359,-0.0800,-8.02,-0.97440,0.150,0.180,0.000,-0.9801,-1.0000,TRACKING,L+C+R_fused
1786982951.468,50.3,0.962,0.888,0.931,0.4800,-0.0678,-7.62,-0.95738,0.150,0.180,0.000,-0.8702,-0.9032,TRACKING,L+C+R_fused
1786982951.488,50.3,0.959,0.886,0.933,0.4916,-0.0656,-11.19,-1.15852,0.150,0.700,0.000,-0.7702,-0.8020,TRACKING,L+C+R_fused
1786982951.504,50.3,0.959,0.893,0.934,0.4924,-0.0522,-8.75,-1.02742,0.150,0.180,0.000,-0.6609,-0.4903,TRACKING,L+C+R_fused
1786982951.531,50.3,0.957,0.892,0.934,0.4959,-0.0478,-10.62,-1.19978,0.150,0.180,0.000,-0.5622,-0.5616,TRACKING,L+C+R_fused
1786982951.547,50.3,0.959,0.894,0.937,0.4921,-0.0470,-12.02,-1.33590,0.150,0.700,0.000,-0.5213,-0.5367,TRACKING,L+C+R_fused
1786982951.571,50.3,0.961,0.896,0.936,0.4843,-0.0462,-13.63,-1.53143,0.150,0.700,0.000,-0.4833,-0.3524,TRACKING,L+C+R_fused
1786982951.593,50.3,0.969,0.900,0.936,0.4716,-0.0427,-10.38,-1.36519,0.150,0.180,0.000,-0.5214,-0.3467,TRACKING,L+C+R_fused
1786982951.614,50.3,0.735,0.900,0.936,0.4585,-0.0443,-12.18,-1.57343,0.150,0.700,0.000,-0.5146,-0.5009,TRACKING,L+C+R_fused
1786982951.640,50.3,0.000,0.903,0.937,0.5063,-0.0451,-11.52,-1.55386,0.150,0.700,0.000,-0.5472,-0.3831,TRACKING,R+C
1786982951.655,50.3,0.000,0.907,0.934,0.5052,-0.0419,-11.81,-1.68886,0.150,0.180,0.000,-0.5114,-0.3465,TRACKING,R+C
1786982951.671,50.3,0.000,0.908,0.934,0.5091,-0.0357,-9.45,-1.59976,0.150,0.180,0.000,-0.4900,-0.4804,TRACKING,R+C
1786982951.685,50.3,0.000,0.902,0.930,0.5065,-0.0296,-10.28,-1.74655,0.150,0.180,0.000,-0.3871,-0.4115,TRACKING,R+C
1786982951.699,50.3,0.000,0.899,0.933,0.5031,-0.0183,-8.81,-1.70370,0.150,0.180,0.000,-0.2497,-0.2829,TRACKING,R+C
1786982951.717,50.3,0.000,0.901,0.932,0.4955,-0.0049,-6.46,-1.60529,0.150,0.180,0.000,-0.0981,-0.1331,TRACKING,R+C
1786982951.736,50.3,0.978,0.896,0.938,0.4787,0.0047,-6.60,-1.65965,0.150,0.700,0.000,0.0679,0.0319,TRACKING,L+C+R_fused
1786982951.760,50.3,0.962,0.898,0.937,0.4948,0.0157,-6.74,-1.76654,0.150,0.180,0.000,0.2453,0.1382,TRACKING,L+C+R_fused
1786982951.791,50.3,0.955,0.901,0.933,0.5035,0.0290,-5.59,-1.73797,0.150,0.180,0.000,0.4236,0.3779,TRACKING,L+C+R_fused
1786982951.821,50.3,0.953,0.904,0.940,0.5089,0.0397,-3.10,-1.59720,0.150,0.180,0.000,0.5165,0.4962,TRACKING,L+C+R_fused
1786982951.836,50.4,0.954,0.901,0.947,0.5088,0.0495,-0.59,-1.52813,0.150,0.700,0.000,0.5790,0.5666,TRACKING,L+C+R_fused
1786982951.864,50.4,0.956,0.904,0.942,0.4995,0.0478,-2.66,-1.72561,0.150,0.700,0.000,0.5993,0.4161,TRACKING,L+C+R_fused
1786982951.893,50.4,0.958,0.905,0.946,0.4820,0.0520,-0.88,-1.65316,0.150,0.700,0.000,0.6069,0.3977,TRACKING,L+C+R_fused
1786982951.909,50.4,0.957,0.905,0.946,0.4884,0.0581,2.06,-1.48118,0.150,0.700,0.000,0.6129,0.3983,TRACKING,L+C+R_fused
1786982951.935,50.4,0.966,0.904,0.793,0.5060,0.0639,4.07,-1.36922,0.150,0.700,0.000,0.6374,0.4119,TRACKING,L+C+R_fused
1786982951.962,50.4,0.969,0.906,0.929,0.5067,0.0622,2.23,-1.55482,0.150,0.700,0.000,0.6523,0.4222,TRACKING,L+C+R_fused
1786982951.988,50.4,0.909,0.901,0.929,0.4970,0.0654,4.72,-1.43007,0.150,0.180,0.000,0.6264,0.4081,TRACKING,L+C+R_fused
1786982952.002,50.4,0.000,0.899,0.934,0.4746,0.0591,3.70,-1.54724,0.150,0.180,0.000,0.5583,0.5324,TRACKING,R+C
1786982952.016,50.4,0.000,0.894,0.936,0.4982,0.0584,5.51,-1.48391,0.150,0.180,0.000,0.4882,0.4903,TRACKING,R+C
1786982952.033,50.4,0.000,0.894,0.936,0.4986,0.0610,8.18,-1.34429,0.150,0.180,0.000,0.4421,0.4441,TRACKING,R+C
1786982952.056,50.4,0.000,0.899,0.924,0.5350,0.0537,7.43,-1.41989,0.150,0.180,0.000,0.3438,0.3523,TRACKING,R+C
1786982952.072,50.4,0.000,0.899,0.923,0.5257,0.0533,8.38,-1.39756,0.150,0.180,0.000,0.2983,0.2992,TRACKING,R+C
1786982952.089,50.4,0.000,0.899,0.932,0.5108,0.0499,7.42,-1.48758,0.150,0.180,0.000,0.2686,0.2657,TRACKING,R+C
1786982952.104,50.4,0.000,0.895,0.926,0.5272,0.0528,9.47,-1.31609,0.150,0.180,0.000,0.2562,0.2501,TRACKING,R+C
1786982952.118,50.4,0.000,0.895,0.919,0.5051,0.0577,11.38,-1.18888,0.150,0.180,0.000,0.2731,0.2623,TRACKING,R+C
1786982952.134,50.4,0.000,0.893,0.922,0.5222,0.0620,11.28,-1.22913,0.150,0.180,0.000,0.3423,0.3236,TRACKING,R+C
1786982952.150,50.4,0.000,0.896,0.927,0.5031,0.0684,13.01,-1.10459,0.150,0.180,0.000,0.3903,0.3742,TRACKING,R+C
1786982952.163,50.4,0.000,0.900,0.910,0.5498,0.0703,13.30,-1.05658,0.150,0.180,0.000,0.4167,0.4047,TRACKING,R+C
1786982952.180,50.4,0.000,0.898,0.933,0.5031,0.0671,13.48,-1.02506,0.150,0.180,0.000,0.3632,0.3631,TRACKING,R+C
1786982952.195,50.4,0.000,0.894,0.931,0.5116,0.0627,12.00,-1.20403,0.150,0.180,0.000,0.3252,0.3237,TRACKING,R+C
1786982952.211,50.4,0.000,0.888,0.918,0.5368,0.0558,13.33,-1.09803,0.150,0.180,0.000,0.1645,0.1793,TRACKING,R+C
1786982952.227,50.4,0.000,0.888,0.910,0.5490,0.0473,13.86,-1.04853,0.150,0.180,0.000,-0.0019,0.0146,TRACKING,R+C
1786982952.244,50.4,0.000,0.888,0.914,0.5451,0.0450,14.95,-1.05188,0.150,0.180,0.000,-0.0978,-0.0931,TRACKING,R+C
1786982952.261,50.4,0.000,0.888,0.910,0.5612,0.0377,15.88,-0.94324,0.150,0.180,0.000,-0.2507,-0.2406,TRACKING,R+C
1786982952.284,50.4,0.000,0.889,0.911,0.5721,0.0202,12.69,-1.15491,0.150,0.180,0.000,-0.4290,-0.4163,TRACKING,R+C
1786982952.306,50.4,0.000,0.888,0.911,0.5843,0.0192,14.97,-1.01557,0.150,0.180,0.000,-0.5193,-0.5205,TRACKING,R+C
1786982952.322,50.4,0.000,0.890,0.907,0.5918,0.0083,15.97,-0.88672,0.150,0.180,0.000,-0.6896,-0.6830,TRACKING,R+C
1786982952.339,50.4,0.000,0.892,0.899,0.5798,0.0017,17.24,-0.82141,0.150,0.180,0.000,-0.8044,-0.8068,TRACKING,R+C
1786982952.353,50.4,0.000,0.896,0.901,0.6220,-0.0154,14.50,-1.01612,0.150,0.180,0.000,-0.9251,-0.9302,TRACKING,R+C
1786982952.375,50.4,0.000,0.897,0.898,0.5733,-0.0210,14.34,-1.10998,0.150,0.180,0.000,-0.9832,-0.9996,TRACKING,R+C
1786982952.390,50.4,0.000,0.908,0.904,0.6317,-0.0276,16.32,-0.85564,0.150,0.180,0.000,-1.0000,-1.0000,TRACKING,R+C
1786982952.406,50.4,0.000,0.905,0.900,0.6176,-0.0345,14.98,-0.91502,0.150,0.180,0.000,-1.0000,-1.0000,TRACKING,R+C
1786982952.424,50.4,0.000,0.909,0.904,0.6425,-0.0338,15.08,-0.89959,0.150,0.180,0.000,-1.0000,-1.0000,TRACKING,R+C
1786982952.440,50.4,0.000,0.910,0.907,0.6398,-0.0351,14.82,-0.86286,0.150,0.180,0.000,-1.0000,-1.0000,TRACKING,R+C
1786982952.458,50.4,0.000,0.911,0.894,0.5820,-0.0338,14.67,-0.86413,0.150,0.180,0.000,-1.0000,-1.0000,TRACKING,R+C
1786982952.474,50.4,0.000,0.909,0.908,0.6311,-0.0345,15.27,-0.74742,0.150,0.180,0.000,-1.0000,-1.0000,TRACKING,R+C
1786982952.489,50.4,0.000,0.913,0.909,0.6285,-0.0402,13.59,-0.84024,0.150,0.700,0.000,-1.0000,-1.0000,TRACKING,R+C
1786982952.508,50.4,0.000,0.913,0.895,0.5621,-0.0416,14.05,-0.80874,0.150,0.180,0.000,-1.0000,-0.7195,TRACKING,R+C
1786982952.529,50.4,0.000,0.913,0.906,0.6351,-0.0517,13.17,-0.85277,0.150,0.700,0.000,-1.0000,-0.9867,TRACKING,R+C
1786982952.545,50.4,0.000,0.914,0.891,0.6474,-0.0584,14.48,-0.72785,0.150,0.700,0.000,-1.0000,-0.7148,TRACKING,R+C
1786982952.559,50.4,0.000,0.924,0.908,0.6515,-0.0693,13.83,-0.72807,0.150,0.700,0.000,-1.0000,-0.6768,TRACKING,R+C
1786982952.571,50.4,0.000,0.923,0.892,0.5924,-0.0760,13.18,-0.80221,0.150,0.700,0.000,-1.0000,-0.6718,TRACKING,R+C
1786982952.804,50.4,0.000,0.928,0.892,0.5618,-0.0813,13.00,-0.78373,0.150,0.700,0.000,-1.0000,-0.6714,TRACKING,R+C
1786982952.825,50.4,0.000,0.931,0.895,0.6355,-0.0844,12.91,-0.73239,0.150,0.700,0.000,-1.0000,-0.6713,TRACKING,R+C
1786982952.839,43.9,0.000,0.931,0.895,0.6357,-0.0869,12.55,-0.72404,0.150,0.700,0.000,-1.0000,-0.6713,TRACKING,R+C
1786982952.856,43.9,0.000,0.934,0.899,0.5924,-0.0893,12.55,-0.68958,0.150,0.700,0.000,-1.0000,-0.6715,TRACKING,R+C
1786982952.871,43.9,0.000,0.930,0.909,0.6394,-0.0931,12.98,-0.61200,0.150,0.700,0.000,-1.0000,-0.6718,TRACKING,R+C
1786982952.885,43.9,0.000,0.931,0.896,0.5892,-0.0991,12.04,-0.68127,0.150,0.700,0.000,-1.0000,-0.6723,TRACKING,R+C
1786982952.912,43.9,0.000,0.933,0.903,0.6134,-0.1036,11.00,-0.78060,0.150,0.700,0.000,-1.0000,-0.6728,TRACKING,R+C
1786982952.930,43.9,0.000,0.936,0.902,0.6299,-0.1088,8.91,-0.91692,0.150,0.700,0.000,-1.0000,-0.6729,TRACKING,R+C
1786982952.943,43.9,0.000,0.938,0.904,0.6227,-0.1063,10.13,-0.74772,0.150,0.700,0.000,-1.0000,-0.6725,TRACKING,R+C
1786982952.958,43.9,0.000,0.939,0.902,0.5707,-0.1036,10.37,-0.69556,0.150,0.700,0.000,-1.0000,-0.6720,TRACKING,R+C
1786982952.977,43.9,0.000,0.944,0.901,0.5762,-0.1018,10.22,-0.64197,0.150,0.700,0.000,-1.0000,-0.6714,TRACKING,R+C
1786982952.992,43.9,0.000,0.942,0.900,0.5610,-0.0994,9.75,-0.65550,0.150,0.700,0.000,-1.0000,-0.6709,TRACKING,R+C
1786982953.008,43.9,0.000,0.942,0.902,0.5336,-0.0961,9.86,-0.59663,0.150,0.700,0.000,-1.0000,-0.6703,TRACKING,R+C
1786982953.025,43.9,0.000,0.941,0.897,0.5788,-0.0935,9.20,-0.61856,0.150,0.700,0.000,-1.0000,-0.6697,TRACKING,R+C
1786982953.041,43.9,0.000,0.944,0.902,0.5920,-0.0913,8.54,-0.62866,0.150,0.700,0.000,-1.0000,-0.6691,TRACKING,R+C
1786982953.065,43.9,0.000,0.944,0.902,0.5584,-0.0881,8.47,-0.60677,0.150,0.700,0.000,-1.0000,-0.6685,TRACKING,R+C
1786982953.079,43.9,0.000,0.943,0.909,0.5648,-0.0855,8.44,-0.58960,0.150,0.700,0.000,-1.0000,-0.6681,TRACKING,R+C
1786982953.096,43.9,0.000,0.942,0.916,0.5797,-0.0831,7.48,-0.68622,0.150,0.700,0.000,-1.0000,-0.6677,TRACKING,R+C
1786982953.110,43.9,0.000,0.943,0.911,0.5699,-0.0812,7.24,-0.65742,0.150,0.180,0.000,-1.0000,-0.6672,TRACKING,R+C
1786982953.125,43.9,0.000,0.932,0.921,0.5705,-0.0825,4.60,-0.89985,0.150,0.180,0.000,-1.0000,-0.9773,TRACKING,R+C
1786982953.140,43.9,0.000,0.941,0.921,0.5695,-0.0805,6.19,-0.71533,0.150,0.180,0.000,-1.0000,-1.0000,TRACKING,R+C
1786982953.159,43.9,0.000,0.938,0.918,0.5704,-0.0846,5.13,-0.78776,0.150,0.180,0.000,-1.0000,-1.0000,TRACKING,R+C
1786982953.175,43.9,0.000,0.939,0.921,0.5719,-0.0891,5.42,-0.74358,0.150,0.180,0.000,-1.0000,-1.0000,TRACKING,R+C
1786982953.191,43.9,0.000,0.939,0.919,0.5707,-0.0921,5.77,-0.72548,0.150,0.180,0.000,-1.0000,-1.0000,TRACKING,R+C
1786982953.206,43.9,0.000,0.937,0.913,0.5417,-0.0940,5.58,-0.72462,0.150,0.180,0.000,-1.0000,-1.0000,TRACKING,R+C
1786982953.221,43.9,0.000,0.927,0.912,0.5446,-0.0931,4.25,-0.84929,0.150,0.180,0.000,-1.0000,-1.0000,TRACKING,R+C
1786982953.236,43.9,0.000,0.934,0.916,0.5611,-0.0888,4.86,-0.75161,0.150,0.180,0.000,-1.0000,-1.0000,TRACKING,R+C
1786982953.253,43.9,0.000,0.925,0.919,0.5593,-0.0832,5.49,-0.65757,0.150,0.180,0.000,-1.0000,-1.0000,TRACKING,R+C
1786982953.268,43.9,0.000,0.923,0.924,0.5542,-0.0817,2.48,-0.90604,0.150,0.180,0.000,-1.0000,-1.0000,TRACKING,R+C
1786982953.292,43.9,0.000,0.929,0.925,0.5449,-0.0786,1.13,-0.99314,0.150,0.180,0.000,-1.0000,-1.0000,TRACKING,R+C
1786982953.308,43.9,0.000,0.930,0.924,0.5407,-0.0713,2.70,-0.85346,0.150,0.180,0.000,-1.0000,-1.0000,TRACKING,R+C
1786982953.336,43.9,0.000,0.933,0.926,0.5373,-0.0670,3.63,-0.76762,0.150,0.180,0.000,-1.0000,-1.0000,TRACKING,R+C
1786982953.353,43.9,0.000,0.931,0.927,0.5332,-0.0673,2.21,-0.88100,0.150,0.180,0.000,-1.0000,-1.0000,TRACKING,R+C
1786982953.369,43.9,0.000,0.933,0.929,0.5325,-0.0679,2.50,-0.83943,0.150,0.180,0.000,-1.0000,-1.0000,TRACKING,R+C
1786982953.389,43.9,0.000,0.932,0.930,0.5363,-0.0706,2.97,-0.79435,0.150,0.180,0.000,-1.0000,-1.0000,TRACKING,R+C
1786982953.412,43.9,0.000,0.926,0.928,0.5399,-0.0761,2.20,-0.88449,0.150,0.700,0.000,-1.0000,-1.0000,TRACKING,R+C
1786982953.428,43.9,0.000,0.929,0.930,0.5424,-0.0813,1.04,-0.93946,0.150,0.180,0.000,-1.0000,-0.7178,TRACKING,R+C
1786982953.442,43.9,0.000,0.931,0.927,0.5456,-0.0827,1.48,-0.88927,0.150,0.700,0.000,-1.0000,-0.9822,TRACKING,R+C
1786982953.461,43.9,0.000,0.927,0.928,0.5444,-0.0795,2.66,-0.80950,0.150,0.180,0.000,-1.0000,-0.7111,TRACKING,R+C
1786982953.475,43.9,0.000,0.927,0.930,0.5424,-0.0752,2.78,-0.77134,0.150,0.180,0.000,-1.0000,-0.9798,TRACKING,R+C
1786982953.494,43.9,0.000,0.922,0.931,0.5370,-0.0722,1.30,-0.86463,0.150,0.180,0.000,-1.0000,-1.0000,TRACKING,R+C
1786982953.515,43.9,0.000,0.926,0.935,0.5330,-0.0647,2.67,-0.74806,0.150,0.180,0.000,-1.0000,-1.0000,TRACKING,R+C
1786982953.528,43.9,0.000,0.926,0.937,0.5305,-0.0631,1.79,-0.79982,0.150,0.180,0.000,-1.0000,-1.0000,TRACKING,R+C
1786982953.545,43.9,0.000,0.928,0.935,0.5264,-0.0619,1.97,-0.78524,0.150,0.700,0.000,-1.0000,-1.0000,TRACKING,R+C
1786982953.559,43.9,0.000,0.932,0.936,0.5239,-0.0652,0.78,-0.87646,0.150,0.180,0.000,-1.0000,-0.7153,TRACKING,R+C
1786982953.576,43.9,0.000,0.928,0.937,0.5186,-0.0648,1.04,-0.88314,0.150,0.700,0.000,-1.0000,-0.9779,TRACKING,R+C
1786982953.593,43.9,0.000,0.926,0.938,0.5156,-0.0625,1.28,-0.88108,0.150,0.700,0.000,-1.0000,-0.7086,TRACKING,R+C
1786982953.608,43.9,0.000,0.927,0.938,0.5093,-0.0568,1.62,-0.85490,0.150,0.700,0.000,-0.9771,-0.6563,TRACKING,R+C
1786982953.625,43.9,0.000,0.923,0.938,0.5033,-0.0517,1.94,-0.83308,0.150,0.700,0.000,-0.9348,-0.6246,TRACKING,R+C
1786982953.640,43.9,0.000,0.925,0.939,0.5014,-0.0485,1.95,-0.81553,0.150,0.700,0.000,-0.9020,-0.6014,TRACKING,R+C
1786982953.658,43.9,0.000,0.930,0.941,0.5008,-0.0462,2.03,-0.80066,0.150,0.180,0.000,-0.8796,-0.5852,TRACKING,R+C
1786982953.673,43.9,0.000,0.926,0.942,0.4976,-0.0472,0.87,-0.88696,0.150,0.180,0.000,-0.8686,-0.8430,TRACKING,R+C
1786982953.687,43.9,0.000,0.928,0.945,0.5016,-0.0435,1.75,-0.79739,0.150,0.180,0.000,-0.8423,-0.8574,TRACKING,R+C
1786982953.699,43.9,0.000,0.924,0.942,0.5023,-0.0384,1.86,-0.81687,0.150,0.180,0.000,-0.7905,-0.8148,TRACKING,R+C
1786982953.718,43.9,0.000,0.923,0.944,0.5012,-0.0321,1.91,-0.80729,0.150,0.700,0.000,-0.7154,-0.7433,TRACKING,R+C
1786982953.733,43.9,0.000,0.926,0.943,0.5006,-0.0298,1.38,-0.81779,0.150,0.700,0.000,-0.6697,-0.4876,TRACKING,R+C
1786982953.761,43.9,0.000,0.926,0.944,0.5038,-0.0264,2.50,-0.72446,0.150,0.180,0.000,-0.6498,-0.4390,TRACKING,R+C
1786982953.775,43.9,0.000,0.925,0.945,0.5072,-0.0270,2.59,-0.73121,0.150,0.700,0.000,-0.6609,-0.6408,TRACKING,R+C
1786982953.792,43.9,0.000,0.924,0.942,0.5103,-0.0310,2.56,-0.73764,0.150,0.700,0.000,-0.7129,-0.4966,TRACKING,R+C
1786982953.807,43.9,0.000,0.927,0.943,0.5168,-0.0369,1.79,-0.82023,0.150,0.180,0.000,-0.7721,-0.5093,TRACKING,R+C
1786982953.823,43.9,0.000,0.927,0.940,0.5227,-0.0417,2.54,-0.77904,0.150,0.180,0.000,-0.8432,-0.8097,TRACKING,R+C
1786982953.839,59.0,0.000,0.921,0.939,0.5271,-0.0497,2.34,-0.81824,0.150,0.700,0.000,-0.9240,-0.9240,TRACKING,R+C
1786982953.853,59.0,0.000,0.920,0.938,0.5365,-0.0585,3.69,-0.72781,0.150,0.700,0.000,-1.0000,-0.7009,TRACKING,R+C
1786982953.870,59.0,0.000,0.926,0.935,0.5468,-0.0717,3.11,-0.82778,0.150,0.700,0.000,-1.0000,-0.6703,TRACKING,R+C
1786982953.884,59.0,0.000,0.930,0.935,0.5572,-0.0857,3.46,-0.79618,0.150,0.700,0.000,-1.0000,-0.6673,TRACKING,R+C
1786982953.900,59.0,0.000,0.928,0.931,0.5662,-0.0994,4.33,-0.73572,0.150,0.700,0.000,-1.0000,-0.6684,TRACKING,R+C
1786982953.928,59.0,0.000,0.934,0.927,0.5743,-0.1121,4.88,-0.68862,0.150,0.700,0.000,-1.0000,-0.6700,TRACKING,R+C
1786982953.943,59.0,0.000,0.940,0.923,0.5799,-0.1211,4.84,-0.68423,0.150,0.700,0.000,-1.0000,-0.6710,TRACKING,R+C
1786982953.967,59.0,0.000,0.939,0.931,0.5688,-0.1254,5.72,-0.60243,0.150,0.700,0.000,-1.0000,-0.6716,TRACKING,R+C
1786982953.984,59.0,0.000,0.945,0.926,0.5654,-0.1282,6.42,-0.50391,0.150,0.700,0.000,-1.0000,-0.6719,TRACKING,R+C
1786982954.000,59.0,0.000,0.937,0.923,0.5796,-0.1315,4.54,-0.72572,0.150,0.700,0.000,-1.0000,-0.6724,TRACKING,R+C
1786982954.016,59.0,0.000,0.933,0.919,0.5882,-0.1337,4.14,-0.77459,0.150,0.700,0.000,-1.0000,-0.6727,TRACKING,R+C
1786982954.035,59.0,0.000,0.940,0.915,0.5390,-0.1373,3.65,-0.80336,0.150,0.700,0.000,-1.0000,-0.6730,TRACKING,R+C
1786982954.050,59.0,0.000,0.930,0.918,0.5876,-0.1457,1.48,-0.99556,0.150,0.700,0.000,-1.0000,-0.6738,TRACKING,R+C
1786982954.067,59.0,0.000,0.929,0.922,0.5818,-0.1524,1.38,-1.00694,0.150,0.700,0.000,-1.0000,-0.6746,TRACKING,R+C
1786982954.082,59.0,0.000,0.937,0.918,0.5862,-0.1585,0.99,-1.06940,0.150,0.700,0.000,-1.0000,-0.6755,TRACKING,R+C
1786982954.097,59.0,0.000,0.940,0.909,0.5567,-0.1609,2.49,-0.91859,0.150,0.700,0.000,-1.0000,-0.6759,TRACKING,R+C
1786982954.113,59.0,0.000,0.937,0.911,0.5713,-0.1629,1.46,-1.03640,0.150,0.700,0.000,-1.0000,-0.6761,TRACKING,R+C
1786982954.139,59.0,0.000,0.936,0.917,0.5856,-0.1627,1.19,-1.05775,0.150,0.700,0.000,-1.0000,-0.6761,TRACKING,R+C
1786982954.154,59.0,0.000,0.933,0.903,0.5639,-0.1598,1.07,-1.04716,0.150,0.700,0.000,-1.0000,-0.6756,TRACKING,R+C
1786982954.182,59.0,0.000,0.934,0.902,0.5556,-0.1585,-0.06,-1.11490,0.150,0.700,0.000,-1.0000,-0.6752,TRACKING,R+C
1786982954.198,59.0,0.000,0.928,0.901,0.5509,-0.1574,-1.53,-1.23620,0.150,0.700,0.000,-1.0000,-0.6749,TRACKING,R+C
1786982954.224,59.0,0.000,0.932,0.902,0.5744,-0.1526,-0.69,-1.14799,0.150,0.700,0.000,-1.0000,-0.6743,TRACKING,R+C
1786982954.242,59.0,0.000,0.931,0.905,0.5560,-0.1497,-1.16,-1.16949,0.150,0.700,0.000,-1.0000,-0.6738,TRACKING,R+C
1786982954.266,59.0,0.000,0.926,0.901,0.5583,-0.1438,-0.41,-1.10794,0.150,0.700,0.000,-1.0000,-0.6731,TRACKING,R+C
1786982954.281,59.0,0.000,0.929,0.913,0.5709,-0.1388,-0.21,-1.07865,0.150,0.700,0.000,-1.0000,-0.6725,TRACKING,R+C
1786982954.308,59.0,0.000,0.922,0.908,0.5595,-0.1366,-1.11,-1.17185,0.150,0.700,0.000,-1.0000,-0.6722,TRACKING,R+C
1786982954.327,59.0,0.000,0.927,0.910,0.5683,-0.1385,-2.27,-1.23501,0.150,0.700,0.000,-1.0000,-0.6721,TRACKING,R+C
1786982954.343,59.0,0.000,0.925,0.913,0.5690,-0.1407,-2.24,-1.25251,0.150,0.700,0.000,-1.0000,-0.6725,TRACKING,R+C
1786982954.359,59.0,0.000,0.929,0.915,0.5760,-0.1446,-1.97,-1.25366,0.150,0.700,0.000,-1.0000,-0.6731,TRACKING,R+C
1786982954.376,59.0,0.000,0.926,0.915,0.5818,-0.1493,-1.09,-1.18985,0.150,0.700,0.000,-1.0000,-0.6738,TRACKING,R+C
1786982954.391,59.0,0.000,0.933,0.909,0.5825,-0.1527,-0.61,-1.19333,0.150,0.700,0.000,-1.0000,-0.6745,TRACKING,R+C
1786982954.407,59.0,0.000,0.936,0.902,0.5847,-0.1554,-0.17,-1.15286,0.150,0.700,0.000,-1.0000,-0.6749,TRACKING,R+C
1786982954.432,59.0,0.000,0.930,0.905,0.5911,-0.1570,-1.50,-1.29910,0.150,0.700,0.000,-1.0000,-0.6751,TRACKING,R+C
1786982954.453,59.0,0.000,0.930,0.909,0.5939,-0.1547,-1.35,-1.28752,0.150,0.700,0.000,-1.0000,-0.6749,TRACKING,R+C
1786982954.468,59.0,0.000,0.928,0.895,0.5490,-0.1498,-0.64,-1.23275,0.150,0.700,0.000,-1.0000,-0.6744,TRACKING,R+C
1786982954.484,59.0,0.000,0.928,0.910,0.5903,-0.1488,-2.12,-1.34911,0.150,0.700,0.000,-1.0000,-0.6740,TRACKING,R+C
1786982954.499,59.0,0.000,0.930,0.909,0.5860,-0.1424,-0.74,-1.21527,0.150,0.700,0.000,-1.0000,-0.6733,TRACKING,R+C
1786982954.524,59.0,0.000,0.928,0.912,0.5858,-0.1361,-0.03,-1.17520,0.150,0.700,0.000,-1.0000,-0.6727,TRACKING,R+C
1786982954.540,59.0,0.000,0.926,0.909,0.5885,-0.1311,-0.14,-1.16355,0.150,0.700,0.000,-1.0000,-0.6719,TRACKING,R+C
1786982954.564,59.0,0.000,0.928,0.909,0.5874,-0.1255,-0.56,-1.22164,0.150,0.700,0.000,-1.0000,-0.6713,TRACKING,R+C
1786982954.580,59.0,0.000,0.924,0.908,0.5861,-0.1208,-1.15,-1.32290,0.150,0.700,0.000,-1.0000,-0.6709,TRACKING,R+C
1786982954.597,59.0,0.000,0.915,0.909,0.5835,-0.1157,-1.59,-1.42096,0.150,0.700,0.000,-1.0000,-0.6705,TRACKING,R+C
1786982954.612,59.0,0.000,0.913,0.909,0.5813,-0.1165,-5.52,-1.76085,0.150,0.700,0.000,-1.0000,-0.6703,TRACKING,R+C
1786982954.626,59.0,0.000,0.914,0.911,0.5799,-0.1071,-1.05,-1.37217,0.150,0.700,0.000,-1.0000,-0.6695,TRACKING,R+C
1786982954.641,59.0,0.000,0.911,0.916,0.5712,-0.1050,-4.10,-1.73965,0.150,0.700,0.000,-1.0000,-0.6694,TRACKING,R+C
1786982954.662,59.0,0.000,0.911,0.912,0.5784,-0.0952,-0.01,-1.41837,0.150,0.700,0.000,-1.0000,-0.6687,TRACKING,R+C
1786982954.677,59.0,0.000,0.907,0.920,0.5727,-0.0922,-2.57,-1.70950,0.150,0.700,0.000,-1.0000,-0.6685,TRACKING,R+C
1786982954.693,59.0,0.000,0.911,0.914,0.5728,-0.0875,-1.80,-1.62958,0.150,0.700,0.000,-1.0000,-0.6679,TRACKING,R+C
1786982954.709,59.0,0.000,0.909,0.914,0.5692,-0.0853,-4.02,-1.89611,0.150,0.700,0.000,-1.0000,-0.6678,TRACKING,R+C
1786982954.731,59.0,0.000,0.912,0.913,0.5637,-0.0798,-4.27,-1.94226,0.150,0.700,0.000,-1.0000,-0.6672,TRACKING,R+C
1786982954.747,59.0,0.000,0.911,0.913,0.5651,-0.0709,-2.47,-1.84602,0.150,0.700,0.000,-1.0000,-0.6665,TRACKING,R+C
1786982954.765,59.0,0.000,0.913,0.918,0.5654,-0.0621,0.11,-1.68528,0.150,0.700,0.000,-1.0000,-0.6660,TRACKING,R+C
1786982954.779,59.0,0.000,0.916,0.914,0.5674,-0.0581,1.14,-1.60581,0.150,0.700,0.000,-1.0000,-0.6656,TRACKING,R+C
1786982954.792,59.0,0.000,0.913,0.915,0.5732,-0.0591,1.64,-1.54166,0.150,0.700,0.000,-1.0000,-0.6657,TRACKING,R+C
1786982954.821,59.0,0.000,0.913,0.915,0.5827,-0.0609,2.72,-1.47828,0.150,0.700,0.000,-1.0000,-0.6662,TRACKING,R+C
1786982954.835,59.0,0.000,0.913,0.914,0.5918,-0.0591,6.91,-1.18655,0.150,0.700,0.000,-1.0000,-0.6669,TRACKING,R+C
1786982954.851,55.3,0.000,0.914,0.913,0.6047,-0.0703,6.23,-1.20205,0.150,0.700,0.000,-1.0000,-0.6680,TRACKING,R+C
1786982954.880,55.3,0.000,0.910,0.907,0.6145,-0.0720,10.02,-0.93635,0.150,0.700,0.000,-1.0000,-0.6691,TRACKING,R+C
1786982954.893,55.3,0.000,0.910,0.872,0.6278,-0.0814,10.65,-0.86593,0.150,0.700,0.000,-1.0000,-0.6702,TRACKING,R+C
1786982954.909,55.3,0.000,0.915,0.873,0.5626,-0.0881,12.79,-0.65849,0.150,0.700,0.000,-1.0000,-0.6713,TRACKING,R+C
1786982954.925,55.3,0.000,0.916,0.864,0.6494,-0.0916,15.45,-0.43271,0.157,0.700,0.000,-1.0000,-0.6721,TRACKING,R+C
1786982954.940,55.3,0.000,0.923,0.839,0.7466,-0.0985,15.03,-0.42315,0.158,0.180,0.000,-1.0000,-0.6727,TRACKING,R+C
1786982954.953,55.3,0.000,0.923,0.864,0.6513,-0.0986,16.40,-0.26622,0.173,0.180,0.000,-1.0000,-0.9870,TRACKING,R+C
1786982954.975,55.3,0.000,0.925,0.867,0.6055,-0.0963,17.44,-0.14448,0.186,0.700,0.000,-1.0000,-1.0000,TRACKING,R+C
1786982955.001,55.3,0.000,0.927,0.821,0.6878,-0.0966,16.73,-0.14020,0.186,0.180,0.000,-1.0000,-0.7232,TRACKING,R+C
1786982955.016,55.3,0.000,0.930,0.833,0.6380,-0.0951,17.04,-0.05543,0.194,0.180,0.000,-1.0000,-0.9926,TRACKING,R+C
1786982955.038,55.3,0.000,0.930,0.833,0.6380,-0.0761,13.64,-0.04434,0.194,0.180,0.000,-1.0000,-1.0000,TRACKING,prediction
1786982955.067,55.3,0.000,0.929,0.810,0.6832,-0.0925,16.56,0.02078,0.198,0.180,0.000,-1.0000,-1.0000,TRACKING,R+C
1786982955.084,55.3,0.000,0.928,0.802,0.5845,-0.0933,16.20,0.05371,0.195,0.180,0.000,-1.0000,-1.0000,TRACKING,R+C
1786982955.101,55.3,0.000,0.925,0.802,0.6891,-0.0980,14.46,-0.01074,0.199,0.180,0.000,-1.0000,-1.0000,TRACKING,R+C
1786982955.129,55.3,0.000,0.930,0.813,0.6449,-0.1001,14.54,0.05121,0.195,0.180,0.000,-1.0000,-1.0000,TRACKING,R+C
1786982955.142,55.3,0.000,0.933,0.809,0.6840,-0.1037,13.98,0.06453,0.194,0.180,0.000,-1.0000,-1.0000,TRACKING,R+C
1786982955.158,55.3,0.000,0.933,0.823,0.7508,-0.1048,13.63,0.09563,0.190,0.180,0.000,-1.0000,-1.0000,TRACKING,R+C
1786982955.175,55.3,0.000,0.934,0.819,0.6533,-0.1069,11.56,0.01511,0.198,0.180,0.000,-1.0000,-1.0000,TRACKING,R+C
1786982955.202,55.3,0.000,0.931,0.820,0.6581,-0.1052,11.02,0.01739,0.198,0.180,0.000,-1.0000,-1.0000,TRACKING,R+C
1786982955.219,55.3,0.000,0.928,0.821,0.6531,-0.1044,9.96,0.00412,0.200,0.180,0.000,-1.0000,-1.0000,TRACKING,R+C
1786982955.235,55.3,0.000,0.930,0.840,0.7185,-0.0989,10.36,0.06949,0.193,0.180,0.000,-1.0000,-1.0000,TRACKING,R+C
1786982955.252,55.3,0.000,0.929,0.822,0.6321,-0.0974,9.27,0.05249,0.195,0.180,0.000,-1.0000,-1.0000,TRACKING,R+C
1786982955.265,55.3,0.000,0.927,0.856,0.6993,-0.0925,9.19,0.07895,0.192,0.180,0.000,-1.0000,-1.0000,TRACKING,R+C
1786982955.276,55.3,0.000,0.926,0.826,0.6281,-0.0913,7.25,-0.00343,0.200,0.180,0.000,-0.9361,-0.9723,TRACKING,R+C
1786982955.303,55.3,0.000,0.922,0.821,0.5929,-0.0847,6.97,0.00029,0.200,0.180,0.000,-0.8918,-0.9248,TRACKING,R+C
1786982955.335,55.3,0.950,0.921,0.823,0.5626,-0.0824,5.51,-0.05441,0.195,0.180,0.000,-0.8889,-0.9140,TRACKING,L+C+R_fused
1786982955.358,55.3,0.949,0.919,0.816,0.6004,-0.0727,6.65,0.04614,0.195,0.180,0.000,-0.8354,-0.8653,TRACKING,L+C+R_fused
1786982955.379,55.3,0.948,0.918,0.828,0.5679,-0.0716,3.54,-0.12755,0.187,0.180,0.000,-0.8311,-0.8530,TRACKING,L+C+R_fused
1786982955.401,55.3,0.930,0.916,0.840,0.5766,-0.0665,3.54,-0.10456,0.190,0.180,0.000,-0.7761,-0.8033,TRACKING,L+C+R_fused
1786982955.417,55.3,0.923,0.919,0.860,0.5648,-0.0625,3.70,-0.07461,0.193,0.180,0.000,-0.7283,-0.7544,TRACKING,L+C+R_fused
1786982955.449,55.3,0.933,0.916,0.860,0.5441,-0.0656,1.47,-0.21608,0.178,0.180,0.000,-0.8039,-0.8112,TRACKING,L+C+R_fused
1786982955.477,55.3,0.917,0.915,0.832,0.5317,-0.0675,1.16,-0.24988,0.175,0.180,0.000,-0.8393,-0.8503,TRACKING,L+C+R_fused
1786982955.498,55.3,0.917,0.911,0.853,0.5093,-0.0696,1.63,-0.20350,0.180,0.180,0.000,-0.8296,-0.8484,TRACKING,L+C+R_fused
1786982955.518,55.3,0.914,0.901,0.830,0.4827,-0.0742,1.00,-0.24775,0.175,0.180,0.000,-0.8848,-0.8958,TRACKING,L+C+R_fused
1786982955.538,55.3,0.944,0.902,0.837,0.4370,-0.0804,-0.65,-0.36734,0.163,0.180,0.000,-0.9761,-0.9812,TRACKING,L+C+R_fused
1786982955.567,55.3,0.952,0.894,0.815,0.4704,-0.0816,-0.05,-0.32205,0.168,0.180,0.000,-0.9586,-0.9795,TRACKING,L+C+R_fused
1786982955.591,55.3,0.965,0.891,0.829,0.4312,-0.0869,-2.77,-0.58635,0.150,0.180,0.000,-1.0000,-1.0000,TRACKING,L+C+R_fused
1786982955.620,55.3,0.979,0.888,0.823,0.4222,-0.0898,-3.35,-0.56973,0.150,0.180,0.000,-1.0000,-1.0000,TRACKING,L+C+R_fused
1786982955.651,55.3,0.000,0.888,0.849,0.5298,-0.0892,-4.57,-0.71163,0.150,0.180,0.000,-1.0000,-1.0000,TRACKING,R+C
1786982955.680,55.3,0.000,0.877,0.835,0.5302,-0.0848,-4.74,-0.77908,0.150,0.180,0.000,-1.0000,-1.0000,TRACKING,R+C
1786982955.699,55.3,0.902,0.873,0.833,0.4200,-0.0837,-7.66,-0.94351,0.150,0.180,0.000,-1.0000,-1.0000,TRACKING,L+C+R_fused
1786982955.720,55.3,0.935,0.870,0.836,0.4377,-0.0659,-4.04,-0.71281,0.150,0.180,0.000,-0.9146,-0.9441,TRACKING,L+C+R_fused
1786982955.747,55.3,0.916,0.872,0.855,0.4575,-0.0629,-8.99,-1.06344,0.150,0.180,0.000,-0.7910,-0.8262,TRACKING,L+C+R_fused
1786982955.780,55.3,0.923,0.875,0.862,0.4740,-0.0564,-10.18,-1.16069,0.150,0.180,0.000,-0.6887,-0.7203,TRACKING,L+C+R_fused
1786982955.802,55.3,0.912,0.874,0.866,0.4865,-0.0475,-11.65,-1.28604,0.150,0.180,0.000,-0.5342,-0.5712,TRACKING,L+C+R_fused
1786982955.830,55.3,0.927,0.874,0.883,0.4915,-0.0362,-9.55,-1.11604,0.150,0.180,0.000,-0.4121,-0.4432,TRACKING,L+C+R_fused
1786982955.853,45.9,0.906,0.878,0.890,0.4989,-0.0245,-10.10,-1.21900,0.150,0.180,0.000,-0.2135,-0.2533,TRACKING,L+C+R_fused
1786982955.871,45.9,0.907,0.879,0.876,0.4949,-0.0165,-13.21,-1.50289,0.150,0.180,0.000,0.0075,-0.0356,TRACKING,L+C+R_fused
1786982955.901,45.9,0.904,0.880,0.876,0.4992,-0.0101,-13.01,-1.49704,0.150,0.180,0.000,0.1141,0.0887,TRACKING,L+C+R_fused
1786982955.932,45.9,0.910,0.882,0.880,0.4936,0.0051,-10.40,-1.45780,0.150,0.180,0.000,0.2730,0.2438,TRACKING,L+C+R_fused
1786982955.954,45.9,0.912,0.891,0.878,0.4970,0.0048,-13.37,-1.67343,0.150,0.180,0.000,0.3495,0.3339,TRACKING,L+C+R_fused
1786982955.985,45.9,0.912,0.891,0.907,0.4920,0.0094,-11.22,-1.61182,0.150,0.180,0.000,0.3502,0.3478,TRACKING,L+C+R_fused
1786982956.014,45.9,0.909,0.892,0.897,0.4926,0.0120,-10.40,-1.64835,0.150,0.180,0.000,0.3543,0.3510,TRACKING,L+C+R_fused
1786982956.046,45.9,0.889,0.889,0.887,0.4923,0.0134,-9.51,-1.65723,0.150,0.180,0.000,0.3409,0.3400,TRACKING,L+C+R_fused
1786982956.073,45.9,0.878,0.893,0.876,0.4947,0.0143,-9.32,-1.75958,0.150,0.180,0.000,0.3293,0.3276,TRACKING,L+C+R_fused
1786982956.103,45.9,0.862,0.890,0.892,0.4932,0.0186,-6.46,-1.68876,0.150,0.180,0.000,0.2979,0.2984,TRACKING,L+C+R_fused
1786982956.130,45.9,0.851,0.886,0.880,0.4589,0.0206,-5.12,-1.64375,0.150,0.180,0.000,0.2834,0.2815,TRACKING,L+C+R_fused
1786982956.161,45.9,0.848,0.885,0.879,0.4597,0.0228,-2.40,-1.55684,0.150,0.180,0.000,0.2218,0.2255,TRACKING,L+C+R_fused
1786982956.180,45.9,0.837,0.884,0.892,0.4065,0.0209,-1.90,-1.60951,0.150,0.180,0.000,0.1586,0.1622,TRACKING,L+C+R_fused
1786982956.205,45.9,0.849,0.884,0.876,0.4792,0.0152,-3.07,-1.71956,0.150,0.180,0.000,0.0887,0.0924,TRACKING,L+C+R_fused
1786982956.233,45.9,0.000,0.880,0.897,0.4979,0.0213,2.59,-1.44596,0.150,0.180,0.000,-0.0053,0.0007,TRACKING,R+C
1786982956.250,45.9,0.000,0.881,0.888,0.5108,0.0146,1.71,-1.53028,0.150,0.180,0.000,-0.0999,-0.0946,TRACKING,R+C
1786982956.265,45.9,0.000,0.884,0.877,0.5023,0.0119,2.41,-1.55798,0.150,0.180,0.000,-0.1824,-0.1803,TRACKING,R+C
1786982956.281,45.9,0.000,0.878,0.894,0.5260,0.0077,1.52,-1.67637,0.150,0.180,0.000,-0.2383,-0.2415,TRACKING,R+C
1786982956.296,45.9,0.000,0.876,0.904,0.5224,0.0103,5.00,-1.46741,0.150,0.180,0.000,-0.3085,-0.3112,TRACKING,R+C
1786982956.312,45.9,0.000,0.874,0.905,0.5353,0.0069,7.62,-1.28109,0.150,0.180,0.000,-0.4424,-0.4371,TRACKING,R+C
1786982956.328,45.9,0.000,0.878,0.911,0.5497,-0.0046,2.88,-1.72771,0.150,0.180,0.000,-0.5010,-0.5072,TRACKING,R+C
1786982956.350,45.9,0.000,0.874,0.914,0.5663,-0.0040,7.20,-1.45434,0.150,0.180,0.000,-0.6138,-0.6151,TRACKING,R+C
1786982956.362,45.9,0.000,0.873,0.903,0.5455,-0.0135,6.25,-1.52713,0.150,0.180,0.000,-0.7162,-0.7198,TRACKING,R+C
1786982956.377,45.9,0.000,0.872,0.908,0.5774,-0.0196,6.10,-1.60305,0.150,0.180,0.000,-0.7943,-0.8035,TRACKING,R+C
1786982956.393,45.9,0.000,0.872,0.907,0.5961,-0.0230,9.73,-1.32072,0.150,0.180,0.000,-0.9030,-0.9101,TRACKING,R+C
1786982956.408,45.9,0.000,0.873,0.896,0.5257,-0.0306,9.83,-1.34689,0.150,0.180,0.000,-0.9807,-0.9939,TRACKING,R+C
1786982956.434,45.9,0.000,0.873,0.896,0.5650,-0.0397,9.24,-1.45143,0.150,0.180,0.000,-1.0000,-1.0000,TRACKING,R+C
1786982956.450,45.9,0.000,0.871,0.902,0.6241,-0.0445,12.66,-1.19446,0.150,0.180,0.000,-1.0000,-1.0000,TRACKING,R+C
1786982956.464,45.9,0.000,0.873,0.900,0.6379,-0.0597,12.28,-1.15374,0.150,0.180,0.000,-1.0000,-1.0000,TRACKING,R+C
1786982956.480,45.9,0.000,0.874,0.905,0.6431,-0.0659,12.64,-1.12505,0.150,0.180,0.000,-1.0000,-1.0000,TRACKING,R+C
1786982956.494,45.9,0.000,0.878,0.903,0.6527,-0.0790,8.34,-1.59450,0.150,0.180,0.000,-1.0000,-1.0000,TRACKING,R+C
1786982956.526,45.9,0.000,0.878,0.903,0.6527,-0.0632,6.67,-1.27560,0.150,0.180,0.000,-1.0000,-1.0000,TRACKING,prediction
1786982956.554,45.9,0.000,0.884,0.895,0.6652,-0.0895,9.27,-1.39071,0.150,0.180,0.000,-1.0000,-1.0000,TRACKING,R+C
1786982956.571,45.9,0.000,0.884,0.895,0.6652,-0.0716,7.42,-1.11257,0.150,0.180,0.000,-1.0000,-1.0000,TRACKING,prediction
1786982956.603,45.9,0.000,0.884,0.895,0.6652,-0.0573,5.93,-0.89005,0.150,0.180,0.000,-1.0000,-1.0000,TRACKING,prediction
1786982956.625,45.9,0.000,0.884,0.896,0.6647,-0.0837,12.76,-1.02654,0.150,0.180,0.000,-1.0000,-1.0000,TRACKING,R+C
1786982956.648,45.9,0.000,0.886,0.893,0.6557,-0.0846,10.31,-1.25308,0.150,0.180,0.000,-1.0000,-1.0000,TRACKING,R+C
1786982956.668,45.9,0.000,0.881,0.895,0.6526,-0.0877,7.74,-1.46245,0.150,0.180,0.000,-1.0000,-1.0000,TRACKING,R+C
1786982956.683,45.9,0.000,0.877,0.889,0.6289,-0.0838,8.25,-1.37276,0.150,0.180,0.000,-1.0000,-1.0000,TRACKING,R+C
1786982956.698,45.9,0.000,0.873,0.889,0.5737,-0.0797,9.46,-1.18120,0.150,0.180,0.000,-1.0000,-1.0000,TRACKING,R+C
1786982956.716,45.9,0.000,0.875,0.885,0.5815,-0.0759,10.76,-1.02500,0.150,0.180,0.000,-1.0000,-1.0000,TRACKING,R+C
1786982956.727,45.9,0.000,0.869,0.886,0.5677,-0.0757,10.17,-1.03992,0.150,0.180,0.000,-1.0000,-1.0000,TRACKING,R+C
1786982956.752,45.9,0.000,0.870,0.883,0.5458,-0.0730,11.45,-0.92611,0.150,0.180,0.000,-1.0000,-1.0000,TRACKING,R+C
1786982956.773,45.9,0.000,0.873,0.889,0.5521,-0.0748,9.77,-0.96536,0.150,0.180,0.000,-1.0000,-1.0000,TRACKING,R+C
1786982956.794,45.9,0.000,0.873,0.889,0.5521,-0.0598,7.82,-0.77229,0.150,0.180,0.000,-1.0000,-1.0000,TRACKING,prediction
1786982956.814,45.9,0.000,0.868,0.894,0.6012,-0.0701,9.14,-1.01549,0.150,0.180,0.000,-1.0000,-1.0000,TRACKING,R+C
1786982956.831,45.9,0.000,0.868,0.894,0.6012,-0.0561,7.32,-0.81239,0.150,0.180,0.000,-1.0000,-1.0000,TRACKING,prediction
1786982956.851,45.9,0.000,0.873,0.890,0.5225,-0.0658,8.39,-1.05212,0.150,0.180,0.000,-1.0000,-1.0000,TRACKING,R+C
1786982956.874,47.0,0.000,0.873,0.890,0.5225,-0.0526,6.71,-0.84169,0.150,0.700,0.000,-1.0000,-1.0000,TRACKING,prediction
1786982956.898,47.0,0.000,0.880,0.899,0.5417,-0.0592,10.16,-0.89763,0.150,0.700,0.000,-1.0000,-0.7198,TRACKING,R+C
1786982956.928,47.0,0.000,0.887,0.904,0.5924,-0.0586,8.83,-0.93542,0.150,0.700,0.000,-1.0000,-0.6746,TRACKING,R+C
1786982956.943,47.0,0.000,0.885,0.895,0.5308,-0.0562,9.06,-0.87393,0.150,0.700,0.000,-1.0000,-0.6674,TRACKING,R+C
1786982956.960,47.0,0.000,0.896,0.899,0.5218,-0.0656,3.55,-1.23758,0.150,0.700,0.000,-1.0000,-0.6663,TRACKING,R+C
1786982956.976,47.0,0.000,0.889,0.910,0.5848,-0.0593,6.63,-1.00379,0.150,0.700,0.000,-1.0000,-0.6659,TRACKING,R+C
1786982956.992,47.0,0.000,0.894,0.900,0.5193,-0.0610,5.73,-1.12469,0.150,0.700,0.000,-1.0000,-0.6662,TRACKING,R+C
1786982957.007,47.0,0.000,0.896,0.898,0.5529,-0.0632,7.33,-0.98301,0.150,0.700,0.000,-1.0000,-0.6666,TRACKING,R+C
1786982957.022,47.0,0.000,0.902,0.900,0.5587,-0.0658,7.89,-0.92059,0.150,0.700,0.000,-1.0000,-0.6670,TRACKING,R+C
1786982957.036,47.0,0.000,0.907,0.897,0.5616,-0.0673,8.05,-0.89864,0.150,0.700,0.000,-1.0000,-0.6671,TRACKING,R+C
1786982957.052,47.0,0.000,0.911,0.909,0.5880,-0.0654,8.35,-0.84758,0.150,0.700,0.000,-1.0000,-0.6668,TRACKING,R+C
1786982957.071,47.0,0.000,0.910,0.897,0.5403,-0.0616,9.67,-0.72280,0.150,0.180,0.000,-1.0000,-0.6665,TRACKING,R+C
1786982957.099,47.0,0.000,0.913,0.907,0.5750,-0.0642,6.01,-0.96164,0.150,0.700,0.000,-1.0000,-0.9752,TRACKING,R+C
1786982957.128,47.0,0.000,0.912,0.906,0.5728,-0.0576,7.78,-0.78435,0.150,0.700,0.000,-1.0000,-0.7098,TRACKING,R+C
1786982957.144,47.0,0.000,0.917,0.908,0.5669,-0.0536,7.76,-0.78437,0.150,0.180,0.000,-1.0000,-0.6714,TRACKING,R+C
1786982957.159,47.0,0.000,0.915,0.909,0.5603,-0.0512,7.08,-0.79234,0.150,0.180,0.000,-1.0000,-0.9730,TRACKING,R+C
1786982957.175,47.0,0.000,0.920,0.913,0.5564,-0.0451,7.28,-0.76476,0.150,0.180,0.000,-0.9928,-1.0000,TRACKING,R+C
1786982957.189,47.0,0.000,0.917,0.909,0.5491,-0.0383,7.35,-0.73292,0.150,0.180,0.000,-0.9292,-0.9592,TRACKING,R+C
1786982957.202,47.0,0.000,0.920,0.914,0.5418,-0.0351,6.27,-0.78197,0.150,0.180,0.000,-0.8749,-0.9045,TRACKING,R+C
1786982957.217,47.0,0.000,0.920,0.913,0.5377,-0.0276,7.19,-0.71091,0.150,0.700,0.000,-0.8109,-0.8406,TRACKING,R+C
1786982957.231,47.0,0.000,0.915,0.915,0.5271,-0.0222,6.76,-0.71723,0.150,0.700,0.000,-0.7343,-0.5389,TRACKING,R+C
1786982957.250,47.0,0.977,0.919,0.918,0.4785,-0.0146,7.40,-0.65491,0.150,0.700,0.000,-0.6505,-0.4477,TRACKING,L+C+R_fused
1786982957.265,47.0,0.969,0.919,0.923,0.4795,-0.0103,5.84,-0.76236,0.150,0.700,0.000,-0.5498,-0.3777,TRACKING,L+C+R_fused
1786982957.287,47.0,0.967,0.920,0.921,0.4923,-0.0028,6.21,-0.72513,0.150,0.700,0.000,-0.4441,-0.3080,TRACKING,L+C+R_fused
1786982957.321,47.0,0.966,0.923,0.923,0.4776,0.0032,6.57,-0.68007,0.150,0.700,0.000,-0.3563,-0.2484,TRACKING,L+C+R_fused
1786982957.338,47.0,0.966,0.920,0.922,0.4856,0.0120,7.13,-0.66330,0.150,0.700,0.000,-0.2288,-0.1683,TRACKING,L+C+R_fused
1786982957.353,47.0,0.965,0.921,0.928,0.4813,0.0175,6.42,-0.69658,0.150,0.700,0.000,-0.1071,-0.0882,TRACKING,L+C+R_fused
1786982957.373,47.0,0.963,0.917,0.933,0.4841,0.0251,7.19,-0.60527,0.150,0.700,0.000,0.0095,-0.0109,TRACKING,L+C+R_fused
1786982957.402,47.0,0.961,0.921,0.932,0.4841,0.0315,6.42,-0.67708,0.150,0.180,0.000,0.1446,0.0760,TRACKING,L+C+R_fused
1786982957.432,47.0,0.961,0.920,0.934,0.4828,0.0398,7.65,-0.58690,0.150,0.180,0.000,0.2485,0.2196,TRACKING,L+C+R_fused
1786982957.463,47.0,0.960,0.921,0.932,0.4837,0.0421,6.67,-0.65529,0.150,0.180,0.000,0.3180,0.3012,TRACKING,L+C+R_fused
1786982957.488,47.0,0.959,0.920,0.932,0.4835,0.0417,5.87,-0.69200,0.150,0.180,0.000,0.3403,0.3326,TRACKING,L+C+R_fused
1786982957.506,47.0,0.960,0.924,0.934,0.4854,0.0414,6.35,-0.67314,0.150,0.180,0.000,0.3175,0.3175,TRACKING,L+C+R_fused
1786982957.530,47.0,0.962,0.921,0.936,0.4868,0.0410,7.55,-0.60270,0.150,0.180,0.000,0.2718,0.2758,TRACKING,L+C+R_fused
1786982957.551,47.0,0.960,0.921,0.929,0.4914,0.0366,6.37,-0.71763,0.150,0.180,0.000,0.2282,0.2318,TRACKING,L+C+R_fused
1786982957.579,47.0,0.962,0.919,0.930,0.4951,0.0356,7.29,-0.66201,0.150,0.180,0.000,0.1788,0.1827,TRACKING,L+C+R_fused
1786982957.609,47.0,0.963,0.916,0.928,0.4966,0.0293,5.88,-0.76459,0.150,0.180,0.000,0.1142,0.1196,TRACKING,L+C+R_fused
1786982957.627,47.0,0.963,0.919,0.931,0.4968,0.0255,6.87,-0.68625,0.150,0.180,0.000,0.0151,0.0250,TRACKING,L+C+R_fused
1786982957.659,47.0,0.964,0.918,0.926,0.5018,0.0208,6.84,-0.71013,0.150,0.180,0.000,-0.0718,-0.0642,TRACKING,L+C+R_fused
1786982957.684,47.0,0.965,0.918,0.926,0.5003,0.0164,7.27,-0.69758,0.150,0.180,0.000,-0.1652,-0.1580,TRACKING,L+C+R_fused
1786982957.703,47.0,0.965,0.918,0.915,0.5090,0.0098,6.57,-0.74690,0.150,0.180,0.000,-0.2565,-0.2507,TRACKING,L+C+R_fused
1786982957.723,47.0,0.968,0.920,0.920,0.5219,0.0054,7.16,-0.72022,0.150,0.180,0.000,-0.3511,-0.3461,TRACKING,L+C+R_fused
1786982957.741,47.0,0.971,0.921,0.924,0.5014,0.0017,7.49,-0.68837,0.150,0.180,0.000,-0.4206,-0.4202,TRACKING,L+C+R_fused
1786982957.766,47.0,0.000,0.921,0.921,0.5180,-0.0008,8.02,-0.64443,0.150,0.180,0.000,-0.4725,-0.4760,TRACKING,R+C
1786982957.784,47.0,0.000,0.920,0.918,0.5179,-0.0026,7.98,-0.67081,0.150,0.180,0.000,-0.5033,-0.5110,TRACKING,R+C
1786982957.808,47.0,0.000,0.918,0.919,0.5214,-0.0032,7.34,-0.69762,0.150,0.180,0.000,-0.4916,-0.5060,TRACKING,R+C
1786982957.824,47.0,0.970,0.915,0.916,0.5168,0.0017,6.94,-0.72910,0.150,0.180,0.000,-0.4037,-0.4293,TRACKING,L+C+R_fused
1786982957.852,47.0,0.963,0.915,0.918,0.5176,0.0075,6.59,-0.74427,0.150,0.180,0.000,-0.2960,-0.3250,TRACKING,L+C+R_fused
1786982957.870,47.0,0.954,0.911,0.915,0.5327,0.0189,9.20,-0.52165,0.150,0.180,0.000,-0.1780,-0.2074,TRACKING,L+C+R_fused
1786982957.891,48.2,0.961,0.916,0.924,0.5124,0.0235,7.44,-0.65632,0.150,0.180,0.000,-0.0398,-0.0710,TRACKING,L+C+R_fused
1786982957.906,48.2,0.960,0.914,0.921,0.5095,0.0284,5.83,-0.77875,0.150,0.180,0.000,0.0973,0.0673,TRACKING,L+C+R_fused
1786982957.937,48.2,0.959,0.918,0.924,0.5061,0.0350,6.22,-0.72533,0.150,0.180,0.000,0.2054,0.1813,TRACKING,L+C+R_fused
1786982957.956,48.2,0.955,0.919,0.922,0.5051,0.0379,6.02,-0.75442,0.150,0.180,0.000,0.2587,0.2440,TRACKING,L+C+R_fused
1786982957.977,48.2,0.957,0.921,0.920,0.5013,0.0397,6.41,-0.76330,0.150,0.180,0.000,0.2707,0.2635,TRACKING,L+C+R_fused
1786982957.997,48.2,0.960,0.919,0.919,0.4981,0.0386,6.72,-0.75068,0.150,0.180,0.000,0.2406,0.2404,TRACKING,L+C+R_fused
1786982958.018,48.2,0.960,0.918,0.920,0.4971,0.0393,7.58,-0.70990,0.150,0.180,0.000,0.2219,0.2208,TRACKING,L+C+R_fused
1786982958.034,48.2,0.960,0.919,0.925,0.4917,0.0388,7.52,-0.74044,0.150,0.180,0.000,0.2096,0.2070,TRACKING,L+C+R_fused
1786982958.059,48.2,0.958,0.917,0.927,0.4893,0.0378,6.25,-0.83982,0.150,0.180,0.000,0.2322,0.2245,TRACKING,L+C+R_fused
1786982958.079,48.2,0.958,0.914,0.928,0.4862,0.0452,7.21,-0.78118,0.150,0.180,0.000,0.3245,0.3066,TRACKING,L+C+R_fused
1786982958.110,48.2,0.954,0.911,0.925,0.4801,0.0486,5.58,-0.94617,0.150,0.180,0.000,0.4201,0.4010,TRACKING,L+C+R_fused
1786982958.140,48.2,0.955,0.910,0.924,0.4792,0.0559,7.33,-0.80457,0.150,0.180,0.000,0.4858,0.4735,TRACKING,L+C+R_fused
1786982958.156,48.2,0.955,0.914,0.920,0.4768,0.0560,5.48,-0.99291,0.150,0.180,0.000,0.5306,0.5220,TRACKING,L+C+R_fused
1786982958.185,48.2,0.954,0.914,0.931,0.4719,0.0528,4.81,-1.07702,0.150,0.180,0.000,0.4947,0.4988,TRACKING,L+C+R_fused
1786982958.204,48.2,0.955,0.914,0.923,0.4727,0.0538,6.02,-0.99187,0.150,0.180,0.000,0.4758,0.4769,TRACKING,L+C+R_fused
1786982958.228,48.2,0.953,0.916,0.922,0.4758,0.0547,5.65,-1.04653,0.150,0.180,0.000,0.4956,0.4910,TRACKING,L+C+R_fused
1786982958.258,48.2,0.955,0.911,0.922,0.4757,0.0566,5.00,-1.09769,0.150,0.180,0.000,0.5406,0.5335,TRACKING,L+C+R_fused
1786982958.273,48.2,0.953,0.907,0.917,0.4801,0.0642,6.40,-0.97363,0.150,0.180,0.000,0.6164,0.6040,TRACKING,L+C+R_fused
1786982958.289,48.2,0.950,0.910,0.920,0.4780,0.0690,5.93,-0.99482,0.150,0.180,0.000,0.6929,0.6796,TRACKING,L+C+R_fused
1786982958.317,48.2,0.904,0.908,0.923,0.6668,0.0783,6.12,-1.01851,0.150,0.180,0.000,0.7976,0.7826,TRACKING,L+C+R_fused
1786982958.345,48.2,0.947,0.909,0.920,0.4693,0.0856,6.94,-0.96606,0.150,0.180,0.000,0.8601,0.8520,TRACKING,L+C+R_fused
1786982958.361,48.2,0.942,0.913,0.926,0.4708,0.0905,6.41,-0.99827,0.150,0.180,0.000,0.9212,0.9155,TRACKING,L+C+R_fused
1786982958.379,48.2,0.944,0.912,0.925,0.4683,0.0950,6.62,-0.98179,0.150,0.180,0.000,0.9601,0.9588,TRACKING,L+C+R_fused
1786982958.407,48.2,0.944,0.911,0.920,0.4713,0.0960,5.24,-1.13306,0.150,0.180,0.000,0.9872,0.9884,TRACKING,L+C+R_fused
1786982958.435,48.2,0.944,0.909,0.925,0.4748,0.0981,7.03,-0.97693,0.150,0.180,0.000,0.9791,0.9860,TRACKING,L+C+R_fused
1786982958.463,48.2,0.943,0.906,0.918,0.4899,0.0956,6.60,-1.05279,0.150,0.180,0.000,0.9591,0.9679,TRACKING,L+C+R_fused
1786982958.480,48.2,0.937,0.903,0.921,0.4865,0.0942,7.45,-1.00965,0.150,0.180,0.000,0.9291,0.9390,TRACKING,L+C+R_fused
1786982958.496,48.2,0.941,0.900,0.921,0.4810,0.0931,9.19,-0.90287,0.150,0.180,0.000,0.8834,0.8949,TRACKING,L+C+R_fused
1786982958.526,48.2,0.940,0.899,0.920,0.4854,0.0903,10.27,-0.79111,0.150,0.180,0.000,0.8363,0.8477,TRACKING,L+C+R_fused
1786982958.554,48.2,0.939,0.896,0.921,0.4897,0.0896,11.52,-0.71358,0.150,0.180,0.000,0.8000,0.8091,TRACKING,L+C+R_fused
1786982958.581,48.2,0.949,0.901,0.917,0.4933,0.0793,6.79,-1.15808,0.150,0.180,0.000,0.7711,0.7764,TRACKING,L+C+R_fused
1786982958.603,48.2,0.955,0.893,0.918,0.4949,0.0762,7.17,-1.16996,0.150,0.180,0.000,0.7202,0.7287,TRACKING,L+C+R_fused
1786982958.620,48.2,0.961,0.887,0.922,0.4947,0.0708,7.50,-1.17067,0.150,0.180,0.000,0.6377,0.6514,TRACKING,L+C+R_fused
1786982958.649,48.2,0.730,0.896,0.917,0.4815,0.0682,8.04,-1.17530,0.150,0.180,0.000,0.5814,0.5892,TRACKING,L+C+R_fused
1786982958.668,48.2,0.000,0.894,0.908,0.4680,0.0635,8.38,-1.19113,0.150,0.180,0.000,0.4977,0.5076,TRACKING,R+C
1786982958.682,48.2,0.000,0.893,0.918,0.4717,0.0629,11.50,-0.95531,0.150,0.180,0.000,0.3961,0.4080,TRACKING,R+C
1786982958.711,48.2,0.000,0.890,0.913,0.4858,0.0518,7.50,-1.29145,0.150,0.180,0.000,0.3310,0.3366,TRACKING,R+C
1786982958.727,48.2,0.000,0.892,0.914,0.4878,0.0516,10.51,-1.05770,0.150,0.180,0.000,0.2342,0.2427,TRACKING,R+C
1786982958.744,48.2,0.000,0.891,0.910,0.4975,0.0463,10.19,-1.14871,0.150,0.180,0.000,0.1395,0.1466,TRACKING,R+C
1786982958.759,48.2,0.000,0.896,0.908,0.5052,0.0387,9.22,-1.26605,0.150,0.180,0.000,0.0299,0.0377,TRACKING,R+C
1786982958.773,48.2,0.000,0.893,0.908,0.5217,0.0329,10.19,-1.18294,0.150,0.180,0.000,-0.1038,-0.0936,TRACKING,R+C
1786982958.789,48.2,0.000,0.890,0.907,0.5213,0.0260,9.49,-1.30606,0.150,0.180,0.000,-0.2148,-0.2093,TRACKING,R+C
1786982958.815,48.2,0.000,0.888,0.906,0.5312,0.0230,11.29,-1.17935,0.150,0.180,0.000,-0.3243,-0.3209,TRACKING,R+C
1786982958.834,48.2,0.000,0.891,0.905,0.5411,0.0115,7.84,-1.52163,0.150,0.180,0.000,-0.4200,-0.4206,TRACKING,R+C
1786982958.851,48.2,0.000,0.888,0.901,0.5534,0.0076,9.06,-1.48136,0.150,0.180,0.000,-0.5229,-0.5246,TRACKING,R+C
1786982958.868,48.2,0.000,0.883,0.902,0.5722,-0.0017,11.04,-1.21367,0.150,0.180,0.000,-0.6876,-0.6816,TRACKING,R+C
1786982958.884,48.2,0.000,0.887,0.895,0.5210,-0.0072,10.68,-1.32657,0.150,0.180,0.000,-0.7595,-0.7679,TRACKING,R+C
1786982958.899,46.6,0.000,0.890,0.894,0.5495,-0.0129,10.13,-1.45427,0.150,0.180,0.000,-0.8236,-0.8368,TRACKING,R+C
1786982958.926,46.6,0.000,0.895,0.891,0.5523,-0.0183,10.29,-1.41570,0.150,0.180,0.000,-0.8813,-0.8969,TRACKING,R+C
1786982958.941,46.6,0.000,0.894,0.890,0.5438,-0.0189,9.01,-1.55382,0.150,0.180,0.000,-0.8670,-0.8936,TRACKING,R+C
1786982958.969,46.6,0.000,0.888,0.892,0.5355,-0.0173,8.46,-1.62243,0.150,0.180,0.000,-0.8415,-0.8711,TRACKING,R+C
1786982958.984,46.6,0.000,0.890,0.894,0.5766,-0.0143,8.76,-1.61594,0.150,0.180,0.000,-0.8168,-0.8464,TRACKING,R+C
1786982958.999,46.6,0.000,0.887,0.895,0.5818,-0.0112,8.56,-1.69719,0.150,0.180,0.000,-0.7851,-0.8156,TRACKING,R+C
1786982959.015,46.6,0.000,0.888,0.894,0.5919,-0.0102,10.17,-1.55246,0.150,0.180,0.000,-0.8070,-0.8299,TRACKING,R+C
1786982965.818,1.0,0.000,0.889,0.899,0.5991,-0.0126,9.60,-1.56239,0.150,0.180,0.000,-0.8174,-0.8408,TRACKING,R+C
1786982965.842,1.0,0.000,0.888,0.889,0.5268,-0.0192,7.63,-1.83547,0.150,0.180,0.000,-0.8620,-0.8821,TRACKING,R+C
1786982965.858,1.0,0.000,0.885,0.898,0.6050,-0.0250,9.41,-1.60057,0.150,0.180,0.000,-0.9434,-0.9583,TRACKING,R+C
1786982965.888,1.0,0.000,0.883,0.896,0.6228,-0.0297,10.12,-1.62275,0.150,0.180,0.000,-1.0000,-1.0000,TRACKING,R+C
1786982965.902,1.0,0.000,0.885,0.893,0.6242,-0.0298,12.85,-1.40055,0.150,0.180,0.000,-1.0000,-1.0000,TRACKING,R+C
1786982965.929,1.0,0.000,0.887,0.897,0.6306,-0.0356,10.12,-1.73970,0.150,0.180,0.000,-1.0000,-1.0000,TRACKING,R+C
1786982965.942,1.0,0.000,0.887,0.884,0.5400,-0.0369,11.27,-1.62224,0.150,0.180,0.000,-1.0000,-1.0000,TRACKING,R+C
1786982965.959,1.0,0.000,0.889,0.890,0.6351,-0.0407,9.75,-1.81875,0.150,0.180,0.000,-1.0000,-1.0000,TRACKING,R+C
1786982965.983,1.0,0.000,0.884,0.894,0.6395,-0.0414,8.34,-2.13822,0.150,0.180,0.000,-1.0000,-1.0000,TRACKING,R+C
1786982965.999,1.0,0.000,0.882,0.890,0.6396,-0.0488,7.99,-2.17833,0.150,0.180,0.000,-1.0000,-1.0000,TRACKING,R+C
1786982966.016,1.0,0.000,0.880,0.897,0.6634,-0.0569,9.29,-2.05018,0.150,0.180,0.000,-1.0000,-1.0000,TRACKING,R+C
1786982966.030,1.0,0.000,0.882,0.897,0.6790,-0.0649,10.19,-2.00087,0.150,0.180,0.000,-1.0000,-1.0000,TRACKING,R+C
1786982966.043,1.0,0.000,0.882,0.897,0.6790,-0.0519,8.15,-1.60069,0.150,0.180,0.000,-1.0000,-1.0000,TRACKING,prediction
1786982966.060,1.0,0.000,0.889,0.892,0.6985,-0.0823,11.04,-1.90156,0.150,0.180,0.000,-1.0000,-1.0000,TRACKING,R+C
1786982966.078,1.0,0.000,0.890,0.891,0.7008,-0.0799,15.45,-1.44284,0.150,0.180,0.000,-1.0000,-1.0000,TRACKING,R+C
1786982966.094,1.0,0.000,0.895,0.892,0.7063,-0.0846,14.36,-1.55472,0.150,0.180,0.000,-1.0000,-1.0000,TRACKING,R+C
1786982966.103,1.0,0.000,0.896,0.875,0.6110,-0.0835,17.57,-1.10013,0.150,0.180,0.000,-1.0000,-1.0000,TRACKING,R+C
1786982966.122,1.0,0.000,0.896,0.875,0.6110,-0.0668,14.06,-0.88011,0.150,0.180,0.000,-1.0000,-1.0000,TRACKING,prediction
1786982966.137,1.0,0.000,0.896,0.875,0.6110,-0.0534,11.25,-0.70408,0.150,0.180,0.000,-1.0000,-1.0000,TRACKING,prediction
1786982966.158,1.0,0.000,0.896,0.875,0.6110,-0.0427,9.00,-0.56327,0.150,0.180,0.000,-1.0000,-1.0000,TRACKING,prediction
1786982966.188,1.0,0.000,0.896,0.875,0.6110,-0.0342,7.20,-0.45061,0.150,0.180,0.000,-1.0000,-1.0000,TRACKING,prediction
1786982966.212,1.0,0.000,0.900,0.876,0.5972,-0.0839,22.26,-0.29551,0.170,0.180,0.000,-1.0000,-1.0000,TRACKING,R+C
1786982966.226,1.0,0.000,0.904,0.893,0.7107,-0.0824,23.92,-0.12763,0.187,0.180,0.000,-1.0000,-1.0000,TRACKING,R+C
1786982966.241,1.0,0.000,0.908,0.895,0.6982,-0.0857,23.58,-0.07292,0.193,0.180,0.000,-1.0000,-1.0000,TRACKING,R+C
1786982966.260,1.0,0.000,0.905,0.897,0.7199,-0.0887,23.67,0.01956,0.198,0.180,0.000,-1.0000,-1.0000,TRACKING,R+C
1786982966.276,1.0,0.000,0.917,0.893,0.7138,-0.0920,22.59,0.00806,0.199,0.180,0.000,-1.0000,-1.0000,TRACKING,R+C
1786982966.293,1.0,0.000,0.922,0.881,0.6089,-0.0910,23.46,0.11297,0.189,0.180,0.000,-1.0000,-1.0000,TRACKING,R+C
1786982966.310,1.0,0.000,0.922,0.881,0.6089,-0.0728,18.77,0.09038,0.189,0.700,0.000,-1.0000,-1.0000,TRACKING,prediction
1786982966.330,1.0,0.000,0.922,0.881,0.6089,-0.0582,15.02,0.07230,0.189,0.700,0.000,-1.0000,-0.7262,TRACKING,prediction
1786982966.353,1.0,0.000,0.922,0.881,0.6089,-0.0466,12.01,0.05784,0.189,0.700,0.000,-1.0000,-0.6816,TRACKING,prediction
1786982966.371,1.0,0.000,0.922,0.881,0.6089,-0.0373,9.61,0.04627,0.189,0.700,0.000,-1.0000,-0.6749,TRACKING,prediction
1786982966.391,1.0,0.000,0.922,0.881,0.6089,-0.0298,7.69,0.03702,0.189,0.700,0.000,-1.0000,-0.6739,TRACKING,prediction
1786982966.413,1.0,0.000,0.922,0.881,0.6089,-0.0238,6.15,0.02961,0.189,0.700,0.000,-1.0000,-0.6738,TRACKING,prediction
1786982966.442,1.0,0.000,0.922,0.881,0.6089,-0.0191,4.92,0.02369,0.189,0.700,0.000,-1.0000,-0.6737,TRACKING,prediction
1786982966.474,1.0,0.000,0.922,0.881,0.6089,-0.0153,3.94,0.01895,0.189,0.700,0.000,-1.0000,-0.6737,TRACKING,prediction
1786982966.497,1.0,0.000,0.922,0.881,0.6089,-0.0122,3.15,0.01516,0.189,0.700,0.000,-1.0000,-0.6737,TRACKING,prediction
1786982966.514,1.0,0.000,0.922,0.881,0.6089,-0.0098,2.52,0.01213,0.189,0.700,0.000,-1.0000,-0.6737,TRACKING,prediction
1786982966.527,1.0,0.000,0.922,0.881,0.6089,-0.0078,2.02,0.00970,0.189,0.700,0.000,-1.0000,-0.6737,TRACKING,prediction
1786982966.547,1.0,0.000,0.922,0.881,0.6089,-0.0063,1.61,0.00776,0.189,0.682,0.000,-1.0000,-0.6737,TRACKING,prediction
1786982966.574,1.0,0.000,0.922,0.881,0.6089,-0.0050,1.29,0.00621,0.189,0.648,0.000,-1.0000,-0.6847,TRACKING,prediction
1786982966.591,1.0,0.000,0.922,0.881,0.6089,-0.0040,1.03,0.00497,0.189,0.615,0.000,-1.0000,-0.7069,TRACKING,prediction
1786982966.620,1.0,0.000,0.922,0.881,0.6089,-0.0032,0.83,0.00397,0.189,0.585,0.000,-1.0000,-0.7297,TRACKING,prediction
1786982966.647,1.0,0.000,0.922,0.881,0.6089,-0.0026,0.66,0.00318,0.189,0.490,0.000,-1.0000,-0.7516,UNCERTAIN,prediction
1786982966.672,1.0,0.000,0.922,0.881,0.6089,-0.0020,0.53,0.00254,0.189,0.490,0.000,-1.0000,-0.8121,UNCERTAIN,prediction
1786982966.698,1.0,0.000,0.922,0.881,0.6089,-0.0016,0.42,0.00204,0.189,0.490,0.000,-1.0000,-0.8207,UNCERTAIN,prediction
1786982966.730,1.0,0.000,0.922,0.881,0.6089,-0.0013,0.34,0.00163,0.189,0.180,0.000,-1.0000,-0.8220,UNCERTAIN,prediction
1786982966.747,1.0,0.973,0.908,0.810,0.3979,-0.0752,4.37,-0.08422,0.192,0.180,0.000,-0.8413,-0.8549,TRACKING,L+C+R_fused
1786982966.771,1.0,0.957,0.905,0.808,0.4301,-0.0701,2.99,-0.15564,0.184,0.180,0.000,-0.8289,-0.8490,TRACKING,L+C+R_fused
1786982966.798,1.0,0.955,0.908,0.830,0.4052,-0.0628,1.42,-0.29664,0.170,0.180,0.000,-0.8472,-0.8621,TRACKING,L+C+R_fused
1786982966.825,48.7,0.953,0.903,0.820,0.4333,-0.0536,2.68,-0.14360,0.186,0.180,0.000,-0.6809,-0.7208,TRACKING,L+C+R_fused
1786982966.857,48.7,0.951,0.895,0.824,0.4179,-0.0487,0.18,-0.33630,0.166,0.180,0.000,-0.6834,-0.7003,TRACKING,L+C+R_fused
1786982966.872,48.7,0.953,0.900,0.826,0.4107,-0.0422,-2.48,-0.58866,0.150,0.180,0.000,-0.6737,-0.6875,TRACKING,L+C+R_fused
1786982966.904,48.7,0.953,0.900,0.838,0.4070,-0.0366,-3.11,-0.62602,0.150,0.180,0.000,-0.5815,-0.6060,TRACKING,L+C+R_fused
1786982966.923,48.7,0.954,0.896,0.859,0.3924,-0.0324,-4.35,-0.71696,0.150,0.180,0.000,-0.4888,-0.5140,TRACKING,L+C+R_fused
1786982966.938,48.7,0.953,0.901,0.936,0.4943,-0.0293,-3.26,-0.61651,0.150,0.700,0.000,-0.4665,-0.4809,TRACKING,L+C+R_fused
1786982966.962,48.7,0.954,0.894,0.933,0.4922,-0.0318,-5.37,-0.80556,0.150,0.180,0.000,-0.4547,-0.3272,TRACKING,L+C+R_fused
1786982966.985,48.7,0.956,0.894,0.937,0.4919,-0.0320,-4.61,-0.73635,0.150,0.180,0.000,-0.4753,-0.4613,TRACKING,L+C+R_fused
1786982967.002,48.7,0.953,0.885,0.919,0.4944,-0.0364,-7.91,-1.10463,0.150,0.180,0.000,-0.4768,-0.4834,TRACKING,L+C+R_fused
1786982967.031,48.7,0.958,0.886,0.921,0.4842,-0.0338,-7.03,-1.12433,0.150,0.180,0.000,-0.4733,-0.4839,TRACKING,L+C+R_fused
1786982967.054,48.7,0.962,0.887,0.920,0.4795,-0.0383,-10.26,-1.40540,0.150,0.180,0.000,-0.4669,-0.4791,TRACKING,L+C+R_fused
1786982967.068,48.7,0.972,0.894,0.914,0.4712,-0.0379,-8.06,-1.22402,0.150,0.180,0.000,-0.5133,-0.5179,TRACKING,L+C+R_fused
1786982967.098,48.7,0.765,0.889,0.930,0.4536,-0.0432,-12.68,-1.60234,0.150,0.180,0.000,-0.4842,-0.4997,TRACKING,L+C+R_fused
1786982967.111,48.7,0.000,0.891,0.924,0.5013,-0.0371,-10.72,-1.54076,0.150,0.180,0.000,-0.4536,-0.4706,TRACKING,R+C
1786982967.127,48.7,0.000,0.898,0.928,0.5008,-0.0344,-11.95,-1.68140,0.150,0.180,0.000,-0.3879,-0.4100,TRACKING,R+C
1786982967.144,48.7,0.681,0.892,0.929,0.4625,-0.0262,-12.46,-1.77370,0.150,0.180,0.000,-0.2484,-0.2811,TRACKING,L+C+R_fused
1786982967.163,48.7,0.970,0.892,0.932,0.4761,-0.0121,-11.42,-1.82138,0.150,0.180,0.000,-0.0542,-0.0950,TRACKING,L+C+R_fused
1786982967.187,48.7,0.956,0.896,0.937,0.4843,-0.0012,-10.14,-1.79349,0.150,0.180,0.000,0.0899,0.0567,TRACKING,L+C+R_fused
1786982967.213,48.7,0.954,0.894,0.933,0.4934,0.0073,-10.51,-1.87744,0.150,0.180,0.000,0.2380,0.2065,TRACKING,L+C+R_fused
1786982967.235,48.7,0.954,0.899,0.937,0.4976,0.0198,-8.47,-1.83317,0.150,0.180,0.000,0.3719,0.3441,TRACKING,L+C+R_fused
1786982967.255,48.7,0.957,0.902,0.941,0.4983,0.0229,-9.66,-1.93759,0.150,0.700,0.000,0.4498,0.4314,TRACKING,L+C+R_fused
1786982967.270,48.7,0.957,0.901,0.943,0.4938,0.0310,-6.08,-1.79294,0.150,0.180,0.000,0.4653,0.3206,TRACKING,L+C+R_fused
1786982967.285,48.7,0.960,0.901,0.936,0.4937,0.0374,-3.71,-1.75720,0.150,0.180,0.000,0.4798,0.4528,TRACKING,L+C+R_fused
1786982967.301,48.7,0.966,0.901,0.945,0.4820,0.0384,-4.03,-1.82917,0.150,0.180,0.000,0.4949,0.4856,TRACKING,L+C+R_fused
1786982967.331,48.7,0.974,0.899,0.941,0.4951,0.0446,-1.83,-1.73972,0.150,0.700,0.000,0.5210,0.5129,TRACKING,L+C+R_fused
1786982967.352,48.7,0.909,0.896,0.937,0.4862,0.0462,-1.38,-1.72421,0.150,0.180,0.000,0.5301,0.3685,TRACKING,L+C+R_fused
1786982967.366,48.7,0.000,0.898,0.935,0.4661,0.0491,0.48,-1.64522,0.150,0.180,0.000,0.5162,0.4907,TRACKING,R+C
1786982967.386,48.7,0.000,0.898,0.939,0.4664,0.0515,1.46,-1.66459,0.150,0.700,0.000,0.5122,0.5053,TRACKING,R+C
1786982967.402,48.7,0.000,0.898,0.934,0.4795,0.0515,3.48,-1.57967,0.150,0.700,0.000,0.4469,0.3203,TRACKING,R+C
1786982967.419,48.7,0.000,0.897,0.929,0.4914,0.0475,3.89,-1.56880,0.150,0.180,0.000,0.3685,0.2483,TRACKING,R+C
1786982967.435,48.7,0.000,0.893,0.927,0.4995,0.0458,6.06,-1.41597,0.150,0.700,0.000,0.2717,0.2610,TRACKING,R+C
1786982967.462,48.7,0.000,0.893,0.927,0.5080,0.0421,5.99,-1.51991,0.150,0.700,0.000,0.1937,0.1420,TRACKING,R+C
1786982967.478,48.7,0.000,0.894,0.914,0.5209,0.0393,7.75,-1.45057,0.150,0.180,0.000,0.0749,0.0571,TRACKING,R+C
1786982967.503,48.7,0.000,0.892,0.922,0.5152,0.0346,8.17,-1.47212,0.150,0.700,0.000,-0.0315,-0.0300,TRACKING,R+C
1786982967.520,48.7,0.000,0.892,0.919,0.5456,0.0266,7.77,-1.51032,0.150,0.700,0.000,-0.1621,-0.1004,TRACKING,R+C
1786982967.535,48.7,0.000,0.891,0.907,0.5177,0.0207,8.02,-1.52768,0.150,0.700,0.000,-0.2788,-0.1771,TRACKING,R+C
1786982967.552,48.7,0.000,0.890,0.916,0.5661,0.0207,12.86,-1.16531,0.150,0.700,0.000,-0.4309,-0.2736,TRACKING,R+C
1786982967.566,48.7,0.000,0.894,0.901,0.5432,0.0104,11.48,-1.28514,0.150,0.700,0.000,-0.5483,-0.3538,TRACKING,R+C
1786982967.580,48.7,0.000,0.890,0.910,0.5837,0.0050,12.38,-1.24625,0.150,0.700,0.000,-0.6530,-0.4246,TRACKING,R+C
1786982967.592,48.7,0.000,0.894,0.909,0.6012,-0.0052,12.24,-1.28482,0.150,0.700,0.000,-0.7810,-0.5071,TRACKING,R+C
1786982967.608,48.7,0.000,0.894,0.911,0.6177,-0.0170,11.39,-1.31943,0.150,0.700,0.000,-0.8888,-0.5800,TRACKING,R+C
1786982967.622,48.7,0.000,0.894,0.901,0.6158,-0.0239,11.72,-1.36391,0.150,0.700,0.000,-0.9681,-0.6359,TRACKING,R+C
1786982967.639,48.7,0.000,0.893,0.900,0.6270,-0.0361,12.06,-1.31364,0.150,0.700,0.000,-1.0000,-0.6632,TRACKING,R+C
1786982967.655,48.7,0.000,0.894,0.893,0.6050,-0.0429,12.61,-1.29241,0.150,0.180,0.000,-1.0000,-0.6681,TRACKING,R+C
1786982967.670,48.7,0.000,0.891,0.886,0.5980,-0.0573,10.69,-1.47733,0.150,0.700,0.000,-1.0000,-0.9829,TRACKING,R+C
1786982967.686,48.7,0.000,0.895,0.889,0.5934,-0.0705,11.07,-1.38019,0.150,0.180,0.000,-1.0000,-0.7163,TRACKING,R+C
1786982967.710,48.7,0.000,0.897,0.882,0.5825,-0.0791,12.92,-1.21960,0.150,0.180,0.000,-1.0000,-0.9944,TRACKING,R+C
1786982967.728,48.7,0.000,0.905,0.882,0.6577,-0.0895,13.15,-1.17976,0.150,0.180,0.000,-1.0000,-1.0000,TRACKING,R+C
1786982967.750,48.7,0.000,0.910,0.883,0.6383,-0.0971,14.68,-1.01997,0.150,0.180,0.000,-1.0000,-1.0000,TRACKING,R+C
1786982967.767,48.7,0.000,0.913,0.876,0.5923,-0.1119,13.84,-1.04268,0.150,0.180,0.000,-1.0000,-1.0000,TRACKING,R+C
1786982967.782,48.7,0.000,0.915,0.877,0.5876,-0.1197,14.77,-0.94934,0.150,0.180,0.000,-1.0000,-1.0000,TRACKING,R+C
1786982967.799,48.7,0.000,0.917,0.885,0.7137,-0.1339,14.21,-0.90018,0.150,0.180,0.000,-1.0000,-1.0000,TRACKING,R+C
1786982967.813,48.7,0.000,0.919,0.879,0.6751,-0.1429,16.87,-0.55786,0.150,0.180,0.000,-1.0000,-1.0000,TRACKING,R+C
1786982967.829,52.8,0.000,0.923,0.875,0.6370,-0.1570,18.27,-0.28900,0.171,0.180,0.000,-1.0000,-1.0000,TRACKING,R+C
1786982967.842,52.8,0.000,0.931,0.872,0.7025,-0.1754,18.51,0.13776,0.186,0.180,0.000,-1.0000,-1.0000,TRACKING,R+C
1786982967.857,52.8,0.000,0.967,0.876,0.6834,-0.1891,11.38,-1.33998,0.150,0.180,0.000,-1.0000,-1.0000,TRACKING,R+C
1786982967.868,52.8,0.000,0.967,0.876,0.6834,-0.1513,9.10,-1.07198,0.150,0.180,0.000,-1.0000,-1.0000,TRACKING,prediction
1786982967.883,52.8,0.000,0.967,0.876,0.6834,-0.1210,7.28,-0.85758,0.150,0.180,0.000,-1.0000,-1.0000,TRACKING,prediction
1786982967.898,52.8,0.000,0.967,0.876,0.6834,-0.0968,5.82,-0.68607,0.150,0.180,0.000,-1.0000,-1.0000,TRACKING,prediction
1786982967.911,52.8,0.000,0.967,0.876,0.6834,-0.0775,4.66,-0.54885,0.150,0.180,0.000,-1.0000,-1.0000,TRACKING,prediction
1786982967.928,52.8,0.000,0.967,0.876,0.6834,-0.0620,3.73,-0.43908,0.150,0.180,0.000,-1.0000,-1.0000,TRACKING,prediction
1786982967.942,52.8,0.000,0.967,0.876,0.6834,-0.0496,2.98,-0.35127,0.150,0.180,0.000,-1.0000,-1.0000,TRACKING,prediction
1786982967.959,52.8,0.000,0.967,0.876,0.6834,-0.0397,2.39,-0.28101,0.150,0.180,0.000,-1.0000,-1.0000,TRACKING,prediction
1786982967.979,52.8,0.000,0.878,0.000,0.6834,0.1498,29.75,-0.93860,0.150,0.180,0.000,0.8030,-0.1594,TRACKING,C_only
1786982967.994,52.8,0.000,0.875,0.000,0.6834,0.1518,33.11,-0.57053,0.150,0.180,0.000,0.7472,0.6033,TRACKING,C_only
1786982968.010,52.8,0.000,0.876,0.000,0.6834,0.1394,30.90,-0.70470,0.150,0.700,0.000,0.6688,0.6499,TRACKING,C_only
1786982968.025,52.8,0.000,0.877,0.000,0.6834,0.1437,33.54,-0.45802,0.154,0.700,0.000,0.6183,0.4348,TRACKING,C_only
1786982968.040,52.8,0.000,0.876,0.000,0.6834,0.1314,30.65,-0.66508,0.150,0.700,0.000,0.5801,0.3801,TRACKING,C_only
1786982968.059,52.8,0.000,0.882,0.000,0.6834,0.1245,30.53,-0.55655,0.150,0.180,0.000,0.5122,0.3346,TRACKING,C_only
1786982968.073,52.8,0.000,0.883,0.000,0.6834,0.1190,29.14,-0.63789,0.150,0.180,0.000,0.4853,0.4523,TRACKING,C_only
1786982968.090,52.8,0.000,0.883,0.000,0.6834,0.1177,29.05,-0.63159,0.150,0.180,0.000,0.4732,0.4603,TRACKING,C_only
1786982968.106,52.8,0.000,0.885,0.000,0.6834,0.1144,29.26,-0.53496,0.150,0.180,0.000,0.4338,0.4282,TRACKING,C_only
1786982968.122,52.8,0.000,0.885,0.000,0.6834,0.1078,27.45,-0.65860,0.150,0.180,0.000,0.3980,0.3924,TRACKING,C_only
1786982968.137,52.8,0.000,0.885,0.000,0.6834,0.1000,27.56,-0.50659,0.150,0.180,0.000,0.3021,0.3057,TRACKING,C_only
1786982968.152,52.8,0.000,0.890,0.000,0.6834,0.0963,26.95,-0.53202,0.150,0.180,0.000,0.2678,0.2632,TRACKING,C_only
1786982968.168,52.8,0.000,0.893,0.000,0.6834,0.0990,27.82,-0.44096,0.156,0.180,0.000,0.2658,0.2557,TRACKING,C_only
1786982968.184,52.8,0.000,0.895,0.000,0.6834,0.0907,25.58,-0.55413,0.150,0.180,0.000,0.2443,0.2360,TRACKING,C_only
1786982968.199,52.8,0.000,0.894,0.000,0.6834,0.0893,25.69,-0.48137,0.152,0.700,0.000,0.2265,0.2183,TRACKING,C_only
1786982968.215,52.8,0.000,0.895,0.000,0.6834,0.0907,27.44,-0.32236,0.168,0.700,0.000,0.1579,0.1152,TRACKING,C_only
1786982968.230,52.8,0.000,0.897,0.000,0.6834,0.0812,25.00,-0.41141,0.159,0.700,0.000,0.1313,0.0842,TRACKING,C_only
1786982968.242,52.8,0.000,0.903,0.000,0.6834,0.0797,23.02,-0.55796,0.150,0.700,0.000,0.1958,0.1155,TRACKING,C_only
1786982968.259,52.8,0.000,0.903,0.000,0.6834,0.0835,25.42,-0.29238,0.171,0.700,0.000,0.1499,0.0953,TRACKING,C_only
1786982968.274,52.8,0.000,0.904,0.000,0.6834,0.0840,24.03,-0.39690,0.160,0.700,0.000,0.2213,0.1320,TRACKING,C_only
1786982968.291,52.8,0.000,0.906,0.000,0.6834,0.0860,24.38,-0.29539,0.170,0.700,0.000,0.2266,0.1410,TRACKING,C_only
1786982968.306,52.8,0.000,0.907,0.000,0.6834,0.0825,21.18,-0.51032,0.150,0.700,0.000,0.3485,0.2100,TRACKING,C_only
1786982968.328,52.8,0.971,0.909,0.000,0.4920,0.0845,20.68,-0.51409,0.150,0.700,0.000,0.4052,0.2522,TRACKING,L+C
1786982968.343,52.8,0.955,0.908,0.000,0.5017,0.0882,20.65,-0.49677,0.150,0.700,0.000,0.4671,0.2932,TRACKING,L+C
1786982968.356,52.8,0.956,0.911,0.000,0.5061,0.0905,19.88,-0.49798,0.150,0.700,0.000,0.5367,0.3385,TRACKING,L+C
1786982968.369,52.8,0.955,0.912,0.000,0.5089,0.0945,20.00,-0.46735,0.153,0.700,0.000,0.5738,0.3663,TRACKING,L+C
1786982968.392,52.8,0.957,0.912,0.000,0.5131,0.0943,18.74,-0.51442,0.150,0.700,0.000,0.6352,0.4048,TRACKING,L+C
1786982968.413,52.8,0.956,0.913,0.000,0.5166,0.0988,19.05,-0.47874,0.152,0.700,0.000,0.6734,0.4330,TRACKING,L+C
1786982968.441,52.8,0.954,0.913,0.000,0.5181,0.0957,16.03,-0.68061,0.150,0.700,0.000,0.7295,0.4680,TRACKING,L+C
1786982968.456,52.8,0.954,0.921,0.000,0.5182,0.0998,16.43,-0.61353,0.150,0.700,0.000,0.7736,0.4976,TRACKING,L+C
1786982968.482,52.8,0.952,0.921,0.000,0.5167,0.1037,17.00,-0.53837,0.150,0.700,0.000,0.8105,0.5224,TRACKING,L+C
1786982968.497,52.8,0.951,0.922,0.000,0.5195,0.1095,17.07,-0.53037,0.150,0.700,0.000,0.8723,0.5618,TRACKING,L+C
1786982968.514,52.8,0.950,0.924,0.000,0.5191,0.1138,17.74,-0.42243,0.158,0.700,0.000,0.8482,0.5549,TRACKING,L+C
1786982968.530,52.8,0.944,0.919,0.000,0.5189,0.1186,17.40,-0.46619,0.153,0.700,0.000,0.9320,0.6006,TRACKING,L+C
1786982968.544,52.8,0.946,0.920,0.000,0.5217,0.1220,16.56,-0.48048,0.152,0.180,0.000,0.9938,0.6424,TRACKING,L+C
1786982968.567,52.8,0.945,0.924,0.000,0.5213,0.1260,15.96,-0.52284,0.150,0.180,0.000,1.0000,0.9533,TRACKING,L+C
1786982968.587,52.8,0.942,0.924,0.000,0.5214,0.1322,16.48,-0.45284,0.155,0.180,0.000,1.0000,1.0000,TRACKING,L+C
1786982968.604,52.8,0.942,0.926,0.000,0.5229,0.1364,15.48,-0.51960,0.150,0.180,0.000,1.0000,1.0000,TRACKING,L+C
1786982968.619,52.8,0.940,0.928,0.000,0.5215,0.1430,16.42,-0.40880,0.159,0.180,0.000,1.0000,1.0000,TRACKING,L+C
1786982968.644,52.8,0.940,0.929,0.000,0.5222,0.1464,15.23,-0.50774,0.150,0.180,0.000,1.0000,1.0000,TRACKING,L+C
1786982968.660,52.8,0.941,0.929,0.000,0.5218,0.1508,14.76,-0.51826,0.150,0.180,0.000,1.0000,1.0000,TRACKING,L+C
1786982968.685,52.8,0.945,0.931,0.000,0.5205,0.1533,13.42,-0.65368,0.150,0.180,0.000,1.0000,1.0000,TRACKING,L+C
1786982968.704,52.8,0.945,0.932,0.000,0.5182,0.1563,13.81,-0.61580,0.150,0.180,0.000,1.0000,1.0000,TRACKING,L+C
1786982968.726,52.8,0.944,0.931,0.000,0.5177,0.1573,14.01,-0.58244,0.150,0.180,0.000,1.0000,1.0000,TRACKING,L+C
1786982968.746,52.8,0.942,0.933,0.000,0.5169,0.1555,13.85,-0.61120,0.150,0.180,0.000,1.0000,1.0000,TRACKING,L+C
1786982968.767,52.8,0.940,0.933,0.000,0.5135,0.1530,14.39,-0.59830,0.150,0.180,0.000,1.0000,1.0000,TRACKING,L+C
1786982968.794,52.8,0.940,0.935,0.000,0.5135,0.1492,14.26,-0.61915,0.150,0.180,0.000,1.0000,1.0000,TRACKING,L+C
1786982968.810,52.8,0.943,0.935,0.000,0.5165,0.1471,14.06,-0.65836,0.150,0.180,0.000,1.0000,1.0000,TRACKING,L+C
1786982968.826,52.8,0.946,0.934,0.000,0.5147,0.1444,14.23,-0.66389,0.150,0.180,0.000,1.0000,1.0000,TRACKING,L+C
1786982968.838,58.5,0.944,0.934,0.000,0.5163,0.1440,14.56,-0.64124,0.150,0.180,0.000,1.0000,1.0000,TRACKING,L+C
1786982968.866,58.5,0.947,0.931,0.000,0.5183,0.1452,15.54,-0.54122,0.150,0.180,0.000,1.0000,1.0000,TRACKING,L+C
1786982968.882,58.5,0.948,0.931,0.000,0.5197,0.1459,15.46,-0.56369,0.150,0.180,0.000,1.0000,1.0000,TRACKING,L+C
1786982968.897,58.5,0.947,0.933,0.000,0.5198,0.1480,15.31,-0.55181,0.150,0.180,0.000,1.0000,1.0000,TRACKING,L+C
1786982968.914,58.5,0.942,0.934,0.622,0.4261,0.1534,15.58,-0.51314,0.150,0.180,0.000,1.0000,1.0000,TRACKING,L+C+R_fused
1786982968.940,58.5,0.941,0.937,0.000,0.5197,0.1594,15.84,-0.45484,0.155,0.180,0.000,1.0000,1.0000,TRACKING,L+C
1786982968.953,58.5,0.943,0.938,0.000,0.5177,0.1643,15.62,-0.44641,0.155,0.700,0.000,1.0000,1.0000,TRACKING,L+C
1786982968.970,58.5,0.941,0.937,0.000,0.5177,0.1703,15.73,-0.40317,0.160,0.700,0.000,1.0000,0.7131,TRACKING,L+C
1786982968.986,58.5,0.939,0.938,0.000,0.5169,0.1746,14.69,-0.47207,0.153,0.700,0.000,1.0000,0.6693,TRACKING,L+C
1786982969.003,58.5,0.936,0.941,0.000,0.5147,0.1801,14.43,-0.47173,0.153,0.180,0.000,1.0000,0.6634,TRACKING,L+C
1786982969.025,58.5,0.934,0.941,0.000,0.5105,0.1854,14.12,-0.47673,0.152,0.180,0.000,1.0000,0.9705,TRACKING,L+C
1786982969.044,58.5,0.933,0.943,0.000,0.5055,0.1898,13.80,-0.47670,0.152,0.700,0.000,1.0000,1.0000,TRACKING,L+C
1786982969.059,58.5,0.936,0.944,0.000,0.5028,0.1935,12.74,-0.56898,0.150,0.700,0.000,1.0000,0.7157,TRACKING,L+C
1786982969.073,58.5,0.936,0.943,0.000,0.4993,0.1979,13.69,-0.41898,0.158,0.180,0.000,1.0000,0.6729,TRACKING,L+C
1786982969.101,58.5,0.937,0.944,0.000,0.5011,0.1983,11.24,-0.68819,0.150,0.180,0.000,1.0000,0.9753,TRACKING,L+C
1786982969.121,58.5,0.939,0.945,0.000,0.4994,0.1993,12.15,-0.59034,0.150,0.700,0.000,1.0000,1.0000,TRACKING,L+C
1786982969.149,58.5,0.941,0.946,0.000,0.4991,0.1985,12.26,-0.59750,0.150,0.180,0.000,1.0000,0.7165,TRACKING,L+C
1786982969.162,58.5,0.941,0.946,0.000,0.4998,0.1985,12.00,-0.65420,0.150,0.700,0.000,1.0000,0.9814,TRACKING,L+C
1786982969.177,58.5,0.942,0.945,0.000,0.5032,0.1999,12.06,-0.62785,0.150,0.700,0.000,1.0000,0.7111,TRACKING,L+C
1786982969.192,58.5,0.941,0.945,0.000,0.5058,0.2023,11.75,-0.64332,0.150,0.700,0.000,1.0000,0.6726,TRACKING,L+C
1786982969.209,58.5,0.934,0.946,0.000,0.5090,0.2070,11.37,-0.63474,0.150,0.700,0.000,1.0000,0.6676,TRACKING,L+C
1786982969.225,58.5,0.928,0.946,0.000,0.5077,0.2116,9.92,-0.72237,0.150,0.180,0.000,1.0000,0.6677,TRACKING,L+C
1786982969.254,58.5,0.963,0.929,0.945,0.5057,-0.0893,-6.20,-0.69527,0.150,0.180,0.000,-1.0000,-0.2196,TRACKING,L+C+R_fused
1786982969.281,58.5,0.960,0.932,0.948,0.5302,-0.0804,-5.95,-0.67343,0.150,0.180,0.000,-1.0000,-0.8978,TRACKING,L+C+R_fused
1786982969.293,58.5,0.000,0.933,0.947,0.5031,-0.0717,-5.85,-0.68698,0.150,0.180,0.000,-0.9247,-0.9341,TRACKING,R+C
1786982969.306,58.5,0.958,0.933,0.948,0.5631,-0.0643,-5.24,-0.64650,0.150,0.180,0.000,-0.8608,-0.8841,TRACKING,L+C+R_fused
1786982969.329,58.5,0.961,0.935,0.948,0.5543,-0.0628,-6.58,-0.75625,0.150,0.180,0.000,-0.8212,-0.8426,TRACKING,L+C+R_fused
1786982969.359,58.5,0.961,0.937,0.947,0.5449,-0.0598,-5.18,-0.66995,0.150,0.180,0.000,-0.8162,-0.8320,TRACKING,L+C+R_fused
1786982969.376,58.5,0.000,0.935,0.947,0.5041,-0.0584,-4.95,-0.70226,0.150,0.700,0.000,-0.8109,-0.8261,TRACKING,R+C
1786982969.389,58.5,0.000,0.937,0.944,0.5027,-0.0564,-4.35,-0.67793,0.150,0.700,0.000,-0.8024,-0.5732,TRACKING,R+C
1786982969.405,58.5,0.000,0.936,0.947,0.5023,-0.0532,-4.35,-0.71705,0.150,0.700,0.000,-0.7702,-0.5181,TRACKING,R+C
1786982969.418,58.5,0.000,0.938,0.947,0.5015,-0.0495,-3.35,-0.66846,0.150,0.700,0.000,-0.7490,-0.4980,TRACKING,R+C
1786982969.440,58.5,0.967,0.938,0.944,0.5393,-0.0479,-2.92,-0.65694,0.150,0.700,0.000,-0.7414,-0.4908,TRACKING,L+C+R_fused
1786982969.456,58.5,0.965,0.938,0.947,0.5279,-0.0476,-2.00,-0.61755,0.150,0.700,0.000,-0.7604,-0.5005,TRACKING,L+C+R_fused
1786982969.472,58.5,0.969,0.937,0.945,0.5334,-0.0514,-2.56,-0.67081,0.150,0.700,0.000,-0.7950,-0.5215,TRACKING,L+C+R_fused
1786982969.488,58.5,0.971,0.937,0.945,0.4998,-0.0512,-0.89,-0.57905,0.150,0.700,0.000,-0.8290,-0.5437,TRACKING,L+C+R_fused
1786982969.511,58.5,0.000,0.939,0.943,0.5132,-0.0535,-0.43,-0.56086,0.150,0.700,0.000,-0.8647,-0.5672,TRACKING,R+C
1786982969.528,58.5,0.000,0.940,0.943,0.5170,-0.0564,0.27,-0.51818,0.150,0.700,0.000,-0.9082,-0.5952,TRACKING,R+C
1786982969.542,58.5,0.000,0.929,0.942,0.5198,-0.0635,-2.92,-0.88647,0.150,0.700,0.000,-0.9360,-0.6157,TRACKING,R+C
1786982969.565,58.5,0.000,0.937,0.941,0.5244,-0.0657,-1.70,-0.80065,0.150,0.700,0.000,-0.9767,-0.6416,TRACKING,R+C
1786982969.578,58.5,0.000,0.927,0.938,0.5281,-0.0721,-4.22,-1.05877,0.150,0.700,0.000,-1.0000,-0.6590,TRACKING,R+C
1786982969.602,58.5,0.000,0.932,0.939,0.5338,-0.0750,-3.57,-1.00291,0.150,0.700,0.000,-1.0000,-0.6619,TRACKING,R+C
1786982969.616,58.5,0.000,0.931,0.941,0.5368,-0.0761,-2.67,-0.97688,0.150,0.700,0.000,-1.0000,-0.6628,TRACKING,R+C
1786982969.635,58.5,0.000,0.930,0.943,0.5390,-0.0777,-1.73,-0.94089,0.150,0.700,0.000,-1.0000,-0.6633,TRACKING,R+C
1786982969.649,58.5,0.000,0.919,0.936,0.5415,-0.0797,-1.19,-0.92455,0.150,0.700,0.000,-1.0000,-0.6638,TRACKING,R+C
1786982969.665,58.5,0.000,0.918,0.932,0.5402,-0.0829,-1.57,-1.00153,0.150,0.700,0.000,-1.0000,-0.6644,TRACKING,R+C
1786982969.679,58.5,0.000,0.918,0.926,0.5373,-0.0868,-2.46,-1.10576,0.150,0.700,0.000,-1.0000,-0.6649,TRACKING,R+C
1786982969.695,58.5,0.000,0.911,0.923,0.5402,-0.0890,-0.95,-0.98318,0.150,0.700,0.000,-1.0000,-0.6654,TRACKING,R+C
1786982969.710,58.5,0.000,0.917,0.925,0.5493,-0.0935,-1.02,-1.02472,0.150,0.700,0.000,-1.0000,-0.6661,TRACKING,R+C
1786982970.071,39.7,0.000,0.922,0.923,0.5372,-0.0974,0.01,-0.96584,0.150,0.700,0.000,-1.0000,-0.6668,TRACKING,R+C
1786982970.086,39.7,0.000,0.918,0.918,0.5530,-0.1043,-0.86,-1.07108,0.150,0.700,0.000,-1.0000,-0.6678,TRACKING,R+C
1786982970.108,39.7,0.000,0.921,0.919,0.5560,-0.1087,0.02,-0.99084,0.150,0.700,0.000,-1.0000,-0.6684,TRACKING,R+C
1786982970.123,39.7,0.000,0.911,0.917,0.5595,-0.1141,-0.84,-1.13030,0.150,0.700,0.000,-1.0000,-0.6693,TRACKING,R+C
1786982970.140,39.7,0.000,0.918,0.912,0.5574,-0.1216,-2.01,-1.27910,0.150,0.700,0.000,-1.0000,-0.6703,TRACKING,R+C
1786982970.154,39.7,0.000,0.923,0.913,0.5672,-0.1258,-0.46,-1.17165,0.150,0.700,0.000,-1.0000,-0.6711,TRACKING,R+C
1786982970.168,39.7,0.000,0.926,0.914,0.5751,-0.1355,-2.48,-1.32485,0.150,0.700,0.000,-1.0000,-0.6720,TRACKING,R+C
1786982970.184,39.7,0.000,0.929,0.909,0.5816,-0.1391,-1.04,-1.25722,0.150,0.700,0.000,-1.0000,-0.6729,TRACKING,R+C
1786982970.203,39.7,0.000,0.932,0.893,0.5681,-0.1440,-0.74,-1.27543,0.150,0.700,0.000,-1.0000,-0.6738,TRACKING,R+C
1786982970.218,39.7,0.000,0.927,0.897,0.5403,-0.1463,0.76,-1.15055,0.150,0.700,0.000,-1.0000,-0.6742,TRACKING,R+C
1786982970.235,39.7,0.000,0.928,0.908,0.5949,-0.1511,-0.58,-1.32931,0.150,0.700,0.000,-1.0000,-0.6750,TRACKING,R+C
1786982970.249,39.7,0.000,0.937,0.911,0.6003,-0.1511,0.95,-1.16031,0.150,0.700,0.000,-1.0000,-0.6750,TRACKING,R+C
1786982970.264,39.7,0.000,0.937,0.904,0.5930,-0.1521,0.45,-1.21843,0.150,0.700,0.000,-1.0000,-0.6751,TRACKING,R+C
1786982970.278,39.7,0.000,0.938,0.902,0.5919,-0.1538,-0.15,-1.30071,0.150,0.700,0.000,-1.0000,-0.6754,TRACKING,R+C
1786982970.302,39.7,0.000,0.943,0.896,0.5751,-0.1552,0.80,-1.19854,0.150,0.700,0.000,-1.0000,-0.6756,TRACKING,R+C
1786982970.318,39.7,0.000,0.942,0.909,0.5990,-0.1575,2.66,-1.03655,0.150,0.700,0.000,-1.0000,-0.6761,TRACKING,R+C
1786982970.335,39.7,0.000,0.944,0.898,0.5871,-0.1602,2.67,-1.05468,0.150,0.700,0.000,-1.0000,-0.6765,TRACKING,R+C
1786982970.350,39.7,0.000,0.945,0.900,0.5978,-0.1611,2.78,-1.04514,0.150,0.700,0.000,-1.0000,-0.6767,TRACKING,R+C
1786982970.363,39.7,0.000,0.943,0.906,0.6043,-0.1608,1.51,-1.24091,0.150,0.700,0.000,-1.0000,-0.6769,TRACKING,R+C
1786982970.379,39.7,0.000,0.942,0.904,0.6053,-0.1595,1.18,-1.28278,0.150,0.700,0.000,-1.0000,-0.6768,TRACKING,R+C
1786982970.391,39.7,0.000,0.944,0.901,0.6052,-0.1568,1.78,-1.20800,0.150,0.700,0.000,-1.0000,-0.6764,TRACKING,R+C
1786982970.409,39.7,0.000,0.943,0.894,0.5942,-0.1549,1.32,-1.26806,0.150,0.700,0.000,-1.0000,-0.6762,TRACKING,R+C
1786982970.424,39.7,0.000,0.944,0.904,0.6037,-0.1523,1.99,-1.21065,0.150,0.700,0.000,-1.0000,-0.6759,TRACKING,R+C
1786982970.441,39.7,0.000,0.943,0.898,0.5386,-0.1517,2.33,-1.16568,0.150,0.700,0.000,-1.0000,-0.6758,TRACKING,R+C
1786982970.458,39.7,0.000,0.943,0.903,0.6076,-0.1543,1.45,-1.32998,0.150,0.700,0.000,-1.0000,-0.6765,TRACKING,R+C
1786982970.475,39.7,0.000,0.946,0.906,0.6098,-0.1566,1.82,-1.31943,0.150,0.700,0.000,-1.0000,-0.6769,TRACKING,R+C
1786982970.488,39.7,0.000,0.945,0.899,0.6120,-0.1603,2.04,-1.31908,0.150,0.700,0.000,-1.0000,-0.6775,TRACKING,R+C
1786982970.504,39.7,0.000,0.946,0.900,0.6181,-0.1633,0.49,-1.53380,0.150,0.180,0.000,-1.0000,-0.6780,TRACKING,R+C
1786982970.522,39.7,0.000,0.945,0.899,0.6187,-0.1599,2.38,-1.38668,0.150,0.700,0.000,-1.0000,-0.9961,TRACKING,R+C
1786982970.537,39.7,0.000,0.945,0.900,0.6187,-0.1572,2.78,-1.36052,0.150,0.700,0.000,-1.0000,-0.7223,TRACKING,R+C
1786982970.553,39.7,0.000,0.943,0.892,0.6207,-0.1576,1.07,-1.62806,0.150,0.700,0.000,-1.0000,-0.6846,TRACKING,R+C
1786982970.569,39.7,0.000,0.944,0.892,0.6249,-0.1563,2.50,-1.44847,0.150,0.700,0.000,-1.0000,-0.6788,TRACKING,R+C
1786982970.585,39.7,0.000,0.946,0.893,0.6242,-0.1558,3.04,-1.42863,0.150,0.700,0.000,-1.0000,-0.6780,TRACKING,R+C
1786982970.601,39.7,0.000,0.946,0.889,0.6212,-0.1569,2.92,-1.44900,0.150,0.700,0.000,-1.0000,-0.6780,TRACKING,R+C
1786982970.616,39.7,0.000,0.947,0.882,0.6264,-0.1555,3.55,-1.37760,0.150,0.700,0.000,-1.0000,-0.6779,TRACKING,R+C
1786982970.631,39.7,0.000,0.945,0.880,0.6260,-0.1524,5.06,-1.20695,0.150,0.700,0.000,-1.0000,-0.6776,TRACKING,R+C
1786982970.647,39.7,0.000,0.944,0.895,0.6288,-0.1494,6.22,-1.06361,0.150,0.700,0.000,-1.0000,-0.6772,TRACKING,R+C
1786982970.660,39.7,0.000,0.942,0.863,0.7180,-0.1453,8.26,-0.83296,0.150,0.700,0.000,-1.0000,-0.6767,TRACKING,R+C
1786982970.679,39.7,0.000,0.943,0.875,0.6310,-0.1425,9.11,-0.71487,0.150,0.700,0.000,-1.0000,-0.6762,TRACKING,R+C
1786982970.693,39.7,0.000,0.938,0.830,0.6779,-0.1392,10.35,-0.55955,0.150,0.700,0.000,-1.0000,-0.6757,TRACKING,R+C
1786982970.710,39.7,0.000,0.942,0.854,0.6323,-0.1355,11.14,-0.46807,0.153,0.700,0.000,-1.0000,-0.6753,TRACKING,R+C
1786982970.734,39.7,0.000,0.940,0.838,0.6341,-0.1338,11.53,-0.37651,0.162,0.700,0.000,-1.0000,-0.6748,TRACKING,R+C
1786982970.752,39.7,0.000,0.939,0.836,0.6337,-0.1311,12.18,-0.28577,0.171,0.700,0.000,-1.0000,-0.6744,TRACKING,R+C
1786982970.768,39.7,0.000,0.941,0.822,0.6381,-0.1297,12.69,-0.19030,0.181,0.180,0.000,-1.0000,-0.6740,TRACKING,R+C
1786982970.783,39.7,0.000,0.942,0.814,0.6204,-0.1297,13.19,-0.10491,0.190,0.180,0.000,-1.0000,-0.9890,TRACKING,R+C
1786982970.801,39.7,0.000,0.942,0.813,0.6565,-0.1321,13.12,-0.05472,0.195,0.180,0.000,-1.0000,-1.0000,TRACKING,R+C
1786982970.819,39.7,0.000,0.942,0.826,0.6445,-0.1347,13.97,0.05725,0.194,0.180,0.000,-1.0000,-1.0000,TRACKING,R+C
1786982970.845,39.7,0.000,0.941,0.818,0.6407,-0.1418,12.64,-0.00659,0.199,0.180,0.000,-1.0000,-1.0000,TRACKING,R+C
1786982970.860,39.7,0.000,0.943,0.811,0.7149,-0.1466,12.67,0.04860,0.195,0.180,0.000,-1.0000,-1.0000,TRACKING,R+C
1786982970.877,39.7,0.000,0.945,0.814,0.5828,-0.1500,12.29,0.06682,0.193,0.180,0.000,-1.0000,-1.0000,TRACKING,R+C
1786982970.901,39.7,0.000,0.945,0.810,0.7046,-0.1512,11.54,0.08114,0.192,0.180,0.000,-1.0000,-1.0000,TRACKING,R+C
1786982970.919,39.7,0.000,0.943,0.821,0.6397,-0.1505,10.58,0.06498,0.194,0.180,0.000,-1.0000,-1.0000,TRACKING,R+C
1786982970.935,39.7,0.000,0.940,0.822,0.6229,-0.1479,10.12,0.08251,0.192,0.180,0.000,-1.0000,-1.0000,TRACKING,R+C
1786982970.951,39.7,0.000,0.941,0.822,0.6909,-0.1460,9.29,0.08215,0.192,0.180,0.000,-1.0000,-1.0000,TRACKING,R+C
1786982970.977,39.7,0.000,0.940,0.822,0.6970,-0.1437,8.49,0.08119,0.192,0.180,0.000,-1.0000,-1.0000,TRACKING,R+C
1786982970.995,39.7,0.000,0.938,0.820,0.6680,-0.1409,7.86,0.09045,0.191,0.180,0.000,-1.0000,-1.0000,TRACKING,R+C
1786982971.012,39.7,0.000,0.936,0.820,0.6657,-0.1385,6.87,0.06346,0.194,0.180,0.000,-1.0000,-1.0000,TRACKING,R+C
1786982971.028,39.7,0.000,0.937,0.824,0.6670,-0.1354,6.46,0.08482,0.192,0.180,0.000,-1.0000,-1.0000,TRACKING,R+C
1786982971.044,39.7,0.000,0.935,0.824,0.6552,-0.1317,5.95,0.09181,0.191,0.180,0.000,-1.0000,-1.0000,TRACKING,R+C
1786982971.059,39.7,0.000,0.933,0.842,0.6970,-0.1282,5.43,0.09393,0.191,0.180,0.000,-1.0000,-1.0000,TRACKING,R+C
1786982971.079,59.5,0.000,0.924,0.829,0.6524,-0.1240,4.07,0.01833,0.198,0.180,0.000,-1.0000,-1.0000,TRACKING,R+C
1786982971.094,59.5,0.000,0.922,0.822,0.6389,-0.1216,3.26,0.02470,0.198,0.180,0.000,-1.0000,-1.0000,TRACKING,R+C
1786982971.111,59.5,0.956,0.916,0.826,0.6026,-0.1120,4.19,0.10670,0.189,0.180,0.000,-1.0000,-1.0000,TRACKING,L+C+R_fused
1786982971.134,59.5,0.952,0.910,0.825,0.5630,-0.1048,3.93,0.09248,0.191,0.180,0.000,-0.9958,-1.0000,TRACKING,L+C+R_fused
1786982971.155,59.5,0.946,0.911,0.827,0.5906,-0.1051,0.27,-0.11632,0.188,0.180,0.000,-0.9659,-0.9946,TRACKING,L+C+R_fused
1786982971.181,59.5,0.927,0.908,0.819,0.5330,-0.0959,1.90,0.02077,0.198,0.180,0.000,-0.8674,-0.9053,TRACKING,L+C+R_fused
1786982971.208,59.5,0.909,0.909,0.818,0.5486,-0.0960,-1.22,-0.19582,0.180,0.180,0.000,-0.9422,-0.9548,TRACKING,L+C+R_fused
1786982971.239,59.5,0.900,0.912,0.835,0.5344,-0.0936,-0.94,-0.13501,0.186,0.180,0.000,-0.8843,-0.9124,TRACKING,L+C+R_fused
1786982971.269,59.5,0.884,0.906,0.805,0.5478,-0.0941,-1.43,-0.16561,0.183,0.180,0.000,-0.9007,-0.9199,TRACKING,L+C+R_fused
1786982971.291,59.5,0.879,0.902,0.830,0.5198,-0.0944,-1.58,-0.17652,0.182,0.180,0.000,-0.9086,-0.9278,TRACKING,L+C+R_fused
1786982971.316,59.5,0.860,0.900,0.819,0.5056,-0.0985,-3.95,-0.37538,0.162,0.180,0.000,-1.0000,-1.0000,TRACKING,L+C+R_fused
1786982971.349,59.5,0.858,0.895,0.844,0.4509,-0.0970,-4.54,-0.42541,0.157,0.180,0.000,-1.0000,-1.0000,TRACKING,L+C+R_fused
1786982971.379,59.5,0.862,0.889,0.826,0.4883,-0.0955,-6.19,-0.51902,0.150,0.180,0.000,-1.0000,-1.0000,TRACKING,L+C+R_fused
1786982971.405,59.5,0.875,0.881,0.852,0.4793,-0.0862,-5.44,-0.50446,0.150,0.180,0.000,-1.0000,-1.0000,TRACKING,L+C+R_fused
1786982971.432,59.5,0.891,0.881,0.823,0.5230,-0.0820,-8.82,-0.72532,0.150,0.180,0.000,-0.9559,-0.9786,TRACKING,L+C+R_fused
1786982971.454,59.5,0.879,0.881,0.830,0.5138,-0.0691,-7.10,-0.60117,0.150,0.180,0.000,-0.8573,-0.8868,TRACKING,L+C+R_fused
1786982971.470,59.5,0.887,0.878,0.843,0.4978,-0.0588,-7.77,-0.65961,0.150,0.180,0.000,-0.7269,-0.7602,TRACKING,L+C+R_fused
1786982971.492,59.5,0.908,0.875,0.870,0.4996,-0.0546,-12.65,-1.06923,0.150,0.180,0.000,-0.5654,-0.6027,TRACKING,L+C+R_fused
1786982971.514,59.5,0.918,0.879,0.878,0.4983,-0.0450,-11.54,-0.98687,0.150,0.180,0.000,-0.4500,-0.4794,TRACKING,L+C+R_fused
1786982971.541,59.5,0.924,0.881,0.869,0.5008,-0.0348,-10.39,-0.93387,0.150,0.180,0.000,-0.3232,-0.3517,TRACKING,L+C+R_fused
1786982971.570,59.5,0.915,0.882,0.868,0.5003,-0.0357,-14.72,-1.24976,0.150,0.180,0.000,-0.2151,-0.2403,TRACKING,L+C+R_fused
1786982971.587,59.5,0.910,0.884,0.883,0.5012,-0.0313,-13.30,-1.19928,0.150,0.180,0.000,-0.1900,-0.2021,TRACKING,L+C+R_fused
1786982971.603,59.5,0.887,0.885,0.856,0.5000,-0.0275,-12.94,-1.26787,0.150,0.180,0.000,-0.1519,-0.1641,TRACKING,L+C+R_fused
1786982971.623,59.5,0.903,0.885,0.876,0.4907,-0.0267,-12.85,-1.28130,0.150,0.180,0.000,-0.1458,-0.1532,TRACKING,L+C+R_fused
1786982971.653,59.5,0.903,0.887,0.884,0.4924,-0.0244,-12.06,-1.31339,0.150,0.180,0.000,-0.1452,-0.1515,TRACKING,L+C+R_fused
1786982971.681,59.5,0.892,0.889,0.881,0.4935,-0.0259,-13.10,-1.41646,0.150,0.180,0.000,-0.1460,-0.1523,TRACKING,L+C+R_fused
1786982971.713,59.5,0.887,0.889,0.867,0.4948,-0.0248,-13.28,-1.56086,0.150,0.180,0.000,-0.1471,-0.1542,TRACKING,L+C+R_fused
1786982971.742,59.5,0.925,0.890,0.883,0.4824,-0.0268,-13.24,-1.59352,0.150,0.180,0.000,-0.1919,-0.1932,TRACKING,L+C+R_fused
1786982971.763,59.5,0.916,0.886,0.883,0.4752,-0.0263,-14.02,-1.75221,0.150,0.180,0.000,-0.1798,-0.1894,TRACKING,L+C+R_fused
1786982971.779,59.5,0.931,0.889,0.877,0.4325,-0.0234,-11.61,-1.70464,0.150,0.180,0.000,-0.2221,-0.2255,TRACKING,L+C+R_fused
1786982971.803,59.5,0.958,0.885,0.824,0.4265,-0.0188,-9.68,-1.72120,0.150,0.180,0.000,-0.2253,-0.2342,TRACKING,L+C+R_fused
1786982971.832,59.5,0.000,0.890,0.872,0.4934,-0.0184,-8.12,-1.66460,0.150,0.180,0.000,-0.2729,-0.2765,TRACKING,R+C
1786982971.861,59.5,0.000,0.887,0.849,0.4980,-0.0213,-8.18,-1.74602,0.150,0.180,0.000,-0.3340,-0.3360,TRACKING,R+C
1786982971.878,59.5,0.000,0.886,0.870,0.5031,-0.0206,-7.29,-1.75583,0.150,0.180,0.000,-0.3608,-0.3682,TRACKING,R+C
1786982971.894,59.5,0.000,0.881,0.873,0.5120,-0.0185,-4.64,-1.65791,0.150,0.180,0.000,-0.4141,-0.4192,TRACKING,R+C
1786982971.910,59.5,0.000,0.884,0.871,0.5177,-0.0198,-3.91,-1.64339,0.150,0.180,0.000,-0.4593,-0.4658,TRACKING,R+C
1786982971.927,59.5,0.000,0.881,0.857,0.5188,-0.0241,-4.63,-1.75473,0.150,0.180,0.000,-0.5165,-0.5226,TRACKING,R+C
1786982971.943,59.5,0.000,0.879,0.874,0.5297,-0.0235,-2.91,-1.70136,0.150,0.180,0.000,-0.5613,-0.5699,TRACKING,R+C
1786982971.961,59.5,0.000,0.877,0.861,0.5481,-0.0237,-0.42,-1.64058,0.150,0.180,0.000,-0.6427,-0.6478,TRACKING,R+C
1786982971.980,59.5,0.000,0.879,0.876,0.5442,-0.0304,-1.80,-1.79271,0.150,0.180,0.000,-0.7051,-0.7138,TRACKING,R+C
1786982972.003,59.5,0.000,0.880,0.898,0.5576,-0.0295,2.07,-1.57544,0.150,0.180,0.000,-0.7852,-0.7931,TRACKING,R+C
1786982972.018,59.5,0.000,0.876,0.904,0.5686,-0.0367,1.89,-1.60948,0.150,0.180,0.000,-0.8636,-0.8730,TRACKING,R+C
1786982972.032,59.5,0.000,0.880,0.904,0.5706,-0.0426,0.36,-1.79769,0.150,0.180,0.000,-0.9051,-0.9216,TRACKING,R+C
1786982972.051,59.5,0.000,0.881,0.908,0.5783,-0.0406,3.02,-1.63875,0.150,0.180,0.000,-0.9357,-0.9554,TRACKING,R+C
1786982972.079,59.5,0.000,0.881,0.907,0.5829,-0.0391,5.04,-1.49815,0.150,0.180,0.000,-0.9563,-0.9782,TRACKING,R+C
1786982972.095,44.3,0.000,0.880,0.911,0.5858,-0.0387,5.55,-1.47700,0.150,0.180,0.000,-0.9629,-0.9874,TRACKING,R+C
1786982972.110,44.3,0.000,0.876,0.907,0.5788,-0.0367,4.08,-1.54891,0.150,0.180,0.000,-0.9151,-0.9469,TRACKING,R+C
1786982972.125,44.3,0.000,0.877,0.914,0.5836,-0.0275,8.56,-1.19605,0.150,0.180,0.000,-0.9032,-0.9304,TRACKING,R+C
1786982972.159,44.3,0.000,0.877,0.912,0.5797,-0.0258,7.69,-1.23988,0.150,0.180,0.000,-0.8672,-0.8964,TRACKING,R+C
1786982972.177,44.3,0.000,0.880,0.913,0.5800,-0.0241,7.34,-1.35006,0.150,0.180,0.000,-0.8521,-0.8789,TRACKING,R+C
1786982972.198,44.3,0.000,0.879,0.907,0.5859,-0.0272,6.73,-1.38509,0.150,0.180,0.000,-0.8711,-0.8928,TRACKING,R+C
1786982972.221,44.3,0.000,0.880,0.909,0.5767,-0.0246,6.36,-1.44867,0.150,0.180,0.000,-0.8402,-0.8681,TRACKING,R+C
1786982972.235,44.3,0.000,0.877,0.910,0.5810,-0.0201,8.04,-1.33412,0.150,0.180,0.000,-0.8265,-0.8526,TRACKING,R+C
1786982972.250,44.3,0.000,0.876,0.911,0.5780,-0.0128,10.39,-1.10153,0.150,0.180,0.000,-0.7874,-0.8158,TRACKING,R+C
1786982972.266,44.3,0.000,0.882,0.912,0.5733,-0.0130,7.84,-1.31009,0.150,0.180,0.000,-0.7344,-0.7647,TRACKING,R+C
1786982972.281,44.3,0.000,0.879,0.913,0.5743,-0.0131,7.49,-1.33364,0.150,0.180,0.000,-0.7265,-0.7503,TRACKING,R+C
1786982972.295,44.3,0.000,0.880,0.907,0.5710,-0.0106,8.17,-1.28287,0.150,0.180,0.000,-0.7116,-0.7352,TRACKING,R+C
1786982972.311,44.3,0.000,0.880,0.907,0.5739,-0.0085,10.01,-1.12843,0.150,0.180,0.000,-0.7265,-0.7458,TRACKING,R+C
1786982972.326,44.3,0.000,0.880,0.916,0.5745,-0.0113,9.55,-1.10235,0.150,0.180,0.000,-0.7414,-0.7599,TRACKING,R+C
1786982972.350,44.3,0.000,0.877,0.898,0.5302,-0.0035,12.67,-0.86231,0.150,0.180,0.000,-0.7184,-0.7418,TRACKING,R+C
1786982972.366,44.3,0.000,0.878,0.899,0.5353,-0.0012,12.28,-0.84809,0.150,0.180,0.000,-0.6734,-0.7000,TRACKING,R+C
1786982972.382,44.3,0.000,0.877,0.901,0.5104,0.0034,11.75,-0.92718,0.150,0.180,0.000,-0.6028,-0.6330,TRACKING,R+C
1786982972.397,44.3,0.000,0.876,0.904,0.5121,0.0035,9.89,-1.10702,0.150,0.180,0.000,-0.5566,-0.5834,TRACKING,R+C
1786982972.412,44.3,0.000,0.881,0.909,0.5606,0.0066,9.96,-1.06485,0.150,0.180,0.000,-0.5082,-0.5340,TRACKING,R+C
1786982972.427,44.3,0.000,0.879,0.910,0.5542,0.0054,8.88,-1.09029,0.150,0.180,0.000,-0.4856,-0.5068,TRACKING,R+C
1786982972.442,44.3,0.000,0.878,0.909,0.5448,0.0111,10.22,-1.08808,0.150,0.180,0.000,-0.4533,-0.4755,TRACKING,R+C
1786982972.458,44.3,0.000,0.876,0.914,0.5534,0.0098,12.27,-0.83811,0.150,0.180,0.000,-0.5164,-0.5246,TRACKING,R+C
1786982972.476,44.3,0.000,0.876,0.914,0.5534,0.0078,9.81,-0.67049,0.150,0.700,0.000,-0.5164,-0.5320,TRACKING,prediction
1786982972.500,44.3,0.000,0.881,0.911,0.5583,-0.0050,10.45,-1.06147,0.150,0.700,0.000,-0.6877,-0.4688,TRACKING,R+C
1786982972.531,44.3,0.000,0.881,0.911,0.5583,-0.0040,8.36,-0.84918,0.150,0.700,0.000,-0.6877,-0.4601,TRACKING,prediction
1786982972.545,44.3,0.000,0.883,0.902,0.5567,-0.0157,10.85,-1.01397,0.150,0.700,0.000,-0.8229,-0.5348,TRACKING,R+C
1786982972.577,44.3,0.000,0.879,0.914,0.5758,-0.0178,10.49,-1.04453,0.150,0.700,0.000,-0.8390,-0.5549,TRACKING,R+C
1786982972.605,44.3,0.000,0.879,0.914,0.5758,-0.0142,8.39,-0.83562,0.150,0.700,0.000,-0.8390,-0.5579,TRACKING,prediction
1786982972.632,44.3,0.000,0.879,0.914,0.5758,-0.0114,6.71,-0.66850,0.150,0.700,0.000,-0.8390,-0.5584,TRACKING,prediction
1786982972.656,44.3,0.000,0.870,0.900,0.5095,-0.0383,3.69,-1.46714,0.150,0.700,0.000,-0.9121,-0.5996,TRACKING,R+C
1786982972.669,44.3,0.000,0.887,0.898,0.5429,-0.0396,6.15,-1.32171,0.150,0.700,0.000,-0.9706,-0.6388,TRACKING,R+C
1786982972.685,44.3,0.000,0.888,0.902,0.5381,-0.0433,9.26,-1.04168,0.150,0.700,0.000,-1.0000,-0.6617,TRACKING,R+C
1786982972.713,44.3,0.000,0.891,0.898,0.5335,-0.0487,8.37,-1.08288,0.150,0.700,0.000,-1.0000,-0.6653,TRACKING,R+C
1786982972.732,44.3,0.000,0.891,0.898,0.5335,-0.0390,6.70,-0.86630,0.150,0.700,0.000,-1.0000,-0.6658,TRACKING,prediction
1786982972.745,44.3,0.000,0.897,0.898,0.5321,-0.0414,13.25,-0.68372,0.150,0.700,0.000,-1.0000,-0.6658,TRACKING,R+C
1786982972.770,44.3,0.000,0.904,0.894,0.5463,-0.0407,12.11,-0.72456,0.150,0.180,0.000,-1.0000,-0.6653,TRACKING,R+C
1786982972.784,44.3,0.000,0.902,0.897,0.5455,-0.0410,9.50,-0.89646,0.150,0.180,0.000,-1.0000,-0.9731,TRACKING,R+C
1786982972.810,44.3,0.000,0.904,0.892,0.5234,-0.0348,9.99,-0.86319,0.150,0.700,0.000,-0.9744,-0.9948,TRACKING,R+C
1786982972.831,44.3,0.000,0.911,0.896,0.5166,-0.0351,9.56,-0.84187,0.150,0.700,0.000,-0.9652,-0.6925,TRACKING,R+C
1786982972.846,44.3,0.000,0.913,0.901,0.5630,-0.0323,10.53,-0.73704,0.150,0.180,0.000,-0.9529,-0.6417,TRACKING,R+C
1786982972.862,44.3,0.000,0.913,0.910,0.5702,-0.0346,10.26,-0.73720,0.150,0.180,0.000,-0.9670,-0.9397,TRACKING,R+C
1786982972.878,44.3,0.000,0.910,0.908,0.5763,-0.0428,9.21,-0.79380,0.150,0.180,0.000,-1.0000,-1.0000,TRACKING,R+C
1786982972.894,44.3,0.000,0.916,0.896,0.5499,-0.0457,11.51,-0.61485,0.150,0.180,0.000,-1.0000,-1.0000,TRACKING,R+C
1786982972.909,44.3,0.000,0.918,0.905,0.5850,-0.0556,11.03,-0.61836,0.150,0.180,0.000,-1.0000,-1.0000,TRACKING,R+C
1786982972.927,44.3,0.000,0.921,0.900,0.5575,-0.0632,10.11,-0.69284,0.150,0.180,0.000,-1.0000,-1.0000,TRACKING,R+C
1786982972.940,44.3,0.000,0.924,0.906,0.5873,-0.0668,10.99,-0.60974,0.150,0.180,0.000,-1.0000,-1.0000,TRACKING,R+C
1786982972.955,44.3,0.000,0.930,0.903,0.5718,-0.0707,10.51,-0.60201,0.150,0.180,0.000,-1.0000,-1.0000,TRACKING,R+C
1786982972.973,44.3,0.000,0.931,0.905,0.5825,-0.0694,10.35,-0.57956,0.150,0.180,0.000,-1.0000,-1.0000,TRACKING,R+C
1786982973.002,44.3,0.000,0.932,0.903,0.5785,-0.0679,9.52,-0.61961,0.150,0.180,0.000,-1.0000,-1.0000,TRACKING,R+C
1786982973.018,44.3,0.000,0.929,0.905,0.5684,-0.0640,8.93,-0.64382,0.150,0.180,0.000,-1.0000,-1.0000,TRACKING,R+C
1786982973.032,44.3,0.000,0.931,0.904,0.5374,-0.0593,8.97,-0.60825,0.150,0.180,0.000,-1.0000,-1.0000,TRACKING,R+C
1786982973.049,44.3,0.000,0.930,0.900,0.5564,-0.0543,8.78,-0.59819,0.150,0.180,0.000,-1.0000,-1.0000,TRACKING,R+C
1786982973.063,44.3,0.000,0.929,0.908,0.5368,-0.0488,8.59,-0.58831,0.150,0.180,0.000,-1.0000,-1.0000,TRACKING,R+C
1786982973.076,44.3,0.000,0.925,0.912,0.5510,-0.0460,6.96,-0.70637,0.150,0.180,0.000,-0.9886,-1.0000,TRACKING,R+C
1786982973.095,44.3,0.000,0.927,0.911,0.5451,-0.0382,8.10,-0.61594,0.150,0.180,0.000,-0.9357,-0.9650,TRACKING,R+C
1786982973.111,54.1,0.000,0.925,0.909,0.5385,-0.0350,7.15,-0.65664,0.150,0.180,0.000,-0.8837,-0.9126,TRACKING,R+C
1786982973.127,54.1,0.000,0.931,0.910,0.5355,-0.0305,7.39,-0.61185,0.150,0.180,0.000,-0.8377,-0.8647,TRACKING,R+C
1786982973.142,54.1,0.000,0.922,0.918,0.5266,-0.0281,5.42,-0.77012,0.150,0.180,0.000,-0.7713,-0.8002,TRACKING,R+C
1786982973.159,54.1,0.000,0.923,0.919,0.5190,-0.0201,6.33,-0.67749,0.150,0.180,0.000,-0.6895,-0.7195,TRACKING,R+C
1786982973.177,54.1,0.971,0.918,0.921,0.4823,-0.0142,6.58,-0.62202,0.150,0.180,0.000,-0.6117,-0.6400,TRACKING,L+C+R_fused
1786982973.205,54.1,0.967,0.916,0.920,0.4929,-0.0122,4.44,-0.77045,0.150,0.180,0.000,-0.5253,-0.5536,TRACKING,L+C+R_fused
1786982973.227,54.1,0.967,0.920,0.920,0.5088,-0.0018,6.88,-0.60663,0.150,0.180,0.000,-0.4366,-0.4641,TRACKING,L+C+R_fused
1786982973.245,54.1,0.967,0.923,0.920,0.5100,-0.0008,5.40,-0.69872,0.150,0.180,0.000,-0.3744,-0.3972,TRACKING,L+C+R_fused
1786982973.274,54.1,0.965,0.926,0.921,0.5166,0.0012,6.00,-0.64887,0.150,0.180,0.000,-0.3595,-0.3743,TRACKING,L+C+R_fused
1786982973.296,54.1,0.967,0.922,0.917,0.5066,-0.0018,5.14,-0.72179,0.150,0.180,0.000,-0.3847,-0.3928,TRACKING,L+C+R_fused
1786982973.326,54.1,0.968,0.920,0.916,0.5177,-0.0039,5.72,-0.70479,0.150,0.180,0.000,-0.4395,-0.4430,TRACKING,L+C+R_fused
1786982973.356,54.1,0.968,0.920,0.916,0.5035,-0.0086,6.07,-0.67166,0.150,0.180,0.000,-0.5185,-0.5185,TRACKING,L+C+R_fused
1786982973.386,54.1,0.971,0.916,0.917,0.5022,-0.0161,4.60,-0.76576,0.150,0.180,0.000,-0.5879,-0.5897,TRACKING,L+C+R_fused
1786982973.403,54.1,0.000,0.919,0.915,0.5273,-0.0203,5.35,-0.70454,0.150,0.180,0.000,-0.6628,-0.6651,TRACKING,R+C
1786982973.421,54.1,0.000,0.923,0.915,0.5323,-0.0207,6.42,-0.65239,0.150,0.180,0.000,-0.6959,-0.7050,TRACKING,R+C
1786982973.437,54.1,0.000,0.919,0.910,0.5287,-0.0221,4.82,-0.76700,0.150,0.180,0.000,-0.6762,-0.6939,TRACKING,R+C
1786982973.451,54.1,0.000,0.918,0.911,0.5127,-0.0166,5.52,-0.71909,0.150,0.180,0.000,-0.6205,-0.6439,TRACKING,R+C
1786982973.479,54.1,0.963,0.915,0.915,0.5169,-0.0100,5.47,-0.70441,0.150,0.180,0.000,-0.5224,-0.5517,TRACKING,L+C+R_fused
1786982973.499,54.1,0.965,0.913,0.913,0.5180,-0.0020,6.57,-0.62765,0.150,0.180,0.000,-0.4308,-0.4589,TRACKING,L+C+R_fused
1786982973.529,54.1,0.960,0.914,0.917,0.5161,0.0056,6.36,-0.63728,0.150,0.180,0.000,-0.2996,-0.3318,TRACKING,L+C+R_fused
1786982973.547,54.1,0.960,0.913,0.919,0.5078,0.0118,5.60,-0.68790,0.150,0.180,0.000,-0.1682,-0.1997,TRACKING,L+C+R_fused
